202601020945,93200.0,93800.0,93100.0,93500.0,29780
202601021000,93500.0,93500.0,93000.0,93200.0,38875
202601021015,93200.0,93200.0,92300.0,92700.0,42359
202601021030,92700.0,92700.0,92100.0,92100.0,30688
202601021045,92200.0,92500.0,92100.0,92100.0,22352
202601021100,92100.0,92800.0,92100.0,92500.0,16604
202601021115,92500.0,92800.0,92500.0,92600.0,10977
202601021130,92500.0,92700.0,92500.0,92600.0,7652
202601021145,92700.0,93000.0,92500.0,92900.0,18801
202601021200,92900.0,93000.0,92700.0,92700.0,9551
202601021215,92700.0,92900.0,92700.0,92700.0,9844
202601021230,92700.0,92900.0,92700.0,92800.0,10704
202601021245,92800.0,92900.0,92700.0,92800.0,9657
202601021300,92900.0,93100.0,92900.0,93000.0,14681
202601021315,93000.0,93200.0,92800.0,93000.0,15480
202601021330,93000.0,93200.0,92900.0,93100.0,10228
202601021345,93000.0,93200.0,93000.0,93100.0,14648
202601021400,93100.0,93300.0,93000.0,93100.0,18055
202601021415,93100.0,93200.0,93000.0,93100.0,12798
202601021430,93000.0,93500.0,93000.0,93400.0,23398
202601021445,93500.0,93600.0,93400.0,93500.0,20669
202601021500,93500.0,93800.0,93500.0,93600.0,24680
202601021515,93700.0,93800.0,93400.0,93400.0,56389
202601050900,93300.0,95600.0,93200.0,94600.0,88840
202601050915,94600.0,94700.0,93500.0,93600.0,22092
202601050930,93700.0,94000.0,93500.0,93600.0,18833
202601050945,93600.0,94000.0,93500.0,94000.0,12157
202601051000,94000.0,94000.0,93700.0,93900.0,10420
202601051015,94000.0,94100.0,93500.0,93800.0,13388
202601051030,93900.0,94000.0,93600.0,93700.0,14788
202601051045,93700.0,93900.0,93400.0,93800.0,13662
202601051100,93900.0,93900.0,93500.0,93800.0,12198
202601051115,93800.0,93900.0,93500.0,93700.0,11664
202601051130,93700.0,93900.0,93500.0,93800.0,11985
202601051145,93800.0,94000.0,93700.0,93800.0,12089
202601051200,93800.0,94000.0,93700.0,93800.0,11841
202601051215,93800.0,94000.0,93700.0,93900.0,11866
202601051230,93900.0,94000.0,93800.0,93900.0,11630
202601051245,93900.0,94000.0,93800.0,93900.0,11843
202601051300,93900.0,94300.0,93900.0,94200.0,20263
202601051315,94200.0,94300.0,93900.0,94100.0,17252
202601051330,94100.0,94400.0,94000.0,94300.0,15717
202601051345,94300.0,94600.0,94300.0,94500.0,18383
202601051400,94600.0,94800.0,94500.0,94750.0,24536
202601051415,94750.0,94900.0,94600.0,94600.0,25020
202601051430,94600.0,94700.0,94200.0,94300.0,28032
202601051445,94300.0,94400.0,94000.0,94100.0,23115
202601051500,94100.0,94200.0,93900.0,94000.0,17779
202601051515,94000.0,94400.0,94000.0,94100.0,99866
202601060900,93900.0,94600.0,93700.0,94100.0,21884
202601060915,94100.0,94900.0,94100.0,94600.0,31238
202601060930,94600.0,95000.0,94300.0,95000.0,19492
202601060945,95000.0,95000.0,94500.0,94500.0,15285
202601061000,94600.0,94800.0,94300.0,94400.0,15423
202601061015,94400.0,94800.0,94400.0,94700.0,22593
202601061030,94600.0,94800.0,94400.0,94600.0,20969
202601061045,94600.0,94900.0,94600.0,94700.0,13065
202601061100,94700.0,94800.0,94500.0,94500.0,18809
202601061115,94500.0,94700.0,94300.0,94500.0,20332
202601061130,94500.0,94700.0,94400.0,94500.0,17936
202601061145,94600.0,94900.0,94500.0,94700.0,26646
202601061200,94800.0,94900.0,94700.0,94900.0,14398
202601061215,94800.0,94900.0,94600.0,94700.0,21877
202601061230,94700.0,94900.0,94700.0,94700.0,17553
202601061245,94700.0,94900.0,94600.0,94800.0,20163
202601061300,94900.0,95300.0,94800.0,95300.0,51107
202601061315,95300.0,95300.0,95000.0,95300.0,30483
202601061330,95200.0,95300.0,95000.0,95000.0,25666
202601061345,95000.0,95300.0,95000.0,95000.0,29743
202601061400,95100.0,95200.0,94800.0,94800.0,27979
202601061415,94800.0,95200.0,94800.0,95000.0,36008
202601061430,95050.0,95100.0,94400.0,94400.0,27192
202601061445,94400.0,94700.0,94300.0,94500.0,39200
202601061500,94500.0,94600.0,94200.0,94300.0,37056
202601061515,94300.0,94900.0,94200.0,94900.0,121757
202601070900,93400.0,95000.0,93200.0,94600.0,52649
202601070915,94700.0,94800.0,93900.0,94000.0,41510
202601070930,94000.0,94300.0,93600.0,94100.0,26025
202601070945,94050.0,94300.0,93800.0,93900.0,19323
202601071000,93900.0,94100.0,93600.0,93800.0,21661
202601071015,93800.0,94100.0,93400.0,93800.0,36174
202601071030,93700.0,94100.0,93600.0,93600.0,18676
202601071045,93600.0,93900.0,93600.0,93600.0,15866
202601071100,93700.0,94000.0,93500.0,93800.0,15784
202601071115,93900.0,94000.0,93800.0,93900.0,12307
202601071130,93900.0,94100.0,93800.0,93900.0,11718
202601071145,93800.0,94200.0,93800.0,94200.0,16016
202601071200,94100.0,94200.0,93900.0,94100.0,13331
202601071215,94100.0,94100.0,93300.0,93400.0,47705
202601071230,93500.0,94100.0,93300.0,93600.0,25138
202601071245,93600.0,93700.0,93400.0,93500.0,19798
202601071300,93400.0,93800.0,93000.0,93200.0,43019
202601071315,93200.0,93400.0,92700.0,93000.0,36136
202601071330,93000.0,93200.0,92900.0,93100.0,19277
202601071345,93000.0,93300.0,92800.0,93000.0,28285
202601071400,93100.0,93200.0,93000.0,93000.0,16651
202601071415,93100.0,93300.0,93000.0,93200.0,23029
202601071430,93200.0,93400.0,93100.0,93200.0,15700
202601071445,93200.0,93500.0,93100.0,93400.0,19800
202601071500,93400.0,93800.0,93400.0,93400.0,30185
202601071515,93400.0,93700.0,93100.0,93500.0,90998
202601080900,93400.0,93400.0,92700.0,93100.0,26539
202601080915,93100.0,93500.0,92700.0,93100.0,25905
202601080930,93100.0,93500.0,92900.0,93100.0,20602
202601080945,93100.0,93100.0,92700.0,92800.0,18049
202601081000,92700.0,92900.0,92400.0,92600.0,32806
202601081015,92600.0,92700.0,92400.0,92500.0,26127
202601081030,92400.0,92700.0,92400.0,92400.0,17223
202601081045,92400.0,92700.0,92400.0,92500.0,13207
202601081100,92600.0,92700.0,92400.0,92400.0,15969
202601081115,92400.0,92700.0,92400.0,92600.0,15494
202601081130,92600.0,92700.0,92200.0,92300.0,25209
202601081145,92300.0,92400.0,92200.0,92400.0,13023
202601081200,92300.0,92400.0,92200.0,92200.0,11106
202601081215,92200.0,92200.0,92000.0,92100.0,19566
202601081230,92000.0,92100.0,91700.0,91700.0,42000
202601081245,91700.0,92200.0,91700.0,92100.0,17065
202601081300,92000.0,92400.0,92000.0,92200.0,12820
202601081315,92100.0,92500.0,92100.0,92400.0,13426
202601081330,92400.0,92500.0,92300.0,92300.0,12246
202601081345,92350.0,92700.0,92300.0,92600.0,15562
202601081400,92600.0,92900.0,92500.0,92850.0,23173
202601081415,92800.0,93000.0,92500.0,92600.0,16661
202601081430,92600.0,92800.0,92200.0,92300.0,20987
202601081445,92300.0,92400.0,91800.0,91900.0,38134
202601081500,91900.0,92000.0,91800.0,91800.0,37541
202601081515,91850.0,91900.0,91800.0,91900.0,212326
202601090900,92400.0,93400.0,92300.0,93300.0,51991
202601090915,93300.0,93500.0,92800.0,93100.0,24658
202601090930,93100.0,93500.0,93000.0,93200.0,16494
202601090945,93300.0,93500.0,93100.0,93200.0,20149
202601091000,93200.0,93400.0,92900.0,93100.0,14655
202601091015,93200.0,93300.0,92800.0,93000.0,20493
202601091030,93000.0,93000.0,92600.0,92900.0,19014
202601091045,92800.0,93300.0,92700.0,93200.0,51091
202601091100,93200.0,93300.0,92900.0,93000.0,12868
202601091115,93100.0,93200.0,92900.0,92900.0,16148
202601091130,93000.0,93000.0,92800.0,92900.0,13315
202601091145,92800.0,93100.0,92800.0,93000.0,17895
202601091200,92900.0,93100.0,92800.0,93000.0,11950
202601091215,92900.0,93000.0,92800.0,92900.0,15250
202601091230,92800.0,92900.0,92700.0,92800.0,16085
202601091245,92800.0,93100.0,92700.0,93000.0,17701
202601091300,93000.0,93100.0,92800.0,92900.0,23130
202601091315,92900.0,93000.0,92700.0,92800.0,22528
202601091330,92800.0,93000.0,92700.0,92900.0,23005
202601091345,92800.0,93000.0,92700.0,92800.0,18924
202601091400,92900.0,93000.0,92800.0,92800.0,16228
202601091415,92800.0,92900.0,92800.0,92900.0,10612
202601091430,92800.0,92900.0,92700.0,92800.0,17198
202601091445,92800.0,92900.0,92600.0,92800.0,26943
202601091500,92800.0,92900.0,92600.0,92900.0,26370
202601091515,92850.0,92900.0,92600.0,92900.0,71411
202601120900,93100.0,94100.0,92900.0,93200.0,42331
202601120915,93200.0,93600.0,93200.0,93600.0,24168
202601120930,93500.0,93700.0,92800.0,92800.0,20795
202601120945,92800.0,93100.0,92700.0,92900.0,25897
202601121000,93000.0,93400.0,92900.0,93400.0,14052
202601121015,93400.0,93400.0,93000.0,93100.0,13846
202601121030,93200.0,93400.0,93100.0,93200.0,10725
202601121045,93200.0,93600.0,93100.0,93500.0,21311
202601121100,93500.0,93700.0,93400.0,93500.0,17682
202601121115,93600.0,93600.0,93200.0,93200.0,12887
202601121130,93200.0,93500.0,93200.0,93300.0,12023
202601121145,93300.0,93700.0,93300.0,93300.0,15325
202601121200,93300.0,93500.0,93200.0,93400.0,9705
202601121215,93400.0,93500.0,93200.0,93300.0,11981
202601121230,93300.0,93400.0,93000.0,93100.0,13359
202601121245,93100.0,93400.0,92900.0,93200.0,18516
202601121300,93100.0,93400.0,93000.0,93200.0,12616
202601121315,93200.0,93400.0,93100.0,93250.0,23410
202601121330,93200.0,93300.0,93000.0,93100.0,17090
202601121345,93150.0,93300.0,93000.0,93100.0,15800
202601121400,93100.0,93300.0,93100.0,93200.0,13829
202601121415,93100.0,93600.0,93000.0,93500.0,19826
202601121430,93550.0,93800.0,93400.0,93700.0,20963
202601121445,93750.0,93800.0,93300.0,93400.0,27745
202601121500,93500.0,93700.0,93200.0,93700.0,18388
202601121515,93700.0,94000.0,93600.0,94000.0,69320
202601130900,94300.0,94300.0,93000.0,93200.0,29060
202601130915,93200.0,93400.0,93000.0,93300.0,16670
202601130930,93400.0,93700.0,93300.0,93500.0,15506
202601130945,93600.0,93600.0,93400.0,93400.0,11658
202601131000,93500.0,94000.0,93300.0,93400.0,26198
202601131015,93400.0,93500.0,93000.0,93100.0,25444
202601131030,93200.0,93200.0,92900.0,93100.0,31831
202601131045,93000.0,93500.0,93000.0,93300.0,16738
202601131100,93400.0,93400.0,93100.0,93400.0,9022
202601131115,93300.0,93400.0,93100.0,93200.0,6783
202601131130,93200.0,93500.0,93200.0,93200.0,13207
202601131145,93200.0,93500.0,93200.0,93300.0,10566
202601131200,93500.0,93500.0,93200.0,93400.0,11717
202601131215,93300.0,93500.0,93200.0,93400.0,11470
202601131230,93400.0,93500.0,93300.0,93300.0,8747
202601131245,93300.0,93500.0,93300.0,93400.0,16529
202601131300,93400.0,93600.0,93400.0,93500.0,15442
202601131315,93400.0,93600.0,93300.0,93400.0,16003
202601131330,93400.0,93500.0,93300.0,93300.0,16372
202601131345,93300.0,93700.0,93200.0,93500.0,28567
202601131400,93500.0,93800.0,93400.0,93700.0,25378
202601131415,93700.0,93900.0,93500.0,93800.0,43977
202601131430,93800.0,94000.0,93600.0,93900.0,21129
202601131445,93900.0,94200.0,93900.0,94200.0,25223
202601131500,94200.0,94300.0,94100.0,94200.0,25434
202601131515,94200.0,94300.0,94200.0,94300.0,87943
202601140900,93500.0,94100.0,93300.0,94000.0,20656
202601140915,94000.0,94300.0,93900.0,94200.0,21069
202601140930,94300.0,94700.0,94200.0,94400.0,22912
202601140945,94300.0,94500.0,93900.0,94300.0,27618
202601141000,94300.0,94600.0,94100.0,94400.0,19795
202601141015,94500.0,94800.0,94400.0,94600.0,22974
202601141030,94500.0,94800.0,94200.0,94500.0,19494
202601141045,94400.0,94600.0,94300.0,94600.0,13383
202601141100,94600.0,94800.0,94400.0,94700.0,18033
202601141115,94700.0,94700.0,94500.0,94600.0,8398
202601141130,94700.0,94700.0,94500.0,94500.0,12582
202601141145,94500.0,94700.0,94500.0,94600.0,15547
202601141200,94700.0,94800.0,94600.0,94800.0,16678
202601141215,94700.0,95000.0,94700.0,95000.0,18755
202601141230,94900.0,95200.0,94900.0,95100.0,37866
202601141245,95000.0,95200.0,95000.0,95200.0,19765
202601141300,95100.0,96000.0,95100.0,95900.0,76565
202601141315,95900.0,96000.0,95700.0,95700.0,33864
202601141330,95800.0,96000.0,95600.0,95700.0,30227
202601141345,95800.0,96000.0,95700.0,95800.0,24195
202601141400,95800.0,96200.0,95800.0,96100.0,39358
202601141415,96200.0,96200.0,95900.0,96000.0,25452
202601141430,96000.0,96100.0,95900.0,96000.0,25846
202601141445,96100.0,96100.0,95900.0,96000.0,20430
202601141500,95900.0,96000.0,95800.0,95800.0,18185
202601141515,95800.0,96100.0,95700.0,96100.0,102910
202601150900,96600.0,97300.0,96200.0,97000.0,46035
202601150915,97000.0,97400.0,95800.0,96100.0,40238
202601150930,96000.0,96500.0,95800.0,96300.0,17800
202601150945,96300.0,96400.0,95900.0,96000.0,25986
202601151000,96000.0,96700.0,96000.0,96400.0,15779
202601151015,96400.0,96500.0,96200.0,96300.0,15777
202601151030,96300.0,96300.0,95900.0,96100.0,20685
202601151045,96100.0,96500.0,96100.0,96400.0,16870
202601151100,96400.0,96500.0,96300.0,96400.0,12144
202601151115,96400.0,96500.0,96000.0,96100.0,17531
202601151130,96100.0,96300.0,95900.0,96000.0,19402
202601151145,96050.0,96100.0,95700.0,95700.0,16580
202601151200,95800.0,95800.0,95500.0,95700.0,20069
202601151215,95700.0,95800.0,95600.0,95700.0,16788
202601151230,95600.0,95900.0,95600.0,95900.0,16779
202601151245,95900.0,95900.0,95700.0,95700.0,10485
202601151300,95800.0,95800.0,95500.0,95700.0,19708
202601151315,95750.0,95800.0,95500.0,95500.0,29175
202601151330,95600.0,95900.0,95500.0,95700.0,22384
202601151345,95700.0,95900.0,95500.0,95600.0,25666
202601151400,95600.0,96100.0,95500.0,95800.0,25618
202601151415,95800.0,96000.0,95800.0,95900.0,22049
202601151430,95900.0,96150.0,95600.0,95900.0,37681
202601151445,95900.0,96000.0,95700.0,95700.0,27495
202601151500,95700.0,96100.0,95700.0,96050.0,20979
202601151515,96050.0,96200.0,96000.0,96200.0,106948
202601160900,96800.0,97000.0,96100.0,96300.0,41761
202601160915,96200.0,96400.0,95800.0,96200.0,31737
202601160930,96100.0,96400.0,96000.0,96300.0,19456
202601160945,96300.0,96500.0,96000.0,96300.0,20306
202601161000,96300.0,96600.0,96300.0,96400.0,19190
202601161015,96400.0,96500.0,96000.0,96300.0,36888
202601161030,96300.0,96600.0,96200.0,96200.0,17896
202601161045,96200.0,96700.0,96200.0,96400.0,27034
202601161100,96400.0,96600.0,96300.0,96400.0,15744
202601161115,96400.0,96500.0,96400.0,96400.0,8395
202601161130,96400.0,96600.0,96400.0,96500.0,15209
202601161145,96400.0,96500.0,96400.0,96500.0,9747
202601161200,96400.0,96700.0,96400.0,96500.0,14407
202601161215,96500.0,96700.0,96500.0,96600.0,14336
202601161230,96700.0,96800.0,96600.0,96700.0,14528
202601161245,96700.0,96800.0,96700.0,96800.0,13410
202601161300,96800.0,97000.0,96700.0,96900.0,30301
202601161315,97000.0,97000.0,96400.0,96500.0,32043
202601161330,96400.0,96700.0,96300.0,96700.0,28534
202601161345,96600.0,96700.0,96300.0,96300.0,26100
202601161400,96300.0,96400.0,96300.0,96350.0,10642
202601161415,96400.0,96400.0,96200.0,96200.0,20265
202601161430,96300.0,96400.0,96200.0,96300.0,12187
202601161445,96300.0,96400.0,96300.0,96300.0,18149
202601161500,96300.0,96400.0,96100.0,96300.0,35438
202601161515,96300.0,96400.0,96300.0,96400.0,128949
202601190900,95500.0,96500.0,95400.0,96500.0,40605
202601190915,96400.0,96800.0,96200.0,96400.0,42221
202601190930,96300.0,96500.0,95900.0,96100.0,21406
202601190945,96100.0,96200.0,95900.0,95900.0,16189
202601191000,95900.0,96600.0,95900.0,96400.0,18020
202601191015,96500.0,96600.0,96200.0,96200.0,18624
202601191030,96200.0,96400.0,96000.0,96200.0,18378
202601191045,96200.0,96300.0,95900.0,96200.0,18771
202601191100,96200.0,96600.0,96100.0,96400.0,21539
202601191115,96400.0,96600.0,96300.0,96500.0,15513
202601191130,96400.0,96700.0,96400.0,96600.0,20909
202601191145,96600.0,96600.0,96400.0,96400.0,7943
202601191200,96500.0,96500.0,96000.0,96300.0,21305
202601191215,96200.0,96600.0,96200.0,96500.0,14620
202601191230,96550.0,96700.0,96500.0,96500.0,25650
202601191245,96500.0,96700.0,96500.0,96500.0,11622
202601191300,96500.0,96800.0,96300.0,96800.0,25169
202601191315,96800.0,96800.0,96600.0,96700.0,17313
202601191330,96700.0,96800.0,96300.0,96600.0,30371
202601191345,96600.0,96900.0,96600.0,96700.0,20959
202601191400,96700.0,96800.0,96500.0,96500.0,21643
202601191415,96600.0,96800.0,96400.0,96500.0,26358
202601191430,96600.0,96700.0,96500.0,96600.0,14138
202601191445,96500.0,96600.0,96200.0,96200.0,21864
202601191500,96200.0,96500.0,96200.0,96300.0,19964
202601191515,96300.0,96400.0,96100.0,96200.0,66866
202601200900,96300.0,97600.0,95900.0,97200.0,61227
202601200915,97200.0,98500.0,97100.0,98100.0,99257
202601200930,98100.0,99000.0,98100.0,98700.0,69989
202601200945,98700.0,98800.0,98200.0,98200.0,26130
202601201000,98200.0,99000.0,98200.0,99000.0,30860
202601201015,99000.0,99000.0,98700.0,98900.0,21265
202601201030,98900.0,99800.0,98800.0,99800.0,52488
202601201045,99700.0,99900.0,99600.0,99700.0,24431
202601201100,99700.0,100500.0,99700.0,100300.0,48348
202601201115,100400.0,100600.0,100300.0,100600.0,27924
202601201130,100600.0,100700.0,100400.0,100700.0,34362
202601201145,100600.0,100900.0,100600.0,100800.0,34745
202601201200,100700.0,100800.0,100400.0,100700.0,25721
202601201215,100600.0,100800.0,100500.0,100600.0,25681
202601201230,100500.0,100600.0,100300.0,100500.0,22028
202601201245,100400.0,100800.0,100400.0,100700.0,24196
202601201300,100700.0,101000.0,100700.0,100800.0,30953
202601201315,100800.0,101000.0,100600.0,100900.0,28280
202601201330,100800.0,101000.0,100600.0,100600.0,27075
202601201345,100600.0,100700.0,100200.0,100200.0,24910
202601201400,100300.0,100400.0,100100.0,100200.0,28761
202601201415,100100.0,100700.0,100100.0,100400.0,30128
202601201430,100400.0,100700.0,100100.0,100200.0,22765
202601201445,100200.0,100400.0,100000.0,100100.0,24121
202601201500,100050.0,100300.0,99800.0,100200.0,28302
202601201515,100300.0,100300.0,99900.0,100300.0,87355
202601210900,99300.0,100100.0,98200.0,98500.0,61070
202601210915,98500.0,98900.0,97500.0,97800.0,40091
202601210930,97800.0,98200.0,97400.0,98100.0,43519
202601210945,98200.0,98600.0,97500.0,98500.0,39490
202601211000,98400.0,99000.0,98200.0,98900.0,22233
202601211015,98900.0,99600.0,98900.0,99100.0,31801
202601211030,99100.0,99500.0,99000.0,99400.0,17304
202601211045,99400.0,99500.0,99100.0,99200.0,17073
202601211100,99200.0,99600.0,99000.0,99000.0,21801
202601211115,99100.0,99200.0,98900.0,98900.0,19790
202601211130,99000.0,99000.0,98500.0,98500.0,27299
202601211145,98600.0,98900.0,98500.0,98700.0,13703
202601211200,98700.0,99100.0,98600.0,99000.0,11875
202601211215,99000.0,99400.0,98800.0,99300.0,14118
202601211230,99300.0,100400.0,99200.0,100000.0,46634
202601211245,99900.0,100200.0,99500.0,99700.0,27363
202601211300,99700.0,99900.0,99100.0,99200.0,31976
202601211315,99200.0,99500.0,99200.0,99300.0,20642
202601211330,99300.0,99600.0,99200.0,99600.0,25689
202601211345,99600.0,99900.0,99500.0,99800.0,19642
202601211400,99700.0,100000.0,99700.0,99900.0,19265
202601211415,99900.0,100100.0,99800.0,99800.0,25766
202601211430,99800.0,100200.0,99800.0,100000.0,22625
202601211445,100000.0,100400.0,99800.0,99800.0,32272
202601211500,99800.0,99900.0,99600.0,99800.0,18308
202601211515,99800.0,99900.0,99700.0,99800.0,85529
202601220900,100200.0,101500.0,99600.0,100450.0,78069
202601220915,100400.0,100500.0,99800.0,100500.0,25139
202601220930,100400.0,100600.0,100000.0,100300.0,26501
202601220945,100300.0,100500.0,100100.0,100300.0,21121
202601221000,100300.0,100500.0,100000.0,100100.0,21323
202601221015,100100.0,100200.0,99700.0,100100.0,25051
202601221030,100100.0,100300.0,99900.0,100100.0,21495
202601221045,100100.0,100400.0,100000.0,100100.0,19194
202601221100,100100.0,100200.0,100100.0,100100.0,10371
202601221115,100100.0,100300.0,100100.0,100100.0,20020
202601221130,100200.0,100200.0,100000.0,100000.0,12136
202601221145,100000.0,100100.0,100000.0,100000.0,10970
202601221200,100000.0,100500.0,100000.0,100400.0,34771
202601221215,100400.0,100500.0,100100.0,100400.0,21741
202601221230,100400.0,100500.0,100100.0,100200.0,20622
202601221245,100200.0,100300.0,100000.0,100000.0,24309
202601221300,100000.0,100500.0,100000.0,100300.0,31145
202601221315,100200.0,100300.0,100000.0,100000.0,12863
202601221330,100100.0,100400.0,100000.0,100300.0,24726
202601221345,100300.0,100500.0,100300.0,100300.0,23295
202601221400,100300.0,100500.0,100100.0,100100.0,14963
202601221415,100100.0,100200.0,99900.0,100000.0,30704
202601221430,100000.0,100100.0,100000.0,100000.0,17349
202601221445,100000.0,100100.0,99900.0,100000.0,33341
202601221500,100000.0,100500.0,100000.0,100400.0,32547
202601221515,100300.0,100500.0,100300.0,100500.0,132953
202601230900,100800.0,102300.0,99700.0,99700.0,57123
202601230915,99700.0,100500.0,99600.0,99900.0,25295
202601230930,99900.0,100800.0,99800.0,100600.0,23754
202601230945,100700.0,101000.0,100500.0,100500.0,20069
202601231000,100700.0,101800.0,100500.0,101000.0,41153
202601231015,101100.0,101500.0,101000.0,101300.0,21208
202601231030,101250.0,101400.0,100700.0,100700.0,25164
202601231045,100700.0,100900.0,100400.0,100400.0,19603
202601231100,100400.0,100500.0,100000.0,100300.0,23372
202601231115,100300.0,100800.0,100200.0,100600.0,16670
202601231130,100600.0,100900.0,100500.0,100800.0,14328
202601231145,100700.0,101000.0,100600.0,100800.0,12382
202601231200,100900.0,101100.0,100800.0,101000.0,16987
202601231215,101100.0,101200.0,101000.0,101200.0,9263
202601231230,101150.0,101500.0,101000.0,101400.0,25020
202601231245,101300.0,101500.0,101200.0,101300.0,16423
202601231300,101300.0,101400.0,100900.0,101100.0,17232
202601231315,101100.0,101300.0,100900.0,101100.0,14697
202601231330,101100.0,101400.0,101100.0,101300.0,18002
202601231345,101300.0,101500.0,100900.0,101100.0,21906
202601231400,101100.0,101300.0,100700.0,100700.0,26652
202601231415,100700.0,101000.0,100500.0,100600.0,19904
202601231430,100600.0,101200.0,100600.0,101100.0,23661
202601231445,101100.0,101450.0,101000.0,101000.0,22776
202601231500,101000.0,101200.0,100800.0,101100.0,23189
202601231515,101100.0,101300.0,100900.0,101100.0,111407
202601260900,101200.0,102500.0,101100.0,102000.0,36875
202601260915,102000.0,102100.0,101500.0,101600.0,23394
202601260930,101600.0,101900.0,101300.0,101700.0,18301
202601260945,101700.0,102400.0,101700.0,101900.0,20540
202601261000,101800.0,102500.0,101800.0,102000.0,19415
202601261015,101950.0,102500.0,101700.0,102000.0,36664
202601261030,101950.0,102200.0,101700.0,101800.0,10523
202601261045,101800.0,102000.0,101600.0,101750.0,12082
202601261100,101800.0,102000.0,101300.0,101350.0,14142
202601261115,101350.0,101700.0,101300.0,101600.0,9475
202601261130,101600.0,101700.0,101400.0,101500.0,7410
202601261145,101500.0,101900.0,101400.0,101900.0,6135
202601261200,101900.0,102000.0,101800.0,101900.0,9449
202601261215,102000.0,102100.0,101900.0,102000.0,8273
202601261230,102100.0,102300.0,102000.0,102300.0,11467
202601261245,102200.0,102300.0,101600.0,101750.0,21284
202601261300,101800.0,102600.0,101700.0,102500.0,27797
202601261315,102450.0,102500.0,102100.0,102300.0,16979
202601261330,102300.0,102400.0,102000.0,102100.0,16343
202601261345,102100.0,102400.0,101800.0,101900.0,18444
202601261400,101900.0,102200.0,101800.0,101900.0,12304
202601261415,101900.0,102100.0,101800.0,102100.0,18519
202601261430,102100.0,102100.0,101500.0,101800.0,21605
202601261445,101700.0,102000.0,101700.0,101800.0,18899
202601261500,101800.0,102100.0,101600.0,101800.0,24190
202601261515,101800.0,101900.0,101200.0,101200.0,72278
202601270900,102100.0,105800.0,102000.0,105200.0,81307
202601270915,105100.0,105700.0,102800.0,103100.0,47058
202601270930,103000.0,104800.0,102900.0,104600.0,22897
202601270945,104700.0,104800.0,103800.0,104100.0,20349
202601271000,104100.0,104400.0,103800.0,104400.0,14531
202601271015,104400.0,104500.0,103700.0,103900.0,21562
202601271030,104000.0,104900.0,103900.0,104900.0,29979
202601271045,104900.0,105200.0,104700.0,104900.0,33413
202601271100,104900.0,105000.0,104600.0,105000.0,18538
202601271115,105000.0,105300.0,104800.0,104900.0,17797
202601271130,105000.0,105500.0,104900.0,105400.0,16061
202601271145,105500.0,105600.0,105100.0,105400.0,25074
202601271200,105400.0,105500.0,105100.0,105200.0,20641
202601271215,105100.0,105200.0,105000.0,105100.0,13837
202601271230,105100.0,105200.0,104800.0,105000.0,9221
202601271245,105000.0,105100.0,104700.0,105000.0,17071
202601271300,105000.0,105300.0,104900.0,105200.0,8967
202601271315,105200.0,105400.0,105000.0,105400.0,16135
202601271330,105400.0,105500.0,105200.0,105400.0,10494
202601271345,105400.0,105500.0,105200.0,105300.0,22473
202601271400,105400.0,105400.0,104900.0,105100.0,14825
202601271415,105150.0,105300.0,105100.0,105300.0,14870
202601271430,105200.0,105300.0,105000.0,105000.0,22331
202601271445,105100.0,105100.0,104600.0,104700.0,30592
202601271500,104700.0,104800.0,104500.0,104600.0,34855
202601271515,104500.0,105200.0,104400.0,105000.0,152632
202601280900,104700.0,106400.0,104550.0,105800.0,60451
202601280915,105900.0,106700.0,105500.0,105700.0,37373
202601280930,105700.0,105900.0,105000.0,105400.0,22464
202601280945,105400.0,106100.0,105000.0,105400.0,19724
202601281000,105400.0,105400.0,105000.0,105100.0,20261
202601281015,105200.0,105200.0,103900.0,104300.0,35453
202601281030,104300.0,104400.0,103800.0,104100.0,23753
202601281045,104100.0,104200.0,103600.0,103800.0,20854
202601281100,103800.0,104200.0,103500.0,103700.0,16878
202601281115,103700.0,103800.0,103300.0,103500.0,25147
202601281130,103500.0,103700.0,103000.0,103100.0,25063
202601281145,103100.0,103200.0,102800.0,103000.0,24683
202601281200,102900.0,103000.0,102500.0,102700.0,25664
202601281215,102700.0,103200.0,102600.0,102800.0,23719
202601281230,102900.0,103100.0,102800.0,103100.0,18409
202601281245,103100.0,103300.0,102900.0,103200.0,22132
202601281300,103300.0,103300.0,103000.0,103100.0,23975
202601281315,103100.0,103200.0,102800.0,102800.0,25721
202601281330,102800.0,103000.0,102700.0,102800.0,22326
202601281345,102700.0,102800.0,102500.0,102800.0,30492
202601281400,102700.0,102800.0,102500.0,102600.0,28794
202601281415,102700.0,102800.0,102500.0,102700.0,21368
202601281430,102700.0,103100.0,102600.0,103000.0,30148
202601281445,103000.0,103200.0,102700.0,102900.0,39743
202601281500,102900.0,103000.0,102700.0,102800.0,27715
202601281515,102800.0,103000.0,102700.0,102700.0,100579
202601290900,102400.0,103100.0,101800.0,102100.0,41654
202601290915,102000.0,102500.0,101200.0,101700.0,42236
202601290930,101600.0,102000.0,100900.0,101900.0,56720
202601290945,102000.0,102700.0,101800.0,102700.0,26383
202601291000,102600.0,102700.0,102200.0,102300.0,23358
202601291015,102200.0,102500.0,101900.0,102300.0,18178
202601291030,102300.0,102800.0,102000.0,102400.0,26312
202601291045,102400.0,102700.0,102300.0,102600.0,20688
202601291100,102700.0,102700.0,102200.0,102400.0,13554
202601291115,102400.0,102900.0,102300.0,102700.0,17601
202601291130,102800.0,103000.0,102600.0,102900.0,13702
202601291145,102800.0,103500.0,102700.0,103200.0,20344
202601291200,103200.0,103800.0,103200.0,103700.0,21786
202601291215,103700.0,104000.0,103700.0,103900.0,14882
202601291230,103800.0,104300.0,103700.0,104100.0,19225
202601291245,104100.0,104100.0,103600.0,103700.0,17881
202601291300,103700.0,103800.0,103400.0,103600.0,15290
202601291315,103600.0,103800.0,103200.0,103500.0,16097
202601291330,103400.0,104100.0,103400.0,103900.0,17910
202601291345,103800.0,104000.0,103700.0,103900.0,15533
202601291400,104000.0,104100.0,103400.0,103400.0,20606
202601291415,103600.0,104000.0,103500.0,103900.0,32086
202601291430,103900.0,104300.0,103800.0,104200.0,30081
202601291445,104100.0,104400.0,103600.0,103800.0,32756
202601291500,103700.0,104200.0,103700.0,104100.0,31540
202601291515,104000.0,104200.0,103600.0,103600.0,164841
202601300900,103600.0,104000.0,102300.0,102600.0,55761
202601300915,102600.0,102800.0,101500.0,102000.0,26378
202601300930,102000.0,102600.0,101900.0,102300.0,18935
202601300945,102100.0,102700.0,102000.0,102500.0,10933
202601301000,102500.0,103300.0,102400.0,103300.0,15283
202601301015,103300.0,103500.0,103000.0,103200.0,22425
202601301030,103100.0,103200.0,102400.0,102400.0,21612
202601301045,102400.0,102800.0,102300.0,102600.0,15936
202601301100,102700.0,103200.0,102500.0,102800.0,10126
202601301115,102800.0,103100.0,102400.0,102800.0,17609
202601301130,102500.0,103400.0,102500.0,103200.0,24317
202601301145,103200.0,103900.0,103200.0,103400.0,19679
202601301200,103500.0,103800.0,103400.0,103700.0,10685
202601301215,103700.0,104100.0,103500.0,104000.0,25924
202601301230,103900.0,104000.0,103300.0,103300.0,13500
202601301245,103300.0,103600.0,103300.0,103300.0,6040
202601301300,103300.0,103900.0,103300.0,103800.0,10807
202601301315,103800.0,104000.0,103600.0,103700.0,12098
202601301330,103700.0,103800.0,103600.0,103600.0,7776
202601301345,103600.0,104000.0,103600.0,104000.0,20102
202601301400,103900.0,104000.0,103450.0,103500.0,17261
202601301415,103400.0,103600.0,103100.0,103200.0,21294
202601301430,103100.0,103200.0,100900.0,101000.0,99678
202601301445,100900.0,101300.0,100000.0,100100.0,137525
202601301500,100100.0,100800.0,100000.0,100400.0,106067
202601301515,100400.0,100500.0,100100.0,100100.0,296596
202602020900,102600.0,106000.0,102300.0,105800.0,199085
202602020915,105800.0,106500.0,105600.0,105900.0,87388
202602020930,106000.0,107600.0,105950.0,106900.0,133508
202602020945,106900.0,108100.0,106400.0,106900.0,72770
202602021000,106800.0,106900.0,104800.0,105200.0,64835
202602021015,105150.0,105700.0,104900.0,105000.0,34220
202602021030,105000.0,105200.0,104600.0,104700.0,30373
202602021045,104600.0,104700.0,103400.0,103800.0,53194
202602021100,103700.0,104000.0,102700.0,102900.0,55798
202602021115,102900.0,103000.0,102500.0,102950.0,25468
202602021130,102900.0,103400.0,102700.0,102900.0,31487
202602021145,102800.0,103000.0,101800.0,101900.0,34720
202602021200,101800.0,102400.0,101800.0,102000.0,15787
202602021215,102100.0,102400.0,101900.0,102050.0,25321
202602021230,102000.0,102600.0,102000.0,102100.0,25363
202602021245,102100.0,102200.0,101800.0,102000.0,23349
202602021300,102000.0,102300.0,101600.0,102200.0,29940
202602021315,102200.0,103000.0,102200.0,102700.0,34612
202602021330,102650.0,103400.0,102600.0,103200.0,26991
202602021345,103300.0,103900.0,103200.0,103400.0,47510
202602021400,103400.0,103600.0,102900.0,103200.0,31032
202602021415,103100.0,103300.0,102900.0,103000.0,30080
202602021430,103000.0,103200.0,102500.0,102600.0,35841
202602021445,102600.0,103100.0,102500.0,103100.0,39704
202602021500,103100.0,103200.0,102200.0,102500.0,35171
202602021515,102400.0,103300.0,102100.0,103300.0,178139
202602030900,105800.0,109800.0,105800.0,108000.0,124765
202602030915,107900.0,109100.0,107100.0,107200.0,71694
202602030930,107100.0,109400.0,107100.0,109400.0,61558
202602030945,109400.0,109700.0,108600.0,109600.0,56668
202602031000,109700.0,110250.0,109500.0,109800.0,59744
202602031015,109700.0,110400.0,109700.0,110300.0,35365
202602031030,110300.0,110700.0,110100.0,110200.0,28145
202602031045,110200.0,110500.0,109500.0,109700.0,24161
202602031100,109800.0,110000.0,109400.0,109800.0,15903
202602031115,109800.0,110500.0,109700.0,109800.0,22962
202602031130,109800.0,110300.0,109700.0,109800.0,15182
202602031145,109800.0,110300.0,109600.0,110000.0,15385
202602031200,110000.0,110300.0,109600.0,109600.0,12642
202602031215,109600.0,110000.0,109600.0,110000.0,14046
202602031230,110000.0,110100.0,109400.0,109400.0,13507
202602031245,109500.0,110200.0,109300.0,110000.0,16956
202602031300,110000.0,110500.0,109700.0,110000.0,24190
202602031315,110100.0,110200.0,109600.0,109800.0,28419
202602031330,109900.0,110200.0,109700.0,110000.0,35025
202602031345,109900.0,110200.0,109700.0,109800.0,28085
202602031400,109800.0,109900.0,108300.0,108600.0,40536
202602031415,108700.0,109600.0,108600.0,109200.0,27831
202602031430,109200.0,109800.0,109000.0,109500.0,21425
202602031445,109500.0,109900.0,109300.0,109500.0,33488
202602031500,109500.0,110500.0,109400.0,110300.0,40805
202602031515,110200.0,110500.0,110000.0,110200.0,126547
202602040900,111300.0,114200.0,110000.0,113700.0,114842
202602040915,113700.0,114400.0,112400.0,112900.0,42100
202602040930,112900.0,113600.0,112400.0,112800.0,36132
202602040945,112700.0,113100.0,112100.0,112100.0,30074
202602041000,112100.0,113100.0,112100.0,112900.0,22255
202602041015,113000.0,113100.0,112500.0,112800.0,19540
202602041030,112700.0,113200.0,112600.0,112700.0,16912
202602041045,112800.0,113000.0,112400.0,112600.0,22496
202602041100,112600.0,112800.0,112200.0,112300.0,17273
202602041115,112300.0,112300.0,111400.0,111500.0,19956
202602041130,111500.0,112200.0,111500.0,112100.0,11805
202602041145,112000.0,112200.0,111800.0,111800.0,11957
202602041200,111900.0,112100.0,111700.0,111900.0,11310
202602041215,112000.0,112800.0,111700.0,112800.0,16797
202602041230,112700.0,112900.0,112200.0,112300.0,17827
202602041245,112300.0,112400.0,112000.0,112400.0,9516
202602041300,112300.0,112700.0,112200.0,112700.0,21363
202602041315,112700.0,113200.0,112700.0,112900.0,26046
202602041330,112800.0,113400.0,112800.0,113100.0,25837
202602041345,113100.0,113100.0,112100.0,112100.0,20160
202602041400,112100.0,112700.0,112100.0,112500.0,26720
202602041415,112400.0,112900.0,112100.0,112300.0,32459
202602041430,112200.0,113600.0,112200.0,112800.0,61248
202602041445,112800.0,113000.0,112500.0,112700.0,33220
202602041500,112700.0,113000.0,112600.0,112800.0,29061
202602041515,112700.0,112900.0,112500.0,112500.0,101437
202602050900,112700.0,114800.0,112600.0,114600.0,83300
202602050915,114700.0,115000.0,113700.0,114800.0,53614
202602050930,114800.0,115400.0,114500.0,115000.0,52297
202602050945,115000.0,115600.0,114300.0,114700.0,54500
202602051000,114700.0,115300.0,114000.0,115200.0,32303
202602051015,115200.0,115400.0,114400.0,115000.0,34323
202602051030,115000.0,115100.0,114700.0,114900.0,22277
202602051045,115000.0,115000.0,114200.0,114200.0,29385
202602051100,114300.0,114500.0,113600.0,113700.0,41377
202602051115,113700.0,114000.0,113200.0,114000.0,54442
202602051130,113900.0,114300.0,113500.0,114000.0,23212
202602051145,114000.0,114000.0,112900.0,113000.0,30521
202602051200,113000.0,113500.0,112700.0,113300.0,22065
202602051215,113300.0,114100.0,113000.0,113900.0,27207
202602051230,113900.0,113900.0,113100.0,113400.0,20627
202602051245,113400.0,113700.0,113000.0,113600.0,28821
202602051300,113700.0,114000.0,113200.0,113400.0,25697
202602051315,113400.0,113500.0,112900.0,113200.0,25401
202602051330,113300.0,114000.0,113050.0,113800.0,20356
202602051345,113700.0,114500.0,113600.0,113900.0,30241
202602051400,113950.0,114000.0,113500.0,113500.0,18451
202602051415,113600.0,113800.0,113100.0,113700.0,28058
202602051430,113700.0,114300.0,113400.0,113700.0,35016
202602051445,113600.0,114000.0,113300.0,113600.0,34943
202602051500,113600.0,114000.0,113500.0,113700.0,29019
202602051515,113700.0,114500.0,113600.0,114100.0,114968
202602060900,111500.0,112800.0,108800.0,110200.0,106097
202602060915,110200.0,111500.0,110000.0,111100.0,47286
202602060930,111100.0,112800.0,110700.0,112700.0,52045
202602060945,112800.0,113200.0,112200.0,113100.0,48972
202602061000,113100.0,113200.0,112100.0,112200.0,66185
202602061015,112200.0,112800.0,111700.0,112200.0,42405
202602061030,112100.0,112600.0,111700.0,112400.0,44024
202602061045,112350.0,113400.0,112300.0,113400.0,46010
202602061100,113400.0,113900.0,112700.0,113500.0,57903
202602061115,113500.0,113800.0,113100.0,113500.0,40983
202602061130,113600.0,113800.0,113300.0,113500.0,30632
202602061145,113600.0,114100.0,113500.0,113700.0,33432
202602061200,113650.0,114000.0,113400.0,114000.0,31217
202602061215,113950.0,114100.0,113500.0,114100.0,33289
202602061230,114100.0,114150.0,113500.0,113750.0,27595
202602061245,113750.0,114400.0,113600.0,114300.0,25067
202602061300,114300.0,114700.0,114000.0,114500.0,37259
202602061315,114500.0,114500.0,113900.0,114050.0,39480
202602061330,114050.0,114100.0,113100.0,113300.0,28656
202602061345,113300.0,113400.0,112900.0,112900.0,29014
202602061400,113000.0,113500.0,112700.0,113300.0,34030
202602061415,113350.0,113700.0,112900.0,113400.0,40704
202602061430,113400.0,114100.0,113300.0,113700.0,53021
202602061445,113800.0,114200.0,113700.0,114000.0,44799
202602061500,114000.0,114800.0,114000.0,114800.0,43221
202602061515,114800.0,115000.0,114500.0,114600.0,177516
202602090900,119200.0,119500.0,117500.0,118700.0,78060
202602090915,118700.0,119300.0,117800.0,119000.0,54538
202602090930,119000.0,120900.0,119000.0,120600.0,56947
202602090945,120600.0,120800.0,119900.0,120100.0,41474
202602091000,120100.0,120600.0,119700.0,119700.0,35539
202602091015,119700.0,120300.0,119700.0,120000.0,27929
202602091030,119900.0,120700.0,119800.0,120500.0,27741
202602091045,120500.0,120700.0,119700.0,120000.0,29478
202602091100,119900.0,120800.0,119700.0,120300.0,26994
202602091115,120300.0,120300.0,119800.0,120100.0,34767
202602091130,120100.0,120300.0,119500.0,119700.0,24945
202602091145,119700.0,119900.0,118700.0,119000.0,28669
202602091200,119000.0,119100.0,118400.0,118600.0,18325
202602091215,118700.0,119400.0,118500.0,118600.0,20285
202602091230,118600.0,118800.0,118200.0,118600.0,19163
202602091245,118600.0,118700.0,117900.0,118000.0,16068
202602091300,118000.0,118500.0,118000.0,118100.0,14878
202602091315,118200.0,118200.0,117700.0,117900.0,20363
202602091330,117900.0,118200.0,117600.0,117800.0,22455
202602091345,117900.0,118000.0,117400.0,117900.0,19779
202602091400,117900.0,118500.0,117800.0,118400.0,21343
202602091415,118400.0,118500.0,117900.0,118100.0,41066
202602091430,118100.0,118300.0,117800.0,118000.0,37641
202602091445,117900.0,118600.0,117600.0,118200.0,34486
202602091500,118200.0,119000.0,118000.0,118600.0,29207
202602091515,118500.0,118800.0,118300.0,118800.0,134690
202602100900,123500.0,124300.0,120500.0,122300.0,89161
202602100915,122300.0,123800.0,122000.0,123700.0,55156
202602100930,123800.0,124400.0,123100.0,124200.0,44805
202602100945,124200.0,125800.0,124100.0,125400.0,91969
202602101000,125300.0,126800.0,125300.0,126100.0,46750
202602101015,126100.0,126500.0,123700.0,123900.0,46683
202602101030,123900.0,124900.0,123500.0,124500.0,40347
202602101045,124600.0,125400.0,124500.0,124800.0,33940
202602101100,124900.0,124900.0,124000.0,124100.0,29315
202602101115,124000.0,124200.0,123900.0,124000.0,22312
202602101130,124000.0,124100.0,123600.0,123800.0,19428
202602101145,123700.0,124000.0,123600.0,124000.0,17296
202602101200,123800.0,124000.0,123500.0,123600.0,24763
202602101215,123600.0,123600.0,122700.0,122700.0,22655
202602101230,122700.0,123200.0,122700.0,122900.0,18030
202602101245,122900.0,123700.0,122900.0,123200.0,25579
202602101300,123100.0,123600.0,123000.0,123400.0,25103
202602101315,123400.0,123900.0,123300.0,123800.0,21839
202602101330,123800.0,124100.0,123700.0,123900.0,25693
202602101345,123900.0,124200.0,123700.0,124000.0,24140
202602101400,123900.0,124000.0,123300.0,123400.0,22872
202602101415,123300.0,123600.0,123200.0,123300.0,24183
202602101430,123200.0,123500.0,123100.0,123400.0,23098
202602101445,123300.0,123700.0,123200.0,123600.0,32676
202602101500,123500.0,123800.0,122800.0,122900.0,32732
202602101515,122900.0,123000.0,122200.0,122200.0,167157
202602110900,123300.0,126000.0,123100.0,124500.0,105032
202602110915,124400.0,126400.0,124000.0,125600.0,73104
202602110930,125600.0,127800.0,125500.0,127700.0,72071
202602110945,127700.0,127800.0,125700.0,125700.0,58492
202602111000,125800.0,126400.0,125400.0,125400.0,47688
202602111015,125400.0,125800.0,125200.0,125300.0,38284
202602111030,125300.0,126000.0,125200.0,125200.0,31345
202602111045,125200.0,126100.0,125100.0,126000.0,37017
202602111100,126000.0,126700.0,125900.0,126100.0,35894
202602111115,126100.0,126500.0,126000.0,126400.0,40877
202602111130,126400.0,126700.0,126400.0,126600.0,28147
202602111145,126600.0,127100.0,126350.0,126400.0,52175
202602111200,126400.0,126500.0,126100.0,126200.0,26274
202602111215,126300.0,126600.0,126100.0,126200.0,27938
202602111230,126200.0,127000.0,126100.0,126900.0,37291
202602111245,126900.0,127400.0,126800.0,127100.0,55945
202602111300,127100.0,127200.0,126100.0,126100.0,29825
202602111315,126200.0,127100.0,126100.0,126500.0,34930
202602111330,126550.0,126900.0,126400.0,126700.0,39853
202602111345,126700.0,126700.0,126100.0,126300.0,32228
202602111400,126300.0,126700.0,126000.0,126000.0,38140
202602111415,126000.0,126400.0,126000.0,126300.0,35025
202602111430,126300.0,126700.0,126200.0,126400.0,37085
202602111445,126300.0,126400.0,126000.0,126000.0,39324
202602111500,126100.0,126300.0,126000.0,126000.0,36324
202602111515,126100.0,126100.0,125800.0,125800.0,125512
202602120900,127000.0,128400.0,126000.0,128100.0,82680
202602120915,128100.0,128700.0,127000.0,128100.0,61999
202602120930,128100.0,128100.0,127000.0,127200.0,41960
202602120945,127300.0,127700.0,126900.0,127600.0,37049
202602121000,127600.0,128400.0,127400.0,127700.0,32205
202602121015,127800.0,128100.0,127300.0,127400.0,39425
202602121030,127500.0,129000.0,127400.0,128900.0,52633
202602121045,128900.0,129200.0,127900.0,128000.0,45290
202602121100,128000.0,128300.0,127800.0,127800.0,32425
202602121115,127900.0,128000.0,127400.0,127600.0,29682
202602121130,127600.0,128400.0,127500.0,128000.0,31395
202602121145,128000.0,128600.0,127900.0,127900.0,21479
202602121200,127950.0,128500.0,127950.0,128200.0,15441
202602121215,128200.0,128500.0,127900.0,128300.0,26459
202602121230,128300.0,128500.0,128200.0,128200.0,13129
202602121245,128300.0,128300.0,128000.0,128000.0,18033
202602121300,128000.0,128100.0,127700.0,128000.0,22316
202602121315,128100.0,128800.0,128000.0,128700.0,31372
202602121330,128700.0,128900.0,128100.0,128100.0,28368
202602121345,128100.0,128200.0,127900.0,128000.0,27773
202602121400,128000.0,128600.0,128000.0,128600.0,33376
202602121415,128500.0,128900.0,128200.0,128800.0,35305
202602121430,128800.0,129200.0,128500.0,128800.0,42916
202602121445,128800.0,129600.0,128700.0,129500.0,49818
202602121500,129500.0,129500.0,129200.0,129300.0,45868
202602121515,129300.0,130000.0,129100.0,130000.0,285783
202602130900,129200.0,129500.0,127100.0,128800.0,127187
202602130915,128800.0,129600.0,128200.0,128500.0,57219
202602130930,128600.0,129300.0,127100.0,127700.0,65257
202602130945,127700.0,128300.0,126700.0,128300.0,44284
202602131000,128200.0,130000.0,128000.0,129700.0,42601
202602131015,129700.0,131600.0,129500.0,131400.0,56312
202602131030,131400.0,132200.0,131200.0,131900.0,56321
202602131045,131900.0,131900.0,130300.0,131500.0,40514
202602131100,131500.0,131500.0,130600.0,130900.0,28103
202602131115,130800.0,131300.0,130800.0,130900.0,27228
202602131130,130900.0,131100.0,130800.0,130900.0,18757
202602131145,130900.0,131300.0,130500.0,130500.0,28122
202602131200,130500.0,131000.0,130500.0,130900.0,24404
202602131215,131000.0,131000.0,130400.0,130400.0,16225
202602131230,130500.0,130900.0,130300.0,130500.0,31416
202602131245,130500.0,130500.0,129800.0,130100.0,32185
202602131300,130200.0,130200.0,129600.0,130000.0,35862
202602131315,130000.0,130200.0,129800.0,130000.0,35209
202602131330,130000.0,130100.0,129300.0,129300.0,34120
202602131345,129300.0,129400.0,129000.0,129100.0,40242
202602131400,129200.0,129200.0,127500.0,128300.0,65458
202602131415,128300.0,128700.0,128000.0,128000.0,38832
202602131430,128000.0,128300.0,127100.0,127300.0,64635
202602131445,127200.0,128100.0,127000.0,127700.0,71598
202602131500,127800.0,127900.0,127400.0,127700.0,57995
202602131515,127700.0,128000.0,127600.0,127600.0,107716
202602190900,129100.0,129900.0,128200.0,128500.0,110765
202602190915,128500.0,128700.0,127100.0,127700.0,104400
202602190930,127800.0,128100.0,127600.0,127800.0,70875
202602190945,127800.0,127800.0,126800.0,127100.0,49490
202602191000,127200.0,127700.0,127000.0,127600.0,56429
202602191015,127600.0,127600.0,126100.0,126100.0,51439
202602191030,126100.0,126300.0,125400.0,126100.0,52612
202602191045,126100.0,126200.0,124700.0,124800.0,86678
202602191100,124800.0,125500.0,124700.0,125000.0,56983
202602191115,125000.0,125200.0,124600.0,125100.0,56987
202602191130,125100.0,125300.0,125000.0,125200.0,31338
202602191145,125200.0,126200.0,125200.0,126100.0,62453
202602191200,126200.0,126600.0,126100.0,126200.0,20341
202602191215,126200.0,126700.0,126200.0,126600.0,28013
202602191230,126700.0,126700.0,126100.0,126500.0,35649
202602191245,126500.0,126600.0,126400.0,126400.0,20144
202602191300,126400.0,126500.0,126200.0,126400.0,20147
202602191315,126400.0,126600.0,126300.0,126300.0,33385
202602191330,126300.0,126600.0,126100.0,126300.0,34478
202602191345,126300.0,127100.0,126300.0,126500.0,38565
202602191400,126400.0,126500.0,125900.0,125900.0,34169
202602191415,125900.0,126200.0,125300.0,126100.0,55975
202602191430,126100.0,127000.0,126100.0,126900.0,42536
202602191445,126900.0,127300.0,126800.0,126900.0,42549
202602191500,126900.0,127000.0,126300.0,126400.0,43487
202602191515,126400.0,126800.0,126200.0,126300.0,165968
202602200900,128800.0,130000.0,128800.0,129600.0,72460
202602200915,129600.0,130000.0,128100.0,129700.0,57855
202602200930,129600.0,130100.0,129000.0,129700.0,34836
202602200945,129700.0,130100.0,129400.0,129700.0,36511
202602201000,129700.0,131300.0,129700.0,131000.0,54624
202602201015,131000.0,131400.0,130700.0,131100.0,34984
202602201030,131150.0,131200.0,130000.0,130300.0,39184
202602201045,130300.0,130600.0,129800.0,129900.0,19466
202602201100,129900.0,130400.0,129500.0,129600.0,27007
202602201115,129600.0,130000.0,129400.0,130000.0,23191
202602201130,129900.0,130200.0,129800.0,130000.0,27540
202602201145,130000.0,130300.0,129500.0,129600.0,33429
202602201200,129600.0,129700.0,129000.0,129100.0,30315
202602201215,129100.0,129600.0,128800.0,129200.0,16963
202602201230,129200.0,129900.0,129200.0,129700.0,21135
202602201245,129800.0,130100.0,129700.0,129800.0,34416
202602201300,129800.0,130700.0,129800.0,130400.0,62514
202602201315,130400.0,130500.0,129900.0,129900.0,31290
202602201330,129900.0,130400.0,129900.0,130300.0,34163
202602201345,130300.0,130700.0,130100.0,130400.0,39451
202602201400,130500.0,130650.0,130100.0,130300.0,50212
202602201415,130200.0,130600.0,130100.0,130100.0,26597
202602201430,130100.0,130800.0,130000.0,130500.0,49788
202602201445,130500.0,130800.0,130400.0,130800.0,31449
202602201500,130800.0,131300.0,130700.0,130900.0,74543
202602201515,131000.0,131300.0,130800.0,131300.0,146115
202602230900,132200.0,132400.0,129100.0,129300.0,95619
202602230915,129200.0,129500.0,128000.0,129000.0,82051
202602230930,129000.0,129300.0,128400.0,128500.0,49878
202602230945,128500.0,129500.0,128500.0,128700.0,46299
202602231000,128700.0,129400.0,128500.0,128800.0,58187
202602231015,128800.0,129300.0,128200.0,128900.0,47114
202602231030,128900.0,129300.0,128700.0,129200.0,26169
202602231045,129200.0,129300.0,128700.0,129000.0,26684
202602231100,129000.0,129300.0,128600.0,128600.0,29616
202602231115,128600.0,129100.0,128400.0,129100.0,30942
202602231130,129100.0,129400.0,129000.0,129400.0,25070
202602231145,129300.0,129400.0,129100.0,129100.0,11232
202602231200,129200.0,129600.0,128900.0,129000.0,26673
202602231215,128900.0,129000.0,128100.0,128300.0,40109
202602231230,128300.0,129000.0,128300.0,128800.0,24128
202602231245,128800.0,129000.0,128700.0,128800.0,15400
202602231300,128800.0,129400.0,128800.0,129200.0,22008
202602231315,129200.0,129300.0,129000.0,129000.0,15260
202602231330,129000.0,129300.0,128800.0,128900.0,27467
202602231345,128900.0,129500.0,128900.0,129300.0,28876
202602231400,129300.0,129400.0,128700.0,128700.0,27290
202602231415,128700.0,129200.0,128700.0,128700.0,30233
202602231430,128700.0,129300.0,128700.0,129100.0,44158
202602231445,129100.0,129400.0,128900.0,129100.0,42206
202602231500,129100.0,129600.0,129100.0,129300.0,39771
202602231515,129300.0,129300.0,129100.0,129100.0,133102
202602240900,128400.0,128900.0,125900.0,126000.0,105974
202602240915,126000.0,126300.0,123500.0,124200.0,115136
202602240930,124100.0,124800.0,123000.0,124700.0,116846
202602240945,124600.0,126100.0,124400.0,126000.0,82281
202602241000,126000.0,126600.0,125400.0,126300.0,71469
202602241015,126400.0,126600.0,126000.0,126100.0,52216
202602241030,126000.0,126300.0,125900.0,126200.0,41415
202602241045,126300.0,126300.0,126200.0,126200.0,27207
202602241100,126200.0,126700.0,125800.0,126000.0,55913
202602241115,126000.0,126300.0,125900.0,126000.0,35842
202602241130,126000.0,126100.0,125600.0,125700.0,36290
202602241145,125700.0,125800.0,125600.0,125700.0,43119
202602241200,125700.0,125800.0,125100.0,125100.0,43178
202602241215,125100.0,125900.0,125100.0,125400.0,46889
202602241230,125300.0,125700.0,125200.0,125600.0,44153
202602241245,125600.0,126200.0,125600.0,126100.0,56010
202602241300,126100.0,126600.0,126000.0,126200.0,50326
202602241315,126100.0,126700.0,126100.0,126300.0,49902
202602241330,126300.0,126500.0,125900.0,126300.0,66128
202602241345,126300.0,127100.0,126000.0,126700.0,76832
202602241400,126700.0,127000.0,126400.0,126600.0,51647
202602241415,126600.0,126700.0,126300.0,126400.0,44251
202602241430,126400.0,126500.0,126200.0,126300.0,43966
202602241445,126300.0,126800.0,126100.0,126300.0,84097
202602241500,126300.0,126600.0,126200.0,126300.0,64385
202602241515,126200.0,126600.0,126000.0,126100.0,296954
202602250900,125100.0,125800.0,123900.0,125100.0,78866
202602250915,125100.0,125500.0,124600.0,125200.0,43692
202602250930,125200.0,125300.0,124700.0,125200.0,25604
202602250945,125200.0,125600.0,124900.0,125300.0,24768
202602251000,125400.0,125800.0,124900.0,124900.0,35150
202602251015,125000.0,125400.0,124800.0,125100.0,33285
202602251030,125300.0,125700.0,125100.0,125400.0,31668
202602251045,125500.0,126200.0,125400.0,126200.0,30428
202602251100,126200.0,126900.0,126100.0,126800.0,22731
202602251115,126800.0,126800.0,126500.0,126600.0,18319
202602251130,126600.0,126600.0,126500.0,126600.0,13559
202602251145,126500.0,126900.0,126500.0,126900.0,18833
202602251200,126800.0,127000.0,126800.0,127000.0,10420
202602251215,127000.0,127000.0,126800.0,126800.0,15030
202602251230,126800.0,127000.0,126500.0,126700.0,31784
202602251245,126700.0,127400.0,126700.0,127100.0,18145
202602251300,127000.0,127200.0,126800.0,126800.0,23037
202602251315,126800.0,127100.0,126700.0,127000.0,23822
202602251330,127100.0,127300.0,126800.0,127000.0,29192
202602251345,127000.0,127500.0,127000.0,127300.0,28141
202602251400,127400.0,127500.0,126800.0,126800.0,31404
202602251415,126900.0,126900.0,126100.0,126400.0,51835
202602251430,126300.0,126400.0,125800.0,126200.0,34226
202602251445,126200.0,126400.0,126000.0,126000.0,24588
202602251500,126000.0,126500.0,125900.0,126400.0,36621
202602251515,126500.0,126600.0,126000.0,126000.0,117876
202602260900,124200.0,124700.0,123900.0,124100.0,75040
202602260915,124100.0,124100.0,123400.0,123800.0,48061
202602260930,123800.0,123800.0,122700.0,123650.0,74146
202602260945,123600.0,124700.0,123600.0,124400.0,61446
202602261000,124400.0,124900.0,124200.0,124500.0,61803
202602261015,124500.0,124500.0,123900.0,124100.0,38348
202602261030,124100.0,124300.0,123900.0,124300.0,27991
202602261045,124200.0,124600.0,123900.0,124600.0,38569
202602261100,124600.0,124600.0,124200.0,124200.0,26798
202602261115,124200.0,124300.0,124100.0,124100.0,21338
202602261130,124100.0,124400.0,124100.0,124400.0,26653
202602261145,124400.0,124700.0,124300.0,124300.0,29719
202602261200,124300.0,124400.0,124100.0,124400.0,22701
202602261215,124300.0,124500.0,124200.0,124400.0,23868
202602261230,124400.0,124400.0,124200.0,124300.0,20600
202602261245,124300.0,124700.0,124200.0,124600.0,32335
202602261300,124700.0,124800.0,124400.0,124400.0,28698
202602261315,124400.0,124600.0,124300.0,124400.0,25252
202602261330,124500.0,124500.0,124100.0,124300.0,31538
202602261345,124400.0,124600.0,124200.0,124400.0,30288
202602261400,124400.0,124650.0,124200.0,124400.0,34171
202602261415,124400.0,124600.0,124200.0,124400.0,44563
202602261430,124400.0,124700.0,124100.0,124500.0,42016
202602261445,124500.0,124600.0,124100.0,124550.0,47398
202602261500,124500.0,124600.0,124100.0,124400.0,67017
202602261515,124400.0,124900.0,124250.0,124900.0,172085
202602270900,122200.0,123000.0,121100.0,121300.0,101740
202602270915,121200.0,121300.0,120700.0,121300.0,54687
202602270930,121200.0,121300.0,120600.0,120700.0,42883
202602270945,120700.0,121300.0,120600.0,121100.0,43852
202602271000,121100.0,121500.0,120900.0,121400.0,48324
202602271015,121400.0,121500.0,120500.0,120600.0,33608
202602271030,120500.0,120700.0,120200.0,120600.0,37703
202602271045,120600.0,121300.0,120300.0,121100.0,35158
202602271100,121100.0,121500.0,121000.0,121300.0,33033
202602271115,121300.0,121900.0,121200.0,121800.0,32497
202602271130,121800.0,122000.0,121700.0,121700.0,24979
202602271145,121700.0,122200.0,121700.0,122200.0,29765
202602271200,122100.0,122500.0,122100.0,122500.0,23183
202602271215,122400.0,122700.0,122200.0,122400.0,26067
202602271230,122500.0,123100.0,122300.0,122800.0,32315
202602271245,122800.0,123200.0,122800.0,123000.0,24453
202602271300,123000.0,123100.0,122600.0,122900.0,24074
202602271315,122900.0,123000.0,122200.0,122700.0,26609
202602271330,122800.0,122800.0,122400.0,122600.0,18982
202602271345,122700.0,122700.0,122000.0,122100.0,35646
202602271400,122200.0,122500.0,122000.0,122100.0,24869
202602271415,122100.0,122400.0,121800.0,121800.0,23754
202602271430,121900.0,122500.0,121800.0,122200.0,40686
202602271445,122200.0,122300.0,121400.0,121400.0,53554
202602271500,121500.0,121800.0,121100.0,121600.0,72215
202602271515,121500.0,121800.0,121400.0,121800.0,1048515
202603030900,119300.0,121700.0,119000.0,119600.0,85843
202603030915,119700.0,120500.0,119600.0,120200.0,38797
202603030930,120200.0,121000.0,120200.0,120700.0,37725
202603030945,120600.0,121600.0,120600.0,121400.0,25844
202603031000,121300.0,121700.0,120700.0,121300.0,29141
202603031015,121300.0,121500.0,120700.0,120900.0,45340
202603031030,120900.0,121200.0,120500.0,121200.0,28924
202603031045,121200.0,121700.0,121000.0,121100.0,49963
202603031100,121100.0,121300.0,120600.0,121100.0,41700
202603031115,121200.0,121700.0,120500.0,121500.0,58699
202603031130,121600.0,122100.0,121100.0,122000.0,32358
202603031145,121900.0,122200.0,121300.0,121500.0,31775
202603031200,121400.0,121800.0,121000.0,121200.0,24592
202603031215,121200.0,121800.0,120700.0,120700.0,39109
202603031230,120700.0,122300.0,120500.0,121900.0,48467
202603031245,121900.0,122400.0,121200.0,122300.0,30931
202603031300,122300.0,122900.0,121600.0,122200.0,33000
202603031315,122100.0,122500.0,121500.0,121700.0,29928
202603031330,121700.0,121900.0,121100.0,121400.0,31982
202603031345,121400.0,121400.0,120400.0,120700.0,33455
202603031400,120600.0,121400.0,120400.0,121000.0,44612
202603031415,120900.0,121200.0,120500.0,121000.0,39050
202603031430,121000.0,121000.0,119900.0,120100.0,46365
202603031445,120100.0,120500.0,119900.0,120400.0,42444
202603031500,120500.0,120800.0,120000.0,120200.0,42977
202603031515,120100.0,120200.0,120100.0,120100.0,126450
202603040900,110500.0,112400.0,108300.0,111000.0,177600
202603040915,111000.0,113200.0,110700.0,112500.0,86310
202603040930,112600.0,113100.0,111200.0,111700.0,46998
202603040945,111700.0,114400.0,111100.0,113800.0,69945
202603041000,113800.0,114200.0,112400.0,112900.0,40334
202603041015,113000.0,113100.0,111600.0,111600.0,47594
202603041030,111600.0,113600.0,111000.0,112700.0,47627
202603041045,112600.0,112900.0,111600.0,111800.0,27375
202603041100,111900.0,112000.0,109200.0,109300.0,41809
202603041115,109400.0,109700.0,109200.0,109300.0,6563
202603041145,109300.0,110200.0,107100.0,108300.0,78639
202603041200,108200.0,108700.0,105800.0,105900.0,58223
202603041215,105900.0,107000.0,104800.0,104900.0,56601
202603041230,104900.0,107300.0,103700.0,106900.0,43703
202603041245,106900.0,111900.0,106900.0,109500.0,56521
202603041300,109400.0,110700.0,108600.0,110400.0,33063
202603041315,110300.0,110600.0,108500.0,108600.0,46752
202603041330,108600.0,109600.0,107100.0,109400.0,54570
202603041345,109100.0,109400.0,107500.0,108500.0,47571
202603041400,108500.0,108900.0,107600.0,108400.0,38060
202603041415,108500.0,108800.0,106700.0,106900.0,35483
202603041430,106800.0,108500.0,106100.0,108000.0,68382
202603041445,108000.0,109000.0,106300.0,106500.0,50444
202603041500,106400.0,107400.0,105700.0,105800.0,52282
202603041515,105900.0,106300.0,105400.0,105500.0,169481
202603050900,113200.0,116400.0,111300.0,112800.0,153545
202603050915,112900.0,113500.0,111400.0,113000.0,78768
202603050930,113000.0,113500.0,111600.0,112400.0,64910
202603050945,112400.0,113900.0,111900.0,113200.0,43180
202603051000,113200.0,113900.0,112600.0,112700.0,40296
202603051015,112650.0,112700.0,112100.0,112200.0,36511
202603051030,112300.0,112900.0,111800.0,112000.0,40078
202603051045,112100.0,112300.0,110600.0,111300.0,61899
202603051100,111300.0,112300.0,111200.0,111900.0,42814
202603051115,111900.0,112300.0,110500.0,110600.0,57045
202603051130,110600.0,111700.0,110500.0,111500.0,28390
202603051145,111500.0,111900.0,111100.0,111300.0,32259
202603051200,111300.0,112400.0,111300.0,111600.0,28385
202603051215,111600.0,112000.0,111100.0,111200.0,34974
202603051230,111200.0,111500.0,110600.0,110900.0,40547
202603051245,110900.0,111000.0,110100.0,110600.0,43903
202603051300,110600.0,110700.0,109500.0,110100.0,53960
202603051315,110100.0,110700.0,110000.0,110300.0,36497
202603051330,110300.0,111300.0,110300.0,111100.0,37425
202603051345,111200.0,112000.0,111100.0,111900.0,52700
202603051400,111800.0,112800.0,111800.0,112300.0,55824
202603051415,112400.0,112900.0,112100.0,112800.0,48010
202603051430,112700.0,112900.0,112300.0,112600.0,50703
202603051445,112600.0,113400.0,111700.0,111700.0,75897
202603051500,111800.0,111800.0,110400.0,110900.0,61332
202603051515,110950.0,112500.0,110900.0,111200.0,174184
202603060900,105900.0,109300.0,105800.0,107600.0,111482
202603060915,107700.0,109400.0,107500.0,108700.0,91580
202603060930,108700.0,110500.0,108400.0,110200.0,46288
202603060945,110200.0,111500.0,109800.0,111100.0,50776
202603061000,111200.0,111200.0,109600.0,110000.0,38614
202603061015,109900.0,110000.0,107700.0,108400.0,40870
202603061030,108300.0,109500.0,108100.0,108900.0,35030
202603061045,108800.0,109700.0,108700.0,109400.0,24564
202603061100,109400.0,110200.0,109300.0,110100.0,22407
202603061115,110100.0,110500.0,109800.0,110300.0,19912
202603061130,110300.0,110300.0,109500.0,109800.0,23896
202603061145,109700.0,109900.0,109300.0,109800.0,19668
202603061200,109900.0,110300.0,109400.0,109500.0,25735
202603061215,109400.0,109700.0,109200.0,109500.0,18748
202603061230,109500.0,110100.0,109100.0,110000.0,18438
202603061245,110100.0,110200.0,109700.0,109800.0,19831
202603061300,109800.0,110400.0,109800.0,110200.0,21241
202603061315,110100.0,110200.0,109800.0,109900.0,11692
202603061330,109800.0,110400.0,109700.0,109800.0,25281
202603061345,109800.0,110100.0,109100.0,109200.0,28902
202603061400,109200.0,110400.0,109200.0,110200.0,33272
202603061415,110300.0,110300.0,109600.0,110000.0,25123
202603061430,110100.0,110600.0,109900.0,110300.0,39725
202603061445,110300.0,110500.0,109600.0,110400.0,42202
202603061500,110300.0,110600.0,110000.0,110200.0,32317
202603061515,110300.0,110900.0,109900.0,110300.0,132552
202603090900,100800.0,105900.0,100800.0,104700.0,118206
202603090915,104700.0,104900.0,103100.0,104200.0,57357
202603090930,104200.0,106000.0,104100.0,106000.0,51077
202603090945,106100.0,106300.0,105000.0,105300.0,50743
202603091000,105300.0,106500.0,105100.0,105700.0,44165
202603091015,105700.0,105900.0,104400.0,104600.0,32310
202603091030,104500.0,104600.0,104300.0,104500.0,1060
202603091100,104600.0,105500.0,103800.0,104800.0,52222
202603091115,104900.0,105100.0,104000.0,104500.0,28064
202603091130,104600.0,105500.0,104100.0,105300.0,30965
202603091145,105400.0,106000.0,105200.0,105600.0,20892
202603091200,105700.0,105700.0,104300.0,104800.0,21430
202603091215,104700.0,105400.0,104500.0,105100.0,21843
202603091230,105100.0,105500.0,104500.0,104700.0,30767
202603091245,104800.0,105100.0,104500.0,104500.0,25272
202603091300,104500.0,105600.0,104500.0,105000.0,26919
202603091315,105000.0,105300.0,104600.0,105000.0,29422
202603091330,104900.0,105200.0,104500.0,105100.0,25473
202603091345,105100.0,105400.0,104500.0,104800.0,27483
202603091400,104800.0,105700.0,104500.0,105600.0,28835
202603091415,105600.0,107700.0,105600.0,107600.0,48216
202603091430,107500.0,108000.0,107300.0,107400.0,57272
202603091445,107700.0,107800.0,106700.0,107500.0,73412
202603091500,107300.0,108000.0,107000.0,107800.0,38970
202603091515,107800.0,108000.0,107300.0,107900.0,127956
202603100900,111000.0,111900.0,109600.0,110600.0,51171
202603100915,110400.0,111200.0,110400.0,111200.0,25741
202603100930,111100.0,111400.0,110200.0,110700.0,31140
202603100945,110800.0,111800.0,110500.0,110600.0,36886
202603101000,110700.0,111500.0,110400.0,111200.0,34043
202603101015,111100.0,111500.0,110600.0,110800.0,18696
202603101030,110700.0,111200.0,110700.0,110800.0,13347
202603101045,110800.0,111100.0,110500.0,110700.0,14687
202603101100,110600.0,110700.0,110300.0,110500.0,26252
202603101115,110500.0,110500.0,110000.0,110000.0,20296
202603101130,110000.0,110100.0,109200.0,109300.0,31430
202603101145,109400.0,109400.0,108600.0,109000.0,14109
202603101200,109000.0,109100.0,108700.0,108800.0,8421
202603101215,108900.0,109200.0,108400.0,108400.0,9804
202603101230,108500.0,108700.0,107800.0,107800.0,15466
202603101245,107800.0,108500.0,107200.0,108000.0,15282
202603101300,108000.0,108500.0,107700.0,108300.0,14991
202603101315,108300.0,108800.0,108000.0,108700.0,12378
202603101330,108800.0,109100.0,108600.0,108900.0,14286
202603101345,108900.0,109100.0,108400.0,108900.0,15316
202603101400,109000.0,109400.0,108700.0,109000.0,17099
202603101415,109100.0,109100.0,108400.0,108600.0,14789
202603101430,108700.0,109100.0,108700.0,109000.0,15873
202603101445,108900.0,109500.0,108900.0,109400.0,19040
202603101500,109400.0,110300.0,109400.0,109800.0,36632
202603101515,109800.0,110100.0,109500.0,109900.0,78818
202603110900,112900.0,115000.0,112700.0,114300.0,85326
202603110915,114200.0,115000.0,113600.0,114600.0,44740
202603110930,114600.0,114900.0,113900.0,114400.0,23080
202603110945,114400.0,115000.0,114100.0,114900.0,20724
202603111000,114800.0,115500.0,114600.0,115400.0,21910
202603111015,115300.0,115900.0,115000.0,115100.0,21172
202603111030,115100.0,115400.0,114700.0,114900.0,15898
202603111045,115000.0,115400.0,114900.0,115300.0,15486
202603111100,115300.0,115700.0,114900.0,115500.0,19700
202603111115,115500.0,115600.0,114900.0,115200.0,16699
202603111130,115200.0,115600.0,115100.0,115600.0,10930
202603111145,115600.0,116000.0,115300.0,115900.0,17290
202603111200,115900.0,116000.0,115500.0,115900.0,17863
202603111215,115800.0,116500.0,115600.0,116500.0,18402
202603111230,116400.0,117400.0,116400.0,117100.0,26195
202603111245,117200.0,117500.0,116500.0,116500.0,21391
202603111300,116500.0,116600.0,116200.0,116600.0,29735
202603111315,116500.0,116700.0,116300.0,116400.0,16759
202603111330,116300.0,116400.0,115600.0,115900.0,23648
202603111345,115900.0,116400.0,115800.0,116000.0,14515
202603111400,116000.0,116100.0,115300.0,115500.0,23909
202603111415,115500.0,115900.0,115300.0,115700.0,29429
202603111430,115700.0,115700.0,114400.0,114400.0,33665
202603111445,114400.0,114700.0,113000.0,113200.0,40632
202603111500,113200.0,114300.0,113000.0,113700.0,38937
202603111515,113700.0,114100.0,113200.0,113400.0,73356
202603120900,111100.0,112100.0,110100.0,111100.0,47146
202603120915,111200.0,111700.0,111000.0,111700.0,22389
202603120930,111700.0,112300.0,111200.0,112200.0,30174
202603120945,112200.0,112300.0,111500.0,111800.0,20467
202603121000,111700.0,111900.0,111200.0,111700.0,25186
202603121015,111800.0,111900.0,111200.0,111500.0,19143
202603121030,111500.0,111800.0,111300.0,111500.0,29753
202603121045,111400.0,111400.0,110900.0,111100.0,24140
202603121100,111000.0,111800.0,111000.0,111300.0,19975
202603121115,111200.0,111600.0,111100.0,111400.0,14026
202603121130,111500.0,111600.0,111000.0,111400.0,13347
202603121145,111400.0,111500.0,111100.0,111400.0,13485
202603121200,111400.0,111700.0,111100.0,111300.0,14352
202603121215,111300.0,111600.0,111100.0,111400.0,9456
202603121230,111300.0,111400.0,111000.0,111400.0,9588
202603121245,111400.0,111400.0,111000.0,111200.0,16908
202603121300,111200.0,111400.0,111100.0,111400.0,15483
202603121315,111400.0,111800.0,111300.0,111800.0,17514
202603121330,111700.0,111800.0,111500.0,111700.0,13737
202603121345,111600.0,111800.0,111400.0,111700.0,14031
202603121400,111600.0,112200.0,111600.0,112100.0,11877
202603121415,112200.0,112200.0,111800.0,112000.0,12539
202603121430,112000.0,112400.0,111800.0,112200.0,15905
202603121445,112300.0,112400.0,111800.0,111900.0,14321
202603121500,112100.0,112100.0,111500.0,111700.0,19501
202603121515,111700.0,112500.0,111500.0,112500.0,260440
202603130900,108300.0,111200.0,107900.0,110700.0,58645
202603130915,110800.0,111100.0,109900.0,110100.0,42241
202603130930,110100.0,110700.0,109800.0,109900.0,34254
202603130945,109800.0,110400.0,109400.0,110400.0,29411
202603131000,110300.0,110700.0,110000.0,110100.0,22713
202603131015,110100.0,110200.0,109700.0,110000.0,20924
202603131030,110100.0,110300.0,109800.0,109800.0,21812
202603131045,109800.0,110500.0,109800.0,109900.0,16430
202603131100,110000.0,110100.0,109500.0,109600.0,23176
202603131115,109600.0,109800.0,109000.0,109300.0,26672
202603131130,109400.0,109600.0,109100.0,109300.0,18541
202603131145,109300.0,110100.0,109200.0,110100.0,26913
202603131200,110000.0,110000.0,109400.0,109500.0,22278
202603131215,109400.0,109600.0,109200.0,109500.0,19643
202603131230,109500.0,109800.0,109400.0,109400.0,13973
202603131245,109500.0,110100.0,109300.0,110000.0,17144
202603131300,110000.0,110300.0,109600.0,109700.0,17582
202603131315,109600.0,109700.0,109000.0,109000.0,22298
202603131330,109000.0,109100.0,108500.0,108800.0,29281
202603131345,108700.0,109300.0,108100.0,108300.0,34849
202603131400,108300.0,108300.0,107300.0,107400.0,119892
202603131415,107500.0,109000.0,107400.0,108800.0,133384
202603131430,108800.0,109000.0,108000.0,108100.0,123700
202603131445,108000.0,108500.0,107800.0,108500.0,130947
202603131500,108500.0,109100.0,108100.0,108900.0,144012
202603131515,109000.0,109400.0,108600.0,108900.0,131024
202603160900,108700.0,108700.0,107300.0,108200.0,36089
202603160915,108300.0,108900.0,108100.0,108600.0,30843
202603160930,108700.0,110100.0,108200.0,109300.0,33160
202603160945,109300.0,109700.0,108600.0,108900.0,31545
202603161000,109000.0,109000.0,107100.0,107200.0,28398
202603161015,107200.0,107700.0,107000.0,107000.0,24783
202603161030,107100.0,107500.0,107000.0,107300.0,19073
202603161045,107400.0,108300.0,107300.0,108200.0,10558
202603161100,108200.0,108300.0,107900.0,108000.0,18646
202603161115,108000.0,108000.0,107300.0,107400.0,18844
202603161130,107500.0,107600.0,107300.0,107500.0,11256
202603161145,107500.0,108100.0,107500.0,108000.0,9615
202603161200,108000.0,108600.0,107800.0,108200.0,13693
202603161215,108200.0,108400.0,108000.0,108300.0,9405
202603161230,108300.0,109400.0,108300.0,109400.0,22862
202603161245,109300.0,109600.0,109000.0,109300.0,11675
202603161300,109400.0,109600.0,108900.0,109400.0,13373
202603161315,109300.0,109400.0,109000.0,109000.0,8012
202603161330,109000.0,109100.0,108500.0,108800.0,12456
202603161345,108800.0,108900.0,108600.0,108700.0,7937
202603161400,108700.0,108900.0,108500.0,108500.0,15337
202603161415,108400.0,108800.0,108300.0,108600.0,21399
202603161430,108700.0,108800.0,108500.0,108500.0,13521
202603161445,108600.0,108800.0,108400.0,108700.0,24911
202603161500,108600.0,108900.0,108400.0,108700.0,25417
202603161515,108700.0,108800.0,108400.0,108400.0,89774
202603170900,111600.0,112100.0,109200.0,109800.0,37952
202603170915,109900.0,110600.0,109300.0,110200.0,30634
202603170930,110200.0,110500.0,109500.0,109800.0,25312
202603170945,109800.0,109900.0,109100.0,109500.0,21143
202603171000,109600.0,109700.0,109100.0,109400.0,12902
202603171015,109500.0,109600.0,109300.0,109500.0,10923
202603171030,109400.0,109900.0,109000.0,109100.0,18694
202603171045,109100.0,109500.0,109000.0,109400.0,8146
202603171100,109400.0,109500.0,109100.0,109400.0,16243
202603171115,109400.0,109700.0,109300.0,109600.0,9351
202603171130,109500.0,109900.0,109400.0,109600.0,10144
202603171145,109600.0,109800.0,109400.0,109500.0,10146
202603171200,109600.0,109700.0,109400.0,109600.0,9385
202603171215,109600.0,109700.0,109400.0,109500.0,8340
202603171230,109600.0,109700.0,109300.0,109400.0,8468
202603171245,109400.0,109700.0,109300.0,109500.0,7717
202603171300,109600.0,109700.0,109400.0,109700.0,6377
202603171315,109600.0,110000.0,109600.0,110000.0,13688
202603171330,110000.0,110800.0,109900.0,110700.0,20847
202603171345,110700.0,111300.0,110700.0,110900.0,24340
202603171400,110900.0,111100.0,110600.0,110700.0,20173
202603171415,110700.0,111200.0,110700.0,111100.0,20387
202603171430,111100.0,111400.0,110700.0,110800.0,27943
202603171445,110800.0,110800.0,110000.0,110200.0,30906
202603171500,110100.0,110400.0,109600.0,110100.0,40659
202603171515,110100.0,110100.0,109400.0,109900.0,91906
202603180900,111800.0,113700.0,111700.0,113500.0,44201
202603180915,113500.0,113700.0,112800.0,113500.0,38305
202603180930,113600.0,114100.0,113500.0,114100.0,46116
202603180945,114100.0,114800.0,114000.0,114400.0,48167
202603181000,114500.0,114700.0,113900.0,113900.0,31164
202603181015,113900.0,114800.0,113900.0,114700.0,28396
202603181030,114700.0,114700.0,114100.0,114400.0,18442
202603181045,114400.0,114500.0,113700.0,113800.0,11823
202603181100,113900.0,114000.0,113600.0,113800.0,17536
202603181115,113800.0,114400.0,113700.0,114300.0,16286
202603181130,114300.0,114900.0,114100.0,114800.0,19572
202603181145,114900.0,114900.0,114200.0,114300.0,13719
202603181200,114300.0,114800.0,114200.0,114800.0,12879
202603181215,114800.0,114800.0,114400.0,114600.0,13265
202603181230,114600.0,114700.0,114300.0,114500.0,11472
202603181245,114500.0,115000.0,114500.0,114700.0,18496
202603181300,114800.0,115000.0,114700.0,115000.0,11163
202603181315,115000.0,115000.0,114500.0,114800.0,16338
202603181330,114800.0,115000.0,114500.0,114900.0,15235
202603181345,114900.0,115000.0,114500.0,114500.0,17394
202603181400,114600.0,114900.0,114300.0,114600.0,18379
202603181415,114600.0,115000.0,114400.0,114400.0,16640
202603181430,114400.0,115100.0,114300.0,115000.0,30215
202603181445,114900.0,115400.0,114800.0,115200.0,26589
202603181500,115200.0,115400.0,115000.0,115100.0,22198
202603181515,115000.0,115200.0,114500.0,114500.0,70507
202603190900,111100.0,111800.0,110400.0,111800.0,86245
202603190915,111800.0,112100.0,111200.0,111450.0,57188
202603190930,111500.0,112000.0,111300.0,111400.0,42721
202603190945,111300.0,112100.0,111300.0,112050.0,47754
202603191000,112100.0,112500.0,111800.0,112100.0,22729
202603191015,112200.0,113400.0,112100.0,113400.0,32654
202603191030,113400.0,113600.0,113100.0,113100.0,28220
202603191045,113200.0,113200.0,112500.0,112500.0,22415
202603191100,112600.0,113200.0,112200.0,113200.0,26522
202603191115,113200.0,113900.0,113100.0,113800.0,15843
202603191130,113800.0,114200.0,113700.0,114100.0,18721
202603191145,114050.0,114600.0,113900.0,114400.0,25617
202603191200,114300.0,115000.0,114300.0,114800.0,23309
202603191215,114800.0,114900.0,114300.0,114500.0,22830
202603191230,114500.0,114700.0,114200.0,114200.0,32953
202603191245,114200.0,114300.0,113900.0,114000.0,16746
202603191300,114000.0,114100.0,113500.0,113900.0,22153
202603191315,113900.0,113900.0,113200.0,113300.0,30607
202603191330,113400.0,113500.0,112300.0,113300.0,34197
202603191345,113300.0,113700.0,113200.0,113400.0,20843
202603191400,113400.0,113600.0,113100.0,113400.0,24673
202603191415,113500.0,113800.0,113400.0,113500.0,28042
202603191430,113450.0,113500.0,113000.0,113200.0,32385
202603191445,113200.0,113400.0,113150.0,113300.0,20797
202603191500,113300.0,113800.0,113200.0,113600.0,30500
202603191515,113600.0,113700.0,113200.0,113200.0,118036
202603200900,113000.0,114800.0,111900.0,114100.0,169209
202603200915,114000.0,114600.0,113600.0,114600.0,29030
202603200930,114600.0,115400.0,114500.0,114800.0,29532
202603200945,114800.0,115000.0,114200.0,114800.0,22559
202603201000,114800.0,115100.0,114200.0,114500.0,25302
202603201015,114600.0,114900.0,114300.0,114700.0,14160
202603201030,114800.0,115300.0,114600.0,115200.0,17377
202603201045,115300.0,115300.0,114100.0,114300.0,27754
202603201100,114400.0,114500.0,114200.0,114400.0,7481
202603201115,114400.0,114500.0,114200.0,114200.0,8797
202603201130,114300.0,114600.0,114200.0,114400.0,8063
202603201145,114300.0,114600.0,114000.0,114300.0,12200
202603201200,114400.0,114500.0,114100.0,114500.0,6852
202603201215,114500.0,114700.0,114200.0,114600.0,9061
202603201230,114500.0,114600.0,114000.0,114300.0,8915
202603201245,114200.0,114700.0,114100.0,114500.0,7299
202603201300,114500.0,114900.0,114100.0,114300.0,23342
202603201315,114400.0,114400.0,113800.0,114200.0,25670
202603201330,114200.0,114400.0,114000.0,114100.0,29953
202603201345,114100.0,114200.0,113600.0,113600.0,20499
202603201400,113600.0,114000.0,113400.0,113800.0,27810
202603201415,113900.0,114000.0,113500.0,113800.0,20222
202603201430,113700.0,114000.0,113500.0,114000.0,21168
202603201445,114000.0,114000.0,113600.0,113900.0,23565
202603201500,114000.0,114200.0,113600.0,113700.0,25945
202603201515,113700.0,113800.0,113200.0,113200.0,1266073
202603230900,109100.0,109700.0,108100.0,108800.0,56675
202603230915,108800.0,109500.0,108200.0,108600.0,48745
202603230930,108600.0,108600.0,107300.0,107300.0,39097
202603230945,107400.0,107400.0,105800.0,106100.0,39346
202603231000,106000.0,106400.0,105900.0,106300.0,30251
202603231015,106200.0,107000.0,106100.0,106800.0,27673
202603231030,106700.0,107400.0,106700.0,107000.0,19143
202603231045,106900.0,107000.0,106100.0,106400.0,21399
202603231100,106400.0,106500.0,105800.0,105900.0,29422
202603231115,105900.0,106800.0,105800.0,106300.0,17692
202603231130,106300.0,106300.0,105700.0,105800.0,24497
202603231145,105700.0,105800.0,105200.0,105200.0,25748
202603231200,105300.0,105500.0,104800.0,104800.0,27582
202603231215,104800.0,105000.0,104500.0,104600.0,22700
202603231230,104600.0,105000.0,104500.0,104800.0,21544
202603231245,104800.0,104800.0,104400.0,104600.0,29150
202603231300,104700.0,105400.0,104300.0,105000.0,24687
202603231315,105000.0,105600.0,105000.0,105300.0,19379
202603231330,105300.0,106000.0,105200.0,105500.0,19348
202603231345,105500.0,105900.0,105500.0,105900.0,20360
202603231400,105900.0,106100.0,105600.0,105900.0,22473
202603231415,106000.0,106100.0,105400.0,105500.0,33905
202603231430,105500.0,106000.0,105100.0,105300.0,32976
202603231445,105300.0,105700.0,105100.0,105600.0,32288
202603231500,105600.0,106000.0,105100.0,105900.0,40714
202603231515,105900.0,106000.0,105300.0,106000.0,93647
202603240900,109000.0,109500.0,107000.0,107300.0,36802
202603240915,107200.0,107900.0,106900.0,107700.0,26913
202603240930,107600.0,107900.0,106000.0,106700.0,32362
202603240945,106800.0,107000.0,106500.0,106500.0,16848
202603241000,106500.0,107000.0,105600.0,105900.0,34354
202603241015,105900.0,107000.0,105300.0,106700.0,30959
202603241030,106700.0,106700.0,105700.0,105800.0,12873
202603241045,105800.0,105800.0,105000.0,105100.0,19342
202603241100,105000.0,105900.0,105000.0,105400.0,14434
202603241115,105500.0,106400.0,105400.0,106200.0,14414
202603241130,106100.0,106800.0,106100.0,106700.0,12572
202603241145,106800.0,106900.0,105700.0,106100.0,9585
202603241200,106100.0,106600.0,105900.0,106150.0,11602
202603241215,106200.0,106700.0,106100.0,106400.0,10707
202603241230,106300.0,106700.0,106000.0,106600.0,13010
202603241245,106600.0,107000.0,106100.0,106600.0,27790
202603241300,106700.0,106800.0,106400.0,106600.0,12119
202603241315,106600.0,106700.0,106100.0,106500.0,14509
202603241330,106500.0,106600.0,106300.0,106400.0,10825
202603241345,106400.0,107100.0,106200.0,106400.0,25075
202603241400,106400.0,106500.0,106000.0,106500.0,14441
202603241415,106500.0,107100.0,106100.0,106100.0,24027
202603241430,106200.0,107000.0,106100.0,106800.0,30070
202603241445,106900.0,107100.0,106400.0,106900.0,33791
202603241500,106900.0,107300.0,106700.0,107000.0,45793
202603241515,107100.0,107400.0,106500.0,106500.0,166179
202603250900,109500.0,110400.0,109100.0,110300.0,44973
202603250915,110300.0,110500.0,109300.0,109700.0,37782
202603250930,109700.0,110700.0,109600.0,110500.0,37810
202603250945,110500.0,110600.0,109300.0,109400.0,24192
202603251000,109400.0,109800.0,109100.0,109500.0,28136
202603251015,109500.0,109800.0,109100.0,109200.0,22449
202603251030,109300.0,109700.0,108700.0,109000.0,45415
202603251045,109000.0,109500.0,108800.0,109200.0,37750
202603251100,109200.0,109300.0,108500.0,108800.0,31108
202603251115,108800.0,108900.0,108400.0,108500.0,14751
202603251130,108550.0,108800.0,108400.0,108400.0,12552
202603251145,108400.0,108600.0,108000.0,108200.0,18361
202603251200,108300.0,108500.0,108100.0,108300.0,14549
202603251215,108300.0,108900.0,108200.0,108500.0,15189
202603251230,108500.0,108800.0,108400.0,108700.0,14033
202603251245,108700.0,109100.0,108600.0,108700.0,16228
202603251300,108700.0,109100.0,108600.0,109000.0,21079
202603251315,108900.0,109400.0,108900.0,109300.0,27073
202603251330,109300.0,109500.0,109100.0,109200.0,19938
202603251345,109200.0,109600.0,109100.0,109100.0,22253
202603251400,109200.0,109700.0,109000.0,109500.0,28507
202603251415,109500.0,109700.0,109200.0,109200.0,28541
202603251430,109300.0,109400.0,109000.0,109200.0,33494
202603251445,109200.0,109400.0,108500.0,108900.0,46850
202603251500,108900.0,109300.0,108500.0,109000.0,35504
202603251515,109000.0,109200.0,108600.0,108700.0,133230
202603260900,108800.0,109200.0,108000.0,108800.0,40498
202603260915,108800.0,109400.0,108700.0,109100.0,25040
202603260930,109200.0,109700.0,108900.0,109000.0,35305
202603260945,109000.0,109500.0,108700.0,109200.0,29359
202603261000,109200.0,109500.0,108800.0,109100.0,26488
202603261015,109000.0,109600.0,108900.0,109500.0,35537
202603261030,109500.0,109900.0,109100.0,109900.0,39148
202603261045,109900.0,110400.0,109700.0,110300.0,45295
202603261100,110300.0,110500.0,109800.0,110200.0,32943
202603261115,110200.0,110200.0,109300.0,109500.0,34335
202603261130,109600.0,109600.0,108700.0,109000.0,28555
202603261145,109000.0,109100.0,108500.0,108700.0,15523
202603261200,108800.0,109300.0,108700.0,109100.0,26503
202603261215,109200.0,109300.0,108900.0,109100.0,11856
202603261230,109100.0,109700.0,109000.0,109400.0,19927
202603261245,109400.0,109600.0,109100.0,109600.0,17295
202603261300,109500.0,109800.0,109300.0,109400.0,25752
202603261315,109400.0,109600.0,109200.0,109400.0,20229
202603261330,109500.0,109500.0,109000.0,109400.0,21291
202603261345,109300.0,109500.0,109200.0,109200.0,11962
202603261400,109300.0,109300.0,108800.0,109000.0,18687
202603261415,109000.0,109000.0,108600.0,108900.0,20269
202603261430,108900.0,109000.0,108700.0,108800.0,16405
202603261445,108800.0,108800.0,108300.0,108700.0,20788
202603261500,108600.0,108700.0,108100.0,108100.0,19601
202603261515,108100.0,108800.0,108100.0,108800.0,128067
202603270900,106100.0,106300.0,104200.0,104900.0,41086
202603270915,104900.0,106300.0,104700.0,106200.0,26815
202603270930,106100.0,106200.0,105200.0,105400.0,28938
202603270945,105400.0,105600.0,105000.0,105600.0,23091
202603271000,105500.0,107000.0,105300.0,107000.0,25526
202603271015,107000.0,107900.0,106500.0,107800.0,27920
202603271030,107800.0,108200.0,107500.0,107500.0,20440
202603271045,107500.0,108000.0,107100.0,108000.0,16992
202603271100,108000.0,108000.0,106900.0,107400.0,27153
202603271115,107400.0,107800.0,107200.0,107800.0,15188
202603271130,107700.0,108200.0,107700.0,108200.0,23816
202603271145,108200.0,108300.0,107800.0,108100.0,15388
202603271200,108000.0,108400.0,107700.0,107900.0,21739
202603271215,107800.0,108200.0,107700.0,107900.0,13135
202603271230,108000.0,108600.0,107900.0,108300.0,27834
202603271245,108300.0,108400.0,108100.0,108200.0,9241
202603271300,108300.0,108300.0,108000.0,108100.0,16604
202603271315,108000.0,108800.0,108000.0,108800.0,13484
202603271330,108800.0,108900.0,108200.0,108500.0,27743
202603271345,108500.0,108700.0,108200.0,108600.0,28510
202603271400,108600.0,109000.0,108300.0,108800.0,32178
202603271415,108800.0,109500.0,108600.0,109300.0,29231
202603271430,109200.0,109800.0,109100.0,109500.0,31365
202603271445,109400.0,110600.0,109300.0,110400.0,39948
202603271500,110400.0,110500.0,110050.0,110400.0,21653
202603271515,110400.0,110500.0,110100.0,110400.0,113036
202603300900,104100.0,105600.0,103200.0,105200.0,42581
202603300915,105200.0,106700.0,105100.0,106600.0,34488
202603300930,106600.0,106900.0,105800.0,106000.0,22201
202603300945,106000.0,106400.0,105700.0,106200.0,16270
202603301000,106200.0,106300.0,105500.0,105900.0,19186
202603301015,105900.0,106200.0,105600.0,106000.0,15833
202603301030,106100.0,107400.0,106000.0,107000.0,28868
202603301045,107000.0,107400.0,106600.0,106700.0,17294
202603301100,106700.0,107100.0,106500.0,106600.0,22898
202603301115,106700.0,106700.0,105500.0,105800.0,22944
202603301130,105800.0,106600.0,105700.0,106400.0,12840
202603301145,106400.0,107200.0,106400.0,106800.0,28225
202603301200,106800.0,107500.0,106800.0,107200.0,18003
202603301215,107200.0,107700.0,107100.0,107400.0,20595
202603301230,107400.0,107700.0,107300.0,107500.0,16083
202603301245,107500.0,107600.0,107000.0,107200.0,14220
202603301300,107200.0,107300.0,106800.0,106900.0,16769
202603301315,107000.0,107200.0,106700.0,107100.0,11586
202603301330,107100.0,107200.0,106500.0,106600.0,13780
202603301345,106600.0,106700.0,106300.0,106700.0,16702
202603301400,106600.0,106700.0,106400.0,106400.0,8198
202603301415,106500.0,106800.0,106200.0,106600.0,21663
202603301430,106600.0,107100.0,106500.0,107100.0,21475
202603301445,107100.0,107100.0,106600.0,107000.0,36221
202603301500,106900.0,107600.0,106800.0,106800.0,35880
202603301515,106900.0,107300.0,106700.0,107200.0,141227
202603310900,105300.0,106700.0,104100.0,104300.0,40341
202603310915,104200.0,105400.0,104100.0,105300.0,34615
202603310930,105200.0,105800.0,104200.0,105800.0,63333
202603310945,105900.0,106900.0,105600.0,105800.0,35097
202603311000,105800.0,106300.0,105000.0,105600.0,38064
202603311015,105600.0,106700.0,105400.0,106500.0,33277
202603311030,106500.0,107100.0,106400.0,106700.0,27772
202603311045,106600.0,107600.0,106600.0,107200.0,32932
202603311100,107300.0,107300.0,106700.0,107200.0,30620
202603311115,107200.0,107400.0,106800.0,107300.0,24286
202603311130,107300.0,107400.0,106900.0,106900.0,17236
202603311145,107000.0,108100.0,106900.0,107700.0,31096
202603311200,107700.0,108100.0,107600.0,107900.0,22712
202603311215,107900.0,108200.0,107550.0,107800.0,18521
202603311230,107800.0,107800.0,107200.0,107200.0,22356
202603311245,107200.0,107300.0,106800.0,107100.0,21976
202603311300,107100.0,107500.0,106900.0,107300.0,31318
202603311315,107300.0,107400.0,107100.0,107200.0,17009
202603311330,107100.0,107700.0,107100.0,107500.0,26280
202603311345,107500.0,107600.0,107000.0,107600.0,29442
202603311400,107700.0,107900.0,107200.0,107200.0,27073
202603311415,107300.0,108000.0,107200.0,107600.0,35548
202603311430,107700.0,108000.0,107500.0,107800.0,28313
202603311445,107900.0,108300.0,107700.0,107900.0,42707
202603311500,108000.0,108000.0,106600.0,107300.0,57874
202603311515,107200.0,107400.0,106600.0,106600.0,256750
202604010900,110700.0,112050.0,109600.0,111200.0,75879
202604010915,111150.0,111400.0,110400.0,110600.0,42768
202604010930,110500.0,111200.0,110500.0,110900.0,33106
202604010945,110900.0,111000.0,110100.0,110100.0,36088
202604011000,110200.0,110500.0,109500.0,110400.0,32970
202604011015,110500.0,111900.0,110100.0,111800.0,69131
202604011030,111800.0,112300.0,111400.0,111500.0,35377
202604011045,111500.0,111800.0,111000.0,111200.0,21099
202604011100,111200.0,111400.0,110900.0,111100.0,20403
202604011115,111100.0,111700.0,111100.0,111700.0,25830
202604011130,111600.0,111900.0,111500.0,111800.0,20414
202604011145,111800.0,111900.0,111300.0,111500.0,17340
202604011200,111400.0,111800.0,111300.0,111500.0,18193
202604011215,111500.0,111900.0,111400.0,111800.0,21219
202604011230,111800.0,112200.0,111700.0,111800.0,23992
202604011245,111800.0,112200.0,111500.0,112200.0,25542
202604011300,112100.0,112500.0,112000.0,112400.0,31880
202604011315,112400.0,112700.0,112200.0,112600.0,32747
202604011330,112500.0,113000.0,112300.0,112600.0,41486
202604011345,112600.0,113300.0,112600.0,113300.0,39272
202604011400,113300.0,113400.0,112000.0,113200.0,47793
202604011415,113200.0,113600.0,113100.0,113100.0,46665
202604011430,113200.0,113800.0,113100.0,113600.0,41343
202604011445,113700.0,114000.0,113500.0,113600.0,39619
202604011500,113500.0,114000.0,113100.0,113500.0,42304
202604011515,113500.0,113600.0,112800.0,112800.0,131495
202604020900,114600.0,115800.0,114500.0,115000.0,65138
202604020915,114900.0,115100.0,114600.0,114900.0,39854
202604020930,114900.0,115500.0,114600.0,115100.0,43823
202604020945,115100.0,117000.0,115100.0,116600.0,49481
202604021000,116600.0,116900.0,115500.0,115700.0,76372
202604021015,115700.0,115700.0,112600.0,112800.0,83780
202604021030,112800.0,113000.0,111500.0,111500.0,64079
202604021045,111500.0,112800.0,111200.0,112700.0,28394
202604021100,112600.0,112800.0,111000.0,111400.0,39356
202604021115,111400.0,111800.0,110800.0,111100.0,28395
202604021130,111100.0,111400.0,110700.0,111000.0,26147
202604021145,111100.0,111300.0,110800.0,110900.0,25919
202604021200,111000.0,111500.0,110500.0,111300.0,21418
202604021215,111400.0,111500.0,110900.0,111200.0,17472
202604021230,111300.0,111300.0,110600.0,111200.0,23159
202604021245,111200.0,111300.0,110600.0,110900.0,18476
202604021300,110900.0,111000.0,110100.0,110800.0,36636
202604021315,110700.0,111200.0,110700.0,111100.0,25756
202604021330,111000.0,111200.0,110500.0,110500.0,22866
202604021345,110500.0,110700.0,110100.0,110500.0,29164
202604021400,110500.0,111200.0,110500.0,111100.0,37174
202604021415,111100.0,111300.0,110900.0,111100.0,27771
202604021430,111100.0,111200.0,110000.0,110100.0,36594
202604021445,110100.0,110500.0,109400.0,109600.0,46578
202604021500,109500.0,110400.0,109100.0,109500.0,46809
202604021515,109500.0,110400.0,109500.0,110400.0,113943
202604030900,113000.0,113000.0,112200.0,112200.0,24213
202604030915,112200.0,112500.0,111700.0,112500.0,22694
202604030930,112500.0,112900.0,111700.0,111800.0,16801
202604030945,111800.0,111900.0,110600.0,111200.0,20034
202604031000,111300.0,111600.0,111100.0,111300.0,12194
202604031015,111400.0,111500.0,110400.0,110600.0,16565
202604031030,110500.0,111400.0,110500.0,110800.0,18514
202604031045,110700.0,111200.0,110500.0,111000.0,25811
202604031100,111000.0,111000.0,110200.0,110800.0,21925
202604031115,110800.0,110900.0,110200.0,110400.0,20170
202604031130,110600.0,110600.0,110100.0,110200.0,20236
202604031145,110300.0,111000.0,110200.0,110800.0,16878
202604031200,110900.0,111100.0,110700.0,110900.0,16017
202604031215,110900.0,111350.0,110800.0,111250.0,17356
202604031230,111250.0,111500.0,111000.0,111200.0,16678
202604031245,111200.0,111500.0,111100.0,111300.0,15984
202604031300,111300.0,111500.0,111000.0,111100.0,11886
202604031315,111300.0,111300.0,110700.0,111000.0,16129
202604031330,111000.0,111200.0,110700.0,110800.0,21108
202604031345,110800.0,111100.0,110600.0,110900.0,13645
202604031400,110900.0,111100.0,110300.0,110300.0,14254
202604031415,110300.0,110500.0,110100.0,110400.0,19638
202604031430,110400.0,110600.0,110100.0,110400.0,18676
202604031445,110300.0,110500.0,110000.0,110400.0,23600
202604031500,110400.0,110600.0,110000.0,110000.0,24329
202604031515,110100.0,110200.0,109700.0,109700.0,42912
202604060900,110300.0,113100.0,110300.0,112600.0,60663
202604060915,112600.0,113100.0,111200.0,111400.0,30395
202604060930,111400.0,112100.0,111300.0,111700.0,20027
202604060945,111700.0,112000.0,111400.0,111900.0,14696
202604061000,111900.0,112100.0,111400.0,111600.0,17540
202604061015,111700.0,112200.0,111100.0,111900.0,16736
202604061030,111800.0,112100.0,111450.0,112000.0,13952
202604061045,112000.0,112000.0,111100.0,111800.0,16810
202604061100,111600.0,113100.0,111300.0,113100.0,29491
202604061115,113000.0,113800.0,112900.0,112900.0,31098
202604061130,113000.0,113300.0,112600.0,112800.0,16306
202604061145,112700.0,112900.0,111700.0,112000.0,21262
202604061200,111900.0,112300.0,111900.0,112000.0,9678
202604061215,112100.0,112200.0,111700.0,111800.0,17314
202604061230,111800.0,112700.0,111700.0,112600.0,18593
202604061245,112700.0,112800.0,111900.0,112600.0,18703
202604061300,112500.0,113000.0,112500.0,112600.0,20980
202604061315,112600.0,113000.0,112500.0,112900.0,17886
202604061330,112800.0,113300.0,112800.0,112900.0,20204
202604061345,112900.0,113300.0,112700.0,112800.0,20711
202604061400,112800.0,113400.0,112700.0,112900.0,20966
202604061415,113000.0,113300.0,112600.0,112700.0,19993
202604061430,112600.0,112800.0,112300.0,112400.0,17519
202604061445,112400.0,112500.0,112000.0,112000.0,14316
202604061500,112100.0,113000.0,112100.0,112900.0,11270
202604061515,112800.0,113000.0,112400.0,112400.0,49464
202604070900,112200.0,114300.0,111800.0,114000.0,51154
202604070915,114000.0,114700.0,113700.0,114600.0,20361
202604070930,114500.0,115000.0,114500.0,115000.0,25761
202604070945,115000.0,115500.0,114600.0,114700.0,31954
202604071000,114700.0,114700.0,114100.0,114650.0,19783
202604071015,114700.0,114850.0,114300.0,114500.0,26552
202604071030,114550.0,114800.0,113800.0,114300.0,20283
202604071045,114250.0,114350.0,112900.0,113000.0,30988
202604071100,113000.0,113100.0,112200.0,112600.0,35449
202604071115,112600.0,112900.0,112300.0,112500.0,22716
202604071130,112600.0,113000.0,112400.0,112900.0,19271
202604071145,113000.0,113200.0,112700.0,113050.0,16748
202604071200,113050.0,113400.0,113000.0,113300.0,15140
202604071215,113300.0,113500.0,112900.0,113300.0,18005
202604071230,113300.0,113750.0,112800.0,113100.0,18096
202604071245,113100.0,113400.0,112900.0,113150.0,14566
202604071300,113200.0,113350.0,112100.0,112700.0,19225
202604071315,112700.0,113050.0,112600.0,113050.0,16425
202604071330,113050.0,113100.0,112200.0,112500.0,17602
202604071345,112500.0,112600.0,112000.0,112000.0,18988
202604071400,112100.0,112100.0,111500.0,111800.0,24097
202604071415,111700.0,112000.0,111500.0,111500.0,21247
202604071430,111550.0,111900.0,111500.0,111900.0,25771
202604071445,111900.0,112200.0,111700.0,111900.0,30483
202604071500,112000.0,112000.0,111200.0,111450.0,58965
202604071515,111500.0,111600.0,111200.0,111200.0,100002
202604080900,118300.0,118800.0,117100.0,117900.0,108586
202604080915,117800.0,118400.0,117300.0,117700.0,49664
202604080930,117600.0,117900.0,116600.0,117000.0,44489
202604080945,116900.0,117500.0,116600.0,116700.0,42987
202604081000,116700.0,117600.0,116700.0,117600.0,30595
202604081015,117500.0,117700.0,116700.0,117300.0,42408
202604081030,117200.0,117700.0,117000.0,117700.0,33888
202604081045,117700.0,118000.0,117300.0,117900.0,32766
202604081100,118000.0,118500.0,117700.0,117900.0,35500
202604081115,117900.0,118500.0,117700.0,118400.0,34107
202604081130,118400.0,118600.0,118000.0,118250.0,23361
202604081145,118250.0,118700.0,118100.0,118500.0,21834
202604081200,118300.0,118500.0,118000.0,118300.0,34024
202604081215,118300.0,118700.0,118000.0,118200.0,27897
202604081230,118200.0,118600.0,118000.0,118200.0,18981
202604081245,118300.0,118600.0,118100.0,118300.0,23617
202604081300,118300.0,118500.0,117900.0,118100.0,29784
202604081315,118100.0,118300.0,117600.0,117900.0,26493
202604081330,117900.0,118100.0,117200.0,117400.0,27528
202604081345,117400.0,117850.0,116900.0,117700.0,49271
202604081400,117700.0,118200.0,117500.0,117900.0,38982
202604081415,117850.0,118100.0,117500.0,117900.0,25072
202604081430,117900.0,118100.0,117100.0,117200.0,24596
202604081445,117400.0,117600.0,116900.0,117400.0,24506
202604081500,117400.0,117900.0,117200.0,117500.0,20247
202604081515,117400.0,117500.0,116900.0,117100.0,93163
202604090900,119900.0,120200.0,117100.0,117900.0,81415
202604090915,117900.0,119200.0,117800.0,118300.0,44371
202604090930,118400.0,119000.0,118300.0,118600.0,37232
202604090945,118600.0,119400.0,118400.0,119100.0,36700
202604091000,119000.0,119300.0,118800.0,119100.0,33138
202604091015,119100.0,119500.0,118900.0,119100.0,38350
202604091030,119200.0,119900.0,119000.0,119700.0,30941
202604091045,119800.0,119900.0,119200.0,119500.0,32700
202604091100,119400.0,119600.0,118900.0,119200.0,28458
202604091115,119200.0,119500.0,118700.0,119000.0,29018
202604091130,118900.0,119600.0,118800.0,119400.0,26438
202604091145,119600.0,119900.0,119300.0,119700.0,32605
202604091200,119500.0,119600.0,119000.0,119000.0,27088
202604091215,119100.0,119400.0,118900.0,119100.0,24745
202604091230,119100.0,119400.0,119000.0,119200.0,22440
202604091245,119100.0,119300.0,118800.0,119100.0,25329
202604091300,119200.0,119400.0,118900.0,119200.0,20113
202604091315,119200.0,119200.0,118600.0,118800.0,23483
202604091330,118900.0,118950.0,118400.0,118500.0,26499
202604091345,118500.0,118500.0,117500.0,117600.0,31313
202604091400,117600.0,117700.0,117300.0,117600.0,29961
202604091415,117500.0,117900.0,117300.0,117400.0,27209
202604091430,117500.0,117600.0,117000.0,117100.0,30650
202604091445,117200.0,117500.0,116900.0,117500.0,29404
202604091500,117400.0,117900.0,117200.0,117500.0,31302
202604091515,117400.0,117500.0,116700.0,117100.0,270860
202604100900,118100.0,120000.0,117800.0,119700.0,40066
202604100915,119700.0,120900.0,119700.0,120600.0,42545
202604100930,120700.0,121200.0,120300.0,120400.0,28523
202604100945,120500.0,120600.0,118600.0,118700.0,27111
202604101000,118750.0,119300.0,118600.0,119000.0,19103
202604101015,119000.0,119900.0,118900.0,119700.0,27373
202604101030,119900.0,120000.0,118800.0,119300.0,27641
202604101045,119300.0,119800.0,118300.0,118500.0,27968
202604101100,118500.0,118900.0,118000.0,118600.0,28693
202604101115,118600.0,119050.0,118300.0,119000.0,23098
202604101130,119000.0,119400.0,118700.0,118900.0,25088
202604101145,119100.0,119300.0,118750.0,119200.0,15360
202604101200,119200.0,119600.0,118900.0,119300.0,18421
202604101215,119300.0,119700.0,119100.0,119500.0,18533
202604101230,119500.0,120000.0,119400.0,119900.0,20173
202604101245,119900.0,120000.0,119300.0,119600.0,25864
202604101300,119600.0,119700.0,119200.0,119600.0,27573
202604101315,119600.0,119700.0,119200.0,119600.0,17309
202604101330,119600.0,119700.0,118900.0,119100.0,30266
202604101345,119200.0,119700.0,119100.0,119400.0,24718
202604101400,119300.0,119600.0,119000.0,119000.0,19885
202604101415,119000.0,119400.0,118900.0,119000.0,21907
202604101430,119200.0,119350.0,118900.0,119200.0,18440
202604101445,119200.0,119750.0,119100.0,119600.0,20513
202604101500,119600.0,119900.0,119200.0,119400.0,19129
202604101515,119300.0,119700.0,119300.0,119500.0,96030
202604130900,116800.0,118800.0,116300.0,118600.0,50420
202604130915,118700.0,119900.0,118100.0,119700.0,41138
202604130930,119600.0,119900.0,119100.0,119600.0,35023
202604130945,119600.0,120100.0,119500.0,120000.0,32475
202604131000,120000.0,120400.0,119900.0,120100.0,19801
202604131015,120100.0,120400.0,120000.0,120100.0,12208
202604131030,120100.0,120200.0,119600.0,119800.0,21775
202604131045,119800.0,120200.0,119500.0,119700.0,19980
202604131100,119600.0,119900.0,119400.0,119700.0,26985
202604131115,119700.0,119900.0,119400.0,119700.0,20328
202604131130,119800.0,120000.0,119100.0,119700.0,30266
202604131145,119700.0,120000.0,119700.0,119700.0,15670
202604131200,119700.0,119800.0,119200.0,119300.0,18383
202604131215,119300.0,119700.0,119200.0,119600.0,14531
202604131230,119400.0,119800.0,119400.0,119700.0,13183
202604131245,119700.0,119900.0,119400.0,119700.0,14705
202604131300,119700.0,119800.0,119400.0,119600.0,17998
202604131315,119700.0,119700.0,119400.0,119500.0,14967
202604131330,119500.0,119600.0,119300.0,119500.0,16653
202604131345,119500.0,119700.0,119200.0,119500.0,17072
202604131400,119600.0,119600.0,119300.0,119300.0,17865
202604131415,119300.0,119600.0,119300.0,119400.0,16177
202604131430,119500.0,119600.0,119300.0,119600.0,21016
202604131445,119600.0,119600.0,119100.0,119300.0,34353
202604131500,119300.0,119800.0,119000.0,119700.0,29708
202604131515,119600.0,120000.0,119600.0,120000.0,177560
202604140900,122600.0,122800.0,121400.0,121500.0,36018
202604140915,121500.0,122600.0,121100.0,122500.0,38926
202604140930,122500.0,122700.0,122000.0,122200.0,28788
202604140945,122200.0,122400.0,121900.0,122050.0,23825
202604141000,122050.0,122400.0,122000.0,122300.0,28903
202604141015,122300.0,122500.0,121800.0,122000.0,59558
202604141030,122000.0,122500.0,121800.0,122400.0,33923
202604141045,122400.0,122500.0,121900.0,122200.0,14840
202604141100,122200.0,122400.0,122000.0,122100.0,22554
202604141115,122100.0,122200.0,121900.0,122100.0,11895
202604141130,122200.0,122300.0,122100.0,122200.0,13244
202604141145,122200.0,122300.0,121500.0,121700.0,18072
202604141200,121700.0,122300.0,121600.0,122000.0,18286
202604141215,122000.0,122100.0,121700.0,121900.0,12638
202604141230,121800.0,122300.0,121800.0,122200.0,11383
202604141245,122200.0,122300.0,122000.0,122100.0,10158
202604141300,122000.0,122400.0,122000.0,122100.0,15145
202604141315,122100.0,122400.0,121800.0,121900.0,28472
202604141330,122000.0,122100.0,121800.0,122100.0,19960
202604141345,122000.0,122200.0,121800.0,122000.0,20023
202604141400,122000.0,122200.0,122000.0,122000.0,19200
202604141415,122000.0,122100.0,121800.0,122000.0,27961
202604141430,121950.0,122200.0,121400.0,122000.0,33521
202604141445,122000.0,122100.0,121200.0,121200.0,35206
202604141500,121200.0,121600.0,121200.0,121300.0,19159
202604141515,121400.0,121400.0,120800.0,120800.0,47668
202604150900,121900.0,124200.0,121800.0,124000.0,56033
202604150915,124000.0,124500.0,123500.0,124500.0,65855
202604150930,124500.0,124800.0,123800.0,124000.0,35570
202604150945,123900.0,124600.0,122950.0,122950.0,30780
202604151000,123000.0,123900.0,122600.0,123600.0,34305
202604151015,123700.0,123900.0,122400.0,122450.0,27746
202604151030,122400.0,122600.0,122100.0,122400.0,27013
202604151045,122400.0,122700.0,121900.0,122100.0,34011
202604151100,122100.0,122700.0,122100.0,122600.0,13700
202604151115,122700.0,122800.0,122000.0,122300.0,15177
202604151130,122300.0,122500.0,121900.0,121900.0,18188
202604151145,122000.0,122100.0,121900.0,122000.0,10150
202604151200,121900.0,122300.0,121900.0,122300.0,13495
202604151215,122300.0,122500.0,122200.0,122400.0,8663
202604151230,122400.0,122400.0,122000.0,122000.0,8072
202604151245,122100.0,122500.0,122000.0,122300.0,13302
202604151300,122300.0,122300.0,121400.0,121500.0,16896
202604151315,121500.0,122100.0,121500.0,121800.0,15969
202604151330,121800.0,122100.0,121500.0,121800.0,16835
202604151345,121700.0,121900.0,121500.0,121600.0,17491
202604151400,121700.0,122000.0,121100.0,121800.0,28558
202604151415,121800.0,121900.0,120900.0,120900.0,22097
202604151430,120900.0,121500.0,120800.0,121100.0,25775
202604151445,121100.0,121400.0,121000.0,121300.0,20550
202604151500,121300.0,121400.0,120900.0,121000.0,28901
202604151515,121000.0,121400.0,121000.0,121100.0,108192
202604160900,121800.0,123700.0,121600.0,123600.0,45316
202604160915,123700.0,123700.0,122600.0,122900.0,24696
202604160930,122900.0,123600.0,122800.0,123600.0,18463
202604160945,123500.0,123900.0,122600.0,122900.0,30723
202604161000,122900.0,122900.0,122300.0,122600.0,14984
202604161015,122600.0,122600.0,122000.0,122300.0,15615
202604161030,122400.0,122500.0,122100.0,122200.0,10997
202604161045,122300.0,122900.0,122100.0,122600.0,19650
202604161100,122550.0,122800.0,122300.0,122700.0,17931
202604161115,122700.0,122900.0,122400.0,122800.0,10397
202604161130,122800.0,122800.0,122400.0,122600.0,10221
202604161145,122600.0,122600.0,122000.0,122100.0,9378
202604161200,122100.0,122400.0,122100.0,122300.0,9982
202604161215,122300.0,122400.0,122100.0,122400.0,6341
202604161230,122300.0,122900.0,122300.0,122400.0,11393
202604161245,122500.0,122500.0,122400.0,122500.0,4362
202604161300,122400.0,122900.0,122300.0,122800.0,13956
202604161315,122800.0,122800.0,122700.0,122800.0,4249
202604161330,122800.0,122800.0,122700.0,122700.0,5374
202604161345,122800.0,122800.0,122500.0,122600.0,7412
202604161400,122500.0,122600.0,122300.0,122500.0,8600
202604161415,122400.0,122600.0,122400.0,122400.0,12109
202604161430,122400.0,122700.0,122200.0,122200.0,20142
202604161445,122200.0,122500.0,122200.0,122500.0,15415
202604161500,122500.0,122500.0,122300.0,122400.0,12676
202604161515,122300.0,122500.0,122300.0,122500.0,87968
202604170900,122400.0,123100.0,121700.0,122200.0,34816
202604170915,122100.0,123100.0,122000.0,123100.0,20536
202604170930,123100.0,123200.0,122600.0,122700.0,22439
202604170945,122600.0,122800.0,122200.0,122300.0,11419
202604171000,122400.0,122700.0,122200.0,122500.0,16324
202604171015,122500.0,123100.0,122500.0,122900.0,15270
202604171030,122900.0,123000.0,122700.0,123000.0,9589
202604171045,123000.0,123100.0,122800.0,122900.0,14376
202604171100,122900.0,122900.0,122700.0,122900.0,11813
202604171115,122900.0,123100.0,122800.0,123000.0,9265
202604171130,123000.0,123200.0,122900.0,123100.0,9028
202604171145,123000.0,123600.0,123000.0,123500.0,16584
202604171200,123500.0,123500.0,123300.0,123400.0,5289
202604171215,123400.0,123700.0,123300.0,123600.0,13429
202604171230,123600.0,124000.0,123500.0,123900.0,15744
202604171245,123900.0,124300.0,123800.0,124100.0,18246
202604171300,124200.0,124400.0,123900.0,124000.0,20517
202604171315,124100.0,124300.0,124000.0,124100.0,15696
202604171330,124100.0,124200.0,123800.0,124000.0,13375
202604171345,124000.0,124200.0,123800.0,124000.0,13857
202604171400,124000.0,124400.0,124000.0,124200.0,16247
202604171415,124200.0,124400.0,123900.0,124000.0,13261
202604171430,124100.0,124300.0,124000.0,124000.0,13641
202604171445,124100.0,124400.0,123900.0,124100.0,23614
202604171500,124200.0,124200.0,123800.0,123900.0,17446
202604171515,123900.0,124100.0,123500.0,123500.0,60488
202604200900,124000.0,124400.0,123300.0,124400.0,34212
202604200915,124300.0,124400.0,123200.0,123300.0,22936
202604200930,123300.0,123800.0,123200.0,123600.0,15315
202604200945,123500.0,124300.0,123500.0,124000.0,16368
202604201000,124000.0,124500.0,124000.0,124200.0,17541
202604201015,124200.0,124300.0,123900.0,123900.0,14623
202604201030,124000.0,124100.0,123700.0,123800.0,8671
202604201045,123800.0,123800.0,123300.0,123500.0,14837
202604201100,123500.0,124000.0,123400.0,123700.0,12312
202604201115,123800.0,123800.0,123500.0,123500.0,8295
202604201130,123500.0,123900.0,123500.0,123700.0,11261
202604201145,123700.0,124000.0,123700.0,123950.0,8054
202604201200,124000.0,124200.0,123900.0,124100.0,10749
202604201215,124200.0,124900.0,124100.0,124700.0,19036
202604201230,124700.0,124800.0,124100.0,124100.0,8459
202604201245,124100.0,124300.0,124100.0,124200.0,6716
202604201300,124200.0,124300.0,123800.0,123800.0,13805
202604201315,123800.0,123900.0,123600.0,123600.0,5761
202604201330,123600.0,124000.0,123600.0,123800.0,13447
202604201345,123800.0,123900.0,123800.0,123900.0,5844
202604201400,123800.0,123900.0,123600.0,123600.0,13481
202604201415,123600.0,123700.0,123100.0,123100.0,18150
202604201430,123100.0,123500.0,123000.0,123100.0,23253
202604201445,123100.0,123500.0,123100.0,123250.0,15565
202604201500,123300.0,123400.0,122900.0,123300.0,18948
202604201515,123300.0,123400.0,122700.0,122700.0,78918
202604210900,124200.0,125000.0,123900.0,124200.0,46318
202604210915,124200.0,124300.0,123600.0,123700.0,30570
202604210930,123700.0,124100.0,123600.0,123700.0,18210
202604210945,123700.0,124300.0,123400.0,123700.0,30658
202604211000,123700.0,124200.0,123500.0,123600.0,18372
202604211015,123500.0,124300.0,123500.0,123800.0,19367
202604211030,123900.0,123900.0,123200.0,123800.0,10740
202604211045,123800.0,123900.0,123500.0,123800.0,10912
202604211100,123800.0,123900.0,123400.0,123500.0,12644
202604211115,123500.0,124300.0,123400.0,123900.0,20730
202604211130,124000.0,124100.0,123500.0,124000.0,12789
202604211145,124100.0,124100.0,123500.0,123800.0,10659
202604211200,123700.0,124100.0,123600.0,124000.0,11400
202604211215,124000.0,124100.0,123400.0,123600.0,11336
202604211230,123600.0,123600.0,123400.0,123500.0,10500
202604211245,123600.0,123700.0,123400.0,123700.0,12772
202604211300,123700.0,123900.0,123300.0,123500.0,13287
202604211315,123400.0,123700.0,123200.0,123300.0,14337
202604211330,123200.0,123500.0,123200.0,123200.0,14326
202604211345,123200.0,123400.0,122900.0,123200.0,18192
202604211400,123200.0,123400.0,122900.0,123300.0,15726
202604211415,123300.0,123400.0,122900.0,123000.0,15562
202604211430,122900.0,123500.0,122800.0,123100.0,15369
202604211445,123000.0,123100.0,122800.0,122900.0,11391
202604211500,122900.0,123000.0,122800.0,122800.0,13779
202604211515,122800.0,123000.0,122700.0,123000.0,59348
202604220900,121900.0,122000.0,119400.0,120100.0,38011
202604220915,120100.0,120600.0,119900.0,120100.0,23603
202604220930,120100.0,120300.0,119500.0,119500.0,30415
202604220945,119500.0,120600.0,119500.0,120400.0,20490
202604221000,120400.0,120800.0,120000.0,120100.0,37296
202604221015,120100.0,120200.0,119800.0,119900.0,18136
202604221030,119900.0,120100.0,119500.0,119600.0,24682
202604221045,119600.0,119600.0,119300.0,119500.0,24558
202604221100,119400.0,119500.0,119100.0,119100.0,20731
202604221115,119100.0,119300.0,118900.0,118900.0,27891
202604221130,118900.0,119100.0,118900.0,119000.0,16333
202604221145,119000.0,119100.0,118800.0,118900.0,12783
202604221200,118900.0,119000.0,118800.0,118800.0,13011
202604221215,118900.0,119100.0,118700.0,119000.0,15579
202604221230,119000.0,119200.0,118900.0,119000.0,17150
202604221245,119000.0,119100.0,118800.0,118900.0,14067
202604221300,118900.0,119000.0,118700.0,118700.0,15521
202604221315,118700.0,118800.0,118500.0,118600.0,24437
202604221330,118500.0,118700.0,118400.0,118400.0,27440
202604221345,118400.0,118800.0,118300.0,118700.0,30240
202604221400,118700.0,119500.0,118700.0,119400.0,24124
202604221415,119400.0,120100.0,119300.0,119300.0,24860
202604221430,119300.0,119400.0,119100.0,119300.0,22726
202604221445,119400.0,119500.0,119100.0,119200.0,23060
202604221500,119100.0,119500.0,119100.0,119400.0,27870
202604221515,119400.0,119700.0,119300.0,119500.0,124661
202604230900,120900.0,121400.0,118200.0,118550.0,65008
202604230915,118550.0,120000.0,118400.0,119700.0,51943
202604230930,119700.0,119900.0,119200.0,119800.0,33850
202604230945,119700.0,120100.0,119500.0,119600.0,26610
202604231000,119600.0,120100.0,119500.0,119600.0,19311
202604231015,119650.0,119800.0,119400.0,119800.0,21791
202604231030,119800.0,120300.0,119600.0,119900.0,17942
202604231045,120000.0,120400.0,119700.0,120400.0,14103
202604231100,120400.0,120700.0,120100.0,120300.0,24358
202604231115,120400.0,120800.0,120200.0,120200.0,21636
202604231130,120200.0,120700.0,120100.0,120500.0,15777
202604231145,120300.0,120700.0,120000.0,120300.0,17034
202604231200,120300.0,120600.0,119700.0,119800.0,17325
202604231215,119700.0,119800.0,119000.0,119100.0,18812
202604231230,119100.0,119500.0,118650.0,119200.0,23239
202604231245,119300.0,119500.0,118700.0,119500.0,22754
202604231300,119500.0,119600.0,119200.0,119500.0,7370
202604231315,119500.0,119500.0,119100.0,119200.0,12552
202604231330,119200.0,119400.0,119000.0,119300.0,11650
202604231345,119400.0,119800.0,119300.0,119800.0,15063
202604231400,119800.0,120100.0,119500.0,120100.0,15076
202604231415,120100.0,120300.0,120000.0,120100.0,12585
202604231430,120000.0,120400.0,119600.0,119950.0,25368
202604231445,119950.0,120400.0,119900.0,120300.0,29859
202604231500,120400.0,120400.0,119700.0,120100.0,50072
202604231515,120000.0,120900.0,120000.0,120900.0,100235
202604240900,122200.0,123000.0,121800.0,122300.0,85072
202604240915,122300.0,122500.0,121700.0,122300.0,30183
202604240930,122400.0,123000.0,122100.0,122300.0,36862
202604240945,122300.0,122800.0,122100.0,122800.0,22981
202604241000,122700.0,122800.0,122400.0,122800.0,20639
202604241015,122800.0,123600.0,122700.0,123600.0,34251
202604241030,123500.0,123600.0,122600.0,122800.0,18782
202604241045,122700.0,123400.0,122700.0,122900.0,20492
202604241100,122900.0,122900.0,121700.0,121900.0,17052
202604241115,122000.0,122100.0,121500.0,121800.0,23792
202604241130,121900.0,121900.0,121400.0,121800.0,12166
202604241145,121700.0,121800.0,121200.0,121700.0,17277
202604241200,121700.0,121800.0,121100.0,121100.0,12537
202604241215,121100.0,121300.0,120800.0,120900.0,13078
202604241230,120900.0,121300.0,120800.0,121300.0,20650
202604241245,121200.0,122000.0,121100.0,121900.0,21552
202604241300,121900.0,122500.0,121800.0,122200.0,17043
202604241315,122400.0,122400.0,122000.0,122100.0,5657
202604241330,122200.0,122200.0,121900.0,122000.0,8854
202604241345,122000.0,122500.0,121800.0,121900.0,14396
202604241400,121900.0,122000.0,121800.0,121900.0,8355
202604241415,121900.0,122000.0,121800.0,121900.0,10925
202604241430,121900.0,122700.0,121900.0,122600.0,46827
202604241445,122600.0,123800.0,122600.0,123700.0,30948
202604241500,123700.0,123800.0,123000.0,123200.0,21614
202604241515,123200.0,123300.0,123100.0,123300.0,103021
202604270900,125100.0,125400.0,123500.0,124650.0,62969
202604270915,124650.0,124700.0,124100.0,124400.0,39886
202604270930,124500.0,124600.0,124400.0,124600.0,13074
202604270945,124600.0,125300.0,124500.0,124900.0,43134
202604271000,125000.0,125400.0,124600.0,125000.0,43780
202604271015,124900.0,125400.0,124900.0,125300.0,20767
202604271030,125300.0,125400.0,125000.0,125250.0,26939
202604271045,125250.0,125250.0,124500.0,124650.0,35726
202604271100,124600.0,125200.0,124600.0,125050.0,40341
202604271115,125000.0,125400.0,124900.0,125400.0,37220
202604271130,125400.0,125600.0,125300.0,125500.0,43359
202604271145,125400.0,125500.0,125100.0,125300.0,31281
202604271200,125300.0,126900.0,125300.0,126900.0,40525
202604271215,126850.0,127300.0,126300.0,126700.0,57538
202604271230,126800.0,127000.0,126400.0,126400.0,24650
202604271245,126400.0,126500.0,125300.0,125400.0,30119
202604271300,125200.0,126100.0,125200.0,126000.0,28218
202604271315,126000.0,126400.0,125600.0,126300.0,38561
202604271330,126300.0,126400.0,125800.0,125800.0,31775
202604271345,125800.0,126200.0,125800.0,125900.0,20008
202604271400,125900.0,126000.0,125200.0,125200.0,45290
202604271415,125200.0,125300.0,123600.0,123700.0,52041
202604271430,123700.0,124100.0,123600.0,123700.0,53783
202604271445,123700.0,124200.0,123600.0,124000.0,56902
202604271500,124100.0,124200.0,123600.0,123900.0,39384
202604271515,123900.0,124400.0,123800.0,124000.0,93216
202604280900,124600.0,126400.0,124600.0,125600.0,96603
202604280915,125600.0,125700.0,124300.0,125100.0,55171
202604280930,125100.0,125400.0,124600.0,125100.0,41812
202604280945,125000.0,125200.0,124600.0,124700.0,23992
202604281000,124600.0,125200.0,124600.0,125100.0,25115
202604281015,125050.0,125500.0,124800.0,124900.0,39808
202604281030,124900.0,125500.0,124800.0,125000.0,33893
202604281045,125000.0,125400.0,124700.0,124700.0,40438
202604281100,124700.0,125200.0,124600.0,124900.0,31657
202604281115,124800.0,125400.0,124700.0,125000.0,35546
202604281130,125000.0,125500.0,125000.0,125200.0,28815
202604281145,125200.0,125800.0,125100.0,125600.0,36770
202604281200,125500.0,126800.0,125500.0,126600.0,29598
202604281215,126600.0,127400.0,126300.0,127300.0,33782
202604281230,127300.0,127700.0,126900.0,127000.0,50944
202604281245,126900.0,127100.0,126700.0,126900.0,36948
202604281300,126850.0,127100.0,126600.0,126800.0,29672
202604281315,126800.0,127100.0,126000.0,126100.0,31946
202604281330,126100.0,126600.0,126100.0,126300.0,20250
202604281345,126300.0,126800.0,126200.0,126700.0,27127
202604281400,126700.0,126700.0,126000.0,126100.0,21377
202604281415,126000.0,126600.0,126000.0,126200.0,24583
202604281430,126300.0,126800.0,126100.0,126600.0,44901
202604281445,126600.0,126800.0,126400.0,126700.0,28447
202604281500,126600.0,127000.0,126600.0,126800.0,30015
202604281515,126800.0,127000.0,126700.0,127000.0,115553
202604290900,126650.0,126650.0,125300.0,125700.0,66381
202604290915,125600.0,125900.0,125200.0,125500.0,52061
202604290930,125400.0,126200.0,125400.0,125950.0,37453
202604290945,126000.0,126300.0,125700.0,126000.0,32382
202604291000,126000.0,126600.0,126000.0,126500.0,35949
202604291015,126600.0,127600.0,126400.0,127600.0,36816
202604291030,127500.0,128000.0,127500.0,127650.0,36822
202604291045,127650.0,128000.0,127400.0,127800.0,36038
202604291100,127800.0,128200.0,127700.0,128200.0,38121
202604291115,128200.0,128200.0,127800.0,128200.0,32987
202604291130,128100.0,128900.0,128100.0,128600.0,33395
202604291145,128600.0,128900.0,128400.0,128600.0,29431
202604291200,128600.0,128700.0,128200.0,128300.0,28024
202604291215,128300.0,128500.0,128200.0,128400.0,20572
202604291230,128300.0,128800.0,128300.0,128700.0,40040
202604291245,128800.0,129300.0,128700.0,129100.0,42978
202604291300,129000.0,129300.0,128800.0,128900.0,44411
202604291315,128900.0,129000.0,127400.0,127500.0,40343
202604291330,127400.0,127900.0,127100.0,127550.0,32924
202604291345,127600.0,127700.0,126500.0,126550.0,26757
202604291400,126550.0,126900.0,126100.0,126700.0,29527
202604291415,126700.0,127000.0,126600.0,126700.0,22881
202604291430,126700.0,127000.0,126500.0,126500.0,21315
202604291445,126500.0,126900.0,126400.0,126800.0,28488
202604291500,126800.0,127100.0,126600.0,127000.0,26785
202604291515,127100.0,127200.0,127000.0,127100.0,136517
202604300900,126700.0,127700.0,125800.0,126100.0,46633
202604300915,126100.0,127500.0,125900.0,127300.0,48689
202604300930,127250.0,127900.0,127000.0,127200.0,41255
202604300945,127100.0,127600.0,127000.0,127000.0,22378
202604301000,127100.0,127400.0,126800.0,127000.0,23415
202604301015,127100.0,127700.0,127000.0,127700.0,21086
202604301030,127600.0,128100.0,127400.0,127800.0,28919
202604301045,127800.0,128300.0,127600.0,128300.0,19912
202604301100,128300.0,128500.0,128000.0,128400.0,16423
202604301115,128400.0,128500.0,127200.0,127200.0,24074
202604301130,127200.0,127700.0,127000.0,127400.0,14061
202604301145,127300.0,127500.0,127000.0,127400.0,15835
202604301200,127400.0,128100.0,127300.0,127800.0,18648
202604301215,127900.0,128200.0,127800.0,127900.0,12408
202604301230,127900.0,128100.0,127700.0,128000.0,17216
202604301245,128000.0,128100.0,127200.0,127500.0,36503
202604301300,127500.0,128000.0,127400.0,127900.0,22408
202604301315,127800.0,127900.0,127600.0,127700.0,13991
202604301330,127600.0,127700.0,127100.0,127200.0,28912
202604301345,127200.0,127300.0,126400.0,126900.0,23444
202604301400,126800.0,127100.0,126800.0,127100.0,16862
202604301415,127000.0,127400.0,126900.0,127100.0,24543
202604301430,127100.0,127500.0,127000.0,127300.0,19306
202604301445,127300.0,127500.0,127200.0,127400.0,16345
202604301500,127400.0,127400.0,126900.0,127000.0,37320
202604301515,127000.0,127900.0,126800.0,127900.0,279717
202605040900,129100.0,129200.0,126500.0,127800.0,52767
202605040915,127800.0,127900.0,127000.0,127500.0,30924
202605040930,127400.0,127900.0,127400.0,127500.0,18588
202605040945,127500.0,127700.0,127000.0,127500.0,21776
202605041000,127500.0,128100.0,127200.0,127500.0,22867
202605041015,127500.0,127800.0,127000.0,127100.0,18905
202605041030,127200.0,128000.0,127100.0,127800.0,22981
202605041045,127700.0,127900.0,127200.0,127500.0,17571
202605041100,127500.0,128300.0,127300.0,128300.0,18601
202605041115,128300.0,128300.0,127400.0,127600.0,18770
202605041130,127600.0,127800.0,127300.0,127600.0,20578
202605041145,127500.0,128100.0,127300.0,127700.0,25407
202605041200,127700.0,128000.0,127400.0,127700.0,22653
202605041215,127600.0,128000.0,127300.0,127400.0,16896
202605041230,127300.0,127800.0,127300.0,127500.0,20033
202605041245,127500.0,128000.0,127400.0,128000.0,15076
202605041300,128000.0,128300.0,127300.0,127400.0,20034
202605041315,127400.0,127600.0,126900.0,127200.0,31036
202605041330,127200.0,127400.0,126900.0,127100.0,23838
202605041345,127100.0,127400.0,126900.0,127000.0,20842
202605041400,127100.0,127400.0,127000.0,127200.0,20925
202605041415,127200.0,127500.0,127000.0,127000.0,22323
202605041430,127000.0,127100.0,126400.0,126500.0,27329
202605041445,126400.0,126500.0,125500.0,126000.0,38138
202605041500,126000.0,126300.0,125800.0,125900.0,31514
202605041515,125900.0,126600.0,125800.0,126600.0,83700
202605060900,127600.0,129500.0,127500.0,128100.0,102474
202605060915,128100.0,128300.0,126600.0,126700.0,45513
202605060930,126800.0,127500.0,126700.0,127300.0,28566
202605060945,127300.0,128100.0,126900.0,128000.0,46144
202605061000,127900.0,128200.0,127100.0,127300.0,30592
202605061015,127400.0,127800.0,126800.0,127400.0,29126
202605061030,127300.0,127900.0,127300.0,127800.0,17853
202605061045,127800.0,128200.0,127700.0,127700.0,24184
202605061100,127700.0,127800.0,126900.0,127100.0,28023
202605061115,127000.0,127300.0,127000.0,127200.0,17280
202605061130,127200.0,127400.0,126600.0,126600.0,24805
202605061145,126600.0,127000.0,126600.0,126900.0,19112
202605061200,126800.0,127300.0,126600.0,127000.0,21813
202605061215,127000.0,127200.0,126800.0,127100.0,29067
202605061230,127100.0,127200.0,126600.0,126700.0,33007
202605061245,126700.0,127000.0,126500.0,126900.0,34434
202605061300,126900.0,127200.0,126700.0,126800.0,21249
202605061315,126800.0,127200.0,126700.0,126700.0,29988
202605061330,126700.0,127100.0,126400.0,126500.0,23955
202605061345,126500.0,126700.0,126150.0,126500.0,27641
202605061400,126500.0,127200.0,126300.0,126700.0,28251
202605061415,126700.0,127000.0,126300.0,126500.0,29368
202605061430,126500.0,126800.0,126100.0,126400.0,33200
202605061445,126400.0,126900.0,126200.0,126500.0,36682
202605061500,126500.0,126800.0,126000.0,126200.0,51483
202605061515,126000.0,126500.0,125500.0,125500.0,203549
202605070900,127300.0,127500.0,124400.0,124900.0,57321
202605070915,124900.0,127200.0,124900.0,126400.0,63426
202605070930,126300.0,127300.0,126200.0,127100.0,40274
202605070945,127100.0,127700.0,126800.0,126900.0,29637
202605071000,126800.0,127100.0,126200.0,127000.0,25224
202605071015,127100.0,127400.0,126900.0,127200.0,18059
202605071030,127200.0,128200.0,127000.0,127700.0,36292
202605071045,127600.0,128400.0,127500.0,128100.0,26055
202605071100,128200.0,128500.0,127500.0,127900.0,23284
202605071115,127900.0,128700.0,127900.0,128600.0,24574
202605071130,128600.0,128800.0,127900.0,128200.0,22182
202605071145,128300.0,128700.0,127900.0,128300.0,21663
202605071200,128400.0,129100.0,128300.0,128900.0,27274
202605071215,128800.0,129300.0,128600.0,129100.0,19380
202605071230,129100.0,129700.0,129000.0,129100.0,25279
202605071245,129100.0,129400.0,128600.0,128700.0,21333
202605071300,128700.0,129100.0,128400.0,128900.0,21985
202605071315,128900.0,129100.0,128500.0,128900.0,21428
202605071330,128900.0,129300.0,128700.0,129100.0,21894
202605071345,129200.0,129200.0,128600.0,128900.0,28617
202605071400,128900.0,129000.0,128400.0,128500.0,21703
202605071415,128500.0,128700.0,127800.0,128500.0,23204
202605071430,128500.0,129000.0,127900.0,128800.0,23059
202605071445,128800.0,129100.0,128500.0,128900.0,28378
202605071500,128900.0,129000.0,128600.0,128800.0,26038
202605071515,128700.0,129000.0,128700.0,128800.0,155293
202605080900,128500.0,129300.0,126200.0,126900.0,63436
202605080915,126900.0,127100.0,126200.0,126800.0,52770
202605080930,126800.0,127200.0,126500.0,126800.0,30418
202605080945,126800.0,127000.0,126400.0,126500.0,21524
202605081000,126500.0,127000.0,126300.0,126300.0,27960
202605081015,126400.0,126800.0,126300.0,126500.0,14416
202605081030,126600.0,127100.0,126500.0,126900.0,22088
202605081045,126900.0,127200.0,126600.0,126900.0,11342
202605081100,127000.0,127150.0,126500.0,126600.0,14647
202605081115,126600.0,127200.0,126500.0,126700.0,16146
202605081130,126800.0,127100.0,126500.0,126900.0,12048
202605081145,126900.0,127700.0,126900.0,127400.0,13134
202605081200,127500.0,127600.0,127100.0,127500.0,9261
202605081215,127400.0,127800.0,127300.0,127700.0,18022
202605081230,127800.0,128100.0,127700.0,128000.0,13325
202605081245,128000.0,128100.0,127900.0,127900.0,12990
202605081300,127900.0,128200.0,127900.0,128100.0,10877
202605081315,128100.0,128300.0,127700.0,127800.0,25736
202605081330,128100.0,128100.0,127500.0,127500.0,13499
202605081345,127500.0,128000.0,127400.0,127900.0,19792
202605081400,127800.0,127900.0,127500.0,127700.0,20363
202605081415,127600.0,127700.0,127100.0,127200.0,27899
202605081430,127200.0,127500.0,126700.0,127200.0,27341
202605081445,127100.0,127300.0,126850.0,127000.0,29867
202605081500,127100.0,127300.0,126700.0,126900.0,17720
202605081515,126800.0,126800.0,126400.0,126500.0,85643
202605110900,127500.0,127900.0,126100.0,127400.0,81484
202605110915,127600.0,128900.0,127500.0,128500.0,70712
202605110930,128500.0,128900.0,127800.0,128200.0,48655
202605110945,128300.0,128300.0,126500.0,126600.0,43245
202605111000,126500.0,127200.0,126300.0,126900.0,33644
202605111015,126900.0,127200.0,126800.0,127000.0,39238
202605111030,127000.0,128000.0,126400.0,127700.0,35278
202605111045,127700.0,128300.0,127500.0,127600.0,43972
202605111100,127700.0,129300.0,127700.0,128600.0,64097
202605111115,128600.0,129100.0,128500.0,128800.0,32252
202605111130,128800.0,129200.0,128500.0,128800.0,36837
202605111145,128800.0,129200.0,128600.0,128800.0,26393
202605111200,128800.0,129200.0,128700.0,128800.0,29860
202605111215,128900.0,129100.0,128500.0,128500.0,29364
202605111230,128500.0,129000.0,128400.0,128500.0,33631
202605111245,128500.0,128700.0,128000.0,128400.0,27686
202605111300,128400.0,129000.0,128400.0,128600.0,24328
202605111315,128700.0,128900.0,128300.0,128300.0,23420
202605111330,128300.0,128400.0,127800.0,127800.0,26548
202605111345,127800.0,128600.0,127500.0,128300.0,46335
202605111400,128400.0,128600.0,127500.0,127700.0,38069
202605111415,127700.0,127800.0,126800.0,126900.0,36496
202605111430,126900.0,127100.0,126100.0,126500.0,46531
202605111445,126500.0,127000.0,126300.0,126800.0,34431
202605111500,126800.0,127300.0,126500.0,126600.0,37607
202605111515,126600.0,127200.0,126500.0,126600.0,117331
202605120900,128400.0,128600.0,126200.0,126500.0,50458
202605120915,126500.0,127400.0,126100.0,126400.0,49864
202605120930,126300.0,126400.0,125100.0,125300.0,37629
202605120945,125400.0,125600.0,124700.0,125100.0,35914
202605121000,125100.0,125100.0,123600.0,123800.0,58854
202605121015,123800.0,123900.0,123000.0,123400.0,73261
202605121030,123300.0,123400.0,120200.0,121300.0,89723
202605121045,121300.0,122600.0,121100.0,122000.0,60857
202605121100,122100.0,123500.0,121900.0,123400.0,41843
202605121115,123400.0,124300.0,123300.0,123700.0,25353
202605121130,123700.0,124300.0,123600.0,124200.0,19088
202605121145,124200.0,124400.0,123800.0,124200.0,20875
202605121200,124200.0,124300.0,123400.0,123800.0,23112
202605121215,123800.0,124100.0,123600.0,123900.0,17995
202605121230,123800.0,124300.0,123800.0,124000.0,20330
202605121245,124000.0,124000.0,123200.0,123500.0,20420
202605121300,123500.0,123900.0,123100.0,123200.0,19767
202605121315,123300.0,123400.0,122900.0,122900.0,16468
202605121330,122900.0,123200.0,122500.0,123150.0,25517
202605121345,123150.0,123200.0,122400.0,122800.0,23971
202605121400,122800.0,123300.0,122800.0,122800.0,23442
202605121415,122900.0,123200.0,122600.0,123000.0,35513
202605121430,123100.0,123200.0,122700.0,123000.0,45347
202605121445,123100.0,123600.0,122800.0,123400.0,37240
202605121500,123400.0,123500.0,122800.0,123200.0,44647
202605121515,123200.0,123400.0,122900.0,123100.0,188751
202605130900,124400.0,125200.0,122900.0,124200.0,57700
202605130915,124200.0,124800.0,122700.0,123100.0,56014
202605130930,123050.0,123700.0,122700.0,123100.0,23540
202605130945,123100.0,123100.0,121900.0,122200.0,32506
202605131000,122300.0,122800.0,121900.0,122500.0,19866
202605131015,122500.0,123900.0,122100.0,123800.0,20637
202605131030,123800.0,123900.0,123000.0,123200.0,23462
202605131045,123300.0,124600.0,123200.0,124600.0,25863
202605131100,124600.0,125200.0,124500.0,124900.0,19617
202605131115,124900.0,125200.0,124200.0,124500.0,20217
202605131130,124600.0,124600.0,123700.0,124000.0,17905
202605131145,124000.0,124400.0,123400.0,123500.0,19370
202605131200,123500.0,123900.0,123100.0,123400.0,15017
202605131215,123400.0,123900.0,123300.0,123500.0,15631
202605131230,123500.0,123600.0,123000.0,123200.0,15394
202605131245,123300.0,123500.0,122400.0,122600.0,15807
202605131300,122500.0,122700.0,121700.0,122200.0,28045
202605131315,122200.0,122400.0,121600.0,122100.0,25445
202605131330,122000.0,122300.0,121700.0,122100.0,13773
202605131345,122100.0,122600.0,121800.0,122500.0,16587
202605131400,122500.0,122700.0,122100.0,122500.0,19024
202605131415,122400.0,122600.0,121800.0,121800.0,20496
202605131430,121800.0,122200.0,121700.0,121800.0,15572
202605131445,121800.0,122000.0,121600.0,121700.0,22186
202605131500,121700.0,122000.0,121600.0,121800.0,25818
202605131515,121800.0,122300.0,121500.0,122300.0,109483
202605140900,122800.0,123600.0,120900.0,121000.0,60891
202605140915,120900.0,121000.0,120000.0,121000.0,43130
202605140930,121000.0,121900.0,120800.0,121100.0,39886
202605140945,121050.0,122000.0,120900.0,122000.0,28464
202605141000,122000.0,122700.0,121900.0,122100.0,28732
202605141015,122100.0,123000.0,121900.0,122700.0,30395
202605141030,122800.0,122900.0,121700.0,121900.0,22360
202605141045,121800.0,122000.0,121500.0,121600.0,22731
202605141100,121600.0,121900.0,121300.0,121400.0,27556
202605141115,121400.0,122200.0,121400.0,122200.0,17907
202605141130,122100.0,123000.0,122100.0,123000.0,19805
202605141145,122900.0,123000.0,122400.0,122800.0,20806
202605141200,122800.0,123200.0,122400.0,123000.0,17020
202605141215,123000.0,123200.0,122600.0,122900.0,11421
202605141230,122900.0,123400.0,122600.0,123000.0,16098
202605141245,122900.0,123400.0,122700.0,123000.0,15813
202605141300,122900.0,123400.0,122700.0,123200.0,18275
202605141315,123200.0,123900.0,122900.0,123300.0,26881
202605141330,123300.0,123600.0,122700.0,123100.0,50050
202605141345,123100.0,123500.0,122900.0,123400.0,17448
202605141400,123400.0,123400.0,122500.0,122700.0,18294
202605141415,122700.0,123500.0,122400.0,123300.0,25290
202605141430,123300.0,123500.0,122900.0,123400.0,22326
202605141445,123400.0,123900.0,122900.0,123800.0,26908
202605141500,123900.0,124700.0,123800.0,124500.0,46599
202605141515,124500.0,124700.0,124000.0,124400.0,13243
202605150900,125600.0,126000.0,122500.0,122700.0,54197
202605150915,122700.0,123300.0,122100.0,122300.0,55783
202605150930,122300.0,122800.0,120600.0,121200.0,60785
202605150945,121200.0,121400.0,120400.0,121000.0,44077
202605151000,121000.0,121200.0,120500.0,120700.0,42156
202605151015,120700.0,121400.0,120600.0,120700.0,23666
202605151030,120600.0,121200.0,120400.0,121100.0,30390
202605151045,121000.0,121200.0,119500.0,119800.0,58025
202605151100,119800.0,120400.0,119200.0,119500.0,43576
202605151115,119600.0,119900.0,118600.0,119300.0,50370
202605151130,119300.0,120300.0,119100.0,120100.0,24133
202605151145,120100.0,120200.0,119400.0,119600.0,26337
202605151200,119500.0,119900.0,119500.0,119600.0,14587
202605151215,119600.0,120000.0,119500.0,119800.0,15775
202605151230,119900.0,120800.0,119700.0,120700.0,33521
202605151245,120750.0,121300.0,120600.0,121100.0,32249
202605151300,121100.0,121500.0,120900.0,121300.0,21342
202605151315,121300.0,121300.0,120200.0,120800.0,30470
202605151330,120900.0,121000.0,119900.0,120000.0,35323
202605151345,120100.0,120100.0,119700.0,120000.0,35143
202605151400,120000.0,120100.0,119100.0,119800.0,39906
202605151415,119800.0,120500.0,119400.0,120100.0,27927
202605151430,120100.0,120200.0,119100.0,119500.0,30996
202605151445,119500.0,119800.0,118200.0,118400.0,39922
202605151500,118400.0,119100.0,118100.0,119000.0,36041
202605151515,119100.0,119400.0,118900.0,119000.0,120572
202605180900,118100.0,118200.0,114000.0,114100.0,66839
202605180915,114100.0,116600.0,113800.0,115800.0,69036
202605180930,115800.0,116900.0,114400.0,114700.0,46376
202605180945,114700.0,116400.0,114500.0,116200.0,35919
202605181000,116300.0,117000.0,115800.0,116300.0,31833
202605181015,116300.0,117500.0,115900.0,117100.0,24215
202605181030,117100.0,117300.0,116400.0,117200.0,23414
202605181045,117300.0,117300.0,116200.0,116300.0,26369
202605181100,116300.0,116600.0,116000.0,116100.0,29653
202605181115,116100.0,116600.0,115800.0,116600.0,26548
202605181130,116600.0,116600.0,115900.0,116300.0,19832
202605181145,116300.0,116400.0,115500.0,116100.0,23109
202605181200,116300.0,116500.0,115900.0,116300.0,19361
202605181215,116300.0,117300.0,116000.0,116900.0,25446
202605181230,117000.0,117300.0,116600.0,117100.0,29727
202605181245,117200.0,117200.0,116400.0,116600.0,25017
202605181300,116600.0,117000.0,116300.0,116700.0,30114
202605181315,116900.0,117000.0,115700.0,115900.0,27968
202605181330,115800.0,116200.0,115500.0,116100.0,32753
202605181345,116000.0,116300.0,115400.0,115700.0,24431
202605181400,115700.0,116200.0,115000.0,115200.0,45615
202605181415,115000.0,115600.0,114700.0,115500.0,55414
202605181430,115400.0,115500.0,114800.0,114900.0,53390
202605181445,115000.0,115400.0,114800.0,115000.0,44346
202605181500,115000.0,115200.0,114700.0,114900.0,33582
202605181515,114900.0,115200.0,114200.0,114200.0,129095
202605190900,114700.0,117900.0,114500.0,117700.0,78075
202605190915,117700.0,118800.0,117300.0,118000.0,55916
202605190930,117900.0,118500.0,117300.0,117700.0,39157
202605190945,117600.0,117900.0,116300.0,116400.0,36387
202605191000,116400.0,116600.0,115700.0,116000.0,41882
202605191015,116100.0,116100.0,115100.0,115300.0,33711
202605191030,115300.0,115900.0,115000.0,115500.0,29143
202605191045,115400.0,115600.0,114400.0,114600.0,28015
202605191100,114500.0,114700.0,114000.0,114400.0,42044
202605191115,114400.0,114900.0,114100.0,114500.0,31079
202605191130,114500.0,115300.0,114500.0,115100.0,23936
202605191145,115100.0,115200.0,114500.0,114900.0,22064
202605191200,114800.0,115300.0,114600.0,115000.0,19408
202605191215,115000.0,115650.0,114900.0,115600.0,19292
202605191230,115600.0,115900.0,115300.0,115400.0,17801
202605191245,115400.0,115800.0,115300.0,115600.0,20243
202605191300,115600.0,115900.0,115000.0,115200.0,20414
202605191315,115100.0,115200.0,114600.0,114800.0,19538
202605191330,114800.0,114900.0,114100.0,114300.0,23072
202605191345,114300.0,114700.0,114000.0,114600.0,23375
202605191400,114700.0,115100.0,114600.0,115000.0,42528
202605191415,115100.0,115300.0,114600.0,115000.0,37037
202605191430,115000.0,115800.0,115000.0,115400.0,37750
202605191445,115500.0,115500.0,114700.0,115000.0,37396
202605191500,115000.0,115500.0,114600.0,115100.0,44108
202605191515,115000.0,115300.0,114400.0,115300.0,160589
202605200900,117800.0,118100.0,113700.0,113700.0,112494
202605200915,113700.0,115400.0,112600.0,115300.0,74997
202605200930,115300.0,115300.0,113700.0,114500.0,52423
202605200945,114600.0,115700.0,114100.0,115000.0,66400
202605201000,115100.0,116200.0,114600.0,115800.0,59096
202605201015,115800.0,116000.0,114100.0,114300.0,54964
202605201030,114300.0,114900.0,113900.0,114000.0,57074
202605201045,114000.0,115600.0,114000.0,115200.0,58516
202605201100,115200.0,115600.0,114700.0,115300.0,49381
202605201115,115300.0,115700.0,114600.0,114600.0,55822
202605201130,114800.0,115300.0,114100.0,114900.0,64789
202605201145,114900.0,115100.0,114500.0,114600.0,33825
202605201200,114600.0,115000.0,114400.0,114500.0,29218
202605201215,114500.0,114600.0,114200.0,114300.0,28307
202605201230,114200.0,115000.0,114200.0,114500.0,34839
202605201245,114500.0,114700.0,114000.0,114200.0,38192
202605201300,114200.0,115200.0,114100.0,115150.0,40823
202605201315,115150.0,115200.0,114700.0,115000.0,35880
202605201330,114900.0,115300.0,114700.0,115200.0,36355
202605201345,115200.0,115500.0,114900.0,115400.0,42356
202605201400,115400.0,115600.0,115100.0,115300.0,34215
202605201415,115300.0,115500.0,115000.0,115400.0,34491
202605201430,115500.0,115600.0,115200.0,115300.0,37064
202605201445,115400.0,115700.0,115300.0,115600.0,33184
202605201500,115600.0,116000.0,115600.0,115600.0,46019
202605201515,115600.0,116000.0,114100.0,115600.0,176950
202605210900,117600.0,119300.0,117000.0,119200.0,57774
202605210915,119200.0,119300.0,117700.0,118500.0,41110
202605210930,118400.0,120300.0,118400.0,119700.0,47505
202605210945,119700.0,119800.0,118800.0,119000.0,50019
202605211000,119100.0,119700.0,118400.0,118600.0,26008
202605211015,118600.0,119600.0,118600.0,118900.0,20679
202605211030,119000.0,119200.0,117900.0,118500.0,27282
202605211045,118500.0,119300.0,118400.0,119000.0,20230
202605211100,119000.0,119400.0,118800.0,119100.0,21239
202605211115,119100.0,119200.0,118200.0,118400.0,18733
202605211130,118500.0,119600.0,118300.0,119450.0,20751
202605211145,119400.0,119600.0,119000.0,119000.0,15310
202605211200,119000.0,119500.0,118600.0,118700.0,19467
202605211215,118600.0,119100.0,118500.0,118900.0,26385
202605211230,118900.0,119400.0,118700.0,119200.0,23780
202605211245,119200.0,119700.0,119100.0,119500.0,25786
202605211300,119500.0,119600.0,119300.0,119500.0,22473
202605211315,119550.0,119800.0,119300.0,119700.0,31075
202605211330,119700.0,120000.0,119600.0,119900.0,21534
202605211345,119900.0,120100.0,119100.0,119300.0,25225
202605211400,119300.0,119600.0,118600.0,118700.0,25125
202605211415,118700.0,119300.0,118500.0,119200.0,28550
202605211430,119100.0,119200.0,118600.0,118600.0,27811
202605211445,118700.0,119100.0,118300.0,118600.0,35661
202605211500,118600.0,118800.0,118300.0,118500.0,37039
202605211515,118500.0,119400.0,118500.0,119400.0,126232
202605220900,121100.0,121400.0,119400.0,120500.0,43077
202605220915,120400.0,121900.0,120200.0,121000.0,40148
202605220930,121100.0,122000.0,121000.0,121700.0,31261
202605220945,121800.0,121800.0,120400.0,121600.0,30489
202605221000,121500.0,121900.0,120700.0,121200.0,23188
202605221015,121300.0,122200.0,121100.0,122200.0,19979
202605221030,122200.0,122700.0,121700.0,122100.0,26296
202605221045,122100.0,122300.0,121600.0,122000.0,18950
202605221100,122000.0,122100.0,121600.0,122000.0,14929
202605221115,121900.0,122000.0,121300.0,121500.0,13440
202605221130,121400.0,121600.0,121200.0,121500.0,15186
202605221145,121500.0,121600.0,121000.0,121400.0,15352
202605221200,121400.0,121800.0,121100.0,121600.0,11891
202605221215,121700.0,122000.0,121400.0,121900.0,13673
202605221230,121800.0,121900.0,121400.0,121800.0,13735
202605221245,121700.0,122200.0,121600.0,121900.0,16335
202605221300,121900.0,122400.0,121900.0,122300.0,14274
202605221315,122400.0,122500.0,122000.0,122000.0,16261
202605221330,122100.0,122500.0,122000.0,122300.0,15956
202605221345,122300.0,122700.0,122200.0,122700.0,15771
202605221400,122600.0,122700.0,122400.0,122700.0,13994
202605221415,122700.0,122900.0,122200.0,122800.0,25838
202605221430,122800.0,122900.0,122300.0,122800.0,25497
202605221445,122700.0,122900.0,121400.0,121500.0,37583
202605221500,121500.0,121900.0,121400.0,121600.0,33626
202605221515,121600.0,122100.0,121100.0,122100.0,103566
202605260900,123300.0,123600.0,121700.0,121900.0,43039
202605260915,121900.0,122600.0,121600.0,122600.0,24089
202605260930,122500.0,122600.0,121200.0,121600.0,33862
202605260945,121500.0,122000.0,121500.0,121800.0,26008
202605261000,121700.0,121900.0,120400.0,120600.0,34714
202605261015,120600.0,121000.0,120100.0,120100.0,27872
202605261030,120100.0,120700.0,119500.0,119900.0,36140
202605261045,119900.0,121000.0,119800.0,120500.0,27107
202605261100,120500.0,121200.0,120400.0,120800.0,16310
202605261115,120900.0,121300.0,120700.0,121100.0,13905
202605261130,121100.0,121300.0,120800.0,121000.0,15202
202605261145,121000.0,121200.0,120800.0,121200.0,12546
202605261200,121200.0,121500.0,120900.0,121100.0,12842
202605261215,121200.0,121700.0,121200.0,121600.0,11569
202605261230,121500.0,121800.0,121300.0,121500.0,23740
202605261245,121600.0,121700.0,121200.0,121500.0,20663
202605261300,121600.0,121600.0,120900.0,121000.0,18025
202605261315,121000.0,121200.0,120900.0,121000.0,14173
202605261330,121000.0,121200.0,120700.0,120700.0,18100
202605261345,120700.0,120800.0,120400.0,120500.0,18888
202605261400,120500.0,120800.0,120200.0,120600.0,22380
202605261415,120600.0,120700.0,120100.0,120300.0,15068
202605261430,120300.0,120700.0,120100.0,120400.0,21207
202605261445,120500.0,120500.0,119600.0,119700.0,33920
202605261500,119700.0,120200.0,119600.0,120000.0,21977
202605261515,120100.0,120100.0,119800.0,120000.0,71465
202605270900,120000.0,121500.0,119200.0,120200.0,66352
202605270915,120200.0,120800.0,120000.0,120300.0,40272
202605270930,120200.0,120400.0,118700.0,118800.0,30382
202605270945,118800.0,119300.0,118300.0,118800.0,30427
202605271000,118800.0,119100.0,118400.0,118900.0,12020
202605271015,118900.0,119300.0,118300.0,118300.0,13361
202605271030,118300.0,118700.0,118100.0,118300.0,10471
202605271045,118300.0,118800.0,118100.0,118100.0,13365
202605271100,118200.0,118600.0,118100.0,118400.0,14832
202605271115,118400.0,118500.0,118100.0,118200.0,14224
202605271130,118200.0,118800.0,118000.0,118500.0,23635
202605271145,118500.0,118900.0,118500.0,118600.0,13035
202605271200,118600.0,119100.0,118400.0,118900.0,15155
202605271215,118900.0,119100.0,118300.0,118400.0,11788
202605271230,118400.0,118600.0,118200.0,118500.0,8668
202605271245,118500.0,118600.0,118000.0,118200.0,22655
202605271300,118100.0,118300.0,118000.0,118100.0,10914
202605271315,118100.0,118300.0,117600.0,117900.0,30727
202605271330,117900.0,118000.0,117100.0,117900.0,23440
202605271345,117900.0,118100.0,117700.0,117800.0,18081
202605271400,117800.0,118100.0,117500.0,117500.0,17890
202605271415,117600.0,118400.0,117500.0,118300.0,23309
202605271430,118300.0,118900.0,118200.0,118700.0,18314
202605271445,118700.0,119000.0,118500.0,118800.0,27225
202605271500,118700.0,119100.0,118200.0,118200.0,24876
202605271515,118200.0,118600.0,118200.0,118400.0,71979
202605280900,117800.0,118400.0,115800.0,116300.0,51659
202605280915,116400.0,116700.0,115700.0,116000.0,24485
202605280930,115900.0,116400.0,114900.0,115000.0,41493
202605280945,115000.0,115800.0,114900.0,115600.0,42406
202605281000,115600.0,116000.0,115500.0,115600.0,20541
202605281015,115700.0,115900.0,115200.0,115500.0,22494
202605281030,115500.0,116100.0,115300.0,115700.0,25435
202605281045,115800.0,116800.0,115600.0,116800.0,27413
202605281100,116700.0,116900.0,116000.0,116200.0,19262
202605281115,116100.0,116300.0,115900.0,116000.0,15870
202605281130,116000.0,116200.0,115700.0,115700.0,13087
202605281145,115700.0,116500.0,115600.0,116200.0,17795
202605281200,116200.0,116700.0,116100.0,116400.0,15236
202605281215,116500.0,116600.0,116100.0,116300.0,18729
202605281230,116300.0,116300.0,115000.0,115100.0,38533
202605281245,115100.0,115600.0,114800.0,114800.0,25360
202605281300,114800.0,114900.0,113600.0,113800.0,33490
202605281315,113900.0,113900.0,112800.0,113100.0,38376
202605281330,113200.0,113600.0,113000.0,113500.0,25208
202605281345,113500.0,113800.0,113300.0,113700.0,24700
202605281400,113700.0,114800.0,113600.0,114700.0,24071
202605281415,114800.0,115100.0,114600.0,114900.0,27083
202605281430,115100.0,115400.0,114800.0,115000.0,27155
202605281445,115000.0,115300.0,114800.0,115200.0,30374
202605281500,115100.0,115500.0,115000.0,115100.0,33122
202605281515,115200.0,115600.0,115000.0,115300.0,102830
202605290900,116700.0,116900.0,114600.0,114800.0,56254
202605290915,114800.0,115200.0,114000.0,114200.0,43311
202605290930,114200.0,114300.0,113100.0,113700.0,37367
202605290945,113800.0,114900.0,113600.0,114800.0,19842
202605291000,114800.0,114800.0,113900.0,114500.0,16725
202605291015,114500.0,114600.0,113700.0,113900.0,19644
202605291030,113900.0,114300.0,113200.0,114100.0,22217
202605291045,114100.0,114400.0,113500.0,114400.0,15640
202605291100,114400.0,114400.0,113700.0,114100.0,19963
202605291115,114100.0,114600.0,114000.0,114500.0,19144
202605291130,114500.0,115200.0,114500.0,115000.0,28818
202605291145,115000.0,115300.0,114700.0,115100.0,16039
202605291200,115100.0,115300.0,114500.0,114500.0,18107
202605291215,114600.0,115200.0,114500.0,114900.0,18609
202605291230,114800.0,115300.0,114700.0,114800.0,12250
202605291245,114800.0,115200.0,114700.0,115100.0,20546
202605291300,115100.0,115700.0,114900.0,115200.0,22357
202605291315,115200.0,115400.0,115000.0,115300.0,19736
202605291330,115300.0,115500.0,115100.0,115300.0,20103
202605291345,115200.0,115700.0,115100.0,115600.0,18127
202605291400,115700.0,116500.0,115500.0,116000.0,35459
202605291415,116000.0,116400.0,115500.0,115900.0,34334
202605291430,115900.0,116200.0,115100.0,115200.0,26455
202605291445,115400.0,115700.0,114600.0,114800.0,31211
202605291500,114900.0,115100.0,114500.0,114700.0,26277
202605291515,114700.0,115100.0,114400.0,115100.0,855697
202606010900,115000.0,115900.0,113600.0,114200.0,42779
202606010915,114500.0,118100.0,114200.0,117000.0,62272
202606010930,117000.0,117000.0,115400.0,116000.0,38652
202606010945,115900.0,116600.0,115500.0,116300.0,31258
202606011000,116400.0,116600.0,115300.0,115700.0,24410
202606011015,115700.0,116000.0,115100.0,115200.0,20640
202606011030,115100.0,115900.0,114900.0,115800.0,25096
202606011045,115800.0,116200.0,115600.0,115800.0,28744
202606011100,115900.0,116200.0,115800.0,115900.0,27821
202606011115,115900.0,116500.0,115800.0,116000.0,26707
202606011130,116000.0,116400.0,115800.0,116300.0,18378
202606011145,116300.0,116500.0,116000.0,116300.0,24856
202606011200,116300.0,116400.0,116000.0,116000.0,10259
202606011215,116000.0,116300.0,115900.0,116100.0,18125
202606011230,116000.0,116100.0,115700.0,116000.0,14906
202606011245,116000.0,116400.0,115700.0,116300.0,15320
202606011300,116300.0,116400.0,116100.0,116200.0,15523
202606011315,116200.0,116300.0,115600.0,115600.0,20917
202606011330,115600.0,115800.0,115400.0,115400.0,18926
202606011345,115400.0,115700.0,115000.0,115100.0,22163
202606011400,115000.0,115300.0,114900.0,115200.0,17935
202606011415,115100.0,115300.0,114800.0,115200.0,25318
202606011430,115300.0,115300.0,114600.0,114900.0,28675
202606011445,114800.0,115200.0,114700.0,114800.0,35694
202606011500,114800.0,114900.0,113900.0,114200.0,47715
202606011515,114200.0,114500.0,113800.0,113900.0,138186
202606020900,113600.0,114400.0,112600.0,113700.0,120551
202606020915,113700.0,113800.0,113000.0,113200.0,47763
202606020930,113200.0,113600.0,112700.0,113200.0,35008
202606020945,113100.0,114100.0,113100.0,113800.0,37610
202606021000,113800.0,114000.0,113200.0,113900.0,28445
202606021015,113900.0,114500.0,113500.0,114400.0,25832
202606021030,114300.0,114500.0,114000.0,114400.0,27837
202606021045,114300.0,114400.0,113400.0,113900.0,36123
202606021100,114000.0,114100.0,113500.0,113900.0,22869
202606021115,113800.0,114300.0,113800.0,114100.0,21423
202606021130,114200.0,114200.0,113800.0,114100.0,20330
202606021145,114200.0,114500.0,114000.0,114300.0,17453
202606021200,114300.0,114800.0,114300.0,114500.0,18092
202606021215,114600.0,115300.0,114500.0,114600.0,28484
202606021230,114500.0,114700.0,114200.0,114600.0,17481
202606021245,114600.0,114700.0,114400.0,114500.0,22191
202606021300,114600.0,114800.0,114000.0,114100.0,32043
202606021315,114000.0,114500.0,113900.0,114200.0,18645
202606021330,114300.0,114800.0,114200.0,114700.0,18155
202606021345,114700.0,115500.0,114700.0,115100.0,27515
202606021400,115100.0,115400.0,114900.0,115300.0,25005
202606021415,115400.0,115600.0,114800.0,115500.0,24631
202606021430,115500.0,115800.0,115300.0,115400.0,32146
202606021445,115400.0,116400.0,115300.0,116100.0,39255
202606021500,116000.0,116800.0,116000.0,116400.0,36063
202606021515,116400.0,117000.0,116300.0,117000.0,115322
202606040900,116700.0,117900.0,116300.0,117450.0,67694
202606040915,117400.0,117700.0,116800.0,117000.0,30388
202606040930,117000.0,119000.0,117000.0,118100.0,67980
202606040945,118100.0,118300.0,116900.0,117100.0,30224
202606041000,117100.0,118800.0,117100.0,118400.0,27965
202606041015,118500.0,119800.0,118300.0,119800.0,31983
202606041030,119800.0,120800.0,119200.0,119300.0,47633
202606041045,119200.0,119800.0,118800.0,118900.0,31805
202606041100,118900.0,120300.0,118800.0,120100.0,38882
202606041115,120100.0,121100.0,120000.0,120900.0,33085
202606041130,120900.0,121200.0,120700.0,121100.0,25126
202606041145,121100.0,122100.0,121000.0,121900.0,36891
202606041200,121800.0,122200.0,121700.0,121900.0,22522
202606041215,122000.0,122400.0,121600.0,122400.0,32115
202606041230,122300.0,122900.0,122100.0,122100.0,33491
202606041245,122100.0,122200.0,121500.0,121600.0,24947
202606041300,121500.0,121600.0,120900.0,121000.0,21982
202606041315,121000.0,121000.0,120700.0,120700.0,23391
202606041330,120800.0,121300.0,120700.0,121000.0,25728
202606041345,121100.0,121800.0,121100.0,121800.0,24934
202606041400,121800.0,121800.0,120800.0,121100.0,27361
202606041415,121000.0,121700.0,121000.0,121400.0,20795
202606041430,121400.0,121900.0,121300.0,121400.0,23284
202606041445,121400.0,121400.0,120400.0,120500.0,30172
202606041500,120500.0,120600.0,120200.0,120300.0,26464
202606041515,120300.0,121100.0,120300.0,120600.0,122065
202606050900,123000.0,126400.0,122800.0,124300.0,136420
202606050915,124250.0,125000.0,122700.0,123000.0,95586
202606050930,123200.0,124500.0,122900.0,123900.0,50728
202606050945,123800.0,124000.0,122300.0,122400.0,43697
202606051000,122400.0,122700.0,121000.0,121500.0,40873
202606051015,121600.0,121700.0,120100.0,120900.0,33959
202606051030,120700.0,121900.0,120600.0,121700.0,28536
202606051045,121700.0,122500.0,121300.0,121800.0,42324
202606051100,121800.0,122300.0,121500.0,121900.0,26435
202606051115,122000.0,122200.0,121600.0,122000.0,19325
202606051130,122000.0,123000.0,122000.0,122800.0,22231
202606051145,122900.0,123300.0,122400.0,122800.0,20226
202606051200,122900.0,123300.0,122700.0,123100.0,21893
202606051215,123100.0,123400.0,122900.0,123400.0,19106
202606051230,123300.0,123400.0,122900.0,122900.0,22695
202606051245,122900.0,123000.0,122700.0,122800.0,21040
202606051300,122800.0,123300.0,122700.0,123000.0,26932
202606051315,123000.0,123300.0,122100.0,122200.0,30126
202606051330,122200.0,122900.0,122000.0,122300.0,23859
202606051345,122400.0,122800.0,122300.0,122400.0,21585
202606051400,122500.0,123000.0,122200.0,122700.0,27506
202606051415,122700.0,123100.0,122600.0,123000.0,30016
202606051430,123100.0,123800.0,123000.0,123300.0,41233
202606051445,123400.0,123400.0,122500.0,123000.0,36128
202606051500,122900.0,123400.0,122600.0,122800.0,45439
202606051515,122900.0,126000.0,122600.0,123600.0,140765
202606080900,120000.0,120500.0,117800.0,118000.0,22004
202606080930,120900.0,122100.0,117800.0,118000.0,98561
202606080945,117900.0,118000.0,113100.0,114000.0,143686
202606081000,113900.0,114000.0,112500.0,112800.0,96304
202606081015,112800.0,113200.0,112100.0,112400.0,28066
202606081030,112400.0,113200.0,111700.0,112400.0,35781
202606081045,112400.0,112500.0,111600.0,111800.0,30672
202606081100,111800.0,112700.0,111500.0,112400.0,29284
202606081115,112300.0,113000.0,111600.0,112500.0,28342
202606081130,112500.0,113000.0,111700.0,112700.0,31676
202606081145,112700.0,113200.0,112600.0,113100.0,28519
202606081200,113100.0,113500.0,113000.0,113500.0,19986
202606081215,113500.0,113700.0,113200.0,113400.0,19434
202606081230,113300.0,113600.0,112800.0,113000.0,24052
202606081245,112900.0,113300.0,112700.0,113100.0,20250
202606081300,113200.0,113700.0,112700.0,113700.0,19224
202606081315,113700.0,114100.0,113200.0,113500.0,17274
202606081330,113500.0,113500.0,113000.0,113200.0,18301
202606081345,113100.0,113200.0,112600.0,112700.0,26221
202606081400,112600.0,113400.0,112500.0,112700.0,28027
202606081415,112800.0,113000.0,112100.0,112400.0,44199
202606081430,112300.0,112400.0,111300.0,111300.0,51319
202606081445,111400.0,111600.0,111100.0,111200.0,44301
202606081500,111200.0,112000.0,111000.0,111600.0,45866
202606081515,111600.0,112800.0,111500.0,112400.0,112231
202606090900,115100.0,117800.0,114100.0,116100.0,121027
202606090915,116100.0,118200.0,116100.0,116800.0,71995
202606090930,116700.0,118600.0,116700.0,118500.0,45228
202606090945,118500.0,118800.0,117800.0,118200.0,34543
202606091000,118200.0,118800.0,118000.0,118600.0,25877
202606091015,118600.0,120300.0,118300.0,119200.0,42479
202606091030,119100.0,119200.0,118000.0,118300.0,36777
202606091045,118300.0,118700.0,117500.0,118000.0,32549
202606091100,118000.0,118300.0,117500.0,117600.0,25829
202606091115,117700.0,118400.0,117550.0,118200.0,25576
202606091130,118300.0,118600.0,117900.0,118000.0,30354
202606091145,118050.0,118600.0,118000.0,118500.0,21267
202606091200,118400.0,118900.0,118300.0,118700.0,18065
202606091215,118800.0,119200.0,118500.0,119000.0,17773
202606091230,119100.0,119200.0,118500.0,119000.0,24355
202606091245,119000.0,119700.0,119000.0,119400.0,19345
202606091300,119300.0,119800.0,119000.0,119500.0,18170
202606091315,119500.0,120300.0,119300.0,120200.0,29213
202606091330,120300.0,121000.0,119900.0,120500.0,25124
202606091345,120600.0,121000.0,120200.0,120700.0,26317
202606091400,120600.0,120900.0,119800.0,120200.0,24122
202606091415,120200.0,120300.0,118500.0,118500.0,31050
202606091430,118600.0,119500.0,118500.0,119300.0,31194
202606091445,119300.0,119700.0,119000.0,119400.0,36694
202606091500,119400.0,120200.0,119300.0,119600.0,32305
202606091515,119500.0,119900.0,119000.0,119000.0,114649
202606100900,116900.0,118200.0,116100.0,117700.0,59600
202606100915,117600.0,118500.0,117100.0,117900.0,34114
202606100930,117700.0,118400.0,117400.0,118100.0,39199
202606100945,118300.0,120200.0,117600.0,119800.0,34952
202606101000,119800.0,120100.0,119300.0,119700.0,31896
202606101015,119700.0,120200.0,119000.0,119200.0,30657
202606101030,119300.0,119600.0,118200.0,118200.0,27570
202606101045,118200.0,119500.0,118100.0,118900.0,27250
202606101100,118900.0,119400.0,118600.0,119100.0,25396
202606101115,119100.0,119200.0,118400.0,118500.0,20073
202606101130,118550.0,118600.0,118300.0,118400.0,17079
202606101145,118400.0,118700.0,118000.0,118200.0,20935
202606101200,118100.0,118600.0,117900.0,118400.0,26237
202606101215,118500.0,118900.0,118100.0,118300.0,29148
202606101230,118400.0,118400.0,117100.0,117300.0,27402
202606101245,117300.0,117500.0,116600.0,117000.0,21145
202606101300,116900.0,117000.0,116200.0,116500.0,28505
202606101315,116500.0,118300.0,115700.0,115800.0,34957
202606101330,115700.0,115900.0,114500.0,114500.0,28839
202606101345,114500.0,115500.0,114200.0,114700.0,30684
202606101400,114700.0,115600.0,114700.0,115300.0,25171
202606101415,115400.0,116800.0,114900.0,116300.0,37336
202606101430,116300.0,116600.0,115500.0,115900.0,34585
202606101445,115800.0,116700.0,115400.0,116500.0,27497
202606101500,116500.0,117800.0,115800.0,117800.0,50273
202606101515,117800.0,118000.0,117500.0,117900.0,110098
202606110900,116600.0,117100.0,113800.0,114200.0,56863
202606110915,114200.0,114800.0,113300.0,114100.0,52232
202606110930,114200.0,114300.0,112500.0,112700.0,35410
202606110945,112700.0,113300.0,112200.0,113200.0,37385
202606111000,113200.0,114500.0,112500.0,114300.0,40447
202606111015,114400.0,114500.0,113600.0,114100.0,23377
202606111030,114100.0,114100.0,113000.0,113100.0,22489
202606111045,113000.0,113600.0,112800.0,113500.0,29135
202606111100,113300.0,113500.0,112600.0,112600.0,21895
202606111115,112700.0,113000.0,112000.0,112600.0,21162
202606111130,112500.0,113600.0,112400.0,113500.0,31973
202606111145,113400.0,114500.0,113000.0,114300.0,18194
202606111200,114200.0,114600.0,114100.0,114500.0,20560
202606111215,114500.0,115300.0,114400.0,115000.0,20203
202606111230,115000.0,116000.0,114900.0,116000.0,20519
202606111245,116000.0,116300.0,115300.0,115500.0,23438
202606111300,115500.0,115500.0,114700.0,114700.0,36266
202606111315,114700.0,115000.0,114400.0,114800.0,39920
202606111330,114800.0,115000.0,114100.0,114400.0,40008
202606111345,114400.0,114700.0,114000.0,114100.0,52740
202606111400,114100.0,114400.0,113800.0,114100.0,46851
202606111415,114000.0,114200.0,113000.0,113000.0,50025
202606111430,113000.0,113700.0,112800.0,113400.0,48365
202606111445,113400.0,113800.0,113300.0,113500.0,55798
202606111500,113500.0,114600.0,113300.0,114500.0,93650
202606111515,114500.0,115000.0,114400.0,114800.0,370963
202606120900,116700.0,118200.0,115400.0,118150.0,74332
202606120915,118150.0,120700.0,118100.0,120000.0,50720
202606120930,120000.0,120900.0,119800.0,120100.0,31820
202606120945,120100.0,121700.0,119900.0,121700.0,30782
202606121000,121600.0,122300.0,121100.0,121200.0,33417
202606121015,121200.0,122000.0,121200.0,121600.0,31488
202606121030,121600.0,122500.0,121400.0,121800.0,30622
202606121045,121900.0,123500.0,121600.0,123000.0,29445
202606121100,123000.0,123100.0,122300.0,122600.0,17360
202606121115,122600.0,123900.0,122600.0,123500.0,25603
202606121130,123600.0,123900.0,123100.0,123500.0,25324
202606121145,123500.0,123700.0,122800.0,123500.0,28016
202606121200,123400.0,124900.0,123400.0,124700.0,52167
202606121215,124800.0,125000.0,124300.0,124500.0,45849
202606121230,124500.0,125000.0,124200.0,124400.0,46264
202606121245,124400.0,125200.0,124400.0,124900.0,37964
202606121300,124800.0,124900.0,123900.0,124600.0,37744
202606121315,124500.0,124800.0,124000.0,124700.0,38649
202606121330,124700.0,125000.0,124200.0,124900.0,43484
202606121345,124800.0,125100.0,124700.0,125000.0,40716
202606121400,125000.0,125000.0,123800.0,124100.0,38419
202606121415,124200.0,124500.0,123100.0,123200.0,47954
202606121430,123200.0,123600.0,121700.0,122100.0,68056
202606121445,122100.0,122300.0,121100.0,121400.0,60103
202606121500,121200.0,122000.0,121000.0,121100.0,55820
202606121515,121000.0,121100.0,120700.0,121000.0,139858
202606150900,123800.0,124700.0,121500.0,124600.0,69256
202606150915,124600.0,129000.0,124600.0,128100.0,99864
202606150930,128000.0,129100.0,128000.0,128600.0,50503
202606150945,128500.0,129000.0,128200.0,128900.0,36696
202606151000,128800.0,129300.0,128500.0,128800.0,37910
202606151015,128900.0,129800.0,128600.0,129300.0,55000
202606151030,129200.0,129800.0,128500.0,129400.0,39063
202606151045,129400.0,129600.0,128600.0,129100.0,33716
202606151100,129100.0,129700.0,128900.0,129200.0,20917
202606151115,129300.0,130400.0,129100.0,130400.0,46956
202606151130,130300.0,130700.0,130200.0,130200.0,30769
202606151145,130300.0,130500.0,129900.0,130000.0,20620
202606151200,130000.0,130300.0,129700.0,129900.0,14648
202606151215,129800.0,130500.0,129700.0,130400.0,18454
202606151230,130400.0,130500.0,129500.0,129700.0,16058
202606151245,129700.0,130000.0,129200.0,129300.0,12098
202606151300,129200.0,129400.0,128800.0,129300.0,16712
202606151315,129200.0,129400.0,128900.0,129000.0,13301
202606151330,129000.0,129400.0,128400.0,129300.0,27374
202606151345,129300.0,129600.0,129000.0,129200.0,34380
202606151400,129200.0,129400.0,129000.0,129200.0,34531
202606151415,129100.0,130000.0,129000.0,129500.0,41427
202606151430,129400.0,129900.0,129100.0,129500.0,48100
202606151445,129400.0,130400.0,129400.0,129800.0,55759
202606151500,129800.0,129800.0,128600.0,128700.0,43248
202606151515,128800.0,129300.0,128000.0,129300.0,111697
202606160900,129900.0,133900.0,129300.0,132400.0,80080
202606160915,132400.0,133700.0,131800.0,133600.0,53936
202606160930,133500.0,135400.0,133000.0,135200.0,112734
202606160945,135200.0,136000.0,133400.0,133700.0,109505
202606161000,133750.0,134600.0,132800.0,132800.0,40608
202606161015,132900.0,133000.0,130600.0,130800.0,33486
202606161030,130700.0,131650.0,130600.0,131100.0,24262
202606161045,131200.0,131500.0,130900.0,131450.0,20082
202606161100,131450.0,132300.0,131200.0,132100.0,23187
202606161115,132100.0,132400.0,131500.0,132100.0,36462
202606161130,132100.0,132400.0,131800.0,132300.0,14205
202606161145,132350.0,132400.0,131800.0,131900.0,14185
202606161200,132000.0,132300.0,131800.0,132300.0,15031
202606161215,132400.0,133100.0,132300.0,132300.0,22484
202606161230,132300.0,132700.0,132000.0,132300.0,20290
202606161245,132300.0,132400.0,131600.0,131800.0,22786
202606161300,131800.0,131900.0,131100.0,131800.0,93389
202606161315,131900.0,132000.0,131400.0,132000.0,25065
202606161330,131900.0,132000.0,131800.0,131900.0,13268
202606161345,131900.0,132000.0,131600.0,132000.0,15790
202606161400,131900.0,132300.0,131700.0,131800.0,28922
202606161415,131800.0,132100.0,131800.0,131800.0,19026
202606161430,131800.0,131900.0,131700.0,131800.0,38673
202606161445,131800.0,132000.0,131800.0,131900.0,26233
202606161500,131800.0,132200.0,131800.0,132000.0,32845
202606161515,132000.0,132200.0,131800.0,132000.0,112191
202606170900,133400.0,134400.0,129500.0,129900.0,38493
202606170915,129900.0,131100.0,128600.0,130800.0,25493
202606170930,130700.0,131000.0,129500.0,129800.0,12484
202606170945,129700.0,130700.0,129200.0,130200.0,20146
202606171000,130100.0,130700.0,129900.0,130400.0,10063
202606171015,130400.0,130500.0,129800.0,130000.0,10629
202606171030,129900.0,131000.0,129900.0,130700.0,10662
202606171045,130600.0,131200.0,130400.0,130900.0,10532
202606171100,130900.0,130900.0,130400.0,130700.0,8496
202606171115,130800.0,131200.0,130400.0,131100.0,10278
202606171130,131100.0,131200.0,130400.0,130400.0,9100
202606171145,130500.0,130600.0,129800.0,130100.0,17359
202606171200,130200.0,130200.0,128900.0,129200.0,15048
202606171215,129200.0,129400.0,128700.0,128800.0,10444
202606171230,128800.0,129100.0,128600.0,128700.0,11807
202606171245,128800.0,129200.0,128700.0,129000.0,9347
202606171300,129000.0,129700.0,128700.0,129000.0,14335
202606171315,129000.0,129200.0,128400.0,128800.0,14055
202606171330,128800.0,129300.0,128500.0,128500.0,16472
202606171345,128600.0,128900.0,128100.0,128400.0,17383
202606171400,128700.0,128800.0,128200.0,128600.0,13627
202606171415,128500.0,128600.0,127700.0,127900.0,18191
202606171430,128000.0,128100.0,127300.0,127500.0,22985
202606171445,127500.0,127800.0,127100.0,127100.0,27605
202606171500,127100.0,127200.0,127000.0,127000.0,23592
202606171515,127000.0,127400.0,126400.0,126800.0,75135
202606180900,127100.0,127600.0,125600.0,127200.0,59088
202606180915,127200.0,127400.0,126300.0,126800.0,21786
202606180930,126800.0,126800.0,126000.0,126000.0,19015
202606180945,126000.0,126300.0,125500.0,126200.0,34252
202606181000,126200.0,127600.0,126000.0,127400.0,27112
202606181015,127400.0,127800.0,126900.0,127100.0,15878
202606181030,127100.0,127400.0,126400.0,126600.0,19209
202606181045,126600.0,126700.0,125900.0,126400.0,18468
202606181100,126300.0,127000.0,126100.0,126700.0,19743
202606181115,126700.0,127100.0,126300.0,126600.0,19634
202606181130,126600.0,126700.0,126200.0,126400.0,16716
202606181145,126300.0,126500.0,125800.0,126100.0,18406
202606181200,126100.0,126100.0,125700.0,125700.0,9839
202606181215,125700.0,126300.0,125700.0,126000.0,13444
202606181230,126000.0,126400.0,125900.0,126100.0,12370
202606181245,126100.0,126200.0,125800.0,126100.0,14277
202606181300,126100.0,126600.0,126000.0,126000.0,12929
202606181315,126000.0,126800.0,126000.0,126600.0,16213
202606181330,126600.0,127300.0,126300.0,127100.0,18217
202606181345,127100.0,127500.0,126600.0,126800.0,14294
202606181400,126800.0,127200.0,126700.0,126800.0,15683
202606181415,126900.0,127000.0,126600.0,126800.0,16306
202606181430,126800.0,127100.0,126700.0,126900.0,17812
202606181445,126900.0,127200.0,126400.0,126700.0,22594
202606181500,126700.0,127000.0,126500.0,126600.0,25719
202606181515,126600.0,127500.0,126600.0,127400.0,10921
202606190900,126000.0,127900.0,124900.0,127600.0,39228
202606190915,127600.0,127800.0,125500.0,125600.0,25882
202606190930,125600.0,126400.0,124600.0,124800.0,22618
202606190945,124700.0,124900.0,123600.0,123900.0,22064
202606191000,123850.0,124200.0,122900.0,123100.0,27774
202606191015,123100.0,123700.0,122900.0,123200.0,20903
202606191030,123200.0,123700.0,123000.0,123500.0,14972
202606191045,123600.0,124300.0,123400.0,124100.0,18741
202606191100,124100.0,124300.0,123600.0,123900.0,9124
202606191115,123900.0,124800.0,123800.0,124400.0,15702
202606191130,124200.0,124700.0,124200.0,124500.0,7688
202606191145,124500.0,124700.0,123800.0,124000.0,9216
202606191200,123900.0,124200.0,123200.0,123300.0,10746
202606191215,123300.0,123400.0,122800.0,122900.0,17701
202606191230,122900.0,123100.0,122400.0,122500.0,26584
202606191245,122500.0,122800.0,121300.0,121400.0,28022
202606191300,121400.0,122300.0,121300.0,121900.0,22931
202606191315,121900.0,122300.0,121300.0,121300.0,16179
202606191330,121300.0,122000.0,121000.0,121300.0,18226
202606191345,121300.0,121900.0,121100.0,121700.0,18212
202606191400,121700.0,122000.0,121100.0,121700.0,18359
202606191415,121700.0,122100.0,121300.0,121800.0,18515
202606191430,121800.0,122200.0,121000.0,122000.0,21070
202606191445,122000.0,122900.0,121700.0,122100.0,41250
202606191500,122100.0,123000.0,122100.0,122800.0,60576
202606191515,122700.0,123500.0,122500.0,123500.0,449558
202606220900,122400.0,123000.0,121400.0,121500.0,35312
202606220915,121600.0,121600.0,120100.0,120300.0,24678
202606220930,120300.0,121200.0,120000.0,120750.0,24379
202606220945,120800.0,120900.0,119500.0,119800.0,23706
202606221000,119800.0,119800.0,118700.0,118900.0,31283
202606221015,118900.0,119500.0,118600.0,119300.0,23011
202606221030,119300.0,120300.0,119200.0,120100.0,21168
202606221045,120000.0,120200.0,119200.0,119200.0,19677
202606221100,119200.0,119300.0,118500.0,118500.0,16911
202606221115,118600.0,119000.0,118500.0,118600.0,21668
202606221130,118500.0,118700.0,118100.0,118400.0,14104
202606221145,118500.0,118700.0,118200.0,118500.0,11522
202606221200,118500.0,118700.0,118300.0,118600.0,14118
202606221215,118700.0,118900.0,118300.0,118400.0,13667
202606221230,118400.0,118500.0,118100.0,118200.0,16714
202606221245,118200.0,118900.0,118000.0,118900.0,27698
202606221300,119000.0,119400.0,118700.0,119100.0,26032
202606221315,119100.0,119400.0,119000.0,119200.0,19114
202606221330,119100.0,119600.0,119100.0,119300.0,25676
202606221345,119300.0,119500.0,119000.0,119300.0,21120
202606221400,119200.0,119900.0,119000.0,119800.0,31011
202606221415,119900.0,119900.0,119400.0,119500.0,21017
202606221430,119500.0,119500.0,118800.0,119000.0,30058
202606221445,119000.0,119600.0,119000.0,119100.0,28912
202606221500,119100.0,119700.0,119000.0,119600.0,47604
202606221515,119500.0,119700.0,119500.0,119700.0,92534
202606230900,121200.0,122800.0,119800.0,122300.0,49560
202606230915,122300.0,123500.0,121600.0,123300.0,77544
202606230930,123300.0,123700.0,122000.0,122800.0,30191
202606230945,122800.0,123500.0,121200.0,121200.0,23843
202606231000,121400.0,121800.0,120700.0,121500.0,11835
202606231015,121300.0,122200.0,120600.0,122100.0,10294
202606231030,122000.0,122600.0,121000.0,121700.0,18354
202606231045,121600.0,121700.0,119500.0,119600.0,26477
202606231100,119400.0,119600.0,118100.0,118600.0,22585
202606231115,118600.0,118800.0,118100.0,118300.0,20253
202606231130,118200.0,119800.0,118200.0,118900.0,14692
202606231145,118900.0,119300.0,118200.0,118200.0,11393
202606231200,118200.0,118300.0,117500.0,117700.0,17524
202606231215,117800.0,118100.0,117400.0,118000.0,11566
202606231230,118000.0,118000.0,117000.0,117200.0,15179
202606231245,117100.0,117700.0,116600.0,117500.0,25691
202606231300,117400.0,117800.0,117400.0,117600.0,16507
202606231315,117600.0,117700.0,117200.0,117500.0,14020
202606231330,117500.0,117700.0,116700.0,117000.0,20787
202606231345,117000.0,117200.0,116500.0,116500.0,15892
202606231400,116500.0,116800.0,115800.0,116200.0,31400
202606231415,116200.0,117200.0,116000.0,116700.0,38549
202606231430,116800.0,117300.0,116000.0,116500.0,12869
202606231500,117400.0,117500.0,115900.0,115900.0,106711
202606231515,115900.0,116700.0,115100.0,115500.0,111731
202606240900,115200.0,115900.0,112100.0,112400.0,78476
202606240915,112400.0,114800.0,112400.0,114300.0,44763
202606240930,114400.0,114400.0,113000.0,113900.0,33985
202606240945,114000.0,114800.0,113650.0,114500.0,22493
202606241000,114500.0,114900.0,113800.0,114200.0,24034
202606241015,114050.0,114500.0,113800.0,114500.0,16660
202606241030,114500.0,114900.0,114100.0,114200.0,14487
202606241045,114200.0,114800.0,113900.0,114600.0,13689
202606241100,114600.0,115300.0,114500.0,114900.0,25464
202606241115,114900.0,115200.0,114600.0,115000.0,16757
202606241130,115000.0,115100.0,114400.0,114500.0,11524
202606241145,114400.0,114500.0,112800.0,112800.0,29938
202606241200,112700.0,113200.0,112100.0,113000.0,31370
202606241215,113000.0,114400.0,112500.0,114200.0,21987
202606241230,114300.0,114700.0,113800.0,114600.0,15071
202606241245,114500.0,114600.0,113700.0,114000.0,17875
202606241300,114000.0,114400.0,113700.0,114300.0,17708
202606241315,114200.0,114700.0,114000.0,114100.0,24233
202606241330,114100.0,115000.0,114000.0,114500.0,23949
202606241345,114600.0,114850.0,114200.0,114300.0,24160
202606241400,114300.0,114900.0,114200.0,114900.0,24961
202606241415,114800.0,115600.0,114600.0,115600.0,26681
202606241430,115500.0,115600.0,114600.0,114900.0,25297
202606241445,114800.0,114900.0,113900.0,114000.0,31556
202606241500,114000.0,114600.0,113700.0,114400.0,35809
202606241515,114400.0,114800.0,114000.0,114200.0,131539
202606250900,115900.0,117700.0,115300.0,117400.0,36718
202606250915,117400.0,117700.0,116100.0,116700.0,20735
202606250930,116700.0,117200.0,116200.0,116300.0,17581
202606250945,116300.0,117000.0,115200.0,115300.0,25928
202606251000,115300.0,116500.0,115200.0,116200.0,17303
202606251015,116200.0,116600.0,115400.0,115400.0,23407
202606251030,115400.0,116100.0,115100.0,116000.0,13034
202606251045,116100.0,117300.0,115900.0,116400.0,23142
202606251100,116300.0,116900.0,115900.0,116000.0,18840
202606251115,116000.0,117400.0,116000.0,116700.0,13467
202606251130,116700.0,117400.0,116600.0,116650.0,8071
202606251145,116600.0,117300.0,116550.0,117000.0,13497
202606251200,117000.0,117200.0,116500.0,116800.0,23957
202606251215,116700.0,116800.0,116400.0,116500.0,7410
202606251230,116600.0,116700.0,116200.0,116600.0,13833
202606251245,116600.0,116700.0,116300.0,116400.0,13802
202606251300,116300.0,116700.0,116000.0,116000.0,17952
202606251315,116000.0,116600.0,115900.0,116600.0,16564
202606251330,116400.0,116600.0,115900.0,116000.0,21020
202606251345,116000.0,116300.0,115500.0,115500.0,24635
202606251400,115500.0,115800.0,115300.0,115400.0,13518
202606251415,115300.0,115500.0,114600.0,115000.0,21954
202606251430,115000.0,115300.0,114300.0,114300.0,28902
202606251445,114400.0,115400.0,114200.0,114800.0,30357
202606251500,114700.0,115100.0,114300.0,114600.0,53297
202606251515,114500.0,115000.0,114000.0,114000.0,157545
202606260900,113200.0,114600.0,112000.0,112250.0,54852
202606260915,112250.0,113000.0,111800.0,112300.0,39001
202606260930,112300.0,113400.0,111300.0,111400.0,36503
202606260945,111400.0,111800.0,111100.0,111500.0,32593
202606261000,111600.0,111800.0,110600.0,111700.0,29000
202606261015,111600.0,112000.0,111100.0,111200.0,18605
202606261030,111200.0,111400.0,110600.0,111100.0,33367
202606261045,111000.0,111500.0,110900.0,111400.0,19130
202606261100,111200.0,111800.0,110700.0,111700.0,16451
202606261115,111800.0,111800.0,110500.0,110500.0,27032
202606261130,110500.0,110700.0,109300.0,109600.0,30080
202606261145,109600.0,109800.0,108700.0,108900.0,31069
202606261200,108900.0,108900.0,108300.0,108600.0,16548
202606261230,108600.0,108900.0,107900.0,108100.0,36917
202606261245,108100.0,108500.0,107600.0,108000.0,27361
202606261300,108100.0,109300.0,108000.0,109000.0,30534
202606261315,109100.0,109300.0,108100.0,109300.0,28910
202606261330,109200.0,109300.0,108100.0,108150.0,21533
202606261345,108150.0,108600.0,108000.0,108300.0,24059
202606261400,108400.0,109300.0,108300.0,109000.0,30467
202606261415,109000.0,109500.0,108800.0,109100.0,29288
202606261430,109100.0,109500.0,108500.0,108800.0,36823
202606261445,108800.0,109400.0,108400.0,109200.0,46180
202606261500,109100.0,109400.0,108600.0,109300.0,50101
202606261515,109400.0,109900.0,109000.0,109700.0,86668
202606290900,110900.0,111500.0,109100.0,110700.0,55477
202606290915,110700.0,111000.0,109300.0,109700.0,25194
202606290930,109700.0,111100.0,109400.0,110600.0,33773
202606290945,110700.0,112000.0,110500.0,110800.0,25947
202606291000,110900.0,111200.0,110100.0,110900.0,15023
202606291015,111000.0,111800.0,110700.0,111300.0,16534
202606291030,111300.0,111700.0,110900.0,111400.0,19170
202606291045,111300.0,111300.0,110700.0,110700.0,12806
202606291100,110700.0,111200.0,110500.0,110500.0,15368
202606291115,110600.0,110800.0,110400.0,110700.0,12389
202606291130,110700.0,111600.0,110400.0,111600.0,12621
202606291145,111500.0,111700.0,111000.0,111600.0,13024
202606291200,111600.0,112400.0,111100.0,111500.0,18830
202606291215,111500.0,112100.0,111300.0,111500.0,17815
202606291230,111600.0,112100.0,110800.0,112100.0,18985
202606291245,112100.0,113000.0,111600.0,112700.0,27716
202606291300,112800.0,113900.0,112700.0,113600.0,29071
202606291315,113600.0,113600.0,112900.0,113100.0,18740
202606291330,113100.0,114000.0,112600.0,113400.0,27252
202606291345,113500.0,113900.0,112800.0,113000.0,21989
202606291400,113000.0,114000.0,112900.0,114000.0,20947
202606291415,113900.0,114200.0,113500.0,113800.0,25853
202606291430,113900.0,115100.0,113800.0,115000.0,39794
202606291445,115100.0,115700.0,114700.0,115700.0,49992
202606291500,115700.0,115800.0,114400.0,114600.0,29949
202606291515,114500.0,115000.0,114400.0,114800.0,126833
202606300900,115300.0,117700.0,114600.0,117500.0,59933
202606300915,117500.0,117700.0,115200.0,115700.0,40335
202606300930,115700.0,116900.0,115500.0,115900.0,35450
202606300945,115900.0,116900.0,114900.0,116900.0,59937
202606301000,116800.0,117100.0,115900.0,116200.0,27581
202606301015,116200.0,116400.0,115200.0,116300.0,25839
202606301030,116300.0,116600.0,115500.0,116300.0,22918
202606301045,116400.0,116400.0,115600.0,116300.0,17909
202606301100,116100.0,116300.0,114800.0,114800.0,21200
202606301115,114800.0,115900.0,114400.0,115700.0,24047
202606301130,115700.0,116300.0,115500.0,116000.0,25945
202606301145,116000.0,117200.0,116000.0,116400.0,30500
202606301200,116400.0,116800.0,116300.0,116700.0,15635
202606301215,116700.0,117300.0,116500.0,117100.0,19533
202606301230,117200.0,117500.0,117100.0,117200.0,14489
202606301245,117200.0,117800.0,117000.0,117200.0,18881
202606301300,117200.0,117300.0,116100.0,116400.0,20504
202606301315,116400.0,117000.0,116200.0,116900.0,17584
202606301330,116900.0,117500.0,116800.0,117000.0,20184
202606301345,117000.0,117400.0,116800.0,117400.0,20018
202606301400,117400.0,117400.0,116300.0,116500.0,18727
202606301415,116600.0,116600.0,115700.0,115800.0,28721
202606301430,115700.0,116300.0,115300.0,116300.0,25500
202606301445,116300.0,116400.0,115700.0,115900.0,25532
202606301500,115800.0,115900.0,115000.0,115100.0,51119
202606301515,115100.0,115400.0,114600.0,114600.0,377735
202607010900,115700.0,118300.0,115300.0,117400.0,44907
202607010915,117400.0,118000.0,116800.0,117000.0,41312
202607010930,117000.0,118200.0,117000.0,118100.0,20088
202607010945,118200.0,118200.0,116500.0,116600.0,24810
202607011000,116600.0,116900.0,115400.0,115700.0,21597
202607011015,115700.0,116000.0,115300.0,115600.0,27365
202607011030,115700.0,115800.0,115000.0,115400.0,25002
202607011045,115300.0,115400.0,114700.0,115100.0,20375
202607011100,115100.0,115200.0,113800.0,114100.0,18717
202607011115,114100.0,114500.0,113600.0,114500.0,26186
202607011130,114500.0,116000.0,114400.0,115800.0,17467
202607011145,115800.0,116300.0,115400.0,115500.0,12643
202607011200,115500.0,116400.0,115300.0,116300.0,11102
202607011215,116300.0,116400.0,115900.0,116200.0,10144
202607011230,116300.0,117200.0,116100.0,116600.0,17865
202607011245,116600.0,117300.0,116600.0,116900.0,20625
202607011300,116800.0,117100.0,116300.0,116400.0,13036
202607011315,116500.0,116700.0,116000.0,116500.0,10670
202607011330,116600.0,116900.0,116100.0,116600.0,16240
202607011345,116600.0,117300.0,116500.0,116500.0,15138
202607011400,116600.0,116900.0,116200.0,116600.0,16190
202607011415,116600.0,116800.0,116300.0,116700.0,16421
202607011430,116700.0,116700.0,116000.0,116100.0,18133
202607011445,116200.0,116600.0,115900.0,116400.0,14048
202607011500,116500.0,116700.0,116200.0,116400.0,17123
202607011515,116400.0,116600.0,116100.0,116400.0,77945
202607020900,115100.0,116300.0,113700.0,113950.0,74421
202607020915,113900.0,116600.0,113700.0,116500.0,45196
202607020930,116600.0,118900.0,116300.0,117900.0,83920
202607020945,117950.0,118600.0,117400.0,118400.0,58705
202607021000,118400.0,121800.0,118300.0,121200.0,87144
202607021015,121200.0,124800.0,121200.0,124600.0,68387
202607021030,124700.0,125000.0,120700.0,124100.0,59924
202607021045,124000.0,124500.0,123200.0,123800.0,33774
202607021100,123800.0,124700.0,123800.0,124300.0,24232
202607021115,124400.0,124600.0,123800.0,124200.0,21706
202607021130,124250.0,124500.0,123400.0,123600.0,19409
202607021145,123700.0,124400.0,123100.0,124100.0,18711
202607021200,124100.0,124200.0,123000.0,123900.0,22197
202607021215,123800.0,123900.0,122300.0,122800.0,22068
202607021230,122800.0,123000.0,122100.0,122700.0,17941
202607021245,122650.0,123000.0,122200.0,122500.0,21254
202607021300,122500.0,122700.0,121900.0,122000.0,21510
202607021315,122000.0,122900.0,121700.0,122600.0,26908
202607021330,122600.0,122700.0,121700.0,121700.0,27276
202607021345,121800.0,123600.0,121750.0,122800.0,34294
202607021400,122800.0,123700.0,122800.0,123200.0,27787
202607021415,123300.0,123400.0,121900.0,122000.0,30117
202607021430,122000.0,122500.0,121800.0,122000.0,25567
202607021445,122000.0,122100.0,121000.0,121500.0,34734
202607021500,121500.0,122000.0,120000.0,120100.0,61931
202607021515,120100.0,121400.0,119600.0,120800.0,111161
202607030900,125000.0,125000.0,121100.0,123200.0,80771
202607030915,123200.0,123400.0,121800.0,122500.0,52139
202607030930,122400.0,125000.0,122100.0,123000.0,67039
202607030945,123100.0,123450.0,122000.0,122500.0,58946
202607031000,122500.0,126500.0,122100.0,126300.0,104831
202607031015,126300.0,126700.0,125100.0,125300.0,64115
202607031030,125300.0,125700.0,124700.0,125300.0,30250
202607031045,125300.0,125500.0,123800.0,124600.0,26422
202607031100,124500.0,125400.0,124400.0,125000.0,22351
202607031115,125000.0,126500.0,124900.0,125850.0,37961
202607031130,125850.0,126400.0,125500.0,126300.0,21086
202607031145,126400.0,126500.0,125700.0,125800.0,22571
202607031200,125800.0,126400.0,125300.0,126400.0,21844
202607031215,126400.0,126400.0,125800.0,126300.0,15264
202607031230,126400.0,126400.0,124900.0,125200.0,17064
202607031245,125300.0,126500.0,125000.0,126300.0,25952
202607031300,126300.0,126500.0,125800.0,126000.0,18855
202607031315,125900.0,126200.0,125200.0,125400.0,25246
202607031330,125500.0,125700.0,124900.0,125100.0,16428
202607031345,125100.0,125700.0,124500.0,125600.0,24059
202607031400,125500.0,125900.0,125300.0,125600.0,21142
202607031415,125600.0,125800.0,125200.0,125500.0,21196
202607031430,125600.0,126100.0,125500.0,125500.0,21658
202607031445,125500.0,125600.0,125000.0,125500.0,23447
202607031500,125500.0,126300.0,125100.0,125500.0,53210
202607031515,125600.0,125700.0,125400.0,125600.0,60699
202607060900,126700.0,128000.0,124700.0,127700.0,45010
202607060915,127700.0,128000.0,126100.0,126600.0,33986
202607060930,126600.0,128100.0,126600.0,127100.0,30204
202607060945,127100.0,127600.0,126200.0,126500.0,22624
202607061000,126400.0,127100.0,126200.0,127100.0,29850
202607061015,127000.0,127600.0,126300.0,126900.0,17699
202607061030,127000.0,128200.0,127000.0,127500.0,27497
202607061045,127400.0,127500.0,125900.0,126300.0,26349
202607061100,126200.0,127200.0,126000.0,126300.0,13910
202607061115,126300.0,126500.0,125000.0,125300.0,26264
202607061130,125300.0,125500.0,124200.0,124400.0,18270
202607061145,124400.0,124700.0,123200.0,124500.0,22190
202607061200,124600.0,125500.0,124500.0,125300.0,15699
202607061215,125300.0,125300.0,124400.0,124500.0,20291
202607061230,124500.0,124700.0,123800.0,124000.0,10241
202607061245,124000.0,124700.0,123700.0,124100.0,11319
202607061300,124100.0,124800.0,124000.0,124400.0,13456
202607061315,124400.0,125100.0,124300.0,124900.0,15192
202607061330,124900.0,125000.0,124300.0,124700.0,19220
202607061345,124700.0,125000.0,124400.0,124600.0,15903
202607061400,124800.0,124900.0,123800.0,124200.0,18857
202607061415,124200.0,124400.0,123800.0,124000.0,16795
202607061430,124100.0,124300.0,123450.0,123700.0,19383
202607061445,123800.0,124500.0,123400.0,123900.0,17647
202607061500,123800.0,124400.0,123500.0,124300.0,20750
202607061515,124300.0,124900.0,124000.0,124800.0,47883
202607070900,125200.0,125700.0,123600.0,124200.0,55182
202607070915,124300.0,124900.0,123300.0,124800.0,47009
202607070930,124800.0,125000.0,123400.0,124300.0,35410
202607070945,124300.0,124900.0,123400.0,124800.0,33718
202607071000,124800.0,126000.0,124600.0,125200.0,33462
202607071015,125200.0,126000.0,123200.0,123550.0,56102
202607071030,123550.0,125000.0,123000.0,124800.0,35174
202607071045,124800.0,126000.0,124200.0,124800.0,40867
202607071100,124800.0,125500.0,124700.0,125200.0,27410
202607071115,125100.0,125700.0,124900.0,125300.0,26390
202607071130,125400.0,125700.0,124700.0,125000.0,25229
202607071145,124900.0,125000.0,124200.0,124700.0,25575
202607071200,124700.0,125600.0,124100.0,125500.0,23873
202607071215,125400.0,125500.0,123600.0,124800.0,25527
202607071230,124700.0,124900.0,123550.0,124300.0,24892
202607071245,124400.0,124500.0,123400.0,123700.0,25853
202607071300,124000.0,124500.0,123600.0,124000.0,28287
202607071315,123900.0,124200.0,123500.0,124000.0,26731
202607071330,124000.0,124500.0,123800.0,124300.0,25832
202607071345,124200.0,125000.0,124000.0,124300.0,23224
202607071415,125100.0,126000.0,123900.0,125700.0,58384
202607071430,125700.0,126700.0,125200.0,126000.0,46897
202607071445,126100.0,126400.0,125000.0,125800.0,29158
202607071500,125800.0,126200.0,125400.0,125600.0,31861
202607071515,125700.0,126900.0,125600.0,126900.0,92089
202607080900,126600.0,126900.0,121600.0,122800.0,81584
202607080915,123000.0,126300.0,122700.0,125600.0,43243
202607080930,125500.0,128400.0,125400.0,127000.0,61773
202607080945,127000.0,127400.0,126500.0,127300.0,27846
202607081000,127300.0,127800.0,126300.0,126500.0,32603
202607081015,126500.0,126900.0,125200.0,125900.0,36314
202607081030,125900.0,126500.0,125700.0,126400.0,18612
202607081045,126300.0,126400.0,125100.0,125200.0,16695
202607081100,125200.0,125500.0,124200.0,124600.0,17101
202607081115,124500.0,125450.0,124300.0,125000.0,14423
202607081130,125100.0,125100.0,124100.0,124500.0,13034
202607081145,124500.0,125200.0,124000.0,124700.0,17105
202607081200,124900.0,125300.0,124700.0,125000.0,10068
202607081215,125000.0,125300.0,124900.0,125000.0,10541
202607081230,125100.0,125200.0,124500.0,124600.0,9669
202607081245,124600.0,124600.0,123200.0,123400.0,19531
202607081300,123300.0,123700.0,122900.0,123200.0,17929
202607081315,123100.0,123600.0,122300.0,122500.0,26337
202607081330,122600.0,123500.0,121700.0,122000.0,41119
202607081345,121900.0,122700.0,121500.0,122600.0,30769
202607081400,122700.0,123600.0,122100.0,123400.0,25242
202607081415,123400.0,123500.0,122000.0,122600.0,27177
202607081430,122600.0,123100.0,121900.0,122600.0,32561
202607081445,122600.0,123500.0,122400.0,123200.0,57377
202607081500,123100.0,123400.0,122200.0,123200.0,93008
202607081515,123100.0,123500.0,122100.0,122300.0,127036
202607090900,122600.0,125000.0,120800.0,124300.0,67382
202607090915,124300.0,125000.0,122800.0,122900.0,43359
202607090930,122850.0,123400.0,122000.0,123400.0,34182
202607090945,123400.0,123800.0,122100.0,122100.0,29834
202607091000,122100.0,122700.0,121600.0,122500.0,28083
202607091015,122500.0,122600.0,121900.0,122000.0,26165
202607091030,122000.0,122100.0,121300.0,121800.0,17508
202607091045,121800.0,121900.0,120400.0,120500.0,32371
202607091100,120500.0,121700.0,120200.0,121500.0,33818
202607091115,121400.0,122900.0,121200.0,122400.0,25792
202607091130,122400.0,122400.0,120400.0,120600.0,24316
202607091145,120600.0,120700.0,119200.0,120000.0,27298
202607091200,119950.0,120300.0,119200.0,119800.0,27055
202607091215,119800.0,122900.0,119300.0,122600.0,48260
202607091230,122600.0,123100.0,122200.0,122900.0,56808
202607091245,122900.0,123200.0,122250.0,123050.0,29646
202607091300,123100.0,123900.0,123000.0,123500.0,28033
202607091315,123600.0,123700.0,122200.0,123000.0,24190
202607091330,123000.0,123500.0,122200.0,122550.0,26727
202607091345,122600.0,123300.0,122300.0,123100.0,22829
202607091400,123100.0,123100.0,122000.0,122400.0,30781
202607091415,122600.0,122700.0,121900.0,122300.0,27658
202607091430,122300.0,123000.0,122000.0,122900.0,28563
202607091445,122900.0,124000.0,122300.0,123900.0,45694
202607091500,123900.0,124000.0,122300.0,122600.0,53589
202607091515,122600.0,122700.0,121600.0,122600.0,289884
202607100900,123200.0,130400.0,122900.0,130300.0,108973
202607100915,130300.0,131000.0,129500.0,129500.0,83932
202607100930,129500.0,129800.0,128500.0,128800.0,53200
202607100945,128800.0,129500.0,128700.0,129400.0,28798
202607101000,129400.0,129500.0,128500.0,128700.0,36877
202607101015,128800.0,129700.0,128600.0,128800.0,30698
202607101030,128800.0,130200.0,128400.0,130200.0,67000
202607101045,130100.0,130700.0,129400.0,129400.0,70963
202607101100,129500.0,130400.0,129400.0,129800.0,37914
202607101115,129900.0,130400.0,129800.0,130300.0,28835
202607101130,130200.0,130600.0,129300.0,129400.0,38558
202607101145,129300.0,130000.0,129300.0,129800.0,25150
202607101200,129900.0,130200.0,129100.0,129300.0,26503
202607101215,129300.0,129600.0,128900.0,129400.0,30021
202607101230,129500.0,130000.0,129300.0,129800.0,26070
202607101245,129800.0,130500.0,129700.0,130400.0,27675
202607101300,130300.0,130400.0,129800.0,130000.0,21971
202607101315,130000.0,130300.0,129500.0,130200.0,22834
202607101330,130200.0,130300.0,129800.0,130100.0,27873
202607101345,130100.0,130200.0,129300.0,129500.0,35743
202607101400,129600.0,129600.0,129200.0,129400.0,32812
202607101415,129500.0,129600.0,128900.0,129000.0,49903
202607101430,128900.0,129300.0,128500.0,128900.0,44607
202607101445,128800.0,129700.0,128800.0,129100.0,26436
202607101500,129100.0,129600.0,128700.0,129100.0,56048
202607101515,129100.0,129100.0,127800.0,128500.0,106421
202607130900,131300.0,134900.0,131000.0,132900.0,93202
202607130915,133000.0,134300.0,132100.0,134050.0,39275
202607130930,134050.0,134900.0,133800.0,134400.0,57093
202607130945,134400.0,137300.0,134400.0,137200.0,108919
202607131000,137200.0,137500.0,136500.0,137500.0,83769
202607131015,137500.0,137700.0,134400.0,134550.0,57417
202607131030,134600.0,136000.0,133500.0,133650.0,75813
202607131045,133700.0,133750.0,131700.0,131900.0,49375
202607131100,131900.0,132800.0,131100.0,132300.0,37264
202607131115,132400.0,133600.0,132000.0,133000.0,33826
202607131130,133000.0,133500.0,132900.0,133400.0,22452
202607131145,133400.0,133600.0,132700.0,133500.0,21506
202607131200,133600.0,133600.0,132500.0,132550.0,25942
202607131215,132600.0,132900.0,132100.0,132700.0,26908
202607131230,132700.0,132700.0,131800.0,132000.0,27046
202607131245,132100.0,132200.0,131600.0,132000.0,20656
202607131300,131950.0,132000.0,130800.0,131300.0,31681
202607131315,131400.0,131900.0,131000.0,131200.0,22418
202607131345,131900.0,131900.0,131000.0,131700.0,33883
202607131400,131700.0,133800.0,131400.0,133500.0,55762
202607131415,133500.0,133600.0,131800.0,131800.0,58803
202607131430,131800.0,133600.0,131800.0,133500.0,46514
202607131445,133500.0,133900.0,132400.0,132600.0,51054
202607131500,132600.0,132600.0,131600.0,131950.0,52834
202607131515,131900.0,132900.0,131450.0,132600.0,182665
202607140900,134900.0,135050.0,132700.0,133100.0,96015
202607140915,133200.0,133200.0,129200.0,131700.0,69243
202607140930,131700.0,132700.0,130300.0,131100.0,31015
202607140945,131100.0,132800.0,131000.0,132200.0,39030
202607141000,132300.0,132900.0,131800.0,132200.0,50285
202607141015,132100.0,133100.0,131900.0,132200.0,36197
202607141030,132300.0,132700.0,131800.0,132300.0,34360
202607141045,132400.0,132500.0,131300.0,131500.0,41655
202607141100,131600.0,132800.0,131400.0,132100.0,39698
202607141115,132400.0,132500.0,131600.0,132200.0,36352
202607141130,132100.0,134900.0,131600.0,134300.0,54592
202607141145,134300.0,135000.0,133500.0,133900.0,42672
202607141200,133900.0,134200.0,132800.0,132800.0,38809
202607141215,132900.0,134200.0,132300.0,134200.0,28465
202607141230,134000.0,135000.0,133600.0,134800.0,51433
202607141245,134800.0,135400.0,134500.0,135400.0,75608
202607141300,135300.0,135500.0,134400.0,134700.0,45932
202607141315,134800.0,136200.0,134700.0,135900.0,41759
202607141330,135900.0,136800.0,135800.0,136700.0,41366
202607141345,136700.0,137500.0,136600.0,137400.0,48521
202607141400,137400.0,137600.0,135900.0,136600.0,49757
202607141415,136600.0,136900.0,136000.0,136800.0,43292
202607141430,136900.0,137200.0,136200.0,136600.0,54967
202607141445,136600.0,136600.0,134400.0,135000.0,69781
202607141500,135000.0,135000.0,133100.0,133700.0,70670
202607141515,133700.0,134500.0,133200.0,134000.0,126817
202607150900,136500.0,137500.0,135400.0,136300.0,44755
202607150915,136400.0,136400.0,132300.0,135650.0,38516
202607150930,135700.0,137000.0,135200.0,136900.0,34627
202607150945,136900.0,137500.0,136500.0,136800.0,32278
202607151000,136800.0,137700.0,136700.0,137600.0,33925
202607151015,137650.0,138000.0,136550.0,136900.0,28145
202607151030,136900.0,137200.0,136600.0,136800.0,20349
202607151045,136700.0,137200.0,136700.0,136900.0,18562
202607151100,136900.0,138100.0,136900.0,138000.0,26533
202607151115,138100.0,138300.0,137500.0,138000.0,26693
202607151130,138000.0,138800.0,137700.0,138700.0,36060
202607151145,138700.0,139000.0,138500.0,139000.0,22939
202607151200,138950.0,139500.0,138900.0,139500.0,25470
202607151215,139500.0,139500.0,138700.0,138900.0,26635
202607151230,138900.0,139200.0,138700.0,138900.0,18888
202607151245,138900.0,139400.0,138600.0,139100.0,26375
202607151300,139100.0,139300.0,137900.0,138300.0,30207
202607151315,138300.0,138900.0,137700.0,138400.0,22552
202607151330,138500.0,139000.0,138400.0,138950.0,28376
202607151345,139000.0,139500.0,138900.0,139200.0,34911
202607151400,139200.0,139500.0,138700.0,139500.0,27930
202607151415,139400.0,139800.0,138200.0,138400.0,37900
202607151430,138300.0,138600.0,136800.0,137100.0,45484
202607151445,137150.0,138700.0,137000.0,138300.0,39890
202607151500,138200.0,138300.0,137000.0,137200.0,51020
202607151515,137200.0,137400.0,136500.0,136800.0,128774
202607160900,141000.0,142500.0,137800.0,140000.0,132266
202607160915,139800.0,141800.0,139400.0,140900.0,52057
202607160930,140900.0,140900.0,135500.0,135600.0,78546
202607160945,135600.0,135900.0,134100.0,134600.0,71831
202607161000,134600.0,135300.0,133300.0,134300.0,48544
202607161015,134400.0,135500.0,134200.0,135400.0,28849
202607161030,135300.0,135900.0,134600.0,134800.0,24718
202607161045,134700.0,135150.0,133700.0,134000.0,33076
202607161100,134000.0,134100.0,133300.0,133500.0,34539
202607161115,133500.0,135350.0,133200.0,134900.0,26781
202607161130,134800.0,135000.0,134300.0,134600.0,14895
202607161145,134600.0,135500.0,134600.0,135300.0,18914
202607161200,135300.0,136400.0,135000.0,136100.0,16168
202607161215,136100.0,136100.0,135200.0,135600.0,24622
202607161230,135600.0,136400.0,135600.0,136100.0,17253
202607161245,136200.0,136800.0,136100.0,136700.0,28721
202607161300,136700.0,136900.0,136200.0,136800.0,23291
202607161315,136900.0,136900.0,135700.0,135800.0,22175
202607161330,135800.0,136100.0,135300.0,135600.0,23946
202607161345,135600.0,136000.0,135300.0,135600.0,24181
202607161400,135500.0,137500.0,135500.0,137100.0,32538
202607161415,137100.0,138000.0,137000.0,137700.0,37234
202607161430,137700.0,137800.0,135200.0,135300.0,36145
202607161445,135300.0,136000.0,135100.0,135800.0,33903
202607161500,135800.0,136900.0,135700.0,136400.0,40635
202607161515,136500.0,137200.0,136500.0,136800.0,151987
202607200900,136800.0,138500.0,134600.0,137900.0,104818
202607200915,137900.0,138400.0,135600.0,135900.0,69711
202607200930,135800.0,137000.0,135700.0,136200.0,71765
202607200945,136200.0,136600.0,135600.0,136100.0,50656
202607201000,136100.0,137200.0,136100.0,136200.0,37390
202607201015,136300.0,137700.0,135800.0,136800.0,44320
202607201030,136800.0,137700.0,136300.0,137300.0,39800
202607201045,137400.0,137400.0,135900.0,136800.0,35426
202607201100,136800.0,137600.0,135900.0,135900.0,28710
202607201115,135900.0,136000.0,134000.0,135100.0,37159
202607201130,135100.0,136900.0,135100.0,136000.0,22535
202607201145,135900.0,136000.0,134800.0,135200.0,24123
202607201200,135300.0,135300.0,133900.0,134700.0,36318
202607201215,134800.0,134800.0,132700.0,132750.0,28467
202607201230,132750.0,133000.0,131800.0,131800.0,46755
202607201245,131900.0,132700.0,131000.0,132000.0,34953
202607201300,131900.0,132600.0,130500.0,130700.0,31660
202607201315,130700.0,132000.0,130600.0,131800.0,31925
202607201330,131800.0,132900.0,131800.0,132200.0,42087
202607201345,132200.0,133500.0,132200.0,132900.0,49371
202607201400,132900.0,133000.0,130700.0,131600.0,31842
202607201415,131700.0,131700.0,131100.0,131400.0,25217
202607201430,131300.0,131800.0,131000.0,131500.0,33228
202607201445,131500.0,132900.0,131300.0,132100.0,39352
202607201500,132100.0,133300.0,131800.0,133300.0,55784
202607201515,133300.0,133700.0,132900.0,133400.0,120519
202607210900,130500.0,130600.0,127000.0,127100.0,50362
202607210915,127000.0,128500.0,127000.0,128200.0,27915
202607210930,128200.0,129100.0,127500.0,129000.0,25463
202607210945,129000.0,130600.0,128700.0,130300.0,61846
202607211000,130300.0,133400.0,130200.0,133300.0,79895
202607211015,133300.0,133300.0,132000.0,132200.0,66328
202607211030,132200.0,134000.0,132100.0,132900.0,38552
202607211045,132900.0,133200.0,132400.0,132700.0,22458
202607211100,132800.0,133100.0,132000.0,132300.0,37748
202607211115,132300.0,132900.0,131800.0,132600.0,32092
202607211130,132600.0,133900.0,132600.0,133700.0,18176
202607211145,133700.0,134000.0,133100.0,133300.0,24521
202607211200,133300.0,133700.0,133000.0,133500.0,33584
202607211215,133500.0,133600.0,133100.0,133400.0,35464
202607211230,133500.0,133500.0,132300.0,132500.0,25277
202607211245,132600.0,133900.0,132400.0,132900.0,27474
202607211300,132800.0,133000.0,132000.0,132300.0,27412
202607211315,132400.0,132900.0,132300.0,132800.0,24410
202607211330,132700.0,132800.0,132000.0,132300.0,24188
202607211345,132300.0,132800.0,132000.0,132400.0,21609
202607211400,132500.0,132700.0,132000.0,132200.0,23148
202607211415,132100.0,133000.0,131700.0,132500.0,28554
202607211430,132400.0,133500.0,132300.0,133400.0,35855
202607211445,133400.0,133900.0,132900.0,132900.0,33218
202607211500,133000.0,133700.0,132800.0,132900.0,36342
202607211515,133200.0,133700.0,132400.0,132600.0,84125
202607220900,134500.0,135800.0,132100.0,134400.0,87842
202607220915,134400.0,135000.0,133300.0,133600.0,31141
202607220930,133700.0,134000.0,133000.0,133700.0,29646
202607220945,133700.0,134400.0,133300.0,133700.0,23803
202607221000,133800.0,134400.0,133500.0,133600.0,19832
202607221015,133600.0,134400.0,133400.0,133600.0,18655
202607221030,133600.0,133900.0,132900.0,133900.0,14186
202607221045,133900.0,134200.0,133500.0,133700.0,14815
202607221100,133700.0,133800.0,132700.0,132700.0,10794
202607221115,132700.0,133100.0,132500.0,132800.0,14314
202607221130,132800.0,133500.0,132800.0,133400.0,16172
202607221145,133400.0,133900.0,133200.0,133300.0,10911
202607221200,133300.0,133800.0,133300.0,133400.0,12994
202607221215,133400.0,134100.0,133400.0,134000.0,11954
202607221230,133900.0,134000.0,133000.0,133600.0,11954
202607221245,133600.0,133800.0,133000.0,133100.0,13401
202607221300,133100.0,133500.0,133000.0,133200.0,11375
202607221315,133200.0,133300.0,132700.0,132900.0,10419
202607221330,132800.0,133100.0,132600.0,133000.0,10855
202607221345,133100.0,133400.0,132700.0,133300.0,13781
202607221400,133300.0,133350.0,132900.0,133100.0,17461
202607221415,133100.0,133400.0,132500.0,133300.0,21038
202607221430,133300.0,133500.0,132500.0,132600.0,18597
202607221445,132600.0,133000.0,132400.0,132600.0,18810
202607221500,132500.0,132600.0,131400.0,131500.0,31939
202607221515,131500.0,131600.0,131100.0,131600.0,70446
202607230900,130900.0,133000.0,130700.0,132400.0,34745
202607230915,132400.0,133000.0,132100.0,132600.0,19105
202607230930,132600.0,133000.0,131700.0,132700.0,20852
202607230945,132700.0,132900.0,131200.0,131900.0,24047
202607231000,131900.0,132400.0,131600.0,131600.0,20434
202607231015,131600.0,132000.0,131500.0,131800.0,19836
202607231030,131800.0,133000.0,131700.0,132400.0,33275
202607231045,132400.0,133100.0,132100.0,132200.0,21284
202607231100,132300.0,132500.0,131400.0,131700.0,25108
202607231115,131750.0,132200.0,131400.0,131600.0,33649
202607231130,131700.0,131900.0,131300.0,131800.0,13900
202607231145,131800.0,132400.0,131700.0,131900.0,15375
202607231200,131900.0,132100.0,131300.0,131300.0,12302
202607231215,131400.0,132000.0,131100.0,131900.0,14293
202607231230,132000.0,132400.0,131400.0,132000.0,22552
202607231245,132100.0,132400.0,131700.0,131900.0,20124
202607231300,131900.0,132300.0,131300.0,131400.0,28207
202607231315,131400.0,132000.0,131200.0,131400.0,29144
202607231330,131450.0,131900.0,131000.0,131400.0,34913
202607231345,131400.0,131600.0,129850.0,129900.0,51913
202607231400,129900.0,130100.0,129000.0,130100.0,50706
202607231415,130000.0,131100.0,129400.0,130800.0,51224
202607231430,130800.0,131500.0,130300.0,130400.0,31027
202607231445,130300.0,130700.0,130000.0,130400.0,36147
202607231500,130300.0,130800.0,130200.0,130400.0,44295
202607231515,130400.0,130700.0,130100.0,130500.0,109508
202607240900,130900.0,133000.0,129900.0,130300.0,73253
202607240915,130200.0,131000.0,130000.0,130900.0,36025
202607240930,130900.0,131200.0,130300.0,130500.0,35496
202607240945,130400.0,132700.0,130300.0,132500.0,42730
202607241000,132500.0,133000.0,131100.0,131500.0,36137
202607241015,131600.0,132000.0,131100.0,131400.0,22273
202607241030,131400.0,131900.0,130600.0,131100.0,23242
202607241045,131000.0,132600.0,130700.0,132600.0,76968
202607241100,132600.0,133200.0,131800.0,131800.0,50475
202607241115,131800.0,132200.0,130800.0,130900.0,32433
202607241130,131000.0,131000.0,130300.0,130700.0,33066
202607241145,130600.0,131300.0,130500.0,131100.0,29912
202607241200,131100.0,132000.0,130800.0,131700.0,25876
202607241215,131700.0,133100.0,131500.0,132700.0,60707
202607241230,132700.0,133400.0,132400.0,133200.0,68261
202607241245,133100.0,133700.0,132700.0,133000.0,59931
202607241300,133100.0,133200.0,132200.0,132700.0,33891
202607241315,132700.0,133700.0,132600.0,133500.0,33673
202607241330,133500.0,133800.0,132600.0,132700.0,62717
202607241345,132700.0,133000.0,132250.0,132900.0,43781
202607241400,132900.0,134300.0,132700.0,134000.0,58472
202607241415,133900.0,134300.0,133000.0,133800.0,41185
202607241430,133800.0,134900.0,132500.0,133000.0,51634
202607241445,133000.0,133100.0,131400.0,131900.0,49458
202607241500,131900.0,132500.0,131200.0,132400.0,58997
202607241515,132400.0,132400.0,131600.0,132400.0,104349
202607270900,129300.0,131200.0,127400.0,130400.0,74630
202607270915,130400.0,131000.0,129600.0,130800.0,43774
202607270930,130900.0,130900.0,129300.0,129600.0,26757
202607270945,129600.0,129900.0,128500.0,128600.0,25224
202607271000,128600.0,129500.0,128200.0,129400.0,28233
202607271015,129100.0,129700.0,128800.0,129600.0,26538
202607271030,129600.0,131100.0,129600.0,130500.0,33097
202607271045,130500.0,131300.0,130200.0,130800.0,24854
202607271100,130800.0,130900.0,130200.0,130700.0,13694
202607271115,130700.0,131300.0,130200.0,130500.0,18424
202607271130,130600.0,131000.0,130100.0,130100.0,13167
202607271145,130200.0,130300.0,129600.0,129800.0,11368
202607271200,129800.0,130200.0,129500.0,130100.0,17320
202607271215,129800.0,130700.0,129700.0,129700.0,18409
202607271230,129800.0,130900.0,129700.0,130500.0,21641
202607271245,130600.0,130600.0,129800.0,130000.0,14005
202607271300,130000.0,130600.0,129900.0,130400.0,15538
202607271315,130300.0,130900.0,129800.0,130000.0,18733
202607271330,129900.0,130600.0,129800.0,130300.0,16061
202607271345,130300.0,131100.0,130300.0,131100.0,18696
202607271400,131100.0,131700.0,130900.0,131200.0,16230
202607271415,131200.0,131400.0,130700.0,130700.0,16043
202607271430,130800.0,131200.0,130600.0,130900.0,20152
202607271445,130900.0,131900.0,130700.0,130700.0,26299
202607271500,130800.0,130900.0,130300.0,130500.0,25400
202607271515,130300.0,131000.0,130300.0,130600.0,92764
202607280900,127300.0,129500.0,127000.0,129000.0,78721
202607280915,129000.0,129100.0,127600.0,128300.0,40543
202607280930,128400.0,128500.0,127600.0,127900.0,34151
202607280945,128000.0,128400.0,127200.0,127300.0,29464
202607281000,127300.0,127700.0,126700.0,127000.0,29018
202607281030,127500.0,127500.0,126600.0,126800.0,21336
202607281045,126900.0,127300.0,126000.0,126000.0,28315
202607281100,126100.0,126500.0,125700.0,125900.0,30054
202607281115,125900.0,126500.0,125300.0,125800.0,35115
202607281130,125800.0,125800.0,124700.0,125200.0,27681
202607281145,125100.0,125700.0,124900.0,125100.0,22297
202607281200,125100.0,125200.0,124600.0,124900.0,24956
202607281215,124900.0,125600.0,124600.0,124800.0,25001
202607281230,124800.0,126000.0,124600.0,125500.0,31707
202607281245,125500.0,125500.0,124700.0,124700.0,27246
202607281300,124800.0,124900.0,123700.0,123900.0,34834
202607281315,124000.0,124200.0,123000.0,123000.0,28437
202607281330,123100.0,123100.0,122500.0,122500.0,37648
202607281345,122600.0,122900.0,121600.0,121900.0,49520
202607281400,122000.0,122300.0,121100.0,121600.0,86904
202607281415,121500.0,122600.0,121100.0,122200.0,58103
202607281430,122200.0,122400.0,121500.0,122100.0,45950
202607281445,122000.0,122300.0,121800.0,122200.0,35409
202607281500,122100.0,122800.0,121800.0,122700.0,57129
202607281515,122700.0,123400.0,122400.0,123000.0,179892
202607290900,123200.0,126300.0,123000.0,126100.0,39795
202607290915,126100.0,126800.0,124400.0,126300.0,45150
202607290930,126300.0,127300.0,125000.0,127200.0,41639
202607290945,127200.0,127300.0,125800.0,126700.0,46700
202607291000,126700.0,127700.0,126200.0,126800.0,51688
202607291015,126800.0,127600.0,126400.0,126800.0,44404
202607291030,126700.0,127200.0,125000.0,125400.0,40668
202607291045,125200.0,125500.0,122800.0,122900.0,41971
202607291100,122900.0,124400.0,122000.0,123500.0,48053
202607291115,123400.0,125000.0,122800.0,123100.0,43746
202607291130,123300.0,123300.0,121000.0,121100.0,25831
202607291145,121000.0,121400.0,120000.0,120100.0,22936
202607291200,120100.0,122300.0,118800.0,120100.0,44417
202607291215,120200.0,121700.0,119600.0,120900.0,22607
202607291230,120900.0,121000.0,120700.0,120900.0,2713
202607291300,120900.0,121300.0,119400.0,119700.0,50551
202607291315,119700.0,119800.0,117800.0,118000.0,44460
202607291330,118000.0,119600.0,117600.0,118300.0,44284
202607291345,118200.0,120200.0,117800.0,120000.0,38934
202607291400,119900.0,120700.0,119300.0,120000.0,35841
202607291415,120000.0,120900.0,119300.0,120100.0,31255
202607291430,120000.0,120900.0,119500.0,119600.0,34238
202607291445,119600.0,120000.0,119000.0,119400.0,33087
202607291500,119500.0,120600.0,118900.0,119900.0,57500
202607291515,119900.0,120700.0,119500.0,120400.0,148936
202607300900,121600.0,125600.0,120000.0,125600.0,78310
202607300915,125600.0,127400.0,124800.0,126450.0,68621
202607300930,126500.0,127500.0,126200.0,127200.0,53820
202607300945,127200.0,128400.0,126500.0,126500.0,53933
202607301000,126700.0,128000.0,125800.0,127200.0,47641
202607301015,127200.0,128700.0,126700.0,128600.0,39968
202607301030,128700.0,130400.0,128600.0,129700.0,38695
202607301045,129900.0,130000.0,129300.0,129900.0,23645
202607301100,129900.0,130000.0,128600.0,128800.0,26014
202607301115,128800.0,129000.0,127200.0,127700.0,27074
202607301130,127600.0,127900.0,126500.0,127100.0,24001
202607301145,127100.0,127500.0,125400.0,125700.0,24755
202607301200,125700.0,126400.0,124400.0,124600.0,27084
202607301215,124500.0,124900.0,124100.0,124500.0,31932
202607301230,124500.0,125400.0,124000.0,125100.0,24928
202607301245,125100.0,125700.0,124500.0,124600.0,23314
202607301300,124600.0,124900.0,124200.0,124300.0,23248
202607301315,124300.0,125800.0,124300.0,125600.0,23474
202607301330,125600.0,125700.0,124500.0,124900.0,23675
202607301345,124800.0,125600.0,124800.0,125000.0,26761
202607301400,125100.0,125500.0,124600.0,125500.0,28884
202607301415,125500.0,126000.0,124500.0,124600.0,28324
202607301430,124500.0,126300.0,124500.0,126100.0,39271
202607301445,126000.0,126100.0,123500.0,124500.0,38267
202607301500,124500.0,125300.0,124000.0,124400.0,40626
202607301515,124400.0,125100.0,124300.0,124600.0,156031
202607310900,125300.0,125400.0,122000.0,124000.0,97658
202607310915,123900.0,126500.0,123800.0,126300.0,38263
202607310930,126200.0,126500.0,124700.0,125200.0,28314
202607310945,124900.0,125200.0,124000.0,124900.0,32886
202607311000,124800.0,127100.0,124800.0,127100.0,35239
202607311015,127100.0,127500.0,126700.0,127200.0,23195
202607311030,127200.0,128700.0,126400.0,126900.0,40772
202607311045,126900.0,127700.0,126100.0,126700.0,23399
202607311100,126700.0,127100.0,126300.0,126900.0,17513
202607311115,126800.0,127100.0,126500.0,126800.0,18041
202607311130,126800.0,126900.0,126100.0,126200.0,19132
202607311145,126100.0,126600.0,126000.0,126200.0,20718
202607311200,126000.0,126200.0,125000.0,125400.0,25258
202607311215,125300.0,125600.0,124400.0,124500.0,21873
202607311230,124500.0,124800.0,124000.0,124400.0,23554
202607311245,124400.0,124600.0,124100.0,124100.0,23372
202607311300,124200.0,124400.0,123900.0,124100.0,29495
202607311315,124100.0,124900.0,124000.0,124700.0,24128
202607311330,124700.0,125100.0,124200.0,124900.0,24107
202607311345,124900.0,125400.0,124500.0,125000.0,30078
202607311400,125000.0,125200.0,124350.0,124700.0,38820
202607311415,124750.0,125700.0,124100.0,125700.0,36773
202607311430,125500.0,125700.0,124600.0,125200.0,25692
202607311445,125200.0,125900.0,124850.0,125600.0,35149
202607311500,125600.0,126500.0,125400.0,126000.0,36644
202607311515,125900.0,126100.0,125200.0,125400.0,264317
202608030900,124600.0,128000.0,124300.0,126000.0,60652
202608030915,126000.0,126100.0,124600.0,125400.0,37208
202608030930,125400.0,125600.0,123700.0,124700.0,31404
202608030945,124600.0,125300.0,124400.0,125300.0,16565
202608031000,125300.0,126400.0,125200.0,125900.0,19741
202608031015,125900.0,126600.0,125800.0,126500.0,14795
202608031030,126500.0,126900.0,125900.0,126500.0,15897
202608031045,126500.0,126700.0,126000.0,126300.0,11221
202608031100,126300.0,127700.0,126300.0,127400.0,23684
202608031115,127400.0,127500.0,125900.0,126300.0,14564
202608031130,126300.0,126900.0,125900.0,126500.0,12504
202608031145,126600.0,126800.0,126100.0,126400.0,8776
202608031200,126300.0,126500.0,126000.0,126200.0,8812
202608031215,126100.0,126400.0,125600.0,126000.0,15715
202608031230,126000.0,126200.0,125800.0,125900.0,10074
202608031245,126000.0,126200.0,125400.0,125900.0,14868
202608031300,125900.0,126400.0,125700.0,126300.0,13860
202608031315,126400.0,126600.0,125900.0,126100.0,9832
202608031330,126200.0,126500.0,126100.0,126500.0,10298
202608031345,126400.0,126500.0,125900.0,126400.0,14520
202608031400,126400.0,126800.0,125800.0,126200.0,18590
202608031415,126100.0,126600.0,125700.0,126300.0,18862
202608031430,126300.0,126500.0,125900.0,126100.0,24639
202608031445,126100.0,126200.0,125800.0,126100.0,21648
202608031500,126100.0,126600.0,125900.0,126500.0,21302
202608031515,126600.0,126900.0,125800.0,126900.0,97431
202608040900,127200.0,129100.0,127000.0,128400.0,51109
202608040915,128400.0,128700.0,128000.0,128300.0,26333
202608040930,128200.0,128300.0,127500.0,127600.0,23700
202608040945,127600.0,128000.0,126900.0,127000.0,25636
202608041000,127000.0,127700.0,126200.0,126700.0,21492
202608041015,126700.0,126800.0,125900.0,126200.0,20138
202608041030,126200.0,126400.0,125600.0,126200.0,13902
202608041045,126200.0,127400.0,126100.0,127300.0,12434
202608041100,127300.0,127300.0,126200.0,126800.0,13865
202608041115,126800.0,127100.0,126700.0,127100.0,10770
202608041130,127100.0,127200.0,126500.0,126500.0,10069
202608041145,126500.0,126900.0,126400.0,126800.0,10293
202608041200,126700.0,126800.0,126300.0,126400.0,11431
202608041215,126400.0,126900.0,126400.0,126600.0,10142
202608041230,126700.0,126900.0,126500.0,126600.0,9201
202608041245,126600.0,127000.0,126400.0,126800.0,12408
202608041300,126900.0,127200.0,125900.0,126300.0,13687
202608041315,126200.0,126900.0,126200.0,126800.0,10228
202608041330,126700.0,126800.0,126400.0,126800.0,8425
202608041345,126800.0,127200.0,126600.0,126700.0,11473
202608041400,126700.0,126900.0,126100.0,126500.0,13340
202608041415,126500.0,127000.0,126400.0,126800.0,11823
202608041430,126700.0,127800.0,126700.0,127200.0,17227
202608041445,127200.0,127400.0,126800.0,127200.0,14392
202608041500,127300.0,127500.0,126900.0,127200.0,13074
202608041515,127300.0,127600.0,127100.0,127600.0,87704
202608050900,129800.0,133100.0,129500.0,132300.0,58271
202608050915,132300.0,132300.0,130900.0,131400.0,30478
202608050930,131400.0,131600.0,130200.0,130200.0,18851
202608050945,130200.0,130500.0,129800.0,129900.0,26119
202608051000,129900.0,129900.0,129300.0,129800.0,12942
202608051015,129800.0,130400.0,129200.0,130400.0,22169
202608051030,130400.0,130500.0,130100.0,130200.0,12484
202608051045,130250.0,130900.0,130200.0,130300.0,18676
202608051100,130300.0,130600.0,129800.0,129800.0,13017
202608051115,129800.0,130300.0,129300.0,129400.0,11989
202608051130,129300.0,130100.0,129000.0,129100.0,18928
202608051145,129100.0,129600.0,128900.0,129600.0,14550
202608051200,129500.0,129900.0,129000.0,129300.0,15276
202608051215,129400.0,129500.0,129200.0,129300.0,9160
202608051230,129200.0,129400.0,129200.0,129400.0,7081
202608051245,129300.0,129400.0,129000.0,129200.0,10161
202608051300,129100.0,129300.0,128800.0,128800.0,10530
202608051315,128850.0,128900.0,128400.0,128400.0,11862
202608051330,128500.0,129000.0,128400.0,128700.0,11841
202608051345,128600.0,128700.0,128000.0,128300.0,12546
202608051400,128200.0,128700.0,127900.0,128300.0,13176
202608051415,128300.0,128400.0,128000.0,128100.0,11397
202608051430,128100.0,128600.0,128100.0,128500.0,15011
202608051445,128500.0,128800.0,128300.0,128500.0,16635
202608051500,128500.0,128800.0,128200.0,128500.0,30185
202608051515,128500.0,128800.0,128400.0,128600.0,95627
202608060900,130700.0,132800.0,130700.0,132300.0,40159
202608060915,132300.0,132800.0,131900.0,132500.0,26844
202608060930,132500.0,132700.0,131800.0,132000.0,15545
202608060945,132000.0,132300.0,131400.0,131700.0,18389
202608061000,131600.0,131900.0,130800.0,131400.0,18951
202608061015,131300.0,132000.0,131000.0,131300.0,15182
202608061030,131500.0,132000.0,131000.0,131600.0,17127
202608061045,131600.0,131900.0,131100.0,131700.0,12049
202608061100,131800.0,132200.0,131600.0,131800.0,13846
202608061115,132000.0,132400.0,131600.0,132400.0,16606
202608061130,132400.0,132700.0,132300.0,132400.0,17357
202608061145,132400.0,132900.0,132400.0,132900.0,13237
202608061200,132900.0,133000.0,132200.0,132500.0,17941
202608061215,132500.0,132800.0,132200.0,132400.0,11986
202608061230,132400.0,132500.0,132000.0,132300.0,11382
202608061245,132300.0,132500.0,132100.0,132100.0,8869
202608061300,132200.0,132400.0,131400.0,132200.0,13495
202608061315,132200.0,132500.0,132100.0,132500.0,11107
202608061330,132600.0,133100.0,132500.0,132900.0,20344
202608061345,132800.0,133500.0,132700.0,133200.0,23430
202608061400,133200.0,133600.0,132900.0,133200.0,26317
202608061415,133200.0,133600.0,133100.0,133500.0,15232
202608061430,133500.0,133600.0,133300.0,133400.0,14728
202608061445,133500.0,133700.0,132600.0,133300.0,23032
202608061500,133300.0,133700.0,132500.0,133100.0,30476
202608061515,133100.0,133700.0,132800.0,133300.0,127753
202608070900,131400.0,132000.0,130700.0,130900.0,44803
202608070915,130950.0,130950.0,130200.0,130900.0,26911
202608070930,130900.0,131800.0,130900.0,131800.0,25269
202608070945,131700.0,133600.0,131500.0,133500.0,34599
202608071000,133300.0,133700.0,133000.0,133400.0,23989
202608071015,133500.0,133700.0,132500.0,133500.0,22865
202608071030,133600.0,133600.0,132100.0,132900.0,22072
202608071045,132600.0,133300.0,132400.0,132800.0,23152
202608071100,133000.0,133500.0,132800.0,133400.0,21399
202608071115,133400.0,133500.0,132800.0,132800.0,11835
202608071130,132800.0,133100.0,132600.0,132700.0,12940
202608071145,132600.0,133000.0,132600.0,132900.0,12436
202608071200,132900.0,133600.0,132900.0,133300.0,14281
202608071215,133300.0,133400.0,132900.0,133200.0,9514
202608071230,133200.0,133500.0,133100.0,133300.0,9774
202608071245,133300.0,133400.0,133100.0,133300.0,11863
202608071300,133200.0,133400.0,132900.0,133000.0,19173
202608071315,133000.0,133400.0,132700.0,132900.0,19578
202608071330,132800.0,133100.0,132800.0,133100.0,7282
202608071345,133000.0,133400.0,132800.0,133400.0,12291
202608071400,133300.0,133700.0,133300.0,133400.0,16182
202608071415,133500.0,133900.0,133400.0,133800.0,13641
202608071430,133700.0,133800.0,133700.0,133800.0,10754
202608071445,133800.0,134300.0,133700.0,134200.0,22921
202608071500,134200.0,134700.0,134000.0,134500.0,33281
202608071515,134500.0,134800.0,134300.0,134700.0,80903
202608100900,133100.0,133800.0,130800.0,130800.0,61044
202608100915,130900.0,130900.0,129400.0,130400.0,48924
202608100930,130300.0,130300.0,128000.0,129900.0,40409
202608100945,129900.0,129900.0,129100.0,129200.0,38488
202608101000,129100.0,130000.0,129100.0,129300.0,34757
202608101015,129300.0,130200.0,129300.0,129500.0,28884
202608101030,129500.0,130100.0,129300.0,129700.0,31023
202608101045,129800.0,130500.0,129700.0,130000.0,29276
202608101100,130000.0,130600.0,129700.0,130300.0,29034
202608101115,130400.0,130400.0,129900.0,130300.0,22784
202608101130,130300.0,130800.0,129900.0,130600.0,21214
202608101145,130600.0,130900.0,130500.0,130600.0,15250
202608101200,130700.0,130900.0,130200.0,130700.0,16309
202608101215,130700.0,131100.0,130700.0,130900.0,13223
202608101230,130900.0,131100.0,130600.0,130600.0,16415
202608101245,130600.0,130800.0,129900.0,129900.0,16750
202608101300,129900.0,130000.0,129500.0,129600.0,12024
202608101315,129500.0,129600.0,129200.0,129300.0,17492
202608101330,129300.0,130300.0,129200.0,130100.0,25836
202608101345,130100.0,130400.0,129900.0,130200.0,19010
202608101400,130200.0,131500.0,130100.0,131300.0,36557
202608101415,131300.0,131600.0,131000.0,131600.0,32940
202608101430,131500.0,131600.0,130400.0,130800.0,35216
202608101445,130700.0,131100.0,130500.0,131000.0,32314
202608101500,131000.0,131100.0,130500.0,130700.0,39045
202608101515,130700.0,130800.0,129500.0,130400.0,101546
202608110900,130600.0,130800.0,128500.0,129400.0,32517
202608110915,129400.0,129700.0,128800.0,129100.0,26266
202608110930,129100.0,130100.0,128600.0,130000.0,19656
202608110945,130000.0,130200.0,129400.0,129400.0,15377
202608111000,129400.0,129700.0,129000.0,129500.0,19835
202608111015,129500.0,130500.0,129500.0,130200.0,19470
202608111030,130300.0,130600.0,129900.0,130300.0,18557
202608111045,130300.0,130700.0,129900.0,130300.0,17458
202608111100,130300.0,130300.0,129500.0,130000.0,18871
202608111115,129800.0,130200.0,129600.0,129700.0,10886
202608111130,129700.0,130100.0,129600.0,130000.0,10008
202608111145,130000.0,130200.0,129800.0,130000.0,11627
202608111200,130000.0,130100.0,129400.0,129500.0,15706
202608111215,129400.0,129900.0,129400.0,129600.0,18343
202608111230,129700.0,129700.0,129100.0,129100.0,14957
202608111245,129100.0,129200.0,128800.0,128900.0,13640
202608111300,128900.0,128900.0,128600.0,128800.0,13691
202608111315,128700.0,129400.0,128700.0,129200.0,15431
202608111330,129200.0,129300.0,128600.0,128600.0,19453
202608111345,128600.0,128800.0,128400.0,128500.0,23702
202608111400,128600.0,129000.0,128500.0,128800.0,21004
202608111415,128800.0,129500.0,128800.0,129200.0,23248
202608111430,129200.0,129400.0,128800.0,129100.0,17684
202608111445,129100.0,129100.0,128300.0,128300.0,22098
202608111500,128400.0,128600.0,128000.0,128200.0,26717
202608111515,128100.0,128300.0,127700.0,127700.0,81274
202608120900,129900.0,131500.0,128600.0,129900.0,83069
202608120915,129900.0,130800.0,129800.0,130700.0,19147
202608120930,130700.0,131500.0,130600.0,131000.0,23007
202608120945,131000.0,131200.0,130400.0,131000.0,18660
202608121000,130900.0,131000.0,130500.0,130700.0,14838
202608121015,130600.0,130900.0,130300.0,130500.0,16138
202608121030,130500.0,130600.0,129600.0,129900.0,25391
202608121045,129900.0,130100.0,129200.0,129300.0,15194
202608121100,129300.0,129400.0,128700.0,128800.0,16349
202608121115,128700.0,129300.0,128700.0,129200.0,19169
202608121130,129200.0,129300.0,128600.0,129000.0,16708
202608121145,129100.0,129400.0,128700.0,129300.0,16268
202608121200,129300.0,129800.0,128700.0,128700.0,20802
202608121215,128700.0,129500.0,128700.0,128800.0,23587
202608121230,128700.0,129300.0,128600.0,128700.0,21907
202608121245,128800.0,129200.0,128600.0,129000.0,17937
202608121300,129000.0,129100.0,128500.0,128500.0,16485
202608121315,128500.0,128800.0,128200.0,128500.0,16348
202608121330,128500.0,128900.0,128200.0,128600.0,19775
202608121345,128600.0,128700.0,128200.0,128200.0,17411
202608121400,128200.0,129000.0,128100.0,128400.0,21222
202608121415,128400.0,128500.0,128000.0,128000.0,16877
202608121430,128100.0,128400.0,127900.0,128200.0,22684
202608121445,128200.0,128700.0,128000.0,128500.0,25324
202608121500,128500.0,128600.0,127900.0,128100.0,33332
202608121515,128100.0,128600.0,127700.0,127900.0,71475
202608130900,130100.0,133900.0,130100.0,132200.0,81433
202608130915,132200.0,132600.0,130600.0,130800.0,33687
202608130930,130800.0,131800.0,130800.0,130900.0,28905
202608130945,130900.0,131000.0,130000.0,130100.0,18859
202608131000,130100.0,130200.0,129500.0,129500.0,22691
202608131015,129500.0,130000.0,129400.0,129900.0,21665
202608131030,129900.0,130200.0,129700.0,129700.0,15663
202608131045,129800.0,130100.0,129600.0,130000.0,16225
202608131100,129900.0,130200.0,129700.0,129700.0,12847
202608131115,129700.0,130000.0,129100.0,129200.0,25964
202608131130,129200.0,129700.0,129100.0,129200.0,28822
202608131145,129300.0,130000.0,129100.0,129800.0,25008
202608131200,129800.0,130100.0,129600.0,129700.0,14732
202608131215,129700.0,129800.0,129400.0,129800.0,13982
202608131230,129700.0,130000.0,129400.0,129900.0,22625
202608131245,130000.0,130400.0,129900.0,130200.0,16531
202608131300,130200.0,130700.0,129900.0,130000.0,23433
202608131315,130100.0,130400.0,129900.0,130000.0,19110
202608131330,130000.0,130400.0,130000.0,130100.0,12962
202608131345,130100.0,130200.0,129800.0,129800.0,16520
202608131400,129800.0,130400.0,129800.0,130200.0,14142
202608131415,130200.0,130800.0,130200.0,130800.0,15545
202608131430,130800.0,130800.0,129800.0,129900.0,27133
202608131445,130000.0,130000.0,129600.0,129900.0,16764
202608131500,129900.0,130100.0,129700.0,129900.0,31036
202608131515,129900.0,131000.0,129600.0,131000.0,454008
202608140900,130400.0,132300.0,130200.0,131600.0,50478
202608140915,131500.0,134500.0,131500.0,133300.0,53995
202608140930,133400.0,133400.0,132500.0,132700.0,15719
202608140945,132700.0,133700.0,132700.0,133400.0,29437
202608141000,133300.0,133900.0,132500.0,132800.0,29915
202608141015,132700.0,133700.0,132600.0,133200.0,27648
202608141030,133200.0,133800.0,132900.0,133300.0,29653
202608141045,133200.0,134200.0,133000.0,133800.0,36596
202608141100,133700.0,133800.0,133000.0,133100.0,16396
202608141115,133100.0,133100.0,132600.0,132800.0,17115
202608141130,132800.0,133100.0,132500.0,132800.0,14454
202608141145,132800.0,133100.0,132700.0,133000.0,18389
202608141200,133000.0,133700.0,133000.0,133600.0,23716
202608141215,133500.0,133800.0,133400.0,133700.0,17883
202608141230,133700.0,133900.0,133400.0,133600.0,16336
202608141245,133600.0,133700.0,132800.0,133100.0,21351
202608141300,133100.0,133300.0,133000.0,133200.0,14938
202608141315,133200.0,133200.0,132800.0,133000.0,14843
202608141330,133000.0,133100.0,132900.0,132900.0,16745
202608141345,133000.0,133000.0,132300.0,132500.0,20425
202608141400,132600.0,133100.0,132600.0,132900.0,15647
202608141415,132800.0,133200.0,132800.0,133100.0,21070
202608141430,133100.0,133400.0,132900.0,133300.0,21559
202608141445,133200.0,133300.0,132900.0,133100.0,17656
202608141500,133100.0,133200.0,132700.0,133100.0,19938
202608141515,133100.0,133100.0,132700.0,133000.0,70596
202608180900,132200.0,132900.0,131300.0,131800.0,54505
202608180915,131800.0,132000.0,130700.0,131000.0,27195
202608180930,130900.0,131600.0,130500.0,131300.0,32396
202608180945,131400.0,131700.0,131000.0,131100.0,20638
202608181000,131000.0,131300.0,130900.0,131100.0,18242
202608181015,131100.0,131400.0,130600.0,130900.0,22990
202608181030,131000.0,131400.0,130700.0,131200.0,19830
202608181045,131200.0,131600.0,130800.0,131500.0,17353
202608181100,131500.0,131800.0,131300.0,131400.0,12302
202608181115,131500.0,131500.0,131100.0,131300.0,12336
202608181130,131200.0,131700.0,130800.0,130900.0,22843
202608181145,130900.0,131700.0,130800.0,131600.0,18615
202608181200,131400.0,131800.0,131300.0,131500.0,11185
202608181215,131500.0,131800.0,131400.0,131600.0,14105
202608181230,131500.0,131800.0,131300.0,131500.0,15360
202608181245,131500.0,131600.0,131200.0,131500.0,11921
202608181300,131400.0,131700.0,131200.0,131300.0,11600
202608181315,131300.0,131400.0,130900.0,130900.0,11120
202608181330,130800.0,131000.0,130500.0,130600.0,15062
202608181345,130700.0,131000.0,130500.0,130600.0,14444
202608181400,130700.0,130800.0,130400.0,130500.0,21330
202608181415,130500.0,130700.0,130400.0,130400.0,15644
202608181430,130500.0,130500.0,129900.0,129900.0,28499
202608181445,129900.0,130300.0,129800.0,129800.0,25575
202608181500,129800.0,130300.0,129200.0,130100.0,32736
202608181515,130100.0,130700.0,130000.0,130700.0,122519
202608190900,127500.0,127600.0,122600.0,122900.0,81483
202608190915,122800.0,124500.0,122100.0,124200.0,54846
202608190930,124200.0,125400.0,124000.0,125200.0,38985
202608190945,125200.0,126300.0,125000.0,125600.0,33741
202608191000,125600.0,127100.0,125500.0,127100.0,27757
202608191015,127000.0,127700.0,127000.0,127500.0,24343
202608191030,127500.0,127500.0,126600.0,126600.0,17685
202608191045,126700.0,127200.0,126500.0,126700.0,19378
202608191100,126600.0,126800.0,126200.0,126500.0,18844
202608191115,126500.0,127000.0,126300.0,126800.0,18509
202608191130,126800.0,126800.0,126400.0,126600.0,16390
202608191145,126500.0,126700.0,126000.0,126500.0,19263
202608191200,126500.0,126700.0,126200.0,126500.0,16242
202608191215,126500.0,126700.0,126200.0,126500.0,14272
202608191230,126600.0,127300.0,126300.0,126800.0,20371
202608191245,126800.0,127000.0,126400.0,126500.0,9772
202608191300,126500.0,126500.0,126200.0,126200.0,12832
202608191315,126200.0,126700.0,126000.0,126700.0,18594
202608191330,126600.0,126800.0,126300.0,126600.0,16583
202608191345,126600.0,127100.0,126400.0,126900.0,13268
202608191400,126900.0,127500.0,126800.0,126900.0,15545
202608191415,126900.0,127400.0,126800.0,127300.0,17110
202608191430,127300.0,127400.0,126800.0,127000.0,14581
202608191445,127000.0,127000.0,126600.0,126900.0,16574
202608191500,127000.0,127100.0,126600.0,127000.0,22206
202608191515,127100.0,127600.0,126800.0,127500.0,83125
202608200900,127500.0,128400.0,125400.0,125400.0,44712
202608200915,125500.0,126500.0,125500.0,125800.0,32228
202608200930,125800.0,126500.0,125500.0,125800.0,31644
202608200945,125800.0,126400.0,125400.0,126200.0,26615
202608201000,126300.0,126300.0,125200.0,125600.0,29479
202608201015,125700.0,125900.0,125200.0,125800.0,25207
202608201030,125800.0,126200.0,125500.0,126100.0,20477
202608201045,126100.0,126900.0,126000.0,126400.0,18309
202608201100,126400.0,126700.0,125700.0,126200.0,16250
202608201115,126300.0,126400.0,125600.0,125900.0,13970
202608201130,125800.0,125900.0,125600.0,125600.0,9401
202608201145,125600.0,125900.0,125600.0,125800.0,14705
202608201200,125900.0,125900.0,125700.0,125800.0,14372
202608201215,125800.0,125900.0,125500.0,125500.0,15333
202608201230,125500.0,126000.0,125400.0,125800.0,19732
202608201245,125900.0,126000.0,125700.0,125800.0,14354
202608201300,125800.0,126800.0,125600.0,126600.0,28647
202608201315,126600.0,126600.0,125300.0,125400.0,23231
202608201330,125500.0,125500.0,124500.0,124600.0,31314
202608201345,124700.0,125000.0,124500.0,124900.0,25190
202608201400,124900.0,125000.0,124400.0,124400.0,24104
202608201415,124400.0,124900.0,124000.0,124100.0,30205
202608201430,124100.0,124300.0,123700.0,123700.0,32275
202608201445,123700.0,124000.0,123500.0,123500.0,36846
202608201500,123500.0,124300.0,123500.0,123700.0,60458
202608201515,123700.0,123800.0,123400.0,123400.0,134712
202608210900,124200.0,125000.0,123000.0,124600.0,36064
202608210915,124700.0,125200.0,124100.0,125100.0,20234
202608210930,125100.0,126800.0,125100.0,126500.0,45384
202608210945,126600.0,127100.0,126300.0,126700.0,30659
202608211000,126700.0,127200.0,126100.0,127100.0,25305
202608211015,127200.0,128100.0,126800.0,126900.0,42508
202608211030,126800.0,127100.0,126100.0,127000.0,18680
202608211045,127000.0,127800.0,126700.0,127700.0,21621
202608211100,127700.0,127700.0,127100.0,127600.0,20954
202608211115,127500.0,127900.0,127300.0,127900.0,16666
202608211130,127800.0,128400.0,127500.0,128000.0,38700
202608211145,128100.0,129000.0,128000.0,128800.0,25223
202608211200,128800.0,129300.0,128500.0,129100.0,14903
202608211215,129100.0,129800.0,129000.0,129700.0,18696
202608211230,129600.0,129700.0,129100.0,129100.0,13676
202608211245,129100.0,129200.0,128600.0,128700.0,18099
202608211300,128600.0,129700.0,128600.0,129300.0,18938
202608211315,129300.0,129300.0,128400.0,128900.0,18636
202608211330,128900.0,129600.0,128700.0,129200.0,21867
202608211345,129200.0,129600.0,129100.0,129100.0,20993
202608211400,129200.0,129200.0,128600.0,129200.0,25721
202608211415,129100.0,129400.0,128700.0,128800.0,27867
202608211430,128800.0,129400.0,128600.0,129300.0,28055
202608211445,129250.0,129300.0,128600.0,129300.0,33188
202608211500,129200.0,129600.0,128900.0,129000.0,47129
202608211515,129000.0,129300.0,128800.0,128800.0,83042
202608240900,128400.0,128600.0,126800.0,127200.0,29076
202608240915,127200.0,128100.0,126900.0,127700.0,21893
202608240930,127700.0,127800.0,126900.0,127400.0,18079
202608240945,127400.0,127800.0,126900.0,127000.0,14617
202608241000,127000.0,127400.0,126800.0,127100.0,18911
202608241015,127200.0,127200.0,126600.0,126800.0,13898
202608241030,126700.0,127300.0,126700.0,127100.0,14557
202608241045,127100.0,127500.0,127000.0,127300.0,12556
202608241100,127200.0,127400.0,127000.0,127300.0,16509
202608241115,127200.0,128200.0,127200.0,128200.0,20027
202608241130,128200.0,128200.0,127700.0,127700.0,11744
202608241145,127700.0,127900.0,127300.0,127800.0,10823
202608241200,127700.0,128200.0,127500.0,127900.0,13424
202608241215,127900.0,128200.0,127800.0,128000.0,11240
202608241230,128000.0,128000.0,127700.0,127700.0,6100
202608241245,127700.0,127900.0,127600.0,127700.0,11675
202608241300,127700.0,127800.0,127500.0,127700.0,9982
202608241315,127700.0,127700.0,127300.0,127600.0,10124
202608241330,127500.0,128000.0,127500.0,127800.0,9842
202608241345,127800.0,128400.0,127700.0,128400.0,10987
202608241400,128300.0,128400.0,127900.0,127900.0,8339
202608241415,127900.0,128300.0,127900.0,128000.0,14536
202608241430,128000.0,128100.0,127500.0,127800.0,10785
202608241445,127800.0,128400.0,127500.0,128300.0,12920
202608241500,128300.0,128700.0,128100.0,128600.0,17957
202608241515,128600.0,128900.0,128500.0,128700.0,55315
202608250900,128700.0,130000.0,128000.0,129000.0,40304
202608250915,129000.0,130700.0,128200.0,130000.0,36729
202608250930,129900.0,131500.0,129700.0,131300.0,23348
202608250945,131300.0,131500.0,130200.0,131000.0,24829
202608251000,131000.0,131000.0,130100.0,130300.0,18306
202608251015,130300.0,131700.0,130250.0,131600.0,19736
202608251030,131600.0,131700.0,131000.0,131500.0,14619
202608251045,131500.0,131800.0,131100.0,131400.0,19057
202608251100,131400.0,131500.0,131000.0,131400.0,8776
202608251115,131400.0,131700.0,131200.0,131400.0,13180
202608251130,131400.0,131600.0,130800.0,131000.0,13104
202608251145,130900.0,131500.0,130600.0,131500.0,12084
202608251200,131500.0,131800.0,131200.0,131500.0,13521
202608251215,131600.0,131800.0,131400.0,131800.0,12327
202608251230,131700.0,132000.0,131200.0,131800.0,13797
202608251245,131700.0,132000.0,131700.0,131900.0,11373
202608251300,132000.0,132700.0,131000.0,132100.0,25768
202608251315,132200.0,132300.0,131900.0,132100.0,11386
202608251330,132100.0,132300.0,131400.0,131500.0,17219
202608251345,131600.0,131600.0,130800.0,131200.0,19589
202608251400,131200.0,131500.0,130900.0,131100.0,17430
202608251415,131000.0,131200.0,130600.0,130600.0,17834
202608251430,130600.0,130800.0,130300.0,130300.0,20268
202608251445,130300.0,130700.0,130000.0,130200.0,20331
202608251500,130200.0,130300.0,129700.0,130200.0,17896
202608251515,130100.0,130900.0,130100.0,130800.0,56987
202608260900,132000.0,132500.0,130800.0,130900.0,32747
202608260915,130900.0,131900.0,130700.0,131900.0,24420
202608260930,131900.0,132000.0,131400.0,132000.0,23990
202608260945,132000.0,133000.0,131900.0,133000.0,23681
202608261000,132900.0,133200.0,132700.0,132900.0,16776
202608261015,132800.0,133200.0,132700.0,133200.0,17453
202608261030,133100.0,133400.0,132400.0,132400.0,14930
202608261045,132500.0,132900.0,132200.0,132500.0,16620
202608261100,132500.0,132600.0,132200.0,132600.0,13619
202608261115,132600.0,132700.0,132200.0,132500.0,15759
202608261130,132400.0,132700.0,132300.0,132600.0,18738
202608261145,132600.0,132600.0,132000.0,132100.0,14288
202608261200,132100.0,132500.0,132100.0,132500.0,20138
202608261215,132500.0,132500.0,132000.0,132000.0,13292
202608261230,132100.0,132100.0,131600.0,131900.0,16667
202608261245,131900.0,132000.0,131500.0,132000.0,17382
202608261300,131900.0,132200.0,131400.0,132000.0,14586
202608261315,131900.0,132000.0,131800.0,132000.0,10294
202608261330,131900.0,132300.0,131800.0,132100.0,14215
202608261345,132200.0,132200.0,131600.0,132000.0,19932
202608261400,132100.0,132600.0,132100.0,132300.0,15710
202608261415,132300.0,132700.0,132200.0,132300.0,15444
202608261430,132300.0,133000.0,132300.0,132700.0,29472
202608261445,132600.0,132800.0,132400.0,132700.0,17220
202608261500,132600.0,133000.0,132500.0,132900.0,15121
202608261515,132900.0,133200.0,132800.0,133200.0,72261
202608270900,135700.0,135800.0,132800.0,132800.0,46697
202608270915,132800.0,133200.0,131500.0,132900.0,41749
202608270930,132900.0,133800.0,132700.0,133000.0,24654
202608270945,133000.0,133800.0,132800.0,133700.0,32172
202608271000,133700.0,134400.0,133700.0,133800.0,27799
202608271015,133800.0,135000.0,133700.0,135000.0,15280
202608271030,135000.0,135100.0,133500.0,133800.0,21591
202608271045,133800.0,134000.0,133200.0,133800.0,20655
202608271100,133800.0,134400.0,133600.0,134200.0,15650
202608271115,134100.0,134300.0,133800.0,134100.0,14073
202608271130,134100.0,134400.0,133800.0,133900.0,15803
202608271145,134000.0,134700.0,133900.0,134200.0,16923
202608271200,134100.0,134200.0,133800.0,134100.0,11462
202608271215,134050.0,134100.0,133900.0,134100.0,7945
202608271230,134100.0,134300.0,133500.0,133700.0,13797
202608271245,133800.0,134000.0,133600.0,133600.0,11544
202608271300,133700.0,133900.0,133600.0,133900.0,13918
202608271315,133850.0,133900.0,133500.0,133800.0,13350
202608271330,133800.0,133900.0,133500.0,133900.0,14655
202608271345,133900.0,133900.0,133200.0,133200.0,14555
202608271400,133200.0,133300.0,133000.0,133100.0,17232
202608271415,133000.0,133300.0,132800.0,132900.0,19120
202608271430,132800.0,133200.0,132800.0,132800.0,17037
202608271445,132800.0,133200.0,132600.0,133000.0,23239
202608271500,132900.0,133200.0,132900.0,133000.0,19684
202608271515,133000.0,133900.0,133000.0,133600.0,92087
202608280900,132700.0,133500.0,131700.0,132600.0,25888
202608280915,132700.0,132800.0,132100.0,132600.0,20098
202608280930,132700.0,133100.0,131700.0,133000.0,18851
202608280945,133000.0,133300.0,132400.0,133000.0,12792
202608281000,133000.0,133300.0,133000.0,133200.0,13282
202608281015,133100.0,133500.0,133000.0,133000.0,15143
202608281030,133000.0,133400.0,132500.0,132600.0,18002
202608281045,132600.0,133000.0,132500.0,132700.0,10777
202608281100,132700.0,133150.0,132500.0,132950.0,13828
202608281115,132900.0,133200.0,132700.0,133000.0,10651
202608281130,133000.0,133700.0,132900.0,133700.0,14135
202608281145,133700.0,134100.0,133600.0,134000.0,14791
202608281200,134100.0,134200.0,133800.0,134100.0,8857
202608281215,134100.0,134400.0,134100.0,134400.0,7942
202608281230,134400.0,135000.0,134300.0,134700.0,21261
202608281245,134700.0,135300.0,134500.0,134700.0,22372
202608281300,134700.0,135000.0,134600.0,134900.0,13991
202608281315,135000.0,135000.0,134900.0,135000.0,8257
202608281330,134900.0,135200.0,134700.0,135000.0,15055
202608281345,135000.0,135300.0,135000.0,135300.0,12545
202608281400,135300.0,135500.0,135100.0,135300.0,17370
202608281415,135300.0,135600.0,134950.0,135100.0,23476
202608281430,135200.0,135300.0,134700.0,134900.0,15625
202608281445,134800.0,135300.0,134800.0,135300.0,18240
202608281500,135300.0,135800.0,135000.0,135800.0,26249
202608281515,135700.0,136100.0,135700.0,136000.0,61446
202608310900,136100.0,136700.0,135000.0,136000.0,34034
202608310915,136000.0,137300.0,136000.0,136200.0,29932
202608310930,136200.0,136500.0,135200.0,135400.0,23551
202608310945,135400.0,135500.0,134200.0,134400.0,16293
202608311000,134400.0,134500.0,133100.0,134100.0,19124
202608311015,134100.0,134900.0,134100.0,134700.0,13124
202608311030,134800.0,135200.0,134600.0,134900.0,8735
202608311045,134900.0,135000.0,134300.0,134700.0,8913
202608311100,134600.0,135600.0,134400.0,135500.0,11332
202608311115,135600.0,136000.0,135300.0,135400.0,13195
202608311130,135400.0,136500.0,135200.0,136300.0,15533
202608311145,136300.0,136900.0,136050.0,136700.0,14611
202608311200,136600.0,137400.0,136500.0,137300.0,23060
202608311215,137200.0,137300.0,136700.0,136950.0,8888
202608311230,136950.0,137100.0,136700.0,137000.0,7100
202608311245,137000.0,137800.0,137000.0,137600.0,12408
202608311300,137650.0,138000.0,137200.0,137200.0,14366
202608311315,137300.0,137600.0,137000.0,137100.0,10301
202608311330,137100.0,137400.0,136800.0,137000.0,14112
202608311345,137000.0,137500.0,136800.0,137400.0,16740
202608311400,137400.0,137500.0,136800.0,137000.0,15072
202608311415,137000.0,137300.0,136600.0,136600.0,14159
202608311430,136700.0,136900.0,136200.0,136400.0,19206
202608311445,136400.0,136500.0,135600.0,136000.0,36233
202608311500,136000.0,136400.0,135400.0,136100.0,48165
202608311515,135800.0,136300.0,134500.0,136300.0,859904
202609010900,135100.0,137900.0,134700.0,137400.0,87022
202609010915,137500.0,137900.0,136900.0,137500.0,37697
202609010930,137600.0,138600.0,137500.0,137800.0,38841
202609010945,137800.0,137900.0,135800.0,136000.0,31562
202609011000,136000.0,136200.0,135300.0,136000.0,20071
202609011015,136000.0,136500.0,135900.0,136400.0,21666
202609011030,136400.0,136700.0,136300.0,136600.0,15333
202609011045,136600.0,136600.0,136100.0,136100.0,23230
202609011100,136200.0,136300.0,135900.0,136100.0,16572
202609011115,136100.0,136400.0,136000.0,136200.0,14006
202609011130,136200.0,136200.0,135600.0,135600.0,10355
202609011145,135800.0,136000.0,135600.0,135900.0,15321
202609011200,136000.0,136400.0,135800.0,136200.0,15696
202609011215,136300.0,136700.0,136100.0,136600.0,10629
202609011230,136650.0,136700.0,136200.0,136300.0,13000
202609011245,136200.0,137300.0,136200.0,137100.0,35154
202609011300,137200.0,137500.0,137000.0,137300.0,26934
202609011315,137300.0,137500.0,136900.0,136900.0,28621
202609011330,136900.0,137600.0,136900.0,137500.0,30094
202609011345,137400.0,137700.0,137300.0,137500.0,33120
202609011400,137500.0,137500.0,137000.0,137100.0,29750
202609011415,137100.0,137600.0,137000.0,137500.0,32451
202609011430,137500.0,137900.0,137200.0,137900.0,34406
202609011445,137900.0,138300.0,137800.0,138100.0,40849
202609011500,138000.0,138200.0,137900.0,138000.0,35196
202609011515,137950.0,138000.0,136700.0,137400.0,89348
202609020900,136800.0,138900.0,136500.0,137100.0,87880
202609020915,137100.0,137700.0,135900.0,137600.0,52786
202609020930,137600.0,138300.0,137000.0,138100.0,28482
202609020945,138000.0,138600.0,137700.0,138600.0,32651
202609021000,138600.0,138800.0,137900.0,138100.0,23919
202609021015,138100.0,138700.0,137600.0,138600.0,23354
202609021030,138600.0,138800.0,137800.0,138600.0,30668
202609021045,138600.0,138700.0,137800.0,138000.0,25127
202609021100,137900.0,138200.0,137600.0,137800.0,21516
202609021115,137900.0,138300.0,137800.0,138100.0,18613
202609021130,138100.0,138700.0,137900.0,138300.0,24796
202609021145,138300.0,138300.0,137600.0,137800.0,25191
202609021200,137700.0,137800.0,137100.0,137200.0,17391
202609021215,137200.0,137300.0,136500.0,136700.0,24739
202609021230,136700.0,137000.0,136500.0,136900.0,14953
202609021245,136900.0,136900.0,136400.0,136400.0,22821
202609021300,136500.0,136500.0,135900.0,136200.0,40107
202609021315,136200.0,136300.0,135900.0,135900.0,24795
202609021330,136000.0,136500.0,135900.0,136200.0,33793
202609021345,136200.0,136300.0,135900.0,136000.0,24487
202609021400,135900.0,136000.0,135500.0,135900.0,35059
202609021415,135800.0,136100.0,135500.0,135600.0,21807
202609021430,135700.0,135700.0,135000.0,135100.0,37744
202609021445,135100.0,135100.0,134700.0,134800.0,48419
202609021500,134800.0,135500.0,134700.0,135400.0,56956
202609021515,135300.0,135400.0,134700.0,134900.0,103312
202609030900,134100.0,138500.0,134100.0,137900.0,74527
202609030915,137900.0,140400.0,137000.0,140100.0,129988
202609030930,140100.0,140800.0,139600.0,140200.0,60923
202609030945,140200.0,140800.0,139700.0,140300.0,29196
202609031000,140300.0,140500.0,139800.0,140300.0,28849
202609031015,140200.0,140600.0,139800.0,140000.0,17968
202609031030,140100.0,140400.0,139000.0,139100.0,24120
202609031045,139200.0,139400.0,138200.0,139300.0,26062
202609031100,139400.0,139800.0,139000.0,139800.0,21418
202609031115,139800.0,140100.0,139600.0,140100.0,19307
202609031130,140100.0,141000.0,139900.0,140800.0,28009
202609031145,140800.0,140800.0,140300.0,140700.0,16673
202609031200,140700.0,140900.0,140400.0,140900.0,16804
202609031215,140900.0,141000.0,140500.0,140600.0,16803
202609031230,140600.0,140800.0,140300.0,140800.0,16769
202609031245,140800.0,140900.0,140400.0,140800.0,22272
202609031300,140800.0,140800.0,140300.0,140400.0,16107
202609031315,140400.0,140400.0,139700.0,140200.0,21019
202609031330,140200.0,141000.0,140100.0,141000.0,19974
202609031345,141000.0,141100.0,140600.0,140700.0,34080
202609031400,140700.0,140700.0,139200.0,139600.0,33997
202609031415,139500.0,139600.0,137200.0,138100.0,58845
202609031430,138000.0,139000.0,137800.0,138800.0,31730
202609031445,138800.0,140000.0,138700.0,139900.0,29903
202609031500,139900.0,140500.0,139500.0,139500.0,29418
202609031515,139500.0,140000.0,139500.0,139500.0,110863
202609040900,138700.0,141000.0,137900.0,140300.0,61485
202609040915,140300.0,140400.0,137200.0,137500.0,54114
202609040930,137500.0,137500.0,136100.0,136100.0,40688
202609040945,136100.0,136800.0,135700.0,136600.0,39159
202609041000,136600.0,137100.0,136100.0,136900.0,22809
202609041015,136900.0,137600.0,136900.0,137100.0,27207
202609041030,137200.0,137200.0,136500.0,136900.0,17523
202609041045,137000.0,137900.0,136900.0,137800.0,25181
202609041100,137750.0,137800.0,136900.0,137200.0,21702
202609041115,137200.0,137500.0,136700.0,137000.0,26534
202609041130,137000.0,137300.0,136300.0,136400.0,22483
202609041145,136400.0,136700.0,136100.0,136200.0,19953
202609041200,136100.0,136300.0,135800.0,136300.0,26416
202609041215,136300.0,136500.0,136100.0,136300.0,19567
202609041230,136300.0,136300.0,135400.0,135500.0,33610
202609041245,135500.0,135900.0,135300.0,135500.0,24269
202609041300,135500.0,135800.0,135200.0,135500.0,32191
202609041315,135500.0,135500.0,134500.0,134700.0,27586
202609041330,134700.0,134800.0,134100.0,134300.0,30174
202609041345,134300.0,134600.0,133700.0,134100.0,31659
202609041400,134100.0,134500.0,134000.0,134200.0,27583
202609041415,134300.0,134500.0,133700.0,134300.0,40300
202609041430,134400.0,134800.0,134000.0,134700.0,34176
202609041445,134600.0,134700.0,134200.0,134600.0,31576
202609041500,134700.0,134700.0,134300.0,134600.0,31864
202609041515,134500.0,134600.0,134200.0,134300.0,82209
202609070900,135500.0,137300.0,135200.0,137300.0,44835
202609070915,137300.0,137900.0,136600.0,137800.0,36415
202609070930,137800.0,138300.0,137200.0,137300.0,20750
202609070945,137200.0,137800.0,137200.0,137200.0,15542
202609071000,137100.0,138400.0,137100.0,138300.0,12452
202609071015,138400.0,138400.0,137500.0,137700.0,14595
202609071030,137700.0,138300.0,137600.0,138000.0,15234
202609071045,137900.0,138100.0,137600.0,137800.0,11085
202609071100,138000.0,138100.0,137600.0,137800.0,7430
202609071115,137800.0,138000.0,137700.0,138000.0,11354
202609071130,137900.0,138100.0,137700.0,137700.0,8235
202609071145,137800.0,137900.0,137500.0,137800.0,10445
202609071200,137800.0,138200.0,137750.0,138000.0,15421
202609071215,138100.0,138300.0,137900.0,138200.0,11650
202609071230,138200.0,138300.0,137900.0,138100.0,10916
202609071245,138200.0,138400.0,137700.0,138000.0,11737
202609071300,138000.0,138200.0,137600.0,138000.0,16537
202609071315,138000.0,138500.0,137500.0,138400.0,22739
202609071330,138400.0,138600.0,138000.0,138300.0,16617
202609071345,138400.0,138800.0,138200.0,138700.0,17688
202609071400,138600.0,138900.0,138400.0,138500.0,24069
202609071415,138400.0,139000.0,138400.0,138900.0,21162
202609071430,139000.0,139300.0,138700.0,138700.0,26341
202609071445,138700.0,138900.0,138200.0,138600.0,18873
202609071500,138600.0,138700.0,138300.0,138400.0,15677
202609071515,138400.0,138900.0,138400.0,138900.0,93405
202609080900,140400.0,142000.0,139300.0,139400.0,44205
202609080915,139300.0,139300.0,137800.0,138900.0,23086
202609080930,138900.0,139000.0,137900.0,138600.0,14293
202609080945,138700.0,138700.0,137000.0,137200.0,17645
202609081000,137200.0,137900.0,137100.0,137400.0,15387
202609081015,137300.0,138000.0,137300.0,137900.0,7340
202609081030,137900.0,138400.0,137800.0,138200.0,9284
202609081045,138100.0,138700.0,138100.0,138600.0,9806
202609081100,138600.0,138700.0,138200.0,138600.0,6819
202609081115,138600.0,138800.0,138000.0,138200.0,6353
202609081130,138250.0,138500.0,137800.0,138000.0,7765
202609081145,138100.0,138400.0,138000.0,138300.0,5256
202609081200,138300.0,138700.0,138100.0,138600.0,8556
202609081215,138500.0,138700.0,138100.0,138500.0,10843
202609081230,138600.0,138600.0,137900.0,138000.0,7225
202609081245,138000.0,138100.0,137200.0,137800.0,19249
202609081300,137800.0,137900.0,137150.0,137300.0,9702
202609081315,137300.0,137700.0,137300.0,137500.0,7314
202609081330,137500.0,138200.0,137500.0,137800.0,15991
202609081345,137800.0,138000.0,137600.0,137700.0,21064
202609081400,137700.0,138200.0,137500.0,137900.0,25741
202609081415,137900.0,138100.0,137400.0,137600.0,17447
202609081430,137600.0,137900.0,137300.0,137600.0,17870
202609081445,137600.0,137800.0,137100.0,137400.0,16598
202609081500,137400.0,137800.0,137000.0,137200.0,24301
202609081515,137200.0,137300.0,136700.0,136800.0,76151
202609090900,135800.0,137000.0,135050.0,135300.0,58949
202609090915,135400.0,135900.0,134550.0,135900.0,56233
202609090930,135800.0,136100.0,134700.0,134900.0,24947
202609090945,134900.0,134900.0,133900.0,133900.0,34910
202609091000,133900.0,134300.0,133600.0,133900.0,27470
202609091015,133900.0,134000.0,133500.0,133500.0,16807
202609091030,133550.0,134000.0,133500.0,133800.0,30188
202609091045,133900.0,134100.0,133300.0,133500.0,22098
202609091100,133500.0,134100.0,133200.0,133900.0,33473
202609091115,133800.0,134100.0,133800.0,134000.0,11042
202609091130,134000.0,134800.0,134000.0,134600.0,16161
202609091145,134700.0,134900.0,134500.0,134700.0,11934
202609091200,134650.0,134900.0,134200.0,134700.0,13220
202609091215,134700.0,134700.0,134000.0,134600.0,11440
202609091230,134500.0,134600.0,134300.0,134300.0,12082
202609091245,134300.0,134600.0,134150.0,134600.0,14715
202609091300,134600.0,134700.0,134200.0,134300.0,16868
202609091315,134300.0,134700.0,134300.0,134300.0,10628
202609091330,134300.0,134700.0,134200.0,134600.0,13881
202609091345,134650.0,134700.0,134200.0,134300.0,14764
202609091400,134500.0,135000.0,134400.0,134900.0,16448
202609091415,134800.0,134900.0,134050.0,134300.0,25353
202609091430,134300.0,134600.0,134000.0,134550.0,17390
202609091445,134500.0,134700.0,134400.0,134600.0,26416
202609091500,134600.0,134800.0,133800.0,133900.0,25480
202609091515,133800.0,134100.0,133700.0,134000.0,113359
202609100900,134500.0,135700.0,133300.0,135300.0,60789
202609100915,135200.0,135500.0,134600.0,135400.0,23928
202609100930,135300.0,135700.0,134900.0,135100.0,21482
202609100945,135000.0,135400.0,134700.0,134800.0,20757
202609101000,134800.0,134900.0,133500.0,133800.0,20049
202609101015,133900.0,134400.0,133600.0,133800.0,18095
202609101030,133900.0,134300.0,133200.0,133500.0,16746
202609101045,133400.0,133900.0,133000.0,133500.0,20706
202609101100,133500.0,134000.0,133300.0,133500.0,14956
202609101115,133700.0,133900.0,133400.0,133700.0,11001
202609101130,133800.0,134100.0,133700.0,134000.0,8172
202609101145,134000.0,134100.0,133500.0,133900.0,15377
202609101200,133900.0,134100.0,133700.0,134000.0,10650
202609101215,134000.0,134500.0,133900.0,134300.0,9585
202609101230,134300.0,135200.0,134300.0,135100.0,8584
202609101245,135100.0,135400.0,134900.0,135000.0,9245
202609101300,135000.0,135300.0,134600.0,135200.0,7496
202609101315,135300.0,135300.0,135000.0,135100.0,7834
202609101330,135100.0,135100.0,134500.0,134800.0,13554
202609101345,134800.0,135100.0,134700.0,135100.0,8965
202609101400,135100.0,135100.0,134500.0,134600.0,10436
202609101415,134600.0,135000.0,134400.0,134700.0,11400
202609101430,134700.0,134800.0,134100.0,134600.0,12602
202609101445,134600.0,134900.0,134300.0,134600.0,15304
202609101500,134700.0,135500.0,134500.0,135200.0,14088
202609101515,135200.0,135500.0,135000.0,135300.0,586643
202609110900,134600.0,136200.0,134100.0,134800.0,61560
202609110915,134900.0,136000.0,134500.0,135700.0,34135
202609110930,135700.0,135700.0,135100.0,135300.0,21797
202609110945,135200.0,136200.0,135200.0,135900.0,19905
202609111000,135900.0,137400.0,135900.0,137000.0,22549
202609111015,137100.0,137200.0,136700.0,136800.0,19924
202609111030,136900.0,137400.0,136300.0,136800.0,24452
202609111045,136800.0,137300.0,136400.0,136900.0,16067
202609111100,136900.0,137000.0,136300.0,136900.0,10841
202609111115,136900.0,137600.0,136900.0,137000.0,17128
202609111130,137100.0,137200.0,136300.0,136800.0,18148
202609111145,136900.0,137300.0,136700.0,137100.0,18461
202609111200,137100.0,137300.0,136800.0,137300.0,20694
202609111215,137200.0,137700.0,137200.0,137300.0,17269
202609111230,137300.0,137700.0,137200.0,137600.0,14164
202609111245,137600.0,138100.0,137200.0,137900.0,23309
202609111300,137900.0,138000.0,137300.0,137500.0,19830
202609111315,137500.0,137800.0,137200.0,137500.0,20593
202609111330,137500.0,137700.0,137100.0,137200.0,19654
202609111345,137200.0,137300.0,136100.0,136300.0,17379
202609111400,136300.0,137000.0,136100.0,136700.0,23190
202609111415,136800.0,137100.0,136500.0,136900.0,15283
202609111430,136800.0,137100.0,136600.0,136700.0,13465
202609111445,136700.0,137700.0,136700.0,136900.0,25636
202609111500,136900.0,137200.0,136600.0,136900.0,23682
202609111515,136900.0,137800.0,136900.0,137800.0,129784
202609140900,135700.0,137800.0,135200.0,137500.0,60870
202609140915,137400.0,139300.0,137100.0,138300.0,46707
202609140930,138300.0,138300.0,136700.0,138100.0,39379
202609140945,138100.0,138200.0,137500.0,137900.0,24075
202609141000,138000.0,138300.0,137700.0,138200.0,18070
202609141015,138200.0,138300.0,137600.0,137900.0,18874
202609141030,138000.0,138500.0,137700.0,138200.0,15404
202609141045,138200.0,138600.0,137700.0,138300.0,21005
202609141100,138600.0,139500.0,138300.0,139400.0,18598
202609141115,139300.0,139700.0,139000.0,139700.0,17829
202609141130,139700.0,140000.0,139500.0,140000.0,23026
202609141145,140000.0,140600.0,139900.0,140300.0,30045
202609141200,140100.0,140800.0,140000.0,140600.0,18204
202609141215,140600.0,141300.0,140500.0,140900.0,19127
202609141230,141000.0,141100.0,140700.0,141100.0,24724
202609141245,141100.0,141700.0,141000.0,141400.0,16260
202609141300,141500.0,141900.0,141300.0,141600.0,24821
202609141315,141600.0,141900.0,141300.0,141500.0,19599
202609141330,141500.0,141800.0,140700.0,141200.0,21960
202609141345,141300.0,141700.0,141000.0,141300.0,17919
202609141400,141400.0,141400.0,140800.0,141100.0,21142
202609141415,141100.0,141100.0,140300.0,140500.0,34561
202609141430,140500.0,141100.0,140200.0,140500.0,25753
202609141445,140400.0,140900.0,140200.0,140400.0,21255
202609141500,140400.0,140800.0,140300.0,140600.0,18915
202609141515,140600.0,141100.0,140400.0,140800.0,58652
202609150900,138800.0,139500.0,136700.0,139500.0,57914
202609150915,139400.0,139900.0,137000.0,137900.0,34029
202609150930,137900.0,138300.0,137450.0,137850.0,20079
202609150945,137800.0,138600.0,137600.0,137900.0,27079
202609151000,137900.0,138800.0,137800.0,138700.0,14868
202609151015,138600.0,138900.0,138300.0,138500.0,14798
202609151030,138450.0,138800.0,138100.0,138200.0,21435
202609151045,138200.0,138600.0,138100.0,138300.0,9029
202609151100,138300.0,139000.0,138300.0,138900.0,11913
202609151115,139000.0,139100.0,138500.0,138800.0,11373
202609151130,138700.0,139100.0,138600.0,138700.0,11170
202609151145,138700.0,138900.0,138500.0,138800.0,15237
202609151200,138800.0,139000.0,138400.0,138400.0,8086
202609151215,138500.0,138800.0,138300.0,138700.0,9870
202609151230,138800.0,138800.0,138400.0,138700.0,7017
202609151245,138700.0,138800.0,138200.0,138700.0,12096
202609151300,138700.0,138900.0,138300.0,138300.0,12410
202609151315,138300.0,138600.0,137700.0,138300.0,16655
202609151330,138300.0,138400.0,138000.0,138200.0,17634
202609151345,138100.0,138400.0,138000.0,138100.0,13815
202609151400,138200.0,138200.0,137600.0,138000.0,13613
202609151415,138000.0,138200.0,137700.0,138200.0,15988
202609151430,138200.0,138500.0,138000.0,138400.0,17364
202609151445,138300.0,138400.0,137600.0,137600.0,17408
202609151500,137600.0,138000.0,137500.0,137500.0,23463
202609151515,137600.0,137600.0,137100.0,137600.0,62307
202609160900,136500.0,137100.0,136000.0,136300.0,41491
202609160915,136200.0,137000.0,136000.0,136500.0,22923
202609160930,136550.0,137000.0,136200.0,136800.0,24438
202609160945,136850.0,137000.0,135900.0,135900.0,17296
202609161000,135900.0,136350.0,135600.0,136100.0,25061
202609161015,136000.0,136200.0,135400.0,135600.0,18855
202609161030,135600.0,137100.0,135600.0,136900.0,23558
202609161045,137000.0,137100.0,136300.0,136400.0,19248
202609161100,136300.0,136600.0,136200.0,136400.0,13283
202609161115,136500.0,137000.0,136400.0,137000.0,16600
202609161130,137000.0,137300.0,136900.0,137100.0,13176
202609161145,137100.0,137300.0,136800.0,137250.0,12977
202609161200,137250.0,137800.0,137200.0,137600.0,21570
202609161215,137600.0,137650.0,137000.0,137250.0,14651
202609161230,137300.0,137300.0,137000.0,137000.0,13517
202609161245,137050.0,137300.0,137000.0,137200.0,15530
202609161300,137200.0,137200.0,136900.0,137000.0,12320
202609161315,137000.0,137300.0,136900.0,137000.0,13865
202609161330,136950.0,137000.0,136600.0,136900.0,16714
202609161345,136850.0,136900.0,136800.0,136900.0,7607
202609161400,136850.0,137100.0,136700.0,137000.0,22575
202609161415,136950.0,137000.0,136300.0,136400.0,23477
202609161430,136400.0,136500.0,136400.0,136500.0,11070
202609161445,136450.0,136500.0,135800.0,135900.0,22474
202609161500,135900.0,136200.0,135700.0,136000.0,27960
202609161515,136050.0,136700.0,135800.0,136700.0,83890
202609170900,136600.0,139800.0,136000.0,139400.0,54141
202609170915,139300.0,140000.0,138400.0,139400.0,33685
202609170930,139400.0,139900.0,138800.0,139600.0,34918
202609170945,139500.0,140000.0,139200.0,139300.0,28378
202609171000,139300.0,139400.0,138400.0,139000.0,33292
202609171015,139100.0,139200.0,138700.0,138700.0,13020
202609171030,138800.0,138900.0,138500.0,138800.0,18237
202609171045,138800.0,138800.0,138000.0,138300.0,19277
202609171100,138300.0,138300.0,137600.0,137800.0,16009
202609171115,137800.0,138700.0,137700.0,138400.0,12818
202609171130,138400.0,138500.0,138100.0,138200.0,11780
202609171145,138300.0,138400.0,138000.0,138100.0,11469
202609171200,138200.0,138400.0,138100.0,138100.0,9081
202609171215,138200.0,138800.0,138100.0,138700.0,10459
202609171230,138700.0,139000.0,138500.0,138900.0,15383
202609171245,139000.0,139000.0,138800.0,138850.0,12568
202609171300,138900.0,138900.0,138100.0,138100.0,17202
202609171315,138100.0,138200.0,137100.0,137200.0,20383
202609171330,137300.0,137800.0,137300.0,137400.0,26928
202609171345,137400.0,137700.0,137100.0,137600.0,27288
202609171400,137500.0,137600.0,137000.0,137300.0,21493
202609171415,137200.0,137500.0,136900.0,137100.0,20941
202609171430,137100.0,137200.0,136800.0,137000.0,26137
202609171445,137000.0,137200.0,136700.0,136700.0,13168
202609171500,136800.0,137600.0,136800.0,137400.0,34430
202609171515,137400.0,137700.0,137000.0,137500.0,129745
202609180900,139000.0,139000.0,136300.0,136500.0,30474
202609180915,136400.0,136900.0,136400.0,136600.0,20054
202609180930,136500.0,136700.0,135600.0,135800.0,19915
202609180945,135700.0,135900.0,134900.0,135000.0,27138
202609181000,135000.0,135200.0,133800.0,134500.0,27671
202609181015,134400.0,134800.0,134000.0,134300.0,17989
202609181030,134400.0,134500.0,133800.0,134400.0,18277
202609181045,134450.0,135000.0,134400.0,134600.0,8120
202609181100,134700.0,135100.0,134600.0,135100.0,6751
202609181115,135100.0,135300.0,134900.0,135100.0,11027
202609181130,135100.0,135300.0,135000.0,135100.0,8181
202609181145,135000.0,135300.0,134900.0,134900.0,11466
202609181200,134900.0,135400.0,134700.0,135100.0,15050
202609181215,135000.0,135200.0,134900.0,135050.0,7671
202609181230,135000.0,135300.0,134800.0,135000.0,10231
202609181245,135000.0,135300.0,134800.0,135200.0,16990
202609181300,135200.0,135400.0,134800.0,134800.0,14737
202609181315,134800.0,134850.0,134200.0,134300.0,22761
202609181330,134300.0,134400.0,134000.0,134000.0,18665
202609181345,134000.0,134100.0,133900.0,134000.0,25318
202609181400,134100.0,134100.0,133550.0,133800.0,31553
202609181415,133800.0,134400.0,133700.0,133900.0,34367
202609181430,133800.0,133900.0,133600.0,133600.0,25184
202609181445,133600.0,134100.0,133400.0,133800.0,29454
202609181500,133800.0,133900.0,133500.0,133600.0,24069
202609181515,133600.0,133800.0,133100.0,133100.0,506953
202609210900,133400.0,134800.0,133400.0,134300.0,29665
202609210915,134300.0,134900.0,134100.0,134700.0,29979
202609210930,134700.0,134800.0,134200.0,134700.0,16787
202609210945,134800.0,135300.0,134500.0,135200.0,21866
202609211000,135200.0,135500.0,134800.0,135300.0,24971
202609211015,135300.0,135500.0,134700.0,135200.0,10922
202609211030,135200.0,135500.0,134900.0,135400.0,9651
202609211045,135500.0,135500.0,135300.0,135400.0,9599
202609211100,135500.0,135900.0,135400.0,135700.0,16816
202609211115,135700.0,136000.0,135600.0,135900.0,8571
202609211130,135800.0,135900.0,135600.0,135700.0,9917
202609211145,135700.0,135900.0,135400.0,135400.0,6980
202609211200,135500.0,135900.0,135400.0,135900.0,10612
202609211215,135900.0,136000.0,135600.0,135700.0,9998
202609211230,135600.0,135800.0,135500.0,135600.0,5975
202609211245,135700.0,135900.0,135300.0,135800.0,11871
202609211300,135800.0,136000.0,135700.0,135800.0,6704
202609211315,135800.0,136000.0,135700.0,135900.0,9185
202609211330,135800.0,135900.0,135600.0,135600.0,8700
202609211345,135600.0,135800.0,135300.0,135300.0,9792
202609211400,135300.0,135600.0,134900.0,135000.0,12713
202609211415,135000.0,135400.0,134800.0,135100.0,9819
202609211430,135000.0,135300.0,135000.0,135000.0,6949
202609211445,135000.0,135100.0,134700.0,135000.0,12191
202609211500,135000.0,135500.0,134900.0,135400.0,15333
202609211515,135300.0,135700.0,135300.0,135700.0,64262
202609220900,136000.0,136100.0,134200.0,134200.0,36337
202609220915,134300.0,135200.0,134200.0,134800.0,20542
202609220930,134800.0,135000.0,134400.0,134900.0,19038
202609220945,134800.0,135100.0,134300.0,134800.0,21136
202609221000,134800.0,135000.0,134600.0,134900.0,13846
202609221015,134800.0,135100.0,134600.0,134900.0,15692
202609221030,135000.0,135100.0,134400.0,134700.0,39577
202609221045,134600.0,135500.0,134500.0,135200.0,13133
202609221100,135300.0,135800.0,135200.0,135700.0,9645
202609221115,135700.0,136100.0,135700.0,136000.0,8912
202609221130,136000.0,136100.0,135600.0,135700.0,12652
202609221145,135700.0,135800.0,135400.0,135500.0,13624
202609221200,135500.0,135800.0,135400.0,135500.0,9490
202609221215,135500.0,135700.0,135500.0,135700.0,7465
202609221230,135700.0,135800.0,135500.0,135500.0,10108
202609221245,135500.0,135600.0,135200.0,135500.0,12213
202609221300,135500.0,135800.0,135400.0,135400.0,11669
202609221315,135400.0,135700.0,135300.0,135500.0,12642
202609221330,135600.0,135800.0,135400.0,135400.0,15016
202609221345,135400.0,135800.0,135300.0,135500.0,22074
202609221400,135500.0,135600.0,135000.0,135100.0,22376
202609221415,135100.0,135700.0,135000.0,135400.0,26358
202609221430,135400.0,135800.0,135400.0,135800.0,19503
202609221445,135700.0,135900.0,135700.0,135800.0,12441
202609221500,135800.0,136300.0,135600.0,136100.0,20664
202609221515,136000.0,136200.0,135800.0,136000.0,59502
202609230900,136300.0,136700.0,135100.0,135100.0,42176
202609230915,135100.0,135900.0,134700.0,134800.0,31878
202609230930,134800.0,134900.0,133900.0,134000.0,18688
202609230945,133900.0,134200.0,133800.0,134000.0,13932
202609231000,134100.0,134200.0,133500.0,133500.0,16017
202609231015,133500.0,133600.0,132700.0,133000.0,22165
202609231030,133000.0,133500.0,132800.0,133300.0,18505
202609231045,133400.0,133700.0,133000.0,133600.0,13649
202609231100,133500.0,133900.0,133300.0,133600.0,11823
202609231115,133600.0,133700.0,133300.0,133300.0,8075
202609231130,133300.0,133600.0,133200.0,133200.0,10350
202609231145,133200.0,133300.0,132700.0,132800.0,10188
202609231200,132800.0,132800.0,132400.0,132500.0,16254
202609231215,132400.0,132500.0,132200.0,132300.0,14341
202609231230,132300.0,132700.0,132200.0,132500.0,11827
202609231245,132500.0,132800.0,132100.0,132400.0,18823
202609231300,132400.0,133000.0,132400.0,132700.0,21521
202609231315,132600.0,133000.0,132400.0,132400.0,21337
202609231330,132500.0,132600.0,132100.0,132100.0,20737
202609231345,132100.0,132800.0,132100.0,132400.0,21734
202609231400,132400.0,132700.0,132300.0,132600.0,22238
202609231415,132600.0,132900.0,132400.0,132500.0,21976
202609231430,132500.0,132800.0,132300.0,132700.0,23323
202609231445,132600.0,132700.0,132100.0,132200.0,25626
202609231500,132100.0,132700.0,132100.0,132400.0,28669
202609231515,132400.0,133100.0,132200.0,133100.0,132899
202609280900,133000.0,133700.0,132000.0,133200.0,38928
202609280915,133100.0,133500.0,132500.0,133000.0,26489
202609280930,133000.0,133000.0,132600.0,133000.0,12519
202609280945,132900.0,133800.0,132900.0,133700.0,20506
202609281000,133700.0,134800.0,133600.0,134700.0,27923
202609281015,134600.0,134700.0,133600.0,134000.0,27478
202609281030,134000.0,134600.0,133700.0,134100.0,20630
202609281045,134100.0,134700.0,133900.0,134300.0,25033
202609281100,134200.0,134900.0,134000.0,134600.0,20589
202609281115,134500.0,134900.0,134400.0,134700.0,22890
202609281130,134700.0,134900.0,134500.0,134800.0,11808
202609281145,134700.0,135300.0,134600.0,135200.0,19498
202609281200,135200.0,135300.0,134700.0,134800.0,9714
202609281215,134800.0,134900.0,134400.0,134800.0,13778
202609281230,134800.0,135200.0,134700.0,135200.0,9542
202609281245,135100.0,135200.0,134600.0,134700.0,9414
202609281300,134700.0,135000.0,134500.0,134900.0,14624
202609281315,134900.0,135000.0,134800.0,134900.0,9761
202609281330,134800.0,134900.0,134200.0,134500.0,14883
202609281345,134600.0,134700.0,134500.0,134600.0,9492
202609281400,134500.0,134900.0,134400.0,134700.0,18158
202609281415,134700.0,135200.0,134600.0,134800.0,24926
202609281430,134800.0,135200.0,134800.0,134900.0,14299
202609281445,135000.0,135200.0,134600.0,135000.0,19334
202609281500,135000.0,135300.0,134900.0,135100.0,22540
202609281515,135100.0,135400.0,135100.0,135300.0,109196
202609290900,134900.0,135400.0,134300.0,134500.0,30934
202609290915,134400.0,134400.0,133200.0,133500.0,28250
202609290930,133500.0,133600.0,133000.0,133500.0,13196
202609290945,133500.0,134000.0,133000.0,133300.0,13878
202609291000,133400.0,133500.0,133000.0,133200.0,12230
202609291015,133200.0,134000.0,133200.0,134000.0,16391
202609291030,133900.0,134100.0,133700.0,134000.0,9308
202609291045,134000.0,134200.0,133700.0,134000.0,7256
202609291100,134000.0,134000.0,133600.0,133700.0,5815
202609291115,133700.0,133900.0,133600.0,133700.0,5431
202609291130,133700.0,134000.0,133600.0,133900.0,6269
202609291145,133900.0,134100.0,133700.0,134000.0,5115
202609291200,134050.0,134300.0,134000.0,134100.0,6481
202609291215,134200.0,134400.0,134000.0,134200.0,6753
202609291230,134200.0,134400.0,134000.0,134200.0,6844
202609291245,134200.0,134400.0,134100.0,134100.0,8643
202609291300,134100.0,134400.0,134100.0,134200.0,7841
202609291315,134300.0,134500.0,134200.0,134400.0,11267
202609291330,134400.0,134500.0,134100.0,134100.0,8823
202609291345,134100.0,134200.0,133800.0,134200.0,10329
202609291400,134200.0,134300.0,133900.0,134200.0,9555
202609291415,134200.0,134500.0,134200.0,134300.0,10262
202609291430,134400.0,134400.0,134100.0,134200.0,11584
202609291445,134200.0,134700.0,134200.0,134500.0,16058
202609291500,134500.0,135200.0,134500.0,135200.0,21514
202609291515,135200.0,135400.0,135100.0,135300.0,112536
202609300900,134800.0,134800.0,132800.0,133000.0,45497
202609300915,133100.0,133100.0,132300.0,132300.0,16976
202609300930,132400.0,132400.0,131500.0,131600.0,30333
202609300945,131600.0,132300.0,131500.0,131500.0,18729
202609301000,131500.0,131600.0,131100.0,131200.0,15594
202609301015,131200.0,131500.0,130800.0,131400.0,34939
202609301030,131400.0,131700.0,130800.0,131200.0,43017
202609301045,131200.0,131400.0,130600.0,131200.0,17525
202609301100,131300.0,132000.0,131000.0,131900.0,11861
202609301115,132000.0,132200.0,131300.0,131300.0,16228
202609301130,131300.0,131400.0,130600.0,130800.0,16475
202609301145,130800.0,131100.0,130300.0,130300.0,13988
202609301200,130400.0,130800.0,130200.0,130600.0,14492
202609301215,130500.0,131200.0,130500.0,131200.0,13653
202609301230,131100.0,131200.0,130900.0,130900.0,10727
202609301245,130900.0,131100.0,130300.0,130400.0,25646
202609301300,130400.0,130700.0,129800.0,130000.0,49026
202609301315,129900.0,130000.0,129100.0,129100.0,43375
202609301330,129100.0,129500.0,129000.0,129100.0,68883
202609301345,129100.0,129500.0,128600.0,129000.0,38059
202609301400,129100.0,129600.0,129000.0,129400.0,21020
202609301415,129400.0,130000.0,129400.0,129900.0,28193
202609301430,130000.0,130200.0,129700.0,129900.0,72839
202609301445,129800.0,130100.0,129800.0,130000.0,24510
202609301500,130000.0,130500.0,129800.0,130100.0,43476
202609301515,130100.0,130300.0,129900.0,130000.0,261471
202610010900,130000.0,130700.0,129000.0,129400.0,38328
202610010915,129400.0,130300.0,129300.0,129800.0,28794
202610010930,129700.0,130000.0,128700.0,129000.0,27642
202610010945,129100.0,129200.0,128700.0,128800.0,19693
202610011000,128900.0,129200.0,128600.0,128700.0,22369
202610011015,128700.0,129000.0,128300.0,128500.0,19967
202610011030,128500.0,129300.0,128400.0,128900.0,16614
202610011045,129000.0,129000.0,128500.0,128800.0,14007
202610011100,128800.0,128900.0,128700.0,128900.0,7709
202610011115,128900.0,129000.0,128700.0,129000.0,14349
202610011130,128900.0,129700.0,128900.0,129600.0,8821
202610011145,129600.0,129800.0,129300.0,129600.0,12570
202610011200,129600.0,129700.0,129400.0,129500.0,9010
202610011215,129500.0,129900.0,129400.0,129700.0,9513
202610011230,129600.0,129600.0,128900.0,129000.0,13838
202610011245,129000.0,129200.0,128800.0,129000.0,11410
202610011300,128900.0,129200.0,128600.0,128900.0,17279
202610011315,128800.0,129200.0,128600.0,128900.0,20196
202610011330,128900.0,129000.0,128900.0,128900.0,9508
202610011345,129000.0,129200.0,128900.0,129000.0,15093
202610011400,129000.0,129500.0,129000.0,129000.0,18222
202610011415,129000.0,129100.0,128700.0,128800.0,18154
202610011430,128800.0,128800.0,128400.0,128500.0,22810
202610011445,128400.0,128500.0,128100.0,128100.0,25959
202610011500,128100.0,128200.0,127700.0,128000.0,73960
202610011515,127900.0,128300.0,127800.0,128300.0,90441
202610020900,128100.0,130000.0,127200.0,128900.0,30151
202610020915,128900.0,129000.0,128300.0,128500.0,21019
202610020930,128600.0,129300.0,128400.0,128500.0,16626
202610020945,128600.0,128600.0,128000.0,128400.0,17147
202610021000,128300.0,128800.0,128300.0,128500.0,12530
202610021015,128500.0,128900.0,128400.0,128500.0,7770
202610021030,128500.0,128900.0,128400.0,128900.0,17817
202610021045,128800.0,129100.0,128700.0,128700.0,8759
202610021100,128800.0,129100.0,128700.0,129000.0,5685
202610021115,129000.0,129400.0,128900.0,129300.0,9005
202610021130,129300.0,129300.0,128600.0,128900.0,7491
202610021145,128800.0,128900.0,128600.0,128600.0,13281
202610021200,128600.0,128900.0,128400.0,128800.0,9626
202610021215,128900.0,129000.0,128600.0,128600.0,9336
202610021230,128600.0,128900.0,128600.0,128900.0,5745
202610021245,128800.0,128900.0,128500.0,128500.0,5538
202610021300,128600.0,128800.0,128500.0,128800.0,11445
202610021315,128800.0,128800.0,128400.0,128500.0,9047
202610021330,128500.0,128800.0,128500.0,128600.0,8176
202610021345,128600.0,128900.0,128600.0,128800.0,12263
202610021400,128800.0,128900.0,128700.0,128900.0,12201
202610021415,128800.0,128900.0,128600.0,128800.0,8226
202610021430,128700.0,128800.0,128700.0,128700.0,8296
202610021445,128800.0,129000.0,128700.0,129000.0,16030
202610021500,129000.0,129300.0,128700.0,128900.0,24435
202610021515,128800.0,129100.0,128800.0,129100.0,54623
202610060900,129300.0,129700.0,128000.0,128500.0,43401
202610060915,128500.0,129300.0,128100.0,129200.0,23438
202610060930,129200.0,129400.0,128700.0,128900.0,16196
202610060945,128900.0,129400.0,128600.0,129100.0,13786
202610061000,129100.0,129400.0,128900.0,129200.0,6356
202610061015,129200.0,129400.0,128600.0,128600.0,16288
202610061030,128600.0,128800.0,128400.0,128500.0,10706
202610061045,128500.0,128600.0,128100.0,128500.0,5672
202610061100,128400.0,128500.0,128100.0,128400.0,7225
202610061115,128400.0,128600.0,128300.0,128500.0,6215
202610061130,128400.0,128600.0,128200.0,128300.0,7559
202610061145,128300.0,128700.0,128300.0,128550.0,12986
202610061200,128500.0,129300.0,128500.0,128800.0,9759
202610061215,128800.0,129200.0,128500.0,128900.0,12192
202610061230,128800.0,128900.0,128300.0,128350.0,12514
202610061245,128350.0,128700.0,128300.0,128600.0,10057
202610061300,128700.0,129000.0,128500.0,128800.0,9749
202610061315,128800.0,129100.0,128800.0,128950.0,8923
202610061330,128950.0,129000.0,128900.0,128900.0,6801
202610061345,128900.0,128950.0,128500.0,128700.0,21219
202610061400,128800.0,128800.0,128500.0,128600.0,17912
202610061415,128600.0,128700.0,128150.0,128300.0,21910
202610061430,128200.0,128800.0,128200.0,128500.0,18573
202610061445,128500.0,128800.0,128200.0,128600.0,22503
202610061500,128600.0,128900.0,128400.0,128600.0,32501
202610061515,128600.0,128900.0,127800.0,128700.0,99659
