202601020945,109125.0,109125.0,109085.0,109085.0,680
202601021000,109135.0,109485.0,109130.0,109440.0,4040
202601021015,109440.0,109440.0,109330.0,109350.0,3129
202601021030,109345.0,109415.0,109320.0,109360.0,2001
202601021045,109360.0,109360.0,109200.0,109230.0,1967
202601021100,109240.0,109240.0,109080.0,109125.0,2000
202601021115,109105.0,109205.0,109105.0,109195.0,1051
202601021130,109195.0,109195.0,109180.0,109195.0,1611
202601021145,109195.0,109250.0,109180.0,109235.0,1024
202601021200,109235.0,109260.0,109100.0,109100.0,2514
202601021215,109125.0,109165.0,109080.0,109155.0,1181
202601021230,109155.0,109165.0,109125.0,109160.0,952
202601021245,109130.0,109185.0,109125.0,109125.0,1123
202601021300,109130.0,109185.0,109100.0,109115.0,1335
202601021315,109115.0,109125.0,108985.0,109010.0,1400
202601021330,109000.0,109075.0,109000.0,109065.0,1344
202601021345,109085.0,109175.0,109060.0,109175.0,1329
202601021400,109175.0,109245.0,109155.0,109245.0,983
202601021415,109245.0,109330.0,109205.0,109215.0,1486
202601021430,109205.0,109250.0,109195.0,109220.0,892
202601021445,109220.0,109262.0,109210.0,109260.0,1207
202601021500,109255.0,109280.0,109155.0,109165.0,1508
202601021515,109165.0,109165.0,109155.0,109165.0,192
202601050900,108930.0,108930.0,108700.0,108720.0,6784
202601050915,108720.0,108790.0,108675.0,108675.0,3369
202601050930,108680.0,108720.0,108625.0,108665.0,1328
202601050945,108665.0,108740.0,108660.0,108710.0,1261
202601051000,108710.0,108730.0,108660.0,108680.0,785
202601051015,108720.0,108780.0,108680.0,108760.0,706
202601051030,108760.0,108770.0,108700.0,108720.0,1148
202601051045,108735.0,108750.0,108675.0,108690.0,1011
202601051100,108710.0,108805.0,108685.0,108790.0,1190
202601051115,108790.0,108790.0,108660.0,108665.0,665
202601051130,108680.0,108680.0,108570.0,108595.0,769
202601051145,108605.0,108605.0,108495.0,108500.0,1962
202601051200,108500.0,108585.0,108495.0,108555.0,498
202601051215,108545.0,108575.0,108520.0,108575.0,986
202601051230,108575.0,108615.0,108565.0,108605.0,791
202601051245,108605.0,108610.0,108555.0,108565.0,984
202601051300,108565.0,108637.0,108560.0,108625.0,1237
202601051315,108625.0,108675.0,108615.0,108675.0,614
202601051330,108675.0,108675.0,108615.0,108655.0,726
202601051345,108655.0,108690.0,108650.0,108675.0,564
202601051400,108675.0,108690.0,108615.0,108635.0,998
202601051415,108610.0,108690.0,108605.0,108680.0,729
202601051430,108690.0,108770.0,108690.0,108750.0,345
202601051445,108750.0,108810.0,108745.0,108780.0,802
202601051500,108780.0,108780.0,108730.0,108730.0,691
202601051515,108750.0,108920.0,108740.0,108920.0,205
202601060900,108875.0,108885.0,108780.0,108820.0,1281
202601060915,108785.0,108985.0,108785.0,108955.0,1228
202601060930,108960.0,109110.0,108885.0,109110.0,1939
202601060945,109100.0,109200.0,109010.0,109040.0,618
202601061000,109065.0,109140.0,109035.0,109090.0,679
202601061015,109085.0,109255.0,109040.0,109225.0,789
202601061030,109255.0,109305.0,109145.0,109190.0,751
202601061045,109215.0,109225.0,109030.0,109030.0,298
202601061100,109010.0,109100.0,108980.0,109050.0,493
202601061115,109060.0,109150.0,109000.0,109090.0,1119
202601061130,109080.0,109380.0,109080.0,109340.0,615
202601061145,109340.0,109340.0,109275.0,109320.0,775
202601061200,109340.0,109340.0,109290.0,109325.0,307
202601061215,109330.0,109330.0,109250.0,109295.0,324
202601061230,109295.0,109340.0,109215.0,109225.0,390
202601061245,109225.0,109225.0,109155.0,109180.0,415
202601061300,109180.0,109185.0,109110.0,109170.0,1236
202601061315,109180.0,109195.0,109090.0,109195.0,589
202601061330,109190.0,109190.0,109090.0,109120.0,1346
202601061345,109120.0,109185.0,109120.0,109145.0,564
202601061400,109170.0,109170.0,109050.0,109090.0,579
202601061415,109090.0,109100.0,109000.0,109020.0,1656
202601061430,109020.0,109110.0,108995.0,109080.0,268
202601061445,109090.0,109110.0,109000.0,109000.0,531
202601061500,109005.0,109005.0,108840.0,108890.0,1941
202601061515,108915.0,109020.0,108905.0,108985.0,92
202601070900,109150.0,109200.0,109055.0,109125.0,505
202601070915,109125.0,109210.0,109105.0,109170.0,714
202601070930,109180.0,109180.0,109105.0,109155.0,527
202601070945,109150.0,109210.0,109145.0,109180.0,846
202601071000,109180.0,109270.0,109165.0,109240.0,498
202601071015,109240.0,109305.0,109230.0,109295.0,540
202601071030,109285.0,109315.0,109270.0,109270.0,283
202601071045,109270.0,109270.0,109235.0,109235.0,703
202601071100,109235.0,109285.0,109225.0,109250.0,636
202601071115,109315.0,109315.0,109200.0,109210.0,403
202601071130,109210.0,109220.0,109205.0,109210.0,356
202601071145,109220.0,109220.0,109195.0,109200.0,446
202601071200,109195.0,109200.0,109180.0,109200.0,135
202601071215,109200.0,109220.0,109200.0,109220.0,208
202601071230,109220.0,109220.0,109215.0,109220.0,421
202601071245,109220.0,109220.0,109170.0,109170.0,849
202601071300,109170.0,109220.0,109170.0,109210.0,225
202601071315,109210.0,109210.0,109115.0,109150.0,557
202601071330,109150.0,109160.0,109115.0,109150.0,179
202601071345,109150.0,109250.0,109120.0,109210.0,483
202601071400,109215.0,109315.0,109215.0,109305.0,836
202601071415,109305.0,109365.0,109305.0,109345.0,330
202601071430,109345.0,109380.0,109280.0,109370.0,2314
202601071445,109385.0,109385.0,109315.0,109345.0,2486
202601071500,109325.0,109375.0,109310.0,109375.0,2440
202601071515,109375.0,109450.0,109375.0,109450.0,1277
202601080900,109440.0,109450.0,109215.0,109245.0,243
202601080915,109245.0,109325.0,109180.0,109315.0,913
202601080930,109315.0,109405.0,109280.0,109375.0,390
202601080945,109335.0,109370.0,109280.0,109280.0,327
202601081000,109280.0,109310.0,109250.0,109275.0,381
202601081015,109275.0,109315.0,109255.0,109310.0,380
202601081030,109315.0,109395.0,109310.0,109325.0,215
202601081045,109345.0,109490.0,109345.0,109450.0,174
202601081100,109450.0,109550.0,109450.0,109530.0,562
202601081115,109530.0,109530.0,109470.0,109500.0,283
202601081130,109500.0,109510.0,109470.0,109510.0,349
202601081145,109505.0,109550.0,109505.0,109545.0,125
202601081200,109545.0,109605.0,109545.0,109585.0,222
202601081215,109585.0,109605.0,109565.0,109565.0,193
202601081230,109565.0,109595.0,109535.0,109560.0,264
202601081245,109560.0,109560.0,109525.0,109525.0,130
202601081300,109530.0,109585.0,109530.0,109540.0,351
202601081315,109565.0,109575.0,109505.0,109550.0,290
202601081330,109550.0,109635.0,109500.0,109625.0,221
202601081345,109625.0,109695.0,109625.0,109685.0,195
202601081400,109655.0,109685.0,109535.0,109565.0,213
202601081415,109575.0,109605.0,109515.0,109540.0,464
202601081430,109540.0,109645.0,109540.0,109645.0,233
202601081445,109635.0,109685.0,109595.0,109605.0,249
202601081500,109625.0,109685.0,109615.0,109685.0,315
202601081515,109665.0,109665.0,109615.0,109625.0,275
202601090900,109370.0,109405.0,109230.0,109250.0,762
202601090915,109245.0,109245.0,109185.0,109220.0,644
202601090930,109220.0,109280.0,109220.0,109250.0,867
202601090945,109250.0,109310.0,109210.0,109210.0,449
202601091000,109210.0,109270.0,109210.0,109255.0,232
202601091015,109260.0,109280.0,109210.0,109240.0,159
202601091030,109260.0,109305.0,109240.0,109305.0,208
202601091045,109305.0,109330.0,109280.0,109310.0,661
202601091100,109300.0,109305.0,109240.0,109275.0,287
202601091115,109275.0,109275.0,109230.0,109255.0,271
202601091130,109255.0,109255.0,109210.0,109210.0,489
202601091145,109210.0,109210.0,109140.0,109150.0,397
202601091200,109150.0,109150.0,109130.0,109150.0,219
202601091215,109150.0,109170.0,109130.0,109130.0,369
202601091230,109125.0,109170.0,109115.0,109170.0,424
202601091245,109170.0,109195.0,109165.0,109185.0,193
202601091300,109180.0,109225.0,109160.0,109195.0,247
202601091315,109185.0,109205.0,109160.0,109195.0,284
202601091330,109185.0,109235.0,109185.0,109215.0,361
202601091345,109210.0,109210.0,109155.0,109165.0,671
202601091400,109175.0,109180.0,109120.0,109140.0,757
202601091415,109120.0,109140.0,109090.0,109110.0,476
202601091430,109110.0,109160.0,109100.0,109150.0,346
202601091445,109160.0,109205.0,109160.0,109180.0,576
202601091500,109170.0,109205.0,109100.0,109130.0,441
202601091515,109110.0,109150.0,109110.0,109150.0,140
202601120900,109220.0,109260.0,109150.0,109260.0,1049
202601120915,109260.0,109355.0,109240.0,109355.0,980
202601120930,109350.0,109395.0,109340.0,109370.0,553
202601120945,109360.0,109445.0,109325.0,109355.0,640
202601121000,109355.0,109415.0,109340.0,109340.0,424
202601121015,109345.0,109375.0,109300.0,109335.0,704
202601121030,109325.0,109365.0,109295.0,109335.0,1046
202601121045,109315.0,109345.0,109285.0,109285.0,1164
202601121100,109325.0,109335.0,109240.0,109260.0,1815
202601121115,109290.0,109365.0,109250.0,109345.0,1283
202601121130,109345.0,109365.0,109240.0,109280.0,992
202601121145,109275.0,109355.0,109270.0,109285.0,839
202601121200,109285.0,109335.0,109285.0,109325.0,926
202601121215,109325.0,109335.0,109270.0,109305.0,775
202601121230,109305.0,109315.0,109240.0,109270.0,1097
202601121245,109255.0,109280.0,109170.0,109180.0,1090
202601121300,109180.0,109220.0,109060.0,109125.0,1173
202601121315,109090.0,109180.0,109060.0,109170.0,1252
202601121330,109170.0,109190.0,109110.0,109110.0,1108
202601121345,109155.0,109190.0,109130.0,109170.0,1122
202601121400,109180.0,109290.0,109180.0,109265.0,1680
202601121415,109265.0,109325.0,109250.0,109310.0,1292
202601121430,109290.0,109290.0,109190.0,109240.0,1749
202601121445,109230.0,109230.0,109125.0,109160.0,1138
202601121500,109200.0,109230.0,109125.0,109190.0,1179
202601121515,109185.0,109190.0,109145.0,109145.0,424
202601130900,109270.0,109300.0,109220.0,109265.0,878
202601130915,109265.0,109280.0,109170.0,109200.0,657
202601130930,109200.0,109235.0,109125.0,109125.0,1604
202601130945,109120.0,109150.0,109050.0,109050.0,588
202601131000,109050.0,109080.0,108970.0,109020.0,721
202601131015,108995.0,109015.0,108940.0,108985.0,499
202601131030,108985.0,109040.0,108925.0,108925.0,436
202601131045,108925.0,108975.0,108900.0,108960.0,429
202601131100,108960.0,109015.0,108940.0,108975.0,289
202601131115,108975.0,108995.0,108945.0,108945.0,1466
202601131130,108940.0,108965.0,108900.0,108960.0,389
202601131145,108995.0,109005.0,108940.0,108975.0,419
202601131200,108975.0,109040.0,108975.0,108995.0,1433
202601131215,109010.0,109060.0,109000.0,109050.0,1757
202601131230,109050.0,109070.0,108975.0,109020.0,1200
202601131245,109020.0,109020.0,108970.0,109010.0,269
202601131300,109010.0,109010.0,108970.0,109000.0,251
202601131315,109000.0,109080.0,108930.0,108950.0,550
202601131330,108975.0,109050.0,108950.0,109045.0,900
202601131345,109015.0,109075.0,109005.0,109040.0,572
202601131400,109040.0,109050.0,108905.0,108905.0,1116
202601131415,108900.0,108910.0,108845.0,108860.0,433
202601131430,108860.0,108860.0,108795.0,108810.0,868
202601131445,108810.0,108840.0,108725.0,108750.0,318
202601131500,108750.0,108760.0,108730.0,108760.0,360
202601131515,108760.0,108775.0,108755.0,108775.0,615
202601140900,108785.0,108785.0,108590.0,108590.0,456
202601140915,108590.0,108700.0,108575.0,108680.0,2304
202601140930,108645.0,108685.0,108625.0,108660.0,546
202601140945,108655.0,108680.0,108620.0,108635.0,244
202601141000,108645.0,108700.0,108565.0,108695.0,727
202601141015,108695.0,108730.0,108655.0,108685.0,310
202601141030,108685.0,108765.0,108650.0,108740.0,1254
202601141045,108740.0,108780.0,108670.0,108700.0,1569
202601141100,108690.0,108810.0,108685.0,108780.0,253
202601141115,108760.0,108820.0,108730.0,108800.0,386
202601141130,108780.0,108810.0,108760.0,108805.0,154
202601141145,108780.0,108820.0,108775.0,108780.0,288
202601141200,108780.0,108820.0,108780.0,108800.0,173
202601141215,108800.0,108840.0,108775.0,108820.0,331
202601141230,108800.0,108855.0,108775.0,108800.0,245
202601141245,108840.0,108840.0,108775.0,108790.0,158
202601141300,108795.0,108825.0,108755.0,108770.0,211
202601141315,108750.0,108925.0,108750.0,108925.0,151
202601141330,108925.0,108945.0,108865.0,108865.0,152
202601141345,108895.0,108905.0,108825.0,108905.0,627
202601141400,108865.0,108895.0,108820.0,108830.0,3134
202601141415,108820.0,108855.0,108800.0,108840.0,164
202601141430,108830.0,108860.0,108795.0,108800.0,196
202601141445,108830.0,108845.0,108720.0,108750.0,1042
202601141500,108720.0,108840.0,108700.0,108810.0,287
202601141515,108810.0,108825.0,108810.0,108825.0,357
202601150900,109075.0,109075.0,108990.0,109030.0,325
202601150915,109050.0,109155.0,109045.0,109150.0,1284
202601150930,109150.0,109185.0,109090.0,109145.0,500
202601150945,109135.0,109190.0,109090.0,109125.0,640
202601151000,109125.0,109145.0,109105.0,109145.0,152
202601151015,109135.0,109180.0,108990.0,108990.0,1049
202601151030,109000.0,109085.0,108420.0,108460.0,10706
202601151045,108460.0,108475.0,108285.0,108340.0,1743
202601151100,108340.0,108395.0,108290.0,108330.0,1362
202601151115,108330.0,108410.0,108175.0,108390.0,862
202601151130,108400.0,108445.0,108300.0,108300.0,363
202601151145,108320.0,108360.0,108280.0,108280.0,502
202601151200,108290.0,108340.0,108195.0,108340.0,628
202601151215,108340.0,108420.0,108335.0,108420.0,331
202601151230,108420.0,108430.0,108385.0,108420.0,227
202601151245,108410.0,108435.0,108335.0,108360.0,818
202601151300,108360.0,108400.0,108300.0,108320.0,214
202601151315,108320.0,108345.0,108250.0,108330.0,218
202601151330,108325.0,108345.0,108200.0,108240.0,738
202601151345,108270.0,108270.0,108180.0,108190.0,587
202601151400,108180.0,108220.0,108125.0,108140.0,1582
202601151415,108160.0,108170.0,108095.0,108125.0,1029
202601151430,108095.0,108190.0,108050.0,108190.0,755
202601151445,108185.0,108225.0,108115.0,108225.0,445
202601151500,108215.0,108255.0,108150.0,108150.0,224
202601151515,108140.0,108140.0,108070.0,108070.0,317
202601160900,108215.0,108290.0,108145.0,108165.0,3460
202601160915,108155.0,108165.0,108050.0,108100.0,898
202601160930,108100.0,108200.0,108050.0,108185.0,1424
202601160945,108180.0,108260.0,108170.0,108255.0,3035
202601161000,108265.0,108320.0,108220.0,108220.0,1195
202601161015,108230.0,108300.0,108225.0,108275.0,1437
202601161030,108275.0,108335.0,108195.0,108195.0,1398
202601161045,108210.0,108285.0,108195.0,108210.0,1888
202601161100,108210.0,108285.0,108185.0,108285.0,1591
202601161115,108267.0,108370.0,108235.0,108355.0,1580
202601161130,108375.0,108375.0,108245.0,108340.0,1322
202601161145,108335.0,108390.0,108305.0,108305.0,1272
202601161200,108310.0,108360.0,108295.0,108335.0,1554
202601161215,108335.0,108345.0,108305.0,108335.0,1575
202601161230,108335.0,108350.0,108245.0,108272.0,1205
202601161245,108267.0,108275.0,108225.0,108275.0,1618
202601161300,108275.0,108305.0,108195.0,108195.0,1162
202601161315,108200.0,108340.0,108195.0,108280.0,1738
202601161330,108280.0,108280.0,108215.0,108250.0,1902
202601161345,108250.0,108295.0,108220.0,108255.0,1816
202601161400,108260.0,108335.0,108255.0,108310.0,2335
202601161415,108285.0,108415.0,108285.0,108395.0,2373
202601161430,108390.0,108425.0,108370.0,108385.0,1892
202601161445,108380.0,108435.0,108360.0,108360.0,2113
202601161500,108375.0,108385.0,108305.0,108370.0,2656
202601161515,108370.0,108385.0,108350.0,108350.0,197
202601190900,108050.0,108205.0,108000.0,108150.0,440
202601190915,108170.0,108305.0,108145.0,108265.0,1065
202601190930,108265.0,108345.0,108205.0,108305.0,929
202601190945,108325.0,108325.0,108205.0,108205.0,525
202601191000,108207.0,108285.0,108200.0,108285.0,446
202601191015,108285.0,108345.0,108275.0,108330.0,1308
202601191030,108335.0,108370.0,108300.0,108300.0,728
202601191045,108295.0,108315.0,108225.0,108235.0,331
202601191100,108225.0,108300.0,108150.0,108175.0,1625
202601191115,108185.0,108255.0,108160.0,108195.0,1757
202601191130,108230.0,108235.0,108150.0,108235.0,1404
202601191145,108255.0,108265.0,108215.0,108255.0,1810
202601191200,108255.0,108255.0,108210.0,108215.0,1614
202601191215,108225.0,108280.0,108205.0,108275.0,1976
202601191230,108275.0,108275.0,108110.0,108115.0,1668
202601191245,108115.0,108120.0,108060.0,108095.0,2285
202601191300,108102.0,108155.0,108060.0,108080.0,2388
202601191315,108080.0,108180.0,108070.0,108180.0,2243
202601191330,108185.0,108205.0,108080.0,108080.0,1425
202601191345,108070.0,108115.0,108050.0,108080.0,2128
202601191400,108060.0,108080.0,107895.0,107940.0,1920
202601191415,107930.0,107950.0,107880.0,107895.0,1813
202601191430,107895.0,108005.0,107865.0,107950.0,2794
202601191445,107955.0,107985.0,107820.0,107820.0,2398
202601191500,107820.0,107845.0,107780.0,107840.0,2381
202601191515,107875.0,107875.0,107785.0,107785.0,1094
202601200900,107700.0,107810.0,107650.0,107690.0,565
202601200915,107690.0,107830.0,107680.0,107780.0,1055
202601200930,107780.0,107780.0,107660.0,107745.0,2441
202601200945,107765.0,107790.0,107665.0,107725.0,695
202601201000,107725.0,107870.0,107720.0,107730.0,1151
202601201015,107810.0,107880.0,107730.0,107790.0,310
202601201030,107785.0,107820.0,107725.0,107805.0,465
202601201045,107735.0,107885.0,107710.0,107867.0,653
202601201100,107867.0,107950.0,107840.0,107880.0,454
202601201115,107885.0,107940.0,107860.0,107885.0,958
202601201130,107885.0,107885.0,107830.0,107855.0,486
202601201145,107855.0,107865.0,107810.0,107820.0,364
202601201200,107820.0,107855.0,107780.0,107790.0,409
202601201215,107815.0,107825.0,107730.0,107755.0,298
202601201230,107755.0,107765.0,107460.0,107480.0,796
202601201245,107495.0,107505.0,107410.0,107410.0,2010
202601201300,107420.0,107600.0,107420.0,107470.0,702
202601201315,107465.0,107475.0,107375.0,107410.0,793
202601201330,107465.0,107485.0,107405.0,107450.0,1006
202601201345,107450.0,107540.0,107410.0,107510.0,646
202601201400,107510.0,107580.0,107480.0,107535.0,484
202601201415,107565.0,107600.0,107540.0,107545.0,361
202601201430,107545.0,107595.0,107500.0,107565.0,417
202601201445,107550.0,107585.0,107430.0,107430.0,1250
202601201500,107455.0,107455.0,107165.0,107245.0,3247
202601201515,107200.0,107200.0,107030.0,107030.0,752
202601210900,107225.0,107330.0,107202.0,107330.0,554
202601210915,107335.0,107365.0,107265.0,107265.0,849
202601210930,107265.0,107340.0,107225.0,107295.0,928
202601210945,107295.0,107325.0,107230.0,107290.0,1201
202601211000,107290.0,107395.0,107290.0,107300.0,2287
202601211015,107280.0,107380.0,107250.0,107340.0,2147
202601211030,107340.0,107340.0,107230.0,107340.0,3292
202601211045,107340.0,107445.0,107310.0,107415.0,2537
202601211100,107405.0,107445.0,107380.0,107425.0,2122
202601211115,107440.0,107465.0,107380.0,107410.0,2387
202601211130,107410.0,107530.0,107395.0,107495.0,2035
202601211145,107495.0,107570.0,107465.0,107505.0,2361
202601211200,107505.0,107520.0,107445.0,107450.0,2224
202601211215,107445.0,107485.0,107400.0,107405.0,2065
202601211230,107425.0,107550.0,107395.0,107475.0,2163
202601211245,107485.0,107540.0,107475.0,107485.0,2395
202601211300,107485.0,107610.0,107485.0,107610.0,2483
202601211315,107590.0,107615.0,107535.0,107550.0,2518
202601211330,107545.0,107590.0,107445.0,107475.0,2577
202601211345,107465.0,107530.0,107450.0,107450.0,2049
202601211400,107490.0,107595.0,107480.0,107575.0,3739
202601211415,107570.0,107610.0,107525.0,107535.0,2571
202601211430,107530.0,107560.0,107500.0,107500.0,2371
202601211445,107480.0,107555.0,107440.0,107440.0,2479
202601211500,107440.0,107530.0,107440.0,107450.0,2442
202601211515,107445.0,107490.0,107430.0,107490.0,280
202601220900,107840.0,107865.0,107750.0,107820.0,1422
202601220915,107827.0,107940.0,107795.0,107890.0,4574
202601220930,107895.0,107920.0,107800.0,107890.0,1105
202601220945,107890.0,107910.0,107835.0,107835.0,1801
202601221000,107830.0,107850.0,107785.0,107840.0,1170
202601221015,107830.0,107830.0,107725.0,107775.0,644
202601221030,107785.0,107795.0,107725.0,107765.0,701
202601221045,107785.0,107785.0,107645.0,107655.0,662
202601221100,107655.0,107675.0,107560.0,107640.0,481
202601221115,107590.0,107630.0,107570.0,107600.0,581
202601221130,107580.0,107640.0,107570.0,107640.0,196
202601221145,107640.0,107655.0,107600.0,107600.0,473
202601221200,107600.0,107655.0,107595.0,107655.0,178
202601221215,107655.0,107695.0,107645.0,107645.0,256
202601221230,107675.0,107695.0,107645.0,107655.0,389
202601221245,107685.0,107705.0,107620.0,107635.0,329
202601221300,107655.0,107665.0,107560.0,107665.0,449
202601221315,107655.0,107765.0,107655.0,107685.0,266
202601221330,107680.0,107745.0,107655.0,107715.0,118
202601221345,107745.0,107765.0,107720.0,107735.0,901
202601221400,107725.0,107775.0,107685.0,107745.0,1760
202601221415,107775.0,107805.0,107705.0,107775.0,1448
202601221430,107785.0,107805.0,107760.0,107795.0,1578
202601221445,107785.0,107870.0,107725.0,107830.0,1625
202601221500,107825.0,107900.0,107800.0,107900.0,1833
202601221515,107900.0,107900.0,107835.0,107835.0,104
202601230900,107820.0,107870.0,107790.0,107790.0,255
202601230915,107795.0,107840.0,107770.0,107840.0,881
202601230930,107845.0,107845.0,107740.0,107790.0,405
202601230945,107790.0,107790.0,107720.0,107720.0,318
202601231000,107730.0,107790.0,107720.0,107790.0,232
202601231015,107790.0,107805.0,107765.0,107805.0,462
202601231030,107805.0,107820.0,107770.0,107820.0,522
202601231045,107825.0,107845.0,107780.0,107780.0,265
202601231100,107770.0,107780.0,107765.0,107780.0,587
202601231115,107825.0,107825.0,107765.0,107810.0,400
202601231130,107810.0,107850.0,107735.0,107850.0,2060
202601231145,107845.0,107875.0,107830.0,107830.0,240
202601231200,107830.0,107835.0,107790.0,107795.0,74
202601231215,107790.0,107790.0,107700.0,107700.0,716
202601231230,107700.0,107750.0,107685.0,107750.0,73
202601231245,107740.0,107750.0,107600.0,107605.0,445
202601231300,107605.0,107650.0,107605.0,107625.0,232
202601231315,107625.0,107690.0,107615.0,107650.0,215
202601231330,107650.0,107650.0,107595.0,107620.0,278
202601231345,107620.0,107680.0,107620.0,107635.0,294
202601231400,107635.0,107680.0,107595.0,107650.0,713
202601231415,107670.0,107710.0,107635.0,107690.0,313
202601231430,107690.0,107690.0,107600.0,107625.0,505
202601231445,107625.0,107625.0,107560.0,107625.0,519
202601231500,107625.0,107690.0,107555.0,107565.0,421
202601231515,107555.0,107570.0,107550.0,107560.0,415
202601260900,108050.0,108275.0,108020.0,108150.0,1267
202601260915,108105.0,108145.0,108030.0,108115.0,1379
202601260930,108115.0,108115.0,108085.0,108110.0,639
202601260945,108110.0,108165.0,108100.0,108115.0,614
202601261000,108110.0,108215.0,108110.0,108135.0,569
202601261015,108155.0,108175.0,108125.0,108175.0,341
202601261030,108175.0,108190.0,108130.0,108180.0,354
202601261045,108190.0,108190.0,108145.0,108145.0,557
202601261100,108145.0,108330.0,108110.0,108330.0,813
202601261115,108350.0,108350.0,108265.0,108280.0,207
202601261130,108260.0,108280.0,108215.0,108275.0,299
202601261145,108265.0,108265.0,108200.0,108200.0,432
202601261200,108200.0,108225.0,108180.0,108200.0,336
202601261215,108190.0,108275.0,108190.0,108245.0,213
202601261230,108245.0,108265.0,108200.0,108215.0,201
202601261245,108200.0,108200.0,108100.0,108155.0,237
202601261300,108155.0,108185.0,108060.0,108060.0,339
202601261315,108060.0,108095.0,108030.0,108095.0,347
202601261330,108095.0,108095.0,108055.0,108080.0,225
202601261345,108080.0,108095.0,107970.0,108000.0,1591
202601261400,107985.0,108070.0,107905.0,108070.0,282
202601261415,108070.0,108100.0,108030.0,108070.0,203
202601261430,108085.0,108125.0,108040.0,108070.0,265
202601261445,108070.0,108125.0,108050.0,108075.0,394
202601261500,108110.0,108110.0,107970.0,108040.0,716
202601261515,108040.0,108120.0,108040.0,108120.0,187
202601270900,108195.0,108280.0,108140.0,108260.0,2765
202601270915,108260.0,108280.0,108210.0,108235.0,635
202601270930,108245.0,108295.0,108215.0,108260.0,1002
202601270945,108270.0,108270.0,108150.0,108165.0,31125
202601271000,108165.0,108185.0,108090.0,108105.0,13261
202601271015,108105.0,108175.0,108105.0,108115.0,4422
202601271030,108110.0,108110.0,108060.0,108095.0,7336
202601271045,108095.0,108120.0,108080.0,108110.0,12375
202601271100,108095.0,108125.0,108095.0,108125.0,575
202601271115,108130.0,108135.0,108085.0,108130.0,6426
202601271130,108130.0,108130.0,108060.0,108090.0,3991
202601271145,108090.0,108110.0,108090.0,108095.0,302
202601271200,108100.0,108120.0,108095.0,108120.0,147
202601271215,108120.0,108125.0,107960.0,107985.0,14866
202601271230,107985.0,108055.0,107985.0,108040.0,643
202601271245,108040.0,108085.0,107990.0,108005.0,351
202601271300,108005.0,108130.0,108005.0,108130.0,4719
202601271315,108110.0,108145.0,108095.0,108140.0,378
202601271330,108140.0,108145.0,108105.0,108120.0,3104
202601271345,108120.0,108130.0,108070.0,108085.0,7219
202601271400,108085.0,108100.0,108050.0,108085.0,6842
202601271415,108085.0,108085.0,108010.0,108040.0,10925
202601271430,108040.0,108080.0,108025.0,108080.0,4440
202601271445,108080.0,108080.0,108035.0,108070.0,4148
202601271500,108070.0,108145.0,108060.0,108130.0,5363
202601271515,108125.0,108170.0,108110.0,108170.0,432
202601280900,108160.0,108170.0,108090.0,108150.0,1687
202601280915,108175.0,108195.0,108090.0,108090.0,893
202601280930,108105.0,108270.0,108105.0,108270.0,1535
202601280945,108270.0,108325.0,108270.0,108315.0,457
202601281000,108325.0,108360.0,108320.0,108360.0,1270
202601281015,108350.0,108370.0,108320.0,108360.0,690
202601281030,108360.0,108365.0,108305.0,108310.0,414
202601281045,108310.0,108315.0,108265.0,108280.0,9858
202601281100,108280.0,108290.0,108220.0,108250.0,6495
202601281115,108220.0,108250.0,108185.0,108230.0,340
202601281130,108230.0,108260.0,108215.0,108230.0,499
202601281145,108230.0,108240.0,108215.0,108230.0,214
202601281200,108230.0,108240.0,108210.0,108215.0,175
202601281215,108215.0,108215.0,108110.0,108135.0,4309
202601281230,108125.0,108270.0,108095.0,108270.0,423
202601281245,108270.0,108275.0,108250.0,108265.0,1572
202601281300,108275.0,108275.0,108195.0,108200.0,1232
202601281315,108230.0,108290.0,108205.0,108290.0,3111
202601281330,108290.0,108320.0,108275.0,108285.0,183
202601281345,108285.0,108285.0,108245.0,108245.0,309
202601281400,108265.0,108275.0,108160.0,108235.0,3334
202601281415,108235.0,108235.0,108120.0,108155.0,3283
202601281430,108155.0,108210.0,108155.0,108200.0,202
202601281445,108210.0,108295.0,108210.0,108280.0,236
202601281500,108280.0,108315.0,108260.0,108280.0,463
202601281515,108305.0,108355.0,108290.0,108315.0,309
202601290900,108200.0,108205.0,108040.0,108055.0,7964
202601290915,108045.0,108090.0,108000.0,108080.0,963
202601290930,108080.0,108080.0,108010.0,108070.0,992
202601290945,108070.0,108095.0,107985.0,107985.0,579
202601291000,107985.0,108075.0,107985.0,108055.0,18774
202601291015,108055.0,108075.0,108040.0,108040.0,787
202601291030,108045.0,108045.0,108010.0,108035.0,315
202601291045,108035.0,108060.0,107995.0,108000.0,12650
202601291100,107995.0,108000.0,107920.0,107940.0,5518
202601291115,107940.0,107940.0,107920.0,107940.0,417
202601291130,107940.0,107945.0,107930.0,107930.0,267
202601291145,107940.0,107950.0,107935.0,107945.0,191
202601291200,107945.0,107955.0,107935.0,107955.0,777
202601291215,107955.0,107955.0,107850.0,107870.0,4633
202601291230,107870.0,107870.0,107840.0,107845.0,274
202601291245,107855.0,107900.0,107855.0,107890.0,1033
202601291300,107890.0,107925.0,107820.0,107820.0,335
202601291315,107820.0,107885.0,107815.0,107885.0,470
202601291330,107885.0,107885.0,107835.0,107870.0,496
202601291345,107855.0,107855.0,107715.0,107785.0,6186
202601291400,107770.0,107865.0,107765.0,107865.0,578
202601291415,107865.0,107885.0,107830.0,107845.0,356
202601291430,107845.0,107850.0,107820.0,107850.0,566
202601291445,107825.0,107885.0,107795.0,107840.0,455
202601291500,107845.0,107900.0,107840.0,107900.0,945
202601291515,107900.0,107970.0,107895.0,107970.0,2660
202601300900,108000.0,108020.0,107940.0,107940.0,422
202601300915,107940.0,107940.0,107730.0,107885.0,2390
202601300930,107905.0,107905.0,107805.0,107840.0,1785
202601300945,107840.0,107855.0,107735.0,107745.0,619
202601301000,107760.0,107760.0,107685.0,107735.0,1158
202601301015,107765.0,107845.0,107750.0,107770.0,2085
202601301030,107770.0,107770.0,107720.0,107770.0,795
202601301045,107770.0,107810.0,107685.0,107685.0,625
202601301100,107685.0,107760.0,107660.0,107740.0,331
202601301115,107740.0,107770.0,107650.0,107720.0,241
202601301130,107700.0,107700.0,107595.0,107605.0,197
202601301145,107605.0,107625.0,107605.0,107605.0,264
202601301200,107615.0,107630.0,107595.0,107615.0,266
202601301215,107605.0,107640.0,107605.0,107640.0,198
202601301230,107620.0,107700.0,107620.0,107675.0,196
202601301245,107690.0,107710.0,107650.0,107655.0,202
202601301300,107665.0,107725.0,107645.0,107725.0,267
202601301315,107725.0,107770.0,107700.0,107745.0,604
202601301330,107725.0,107735.0,107680.0,107680.0,582
202601301345,107685.0,107715.0,107665.0,107700.0,1052
202601301400,107700.0,107745.0,107700.0,107725.0,212
202601301415,107725.0,107725.0,107655.0,107665.0,573
202601301430,107685.0,107685.0,107560.0,107585.0,5413
202601301445,107585.0,107645.0,107575.0,107635.0,612
202601301500,107635.0,107680.0,107575.0,107575.0,4832
202601301515,107590.0,107590.0,107535.0,107535.0,272
202602020900,107335.0,107340.0,107270.0,107330.0,1743
202602020915,107340.0,107350.0,107145.0,107155.0,6419
202602020930,107155.0,107205.0,107140.0,107205.0,955
202602020945,107205.0,107205.0,107070.0,107070.0,1626
202602021000,107085.0,107155.0,107080.0,107110.0,547
202602021015,107100.0,107160.0,107075.0,107130.0,533
202602021030,107135.0,107135.0,107060.0,107105.0,2515
202602021045,107125.0,107175.0,107110.0,107130.0,1542
202602021100,107145.0,107195.0,107110.0,107110.0,726
202602021115,107115.0,107140.0,107105.0,107105.0,272
202602021130,107105.0,107160.0,107070.0,107150.0,235
202602021145,107170.0,107180.0,107110.0,107180.0,6212
202602021200,107155.0,107190.0,107155.0,107190.0,1144
202602021215,107190.0,107215.0,107175.0,107200.0,831
202602021230,107200.0,107270.0,107195.0,107270.0,694
202602021245,107260.0,107345.0,107245.0,107345.0,439
202602021300,107330.0,107690.0,107325.0,107615.0,1057
202602021315,107615.0,107665.0,107500.0,107520.0,10660
202602021330,107510.0,107535.0,107465.0,107520.0,6878
202602021345,107520.0,107540.0,107465.0,107500.0,703
202602021400,107510.0,107600.0,107510.0,107595.0,16105
202602021415,107595.0,107665.0,107570.0,107620.0,13346
202602021430,107635.0,107665.0,107575.0,107665.0,1438
202602021445,107675.0,107750.0,107580.0,107580.0,12187
202602021500,107575.0,107690.0,107565.0,107670.0,9975
202602021515,107645.0,107680.0,107645.0,107650.0,157
202602030900,107310.0,107395.0,107300.0,107325.0,795
202602030915,107325.0,107345.0,107260.0,107270.0,4901
202602030930,107270.0,107270.0,107180.0,107215.0,5476
202602030945,107202.0,107265.0,107195.0,107200.0,2248
202602031000,107220.0,107240.0,107155.0,107155.0,6485
202602031015,107175.0,107175.0,107120.0,107120.0,6542
202602031030,107130.0,107165.0,107025.0,107050.0,4564
202602031045,107050.0,107120.0,107005.0,107120.0,677
202602031100,107100.0,107120.0,107040.0,107095.0,486
202602031115,107110.0,107275.0,107110.0,107255.0,8193
202602031130,107240.0,107280.0,107125.0,107280.0,1660
202602031145,107245.0,107300.0,107245.0,107265.0,356
202602031200,107260.0,107260.0,107220.0,107240.0,249
202602031215,107240.0,107255.0,107180.0,107185.0,423
202602031230,107195.0,107210.0,107095.0,107195.0,790
202602031245,107230.0,107300.0,107200.0,107200.0,387
202602031300,107200.0,107220.0,107125.0,107185.0,390
202602031315,107195.0,107200.0,107150.0,107200.0,457
202602031330,107200.0,107220.0,107155.0,107220.0,972
202602031345,107220.0,107285.0,107220.0,107250.0,231
202602031400,107240.0,107275.0,107220.0,107220.0,172
202602031415,107245.0,107300.0,107215.0,107285.0,1324
202602031430,107285.0,107330.0,107250.0,107270.0,3107
202602031445,107280.0,107320.0,107250.0,107320.0,1879
202602031500,107335.0,107350.0,107275.0,107275.0,1807
202602031515,107290.0,107300.0,107250.0,107250.0,78
202602040900,107245.0,107260.0,107070.0,107125.0,6436
202602040915,107140.0,107180.0,107085.0,107150.0,4066
202602040930,107160.0,107170.0,107040.0,107040.0,1001
202602040945,107025.0,107025.0,106900.0,106940.0,6677
202602041000,106940.0,106960.0,106895.0,106925.0,776
202602041015,106915.0,106915.0,106780.0,106780.0,1515
202602041030,106790.0,106905.0,106775.0,106905.0,174
202602041045,106895.0,106975.0,106895.0,106965.0,874
202602041100,106965.0,106985.0,106945.0,106965.0,560
202602041115,106945.0,107020.0,106940.0,107020.0,184
202602041130,107045.0,107080.0,107025.0,107080.0,373
202602041145,107065.0,107095.0,107030.0,107032.0,1359
202602041200,107032.0,107045.0,107000.0,107000.0,607
202602041215,107000.0,107045.0,107000.0,107035.0,277
202602041230,107045.0,107105.0,107045.0,107090.0,376
202602041245,107090.0,107170.0,107085.0,107150.0,233
202602041300,107150.0,107175.0,107115.0,107130.0,593
202602041315,107130.0,107185.0,107105.0,107185.0,404
202602041330,107185.0,107215.0,107140.0,107145.0,752
202602041345,107145.0,107180.0,107075.0,107095.0,1709
202602041400,107095.0,107095.0,107055.0,107070.0,2404
202602041415,107070.0,107085.0,107050.0,107060.0,398
202602041430,107060.0,107085.0,107010.0,107025.0,894
202602041445,107025.0,107065.0,106970.0,107045.0,756
202602041500,107050.0,107085.0,107025.0,107055.0,535
202602041515,107035.0,107055.0,106990.0,106990.0,2052
202602050900,106965.0,107045.0,106965.0,107000.0,306
202602050915,107010.0,107025.0,106965.0,106985.0,420
202602050930,106985.0,107090.0,106985.0,107080.0,441
202602050945,107095.0,107095.0,107000.0,107045.0,673
202602051000,107035.0,107045.0,107005.0,107005.0,209
202602051015,107000.0,107020.0,106955.0,106985.0,2284
202602051030,106970.0,107000.0,106920.0,107000.0,669
202602051045,107010.0,107060.0,106985.0,106985.0,1273
202602051100,106965.0,107095.0,106965.0,107095.0,131
202602051115,107095.0,107125.0,107060.0,107080.0,688
202602051130,107080.0,107105.0,107055.0,107065.0,120
202602051145,107065.0,107135.0,107065.0,107125.0,137
202602051200,107115.0,107140.0,107105.0,107125.0,90
202602051215,107135.0,107140.0,107105.0,107140.0,454
202602051230,107140.0,107200.0,107105.0,107185.0,196
202602051245,107195.0,107210.0,107180.0,107200.0,279
202602051300,107190.0,107195.0,107130.0,107150.0,616
202602051315,107175.0,107210.0,107140.0,107175.0,280
202602051330,107190.0,107190.0,107105.0,107110.0,191
202602051345,107125.0,107130.0,107085.0,107130.0,768
202602051400,107110.0,107235.0,107110.0,107225.0,9628
202602051415,107200.0,107255.0,107190.0,107200.0,15657
202602051430,107200.0,107240.0,107155.0,107175.0,18114
202602051445,107175.0,107230.0,107155.0,107225.0,13137
202602051500,107215.0,107235.0,107185.0,107220.0,13113
202602051515,107225.0,107230.0,107185.0,107185.0,456
202602060900,107565.0,107600.0,107540.0,107565.0,925
202602060915,107545.0,107545.0,107435.0,107445.0,899
202602060930,107445.0,107460.0,107375.0,107385.0,1014
202602060945,107365.0,107390.0,107330.0,107335.0,973
202602061000,107340.0,107400.0,107315.0,107365.0,448
202602061015,107400.0,107430.0,107390.0,107395.0,278
202602061030,107395.0,107395.0,107345.0,107370.0,358
202602061045,107370.0,107395.0,107335.0,107365.0,637
202602061100,107365.0,107365.0,107270.0,107280.0,578
202602061115,107265.0,107265.0,107200.0,107215.0,5659
202602061130,107230.0,107250.0,107205.0,107215.0,248
202602061145,107200.0,107235.0,107170.0,107215.0,4141
202602061200,107225.0,107250.0,107225.0,107250.0,95
202602061215,107240.0,107250.0,107225.0,107230.0,194
202602061230,107230.0,107250.0,107195.0,107235.0,128
202602061245,107235.0,107240.0,107195.0,107205.0,90
202602061300,107215.0,107250.0,107210.0,107240.0,514
202602061315,107220.0,107275.0,107220.0,107265.0,832
202602061330,107265.0,107270.0,107245.0,107255.0,425
202602061345,107250.0,107265.0,107205.0,107240.0,191
202602061400,107265.0,107285.0,107230.0,107265.0,886
202602061415,107250.0,107260.0,107125.0,107135.0,2607
202602061430,107125.0,107135.0,107050.0,107080.0,638
202602061445,107105.0,107105.0,107050.0,107075.0,6531
202602061500,107075.0,107155.0,107070.0,107090.0,46929
202602061515,107090.0,107090.0,107015.0,107015.0,9541
202602090900,106685.0,106910.0,106680.0,106890.0,16731
202602090915,106900.0,106900.0,106805.0,106840.0,1904
202602090930,106850.0,106900.0,106830.0,106855.0,1004
202602090945,106855.0,106860.0,106710.0,106710.0,1551
202602091000,106710.0,106730.0,106680.0,106690.0,575
202602091015,106705.0,106775.0,106705.0,106745.0,307
202602091030,106745.0,106840.0,106720.0,106720.0,538
202602091045,106720.0,106765.0,106635.0,106660.0,503
202602091100,106670.0,106680.0,106625.0,106655.0,767
202602091115,106635.0,106670.0,106590.0,106660.0,236
202602091130,106645.0,106715.0,106635.0,106660.0,260
202602091145,106660.0,106690.0,106620.0,106620.0,584
202602091200,106620.0,106635.0,106605.0,106625.0,2105
202602091215,106625.0,106650.0,106620.0,106630.0,177
202602091230,106650.0,106705.0,106605.0,106605.0,707
202602091245,106600.0,106660.0,106550.0,106575.0,2432
202602091300,106570.0,106580.0,106500.0,106530.0,2279
202602091315,106545.0,106620.0,106540.0,106610.0,466
202602091330,106620.0,106660.0,106620.0,106635.0,65
202602091345,106630.0,106680.0,106625.0,106625.0,134
202602091400,106645.0,106750.0,106645.0,106750.0,233
202602091415,106740.0,106765.0,106710.0,106745.0,579
202602091430,106765.0,106765.0,106705.0,106710.0,1041
202602091445,106710.0,106730.0,106540.0,106560.0,4920
202602091500,106530.0,106530.0,106350.0,106490.0,30857
202602091515,106500.0,106620.0,106485.0,106620.0,224
202602100900,106740.0,106830.0,106730.0,106780.0,4429
202602100915,106780.0,106870.0,106770.0,106830.0,944
202602100930,106830.0,106850.0,106810.0,106830.0,353
202602100945,106810.0,106945.0,106805.0,106945.0,4622
202602101000,106945.0,106965.0,106890.0,106895.0,2397
202602101015,106900.0,107000.0,106890.0,106980.0,203
202602101030,106975.0,107000.0,106945.0,106945.0,2163
202602101045,106970.0,106995.0,106950.0,106995.0,179
202602101100,106990.0,107055.0,106975.0,107045.0,288
202602101115,107045.0,107100.0,107010.0,107075.0,2218
202602101130,107060.0,107105.0,107040.0,107075.0,227
202602101145,107090.0,107155.0,107070.0,107155.0,105
202602101200,107170.0,107175.0,107120.0,107125.0,455
202602101215,107130.0,107170.0,107120.0,107170.0,460
202602101230,107165.0,107185.0,107130.0,107130.0,167
202602101245,107140.0,107155.0,107110.0,107155.0,197
202602101300,107135.0,107165.0,107120.0,107120.0,584
202602101315,107140.0,107175.0,107120.0,107160.0,2214
202602101330,107155.0,107175.0,107140.0,107140.0,26401
202602101345,107160.0,107165.0,107100.0,107105.0,14480
202602101400,107100.0,107135.0,107085.0,107100.0,4091
202602101415,107110.0,107125.0,107080.0,107125.0,766
202602101430,107135.0,107160.0,107120.0,107140.0,160
202602101445,107125.0,107225.0,107125.0,107225.0,260
202602101500,107235.0,107290.0,107220.0,107285.0,6342
202602101515,107285.0,107285.0,107245.0,107245.0,4124
202602110900,107375.0,107415.0,107310.0,107415.0,240
202602110915,107380.0,107450.0,107355.0,107355.0,471
202602110930,107390.0,107410.0,107370.0,107410.0,158
202602110945,107425.0,107510.0,107425.0,107495.0,223
202602111000,107495.0,107700.0,107495.0,107655.0,2906
202602111015,107665.0,107685.0,107590.0,107630.0,986
202602111030,107630.0,107665.0,107595.0,107635.0,447
202602111045,107615.0,107615.0,107570.0,107590.0,455
202602111100,107585.0,107605.0,107550.0,107565.0,545
202602111115,107565.0,107565.0,107530.0,107540.0,170
202602111130,107535.0,107555.0,107500.0,107500.0,365
202602111145,107555.0,107590.0,107555.0,107590.0,95
202602111200,107580.0,107635.0,107580.0,107625.0,125
202602111215,107635.0,107640.0,107605.0,107625.0,155
202602111230,107625.0,107660.0,107615.0,107660.0,93
202602111245,107650.0,107685.0,107625.0,107635.0,305
202602111300,107630.0,107655.0,107590.0,107605.0,515
202602111315,107605.0,107660.0,107570.0,107650.0,208
202602111330,107660.0,107700.0,107630.0,107660.0,1153
202602111345,107685.0,107740.0,107650.0,107715.0,265
202602111400,107730.0,107800.0,107725.0,107770.0,6918
202602111415,107770.0,107815.0,107750.0,107765.0,395
202602111430,107760.0,107775.0,107720.0,107740.0,819
202602111445,107750.0,107750.0,107660.0,107675.0,2132
202602111500,107690.0,107720.0,107575.0,107610.0,6986
202602111515,107610.0,107615.0,107585.0,107615.0,410
202602120900,107580.0,107580.0,107525.0,107525.0,130
202602120915,107560.0,107630.0,107545.0,107595.0,598
202602120930,107610.0,107610.0,107490.0,107505.0,457
202602120945,107495.0,107520.0,107465.0,107520.0,4112
202602121000,107520.0,107585.0,107520.0,107585.0,121
202602121015,107605.0,107650.0,107585.0,107615.0,119
202602121030,107615.0,107700.0,107605.0,107700.0,259
202602121045,107670.0,108230.0,107670.0,108165.0,13854
202602121100,108015.0,108135.0,107950.0,108000.0,566
202602121115,107990.0,108075.0,107980.0,108075.0,242
202602121130,108075.0,108075.0,107990.0,108000.0,62
202602121145,107990.0,108010.0,107975.0,107980.0,199
202602121200,107980.0,108035.0,107980.0,108005.0,195
202602121215,108000.0,108070.0,108000.0,108025.0,119
202602121230,108015.0,108085.0,108015.0,108055.0,161
202602121245,108055.0,108125.0,108055.0,108075.0,350
202602121300,108085.0,108090.0,108055.0,108075.0,231
202602121315,108085.0,108130.0,108065.0,108095.0,154
202602121330,108110.0,108110.0,108005.0,108015.0,305
202602121345,108035.0,108100.0,108035.0,108100.0,274
202602121400,108100.0,108170.0,108100.0,108120.0,242
202602121415,108135.0,108135.0,108060.0,108075.0,210
202602121430,108075.0,108105.0,108055.0,108055.0,542
202602121445,108055.0,108060.0,107920.0,107920.0,4241
202602121500,107940.0,107965.0,107915.0,107965.0,264
202602121515,107955.0,107965.0,107895.0,107895.0,190
202602130900,108235.0,108290.0,108205.0,108260.0,2343
202602130915,108275.0,108320.0,108250.0,108310.0,704
202602130930,108310.0,108327.0,108230.0,108320.0,1001
202602130945,108320.0,108340.0,108240.0,108260.0,3045
202602131000,108270.0,108280.0,108150.0,108155.0,8899
202602131015,108115.0,108235.0,108105.0,108220.0,5373
202602131030,108225.0,108255.0,108195.0,108235.0,3851
202602131045,108235.0,108245.0,108175.0,108205.0,4235
202602131100,108205.0,108235.0,108145.0,108225.0,4803
202602131115,108215.0,108290.0,108205.0,108290.0,3467
202602131130,108290.0,108290.0,108055.0,108220.0,19737
202602131145,108220.0,108290.0,108210.0,108260.0,3435
202602131200,108260.0,108290.0,108245.0,108285.0,3525
202602131215,108295.0,108350.0,108295.0,108340.0,3896
202602131230,108340.0,108355.0,108245.0,108245.0,4072
202602131245,108265.0,108300.0,108230.0,108280.0,3455
202602131300,108280.0,108335.0,108240.0,108310.0,3650
202602131315,108320.0,108320.0,108230.0,108270.0,3480
202602131330,108285.0,108355.0,108275.0,108290.0,3479
202602131345,108295.0,108305.0,108270.0,108305.0,3547
202602131400,108310.0,108420.0,108280.0,108385.0,3762
202602131415,108395.0,108435.0,108355.0,108355.0,4019
202602131430,108365.0,108400.0,108360.0,108400.0,3515
202602131445,108390.0,108410.0,108310.0,108345.0,3684
202602131500,108355.0,108355.0,108270.0,108300.0,3860
202602131515,108300.0,108300.0,108265.0,108290.0,488
202602190900,108425.0,108580.0,108410.0,108550.0,5773
202602190915,108550.0,108625.0,108457.0,108457.0,1059
202602190930,108475.0,108535.0,108430.0,108470.0,633
202602190945,108470.0,108500.0,108405.0,108500.0,1330
202602191000,108510.0,108545.0,108490.0,108495.0,1235
202602191015,108500.0,108565.0,108485.0,108530.0,592
202602191030,108565.0,108625.0,108565.0,108595.0,1017
202602191045,108595.0,108615.0,108565.0,108580.0,262
202602191100,108580.0,108615.0,108535.0,108560.0,875
202602191115,108555.0,108570.0,108525.0,108560.0,841
202602191130,108560.0,108560.0,108530.0,108545.0,229
202602191145,108535.0,108545.0,108505.0,108520.0,507
202602191200,108520.0,108535.0,108510.0,108525.0,152
202602191215,108520.0,108535.0,108450.0,108460.0,512
202602191230,108460.0,108475.0,108435.0,108450.0,740
202602191245,108450.0,108450.0,108290.0,108290.0,6947
202602191300,108290.0,108320.0,108250.0,108320.0,402
202602191315,108312.0,108355.0,108305.0,108335.0,171
202602191330,108345.0,108360.0,108265.0,108265.0,637
202602191345,108275.0,108320.0,108270.0,108300.0,559
202602191400,108300.0,108370.0,108300.0,108360.0,350
202602191415,108360.0,108370.0,108315.0,108345.0,368
202602191430,108345.0,108345.0,108285.0,108310.0,387
202602191445,108315.0,108355.0,108310.0,108335.0,376
202602191500,108350.0,108355.0,108260.0,108265.0,936
202602191515,108255.0,108265.0,108250.0,108250.0,146
202602200900,108380.0,108380.0,108310.0,108310.0,145
202602200915,108305.0,108425.0,108305.0,108425.0,749
202602200930,108425.0,108485.0,108425.0,108475.0,337
202602200945,108465.0,108520.0,108465.0,108490.0,515
202602201000,108490.0,108595.0,108490.0,108570.0,818
202602201015,108550.0,108570.0,108525.0,108545.0,534
202602201030,108535.0,108570.0,108510.0,108530.0,1171
202602201045,108510.0,108545.0,108505.0,108520.0,619
202602201100,108515.0,108540.0,108515.0,108520.0,353
202602201115,108515.0,108540.0,108515.0,108530.0,341
202602201130,108540.0,108550.0,108530.0,108530.0,646
202602201145,108540.0,108550.0,108530.0,108530.0,372
202602201200,108520.0,108550.0,108505.0,108505.0,816
202602201215,108505.0,108535.0,108500.0,108535.0,319
202602201230,108530.0,108530.0,108500.0,108525.0,360
202602201245,108505.0,108545.0,108495.0,108540.0,617
202602201300,108540.0,108580.0,108540.0,108575.0,857
202602201315,108580.0,108585.0,108555.0,108575.0,522
202602201330,108555.0,108585.0,108540.0,108585.0,602
202602201345,108595.0,108610.0,108570.0,108580.0,437
202602201400,108580.0,108640.0,108570.0,108630.0,739
202602201415,108640.0,108665.0,108620.0,108640.0,490
202602201430,108645.0,108645.0,108570.0,108570.0,686
202602201445,108570.0,108580.0,108545.0,108555.0,906
202602201500,108545.0,108600.0,108540.0,108575.0,770
202602201515,108585.0,108585.0,108555.0,108565.0,204
202602230900,108425.0,108535.0,108380.0,108535.0,2337
202602230915,108535.0,108575.0,108490.0,108560.0,2403
202602230930,108560.0,108590.0,108530.0,108530.0,1062
202602230945,108570.0,108600.0,108520.0,108580.0,333
202602231000,108580.0,108620.0,108555.0,108565.0,353
202602231015,108580.0,108580.0,108455.0,108455.0,390
202602231030,108465.0,108480.0,108420.0,108430.0,338
202602231045,108430.0,108475.0,108430.0,108455.0,113
202602231100,108455.0,108515.0,108445.0,108475.0,271
202602231115,108475.0,108500.0,108445.0,108490.0,103
202602231130,108490.0,108500.0,108410.0,108435.0,612
202602231145,108455.0,108470.0,108425.0,108430.0,418
202602231200,108430.0,108450.0,108420.0,108430.0,199
202602231215,108430.0,108470.0,108410.0,108470.0,496
202602231230,108470.0,108490.0,108455.0,108490.0,151
202602231245,108490.0,108495.0,108465.0,108495.0,218
202602231300,108495.0,108500.0,108440.0,108465.0,348
202602231315,108465.0,108500.0,108455.0,108500.0,473
202602231330,108505.0,108550.0,108505.0,108525.0,138
202602231345,108535.0,108550.0,108455.0,108455.0,486
202602231400,108445.0,108445.0,108265.0,108410.0,13569
202602231415,108410.0,108465.0,108400.0,108450.0,314
202602231430,108450.0,108460.0,108395.0,108450.0,314
202602231445,108450.0,108485.0,108410.0,108410.0,445
202602231500,108415.0,108415.0,108355.0,108410.0,402
202602231515,108410.0,108410.0,108340.0,108340.0,129
202602240900,108525.0,108630.0,108525.0,108625.0,367
202602240915,108645.0,108645.0,108590.0,108645.0,269
202602240930,108635.0,108645.0,108550.0,108555.0,333
202602240945,108565.0,108595.0,108510.0,108515.0,202
202602241000,108515.0,108550.0,108495.0,108530.0,230
202602241015,108540.0,108565.0,108480.0,108500.0,271
202602241030,108505.0,108550.0,108470.0,108470.0,802
202602241045,108480.0,108535.0,108480.0,108500.0,161
202602241100,108515.0,108560.0,108470.0,108475.0,114
202602241115,108490.0,108500.0,108440.0,108440.0,176
202602241130,108445.0,108445.0,108345.0,108385.0,844
202602241145,108370.0,108385.0,108330.0,108355.0,2420
202602241200,108340.0,108375.0,108335.0,108360.0,507
202602241215,108365.0,108400.0,108365.0,108380.0,637
202602241230,108400.0,108400.0,108355.0,108355.0,240
202602241245,108355.0,108365.0,108250.0,108250.0,5717
202602241300,108250.0,108310.0,108250.0,108300.0,694
202602241315,108310.0,108335.0,108290.0,108325.0,249
202602241330,108325.0,108360.0,108310.0,108320.0,462
202602241345,108320.0,108320.0,108145.0,108160.0,6143
202602241400,108170.0,108240.0,108135.0,108220.0,982
202602241415,108230.0,108240.0,108120.0,108135.0,2478
202602241430,108135.0,108135.0,108040.0,108070.0,7224
202602241445,108100.0,108150.0,108065.0,108150.0,787
202602241500,108105.0,108160.0,108090.0,108110.0,5742
202602241515,108090.0,108120.0,108090.0,108090.0,157
202602250900,108405.0,108480.0,108385.0,108480.0,4812
202602250915,108465.0,108480.0,108400.0,108405.0,395
202602250930,108395.0,108425.0,108360.0,108395.0,415
202602250945,108420.0,108470.0,108410.0,108455.0,178
202602251000,108450.0,108480.0,108430.0,108440.0,895
202602251015,108440.0,108475.0,108355.0,108375.0,1512
202602251030,108375.0,108405.0,108350.0,108395.0,5189
202602251045,108395.0,108410.0,108360.0,108385.0,1547
202602251100,108390.0,108435.0,108375.0,108430.0,1259
202602251115,108435.0,108485.0,108435.0,108480.0,1049
202602251130,108480.0,108500.0,108455.0,108480.0,1280
202602251145,108480.0,108480.0,108430.0,108440.0,1203
202602251200,108445.0,108475.0,108405.0,108475.0,1035
202602251215,108475.0,108475.0,108440.0,108470.0,1241
202602251230,108470.0,108470.0,108360.0,108370.0,3379
202602251245,108380.0,108400.0,108355.0,108400.0,1238
202602251300,108390.0,108410.0,108365.0,108400.0,1174
202602251315,108395.0,108395.0,108310.0,108355.0,1798
202602251330,108355.0,108360.0,108295.0,108300.0,5264
202602251345,108300.0,108365.0,108300.0,108340.0,1711
202602251400,108345.0,108470.0,108335.0,108470.0,1239
202602251415,108455.0,108475.0,108435.0,108445.0,1288
202602251430,108445.0,108470.0,108420.0,108455.0,1655
202602251445,108455.0,108490.0,108435.0,108460.0,1336
202602251500,108460.0,108540.0,108455.0,108515.0,1432
202602251515,108520.0,108565.0,108520.0,108565.0,173
202602260900,108605.0,108640.0,108565.0,108635.0,2824
202602260915,108605.0,108630.0,108570.0,108590.0,552
202602260930,108590.0,108590.0,108455.0,108455.0,2639
202602260945,108455.0,108870.0,108445.0,108630.0,29599
202602261000,108635.0,108730.0,108630.0,108730.0,384
202602261015,108715.0,108850.0,108690.0,108850.0,874
202602261030,108845.0,108875.0,108690.0,108740.0,856
202602261045,108770.0,108870.0,108765.0,108850.0,1416
202602261100,108850.0,108935.0,108815.0,108895.0,4313
202602261115,108890.0,109055.0,108880.0,109055.0,2381
202602261130,109055.0,109190.0,109055.0,109070.0,216
202602261145,109060.0,109060.0,108985.0,108990.0,495
202602261200,108990.0,109010.0,108930.0,109000.0,206
202602261215,108985.0,109000.0,108940.0,108960.0,357
202602261230,108960.0,109010.0,108940.0,109010.0,692
202602261245,109010.0,109050.0,108990.0,109035.0,456
202602261300,109025.0,109045.0,108950.0,108970.0,871
202602261315,108970.0,109035.0,108940.0,109035.0,485
202602261330,109025.0,109060.0,109020.0,109060.0,369
202602261345,109080.0,109095.0,109050.0,109055.0,1411
202602261400,109055.0,109120.0,109020.0,109110.0,1495
202602261415,109110.0,109185.0,109090.0,109145.0,1628
202602261430,109160.0,109190.0,109110.0,109170.0,1361
202602261445,109180.0,109225.0,109145.0,109190.0,1900
202602261500,109185.0,109235.0,109140.0,109235.0,2261
202602261515,109240.0,109265.0,109220.0,109230.0,3492
202602270900,109290.0,109290.0,109220.0,109270.0,7307
202602270915,109265.0,109265.0,109145.0,109165.0,7245
202602270930,109165.0,109260.0,109165.0,109255.0,5201
202602270945,109275.0,109320.0,109250.0,109300.0,603
202602271000,109320.0,109345.0,109285.0,109285.0,573
202602271015,109265.0,109425.0,109265.0,109380.0,954
202602271030,109380.0,109385.0,109330.0,109355.0,557
202602271045,109365.0,109375.0,109310.0,109345.0,744
202602271100,109345.0,109505.0,109345.0,109480.0,3176
202602271115,109480.0,109555.0,109465.0,109505.0,6849
202602271130,109515.0,109515.0,109440.0,109445.0,1023
202602271145,109445.0,109460.0,109420.0,109430.0,2894
202602271200,109430.0,109465.0,109420.0,109420.0,1024
202602271215,109430.0,109465.0,109420.0,109420.0,1525
202602271230,109435.0,109450.0,109275.0,109305.0,5291
202602271245,109295.0,109345.0,109270.0,109320.0,1321
202602271300,109320.0,109345.0,109255.0,109330.0,3013
202602271315,109350.0,109385.0,109340.0,109375.0,1293
202602271330,109375.0,109410.0,109335.0,109390.0,1507
202602271345,109400.0,109420.0,109375.0,109385.0,1521
202602271400,109395.0,109400.0,109315.0,109315.0,1179
202602271415,109315.0,109345.0,109245.0,109295.0,3458
202602271430,109305.0,109335.0,109285.0,109315.0,1153
202602271445,109310.0,109380.0,109285.0,109345.0,4686
202602271500,109340.0,109370.0,109295.0,109370.0,7318
202602271515,109375.0,109410.0,109365.0,109410.0,1759
202603030900,109060.0,109150.0,108925.0,108940.0,6934
202603030915,108940.0,108960.0,108830.0,108850.0,1656
202603030930,108860.0,108860.0,108780.0,108855.0,827
202603030945,108865.0,108910.0,108850.0,108905.0,881
202603031000,108905.0,108935.0,108855.0,108925.0,409
202603031015,108935.0,108945.0,108850.0,108910.0,1045
202603031030,108915.0,108925.0,108840.0,108855.0,524
202603031045,108855.0,108865.0,108815.0,108840.0,618
202603031100,108870.0,109410.0,108870.0,108980.0,2158
202603031115,108980.0,108980.0,108920.0,108945.0,475
202603031130,108945.0,108950.0,108905.0,108935.0,723
202603031145,108935.0,108945.0,108900.0,108905.0,452
202603031200,108900.0,108900.0,108860.0,108880.0,312
202603031215,108880.0,108895.0,108850.0,108875.0,228
202603031230,108875.0,108895.0,108825.0,108835.0,2411
202603031245,108830.0,108870.0,108820.0,108860.0,1402
202603031300,108860.0,108890.0,108825.0,108835.0,442
202603031315,108825.0,108845.0,108700.0,108725.0,4765
202603031330,108725.0,108760.0,108700.0,108730.0,198
202603031345,108735.0,108735.0,108660.0,108715.0,2447
202603031400,108715.0,108750.0,108685.0,108695.0,288
202603031415,108695.0,108720.0,108660.0,108705.0,750
202603031430,108680.0,108715.0,108625.0,108625.0,386
202603031445,108635.0,108635.0,108480.0,108480.0,4428
202603031500,108480.0,108515.0,108405.0,108510.0,2857
202603031515,108495.0,108495.0,108325.0,108325.0,2507
202603040900,108060.0,108150.0,108050.0,108150.0,3192
202603040915,108165.0,108640.0,108150.0,108490.0,44353
202603040930,108485.0,108610.0,108455.0,108560.0,12720
202603040945,108555.0,108615.0,108465.0,108465.0,784
202603041000,108465.0,108615.0,108465.0,108525.0,954
202603041015,108535.0,108570.0,108320.0,108320.0,335
202603041030,108325.0,108475.0,108260.0,108470.0,1692
202603041045,108480.0,108500.0,108365.0,108380.0,331
202603041100,108335.0,108460.0,108335.0,108440.0,196
202603041115,108430.0,108460.0,108430.0,108460.0,34
202603041145,108430.0,108460.0,108390.0,108430.0,333
202603041200,108430.0,108465.0,108410.0,108410.0,640
202603041215,108425.0,108475.0,108370.0,108405.0,476
202603041230,108395.0,108465.0,108385.0,108430.0,1376
202603041245,108450.0,108460.0,108395.0,108425.0,418
202603041300,108420.0,108485.0,108395.0,108475.0,240
202603041315,108470.0,108515.0,108455.0,108490.0,849
202603041330,108495.0,108495.0,108340.0,108360.0,633
202603041345,108360.0,108410.0,108270.0,108270.0,1222
202603041400,108260.0,108320.0,108070.0,108070.0,2120
202603041415,108100.0,108200.0,108070.0,108100.0,917
202603041430,108100.0,108130.0,107975.0,108015.0,1640
202603041445,108025.0,108055.0,107880.0,108035.0,1377
202603041500,108010.0,108070.0,107920.0,107980.0,3000
202603041515,107985.0,108025.0,107960.0,107960.0,434
202603050900,108280.0,108385.0,108240.0,108360.0,4877
202603050915,108375.0,108375.0,108295.0,108310.0,892
202603050930,108320.0,108460.0,108295.0,108450.0,747
202603050945,108450.0,108555.0,108415.0,108530.0,3184
202603051000,108530.0,108610.0,108480.0,108595.0,882
202603051015,108620.0,108625.0,108565.0,108565.0,259
202603051030,108565.0,108575.0,108495.0,108495.0,158
202603051045,108500.0,108515.0,108410.0,108410.0,183
202603051100,108405.0,108420.0,108265.0,108300.0,4763
202603051115,108300.0,108335.0,108230.0,108230.0,562
202603051130,108225.0,108285.0,108160.0,108265.0,630
202603051145,108290.0,108290.0,108240.0,108255.0,426
202603051200,108255.0,108260.0,108160.0,108185.0,239
202603051215,108155.0,108180.0,108090.0,108100.0,7021
202603051230,108115.0,108135.0,108065.0,108065.0,235
202603051245,108065.0,108180.0,108045.0,108150.0,4374
202603051300,108160.0,108290.0,108160.0,108200.0,3432
202603051315,108175.0,108245.0,108120.0,108245.0,397
202603051330,108265.0,108265.0,108115.0,108125.0,690
202603051345,108135.0,108170.0,108065.0,108075.0,371
202603051400,108075.0,108160.0,108075.0,108105.0,897
202603051415,108105.0,108150.0,108065.0,108105.0,666
202603051430,108105.0,108175.0,108070.0,108155.0,910
202603051445,108150.0,108155.0,108030.0,108130.0,728
202603051500,108125.0,108210.0,108115.0,108190.0,293
202603051515,108245.0,108265.0,108240.0,108265.0,156
202603060900,107985.0,107985.0,107915.0,107950.0,5076
202603060915,107950.0,108100.0,107950.0,108015.0,2773
202603060930,108035.0,108035.0,107965.0,107965.0,2717
202603060945,107995.0,108045.0,107970.0,108010.0,2223
202603061000,108000.0,108105.0,107990.0,108080.0,686
202603061015,108105.0,108105.0,108030.0,108070.0,1381
202603061030,108070.0,108080.0,108030.0,108060.0,353
202603061045,108075.0,108075.0,108040.0,108070.0,414
202603061100,108070.0,108075.0,108005.0,108015.0,4184
202603061115,108010.0,108035.0,108010.0,108025.0,466
202603061130,108025.0,108120.0,108000.0,108090.0,2077
202603061145,108090.0,108090.0,108040.0,108060.0,252
202603061200,108050.0,108050.0,108015.0,108040.0,110
202603061215,108040.0,108055.0,108010.0,108015.0,624
202603061230,108000.0,108040.0,107995.0,108025.0,188
202603061245,108025.0,108045.0,108000.0,108000.0,173
202603061300,107995.0,108075.0,107995.0,108075.0,630
202603061315,108075.0,108190.0,108075.0,108155.0,607
202603061330,108140.0,108215.0,108140.0,108185.0,178
202603061345,108185.0,108215.0,108155.0,108180.0,390
202603061400,108180.0,108185.0,108100.0,108100.0,95
202603061415,108110.0,108110.0,108075.0,108110.0,355
202603061430,108085.0,108160.0,108075.0,108135.0,143
202603061445,108125.0,108250.0,108125.0,108210.0,258
202603061500,108225.0,108225.0,108140.0,108155.0,819
202603061515,108160.0,108160.0,108060.0,108060.0,492
202603090900,106900.0,106970.0,106740.0,106820.0,5603
202603090915,106820.0,107015.0,106800.0,106955.0,2049
202603090930,106955.0,106990.0,106855.0,106955.0,2346
202603090945,106935.0,107145.0,106925.0,107135.0,1258
202603091000,107135.0,107135.0,106975.0,107005.0,1290
202603091015,107000.0,107005.0,106825.0,106860.0,420
202603091030,106870.0,106905.0,106860.0,106905.0,151
202603091100,106670.0,106705.0,106570.0,106640.0,795
202603091115,106635.0,106740.0,106545.0,106705.0,2920
202603091130,106705.0,106775.0,106550.0,106775.0,3200
202603091145,106775.0,106855.0,106775.0,106780.0,1061
202603091200,106795.0,106830.0,106735.0,106745.0,581
202603091215,106755.0,106765.0,106690.0,106700.0,294
202603091230,106705.0,106720.0,106555.0,106620.0,415
202603091245,106620.0,106625.0,106560.0,106560.0,459
202603091300,106560.0,106675.0,106560.0,106620.0,1260
202603091315,106620.0,107095.0,106580.0,106665.0,19194
202603091330,106665.0,106700.0,106460.0,106480.0,2766
202603091345,106455.0,106615.0,106445.0,106595.0,1275
202603091400,106580.0,107100.0,106570.0,106810.0,1852
202603091415,106810.0,107040.0,106765.0,107005.0,4736
202603091430,107010.0,107045.0,106875.0,106980.0,2865
202603091445,106980.0,107140.0,106980.0,107105.0,2985
202603091500,107105.0,107255.0,107060.0,107060.0,6616
202603091515,107055.0,107110.0,106930.0,106930.0,569
202603100900,107840.0,107850.0,107690.0,107715.0,21560
202603100915,107690.0,107825.0,107670.0,107810.0,17861
202603100930,107800.0,107835.0,107735.0,107835.0,2160
202603100945,107835.0,107860.0,107745.0,107745.0,1270
202603101000,107745.0,107770.0,107690.0,107730.0,1236
202603101015,107730.0,107765.0,107625.0,107655.0,1839
202603101030,107655.0,107765.0,107510.0,107765.0,2586
202603101045,107700.0,107765.0,107700.0,107710.0,2196
202603101100,107745.0,107795.0,107715.0,107775.0,1183
202603101115,107775.0,107800.0,107665.0,107665.0,2031
202603101130,107665.0,107800.0,107640.0,107785.0,1060
202603101145,107775.0,107775.0,107685.0,107705.0,1314
202603101200,107680.0,107710.0,107640.0,107685.0,936
202603101215,107685.0,107760.0,107685.0,107730.0,1098
202603101230,107730.0,107765.0,107680.0,107680.0,1040
202603101245,107690.0,107690.0,107560.0,107570.0,978
202603101300,107570.0,107580.0,107510.0,107565.0,1115
202603101315,107565.0,107615.0,107555.0,107560.0,1993
202603101330,107570.0,107585.0,107485.0,107575.0,8022
202603101345,107555.0,107630.0,107530.0,107605.0,7715
202603101400,107600.0,107690.0,107600.0,107630.0,7849
202603101415,107630.0,107670.0,107595.0,107635.0,7776
202603101430,107640.0,107710.0,107615.0,107680.0,7916
202603101445,107680.0,107800.0,107680.0,107755.0,7917
202603101500,107750.0,107925.0,107750.0,107885.0,7634
202603101515,107885.0,107920.0,107845.0,107845.0,204
202603110900,107860.0,108125.0,107830.0,108125.0,46916
202603110915,108110.0,108215.0,108095.0,108095.0,5096
202603110930,108095.0,108115.0,108055.0,108100.0,2408
202603110945,108100.0,108100.0,107965.0,107975.0,4490
202603111000,107970.0,107975.0,107930.0,107965.0,357
202603111015,107965.0,108045.0,107960.0,108045.0,389
202603111030,108045.0,108045.0,107930.0,107970.0,2268
202603111045,107970.0,108035.0,107970.0,108035.0,187
202603111100,108035.0,108070.0,108000.0,108070.0,1512
202603111115,108070.0,108095.0,108040.0,108040.0,1543
202603111130,108030.0,108120.0,108030.0,108120.0,313
202603111145,108130.0,108140.0,108085.0,108125.0,282
202603111200,108155.0,108155.0,108085.0,108090.0,217
202603111215,108100.0,108180.0,108085.0,108125.0,5867
202603111230,108125.0,108135.0,108115.0,108135.0,151
202603111245,108125.0,108145.0,108110.0,108125.0,179
202603111300,108110.0,108135.0,108080.0,108085.0,259
202603111315,108080.0,108170.0,108075.0,108130.0,212
202603111330,108130.0,108130.0,108095.0,108125.0,144
202603111345,108135.0,108175.0,108105.0,108145.0,1663
202603111400,108150.0,108305.0,108150.0,108300.0,2331
202603111415,108305.0,108305.0,108230.0,108255.0,92
202603111430,108245.0,108325.0,108230.0,108275.0,1021
202603111445,108255.0,108260.0,108165.0,108190.0,3456
202603111500,108140.0,108210.0,108095.0,108170.0,9053
202603111515,108160.0,108175.0,108120.0,108175.0,7754
202603120900,107400.0,107500.0,107320.0,107430.0,12119
202603120915,107405.0,107430.0,107390.0,107395.0,8073
202603120930,107395.0,107580.0,107395.0,107580.0,815
202603120945,107615.0,107640.0,107500.0,107540.0,1611
202603121000,107550.0,107655.0,107550.0,107630.0,79
202603121015,107630.0,107680.0,107630.0,107680.0,81
202603121030,107680.0,107705.0,107660.0,107690.0,251
202603121045,107705.0,107810.0,107670.0,107765.0,152
202603121100,107765.0,107845.0,107765.0,107810.0,196
202603121115,107795.0,107795.0,107665.0,107680.0,1301
202603121130,107680.0,107700.0,107580.0,107670.0,1396
202603121145,107660.0,107695.0,107635.0,107665.0,154
202603121200,107675.0,107695.0,107650.0,107675.0,118
202603121215,107670.0,107685.0,107635.0,107660.0,270
202603121230,107640.0,107740.0,107640.0,107740.0,134
202603121245,107720.0,107755.0,107705.0,107755.0,318
202603121300,107730.0,107730.0,107645.0,107655.0,248
202603121315,107670.0,107790.0,107640.0,107790.0,119
202603121330,107790.0,107790.0,107710.0,107730.0,3134
202603121345,107730.0,107735.0,107675.0,107695.0,4997
202603121400,107715.0,107820.0,107705.0,107770.0,4491
202603121415,107780.0,107830.0,107730.0,107730.0,4643
202603121430,107750.0,107820.0,107710.0,107820.0,5638
202603121445,107805.0,107830.0,107750.0,107830.0,6393
202603121500,107850.0,107850.0,107780.0,107830.0,6475
202603121515,107845.0,107940.0,107845.0,107940.0,150
202603130900,107695.0,107740.0,107670.0,107730.0,754
202603130915,107720.0,107750.0,107690.0,107720.0,245
202603130930,107730.0,107730.0,107605.0,107645.0,507
202603130945,107640.0,107670.0,107595.0,107635.0,587
202603131000,107625.0,107710.0,107625.0,107680.0,2303
202603131015,107700.0,107725.0,107670.0,107695.0,145
202603131030,107695.0,107725.0,107665.0,107705.0,408
202603131045,107715.0,107765.0,107715.0,107755.0,110
202603131100,107755.0,107795.0,107750.0,107775.0,170
202603131115,107775.0,107835.0,107775.0,107800.0,410
202603131130,107860.0,107860.0,107815.0,107860.0,452
202603131145,107850.0,107880.0,107825.0,107845.0,1037
202603131200,107845.0,107895.0,107845.0,107890.0,116
202603131215,107890.0,107920.0,107875.0,107880.0,66
202603131230,107875.0,107905.0,107870.0,107890.0,130
202603131245,107880.0,107892.0,107835.0,107855.0,112
202603131300,107850.0,107880.0,107815.0,107845.0,67
202603131315,107835.0,107835.0,107705.0,107740.0,151
202603131330,107740.0,107760.0,107670.0,107670.0,523
202603131345,107670.0,107770.0,107670.0,107755.0,149
202603131400,107755.0,107795.0,107730.0,107770.0,362
202603131415,107770.0,107775.0,107730.0,107770.0,194
202603131430,107770.0,107770.0,107740.0,107745.0,157
202603131445,107745.0,107760.0,107690.0,107710.0,1400
202603131500,107735.0,107770.0,107640.0,107640.0,477
202603131515,107645.0,107645.0,107600.0,107600.0,2407
202603160900,107545.0,107605.0,107540.0,107605.0,452
202603160915,107640.0,107860.0,107620.0,107820.0,564
202603160930,107835.0,107860.0,107780.0,107845.0,413
202603160945,107845.0,107900.0,107830.0,107885.0,279
202603161000,107885.0,107895.0,107780.0,107790.0,1248
202603161015,107785.0,107855.0,107750.0,107765.0,215
202603161030,107775.0,107775.0,107690.0,107705.0,423
202603161045,107685.0,107685.0,107585.0,107630.0,732
202603161100,107630.0,107645.0,107535.0,107595.0,386
202603161115,107595.0,107665.0,107595.0,107655.0,251
202603161130,107655.0,107775.0,107640.0,107775.0,154
202603161145,107755.0,107785.0,107730.0,107775.0,474
202603161200,107775.0,107860.0,107775.0,107860.0,213
202603161215,107845.0,107980.0,107845.0,107980.0,5135
202603161230,107970.0,108065.0,107970.0,108030.0,13176
202603161245,108005.0,108005.0,107945.0,107950.0,710
202603161300,107945.0,107980.0,107925.0,107925.0,401
202603161315,107920.0,107930.0,107865.0,107895.0,685
202603161330,107895.0,107895.0,107845.0,107850.0,156
202603161345,107835.0,107850.0,107775.0,107800.0,564
202603161400,107815.0,107825.0,107740.0,107795.0,491
202603161415,107800.0,107800.0,107705.0,107715.0,213
202603161430,107735.0,107735.0,107690.0,107710.0,456
202603161445,107690.0,107750.0,107680.0,107715.0,294
202603161500,107720.0,107825.0,107715.0,107810.0,3116
202603161515,107810.0,107825.0,107795.0,107825.0,1054
202603170900,108060.0,108060.0,107990.0,108045.0,431
202603170915,108040.0,108050.0,107985.0,107985.0,607
202603170930,107995.0,108075.0,107960.0,108070.0,792
202603170945,108085.0,108095.0,107910.0,107935.0,2161
202603171000,107915.0,107940.0,107870.0,107915.0,3265
202603171015,107900.0,107900.0,107810.0,107840.0,1307
202603171030,107830.0,107830.0,107760.0,107780.0,2095
202603171045,107825.0,107835.0,107735.0,107735.0,199
202603171100,107750.0,107770.0,107710.0,107760.0,1393
202603171115,107750.0,107795.0,107750.0,107780.0,242
202603171130,107770.0,107905.0,107760.0,107805.0,422
202603171145,107825.0,107825.0,107695.0,107695.0,327
202603171200,107695.0,107720.0,107640.0,107715.0,4733
202603171215,107715.0,107755.0,107695.0,107700.0,3350
202603171230,107770.0,107835.0,107760.0,107760.0,3209
202603171245,107770.0,107790.0,107735.0,107770.0,179
202603171300,107735.0,107780.0,107700.0,107740.0,295
202603171315,107760.0,107795.0,107740.0,107795.0,200
202603171330,107790.0,107790.0,107655.0,107760.0,1524
202603171345,107785.0,107940.0,107775.0,107920.0,452
202603171400,107895.0,107955.0,107885.0,107930.0,147
202603171415,107930.0,107950.0,107850.0,107905.0,142
202603171430,107895.0,107985.0,107895.0,107900.0,258
202603171445,107910.0,107910.0,107715.0,107715.0,403
202603171500,107685.0,107720.0,107600.0,107660.0,4226
202603171515,107700.0,107700.0,107635.0,107635.0,32
202603180900,107910.0,107950.0,107885.0,107915.0,338
202603180915,107925.0,107960.0,107880.0,107890.0,554
202603180930,107895.0,107915.0,107830.0,107900.0,299
202603180945,107905.0,107980.0,107870.0,107970.0,459
202603181000,107975.0,108005.0,107975.0,107995.0,141
202603181015,107995.0,108040.0,107980.0,108030.0,654
202603181030,108010.0,108075.0,108010.0,108020.0,351
202603181045,108030.0,108065.0,108020.0,108060.0,504
202603181100,108060.0,108095.0,108040.0,108080.0,468
202603181115,108085.0,108130.0,108085.0,108110.0,380
202603181130,108105.0,108175.0,108105.0,108160.0,4275
202603181145,108170.0,108200.0,108155.0,108190.0,509
202603181200,108185.0,108215.0,108175.0,108175.0,419
202603181215,108170.0,108185.0,108150.0,108165.0,397
202603181230,108165.0,108215.0,108160.0,108210.0,255
202603181245,108210.0,108260.0,108210.0,108260.0,367
202603181300,108260.0,108305.0,108260.0,108290.0,2273
202603181315,108300.0,108305.0,108250.0,108270.0,189
202603181330,108270.0,108375.0,108270.0,108350.0,3112
202603181345,108350.0,108355.0,108300.0,108300.0,22100
202603181400,108290.0,108335.0,108255.0,108327.0,1872
202603181415,108330.0,108335.0,108290.0,108330.0,1832
202603181430,108335.0,108335.0,108275.0,108315.0,382
202603181445,108295.0,108365.0,108290.0,108365.0,457
202603181500,108345.0,108400.0,108300.0,108400.0,292
202603181515,108410.0,108500.0,108410.0,108460.0,11325
202603190900,107650.0,107740.0,107650.0,107740.0,4796
202603190915,107720.0,107725.0,107580.0,107635.0,8374
202603190930,107655.0,107670.0,107570.0,107600.0,7508
202603190945,107620.0,107680.0,107600.0,107645.0,1468
202603191000,107645.0,107735.0,107640.0,107720.0,5820
202603191015,107720.0,107755.0,107695.0,107695.0,665
202603191030,107705.0,107710.0,107665.0,107670.0,302
202603191045,107665.0,107665.0,107620.0,107620.0,223
202603191100,107630.0,107785.0,107600.0,107705.0,1127
202603191115,107710.0,107730.0,107705.0,107715.0,56
202603191130,107715.0,107720.0,107690.0,107690.0,272
202603191145,107670.0,107670.0,107620.0,107620.0,184
202603191200,107620.0,107620.0,107585.0,107615.0,238
202603191215,107640.0,107650.0,107610.0,107630.0,51
202603191230,107620.0,107630.0,107605.0,107630.0,151
202603191245,107630.0,107660.0,107625.0,107625.0,129
202603191300,107640.0,107640.0,107560.0,107590.0,503
202603191315,107630.0,107650.0,107625.0,107650.0,119
202603191330,107640.0,107670.0,107640.0,107660.0,73
202603191345,107670.0,107670.0,107615.0,107640.0,243
202603191400,107640.0,107670.0,107640.0,107650.0,35
202603191415,107680.0,107700.0,107630.0,107650.0,62
202603191430,107650.0,107680.0,107590.0,107595.0,136
202603191445,107595.0,107625.0,107595.0,107610.0,292
202603191500,107610.0,107625.0,107590.0,107625.0,132
202603191515,107650.0,107650.0,107625.0,107635.0,251
202603200900,107900.0,108050.0,107900.0,107990.0,687
202603200915,107990.0,108045.0,107940.0,108045.0,3664
202603200930,108045.0,108160.0,108030.0,108135.0,1096
202603200945,108135.0,108160.0,107950.0,107950.0,542
202603201000,107960.0,108075.0,107920.0,108075.0,679
202603201015,108065.0,108110.0,108005.0,108040.0,456
202603201030,108040.0,108040.0,107985.0,107995.0,887
202603201045,108015.0,108050.0,108010.0,108015.0,66
202603201100,108015.0,108020.0,107930.0,107930.0,131
202603201115,107935.0,107935.0,107760.0,107770.0,2055
202603201130,107770.0,107770.0,107585.0,107665.0,11422
202603201145,107675.0,107675.0,107560.0,107595.0,3149
202603201200,107570.0,107615.0,107565.0,107615.0,113
202603201215,107612.0,107640.0,107595.0,107640.0,124
202603201230,107640.0,107660.0,107545.0,107570.0,748
202603201245,107570.0,107630.0,107555.0,107555.0,138
202603201300,107560.0,107625.0,107525.0,107525.0,377
202603201315,107510.0,107550.0,107485.0,107550.0,177
202603201330,107550.0,107550.0,107300.0,107340.0,4699
202603201345,107340.0,107485.0,107340.0,107485.0,7169
202603201400,107475.0,107610.0,107435.0,107595.0,868
202603201415,107545.0,107545.0,107465.0,107505.0,710
202603201430,107480.0,107480.0,107415.0,107415.0,355
202603201445,107470.0,107470.0,107410.0,107445.0,440
202603201500,107415.0,107465.0,107375.0,107400.0,449
202603201515,107400.0,107410.0,107320.0,107320.0,261
202603230900,106710.0,106935.0,106645.0,106895.0,2619
202603230915,106860.0,106870.0,106800.0,106810.0,1542
202603230930,106820.0,106865.0,106655.0,106725.0,2812
202603230945,106795.0,106795.0,106640.0,106640.0,2377
202603231000,106640.0,106765.0,106600.0,106750.0,7220
202603231015,106750.0,106795.0,106720.0,106760.0,791
202603231030,106760.0,106820.0,106720.0,106720.0,609
202603231045,106730.0,106730.0,106645.0,106715.0,6486
202603231100,106715.0,106735.0,106540.0,106597.0,2609
202603231115,106595.0,106610.0,106445.0,106445.0,2442
202603231130,106465.0,106495.0,106375.0,106455.0,6934
202603231145,106510.0,106510.0,106455.0,106455.0,144
202603231200,106475.0,106490.0,106435.0,106475.0,241
202603231215,106480.0,106535.0,106450.0,106475.0,2866
202603231230,106475.0,106540.0,106465.0,106530.0,181
202603231245,106500.0,106500.0,106430.0,106435.0,2276
202603231300,106430.0,106520.0,106425.0,106500.0,7366
202603231315,106525.0,106580.0,106515.0,106525.0,269
202603231330,106545.0,106545.0,106395.0,106410.0,349
202603231345,106420.0,106460.0,106370.0,106370.0,4824
202603231400,106375.0,106465.0,106370.0,106450.0,5981
202603231415,106460.0,106470.0,106310.0,106315.0,4445
202603231430,106310.0,106310.0,106240.0,106240.0,7976
202603231445,106215.0,106280.0,106180.0,106180.0,1498
202603231500,106175.0,106185.0,106000.0,106005.0,8388
202603231515,106060.0,106085.0,105995.0,106085.0,314
202603240900,106745.0,106770.0,106600.0,106600.0,9852
202603240915,106585.0,106585.0,106455.0,106520.0,1589
202603240930,106530.0,106610.0,106480.0,106505.0,9810
202603240945,106490.0,106535.0,106410.0,106425.0,520
202603241000,106400.0,106400.0,106270.0,106290.0,1816
202603241015,106290.0,106335.0,106260.0,106335.0,10872
202603241030,106330.0,106330.0,106190.0,106220.0,919
202603241045,106220.0,106220.0,106025.0,106135.0,260
202603241100,106150.0,106245.0,106115.0,106115.0,45280
202603241115,106100.0,106250.0,106100.0,106235.0,204
202603241130,106280.0,106300.0,106165.0,106165.0,172
202603241145,106150.0,106155.0,106025.0,106030.0,351
202603241200,106015.0,106040.0,105990.0,105990.0,392
202603241215,106015.0,106220.0,106015.0,106220.0,268
202603241230,106175.0,106205.0,106120.0,106130.0,177
202603241245,106120.0,106160.0,106115.0,106155.0,5224
202603241300,106155.0,106155.0,106045.0,106045.0,3194
202603241315,106045.0,106045.0,105880.0,105920.0,6473
202603241330,105920.0,106050.0,105880.0,106035.0,1395
202603241345,106050.0,106060.0,106000.0,106015.0,154
202603241400,106015.0,106070.0,105940.0,106050.0,5950
202603241415,106040.0,106115.0,106035.0,106080.0,1111
202603241430,106050.0,106280.0,106050.0,106250.0,3978
202603241445,106250.0,106255.0,106175.0,106195.0,5380
202603241500,106255.0,106395.0,106255.0,106295.0,13092
202603241515,106310.0,106400.0,106300.0,106400.0,86
202603250900,106670.0,106765.0,106665.0,106735.0,4306
202603250915,106735.0,106735.0,106650.0,106715.0,8169
202603250930,106705.0,106750.0,106660.0,106675.0,1649
202603250945,106685.0,106685.0,106565.0,106630.0,918
202603251000,106635.0,106755.0,106600.0,106740.0,933
202603251015,106730.0,106860.0,106730.0,106845.0,1047
202603251030,106855.0,106925.0,106815.0,106890.0,99
202603251045,106845.0,106850.0,106750.0,106750.0,2107
202603251100,106730.0,106770.0,106630.0,106650.0,653
202603251115,106630.0,106640.0,106550.0,106570.0,3344
202603251130,106580.0,106580.0,106530.0,106555.0,99
202603251145,106555.0,106565.0,106520.0,106520.0,222
202603251200,106565.0,106590.0,106535.0,106545.0,131
202603251215,106535.0,106580.0,106525.0,106555.0,105
202603251230,106555.0,106580.0,106530.0,106550.0,200
202603251245,106550.0,106550.0,106470.0,106515.0,6000
202603251300,106510.0,106635.0,106505.0,106625.0,111
202603251315,106625.0,106640.0,106595.0,106630.0,2374
202603251330,106620.0,106645.0,106590.0,106605.0,3655
202603251345,106595.0,106615.0,106560.0,106610.0,4474
202603251400,106610.0,106615.0,106510.0,106550.0,3484
202603251415,106525.0,106545.0,106420.0,106440.0,4046
202603251430,106450.0,106505.0,106350.0,106420.0,9172
202603251445,106415.0,106440.0,106265.0,106275.0,11473
202603251500,106295.0,106295.0,106125.0,106145.0,3925
202603251515,106155.0,106220.0,106135.0,106160.0,2155
202603260900,106355.0,106500.0,106315.0,106320.0,833
202603260915,106345.0,106390.0,106295.0,106330.0,3020
202603260930,106330.0,106330.0,106060.0,106060.0,9182
202603260945,106040.0,106065.0,105955.0,106045.0,4289
202603261000,106055.0,106095.0,106020.0,106020.0,222
202603261015,106030.0,106075.0,106005.0,106075.0,282
202603261030,106085.0,106155.0,106055.0,106055.0,55
202603261045,106060.0,106200.0,106055.0,106200.0,128
202603261100,106200.0,106325.0,106175.0,106195.0,4100
202603261115,106195.0,106195.0,106095.0,106105.0,187
202603261130,106095.0,106105.0,106030.0,106090.0,203
202603261145,106065.0,106065.0,106010.0,106035.0,86
202603261200,106060.0,106080.0,106045.0,106060.0,78
202603261215,106055.0,106090.0,106055.0,106090.0,125
202603261230,106090.0,106700.0,106090.0,106580.0,33609
202603261245,106635.0,106635.0,106535.0,106535.0,398
202603261300,106505.0,106580.0,106490.0,106490.0,398
202603261315,106500.0,106570.0,106450.0,106560.0,240
202603261330,106555.0,106555.0,106460.0,106480.0,127
202603261345,106500.0,106540.0,106435.0,106515.0,9714
202603261400,106525.0,106525.0,106400.0,106400.0,5801
202603261415,106370.0,106415.0,106335.0,106335.0,88
202603261430,106335.0,106360.0,106315.0,106360.0,169
202603261445,106345.0,106350.0,106210.0,106350.0,132
202603261500,106320.0,106320.0,106210.0,106210.0,2873
202603261515,106220.0,106220.0,106175.0,106175.0,40
202603270900,106065.0,106110.0,106035.0,106035.0,382
202603270915,106020.0,106020.0,105770.0,105830.0,14489
202603270930,105830.0,105840.0,105770.0,105785.0,592
202603270945,105785.0,105840.0,105760.0,105830.0,410
202603271000,105830.0,105955.0,105830.0,105870.0,2480
202603271015,105870.0,105890.0,105800.0,105850.0,2564
202603271030,105850.0,105910.0,105850.0,105855.0,124
202603271045,105865.0,105965.0,105865.0,105965.0,7086
202603271100,106000.0,106000.0,105910.0,105910.0,996
202603271115,105910.0,105935.0,105880.0,105890.0,336
202603271130,105890.0,105955.0,105890.0,105935.0,395
202603271145,105925.0,105935.0,105840.0,105875.0,754
202603271200,105850.0,105910.0,105850.0,105865.0,210
202603271215,105860.0,105860.0,105810.0,105830.0,365
202603271230,105815.0,105835.0,105785.0,105830.0,2270
202603271245,105820.0,105830.0,105765.0,105800.0,590
202603271300,105790.0,105890.0,105785.0,105890.0,120
202603271315,105885.0,105885.0,105800.0,105855.0,574
202603271330,105855.0,105860.0,105825.0,105845.0,2290
202603271345,105845.0,105845.0,105770.0,105770.0,443
202603271400,105770.0,105910.0,105770.0,105890.0,887
202603271415,105845.0,105880.0,105805.0,105880.0,128
202603271430,105870.0,105870.0,105800.0,105835.0,93
202603271445,105835.0,105845.0,105700.0,105710.0,1215
202603271500,105690.0,105780.0,105685.0,105760.0,945
202603271515,105800.0,105845.0,105780.0,105845.0,135
202603300900,105685.0,105715.0,105580.0,105600.0,1084
202603300915,105600.0,105760.0,105600.0,105750.0,1002
202603300930,105750.0,105780.0,105690.0,105695.0,1017
202603300945,105715.0,105735.0,105635.0,105735.0,379
202603301000,105725.0,105735.0,105645.0,105680.0,205
202603301015,105660.0,105685.0,105620.0,105660.0,883
202603301030,105640.0,105690.0,105605.0,105680.0,3096
202603301045,105670.0,105735.0,105660.0,105670.0,718
202603301100,105680.0,105700.0,105660.0,105660.0,1056
202603301115,105660.0,105660.0,105515.0,105620.0,13266
202603301130,105620.0,105665.0,105615.0,105665.0,84
202603301145,105675.0,105755.0,105675.0,105735.0,143
202603301200,105735.0,105835.0,105735.0,105835.0,300
202603301215,105830.0,105880.0,105830.0,105850.0,2133
202603301230,105840.0,105850.0,105810.0,105810.0,2155
202603301245,105795.0,105805.0,105750.0,105775.0,250
202603301300,105775.0,105845.0,105775.0,105840.0,664
202603301315,105830.0,105840.0,105745.0,105745.0,368
202603301330,105775.0,105805.0,105745.0,105770.0,764
202603301345,105800.0,105855.0,105780.0,105780.0,2525
202603301400,105810.0,105835.0,105770.0,105815.0,55
202603301415,105825.0,105895.0,105825.0,105855.0,564
202603301430,105900.0,105925.0,105880.0,105910.0,190
202603301445,105915.0,105915.0,105840.0,105840.0,2195
202603301500,105860.0,106055.0,105860.0,106035.0,4300
202603301515,106035.0,106105.0,106035.0,106105.0,6208
202603310900,106130.0,106200.0,106095.0,106185.0,612
202603310915,106165.0,106165.0,105975.0,105985.0,738
202603310930,105985.0,106200.0,105940.0,106190.0,8969
202603310945,106215.0,106270.0,106180.0,106205.0,396
202603311000,106205.0,106225.0,106115.0,106180.0,165
202603311015,106190.0,106280.0,106160.0,106280.0,3829
202603311030,106280.0,106350.0,106240.0,106240.0,1450
202603311045,106225.0,106295.0,106185.0,106295.0,200
202603311100,106320.0,106340.0,106190.0,106215.0,135
202603311115,106225.0,106295.0,106225.0,106270.0,194
202603311130,106270.0,106295.0,106210.0,106295.0,75
202603311145,106295.0,106370.0,106270.0,106320.0,77
202603311200,106320.0,106350.0,106295.0,106295.0,81
202603311215,106295.0,106305.0,106195.0,106240.0,141
202603311230,106235.0,106240.0,106055.0,106060.0,279
202603311245,106050.0,106110.0,106000.0,106100.0,131
202603311300,106100.0,106125.0,106055.0,106055.0,740
202603311315,106040.0,106135.0,106035.0,106125.0,388
202603311330,106115.0,106220.0,106115.0,106160.0,154
202603311345,106150.0,106260.0,106115.0,106220.0,186
202603311400,106215.0,106305.0,106205.0,106220.0,168
202603311415,106220.0,106250.0,106200.0,106220.0,81
202603311430,106220.0,106305.0,106160.0,106305.0,313
202603311445,106340.0,106355.0,106215.0,106250.0,156
202603311500,106250.0,106260.0,106085.0,106085.0,2806
202603311515,106085.0,106085.0,106000.0,106070.0,4436
202604010900,106705.0,106920.0,106705.0,106920.0,5983
202604010915,106920.0,106960.0,106900.0,106905.0,591
202604010930,106905.0,107060.0,106905.0,107020.0,5505
202604010945,107020.0,107075.0,107000.0,107070.0,214
202604011000,107070.0,107090.0,106980.0,107010.0,599
202604011015,107005.0,107060.0,106970.0,107045.0,637
202604011030,107045.0,107055.0,106965.0,106975.0,1017
202604011045,106975.0,107020.0,106965.0,106995.0,493
202604011100,106995.0,107045.0,106975.0,106995.0,967
202604011115,107010.0,107045.0,106995.0,107005.0,1006
202604011130,106995.0,107090.0,106995.0,107090.0,821
202604011145,107085.0,107090.0,107030.0,107030.0,886
202604011200,107030.0,107070.0,107025.0,107045.0,906
202604011215,107045.0,107070.0,107025.0,107065.0,648
202604011230,107065.0,107100.0,107050.0,107075.0,1599
202604011245,107100.0,107100.0,107035.0,107055.0,959
202604011300,107055.0,107170.0,107045.0,107170.0,706
202604011315,107180.0,107210.0,107135.0,107140.0,1458
202604011330,107140.0,107195.0,107135.0,107195.0,709
202604011345,107195.0,107315.0,107180.0,107315.0,18451
202604011400,107315.0,107430.0,107300.0,107395.0,15642
202604011415,107395.0,107555.0,107395.0,107545.0,2022
202604011430,107520.0,107710.0,107465.0,107675.0,8887
202604011445,107685.0,107795.0,107660.0,107760.0,13836
202604011500,107760.0,107945.0,107705.0,107915.0,24952
202604011515,107915.0,107915.0,107825.0,107825.0,378
202604020900,107500.0,107605.0,107480.0,107555.0,4564
202604020915,107570.0,107595.0,107495.0,107585.0,317
202604020930,107580.0,107810.0,107540.0,107785.0,1244
202604020945,107830.0,107865.0,107745.0,107745.0,233
202604021000,107745.0,107765.0,107520.0,107590.0,2230
202604021015,107585.0,107585.0,107200.0,107250.0,15244
202604021030,107245.0,107245.0,107010.0,107100.0,18427
202604021045,107080.0,107220.0,107080.0,107180.0,5322
202604021100,107180.0,107200.0,107100.0,107135.0,963
202604021115,107185.0,107185.0,107100.0,107150.0,2046
202604021130,107170.0,107195.0,107075.0,107140.0,966
202604021145,107175.0,107195.0,107120.0,107130.0,860
202604021200,107100.0,107170.0,107085.0,107100.0,4767
202604021215,107100.0,107145.0,107085.0,107145.0,648
202604021230,107145.0,107145.0,107020.0,107055.0,10929
202604021245,107055.0,107055.0,106965.0,106965.0,752
202604021300,106950.0,107030.0,106885.0,107000.0,4799
202604021315,106980.0,107105.0,106980.0,107105.0,3164
202604021330,107105.0,107185.0,107090.0,107130.0,848
202604021345,107140.0,107150.0,107110.0,107135.0,5986
202604021400,107115.0,107180.0,107000.0,107005.0,4660
202604021415,107000.0,107050.0,106940.0,107050.0,4976
202604021430,107050.0,107050.0,106870.0,106930.0,8905
202604021445,106925.0,107055.0,106890.0,106970.0,2350
202604021500,106925.0,106925.0,106520.0,106855.0,1083
202604021515,106860.0,106925.0,106860.0,106925.0,33
202604030900,107370.0,107525.0,107370.0,107520.0,796
202604030915,107520.0,107520.0,107430.0,107460.0,673
202604030930,107460.0,107540.0,107460.0,107470.0,1092
202604030945,107460.0,107555.0,107460.0,107555.0,394
202604031000,107550.0,107585.0,107520.0,107535.0,1126
202604031015,107530.0,107550.0,107440.0,107455.0,518
202604031030,107455.0,107495.0,107410.0,107410.0,366
202604031045,107400.0,107465.0,107400.0,107425.0,757
202604031100,107435.0,107490.0,107390.0,107430.0,396
202604031115,107445.0,107490.0,107445.0,107490.0,615
202604031130,107490.0,107490.0,107450.0,107470.0,430
202604031145,107470.0,107505.0,107460.0,107505.0,379
202604031200,107510.0,107540.0,107500.0,107510.0,2068
202604031215,107495.0,107520.0,107485.0,107520.0,275
202604031230,107520.0,107530.0,107490.0,107510.0,405
202604031245,107510.0,107520.0,107375.0,107375.0,357
202604031300,107375.0,107385.0,107345.0,107365.0,248
202604031315,107375.0,107410.0,107355.0,107385.0,1062
202604031330,107385.0,107405.0,107365.0,107390.0,319
202604031345,107395.0,107465.0,107395.0,107445.0,808
202604031400,107445.0,107485.0,107405.0,107405.0,404
202604031415,107400.0,107510.0,107375.0,107510.0,324
202604031430,107510.0,107510.0,107445.0,107445.0,219
202604031445,107475.0,107510.0,107465.0,107510.0,242
202604031500,107515.0,107515.0,107420.0,107420.0,304
202604031515,107410.0,107455.0,107390.0,107390.0,320
202604060900,107130.0,107290.0,107130.0,107265.0,595
202604060915,107265.0,107360.0,107265.0,107300.0,420
202604060930,107300.0,107370.0,107290.0,107370.0,608
202604060945,107400.0,107425.0,107315.0,107330.0,452
202604061000,107335.0,107405.0,107335.0,107360.0,35
202604061015,107335.0,107370.0,107270.0,107360.0,247
202604061030,107355.0,107355.0,107275.0,107280.0,434
202604061045,107300.0,107390.0,107275.0,107390.0,669
202604061100,107400.0,107675.0,107370.0,107640.0,5245
202604061115,107635.0,107765.0,107635.0,107675.0,4695
202604061130,107720.0,107730.0,107640.0,107640.0,438
202604061145,107660.0,107665.0,107555.0,107570.0,379
202604061200,107570.0,107570.0,107515.0,107525.0,556
202604061215,107525.0,107525.0,107455.0,107490.0,382
202604061230,107490.0,107500.0,107445.0,107480.0,574
202604061245,107500.0,107525.0,107450.0,107525.0,401
202604061300,107505.0,107605.0,107505.0,107605.0,892
202604061315,107595.0,107600.0,107510.0,107575.0,2098
202604061330,107555.0,107565.0,107460.0,107460.0,2414
202604061345,107470.0,107535.0,107470.0,107510.0,602
202604061400,107510.0,107610.0,107510.0,107560.0,631
202604061415,107600.0,107625.0,107565.0,107565.0,580
202604061430,107555.0,107600.0,107450.0,107450.0,603
202604061445,107530.0,107545.0,107465.0,107540.0,484
202604061500,107505.0,107625.0,107490.0,107610.0,4085
202604061515,107630.0,107655.0,107625.0,107630.0,3357
202604070900,107470.0,107575.0,107440.0,107550.0,2697
202604070915,107570.0,107645.0,107570.0,107620.0,666
202604070930,107645.0,107655.0,107505.0,107585.0,220
202604070945,107615.0,107685.0,107615.0,107680.0,441
202604071000,107690.0,107745.0,107685.0,107700.0,2263
202604071015,107710.0,107735.0,107630.0,107660.0,258
202604071030,107660.0,107660.0,107400.0,107400.0,252
202604071045,107445.0,107495.0,107310.0,107310.0,4875
202604071100,107305.0,107410.0,107300.0,107380.0,1259
202604071115,107390.0,107410.0,107375.0,107400.0,430
202604071130,107390.0,107390.0,107300.0,107345.0,7615
202604071145,107345.0,107365.0,107340.0,107350.0,1240
202604071200,107335.0,107370.0,107330.0,107360.0,1169
202604071215,107380.0,107380.0,107350.0,107380.0,171
202604071230,107380.0,107385.0,107345.0,107355.0,59
202604071245,107380.0,107385.0,107330.0,107330.0,168
202604071300,107345.0,107370.0,107245.0,107245.0,359
202604071315,107300.0,107370.0,107295.0,107370.0,166
202604071330,107385.0,107385.0,107290.0,107360.0,302
202604071345,107365.0,107390.0,107335.0,107345.0,213
202604071400,107350.0,107370.0,107335.0,107360.0,186
202604071415,107350.0,107395.0,107280.0,107280.0,419
202604071430,107270.0,107310.0,107245.0,107270.0,148
202604071445,107270.0,107320.0,107245.0,107280.0,170
202604071500,107320.0,107400.0,107280.0,107355.0,158
202604071515,107370.0,107375.0,107350.0,107375.0,37
202604080900,108295.0,108370.0,108235.0,108235.0,495
202604080915,108235.0,108235.0,108130.0,108140.0,531
202604080930,108145.0,108200.0,108085.0,108175.0,861
202604080945,108190.0,108205.0,108125.0,108125.0,615
202604081000,108135.0,108250.0,108135.0,108240.0,1020
202604081015,108240.0,108320.0,108240.0,108305.0,695
202604081030,108305.0,108450.0,108295.0,108410.0,516
202604081045,108420.0,108445.0,108420.0,108435.0,413
202604081100,108445.0,108485.0,108445.0,108455.0,2592
202604081115,108455.0,108485.0,108427.0,108455.0,530
202604081130,108465.0,108535.0,108450.0,108480.0,1098
202604081145,108495.0,108520.0,108480.0,108500.0,391
202604081200,108510.0,108595.0,108500.0,108575.0,2087
202604081215,108560.0,108565.0,108540.0,108540.0,50
202604081230,108540.0,108540.0,108470.0,108485.0,2257
202604081245,108475.0,108485.0,108445.0,108485.0,215
202604081300,108515.0,108545.0,108515.0,108545.0,108
202604081315,108520.0,108535.0,108490.0,108535.0,307
202604081330,108535.0,108560.0,108500.0,108530.0,2595
202604081345,108530.0,108550.0,108485.0,108550.0,5009
202604081400,108535.0,108580.0,108495.0,108550.0,5078
202604081415,108575.0,108615.0,108560.0,108590.0,4950
202604081430,108600.0,108635.0,108585.0,108615.0,5080
202604081445,108625.0,108680.0,108580.0,108620.0,5324
202604081500,108620.0,108620.0,108525.0,108585.0,4417
202604081515,108560.0,108560.0,108480.0,108480.0,325
202604090900,108275.0,108275.0,108160.0,108220.0,2434
202604090915,108235.0,108325.0,108230.0,108290.0,682
202604090930,108290.0,108300.0,108165.0,108165.0,346
202604090945,108180.0,108190.0,108125.0,108125.0,121
202604091000,108135.0,108145.0,108065.0,108105.0,2153
202604091015,108095.0,108095.0,108000.0,108050.0,3282
202604091030,108050.0,108100.0,108040.0,108090.0,268
202604091045,108110.0,108140.0,108100.0,108100.0,212
202604091100,108105.0,108185.0,108105.0,108185.0,431
202604091115,108185.0,108245.0,108185.0,108245.0,114
202604091130,108245.0,108270.0,108205.0,108235.0,138
202604091145,108225.0,108245.0,108155.0,108175.0,166
202604091200,108155.0,108225.0,108155.0,108195.0,116
202604091215,108185.0,108235.0,108175.0,108235.0,196
202604091230,108225.0,108255.0,108185.0,108225.0,285
202604091245,108225.0,108255.0,108170.0,108245.0,402
202604091300,108235.0,108290.0,108235.0,108265.0,225
202604091315,108245.0,108265.0,108185.0,108215.0,203
202604091330,108235.0,108330.0,108225.0,108290.0,204
202604091345,108300.0,108300.0,108240.0,108270.0,4022
202604091400,108260.0,108280.0,108180.0,108260.0,4705
202604091415,108290.0,108305.0,108210.0,108265.0,4453
202604091430,108265.0,108315.0,108220.0,108265.0,4698
202604091445,108225.0,108325.0,108200.0,108290.0,4772
202604091500,108290.0,108305.0,108215.0,108240.0,4195
202604091515,108205.0,108245.0,108200.0,108245.0,32
202604100900,108335.0,108385.0,108290.0,108355.0,784
202604100915,108350.0,108365.0,108330.0,108345.0,982
202604100930,108345.0,108420.0,108335.0,108400.0,483
202604100945,108400.0,108420.0,108330.0,108395.0,204
202604101000,108390.0,108450.0,108365.0,108440.0,170
202604101015,108430.0,108515.0,108325.0,108515.0,708
202604101030,108505.0,108600.0,108220.0,108275.0,19281
202604101045,108285.0,108360.0,108245.0,108245.0,642
202604101100,108205.0,108320.0,108200.0,108290.0,420
202604101115,108330.0,108380.0,108165.0,108195.0,2479
202604101130,108185.0,108230.0,108115.0,108180.0,1007
202604101145,108200.0,108245.0,108115.0,108115.0,424
202604101200,108115.0,108255.0,108075.0,108255.0,347
202604101215,108235.0,108235.0,108150.0,108180.0,398
202604101230,108180.0,108235.0,108160.0,108235.0,777
202604101245,108225.0,108245.0,108195.0,108195.0,422
202604101300,108195.0,108215.0,108110.0,108150.0,551
202604101315,108170.0,108225.0,108170.0,108205.0,372
202604101330,108225.0,108225.0,108120.0,108120.0,300
202604101345,108110.0,108165.0,108075.0,108090.0,349
202604101400,108110.0,108110.0,108045.0,108045.0,389
202604101415,108040.0,108040.0,107950.0,108025.0,306
202604101430,108035.0,108120.0,108035.0,108080.0,745
202604101445,108090.0,108140.0,108075.0,108090.0,338
202604101500,108090.0,108140.0,108080.0,108110.0,813
202604101515,108065.0,108070.0,108050.0,108070.0,105
202604130900,107425.0,107560.0,107390.0,107550.0,701
202604130915,107540.0,107555.0,107455.0,107475.0,409
202604130930,107480.0,107510.0,107425.0,107472.0,626
202604130945,107475.0,107590.0,107465.0,107550.0,875
202604131000,107540.0,107595.0,107510.0,107580.0,345
202604131015,107595.0,107680.0,107575.0,107615.0,822
202604131030,107605.0,107625.0,107565.0,107620.0,556
202604131045,107600.0,107670.0,107590.0,107630.0,654
202604131100,107630.0,107630.0,107550.0,107590.0,339
202604131115,107585.0,107700.0,107575.0,107700.0,534
202604131130,107695.0,107715.0,107630.0,107685.0,536
202604131145,107675.0,107780.0,107675.0,107760.0,1233
202604131200,107760.0,107780.0,107725.0,107740.0,674
202604131215,107760.0,107770.0,107730.0,107770.0,415
202604131230,107770.0,107785.0,107730.0,107785.0,552
202604131245,107770.0,107785.0,107720.0,107775.0,630
202604131300,107775.0,107835.0,107775.0,107805.0,337
202604131315,107805.0,107850.0,107805.0,107820.0,502
202604131330,107820.0,107825.0,107740.0,107765.0,393
202604131345,107725.0,107740.0,107650.0,107710.0,529
202604131400,107710.0,107765.0,107690.0,107765.0,434
202604131415,107805.0,107840.0,107765.0,107805.0,860
202604131430,107810.0,107840.0,107785.0,107820.0,870
202604131445,107800.0,107820.0,107785.0,107790.0,393
202604131500,107830.0,107830.0,107745.0,107750.0,376
202604131515,107765.0,107790.0,107745.0,107790.0,61
202604140900,108165.0,108205.0,108115.0,108200.0,2486
202604140915,108200.0,108220.0,108100.0,108125.0,418
202604140930,108145.0,108185.0,108140.0,108140.0,379
202604140945,108145.0,108205.0,108145.0,108190.0,559
202604141000,108170.0,108190.0,108115.0,108125.0,630
202604141015,108110.0,108190.0,108085.0,108165.0,220
202604141030,108160.0,108235.0,108160.0,108235.0,416
202604141045,108215.0,108225.0,108180.0,108180.0,390
202604141100,108190.0,108250.0,108190.0,108225.0,352
202604141115,108250.0,108350.0,108250.0,108300.0,307
202604141130,108300.0,108315.0,108280.0,108315.0,255
202604141145,108300.0,108340.0,108300.0,108340.0,240
202604141200,108310.0,108350.0,108305.0,108305.0,191
202604141215,108305.0,108305.0,108255.0,108280.0,93
202604141230,108290.0,108355.0,108280.0,108350.0,350
202604141245,108360.0,108395.0,108350.0,108360.0,86
202604141300,108360.0,108395.0,108360.0,108385.0,280
202604141315,108375.0,108415.0,108340.0,108350.0,482
202604141330,108350.0,108350.0,108300.0,108300.0,463
202604141345,108310.0,108360.0,108300.0,108350.0,96
202604141400,108345.0,108365.0,108340.0,108345.0,278
202604141415,108350.0,108350.0,108275.0,108275.0,247
202604141430,108270.0,108295.0,108255.0,108285.0,289
202604141445,108275.0,108330.0,108275.0,108305.0,198
202604141500,108295.0,108295.0,108220.0,108235.0,357
202604141515,108225.0,108265.0,108225.0,108255.0,267
202604150900,108640.0,108650.0,108535.0,108535.0,565
202604150915,108535.0,108610.0,108515.0,108600.0,3804
202604150930,108600.0,108600.0,108475.0,108475.0,5054
202604150945,108465.0,108530.0,108465.0,108505.0,475
202604151000,108495.0,108560.0,108475.0,108560.0,204
202604151015,108530.0,108535.0,108400.0,108470.0,289
202604151030,108470.0,108515.0,108420.0,108485.0,343
202604151045,108485.0,108485.0,108400.0,108440.0,305
202604151100,108440.0,108460.0,108400.0,108400.0,486
202604151115,108405.0,108405.0,108325.0,108370.0,866
202604151130,108370.0,108390.0,108325.0,108370.0,526
202604151145,108390.0,108390.0,108325.0,108365.0,458
202604151200,108365.0,108380.0,108340.0,108340.0,2250
202604151215,108370.0,108370.0,108325.0,108370.0,175
202604151230,108370.0,108390.0,108340.0,108340.0,142
202604151245,108340.0,108370.0,108330.0,108350.0,79
202604151300,108350.0,108350.0,108230.0,108230.0,423
202604151315,108245.0,108285.0,108220.0,108240.0,1251
202604151330,108250.0,108285.0,108200.0,108200.0,620
202604151345,108210.0,108285.0,108200.0,108260.0,891
202604151400,108275.0,108330.0,108265.0,108325.0,548
202604151415,108360.0,108360.0,108275.0,108330.0,1249
202604151430,108330.0,108350.0,108295.0,108320.0,678
202604151445,108310.0,108350.0,108285.0,108305.0,839
202604151500,108320.0,108435.0,108290.0,108415.0,285
202604151515,108405.0,108515.0,108405.0,108420.0,4066
202604160900,108435.0,108455.0,108330.0,108330.0,1212
202604160915,108340.0,108340.0,108295.0,108340.0,702
202604160930,108340.0,108340.0,108280.0,108330.0,3699
202604160945,108350.0,108365.0,108300.0,108365.0,365
202604161000,108375.0,108395.0,108340.0,108370.0,368
202604161015,108370.0,108370.0,108275.0,108300.0,2504
202604161030,108300.0,108365.0,108290.0,108325.0,670
202604161045,108345.0,108365.0,108280.0,108280.0,144
202604161100,108280.0,108325.0,108275.0,108300.0,158
202604161115,108295.0,108300.0,108230.0,108230.0,976
202604161130,108230.0,108245.0,108200.0,108245.0,74
202604161145,108240.0,108280.0,108230.0,108270.0,170
202604161200,108375.0,108380.0,108345.0,108345.0,862
202604161215,108345.0,108345.0,108210.0,108245.0,861
202604161230,108245.0,108250.0,108205.0,108230.0,64
202604161245,108240.0,108260.0,108205.0,108220.0,92
202604161300,108220.0,108220.0,108195.0,108210.0,84
202604161315,108190.0,108230.0,108185.0,108205.0,141
202604161330,108195.0,108240.0,108195.0,108205.0,129
202604161345,108240.0,108240.0,108175.0,108175.0,692
202604161400,108170.0,108235.0,108160.0,108225.0,245
202604161415,108205.0,108205.0,108155.0,108175.0,114
202604161430,108185.0,108185.0,108100.0,108130.0,572
202604161445,108130.0,108185.0,108130.0,108175.0,525
202604161500,108180.0,108205.0,108155.0,108165.0,206
202604161515,108175.0,108175.0,108175.0,108175.0,2040
202604170900,107960.0,107960.0,107905.0,107930.0,451
202604170915,107950.0,108000.0,107925.0,107990.0,697
202604170930,107985.0,107985.0,107865.0,107910.0,976
202604170945,107925.0,107950.0,107895.0,107895.0,425
202604171000,107885.0,107895.0,107855.0,107885.0,188
202604171015,107885.0,107895.0,107850.0,107875.0,681
202604171030,107875.0,107905.0,107860.0,107885.0,284
202604171045,107935.0,107945.0,107915.0,107935.0,153
202604171100,107920.0,107950.0,107900.0,107900.0,215
202604171115,107900.0,107905.0,107865.0,107865.0,467
202604171130,107865.0,107885.0,107860.0,107860.0,131
202604171145,107865.0,107865.0,107835.0,107835.0,447
202604171200,107835.0,107850.0,107830.0,107830.0,263
202604171215,107840.0,107850.0,107800.0,107810.0,400
202604171230,107830.0,107850.0,107800.0,107850.0,91
202604171245,107865.0,107865.0,107830.0,107830.0,84
202604171300,107850.0,107850.0,107790.0,107805.0,2255
202604171315,107815.0,107845.0,107805.0,107835.0,91
202604171330,107835.0,107865.0,107835.0,107845.0,301
202604171345,107845.0,107885.0,107845.0,107855.0,472
202604171400,107855.0,107865.0,107810.0,107865.0,122
202604171415,107860.0,107885.0,107825.0,107885.0,305
202604171430,107895.0,107920.0,107885.0,107900.0,132
202604171445,107900.0,107940.0,107895.0,107895.0,77
202604171500,107895.0,107930.0,107830.0,107895.0,303
202604171515,107875.0,107910.0,107875.0,107900.0,230
202604200900,108030.0,108075.0,107990.0,108075.0,1258
202604200915,108085.0,108160.0,108065.0,108150.0,1170
202604200930,108140.0,108165.0,108110.0,108130.0,1224
202604200945,108160.0,108170.0,108110.0,108110.0,551
202604201000,108105.0,108160.0,108095.0,108120.0,855
202604201015,108150.0,108160.0,108100.0,108160.0,388
202604201030,108165.0,108205.0,108150.0,108190.0,345
202604201045,108190.0,108240.0,108190.0,108210.0,154
202604201100,108225.0,108250.0,108210.0,108225.0,124
202604201115,108230.0,108290.0,108230.0,108290.0,104
202604201130,108300.0,108310.0,108265.0,108300.0,383
202604201145,108285.0,108310.0,108265.0,108295.0,99
202604201200,108290.0,108290.0,108265.0,108280.0,37
202604201215,108280.0,108310.0,108255.0,108310.0,465
202604201230,108310.0,108320.0,108300.0,108310.0,2502
202604201245,108310.0,108330.0,108305.0,108310.0,87
202604201300,108310.0,108360.0,108305.0,108360.0,116
202604201315,108340.0,108365.0,108335.0,108355.0,2187
202604201330,108345.0,108345.0,108300.0,108325.0,270
202604201345,108315.0,108325.0,108290.0,108315.0,153
202604201400,108290.0,108300.0,108240.0,108260.0,692
202604201415,108260.0,108270.0,108195.0,108205.0,111
202604201430,108205.0,108205.0,108150.0,108150.0,106
202604201445,108150.0,108205.0,108125.0,108185.0,339
202604201500,108170.0,108225.0,108170.0,108175.0,266
202604201515,108170.0,108175.0,108145.0,108145.0,2153
202604210900,108365.0,108420.0,108300.0,108315.0,1620
202604210915,108315.0,108315.0,108195.0,108230.0,1179
202604210930,108230.0,108260.0,108175.0,108260.0,1283
202604210945,108260.0,108275.0,108200.0,108200.0,5494
202604211000,108200.0,108230.0,108170.0,108190.0,1117
202604211015,108200.0,108265.0,108200.0,108255.0,939
202604211030,108255.0,108330.0,108245.0,108320.0,1543
202604211045,108320.0,108320.0,108285.0,108300.0,2712
202604211100,108310.0,108350.0,108285.0,108305.0,946
202604211115,108305.0,108320.0,108290.0,108300.0,831
202604211130,108300.0,108320.0,108270.0,108320.0,966
202604211145,108320.0,108335.0,108310.0,108320.0,880
202604211200,108300.0,108335.0,108300.0,108310.0,366
202604211215,108300.0,108310.0,108275.0,108280.0,476
202604211230,108280.0,108280.0,108250.0,108270.0,1007
202604211245,108270.0,108300.0,108180.0,108180.0,2798
202604211300,108215.0,108250.0,108205.0,108240.0,6152
202604211315,108240.0,108285.0,108235.0,108275.0,848
202604211330,108275.0,108365.0,108265.0,108360.0,905
202604211345,108360.0,108480.0,108360.0,108460.0,3338
202604211400,108450.0,108545.0,108450.0,108540.0,944
202604211415,108545.0,108570.0,108490.0,108500.0,920
202604211430,108490.0,108500.0,108480.0,108480.0,1091
202604211445,108480.0,108480.0,108445.0,108460.0,1028
202604211500,108460.0,108480.0,108440.0,108465.0,845
202604211515,108450.0,108450.0,108430.0,108440.0,180
202604220900,108085.0,108175.0,108085.0,108165.0,1351
202604220915,108165.0,108180.0,108100.0,108115.0,1185
202604220930,108115.0,108125.0,108070.0,108095.0,246
202604220945,108090.0,108135.0,108065.0,108115.0,222
202604221000,108115.0,108170.0,108115.0,108115.0,278
202604221015,108095.0,108125.0,108095.0,108125.0,393
202604221030,108125.0,108125.0,108075.0,108105.0,173
202604221045,108105.0,108190.0,108105.0,108190.0,717
202604221100,108170.0,108180.0,108130.0,108160.0,493
202604221115,108140.0,108165.0,108130.0,108165.0,2200
202604221130,108150.0,108170.0,108140.0,108140.0,103
202604221145,108135.0,108155.0,108125.0,108135.0,266
202604221200,108140.0,108150.0,108110.0,108110.0,277
202604221215,108110.0,108120.0,108075.0,108110.0,1016
202604221230,108110.0,108110.0,108075.0,108100.0,109
202604221245,108120.0,108140.0,108090.0,108110.0,401
202604221300,108130.0,108130.0,108100.0,108130.0,862
202604221315,108130.0,108130.0,108110.0,108130.0,122
202604221330,108120.0,108175.0,108110.0,108165.0,493
202604221345,108175.0,108175.0,108090.0,108090.0,370
202604221400,108090.0,108110.0,108075.0,108090.0,206
202604221415,108090.0,108300.0,108090.0,108250.0,777
202604221430,108240.0,108240.0,108155.0,108185.0,657
202604221445,108195.0,108205.0,108090.0,108100.0,181
202604221500,108100.0,108120.0,108080.0,108120.0,1152
202604221515,108110.0,108110.0,108075.0,108110.0,89
202604230900,107690.0,107690.0,107190.0,107190.0,868
202604230915,107190.0,107380.0,107070.0,107350.0,1618
202604230930,107350.0,107385.0,107285.0,107385.0,980
202604230945,107385.0,107510.0,107375.0,107460.0,331
202604231000,107460.0,107475.0,107405.0,107435.0,389
202604231015,107435.0,107475.0,107420.0,107455.0,372
202604231030,107465.0,107470.0,107395.0,107420.0,1375
202604231045,107440.0,107440.0,107280.0,107365.0,485
202604231100,107360.0,107365.0,107280.0,107280.0,552
202604231115,107290.0,107290.0,107255.0,107285.0,251
202604231130,107280.0,107345.0,107275.0,107290.0,223
202604231145,107297.0,107315.0,107245.0,107250.0,2375
202604231200,107245.0,107270.0,107140.0,107140.0,4397
202604231215,107155.0,107170.0,107120.0,107140.0,310
202604231230,107120.0,107155.0,107110.0,107135.0,164
202604231245,107135.0,107190.0,107120.0,107165.0,2240
202604231300,107155.0,107195.0,107135.0,107190.0,278
202604231315,107190.0,107210.0,107155.0,107180.0,575
202604231330,107210.0,107210.0,107180.0,107180.0,180
202604231345,107175.0,107230.0,107175.0,107210.0,283
202604231400,107210.0,107230.0,107200.0,107205.0,560
202604231415,107205.0,107210.0,107180.0,107190.0,64
202604231430,107190.0,107210.0,107140.0,107140.0,2199
202604231445,107140.0,107230.0,107140.0,107220.0,1115
202604231500,107240.0,107325.0,107220.0,107270.0,242
202604231515,107270.0,107315.0,107270.0,107315.0,2100
202604240900,107370.0,107385.0,107210.0,107365.0,5140
202604240915,107360.0,107385.0,107195.0,107200.0,1012
202604240930,107200.0,107215.0,107125.0,107150.0,519
202604240945,107135.0,107135.0,107100.0,107100.0,384
202604241000,107090.0,107130.0,107030.0,107130.0,307
202604241015,107150.0,107180.0,107120.0,107140.0,304
202604241030,107160.0,107190.0,107135.0,107190.0,298
202604241045,107190.0,107260.0,107190.0,107255.0,643
202604241100,107235.0,107235.0,107180.0,107210.0,183
202604241115,107210.0,107210.0,107170.0,107190.0,93
202604241130,107190.0,107205.0,107170.0,107170.0,84
202604241145,107170.0,107180.0,107160.0,107160.0,75
202604241200,107160.0,107160.0,107140.0,107140.0,122
202604241215,107140.0,107150.0,107135.0,107150.0,89
202604241230,107142.0,107160.0,107135.0,107160.0,32
202604241245,107150.0,107155.0,107085.0,107085.0,296
202604241300,107105.0,107160.0,107105.0,107140.0,131
202604241315,107135.0,107190.0,107100.0,107160.0,139
202604241330,107190.0,107200.0,107150.0,107170.0,122
202604241345,107185.0,107240.0,107185.0,107225.0,108
202604241400,107225.0,107225.0,107165.0,107190.0,250
202604241415,107150.0,107180.0,107145.0,107170.0,426
202604241430,107170.0,107170.0,107140.0,107145.0,330
202604241445,107145.0,107145.0,107100.0,107125.0,422
202604241500,107120.0,107135.0,107020.0,107135.0,4450
202604241515,107135.0,107135.0,107065.0,107065.0,457
202604270900,107180.0,107265.0,107150.0,107190.0,1682
202604270915,107160.0,107180.0,107095.0,107135.0,834
202604270930,107130.0,107170.0,107085.0,107170.0,1272
202604270945,107170.0,107250.0,107120.0,107250.0,489
202604271000,107235.0,107360.0,107215.0,107310.0,1256
202604271015,107310.0,107385.0,107285.0,107375.0,511
202604271030,107375.0,107375.0,107300.0,107360.0,268
202604271045,107360.0,107450.0,107350.0,107440.0,1379
202604271100,107420.0,107450.0,107370.0,107375.0,563
202604271115,107385.0,107410.0,107355.0,107410.0,644
202604271130,107410.0,107420.0,107360.0,107360.0,588
202604271145,107370.0,107370.0,107350.0,107360.0,1078
202604271200,107360.0,107370.0,107340.0,107345.0,155
202604271215,107340.0,107340.0,107290.0,107305.0,357
202604271230,107305.0,107335.0,107295.0,107295.0,406
202604271245,107290.0,107305.0,107270.0,107285.0,334
202604271300,107285.0,107340.0,107255.0,107255.0,462
202604271315,107285.0,107325.0,107275.0,107305.0,306
202604271330,107295.0,107295.0,107260.0,107260.0,202
202604271345,107275.0,107275.0,107145.0,107145.0,1411
202604271400,107155.0,107220.0,107155.0,107210.0,211
202604271415,107210.0,107210.0,107155.0,107170.0,773
202604271430,107170.0,107190.0,107125.0,107180.0,463
202604271445,107180.0,107220.0,107155.0,107155.0,414
202604271500,107165.0,107220.0,107155.0,107155.0,275
202604271515,107140.0,107140.0,107070.0,107115.0,75
202604280900,107000.0,107075.0,106995.0,107010.0,3050
202604280915,107010.0,107075.0,106925.0,106935.0,718
202604280930,106925.0,106965.0,106885.0,106905.0,608
202604280945,106910.0,106935.0,106850.0,106850.0,576
202604281000,106850.0,106890.0,106840.0,106880.0,225
202604281015,106885.0,106900.0,106870.0,106880.0,232
202604281030,106890.0,106940.0,106855.0,106890.0,1060
202604281045,106895.0,106895.0,106810.0,106825.0,942
202604281100,106815.0,106840.0,106785.0,106795.0,976
202604281115,106790.0,106795.0,106620.0,106635.0,1280
202604281130,106635.0,106670.0,106590.0,106600.0,526
202604281145,106655.0,106655.0,106565.0,106575.0,2784
202604281200,106575.0,106615.0,106560.0,106610.0,1426
202604281215,106610.0,106655.0,106600.0,106610.0,525
202604281230,106605.0,106665.0,106590.0,106655.0,252
202604281245,106650.0,106655.0,106590.0,106620.0,317
202604281300,106610.0,106690.0,106590.0,106665.0,171
202604281315,106680.0,106695.0,106660.0,106685.0,236
202604281330,106680.0,106700.0,106655.0,106700.0,822
202604281345,106700.0,106770.0,106700.0,106750.0,247
202604281400,106760.0,106795.0,106740.0,106780.0,777
202604281415,106790.0,106795.0,106740.0,106750.0,1015
202604281430,106750.0,106755.0,106685.0,106730.0,687
202604281445,106735.0,106735.0,106670.0,106670.0,121
202604281500,106675.0,106735.0,106675.0,106705.0,189
202604281515,106720.0,106745.0,106695.0,106745.0,280
202604290900,106760.0,106765.0,106655.0,106710.0,1191
202604290915,106730.0,106730.0,106615.0,106635.0,1065
202604290930,106625.0,106625.0,106575.0,106575.0,445
202604290945,106575.0,106575.0,106500.0,106510.0,4798
202604291000,106520.0,106520.0,106340.0,106410.0,453
202604291015,106445.0,106530.0,106445.0,106530.0,464
202604291030,106565.0,106565.0,106465.0,106530.0,161
202604291045,106540.0,106540.0,106485.0,106485.0,298
202604291100,106500.0,106615.0,106500.0,106605.0,76
202604291115,106595.0,106680.0,106580.0,106640.0,648
202604291130,106650.0,106660.0,106640.0,106660.0,65
202604291145,106640.0,106670.0,106640.0,106660.0,175
202604291200,106660.0,106695.0,106640.0,106685.0,1553
202604291215,106685.0,106700.0,106670.0,106700.0,116
202604291230,106675.0,106695.0,106660.0,106670.0,195
202604291245,106677.0,106835.0,106677.0,106820.0,354
202604291300,106855.0,106860.0,106785.0,106835.0,152
202604291315,106810.0,106875.0,106800.0,106835.0,116
202604291330,106835.0,106920.0,106835.0,106865.0,784
202604291345,106875.0,106875.0,106800.0,106805.0,275
202604291400,106815.0,106825.0,106750.0,106750.0,427
202604291415,106750.0,106760.0,106705.0,106725.0,88
202604291430,106725.0,106725.0,106630.0,106710.0,598
202604291445,106720.0,106760.0,106720.0,106720.0,81
202604291500,106760.0,106835.0,106760.0,106835.0,242
202604291515,106865.0,106930.0,106860.0,106930.0,168
202604300900,106445.0,106460.0,106350.0,106380.0,2539
202604300915,106360.0,106360.0,106300.0,106345.0,6354
202604300930,106335.0,106410.0,106305.0,106390.0,807
202604300945,106380.0,106380.0,106305.0,106350.0,623
202604301000,106345.0,106415.0,106345.0,106410.0,726
202604301015,106390.0,106470.0,106390.0,106440.0,543
202604301030,106440.0,106460.0,106390.0,106460.0,356
202604301045,106500.0,106570.0,106460.0,106535.0,456
202604301100,106535.0,106685.0,106525.0,106660.0,433
202604301115,106650.0,106650.0,106540.0,106540.0,403
202604301130,106530.0,106540.0,106480.0,106480.0,2645
202604301145,106460.0,106490.0,106450.0,106465.0,376
202604301200,106465.0,106545.0,106440.0,106465.0,629
202604301215,106465.0,106495.0,106450.0,106465.0,575
202604301230,106475.0,106515.0,106460.0,106505.0,624
202604301245,106485.0,106505.0,106450.0,106450.0,364
202604301300,106440.0,106460.0,106380.0,106385.0,845
202604301315,106390.0,106395.0,106335.0,106345.0,510
202604301330,106345.0,106390.0,106295.0,106390.0,2902
202604301345,106370.0,106415.0,106360.0,106365.0,2513
202604301400,106360.0,106425.0,106360.0,106395.0,1120
202604301415,106370.0,106410.0,106320.0,106410.0,718
202604301430,106390.0,106445.0,106370.0,106370.0,461
202604301445,106370.0,106370.0,106230.0,106240.0,909
202604301500,106250.0,106260.0,106115.0,106210.0,666
202604301515,106200.0,106200.0,106155.0,106155.0,475
202605040900,106745.0,106765.0,106635.0,106645.0,2054
202605040915,106650.0,106700.0,106595.0,106625.0,905
202605040930,106630.0,106660.0,106605.0,106650.0,1339
202605040945,106650.0,106690.0,106195.0,106240.0,18128
202605041000,106255.0,106410.0,106185.0,106350.0,25357
202605041015,106390.0,106530.0,106380.0,106390.0,5234
202605041030,106400.0,106425.0,106330.0,106425.0,1925
202605041045,106400.0,106405.0,106310.0,106340.0,6349
202605041100,106335.0,106390.0,106320.0,106370.0,2674
202605041115,106375.0,106385.0,106345.0,106355.0,6408
202605041130,106340.0,106385.0,106300.0,106350.0,578
202605041145,106355.0,106410.0,106310.0,106385.0,200
202605041200,106395.0,106415.0,106375.0,106375.0,363
202605041215,106375.0,106415.0,106365.0,106405.0,683
202605041230,106405.0,106415.0,106370.0,106400.0,867
202605041245,106400.0,106440.0,106375.0,106420.0,1213
202605041300,106420.0,106460.0,106385.0,106415.0,468
202605041315,106415.0,106425.0,106365.0,106375.0,501
202605041330,106375.0,106405.0,106350.0,106350.0,1179
202605041345,106370.0,106395.0,106370.0,106395.0,388
202605041400,106385.0,106430.0,106365.0,106410.0,1338
202605041415,106415.0,106505.0,106400.0,106400.0,311
202605041430,106425.0,106500.0,106425.0,106490.0,480
202605041445,106500.0,106510.0,106475.0,106500.0,372
202605041500,106485.0,106500.0,106430.0,106445.0,1131
202605041515,106415.0,106415.0,106320.0,106320.0,131
202605060900,106295.0,106295.0,106105.0,106115.0,10199
202605060915,106120.0,106125.0,105855.0,105880.0,23852
202605060930,105885.0,105885.0,105765.0,105810.0,6093
202605060945,105815.0,105920.0,105795.0,105890.0,2870
202605061000,105890.0,105985.0,105860.0,105940.0,1476
202605061015,105940.0,106100.0,105935.0,106100.0,1004
202605061030,106105.0,106235.0,106105.0,106165.0,2792
202605061045,106185.0,106245.0,106080.0,106080.0,1480
202605061100,106080.0,106115.0,106010.0,106105.0,433
202605061115,106105.0,106140.0,106010.0,106055.0,188
202605061130,106065.0,106065.0,105900.0,105965.0,1383
202605061145,105965.0,105965.0,105850.0,105890.0,415
202605061200,105890.0,105965.0,105890.0,105925.0,189
202605061215,105915.0,106075.0,105910.0,106050.0,326
202605061230,106040.0,106135.0,106015.0,106115.0,345
202605061245,106135.0,106150.0,106085.0,106085.0,560
202605061300,106090.0,106105.0,106042.0,106075.0,1138
202605061315,106050.0,106065.0,105965.0,106020.0,539
202605061330,106020.0,106145.0,106010.0,106105.0,511
202605061345,106115.0,106125.0,106015.0,106060.0,413
202605061400,106060.0,106060.0,105965.0,105965.0,584
202605061415,105960.0,105975.0,105915.0,105935.0,2498
202605061430,105955.0,106030.0,105955.0,106020.0,517
202605061445,106030.0,106150.0,106030.0,106150.0,489
202605061500,106170.0,106225.0,106150.0,106225.0,99
202605061515,106215.0,106235.0,106210.0,106225.0,235
202605070900,106565.0,106620.0,106560.0,106560.0,3603
202605070915,106575.0,106580.0,106430.0,106450.0,658
202605070930,106455.0,106530.0,106440.0,106530.0,587
202605070945,106530.0,106585.0,106505.0,106580.0,949
202605071000,106580.0,106730.0,106540.0,106700.0,474
202605071015,106700.0,106725.0,106690.0,106720.0,318
202605071030,106720.0,106775.0,106690.0,106745.0,259
202605071045,106725.0,106735.0,106670.0,106670.0,233
202605071100,106670.0,106680.0,106620.0,106625.0,1758
202605071115,106620.0,106630.0,106560.0,106575.0,3387
202605071130,106575.0,106595.0,106535.0,106545.0,2759
202605071145,106545.0,106555.0,106515.0,106535.0,2693
202605071200,106525.0,106570.0,106525.0,106570.0,2674
202605071215,106535.0,106565.0,106515.0,106545.0,2915
202605071230,106560.0,106570.0,106535.0,106545.0,2907
202605071245,106545.0,106560.0,106500.0,106500.0,4925
202605071300,106505.0,106605.0,106490.0,106595.0,4751
202605071315,106590.0,106595.0,106555.0,106570.0,4934
202605071330,106570.0,106575.0,106515.0,106555.0,3170
202605071345,106555.0,106600.0,106515.0,106585.0,3209
202605071400,106585.0,106615.0,106545.0,106545.0,2979
202605071415,106545.0,106600.0,106535.0,106575.0,3125
202605071430,106590.0,106630.0,106550.0,106610.0,4342
202605071445,106625.0,106635.0,106585.0,106635.0,4638
202605071500,106640.0,106665.0,106605.0,106605.0,7387
202605071515,106595.0,106595.0,106560.0,106575.0,96
202605080900,106465.0,106500.0,106400.0,106475.0,523
202605080915,106485.0,106510.0,106455.0,106475.0,325
202605080930,106475.0,106540.0,106465.0,106490.0,1166
202605080945,106490.0,106530.0,106460.0,106530.0,328
202605081000,106540.0,106565.0,106525.0,106530.0,461
202605081015,106540.0,106575.0,106520.0,106530.0,295
202605081030,106530.0,106565.0,106530.0,106545.0,126
202605081045,106545.0,106580.0,106535.0,106535.0,19692
202605081100,106535.0,106550.0,106485.0,106490.0,130
202605081115,106480.0,106480.0,106430.0,106470.0,383
202605081130,106470.0,106470.0,106400.0,106430.0,104
202605081145,106430.0,106485.0,106420.0,106460.0,173
202605081200,106460.0,106490.0,106460.0,106485.0,96
202605081215,106470.0,106470.0,106445.0,106445.0,154
202605081230,106445.0,106485.0,106440.0,106475.0,601
202605081245,106460.0,106460.0,106410.0,106420.0,98
202605081300,106420.0,106470.0,106360.0,106360.0,197
202605081315,106375.0,106420.0,106365.0,106410.0,124
202605081330,106405.0,106410.0,106340.0,106365.0,112
202605081345,106365.0,106450.0,106365.0,106430.0,201
202605081400,106430.0,106450.0,106430.0,106440.0,146
202605081415,106440.0,106500.0,106415.0,106500.0,989
202605081430,106485.0,106495.0,106465.0,106485.0,125
202605081445,106475.0,106480.0,106445.0,106445.0,2070
202605081500,106445.0,106505.0,106445.0,106505.0,99
202605081515,106490.0,106500.0,106480.0,106480.0,36
202605110900,106305.0,106350.0,106290.0,106350.0,1183
202605110915,106325.0,106460.0,106325.0,106450.0,1322
202605110930,106450.0,106475.0,106425.0,106450.0,811
202605110945,106450.0,106450.0,106255.0,106340.0,773
202605111000,106340.0,106370.0,106310.0,106340.0,874
202605111015,106340.0,106410.0,106340.0,106405.0,565
202605111030,106405.0,106420.0,106340.0,106415.0,604
202605111045,106410.0,106410.0,106350.0,106355.0,406
202605111100,106365.0,106415.0,106355.0,106405.0,454
202605111115,106385.0,106415.0,106375.0,106395.0,306
202605111130,106405.0,106430.0,106320.0,106335.0,197
202605111145,106345.0,106355.0,106320.0,106335.0,511
202605111200,106320.0,106345.0,106300.0,106310.0,350
202605111215,106320.0,106365.0,106310.0,106365.0,540
202605111230,106365.0,106365.0,106335.0,106335.0,857
202605111245,106335.0,106400.0,106325.0,106400.0,440
202605111300,106400.0,106400.0,106310.0,106335.0,480
202605111315,106360.0,106360.0,106285.0,106305.0,457
202605111330,106300.0,106305.0,106175.0,106175.0,500
202605111345,106220.0,106230.0,106115.0,106125.0,790
202605111400,106130.0,106190.0,106130.0,106175.0,848
202605111415,106170.0,106170.0,106130.0,106140.0,978
202605111430,106140.0,106140.0,106085.0,106090.0,823
202605111445,106095.0,106120.0,106065.0,106120.0,763
202605111500,106137.0,106160.0,106047.0,106130.0,985
202605111515,106130.0,106170.0,106090.0,106170.0,478
202605120900,105965.0,105965.0,105815.0,105825.0,5154
202605120915,105815.0,105890.0,105815.0,105880.0,388
202605120930,105880.0,105890.0,105815.0,105835.0,1241
202605120945,105845.0,105865.0,105825.0,105845.0,881
202605121000,105845.0,105850.0,105810.0,105850.0,357
202605121015,105855.0,105880.0,105740.0,105745.0,3467
202605121030,105755.0,105775.0,105735.0,105765.0,4563
202605121045,105765.0,105800.0,105755.0,105765.0,427
202605121100,105765.0,105815.0,105755.0,105800.0,444
202605121115,105810.0,105820.0,105800.0,105820.0,750
202605121130,105810.0,105820.0,105755.0,105775.0,651
202605121145,105775.0,105795.0,105775.0,105780.0,233
202605121200,105780.0,105790.0,105765.0,105785.0,164
202605121215,105780.0,105795.0,105750.0,105780.0,962
202605121230,105780.0,105780.0,105700.0,105735.0,338
202605121245,105730.0,105735.0,105715.0,105715.0,470
202605121300,105715.0,105715.0,105650.0,105655.0,1265
202605121315,105680.0,105695.0,105640.0,105690.0,518
202605121330,105700.0,105715.0,105670.0,105700.0,236
202605121345,105700.0,105715.0,105670.0,105690.0,495
202605121400,105690.0,105700.0,105595.0,105615.0,341
202605121415,105640.0,105700.0,105610.0,105685.0,1305
202605121430,105685.0,105685.0,105610.0,105630.0,1416
202605121445,105630.0,105660.0,105595.0,105630.0,1926
202605121500,105630.0,105630.0,105425.0,105425.0,2755
202605121515,105445.0,105445.0,105380.0,105380.0,6355
202605130900,105060.0,105070.0,105000.0,105070.0,8206
202605130915,105085.0,105245.0,105070.0,105230.0,1050
202605130930,105225.0,105310.0,105200.0,105275.0,690
202605130945,105302.0,105310.0,105220.0,105265.0,921
202605131000,105255.0,105280.0,105090.0,105165.0,1650
202605131015,105155.0,105200.0,105030.0,105200.0,2273
202605131030,105200.0,105200.0,105130.0,105145.0,1590
202605131045,105145.0,105335.0,105145.0,105330.0,1205
202605131100,105330.0,105330.0,105200.0,105200.0,652
202605131115,105190.0,105200.0,105110.0,105155.0,349
202605131130,105155.0,105190.0,105125.0,105135.0,770
202605131145,105175.0,105200.0,105160.0,105175.0,588
202605131200,105180.0,105240.0,105180.0,105200.0,470
202605131215,105230.0,105230.0,105175.0,105180.0,446
202605131230,105180.0,105260.0,105180.0,105200.0,387
202605131245,105190.0,105200.0,105165.0,105195.0,387
202605131300,105210.0,105280.0,105210.0,105240.0,254
202605131315,105250.0,105270.0,105210.0,105235.0,529
202605131330,105235.0,105315.0,105230.0,105280.0,1111
202605131345,105285.0,105305.0,105270.0,105285.0,566
202605131400,105295.0,105315.0,105235.0,105305.0,272
202605131415,105305.0,105335.0,105240.0,105335.0,353
202605131430,105335.0,105360.0,105315.0,105325.0,242
202605131445,105325.0,105345.0,105285.0,105285.0,219
202605131500,105305.0,105465.0,105305.0,105430.0,504
202605131515,105420.0,105440.0,105400.0,105440.0,3729
202605140900,105500.0,105500.0,105305.0,105410.0,9569
202605140915,105430.0,105625.0,105420.0,105625.0,1146
202605140930,105620.0,105635.0,105540.0,105615.0,1586
202605140945,105615.0,105650.0,105595.0,105605.0,627
202605141000,105595.0,105650.0,105595.0,105650.0,1095
202605141015,105650.0,105660.0,105620.0,105640.0,251
202605141030,105640.0,105665.0,105615.0,105635.0,976
202605141045,105615.0,105615.0,105395.0,105420.0,319
202605141100,105420.0,105520.0,105420.0,105505.0,516
202605141115,105485.0,105545.0,105460.0,105510.0,241
202605141130,105535.0,105535.0,105460.0,105470.0,202
202605141145,105460.0,105480.0,105440.0,105460.0,118
202605141200,105460.0,105485.0,105450.0,105465.0,196
202605141215,105465.0,105530.0,105465.0,105505.0,256
202605141230,105500.0,105515.0,105445.0,105445.0,332
202605141245,105440.0,105440.0,105325.0,105325.0,249
202605141300,105325.0,105335.0,105240.0,105280.0,796
202605141315,105280.0,105335.0,105220.0,105220.0,946
202605141330,105200.0,105235.0,105155.0,105235.0,585
202605141345,105230.0,105235.0,105185.0,105185.0,310
202605141400,105185.0,105185.0,105075.0,105075.0,984
202605141415,105075.0,105110.0,105050.0,105080.0,208
202605141430,105100.0,105150.0,105025.0,105150.0,2498
202605141445,105140.0,105160.0,105075.0,105160.0,459
202605141500,105160.0,105255.0,105140.0,105225.0,413
202605141515,105225.0,105255.0,105205.0,105205.0,88
202605150900,104900.0,104900.0,104775.0,104805.0,1772
202605150915,104815.0,104870.0,104775.0,104800.0,2265
202605150930,104800.0,104800.0,104570.0,104650.0,5572
202605150945,104650.0,104715.0,104620.0,104705.0,2938
202605151000,104695.0,104705.0,104590.0,104590.0,265
202605151015,104590.0,104590.0,104475.0,104510.0,508
202605151030,104500.0,104500.0,104400.0,104400.0,548
202605151045,104390.0,104390.0,104285.0,104285.0,3636
202605151100,104295.0,104400.0,104295.0,104360.0,425
202605151115,104380.0,104400.0,104325.0,104380.0,325
202605151130,104380.0,104415.0,104295.0,104295.0,6733
202605151145,104300.0,104385.0,104250.0,104270.0,2636
202605151200,104270.0,104335.0,104250.0,104330.0,151
202605151215,104345.0,104345.0,104280.0,104340.0,2307
202605151230,104340.0,104340.0,104285.0,104310.0,187
202605151245,104320.0,104320.0,104250.0,104265.0,734
202605151300,104260.0,104370.0,104255.0,104360.0,180
202605151315,104365.0,104375.0,104170.0,104295.0,9046
202605151330,104300.0,104315.0,104175.0,104185.0,3816
202605151345,104170.0,104295.0,104145.0,104255.0,1568
202605151400,104250.0,104285.0,104205.0,104275.0,596
202605151415,104285.0,104295.0,104230.0,104260.0,364
202605151430,104260.0,104260.0,104100.0,104100.0,920
202605151445,104090.0,104110.0,103970.0,103980.0,1409
202605151500,103970.0,104015.0,103825.0,103920.0,1620
202605151515,103975.0,104160.0,103975.0,104160.0,643
202605180900,103765.0,103900.0,103765.0,103820.0,1747
202605180915,103875.0,103940.0,103830.0,103885.0,579
202605180930,103870.0,103905.0,103735.0,103735.0,1257
202605180945,103780.0,103800.0,103630.0,103670.0,881
202605181000,103670.0,103705.0,103460.0,103510.0,2628
202605181015,103530.0,103650.0,103530.0,103640.0,1705
202605181030,103640.0,103665.0,103540.0,103540.0,813
202605181045,103525.0,103580.0,103410.0,103410.0,920
202605181100,103420.0,103570.0,103420.0,103555.0,1546
202605181115,103565.0,103660.0,103565.0,103630.0,1647
202605181130,103630.0,103690.0,103490.0,103690.0,1487
202605181145,103690.0,103830.0,103675.0,103830.0,1833
202605181200,103810.0,103810.0,103705.0,103735.0,970
202605181215,103745.0,103750.0,103675.0,103680.0,1344
202605181230,103680.0,103720.0,103675.0,103680.0,2347
202605181245,103675.0,103765.0,103670.0,103755.0,1378
202605181300,103765.0,103870.0,103765.0,103845.0,1133
202605181315,103810.0,103875.0,103810.0,103845.0,1459
202605181330,103825.0,103900.0,103730.0,103805.0,1570
202605181345,103815.0,103830.0,103765.0,103820.0,1280
202605181400,103840.0,103970.0,103830.0,103960.0,3121
202605181415,103960.0,104015.0,103955.0,103955.0,1862
202605181430,103965.0,103975.0,103925.0,103945.0,1408
202605181445,103945.0,103965.0,103880.0,103940.0,1462
202605181500,103960.0,104110.0,103950.0,104110.0,1332
202605181515,104120.0,104120.0,103965.0,103965.0,259
202605190900,103940.0,103950.0,103830.0,103880.0,1047
202605190915,103880.0,104055.0,103880.0,104035.0,774
202605190930,104025.0,104035.0,103970.0,104000.0,687
202605190945,104000.0,104015.0,103845.0,103905.0,1477
202605191000,103905.0,104045.0,103905.0,104010.0,394
202605191015,104030.0,104045.0,103960.0,103960.0,352
202605191030,103960.0,104145.0,103940.0,104130.0,819
202605191045,104140.0,104165.0,104080.0,104085.0,842
202605191100,104075.0,104080.0,103940.0,103980.0,624
202605191115,103980.0,104110.0,103960.0,104110.0,786
202605191130,104090.0,104160.0,104090.0,104160.0,451
202605191145,104150.0,104170.0,104095.0,104100.0,547
202605191200,104110.0,104110.0,104035.0,104060.0,1271
202605191215,104075.0,104125.0,104075.0,104095.0,286
202605191230,104080.0,104090.0,104015.0,104020.0,377
202605191245,104005.0,104005.0,103955.0,103990.0,2859
202605191300,104005.0,104055.0,104000.0,104025.0,341
202605191315,104015.0,104025.0,103960.0,103995.0,1558
202605191330,104000.0,104000.0,103875.0,103875.0,1534
202605191345,103885.0,103935.0,103870.0,103915.0,2308
202605191400,103915.0,103955.0,103895.0,103935.0,357
202605191415,103960.0,103980.0,103890.0,103955.0,492
202605191430,103960.0,103975.0,103905.0,103935.0,292
202605191445,103920.0,103960.0,103900.0,103900.0,487
202605191500,103900.0,104085.0,103890.0,104085.0,585
202605191515,104040.0,104125.0,104040.0,104125.0,250
202605200900,103845.0,103910.0,103765.0,103765.0,1543
202605200915,103765.0,103795.0,103695.0,103795.0,1237
202605200930,103805.0,103815.0,103765.0,103785.0,802
202605200945,103820.0,103825.0,103690.0,103700.0,849
202605201000,103680.0,103765.0,103675.0,103700.0,158
202605201015,103715.0,103795.0,103715.0,103740.0,221
202605201030,103740.0,103750.0,103625.0,103750.0,138
202605201045,103750.0,104000.0,103750.0,103965.0,274
202605201100,103965.0,104010.0,103955.0,103955.0,343
202605201115,103950.0,104060.0,103930.0,103955.0,339
202605201130,103945.0,104020.0,103890.0,104010.0,245
202605201145,104010.0,104050.0,103980.0,103980.0,496
202605201200,103975.0,103975.0,103950.0,103950.0,93
202605201215,103940.0,103945.0,103905.0,103945.0,312
202605201230,103935.0,103985.0,103935.0,103970.0,176
202605201245,104000.0,104140.0,103990.0,104130.0,426
202605201300,104150.0,104210.0,104150.0,104180.0,549
202605201315,104215.0,104250.0,104190.0,104250.0,139
202605201330,104205.0,104265.0,104165.0,104165.0,88
202605201345,104150.0,104150.0,104075.0,104130.0,414
202605201400,104205.0,104225.0,104190.0,104190.0,121
202605201415,104190.0,104375.0,104190.0,104355.0,303
202605201430,104350.0,104350.0,104235.0,104255.0,43
202605201445,104255.0,104255.0,104170.0,104245.0,466
202605201500,104235.0,104235.0,104160.0,104160.0,683
202605201515,104170.0,104310.0,104170.0,104310.0,44
202605210900,104600.0,104630.0,104545.0,104600.0,433
202605210915,104580.0,104665.0,104505.0,104645.0,1234
202605210930,104655.0,104665.0,104565.0,104565.0,940
202605210945,104620.0,104695.0,104620.0,104645.0,692
202605211000,104665.0,104750.0,104665.0,104710.0,974
202605211015,104710.0,104845.0,104705.0,104845.0,1792
202605211030,104825.0,104835.0,104760.0,104765.0,1573
202605211045,104760.0,104885.0,104745.0,104885.0,1062
202605211100,104895.0,104910.0,104805.0,104820.0,1912
202605211115,104805.0,104820.0,104760.0,104810.0,1440
202605211130,104815.0,104835.0,104770.0,104800.0,1356
202605211145,104810.0,104810.0,104735.0,104735.0,1426
202605211200,104735.0,104762.0,104710.0,104760.0,1227
202605211215,104785.0,104855.0,104775.0,104855.0,1498
202605211230,104855.0,104855.0,104810.0,104820.0,1807
202605211245,104800.0,104800.0,104755.0,104790.0,1237
202605211300,104790.0,104840.0,104785.0,104805.0,1145
202605211315,104805.0,104815.0,104775.0,104805.0,1399
202605211330,104800.0,104835.0,104770.0,104835.0,1279
202605211345,104820.0,104900.0,104750.0,104785.0,1248
202605211400,104785.0,104805.0,104725.0,104725.0,1422
202605211415,104725.0,104725.0,104590.0,104660.0,1234
202605211430,104655.0,104655.0,104625.0,104645.0,1331
202605211445,104625.0,104675.0,104615.0,104670.0,1535
202605211500,104675.0,104760.0,104675.0,104690.0,1704
202605211515,104695.0,104695.0,104650.0,104660.0,205
202605220900,104820.0,104850.0,104755.0,104765.0,310
202605220915,104765.0,104772.0,104710.0,104735.0,642
202605220930,104745.0,104745.0,104700.0,104745.0,255
202605220945,104745.0,104800.0,104670.0,104680.0,536
202605221000,104670.0,104730.0,104630.0,104630.0,1067
202605221015,104630.0,104740.0,104630.0,104740.0,450
202605221030,104755.0,104775.0,104680.0,104690.0,576
202605221045,104700.0,104740.0,104690.0,104735.0,780
202605221100,104735.0,104750.0,104670.0,104700.0,384
202605221115,104680.0,104725.0,104665.0,104700.0,649
202605221130,104700.0,104745.0,104680.0,104715.0,448
202605221145,104715.0,104735.0,104665.0,104725.0,276
202605221200,104725.0,104745.0,104700.0,104715.0,204
202605221215,104735.0,104735.0,104690.0,104715.0,210
202605221230,104715.0,104715.0,104680.0,104680.0,228
202605221245,104690.0,104690.0,104640.0,104670.0,350
202605221300,104670.0,104780.0,104650.0,104755.0,634
202605221315,104760.0,104805.0,104745.0,104790.0,390
202605221330,104790.0,104810.0,104770.0,104780.0,911
202605221345,104805.0,104875.0,104780.0,104855.0,185
202605221400,104845.0,104880.0,104845.0,104850.0,1798
202605221415,104860.0,104895.0,104820.0,104850.0,311
202605221430,104870.0,104880.0,104775.0,104805.0,269
202605221445,104795.0,104805.0,104675.0,104675.0,1611
202605221500,104670.0,104790.0,104670.0,104790.0,299
202605221515,104800.0,104800.0,104790.0,104790.0,127
202605260900,105440.0,105525.0,105395.0,105410.0,1596
202605260915,105415.0,105415.0,105345.0,105365.0,906
202605260930,105365.0,105480.0,105355.0,105470.0,1939
202605260945,105480.0,105485.0,105400.0,105465.0,961
202605261000,105465.0,105560.0,105455.0,105555.0,759
202605261015,105600.0,105600.0,105515.0,105520.0,743
202605261030,105520.0,105520.0,105420.0,105500.0,1022
202605261045,105500.0,105540.0,105460.0,105475.0,2955
202605261100,105460.0,105520.0,105445.0,105445.0,440
202605261115,105445.0,105500.0,105445.0,105500.0,335
202605261130,105490.0,105520.0,105435.0,105440.0,482
202605261145,105435.0,105510.0,105435.0,105490.0,316
202605261200,105490.0,105520.0,105470.0,105490.0,479
202605261215,105500.0,105530.0,105485.0,105500.0,416
202605261230,105500.0,105530.0,105480.0,105500.0,455
202605261245,105520.0,105520.0,105455.0,105475.0,571
202605261300,105475.0,105520.0,105465.0,105500.0,390
202605261315,105520.0,105530.0,105500.0,105510.0,285
202605261330,105500.0,105540.0,105440.0,105440.0,1107
202605261345,105435.0,105485.0,105410.0,105485.0,584
202605261400,105465.0,105475.0,105400.0,105420.0,711
202605261415,105430.0,105485.0,105430.0,105465.0,1400
202605261430,105455.0,105505.0,105430.0,105465.0,956
202605261445,105475.0,105475.0,105400.0,105440.0,934
202605261500,105440.0,105450.0,105410.0,105440.0,836
202605261515,105430.0,105430.0,105395.0,105395.0,364
202605270900,105510.0,105565.0,105470.0,105470.0,625
202605270915,105470.0,105485.0,105380.0,105425.0,5066
202605270930,105425.0,105435.0,105305.0,105370.0,909
202605270945,105350.0,105380.0,105295.0,105325.0,895
202605271000,105325.0,105360.0,105285.0,105295.0,781
202605271015,105335.0,105400.0,105335.0,105400.0,709
202605271030,105380.0,105495.0,105365.0,105485.0,994
202605271045,105475.0,105550.0,105465.0,105475.0,1730
202605271100,105465.0,105495.0,105435.0,105495.0,3920
202605271115,105480.0,105510.0,105470.0,105490.0,3802
202605271130,105490.0,105510.0,105420.0,105430.0,3703
202605271145,105430.0,105500.0,105430.0,105480.0,3436
202605271200,105480.0,105535.0,105480.0,105485.0,3936
202605271215,105510.0,105525.0,105460.0,105460.0,3376
202605271230,105480.0,105485.0,105415.0,105415.0,3715
202605271245,105405.0,105425.0,105350.0,105350.0,3444
202605271300,105340.0,105370.0,105315.0,105360.0,3940
202605271315,105360.0,105415.0,105335.0,105355.0,3695
202605271330,105355.0,105380.0,105325.0,105355.0,3857
202605271345,105350.0,105390.0,105340.0,105340.0,3666
202605271400,105350.0,105415.0,105325.0,105345.0,3709
202605271415,105325.0,105350.0,105285.0,105315.0,3771
202605271430,105295.0,105305.0,105210.0,105210.0,3464
202605271445,105205.0,105310.0,105195.0,105295.0,11650
202605271500,105305.0,105305.0,105230.0,105275.0,13090
202605271515,105300.0,105300.0,105270.0,105270.0,1552
202605280900,105245.0,105300.0,105235.0,105280.0,406
202605280915,105250.0,105310.0,105250.0,105290.0,266
202605280930,105290.0,105350.0,105240.0,105350.0,1167
202605280945,105355.0,105380.0,105212.0,105345.0,856
202605281000,105325.0,105410.0,105305.0,105410.0,348
202605281015,105410.0,105410.0,105155.0,105155.0,172
202605281030,105185.0,105195.0,104780.0,104850.0,14831
202605281045,104815.0,105000.0,104815.0,105000.0,748
202605281100,105000.0,105060.0,104990.0,105020.0,169
202605281115,105000.0,105000.0,104845.0,104955.0,237
202605281130,104980.0,104980.0,104835.0,104855.0,474
202605281145,104855.0,104880.0,104795.0,104860.0,79
202605281200,104860.0,104860.0,104750.0,104760.0,715
202605281215,104760.0,104760.0,104565.0,104565.0,169
202605281230,104590.0,104590.0,104440.0,104480.0,393
202605281245,104480.0,104480.0,104350.0,104365.0,637
202605281300,104350.0,104435.0,104275.0,104375.0,417
202605281315,104390.0,104390.0,104320.0,104340.0,122
202605281330,104340.0,104430.0,104330.0,104430.0,144
202605281345,104395.0,104490.0,104365.0,104365.0,581
202605281400,104365.0,104460.0,104365.0,104430.0,746
202605281415,104425.0,104485.0,104320.0,104485.0,561
202605281430,104515.0,104750.0,104515.0,104750.0,262
202605281445,104760.0,104860.0,104695.0,104860.0,46
202605281500,104880.0,104920.0,104785.0,104920.0,167
202605281515,104890.0,104890.0,104860.0,104860.0,39
202605290900,105410.0,105540.0,105370.0,105455.0,566
202605290915,105445.0,105455.0,105360.0,105400.0,375
202605290930,105410.0,105410.0,105335.0,105335.0,530
202605290945,105350.0,105350.0,105295.0,105315.0,761
202605291000,105315.0,105415.0,105315.0,105360.0,525
202605291015,105370.0,105370.0,105250.0,105305.0,790
202605291030,105315.0,105405.0,105315.0,105405.0,414
202605291045,105405.0,105470.0,105375.0,105470.0,394
202605291100,105460.0,105535.0,105450.0,105525.0,379
202605291115,105525.0,105545.0,105480.0,105480.0,847
202605291130,105470.0,105505.0,105440.0,105460.0,379
202605291145,105450.0,105470.0,105385.0,105395.0,178
202605291200,105385.0,105440.0,105375.0,105410.0,172
202605291215,105420.0,105450.0,105410.0,105450.0,383
202605291230,105450.0,105515.0,105410.0,105485.0,294
202605291245,105490.0,105525.0,105455.0,105475.0,278
202605291300,105470.0,105515.0,105470.0,105495.0,211
202605291315,105540.0,105540.0,105485.0,105505.0,408
202605291330,105495.0,105500.0,105460.0,105465.0,912
202605291345,105440.0,105440.0,105400.0,105410.0,594
202605291400,105410.0,105430.0,105355.0,105400.0,338
202605291415,105395.0,105430.0,105375.0,105430.0,246
202605291430,105420.0,105420.0,105320.0,105355.0,354
202605291445,105380.0,105420.0,105355.0,105375.0,401
202605291500,105355.0,105390.0,105325.0,105345.0,306
202605291515,105320.0,105440.0,105315.0,105440.0,83
202606010900,105310.0,105430.0,105270.0,105290.0,1323
202606010915,105300.0,105335.0,105225.0,105300.0,816
202606010930,105315.0,105335.0,105255.0,105285.0,841
202606010945,105270.0,105300.0,105245.0,105245.0,791
202606011000,105245.0,105245.0,105185.0,105185.0,411
202606011015,105185.0,105225.0,105130.0,105185.0,659
202606011030,105185.0,105250.0,105165.0,105185.0,543
202606011045,105180.0,105215.0,105150.0,105160.0,284
202606011100,105160.0,105170.0,105050.0,105075.0,490
202606011115,105075.0,105080.0,105000.0,105000.0,1814
202606011130,105010.0,105080.0,104990.0,105050.0,476
202606011145,105055.0,105075.0,105040.0,105065.0,443
202606011200,105065.0,105080.0,104985.0,104985.0,611
202606011215,104985.0,105025.0,104975.0,105025.0,172
202606011230,105025.0,105060.0,104965.0,104965.0,369
202606011245,104955.0,104960.0,104925.0,104930.0,555
202606011300,104930.0,104965.0,104900.0,104965.0,686
202606011315,104975.0,104980.0,104925.0,104975.0,655
202606011330,105000.0,105010.0,104970.0,105010.0,690
202606011345,105000.0,105000.0,104880.0,104895.0,344
202606011400,104895.0,104895.0,104800.0,104850.0,168
202606011415,104820.0,104860.0,104750.0,104830.0,221
202606011430,104830.0,104860.0,104775.0,104860.0,68
202606011445,104860.0,104915.0,104840.0,104840.0,460
202606011500,104855.0,104895.0,104800.0,104805.0,689
202606011515,104800.0,104805.0,104770.0,104770.0,1707
202606020900,104615.0,104625.0,104470.0,104565.0,3842
202606020915,104595.0,104610.0,104515.0,104555.0,2083
202606020930,104580.0,104655.0,104580.0,104580.0,304
202606020945,104580.0,104600.0,104515.0,104540.0,1226
202606021000,104550.0,104670.0,104530.0,104670.0,1387
202606021015,104670.0,104685.0,104630.0,104685.0,196
202606021030,104695.0,104760.0,104660.0,104675.0,189
202606021045,104660.0,104740.0,104620.0,104740.0,458
202606021100,104740.0,104795.0,104725.0,104740.0,383
202606021115,104740.0,104780.0,104740.0,104750.0,274
202606021130,104740.0,104805.0,104720.0,104805.0,121
202606021145,104805.0,104825.0,104790.0,104805.0,425
202606021200,104795.0,104835.0,104780.0,104825.0,283
202606021215,104825.0,104870.0,104825.0,104850.0,649
202606021230,104845.0,104910.0,104840.0,104910.0,95
202606021245,104910.0,104935.0,104870.0,104905.0,613
202606021300,104905.0,105020.0,104905.0,104990.0,505
202606021315,104990.0,105065.0,104990.0,105055.0,296
202606021330,105055.0,105085.0,105020.0,105085.0,14336
202606021345,105095.0,105150.0,105075.0,105125.0,79
202606021400,105140.0,105170.0,105095.0,105135.0,223
202606021415,105150.0,105225.0,105140.0,105225.0,293
202606021430,105225.0,105270.0,105205.0,105235.0,414
202606021445,105235.0,105235.0,105125.0,105150.0,818
202606021500,105140.0,105255.0,105140.0,105245.0,491
202606021515,105255.0,105260.0,105180.0,105180.0,151
202606040900,104630.0,104655.0,104560.0,104580.0,10987
202606040915,104580.0,104625.0,104495.0,104505.0,440
202606040930,104510.0,104625.0,104490.0,104560.0,863
202606040945,104550.0,104550.0,104485.0,104515.0,494
202606041000,104515.0,104525.0,104435.0,104435.0,623
202606041015,104440.0,104460.0,104390.0,104460.0,998
202606041030,104460.0,104485.0,104410.0,104445.0,1367
202606041045,104445.0,104460.0,104390.0,104390.0,1309
202606041100,104390.0,104420.0,104290.0,104290.0,1776
202606041115,104300.0,104445.0,104300.0,104425.0,6128
202606041130,104420.0,104430.0,104375.0,104430.0,1459
202606041145,104410.0,104425.0,104310.0,104310.0,4657
202606041200,104320.0,104360.0,104300.0,104320.0,1745
202606041215,104325.0,104355.0,104315.0,104325.0,1732
202606041230,104340.0,104340.0,104295.0,104310.0,1363
202606041245,104310.0,104375.0,104300.0,104300.0,2225
202606041300,104300.0,104325.0,104280.0,104320.0,1601
202606041315,104315.0,104345.0,104305.0,104345.0,1749
202606041330,104345.0,104415.0,104345.0,104360.0,2165
202606041345,104350.0,104360.0,104300.0,104320.0,1577
202606041400,104320.0,104330.0,104200.0,104220.0,1574
202606041415,104170.0,104255.0,104160.0,104255.0,2238
202606041430,104270.0,104340.0,104245.0,104320.0,4686
202606041445,104305.0,104360.0,104265.0,104350.0,4116
202606041500,104355.0,104415.0,104305.0,104305.0,4539
202606041515,104300.0,104315.0,104285.0,104285.0,811
202606050900,104380.0,104445.0,104380.0,104405.0,887
202606050915,104380.0,104435.0,104255.0,104435.0,401
202606050930,104435.0,104445.0,104300.0,104300.0,661
202606050945,104330.0,104330.0,104250.0,104265.0,156
202606051000,104265.0,104330.0,104107.0,104110.0,580
202606051015,104120.0,104125.0,103950.0,104085.0,2535
202606051030,104085.0,104165.0,104060.0,104100.0,10567
202606051045,104070.0,104105.0,104010.0,104050.0,1256
202606051100,104060.0,104150.0,104055.0,104095.0,240
202606051115,104095.0,104190.0,104075.0,104130.0,98
202606051130,104160.0,104160.0,104085.0,104105.0,443
202606051145,104085.0,104135.0,104075.0,104095.0,361
202606051200,104100.0,104100.0,104045.0,104070.0,268
202606051215,104095.0,104100.0,104070.0,104070.0,409
202606051230,104090.0,104100.0,104080.0,104090.0,72
202606051245,104100.0,104135.0,104080.0,104115.0,317
202606051300,104145.0,104190.0,104135.0,104190.0,220
202606051315,104200.0,104220.0,104100.0,104120.0,912
202606051330,104120.0,104145.0,104050.0,104095.0,1545
202606051345,104085.0,104150.0,104065.0,104095.0,1681
202606051400,104105.0,104140.0,104075.0,104105.0,1376
202606051415,104115.0,104145.0,104050.0,104115.0,1494
202606051430,104125.0,104185.0,104105.0,104155.0,1367
202606051445,104175.0,104235.0,104155.0,104215.0,1418
202606051500,104245.0,104270.0,104205.0,104225.0,1417
202606051515,104245.0,104275.0,104170.0,104170.0,171
202606080900,103700.0,103740.0,103700.0,103730.0,441
202606080930,103755.0,103805.0,103745.0,103745.0,1051
202606080945,103735.0,103785.0,103695.0,103775.0,570
202606081000,103795.0,103805.0,103550.0,103550.0,4703
202606081015,103610.0,103685.0,103405.0,103420.0,1717
202606081030,103420.0,103640.0,103410.0,103640.0,3839
202606081045,103625.0,103640.0,103585.0,103595.0,963
202606081100,103605.0,103625.0,103565.0,103590.0,719
202606081115,103580.0,103680.0,103560.0,103610.0,591
202606081130,103590.0,103820.0,103580.0,103820.0,1112
202606081145,103820.0,103890.0,103760.0,103760.0,1333
202606081200,103760.0,103760.0,103710.0,103730.0,524
202606081215,103730.0,103795.0,103715.0,103795.0,734
202606081230,103795.0,103845.0,103790.0,103805.0,618
202606081245,103835.0,103835.0,103760.0,103770.0,677
202606081300,103780.0,103805.0,103750.0,103760.0,566
202606081315,103790.0,103800.0,103730.0,103780.0,489
202606081330,103770.0,103780.0,103700.0,103700.0,463
202606081345,103725.0,103735.0,103635.0,103670.0,447
202606081400,103710.0,103780.0,103690.0,103730.0,943
202606081415,103735.0,103810.0,103735.0,103740.0,564
202606081430,103740.0,103750.0,103550.0,103555.0,894
202606081445,103580.0,103640.0,103500.0,103565.0,980
202606081500,103570.0,103620.0,103470.0,103470.0,643
202606081515,103475.0,103480.0,103440.0,103460.0,150
202606090900,103450.0,103475.0,103390.0,103475.0,2322
202606090915,103485.0,103630.0,103485.0,103540.0,1853
202606090930,103550.0,103585.0,103495.0,103565.0,489
202606090945,103580.0,103675.0,103565.0,103660.0,168
202606091000,103650.0,103675.0,103610.0,103670.0,263
202606091015,103670.0,103750.0,103660.0,103725.0,4888
202606091030,103715.0,103725.0,103670.0,103685.0,351
202606091045,103705.0,103735.0,103640.0,103695.0,392
202606091100,103695.0,103770.0,103685.0,103750.0,328
202606091115,103755.0,103785.0,103730.0,103780.0,726
202606091130,103770.0,103800.0,103770.0,103785.0,527
202606091145,103785.0,103825.0,103780.0,103805.0,729
202606091200,103805.0,103830.0,103775.0,103815.0,327
202606091215,103820.0,103825.0,103785.0,103805.0,364
202606091230,103800.0,103840.0,103800.0,103840.0,429
202606091245,103840.0,103870.0,103800.0,103800.0,555
202606091300,103800.0,103820.0,103790.0,103820.0,337
202606091315,103820.0,103910.0,103820.0,103830.0,646
202606091330,103815.0,103895.0,103815.0,103845.0,377
202606091345,103845.0,103890.0,103800.0,103865.0,695
202606091400,103845.0,103980.0,103845.0,103980.0,358
202606091415,103995.0,104025.0,103980.0,104000.0,377
202606091430,104005.0,104055.0,104005.0,104030.0,545
202606091445,104035.0,104075.0,104010.0,104035.0,392
202606091500,104040.0,104055.0,103970.0,104020.0,420
202606091515,104010.0,104015.0,103925.0,103925.0,109
202606100900,103885.0,103970.0,103875.0,103900.0,290
202606100915,103940.0,103940.0,103830.0,103840.0,849
202606100930,103840.0,103865.0,103765.0,103765.0,329
202606100945,103755.0,103755.0,103650.0,103650.0,421
202606101000,103650.0,103775.0,103650.0,103765.0,594
202606101015,103800.0,103875.0,103785.0,103875.0,346
202606101030,103875.0,103930.0,103840.0,103895.0,392
202606101045,103895.0,103895.0,103835.0,103840.0,76
202606101100,103820.0,103940.0,103820.0,103940.0,264
202606101115,103940.0,103940.0,103875.0,103895.0,223
202606101130,103885.0,103915.0,103850.0,103880.0,402
202606101145,103890.0,103905.0,103850.0,103865.0,88
202606101200,103865.0,103915.0,103820.0,103840.0,286
202606101215,103820.0,103830.0,103745.0,103780.0,123
202606101230,103780.0,103785.0,103710.0,103725.0,102
202606101245,103725.0,103810.0,103725.0,103765.0,96
202606101300,103755.0,103785.0,103755.0,103765.0,114
202606101315,103775.0,103820.0,103755.0,103785.0,65
202606101330,103765.0,103830.0,103765.0,103790.0,78
202606101345,103785.0,103790.0,103725.0,103745.0,106
202606101400,103745.0,103820.0,103745.0,103800.0,236
202606101415,103800.0,103875.0,103790.0,103835.0,597
202606101430,103845.0,103900.0,103845.0,103845.0,979
202606101445,103845.0,104000.0,103845.0,103980.0,2016
202606101500,103990.0,103990.0,103905.0,103960.0,1539
202606101515,103960.0,104035.0,103940.0,104035.0,425
202606110900,103960.0,104005.0,103900.0,104005.0,715
202606110915,104025.0,104030.0,103940.0,103965.0,268
202606110930,103965.0,103985.0,103915.0,103985.0,323
202606110945,103980.0,103995.0,103965.0,103990.0,127
202606111000,103990.0,104180.0,103975.0,104180.0,615
202606111015,104145.0,104145.0,104070.0,104095.0,448
202606111030,104085.0,104105.0,104050.0,104050.0,106
202606111045,104010.0,104070.0,103995.0,104050.0,438
202606111100,104030.0,104060.0,104000.0,104000.0,154
202606111115,103955.0,104040.0,103955.0,104030.0,350
202606111130,104020.0,104020.0,103925.0,103925.0,205
202606111145,103925.0,103995.0,103925.0,103975.0,182
202606111200,103945.0,103985.0,103930.0,103935.0,73
202606111215,103945.0,103965.0,103930.0,103955.0,96
202606111230,103935.0,103945.0,103920.0,103945.0,46
202606111245,103955.0,104030.0,103955.0,104030.0,213
202606111300,104040.0,104040.0,104010.0,104020.0,183
202606111315,104030.0,104170.0,104005.0,104170.0,231
202606111330,104180.0,104250.0,104180.0,104250.0,196
202606111345,104280.0,104280.0,104225.0,104235.0,41
202606111400,104235.0,104235.0,104140.0,104140.0,43
202606111415,104125.0,104150.0,104125.0,104130.0,178
202606111430,104130.0,104130.0,104060.0,104060.0,1418
202606111445,104050.0,104090.0,104020.0,104050.0,175
202606111500,104050.0,104060.0,103985.0,103985.0,108
202606111515,103975.0,103975.0,103940.0,103940.0,25
202606120900,104500.0,104585.0,104000.0,104555.0,560
202606120915,104525.0,104575.0,104520.0,104535.0,141
202606120930,104545.0,104580.0,104490.0,104490.0,304
202606120945,104500.0,104510.0,104435.0,104460.0,944
202606121000,104455.0,104525.0,104445.0,104480.0,331
202606121015,104460.0,104550.0,104425.0,104460.0,348
202606121030,104460.0,104480.0,104380.0,104380.0,256
202606121045,104405.0,104445.0,104380.0,104425.0,249
202606121100,104425.0,104450.0,104415.0,104420.0,94
202606121115,104420.0,104450.0,104405.0,104425.0,442
202606121130,104460.0,104505.0,104455.0,104460.0,247
202606121145,104470.0,104505.0,104460.0,104460.0,206
202606121200,104460.0,104525.0,104440.0,104525.0,167
202606121215,104505.0,104590.0,104505.0,104590.0,122
202606121230,104615.0,104655.0,104605.0,104635.0,80
202606121245,104635.0,104665.0,104605.0,104605.0,132
202606121300,104605.0,104670.0,104560.0,104670.0,129
202606121315,104645.0,104645.0,104595.0,104605.0,163
202606121330,104590.0,104635.0,104570.0,104630.0,208
202606121345,104630.0,104715.0,104615.0,104705.0,279
202606121400,104705.0,104710.0,104605.0,104605.0,1151
202606121415,104610.0,104680.0,104590.0,104675.0,1200
202606121430,104670.0,104675.0,104610.0,104655.0,1072
202606121445,104665.0,104670.0,104620.0,104655.0,1283
202606121500,104670.0,104705.0,104665.0,104675.0,1117
202606121515,104680.0,104705.0,104680.0,104705.0,72
202606150900,105400.0,105495.0,105400.0,105465.0,442
202606150915,105465.0,105595.0,105465.0,105550.0,1179
202606150930,105550.0,105560.0,105420.0,105420.0,1590
202606150945,105400.0,105445.0,105390.0,105425.0,883
202606151000,105425.0,105465.0,105425.0,105440.0,1255
202606151015,105465.0,105480.0,105455.0,105470.0,1569
202606151030,105470.0,105470.0,105350.0,105380.0,1898
202606151045,105350.0,105410.0,105350.0,105390.0,1633
202606151100,105390.0,105455.0,105390.0,105455.0,674
202606151115,105455.0,105500.0,105415.0,105500.0,2010
202606151130,105500.0,105520.0,105480.0,105500.0,1301
202606151145,105510.0,105560.0,105500.0,105520.0,1601
202606151200,105530.0,105570.0,105530.0,105550.0,795
202606151215,105570.0,105570.0,105515.0,105525.0,1793
202606151230,105525.0,105525.0,105460.0,105490.0,1416
202606151245,105490.0,105510.0,105470.0,105490.0,1483
202606151300,105490.0,105510.0,105455.0,105510.0,1527
202606151315,105510.0,105520.0,105505.0,105515.0,1940
202606151330,105505.0,105515.0,105485.0,105490.0,2039
202606151345,105490.0,105520.0,105460.0,105485.0,1975
202606151400,105475.0,105485.0,105385.0,105415.0,2008
202606151415,105390.0,105455.0,105370.0,105440.0,2274
202606151430,105440.0,105480.0,105415.0,105420.0,1996
202606151445,105390.0,105430.0,105380.0,105395.0,2230
202606151500,105405.0,105460.0,105375.0,105430.0,1745
202606151515,105420.0,105430.0,105420.0,105430.0,650
202606160900,105175.0,105190.0,105130.0,105175.0,242
202606160915,105175.0,105190.0,105070.0,105100.0,484
202606160930,105125.0,105125.0,104980.0,104980.0,563
202606160945,104960.0,105025.0,104920.0,104925.0,354
202606161000,104930.0,105015.0,104930.0,105015.0,317
202606161015,105025.0,105045.0,104970.0,104990.0,902
202606161030,104990.0,105055.0,104980.0,105055.0,271
202606161045,105055.0,105120.0,105035.0,105100.0,572
202606161100,105100.0,105165.0,105090.0,105145.0,160
202606161115,105190.0,105230.0,105165.0,105210.0,211
202606161130,105210.0,105250.0,105100.0,105185.0,557
202606161145,105190.0,105265.0,105135.0,105135.0,124
202606161200,105130.0,105220.0,105125.0,105180.0,197
202606161215,105215.0,105265.0,105215.0,105230.0,158
202606161230,105230.0,105265.0,105200.0,105210.0,220
202606161245,105200.0,105200.0,105115.0,105115.0,364
202606161300,105125.0,105155.0,105035.0,105110.0,738
202606161315,105080.0,105090.0,105025.0,105065.0,697
202606161330,105045.0,105110.0,105045.0,105100.0,113
202606161345,105145.0,105145.0,105080.0,105100.0,740
202606161400,105090.0,105140.0,105075.0,105140.0,296
202606161415,105155.0,105195.0,105110.0,105155.0,252
202606161430,105165.0,105220.0,105165.0,105205.0,123
202606161445,105210.0,105270.0,105185.0,105270.0,132
202606161500,105260.0,105275.0,105210.0,105220.0,78
202606161515,105250.0,105360.0,105250.0,105360.0,316
202606170900,105565.0,105590.0,105425.0,105425.0,460
202606170915,105435.0,105500.0,105400.0,105500.0,120
202606170930,105500.0,105545.0,105435.0,105510.0,746
202606170945,105490.0,105510.0,105425.0,105480.0,292
202606171000,105480.0,105615.0,105470.0,105580.0,630
202606171015,105590.0,105615.0,105565.0,105580.0,147
202606171030,105580.0,105600.0,105565.0,105580.0,123
202606171045,105565.0,105600.0,105545.0,105585.0,88
202606171100,105610.0,105650.0,105555.0,105580.0,388
202606171115,105580.0,105600.0,105555.0,105555.0,108
202606171130,105555.0,105565.0,105525.0,105525.0,69
202606171145,105525.0,105575.0,105525.0,105525.0,60
202606171200,105525.0,105565.0,105490.0,105525.0,96
202606171215,105525.0,105545.0,105515.0,105545.0,296
202606171230,105550.0,105590.0,105535.0,105590.0,353
202606171245,105570.0,105650.0,105560.0,105590.0,436
202606171300,105610.0,105675.0,105610.0,105645.0,192
202606171315,105625.0,105660.0,105570.0,105570.0,848
202606171330,105580.0,105655.0,105580.0,105655.0,161
202606171345,105645.0,105700.0,105625.0,105635.0,404
202606171400,105625.0,105625.0,105440.0,105440.0,222
202606171415,105450.0,105535.0,105430.0,105535.0,88
202606171430,105525.0,105605.0,105525.0,105600.0,232
202606171445,105600.0,105615.0,105495.0,105555.0,117
202606171500,105525.0,105625.0,105525.0,105605.0,116
202606171515,105570.0,105580.0,105550.0,105580.0,113
202606180900,105385.0,105440.0,105355.0,105375.0,545
202606180915,105405.0,105470.0,105395.0,105470.0,520
202606180930,105470.0,105470.0,105420.0,105430.0,386
202606180945,105430.0,105440.0,105400.0,105405.0,160
202606181000,105405.0,105480.0,105405.0,105430.0,158
202606181015,105425.0,105470.0,105425.0,105460.0,94
202606181030,105460.0,105505.0,105460.0,105505.0,453
202606181045,105505.0,105505.0,105425.0,105425.0,26
202606181100,105425.0,105425.0,105395.0,105400.0,665
202606181115,105400.0,105430.0,105395.0,105430.0,34
202606181130,105410.0,105460.0,105410.0,105455.0,124
202606181145,105465.0,105475.0,105435.0,105435.0,34
202606181200,105435.0,105475.0,105410.0,105450.0,48
202606181215,105450.0,105470.0,105440.0,105460.0,73
202606181230,105460.0,105460.0,105400.0,105400.0,80
202606181245,105420.0,105470.0,105400.0,105465.0,189
202606181300,105465.0,105500.0,105440.0,105500.0,346
202606181315,105505.0,105525.0,105465.0,105465.0,393
202606181330,105515.0,105515.0,105465.0,105495.0,181
202606181345,105495.0,105590.0,105495.0,105530.0,525
202606181400,105520.0,105560.0,105510.0,105540.0,557
202606181415,105530.0,105570.0,105520.0,105550.0,419
202606181430,105550.0,105550.0,105465.0,105465.0,386
202606181445,105455.0,105455.0,105320.0,105360.0,431
202606181500,105340.0,105380.0,105305.0,105330.0,543
202606181515,105340.0,105350.0,105310.0,105310.0,21
202606190900,105300.0,105370.0,105200.0,105200.0,378
202606190915,105185.0,105230.0,105155.0,105195.0,845
202606190930,105195.0,105200.0,105120.0,105195.0,1253
202606190945,105200.0,105220.0,105110.0,105145.0,377
202606191000,105155.0,105165.0,105110.0,105110.0,210
202606191015,105095.0,105100.0,104915.0,104930.0,257
202606191030,104950.0,104985.0,104930.0,104950.0,711
202606191045,104935.0,104960.0,104875.0,104875.0,879
202606191100,104880.0,104910.0,104850.0,104850.0,460
202606191115,104850.0,104900.0,104845.0,104845.0,887
202606191130,104845.0,104870.0,104810.0,104830.0,456
202606191145,104805.0,104815.0,104760.0,104760.0,512
202606191200,104760.0,104805.0,104760.0,104780.0,222
202606191215,104775.0,104790.0,104715.0,104715.0,236
202606191230,104715.0,104800.0,104705.0,104795.0,272
202606191245,104780.0,104825.0,104780.0,104825.0,296
202606191300,104825.0,104850.0,104760.0,104785.0,397
202606191315,104770.0,104805.0,104730.0,104785.0,133
202606191330,104770.0,104820.0,104770.0,104785.0,366
202606191345,104775.0,104785.0,104705.0,104765.0,272
202606191400,104785.0,104840.0,104665.0,104710.0,992
202606191415,104700.0,104775.0,104675.0,104775.0,301
202606191430,104775.0,104805.0,104740.0,104805.0,210
202606191445,104805.0,104870.0,104765.0,104785.0,428
202606191500,104755.0,104880.0,104755.0,104820.0,312
202606191515,104890.0,104990.0,104880.0,104990.0,296
202606220900,104695.0,104710.0,104545.0,104600.0,622
202606220915,104610.0,104655.0,104570.0,104645.0,594
202606220930,104645.0,104655.0,104545.0,104625.0,267
202606220945,104630.0,104750.0,104610.0,104740.0,138
202606221000,104740.0,104815.0,104730.0,104765.0,103
202606221015,104745.0,104820.0,104740.0,104795.0,718
202606221030,104775.0,104820.0,104735.0,104795.0,106
202606221045,104775.0,104810.0,104755.0,104790.0,57
202606221100,104800.0,104885.0,104785.0,104795.0,165
202606221115,104795.0,104930.0,104795.0,104795.0,232
202606221130,104785.0,104820.0,104710.0,104720.0,145
202606221145,104740.0,104765.0,104700.0,104700.0,142
202606221200,104690.0,104730.0,104675.0,104675.0,68
202606221215,104710.0,104720.0,104655.0,104670.0,176
202606221230,104670.0,104670.0,104600.0,104600.0,116
202606221245,104645.0,104660.0,104520.0,104520.0,1205
202606221300,104550.0,104625.0,104540.0,104575.0,154
202606221315,104575.0,104630.0,104550.0,104630.0,537
202606221330,104630.0,104670.0,104600.0,104600.0,100
202606221345,104595.0,104635.0,104595.0,104615.0,318
202606221400,104615.0,104670.0,104590.0,104670.0,221
202606221415,104705.0,104715.0,104670.0,104700.0,163
202606221430,104700.0,104700.0,104605.0,104625.0,137
202606221445,104625.0,104700.0,104625.0,104700.0,146
202606221500,104705.0,104745.0,104660.0,104690.0,187
202606221515,104700.0,104790.0,104695.0,104790.0,173
202606230900,104665.0,104695.0,104565.0,104580.0,959
202606230915,104600.0,104665.0,104570.0,104645.0,1578
202606230930,104645.0,104645.0,104570.0,104645.0,990
202606230945,104625.0,104680.0,104595.0,104675.0,1162
202606231000,104675.0,104750.0,104670.0,104715.0,635
202606231015,104715.0,104780.0,104705.0,104740.0,743
202606231030,104760.0,104785.0,104730.0,104765.0,611
202606231045,104790.0,104860.0,104750.0,104805.0,688
202606231100,104795.0,104885.0,104795.0,104820.0,653
202606231115,104810.0,104810.0,104765.0,104790.0,592
202606231130,104790.0,104790.0,104680.0,104725.0,708
202606231145,104745.0,104745.0,104710.0,104735.0,589
202606231200,104735.0,104745.0,104715.0,104745.0,568
202606231215,104735.0,104790.0,104725.0,104790.0,706
202606231230,104790.0,104795.0,104760.0,104775.0,668
202606231245,104785.0,104850.0,104785.0,104820.0,672
202606231300,104840.0,104910.0,104820.0,104840.0,746
202606231315,104830.0,104895.0,104830.0,104865.0,776
202606231330,104890.0,104895.0,104810.0,104810.0,868
202606231345,104810.0,104820.0,104685.0,104685.0,659
202606231400,104695.0,104750.0,104675.0,104740.0,4567
202606231415,104730.0,104855.0,104730.0,104830.0,5020
202606231430,104830.0,104830.0,104795.0,104805.0,936
202606231500,104915.0,105000.0,104890.0,104935.0,13459
202606231515,104965.0,105030.0,104935.0,105030.0,377
202606240900,104930.0,105000.0,104865.0,104885.0,447
202606240915,104925.0,104925.0,104855.0,104905.0,816
202606240930,104905.0,104910.0,104840.0,104875.0,522
202606240945,104875.0,104875.0,104745.0,104785.0,251
202606241000,104785.0,104865.0,104780.0,104865.0,232
202606241015,104865.0,104865.0,104810.0,104810.0,123
202606241030,104810.0,104885.0,104770.0,104855.0,454
202606241045,104855.0,104855.0,104755.0,104755.0,192
202606241100,104800.0,104825.0,104765.0,104810.0,341
202606241115,104800.0,104835.0,104790.0,104835.0,159
202606241130,104845.0,104865.0,104825.0,104830.0,174
202606241145,104845.0,104950.0,104845.0,104950.0,415
202606241200,104945.0,104965.0,104910.0,104920.0,138
202606241215,104880.0,104930.0,104880.0,104910.0,119
202606241230,104910.0,105000.0,104900.0,104985.0,183
202606241245,104995.0,105020.0,104965.0,104985.0,232
202606241300,105010.0,105010.0,104930.0,104940.0,384
202606241315,104920.0,104995.0,104920.0,104960.0,970
202606241330,104950.0,105010.0,104950.0,104990.0,3335
202606241345,104990.0,104995.0,104930.0,104945.0,3367
202606241400,104955.0,104955.0,104890.0,104915.0,3365
202606241415,104905.0,104965.0,104900.0,104955.0,3259
202606241430,104955.0,104975.0,104865.0,104925.0,5361
202606241445,104910.0,104995.0,104910.0,104985.0,3539
202606241500,104980.0,105060.0,104905.0,105060.0,3836
202606241515,105070.0,105070.0,105040.0,105060.0,112
202606250900,105440.0,105530.0,105440.0,105445.0,1342
202606250915,105475.0,105485.0,105380.0,105390.0,883
202606250930,105390.0,105465.0,105365.0,105460.0,468
202606250945,105500.0,105530.0,105435.0,105475.0,356
202606251000,105475.0,105500.0,105390.0,105390.0,92
202606251015,105380.0,105505.0,105380.0,105500.0,161
202606251030,105520.0,105550.0,105485.0,105485.0,336
202606251045,105500.0,105510.0,105415.0,105415.0,103
202606251100,105410.0,105550.0,105410.0,105530.0,154
202606251115,105490.0,105540.0,105490.0,105500.0,91
202606251130,105500.0,105520.0,105490.0,105500.0,171
202606251145,105480.0,105490.0,105480.0,105490.0,99
202606251200,105470.0,105505.0,105455.0,105455.0,66
202606251215,105435.0,105475.0,105425.0,105475.0,209
202606251230,105465.0,105500.0,105435.0,105490.0,120
202606251245,105480.0,105505.0,105480.0,105500.0,165
202606251300,105520.0,105520.0,105470.0,105520.0,179
202606251315,105520.0,105555.0,105490.0,105500.0,517
202606251330,105500.0,105500.0,105395.0,105435.0,125
202606251345,105425.0,105430.0,105390.0,105390.0,188
202606251400,105390.0,105470.0,105370.0,105450.0,3819
202606251415,105430.0,105515.0,105430.0,105505.0,4563
202606251430,105495.0,105545.0,105485.0,105485.0,4217
202606251445,105470.0,105500.0,105470.0,105480.0,4176
202606251500,105480.0,105520.0,105365.0,105365.0,4073
202606251515,105360.0,105370.0,105360.0,105370.0,197
202606260900,105345.0,105370.0,105180.0,105225.0,402
202606260915,105215.0,105235.0,105170.0,105205.0,108
202606260930,105215.0,105215.0,105055.0,105065.0,303
202606260945,105105.0,105105.0,105075.0,105085.0,138
202606261000,105095.0,105095.0,105040.0,105095.0,449
202606261015,105105.0,105125.0,105075.0,105115.0,115
202606261030,105105.0,105150.0,105095.0,105150.0,99
202606261045,105160.0,105255.0,105150.0,105195.0,168
202606261100,105215.0,105265.0,105180.0,105235.0,475
202606261115,105235.0,105245.0,105205.0,105245.0,479
202606261130,105250.0,105280.0,105235.0,105270.0,93
202606261145,105310.0,105320.0,105280.0,105300.0,96
202606261200,105300.0,105345.0,105300.0,105325.0,211
202606261230,105495.0,105520.0,105485.0,105495.0,176
202606261245,105495.0,105565.0,105495.0,105560.0,202
202606261300,105500.0,105560.0,105500.0,105530.0,308
202606261315,105530.0,105550.0,105495.0,105550.0,380
202606261330,105540.0,105595.0,105500.0,105580.0,1041
202606261345,105575.0,105595.0,105540.0,105570.0,876
202606261400,105570.0,105600.0,105555.0,105555.0,1013
202606261415,105555.0,105560.0,105505.0,105505.0,4348
202606261430,105495.0,105515.0,105440.0,105500.0,6582
202606261445,105500.0,105520.0,105440.0,105460.0,6527
202606261500,105450.0,105530.0,105420.0,105530.0,5998
202606261515,105515.0,105520.0,105455.0,105520.0,452
202606290900,105395.0,105440.0,105310.0,105335.0,397
202606290915,105380.0,105410.0,105300.0,105320.0,328
202606290930,105320.0,105365.0,105270.0,105280.0,277
202606290945,105260.0,105320.0,105245.0,105290.0,520
202606291000,105290.0,105290.0,105225.0,105235.0,378
202606291015,105255.0,105255.0,105215.0,105240.0,2754
202606291030,105240.0,105275.0,105225.0,105230.0,1532
202606291045,105215.0,105305.0,105185.0,105305.0,235
202606291100,105280.0,105280.0,105130.0,105140.0,578
202606291115,105140.0,105160.0,105120.0,105160.0,179
202606291130,105160.0,105160.0,105100.0,105120.0,239
202606291145,105130.0,105190.0,105120.0,105170.0,193
202606291200,105155.0,105180.0,105140.0,105170.0,270
202606291215,105170.0,105200.0,105150.0,105200.0,335
202606291230,105200.0,105200.0,105170.0,105190.0,225
202606291245,105190.0,105270.0,105190.0,105270.0,224
202606291300,105255.0,105280.0,105190.0,105190.0,256
202606291315,105170.0,105255.0,105170.0,105255.0,156
202606291330,105270.0,105270.0,105205.0,105265.0,1121
202606291345,105255.0,105295.0,105255.0,105280.0,3373
202606291400,105290.0,105310.0,105235.0,105285.0,3322
202606291415,105285.0,105335.0,105230.0,105335.0,2696
202606291430,105350.0,105445.0,105335.0,105435.0,3838
202606291445,105435.0,105485.0,105400.0,105485.0,3202
202606291500,105495.0,105495.0,105335.0,105355.0,3559
202606291515,105355.0,105355.0,105345.0,105345.0,29
202606300900,105465.0,105475.0,105315.0,105345.0,948
202606300915,105370.0,105500.0,105362.0,105495.0,245
202606300930,105500.0,105520.0,105485.0,105495.0,142
202606300945,105510.0,105550.0,105465.0,105550.0,265
202606301000,105600.0,105640.0,105600.0,105615.0,374
202606301015,105650.0,105650.0,105590.0,105615.0,230
202606301030,105615.0,105660.0,105575.0,105660.0,164
202606301045,105650.0,105725.0,105650.0,105670.0,700
202606301100,105665.0,105670.0,105605.0,105670.0,387
202606301115,105670.0,105780.0,105670.0,105775.0,134
202606301130,105775.0,105775.0,105700.0,105735.0,121
202606301145,105730.0,105765.0,105720.0,105765.0,121
202606301200,105755.0,105765.0,105735.0,105765.0,67
202606301215,105775.0,105785.0,105760.0,105765.0,551
202606301230,105755.0,105795.0,105755.0,105785.0,192
202606301245,105765.0,105765.0,105720.0,105750.0,101
202606301300,105730.0,105805.0,105720.0,105805.0,205
202606301315,105805.0,105895.0,105805.0,105850.0,611
202606301330,105830.0,105850.0,105785.0,105785.0,288
202606301345,105825.0,105850.0,105815.0,105850.0,129
202606301400,105850.0,105900.0,105850.0,105860.0,244
202606301415,105860.0,105860.0,105805.0,105820.0,533
202606301430,105830.0,105830.0,105775.0,105780.0,814
202606301445,105810.0,105820.0,105745.0,105745.0,1005
202606301500,105765.0,105765.0,105620.0,105640.0,946
202606301515,105630.0,105740.0,105630.0,105740.0,45
202607010900,105225.0,105250.0,105160.0,105190.0,199
202607010915,105215.0,105255.0,105180.0,105245.0,335
202607010930,105245.0,105270.0,105205.0,105245.0,1577
202607010945,105230.0,105285.0,105210.0,105245.0,157
202607011000,105235.0,105245.0,105170.0,105170.0,430
202607011015,105160.0,105160.0,105085.0,105120.0,2197
202607011030,105100.0,105110.0,105035.0,105035.0,151
202607011045,105030.0,105055.0,105010.0,105020.0,113
202607011100,105020.0,105030.0,104990.0,105015.0,636
202607011115,105005.0,105015.0,104945.0,104955.0,4225
202607011130,104945.0,104945.0,104870.0,104880.0,114
202607011145,104880.0,104895.0,104830.0,104830.0,3169
202607011200,104830.0,104920.0,104830.0,104895.0,1218
202607011215,104895.0,104900.0,104865.0,104875.0,133
202607011230,104865.0,104865.0,104780.0,104830.0,332
202607011245,104830.0,104835.0,104800.0,104810.0,62
202607011300,104795.0,104810.0,104725.0,104725.0,551
202607011315,104730.0,104835.0,104715.0,104835.0,209
202607011330,104845.0,104865.0,104825.0,104850.0,49
202607011345,104850.0,104910.0,104850.0,104900.0,540
202607011400,104900.0,104900.0,104820.0,104820.0,232
202607011415,104825.0,104865.0,104810.0,104845.0,299
202607011430,104865.0,104920.0,104865.0,104880.0,200
202607011445,104910.0,104995.0,104895.0,104995.0,583
202607011500,104975.0,104985.0,104900.0,104900.0,591
202607011515,104855.0,104855.0,104800.0,104825.0,189
202607020900,104920.0,104995.0,104897.0,104960.0,497
202607020915,104935.0,105005.0,104920.0,104920.0,935
202607020930,104920.0,104945.0,104875.0,104945.0,2779
202607020945,104980.0,105045.0,104980.0,104990.0,196
202607021000,104990.0,105000.0,104940.0,104960.0,1095
202607021015,104960.0,105015.0,104925.0,105015.0,129
202607021030,105015.0,105090.0,104980.0,105090.0,213
202607021045,105095.0,105120.0,105025.0,105045.0,146
202607021100,105045.0,105090.0,105035.0,105045.0,156
202607021115,105100.0,105120.0,105075.0,105085.0,58
202607021130,105080.0,105090.0,105055.0,105070.0,103
202607021145,105080.0,105080.0,105050.0,105070.0,184
202607021200,105060.0,105090.0,105050.0,105080.0,1462
202607021215,105080.0,105100.0,105070.0,105090.0,44
202607021230,105100.0,105100.0,105015.0,105060.0,480
202607021245,105050.0,105110.0,105040.0,105090.0,564
202607021300,105090.0,105155.0,105060.0,105115.0,419
202607021315,105135.0,105155.0,105060.0,105070.0,297
202607021330,105080.0,105080.0,104970.0,104970.0,249
202607021345,105000.0,105055.0,104990.0,105015.0,226
202607021400,104995.0,105025.0,104990.0,104990.0,103
202607021415,104960.0,104990.0,104930.0,104930.0,92
202607021430,104960.0,104960.0,104905.0,104950.0,161
202607021445,104940.0,105005.0,104915.0,104980.0,200
202607021500,104980.0,105135.0,104980.0,105120.0,496
202607021515,105100.0,105100.0,105035.0,105040.0,232
202607030900,105085.0,105150.0,105085.0,105120.0,933
202607030915,105150.0,105200.0,105130.0,105195.0,583
202607030930,105195.0,105195.0,105100.0,105120.0,445
202607030945,105120.0,105225.0,105120.0,105225.0,1496
202607031000,105225.0,105235.0,105175.0,105200.0,193
202607031015,105200.0,105345.0,105195.0,105290.0,240
202607031030,105310.0,105310.0,105225.0,105245.0,507
202607031045,105245.0,105270.0,105225.0,105235.0,287
202607031100,105235.0,105265.0,105215.0,105215.0,195
202607031115,105200.0,105225.0,105185.0,105225.0,156
202607031130,105215.0,105215.0,105170.0,105185.0,139
202607031145,105185.0,105190.0,105160.0,105170.0,116
202607031200,105175.0,105195.0,105160.0,105180.0,265
202607031215,105150.0,105185.0,105140.0,105185.0,156
202607031230,105160.0,105170.0,105125.0,105130.0,188
202607031245,105125.0,105160.0,105100.0,105100.0,196
202607031300,105110.0,105120.0,105055.0,105120.0,137
202607031315,105105.0,105130.0,105045.0,105075.0,227
202607031330,105075.0,105075.0,105010.0,105010.0,131
202607031345,105005.0,105050.0,104980.0,104990.0,232
202607031400,105000.0,105020.0,104950.0,104955.0,1399
202607031415,104955.0,104985.0,104890.0,104920.0,484
202607031430,104920.0,104930.0,104875.0,104875.0,843
202607031445,104920.0,104920.0,104830.0,104845.0,294
202607031500,104845.0,105030.0,104820.0,105030.0,294
202607031515,104985.0,104985.0,104965.0,104965.0,167
202607060900,104870.0,104885.0,104775.0,104885.0,309
202607060915,104875.0,105040.0,104830.0,104985.0,460
202607060930,104985.0,105050.0,104950.0,105040.0,377
202607060945,105030.0,105135.0,105025.0,105120.0,624
202607061000,105125.0,105135.0,105060.0,105085.0,751
202607061015,105095.0,105140.0,105060.0,105130.0,3247
202607061030,105120.0,105185.0,105100.0,105165.0,483
202607061045,105165.0,105210.0,105100.0,105210.0,341
202607061100,105180.0,105200.0,105060.0,105175.0,180
202607061115,105175.0,105220.0,105165.0,105190.0,306
202607061130,105190.0,105190.0,105110.0,105155.0,393
202607061145,105135.0,105180.0,105135.0,105145.0,982
202607061200,105190.0,105190.0,105145.0,105160.0,53
202607061215,105170.0,105170.0,105125.0,105145.0,165
202607061230,105145.0,105160.0,105115.0,105160.0,78
202607061245,105155.0,105155.0,105100.0,105135.0,72
202607061300,105155.0,105160.0,105085.0,105095.0,54
202607061315,105090.0,105145.0,105070.0,105145.0,32
202607061330,105145.0,105175.0,105115.0,105175.0,407
202607061345,105190.0,105235.0,105190.0,105210.0,625
202607061400,105210.0,105215.0,105025.0,105040.0,408
202607061415,105040.0,105050.0,104985.0,104995.0,334
202607061430,104995.0,105030.0,104950.0,104960.0,97
202607061445,104960.0,104960.0,104875.0,104930.0,469
202607061500,104910.0,104940.0,104895.0,104895.0,73
202607061515,104905.0,104940.0,104905.0,104940.0,5
202607070900,104860.0,104880.0,104845.0,104880.0,205
202607070915,104880.0,104890.0,104785.0,104825.0,313
202607070930,104825.0,104825.0,104730.0,104740.0,772
202607070945,104765.0,104805.0,104710.0,104765.0,1290
202607071000,104765.0,104855.0,104730.0,104855.0,566
202607071015,104860.0,104910.0,104830.0,104910.0,551
202607071030,104910.0,104970.0,104890.0,104955.0,1134
202607071045,104935.0,104990.0,104905.0,104935.0,849
202607071100,104925.0,104970.0,104895.0,104905.0,692
202607071115,104905.0,104905.0,104860.0,104900.0,734
202607071130,104895.0,104915.0,104850.0,104850.0,656
202607071145,104840.0,104950.0,104840.0,104930.0,961
202607071200,104940.0,104965.0,104940.0,104955.0,1131
202607071215,104955.0,104975.0,104917.0,104940.0,742
202607071230,104955.0,105045.0,104940.0,105035.0,893
202607071245,105045.0,105065.0,105020.0,105065.0,751
202607071300,105080.0,105135.0,105055.0,105135.0,589
202607071315,105135.0,105135.0,105040.0,105055.0,753
202607071330,105060.0,105070.0,105015.0,105022.0,661
202607071345,105025.0,105050.0,105020.0,105040.0,295
202607071415,104865.0,104865.0,104805.0,104805.0,773
202607071430,104810.0,104875.0,104805.0,104850.0,1091
202607071445,104840.0,104875.0,104820.0,104840.0,1005
202607071500,104815.0,104830.0,104760.0,104785.0,1162
202607071515,104755.0,104810.0,104755.0,104810.0,312
202607080900,104240.0,104335.0,104240.0,104335.0,682
202607080915,104315.0,104365.0,104240.0,104360.0,616
202607080930,104345.0,104475.0,104335.0,104475.0,190
202607080945,104430.0,104430.0,104370.0,104415.0,227
202607081000,104415.0,104455.0,104385.0,104445.0,156
202607081015,104455.0,104455.0,104420.0,104420.0,91
202607081030,104425.0,104485.0,104385.0,104445.0,508
202607081045,104465.0,104545.0,104455.0,104475.0,114
202607081100,104480.0,104480.0,104380.0,104400.0,126
202607081115,104415.0,104415.0,104325.0,104355.0,129
202607081130,104345.0,104455.0,104325.0,104445.0,94
202607081145,104455.0,104475.0,104415.0,104435.0,241
202607081200,104445.0,104490.0,104422.0,104475.0,352
202607081215,104480.0,104510.0,104465.0,104485.0,105
202607081230,104485.0,104485.0,104380.0,104445.0,396
202607081245,104460.0,104520.0,104460.0,104500.0,167
202607081300,104490.0,104520.0,104470.0,104500.0,190
202607081315,104490.0,104600.0,104490.0,104545.0,125
202607081330,104565.0,104565.0,104530.0,104547.0,106
202607081345,104545.0,104565.0,104520.0,104520.0,1132
202607081400,104540.0,104550.0,104495.0,104540.0,328
202607081415,104560.0,104570.0,104510.0,104560.0,287
202607081430,104560.0,104650.0,104515.0,104635.0,629
202607081445,104625.0,104640.0,104550.0,104560.0,252
202607081500,104550.0,104595.0,104540.0,104595.0,188
202607081515,104605.0,104650.0,104605.0,104640.0,72
202607090900,104250.0,104305.0,104230.0,104295.0,318
202607090915,104315.0,104355.0,104260.0,104335.0,535
202607090930,104335.0,104345.0,104260.0,104270.0,96
202607090945,104260.0,104355.0,104245.0,104325.0,190
202607091000,104315.0,104325.0,104280.0,104300.0,396
202607091015,104290.0,104295.0,104270.0,104270.0,205
202607091030,104280.0,104295.0,104220.0,104295.0,52
202607091045,104290.0,104325.0,104285.0,104285.0,40
202607091100,104285.0,104320.0,104270.0,104320.0,13
202607091115,104355.0,104355.0,104295.0,104295.0,48
202607091130,104315.0,104315.0,104270.0,104270.0,68
202607091145,104270.0,104315.0,104260.0,104260.0,32
202607091200,104260.0,104315.0,104260.0,104295.0,119
202607091215,104325.0,104345.0,104305.0,104345.0,34
202607091230,104335.0,104400.0,104335.0,104360.0,407
202607091245,104370.0,104370.0,104315.0,104315.0,94
202607091300,104335.0,104350.0,104295.0,104295.0,55
202607091315,104295.0,104295.0,104270.0,104280.0,52
202607091330,104305.0,104335.0,104295.0,104325.0,33
202607091345,104325.0,104380.0,104315.0,104380.0,515
202607091400,104380.0,104500.0,104360.0,104490.0,212
202607091415,104440.0,104455.0,104425.0,104445.0,338
202607091430,104445.0,104500.0,104425.0,104485.0,430
202607091445,104480.0,104655.0,104480.0,104655.0,579
202607091500,104640.0,104645.0,104610.0,104645.0,172
202607091515,104645.0,104645.0,104645.0,104645.0,12
202607100900,104440.0,104465.0,104370.0,104400.0,335
202607100915,104390.0,104400.0,104325.0,104380.0,639
202607100930,104370.0,104500.0,104350.0,104500.0,421
202607100945,104495.0,104575.0,104475.0,104530.0,477
202607101000,104530.0,104600.0,104520.0,104600.0,339
202607101015,104585.0,104585.0,104520.0,104555.0,117
202607101030,104555.0,104650.0,104555.0,104640.0,110
202607101045,104715.0,104720.0,104660.0,104675.0,210
202607101100,104675.0,104715.0,104675.0,104715.0,42
202607101115,104740.0,104740.0,104670.0,104670.0,866
202607101130,104660.0,104705.0,104640.0,104695.0,25
202607101145,104705.0,104735.0,104690.0,104730.0,176
202607101200,104730.0,104740.0,104705.0,104740.0,205
202607101215,104740.0,104790.0,104740.0,104790.0,84
202607101230,104780.0,104780.0,104725.0,104770.0,237
202607101245,104750.0,104750.0,104685.0,104700.0,866
202607101300,104695.0,104725.0,104695.0,104715.0,387
202607101315,104680.0,104695.0,104640.0,104695.0,358
202607101330,104680.0,104680.0,104630.0,104660.0,50
202607101345,104660.0,104825.0,104645.0,104805.0,99
202607101400,104815.0,104825.0,104785.0,104810.0,136
202607101415,104805.0,104805.0,104780.0,104790.0,62
202607101430,104825.0,104835.0,104745.0,104770.0,379
202607101445,104790.0,104845.0,104790.0,104815.0,373
202607101500,104900.0,104900.0,104880.0,104880.0,35
202607101515,104900.0,104920.0,104825.0,104825.0,70
202607130900,104515.0,104585.0,104500.0,104570.0,87
202607130915,104580.0,104590.0,104545.0,104580.0,377
202607130930,104580.0,104580.0,104480.0,104500.0,124
202607130945,104490.0,104515.0,104445.0,104445.0,280
202607131000,104450.0,104460.0,104370.0,104370.0,222
202607131015,104370.0,104395.0,104360.0,104380.0,100
202607131030,104370.0,104405.0,104370.0,104405.0,79
202607131045,104395.0,104425.0,104370.0,104425.0,47
202607131100,104425.0,104435.0,104385.0,104405.0,113
202607131115,104395.0,104470.0,104385.0,104470.0,60
202607131130,104460.0,104555.0,104415.0,104540.0,207
202607131145,104535.0,104555.0,104495.0,104495.0,1208
202607131200,104475.0,104505.0,104470.0,104505.0,29
202607131215,104490.0,104505.0,104470.0,104480.0,277
202607131230,104495.0,104525.0,104495.0,104505.0,616
202607131245,104505.0,104525.0,104485.0,104525.0,84
202607131300,104525.0,104590.0,104525.0,104570.0,207
202607131315,104570.0,104605.0,104560.0,104585.0,110
202607131345,104540.0,104540.0,104540.0,104540.0,219
202607131400,104540.0,104615.0,104540.0,104540.0,456
202607131415,104530.0,104570.0,104475.0,104495.0,182
202607131430,104505.0,104535.0,104460.0,104460.0,123
202607131445,104470.0,104470.0,104405.0,104460.0,218
202607131500,104460.0,104515.0,104460.0,104505.0,145
202607131515,104475.0,104570.0,104475.0,104570.0,583
202607140900,104135.0,104145.0,104035.0,104090.0,327
202607140915,104080.0,104090.0,103957.0,104050.0,1056
202607140930,104045.0,104070.0,104015.0,104025.0,154
202607140945,104050.0,104110.0,104025.0,104050.0,133
202607141000,104060.0,104060.0,103950.0,103950.0,272
202607141015,104040.0,104060.0,104035.0,104055.0,98
202607141030,104055.0,104115.0,104045.0,104100.0,116
202607141045,104120.0,104125.0,104070.0,104080.0,88
202607141100,104070.0,104105.0,104060.0,104070.0,44
202607141115,104080.0,104120.0,104080.0,104120.0,558
202607141130,104125.0,104125.0,104045.0,104045.0,457
202607141145,104050.0,104060.0,104040.0,104040.0,175
202607141200,104040.0,104040.0,104015.0,104015.0,76
202607141215,104020.0,104040.0,103985.0,104015.0,148
202607141230,104030.0,104070.0,103995.0,104070.0,194
202607141245,104050.0,104075.0,104040.0,104075.0,317
202607141300,104085.0,104095.0,104000.0,104000.0,236
202607141315,104000.0,104070.0,103995.0,104050.0,177
202607141330,104060.0,104105.0,104060.0,104085.0,383
202607141345,104095.0,104115.0,104070.0,104085.0,78
202607141400,104070.0,104070.0,104010.0,104045.0,879
202607141415,104050.0,104055.0,103990.0,104010.0,155
202607141430,104010.0,104215.0,104000.0,104185.0,168
202607141445,104175.0,104175.0,104060.0,104105.0,800
202607141500,104085.0,104085.0,103975.0,104000.0,171
202607141515,103975.0,103985.0,103935.0,103935.0,124
202607150900,104105.0,104170.0,104075.0,104160.0,1050
202607150915,104185.0,104185.0,104105.0,104150.0,1050
202607150930,104150.0,104160.0,104075.0,104125.0,901
202607150945,104110.0,104200.0,104100.0,104195.0,1298
202607151000,104210.0,104210.0,104185.0,104210.0,1247
202607151015,104200.0,104215.0,104140.0,104140.0,436
202607151030,104140.0,104140.0,104095.0,104100.0,550
202607151045,104110.0,104125.0,104065.0,104065.0,816
202607151100,104070.0,104070.0,104015.0,104055.0,472
202607151115,104055.0,104085.0,104055.0,104085.0,773
202607151130,104080.0,104100.0,104060.0,104085.0,347
202607151145,104085.0,104085.0,104025.0,104030.0,453
202607151200,104040.0,104055.0,104020.0,104020.0,1285
202607151215,104025.0,104035.0,104010.0,104035.0,714
202607151230,104030.0,104045.0,104010.0,104010.0,423
202607151245,104010.0,104050.0,104010.0,104050.0,821
202607151300,104020.0,104020.0,103935.0,103965.0,492
202607151315,103980.0,104050.0,103980.0,104040.0,767
202607151330,104040.0,104045.0,104025.0,104025.0,288
202607151345,104025.0,104025.0,103940.0,103940.0,403
202607151400,103965.0,104005.0,103920.0,103970.0,559
202607151415,103950.0,103995.0,103935.0,103990.0,1161
202607151430,103990.0,104040.0,103975.0,104030.0,661
202607151445,104020.0,104060.0,104020.0,104060.0,1434
202607151500,104060.0,104090.0,104025.0,104090.0,539
202607151515,104090.0,104105.0,104050.0,104050.0,155
202607160900,104145.0,104145.0,104095.0,104105.0,925
202607160915,104115.0,104115.0,104075.0,104110.0,145
202607160930,104125.0,104125.0,104030.0,104040.0,593
202607160945,104030.0,104180.0,104030.0,104105.0,178
202607161000,104085.0,104120.0,104080.0,104085.0,139
202607161015,104105.0,104145.0,104025.0,104025.0,1491
202607161030,104025.0,104060.0,104000.0,104050.0,577
202607161045,104045.0,104045.0,103985.0,104005.0,380
202607161100,104015.0,104060.0,104015.0,104050.0,40
202607161115,104070.0,104105.0,103970.0,104020.0,1069
202607161130,104020.0,104170.0,104020.0,104140.0,621
202607161145,104140.0,104345.0,104135.0,104345.0,68
202607161200,104305.0,104365.0,104305.0,104355.0,241
202607161215,104355.0,104390.0,104355.0,104355.0,23
202607161230,104355.0,104360.0,104325.0,104325.0,62
202607161245,104330.0,104335.0,104295.0,104325.0,11
202607161300,104345.0,104380.0,104345.0,104365.0,22
202607161315,104330.0,104335.0,104290.0,104290.0,57
202607161330,104290.0,104335.0,104290.0,104315.0,349
202607161345,104335.0,104420.0,104335.0,104410.0,29
202607161400,104410.0,104435.0,104410.0,104435.0,82
202607161415,104435.0,104435.0,104390.0,104420.0,218
202607161430,104415.0,104415.0,104380.0,104400.0,74
202607161445,104380.0,104400.0,104335.0,104370.0,197
202607161500,104390.0,104390.0,104320.0,104350.0,94
202607161515,104335.0,104335.0,104335.0,104335.0,116
202607200900,103910.0,103910.0,103845.0,103880.0,256
202607200915,103880.0,103930.0,103845.0,103900.0,1115
202607200930,103900.0,103920.0,103860.0,103910.0,233
202607200945,103975.0,104030.0,103965.0,103990.0,130
202607201000,104010.0,104010.0,103965.0,103970.0,224
202607201015,103990.0,104010.0,103965.0,104000.0,96
202607201030,104000.0,104010.0,103935.0,103935.0,53
202607201045,103945.0,104000.0,103945.0,103970.0,108
202607201100,103965.0,104020.0,103915.0,103920.0,139
202607201115,103920.0,103952.0,103870.0,103917.0,152
202607201130,103917.0,103990.0,103895.0,103980.0,103
202607201145,103965.0,104010.0,103945.0,103980.0,167
202607201200,103965.0,103980.0,103965.0,103980.0,451
202607201215,103990.0,104035.0,103970.0,104025.0,522
202607201230,104025.0,104030.0,104005.0,104020.0,1605
202607201245,104020.0,104035.0,103990.0,104025.0,3013
202607201300,104030.0,104030.0,103940.0,103955.0,7090
202607201315,103965.0,103995.0,103930.0,103995.0,10100
202607201330,103995.0,104025.0,103995.0,104020.0,47
202607201345,104020.0,104105.0,104020.0,104050.0,79
202607201400,104040.0,104080.0,104040.0,104070.0,239
202607201415,104095.0,104095.0,104040.0,104080.0,79
202607201430,104125.0,104135.0,104095.0,104105.0,231
202607201445,104115.0,104115.0,104060.0,104070.0,215
202607201500,104070.0,104105.0,104015.0,104015.0,137
202607201515,103995.0,104015.0,103990.0,104005.0,43
202607210900,103885.0,103885.0,103800.0,103820.0,685
202607210915,103815.0,103820.0,103705.0,103735.0,784
202607210930,103725.0,103725.0,103650.0,103715.0,220
202607210945,103705.0,103765.0,103700.0,103705.0,335
202607211000,103705.0,103750.0,103680.0,103735.0,552
202607211015,103735.0,103820.0,103735.0,103775.0,247
202607211030,103755.0,103765.0,103690.0,103710.0,228
202607211045,103710.0,103725.0,103660.0,103700.0,170
202607211100,103710.0,103725.0,103690.0,103700.0,49
202607211115,103700.0,103780.0,103700.0,103780.0,346
202607211130,103790.0,103820.0,103765.0,103800.0,128
202607211145,103800.0,103865.0,103800.0,103865.0,114
202607211200,103865.0,103920.0,103865.0,103910.0,6
202607211215,103910.0,103940.0,103910.0,103930.0,94
202607211230,103940.0,103995.0,103910.0,103995.0,181
202607211245,103970.0,103990.0,103950.0,103965.0,45
202607211300,103975.0,103975.0,103950.0,103950.0,39
202607211315,103955.0,103960.0,103910.0,103950.0,230
202607211330,103940.0,103940.0,103900.0,103900.0,25
202607211345,103950.0,103995.0,103940.0,103950.0,404
202607211400,103950.0,103965.0,103890.0,103965.0,142
202607211415,103975.0,103975.0,103920.0,103955.0,37
202607211430,103955.0,104050.0,103955.0,104050.0,159
202607211445,103980.0,104030.0,103980.0,104020.0,165
202607211500,104010.0,104050.0,104010.0,104040.0,135
202607211515,104040.0,104040.0,103995.0,103995.0,46
202607220900,103752.0,103755.0,103700.0,103715.0,400
202607220915,103735.0,103790.0,103690.0,103780.0,118
202607220930,103775.0,103800.0,103725.0,103770.0,1097
202607220945,103770.0,103800.0,103715.0,103740.0,766
202607221000,103725.0,103725.0,103660.0,103660.0,340
202607221015,103650.0,103675.0,103600.0,103620.0,329
202607221030,103615.0,103615.0,103585.0,103605.0,77
202607221045,103605.0,103610.0,103600.0,103600.0,24
202607221100,103600.0,103620.0,103595.0,103610.0,23
202607221115,103620.0,103630.0,103580.0,103620.0,119
202607221130,103620.0,103650.0,103610.0,103650.0,39
202607221145,103620.0,103630.0,103610.0,103610.0,92
202607221200,103640.0,103640.0,103595.0,103595.0,44
202607221215,103595.0,103600.0,103580.0,103595.0,93
202607221230,103580.0,103600.0,103555.0,103575.0,243
202607221245,103575.0,103585.0,103545.0,103545.0,118
202607221300,103565.0,103575.0,103540.0,103540.0,142
202607221315,103540.0,103555.0,103530.0,103555.0,120
202607221330,103545.0,103565.0,103530.0,103565.0,162
202607221345,103535.0,103585.0,103535.0,103545.0,50
202607221400,103585.0,103620.0,103565.0,103620.0,155
202607221415,103620.0,103675.0,103620.0,103675.0,107
202607221430,103660.0,103660.0,103615.0,103620.0,80
202607221445,103595.0,103600.0,103565.0,103600.0,258
202607221500,103630.0,103630.0,103560.0,103560.0,19
202607221515,103545.0,103555.0,103465.0,103465.0,213
202607230900,103590.0,103690.0,103580.0,103620.0,233
202607230915,103625.0,103700.0,103620.0,103700.0,846
202607230930,103700.0,103755.0,103680.0,103755.0,572
202607230945,103725.0,103780.0,103715.0,103715.0,270
202607231000,103725.0,103770.0,103720.0,103720.0,242
202607231015,103670.0,103730.0,103670.0,103685.0,938
202607231030,103685.0,103695.0,103650.0,103650.0,621
202607231045,103645.0,103645.0,103535.0,103535.0,606
202607231100,103545.0,103565.0,103515.0,103565.0,309
202607231115,103540.0,103590.0,103525.0,103590.0,438
202607231130,103590.0,103590.0,103545.0,103560.0,396
202607231145,103580.0,103625.0,103580.0,103610.0,218
202607231200,103610.0,103610.0,103560.0,103560.0,155
202607231215,103540.0,103540.0,103525.0,103535.0,338
202607231230,103535.0,103560.0,103520.0,103540.0,253
202607231245,103525.0,103545.0,103525.0,103525.0,76
202607231300,103525.0,103580.0,103515.0,103580.0,65
202607231315,103575.0,103655.0,103575.0,103655.0,110
202607231330,103655.0,103665.0,103625.0,103630.0,122
202607231345,103630.0,103630.0,103560.0,103605.0,464
202607231400,103550.0,103615.0,103550.0,103615.0,16
202607231415,103610.0,103645.0,103540.0,103645.0,102
202607231430,103625.0,103625.0,103595.0,103605.0,95
202607231445,103595.0,103595.0,103515.0,103515.0,43
202607231500,103540.0,103605.0,103510.0,103605.0,4292
202607231515,103610.0,103625.0,103550.0,103550.0,14
202607240900,103195.0,103195.0,103090.0,103100.0,120
202607240915,103130.0,103200.0,103120.0,103135.0,357
202607240930,103135.0,103145.0,103080.0,103100.0,269
202607240945,103110.0,103145.0,103100.0,103135.0,463
202607241000,103145.0,103200.0,103120.0,103120.0,759
202607241015,103120.0,103200.0,103110.0,103200.0,311
202607241030,103200.0,103200.0,103155.0,103155.0,510
202607241045,103165.0,103170.0,103120.0,103165.0,115
202607241100,103165.0,103210.0,103165.0,103180.0,1256
202607241115,103160.0,103160.0,103095.0,103150.0,2894
202607241130,103130.0,103145.0,103070.0,103070.0,2830
202607241145,103070.0,103075.0,103035.0,103035.0,3072
202607241200,103035.0,103050.0,102985.0,102985.0,2671
202607241215,103000.0,103055.0,103000.0,103040.0,2986
202607241230,103040.0,103060.0,103020.0,103045.0,2775
202607241245,103045.0,103060.0,103030.0,103030.0,2618
202607241300,103030.0,103080.0,103030.0,103060.0,2579
202607241315,103060.0,103105.0,103030.0,103055.0,2945
202607241330,103085.0,103095.0,103025.0,103035.0,2688
202607241345,103025.0,103085.0,103015.0,103080.0,2745
202607241400,103080.0,103105.0,103010.0,103010.0,2767
202607241415,103010.0,103100.0,103010.0,103090.0,2978
202607241430,103060.0,103105.0,103020.0,103045.0,2960
202607241445,103045.0,103120.0,102990.0,103025.0,2811
202607241500,103025.0,103060.0,102980.0,103040.0,3163
202607241515,103020.0,103065.0,103020.0,103045.0,345
202607270900,103660.0,103705.0,103605.0,103705.0,244
202607270915,103715.0,103720.0,103660.0,103705.0,341
202607270930,103725.0,103725.0,103660.0,103695.0,92
202607270945,103700.0,103725.0,103670.0,103725.0,439
202607271000,103760.0,103760.0,103685.0,103715.0,589
202607271015,103705.0,103760.0,103675.0,103750.0,569
202607271030,103750.0,103785.0,103730.0,103785.0,388
202607271045,103765.0,103820.0,103765.0,103805.0,402
202607271100,103830.0,103830.0,103775.0,103820.0,349
202607271115,103820.0,103820.0,103765.0,103785.0,517
202607271130,103785.0,103800.0,103765.0,103800.0,348
202607271145,103800.0,103820.0,103785.0,103820.0,358
202607271200,103830.0,103840.0,103805.0,103825.0,568
202607271215,103840.0,103840.0,103815.0,103815.0,565
202607271230,103830.0,103840.0,103825.0,103830.0,373
202607271245,103840.0,103840.0,103815.0,103840.0,474
202607271300,103845.0,103860.0,103825.0,103850.0,371
202607271315,103825.0,103880.0,103825.0,103845.0,6995
202607271330,103845.0,103905.0,103825.0,103890.0,367
202607271345,103890.0,103915.0,103860.0,103860.0,453
202607271400,103880.0,103905.0,103860.0,103895.0,404
202607271415,103895.0,103940.0,103870.0,103925.0,575
202607271430,103925.0,103970.0,103905.0,103940.0,446
202607271445,103960.0,103960.0,103865.0,103885.0,524
202607271500,103875.0,103950.0,103875.0,103920.0,526
202607271515,103915.0,103965.0,103905.0,103965.0,2064
202607280900,103980.0,104010.0,103915.0,103960.0,471
202607280915,103980.0,104090.0,103980.0,104025.0,371
202607280930,104025.0,104080.0,104015.0,104055.0,64
202607280945,104065.0,104080.0,104010.0,104030.0,435
202607281000,104040.0,104065.0,103990.0,103990.0,57
202607281030,104000.0,104015.0,104000.0,104015.0,151
202607281045,104035.0,104055.0,104000.0,104055.0,108
202607281100,104025.0,104120.0,104025.0,104080.0,750
202607281115,104090.0,104145.0,104060.0,104090.0,464
202607281130,104070.0,104220.0,104055.0,104220.0,118
202607281145,104220.0,104300.0,104210.0,104260.0,100
202607281200,104250.0,104255.0,104210.0,104230.0,162
202607281215,104230.0,104250.0,104210.0,104220.0,179
202607281230,104235.0,104290.0,104225.0,104260.0,433
202607281245,104245.0,104280.0,104235.0,104265.0,126
202607281300,104265.0,104290.0,104190.0,104190.0,124
202607281315,104200.0,104250.0,104185.0,104205.0,1436
202607281330,104205.0,104250.0,104180.0,104250.0,786
202607281345,104225.0,104260.0,104195.0,104195.0,191
202607281400,104225.0,104265.0,104225.0,104265.0,112
202607281415,104270.0,104315.0,104250.0,104315.0,454
202607281430,104325.0,104335.0,104235.0,104250.0,169
202607281445,104235.0,104250.0,104215.0,104230.0,206
202607281500,104250.0,104265.0,104205.0,104260.0,162
202607281515,104260.0,104340.0,104250.0,104340.0,62
202607290900,104245.0,104340.0,104245.0,104330.0,378
202607290915,104330.0,104355.0,104315.0,104320.0,122
202607290930,104320.0,104340.0,104265.0,104285.0,4573
202607290945,104275.0,104340.0,104250.0,104265.0,124
202607291000,104255.0,104275.0,104220.0,104220.0,163
202607291015,104250.0,104340.0,104240.0,104340.0,3395
202607291030,104325.0,104350.0,104305.0,104340.0,257
202607291045,104315.0,104385.0,104315.0,104370.0,539
202607291100,104370.0,104430.0,104370.0,104385.0,374
202607291115,104415.0,104430.0,104385.0,104430.0,677
202607291130,104430.0,104460.0,104400.0,104420.0,240
202607291145,104445.0,104475.0,104430.0,104450.0,209
202607291200,104455.0,104460.0,104420.0,104450.0,290
202607291215,104455.0,104460.0,104430.0,104460.0,393
202607291230,104460.0,104460.0,104460.0,104460.0,2
202607291300,104455.0,104500.0,104440.0,104445.0,1605
202607291315,104450.0,104575.0,104450.0,104560.0,706
202607291330,104560.0,104740.0,104555.0,104685.0,4727
202607291345,104685.0,104685.0,104555.0,104555.0,216
202607291400,104575.0,104640.0,104565.0,104610.0,832
202607291415,104590.0,104665.0,104555.0,104565.0,1746
202607291430,104570.0,104620.0,104535.0,104615.0,783
202607291445,104625.0,104625.0,104525.0,104545.0,722
202607291500,104560.0,104605.0,104550.0,104580.0,838
202607291515,104590.0,104605.0,104580.0,104595.0,582
202607300900,104455.0,104555.0,104455.0,104555.0,433
202607300915,104630.0,104630.0,104470.0,104500.0,543
202607300930,104505.0,104505.0,104445.0,104480.0,398
202607300945,104510.0,104510.0,104455.0,104470.0,228
202607301000,104455.0,104465.0,104420.0,104425.0,321
202607301015,104425.0,104425.0,104360.0,104380.0,117
202607301030,104370.0,104425.0,104290.0,104290.0,179
202607301045,104290.0,104325.0,104260.0,104325.0,238
202607301100,104300.0,104325.0,104290.0,104300.0,413
202607301115,104290.0,104325.0,104270.0,104315.0,105
202607301130,104315.0,104355.0,104310.0,104310.0,299
202607301145,104280.0,104325.0,104280.0,104290.0,154
202607301200,104300.0,104315.0,104250.0,104250.0,226
202607301215,104280.0,104280.0,104250.0,104260.0,120
202607301230,104270.0,104270.0,104235.0,104245.0,22
202607301245,104225.0,104250.0,104205.0,104225.0,205
202607301300,104225.0,104235.0,104180.0,104225.0,213
202607301315,104235.0,104280.0,104225.0,104280.0,326
202607301330,104290.0,104305.0,104235.0,104235.0,626
202607301345,104235.0,104260.0,104190.0,104190.0,70
202607301400,104170.0,104210.0,104125.0,104140.0,1053
202607301415,104160.0,104195.0,104120.0,104185.0,837
202607301430,104185.0,104215.0,104150.0,104210.0,638
202607301445,104215.0,104240.0,104115.0,104145.0,1468
202607301500,104120.0,104120.0,104020.0,104020.0,142
202607301515,104020.0,104165.0,104020.0,104165.0,358
202607310900,104460.0,104540.0,104440.0,104530.0,285
202607310915,104575.0,104620.0,104550.0,104620.0,188
202607310930,104630.0,104630.0,104565.0,104605.0,274
202607310945,104600.0,104610.0,104555.0,104585.0,244
202607311000,104585.0,104650.0,104585.0,104600.0,198
202607311015,104600.0,104675.0,104585.0,104640.0,146
202607311030,104640.0,104720.0,104630.0,104705.0,927
202607311045,104730.0,104730.0,104690.0,104710.0,121
202607311100,104710.0,104765.0,104710.0,104730.0,141
202607311115,104710.0,104720.0,104645.0,104665.0,106
202607311130,104665.0,104700.0,104645.0,104645.0,96
202607311145,104640.0,104685.0,104640.0,104645.0,240
202607311200,104635.0,104665.0,104600.0,104625.0,92
202607311215,104625.0,104630.0,104570.0,104620.0,49
202607311230,104620.0,104695.0,104620.0,104675.0,287
202607311245,104655.0,104655.0,104615.0,104615.0,53
202607311300,104615.0,104740.0,104615.0,104710.0,300
202607311315,104700.0,104730.0,104675.0,104730.0,86
202607311330,104710.0,104745.0,104700.0,104720.0,66
202607311345,104710.0,104750.0,104700.0,104720.0,348
202607311400,104720.0,104730.0,104690.0,104710.0,66
202607311415,104710.0,104720.0,104635.0,104680.0,118
202607311430,104690.0,104710.0,104635.0,104655.0,90
202607311445,104655.0,104710.0,104600.0,104655.0,617
202607311500,104670.0,104725.0,104655.0,104725.0,880
202607311515,104735.0,104785.0,104715.0,104715.0,60
202608030900,104560.0,104650.0,104560.0,104650.0,151
202608030915,104690.0,104810.0,104680.0,104790.0,202
202608030930,104790.0,104820.0,104755.0,104770.0,1675
202608030945,104760.0,104760.0,104650.0,104690.0,1021
202608031000,104680.0,104715.0,104670.0,104690.0,1339
202608031015,104665.0,104680.0,104635.0,104645.0,876
202608031030,104645.0,104680.0,104620.0,104655.0,429
202608031045,104680.0,104730.0,104665.0,104730.0,1420
202608031100,104730.0,104760.0,104645.0,104650.0,981
202608031115,104650.0,104750.0,104650.0,104750.0,389
202608031130,104750.0,104750.0,104685.0,104685.0,523
202608031145,104705.0,104705.0,104680.0,104685.0,757
202608031200,104680.0,104690.0,104670.0,104690.0,405
202608031215,104680.0,104705.0,104670.0,104705.0,332
202608031230,104705.0,104710.0,104660.0,104660.0,291
202608031245,104690.0,104690.0,104660.0,104690.0,1343
202608031300,104680.0,104680.0,104600.0,104625.0,2148
202608031315,104640.0,104670.0,104595.0,104610.0,275
202608031330,104610.0,104650.0,104595.0,104650.0,1286
202608031345,104680.0,104685.0,104655.0,104665.0,423
202608031400,104695.0,104695.0,104630.0,104630.0,324
202608031415,104655.0,104685.0,104650.0,104685.0,405
202608031430,104685.0,104695.0,104660.0,104695.0,395
202608031445,104685.0,104715.0,104685.0,104715.0,330
202608031500,104750.0,104780.0,104750.0,104760.0,439
202608031515,104745.0,104745.0,104720.0,104720.0,131
202608040900,105000.0,105045.0,104945.0,105045.0,282
202608040915,105080.0,105080.0,105040.0,105070.0,1217
202608040930,105070.0,105090.0,105005.0,105010.0,2312
202608040945,104995.0,104995.0,104920.0,104920.0,49
202608041000,104910.0,104945.0,104865.0,104935.0,780
202608041015,104955.0,104970.0,104930.0,104955.0,1050
202608041030,104940.0,105010.0,104925.0,104990.0,1601
202608041045,104980.0,105010.0,104940.0,104950.0,1183
202608041100,104960.0,105015.0,104935.0,104965.0,1383
202608041115,104965.0,105005.0,104965.0,104970.0,2034
202608041130,104970.0,104970.0,104910.0,104945.0,1756
202608041145,104945.0,105050.0,104945.0,105035.0,1398
202608041200,105025.0,105025.0,104920.0,104940.0,1081
202608041215,104950.0,104985.0,104910.0,104985.0,1080
202608041230,104955.0,104995.0,104810.0,104890.0,1451
202608041245,104885.0,104945.0,104835.0,104850.0,1436
202608041300,104840.0,104950.0,104840.0,104940.0,1114
202608041315,104940.0,104975.0,104920.0,104950.0,1060
202608041330,104950.0,104975.0,104935.0,104945.0,1112
202608041345,104955.0,104975.0,104850.0,104850.0,1184
202608041400,104855.0,104880.0,104825.0,104830.0,1046
202608041415,104815.0,104840.0,104785.0,104805.0,1017
202608041430,104805.0,104805.0,104755.0,104755.0,1383
202608041445,104765.0,104820.0,104745.0,104820.0,1300
202608041500,104820.0,104895.0,104820.0,104885.0,1009
202608041515,104865.0,104865.0,104810.0,104810.0,5
202608050900,105320.0,105420.0,105320.0,105380.0,351
202608050915,105390.0,105410.0,105360.0,105390.0,251
202608050930,105390.0,105455.0,105355.0,105450.0,634
202608050945,105460.0,105515.0,105460.0,105480.0,629
202608051000,105470.0,105490.0,105445.0,105490.0,294
202608051015,105485.0,105515.0,105430.0,105495.0,161
202608051030,105505.0,105535.0,105500.0,105500.0,119
202608051045,105480.0,105535.0,105480.0,105535.0,177
202608051100,105535.0,105680.0,105535.0,105680.0,37
202608051115,105680.0,105780.0,105680.0,105780.0,233
202608051130,105770.0,105800.0,105770.0,105800.0,214
202608051145,105760.0,105810.0,105760.0,105810.0,168
202608051200,105815.0,105835.0,105805.0,105835.0,62
202608051215,105850.0,105850.0,105835.0,105845.0,64
202608051230,105825.0,105870.0,105825.0,105870.0,108
202608051245,105900.0,105905.0,105860.0,105880.0,441
202608051300,105905.0,105905.0,105850.0,105850.0,52
202608051315,105825.0,105835.0,105805.0,105815.0,206
202608051330,105835.0,105870.0,105805.0,105825.0,726
202608051345,105840.0,105850.0,105795.0,105815.0,330
202608051400,105835.0,105850.0,105795.0,105840.0,385
202608051415,105845.0,105880.0,105840.0,105850.0,812
202608051430,105840.0,105890.0,105840.0,105865.0,349
202608051445,105850.0,105905.0,105850.0,105895.0,488
202608051500,105840.0,105860.0,105780.0,105780.0,556
202608051515,105780.0,105795.0,105730.0,105730.0,163
202608060900,105830.0,105930.0,105830.0,105925.0,1119
202608060915,105930.0,105960.0,105905.0,105915.0,1072
202608060930,105915.0,105915.0,105820.0,105820.0,904
202608060945,105820.0,105850.0,105785.0,105805.0,1007
202608061000,105800.0,105840.0,105785.0,105795.0,434
202608061015,105795.0,105800.0,105755.0,105780.0,1023
202608061030,105780.0,105810.0,105770.0,105770.0,735
202608061045,105775.0,105810.0,105725.0,105725.0,396
202608061100,105725.0,105725.0,105680.0,105710.0,374
202608061115,105705.0,105755.0,105705.0,105725.0,425
202608061130,105710.0,105720.0,105685.0,105685.0,330
202608061145,105685.0,105705.0,105620.0,105620.0,2452
202608061200,105620.0,105675.0,105620.0,105675.0,35
202608061215,105675.0,105690.0,105635.0,105690.0,229
202608061230,105680.0,105700.0,105610.0,105610.0,211
202608061245,105675.0,105680.0,105635.0,105670.0,145
202608061300,105665.0,105665.0,105610.0,105645.0,589
202608061315,105645.0,105665.0,105625.0,105665.0,97
202608061330,105670.0,105690.0,105600.0,105600.0,153
202608061345,105580.0,105610.0,105580.0,105600.0,38
202608061400,105600.0,105610.0,105560.0,105610.0,407
202608061415,105610.0,105635.0,105590.0,105635.0,49
202608061430,105615.0,105615.0,105580.0,105595.0,36
202608061445,105590.0,105655.0,105590.0,105630.0,409
202608061500,105615.0,105615.0,105460.0,105460.0,127
202608061515,105410.0,105410.0,105410.0,105410.0,58
202608070900,105170.0,105215.0,105145.0,105180.0,56
202608070915,105190.0,105270.0,105170.0,105245.0,134
202608070930,105235.0,105310.0,105235.0,105310.0,153
202608070945,105320.0,105340.0,105290.0,105340.0,193
202608071000,105310.0,105375.0,105310.0,105370.0,27
202608071015,105370.0,105400.0,105335.0,105385.0,178
202608071030,105390.0,105430.0,105390.0,105420.0,7
202608071045,105420.0,105420.0,105375.0,105375.0,52
202608071100,105400.0,105400.0,105355.0,105370.0,188
202608071115,105370.0,105395.0,105370.0,105395.0,20
202608071130,105380.0,105380.0,105335.0,105355.0,369
202608071145,105355.0,105375.0,105335.0,105335.0,47
202608071200,105345.0,105355.0,105320.0,105320.0,107
202608071215,105330.0,105330.0,105310.0,105320.0,83
202608071230,105330.0,105330.0,105290.0,105320.0,23
202608071245,105315.0,105320.0,105290.0,105290.0,50
202608071300,105300.0,105300.0,105230.0,105230.0,94
202608071315,105265.0,105265.0,105235.0,105255.0,12
202608071330,105255.0,105275.0,105225.0,105245.0,52
202608071345,105245.0,105260.0,105200.0,105200.0,105
202608071400,105220.0,105240.0,105200.0,105200.0,356
202608071415,105210.0,105210.0,105180.0,105200.0,7
202608071430,105160.0,105180.0,105160.0,105180.0,93
202608071445,105175.0,105230.0,105175.0,105200.0,795
202608071500,105200.0,105295.0,105200.0,105295.0,610
202608071515,105310.0,105350.0,105300.0,105350.0,12
202608100900,105240.0,105240.0,105140.0,105150.0,620
202608100915,105150.0,105185.0,105140.0,105175.0,856
202608100930,105175.0,105210.0,105165.0,105200.0,749
202608100945,105200.0,105285.0,105190.0,105275.0,385
202608101000,105255.0,105255.0,105165.0,105190.0,57
202608101015,105200.0,105245.0,105200.0,105200.0,633
202608101030,105200.0,105200.0,105155.0,105190.0,433
202608101045,105190.0,105225.0,105180.0,105215.0,318
202608101100,105215.0,105255.0,105205.0,105210.0,256
202608101115,105210.0,105235.0,105195.0,105200.0,427
202608101130,105200.0,105225.0,105160.0,105180.0,337
202608101145,105180.0,105200.0,105150.0,105190.0,168
202608101200,105190.0,105235.0,105190.0,105215.0,309
202608101215,105225.0,105255.0,105225.0,105225.0,280
202608101230,105225.0,105245.0,105195.0,105215.0,164
202608101245,105215.0,105225.0,105160.0,105160.0,342
202608101300,105190.0,105190.0,105090.0,105105.0,140
202608101315,105105.0,105115.0,105090.0,105095.0,455
202608101330,105095.0,105095.0,105035.0,105040.0,341
202608101345,105045.0,105135.0,105040.0,105115.0,209
202608101400,105125.0,105150.0,105085.0,105105.0,291
202608101415,105095.0,105140.0,105075.0,105140.0,286
202608101430,105150.0,105150.0,105095.0,105115.0,178
202608101445,105115.0,105140.0,105095.0,105110.0,352
202608101500,105090.0,105115.0,105060.0,105070.0,164
202608101515,105070.0,105085.0,105040.0,105085.0,33
202608110900,104490.0,104535.0,104480.0,104530.0,152
202608110915,104590.0,104630.0,104530.0,104610.0,271
202608110930,104610.0,104655.0,104600.0,104625.0,92
202608110945,104625.0,104630.0,104575.0,104620.0,164
202608111000,104610.0,104610.0,104535.0,104535.0,951
202608111015,104565.0,104625.0,104565.0,104585.0,108
202608111030,104585.0,104620.0,104565.0,104565.0,123
202608111045,104550.0,104610.0,104550.0,104605.0,125
202608111100,104565.0,104575.0,104520.0,104550.0,163
202608111115,104530.0,104575.0,104530.0,104575.0,136
202608111130,104575.0,104595.0,104565.0,104595.0,204
202608111145,104600.0,104630.0,104600.0,104610.0,24
202608111200,104595.0,104635.0,104595.0,104635.0,267
202608111215,104650.0,104665.0,104645.0,104650.0,48
202608111230,104665.0,104675.0,104650.0,104675.0,49
202608111245,104665.0,104665.0,104655.0,104665.0,69
202608111300,104665.0,104665.0,104650.0,104650.0,105
202608111315,104645.0,104805.0,104645.0,104805.0,132
202608111330,104805.0,104810.0,104740.0,104770.0,61
202608111345,104775.0,104815.0,104720.0,104730.0,459
202608111400,104730.0,104760.0,104720.0,104760.0,96
202608111415,104750.0,104770.0,104700.0,104700.0,112
202608111430,104715.0,104740.0,104675.0,104740.0,127
202608111445,104715.0,104715.0,104555.0,104555.0,125
202608111500,104585.0,104640.0,104545.0,104550.0,122
202608111515,104530.0,104575.0,104530.0,104575.0,7
202608120900,104680.0,104735.0,104665.0,104665.0,64
202608120915,104650.0,104680.0,104600.0,104625.0,507
202608120930,104625.0,104635.0,104570.0,104570.0,196
202608120945,104550.0,104550.0,104515.0,104525.0,135
202608121000,104525.0,104545.0,104490.0,104490.0,77
202608121015,104505.0,104515.0,104480.0,104490.0,237
202608121030,104490.0,104625.0,104475.0,104625.0,64
202608121045,104615.0,104645.0,104580.0,104580.0,135
202608121100,104605.0,104725.0,104595.0,104710.0,173
202608121115,104680.0,104695.0,104640.0,104645.0,564
202608121130,104670.0,104670.0,104650.0,104650.0,18
202608121145,104645.0,104650.0,104615.0,104615.0,34
202608121200,104615.0,104615.0,104595.0,104605.0,11
202608121215,104595.0,104605.0,104570.0,104595.0,46
202608121230,104595.0,104595.0,104535.0,104535.0,11
202608121245,104540.0,104550.0,104540.0,104540.0,59
202608121300,104550.0,104570.0,104540.0,104540.0,138
202608121315,104535.0,104580.0,104525.0,104550.0,53
202608121330,104590.0,104620.0,104570.0,104605.0,90
202608121345,104650.0,104690.0,104605.0,104635.0,253
202608121400,104625.0,104635.0,104605.0,104615.0,30
202608121415,104625.0,104640.0,104615.0,104640.0,211
202608121430,104670.0,104690.0,104640.0,104680.0,38
202608121445,104660.0,104670.0,104610.0,104620.0,2478
202608121500,104635.0,104640.0,104535.0,104585.0,6801
202608121515,104575.0,104610.0,104575.0,104585.0,1030
202608130900,104705.0,104740.0,104615.0,104620.0,283
202608130915,104620.0,104695.0,104620.0,104695.0,687
202608130930,104695.0,104760.0,104695.0,104750.0,189
202608130945,104760.0,104760.0,104695.0,104705.0,175
202608131000,104725.0,104745.0,104680.0,104680.0,128
202608131015,104735.0,104735.0,104685.0,104690.0,70
202608131030,104695.0,104725.0,104695.0,104695.0,146
202608131045,104695.0,104735.0,104690.0,104715.0,115
202608131100,104705.0,104800.0,104705.0,104800.0,85
202608131115,104825.0,104825.0,104770.0,104815.0,52
202608131130,104815.0,104835.0,104790.0,104825.0,98
202608131145,104800.0,104815.0,104780.0,104780.0,101
202608131200,104790.0,104835.0,104790.0,104810.0,57
202608131215,104810.0,104810.0,104780.0,104790.0,76
202608131230,104785.0,104810.0,104780.0,104810.0,110
202608131245,104810.0,104810.0,104775.0,104780.0,386
202608131300,104790.0,104790.0,104740.0,104740.0,133
202608131315,104755.0,104780.0,104735.0,104770.0,67
202608131330,104780.0,104835.0,104745.0,104765.0,194
202608131345,104765.0,104810.0,104765.0,104790.0,64
202608131400,104800.0,104835.0,104790.0,104820.0,41
202608131415,104825.0,104835.0,104795.0,104830.0,44
202608131430,104830.0,104900.0,104810.0,104880.0,151
202608131445,104890.0,104890.0,104800.0,104820.0,145
202608131500,104820.0,104835.0,104710.0,104710.0,392
202608131515,104750.0,104755.0,104710.0,104710.0,10
202608140900,104925.0,104980.0,104885.0,104980.0,126
202608140915,104970.0,104970.0,104930.0,104950.0,73
202608140930,104960.0,105050.0,104960.0,104980.0,140
202608140945,104980.0,104980.0,104915.0,104950.0,173
202608141000,104915.0,104930.0,104870.0,104870.0,216
202608141015,104885.0,104885.0,104850.0,104880.0,53
202608141030,104880.0,104930.0,104880.0,104895.0,85
202608141045,104880.0,104880.0,104830.0,104830.0,91
202608141100,104815.0,104925.0,104815.0,104905.0,32
202608141115,104905.0,104950.0,104885.0,104895.0,82
202608141130,104875.0,104875.0,104795.0,104795.0,281
202608141145,104795.0,104805.0,104760.0,104770.0,102
202608141200,104805.0,104840.0,104805.0,104830.0,114
202608141215,104860.0,104860.0,104815.0,104825.0,26
202608141230,104825.0,104830.0,104805.0,104825.0,141
202608141245,104805.0,104815.0,104785.0,104785.0,29
202608141300,104775.0,104815.0,104750.0,104815.0,134
202608141315,104825.0,104830.0,104815.0,104815.0,33
202608141330,104825.0,104830.0,104700.0,104705.0,471
202608141345,104700.0,104800.0,104700.0,104800.0,12144
202608141400,104805.0,104810.0,104770.0,104780.0,6099
202608141415,104780.0,105200.0,104770.0,105190.0,9253
202608141430,105190.0,105190.0,104670.0,104770.0,9628
202608141445,104755.0,104770.0,104695.0,104695.0,1360
202608141500,104715.0,104770.0,104670.0,104760.0,156
202608141515,104750.0,104770.0,104715.0,104715.0,357
202608180900,103980.0,103995.0,103850.0,103860.0,119
202608180915,103850.0,103925.0,103840.0,103870.0,706
202608180930,103870.0,103890.0,103850.0,103880.0,625
202608180945,103865.0,103875.0,103810.0,103855.0,884
202608181000,103850.0,103890.0,103825.0,103890.0,551
202608181015,103865.0,103880.0,103850.0,103870.0,2404
202608181030,103880.0,103880.0,103795.0,103840.0,553
202608181045,103815.0,103815.0,103750.0,103805.0,189
202608181100,103800.0,103815.0,103760.0,103815.0,125
202608181115,103825.0,103860.0,103795.0,103805.0,69
202608181130,103815.0,103845.0,103805.0,103815.0,18
202608181145,103840.0,103870.0,103825.0,103860.0,78
202608181200,103880.0,103890.0,103860.0,103880.0,42
202608181215,103860.0,103935.0,103860.0,103935.0,337
202608181230,103925.0,103990.0,103905.0,103915.0,195
202608181245,103905.0,103905.0,103835.0,103835.0,231
202608181300,103835.0,103840.0,103815.0,103815.0,104
202608181315,103825.0,103850.0,103795.0,103850.0,25
202608181330,103850.0,103870.0,103840.0,103850.0,46
202608181345,103890.0,103915.0,103890.0,103915.0,52
202608181400,103915.0,103925.0,103905.0,103925.0,31
202608181415,103935.0,103960.0,103905.0,103945.0,422
202608181430,103945.0,103990.0,103945.0,103990.0,540
202608181445,103995.0,103995.0,103905.0,103925.0,300
202608181500,103905.0,103980.0,103850.0,103960.0,431
202608181515,103970.0,104015.0,103970.0,104015.0,215
202608190900,104090.0,104180.0,104090.0,104180.0,148
202608190915,104165.0,104210.0,104145.0,104200.0,365
202608190930,104210.0,104210.0,104120.0,104120.0,325
202608190945,104120.0,104120.0,104000.0,104010.0,155
202608191000,104000.0,104045.0,103970.0,104000.0,192
202608191015,103970.0,104055.0,103970.0,104055.0,71
202608191030,104045.0,104085.0,104020.0,104075.0,115
202608191045,104077.0,104165.0,104075.0,104165.0,312
202608191100,104155.0,104190.0,104150.0,104155.0,95
202608191115,104190.0,104255.0,104190.0,104255.0,97
202608191130,104255.0,104265.0,104220.0,104255.0,58
202608191145,104255.0,104265.0,104210.0,104210.0,81
202608191200,104210.0,104210.0,104190.0,104190.0,55
202608191215,104200.0,104220.0,104190.0,104220.0,92
202608191230,104220.0,104285.0,104210.0,104285.0,111
202608191245,104280.0,104300.0,104265.0,104265.0,65
202608191300,104235.0,104275.0,104235.0,104275.0,50
202608191315,104275.0,104275.0,104250.0,104275.0,86
202608191330,104265.0,104275.0,104220.0,104265.0,136
202608191345,104265.0,104375.0,104265.0,104355.0,598
202608191400,104365.0,104375.0,104345.0,104365.0,122
202608191415,104355.0,104360.0,104300.0,104345.0,473
202608191430,104335.0,104335.0,104270.0,104280.0,637
202608191445,104270.0,104335.0,104260.0,104295.0,561
202608191500,104325.0,104380.0,104285.0,104350.0,477
202608191515,104360.0,104380.0,104350.0,104380.0,9
202608200900,104665.0,104665.0,104625.0,104625.0,208
202608200915,104665.0,104680.0,104600.0,104620.0,381
202608200930,104620.0,104625.0,104535.0,104570.0,260
202608200945,104580.0,104630.0,104580.0,104580.0,211
202608201000,104575.0,104600.0,104550.0,104550.0,1138
202608201015,104540.0,104545.0,104460.0,104535.0,3076
202608201030,104530.0,104555.0,104510.0,104520.0,220
202608201045,104465.0,104500.0,104435.0,104435.0,83
202608201100,104455.0,104510.0,104430.0,104510.0,213
202608201115,104485.0,104500.0,104470.0,104500.0,124
202608201130,104500.0,104505.0,104465.0,104465.0,229
202608201145,104485.0,104500.0,104435.0,104435.0,36
202608201200,104445.0,104455.0,104425.0,104440.0,74
202608201215,104460.0,104470.0,104435.0,104470.0,52
202608201230,104470.0,104490.0,104425.0,104460.0,42
202608201245,104455.0,104520.0,104455.0,104500.0,376
202608201300,104510.0,104545.0,104500.0,104540.0,72
202608201315,104550.0,104565.0,104525.0,104545.0,296
202608201330,104545.0,104610.0,104520.0,104590.0,382
202608201345,104585.0,104620.0,104575.0,104620.0,418
202608201400,104620.0,104630.0,104595.0,104610.0,369
202608201415,104605.0,104640.0,104555.0,104640.0,392
202608201430,104640.0,104640.0,104600.0,104620.0,445
202608201445,104610.0,104650.0,104550.0,104550.0,498
202608201500,104515.0,104625.0,104515.0,104595.0,547
202608201515,104585.0,104585.0,104540.0,104540.0,37
202608210900,104190.0,104270.0,104190.0,104270.0,1773
202608210915,104270.0,104305.0,104220.0,104220.0,1390
202608210930,104220.0,104245.0,104195.0,104235.0,2926
202608210945,104225.0,104280.0,104225.0,104260.0,353
202608211000,104260.0,104315.0,104260.0,104290.0,167
202608211015,104300.0,104300.0,104230.0,104255.0,2571
202608211030,104255.0,104255.0,104170.0,104175.0,1434
202608211045,104145.0,104205.0,104145.0,104150.0,200
202608211100,104160.0,104185.0,104135.0,104175.0,2287
202608211115,104165.0,104195.0,104135.0,104175.0,231
202608211130,104185.0,104185.0,104155.0,104175.0,168
202608211145,104175.0,104175.0,104155.0,104165.0,115
202608211200,104170.0,104185.0,104170.0,104185.0,77
202608211215,104195.0,104195.0,104165.0,104195.0,88
202608211230,104185.0,104185.0,104135.0,104135.0,85
202608211245,104135.0,104155.0,104120.0,104120.0,402
202608211300,104125.0,104165.0,104125.0,104165.0,46
202608211315,104175.0,104175.0,104140.0,104165.0,322
202608211330,104165.0,104165.0,104110.0,104135.0,249
202608211345,104165.0,104215.0,104165.0,104215.0,253
202608211400,104205.0,104215.0,104195.0,104205.0,193
202608211415,104205.0,104215.0,104145.0,104145.0,565
202608211430,104155.0,104185.0,104140.0,104175.0,189
202608211445,104165.0,104195.0,104140.0,104185.0,351
202608211500,104175.0,104205.0,104155.0,104185.0,241
202608211515,104175.0,104185.0,104125.0,104125.0,39
202608240900,104250.0,104280.0,104220.0,104255.0,112
202608240915,104285.0,104320.0,104255.0,104310.0,396
202608240930,104310.0,104405.0,104310.0,104385.0,148
202608240945,104385.0,104425.0,104370.0,104415.0,701
202608241000,104425.0,104425.0,104350.0,104350.0,570
202608241015,104360.0,104415.0,104360.0,104405.0,251
202608241030,104395.0,104395.0,104330.0,104340.0,208
202608241045,104415.0,104425.0,104380.0,104425.0,359
202608241100,104425.0,104470.0,104425.0,104460.0,167
202608241115,104455.0,104455.0,104390.0,104395.0,154
202608241130,104405.0,104405.0,104360.0,104380.0,116
202608241145,104425.0,104480.0,104415.0,104435.0,114
202608241200,104450.0,104460.0,104435.0,104435.0,259
202608241215,104435.0,104470.0,104425.0,104460.0,95
202608241230,104450.0,104470.0,104425.0,104470.0,41
202608241245,104460.0,104460.0,104425.0,104425.0,102
202608241300,104425.0,104445.0,104415.0,104435.0,99
202608241315,104410.0,104455.0,104390.0,104425.0,58
202608241330,104425.0,104425.0,104400.0,104400.0,48
202608241345,104390.0,104400.0,104370.0,104380.0,104
202608241400,104380.0,104415.0,104350.0,104390.0,33
202608241415,104470.0,104475.0,104415.0,104415.0,104
202608241430,104405.0,104435.0,104405.0,104425.0,9
202608241445,104365.0,104460.0,104365.0,104460.0,127
202608241500,104460.0,104520.0,104460.0,104520.0,200
202608241515,104520.0,104520.0,104465.0,104465.0,3
202608250900,104520.0,104545.0,104420.0,104420.0,211
202608250915,104405.0,104465.0,104400.0,104465.0,200
202608250930,104455.0,104535.0,104440.0,104535.0,528
202608250945,104555.0,104565.0,104485.0,104485.0,325
202608251000,104500.0,104500.0,104455.0,104500.0,245
202608251015,104510.0,104605.0,104510.0,104605.0,488
202608251030,104620.0,104620.0,104565.0,104585.0,134
202608251045,104585.0,104595.0,104555.0,104555.0,94
202608251100,104540.0,104540.0,104465.0,104465.0,84
202608251115,104495.0,104500.0,104475.0,104500.0,40
202608251130,104495.0,104500.0,104465.0,104500.0,105
202608251145,104500.0,104530.0,104500.0,104500.0,146
202608251200,104510.0,104540.0,104500.0,104540.0,62
202608251215,104535.0,104535.0,104495.0,104495.0,41
202608251230,104495.0,104500.0,104475.0,104485.0,26
202608251245,104465.0,104500.0,104455.0,104500.0,82
202608251300,104500.0,104540.0,104495.0,104540.0,70
202608251315,104510.0,104510.0,104475.0,104485.0,66
202608251330,104475.0,104485.0,104440.0,104475.0,289
202608251345,104475.0,104510.0,104475.0,104500.0,125
202608251400,104500.0,104555.0,104500.0,104540.0,176
202608251415,104535.0,104555.0,104535.0,104550.0,18
202608251430,104550.0,104550.0,104515.0,104540.0,74
202608251445,104540.0,104580.0,104540.0,104565.0,178
202608251500,104565.0,104620.0,104565.0,104600.0,331
202608251515,104575.0,104605.0,104575.0,104605.0,17
202608260900,105075.0,105135.0,105035.0,105105.0,476
202608260915,105100.0,105140.0,105100.0,105135.0,295
202608260930,105145.0,105175.0,105135.0,105165.0,146
202608260945,105175.0,105230.0,105165.0,105225.0,675
202608261000,105225.0,105245.0,105220.0,105220.0,286
202608261015,105210.0,105230.0,105165.0,105165.0,183
202608261030,105175.0,105200.0,105135.0,105145.0,110
202608261045,105135.0,105135.0,105075.0,105080.0,75
202608261100,105090.0,105110.0,105055.0,105075.0,103
202608261115,105055.0,105075.0,105055.0,105065.0,115
202608261130,105055.0,105065.0,105035.0,105055.0,355
202608261145,105065.0,105075.0,105020.0,105020.0,130
202608261200,105020.0,105020.0,105020.0,105020.0,83
202608261215,105035.0,105065.0,105035.0,105045.0,77
202608261230,105035.0,105040.0,105020.0,105030.0,49
202608261245,105025.0,105030.0,105010.0,105010.0,20
202608261300,105010.0,105010.0,104970.0,104970.0,169
202608261315,104970.0,104990.0,104970.0,104985.0,38
202608261330,104985.0,105020.0,104985.0,105020.0,29
202608261345,105010.0,105010.0,104880.0,104890.0,99
202608261400,104890.0,104945.0,104890.0,104900.0,269
202608261415,104900.0,104900.0,104870.0,104900.0,154
202608261430,104870.0,104870.0,104835.0,104865.0,160
202608261445,104865.0,104920.0,104865.0,104920.0,31
202608261500,104910.0,104910.0,104865.0,104865.0,69
202608261515,104865.0,104865.0,104845.0,104845.0,93
202608270900,104825.0,104905.0,104825.0,104835.0,134
202608270915,104815.0,104860.0,104800.0,104800.0,256
202608270930,104800.0,104820.0,104710.0,104710.0,3391
202608270945,104720.0,104830.0,104445.0,104490.0,661
202608271000,104510.0,104555.0,104490.0,104520.0,75
202608271015,104510.0,104575.0,104435.0,104545.0,107
202608271030,104575.0,104730.0,104550.0,104710.0,183
202608271045,104730.0,104845.0,104700.0,104795.0,140
202608271100,104795.0,104855.0,104775.0,104795.0,64
202608271115,104900.0,104910.0,104795.0,104910.0,87
202608271130,105000.0,105210.0,105000.0,105210.0,410
202608271145,105140.0,105145.0,105075.0,105120.0,341
202608271200,105120.0,105230.0,105120.0,105230.0,142
202608271215,105230.0,105290.0,105230.0,105235.0,1179
202608271230,105235.0,105255.0,105205.0,105255.0,46
202608271245,105245.0,105245.0,105155.0,105155.0,41
202608271300,105145.0,105210.0,105145.0,105210.0,7521
202608271315,105210.0,105215.0,105190.0,105190.0,120
202608271330,105190.0,105200.0,105115.0,105125.0,117
202608271345,105125.0,105180.0,105105.0,105105.0,195
202608271400,105115.0,105155.0,105070.0,105155.0,82
202608271415,105160.0,105190.0,105105.0,105105.0,208
202608271430,105110.0,105160.0,105105.0,105155.0,142
202608271445,105145.0,105180.0,105125.0,105125.0,907
202608271500,105150.0,105150.0,105040.0,105090.0,146
202608271515,105105.0,105185.0,105105.0,105185.0,34
202608280900,105080.0,105145.0,105070.0,105145.0,640
202608280915,105135.0,105140.0,105090.0,105135.0,499
202608280930,105135.0,105160.0,105100.0,105135.0,495
202608280945,105130.0,105130.0,105040.0,105045.0,457
202608281000,105045.0,105070.0,105010.0,105010.0,1034
202608281015,105000.0,105000.0,104935.0,104990.0,478
202608281030,104990.0,104990.0,104895.0,104895.0,1653
202608281045,104870.0,104890.0,104835.0,104860.0,454
202608281100,104870.0,104880.0,104860.0,104880.0,322
202608281115,104890.0,104890.0,104830.0,104835.0,544
202608281130,104835.0,104835.0,104805.0,104830.0,425
202608281145,104810.0,104815.0,104795.0,104810.0,448
202608281200,104800.0,104825.0,104800.0,104820.0,300
202608281215,104825.0,104835.0,104820.0,104820.0,601
202608281230,104820.0,104820.0,104800.0,104805.0,386
202608281245,104805.0,104825.0,104805.0,104825.0,548
202608281300,104805.0,104845.0,104805.0,104845.0,287
202608281315,104870.0,104870.0,104825.0,104835.0,461
202608281330,104825.0,104835.0,104800.0,104810.0,379
202608281345,104835.0,104860.0,104835.0,104835.0,545
202608281400,104830.0,104890.0,104820.0,104890.0,798
202608281415,104875.0,104905.0,104835.0,104900.0,363
202608281430,104905.0,104925.0,104820.0,104840.0,598
202608281445,104840.0,104840.0,104780.0,104780.0,956
202608281500,104780.0,104905.0,104780.0,104905.0,1701
202608281515,104930.0,104975.0,104910.0,104975.0,230
202608310900,104755.0,104860.0,104755.0,104830.0,363
202608310915,104870.0,104870.0,104820.0,104850.0,222
202608310930,104840.0,104860.0,104765.0,104820.0,959
202608310945,104810.0,104850.0,104810.0,104820.0,435
202608311000,104805.0,104870.0,104795.0,104870.0,182
202608311015,104885.0,104895.0,104855.0,104865.0,326
202608311030,104865.0,104865.0,104795.0,104805.0,103
202608311045,104805.0,104830.0,104765.0,104765.0,116
202608311100,104765.0,104820.0,104740.0,104805.0,310
202608311115,104760.0,104785.0,104695.0,104705.0,191
202608311130,104720.0,104750.0,104700.0,104700.0,14
202608311145,104730.0,104760.0,104710.0,104760.0,37
202608311200,104760.0,104760.0,104730.0,104740.0,42
202608311215,104770.0,104770.0,104760.0,104760.0,52
202608311230,104785.0,104795.0,104740.0,104770.0,59
202608311245,104760.0,104800.0,104755.0,104795.0,42
202608311300,104810.0,104810.0,104775.0,104775.0,35
202608311315,104815.0,104815.0,104740.0,104740.0,306
202608311330,104740.0,104785.0,104730.0,104785.0,45
202608311345,104810.0,104810.0,104785.0,104795.0,90
202608311400,104780.0,104810.0,104780.0,104805.0,81
202608311415,104810.0,104815.0,104765.0,104775.0,208
202608311430,104760.0,104765.0,104740.0,104760.0,524
202608311445,104730.0,104750.0,104680.0,104690.0,1235
202608311500,104700.0,104815.0,104680.0,104800.0,1313
202608311515,104800.0,104800.0,104725.0,104725.0,78
202609010900,104300.0,104315.0,104270.0,104270.0,2740
202609010915,104265.0,104290.0,104235.0,104290.0,439
202609010930,104295.0,104305.0,104245.0,104245.0,342
202609010945,104230.0,104260.0,104205.0,104205.0,259
202609011000,104190.0,104190.0,104125.0,104135.0,193
202609011015,104105.0,104105.0,104030.0,104060.0,88
202609011030,104050.0,104100.0,104035.0,104095.0,247
202609011045,104185.0,104285.0,104050.0,104160.0,57
202609011100,104180.0,104235.0,104175.0,104175.0,89
202609011115,104170.0,104190.0,104125.0,104150.0,167
202609011130,104145.0,104190.0,104120.0,104175.0,134
202609011145,104140.0,104170.0,104140.0,104145.0,196
202609011200,104165.0,104190.0,104135.0,104190.0,188
202609011215,104190.0,104205.0,104145.0,104145.0,198
202609011230,104145.0,104190.0,104135.0,104180.0,32
202609011245,104185.0,104185.0,104140.0,104140.0,142
202609011300,104140.0,104140.0,104110.0,104110.0,196
202609011315,104100.0,104100.0,104070.0,104080.0,1020
202609011330,104090.0,104090.0,104040.0,104055.0,687
202609011345,104065.0,104070.0,104050.0,104050.0,135
202609011400,104050.0,104110.0,104040.0,104110.0,233
202609011415,104105.0,104125.0,104090.0,104125.0,104
202609011430,104170.0,104225.0,104165.0,104205.0,68
202609011445,104240.0,104270.0,104210.0,104245.0,39
202609011500,104255.0,104285.0,104245.0,104245.0,154
202609011515,104235.0,104270.0,104225.0,104270.0,65
202609020900,104080.0,104100.0,104000.0,104045.0,144
202609020915,104045.0,104055.0,103975.0,104025.0,2565
202609020930,103995.0,104000.0,103925.0,103995.0,1288
202609020945,104005.0,104005.0,103910.0,103915.0,3008
202609021000,103900.0,103935.0,103860.0,103875.0,2447
202609021015,103875.0,103900.0,103830.0,103860.0,316
202609021030,103865.0,103875.0,103820.0,103850.0,687
202609021045,103875.0,103970.0,103870.0,103940.0,1128
202609021100,103940.0,103960.0,103935.0,103950.0,706
202609021115,103935.0,103970.0,103910.0,103960.0,294
202609021130,103955.0,103990.0,103945.0,103990.0,304
202609021145,103980.0,103980.0,103945.0,103970.0,306
202609021200,103970.0,103985.0,103955.0,103960.0,1108
202609021215,103970.0,103985.0,103920.0,103930.0,93
202609021230,103910.0,103940.0,103910.0,103930.0,598
202609021245,103940.0,103985.0,103940.0,103985.0,302
202609021300,103975.0,104005.0,103930.0,103930.0,422
202609021315,103945.0,103950.0,103910.0,103950.0,53
202609021330,103955.0,104005.0,103955.0,104005.0,55
202609021345,104030.0,104040.0,103995.0,104005.0,922
202609021400,103995.0,104010.0,103960.0,103960.0,168
202609021415,103955.0,103985.0,103930.0,103980.0,73
202609021430,103980.0,103985.0,103930.0,103975.0,96
202609021445,103950.0,103985.0,103945.0,103970.0,120
202609021500,103960.0,103985.0,103960.0,103960.0,102
202609021515,103920.0,103920.0,103870.0,103870.0,23
202609030900,104140.0,104220.0,104140.0,104170.0,199
202609030915,104180.0,104220.0,104165.0,104220.0,413
202609030930,104220.0,104240.0,104185.0,104200.0,821
202609030945,104210.0,104250.0,104210.0,104230.0,90
202609031000,104260.0,104265.0,104220.0,104220.0,42
202609031015,104205.0,104240.0,104195.0,104240.0,25
202609031030,104240.0,104275.0,104230.0,104240.0,167
202609031045,104255.0,104255.0,104200.0,104200.0,404
202609031100,104210.0,104240.0,104200.0,104240.0,109
202609031115,104250.0,104285.0,104245.0,104275.0,337
202609031130,104255.0,104265.0,104230.0,104230.0,196
202609031145,104235.0,104255.0,104220.0,104235.0,38
202609031200,104230.0,104265.0,104230.0,104255.0,401
202609031215,104270.0,104275.0,104230.0,104255.0,753
202609031230,104265.0,104285.0,104210.0,104220.0,423
202609031245,104220.0,104235.0,104200.0,104210.0,59
202609031300,104205.0,104205.0,104175.0,104185.0,22
202609031315,104190.0,104200.0,104175.0,104175.0,87
202609031330,104175.0,104245.0,104175.0,104230.0,479
202609031345,104245.0,104245.0,104190.0,104220.0,1478
202609031400,104230.0,104260.0,104205.0,104260.0,1664
202609031415,104245.0,104365.0,104240.0,104345.0,1889
202609031430,104335.0,104385.0,104305.0,104340.0,1965
202609031445,104325.0,104385.0,104325.0,104385.0,1802
202609031500,104390.0,104405.0,104315.0,104350.0,1515
202609031515,104345.0,104345.0,104340.0,104340.0,175
202609040900,104380.0,104480.0,104380.0,104480.0,16
202609040915,104455.0,104470.0,104425.0,104445.0,6133
202609040930,104445.0,104465.0,104380.0,104435.0,2468
202609040945,104480.0,104510.0,104445.0,104470.0,35
202609041000,104465.0,104465.0,104405.0,104405.0,71
202609041015,104420.0,104420.0,104340.0,104375.0,2758
202609041030,104375.0,104405.0,104355.0,104405.0,298
202609041045,104385.0,104385.0,104355.0,104355.0,386
202609041100,104345.0,104375.0,104345.0,104375.0,1982
202609041115,104390.0,104405.0,104365.0,104405.0,3239
202609041130,104375.0,104390.0,104345.0,104345.0,221
202609041145,104345.0,104365.0,104340.0,104340.0,74
202609041200,104340.0,104355.0,104335.0,104355.0,142
202609041215,104375.0,104385.0,104355.0,104375.0,18
202609041230,104365.0,104385.0,104355.0,104355.0,153
202609041245,104365.0,104365.0,104305.0,104305.0,2472
202609041300,104305.0,104305.0,104260.0,104275.0,805
202609041315,104275.0,104350.0,104275.0,104330.0,258
202609041330,104360.0,104385.0,104340.0,104350.0,286
202609041345,104350.0,104390.0,104350.0,104390.0,275
202609041400,104375.0,104430.0,104360.0,104430.0,194
202609041415,104420.0,104455.0,104420.0,104440.0,270
202609041430,104450.0,104540.0,104450.0,104510.0,243
202609041445,104510.0,104550.0,104495.0,104510.0,188
202609041500,104500.0,104525.0,104465.0,104500.0,177
202609041515,104500.0,104540.0,104475.0,104475.0,141
202609070900,104400.0,104475.0,104400.0,104475.0,126
202609070915,104465.0,104545.0,104465.0,104545.0,739
202609070930,104565.0,104585.0,104555.0,104580.0,396
202609070945,104580.0,104630.0,104575.0,104620.0,183
202609071000,104620.0,104655.0,104610.0,104620.0,45
202609071015,104600.0,104600.0,104580.0,104600.0,72
202609071030,104600.0,104600.0,104500.0,104500.0,81
202609071045,104475.0,104555.0,104465.0,104555.0,50
202609071100,104545.0,104575.0,104517.0,104525.0,34
202609071115,104525.0,104565.0,104480.0,104565.0,298
202609071130,104545.0,104565.0,104545.0,104555.0,58
202609071145,104565.0,104565.0,104515.0,104515.0,41
202609071200,104510.0,104525.0,104510.0,104525.0,24
202609071215,104525.0,104535.0,104515.0,104525.0,28
202609071230,104525.0,104525.0,104510.0,104510.0,61
202609071245,104510.0,104520.0,104480.0,104480.0,93
202609071300,104460.0,104480.0,104450.0,104450.0,95
202609071315,104445.0,104470.0,104435.0,104435.0,22
202609071330,104400.0,104400.0,104325.0,104360.0,319
202609071345,104370.0,104410.0,104370.0,104380.0,223
202609071400,104400.0,104415.0,104355.0,104390.0,2167
202609071415,104395.0,104395.0,104355.0,104360.0,143
202609071430,104350.0,104350.0,104290.0,104305.0,2081
202609071445,104325.0,104340.0,104305.0,104305.0,80
202609071500,104300.0,104300.0,104275.0,104295.0,2012
202609071515,104290.0,104295.0,104265.0,104265.0,223
202609080900,104380.0,104400.0,104380.0,104390.0,150
202609080915,104380.0,104380.0,104335.0,104370.0,235
202609080930,104370.0,104370.0,104275.0,104275.0,39
202609080945,104275.0,104350.0,104275.0,104340.0,215
202609081000,104325.0,104365.0,104315.0,104365.0,33
202609081015,104350.0,104400.0,104340.0,104400.0,129
202609081030,104400.0,104470.0,104395.0,104460.0,126
202609081045,104470.0,104545.0,104460.0,104545.0,125
202609081100,104540.0,104560.0,104535.0,104550.0,37
202609081115,104550.0,104580.0,104535.0,104570.0,205
202609081130,104570.0,104570.0,104505.0,104550.0,38
202609081145,104560.0,104560.0,104515.0,104535.0,19
202609081200,104550.0,104560.0,104535.0,104560.0,77
202609081215,104560.0,104560.0,104540.0,104560.0,25
202609081230,104560.0,104560.0,104515.0,104545.0,69
202609081245,104535.0,104560.0,104535.0,104535.0,30
202609081300,104540.0,104560.0,104525.0,104525.0,49
202609081315,104515.0,104540.0,104480.0,104505.0,408
202609081330,104525.0,104530.0,104480.0,104515.0,696
202609081345,104515.0,104540.0,104495.0,104500.0,694
202609081400,104495.0,104540.0,104435.0,104435.0,704
202609081415,104445.0,104475.0,104355.0,104375.0,734
202609081430,104375.0,104415.0,104335.0,104355.0,846
202609081445,104345.0,104345.0,104290.0,104305.0,824
202609081500,104305.0,104325.0,104275.0,104295.0,720
202609081515,104295.0,104325.0,104265.0,104265.0,153
202609090900,104380.0,104380.0,104325.0,104330.0,120
202609090915,104330.0,104330.0,104275.0,104290.0,162
202609090930,104290.0,104325.0,104260.0,104315.0,122
202609090945,104330.0,104360.0,104330.0,104350.0,89
202609091000,104340.0,104440.0,104340.0,104430.0,157
202609091015,104425.0,104425.0,104375.0,104395.0,152
202609091030,104395.0,104440.0,104380.0,104415.0,79
202609091045,104425.0,104435.0,104385.0,104385.0,26
202609091100,104395.0,104405.0,104350.0,104385.0,57
202609091115,104335.0,104335.0,104315.0,104330.0,154
202609091130,104340.0,104340.0,104295.0,104295.0,13
202609091145,104315.0,104330.0,104295.0,104305.0,23
202609091200,104305.0,104330.0,104295.0,104315.0,71
202609091215,104305.0,104340.0,104305.0,104340.0,203
202609091230,104330.0,104340.0,104315.0,104340.0,55
202609091245,104330.0,104330.0,104320.0,104320.0,222
202609091300,104330.0,104330.0,104255.0,104255.0,62
202609091315,104265.0,104285.0,104220.0,104285.0,114
202609091330,104270.0,104275.0,104240.0,104260.0,49
202609091345,104285.0,104295.0,104275.0,104285.0,23
202609091400,104285.0,104340.0,104265.0,104320.0,32
202609091415,104295.0,104340.0,104295.0,104320.0,50
202609091430,104310.0,104350.0,104260.0,104260.0,72
202609091445,104250.0,104250.0,104220.0,104220.0,56
202609091500,104225.0,104240.0,104165.0,104165.0,2080
202609091515,104160.0,104195.0,104160.0,104195.0,1814
202609100900,103800.0,103840.0,103730.0,103840.0,46
202609100915,103840.0,103915.0,103840.0,103915.0,145
202609100930,103905.0,103940.0,103885.0,103925.0,286
202609100945,103920.0,103920.0,103840.0,103865.0,186
202609101000,103865.0,103875.0,103805.0,103805.0,226
202609101015,103800.0,103800.0,103720.0,103720.0,89
202609101030,103740.0,103760.0,103690.0,103695.0,62
202609101045,103715.0,103770.0,103715.0,103750.0,213
202609101100,103760.0,103805.0,103760.0,103795.0,314
202609101115,103770.0,103770.0,103730.0,103730.0,35
202609101130,103730.0,103750.0,103720.0,103730.0,161
202609101145,103730.0,103730.0,103705.0,103715.0,139
202609101200,103730.0,103740.0,103725.0,103725.0,5
202609101215,103725.0,103740.0,103705.0,103740.0,33
202609101230,103760.0,103770.0,103735.0,103735.0,55
202609101245,103760.0,103785.0,103750.0,103785.0,11
202609101300,103770.0,103785.0,103760.0,103760.0,25
202609101315,103770.0,103775.0,103715.0,103715.0,162
202609101330,103740.0,103770.0,103720.0,103770.0,29
202609101345,103760.0,103785.0,103760.0,103785.0,104
202609101400,103805.0,103860.0,103785.0,103860.0,10
202609101415,103860.0,103895.0,103825.0,103880.0,78
202609101430,103870.0,103895.0,103870.0,103895.0,12
202609101445,103915.0,103915.0,103850.0,103860.0,10
202609101500,103860.0,103870.0,103825.0,103860.0,212
202609101515,103860.0,103860.0,103840.0,103840.0,4
202609110900,103050.0,103170.0,103050.0,103125.0,349
202609110915,103120.0,103180.0,103115.0,103170.0,359
202609110930,103170.0,103205.0,103130.0,103130.0,356
202609110945,103140.0,103150.0,103050.0,103065.0,264
202609111000,103065.0,103160.0,103065.0,103130.0,192
202609111015,103150.0,103150.0,103085.0,103100.0,356
202609111030,103100.0,103115.0,103005.0,103020.0,211
202609111045,103005.0,103040.0,102955.0,103040.0,243
202609111100,103040.0,103040.0,102975.0,102990.0,241
202609111115,102975.0,103005.0,102965.0,102975.0,594
202609111130,102975.0,103020.0,102955.0,102985.0,158
202609111145,102990.0,103030.0,102975.0,102990.0,183
202609111200,102990.0,102990.0,102965.0,102965.0,109
202609111215,102965.0,102965.0,102920.0,102930.0,52
202609111230,102930.0,102955.0,102920.0,102955.0,54
202609111245,102925.0,102965.0,102900.0,102900.0,174
202609111300,102900.0,102995.0,102900.0,102995.0,223
202609111315,103010.0,103065.0,102995.0,103055.0,94
202609111330,103065.0,103085.0,103030.0,103040.0,107
202609111345,103085.0,103105.0,103055.0,103075.0,18
202609111400,103075.0,103130.0,103075.0,103130.0,30
202609111415,103130.0,103130.0,103045.0,103050.0,101
202609111430,103110.0,103160.0,103110.0,103140.0,7
202609111445,103175.0,103175.0,103160.0,103160.0,21
202609111500,103160.0,103215.0,103160.0,103215.0,58
202609111515,103175.0,103175.0,103140.0,103175.0,30
202609140900,103570.0,103630.0,103560.0,103630.0,35
202609140915,103620.0,103620.0,103565.0,103570.0,139
202609140930,103560.0,103560.0,103515.0,103515.0,71
202609140945,103515.0,103525.0,103420.0,103430.0,33
202609141000,103430.0,103450.0,103430.0,103430.0,55
202609141015,103440.0,103470.0,103395.0,103470.0,126
202609141030,103470.0,103530.0,103440.0,103530.0,50
202609141045,103505.0,103540.0,103505.0,103540.0,917
202609141100,103540.0,103565.0,103530.0,103565.0,76
202609141115,103540.0,103550.0,103495.0,103540.0,212
202609141130,103520.0,103520.0,103390.0,103400.0,328
202609141145,103415.0,103430.0,103340.0,103340.0,163
202609141200,103355.0,103395.0,103355.0,103365.0,68
202609141215,103375.0,103400.0,103355.0,103400.0,98
202609141230,103385.0,103410.0,103385.0,103395.0,173
202609141245,103405.0,103410.0,103375.0,103375.0,81
202609141300,103430.0,103430.0,103385.0,103385.0,346
202609141315,103385.0,103430.0,103385.0,103425.0,165
202609141330,103440.0,103440.0,103425.0,103425.0,257
202609141345,103430.0,103430.0,103350.0,103355.0,150
202609141400,103350.0,103350.0,103300.0,103300.0,127
202609141415,103355.0,103355.0,103300.0,103300.0,184
202609141430,103320.0,103400.0,103320.0,103400.0,31
202609141445,103440.0,103440.0,103375.0,103375.0,11
202609141500,103375.0,103375.0,103300.0,103300.0,155
202609141515,103395.0,103395.0,103395.0,103395.0,179
202609150900,103250.0,103310.0,103225.0,103280.0,468
202609150915,103280.0,103280.0,103210.0,103210.0,383
202609150930,103200.0,103220.0,103150.0,103150.0,525
202609150945,103145.0,103175.0,103035.0,103035.0,166
202609151000,103055.0,103095.0,103040.0,103090.0,93
202609151015,103025.0,103025.0,102995.0,103025.0,2095
202609151030,103020.0,103050.0,102990.0,103050.0,224
202609151045,103040.0,103040.0,102990.0,103005.0,1028
202609151100,103005.0,103080.0,103005.0,103080.0,117
202609151115,103060.0,103060.0,102985.0,102995.0,442
202609151130,102995.0,102995.0,102885.0,102910.0,197
202609151145,102885.0,102890.0,102860.0,102860.0,97
202609151200,102860.0,102890.0,102860.0,102865.0,1005
202609151215,102875.0,102875.0,102865.0,102870.0,19
202609151230,102865.0,102895.0,102835.0,102865.0,284
202609151245,102880.0,102880.0,102835.0,102835.0,78
202609151300,102835.0,102840.0,102740.0,102740.0,2058
202609151315,102725.0,102725.0,102680.0,102720.0,1047
202609151330,102695.0,102695.0,102650.0,102650.0,73
202609151345,102710.0,102710.0,102685.0,102690.0,255
202609151400,102685.0,102685.0,102625.0,102625.0,80
202609151415,102600.0,102690.0,102555.0,102690.0,662
202609151430,102710.0,102795.0,102670.0,102770.0,786
202609151445,102775.0,102775.0,102690.0,102700.0,120
202609151500,102720.0,102740.0,102710.0,102740.0,61
202609151515,102760.0,102760.0,102680.0,102680.0,271
202609160900,102930.0,102950.0,102915.0,102950.0,847
202609160915,102950.0,102950.0,102915.0,102935.0,52
202609160930,102915.0,102915.0,102825.0,102825.0,21
202609160945,102850.0,102850.0,102810.0,102820.0,22
202609161000,102860.0,102880.0,102850.0,102850.0,17
202609161015,102870.0,102895.0,102870.0,102885.0,92
202609161030,102885.0,102960.0,102885.0,102960.0,171
202609161045,102915.0,102935.0,102885.0,102935.0,40
202609161100,102935.0,103025.0,102935.0,103005.0,191
202609161115,103015.0,103035.0,102985.0,103015.0,52
202609161130,103035.0,103080.0,103005.0,103050.0,63
202609161145,103050.0,103110.0,103050.0,103100.0,256
202609161200,103110.0,103120.0,103100.0,103110.0,22
202609161215,103110.0,103130.0,103110.0,103110.0,55
202609161230,103130.0,103130.0,103070.0,103070.0,30
202609161245,103080.0,103090.0,103060.0,103090.0,144
202609161300,103080.0,103100.0,103040.0,103040.0,58
202609161315,103040.0,103050.0,103005.0,103010.0,28
202609161330,103005.0,103020.0,102985.0,102985.0,540
202609161345,102965.0,103045.0,102965.0,102985.0,589
202609161400,102985.0,103035.0,102930.0,103035.0,732
202609161415,103025.0,103055.0,102990.0,102995.0,624
202609161430,102980.0,103055.0,102980.0,103055.0,741
202609161445,103055.0,103085.0,102980.0,103085.0,841
202609161500,103095.0,103125.0,103080.0,103080.0,621
202609161515,103090.0,103100.0,103070.0,103070.0,19
202609170900,103045.0,103175.0,103045.0,103175.0,583
202609170915,103165.0,103225.0,103085.0,103205.0,257
202609170930,103215.0,103285.0,103215.0,103285.0,380
202609170945,103235.0,103280.0,103195.0,103195.0,487
202609171000,103215.0,103295.0,103215.0,103265.0,125
202609171015,103250.0,103300.0,103225.0,103290.0,13
202609171030,103290.0,103330.0,103205.0,103215.0,4865
202609171045,103215.0,103250.0,103105.0,103140.0,7601
202609171100,103140.0,103150.0,103090.0,103145.0,7588
202609171115,103155.0,103205.0,103095.0,103185.0,7518
202609171130,103170.0,103185.0,103135.0,103155.0,7721
202609171145,103150.0,103165.0,103100.0,103135.0,7623
202609171200,103135.0,103135.0,103035.0,103110.0,7869
202609171215,103120.0,103140.0,103075.0,103105.0,7588
202609171230,103105.0,103120.0,103080.0,103080.0,7381
202609171245,103080.0,103080.0,103020.0,103040.0,9914
202609171300,103050.0,103115.0,102985.0,102985.0,7601
202609171315,102995.0,103075.0,102985.0,103075.0,7445
202609171330,103055.0,103075.0,103005.0,103060.0,7602
202609171345,103060.0,103070.0,103015.0,103070.0,9606
202609171400,103070.0,103120.0,102975.0,103000.0,10763
202609171415,103000.0,103070.0,102990.0,103060.0,10661
202609171430,103050.0,103130.0,103035.0,103115.0,12182
202609171445,103115.0,103245.0,103100.0,103235.0,15180
202609171500,103235.0,103275.0,103195.0,103200.0,14017
202609171515,103200.0,103275.0,103190.0,103255.0,409
202609180900,103865.0,103905.0,103795.0,103905.0,690
202609180915,103900.0,103930.0,103885.0,103895.0,2606
202609180930,103900.0,103925.0,103870.0,103880.0,406
202609180945,103935.0,103935.0,103890.0,103935.0,227
202609181000,103950.0,103975.0,103950.0,103975.0,14
202609181015,104000.0,104005.0,103965.0,103975.0,46
202609181030,103965.0,104025.0,103915.0,104025.0,92
202609181045,103995.0,103995.0,103850.0,103850.0,257
202609181100,103870.0,103875.0,103810.0,103810.0,15
202609181115,103870.0,103870.0,103850.0,103850.0,572
202609181130,103845.0,103880.0,103800.0,103800.0,464
202609181145,103805.0,103810.0,103740.0,103750.0,2575
202609181200,103735.0,103735.0,103690.0,103690.0,118
202609181215,103715.0,103740.0,103675.0,103740.0,89
202609181230,103730.0,103730.0,103670.0,103715.0,104
202609181245,103760.0,103765.0,103655.0,103655.0,4025
202609181300,103655.0,103700.0,103655.0,103695.0,16
202609181315,103665.0,103665.0,103595.0,103635.0,64
202609181330,103655.0,103685.0,103625.0,103675.0,72
202609181345,103675.0,103680.0,103615.0,103615.0,81
202609181400,103645.0,103645.0,103585.0,103595.0,167
202609181415,103660.0,103690.0,103655.0,103665.0,30
202609181430,103670.0,103730.0,103670.0,103730.0,302
202609181445,103675.0,103675.0,103670.0,103670.0,250
202609181500,103660.0,103710.0,103655.0,103700.0,162
202609181515,103735.0,103735.0,103735.0,103735.0,1
202609210900,103690.0,103700.0,103640.0,103640.0,96
202609210915,103640.0,103740.0,103610.0,103740.0,311
202609210930,103740.0,103805.0,103720.0,103785.0,164
202609210945,103775.0,103805.0,103750.0,103795.0,193
202609211000,103795.0,103905.0,103795.0,103895.0,115
202609211015,103950.0,103960.0,103915.0,103960.0,135
202609211030,103950.0,103950.0,103895.0,103895.0,29
202609211045,103915.0,103915.0,103802.0,103845.0,44
202609211100,103830.0,103835.0,103795.0,103795.0,36
202609211115,103795.0,103820.0,103785.0,103820.0,26
202609211130,103820.0,103820.0,103720.0,103720.0,40
202609211145,103750.0,103785.0,103720.0,103785.0,21
202609211200,103775.0,103800.0,103755.0,103765.0,53
202609211215,103795.0,103795.0,103775.0,103785.0,121
202609211230,103785.0,103835.0,103785.0,103805.0,29
202609211245,103790.0,103805.0,103785.0,103785.0,48
202609211300,103785.0,103845.0,103785.0,103845.0,11
202609211315,103850.0,103865.0,103825.0,103825.0,25
202609211330,103905.0,103935.0,103905.0,103930.0,15
202609211345,103930.0,103960.0,103900.0,103900.0,18
202609211400,103885.0,103890.0,103865.0,103865.0,23
202609211415,103905.0,103915.0,103885.0,103885.0,32
202609211430,103885.0,103885.0,103845.0,103845.0,27
202609211445,103815.0,103845.0,103815.0,103845.0,40
202609211500,103875.0,103935.0,103860.0,103925.0,48
202609211515,103950.0,103950.0,103895.0,103895.0,24
202609220900,104135.0,104210.0,104090.0,104090.0,2309
202609220915,104100.0,104115.0,104075.0,104110.0,4061
202609220930,104115.0,104125.0,103970.0,104010.0,342
202609220945,104030.0,104130.0,104030.0,104100.0,465
202609221000,104110.0,104130.0,104100.0,104100.0,103
202609221015,104130.0,104185.0,104130.0,104175.0,103
202609221030,104175.0,104205.0,104150.0,104150.0,75
202609221045,104190.0,104225.0,104190.0,104190.0,74
202609221100,104190.0,104215.0,104190.0,104215.0,33
202609221115,104235.0,104285.0,104235.0,104275.0,156
202609221130,104275.0,104275.0,104245.0,104245.0,8
202609221145,104265.0,104275.0,104225.0,104225.0,79
202609221200,104255.0,104255.0,104240.0,104240.0,10
202609221215,104225.0,104227.0,104205.0,104205.0,34
202609221230,104215.0,104215.0,104205.0,104215.0,68
202609221245,104215.0,104220.0,104190.0,104190.0,60
202609221300,104215.0,104245.0,104175.0,104175.0,54
202609221315,104180.0,104185.0,104150.0,104185.0,24
202609221330,104185.0,104185.0,104160.0,104160.0,17
202609221345,104150.0,104185.0,104135.0,104170.0,89
202609221400,104155.0,104155.0,104100.0,104100.0,20
202609221415,104110.0,104145.0,104090.0,104105.0,21
202609221430,104090.0,104090.0,104040.0,104040.0,42
202609221445,104070.0,104090.0,104030.0,104030.0,335
202609221500,104010.0,104010.0,103870.0,103870.0,2052
202609221515,103885.0,103885.0,103820.0,103820.0,6
202609230900,104255.0,104290.0,104250.0,104260.0,2293
202609230915,104290.0,104305.0,104240.0,104275.0,712
202609230930,104275.0,104305.0,104190.0,104230.0,277
202609230945,104240.0,104285.0,104220.0,104275.0,205
202609231000,104275.0,104280.0,104250.0,104250.0,22
202609231015,104280.0,104360.0,104255.0,104360.0,761
202609231030,104390.0,104390.0,104325.0,104325.0,333
202609231045,104325.0,104370.0,104320.0,104370.0,111
202609231100,104390.0,104405.0,104370.0,104370.0,16
202609231115,104370.0,104410.0,104370.0,104410.0,183
202609231130,104410.0,104420.0,104380.0,104410.0,31
202609231145,104395.0,104430.0,104395.0,104405.0,4
202609231200,104400.0,104420.0,104390.0,104400.0,391
202609231215,104410.0,104410.0,104390.0,104400.0,76
202609231230,104440.0,104455.0,104440.0,104450.0,12
202609231245,104450.0,104485.0,104450.0,104465.0,8
202609231300,104475.0,104515.0,104475.0,104515.0,173
202609231315,104515.0,104525.0,104450.0,104450.0,7230
202609231330,104450.0,104450.0,104410.0,104450.0,11794
202609231345,104445.0,104470.0,104425.0,104425.0,8089
202609231400,104430.0,104430.0,104370.0,104370.0,12907
202609231415,104370.0,104375.0,104355.0,104365.0,7990
202609231430,104365.0,104365.0,104305.0,104345.0,18628
202609231445,104345.0,104360.0,104315.0,104330.0,12970
202609231500,104335.0,104350.0,104330.0,104335.0,10441
202609231515,104340.0,104395.0,104325.0,104395.0,2277
202609280900,103430.0,103525.0,103305.0,103335.0,475
202609280915,103315.0,103315.0,103225.0,103225.0,1481
202609280930,103225.0,103305.0,103225.0,103300.0,2192
202609280945,103300.0,103320.0,103200.0,103205.0,444
202609281000,103205.0,103235.0,103175.0,103220.0,2448
202609281015,103200.0,103200.0,103130.0,103160.0,110
202609281030,103160.0,103180.0,103080.0,103090.0,262
202609281045,103080.0,103135.0,103080.0,103090.0,441
202609281100,103100.0,103130.0,103065.0,103110.0,772
202609281115,103100.0,103160.0,103090.0,103150.0,60
202609281130,103155.0,103215.0,103140.0,103190.0,108
202609281145,103175.0,103175.0,103120.0,103140.0,351
202609281200,103140.0,103145.0,103110.0,103110.0,114
202609281215,103100.0,103115.0,103090.0,103095.0,101
202609281230,103095.0,103110.0,103060.0,103110.0,131
202609281245,103120.0,103160.0,103060.0,103070.0,209
202609281300,103070.0,103145.0,103000.0,103145.0,2313
202609281315,103115.0,103195.0,103115.0,103190.0,6077
202609281330,103200.0,103215.0,103160.0,103160.0,103
202609281345,103150.0,103165.0,103100.0,103140.0,919
202609281400,103150.0,103150.0,103080.0,103080.0,53
202609281415,103080.0,103150.0,103070.0,103075.0,111
202609281430,103080.0,103140.0,103060.0,103080.0,325
202609281445,103090.0,103140.0,103075.0,103100.0,327
202609281500,103110.0,103170.0,103065.0,103170.0,172
202609281515,103160.0,103160.0,103105.0,103145.0,2140
202609290900,103375.0,103375.0,103320.0,103335.0,138
202609290915,103300.0,103420.0,103285.0,103400.0,272
202609290930,103400.0,103410.0,103335.0,103345.0,158
202609290945,103345.0,103345.0,103300.0,103330.0,1719
202609291000,103330.0,103465.0,103330.0,103465.0,104
202609291015,103435.0,103435.0,103390.0,103420.0,58
202609291030,103435.0,103485.0,103400.0,103410.0,46
202609291045,103400.0,103500.0,103400.0,103455.0,667
202609291100,103475.0,103545.0,103475.0,103545.0,338
202609291115,103555.0,103620.0,103555.0,103620.0,95
202609291130,103610.0,103650.0,103585.0,103630.0,214
202609291145,103600.0,103600.0,103550.0,103555.0,41
202609291200,103555.0,103565.0,103535.0,103555.0,127
202609291215,103545.0,103565.0,103515.0,103535.0,41
202609291230,103525.0,103565.0,103515.0,103565.0,130
202609291245,103545.0,103545.0,103475.0,103485.0,179
202609291300,103485.0,103505.0,103455.0,103455.0,116
202609291315,103475.0,103500.0,103455.0,103475.0,137
202609291330,103455.0,103540.0,103420.0,103540.0,2048
202609291345,103540.0,103560.0,103520.0,103560.0,49
202609291400,103560.0,103570.0,103470.0,103470.0,69
202609291415,103490.0,103490.0,103450.0,103450.0,162
202609291430,103440.0,103560.0,103370.0,103540.0,26
202609291445,103600.0,103675.0,103600.0,103655.0,463
202609291500,103675.0,103830.0,103675.0,103820.0,464
202609291515,103810.0,103850.0,103800.0,103850.0,15
202609300900,104000.0,104040.0,103980.0,103990.0,2610
202609300915,103985.0,104035.0,103980.0,103995.0,144
202609300930,103985.0,104110.0,103980.0,104075.0,775
202609300945,104065.0,104065.0,104010.0,104065.0,66
202609301000,104065.0,104065.0,103970.0,103970.0,72
202609301015,103950.0,104025.0,103910.0,104025.0,39
202609301030,103995.0,104110.0,103995.0,104110.0,139
202609301045,104110.0,104160.0,104110.0,104160.0,23
202609301100,104170.0,104220.0,104170.0,104200.0,15
202609301115,104210.0,104245.0,104200.0,104240.0,14
202609301130,104230.0,104260.0,104180.0,104255.0,17
202609301145,104255.0,104255.0,104190.0,104200.0,44
202609301200,104200.0,104200.0,104170.0,104190.0,16
202609301215,104200.0,104230.0,104200.0,104210.0,28
202609301230,104200.0,104210.0,104170.0,104180.0,325
202609301245,104165.0,104210.0,104150.0,104190.0,156
202609301300,104210.0,104300.0,104210.0,104295.0,61
202609301315,104325.0,104345.0,104280.0,104285.0,154
202609301330,104285.0,104325.0,104280.0,104285.0,91
202609301345,104305.0,104305.0,104250.0,104250.0,117
202609301400,104290.0,104305.0,104275.0,104290.0,138
202609301415,104295.0,104295.0,104270.0,104295.0,408
202609301430,104305.0,104395.0,104305.0,104380.0,148
202609301445,104375.0,104385.0,104335.0,104350.0,76
202609301500,104365.0,104395.0,104355.0,104365.0,54
202609301515,104355.0,104365.0,104335.0,104335.0,46
202610010900,104080.0,104080.0,104000.0,104000.0,2490
202610010915,103940.0,103970.0,103910.0,103910.0,242
202610010930,103930.0,103940.0,103880.0,103910.0,168
202610010945,103910.0,103910.0,103845.0,103900.0,687
202610011000,103960.0,104085.0,103955.0,104085.0,389
202610011015,104070.0,104170.0,104070.0,104130.0,26
202610011030,104130.0,104150.0,104085.0,104095.0,276
202610011045,104095.0,104095.0,104015.0,104015.0,117
202610011100,104025.0,104045.0,104000.0,104045.0,32
202610011115,104065.0,104115.0,104065.0,104115.0,26
202610011130,104150.0,104160.0,104130.0,104130.0,16
202610011145,104130.0,104130.0,104085.0,104085.0,75
202610011200,104080.0,104095.0,104075.0,104095.0,91
202610011215,104085.0,104125.0,104085.0,104125.0,148
202610011230,104125.0,104140.0,104115.0,104125.0,222
202610011245,104135.0,104190.0,104130.0,104160.0,139
202610011300,104170.0,104240.0,104170.0,104215.0,176
202610011315,104180.0,104200.0,104160.0,104160.0,221
202610011330,104170.0,104210.0,104170.0,104190.0,764
202610011345,104180.0,104190.0,104150.0,104170.0,74
202610011400,104170.0,104200.0,104155.0,104155.0,731
202610011415,104155.0,104180.0,104155.0,104180.0,275
202610011430,104210.0,104210.0,104145.0,104190.0,24
202610011445,104175.0,104190.0,104125.0,104155.0,536
202610011500,104130.0,104140.0,104065.0,104085.0,63
202610011515,104045.0,104120.0,104035.0,104120.0,25
202610020900,104620.0,104795.0,104620.0,104735.0,388
202610020915,104735.0,104735.0,104600.0,104630.0,746
202610020930,104630.0,104670.0,104585.0,104605.0,3218
202610020945,104605.0,104635.0,104585.0,104615.0,165
202610021000,104615.0,104625.0,104575.0,104575.0,226
202610021015,104585.0,104585.0,104530.0,104530.0,260
202610021030,104545.0,104660.0,104535.0,104660.0,429
202610021045,104665.0,104670.0,104605.0,104605.0,93
202610021100,104605.0,104660.0,104605.0,104620.0,109
202610021115,104635.0,104650.0,104615.0,104640.0,298
202610021130,104650.0,104670.0,104630.0,104670.0,60
202610021145,104650.0,104690.0,104640.0,104690.0,724
202610021200,104690.0,104740.0,104685.0,104730.0,163
202610021215,104725.0,104795.0,104725.0,104795.0,72
202610021230,104795.0,104805.0,104750.0,104770.0,73
202610021245,104775.0,104775.0,104720.0,104735.0,291
202610021300,104760.0,104780.0,104740.0,104780.0,168
202610021315,104780.0,104790.0,104750.0,104770.0,77
202610021330,104770.0,104805.0,104750.0,104790.0,105
202610021345,104780.0,104790.0,104740.0,104760.0,70
202610021400,104770.0,104810.0,104770.0,104790.0,194
202610021415,104805.0,104805.0,104750.0,104770.0,76
202610021430,104760.0,104760.0,104710.0,104720.0,199
202610021445,104710.0,104730.0,104675.0,104720.0,395
202610021500,104760.0,104905.0,104760.0,104865.0,789
202610021515,104835.0,104855.0,104795.0,104855.0,62
