날,NAV,현금,일봉,분봉15,바구니,엔진,인버스,예비,비용누계,강제매도누계
20170201,99942726.0,11886368.0,0.0,0.0,0.0,88056358.0,0,0.0,57274.0,0.0
20170202,99992178.0,11886368.0,0.0,0.0,0.0,88105810.0,0,0.0,57274.0,0.0
20170203,100114127.0,51228797.0,0.0,0.0,0.0,48885330.0,0,0.0,82863.0,0.0
20170206,100453682.0,51228797.0,0.0,0.0,0.0,49224885.0,0,0.0,82863.0,0.0
20170207,100745487.0,51228797.0,0.0,0.0,0.0,49516690.0,0,0.0,82863.0,0.0
20170208,100851598.0,51228797.0,0.0,0.0,0.0,49622801.0,0,0.0,82863.0,0.0
20170209,101116875.0,51228797.0,0.0,0.0,0.0,49888079.0,0,0.0,82863.0,0.0
20170210,100427154.0,51228797.0,0.0,0.0,0.0,49198357.0,0,0.0,82863.0,0.0
20170213,100692432.0,51228797.0,0.0,0.0,0.0,49463635.0,0,0.0,82863.0,0.0
20170214,100506737.0,51228797.0,0.0,0.0,0.0,49277941.0,0,0.0,82863.0,0.0
20170215,100352876.0,51228797.0,0.0,0.0,0.0,49124080.0,0,0.0,82863.0,0.0
20170216,100772015.0,51228797.0,0.0,0.0,0.0,49543218.0,0,0.0,82863.0,0.0
20170217,100746400.0,11822030.0,0.0,0.0,0.0,88924370.0,0,0.0,108477.0,0.0
20170220,101092622.0,11822030.0,0.0,0.0,0.0,89270592.0,0,0.0,108477.0,0.0
20170221,101047294.0,11822030.0,0.0,0.0,0.0,89225264.0,0,0.0,108477.0,0.0
20170222,101005553.0,11822030.0,0.0,0.0,0.0,89183523.0,0,0.0,108477.0,0.0
20170223,100935681.0,11822030.0,0.0,0.0,0.0,89113651.0,0,0.0,108477.0,0.0
20170224,101105045.0,11822030.0,0.0,0.0,0.0,89283015.0,0,0.0,108477.0,0.0
20170227,101616510.0,11822030.0,0.0,0.0,0.0,89794480.0,0,0.0,108477.0,0.0
20170228,101294326.0,11822030.0,0.0,0.0,0.0,89472296.0,0,0.0,108477.0,0.0
20170302,101711673.0,11822030.0,0.0,0.0,0.0,89889643.0,0,0.0,108477.0,0.0
20170303,101338059.0,11822030.0,0.0,0.0,0.0,89516029.0,0,0.0,108477.0,0.0
20170306,101428714.0,11822030.0,0.0,0.0,0.0,89606684.0,0,0.0,108477.0,0.0
20170307,100870006.0,11822030.0,0.0,0.0,0.0,89047976.0,0,0.0,108477.0,0.0
20170308,100446048.0,11822030.0,0.0,0.0,0.0,88624018.0,0,0.0,108477.0,0.0
20170309,100473450.0,11822030.0,0.0,0.0,0.0,88651420.0,0,0.0,108477.0,0.0
20170310,100269940.0,13824642.0,0.0,0.0,0.0,86445298.0,0,0.0,169706.0,0.0
20170313,99424278.0,13824642.0,0.0,0.0,0.0,85599636.0,0,0.0,169706.0,0.0
20170314,99723584.0,13824642.0,0.0,0.0,0.0,85898943.0,0,0.0,169706.0,0.0
20170315,99399903.0,13824642.0,0.0,0.0,0.0,85575262.0,0,0.0,169706.0,0.0
20170316,98849639.0,13824642.0,0.0,0.0,0.0,85024997.0,0,0.0,169706.0,0.0
20170317,98663114.0,58829873.0,0.0,0.0,0.0,39833241.0,0,0.0,198979.0,0.0
20170320,98217013.0,58829873.0,0.0,0.0,0.0,39387140.0,0,0.0,198979.0,0.0
20170321,98181085.0,58829873.0,0.0,0.0,0.0,39351213.0,0,0.0,198979.0,0.0
20170322,97616578.0,49377092.0,0.0,0.0,9433176.0,38806311.0,0,0.0,218584.0,0.0
20170323,97813282.0,49377092.0,0.0,0.0,9285574.0,39150617.0,0,0.0,218584.0,0.0
20170324,97916409.0,10522865.0,0.0,0.0,9464835.0,77928709.0,0,0.0,294718.0,0.0
20170327,98597862.0,10522865.0,0.0,0.0,9591331.0,78483666.0,0,0.0,294718.0,0.0
20170328,98317244.0,10522865.0,0.0,0.0,9570225.0,78224153.0,0,0.0,294718.0,0.0
20170329,98087062.0,10522865.0,0.0,0.0,9506907.0,78057290.0,0,0.0,294718.0,0.0
20170330,98111078.0,10522865.0,0.0,0.0,9517460.0,78070753.0,0,0.0,294718.0,0.0
20170331,97787192.0,10522865.0,0.0,0.0,9496354.0,77767973.0,0,0.0,294718.0,0.0
20170403,97897778.0,10522865.0,0.0,0.0,9433176.0,77941737.0,0,0.0,294718.0,0.0
20170404,98361700.0,69212281.0,19631959.0,0.0,9517460.0,0.0,0,19692295.0,394491.0,0.0
20170405,98127746.0,69212281.0,19366346.0,0.0,9549119.0,0.0,0,0.0,394491.0,0.0
20170406,97906656.0,78693804.0,9695392.0,0.0,9517460.0,0.0,0,0.0,431237.0,0.0
20170407,97994486.0,78693804.0,9804329.0,0.0,9496354.0,0.0,0,0.0,431237.0,0.0
20170410,97809457.0,68910156.0,19560961.0,0.0,9338339.0,0.0,0,9783647.0,458252.0,0.0
20170411,98121459.0,68910156.0,19757020.0,0.0,9454282.0,0.0,0,0.0,458252.0,0.0
20170412,98751606.0,68910156.0,20345096.0,0.0,9496354.0,0.0,0,0.0,458252.0,0.0
20170413,98807937.0,68910156.0,20454051.0,0.0,9443729.0,0.0,0,0.0,458252.0,0.0
20170414,98679293.0,68910156.0,20388726.0,0.0,9380411.0,0.0,0,0.0,458252.0,0.0
20170417,98868408.0,68910156.0,20366920.0,0.0,9591331.0,0.0,0,0.0,458252.0,0.0
20170418,98901521.0,49121873.0,40167351.0,0.0,9612297.0,0.0,0,19790943.0,511448.0,0.0
20170419,98934362.0,58741364.0,40192998.0,0.0,0.0,0.0,0,0.0,557019.0,0.0
20170420,99015689.0,56955314.0,40284803.0,0.0,1775571.0,0.0,0,0.0,567498.0,0.0
20170421,100167315.0,67471156.0,30935201.0,0.0,1760958.0,0.0,0,0.0,624950.0,0.0
20170424,99661397.0,67471156.0,30378135.0,0.0,1812106.0,0.0,0,0.0,624950.0,0.0
20170425,99628052.0,67421941.0,30372085.0,0.0,1834026.0,0.0,0,9971371.0,711265.0,0.0
20170426,99706642.0,67421941.0,30457982.0,0.0,1826719.0,0.0,0,0.0,711265.0,0.0
20170427,99036389.0,47606877.0,49595486.0,0.0,1834026.0,0.0,0,19818174.0,765744.0,0.0
20170428,98499510.0,47606877.0,49036686.0,0.0,1855947.0,0.0,0,0.0,765744.0,0.0
20170502,98493488.0,57312087.0,39310840.0,0.0,1870561.0,0.0,0,0.0,817166.0,0.0
20170504,98969543.0,66832437.0,30171556.0,0.0,1965550.0,0.0,0,0.0,866306.0,0.0
20170508,99722020.0,56857355.0,40877194.0,0.0,1987471.0,0.0,0,9975083.0,895113.0,0.0
20170510,99118761.0,56857355.0,40259322.0,0.0,2002084.0,0.0,0,0.0,895113.0,0.0
20170511,100785792.0,46774921.0,51972252.0,0.0,2038619.0,0.0,0,10082433.0,933652.0,0.0
20170512,100796035.0,46774921.0,51975188.0,0.0,2045926.0,0.0,0,0.0,933652.0,0.0
20170515,100717319.0,46774921.0,51896472.0,0.0,2045926.0,0.0,0,0.0,933652.0,0.0
20170516,101131646.0,46774921.0,52296185.0,0.0,2060540.0,0.0,0,0.0,933652.0,0.0
20170517,100845906.0,46774921.0,52010445.0,0.0,2060540.0,0.0,0,0.0,933652.0,0.0
20170518,100426686.0,46774921.0,51613146.0,0.0,2038619.0,0.0,0,0.0,933652.0,0.0
20170519,101264972.0,46865747.0,52345992.0,0.0,2053233.0,0.0,0,10136864.0,1037458.0,0.0
20170522,101942990.0,46865747.0,53009396.0,0.0,2067846.0,0.0,0,0.0,1037458.0,0.0
20170523,102706326.0,46865747.0,53736198.0,0.0,2104381.0,0.0,0,0.0,1037458.0,0.0
20170524,102693551.0,48933386.0,53760165.0,0.0,0.0,0.0,0,0.0,1052279.0,0.0
20170525,103219134.0,48933386.0,54285748.0,0.0,0.0,0.0,0,0.0,1052279.0,0.0
20170526,103592937.0,59400890.0,44192047.0,0.0,0.0,0.0,0,0.0,1101064.0,0.0
20170529,104069207.0,48990743.0,55078464.0,0.0,0.0,0.0,0,10410147.0,1133331.0,0.0
20170530,103914740.0,48990743.0,54923997.0,0.0,0.0,0.0,0,0.0,1133331.0,0.0
20170531,103750907.0,48990743.0,54760164.0,0.0,0.0,0.0,0,0.0,1133331.0,0.0
20170601,103160110.0,59032129.0,44127982.0,0.0,0.0,0.0,0,0.0,1188786.0,0.0
20170602,103551349.0,59032129.0,44519221.0,0.0,0.0,0.0,0,0.0,1188786.0,0.0
20170605,103093122.0,59032129.0,44060993.0,0.0,0.0,0.0,0,0.0,1188786.0,0.0
20170607,103225081.0,48707416.0,54517664.0,0.0,0.0,0.0,0,10325447.0,1218176.0,0.0
20170608,103055878.0,48707416.0,54348462.0,0.0,0.0,0.0,0,0.0,1218176.0,0.0
20170609,103600373.0,54652458.0,48947915.0,0.0,0.0,0.0,0,10369492.0,1316348.0,0.0
20170612,102033528.0,50158717.0,51874812.0,0.0,0.0,0.0,0,15319231.0,1412738.0,0.0
20170613,103706123.0,50158717.0,53547406.0,0.0,0.0,0.0,0,0.0,1412738.0,0.0
20170614,103412611.0,60393697.0,43018914.0,0.0,0.0,0.0,0,0.0,1469286.0,0.0
20170615,103773457.0,50014863.0,53758594.0,0.0,0.0,0.0,0,10378834.0,1484169.0,0.0
20170616,103854503.0,50014863.0,53839639.0,0.0,0.0,0.0,0,0.0,1484169.0,0.0
20170619,104848392.0,50014863.0,54833529.0,0.0,0.0,0.0,0,0.0,1484169.0,0.0
20170620,104957538.0,50014863.0,54942675.0,0.0,0.0,0.0,0,0.0,1484169.0,0.0
20170621,104798062.0,55494510.0,49303552.0,0.0,0.0,0.0,0,0.0,1513547.0,0.0
20170622,105845143.0,50201998.0,55643145.0,0.0,0.0,0.0,0,5292512.0,1518640.0,0.0
20170623,106436170.0,50201998.0,56234172.0,0.0,0.0,0.0,0,0.0,1518640.0,0.0
20170626,108285368.0,49674515.0,58610853.0,0.0,0.0,0.0,0,10835726.0,1590531.0,0.0
20170627,108489322.0,49674515.0,58814807.0,0.0,0.0,0.0,0,0.0,1590531.0,0.0
20170628,107593259.0,49674515.0,57918744.0,0.0,0.0,0.0,0,0.0,1590531.0,0.0
20170629,108778463.0,49674515.0,59103948.0,0.0,0.0,0.0,0,0.0,1590531.0,0.0
20170630,108293564.0,49674515.0,58619049.0,0.0,0.0,0.0,0,0.0,1590531.0,0.0
20170703,107340736.0,49674515.0,57666221.0,0.0,0.0,0.0,0,0.0,1590531.0,0.0
20170704,107404832.0,49674515.0,57730317.0,0.0,0.0,0.0,0,0.0,1590531.0,0.0
20170705,108268756.0,49739185.0,58529572.0,0.0,0.0,0.0,0,10834161.0,1664167.0,0.0
20170706,107859692.0,49739185.0,58120507.0,0.0,0.0,0.0,0,0.0,1664167.0,0.0
20170707,107425762.0,52407785.0,55017976.0,0.0,0.0,0.0,0,10749092.0,1737903.0,0.0
20170710,107294848.0,52223605.0,55071243.0,0.0,0.0,0.0,0,16112792.0,1861666.0,0.0
20170711,108136839.0,52223605.0,55913234.0,0.0,0.0,0.0,0,0.0,1861666.0,0.0
20170712,107232547.0,52223605.0,55008943.0,0.0,0.0,0.0,0,0.0,1861666.0,0.0
20170713,108101013.0,52223605.0,55877409.0,0.0,0.0,0.0,0,0.0,1861666.0,0.0
20170714,108782185.0,52223605.0,56558580.0,0.0,0.0,0.0,0,0.0,1861666.0,0.0
20170717,108856182.0,52223605.0,56632577.0,0.0,0.0,0.0,0,0.0,1861666.0,0.0
20170718,108228547.0,51336033.0,56892514.0,0.0,0.0,0.0,0,10831410.0,1945238.0,0.0
20170719,107758205.0,51336033.0,56422172.0,0.0,0.0,0.0,0,0.0,1945238.0,0.0
20170720,108341580.0,51336033.0,57005547.0,0.0,0.0,0.0,0,0.0,1945238.0,0.0
20170721,109073981.0,51336033.0,57737948.0,0.0,0.0,0.0,0,0.0,1945238.0,0.0
20170724,109286793.0,51336033.0,57950760.0,0.0,0.0,0.0,0,0.0,1945238.0,0.0
20170725,108621106.0,51336033.0,57285073.0,0.0,0.0,0.0,0,0.0,1945238.0,0.0
20170726,107602913.0,50329079.0,57273833.0,0.0,0.0,0.0,0,10768814.0,2027873.0,0.0
20170727,107577175.0,52015724.0,55561451.0,0.0,0.0,0.0,0,26942192.0,2227147.0,0.0
20170728,106096589.0,56519174.0,49577416.0,0.0,0.0,0.0,0,10622434.0,2352666.0,0.0
20170731,106191056.0,55735494.0,49829828.0,0.0,625734.0,0.0,0,10628274.0,2443465.0,0.0
20170801,106141012.0,54997721.0,50517557.0,0.0,625734.0,0.0,0,10622142.0,2522632.0,0.0
20170802,105520676.0,54997721.0,49901193.0,0.0,621761.0,0.0,0,0.0,2522632.0,0.0
20170803,104841062.0,54997721.0,49244065.0,0.0,599276.0,0.0,0,0.0,2522632.0,0.0
20170804,104993506.0,54997721.0,49399151.0,0.0,596633.0,0.0,0,0.0,2522632.0,0.0
20170807,105300985.0,54997721.0,49703988.0,0.0,599276.0,0.0,0,0.0,2522632.0,0.0
20170808,105435083.0,49725144.0,55101406.0,0.0,608532.0,0.0,0,5272577.0,2539095.0,0.0
20170809,104841816.0,50358606.0,53875989.0,0.0,607220.0,0.0,0,20994471.0,2670540.0,0.0
20170810,105206180.0,50358606.0,54246969.0,0.0,600606.0,0.0,0,0.0,2670540.0,0.0
20170811,104874147.0,50358606.0,53924210.0,0.0,591331.0,0.0,0,0.0,2670540.0,0.0
20170814,105251090.0,50358606.0,54301153.0,0.0,591331.0,0.0,0,0.0,2670540.0,0.0
20170816,104774612.0,65871304.0,38298749.0,0.0,604560.0,0.0,0,0.0,2750624.0,0.0
20170817,104593698.0,50178885.0,53822151.0,0.0,592661.0,0.0,0,15693469.0,2780053.0,0.0
20170818,104877166.0,50178885.0,54104290.0,0.0,593991.0,0.0,0,0.0,2780053.0,0.0
20170821,104495364.0,49831746.0,54077571.0,0.0,586047.0,0.0,0,10456454.0,2848513.0,0.0
20170822,106156433.0,50141621.0,55428766.0,0.0,586047.0,0.0,0,10624510.0,2938845.0,0.0
20170823,106275543.0,50141621.0,55551848.0,0.0,582074.0,0.0,0,0.0,2938845.0,0.0
20170824,106537763.0,50141621.0,55814068.0,0.0,582074.0,0.0,0,0.0,2938845.0,0.0
20170825,105979205.0,50141621.0,55255510.0,0.0,582074.0,0.0,0,0.0,2938845.0,0.0
20170828,105627654.0,50174419.0,54859244.0,0.0,593991.0,0.0,0,10571225.0,3023131.0,0.0
20170829,106198564.0,50769957.0,55428607.0,0.0,0.0,0.0,0,0.0,3025538.0,0.0
20170830,107348556.0,50769957.0,56578599.0,0.0,0.0,0.0,0,0.0,3025538.0,0.0
20170831,107805107.0,56179794.0,51625313.0,0.0,0.0,0.0,0,0.0,3048870.0,0.0
20170901,107091827.0,56179794.0,50912033.0,0.0,0.0,0.0,0,0.0,3048870.0,0.0
20170904,106591875.0,51381601.0,55210275.0,0.0,0.0,0.0,0,10664283.0,3101032.0,0.0
20170905,105944177.0,51381601.0,54562577.0,0.0,0.0,0.0,0,0.0,3101032.0,0.0
20170906,105941748.0,51381601.0,54560148.0,0.0,0.0,0.0,0,0.0,3101032.0,0.0
20170907,106035492.0,51521112.0,54514380.0,0.0,0.0,0.0,0,10610979.0,3176050.0,0.0
20170908,105989884.0,51521112.0,54468772.0,0.0,0.0,0.0,0,0.0,3176050.0,0.0
20170911,107143551.0,51217502.0,55926048.0,0.0,0.0,0.0,0,10723368.0,3266380.0,0.0
20170912,106860518.0,51217502.0,55643015.0,0.0,0.0,0.0,0,0.0,3266380.0,0.0
20170913,107499943.0,51217502.0,56282441.0,0.0,0.0,0.0,0,0.0,3266380.0,0.0
20170914,107757628.0,61502617.0,46255011.0,0.0,0.0,0.0,0,0.0,3317385.0,0.0
20170915,108492168.0,50651925.0,57840244.0,0.0,0.0,0.0,0,10850692.0,3332137.0,0.0
20170918,108845274.0,50651925.0,58193349.0,0.0,0.0,0.0,0,0.0,3332137.0,0.0
20170919,108956855.0,50651925.0,58304930.0,0.0,0.0,0.0,0,0.0,3332137.0,0.0
20170920,109132712.0,50651925.0,58480787.0,0.0,0.0,0.0,0,0.0,3332137.0,0.0
20170921,108761636.0,50651925.0,58109712.0,0.0,0.0,0.0,0,0.0,3332137.0,0.0
20170922,107198821.0,50839123.0,56359698.0,0.0,0.0,0.0,0,21468271.0,3476834.0,0.0
20170925,106615333.0,49832118.0,56783215.0,0.0,0.0,0.0,0,10667721.0,3536392.0,0.0
20170926,105533845.0,49622102.0,55911743.0,0.0,0.0,0.0,0,10560708.0,3608548.0,0.0
20170927,105497866.0,49622102.0,55875764.0,0.0,0.0,0.0,0,0.0,3608548.0,0.0
20170928,104633363.0,60851296.0,43782066.0,0.0,0.0,0.0,0,0.0,3657967.0,0.0
20170929,105494323.0,71000264.0,34494059.0,0.0,0.0,0.0,0,0.0,3694412.0,0.0
20171010,107197888.0,49551952.0,57645936.0,0.0,0.0,0.0,0,21450078.0,3746912.0,0.0
20171011,106477435.0,49551952.0,56925483.0,0.0,0.0,0.0,0,0.0,3746912.0,0.0
20171012,107925674.0,49041198.0,58884476.0,0.0,0.0,0.0,0,10798021.0,3800743.0,0.0
20171013,107017901.0,49041198.0,57976703.0,0.0,0.0,0.0,0,0.0,3800743.0,0.0
20171016,106770855.0,49041198.0,57729657.0,0.0,0.0,0.0,0,0.0,3800743.0,0.0
20171017,107108868.0,49041198.0,58067670.0,0.0,0.0,0.0,0,0.0,3800743.0,0.0
20171018,105696221.0,49782010.0,55914212.0,0.0,0.0,0.0,0,10578030.0,3885825.0,0.0
20171019,106263327.0,49782010.0,56481317.0,0.0,0.0,0.0,0,0.0,3885825.0,0.0
20171020,106636022.0,49782010.0,56854012.0,0.0,0.0,0.0,0,0.0,3885825.0,0.0
20171023,106335477.0,49782010.0,56553468.0,0.0,0.0,0.0,0,0.0,3885825.0,0.0
20171024,106552775.0,49782010.0,56770765.0,0.0,0.0,0.0,0,0.0,3885825.0,0.0
20171025,104646051.0,50581700.0,54064351.0,0.0,0.0,0.0,0,20965251.0,4068514.0,0.0
20171026,104044276.0,60853682.0,43190594.0,0.0,0.0,0.0,0,0.0,4105256.0,0.0
20171027,104178985.0,51754995.0,52423990.0,0.0,0.0,0.0,0,31315286.0,4312780.0,0.0
20171030,105216134.0,51754995.0,53461139.0,0.0,0.0,0.0,0,0.0,4312780.0,0.0
20171031,105274001.0,51304444.0,53969557.0,0.0,0.0,0.0,0,10538802.0,4426003.0,0.0
20171101,105039207.0,51304444.0,53734763.0,0.0,0.0,0.0,0,0.0,4426003.0,0.0
20171102,105299155.0,51304444.0,53994711.0,0.0,0.0,0.0,0,0.0,4426003.0,0.0
20171103,105891213.0,51304444.0,54586768.0,0.0,0.0,0.0,0,0.0,4426003.0,0.0
20171106,106206105.0,51304444.0,54901660.0,0.0,0.0,0.0,0,0.0,4426003.0,0.0
20171107,106786685.0,51304444.0,55482241.0,0.0,0.0,0.0,0,0.0,4426003.0,0.0
20171108,108116157.0,51304444.0,56811713.0,0.0,0.0,0.0,0,0.0,4426003.0,0.0
20171109,108262879.0,51304444.0,56958435.0,0.0,0.0,0.0,0,0.0,4426003.0,0.0
20171110,108367929.0,51304444.0,57063485.0,0.0,0.0,0.0,0,0.0,4426003.0,0.0
20171113,108394663.0,51304444.0,57090219.0,0.0,0.0,0.0,0,0.0,4426003.0,0.0
20171114,108615509.0,61872883.0,46742626.0,0.0,0.0,0.0,0,0.0,4469473.0,0.0
20171115,109017979.0,61872883.0,47145096.0,0.0,0.0,0.0,0,0.0,4469473.0,0.0
20171116,108857486.0,61872883.0,46984603.0,0.0,0.0,0.0,0,0.0,4469473.0,0.0
20171117,107883041.0,61872883.0,46010158.0,0.0,0.0,0.0,0,0.0,4469473.0,0.0
20171120,109490937.0,50921629.0,58569308.0,0.0,0.0,0.0,0,10951254.0,4491073.0,0.0
20171121,109936574.0,50921629.0,59014945.0,0.0,0.0,0.0,0,0.0,4491073.0,0.0
20171122,109574392.0,50921629.0,58652762.0,0.0,0.0,0.0,0,0.0,4491073.0,0.0
20171123,109679679.0,61420322.0,48259357.0,0.0,0.0,0.0,0,0.0,4540158.0,0.0
20171124,109867279.0,50431074.0,59436205.0,0.0,0.0,0.0,0,10989248.0,4565362.0,0.0
20171127,110137544.0,50431074.0,59706471.0,0.0,0.0,0.0,0,0.0,4565362.0,0.0
20171128,110084167.0,50431074.0,59653094.0,0.0,0.0,0.0,0,0.0,4565362.0,0.0
20171129,110745017.0,50431074.0,60313944.0,0.0,0.0,0.0,0,0.0,4565362.0,0.0
20171130,108301147.0,50431074.0,57870073.0,0.0,0.0,0.0,0,0.0,4565362.0,0.0
20171201,109634147.0,51338365.0,58295783.0,0.0,0.0,0.0,0,10971477.0,4649458.0,0.0
20171204,109878177.0,61787144.0,48091033.0,0.0,0.0,0.0,0,0.0,4698682.0,0.0
20171205,109432827.0,61787144.0,47645682.0,0.0,0.0,0.0,0,0.0,4698682.0,0.0
20171206,108014779.0,83132958.0,24881822.0,0.0,0.0,0.0,0,0.0,4792039.0,0.0
20171207,106861167.0,94361552.0,12499616.0,0.0,0.0,0.0,0,0.0,4863302.0,0.0
20171208,107053700.0,96364423.0,10689277.0,0.0,0.0,0.0,0,10712806.0,4943138.0,0.0
20171211,106881478.0,96364423.0,10517054.0,0.0,0.0,0.0,0,0.0,4943138.0,0.0
20171212,107065182.0,96364423.0,10700759.0,0.0,0.0,0.0,0,0.0,4943138.0,0.0
20171213,107570368.0,96364423.0,11205945.0,0.0,0.0,0.0,0,0.0,4943138.0,0.0
20171214,107524442.0,96364423.0,11160019.0,0.0,0.0,0.0,0,0.0,4943138.0,0.0
20171215,107396870.0,80153992.0,11068167.0,0.0,16174711.0,0.0,0,0.0,4978858.0,0.0
20171218,106939099.0,71890980.0,10850018.0,0.0,24198101.0,0.0,0,0.0,5014332.0,0.0
20171219,106558476.0,63625380.0,10597425.0,0.0,32335671.0,0.0,0,0.0,5047376.0,0.0
20171220,106008627.0,73582627.0,0.0,0.0,32426000.0,0.0,0,0.0,5089291.0,0.0
20171221,105502492.0,63029442.0,10523827.0,0.0,31949223.0,0.0,0,10553185.0,5118650.0,0.0
20171222,106198424.0,73551418.0,0.0,0.0,32647007.0,0.0,0,0.0,5174307.0,0.0
20171226,106008282.0,62947222.0,10570517.0,0.0,32490544.0,0.0,0,10604196.0,5207986.0,0.0
20171227,106405959.0,62947222.0,10261438.0,0.0,33197300.0,0.0,0,0.0,5207986.0,0.0
20171228,106555816.0,30961108.0,42055873.0,0.0,33538835.0,0.0,0,30961108.0,5306940.0,0.0
20180102,107807526.0,20177604.0,53888735.0,0.0,33741187.0,0.0,0,10783504.0,5334451.0,0.0
20180103,107922445.0,20177604.0,54213064.0,0.0,33531777.0,0.0,0,0.0,5334451.0,0.0
20180104,105042430.0,29942090.0,42746176.0,0.0,32354165.0,0.0,0,0.0,5407099.0,0.0
20180105,106302311.0,29942090.0,43581906.0,0.0,32778315.0,0.0,0,0.0,5407099.0,0.0
20180108,106722170.0,19267385.0,54825539.0,0.0,32629246.0,0.0,0,10674705.0,5431980.0,0.0
20180109,107629470.0,19267385.0,55738254.0,0.0,32623831.0,0.0,0,0.0,5431980.0,0.0
20180110,107894150.0,19267385.0,55845380.0,0.0,32781385.0,0.0,0,0.0,5431980.0,0.0
20180111,107683700.0,19267385.0,55466271.0,0.0,32950044.0,0.0,0,0.0,5431980.0,0.0
20180112,109885809.0,19267385.0,57329653.0,0.0,33288771.0,0.0,0,0.0,5431980.0,0.0
20180115,110160489.0,19267385.0,57382915.0,0.0,33510190.0,0.0,0,0.0,5431980.0,0.0
20180116,108442235.0,19267385.0,56407373.0,0.0,32767477.0,0.0,0,0.0,5431980.0,0.0
20180117,107975283.0,35927901.0,55764301.0,0.0,16283080.0,0.0,0,0.0,5517093.0,0.0
20180118,108397178.0,44317067.0,56484598.0,0.0,7595513.0,0.0,0,21724478.0,5741079.0,0.0
20180119,107041359.0,62949656.0,44091703.0,0.0,0.0,0.0,0,10724088.0,5943497.0,0.0
20180122,107160985.0,62949656.0,44211329.0,0.0,0.0,0.0,0,0.0,5943497.0,0.0
20180123,107724981.0,62949656.0,44775325.0,0.0,0.0,0.0,0,0.0,5943497.0,0.0
20180124,107463729.0,62949656.0,44514073.0,0.0,0.0,0.0,0,0.0,5943497.0,0.0
20180125,107290233.0,62949656.0,44340577.0,0.0,0.0,0.0,0,0.0,5943497.0,0.0
20180126,108338644.0,52113784.0,56224860.0,0.0,0.0,0.0,0,10835872.0,5963575.0,0.0
20180129,108671092.0,52113784.0,56557308.0,0.0,0.0,0.0,0,0.0,5963575.0,0.0
20180130,108079282.0,52113784.0,55965498.0,0.0,0.0,0.0,0,0.0,5963575.0,0.0
20180131,108133252.0,52910855.0,55222397.0,0.0,0.0,0.0,0,10820374.0,6036544.0,0.0
20180201,108585549.0,52036161.0,56549388.0,0.0,0.0,0.0,0,21753878.0,6218629.0,0.0
20180202,107495717.0,52036161.0,55459556.0,0.0,0.0,0.0,0,0.0,6218629.0,0.0
20180205,105903904.0,61573658.0,44330246.0,0.0,0.0,0.0,0,10607904.0,6389618.0,0.0
20180206,105802604.0,72018950.0,33783655.0,0.0,0.0,0.0,0,0.0,6451966.0,0.0
20180207,103847100.0,81913595.0,21933506.0,0.0,0.0,0.0,0,0.0,6491779.0,0.0
20180208,104157111.0,104157111.0,0.0,0.0,0.0,0.0,0,0.0,6612538.0,0.0
20180209,104157111.0,104157111.0,0.0,0.0,0.0,0.0,0,0.0,6612538.0,0.0
20180212,104157111.0,104157111.0,0.0,0.0,0.0,0.0,0,0.0,6612538.0,0.0
20180213,104075936.0,83329749.0,20746187.0,0.0,0.0,0.0,0,20831422.0,6693714.0,0.0
20180214,104663878.0,62388646.0,42275232.0,0.0,0.0,0.0,0,20941103.0,6735352.0,0.0
20180219,104706055.0,62388646.0,42317409.0,0.0,0.0,0.0,0,0.0,6735352.0,0.0
20180220,103567000.0,62388646.0,41178354.0,0.0,0.0,0.0,0,0.0,6735352.0,0.0
20180221,103746880.0,62388646.0,41358235.0,0.0,0.0,0.0,0,0.0,6735352.0,0.0
20180222,104429811.0,62388646.0,42041166.0,0.0,0.0,0.0,0,0.0,6735352.0,0.0
20180223,105679669.0,94739084.0,10940584.0,0.0,0.0,0.0,0,0.0,6903066.0,0.0
20180226,105709643.0,94739084.0,10970559.0,0.0,0.0,0.0,0,0.0,6903066.0,0.0
20180227,105544785.0,94739084.0,10805700.0,0.0,0.0,0.0,0,0.0,6903066.0,0.0
20180228,105319978.0,94739084.0,10580894.0,0.0,0.0,0.0,0,0.0,6903066.0,0.0
20180302,104995829.0,94511758.0,10484071.0,0.0,0.0,0.0,0,10508018.0,6987244.0,0.0
20180305,104972832.0,84012175.0,20960657.0,0.0,0.0,0.0,0,10499583.0,7010241.0,0.0
20180306,104621116.0,94508667.0,10112449.0,0.0,0.0,0.0,0,0.0,7059654.0,0.0
20180307,104598586.0,94508667.0,10089919.0,0.0,0.0,0.0,0,0.0,7059654.0,0.0
20180308,104634907.0,84042051.0,20592856.0,0.0,0.0,0.0,0,10466616.0,7090906.0,0.0
20180309,105302953.0,84042051.0,21260902.0,0.0,0.0,0.0,0,0.0,7090906.0,0.0
20180312,105205185.0,84042051.0,21163134.0,0.0,0.0,0.0,0,0.0,7090906.0,0.0
20180313,104651938.0,73572451.0,31079487.0,0.0,0.0,0.0,0,10469601.0,7134974.0,0.0
20180314,104412559.0,83838380.0,20574179.0,0.0,0.0,0.0,0,0.0,7191424.0,0.0
20180315,104043267.0,93828209.0,10215058.0,0.0,0.0,0.0,0,0.0,7233721.0,0.0
20180316,104122043.0,72995552.0,31126491.0,0.0,0.0,0.0,0,20833910.0,7281230.0,0.0
20180319,104055620.0,72995552.0,31060068.0,0.0,0.0,0.0,0,0.0,7281230.0,0.0
20180320,103957523.0,72995552.0,30961972.0,0.0,0.0,0.0,0,0.0,7281230.0,0.0
20180321,104303025.0,72995552.0,31307473.0,0.0,0.0,0.0,0,0.0,7281230.0,0.0
20180322,104235857.0,62233584.0,42002273.0,0.0,0.0,0.0,0,20868252.0,7385671.0,0.0
20180323,103259354.0,62233584.0,41025769.0,0.0,0.0,0.0,0,0.0,7385671.0,0.0
20180326,104167555.0,71928513.0,32239042.0,0.0,0.0,0.0,0,0.0,7421355.0,0.0
20180327,104513803.0,61474702.0,43039101.0,0.0,0.0,0.0,0,10453811.0,7445662.0,0.0
20180328,103010320.0,61474702.0,41535618.0,0.0,0.0,0.0,0,0.0,7445662.0,0.0
20180329,103721294.0,51099478.0,52621816.0,0.0,0.0,0.0,0,10375223.0,7476602.0,0.0
20180330,104412538.0,51099478.0,53313060.0,0.0,0.0,0.0,0,0.0,7476602.0,0.0
20180402,105793339.0,51099478.0,54693861.0,0.0,0.0,0.0,0,0.0,7476602.0,0.0
20180403,105818958.0,51099478.0,54719480.0,0.0,0.0,0.0,0,0.0,7476602.0,0.0
20180404,106407681.0,62018524.0,44389157.0,0.0,0.0,0.0,0,0.0,7523451.0,0.0
20180405,106349771.0,72914001.0,33435770.0,0.0,0.0,0.0,0,0.0,7570000.0,0.0
20180406,107049800.0,72914001.0,34135798.0,0.0,0.0,0.0,0,0.0,7570000.0,0.0
20180409,107590208.0,72914001.0,34676207.0,0.0,0.0,0.0,0,0.0,7570000.0,0.0
20180410,108380267.0,72914001.0,35466265.0,0.0,0.0,0.0,0,0.0,7570000.0,0.0
20180411,108045221.0,72914001.0,35131219.0,0.0,0.0,0.0,0,0.0,7570000.0,0.0
20180412,107025335.0,72914001.0,34111334.0,0.0,0.0,0.0,0,0.0,7570000.0,0.0
20180413,107696848.0,72914001.0,34782847.0,0.0,0.0,0.0,0,0.0,7570000.0,0.0
20180416,107351856.0,83827346.0,23524511.0,0.0,0.0,0.0,0,0.0,7633688.0,0.0
20180417,107114162.0,83827346.0,23286817.0,0.0,0.0,0.0,0,0.0,7633688.0,0.0
20180418,107344083.0,83827346.0,23516737.0,0.0,0.0,0.0,0,0.0,7633688.0,0.0
20180419,106739247.0,83827346.0,22911901.0,0.0,0.0,0.0,0,0.0,7633688.0,0.0
20180420,106920563.0,95196053.0,11724510.0,0.0,0.0,0.0,0,0.0,7688816.0,0.0
20180423,106667936.0,49027403.0,11501893.0,0.0,0.0,46138640.0,0,0.0,7718826.0,0.0
20180424,106838600.0,49027403.0,11501893.0,0.0,0.0,46309304.0,0,0.0,7718826.0,0.0
20180425,106140887.0,60735360.0,0.0,0.0,0.0,45405527.0,0,0.0,7783130.0,0.0
20180426,106390205.0,60735360.0,0.0,0.0,0.0,45654845.0,0,0.0,7783130.0,0.0
20180427,107121147.0,14015852.0,0.0,0.0,0.0,93105295.0,0,0.0,7813498.0,0.0
20180430,106544414.0,14015852.0,0.0,0.0,0.0,92528562.0,0,0.0,7813498.0,0.0
20180502,107273730.0,14015852.0,0.0,0.0,0.0,93257878.0,0,0.0,7813498.0,0.0
20180503,106939823.0,14015852.0,0.0,0.0,0.0,92923970.0,0,0.0,7813498.0,0.0
20180504,106573538.0,14015852.0,0.0,0.0,0.0,92557686.0,0,0.0,7813498.0,0.0
20180508,108227094.0,14015852.0,0.0,0.0,0.0,94211241.0,0,0.0,7813498.0,0.0
20180509,108254569.0,14015852.0,0.0,0.0,0.0,94238717.0,0,0.0,7813498.0,0.0
20180510,108497909.0,14015852.0,0.0,0.0,0.0,94482057.0,0,0.0,7813498.0,0.0
20180511,108173354.0,14015852.0,0.0,0.0,0.0,94157501.0,0,0.0,7813498.0,0.0
20180514,108344548.0,14015852.0,0.0,0.0,0.0,94328696.0,0,0.0,7813498.0,0.0
20180515,108734211.0,14015852.0,0.0,0.0,0.0,94718359.0,0,0.0,7813498.0,0.0
20180516,108629880.0,14015852.0,0.0,0.0,0.0,94614028.0,0,0.0,7813498.0,0.0
20180517,109131974.0,14015852.0,0.0,0.0,0.0,95116122.0,0,0.0,7813498.0,0.0
20180518,109044266.0,14015852.0,0.0,0.0,0.0,95028414.0,0,0.0,7813498.0,0.0
20180521,109575221.0,62501864.0,0.0,0.0,0.0,47073357.0,0,0.0,7845034.0,0.0
20180523,109269694.0,12997521.0,0.0,0.0,0.0,96272173.0,0,0.0,7938111.0,0.0
20180524,109758097.0,12997521.0,0.0,0.0,0.0,96760576.0,0,0.0,7938111.0,0.0
20180525,109875417.0,12997521.0,0.0,0.0,0.0,96877896.0,0,0.0,7938111.0,0.0
20180528,109744151.0,12997521.0,0.0,0.0,0.0,96746630.0,0,0.0,7938111.0,0.0
20180529,109664102.0,12997521.0,0.0,0.0,0.0,96666581.0,0,0.0,7938111.0,0.0
20180530,109700626.0,12997521.0,0.0,0.0,0.0,96703105.0,0,0.0,7938111.0,0.0
20180531,109906557.0,12997521.0,0.0,0.0,0.0,96909035.0,0,0.0,7938111.0,0.0
20180601,109723582.0,12947928.0,0.0,0.0,0.0,96775654.0,0,0.0,7994205.0,0.0
20180604,110426804.0,12947928.0,0.0,0.0,0.0,97478876.0,0,0.0,7994205.0,0.0
20180605,110413078.0,12947928.0,0.0,0.0,0.0,97465150.0,0,0.0,7994205.0,0.0
20180607,110947813.0,12947928.0,0.0,0.0,0.0,97999885.0,0,0.0,7994205.0,0.0
20180608,110620117.0,12947928.0,0.0,0.0,0.0,97672189.0,0,0.0,7994205.0,0.0
20180611,110818814.0,12947928.0,0.0,0.0,0.0,97870886.0,0,0.0,7994205.0,0.0
20180612,111079252.0,12947928.0,0.0,0.0,0.0,98131324.0,0,0.0,7994205.0,0.0
20180614,111539764.0,12947928.0,0.0,0.0,0.0,98591836.0,0,0.0,7994205.0,0.0
20180615,112926246.0,26072940.0,0.0,0.0,0.0,86853307.0,0,0.0,8115761.0,0.0
20180618,113585475.0,26072940.0,0.0,0.0,0.0,87512535.0,0,0.0,8115761.0,0.0
20180619,113833286.0,113833286.0,0.0,0.0,0.0,0.0,0,0.0,8172842.0,0.0
20180620,113776370.0,26269220.0,0.0,0.0,0.0,87507150.0,0,0.0,8229759.0,0.0
20180621,114311960.0,26269220.0,0.0,0.0,0.0,88042740.0,0,0.0,8229759.0,0.0
20180622,114007085.0,26269220.0,0.0,0.0,0.0,87737865.0,0,0.0,8229759.0,0.0
20180625,114732192.0,26269220.0,0.0,0.0,0.0,88462972.0,0,0.0,8229759.0,0.0
20180626,114616834.0,26269220.0,0.0,0.0,0.0,88347614.0,0,0.0,8229759.0,0.0
20180627,114814590.0,26269220.0,0.0,0.0,0.0,88545370.0,0,0.0,8229759.0,0.0
20180628,115317221.0,26269220.0,0.0,0.0,0.0,89048001.0,0,0.0,8229759.0,0.0
20180629,114699232.0,26269220.0,0.0,0.0,0.0,88430012.0,0,0.0,8229759.0,0.0
20180702,115045306.0,26269220.0,0.0,0.0,0.0,88776086.0,0,0.0,8229759.0,0.0
20180703,115004107.0,26269220.0,0.0,0.0,0.0,88734887.0,0,0.0,8229759.0,0.0
20180704,114699232.0,26269220.0,0.0,0.0,0.0,88430012.0,0,0.0,8229759.0,0.0
20180705,115004107.0,26269220.0,0.0,0.0,0.0,88734887.0,0,0.0,8229759.0,0.0
20180706,114773391.0,26269220.0,0.0,0.0,0.0,88504171.0,0,0.0,8229759.0,0.0
20180709,114468517.0,26269220.0,0.0,0.0,0.0,88199297.0,0,0.0,8229759.0,0.0
20180710,114855789.0,26269220.0,0.0,0.0,0.0,88586569.0,0,0.0,8229759.0,0.0
20180711,115119464.0,26269220.0,0.0,0.0,0.0,88850244.0,0,0.0,8229759.0,0.0
20180712,115622095.0,26269220.0,0.0,0.0,0.0,89352875.0,0,0.0,8229759.0,0.0
20180713,115226243.0,13701210.0,0.0,0.0,0.0,101525033.0,0,0.0,8353696.0,0.0
20180716,115625002.0,69726462.0,0.0,0.0,0.0,45898540.0,0,0.0,8390136.0,0.0
20180717,115330785.0,13717354.0,0.0,0.0,0.0,101613431.0,0,0.0,8485933.0,0.0
20180718,116780128.0,70768745.0,0.0,0.0,0.0,46011384.0,0,0.0,8523040.0,0.0
20180719,116801235.0,70768745.0,0.0,0.0,0.0,46032490.0,0,0.0,8523040.0,0.0
20180720,116763458.0,13884710.0,0.0,0.0,0.0,102878748.0,0,0.0,8619914.0,0.0
20180723,116213368.0,13884710.0,0.0,0.0,0.0,102328658.0,0,0.0,8619914.0,0.0
20180724,116942495.0,13884710.0,0.0,0.0,0.0,103057785.0,0,0.0,8619914.0,0.0
20180725,116302113.0,13884710.0,0.0,0.0,0.0,102417403.0,0,0.0,8619914.0,0.0
20180726,115984630.0,13884710.0,0.0,0.0,0.0,102099921.0,0,0.0,8619914.0,0.0
20180727,115247942.0,13884710.0,0.0,0.0,0.0,101363232.0,0,0.0,8619914.0,0.0
20180730,114702569.0,13884710.0,0.0,0.0,0.0,100817859.0,0,0.0,8619914.0,0.0
20180731,113931242.0,13884710.0,0.0,0.0,0.0,100046532.0,0,0.0,8619914.0,0.0
20180801,114887022.0,13884710.0,0.0,0.0,0.0,101002312.0,0,0.0,8619914.0,0.0
20180802,114990292.0,13884710.0,0.0,0.0,0.0,101105582.0,0,0.0,8619914.0,0.0
20180803,116287580.0,13884710.0,0.0,0.0,0.0,102402870.0,0,0.0,8619914.0,0.0
20180806,115794973.0,13884710.0,0.0,0.0,0.0,101910263.0,0,0.0,8619914.0,0.0
20180807,116594237.0,13884710.0,0.0,0.0,0.0,102709527.0,0,0.0,8619914.0,0.0
20180808,116155089.0,13884710.0,0.0,0.0,0.0,102270379.0,0,0.0,8619914.0,0.0
20180809,116090746.0,13884710.0,0.0,0.0,0.0,102206036.0,0,0.0,8619914.0,0.0
20180810,116815096.0,13884710.0,0.0,0.0,0.0,102930386.0,0,0.0,8619914.0,0.0
20180813,116889625.0,13884710.0,0.0,0.0,0.0,103004915.0,0,0.0,8619914.0,0.0
20180814,116748864.0,3204164.0,0.0,0.0,10619944.0,102924756.0,0,0.0,8680516.0,0.0
20180816,116403577.0,3204164.0,0.0,0.0,10499113.0,102700300.0,0,0.0,8680516.0,0.0
20180817,115963827.0,54286908.0,0.0,0.0,10619944.0,51056974.0,0,0.0,8780181.0,0.0
20180820,115976780.0,54286908.0,0.0,0.0,10568301.0,51121570.0,0,0.0,8780181.0,0.0
20180821,116119106.0,54286908.0,0.0,0.0,10516327.0,51315871.0,0,0.0,8780181.0,0.0
20180822,115998274.0,54286908.0,0.0,0.0,10395495.0,51315871.0,0,0.0,8780181.0,0.0
20180823,115950676.0,54286908.0,0.0,0.0,10429924.0,51233844.0,0,0.0,8780181.0,0.0
20180824,116167680.0,12527748.0,0.0,0.0,10637159.0,93002773.0,0,0.0,8807324.0,0.0
20180827,116220425.0,12527748.0,0.0,0.0,10757990.0,92934687.0,0,0.0,8807324.0,0.0
20180828,115998615.0,12527748.0,0.0,0.0,10654704.0,92816163.0,0,0.0,8807324.0,0.0
20180829,115905467.0,12527748.0,0.0,0.0,10568301.0,92809418.0,0,0.0,8807324.0,0.0
20180830,115857945.0,12527748.0,0.0,0.0,10568301.0,92761896.0,0,0.0,8807324.0,0.0
20180831,115955268.0,12465307.0,0.0,0.0,10412710.0,93077251.0,0,0.0,8861317.0,0.0
20180903,116026232.0,12465307.0,0.0,0.0,10395495.0,93165430.0,0,0.0,8861317.0,0.0
20180904,116316902.0,12465307.0,0.0,0.0,10412710.0,93438885.0,0,0.0,8861317.0,0.0
20180905,116109620.0,12465307.0,0.0,0.0,10309092.0,93335220.0,0,0.0,8861317.0,0.0
20180906,115844636.0,2876609.0,0.0,0.0,19807294.0,93160733.0,0,0.0,8882956.0,0.0
20180907,115359656.0,10084947.0,0.0,0.0,19853071.0,85421638.0,0,0.0,8931361.0,0.0
20180910,115693981.0,10084947.0,0.0,0.0,19980482.0,85628553.0,0,0.0,8931361.0,0.0
20180911,115548475.0,10084947.0,0.0,0.0,19974285.0,85489243.0,0,0.0,8931361.0,0.0
20180912,115599660.0,82829003.0,23067412.0,0.0,9703245.0,0.0,0,23164640.0,9154901.0,85587540.0
20180913,115480266.0,9845732.0,22893318.0,0.0,9805384.0,72935832.0,0,0.0,9202340.0,85587540.0
20180914,115312881.0,9810095.0,22936842.0,0.0,9703245.0,72862699.0,0,0.0,9244841.0,85587540.0
20180917,114963522.0,9810095.0,22980365.0,0.0,9680547.0,72492515.0,0,0.0,9244841.0,85587540.0
20180918,113971454.0,9810095.0,22501608.0,0.0,9533012.0,72126740.0,0,0.0,9244841.0,85587540.0
20180919,114457999.0,9810095.0,22588655.0,0.0,9589756.0,72469493.0,0,0.0,9244841.0,85587540.0
20180920,114515211.0,9810095.0,22327514.0,0.0,9816733.0,72560870.0,0,0.0,9244841.0,85587540.0
20180921,115178032.0,59718642.0,45427029.0,0.0,10032361.0,0.0,0,23061899.0,9376303.0,158596493.0
20180927,116212082.0,59718642.0,46370289.0,0.0,10123151.0,0.0,0,0.0,9376303.0,158596493.0
20180928,116488213.0,59718642.0,46555629.0,0.0,10213942.0,0.0,0,0.0,9376303.0,158596493.0
20181001,117648759.0,95320035.0,12080736.0,0.0,10247988.0,0.0,0,0.0,9588066.0,158596493.0
20181002,118267768.0,10259844.0,12732830.0,0.0,19269539.0,76005555.0,0,0.0,9666546.0,158596493.0
20181004,119439800.0,23176309.0,0.0,0.0,19728595.0,76534896.0,0,0.0,9743509.0,158596493.0
20181005,118720571.0,57110579.0,0.0,0.0,19383027.0,42226965.0,0,0.0,9765580.0,158596493.0
20181008,119106032.0,57110579.0,0.0,0.0,19625280.0,42370172.0,0,0.0,9765580.0,158596493.0
20181010,118818950.0,57110579.0,0.0,0.0,19284011.0,42424359.0,0,0.0,9765580.0,158596493.0
20181011,118083205.0,67030527.0,0.0,0.0,8283846.0,42768832.0,0,0.0,9809900.0,158596493.0
20181012,117762032.0,15468583.0,0.0,0.0,8522573.0,93770875.0,0,0.0,9843416.0,158596493.0
20181015,118859948.0,15468583.0,0.0,0.0,9071647.0,94319718.0,0,0.0,9843416.0,158596493.0
20181016,118724432.0,15468583.0,0.0,0.0,9143265.0,94112583.0,0,0.0,9843416.0,158596493.0
20181017,118299604.0,15468583.0,0.0,0.0,8952283.0,93878738.0,0,0.0,9843416.0,158596493.0
20181018,118446860.0,15468583.0,0.0,0.0,8880665.0,94097612.0,0,0.0,9843416.0,158596493.0
20181019,118780539.0,15468583.0,0.0,0.0,9071647.0,94240309.0,0,0.0,9843416.0,158596493.0
20181022,118745577.0,15468583.0,0.0,0.0,9071647.0,94205347.0,0,0.0,9843416.0,158596493.0
20181023,118878938.0,15468583.0,0.0,0.0,8856792.0,94553563.0,0,0.0,9843416.0,158596493.0
20181024,118569637.0,15468583.0,0.0,0.0,8594192.0,94506862.0,0,0.0,9843416.0,158596493.0
20181025,118942980.0,15468583.0,0.0,0.0,8403210.0,95071187.0,0,0.0,9843416.0,158596493.0
20181026,118596963.0,110480227.0,0.0,0.0,8116737.0,0.0,0,0.0,9905213.0,158596493.0
20181029,117785290.0,110480227.0,0.0,0.0,7305063.0,0.0,0,0.0,9905213.0,158596493.0
20181030,117763867.0,22858822.0,0.0,0.0,18758497.0,76146547.0,0,0.0,10022128.0,158596493.0
20181031,118355008.0,11389072.0,0.0,0.0,30660289.0,76305647.0,0,0.0,10097207.0,158596493.0
20181101,118214116.0,11296701.0,0.0,0.0,23173965.0,83743451.0,0,0.0,10246467.0,158596493.0
20181102,118560064.0,11160158.0,0.0,0.0,23672139.0,83727768.0,0,0.0,10294755.0,158596493.0
20181105,118365702.0,11160158.0,0.0,0.0,23494065.0,83711479.0,0,0.0,10294755.0,158596493.0
20181106,118261736.0,11160158.0,0.0,0.0,23606309.0,83495269.0,0,0.0,10294755.0,158596493.0
20181107,117731525.0,11160158.0,0.0,0.0,22911969.0,83659398.0,0,0.0,10294755.0,158596493.0
20181108,118199814.0,11160158.0,0.0,0.0,23562330.0,83477326.0,0,0.0,10294755.0,158596493.0
20181109,118048488.0,13185964.0,0.0,0.0,23597820.0,81264704.0,0,0.0,10353230.0,158596493.0
20181112,118533411.0,13185964.0,0.0,0.0,23935735.0,81411712.0,0,0.0,10353230.0,158596493.0
20181113,117554029.0,13185964.0,0.0,0.0,24347204.0,80020861.0,0,0.0,10353230.0,158596493.0
20181114,116771113.0,13185964.0,0.0,0.0,23669913.0,79915236.0,0,0.0,10353230.0,158596493.0
20181115,116762791.0,13185964.0,0.0,0.0,23934345.0,79642482.0,0,0.0,10353230.0,158596493.0
20181116,117083031.0,55528870.0,0.0,0.0,24163077.0,37391083.0,0,0.0,10380771.0,158596493.0
20181119,117653636.0,55528870.0,0.0,0.0,24636409.0,37488357.0,0,0.0,10380771.0,158596493.0
20181120,118000141.0,55528870.0,0.0,0.0,24998331.0,37472940.0,0,0.0,10380771.0,158596493.0
20181121,118588841.0,55528870.0,0.0,0.0,25617865.0,37442106.0,0,0.0,10380771.0,158596493.0
20181122,118476716.0,55528870.0,0.0,0.0,25480779.0,37467067.0,0,0.0,10380771.0,158596493.0
20181123,117604727.0,55528870.0,0.0,0.0,24519224.0,37556633.0,0,0.0,10380771.0,158596493.0
20181126,118125530.0,55528870.0,0.0,0.0,25007725.0,37588935.0,0,0.0,10380771.0,158596493.0
20181127,118409057.0,69753492.0,0.0,0.0,11028086.0,37627478.0,0,0.0,10512253.0,158596493.0
20181128,118338235.0,80713694.0,0.0,0.0,0.0,37624541.0,0,0.0,10610687.0,158596493.0
20181129,118439914.0,80713694.0,0.0,0.0,0.0,37726220.0,0,0.0,10610687.0,158596493.0
20181130,118458357.0,23248998.0,0.0,0.0,0.0,95209359.0,0,0.0,10648039.0,158596493.0
20181203,117826468.0,23248998.0,0.0,0.0,0.0,94577471.0,0,0.0,10648039.0,158596493.0
20181204,117670596.0,23248998.0,0.0,0.0,0.0,94421599.0,0,0.0,10648039.0,158596493.0
20181205,118201648.0,23248998.0,0.0,0.0,0.0,94952650.0,0,0.0,10648039.0,158596493.0
20181206,118804658.0,23248998.0,0.0,0.0,0.0,95555660.0,0,0.0,10648039.0,158596493.0
20181207,118642038.0,22973478.0,0.0,0.0,0.0,95668560.0,0,0.0,10722726.0,158596493.0
20181210,119185235.0,22973478.0,0.0,0.0,0.0,96211756.0,0,0.0,10722726.0,158596493.0
20181211,119098361.0,22973478.0,0.0,0.0,0.0,96124882.0,0,0.0,10722726.0,158596493.0
20181212,118683274.0,22973478.0,0.0,0.0,0.0,95709795.0,0,0.0,10722726.0,158596493.0
20181213,118608288.0,11467878.0,0.0,0.0,11435814.0,95704595.0,0,0.0,10792512.0,158596493.0
20181214,118406342.0,2646433.0,0.0,0.0,20236954.0,95522954.0,0,0.0,10839176.0,158596493.0
20181217,118660620.0,610715.0,0.0,0.0,22437813.0,95612092.0,0,0.0,10846233.0,158596493.0
20181218,118613913.0,610715.0,0.0,0.0,22123631.0,95879567.0,0,0.0,10846233.0,158596493.0
20181219,119139821.0,610715.0,0.0,0.0,22343841.0,96185265.0,0,0.0,10846233.0,158596493.0
20181220,118575624.0,610715.0,0.0,0.0,21880148.0,96084760.0,0,0.0,10846233.0,158596493.0
20181221,119252715.0,610715.0,0.0,0.0,21987185.0,96654814.0,0,0.0,10846233.0,158596493.0
20181224,119207552.0,610715.0,0.0,0.0,21852395.0,96744442.0,0,0.0,10846233.0,158596493.0
20181226,119867701.0,610715.0,0.0,0.0,21921261.0,97335725.0,0,0.0,10846233.0,158596493.0
20181227,120082138.0,610715.0,0.0,0.0,22303929.0,97167494.0,0,0.0,10846233.0,158596493.0
20181228,120695956.0,610715.0,0.0,0.0,22514528.0,97570713.0,0,0.0,10846233.0,158596493.0
20190102,120778366.0,610715.0,0.0,0.0,22282966.0,97884684.0,0,0.0,10846233.0,158596493.0
20190103,121328371.0,610715.0,0.0,0.0,22565497.0,98152158.0,0,0.0,10846233.0,158596493.0
20190104,122756078.0,8946382.0,0.0,0.0,24001310.0,89808386.0,0,0.0,10890435.0,158596493.0
20190107,121895893.0,8946382.0,0.0,0.0,23519747.0,89429764.0,0,0.0,10890435.0,158596493.0
20190108,121519191.0,8946382.0,0.0,0.0,23301693.0,89271117.0,0,0.0,10890435.0,158596493.0
20190109,121532137.0,8946382.0,0.0,0.0,23544078.0,89041677.0,0,0.0,10890435.0,158596493.0
20190110,122054941.0,8946382.0,0.0,0.0,23455676.0,89652884.0,0,0.0,10890435.0,158596493.0
20190111,121862364.0,8883960.0,0.0,0.0,23441703.0,89536701.0,0,0.0,10928904.0,158596493.0
20190114,121616760.0,8883960.0,0.0,0.0,23268379.0,89464421.0,0,0.0,10928904.0,158596493.0
20190115,121339935.0,21223609.0,0.0,0.0,10635099.0,89481226.0,0,0.0,11017255.0,158596493.0
20190116,121110660.0,29596804.0,0.0,0.0,2048287.0,89465569.0,0,0.0,11082293.0,158596493.0
20190117,121096514.0,31626106.0,0.0,0.0,0.0,89470409.0,0,0.0,11093869.0,158596493.0
20190118,120972108.0,14120181.0,0.0,0.0,0.0,106851928.0,0,0.0,11143691.0,158596493.0
20190121,121005340.0,14120181.0,0.0,0.0,0.0,106885159.0,0,0.0,11143691.0,158596493.0
20190122,120262073.0,14120181.0,0.0,0.0,0.0,106141892.0,0,0.0,11143691.0,158596493.0
20190123,120184340.0,14120181.0,0.0,0.0,0.0,106064159.0,0,0.0,11143691.0,158596493.0
20190124,120231225.0,14120181.0,0.0,0.0,0.0,106111044.0,0,0.0,11143691.0,158596493.0
20190125,120688284.0,14120181.0,0.0,0.0,0.0,106568103.0,0,0.0,11143691.0,158596493.0
20190128,121369776.0,14120181.0,0.0,0.0,0.0,107249595.0,0,0.0,11143691.0,158596493.0
20190129,120557843.0,3258503.0,0.0,0.0,10714583.0,106584757.0,0,0.0,11290785.0,158596493.0
20190130,121111024.0,3258503.0,0.0,0.0,10670308.0,107182213.0,0,0.0,11290785.0,158596493.0
20190131,122455971.0,3258503.0,0.0,0.0,10935958.0,108261510.0,0,0.0,11290785.0,158596493.0
20190201,122845135.0,3258503.0,0.0,0.0,10758858.0,108827774.0,0,0.0,11290785.0,158596493.0
20190207,123484486.0,3258503.0,0.0,0.0,11157334.0,109068649.0,0,0.0,11290785.0,158596493.0
20190208,122581324.0,3258503.0,0.0,0.0,11068784.0,108254037.0,0,0.0,11290785.0,158596493.0
20190211,123219206.0,3258503.0,0.0,0.0,10980234.0,108980470.0,0,0.0,11290785.0,158596493.0
20190212,123267017.0,3258503.0,0.0,0.0,10847408.0,109161105.0,0,0.0,11290785.0,158596493.0
20190213,124032537.0,3258503.0,0.0,0.0,10935958.0,109838075.0,0,0.0,11290785.0,158596493.0
20190214,123911820.0,3258503.0,0.0,0.0,10980234.0,109673083.0,0,0.0,11290785.0,158596493.0
20190215,123873565.0,3258503.0,0.0,0.0,11113059.0,109502002.0,0,0.0,11290785.0,158596493.0
20190218,124755434.0,3258503.0,0.0,0.0,11113059.0,110383872.0,0,0.0,11290785.0,158596493.0
20190219,125109166.0,3258503.0,0.0,0.0,11201609.0,110649053.0,0,0.0,11290785.0,158596493.0
20190220,125824025.0,3258503.0,0.0,0.0,11201609.0,111363913.0,0,0.0,11290785.0,158596493.0
20190221,125546477.0,3258503.0,0.0,0.0,11024509.0,111263465.0,0,0.0,11290785.0,158596493.0
20190222,124693009.0,3258503.0,0.0,0.0,11157334.0,110277172.0,0,0.0,11290785.0,158596493.0
20190225,125541247.0,3258503.0,0.0,0.0,11068784.0,111213960.0,0,0.0,11290785.0,158596493.0
20190226,125036624.0,3258503.0,0.0,0.0,11334435.0,110443686.0,0,0.0,11290785.0,158596493.0
20190227,125487594.0,3258503.0,0.0,0.0,11422985.0,110806106.0,0,0.0,11290785.0,158596493.0
20190228,124760036.0,3258503.0,0.0,0.0,11334435.0,110167098.0,0,0.0,11290785.0,158596493.0
20190304,124523164.0,14490540.0,0.0,0.0,0.0,110032624.0,0,0.0,11481734.0,158596493.0
20190305,123900223.0,14490540.0,0.0,0.0,0.0,109409683.0,0,0.0,11481734.0,158596493.0
20190306,124085754.0,14490540.0,0.0,0.0,0.0,109595214.0,0,0.0,11481734.0,158596493.0
20190307,123701109.0,14490540.0,0.0,0.0,0.0,109210569.0,0,0.0,11481734.0,158596493.0
20190308,123355475.0,17094413.0,0.0,0.0,0.0,106261062.0,0,0.0,11557527.0,158596493.0
20190311,123496279.0,17094413.0,0.0,0.0,0.0,106401866.0,0,0.0,11557527.0,158596493.0
20190312,124164257.0,17094413.0,0.0,0.0,0.0,107069844.0,0,0.0,11557527.0,158596493.0
20190313,124485611.0,17094413.0,0.0,0.0,0.0,107391198.0,0,0.0,11557527.0,158596493.0
20190314,124887938.0,100003948.0,24883990.0,0.0,0.0,0.0,0,25018537.0,11762273.0,266594764.0
20190315,124702782.0,11891021.0,24756107.0,0.0,0.0,88055654.0,0,0.0,11819547.0,266594764.0
20190318,124562642.0,11891021.0,24660195.0,0.0,0.0,88011426.0,0,0.0,11819547.0,266594764.0
20190319,124907232.0,99671565.0,25235667.0,0.0,0.0,0.0,0,0.0,11876641.0,266594764.0
20190320,124715408.0,99671565.0,25043843.0,0.0,0.0,0.0,0,0.0,11876641.0,266594764.0
20190321,123890610.0,11847065.0,24276131.0,0.0,0.0,87767414.0,0,0.0,11933727.0,266594764.0
20190322,124435543.0,11847065.0,24116278.0,0.0,0.0,88472200.0,0,0.0,11933727.0,266594764.0
20190325,123121151.0,11847065.0,23796571.0,0.0,0.0,87477515.0,0,0.0,11933727.0,266594764.0
20190326,123486574.0,11847065.0,24020366.0,0.0,0.0,87619143.0,0,0.0,11933727.0,266594764.0
20190327,124519348.0,11847065.0,24435985.0,0.0,0.0,88236299.0,0,0.0,11933727.0,266594764.0
20190328,124009020.0,36049497.0,0.0,0.0,0.0,87959524.0,0,0.0,12133820.0,266594764.0
20190329,124522618.0,36049497.0,0.0,0.0,0.0,88473121.0,0,0.0,12133820.0,266594764.0
20190401,124807171.0,36049497.0,0.0,0.0,0.0,88757675.0,0,0.0,12133820.0,266594764.0
20190402,124774717.0,36049497.0,0.0,0.0,0.0,88725221.0,0,0.0,12133820.0,266594764.0
20190403,125238226.0,36049497.0,0.0,0.0,0.0,89188729.0,0,0.0,12133820.0,266594764.0
20190404,125291010.0,36049497.0,0.0,0.0,0.0,89241513.0,0,0.0,12133820.0,266594764.0
20190405,125281537.0,36049497.0,0.0,0.0,0.0,89232041.0,0,0.0,12133820.0,266594764.0
20190408,125740263.0,36049497.0,0.0,0.0,0.0,89690767.0,0,0.0,12133820.0,266594764.0
20190409,125847346.0,36049497.0,0.0,0.0,0.0,89797849.0,0,0.0,12133820.0,266594764.0
20190410,125586917.0,36049497.0,0.0,0.0,0.0,89537421.0,0,0.0,12133820.0,266594764.0
20190411,125808184.0,36049497.0,0.0,0.0,0.0,89758687.0,0,0.0,12133820.0,266594764.0
20190412,125730284.0,36049497.0,0.0,0.0,0.0,89680787.0,0,0.0,12133820.0,266594764.0
20190415,125750371.0,36049497.0,0.0,0.0,0.0,89700874.0,0,0.0,12133820.0,266594764.0
20190416,125674253.0,125674253.0,0.0,0.0,0.0,0.0,0,0.0,12192114.0,266594764.0
20190417,125674253.0,125674253.0,0.0,0.0,0.0,0.0,0,0.0,12192114.0,266594764.0
20190418,125674253.0,125674253.0,0.0,0.0,0.0,0.0,0,0.0,12192114.0,266594764.0
20190419,125674253.0,125674253.0,0.0,0.0,0.0,0.0,0,0.0,12192114.0,266594764.0
20190422,125674253.0,125674253.0,0.0,0.0,0.0,0.0,0,0.0,12192114.0,266594764.0
20190423,125674253.0,125674253.0,0.0,0.0,0.0,0.0,0,0.0,12192114.0,266594764.0
20190424,125674253.0,125674253.0,0.0,0.0,0.0,0.0,0,0.0,12192114.0,266594764.0
20190425,125674253.0,125674253.0,0.0,0.0,0.0,0.0,0,0.0,12192114.0,266594764.0
20190426,125674253.0,125674253.0,0.0,0.0,0.0,0.0,0,0.0,12192114.0,266594764.0
20190429,125674253.0,125674253.0,0.0,0.0,0.0,0.0,0,0.0,12192114.0,266594764.0
20190430,125629391.0,113106828.0,12522564.0,0.0,0.0,0.0,0,12567425.0,12236976.0,266594764.0
20190502,125747112.0,113106828.0,12640285.0,0.0,0.0,0.0,0,0.0,12236976.0,266594764.0
20190503,125550910.0,113106828.0,12444083.0,0.0,0.0,0.0,0,0.0,12236976.0,266594764.0
20190507,125511670.0,113106828.0,12404842.0,0.0,0.0,0.0,0,0.0,12236976.0,266594764.0
20190508,125511670.0,113106828.0,12404842.0,0.0,0.0,0.0,0,0.0,12236976.0,266594764.0
20190509,125119109.0,113106828.0,12012281.0,0.0,0.0,0.0,0,0.0,12236976.0,266594764.0
20190510,125079868.0,113106828.0,11973041.0,0.0,0.0,0.0,0,0.0,12236976.0,266594764.0
20190513,125040628.0,113106828.0,11933800.0,0.0,0.0,0.0,0,0.0,12236976.0,266594764.0
20190514,125050753.0,125050753.0,0.0,0.0,0.0,0.0,0,0.0,12304668.0,266594764.0
20190515,125050753.0,125050753.0,0.0,0.0,0.0,0.0,0,0.0,12304668.0,266594764.0
20190516,124988228.0,28857866.0,0.0,0.0,0.0,96130362.0,0,0.0,12367193.0,266594764.0
20190517,125260225.0,28857866.0,0.0,0.0,0.0,96402359.0,0,0.0,12367193.0,266594764.0
20190520,125177802.0,28857866.0,0.0,0.0,0.0,96319936.0,0,0.0,12367193.0,266594764.0
20190521,125144832.0,28857866.0,0.0,0.0,0.0,96286966.0,0,0.0,12367193.0,266594764.0
20190522,125177802.0,28857866.0,0.0,0.0,0.0,96319936.0,0,0.0,12367193.0,266594764.0
20190523,124831624.0,28857866.0,0.0,0.0,0.0,95973758.0,0,0.0,12367193.0,266594764.0
20190524,124757443.0,28857866.0,0.0,0.0,0.0,95899577.0,0,0.0,12367193.0,266594764.0
20190527,124411265.0,28857866.0,0.0,0.0,0.0,95553398.0,0,0.0,12367193.0,266594764.0
20190528,124642050.0,28857866.0,0.0,0.0,0.0,95784184.0,0,0.0,12367193.0,266594764.0
20190529,125260225.0,28857866.0,0.0,0.0,0.0,96402359.0,0,0.0,12367193.0,266594764.0
20190530,124738936.0,14826294.0,0.0,0.0,0.0,109912642.0,0,0.0,12501092.0,266594764.0
20190531,125028369.0,64411062.0,0.0,0.0,0.0,60617306.0,0,0.0,12533344.0,266594764.0
20190603,124460721.0,14795939.0,0.0,0.0,0.0,109664782.0,0,0.0,12643776.0,266594764.0
20190604,125165163.0,14795939.0,0.0,0.0,0.0,110369224.0,0,0.0,12643776.0,266594764.0
20190605,125469166.0,14795939.0,0.0,0.0,0.0,110673227.0,0,0.0,12643776.0,266594764.0
20190607,125353517.0,14795939.0,0.0,0.0,0.0,110557578.0,0,0.0,12643776.0,266594764.0
20190610,125118838.0,14795939.0,0.0,0.0,0.0,110322899.0,0,0.0,12643776.0,266594764.0
20190611,125108235.0,14795939.0,0.0,0.0,0.0,110312296.0,0,0.0,12643776.0,266594764.0
20190612,125781556.0,14795939.0,0.0,0.0,0.0,110985617.0,0,0.0,12643776.0,266594764.0
20190613,125885268.0,14795939.0,0.0,0.0,0.0,111089329.0,0,0.0,12643776.0,266594764.0
20190614,126431700.0,14795939.0,0.0,0.0,0.0,111635761.0,0,0.0,12643776.0,266594764.0
20190617,125957762.0,14795939.0,0.0,0.0,0.0,111161823.0,0,0.0,12643776.0,266594764.0
20190618,126303029.0,14795939.0,0.0,0.0,0.0,111507090.0,0,0.0,12643776.0,266594764.0
20190619,126256379.0,14795939.0,0.0,0.0,0.0,111460440.0,0,0.0,12643776.0,266594764.0
20190620,128171013.0,14795939.0,0.0,0.0,0.0,113375074.0,0,0.0,12643776.0,266594764.0
20190621,128695040.0,14795939.0,0.0,0.0,0.0,113899101.0,0,0.0,12643776.0,266594764.0
20190624,129161924.0,14795939.0,0.0,0.0,0.0,114365985.0,0,0.0,12643776.0,266594764.0
20190625,130070624.0,14795939.0,0.0,0.0,0.0,115274685.0,0,0.0,12643776.0,266594764.0
20190626,129074944.0,14795939.0,0.0,0.0,0.0,114279005.0,0,0.0,12643776.0,266594764.0
20190627,128919230.0,14795939.0,0.0,0.0,0.0,114123291.0,0,0.0,12643776.0,266594764.0
20190628,129380127.0,12240622.0,0.0,0.0,11344982.0,105794523.0,0,0.0,12739086.0,266594764.0
20190701,129157732.0,12240622.0,0.0,0.0,11681454.0,105235656.0,0,0.0,12739086.0,266594764.0
20190702,129726871.0,12240622.0,0.0,0.0,11733363.0,105752886.0,0,0.0,12739086.0,266594764.0
20190703,131525850.0,12240622.0,0.0,0.0,11810914.0,107474314.0,0,0.0,12739086.0,266594764.0
20190704,131417687.0,12240622.0,0.0,0.0,11837182.0,107339883.0,0,0.0,12739086.0,266594764.0
20190705,131747712.0,12240622.0,0.0,0.0,12044193.0,107462897.0,0,0.0,12739086.0,266594764.0
20190708,130603843.0,12240622.0,0.0,0.0,11551994.0,106811227.0,0,0.0,12739086.0,266594764.0
20190709,129538043.0,12240622.0,0.0,0.0,11215522.0,106081899.0,0,0.0,12739086.0,266594764.0
20190710,130602900.0,12240622.0,0.0,0.0,11914733.0,106447546.0,0,0.0,12739086.0,266594764.0
20190711,132680188.0,12240622.0,0.0,0.0,12597058.0,107842508.0,0,0.0,12739086.0,266594764.0
20190712,132347032.0,12240622.0,0.0,0.0,12483233.0,107623177.0,0,0.0,12739086.0,266594764.0
20190715,132735419.0,12240622.0,0.0,0.0,12341264.0,108153533.0,0,0.0,12739086.0,266594764.0
20190716,132784499.0,12240622.0,0.0,0.0,12398177.0,108145701.0,0,0.0,12739086.0,266594764.0
20190717,132066046.0,12240622.0,0.0,0.0,12227439.0,107597986.0,0,0.0,12739086.0,266594764.0
20190718,132090498.0,12240622.0,0.0,0.0,12056702.0,107793175.0,0,0.0,12739086.0,266594764.0
20190719,133892664.0,12240622.0,0.0,0.0,12568914.0,109083128.0,0,0.0,12739086.0,266594764.0
20190722,132411087.0,12240622.0,0.0,0.0,12284352.0,107886114.0,0,0.0,12739086.0,266594764.0
20190723,132237583.0,12240622.0,0.0,0.0,12142383.0,107854579.0,0,0.0,12739086.0,266594764.0
20190724,132381293.0,27781104.0,0.0,0.0,12056702.0,92543488.0,0,0.0,12869618.0,266594764.0
20190725,132250479.0,27781104.0,0.0,0.0,11630170.0,92839205.0,0,0.0,12869618.0,266594764.0
20190726,132216036.0,39081113.0,0.0,0.0,0.0,93134922.0,0,0.0,12972129.0,266594764.0
20190729,132104143.0,39081113.0,0.0,0.0,0.0,93023029.0,0,0.0,12972129.0,266594764.0
20190730,131784450.0,15670600.0,0.0,0.0,0.0,116113850.0,0,0.0,13107997.0,266594764.0
20190731,131814785.0,15670600.0,0.0,0.0,0.0,116144185.0,0,0.0,13107997.0,266594764.0
20190801,130299772.0,15670600.0,0.0,0.0,0.0,114629172.0,0,0.0,13107997.0,266594764.0
20190802,130725579.0,30182532.0,0.0,0.0,0.0,100543046.0,0,0.0,13248270.0,266594764.0
20190805,132211941.0,30182532.0,0.0,0.0,0.0,102029409.0,0,0.0,13248270.0,266594764.0
20190806,132222453.0,132222453.0,0.0,0.0,0.0,0.0,0,0.0,13314639.0,266594764.0
20190807,132222453.0,132222453.0,0.0,0.0,0.0,0.0,0,0.0,13314639.0,266594764.0
20190808,132222453.0,132222453.0,0.0,0.0,0.0,0.0,0,0.0,13314639.0,266594764.0
20190809,132156342.0,30512874.0,0.0,0.0,0.0,101643468.0,0,0.0,13380750.0,266594764.0
20190812,132677109.0,30512874.0,0.0,0.0,0.0,102164235.0,0,0.0,13380750.0,266594764.0
20190813,133035670.0,30512874.0,0.0,0.0,0.0,102522796.0,0,0.0,13380750.0,266594764.0
20190814,132395382.0,30512874.0,0.0,0.0,0.0,101882509.0,0,0.0,13380750.0,266594764.0
20190816,132275862.0,30512874.0,0.0,0.0,0.0,101762988.0,0,0.0,13380750.0,266594764.0
20190819,132216775.0,17691978.0,0.0,0.0,12761809.0,101762988.0,0,0.0,13439837.0,266594764.0
20190820,132281469.0,17691978.0,0.0,0.0,13065543.0,101523948.0,0,0.0,13439837.0,266594764.0
20190821,131441765.0,14083762.0,0.0,0.0,12956948.0,104401056.0,0,0.0,13573344.0,266594764.0
20190822,131860391.0,71505389.0,0.0,0.0,13217410.0,47137592.0,0,0.0,13610692.0,266594764.0
20190823,132068545.0,71505389.0,0.0,0.0,13239046.0,47324111.0,0,0.0,13610692.0,266594764.0
20190826,132020969.0,71505389.0,0.0,0.0,12913676.0,47601904.0,0,0.0,13610692.0,266594764.0
20190827,131823957.0,71505389.0,0.0,0.0,12978584.0,47339985.0,0,0.0,13610692.0,266594764.0
20190828,131998605.0,71505389.0,0.0,0.0,13022271.0,47470945.0,0,0.0,13610692.0,266594764.0
20190829,132093848.0,71505389.0,0.0,0.0,13022271.0,47566188.0,0,0.0,13610692.0,266594764.0
20190830,131960325.0,14123657.0,0.0,0.0,13174138.0,104662530.0,0,0.0,13709564.0,266594764.0
20190902,131656485.0,14123657.0,0.0,0.0,13217410.0,104315419.0,0,0.0,13709564.0,266594764.0
20190903,131936386.0,14123657.0,0.0,0.0,13217410.0,104595319.0,0,0.0,13709564.0,266594764.0
20190904,132353822.0,14123657.0,0.0,0.0,13434600.0,104795565.0,0,0.0,13709564.0,266594764.0
20190905,132174152.0,14123657.0,0.0,0.0,13261098.0,104789398.0,0,0.0,13709564.0,266594764.0
20190906,130555103.0,13977761.0,0.0,0.0,13000635.0,103576707.0,0,0.0,13770059.0,266594764.0
20190909,130241590.0,13977761.0,0.0,0.0,12956948.0,103306882.0,0,0.0,13770059.0,266594764.0
20190910,129613873.0,13977761.0,0.0,0.0,13261098.0,102375015.0,0,0.0,13770059.0,266594764.0
20190911,129618550.0,59314406.0,0.0,0.0,24063311.0,46240833.0,0,0.0,13864629.0,266594764.0
20190916,129038311.0,33478473.0,25694579.0,0.0,23806791.0,46058468.0,0,25835933.0,14005983.0,266594764.0
20190917,128771265.0,33478473.0,25271042.0,0.0,23963283.0,46058468.0,0,0.0,14005983.0,266594764.0
20190918,129369975.0,47062515.0,25176923.0,0.0,10640093.0,46490444.0,0,0.0,14138638.0,266594764.0
20190919,129472127.0,47062515.0,25223983.0,0.0,10613122.0,46572508.0,0,0.0,14138638.0,266594764.0
20190920,129739575.0,47062515.0,25412221.0,0.0,10653578.0,46611261.0,0,0.0,14138638.0,266594764.0
20190923,128878736.0,47062515.0,24659267.0,0.0,10545694.0,46611261.0,0,0.0,14138638.0,266594764.0
20190924,128993602.0,47062515.0,24894565.0,0.0,10518723.0,46517799.0,0,0.0,14138638.0,266594764.0
20190925,128802694.0,47062515.0,25223983.0,0.0,10640093.0,45876103.0,0,0.0,14138638.0,266594764.0
20190926,128439176.0,47062515.0,24659267.0,0.0,10437810.0,46279585.0,0,0.0,14138638.0,266594764.0
20190927,128509311.0,47062515.0,24988684.0,0.0,10316440.0,46141672.0,0,0.0,14138638.0,266594764.0
20190930,128733622.0,72468922.0,0.0,0.0,10532208.0,45732491.0,0,0.0,14331502.0,266594764.0
20191001,129152880.0,72468922.0,0.0,0.0,10464781.0,46219177.0,0,0.0,14331502.0,266594764.0
20191002,128683324.0,72468922.0,0.0,0.0,10222041.0,45992361.0,0,0.0,14331502.0,266594764.0
20191004,127888319.0,117774163.0,0.0,0.0,10114157.0,0.0,0,0.0,14360970.0,266594764.0
20191007,127871494.0,105408163.0,0.0,0.0,22463331.0,0.0,0,0.0,14404766.0,266594764.0
20191008,128598346.0,105408163.0,0.0,0.0,23190183.0,0.0,0,0.0,14404766.0,266594764.0
20191010,128389641.0,54291331.0,0.0,0.0,23014704.0,51083606.0,0,0.0,14437992.0,266594764.0
20191011,127731282.0,105039096.0,0.0,0.0,22692185.0,0.0,0,0.0,14471000.0,266594764.0
20191014,127677573.0,105039096.0,0.0,0.0,22638477.0,0.0,0,0.0,14471000.0,266594764.0
20191015,127503226.0,59333742.0,0.0,0.0,12402917.0,55766567.0,0,0.0,14591371.0,266594764.0
20191016,127660370.0,59333742.0,0.0,0.0,12160777.0,56165850.0,0,0.0,14591371.0,266594764.0
20191017,127595936.0,59333742.0,0.0,0.0,12295299.0,55966895.0,0,0.0,14591371.0,266594764.0
20191018,127270797.0,115217637.0,0.0,0.0,12053160.0,0.0,0,0.0,14627720.0,266594764.0
20191021,127378414.0,115217637.0,0.0,0.0,12160777.0,0.0,0,0.0,14627720.0,266594764.0
20191022,127351510.0,115217637.0,0.0,0.0,12133873.0,0.0,0,0.0,14627720.0,266594764.0
20191023,127136275.0,115217637.0,0.0,0.0,11918638.0,0.0,0,0.0,14627720.0,266594764.0
20191024,126921040.0,115217637.0,0.0,0.0,11703403.0,0.0,0,0.0,14627720.0,266594764.0
20191025,126951988.0,59351485.0,0.0,0.0,11770664.0,55829839.0,0,0.0,14664033.0,266594764.0
20191028,127097923.0,59351485.0,0.0,0.0,11716855.0,56029583.0,0,0.0,14664033.0,266594764.0
20191029,127315687.0,59351485.0,0.0,0.0,11622690.0,56341512.0,0,0.0,14664033.0,266594764.0
20191030,127198471.0,59351485.0,0.0,0.0,11837925.0,56009061.0,0,0.0,14664033.0,266594764.0
20191031,127560775.0,59351485.0,0.0,0.0,12093516.0,56115774.0,0,0.0,14664033.0,266594764.0
20191101,127720820.0,13696496.0,0.0,0.0,11958995.0,102065329.0,0,0.0,14693708.0,266594764.0
20191104,128318195.0,13696496.0,0.0,0.0,12349108.0,102272591.0,0,0.0,14693708.0,266594764.0
20191105,128206018.0,25979880.0,0.0,0.0,0.0,102226138.0,0,0.0,14759433.0,266594764.0
20191106,127499696.0,25979880.0,0.0,0.0,0.0,101519816.0,0,0.0,14759433.0,266594764.0
20191107,127663128.0,25979880.0,0.0,0.0,0.0,101683248.0,0,0.0,14759433.0,266594764.0
20191108,126728097.0,45019860.0,25234019.0,0.0,0.0,56474219.0,0,25379297.0,14927822.0,266594764.0
20191111,127406409.0,101914022.0,25492387.0,0.0,0.0,0.0,0,0.0,14964827.0,266594764.0
20191112,127202060.0,52523942.0,25320141.0,0.0,0.0,49357976.0,0,0.0,14996930.0,266594764.0
20191113,127026885.0,52523942.0,25190957.0,0.0,0.0,49311986.0,0,0.0,14996930.0,266594764.0
20191114,127436727.0,52523942.0,25320141.0,0.0,0.0,49592644.0,0,0.0,14996930.0,266594764.0
20191115,127686232.0,52523942.0,25535449.0,0.0,0.0,49626842.0,0,0.0,14996930.0,266594764.0
20191118,127009041.0,52523942.0,24846465.0,0.0,0.0,49638634.0,0,0.0,14996930.0,266594764.0
20191119,128665222.0,102483851.0,26181371.0,0.0,0.0,0.0,0,0.0,15029425.0,266594764.0
20191120,128923590.0,102483851.0,26439740.0,0.0,0.0,0.0,0,0.0,15029425.0,266594764.0
20191121,128622160.0,102483851.0,26138309.0,0.0,0.0,0.0,0,0.0,15029425.0,266594764.0
20191122,127831421.0,102383861.0,25447560.0,0.0,0.0,0.0,0,25638309.0,15391463.0,266594764.0
20191125,127559656.0,12174055.0,25234431.0,0.0,0.0,90151170.0,0,0.0,15450099.0,266594764.0
20191126,127481129.0,12174055.0,24765548.0,0.0,0.0,90541526.0,0,0.0,15450099.0,266594764.0
20191127,127417596.0,12174055.0,24509794.0,0.0,0.0,90733747.0,0,0.0,15450099.0,266594764.0
20191128,127491344.0,4517979.0,24254039.0,0.0,7633876.0,91085450.0,0,0.0,15472299.0,266594764.0
20191129,127291087.0,28405978.0,0.0,0.0,7668232.0,91216878.0,0,0.0,15664452.0,266594764.0
20191202,127356184.0,79056404.0,0.0,0.0,7484450.0,40815330.0,0,0.0,15697396.0,266594764.0
20191203,127540203.0,79056404.0,0.0,0.0,7553398.0,40930401.0,0,0.0,15697396.0,266594764.0
20191204,127526173.0,79056404.0,0.0,0.0,7277843.0,41191926.0,0,0.0,15697396.0,266594764.0
20191205,127215512.0,79056404.0,0.0,0.0,7117123.0,41041985.0,0,0.0,15697396.0,266594764.0
20191206,127869924.0,79056404.0,0.0,0.0,7771535.0,41041985.0,0,0.0,15697396.0,266594764.0
20191209,127840789.0,14270491.0,0.0,0.0,7851778.0,105718520.0,0,0.0,15792826.0,266594764.0
20191210,127620578.0,72491430.0,0.0,0.0,7519042.0,47610107.0,0,0.0,15830695.0,266594764.0
20191211,127697952.0,14283751.0,0.0,0.0,7599284.0,105814918.0,0,0.0,15930529.0,266594764.0
20191212,127564507.0,14283751.0,0.0,0.0,7863309.0,105417448.0,0,0.0,15930529.0,266594764.0
20191213,127074546.0,11171565.0,0.0,0.0,20468665.0,95434316.0,0,0.0,16033891.0,266594764.0
20191216,127130921.0,11171565.0,0.0,0.0,20363513.0,95595844.0,0,0.0,16033891.0,266594764.0
20191217,127325201.0,2578053.0,0.0,0.0,28996343.0,95750805.0,0,0.0,16093719.0,266594764.0
20191218,127356912.0,2578053.0,0.0,0.0,29002942.0,95775917.0,0,0.0,16093719.0,266594764.0
20191219,127065979.0,2578053.0,0.0,0.0,28919258.0,95568667.0,0,0.0,16093719.0,266594764.0
20191220,127215977.0,9159525.0,0.0,0.0,29025951.0,89030502.0,0,0.0,16137704.0,266594764.0
20191223,128203631.0,9159525.0,0.0,0.0,29529275.0,89514831.0,0,0.0,16137704.0,266594764.0
20191224,128303067.0,9159525.0,0.0,0.0,29305444.0,89838098.0,0,0.0,16137704.0,266594764.0
20191226,129082422.0,9159525.0,0.0,0.0,29833165.0,90089732.0,0,0.0,16137704.0,266594764.0
20191227,129361882.0,17332953.0,0.0,0.0,21233660.0,90795270.0,0,0.0,16183617.0,266594764.0
20191230,129785344.0,17332953.0,0.0,0.0,21920896.0,90531495.0,0,0.0,16183617.0,266594764.0
20200102,129869559.0,17332953.0,0.0,0.0,21935661.0,90600946.0,0,0.0,16183617.0,266594764.0
20200103,130796680.0,17332953.0,0.0,0.0,21857368.0,91606360.0,0,0.0,16183617.0,266594764.0
20200106,130644808.0,17332953.0,0.0,0.0,21179388.0,92132468.0,0,0.0,16183617.0,266594764.0
20200107,131244291.0,17332953.0,0.0,0.0,21382339.0,92528999.0,0,0.0,16183617.0,266594764.0
20200108,130800011.0,17332953.0,0.0,0.0,20541697.0,92925361.0,0,0.0,16183617.0,266594764.0
20200109,130570292.0,17332953.0,0.0,0.0,20911582.0,92325758.0,0,0.0,16183617.0,266594764.0
20200110,131515363.0,17332953.0,0.0,0.0,21174166.0,93008245.0,0,0.0,16183617.0,266594764.0
20200113,131488106.0,17332953.0,0.0,0.0,21399284.0,92755870.0,0,0.0,16183617.0,266594764.0
20200114,131532058.0,17332953.0,0.0,0.0,21312789.0,92886316.0,0,0.0,16183617.0,266594764.0
20200115,131523045.0,29968444.0,0.0,0.0,8681357.0,92873244.0,0,0.0,16287426.0,266594764.0
20200116,131858740.0,29968444.0,0.0,0.0,8620670.0,93269626.0,0,0.0,16287426.0,266594764.0
20200117,132153185.0,38391412.0,0.0,0.0,0.0,93761773.0,0,0.0,16378924.0,266594764.0
20200120,132578654.0,38391412.0,0.0,0.0,0.0,94187242.0,0,0.0,16378924.0,266594764.0
20200121,132740036.0,38391412.0,0.0,0.0,0.0,94348624.0,0,0.0,16378924.0,266594764.0
20200122,133042115.0,38391412.0,0.0,0.0,0.0,94650703.0,0,0.0,16378924.0,266594764.0
20200123,132947071.0,38391412.0,0.0,0.0,0.0,94555659.0,0,0.0,16378924.0,266594764.0
20200128,132462721.0,38391412.0,0.0,0.0,0.0,94071309.0,0,0.0,16378924.0,266594764.0
20200129,133338410.0,38391412.0,0.0,0.0,0.0,94946997.0,0,0.0,16378924.0,266594764.0
20200130,133319512.0,38391412.0,0.0,0.0,0.0,94928100.0,0,0.0,16378924.0,266594764.0
20200131,134110932.0,134110932.0,0.0,0.0,0.0,0.0,0,0.0,16441182.0,266594764.0
20200203,134110932.0,134110932.0,0.0,0.0,0.0,0.0,0,0.0,16441182.0,266594764.0
20200204,134034126.0,15948349.0,0.0,0.0,0.0,118085777.0,0,0.0,16517988.0,266594764.0
20200205,135274889.0,15948349.0,0.0,0.0,0.0,119326540.0,0,0.0,16517988.0,266594764.0
20200206,134975586.0,15948349.0,0.0,0.0,0.0,119027237.0,0,0.0,16517988.0,266594764.0
20200207,135725958.0,15948349.0,0.0,0.0,0.0,119777609.0,0,0.0,16517988.0,266594764.0
20200210,135611634.0,82399162.0,0.0,0.0,0.0,53212471.0,0,0.0,16561209.0,266594764.0
20200211,135160876.0,16073241.0,0.0,0.0,0.0,119087634.0,0,0.0,16673034.0,266594764.0
20200212,134929606.0,16073241.0,0.0,0.0,0.0,118856365.0,0,0.0,16673034.0,266594764.0
20200213,135361088.0,16073241.0,0.0,0.0,0.0,119287846.0,0,0.0,16673034.0,266594764.0
20200214,135639147.0,16073241.0,0.0,0.0,0.0,119565905.0,0,0.0,16673034.0,266594764.0
20200217,136193396.0,16073241.0,0.0,0.0,0.0,120120155.0,0,0.0,16673034.0,266594764.0
20200218,136077494.0,16073241.0,0.0,0.0,0.0,120004253.0,0,0.0,16673034.0,266594764.0
20200219,136574776.0,109296925.0,27277851.0,0.0,0.0,0.0,0,27343836.0,16817439.0,387240703.0
20200220,136646303.0,109296925.0,27349379.0,0.0,0.0,0.0,0,0.0,16817439.0,387240703.0
20200221,136447884.0,25222367.0,27205608.0,0.0,0.0,84019909.0,0,0.0,16872087.0,387240703.0
20200224,136280767.0,109936354.0,26344413.0,0.0,0.0,0.0,0,0.0,16927187.0,387240703.0
20200225,136513340.0,25369928.0,26631955.0,0.0,0.0,84511458.0,0,0.0,16982156.0,387240703.0
20200226,136734688.0,110318747.0,26415941.0,0.0,0.0,0.0,0,0.0,17037408.0,387240703.0
20200227,135822187.0,135822187.0,0.0,0.0,0.0,0.0,0,0.0,17157373.0,387240703.0
20200228,135822187.0,135822187.0,0.0,0.0,0.0,0.0,0,0.0,17157373.0,387240703.0
20200302,135744409.0,16163565.0,0.0,0.0,0.0,119580844.0,0,0.0,17235152.0,387240703.0
20200303,135609545.0,16163565.0,0.0,0.0,0.0,119445981.0,0,0.0,17235152.0,387240703.0
20200304,137362704.0,3730053.0,0.0,0.0,12411647.0,121221003.0,0,0.0,17257016.0,387240703.0
20200305,136991608.0,3730053.0,0.0,0.0,12205040.0,121056515.0,0,0.0,17257016.0,387240703.0
20200306,137926865.0,3730053.0,0.0,0.0,12260066.0,121936746.0,0,0.0,17257016.0,387240703.0
20200309,137524469.0,3730053.0,0.0,0.0,11350926.0,122443490.0,0,0.0,17257016.0,387240703.0
20200310,137715223.0,3730053.0,0.0,0.0,12053459.0,121931710.0,0,0.0,17257016.0,387240703.0
20200311,136911229.0,3730053.0,0.0,0.0,11433638.0,121747537.0,0,0.0,17257016.0,387240703.0
20200312,135978911.0,3730053.0,0.0,0.0,11736800.0,120512057.0,0,0.0,17257016.0,387240703.0
20200313,132961515.0,121665615.0,0.0,0.0,11295900.0,0.0,0,0.0,17333724.0,387240703.0
20200316,133288549.0,108733615.0,0.0,0.0,24554934.0,0.0,0,0.0,17378721.0,387240703.0
20200317,134153644.0,108733615.0,0.0,0.0,25420028.0,0.0,0,0.0,17378721.0,387240703.0
20200318,131878582.0,108733615.0,0.0,0.0,23144966.0,0.0,0,0.0,17378721.0,387240703.0
20200319,128377963.0,108733615.0,0.0,0.0,19644348.0,0.0,0,0.0,17378721.0,387240703.0
20200320,130625536.0,83395937.0,0.0,0.0,47229599.0,0.0,0,0.0,17547769.0,387240703.0
20200323,127471971.0,71046083.0,0.0,0.0,56425888.0,0.0,0,0.0,17678320.0,387240703.0
20200324,132163846.0,16395250.0,0.0,0.0,61153286.0,54615310.0,0,0.0,17713843.0,387240703.0
20200325,135258007.0,8329791.0,0.0,0.0,65192038.0,61736178.0,0,0.0,17788932.0,387240703.0
20200326,135365514.0,8329791.0,0.0,0.0,65717815.0,61317907.0,0,0.0,17788932.0,387240703.0
20200327,136614037.0,41880337.0,0.0,0.0,67116529.0,27617171.0,0,0.0,17810754.0,387240703.0
20200330,137592713.0,15992625.0,0.0,0.0,68325988.0,53274099.0,0,0.0,17863240.0,387240703.0
20200331,138870311.0,15992625.0,0.0,0.0,69848766.0,53028920.0,0,0.0,17863240.0,387240703.0
20200401,138177538.0,28490549.0,0.0,0.0,56123928.0,53563062.0,0,0.0,17914701.0,387240703.0
20200402,139193830.0,28490549.0,0.0,0.0,57162111.0,53541170.0,0,0.0,17914701.0,387240703.0
20200403,139165461.0,42238320.0,0.0,0.0,57155034.0,39772107.0,0,0.0,17975397.0,387240703.0
20200406,142826990.0,42238320.0,0.0,0.0,60936809.0,39651862.0,0,0.0,17975397.0,387240703.0
20200407,143975635.0,28267800.0,0.0,0.0,76237968.0,39469868.0,0,0.0,18059531.0,387240703.0
20200408,143544806.0,28267800.0,0.0,0.0,75807139.0,39469868.0,0,0.0,18059531.0,387240703.0
20200409,144288242.0,28267800.0,0.0,0.0,76674070.0,39346372.0,0,0.0,18059531.0,387240703.0
20200410,143328229.0,7990411.0,0.0,0.0,76112674.0,59225143.0,0,0.0,18123410.0,387240703.0
20200413,140385154.0,22191513.0,0.0,0.0,60044573.0,58149068.0,0,0.0,18203643.0,387240703.0
20200414,143503544.0,22191513.0,0.0,0.0,61429457.0,59882574.0,0,0.0,18203643.0,387240703.0
20200416,144501110.0,22191513.0,0.0,0.0,61565296.0,60744301.0,0,0.0,18203643.0,387240703.0
20200417,145812370.0,8054054.0,0.0,0.0,76866653.0,60891663.0,0,0.0,18226537.0,387240703.0
20200420,145260411.0,40699564.0,0.0,0.0,44339404.0,60221443.0,0,0.0,18593226.0,387240703.0
20200421,144583997.0,55734843.0,0.0,0.0,28362848.0,60486306.0,0,0.0,18797199.0,387240703.0
20200422,143561170.0,55734843.0,0.0,0.0,28070611.0,59755717.0,0,0.0,18797199.0,387240703.0
20200423,144789543.0,41748871.0,0.0,0.0,42103622.0,60937051.0,0,0.0,18821346.0,387240703.0
20200424,145054170.0,41748871.0,0.0,0.0,42532731.0,60772569.0,0,0.0,18821346.0,387240703.0
20200427,146091179.0,41748871.0,0.0,0.0,42811281.0,61531027.0,0,0.0,18821346.0,387240703.0
20200428,145294409.0,41748871.0,0.0,0.0,42512287.0,61033252.0,0,0.0,18821346.0,387240703.0
20200429,145172144.0,41748871.0,0.0,0.0,42619600.0,60803674.0,0,0.0,18821346.0,387240703.0
20200504,143330048.0,41748871.0,0.0,0.0,41229244.0,60351933.0,0,0.0,18821346.0,387240703.0
20200506,145280225.0,41748871.0,0.0,0.0,42215671.0,61315683.0,0,0.0,18821346.0,387240703.0
20200507,145220249.0,41748871.0,0.0,0.0,42144348.0,61327031.0,0,0.0,18821346.0,387240703.0
20200508,146864067.0,41748871.0,0.0,0.0,42704278.0,62410919.0,0,0.0,18821346.0,387240703.0
20200511,147971642.0,56776774.0,0.0,0.0,28950023.0,62244845.0,0,0.0,18922348.0,387240703.0
20200512,146550022.0,56776774.0,0.0,0.0,27393781.0,62379467.0,0,0.0,18922348.0,387240703.0
20200513,145964361.0,56776774.0,0.0,0.0,27246822.0,61940765.0,0,0.0,18922348.0,387240703.0
20200514,144970754.0,56776774.0,0.0,0.0,26590640.0,61603340.0,0,0.0,18922348.0,387240703.0
20200515,145792842.0,25139449.0,0.0,0.0,26515246.0,94138147.0,0,0.0,18977020.0,387240703.0
20200518,146686573.0,25139449.0,0.0,0.0,26785279.0,94761845.0,0,0.0,18977020.0,387240703.0
20200519,147925607.0,25139449.0,0.0,0.0,27994808.0,94791351.0,0,0.0,18977020.0,387240703.0
20200520,148324305.0,8972406.0,29627721.0,0.0,14537835.0,95186344.0,0,8972406.0,19080724.0,387240703.0
20200521,149528262.0,104497049.0,30072114.0,0.0,14959099.0,0.0,0,0.0,19142855.0,387240703.0
20200522,149551424.0,104497049.0,30516540.0,0.0,14537835.0,0.0,0,0.0,19142855.0,387240703.0
20200525,150531413.0,120039774.0,15602774.0,0.0,14888865.0,0.0,0,0.0,19206696.0,387240703.0
20200526,152801700.0,16278643.0,15923721.0,0.0,0.0,120599336.0,0,0.0,19364392.0,387240703.0
20200527,151267273.0,1058755.0,15405273.0,0.0,15125613.0,119677633.0,0,0.0,19458667.0,387240703.0
20200528,150969941.0,244328.0,15084325.0,0.0,15789475.0,119851813.0,0,0.0,19459691.0,387240703.0
20200529,150386459.0,244328.0,15355897.0,0.0,15514056.0,119272177.0,0,0.0,19459691.0,387240703.0
20200601,151930455.0,244328.0,15528719.0,0.0,16401157.0,119756250.0,0,0.0,19459691.0,387240703.0
20200602,152516313.0,244328.0,15528719.0,0.0,16783307.0,119959959.0,0,0.0,19459691.0,387240703.0
20200603,152531221.0,15634604.0,0.0,0.0,16969037.0,119927580.0,0,0.0,19525185.0,387240703.0
20200604,151972839.0,15634604.0,0.0,0.0,16473499.0,119864736.0,0,0.0,19525185.0,387240703.0
20200605,151339961.0,104572456.0,30232747.0,0.0,16534759.0,0.0,0,30293619.0,19653316.0,506539433.0
20200608,151082947.0,12434556.0,30187300.0,0.0,16383080.0,92078010.0,0,0.0,19713206.0,506539433.0
20200609,151828024.0,95909607.0,30732846.0,0.0,25185570.0,0.0,0,0.0,19792990.0,506539433.0
20200610,152875657.0,103242624.0,15997477.0,0.0,33635555.0,0.0,0,0.0,19894124.0,506539433.0
20200611,153440768.0,12271681.0,16974590.0,0.0,33282684.0,90911812.0,0,0.0,19953255.0,506539433.0
20200612,153357109.0,30482517.0,0.0,0.0,33121158.0,89753433.0,0,0.0,20083415.0,506539433.0
20200615,149994001.0,88999506.0,29959498.0,0.0,31034996.0,0.0,0,30022275.0,20200789.0,595133293.0
20200616,154388137.0,105112021.0,16180217.0,0.0,33095899.0,0.0,0,0.0,20274020.0,595133293.0
20200617,154111039.0,54134682.0,16013792.0,0.0,33018361.0,50944204.0,0,0.0,20307156.0,595133293.0
20200618,153125694.0,54134682.0,15385075.0,0.0,32939082.0,50666855.0,0,0.0,20307156.0,595133293.0
20200619,153946536.0,54134682.0,15847367.0,0.0,32795118.0,51169368.0,0,0.0,20307156.0,595133293.0
20200622,154264502.0,54134682.0,16420609.0,0.0,32559170.0,51150041.0,0,0.0,20307156.0,595133293.0
20200623,155328890.0,71074774.0,0.0,0.0,32737821.0,51516296.0,0,0.0,20384468.0,595133293.0
20200624,155984648.0,70686187.0,0.0,0.0,33566665.0,51731796.0,0,0.0,20575009.0,595133293.0
20200625,153815538.0,71458997.0,0.0,0.0,31614309.0,50742232.0,0,0.0,20578003.0,595133293.0
20200626,153025486.0,16490538.0,0.0,0.0,30550748.0,105984201.0,0,0.0,20613733.0,595133293.0
20200629,151893326.0,16490538.0,0.0,0.0,30261838.0,105140950.0,0,0.0,20613733.0,595133293.0
20200630,150988760.0,16490538.0,0.0,0.0,28552268.0,105945954.0,0,0.0,20613733.0,595133293.0
20200701,151440351.0,16490538.0,0.0,0.0,27818346.0,107131467.0,0,0.0,20613733.0,595133293.0
20200702,152146203.0,16490538.0,0.0,0.0,28517481.0,107138184.0,0,0.0,20613733.0,595133293.0
20200703,152518069.0,16490538.0,0.0,0.0,28281278.0,107746253.0,0,0.0,20613733.0,595133293.0
20200706,153200595.0,16490538.0,0.0,0.0,28653616.0,108056442.0,0,0.0,20613733.0,595133293.0
20200707,153990447.0,23628732.0,0.0,0.0,21490966.0,108870748.0,0,0.0,20643519.0,595133293.0
20200708,153915001.0,16168589.0,0.0,0.0,28808678.0,108937734.0,0,0.0,20715142.0,595133293.0
20200709,154891721.0,16168589.0,0.0,0.0,28566081.0,110157052.0,0,0.0,20715142.0,595133293.0
20200710,155362079.0,16168589.0,0.0,0.0,29211228.0,109982262.0,0,0.0,20715142.0,595133293.0
20200713,156157162.0,16168589.0,0.0,0.0,28681177.0,111307396.0,0,0.0,20715142.0,595133293.0
20200714,154572161.0,16168589.0,0.0,0.0,28311109.0,110092463.0,0,0.0,20715142.0,595133293.0
20200715,154778080.0,16168589.0,0.0,0.0,28271451.0,110338040.0,0,0.0,20715142.0,595133293.0
20200716,154078028.0,16168589.0,0.0,0.0,27941536.0,109967903.0,0,0.0,20715142.0,595133293.0
20200717,153652765.0,16168589.0,0.0,0.0,27796794.0,109687383.0,0,0.0,20715142.0,595133293.0
20200720,153286325.0,16168589.0,0.0,0.0,27454309.0,109663428.0,0,0.0,20715142.0,595133293.0
20200721,156786241.0,16168589.0,0.0,0.0,28745861.0,111871791.0,0,0.0,20715142.0,595133293.0
20200722,157052099.0,29218759.0,0.0,0.0,15699807.0,112133533.0,0,0.0,20780339.0,595133293.0
20200723,161037565.0,29218759.0,0.0,0.0,18811298.0,113007508.0,0,0.0,20780339.0,595133293.0
20200724,158597542.0,108959566.0,31609720.0,0.0,18028257.0,0.0,0,31763257.0,20999083.0,706702563.0
20200727,158445409.0,108959566.0,31793142.0,0.0,17692701.0,0.0,0,0.0,20999083.0,706702563.0
20200728,158300959.0,11861004.0,31609720.0,0.0,26969161.0,87861075.0,0,0.0,21072041.0,706702563.0
20200729,159401087.0,116000025.0,16779253.0,0.0,26621810.0,0.0,0,0.0,21253195.0,706702563.0
20200730,161082698.0,31542467.0,0.0,0.0,27395392.0,102144839.0,0,0.0,21450210.0,706702563.0
20200731,163948364.0,31542467.0,0.0,0.0,28990705.0,103415192.0,0,0.0,21450210.0,706702563.0
20200803,164001498.0,102508979.0,32769630.0,0.0,28722890.0,0.0,0,32824194.0,21569682.0,810558176.0
20200804,164767827.0,12185140.0,32888173.0,0.0,29429386.0,90265128.0,0,0.0,21628392.0,810558176.0
20200805,170444971.0,141832332.0,18498148.0,0.0,10114490.0,0.0,0,0.0,21854773.0,810558176.0
20200806,170312829.0,33674302.0,33991228.0,0.0,10142448.0,92504852.0,0,33674302.0,22079784.0,810558176.0
20200807,171361550.0,33674302.0,34130797.0,0.0,10393867.0,93162584.0,0,0.0,22079784.0,810558176.0
20200810,169424816.0,91885120.0,67397248.0,0.0,10142448.0,0.0,0,33908195.0,22195941.0,902737106.0
20200811,168692216.0,91885120.0,66899346.0,0.0,9907750.0,0.0,0,0.0,22195941.0,902737106.0
20200812,165650830.0,123584365.0,32454947.0,0.0,9611518.0,0.0,0,0.0,22364963.0,902737106.0
20200813,166708821.0,14689045.0,33153385.0,0.0,10041854.0,108824537.0,0,0.0,22435745.0,902737106.0
20200814,167682659.0,14689045.0,32723577.0,0.0,10449783.0,109820253.0,0,0.0,22435745.0,902737106.0
20200818,172650609.0,14689045.0,32669851.0,0.0,13584731.0,111706982.0,0,0.0,22435745.0,902737106.0
20200819,172508324.0,14689045.0,32669851.0,0.0,13344415.0,111805013.0,0,0.0,22435745.0,902737106.0
20200820,170128215.0,14689045.0,32777303.0,0.0,12634702.0,110027164.0,0,0.0,22435745.0,902737106.0
20200821,169645219.0,125557068.0,32347496.0,0.0,11740656.0,0.0,0,0.0,22507857.0,902737106.0
20200824,170691330.0,14922465.0,33314694.0,0.0,11891481.0,110562690.0,0,0.0,22579769.0,902737106.0
20200825,171362379.0,123959935.0,34220091.0,0.0,13182353.0,0.0,0,34326911.0,22849121.0,902737106.0
20200826,171299270.0,137255448.0,34043822.0,0.0,0.0,0.0,0,0.0,22909193.0,902737106.0
20200827,171124895.0,137255448.0,33869448.0,0.0,0.0,0.0,0,0.0,22909193.0,902737106.0
20200828,171278190.0,120124503.0,51153687.0,0.0,0.0,0.0,0,17130944.0,22940448.0,902737106.0
20200831,171663219.0,152802936.0,18860283.0,0.0,0.0,0.0,0,0.0,23077721.0,902737106.0
20200901,171210119.0,152802936.0,18407183.0,0.0,0.0,0.0,0,0.0,23077721.0,902737106.0
20200902,172399506.0,152802936.0,19596570.0,0.0,0.0,0.0,0,0.0,23077721.0,902737106.0
20200903,174810699.0,140166928.0,22031982.0,0.0,12611789.0,0.0,0,0.0,23101939.0,902737106.0
20200904,174568793.0,140166928.0,22371807.0,0.0,12030058.0,0.0,0,0.0,23101939.0,902737106.0
20200907,173876193.0,140166928.0,21918707.0,0.0,11790558.0,0.0,0,0.0,23101939.0,902737106.0
20200908,173798980.0,122781065.0,39188287.0,0.0,11829627.0,0.0,0,17385862.0,23161584.0,902737106.0
20200909,173457974.0,105428074.0,56571791.0,0.0,11458109.0,0.0,0,17352991.0,23233522.0,902737106.0
20200910,172820186.0,139905895.0,21182420.0,0.0,11731871.0,0.0,0,0.0,23454610.0,902737106.0
20200911,172115755.0,139905895.0,20785957.0,0.0,11423903.0,0.0,0,0.0,23454610.0,902737106.0
20200914,171908768.0,139905895.0,20559407.0,0.0,11443465.0,0.0,0,0.0,23454610.0,902737106.0
20200915,172356130.0,139905895.0,20899232.0,0.0,11551002.0,0.0,0,0.0,23454610.0,902737106.0
20200916,171948711.0,139905895.0,20672682.0,0.0,11370134.0,0.0,0,0.0,23454610.0,902737106.0
20200917,171357985.0,127251519.0,20446132.0,0.0,23660334.0,0.0,0,0.0,23476611.0,902737106.0
20200918,172228882.0,96510764.0,51463927.0,0.0,24254191.0,0.0,0,51772456.0,23832725.0,902737106.0
20200921,170242662.0,96510764.0,50693203.0,0.0,23038695.0,0.0,0,0.0,23832725.0,902737106.0
20200922,167388488.0,96510764.0,48713636.0,0.0,22164087.0,0.0,0,0.0,23832725.0,902737106.0
20200923,168051825.0,89931764.0,49966177.0,0.0,28153884.0,0.0,0,0.0,23849632.0,902737106.0
20200924,166471310.0,89931764.0,49802975.0,0.0,26736571.0,0.0,0,0.0,23849632.0,902737106.0
20200925,166968860.0,89931764.0,50566862.0,0.0,26470234.0,0.0,0,0.0,23849632.0,902737106.0
20200928,167679505.0,89931764.0,50780600.0,0.0,26967142.0,0.0,0,0.0,23849632.0,902737106.0
20200929,168989624.0,56117873.0,85551247.0,0.0,27320504.0,0.0,0,33813890.0,23929459.0,902737106.0
20201005,170425586.0,56117873.0,86718135.0,0.0,27589578.0,0.0,0,0.0,23929459.0,902737106.0
20201006,171382689.0,66717226.0,87342085.0,0.0,17323379.0,0.0,0,0.0,23986547.0,902737106.0
20201007,173724293.0,66717226.0,89064598.0,0.0,17942469.0,0.0,0,0.0,23986547.0,902737106.0
20201008,173479350.0,66717226.0,88909518.0,0.0,17852607.0,0.0,0,0.0,23986547.0,902737106.0
20201012,174343239.0,66717226.0,89671669.0,0.0,17954344.0,0.0,0,0.0,23986547.0,902737106.0
20201013,171848729.0,66717226.0,87848160.0,0.0,17283344.0,0.0,0,0.0,23986547.0,902737106.0
20201014,169945159.0,66717226.0,86606979.0,0.0,16620955.0,0.0,0,0.0,23986547.0,902737106.0
20201015,168832818.0,66717226.0,85508266.0,0.0,16607326.0,0.0,0,0.0,23986547.0,902737106.0
20201016,167147693.0,67217459.0,83861458.0,0.0,16068775.0,0.0,0,16730497.0,24144257.0,902737106.0
20201019,166706525.0,99830179.0,50883804.0,0.0,15992542.0,0.0,0,0.0,24305151.0,902737106.0
20201020,166940707.0,99830179.0,51072273.0,0.0,16038254.0,0.0,0,0.0,24305151.0,902737106.0
20201021,166282609.0,109151307.0,50304691.0,0.0,6826612.0,0.0,0,0.0,24352579.0,902737106.0
20201022,164358248.0,140953731.0,16730512.0,0.0,6674005.0,0.0,0,0.0,24585517.0,902737106.0
20201023,163914091.0,140953731.0,16082880.0,0.0,6877481.0,0.0,0,0.0,24585517.0,902737106.0
20201026,163869584.0,99963913.0,57048538.0,0.0,6857133.0,0.0,0,41000421.0,24717615.0,902737106.0
20201027,161817035.0,122572553.0,39244481.0,0.0,0.0,0.0,0,0.0,24837071.0,902737106.0
20201028,162934067.0,138268800.0,24665266.0,0.0,0.0,0.0,0,0.0,24943179.0,902737106.0
20201029,164821592.0,121778985.0,43042606.0,0.0,0.0,0.0,0,16489815.0,25019740.0,902737106.0
20201030,165561119.0,121778985.0,43782134.0,0.0,0.0,0.0,0,0.0,25019740.0,902737106.0
20201102,165659002.0,121778985.0,43880017.0,0.0,0.0,0.0,0,0.0,25019740.0,902737106.0
20201103,172590949.0,121778985.0,50811964.0,0.0,0.0,0.0,0,0.0,25019740.0,902737106.0
20201104,172760920.0,120622422.0,52138498.0,0.0,0.0,0.0,0,17296507.0,25224040.0,902737106.0
20201105,173306279.0,120622422.0,52683858.0,0.0,0.0,0.0,0,0.0,25224040.0,902737106.0
20201106,175521680.0,94286712.0,81234968.0,0.0,0.0,0.0,0,26335710.0,25273758.0,902737106.0
20201109,176643408.0,76619940.0,100023468.0,0.0,0.0,0.0,0,17666772.0,25298070.0,902737106.0
20201110,175809876.0,76619940.0,99189936.0,0.0,0.0,0.0,0,0.0,25298070.0,902737106.0
20201111,171878420.0,76619940.0,95258480.0,0.0,0.0,0.0,0,0.0,25298070.0,902737106.0
20201112,173017165.0,76619940.0,96397225.0,0.0,0.0,0.0,0,0.0,25298070.0,902737106.0
20201113,171248803.0,76619940.0,94628863.0,0.0,0.0,0.0,0,0.0,25298070.0,902737106.0
20201116,171168071.0,76619940.0,94548131.0,0.0,0.0,0.0,0,0.0,25298070.0,902737106.0
20201117,173367071.0,76619940.0,96747131.0,0.0,0.0,0.0,0,0.0,25298070.0,902737106.0
20201118,173596279.0,76619940.0,96976339.0,0.0,0.0,0.0,0,0.0,25298070.0,902737106.0
20201119,175078527.0,76619940.0,98458587.0,0.0,0.0,0.0,0,0.0,25298070.0,902737106.0
20201120,174273894.0,76619940.0,97653954.0,0.0,0.0,0.0,0,0.0,25298070.0,902737106.0
20201123,176386641.0,111442998.0,64943644.0,0.0,0.0,0.0,0,0.0,25444041.0,902737106.0
20201124,179219833.0,111442998.0,67776835.0,0.0,0.0,0.0,0,0.0,25444041.0,902737106.0
20201125,177742458.0,111442998.0,66299460.0,0.0,0.0,0.0,0,0.0,25444041.0,902737106.0
20201126,180315539.0,111442998.0,68872541.0,0.0,0.0,0.0,0,0.0,25444041.0,902737106.0
20201127,180212244.0,107317998.0,68781000.0,0.0,4113246.0,0.0,0,0.0,25455794.0,902737106.0
20201130,178466494.0,107317998.0,66958470.0,0.0,4190027.0,0.0,0,0.0,25455794.0,902737106.0
20201201,180188374.0,107317998.0,68625506.0,0.0,4244870.0,0.0,0,0.0,25455794.0,902737106.0
20201202,182283989.0,107317998.0,70688215.0,0.0,4277776.0,0.0,0,0.0,25455794.0,902737106.0
20201203,182335894.0,107317998.0,70729151.0,0.0,4288745.0,0.0,0,0.0,25455794.0,902737106.0
20201204,183890043.0,107317998.0,72261364.0,0.0,4310682.0,0.0,0,0.0,25455794.0,902737106.0
20201207,182577638.0,107317998.0,70959926.0,0.0,4299713.0,0.0,0,0.0,25455794.0,902737106.0
20201208,182203200.0,107317998.0,70574520.0,0.0,4310682.0,0.0,0,0.0,25455794.0,902737106.0
20201209,183847273.0,107317998.0,72097938.0,0.0,4431337.0,0.0,0,0.0,25455794.0,902737106.0
20201210,182425796.0,107317998.0,70215777.0,0.0,4892021.0,0.0,0,0.0,25455794.0,902737106.0
20201211,182742665.0,103174878.0,69947239.0,0.0,9620548.0,0.0,0,0.0,25462695.0,902737106.0
20201214,181604203.0,99810026.0,68056093.0,0.0,13738084.0,0.0,0,18170754.0,25569913.0,902737106.0
20201215,182083902.0,95434952.0,68451853.0,0.0,18197097.0,0.0,0,0.0,25577822.0,902737106.0
20201216,182800541.0,93884444.0,66104640.0,0.0,22811456.0,0.0,0,18298547.0,25772429.0,902737106.0
20201217,182349601.0,93884444.0,65669422.0,0.0,22795735.0,0.0,0,0.0,25772429.0,902737106.0
20201218,182171370.0,93884444.0,65658816.0,0.0,22628110.0,0.0,0,0.0,25772429.0,902737106.0
20201221,182237437.0,111478514.0,47787131.0,0.0,22971793.0,0.0,0,0.0,25849347.0,902737106.0
20201222,180749155.0,111478514.0,46912388.0,0.0,22358253.0,0.0,0,0.0,25849347.0,902737106.0
20201223,180996746.0,111478514.0,46965181.0,0.0,22553052.0,0.0,0,0.0,25849347.0,902737106.0
20201224,181493437.0,141015570.0,18119420.0,0.0,22358446.0,0.0,0,0.0,25979227.0,902737106.0
20201228,181589149.0,146266113.0,18203795.0,0.0,17119241.0,0.0,0,0.0,26004608.0,902737106.0
20201229,180842212.0,163333812.0,0.0,0.0,17508400.0,0.0,0,0.0,26103932.0,902737106.0
20201230,181184779.0,163333812.0,0.0,0.0,17850967.0,0.0,0,0.0,26103932.0,902737106.0
20210104,181339789.0,90745467.0,72395297.0,0.0,18199025.0,0.0,0,72613135.0,26296980.0,902737106.0
20210105,183058024.0,72434154.0,92184558.0,0.0,18439311.0,0.0,0,18311313.0,26352085.0,902737106.0
20210106,180753584.0,72434154.0,89744112.0,0.0,18575318.0,0.0,0,0.0,26352085.0,902737106.0
20210107,184742442.0,72434154.0,93333320.0,0.0,18974968.0,0.0,0,0.0,26352085.0,902737106.0
20210108,186358489.0,72434154.0,94555024.0,0.0,19369310.0,0.0,0,0.0,26352085.0,902737106.0
20210111,184013661.0,72434154.0,92666064.0,0.0,18913443.0,0.0,0,0.0,26352085.0,902737106.0
20210112,182212339.0,70459603.0,93278592.0,0.0,18474144.0,0.0,0,18234020.0,26474638.0,902737106.0
20210113,184172062.0,75088343.0,94959281.0,0.0,14124438.0,0.0,0,0.0,26494059.0,902737106.0
20210114,187437894.0,80036708.0,97940090.0,0.0,9461095.0,0.0,0,0.0,26513622.0,902737106.0
20210115,185544722.0,84564678.0,96299150.0,0.0,4680895.0,0.0,0,0.0,26532786.0,902737106.0
20210118,181616301.0,88947730.0,92668571.0,0.0,0.0,0.0,0,0.0,26550343.0,902737106.0
20210119,183902276.0,88947730.0,94954546.0,0.0,0.0,0.0,0,0.0,26550343.0,902737106.0
20210120,184584260.0,86729019.0,97855241.0,0.0,0.0,0.0,0,36966640.0,26795354.0,902737106.0
20210121,189410287.0,86729019.0,102681269.0,0.0,0.0,0.0,0,0.0,26795354.0,902737106.0
20210122,189712210.0,86729019.0,102983191.0,0.0,0.0,0.0,0,0.0,26795354.0,902737106.0
20210125,192525164.0,86729019.0,105796145.0,0.0,0.0,0.0,0,0.0,26795354.0,902737106.0
20210126,196114399.0,86729019.0,109385380.0,0.0,0.0,0.0,0,0.0,26795354.0,902737106.0
20210127,194826578.0,86729019.0,108097559.0,0.0,0.0,0.0,0,0.0,26795354.0,902737106.0
20210128,198725967.0,85343313.0,113382653.0,0.0,0.0,0.0,0,19884387.0,26914015.0,902737106.0
20210129,192329481.0,85343313.0,106986168.0,0.0,0.0,0.0,0,0.0,26914015.0,902737106.0
20210201,192501188.0,125055736.0,67445452.0,0.0,0.0,0.0,0,0.0,27071813.0,902737106.0
20210202,194251291.0,143429926.0,50821365.0,0.0,0.0,0.0,0,0.0,27157242.0,902737106.0
20210203,193970276.0,124028432.0,69941844.0,0.0,0.0,0.0,0,19401494.0,27201904.0,902737106.0
20210204,194282419.0,123779408.0,70503011.0,0.0,0.0,0.0,0,19442830.0,27348021.0,902737106.0
20210205,197398767.0,104035108.0,93363659.0,0.0,0.0,0.0,0,19744300.0,27392254.0,902737106.0
20210208,194687693.0,84563088.0,110124605.0,0.0,0.0,0.0,0,19472020.0,27424763.0,902737106.0
20210209,194391268.0,84994476.0,109396791.0,0.0,0.0,0.0,0,38942991.0,27755101.0,902737106.0
20210210,194888024.0,84994476.0,109893548.0,0.0,0.0,0.0,0,0.0,27755101.0,902737106.0
20210215,194777817.0,84994476.0,109783341.0,0.0,0.0,0.0,0,0.0,27755101.0,902737106.0
20210216,193523502.0,103525489.0,89998013.0,0.0,0.0,0.0,0,0.0,27860068.0,902737106.0
20210217,192807210.0,84242148.0,108565062.0,0.0,0.0,0.0,0,19283342.0,27886275.0,902737106.0
20210218,191239112.0,94551280.0,96687832.0,0.0,0.0,0.0,0,19137223.0,28048970.0,902737106.0
20210219,192458144.0,113242381.0,79215763.0,0.0,0.0,0.0,0,0.0,28131353.0,902737106.0
20210222,192480662.0,93989561.0,98491100.0,0.0,0.0,0.0,0,19252820.0,28178892.0,902737106.0
20210223,190644820.0,93033566.0,97611254.0,0.0,0.0,0.0,0,19075309.0,28284099.0,902737106.0
20210224,187418476.0,93227421.0,94191055.0,0.0,0.0,0.0,0,37548512.0,28605951.0,902737106.0
20210225,190881865.0,92392006.0,98489860.0,0.0,0.0,0.0,0,19100587.0,28728185.0,902737106.0
20210226,189450185.0,92392006.0,97058180.0,0.0,0.0,0.0,0,0.0,28728185.0,902737106.0
20210302,188927130.0,110365612.0,78561517.0,0.0,0.0,0.0,0,0.0,28820833.0,902737106.0
20210303,190339010.0,88481164.0,99015509.0,0.0,2842337.0,0.0,0,19038761.0,28869433.0,902737106.0
20210304,189680792.0,89490801.0,97267111.0,0.0,2922880.0,0.0,0,18983837.0,29028962.0,902737106.0
20210305,192195011.0,89490801.0,99539671.0,0.0,3164540.0,0.0,0,0.0,29028962.0,902737106.0
20210308,191043314.0,89490801.0,98675654.0,0.0,2876860.0,0.0,0,0.0,29028962.0,902737106.0
20210309,186989716.0,88406943.0,95774958.0,0.0,2807814.0,0.0,0,37454904.0,29310041.0,902737106.0
20210310,184314053.0,97854579.0,83755228.0,0.0,2704246.0,0.0,0,0.0,29348060.0,902737106.0
20210311,186455703.0,96474855.0,85841115.0,0.0,4139733.0,0.0,0,0.0,29349815.0,902737106.0
20210312,187838913.0,96474855.0,87024440.0,0.0,4339618.0,0.0,0,0.0,29349815.0,902737106.0
20210315,188493587.0,96474855.0,87681460.0,0.0,4337272.0,0.0,0,0.0,29349815.0,902737106.0
20210316,188651737.0,96474855.0,87731834.0,0.0,4445049.0,0.0,0,0.0,29349815.0,902737106.0
20210317,187174221.0,87115238.0,95668513.0,0.0,4390470.0,0.0,0,9359617.0,29367941.0,902737106.0
20210318,186884332.0,105148294.0,77460663.0,0.0,4275375.0,0.0,0,0.0,29440837.0,902737106.0
20210319,187341892.0,86408171.0,96738293.0,0.0,4195427.0,0.0,0,18740123.0,29500176.0,902737106.0
20210322,191200106.0,86408171.0,100595829.0,0.0,4196106.0,0.0,0,0.0,29500176.0,902737106.0
20210323,189777937.0,85657259.0,99975795.0,0.0,4144883.0,0.0,0,9491438.0,29549982.0,902737106.0
20210324,187847003.0,102885835.0,80890616.0,0.0,4070552.0,0.0,0,18810856.0,29809014.0,902737106.0
20210325,187232641.0,93964503.0,89269828.0,0.0,3998309.0,0.0,0,37492462.0,30041223.0,902737106.0
20210326,189672314.0,93964503.0,91761426.0,0.0,3946385.0,0.0,0,0.0,30041223.0,902737106.0
20210329,189251777.0,85312884.0,99858518.0,0.0,4080374.0,0.0,0,28411754.0,30204558.0,902737106.0
20210330,188487161.0,85312884.0,99122831.0,0.0,4051446.0,0.0,0,0.0,30204558.0,902737106.0
20210331,186658504.0,90941800.0,94395749.0,0.0,1320955.0,0.0,0,28035131.0,30453374.0,902737106.0
20210401,187318805.0,90941800.0,95041303.0,0.0,1335702.0,0.0,0,0.0,30453374.0,902737106.0
20210402,187332140.0,90941800.0,95063481.0,0.0,1326859.0,0.0,0,0.0,30453374.0,902737106.0
20210405,188552711.0,90941800.0,96323860.0,0.0,1287050.0,0.0,0,0.0,30453374.0,902737106.0
20210406,188006884.0,90941800.0,95806035.0,0.0,1259049.0,0.0,0,0.0,30453374.0,902737106.0
20210407,187739828.0,90941800.0,95509507.0,0.0,1288521.0,0.0,0,0.0,30453374.0,902737106.0
20210408,190266828.0,92229811.0,98037017.0,0.0,0.0,0.0,0,0.0,30458317.0,902737106.0
20210409,189756098.0,92229811.0,97526287.0,0.0,0.0,0.0,0,0.0,30458317.0,902737106.0
20210412,189202174.0,91248928.0,97953246.0,0.0,0.0,0.0,0,28413440.0,30676237.0,902737106.0
20210413,188475800.0,91248928.0,97226873.0,0.0,0.0,0.0,0,0.0,30676237.0,902737106.0
20210414,189331949.0,91248928.0,98083022.0,0.0,0.0,0.0,0,0.0,30676237.0,902737106.0
20210415,189762759.0,91248928.0,98513831.0,0.0,0.0,0.0,0,0.0,30676237.0,902737106.0
20210416,189449993.0,91248928.0,98201066.0,0.0,0.0,0.0,0,0.0,30676237.0,902737106.0
20210419,190573162.0,91248928.0,99324234.0,0.0,0.0,0.0,0,0.0,30676237.0,902737106.0
20210420,192072172.0,91248928.0,100823244.0,0.0,0.0,0.0,0,0.0,30676237.0,902737106.0
20210421,190943282.0,91248928.0,99694355.0,0.0,0.0,0.0,0,0.0,30676237.0,902737106.0
20210422,191545294.0,91330503.0,100214792.0,0.0,0.0,0.0,0,19172052.0,30853510.0,902737106.0
20210423,192780919.0,91330503.0,101450416.0,0.0,0.0,0.0,0,0.0,30853510.0,902737106.0
20210426,193815419.0,100266540.0,93548879.0,0.0,0.0,0.0,0,0.0,30899506.0,902737106.0
20210427,196024656.0,90463793.0,105560863.0,0.0,0.0,0.0,0,9802747.0,30929795.0,902737106.0
20210428,194634464.0,90463793.0,104170671.0,0.0,0.0,0.0,0,0.0,30929795.0,902737106.0
20210429,195898828.0,90463793.0,105435035.0,0.0,0.0,0.0,0,0.0,30929795.0,902737106.0
20210430,190746889.0,108962128.0,81784760.0,0.0,0.0,0.0,0,0.0,31009662.0,902737106.0
20210503,189214835.0,89045033.0,100169801.0,0.0,0.0,0.0,0,37885721.0,31220715.0,902737106.0
20210504,188800429.0,89045033.0,99755396.0,0.0,0.0,0.0,0,0.0,31220715.0,902737106.0
20210506,192682629.0,89045033.0,103637596.0,0.0,0.0,0.0,0,0.0,31220715.0,902737106.0
20210507,194024798.0,89045033.0,104979764.0,0.0,0.0,0.0,0,0.0,31220715.0,902737106.0
20210510,195859892.0,89045033.0,106814858.0,0.0,0.0,0.0,0,0.0,31220715.0,902737106.0
20210511,197642045.0,89045033.0,108597012.0,0.0,0.0,0.0,0,0.0,31220715.0,902737106.0
20210512,195380979.0,89045033.0,106335946.0,0.0,0.0,0.0,0,0.0,31220715.0,902737106.0
20210513,193039479.0,89045033.0,103994446.0,0.0,0.0,0.0,0,0.0,31220715.0,902737106.0
20210514,192436955.0,91893562.0,100543392.0,0.0,0.0,0.0,0,19259145.0,31383978.0,902737106.0
20210517,192817138.0,92856498.0,99960640.0,0.0,0.0,0.0,0,9643722.0,31444978.0,902737106.0
20210518,194235358.0,111067667.0,83167691.0,0.0,0.0,0.0,0,0.0,31542211.0,902737106.0
20210520,193577628.0,91705605.0,101872024.0,0.0,0.0,0.0,0,19362062.0,31585204.0,902737106.0
20210521,191105701.0,91313257.0,99792444.0,0.0,0.0,0.0,0,19125068.0,31728868.0,902737106.0
20210524,192136791.0,91248986.0,100887805.0,0.0,0.0,0.0,0,9609938.0,31790501.0,902737106.0
20210525,192023095.0,91152332.0,100870763.0,0.0,0.0,0.0,0,19214968.0,31916999.0,902737106.0
20210526,192483785.0,91152332.0,101331453.0,0.0,0.0,0.0,0,0.0,31916999.0,902737106.0
20210527,194807100.0,91152332.0,103654767.0,0.0,0.0,0.0,0,0.0,31916999.0,902737106.0
20210528,194768603.0,91277779.0,103490824.0,0.0,0.0,0.0,0,9741856.0,31985895.0,902737106.0
20210531,196501823.0,111250379.0,85251444.0,0.0,0.0,0.0,0,0.0,32083238.0,902737106.0
20210601,196603457.0,111250379.0,85353078.0,0.0,0.0,0.0,0,0.0,32083238.0,902737106.0
20210602,200189666.0,111250379.0,88939286.0,0.0,0.0,0.0,0,0.0,32083238.0,902737106.0
20210603,199332895.0,121295386.0,78037509.0,0.0,0.0,0.0,0,0.0,32135957.0,902737106.0
20210604,198681403.0,91485059.0,107196344.0,0.0,0.0,0.0,0,29812495.0,32204520.0,902737106.0
20210607,198284604.0,101826227.0,96458378.0,0.0,0.0,0.0,0,0.0,32243183.0,902737106.0
20210608,198969688.0,101826227.0,97143461.0,0.0,0.0,0.0,0,0.0,32243183.0,902737106.0
20210609,199891831.0,91830751.0,108061079.0,0.0,0.0,0.0,0,9995475.0,32260858.0,902737106.0
20210610,199178114.0,91830751.0,107347363.0,0.0,0.0,0.0,0,0.0,32260858.0,902737106.0
20210611,198763847.0,91830751.0,106933095.0,0.0,0.0,0.0,0,0.0,32260858.0,902737106.0
20210614,198114784.0,92106183.0,106008601.0,0.0,0.0,0.0,0,19829467.0,32442953.0,902737106.0
20210615,198988951.0,92106183.0,106882768.0,0.0,0.0,0.0,0,0.0,32442953.0,902737106.0
20210616,199148161.0,92106183.0,107041978.0,0.0,0.0,0.0,0,0.0,32442953.0,902737106.0
20210617,199160287.0,117635336.0,81524950.0,0.0,0.0,0.0,0,0.0,32572687.0,902737106.0
20210618,198291397.0,107733293.0,90558105.0,0.0,0.0,0.0,0,19839992.0,32681798.0,902737106.0
20210621,196909718.0,146155516.0,50754202.0,0.0,0.0,0.0,0,0.0,32863213.0,902737106.0
20210622,199188488.0,97309242.0,92906834.0,0.0,8972412.0,0.0,0,39867924.0,33014347.0,902737106.0
20210623,199516013.0,97309242.0,93414048.0,0.0,8792722.0,0.0,0,0.0,33014347.0,902737106.0
20210624,200748855.0,86611110.0,105288220.0,0.0,8849525.0,0.0,0,30139124.0,33192270.0,902737106.0
20210625,200890155.0,86611110.0,105495790.0,0.0,8783255.0,0.0,0,0.0,33192270.0,902737106.0
20210628,200558898.0,86611110.0,105145598.0,0.0,8802189.0,0.0,0,0.0,33192270.0,902737106.0
20210629,199939009.0,86611110.0,104374421.0,0.0,8953478.0,0.0,0,0.0,33192270.0,902737106.0
20210630,200366224.0,86611110.0,104867720.0,0.0,8887393.0,0.0,0,0.0,33192270.0,902737106.0
20210701,201020035.0,88138432.0,103965994.0,0.0,8915609.0,0.0,0,30191263.0,33451981.0,902737106.0
20210702,201453404.0,88138432.0,104153404.0,0.0,9161569.0,0.0,0,0.0,33451981.0,902737106.0
20210705,202775049.0,88138432.0,104520170.0,0.0,10116448.0,0.0,0,0.0,33451981.0,902737106.0
20210706,201731168.0,88138432.0,103325000.0,0.0,10267736.0,0.0,0,0.0,33451981.0,902737106.0
20210707,202068508.0,88138432.0,103624472.0,0.0,10305604.0,0.0,0,0.0,33451981.0,902737106.0
20210708,200095767.0,107991895.0,82498091.0,0.0,9605780.0,0.0,0,0.0,33563189.0,902737106.0
20210709,198866160.0,107991895.0,81173814.0,0.0,9700452.0,0.0,0,0.0,33563189.0,902737106.0
20210712,199042728.0,109475711.0,79885500.0,0.0,9681517.0,0.0,0,19918352.0,33707145.0,902737106.0
20210713,201107549.0,89356688.0,102012540.0,0.0,9738320.0,0.0,0,20119023.0,33789828.0,902737106.0
20210714,200544822.0,89356688.0,101657905.0,0.0,9530229.0,0.0,0,0.0,33789828.0,902737106.0
20210715,201301963.0,119169468.0,72545463.0,0.0,9587032.0,0.0,0,0.0,33953218.0,902737106.0
20210716,199842196.0,118552945.0,71550930.0,0.0,9738320.0,0.0,0,20003614.0,34146450.0,902737106.0
20210719,200033091.0,118552945.0,71723077.0,0.0,9757069.0,0.0,0,0.0,34146450.0,902737106.0
20210720,199967432.0,98257082.0,101710351.0,0.0,0.0,0.0,0,30016997.0,34292334.0,902737106.0
20210721,198289715.0,98257082.0,100032633.0,0.0,0.0,0.0,0,0.0,34292334.0,902737106.0
20210722,200821431.0,98257082.0,102564349.0,0.0,0.0,0.0,0,0.0,34292334.0,902737106.0
20210723,201367663.0,98257082.0,103110582.0,0.0,0.0,0.0,0,0.0,34292334.0,902737106.0
20210726,199321333.0,98257082.0,101064252.0,0.0,0.0,0.0,0,0.0,34292334.0,902737106.0
20210727,199000926.0,97088592.0,101912333.0,0.0,0.0,0.0,0,19922973.0,34517829.0,902737106.0
20210728,198608581.0,96219696.0,102388884.0,0.0,0.0,0.0,0,19874870.0,34655624.0,902737106.0
20210729,198956941.0,106739115.0,92217826.0,0.0,0.0,0.0,0,0.0,34744460.0,902737106.0
20210730,198350400.0,137689486.0,60660914.0,0.0,0.0,0.0,0,0.0,34870858.0,902737106.0
20210802,197835785.0,137689486.0,60146299.0,0.0,0.0,0.0,0,0.0,34870858.0,902737106.0
20210803,196624807.0,106840175.0,89784633.0,0.0,0.0,0.0,0,59075451.0,35160430.0,902737106.0
20210804,198937148.0,127628210.0,71308938.0,0.0,0.0,0.0,0,19921548.0,35442340.0,902737106.0
20210805,199911737.0,150168957.0,49742780.0,0.0,0.0,0.0,0,0.0,35561630.0,902737106.0
20210806,199539903.0,150168957.0,49370946.0,0.0,0.0,0.0,0,0.0,35561630.0,902737106.0
20210809,198801247.0,169730167.0,29071080.0,0.0,0.0,0.0,0,0.0,35661345.0,902737106.0
20210810,198717988.0,159067568.0,39650420.0,0.0,0.0,0.0,0,39806258.0,35972717.0,902737106.0
20210811,197085906.0,139353865.0,57732041.0,0.0,0.0,0.0,0,19713703.0,36023841.0,902737106.0
20210812,197485055.0,99846289.0,97638766.0,0.0,0.0,0.0,0,39512522.0,36101395.0,902737106.0
20210813,195908188.0,118994802.0,76913386.0,0.0,0.0,0.0,0,39255838.0,36472150.0,902737106.0
20210817,196064352.0,155652175.0,40412177.0,0.0,0.0,0.0,0,0.0,36674762.0,902737106.0
20210818,196651278.0,176894141.0,19757137.0,0.0,0.0,0.0,0,0.0,36795109.0,902737106.0
20210819,196293148.0,176894141.0,19399006.0,0.0,0.0,0.0,0,0.0,36795109.0,902737106.0
20210820,196511998.0,176894141.0,19617857.0,0.0,0.0,0.0,0,0.0,36795109.0,902737106.0
20210823,196872082.0,147348699.0,49523383.0,0.0,0.0,0.0,0,29545442.0,36892643.0,902737106.0
20210824,195889933.0,147348699.0,48541235.0,0.0,0.0,0.0,0,0.0,36892643.0,902737106.0
20210825,195913098.0,98312733.0,97600365.0,0.0,0.0,0.0,0,49052521.0,37189629.0,902737106.0
20210826,196180578.0,126879022.0,69301556.0,0.0,0.0,0.0,0,0.0,37305031.0,902737106.0
20210827,196558635.0,126879022.0,69679613.0,0.0,0.0,0.0,0,0.0,37305031.0,902737106.0
20210830,197600180.0,107116291.0,90483889.0,0.0,0.0,0.0,0,19762731.0,37332158.0,902737106.0
20210831,200628872.0,128644074.0,71984798.0,0.0,0.0,0.0,0,0.0,37556098.0,902737106.0
20210901,200483589.0,151661766.0,48821823.0,0.0,0.0,0.0,0,0.0,37790389.0,902737106.0
20210902,199890321.0,151661766.0,48228555.0,0.0,0.0,0.0,0,0.0,37790389.0,902737106.0
20210903,200111698.0,179724754.0,20386944.0,0.0,0.0,0.0,0,0.0,37941302.0,902737106.0
20210906,199981430.0,179724754.0,20256676.0,0.0,0.0,0.0,0,0.0,37941302.0,902737106.0
20210907,199714474.0,159746151.0,39968322.0,0.0,0.0,0.0,0,19978603.0,38012856.0,902737106.0
20210908,197800061.0,166086190.0,20101580.0,0.0,11612291.0,0.0,0,0.0,38098571.0,902737106.0
20210909,197554133.0,166086190.0,19874627.0,0.0,11593316.0,0.0,0,0.0,38098571.0,902737106.0
20210910,198256361.0,166086190.0,20652753.0,0.0,11517419.0,0.0,0,0.0,38098571.0,902737106.0
20210913,197887928.0,166086190.0,20587909.0,0.0,11213830.0,0.0,0,0.0,38098571.0,902737106.0
20210914,198655739.0,166086190.0,21203925.0,0.0,11365624.0,0.0,0,0.0,38098571.0,902737106.0
20210915,199486960.0,146132285.0,42045974.0,0.0,11308701.0,0.0,0,19953905.0,38150663.0,902737106.0
20210916,199006777.0,146132285.0,41698611.0,0.0,11175881.0,0.0,0,0.0,38150663.0,902737106.0
20210917,198897681.0,106320911.0,81438837.0,0.0,11137932.0,0.0,0,39811374.0,38309850.0,902737106.0
20210923,200951430.0,106320911.0,83549509.0,0.0,11081009.0,0.0,0,0.0,38309850.0,902737106.0
20210924,202749337.0,106320911.0,85119725.0,0.0,11308701.0,0.0,0,0.0,38309850.0,902737106.0
20210927,208401287.0,106320911.0,91018341.0,0.0,11062035.0,0.0,0,0.0,38309850.0,902737106.0
20210928,207946262.0,85514560.0,111597358.0,0.0,10834343.0,0.0,0,20806351.0,38427098.0,902737106.0
20210929,209561447.0,85514560.0,113155621.0,0.0,10891266.0,0.0,0,0.0,38427098.0,902737106.0
20210930,208683818.0,85514560.0,111727736.0,0.0,11441522.0,0.0,0,0.0,38427098.0,902737106.0
20211001,208032833.0,85514560.0,111228546.0,0.0,11289727.0,0.0,0,0.0,38427098.0,902737106.0
20211005,209875239.0,86022833.0,113169857.0,0.0,10682548.0,0.0,0,21004735.0,38603129.0,902737106.0
20211006,203564082.0,103506737.0,89431720.0,0.0,10625625.0,0.0,0,0.0,38680706.0,902737106.0
20211007,201826062.0,81251247.0,109740471.0,0.0,10834343.0,0.0,0,40401112.0,38853972.0,902737106.0
20211008,203408957.0,100731549.0,91710245.0,0.0,10967163.0,0.0,0,0.0,38943660.0,902737106.0
20211012,203466434.0,100731549.0,92147209.0,0.0,10587677.0,0.0,0,0.0,38943660.0,902737106.0
20211013,204911817.0,91116443.0,113795374.0,0.0,0.0,0.0,0,20504538.0,39077225.0,902737106.0
20211014,204786843.0,91116443.0,113670400.0,0.0,0.0,0.0,0,0.0,39077225.0,902737106.0
20211015,206955405.0,91116443.0,115838962.0,0.0,0.0,0.0,0,0.0,39077225.0,902737106.0
20211018,206421628.0,91116443.0,115305185.0,0.0,0.0,0.0,0,0.0,39077225.0,902737106.0
20211019,208961457.0,91116443.0,117845015.0,0.0,0.0,0.0,0,0.0,39077225.0,902737106.0
20211020,206079746.0,110514969.0,95564777.0,0.0,0.0,0.0,0,0.0,39168015.0,902737106.0
20211021,204794922.0,90028018.0,114766904.0,0.0,0.0,0.0,0,20486951.0,39242603.0,902737106.0
20211022,202865389.0,140071616.0,62793772.0,0.0,0.0,0.0,0,0.0,39512562.0,902737106.0
20211025,203421806.0,140071616.0,63350189.0,0.0,0.0,0.0,0,0.0,39512562.0,902737106.0
20211026,203016462.0,140071616.0,62944846.0,0.0,0.0,0.0,0,0.0,39512562.0,902737106.0
20211027,203265783.0,140071616.0,63194167.0,0.0,0.0,0.0,0,0.0,39512562.0,902737106.0
20211028,199875621.0,159299328.0,40576292.0,0.0,0.0,0.0,0,0.0,39663124.0,902737106.0
20211029,199081707.0,178268885.0,20812822.0,0.0,0.0,0.0,0,0.0,39779894.0,902737106.0
20211101,198696991.0,41735511.0,0.0,0.0,0.0,156961480.0,0,0.0,40022410.0,902737106.0
20211102,198714645.0,159225640.0,39489005.0,0.0,0.0,0.0,0,39823133.0,40423432.0,902737106.0
20211103,200747600.0,179889397.0,20858204.0,0.0,0.0,0.0,0,0.0,40636287.0,902737106.0
20211104,200684720.0,159814637.0,40870083.0,0.0,0.0,0.0,0,20074760.0,40699167.0,902737106.0
20211105,200179082.0,119768690.0,80410393.0,0.0,0.0,0.0,0,40048656.0,40763366.0,902737106.0
20211108,200373813.0,99728174.0,100645639.0,0.0,0.0,0.0,0,20040515.0,40794706.0,902737106.0
20211109,199672490.0,99728174.0,99944316.0,0.0,0.0,0.0,0,0.0,40794706.0,902737106.0
20211110,197400336.0,99728174.0,97672162.0,0.0,0.0,0.0,0,0.0,40794706.0,902737106.0
20211111,197631344.0,118893476.0,78737868.0,0.0,0.0,0.0,0,0.0,40903001.0,902737106.0
20211112,198952537.0,115129856.0,80069631.0,0.0,3753050.0,0.0,0,0.0,40913570.0,902737106.0
20211115,199239147.0,115129856.0,80245313.0,0.0,3863978.0,0.0,0,0.0,40913570.0,902737106.0
20211116,201788017.0,135055768.0,62892922.0,0.0,3839327.0,0.0,0,0.0,41108630.0,902737106.0
20211117,201019782.0,94808547.0,102464348.0,0.0,3746888.0,0.0,0,40261652.0,41397109.0,902737106.0
20211118,199749702.0,113185906.0,82773771.0,0.0,3790026.0,0.0,0,0.0,41467326.0,902737106.0
20211119,200580098.0,113185906.0,83684280.0,0.0,3709912.0,0.0,0,0.0,41467326.0,902737106.0
20211122,196269809.0,132674960.0,59884937.0,0.0,3709912.0,0.0,0,0.0,41542130.0,902737106.0
20211123,197938122.0,132674960.0,61584063.0,0.0,3679099.0,0.0,0,0.0,41542130.0,902737106.0
20211124,198702948.0,173775413.0,21260762.0,0.0,3666773.0,0.0,0,0.0,41835287.0,902737106.0
20211125,198202710.0,20669886.0,20909344.0,0.0,3617472.0,153006008.0,0,0.0,41934806.0,902737106.0
20211126,198025277.0,104286315.0,21172907.0,0.0,3518870.0,69047185.0,0,0.0,41989192.0,902737106.0
20211129,197098377.0,20598141.0,20499357.0,0.0,3438755.0,152562124.0,0,0.0,42133283.0,902737106.0
20211130,197178665.0,20598141.0,20118655.0,0.0,3309340.0,153152530.0,0,0.0,42133283.0,902737106.0
20211201,196919554.0,40428584.0,0.0,0.0,3407942.0,153083029.0,0,0.0,42305105.0,902737106.0
20211202,194666083.0,40428584.0,0.0,0.0,3586659.0,150650840.0,0,0.0,42305105.0,902737106.0
20211203,194984606.0,122442197.0,0.0,0.0,3623635.0,68918775.0,0,0.0,42358448.0,902737106.0
20211206,195088577.0,122442197.0,0.0,0.0,3672936.0,68973445.0,0,0.0,42358448.0,902737106.0
20211207,194981111.0,103537445.0,0.0,0.0,22614293.0,68829373.0,0,0.0,42457422.0,902737106.0
20211208,195386025.0,103537445.0,0.0,0.0,22705337.0,69143243.0,0,0.0,42457422.0,902737106.0
20211209,195842004.0,103537445.0,0.0,0.0,23141378.0,69163181.0,0,0.0,42457422.0,902737106.0
20211210,195387407.0,20399639.0,0.0,0.0,37976112.0,137011656.0,0,0.0,42666594.0,902737106.0
20211213,196077638.0,20399639.0,0.0,0.0,37703308.0,137974690.0,0,0.0,42666594.0,902737106.0
20211214,195548696.0,20399639.0,0.0,0.0,38077487.0,137071570.0,0,0.0,42666594.0,902737106.0
20211215,195355544.0,20399639.0,0.0,0.0,38349944.0,136605961.0,0,0.0,42666594.0,902737106.0
20211216,197563127.0,4707609.0,0.0,0.0,54501488.0,138354030.0,0,0.0,42712420.0,902737106.0
20211217,195733074.0,67745509.0,0.0,0.0,58674524.0,69313041.0,0,0.0,42768332.0,902737106.0
20211220,194999970.0,67745509.0,0.0,0.0,57684793.0,69569668.0,0,0.0,42768332.0,902737106.0
20211221,194271433.0,67745509.0,0.0,0.0,56864282.0,69661642.0,0,0.0,42768332.0,902737106.0
20211222,194108950.0,67745509.0,0.0,0.0,56958426.0,69405015.0,0,0.0,42768332.0,902737106.0
20211223,193670913.0,67745509.0,0.0,0.0,56891502.0,69033903.0,0,0.0,42768332.0,902737106.0
20211224,193907418.0,15633579.0,0.0,0.0,57110425.0,121163414.0,0,0.0,42802205.0,902737106.0
20211227,195811476.0,15633579.0,0.0,0.0,58839279.0,121338618.0,0,0.0,42802205.0,902737106.0
20211228,195967761.0,15633579.0,0.0,0.0,58922208.0,121411975.0,0,0.0,42802205.0,902737106.0
20211229,194935732.0,15633579.0,0.0,0.0,57941702.0,121360452.0,0,0.0,42802205.0,902737106.0
20211230,193236251.0,16188458.0,0.0,0.0,57120441.0,119927352.0,0,0.0,42958624.0,902737106.0
20220103,193390797.0,16188458.0,0.0,0.0,57290192.0,119912147.0,0,0.0,42958624.0,902737106.0
20220104,193930367.0,16188458.0,0.0,0.0,57190538.0,120551372.0,0,0.0,42958624.0,902737106.0
20220105,191615415.0,35422767.0,0.0,0.0,36652538.0,119540109.0,0,0.0,43089171.0,902737106.0
20220106,189208031.0,98770171.0,0.0,0.0,36101043.0,54336817.0,0,0.0,43130374.0,902737106.0
20220107,189838714.0,98770171.0,0.0,0.0,36622295.0,54446247.0,0,0.0,43130374.0,902737106.0
20220110,188749810.0,20239664.0,0.0,0.0,18520524.0,149989622.0,0,0.0,43422681.0,902737106.0
20220111,188900703.0,20239664.0,0.0,0.0,18268160.0,150392879.0,0,0.0,43422681.0,902737106.0
20220112,189261677.0,20239664.0,0.0,0.0,18472086.0,150549927.0,0,0.0,43422681.0,902737106.0
20220113,188930609.0,20239664.0,0.0,0.0,18201977.0,150488968.0,0,0.0,43422681.0,902737106.0
20220114,187657692.0,33918987.0,0.0,0.0,3228373.0,150510331.0,0,0.0,43497547.0,902737106.0
20220117,187642630.0,37045036.0,0.0,0.0,0.0,150597594.0,0,0.0,43515696.0,902737106.0
20220118,187370878.0,37045036.0,0.0,0.0,0.0,150325842.0,0,0.0,43515696.0,902737106.0
20220119,187293208.0,37045036.0,0.0,0.0,0.0,150248172.0,0,0.0,43515696.0,902737106.0
20220120,188386669.0,37045036.0,0.0,0.0,0.0,151341633.0,0,0.0,43515696.0,902737106.0
20220121,188425184.0,18777836.0,0.0,0.0,18180663.0,151466685.0,0,0.0,43602232.0,902737106.0
20220124,187962933.0,18777836.0,0.0,0.0,17740061.0,151445036.0,0,0.0,43602232.0,902737106.0
20220125,187914058.0,18777836.0,0.0,0.0,17253078.0,151883144.0,0,0.0,43602232.0,902737106.0
20220126,187964633.0,18777836.0,0.0,0.0,17113941.0,152072856.0,0,0.0,43602232.0,902737106.0
20220127,185905229.0,18777836.0,0.0,0.0,16186356.0,150941037.0,0,0.0,43602232.0,902737106.0
20220128,186040132.0,169274035.0,0.0,0.0,16766096.0,0.0,0,0.0,43700118.0,902737106.0
20220203,186287581.0,77901463.0,0.0,0.0,35079226.0,73306892.0,0,0.0,43846893.0,902737106.0
20220204,186019960.0,17977261.0,0.0,0.0,35462059.0,132580641.0,0,0.0,43885844.0,902737106.0
20220207,186339966.0,17977261.0,0.0,0.0,35450668.0,132912037.0,0,0.0,43885844.0,902737106.0
20220208,186226353.0,17977261.0,0.0,0.0,35083023.0,133166069.0,0,0.0,43885844.0,902737106.0
20220209,187975596.0,17977261.0,0.0,0.0,36775335.0,133223000.0,0,0.0,43885844.0,902737106.0
20220210,187569024.0,4148599.0,0.0,0.0,49881541.0,133538884.0,0,0.0,43912612.0,902737106.0
20220211,186944812.0,4148599.0,0.0,0.0,49525478.0,133270735.0,0,0.0,43912612.0,902737106.0
20220214,187149028.0,4148599.0,0.0,0.0,48979125.0,134021305.0,0,0.0,43912612.0,902737106.0
20220215,188010289.0,4148599.0,0.0,0.0,48588858.0,135272832.0,0,0.0,43912612.0,902737106.0
20220216,188636254.0,4148599.0,0.0,0.0,50331347.0,134156309.0,0,0.0,43912612.0,902737106.0
20220217,189026668.0,4148599.0,0.0,0.0,50016129.0,134861941.0,0,0.0,43912612.0,902737106.0
20220218,190062791.0,4148599.0,0.0,0.0,50532676.0,135381516.0,0,0.0,43912612.0,902737106.0
20220221,189969759.0,4148599.0,0.0,0.0,50741166.0,135079994.0,0,0.0,43912612.0,902737106.0
20220222,189588650.0,4148599.0,0.0,0.0,49593749.0,135846302.0,0,0.0,43912612.0,902737106.0
20220223,189713482.0,20978877.0,0.0,0.0,33357545.0,135377059.0,0,0.0,44057136.0,902737106.0
20220224,190862418.0,20978877.0,0.0,0.0,32454553.0,137428988.0,0,0.0,44057136.0,902737106.0
20220225,191206704.0,20978877.0,0.0,0.0,33688632.0,136539195.0,0,0.0,44057136.0,902737106.0
20220228,191497809.0,20978877.0,0.0,0.0,34196368.0,136322563.0,0,0.0,44057136.0,902737106.0
20220302,193083326.0,20978877.0,0.0,0.0,34591272.0,137513177.0,0,0.0,44057136.0,902737106.0
20220303,193253486.0,20978877.0,0.0,0.0,35192800.0,137081809.0,0,0.0,44057136.0,902737106.0
20220304,193191639.0,40878705.0,0.0,0.0,14335015.0,137977919.0,0,0.0,44228810.0,902737106.0
20220307,195110134.0,87748900.0,0.0,0.0,32751842.0,74609391.0,0,0.0,44319934.0,902737106.0
20220308,196191042.0,87748900.0,0.0,0.0,33251823.0,75190319.0,0,0.0,44319934.0,902737106.0
20220310,196743283.0,68665300.0,0.0,0.0,53407441.0,74670542.0,0,0.0,44432950.0,902737106.0
20220311,195602912.0,68665300.0,0.0,0.0,52150885.0,74786727.0,0,0.0,44432950.0,902737106.0
20220314,195991052.0,83051021.0,0.0,0.0,37572377.0,75367654.0,0,0.0,44500715.0,902737106.0
20220315,195674481.0,83051021.0,0.0,0.0,37200770.0,75422689.0,0,0.0,44500715.0,902737106.0
20220316,196771779.0,83051021.0,0.0,0.0,38646625.0,75074133.0,0,0.0,44500715.0,902737106.0
20220317,195332643.0,18629591.0,0.0,0.0,38647735.0,138055317.0,0,0.0,44638461.0,902737106.0
20220318,195682020.0,18629591.0,0.0,0.0,39081757.0,137970672.0,0,0.0,44638461.0,902737106.0
20220321,195380548.0,18629591.0,0.0,0.0,38861475.0,137889482.0,0,0.0,44638461.0,902737106.0
20220322,196303797.0,18629591.0,0.0,0.0,39101268.0,138572938.0,0,0.0,44638461.0,902737106.0
20220323,195775033.0,18629591.0,0.0,0.0,39580854.0,137564587.0,0,0.0,44638461.0,902737106.0
20220324,196446107.0,18629591.0,0.0,0.0,39100713.0,138715803.0,0,0.0,44638461.0,902737106.0
20220325,197394872.0,15359697.0,0.0,0.0,53677554.0,128357622.0,0,0.0,44772936.0,902737106.0
20220328,196172289.0,15359697.0,0.0,0.0,53427866.0,127384726.0,0,0.0,44772936.0,902737106.0
20220329,196084330.0,3544545.0,0.0,0.0,64900929.0,127638855.0,0,0.0,44801245.0,902737106.0
20220330,196193392.0,3544545.0,0.0,0.0,64608850.0,128039996.0,0,0.0,44801245.0,902737106.0
20220331,195897259.0,3544545.0,0.0,0.0,64508345.0,127844369.0,0,0.0,44801245.0,902737106.0
20220401,194473707.0,18398383.0,0.0,0.0,63291964.0,112783360.0,0,0.0,44890658.0,902737106.0
20220404,194943212.0,18398383.0,0.0,0.0,64099882.0,112444946.0,0,0.0,44890658.0,902737106.0
20220405,195259875.0,36517708.0,0.0,0.0,45434455.0,113307712.0,0,0.0,44997752.0,902737106.0
20220406,194752819.0,36517708.0,0.0,0.0,45545779.0,112689332.0,0,0.0,44997752.0,902737106.0
20220407,192849449.0,37870098.0,0.0,0.0,43264888.0,111714464.0,0,0.0,45207033.0,902737106.0
20220408,196394075.0,99600092.0,0.0,0.0,46059248.0,50734736.0,0,0.0,45247184.0,902737106.0
20220411,194175761.0,99600092.0,0.0,0.0,44646329.0,49929340.0,0,0.0,45247184.0,902737106.0
20220412,192964931.0,99600092.0,0.0,0.0,44376752.0,48988086.0,0,0.0,45247184.0,902737106.0
20220413,194066458.0,99600092.0,0.0,0.0,45417826.0,49048540.0,0,0.0,45247184.0,902737106.0
20220414,194859845.0,99600092.0,0.0,0.0,45628130.0,49631623.0,0,0.0,45247184.0,902737106.0
20220415,193480292.0,27494137.0,0.0,0.0,44840177.0,121145978.0,0,0.0,45294053.0,902737106.0
20220418,192789934.0,27494137.0,0.0,0.0,44661610.0,120634188.0,0,0.0,45294053.0,902737106.0
20220419,195029829.0,27494137.0,0.0,0.0,45946935.0,121588758.0,0,0.0,45294053.0,902737106.0
20220420,194818501.0,27494137.0,0.0,0.0,45558147.0,121766218.0,0,0.0,45294053.0,902737106.0
20220421,195767329.0,27494137.0,0.0,0.0,46205296.0,122067896.0,0,0.0,45294053.0,902737106.0
20220422,194575812.0,89307456.0,0.0,0.0,32648659.0,72619696.0,0,0.0,45429099.0,902737106.0
20220425,194320723.0,89307456.0,0.0,0.0,31750344.0,73262923.0,0,0.0,45429099.0,902737106.0
20220426,194486282.0,101644622.0,0.0,0.0,19578738.0,73262923.0,0,0.0,45494153.0,902737106.0
20220427,195314634.0,101644622.0,0.0,0.0,19539618.0,74130394.0,0,0.0,45494153.0,902737106.0
20220428,195860500.0,101644622.0,0.0,0.0,19613391.0,74602487.0,0,0.0,45494153.0,902737106.0
20220429,195909560.0,101644622.0,0.0,0.0,20695154.0,73569784.0,0,0.0,45494153.0,902737106.0
20220502,197143505.0,101644622.0,0.0,0.0,21285873.0,74213010.0,0,0.0,45494153.0,902737106.0
20220503,198108862.0,101644622.0,0.0,0.0,22198120.0,74266121.0,0,0.0,45494153.0,902737106.0
20220504,198244919.0,61966214.0,39531286.0,0.0,22593420.0,74153999.0,0,39678408.0,45641275.0,902737106.0
20220506,197899334.0,158080697.0,39818637.0,0.0,0.0,0.0,0,0.0,45784373.0,902737106.0
20220509,198127931.0,146686457.0,40064938.0,0.0,11376536.0,0.0,0,0.0,45802077.0,902737106.0
20220510,197630668.0,135271957.0,39695486.0,0.0,22663224.0,0.0,0,0.0,45832888.0,902737106.0
20220511,195708136.0,31216606.0,37889280.0,0.0,22614534.0,103987716.0,0,0.0,45900524.0,902737106.0
20220512,195799830.0,31216606.0,38135581.0,0.0,21252105.0,105195538.0,0,0.0,45900524.0,902737106.0
20220513,196552563.0,31216606.0,38833433.0,0.0,21775326.0,104727199.0,0,0.0,45900524.0,902737106.0
20220516,197170262.0,31216606.0,39161835.0,0.0,21941376.0,104850446.0,0,0.0,45900524.0,902737106.0
20220517,198425124.0,31216606.0,39284985.0,0.0,23779705.0,104143829.0,0,0.0,45900524.0,902737106.0
20220518,197883590.0,31216606.0,38833433.0,0.0,24429205.0,103404346.0,0,0.0,45900524.0,902737106.0
20220519,197766173.0,69284402.0,0.0,0.0,24181829.0,104299942.0,0,0.0,46127545.0,902737106.0
20220520,197521617.0,20520394.0,0.0,0.0,24916889.0,152084334.0,0,0.0,46293731.0,902737106.0
20220523,196635822.0,20520394.0,0.0,0.0,24415963.0,151699465.0,0,0.0,46293731.0,902737106.0
20220524,196297268.0,133251445.0,39182384.0,0.0,23863439.0,0.0,0,39299688.0,46494905.0,1054851715.0
20220525,198101057.0,153742310.0,20578122.0,0.0,23780624.0,0.0,0,0.0,46600815.0,1054851715.0
20220526,198004740.0,79184330.0,20821650.0,0.0,23489242.0,74509517.0,0,0.0,46649278.0,1054851715.0
20220527,197563819.0,153000757.0,20821650.0,0.0,23741411.0,0.0,0,0.0,46697289.0,1054851715.0
20220530,198487465.0,71105393.0,21024591.0,0.0,39603518.0,66753964.0,0,0.0,46776009.0,1054851715.0
20220531,198184629.0,71105393.0,21308707.0,0.0,39658469.0,66112060.0,0,0.0,46776009.0,1054851715.0
20220602,197849427.0,71105393.0,21471059.0,0.0,39668172.0,65604803.0,0,0.0,46776009.0,1054851715.0
20220603,197403002.0,71105393.0,21227531.0,0.0,39360624.0,65709454.0,0,0.0,46776009.0,1054851715.0
20220607,197263797.0,94086934.0,0.0,0.0,38183967.0,64992895.0,0,0.0,46898344.0,1054851715.0
20220608,198206922.0,105521056.0,0.0,0.0,27305029.0,65380837.0,0,0.0,46947153.0,1054851715.0
20220609,198749741.0,118425101.0,0.0,0.0,15119777.0,65204863.0,0,0.0,47013503.0,1054851715.0
20220610,198431130.0,183539619.0,0.0,0.0,14891510.0,0.0,0,0.0,47055855.0,1054851715.0
20220613,197917617.0,183539619.0,0.0,0.0,14377998.0,0.0,0,0.0,47055855.0,1054851715.0
20220614,197974713.0,183539619.0,0.0,0.0,14435094.0,0.0,0,0.0,47055855.0,1054851715.0
20220615,197820818.0,164455031.0,0.0,0.0,33365786.0,0.0,0,0.0,47095676.0,1054851715.0
20220616,198299399.0,164455031.0,0.0,0.0,33844368.0,0.0,0,0.0,47095676.0,1054851715.0
20220617,198213810.0,164455031.0,0.0,0.0,33758779.0,0.0,0,0.0,47095676.0,1054851715.0
20220620,198070051.0,164455031.0,0.0,0.0,33615019.0,0.0,0,0.0,47095676.0,1054851715.0
20220621,198025973.0,37951161.0,0.0,0.0,33653169.0,126421643.0,0,0.0,47177903.0,1054851715.0
20220622,197579371.0,37951161.0,0.0,0.0,32931418.0,126696793.0,0,0.0,47177903.0,1054851715.0
20220623,195288648.0,164987878.0,0.0,0.0,30300769.0,0.0,0,0.0,47260531.0,1054851715.0
20220624,196465577.0,38074126.0,0.0,0.0,31560193.0,126831258.0,0,0.0,47343025.0,1054851715.0
20220627,196963386.0,19446677.0,0.0,0.0,33392515.0,144124195.0,0,0.0,47518453.0,1054851715.0
20220628,195317156.0,98409343.0,0.0,0.0,32320096.0,64587718.0,0,0.0,47569812.0,1054851715.0
20220629,194870093.0,111411355.0,0.0,0.0,18005192.0,65453545.0,0,0.0,47633527.0,1054851715.0
20220630,193673050.0,111411355.0,0.0,0.0,16833466.0,65428229.0,0,0.0,47633527.0,1054851715.0
20220701,192875410.0,111411355.0,0.0,0.0,16106712.0,65357342.0,0,0.0,47633527.0,1054851715.0
20220704,193350068.0,111411355.0,0.0,0.0,16581370.0,65357342.0,0,0.0,47633527.0,1054851715.0
20220705,194767238.0,111411355.0,0.0,0.0,17856767.0,65499115.0,0,0.0,47633527.0,1054851715.0
20220706,194325843.0,111411355.0,0.0,0.0,17055877.0,65858611.0,0,0.0,47633527.0,1054851715.0
20220707,194199308.0,111411355.0,0.0,0.0,17263521.0,65524432.0,0,0.0,47633527.0,1054851715.0
20220708,194615713.0,111411355.0,0.0,0.0,17634356.0,65570002.0,0,0.0,47633527.0,1054851715.0
20220711,193955424.0,21042856.0,0.0,0.0,16996658.0,155915910.0,0,0.0,47777638.0,1054851715.0
20220712,192424430.0,40630292.0,0.0,0.0,16447863.0,135346275.0,0,0.0,47966500.0,1054851715.0
20220713,192712220.0,22916824.0,0.0,0.0,0.0,169795396.0,0,0.0,48241016.0,1054851715.0
20220714,192036732.0,44338338.0,0.0,0.0,0.0,147698394.0,0,0.0,48447144.0,1054851715.0
20220715,193643256.0,44338338.0,0.0,0.0,0.0,149304918.0,0,0.0,48447144.0,1054851715.0
20220718,192463582.0,22891793.0,0.0,0.0,0.0,169571788.0,0,0.0,48653853.0,1054851715.0
20220719,190885708.0,22891793.0,0.0,0.0,0.0,167993915.0,0,0.0,48653853.0,1054851715.0
20220720,193210589.0,22891793.0,0.0,0.0,0.0,170318796.0,0,0.0,48653853.0,1054851715.0
20220721,193871790.0,22891793.0,0.0,0.0,0.0,170979996.0,0,0.0,48653853.0,1054851715.0
20220722,195256292.0,22891793.0,0.0,0.0,0.0,172364498.0,0,0.0,48653853.0,1054851715.0
20220725,194893072.0,22891793.0,0.0,0.0,0.0,172001278.0,0,0.0,48653853.0,1054851715.0
20220726,194002818.0,22891793.0,0.0,0.0,0.0,171111025.0,0,0.0,48653853.0,1054851715.0
20220727,194445782.0,22891793.0,0.0,0.0,0.0,171553989.0,0,0.0,48653853.0,1054851715.0
20220728,195434907.0,22891793.0,0.0,0.0,0.0,172543114.0,0,0.0,48653853.0,1054851715.0
20220729,198303233.0,22891793.0,0.0,0.0,0.0,175411440.0,0,0.0,48653853.0,1054851715.0
20220801,198460568.0,22891793.0,0.0,0.0,0.0,175568775.0,0,0.0,48653853.0,1054851715.0
20220802,198965938.0,22891793.0,0.0,0.0,0.0,176074145.0,0,0.0,48653853.0,1054851715.0
20220803,199421593.0,22891793.0,0.0,0.0,0.0,176529800.0,0,0.0,48653853.0,1054851715.0
20220804,201567069.0,22891793.0,0.0,0.0,0.0,178675276.0,0,0.0,48653853.0,1054851715.0
20220805,201562861.0,23083218.0,0.0,0.0,0.0,178479643.0,0,0.0,48754037.0,1054851715.0
20220808,200837795.0,23083218.0,0.0,0.0,0.0,177754577.0,0,0.0,48754037.0,1054851715.0
20220809,200653635.0,23083218.0,0.0,0.0,0.0,177570417.0,0,0.0,48754037.0,1054851715.0
20220810,199634154.0,23083218.0,0.0,0.0,0.0,176550936.0,0,0.0,48754037.0,1054851715.0
20220811,202437647.0,23083218.0,0.0,0.0,0.0,179354429.0,0,0.0,48754037.0,1054851715.0
20220812,201890410.0,23083218.0,0.0,0.0,0.0,178807192.0,0,0.0,48754037.0,1054851715.0
20220816,204252658.0,23083218.0,0.0,0.0,0.0,181169440.0,0,0.0,48754037.0,1054851715.0
20220817,204260500.0,23083218.0,0.0,0.0,0.0,181177282.0,0,0.0,48754037.0,1054851715.0
20220818,202828318.0,23083218.0,0.0,0.0,0.0,179745100.0,0,0.0,48754037.0,1054851715.0
20220819,203068944.0,23083218.0,0.0,0.0,0.0,179985726.0,0,0.0,48754037.0,1054851715.0
20220822,201070329.0,46424057.0,0.0,0.0,0.0,154646272.0,0,0.0,48970455.0,1054851715.0
20220823,201672336.0,46424057.0,0.0,0.0,0.0,155248279.0,0,0.0,48970455.0,1054851715.0
20220824,201568142.0,46424057.0,0.0,0.0,0.0,155144085.0,0,0.0,48970455.0,1054851715.0
20220825,200415316.0,23837141.0,0.0,0.0,0.0,176578175.0,0,0.0,49185540.0,1054851715.0
20220826,200367008.0,46261671.0,0.0,0.0,0.0,154105337.0,0,0.0,49400658.0,1054851715.0
20220829,202409830.0,46261671.0,0.0,0.0,0.0,156148159.0,0,0.0,49400658.0,1054851715.0
20220830,202189298.0,46261671.0,0.0,0.0,0.0,155927627.0,0,0.0,49400658.0,1054851715.0
20220831,201249136.0,46261671.0,0.0,0.0,0.0,154987465.0,0,0.0,49400658.0,1054851715.0
20220901,203117853.0,46261671.0,0.0,0.0,0.0,156856182.0,0,0.0,49400658.0,1054851715.0
20220902,204058015.0,46261671.0,0.0,0.0,0.0,157796344.0,0,0.0,49400658.0,1054851715.0
20220905,205160674.0,46261671.0,0.0,0.0,0.0,158899003.0,0,0.0,49400658.0,1054851715.0
20220906,205160674.0,46261671.0,0.0,0.0,0.0,158899003.0,0,0.0,49400658.0,1054851715.0
20220907,206704397.0,46261671.0,0.0,0.0,0.0,160442726.0,0,0.0,49400658.0,1054851715.0
20220908,206263334.0,46261671.0,0.0,0.0,0.0,160001662.0,0,0.0,49400658.0,1054851715.0
20220913,205485669.0,46261671.0,0.0,0.0,0.0,159223998.0,0,0.0,49400658.0,1054851715.0
20220914,207470455.0,46261671.0,0.0,0.0,0.0,161208784.0,0,0.0,49400658.0,1054851715.0
20220915,208015982.0,46261671.0,0.0,0.0,0.0,161754310.0,0,0.0,49400658.0,1054851715.0
20220916,207307958.0,46261671.0,0.0,0.0,0.0,161046287.0,0,0.0,49400658.0,1054851715.0
20220919,207795450.0,46261671.0,0.0,0.0,0.0,161533778.0,0,0.0,49400658.0,1054851715.0
20220920,207249924.0,46261671.0,0.0,0.0,0.0,160988252.0,0,0.0,49400658.0,1054851715.0
20220921,208015982.0,46261671.0,0.0,0.0,0.0,161754310.0,0,0.0,49400658.0,1054851715.0
20220922,210000768.0,46261671.0,0.0,0.0,0.0,163739097.0,0,0.0,49400658.0,1054851715.0
20220923,209722202.0,46261671.0,0.0,0.0,0.0,163460530.0,0,0.0,49400658.0,1054851715.0
20220926,212318611.0,212318611.0,0.0,0.0,0.0,0.0,0,0.0,49508665.0,1054851715.0
20220927,212318611.0,212318611.0,0.0,0.0,0.0,0.0,0,0.0,49508665.0,1054851715.0
20220928,212318611.0,212318611.0,0.0,0.0,0.0,0.0,0,0.0,49508665.0,1054851715.0
20220929,212318611.0,212318611.0,0.0,0.0,0.0,0.0,0,0.0,49508665.0,1054851715.0
20220930,212155164.0,191860111.0,0.0,0.0,20295053.0,0.0,0,0.0,49672112.0,1054851715.0
20221004,213120190.0,44275410.0,0.0,0.0,21356008.0,147488771.0,0,0.0,49768042.0,1054851715.0
20221005,211890213.0,44275410.0,0.0,0.0,21698252.0,145916550.0,0,0.0,49768042.0,1054851715.0
20221006,212334353.0,44275410.0,0.0,0.0,23021594.0,145037348.0,0,0.0,49768042.0,1054851715.0
20221007,213240788.0,44275410.0,0.0,0.0,22759207.0,146206170.0,0,0.0,49768042.0,1054851715.0
20221011,215678976.0,44275410.0,0.0,0.0,22839064.0,148564501.0,0,0.0,49768042.0,1054851715.0
20221012,214976545.0,23429256.0,0.0,0.0,44017143.0,147530145.0,0,0.0,49846810.0,1054851715.0
20221013,214307224.0,23429256.0,0.0,0.0,42903049.0,147974918.0,0,0.0,49846810.0,1054851715.0
20221014,218140250.0,23429256.0,0.0,0.0,46984321.0,147726673.0,0,0.0,49846810.0,1054851715.0
20221017,218494394.0,23429256.0,0.0,0.0,46552354.0,148512783.0,0,0.0,49846810.0,1054851715.0
20221018,219288478.0,87834400.0,0.0,0.0,48716532.0,82737546.0,0,0.0,49996364.0,1054851715.0
20221019,219046969.0,87834400.0,0.0,0.0,48254235.0,82958334.0,0,0.0,49996364.0,1054851715.0
20221020,218381639.0,87834400.0,0.0,0.0,47234482.0,83312757.0,0,0.0,49996364.0,1054851715.0
20221021,218404321.0,87834400.0,0.0,0.0,46867879.0,83702042.0,0,0.0,49996364.0,1054851715.0
20221024,219941164.0,20380730.0,0.0,0.0,48505120.0,151055313.0,0,0.0,50149054.0,1054851715.0
20221025,220194316.0,4703245.0,0.0,0.0,64593590.0,150897481.0,0,0.0,50178926.0,1054851715.0
20221026,218485506.0,4703245.0,0.0,0.0,63916118.0,149866143.0,0,0.0,50178926.0,1054851715.0
20221027,218672010.0,4703245.0,0.0,0.0,64713787.0,149254978.0,0,0.0,50178926.0,1054851715.0
20221028,216123926.0,18062473.0,0.0,0.0,64155382.0,133906071.0,0,0.0,50361863.0,1054851715.0
20221031,215231157.0,18062473.0,0.0,0.0,64487003.0,132681681.0,0,0.0,50361863.0,1054851715.0
20221101,215380098.0,41667392.0,0.0,0.0,40544288.0,133168417.0,0,0.0,50622738.0,1054851715.0
20221102,216500626.0,41667392.0,0.0,0.0,41249969.0,133583265.0,0,0.0,50622738.0,1054851715.0
20221103,213622171.0,41667392.0,0.0,0.0,39355886.0,132598893.0,0,0.0,50622738.0,1054851715.0
20221104,214220554.0,67940431.0,42782480.0,0.0,39510398.0,63987245.0,0,42884257.0,50823472.0,1054851715.0
20221107,213947638.0,67940431.0,42421142.0,0.0,40386508.0,63199558.0,0,0.0,50823472.0,1054851715.0
20221108,215740066.0,67940431.0,42493409.0,0.0,42876352.0,62429874.0,0,0.0,50823472.0,1054851715.0
20221109,214684332.0,155488751.0,43288354.0,0.0,15907227.0,0.0,0,0.0,51048059.0,1054851715.0
20221110,214929128.0,155488751.0,43721960.0,0.0,15718417.0,0.0,0,0.0,51048059.0,1054851715.0
20221111,216541732.0,177947281.0,22545617.0,0.0,16048834.0,0.0,0,0.0,51142843.0,1054851715.0
20221114,216071565.0,19162271.0,21823001.0,0.0,33125717.0,141960575.0,0,0.0,51338817.0,1054851715.0
20221115,216795573.0,19162271.0,21533954.0,0.0,33461597.0,142637749.0,0,0.0,51338817.0,1054851715.0
20221116,215692123.0,19162271.0,21678478.0,0.0,32224519.0,142626855.0,0,0.0,51338817.0,1054851715.0
20221117,215043313.0,19162271.0,21570085.0,0.0,31725654.0,142585303.0,0,0.0,51338817.0,1054851715.0
20221118,215114940.0,40678731.0,0.0,0.0,31828667.0,142607542.0,0,0.0,51428363.0,1054851715.0
20221121,213599783.0,40678731.0,0.0,0.0,30886651.0,142034400.0,0,0.0,51428363.0,1054851715.0
20221122,217833734.0,34881054.0,0.0,0.0,41174046.0,141778635.0,0,0.0,51573757.0,1054851715.0
20221123,218815740.0,13677454.0,0.0,0.0,63632719.0,141505567.0,0,0.0,51693020.0,1054851715.0
20221124,220754739.0,13677454.0,0.0,0.0,64038071.0,143039214.0,0,0.0,51693020.0,1054851715.0
20221125,221229008.0,13677454.0,0.0,0.0,64354878.0,143196676.0,0,0.0,51693020.0,1054851715.0
20221128,219423577.0,13677454.0,0.0,0.0,62682224.0,143063899.0,0,0.0,51693020.0,1054851715.0
20221129,219895983.0,13677454.0,0.0,0.0,63467993.0,142750536.0,0,0.0,51693020.0,1054851715.0
20221130,221302064.0,13677454.0,0.0,0.0,64769323.0,142855287.0,0,0.0,51693020.0,1054851715.0
20221201,224730678.0,13677454.0,0.0,0.0,67075501.0,143977723.0,0,0.0,51693020.0,1054851715.0
20221202,225521461.0,13677454.0,0.0,0.0,66530083.0,145313924.0,0,0.0,51693020.0,1054851715.0
20221205,224236348.0,13677454.0,0.0,0.0,64949886.0,145609008.0,0,0.0,51693020.0,1054851715.0
20221206,223400972.0,13677454.0,0.0,0.0,65476878.0,144246640.0,0,0.0,51693020.0,1054851715.0
20221207,222300638.0,13677454.0,0.0,0.0,64286026.0,144337159.0,0,0.0,51693020.0,1054851715.0
20221208,223159752.0,13677454.0,0.0,0.0,64604071.0,144878227.0,0,0.0,51693020.0,1054851715.0
20221209,221920854.0,13677454.0,0.0,0.0,62823842.0,145419559.0,0,0.0,51693020.0,1054851715.0
20221212,221359334.0,35287127.0,0.0,0.0,40968020.0,145104187.0,0,0.0,51810429.0,1054851715.0
20221213,221795236.0,35287127.0,0.0,0.0,41648121.0,144859989.0,0,0.0,51810429.0,1054851715.0
20221214,223753474.0,35287127.0,0.0,0.0,41992640.0,146473708.0,0,0.0,51810429.0,1054851715.0
20221215,222566529.0,35287127.0,0.0,0.0,41648121.0,145631282.0,0,0.0,51810429.0,1054851715.0
20221216,221841280.0,3175048.0,0.0,0.0,73309179.0,145357052.0,0,0.0,52029423.0,1054851715.0
20221219,221522059.0,3175048.0,0.0,0.0,72680590.0,145666421.0,0,0.0,52029423.0,1054851715.0
20221220,219600816.0,22604835.0,0.0,0.0,52493610.0,144502371.0,0,0.0,52163408.0,1054851715.0
20221221,221505051.0,22613875.0,0.0,0.0,53107800.0,145783377.0,0,0.0,52417406.0,1054851715.0
20221222,222636387.0,22613875.0,0.0,0.0,53747627.0,146274885.0,0,0.0,52417406.0,1054851715.0
20221223,219285420.0,22613875.0,0.0,0.0,51817556.0,144853989.0,0,0.0,52417406.0,1054851715.0
20221226,219723081.0,22613875.0,0.0,0.0,52426462.0,144682744.0,0,0.0,52417406.0,1054851715.0
20221227,220256443.0,22613875.0,0.0,0.0,52526359.0,145116209.0,0,0.0,52417406.0,1054851715.0
20221228,218241911.0,22613875.0,0.0,0.0,50800991.0,144827046.0,0,0.0,52417406.0,1054851715.0
20221229,216604907.0,87417260.0,0.0,0.0,49420933.0,79766714.0,0,0.0,52459555.0,1054851715.0
20230102,217611952.0,87417260.0,0.0,0.0,48527172.0,81667521.0,0,0.0,52459555.0,1054851715.0
20230103,217006359.0,87417260.0,0.0,0.0,48324576.0,81264523.0,0,0.0,52459555.0,1054851715.0
20230104,217258193.0,87417260.0,0.0,0.0,48307745.0,81533188.0,0,0.0,52459555.0,1054851715.0
20230105,217127294.0,87417260.0,0.0,0.0,47975347.0,81734687.0,0,0.0,52459555.0,1054851715.0
20230106,217171773.0,87417260.0,0.0,0.0,48718356.0,81036157.0,0,0.0,52459555.0,1054851715.0
20230109,220235420.0,87417260.0,0.0,0.0,50015529.0,82802631.0,0,0.0,52459555.0,1054851715.0
20230110,219671138.0,87417260.0,0.0,0.0,49713195.0,82540683.0,0,0.0,52459555.0,1054851715.0
20230111,220673412.0,87417260.0,0.0,0.0,50252021.0,83004130.0,0,0.0,52459555.0,1054851715.0
20230112,220713308.0,87417260.0,0.0,0.0,50291918.0,83004130.0,0,0.0,52459555.0,1054851715.0
20230113,221299157.0,20173214.0,0.0,0.0,50484894.0,150641049.0,0,0.0,52503264.0,1054851715.0
20230116,221994134.0,49075879.0,0.0,0.0,21632450.0,151285804.0,0,0.0,52758816.0,1054851715.0
20230117,221202723.0,49075879.0,0.0,0.0,21518227.0,150608617.0,0,0.0,52758816.0,1054851715.0
20230118,221530599.0,49075879.0,0.0,0.0,21586761.0,150867959.0,0,0.0,52758816.0,1054851715.0
20230119,221812113.0,70021496.0,0.0,0.0,0.0,151790617.0,0,0.0,52897377.0,1054851715.0
20230120,222247914.0,70021496.0,0.0,0.0,0.0,152226418.0,0,0.0,52897377.0,1054851715.0
20230125,222604432.0,70021496.0,0.0,0.0,0.0,152582936.0,0,0.0,52897377.0,1054851715.0
20230126,223306791.0,70021496.0,0.0,0.0,0.0,153285294.0,0,0.0,52897377.0,1054851715.0
20230127,221918659.0,31687094.0,0.0,0.0,0.0,190231564.0,0,0.0,53009799.0,1054851715.0
20230130,222855653.0,31687094.0,0.0,0.0,0.0,191168558.0,0,0.0,53009799.0,1054851715.0
20230131,220654900.0,31687094.0,0.0,0.0,0.0,188967805.0,0,0.0,53009799.0,1054851715.0
20230201,222690266.0,31687094.0,0.0,0.0,0.0,191003171.0,0,0.0,53009799.0,1054851715.0
20230202,226469736.0,31687094.0,0.0,0.0,0.0,194782641.0,0,0.0,53009799.0,1054851715.0
20230203,226537973.0,21657339.0,0.0,0.0,21877700.0,183002934.0,0,0.0,53224058.0,1054851715.0
20230206,226753247.0,21657339.0,0.0,0.0,21624045.0,183471864.0,0,0.0,53224058.0,1054851715.0
20230207,226806722.0,21657339.0,0.0,0.0,21719166.0,183430218.0,0,0.0,53224058.0,1054851715.0
20230208,230072798.0,21657339.0,0.0,0.0,22385009.0,186030450.0,0,0.0,53224058.0,1054851715.0
20230209,227824164.0,21657339.0,0.0,0.0,21941113.0,184225712.0,0,0.0,53224058.0,1054851715.0
20230210,226555549.0,21339055.0,0.0,0.0,22289888.0,182926606.0,0,0.0,53316350.0,1054851715.0
20230213,227582295.0,21339055.0,0.0,0.0,22321595.0,183921646.0,0,0.0,53316350.0,1054851715.0
20230214,228100818.0,21339055.0,0.0,0.0,22004527.0,184757237.0,0,0.0,53316350.0,1054851715.0
20230215,229680254.0,136044184.0,0.0,0.0,21497218.0,72138852.0,0,0.0,53390957.0,1054851715.0
20230216,229393587.0,24751766.0,0.0,0.0,21243563.0,183398258.0,0,0.0,53557220.0,1054851715.0
20230217,228671120.0,123892006.0,0.0,0.0,21370391.0,83408723.0,0,0.0,53621703.0,1054851715.0
20230220,228500276.0,123892006.0,0.0,0.0,21528925.0,83079345.0,0,0.0,53621703.0,1054851715.0
20230221,228690517.0,123892006.0,0.0,0.0,21719166.0,83079345.0,0,0.0,53621703.0,1054851715.0
20230222,228880113.0,123892006.0,0.0,0.0,21338684.0,83649423.0,0,0.0,53621703.0,1054851715.0
20230223,228709304.0,123892006.0,0.0,0.0,21528925.0,83288373.0,0,0.0,53621703.0,1054851715.0
20230224,228981603.0,123892006.0,0.0,0.0,21465511.0,83624086.0,0,0.0,53621703.0,1054851715.0
20230227,230172253.0,123892006.0,0.0,0.0,21306977.0,84973270.0,0,0.0,53621703.0,1054851715.0
20230228,229992490.0,77876057.0,45899600.0,0.0,21243563.0,84973270.0,0,46021768.0,53738053.0,1054851715.0
20230302,229851915.0,162281358.0,46358701.0,0.0,21211857.0,0.0,0,0.0,53792952.0,1054851715.0
20230303,231089544.0,162281358.0,47786570.0,0.0,21021616.0,0.0,0,0.0,53792952.0,1054851715.0
20230306,232126937.0,207548356.0,24578581.0,0.0,0.0,0.0,0,0.0,54072882.0,1054851715.0
20230307,232252684.0,47895774.0,24808103.0,0.0,0.0,159548807.0,0,0.0,54176656.0,1054851715.0
20230308,234583152.0,29928774.0,24553301.0,0.0,17911895.0,162189181.0,0,0.0,54231761.0,1054851715.0
20230309,234217377.0,29928774.0,24782573.0,0.0,16965607.0,162540423.0,0,0.0,54231761.0,1054851715.0
20230310,232975528.0,29928774.0,24374590.0,0.0,15732052.0,162940113.0,0,0.0,54231761.0,1054851715.0
20230313,230182488.0,29928774.0,24374590.0,0.0,15748950.0,160130174.0,0,0.0,54231761.0,1054851715.0
20230314,230338893.0,29928774.0,24221659.0,0.0,15258907.0,160929553.0,0,0.0,54231761.0,1054851715.0
20230315,230867935.0,55132690.0,0.0,0.0,15326499.0,160408745.0,0,0.0,54351101.0,1054851715.0
20230316,232517878.0,55132690.0,0.0,0.0,15934828.0,161450361.0,0,0.0,54351101.0,1054851715.0
20230317,231758223.0,25607972.0,0.0,0.0,16323482.0,189826770.0,0,0.0,54578914.0,1054851715.0
20230320,235485636.0,25607972.0,0.0,0.0,16526258.0,193351406.0,0,0.0,54578914.0,1054851715.0
20230321,234333441.0,25607972.0,0.0,0.0,16120706.0,192604763.0,0,0.0,54578914.0,1054851715.0
20230322,232408890.0,25607972.0,0.0,0.0,16205196.0,190595723.0,0,0.0,54578914.0,1054851715.0
20230323,232458552.0,25607972.0,0.0,0.0,16019318.0,190831263.0,0,0.0,54578914.0,1054851715.0
20230324,236679924.0,217551372.0,0.0,0.0,19128552.0,0.0,0,0.0,54703758.0,1054851715.0
20230327,237660009.0,217551372.0,0.0,0.0,20108637.0,0.0,0,0.0,54703758.0,1054851715.0
20230328,238217941.0,194466222.0,0.0,0.0,43751720.0,0.0,0,0.0,54787950.0,1054851715.0
20230329,238523400.0,194466222.0,0.0,0.0,44057178.0,0.0,0,0.0,54787950.0,1054851715.0
20230330,237669802.0,23114475.0,0.0,0.0,43314959.0,171240368.0,0,0.0,54899328.0,1054851715.0
20230331,243038026.0,23114475.0,0.0,0.0,47211906.0,172711645.0,0,0.0,54899328.0,1054851715.0
20230403,245326559.0,172146949.0,24500813.0,0.0,48678798.0,0.0,0,24547483.0,55047603.0,1054851715.0
20230404,245745228.0,122961455.0,72992294.0,0.0,49791479.0,0.0,0,49194435.0,55274548.0,1054851715.0
20230405,244362472.0,148009649.0,72988545.0,0.0,23364278.0,0.0,0,0.0,55370599.0,1054851715.0
20230406,243482315.0,148009649.0,72890923.0,0.0,22581743.0,0.0,0,0.0,55370599.0,1054851715.0
20230407,243056545.0,148009649.0,72185676.0,0.0,22861220.0,0.0,0,0.0,55370599.0,1054851715.0
20230410,243337439.0,170851998.0,50127280.0,0.0,22358161.0,0.0,0,0.0,55525051.0,1054851715.0
20230411,243814941.0,170851998.0,50213514.0,0.0,22749429.0,0.0,0,0.0,55525051.0,1054851715.0
20230412,243602306.0,170851998.0,50112670.0,0.0,22637638.0,0.0,0,0.0,55525051.0,1054851715.0
20230413,243670171.0,170851998.0,50543855.0,0.0,22274318.0,0.0,0,0.0,55525051.0,1054851715.0
20230414,247100194.0,170851998.0,53582610.0,0.0,22665586.0,0.0,0,0.0,55525051.0,1054851715.0
20230417,251560991.0,170851998.0,57735982.0,0.0,22973010.0,0.0,0,0.0,55525051.0,1054851715.0
20230418,251819869.0,170851998.0,58358181.0,0.0,22609690.0,0.0,0,0.0,55525051.0,1054851715.0
20230419,254097123.0,170851998.0,60579539.0,0.0,22665586.0,0.0,0,0.0,55525051.0,1054851715.0
20230420,252487809.0,170851998.0,60227872.0,0.0,21407939.0,0.0,0,0.0,55525051.0,1054851715.0
20230421,249063252.0,170851998.0,56747419.0,0.0,21463835.0,0.0,0,0.0,55525051.0,1054851715.0
20230424,244046998.0,192104215.0,30870216.0,0.0,21072567.0,0.0,0,0.0,55671828.0,1054851715.0
20230425,242021494.0,44970007.0,29511420.0,0.0,17737480.0,149802587.0,0,0.0,55947268.0,1054851715.0
20230426,242009677.0,44970007.0,28237522.0,0.0,18691574.0,150110574.0,0,0.0,55947268.0,1054851715.0
20230427,242879946.0,73758181.0,0.0,0.0,18648206.0,150473558.0,0,0.0,56044262.0,1054851715.0
20230428,242055955.0,73758181.0,0.0,0.0,17824216.0,150473558.0,0,0.0,56044262.0,1054851715.0
20230502,242996065.0,26696590.0,0.0,0.0,18518103.0,197781372.0,0,0.0,56271019.0,1054851715.0
20230503,243187814.0,134438886.0,0.0,0.0,20122716.0,88626211.0,0,0.0,56341097.0,1054851715.0
20230504,240808233.0,26391884.0,0.0,0.0,18821678.0,195594671.0,0,0.0,56525342.0,1054851715.0
20230508,241564984.0,26391884.0,0.0,0.0,18648206.0,196524893.0,0,0.0,56525342.0,1054851715.0
20230509,242118966.0,26391884.0,0.0,0.0,18604839.0,197122243.0,0,0.0,56525342.0,1054851715.0
20230510,241484585.0,26391884.0,0.0,0.0,18214527.0,196878174.0,0,0.0,56525342.0,1054851715.0
20230511,242144225.0,26391884.0,0.0,0.0,17737480.0,198014861.0,0,0.0,56525342.0,1054851715.0
20230512,243754934.0,26391884.0,0.0,0.0,17650744.0,199712305.0,0,0.0,56525342.0,1054851715.0
20230515,243080209.0,117120512.0,0.0,0.0,17000225.0,108959471.0,0,0.0,56584354.0,1054851715.0
20230516,243413477.0,117120512.0,0.0,0.0,17182371.0,109110594.0,0,0.0,56584354.0,1054851715.0
20230517,243532638.0,117120512.0,0.0,0.0,17564008.0,108848118.0,0,0.0,56584354.0,1054851715.0
20230518,244246881.0,26846902.0,0.0,0.0,18518103.0,198881876.0,0,0.0,56784437.0,1054851715.0
20230519,249253080.0,26846902.0,0.0,0.0,22507952.0,199898226.0,0,0.0,56784437.0,1054851715.0
20230522,247937863.0,26846902.0,0.0,0.0,22681423.0,198409537.0,0,0.0,56784437.0,1054851715.0
20230523,247802995.0,26846902.0,0.0,0.0,23071735.0,197884359.0,0,0.0,56784437.0,1054851715.0
20230524,247010482.0,26846902.0,0.0,0.0,23028367.0,197135213.0,0,0.0,56784437.0,1054851715.0
20230525,250130435.0,50427934.0,0.0,0.0,0.0,199702501.0,0,0.0,56882290.0,1054851715.0
20230526,250424690.0,200527289.0,49897401.0,0.0,0.0,0.0,0,50154964.0,57232419.0,1054851715.0
20230530,250395618.0,200527289.0,49868329.0,0.0,0.0,0.0,0,0.0,57232419.0,1054851715.0
20230531,250017614.0,200527289.0,49490326.0,0.0,0.0,0.0,0,0.0,57232419.0,1054851715.0
20230601,249597948.0,200527289.0,49070660.0,0.0,0.0,0.0,0,0.0,57232419.0,1054851715.0
20230602,249627041.0,200527289.0,49099753.0,0.0,0.0,0.0,0,0.0,57232419.0,1054851715.0
20230605,250770653.0,125241833.0,125528820.0,0.0,0.0,0.0,0,75297539.0,57453562.0,1054851715.0
20230607,250615747.0,125241833.0,125373914.0,0.0,0.0,0.0,0,0.0,57453562.0,1054851715.0
20230608,258129028.0,149268795.0,108860233.0,0.0,0.0,0.0,0,0.0,57617093.0,1054851715.0
20230609,254582430.0,122781230.0,131801200.0,0.0,0.0,0.0,0,50958055.0,57824466.0,1054851715.0
20230612,255651608.0,122781230.0,132870379.0,0.0,0.0,0.0,0,0.0,57824466.0,1054851715.0
20230613,254306972.0,122781230.0,131525743.0,0.0,0.0,0.0,0,0.0,57824466.0,1054851715.0
20230614,253056009.0,122781230.0,130274779.0,0.0,0.0,0.0,0,0.0,57824466.0,1054851715.0
20230615,252627030.0,122781230.0,129845800.0,0.0,0.0,0.0,0,0.0,57824466.0,1054851715.0
20230616,259130575.0,122781230.0,136349345.0,0.0,0.0,0.0,0,0.0,57824466.0,1054851715.0
20230619,260913130.0,122781230.0,138131900.0,0.0,0.0,0.0,0,0.0,57824466.0,1054851715.0
20230620,262778626.0,122781230.0,139997397.0,0.0,0.0,0.0,0,0.0,57824466.0,1054851715.0
20230621,264939040.0,122781230.0,142157811.0,0.0,0.0,0.0,0,0.0,57824466.0,1054851715.0
20230622,265842314.0,122781230.0,143061084.0,0.0,0.0,0.0,0,0.0,57824466.0,1054851715.0
20230623,261236982.0,119615024.0,141621958.0,0.0,0.0,0.0,0,52332570.0,58244193.0,1054851715.0
20230626,261748223.0,119615024.0,142133199.0,0.0,0.0,0.0,0,0.0,58244193.0,1054851715.0
20230627,265441709.0,119615024.0,145826685.0,0.0,0.0,0.0,0,0.0,58244193.0,1054851715.0
20230628,264204787.0,119615024.0,144589762.0,0.0,0.0,0.0,0,0.0,58244193.0,1054851715.0
20230629,262687240.0,119615024.0,143072215.0,0.0,0.0,0.0,0,0.0,58244193.0,1054851715.0
20230630,265188846.0,119615024.0,145573822.0,0.0,0.0,0.0,0,0.0,58244193.0,1054851715.0
20230703,266017392.0,119615024.0,146402368.0,0.0,0.0,0.0,0,0.0,58244193.0,1054851715.0
20230704,271803421.0,119615024.0,152188397.0,0.0,0.0,0.0,0,0.0,58244193.0,1054851715.0
20230705,278158889.0,119615024.0,158543865.0,0.0,0.0,0.0,0,0.0,58244193.0,1054851715.0
20230706,273993043.0,119615024.0,154378019.0,0.0,0.0,0.0,0,0.0,58244193.0,1054851715.0
20230707,277451273.0,173368707.0,104082566.0,0.0,0.0,0.0,0,0.0,58580432.0,1054851715.0
20230710,274238678.0,118494832.0,155743845.0,0.0,0.0,0.0,0,54882591.0,58754707.0,1054851715.0
20230711,279725016.0,118494832.0,161230184.0,0.0,0.0,0.0,0,0.0,58754707.0,1054851715.0
20230712,284524341.0,118659426.0,165864915.0,0.0,0.0,0.0,0,28475539.0,58990223.0,1054851715.0
20230713,288126141.0,118659426.0,169466715.0,0.0,0.0,0.0,0,0.0,58990223.0,1054851715.0
20230714,291580408.0,118659426.0,172920982.0,0.0,0.0,0.0,0,0.0,58990223.0,1054851715.0
20230717,291602253.0,118659426.0,172942828.0,0.0,0.0,0.0,0,0.0,58990223.0,1054851715.0
20230718,289574659.0,118659426.0,170915233.0,0.0,0.0,0.0,0,0.0,58990223.0,1054851715.0
20230719,288478260.0,118659426.0,169818834.0,0.0,0.0,0.0,0,0.0,58990223.0,1054851715.0
20230720,289014242.0,118659426.0,170354816.0,0.0,0.0,0.0,0,0.0,58990223.0,1054851715.0
20230721,292017040.0,118659426.0,173357615.0,0.0,0.0,0.0,0,0.0,58990223.0,1054851715.0
20230724,314070468.0,115492803.0,198577664.0,0.0,0.0,0.0,0,31435686.0,59278724.0,1054851715.0
20230725,327624177.0,122044466.0,205579712.0,0.0,0.0,0.0,0,32790702.0,59598560.0,1054851715.0
20230726,342097585.0,122044466.0,220053119.0,0.0,0.0,0.0,0,0.0,59598560.0,1054851715.0
20230727,315193029.0,122044466.0,193148564.0,0.0,0.0,0.0,0,0.0,59598560.0,1054851715.0
20230728,340091981.0,122044466.0,218047516.0,0.0,0.0,0.0,0,0.0,59598560.0,1054851715.0
20230731,357281009.0,122044466.0,235236543.0,0.0,0.0,0.0,0,0.0,59598560.0,1054851715.0
20230801,348066330.0,122044466.0,226021865.0,0.0,0.0,0.0,0,0.0,59598560.0,1054851715.0
20230802,349028280.0,117493482.0,231534798.0,0.0,0.0,0.0,0,34928663.0,59855386.0,1054851715.0
20230803,343245683.0,117493482.0,225752201.0,0.0,0.0,0.0,0,0.0,59855386.0,1054851715.0
20230804,347581517.0,117493482.0,230088035.0,0.0,0.0,0.0,0,0.0,59855386.0,1054851715.0
20230807,334701408.0,117493482.0,217207925.0,0.0,0.0,0.0,0,0.0,59855386.0,1054851715.0
20230808,351333833.0,117493482.0,233840350.0,0.0,0.0,0.0,0,0.0,59855386.0,1054851715.0
20230809,353889087.0,117493482.0,236395604.0,0.0,0.0,0.0,0,0.0,59855386.0,1054851715.0
20230810,358091891.0,116112109.0,241979782.0,0.0,0.0,0.0,0,35833475.0,60096403.0,1054851715.0
20230811,349317179.0,116112109.0,233205070.0,0.0,0.0,0.0,0,0.0,60096403.0,1054851715.0
20230814,356194967.0,116112109.0,240082858.0,0.0,0.0,0.0,0,0.0,60096403.0,1054851715.0
20230816,346406363.0,145542219.0,200864144.0,0.0,0.0,0.0,0,0.0,60224156.0,1054851715.0
20230817,347739895.0,179854198.0,167885697.0,0.0,0.0,0.0,0,0.0,60407502.0,1054851715.0
20230818,337728151.0,337728151.0,0.0,0.0,0.0,0.0,0,0.0,61086788.0,1054851715.0
20230821,337728151.0,337728151.0,0.0,0.0,0.0,0.0,0,0.0,61086788.0,1054851715.0
20230822,337728151.0,337728151.0,0.0,0.0,0.0,0.0,0,0.0,61086788.0,1054851715.0
20230823,337728151.0,337728151.0,0.0,0.0,0.0,0.0,0,0.0,61086788.0,1054851715.0
20230824,337618945.0,303955336.0,33663609.0,0.0,0.0,0.0,0,33772815.0,61195995.0,1054851715.0
20230825,337459471.0,270193442.0,67266029.0,0.0,0.0,0.0,0,33761894.0,61355469.0,1054851715.0
20230828,335877937.0,302079774.0,33798163.0,0.0,0.0,0.0,0,0.0,61526341.0,1054851715.0
20230829,336542966.0,234721494.0,101821472.0,0.0,0.0,0.0,0,67358280.0,61774776.0,1054851715.0
20230830,335030334.0,234721494.0,100308841.0,0.0,0.0,0.0,0,0.0,61774776.0,1054851715.0
20230831,337142953.0,234721494.0,102421460.0,0.0,0.0,0.0,0,0.0,61774776.0,1054851715.0
20230901,332946901.0,297517553.0,35429348.0,0.0,0.0,0.0,0,0.0,62139341.0,1054851715.0
20230904,332662001.0,264235912.0,68426089.0,0.0,0.0,0.0,0,33281641.0,62293747.0,1054851715.0
20230905,332579282.0,264235912.0,68343369.0,0.0,0.0,0.0,0,0.0,62293747.0,1054851715.0
20230906,334762210.0,264235912.0,70526298.0,0.0,0.0,0.0,0,0.0,62293747.0,1054851715.0
20230907,337252541.0,264235912.0,73016628.0,0.0,0.0,0.0,0,0.0,62293747.0,1054851715.0
20230908,338123963.0,264235912.0,73888051.0,0.0,0.0,0.0,0,0.0,62293747.0,1054851715.0
20230911,342250944.0,264235912.0,78015032.0,0.0,0.0,0.0,0,0.0,62293747.0,1054851715.0
20230912,335461097.0,264235912.0,71225184.0,0.0,0.0,0.0,0,0.0,62293747.0,1054851715.0
20230913,333060677.0,264121833.0,68938844.0,0.0,0.0,0.0,0,33338082.0,62614164.0,1054851715.0
20230914,333756382.0,264121833.0,69634549.0,0.0,0.0,0.0,0,0.0,62614164.0,1054851715.0
20230915,332986090.0,264121833.0,68864258.0,0.0,0.0,0.0,0,0.0,62614164.0,1054851715.0
20230918,331906286.0,230919614.0,100986672.0,0.0,0.0,0.0,0,33202219.0,62730069.0,1054851715.0
20230919,331383075.0,295692737.0,35690338.0,0.0,0.0,0.0,0,0.0,63105673.0,1054851715.0
20230920,330829851.0,330829851.0,0.0,0.0,0.0,0.0,0,0.0,63336160.0,1054851715.0
20230921,330624246.0,298861651.0,0.0,0.0,31762595.0,0.0,0,0.0,63541764.0,1054851715.0
20230922,329758649.0,298861651.0,0.0,0.0,30896999.0,0.0,0,0.0,63541764.0,1054851715.0
20230925,330960867.0,298861651.0,0.0,0.0,32099216.0,0.0,0,0.0,63541764.0,1054851715.0
20230926,330295066.0,266977744.0,0.0,0.0,63317322.0,0.0,0,0.0,63582412.0,1054851715.0
20230927,331530540.0,266977744.0,0.0,0.0,64552796.0,0.0,0,0.0,63582412.0,1054851715.0
20231004,327398955.0,266977744.0,0.0,0.0,60421212.0,0.0,0,0.0,63582412.0,1054851715.0
20231005,326977935.0,266977744.0,0.0,0.0,60000191.0,0.0,0,0.0,63582412.0,1054851715.0
20231006,328922656.0,266977744.0,0.0,0.0,61944913.0,0.0,0,0.0,63582412.0,1054851715.0
20231010,325960632.0,234376524.0,32549650.0,0.0,59034459.0,0.0,0,32601220.0,63633983.0,1054851715.0
20231011,328764350.0,234376524.0,32467935.0,0.0,61919891.0,0.0,0,0.0,63633983.0,1054851715.0
20231012,331033897.0,234376524.0,33829845.0,0.0,62827528.0,0.0,0,0.0,63633983.0,1054851715.0
20231013,329113215.0,268225154.0,0.0,0.0,60888061.0,0.0,0,0.0,63754460.0,1054851715.0
20231016,329209087.0,268225154.0,0.0,0.0,60983933.0,0.0,0,0.0,63754460.0,1054851715.0
20231017,329150015.0,268225154.0,0.0,0.0,60924860.0,0.0,0,0.0,63754460.0,1054851715.0
20231018,329270129.0,235293163.0,32882207.0,0.0,61094759.0,0.0,0,32931991.0,63804245.0,1054851715.0
20231019,326576463.0,235293163.0,31794564.0,0.0,59488736.0,0.0,0,0.0,63804245.0,1054851715.0
20231020,323310492.0,235293163.0,31921034.0,0.0,56096295.0,0.0,0,0.0,63804245.0,1054851715.0
20231023,321423778.0,235293163.0,31364566.0,0.0,54766049.0,0.0,0,0.0,63804245.0,1054851715.0
20231024,323474034.0,235293163.0,32072799.0,0.0,56108073.0,0.0,0,0.0,63804245.0,1054851715.0
20231025,322389510.0,235293163.0,32249857.0,0.0,54846490.0,0.0,0,0.0,63804245.0,1054851715.0
20231026,316929615.0,31430194.0,30352806.0,0.0,22268660.0,232877955.0,0,0.0,64195508.0,1054851715.0
20231027,316886701.0,61446611.0,0.0,0.0,22770720.0,232669370.0,0,0.0,64298862.0,1054851715.0
20231030,318236970.0,61446611.0,0.0,0.0,23739018.0,233051341.0,0,0.0,64298862.0,1054851715.0
20231031,316364366.0,83603061.0,0.0,0.0,0.0,232761305.0,0,0.0,64375249.0,1054851715.0
20231101,315956703.0,83603061.0,0.0,0.0,0.0,232353641.0,0,0.0,64375249.0,1054851715.0
20231102,315054382.0,83603061.0,0.0,0.0,0.0,231451321.0,0,0.0,64375249.0,1054851715.0
20231103,313569285.0,42803835.0,0.0,0.0,0.0,270765450.0,0,0.0,64534256.0,1054851715.0
20231106,313965538.0,42803835.0,0.0,0.0,0.0,271161703.0,0,0.0,64534256.0,1054851715.0
20231107,312925661.0,42803835.0,0.0,0.0,0.0,270121826.0,0,0.0,64534256.0,1054851715.0
20231108,313224299.0,42803835.0,0.0,0.0,0.0,270420463.0,0,0.0,64534256.0,1054851715.0
20231109,312687291.0,42803835.0,0.0,0.0,0.0,269883456.0,0,0.0,64534256.0,1054851715.0
20231110,312736575.0,42803835.0,0.0,0.0,0.0,269932740.0,0,0.0,64534256.0,1054851715.0
20231113,311366094.0,42803835.0,0.0,0.0,0.0,268562259.0,0,0.0,64534256.0,1054851715.0
20231114,312152898.0,42803835.0,0.0,0.0,0.0,269349063.0,0,0.0,64534256.0,1054851715.0
20231115,315664944.0,42803835.0,0.0,0.0,0.0,272861108.0,0,0.0,64534256.0,1054851715.0
20231116,314899022.0,42803835.0,0.0,0.0,0.0,272095187.0,0,0.0,64534256.0,1054851715.0
20231117,316367354.0,39297437.0,0.0,0.0,0.0,277069917.0,0,0.0,64702320.0,1054851715.0
20231120,315904300.0,39297437.0,0.0,0.0,0.0,276606863.0,0,0.0,64702320.0,1054851715.0
20231121,318134591.0,39297437.0,0.0,0.0,0.0,278837154.0,0,0.0,64702320.0,1054851715.0
20231122,317728900.0,39297437.0,0.0,0.0,0.0,278431463.0,0,0.0,64702320.0,1054851715.0
20231123,319079932.0,39297437.0,0.0,0.0,0.0,279782495.0,0,0.0,64702320.0,1054851715.0
20231124,318921620.0,39297437.0,0.0,0.0,0.0,279624183.0,0,0.0,64702320.0,1054851715.0
20231127,318040035.0,9068639.0,0.0,0.0,30094191.0,278877205.0,0,0.0,64836926.0,1054851715.0
20231128,318375225.0,9068639.0,0.0,0.0,30531561.0,278775025.0,0,0.0,64836926.0,1054851715.0
20231129,318935003.0,9068639.0,0.0,0.0,29996659.0,279869705.0,0,0.0,64836926.0,1054851715.0
20231130,318035250.0,9068639.0,0.0,0.0,29802611.0,279164000.0,0,0.0,64836926.0,1054851715.0
20231201,319079039.0,9068639.0,0.0,0.0,29899635.0,280110764.0,0,0.0,64836926.0,1054851715.0
20231204,319762061.0,9068639.0,0.0,0.0,29608055.0,281085366.0,0,0.0,64836926.0,1054851715.0
20231205,320543838.0,9068639.0,0.0,0.0,30774883.0,280700316.0,0,0.0,64836926.0,1054851715.0
20231206,323251340.0,9068639.0,0.0,0.0,31212253.0,282970448.0,0,0.0,64836926.0,1054851715.0
20231207,323036926.0,9068639.0,0.0,0.0,31844178.0,282124108.0,0,0.0,64836926.0,1054851715.0
20231208,323480879.0,9068639.0,0.0,0.0,31989968.0,282422271.0,0,0.0,64836926.0,1054851715.0
20231211,324549334.0,9068639.0,0.0,0.0,31795920.0,283684774.0,0,0.0,64836926.0,1054851715.0
20231212,326449299.0,9068639.0,0.0,0.0,31844178.0,285536481.0,0,0.0,64836926.0,1054851715.0
20231213,327459119.0,9068639.0,0.0,0.0,31358043.0,287032437.0,0,0.0,64836926.0,1054851715.0
20231214,329382524.0,9068639.0,0.0,0.0,31212253.0,289101632.0,0,0.0,64836926.0,1054851715.0
20231215,328160137.0,2092763.0,0.0,0.0,38057964.0,288009410.0,0,0.0,64870067.0,1054851715.0
20231218,328687073.0,225253858.0,65016359.0,0.0,38416856.0,0.0,0,65964692.0,66006454.0,1344165556.0
20231219,329886421.0,26784865.0,65955600.0,0.0,38805968.0,198339988.0,0,0.0,66135459.0,1344165556.0
20231220,338023966.0,299015198.0,0.0,0.0,39008768.0,0.0,0,0.0,67534136.0,1344165556.0
20231221,337104443.0,231439563.0,66801902.0,0.0,38862978.0,0.0,0,67575635.0,68307868.0,1344165556.0
20231222,341326932.0,231439563.0,69121413.0,0.0,40765956.0,0.0,0,0.0,68307868.0,1344165556.0
20231226,336801866.0,31519797.0,64389611.0,0.0,7356223.0,233536235.0,0,0.0,68675185.0,1344165556.0
20231227,336693007.0,31519797.0,63740149.0,0.0,7510079.0,233922984.0,0,0.0,68675185.0,1344165556.0
20231228,341087323.0,31519797.0,67544146.0,0.0,7538926.0,234484454.0,0,0.0,68675185.0,1344165556.0
20240102,344588019.0,161409340.0,175639752.0,0.0,7538926.0,0.0,0,103532482.0,69195439.0,1344165556.0
20240103,339745552.0,227056844.0,105005541.0,0.0,7683166.0,0.0,0,0.0,69544999.0,1344165556.0
20240104,339300737.0,227056844.0,104954981.0,0.0,7288911.0,0.0,0,0.0,69544999.0,1344165556.0
20240105,342634739.0,224408526.0,111033462.0,0.0,7192751.0,0.0,0,34297469.0,69879337.0,1344165556.0
20240108,337476789.0,224408526.0,105769736.0,0.0,7298527.0,0.0,0,0.0,69879337.0,1344165556.0
20240109,340122772.0,224408526.0,108271479.0,0.0,7442767.0,0.0,0,0.0,69879337.0,1344165556.0
20240110,341181692.0,224408526.0,109532335.0,0.0,7240831.0,0.0,0,0.0,69879337.0,1344165556.0
20240111,341747203.0,224408526.0,110165158.0,0.0,7173519.0,0.0,0,0.0,69879337.0,1344165556.0
20240112,338088601.0,224408526.0,106295004.0,0.0,7385071.0,0.0,0,0.0,69879337.0,1344165556.0
20240115,338827868.0,222781520.0,107718912.0,0.0,8327437.0,0.0,0,33916661.0,70213548.0,1344165556.0
20240116,341024371.0,222781520.0,107434493.0,0.0,10808359.0,0.0,0,0.0,70213548.0,1344165556.0
20240117,335246127.0,252144278.0,70605900.0,0.0,12495950.0,0.0,0,0.0,70452000.0,1344165556.0
20240118,334599863.0,254623384.0,66574335.0,0.0,13402144.0,0.0,0,67137684.0,71548927.0,1344165556.0
20240119,335846141.0,254623384.0,67462904.0,0.0,13759853.0,0.0,0,0.0,71548927.0,1344165556.0
20240122,337144819.0,254623384.0,68761582.0,0.0,13759853.0,0.0,0,0.0,71548927.0,1344165556.0
20240123,336438359.0,187276442.0,135402065.0,0.0,13759853.0,0.0,0,67346942.0,71845278.0,1344165556.0
20240124,335647426.0,187276442.0,134253423.0,0.0,14117561.0,0.0,0,0.0,71845278.0,1344165556.0
20240125,335577211.0,250458419.0,71358938.0,0.0,13759853.0,0.0,0,0.0,72258854.0,1344165556.0
20240126,335607863.0,216876851.0,104732687.0,0.0,13998325.0,0.0,0,33581568.0,72466674.0,1344165556.0
20240129,334066441.0,183454181.0,136351616.0,0.0,14260645.0,0.0,0,33422670.0,72626936.0,1344165556.0
20240130,333522054.0,183454181.0,135878771.0,0.0,14189103.0,0.0,0,0.0,72626936.0,1344165556.0
20240131,337953648.0,183454181.0,140501143.0,0.0,13998325.0,0.0,0,0.0,72626936.0,1344165556.0
20240201,336490895.0,177952581.0,139360588.0,0.0,19177726.0,0.0,0,0.0,72639121.0,1344165556.0
20240202,337365748.0,144206016.0,173344418.0,0.0,19815315.0,0.0,0,33746565.0,72739021.0,1344165556.0
20240205,336497242.0,144206016.0,172761279.0,0.0,19529947.0,0.0,0,0.0,72739021.0,1344165556.0
20240206,339355445.0,144206016.0,174869942.0,0.0,20279487.0,0.0,0,0.0,72739021.0,1344165556.0
20240207,341367375.0,144206016.0,176896441.0,0.0,20264918.0,0.0,0,0.0,72739021.0,1344165556.0
20240208,349901563.0,144206016.0,181036253.0,0.0,24659294.0,0.0,0,0.0,72739021.0,1344165556.0
20240213,350960805.0,144206016.0,181678317.0,0.0,25076472.0,0.0,0,0.0,72739021.0,1344165556.0
20240214,354178154.0,144206016.0,185464407.0,0.0,24507731.0,0.0,0,0.0,72739021.0,1344165556.0
20240215,356509769.0,144206016.0,188584777.0,0.0,23718976.0,0.0,0,0.0,72739021.0,1344165556.0
20240216,360561021.0,162123072.0,192700683.0,0.0,5737265.0,0.0,0,0.0,72802777.0,1344165556.0
20240219,369873764.0,162123072.0,201898681.0,0.0,5852010.0,0.0,0,0.0,72802777.0,1344165556.0
20240220,373772501.0,162123072.0,205824957.0,0.0,5824472.0,0.0,0,0.0,72802777.0,1344165556.0
20240221,372072719.0,162123072.0,204120585.0,0.0,5829061.0,0.0,0,0.0,72802777.0,1344165556.0
20240222,371649251.0,162123072.0,203697117.0,0.0,5829061.0,0.0,0,0.0,72802777.0,1344165556.0
20240223,378337399.0,162123072.0,210490831.0,0.0,5723496.0,0.0,0,0.0,72802777.0,1344165556.0
20240226,379386385.0,162123072.0,211608664.0,0.0,5654649.0,0.0,0,0.0,72802777.0,1344165556.0
20240227,369537110.0,158378891.0,205544878.0,0.0,5613340.0,0.0,0,36978800.0,73054361.0,1344165556.0
20240228,366257420.0,157931652.0,202666529.0,0.0,5659238.0,0.0,0,36660556.0,73408504.0,1344165556.0
20240229,365280748.0,157931652.0,201859681.0,0.0,5489415.0,0.0,0,0.0,73408504.0,1344165556.0
20240304,372270322.0,157931652.0,208918102.0,0.0,5420568.0,0.0,0,0.0,73408504.0,1344165556.0
20240305,371053326.0,163129062.0,207924264.0,0.0,0.0,0.0,0,0.0,73429711.0,1344165556.0
20240306,374105783.0,163129062.0,210976721.0,0.0,0.0,0.0,0,0.0,73429711.0,1344165556.0
20240307,371116036.0,163129062.0,207986974.0,0.0,0.0,0.0,0,0.0,73429711.0,1344165556.0
20240308,373367495.0,163129062.0,210238433.0,0.0,0.0,0.0,0,0.0,73429711.0,1344165556.0
20240311,372262367.0,178268755.0,193993612.0,0.0,0.0,0.0,0,74617016.0,74309283.0,1344165556.0
20240312,367509434.0,178268755.0,189240678.0,0.0,0.0,0.0,0,0.0,74309283.0,1344165556.0
20240313,368153899.0,178268755.0,189885144.0,0.0,0.0,0.0,0,0.0,74309283.0,1344165556.0
20240314,370752348.0,214570160.0,156182188.0,0.0,0.0,0.0,0,37124672.0,74806947.0,1344165556.0
20240315,366981862.0,251463187.0,115518675.0,0.0,0.0,0.0,0,36747026.0,75294730.0,1344165556.0
20240318,366038701.0,251463187.0,114575514.0,0.0,0.0,0.0,0,0.0,75294730.0,1344165556.0
20240319,363325835.0,238222657.0,125103179.0,0.0,0.0,0.0,0,54558562.0,75713979.0,1344165556.0
20240320,363933233.0,238222657.0,125710577.0,0.0,0.0,0.0,0,0.0,75713979.0,1344165556.0
20240321,368214518.0,201388704.0,166825814.0,0.0,0.0,0.0,0,36833953.0,75838989.0,1344165556.0
20240322,367516370.0,183011441.0,184504929.0,0.0,0.0,0.0,0,18377263.0,75867878.0,1344165556.0
20240325,365801873.0,183164275.0,182637598.0,0.0,0.0,0.0,0,36609611.0,76162644.0,1344165556.0
20240326,366754021.0,183164275.0,183589746.0,0.0,0.0,0.0,0,0.0,76162644.0,1344165556.0
20240327,362283096.0,217739266.0,144543830.0,0.0,0.0,0.0,0,0.0,76311610.0,1344165556.0
20240328,356743581.0,178261552.0,178482029.0,0.0,0.0,0.0,0,107269609.0,77118176.0,1344165556.0
20240329,361062158.0,178261552.0,182800605.0,0.0,0.0,0.0,0,0.0,77118176.0,1344165556.0
20240401,361609391.0,178261552.0,183347839.0,0.0,0.0,0.0,0,0.0,77118176.0,1344165556.0
20240402,359297702.0,193270966.0,166026736.0,0.0,0.0,0.0,0,35966297.0,77473614.0,1344165556.0
20240403,358447479.0,193270966.0,165176513.0,0.0,0.0,0.0,0,0.0,77473614.0,1344165556.0
20240404,362623899.0,173688467.0,188935432.0,0.0,0.0,0.0,0,36288366.0,77731009.0,1344165556.0
20240405,354880128.0,173688467.0,181191661.0,0.0,0.0,0.0,0,0.0,77731009.0,1344165556.0
20240408,351465498.0,207780987.0,143684512.0,0.0,0.0,0.0,0,0.0,77917150.0,1344165556.0
20240409,351342560.0,279669827.0,71672733.0,0.0,0.0,0.0,0,0.0,78319357.0,1344165556.0
20240411,353209921.0,279669827.0,73540094.0,0.0,0.0,0.0,0,0.0,78319357.0,1344165556.0
20240412,355243086.0,279669827.0,75573259.0,0.0,0.0,0.0,0,0.0,78319357.0,1344165556.0
20240415,353588640.0,279669827.0,73918813.0,0.0,0.0,0.0,0,0.0,78319357.0,1344165556.0
20240416,350094254.0,279669827.0,70424427.0,0.0,0.0,0.0,0,0.0,78319357.0,1344165556.0
20240417,349145387.0,280354972.0,68790415.0,0.0,0.0,0.0,0,34945599.0,78630007.0,1344165556.0
20240418,348400382.0,259820572.0,68072366.0,0.0,20507444.0,0.0,0,0.0,78656963.0,1344165556.0
20240419,345228809.0,259820572.0,65792421.0,0.0,19615816.0,0.0,0,0.0,78656963.0,1344165556.0
20240422,342220726.0,291699915.0,32242438.0,0.0,18278374.0,0.0,0,0.0,78798532.0,1344165556.0
20240423,341952724.0,291699915.0,31356048.0,0.0,18896761.0,0.0,0,0.0,78798532.0,1344165556.0
20240424,343988008.0,289137175.0,34343389.0,0.0,20507444.0,0.0,0,34428360.0,79085892.0,1344165556.0
20240425,342471023.0,186335936.0,136504890.0,0.0,19630197.0,0.0,0,102831218.0,79385596.0,1344165556.0
20240426,345263633.0,186335936.0,139196832.0,0.0,19730865.0,0.0,0,0.0,79385596.0,1344165556.0
20240429,346175341.0,186335936.0,140122921.0,0.0,19716484.0,0.0,0,0.0,79385596.0,1344165556.0
20240430,341347664.0,152189020.0,169744163.0,0.0,19414480.0,0.0,0,34146916.0,79507091.0,1344165556.0
20240502,349295876.0,154321044.0,175847974.0,0.0,19126859.0,0.0,0,34957861.0,79799189.0,1344165556.0
20240503,344212076.0,154321044.0,171195607.0,0.0,18695426.0,0.0,0,0.0,79799189.0,1344165556.0
20240507,344952765.0,152607529.0,172715039.0,0.0,19630197.0,0.0,0,34519044.0,80032741.0,1344165556.0
20240508,346128814.0,186502270.0,139377960.0,0.0,20248584.0,0.0,0,0.0,80160529.0,1344165556.0
20240509,345393057.0,186502270.0,138527154.0,0.0,20363633.0,0.0,0,0.0,80160529.0,1344165556.0
20240510,347219536.0,186502270.0,140713160.0,0.0,20004105.0,0.0,0,0.0,80160529.0,1344165556.0
20240513,347405782.0,184832209.0,142483180.0,0.0,20090392.0,0.0,0,69602935.0,80768971.0,1344165556.0
20240514,346326490.0,184832209.0,141101886.0,0.0,20392395.0,0.0,0,0.0,80768971.0,1344165556.0
20240516,350023653.0,149825090.0,179475403.0,0.0,20723160.0,0.0,0,35007119.0,80816506.0,1344165556.0
20240517,345135264.0,149825090.0,175191020.0,0.0,20119154.0,0.0,0,0.0,80816506.0,1344165556.0
20240520,347490790.0,149825090.0,177345210.0,0.0,20320490.0,0.0,0,0.0,80816506.0,1344165556.0
20240521,347892736.0,169919056.0,177973680.0,0.0,0.0,0.0,0,0.0,80884838.0,1344165556.0
20240522,348134837.0,169919056.0,178215781.0,0.0,0.0,0.0,0,0.0,80884838.0,1344165556.0
20240523,346851955.0,166576519.0,180275436.0,0.0,0.0,0.0,0,34720766.0,81231909.0,1344165556.0
20240524,345386004.0,203489423.0,141896580.0,0.0,0.0,0.0,0,0.0,81391181.0,1344165556.0
20240527,346033906.0,202832704.0,143201202.0,0.0,0.0,0.0,0,34625702.0,81613162.0,1344165556.0
20240528,344184914.0,168403760.0,175781154.0,0.0,0.0,0.0,0,34428945.0,81717695.0,1344165556.0
20240529,343579646.0,168403760.0,175175887.0,0.0,0.0,0.0,0,0.0,81717695.0,1344165556.0
20240530,338679194.0,198249205.0,140429989.0,0.0,0.0,0.0,0,33912631.0,82151317.0,1344165556.0
20240531,338225927.0,198249205.0,139976722.0,0.0,0.0,0.0,0,0.0,82151317.0,1344165556.0
20240603,340037306.0,233314065.0,106723241.0,0.0,0.0,0.0,0,0.0,82263333.0,1344165556.0
20240604,337142395.0,233314065.0,103828329.0,0.0,0.0,0.0,0,0.0,82263333.0,1344165556.0
20240605,337508091.0,268838116.0,68669975.0,0.0,0.0,0.0,0,0.0,82436128.0,1344165556.0
20240607,338097717.0,268838116.0,69259601.0,0.0,0.0,0.0,0,0.0,82436128.0,1344165556.0
20240610,338509162.0,268838116.0,69671046.0,0.0,0.0,0.0,0,0.0,82436128.0,1344165556.0
20240611,338883870.0,215683321.0,104079081.0,0.0,19121467.0,0.0,0,33913688.0,82689137.0,1344165556.0
20240612,339060285.0,215683321.0,104744397.0,0.0,18632566.0,0.0,0,0.0,82689137.0,1344165556.0
20240613,339950628.0,147657421.0,173714963.0,0.0,18578244.0,0.0,0,68035964.0,82918328.0,1344165556.0
20240614,339230294.0,147657421.0,172967469.0,0.0,18605405.0,0.0,0,0.0,82918328.0,1344165556.0
20240617,347452188.0,145806078.0,183203672.0,0.0,18442438.0,0.0,0,34769020.0,83153844.0,1344165556.0
20240618,347056076.0,147787893.0,181124518.0,0.0,18143665.0,0.0,0,34727258.0,83375589.0,1344165556.0
20240619,354537566.0,147461643.0,188905097.0,0.0,18170826.0,0.0,0,35482885.0,83669255.0,1344165556.0
20240620,354348985.0,147461643.0,188363421.0,0.0,18523922.0,0.0,0,0.0,83669255.0,1344165556.0
20240621,350898749.0,147461643.0,185048990.0,0.0,18388116.0,0.0,0,0.0,83669255.0,1344165556.0
20240624,346822958.0,147461643.0,180973199.0,0.0,18388116.0,0.0,0,0.0,83669255.0,1344165556.0
20240625,348144976.0,147461643.0,181969283.0,0.0,18714050.0,0.0,0,0.0,83669255.0,1344165556.0
20240626,350809457.0,147461643.0,184552280.0,0.0,18795533.0,0.0,0,0.0,83669255.0,1344165556.0
20240627,351123553.0,147461643.0,184676249.0,0.0,18985661.0,0.0,0,0.0,83669255.0,1344165556.0
20240628,355520546.0,147461643.0,189127563.0,0.0,18931339.0,0.0,0,0.0,83669255.0,1344165556.0
20240701,353832993.0,147461643.0,187467172.0,0.0,18904178.0,0.0,0,0.0,83669255.0,1344165556.0
20240702,343274099.0,146957751.0,177520815.0,0.0,18795533.0,0.0,0,68775280.0,84269683.0,1344165556.0
20240703,341734918.0,146216930.0,176912583.0,0.0,18605405.0,0.0,0,34201386.0,84548024.0,1344165556.0
20240704,344617311.0,222538562.0,102957281.0,0.0,19121467.0,0.0,0,34519577.0,85149375.0,1344165556.0
20240705,345418569.0,187984715.0,137579036.0,0.0,19854819.0,0.0,0,34553848.0,85269281.0,1344165556.0
20240708,343538245.0,153621344.0,169518859.0,0.0,20398043.0,0.0,0,34363371.0,85364746.0,1344165556.0
20240709,339931404.0,171218827.0,168712577.0,0.0,0.0,0.0,0,34041835.0,85844392.0,1344165556.0
20240710,340461885.0,171218827.0,169243058.0,0.0,0.0,0.0,0,0.0,85844392.0,1344165556.0
20240711,342435725.0,169050773.0,173384952.0,0.0,0.0,0.0,0,34269435.0,86099066.0,1344165556.0
20240712,342525968.0,169214124.0,173311845.0,0.0,0.0,0.0,0,34276854.0,86343207.0,1344165556.0
20240715,345484620.0,169214124.0,176270496.0,0.0,0.0,0.0,0,0.0,86343207.0,1344165556.0
20240716,348454283.0,187522477.0,160931806.0,0.0,0.0,0.0,0,0.0,86424049.0,1344165556.0
20240717,348777471.0,187522477.0,161254994.0,0.0,0.0,0.0,0,0.0,86424049.0,1344165556.0
20240718,347053101.0,167798787.0,179254314.0,0.0,0.0,0.0,0,86901258.0,86972454.0,1344165556.0
20240719,344023346.0,167798787.0,176224559.0,0.0,0.0,0.0,0,0.0,86972454.0,1344165556.0
20240722,346858908.0,167798787.0,179060121.0,0.0,0.0,0.0,0,0.0,86972454.0,1344165556.0
20240723,354671238.0,169543638.0,185127600.0,0.0,0.0,0.0,0,17739684.0,87100413.0,1344165556.0
20240724,358022163.0,169543638.0,188478525.0,0.0,0.0,0.0,0,0.0,87100413.0,1344165556.0
20240725,353254470.0,169543638.0,183710832.0,0.0,0.0,0.0,0,0.0,87100413.0,1344165556.0
20240726,369605580.0,169543638.0,200061942.0,0.0,0.0,0.0,0,0.0,87100413.0,1344165556.0
20240729,374955742.0,169543638.0,205412104.0,0.0,0.0,0.0,0,0.0,87100413.0,1344165556.0
20240730,372220974.0,169543638.0,202677336.0,0.0,0.0,0.0,0,0.0,87100413.0,1344165556.0
20240731,369933637.0,169543638.0,200389999.0,0.0,0.0,0.0,0,0.0,87100413.0,1344165556.0
20240801,374423039.0,169543638.0,204879401.0,0.0,0.0,0.0,0,0.0,87100413.0,1344165556.0
20240802,367036783.0,169543638.0,197493145.0,0.0,0.0,0.0,0,0.0,87100413.0,1344165556.0
20240805,346672292.0,268333266.0,78339027.0,0.0,0.0,0.0,0,0.0,87501263.0,1344165556.0
20240806,350796175.0,304833838.0,45962337.0,0.0,0.0,0.0,0,0.0,87642748.0,1344165556.0
20240807,350796175.0,304833838.0,45962337.0,0.0,0.0,0.0,0,0.0,87642748.0,1344165556.0
20240808,353262447.0,304833838.0,48428609.0,0.0,0.0,0.0,0,0.0,87642748.0,1344165556.0
20240809,352365621.0,304833838.0,47531783.0,0.0,0.0,0.0,0,0.0,87642748.0,1344165556.0
20240812,351172542.0,199381743.0,151790798.0,0.0,0.0,0.0,0,105474269.0,88051104.0,1344165556.0
20240813,357653007.0,199381743.0,158271264.0,0.0,0.0,0.0,0,0.0,88051104.0,1344165556.0
20240814,358927373.0,199381743.0,159545630.0,0.0,0.0,0.0,0,0.0,88051104.0,1344165556.0
20240816,360500895.0,244923181.0,115577713.0,0.0,0.0,0.0,0,0.0,88277455.0,1344165556.0
20240819,356258605.0,173633779.0,182624826.0,0.0,0.0,0.0,0,71298508.0,88511389.0,1344165556.0
20240820,358083493.0,190293708.0,167789785.0,0.0,0.0,0.0,0,35838970.0,88819751.0,1344165556.0
20240821,355702956.0,222875382.0,132827575.0,0.0,0.0,0.0,0,0.0,88958745.0,1344165556.0
20240822,356748402.0,187181126.0,169567277.0,0.0,0.0,0.0,0,35694256.0,89152905.0,1344165556.0
20240823,358402914.0,168556855.0,189846059.0,0.0,0.0,0.0,0,53868670.0,89872680.0,1344165556.0
20240826,361114099.0,168556855.0,192557243.0,0.0,0.0,0.0,0,0.0,89872680.0,1344165556.0
20240827,360881626.0,168556855.0,192324770.0,0.0,0.0,0.0,0,0.0,89872680.0,1344165556.0
20240828,354574893.0,168556855.0,186018038.0,0.0,0.0,0.0,0,0.0,89872680.0,1344165556.0
20240829,355268007.0,168556855.0,186711152.0,0.0,0.0,0.0,0,0.0,89872680.0,1344165556.0
20240830,354230161.0,168556855.0,185673306.0,0.0,0.0,0.0,0,0.0,89872680.0,1344165556.0
20240902,352752806.0,190800390.0,161952415.0,0.0,0.0,0.0,0,35313311.0,90267022.0,1344165556.0
20240903,356078926.0,225712061.0,130366865.0,0.0,0.0,0.0,0,0.0,90412018.0,1344165556.0
20240904,353319084.0,225712061.0,127607023.0,0.0,0.0,0.0,0,0.0,90412018.0,1344165556.0
20240905,350785030.0,261041516.0,89743513.0,0.0,0.0,0.0,0,0.0,90618980.0,1344165556.0
20240906,349945280.0,295561412.0,54383868.0,0.0,0.0,0.0,0,0.0,90754123.0,1344165556.0
20240909,351167389.0,295561412.0,55605977.0,0.0,0.0,0.0,0,0.0,90754123.0,1344165556.0
20240910,351281460.0,260424304.0,90857156.0,0.0,0.0,0.0,0,35137107.0,90843737.0,1344165556.0
20240911,350753617.0,260424304.0,90329312.0,0.0,0.0,0.0,0,0.0,90843737.0,1344165556.0
20240912,349485163.0,260424304.0,89060858.0,0.0,0.0,0.0,0,0.0,90843737.0,1344165556.0
20240913,351179792.0,227631604.0,90951541.0,0.0,32596647.0,0.0,0,0.0,91039790.0,1344165556.0
20240919,353669329.0,227631604.0,94351602.0,0.0,31686122.0,0.0,0,0.0,91039790.0,1344165556.0
20240920,353662362.0,227631604.0,93822086.0,0.0,32208672.0,0.0,0,0.0,91039790.0,1344165556.0
20240923,354161038.0,192202751.0,129462469.0,0.0,32495819.0,0.0,0,35428854.0,91167287.0,1344165556.0
20240924,356642839.0,156528471.0,166071560.0,0.0,34042807.0,0.0,0,35674279.0,91267241.0,1344165556.0
20240925,354984767.0,156528471.0,163527668.0,0.0,34928627.0,0.0,0,0.0,91267241.0,1344165556.0
20240926,356162976.0,156528471.0,164153518.0,0.0,35480986.0,0.0,0,0.0,91267241.0,1344165556.0
20240927,354935696.0,191080598.0,127859871.0,0.0,35995228.0,0.0,0,0.0,91411256.0,1344165556.0
20240930,351235265.0,138377449.0,177420700.0,0.0,35437115.0,0.0,0,52703148.0,91530312.0,1344165556.0
20241002,355827911.0,138377449.0,182732014.0,0.0,34718447.0,0.0,0,0.0,91530312.0,1344165556.0
20241004,364124508.0,217256489.0,112465361.0,0.0,34402659.0,0.0,0,36504707.0,92477742.0,1344165556.0
20241007,368703017.0,143490921.0,190701903.0,0.0,34510193.0,0.0,0,73775617.0,92652810.0,1344165556.0
20241008,368385094.0,143490921.0,191544486.0,0.0,33349686.0,0.0,0,0.0,92652810.0,1344165556.0
20241010,367152593.0,143490921.0,190373204.0,0.0,33288467.0,0.0,0,0.0,92652810.0,1344165556.0
20241011,368667036.0,143490921.0,192724492.0,0.0,32451623.0,0.0,0,0.0,92652810.0,1344165556.0
20241014,370089674.0,143490921.0,193228516.0,0.0,33370237.0,0.0,0,0.0,92652810.0,1344165556.0
20241015,373853582.0,143490921.0,197456306.0,0.0,32906355.0,0.0,0,0.0,92652810.0,1344165556.0
20241016,374976466.0,143490921.0,199176586.0,0.0,32308958.0,0.0,0,0.0,92652810.0,1344165556.0
20241017,378362440.0,143490921.0,202645390.0,0.0,32226129.0,0.0,0,0.0,92652810.0,1344165556.0
20241018,378978941.0,143490921.0,202942166.0,0.0,32545853.0,0.0,0,0.0,92652810.0,1344165556.0
20241021,381045202.0,175402236.0,205642966.0,0.0,0.0,0.0,0,0.0,92846462.0,1344165556.0
20241022,383355331.0,175402236.0,207953096.0,0.0,0.0,0.0,0,0.0,92846462.0,1344165556.0
20241023,376999807.0,175402236.0,201597572.0,0.0,0.0,0.0,0,0.0,92846462.0,1344165556.0
20241024,391528991.0,175402236.0,216126756.0,0.0,0.0,0.0,0,0.0,92846462.0,1344165556.0
20241025,397654145.0,175402236.0,222251909.0,0.0,0.0,0.0,0,0.0,92846462.0,1344165556.0
20241028,399204068.0,175402236.0,223801832.0,0.0,0.0,0.0,0,0.0,92846462.0,1344165556.0
20241029,412053627.0,174809235.0,237244392.0,0.0,0.0,0.0,0,41238446.0,93191918.0,1344165556.0
20241030,386584407.0,174186215.0,212398191.0,0.0,0.0,0.0,0,38698273.0,93594832.0,1344165556.0
20241031,378459653.0,212182998.0,166276655.0,0.0,0.0,0.0,0,37886946.0,94011430.0,1344165556.0
20241101,379918502.0,249297846.0,130620656.0,0.0,0.0,0.0,0,0.0,94232865.0,1344165556.0
20241104,388064657.0,271678630.0,116386027.0,0.0,0.0,0.0,0,0.0,94350469.0,1344165556.0
20241105,397378452.0,271678630.0,125699823.0,0.0,0.0,0.0,0,0.0,94350469.0,1344165556.0
20241106,396224858.0,295294093.0,100930765.0,0.0,0.0,0.0,0,0.0,94475186.0,1344165556.0
20241107,398710777.0,295294093.0,103416684.0,0.0,0.0,0.0,0,0.0,94475186.0,1344165556.0
20241108,395390671.0,255741727.0,139648944.0,0.0,0.0,0.0,0,39552366.0,94608173.0,1344165556.0
20241111,397891144.0,204951477.0,182010884.0,0.0,10928784.0,0.0,0,39813212.0,94849149.0,1344165556.0
20241112,395060331.0,261510443.0,122724596.0,0.0,10825292.0,0.0,0,79202543.0,95857150.0,1344165556.0
20241113,390799654.0,261510443.0,118712300.0,0.0,10576910.0,0.0,0,0.0,95857150.0,1344165556.0
20241114,395073228.0,261510443.0,123047969.0,0.0,10514815.0,0.0,0,0.0,95857150.0,1344165556.0
20241115,389980302.0,183482876.0,195858420.0,0.0,10639006.0,0.0,0,78042603.0,96089861.0,1344165556.0
20241118,387303196.0,183482876.0,193077822.0,0.0,10742498.0,0.0,0,0.0,96089861.0,1344165556.0
20241119,389796214.0,183482876.0,195715729.0,0.0,10597609.0,0.0,0,0.0,96089861.0,1344165556.0
20241120,387207470.0,259355029.0,117399722.0,0.0,10452719.0,0.0,0,0.0,96449567.0,1344165556.0
20241121,384311041.0,219305926.0,154573094.0,0.0,10432021.0,0.0,0,76975033.0,97006373.0,1344165556.0
20241122,386829805.0,256596002.0,119677592.0,0.0,10556212.0,0.0,0,0.0,97179093.0,1344165556.0
20241125,395212992.0,217064798.0,167612681.0,0.0,10535513.0,0.0,0,39531204.0,97278139.0,1344165556.0
20241126,391819301.0,217064798.0,164136197.0,0.0,10618307.0,0.0,0,0.0,97278139.0,1344165556.0
20241127,391357313.0,217064798.0,163467224.0,0.0,10825292.0,0.0,0,0.0,97278139.0,1344165556.0
20241128,388800479.0,218008164.0,159884229.0,0.0,10908085.0,0.0,0,38910057.0,97582276.0,1344165556.0
20241129,385236347.0,179458326.0,194704349.0,0.0,11073673.0,0.0,0,38549838.0,97844313.0,1344165556.0
20241202,382019198.0,216285401.0,155239681.0,0.0,10494116.0,0.0,0,38272498.0,98548919.0,1344165556.0
20241203,389270398.0,177330771.0,201072938.0,0.0,10866689.0,0.0,0,38954629.0,98824816.0,1344165556.0
20241204,381643567.0,177330771.0,193673790.0,0.0,10639006.0,0.0,0,0.0,98824816.0,1344165556.0
20241205,374176316.0,245957396.0,117704105.0,0.0,10514815.0,0.0,0,0.0,99253988.0,1344165556.0
20241206,370992657.0,245957396.0,114582542.0,0.0,10452719.0,0.0,0,0.0,99253988.0,1344165556.0
20241209,366700097.0,290645819.0,76054278.0,0.0,0.0,0.0,0,0.0,99498639.0,1344165556.0
20241210,368228153.0,290645819.0,77582334.0,0.0,0.0,0.0,0,0.0,99498639.0,1344165556.0
20241211,372299518.0,290645819.0,81653699.0,0.0,0.0,0.0,0,0.0,99498639.0,1344165556.0
20241212,371538044.0,290645819.0,80892224.0,0.0,0.0,0.0,0,0.0,99498639.0,1344165556.0
20241213,370629193.0,270245699.0,80296554.0,0.0,20086940.0,0.0,0,0.0,99811819.0,1344165556.0
20241216,371452582.0,270245699.0,80674680.0,0.0,20532203.0,0.0,0,0.0,99811819.0,1344165556.0
20241217,369478809.0,288409366.0,40133721.0,0.0,40935722.0,0.0,0,0.0,100158461.0,1344165556.0
20241218,370577284.0,288409366.0,39595013.0,0.0,42572904.0,0.0,0,0.0,100158461.0,1344165556.0
20241219,370184013.0,288409366.0,38652275.0,0.0,43122371.0,0.0,0,0.0,100158461.0,1344165556.0
20241220,368805584.0,325595795.0,0.0,0.0,43209789.0,0.0,0,0.0,100547337.0,1344165556.0
20241223,369235377.0,325595795.0,0.0,0.0,43639582.0,0.0,0,0.0,100547337.0,1344165556.0
20241224,368809256.0,251801486.0,73584909.0,0.0,43422861.0,0.0,0,73803731.0,100756738.0,1344165556.0
20241226,370060029.0,251801486.0,75272605.0,0.0,42985937.0,0.0,0,0.0,100756738.0,1344165556.0
20241227,368518640.0,251801486.0,74587564.0,0.0,42129589.0,0.0,0,0.0,100756738.0,1344165556.0
20241230,366790434.0,251801486.0,73201623.0,0.0,41787325.0,0.0,0,0.0,100756738.0,1344165556.0
20250102,369633715.0,251801486.0,76052310.0,0.0,41779919.0,0.0,0,0.0,100756738.0,1344165556.0
20250103,368037373.0,251801486.0,74088962.0,0.0,42146925.0,0.0,0,0.0,100756738.0,1344165556.0
20250106,367380017.0,251801486.0,74036426.0,0.0,41542105.0,0.0,0,0.0,100756738.0,1344165556.0
20250107,367188397.0,215064864.0,111807856.0,0.0,40315678.0,0.0,0,36736623.0,100934567.0,1344165556.0
20250108,367507278.0,159918924.0,167076939.0,0.0,40511415.0,0.0,0,55145939.0,101066884.0,1344165556.0
20250109,370088238.0,159918924.0,170366183.0,0.0,39803131.0,0.0,0,0.0,101066884.0,1344165556.0
20250110,369890294.0,159918924.0,169324618.0,0.0,40646752.0,0.0,0,0.0,101066884.0,1344165556.0
20250113,368773905.0,159918924.0,168139161.0,0.0,40715819.0,0.0,0,0.0,101066884.0,1344165556.0
20250114,373666707.0,159918924.0,172423084.0,0.0,41324699.0,0.0,0,0.0,101066884.0,1344165556.0
20250115,379283429.0,179752094.0,177657761.0,0.0,21873574.0,0.0,0,0.0,101423186.0,1344165556.0
20250116,381074491.0,179752094.0,179253087.0,0.0,22069311.0,0.0,0,0.0,101423186.0,1344165556.0
20250117,379576556.0,182638226.0,196938330.0,0.0,0.0,0.0,0,18985969.0,101566011.0,1344165556.0
20250120,376767151.0,180075946.0,196691205.0,0.0,0.0,0.0,0,37709233.0,101886531.0,1344165556.0
20250121,383904592.0,177905790.0,205998802.0,0.0,0.0,0.0,0,38415426.0,102133413.0,1344165556.0
20250122,378849364.0,177905790.0,200943573.0,0.0,0.0,0.0,0,0.0,102133413.0,1344165556.0
20250123,372170898.0,177293244.0,194877653.0,0.0,0.0,0.0,0,37241606.0,102378574.0,1344165556.0
20250124,382996061.0,177293244.0,205702817.0,0.0,0.0,0.0,0,0.0,102378574.0,1344165556.0
20250131,380544712.0,177293244.0,203251468.0,0.0,0.0,0.0,0,0.0,102378574.0,1344165556.0
20250203,377382529.0,177293244.0,200089285.0,0.0,0.0,0.0,0,0.0,102378574.0,1344165556.0
20250204,388345544.0,177293244.0,211052300.0,0.0,0.0,0.0,0,0.0,102378574.0,1344165556.0
20250205,386315390.0,177293244.0,209022145.0,0.0,0.0,0.0,0,0.0,102378574.0,1344165556.0
20250206,388058033.0,177293244.0,210764789.0,0.0,0.0,0.0,0,0.0,102378574.0,1344165556.0
20250207,385421686.0,174383744.0,211037942.0,0.0,0.0,0.0,0,38566383.0,102615840.0,1344165556.0
20250210,378675896.0,174467855.0,204208041.0,0.0,0.0,0.0,0,37894033.0,102881062.0,1344165556.0
20250211,388218490.0,174467855.0,213750635.0,0.0,0.0,0.0,0,0.0,102881062.0,1344165556.0
20250212,402680521.0,169166792.0,233513729.0,0.0,0.0,0.0,0,40292169.0,103114394.0,1344165556.0
20250213,407092689.0,169166792.0,237925896.0,0.0,0.0,0.0,0,0.0,103114394.0,1344165556.0
20250214,414809172.0,169166792.0,245642380.0,0.0,0.0,0.0,0,0.0,103114394.0,1344165556.0
20250217,418357350.0,169166792.0,249190557.0,0.0,0.0,0.0,0,0.0,103114394.0,1344165556.0
20250218,427641659.0,169166792.0,258474866.0,0.0,0.0,0.0,0,0.0,103114394.0,1344165556.0
20250219,425183153.0,166154137.0,259029016.0,0.0,0.0,0.0,0,42546647.0,103397708.0,1344165556.0
20250220,416209102.0,166154137.0,250054965.0,0.0,0.0,0.0,0,0.0,103397708.0,1344165556.0
20250221,419040306.0,164999777.0,254040529.0,0.0,0.0,0.0,0,41951801.0,103870439.0,1344165556.0
20250224,413429419.0,164999777.0,248429642.0,0.0,0.0,0.0,0,0.0,103870439.0,1344165556.0
20250225,419394848.0,164999777.0,254395071.0,0.0,0.0,0.0,0,0.0,103870439.0,1344165556.0
20250226,413141479.0,164255421.0,248886058.0,0.0,0.0,0.0,0,41354725.0,104275895.0,1344165556.0
20250227,411752686.0,164255421.0,247497265.0,0.0,0.0,0.0,0,0.0,104275895.0,1344165556.0
20250228,401419319.0,201182897.0,200236422.0,0.0,0.0,0.0,0,40175469.0,104615546.0,1344165556.0
20250304,422276110.0,201182897.0,221093213.0,0.0,0.0,0.0,0,0.0,104615546.0,1344165556.0
20250305,419618652.0,159201645.0,260417006.0,0.0,0.0,0.0,0,41981252.0,104809410.0,1344165556.0
20250306,415251045.0,159201645.0,256049399.0,0.0,0.0,0.0,0,0.0,104809410.0,1344165556.0
20250307,414254111.0,155777371.0,258476740.0,0.0,0.0,0.0,0,41452205.0,105072710.0,1344165556.0
20250310,413338952.0,155777371.0,257561581.0,0.0,0.0,0.0,0,0.0,105072710.0,1344165556.0
20250311,408939834.0,155777371.0,253162464.0,0.0,0.0,0.0,0,0.0,105072710.0,1344165556.0
20250312,400452231.0,323145339.0,77306893.0,0.0,0.0,0.0,0,0.0,105687039.0,1344165556.0
20250313,402001575.0,323145339.0,78856236.0,0.0,0.0,0.0,0,0.0,105687039.0,1344165556.0
20250314,401653955.0,299460839.0,78690832.0,0.0,23502285.0,0.0,0,0.0,105869254.0,1344165556.0
20250317,405660239.0,299460839.0,80935275.0,0.0,25264125.0,0.0,0,0.0,105869254.0,1344165556.0
20250318,407300599.0,299460839.0,82077001.0,0.0,25762759.0,0.0,0,0.0,105869254.0,1344165556.0
20250319,406598542.0,218073410.0,162296981.0,0.0,26228151.0,0.0,0,81394363.0,106242527.0,1344165556.0
20250320,403070317.0,157589931.0,219218993.0,0.0,26261393.0,0.0,0,60488266.0,106427317.0,1344165556.0
20250321,399015658.0,197593949.0,175226801.0,0.0,26194908.0,0.0,0,0.0,106584497.0,1344165556.0
20250324,399927034.0,265512078.0,103994803.0,0.0,30420153.0,0.0,0,0.0,106821231.0,1344165556.0
20250325,401755272.0,247108878.0,106004819.0,0.0,48641574.0,0.0,0,0.0,106862454.0,1344165556.0
20250326,402757514.0,247108878.0,106963817.0,0.0,48684818.0,0.0,0,0.0,106862454.0,1344165556.0
20250327,400388399.0,247108878.0,105472725.0,0.0,47806796.0,0.0,0,0.0,106862454.0,1344165556.0
20250328,397989130.0,247108878.0,103765382.0,0.0,47114869.0,0.0,0,0.0,106862454.0,1344165556.0
20250331,392535972.0,303538593.0,44440555.0,0.0,44556823.0,0.0,0,0.0,107285089.0,1344165556.0
20250401,395140716.0,303538593.0,46430431.0,0.0,45171691.0,0.0,0,0.0,107285089.0,1344165556.0
20250402,395626779.0,303538593.0,47491698.0,0.0,44596487.0,0.0,0,0.0,107285089.0,1344165556.0
20250403,394263884.0,264091936.0,85541737.0,0.0,44630211.0,0.0,0,39446658.0,107487782.0,1344165556.0
20250404,393338151.0,264091936.0,85574053.0,0.0,43672162.0,0.0,0,0.0,107487782.0,1344165556.0
20250407,385811448.0,302016704.0,42848655.0,0.0,40946089.0,0.0,0,0.0,107740802.0,1344165556.0
20250408,386169942.0,345034890.0,0.0,0.0,41135053.0,0.0,0,0.0,108039066.0,1344165556.0
20250409,384851125.0,345034890.0,0.0,0.0,39816235.0,0.0,0,0.0,108039066.0,1344165556.0
20250410,388869640.0,345034890.0,0.0,0.0,43834750.0,0.0,0,0.0,108039066.0,1344165556.0
20250411,388281358.0,369245949.0,0.0,0.0,19035410.0,0.0,0,0.0,108227832.0,1344165556.0
20250414,388173430.0,369245949.0,0.0,0.0,18927482.0,0.0,0,0.0,108227832.0,1344165556.0
20250415,388146708.0,369245949.0,0.0,0.0,18900759.0,0.0,0,0.0,108227832.0,1344165556.0
20250416,387544470.0,369245949.0,0.0,0.0,18298521.0,0.0,0,0.0,108227832.0,1344165556.0
20250417,388098268.0,330425313.0,38712543.0,0.0,18960413.0,0.0,0,38820636.0,108335926.0,1344165556.0
20250418,388329976.0,291568376.0,76642570.0,0.0,20119029.0,0.0,0,38856937.0,108575317.0,1344165556.0
20250421,388178169.0,296021417.0,75971488.0,0.0,16185264.0,0.0,0,0.0,108590698.0,1344165556.0
20250422,389232540.0,312105778.0,77126762.0,0.0,0.0,0.0,0,0.0,108648498.0,1344165556.0
20250423,389113913.0,312105778.0,77008134.0,0.0,0.0,0.0,0,0.0,108648498.0,1344165556.0
20250424,391043520.0,312105778.0,78937741.0,0.0,0.0,0.0,0,0.0,108648498.0,1344165556.0
20250425,393179073.0,272752504.0,120426568.0,0.0,0.0,0.0,0,39353274.0,109002166.0,1344165556.0
20250428,392536083.0,194206990.0,198329093.0,0.0,0.0,0.0,0,78564618.0,109289175.0,1344165556.0
20250429,394434597.0,194206990.0,200227607.0,0.0,0.0,0.0,0,0.0,109289175.0,1344165556.0
20250430,398774831.0,194206990.0,204567841.0,0.0,0.0,0.0,0,0.0,109289175.0,1344165556.0
20250502,399025046.0,194206990.0,204818056.0,0.0,0.0,0.0,0,0.0,109289175.0,1344165556.0
20250507,400291348.0,194206990.0,206084358.0,0.0,0.0,0.0,0,0.0,109289175.0,1344165556.0
20250508,405718930.0,194206990.0,211511940.0,0.0,0.0,0.0,0,0.0,109289175.0,1344165556.0
20250509,405437546.0,194206990.0,211230556.0,0.0,0.0,0.0,0,0.0,109289175.0,1344165556.0
20250512,402302493.0,194206990.0,208095503.0,0.0,0.0,0.0,0,0.0,109289175.0,1344165556.0
20250513,405874281.0,194206990.0,211667291.0,0.0,0.0,0.0,0,0.0,109289175.0,1344165556.0
20250514,409197882.0,192769703.0,216428179.0,0.0,0.0,0.0,0,40965759.0,109753210.0,1344165556.0
20250515,411401537.0,192769703.0,218631834.0,0.0,0.0,0.0,0,0.0,109753210.0,1344165556.0
20250516,417291079.0,192769703.0,224521376.0,0.0,0.0,0.0,0,0.0,109753210.0,1344165556.0
20250519,416328833.0,192769703.0,223559130.0,0.0,0.0,0.0,0,0.0,109753210.0,1344165556.0
20250520,418072413.0,192769703.0,225302710.0,0.0,0.0,0.0,0,0.0,109753210.0,1344165556.0
20250521,426319834.0,192170655.0,234149179.0,0.0,0.0,0.0,0,42658593.0,110029456.0,1344165556.0
20250522,423832069.0,192170655.0,231661414.0,0.0,0.0,0.0,0,0.0,110029456.0,1344165556.0
20250523,434920159.0,192170655.0,242749504.0,0.0,0.0,0.0,0,0.0,110029456.0,1344165556.0
20250526,443109786.0,215095755.0,228014031.0,0.0,0.0,0.0,0,0.0,110119953.0,1344165556.0
20250527,453038328.0,192441069.0,260597259.0,0.0,0.0,0.0,0,22654686.0,110175337.0,1344165556.0
20250528,452351920.0,192441069.0,259910851.0,0.0,0.0,0.0,0,0.0,110175337.0,1344165556.0
20250529,479605477.0,192441069.0,287164408.0,0.0,0.0,0.0,0,0.0,110175337.0,1344165556.0
20250530,472278121.0,192441069.0,279837052.0,0.0,0.0,0.0,0,0.0,110175337.0,1344165556.0
20250602,476007500.0,192441069.0,283566431.0,0.0,0.0,0.0,0,0.0,110175337.0,1344165556.0
20250604,502704136.0,192441069.0,310263067.0,0.0,0.0,0.0,0,0.0,110175337.0,1344165556.0
20250605,503855409.0,213665606.0,290189803.0,0.0,0.0,0.0,0,0.0,110253734.0,1344165556.0
20250609,508284794.0,213665606.0,294619188.0,0.0,0.0,0.0,0,0.0,110253734.0,1344165556.0
20250610,516483278.0,187837671.0,328645606.0,0.0,0.0,0.0,0,25827935.0,110329150.0,1344165556.0
20250611,525117793.0,187837671.0,337280122.0,0.0,0.0,0.0,0,0.0,110329150.0,1344165556.0
20250612,533140376.0,187837671.0,345302704.0,0.0,0.0,0.0,0,0.0,110329150.0,1344165556.0
20250613,526510895.0,187837671.0,338673224.0,0.0,0.0,0.0,0,0.0,110329150.0,1344165556.0
20250616,555530163.0,189048065.0,366482098.0,0.0,0.0,0.0,0,27785454.0,110516531.0,1344165556.0
20250617,551016865.0,189048065.0,361968800.0,0.0,0.0,0.0,0,0.0,110516531.0,1344165556.0
20250618,550378036.0,189048065.0,361329971.0,0.0,0.0,0.0,0,0.0,110516531.0,1344165556.0
20250619,552457804.0,189048065.0,363409739.0,0.0,0.0,0.0,0,0.0,110516531.0,1344165556.0
20250620,544589057.0,189048065.0,355540992.0,0.0,0.0,0.0,0,0.0,110516531.0,1344165556.0
20250623,563799748.0,186308190.0,377491558.0,0.0,0.0,0.0,0,28197765.0,110666156.0,1344165556.0
20250624,571203884.0,186308190.0,384895694.0,0.0,0.0,0.0,0,0.0,110666156.0,1344165556.0
20250625,569770616.0,202288855.0,367481761.0,0.0,0.0,0.0,0,57035073.0,111332598.0,1344165556.0
20250626,559131245.0,202288855.0,356842391.0,0.0,0.0,0.0,0,0.0,111332598.0,1344165556.0
20250627,557207267.0,201705885.0,355501382.0,0.0,0.0,0.0,0,27871354.0,111551334.0,1344165556.0
20250630,563827585.0,201705885.0,362121700.0,0.0,0.0,0.0,0,0.0,111551334.0,1344165556.0
20250701,551304710.0,201705885.0,349598825.0,0.0,0.0,0.0,0,0.0,111551334.0,1344165556.0
20250702,544616285.0,215228921.0,329387363.0,0.0,0.0,0.0,0,81776094.0,112189402.0,1344165556.0
20250703,549016041.0,439957631.0,109058410.0,0.0,0.0,0.0,0,0.0,113233928.0,1344165556.0
20250704,540482295.0,512368169.0,28114126.0,0.0,0.0,0.0,0,0.0,113579647.0,1344165556.0
20250707,539785730.0,512368169.0,27417562.0,0.0,0.0,0.0,0,0.0,113579647.0,1344165556.0
20250708,540598389.0,512368169.0,28230221.0,0.0,0.0,0.0,0,0.0,113579647.0,1344165556.0
20250709,539981407.0,296127115.0,243854292.0,0.0,0.0,0.0,0,216394148.0,114583610.0,1344165556.0
20250710,542782251.0,296127115.0,246655135.0,0.0,0.0,0.0,0,0.0,114583610.0,1344165556.0
20250711,545437606.0,268851106.0,276586499.0,0.0,0.0,0.0,0,27276009.0,114666185.0,1344165556.0
20250714,555231155.0,271255417.0,283975738.0,0.0,0.0,0.0,0,55570952.0,115157693.0,1344165556.0
20250715,552750659.0,271255417.0,281495242.0,0.0,0.0,0.0,0,0.0,115157693.0,1344165556.0
20250716,544758347.0,271255417.0,273502930.0,0.0,0.0,0.0,0,0.0,115157693.0,1344165556.0
20250717,541885436.0,266704062.0,275181374.0,0.0,0.0,0.0,0,54227835.0,115534619.0,1344165556.0
20250718,536591561.0,265792251.0,270799310.0,0.0,0.0,0.0,0,53703442.0,115977191.0,1344165556.0
20250721,537513614.0,265792251.0,271721362.0,0.0,0.0,0.0,0,0.0,115977191.0,1344165556.0
20250722,534175724.0,260933497.0,273242227.0,0.0,0.0,0.0,0,107109458.0,117334712.0,1344165556.0
20250723,533369575.0,260819000.0,272550575.0,0.0,0.0,0.0,0,53387352.0,117837317.0,1344165556.0
20250724,533557957.0,260819000.0,272738958.0,0.0,0.0,0.0,0,0.0,117837317.0,1344165556.0
20250725,531477315.0,262294967.0,269182348.0,0.0,0.0,0.0,0,53190268.0,118261138.0,1344165556.0
20250728,524966474.0,255768282.0,269198192.0,0.0,0.0,0.0,0,105228366.0,119419654.0,1344165556.0
20250729,524916182.0,255768282.0,269147900.0,0.0,0.0,0.0,0,0.0,119419654.0,1344165556.0
20250730,515876333.0,253011614.0,262864719.0,0.0,0.0,0.0,0,51624099.0,119772221.0,1344165556.0
20250731,528407269.0,253011614.0,275395655.0,0.0,0.0,0.0,0,0.0,119772221.0,1344165556.0
20250801,524811892.0,248077520.0,276734373.0,0.0,0.0,0.0,0,78799391.0,120277036.0,1344165556.0
20250804,522849678.0,301461553.0,221388125.0,0.0,0.0,0.0,0,52354897.0,120974572.0,1344165556.0
20250805,525327949.0,249764583.0,275563366.0,0.0,0.0,0.0,0,78853885.0,121341751.0,1344165556.0
20250806,526610462.0,249764583.0,276845879.0,0.0,0.0,0.0,0,0.0,121341751.0,1344165556.0
20250807,529905125.0,249764583.0,280140543.0,0.0,0.0,0.0,0,0.0,121341751.0,1344165556.0
20250808,528041722.0,249764583.0,278277139.0,0.0,0.0,0.0,0,0.0,121341751.0,1344165556.0
20250811,519760518.0,249764583.0,269995935.0,0.0,0.0,0.0,0,0.0,121341751.0,1344165556.0
20250812,513714250.0,247399181.0,266315069.0,0.0,0.0,0.0,0,51405604.0,121676428.0,1344165556.0
20250813,516841028.0,253437889.0,263403139.0,0.0,0.0,0.0,0,155399743.0,122844041.0,1344165556.0
20250814,519073312.0,252976146.0,266097165.0,0.0,0.0,0.0,0,51942268.0,123195327.0,1344165556.0
20250818,517492726.0,252976146.0,264516579.0,0.0,0.0,0.0,0,0.0,123195327.0,1344165556.0
20250819,516758126.0,252976146.0,263781980.0,0.0,0.0,0.0,0,0.0,123195327.0,1344165556.0
20250820,515255510.0,249025167.0,266230343.0,0.0,0.0,0.0,0,51565369.0,123584517.0,1344165556.0
20250821,512348894.0,248248395.0,264100498.0,0.0,0.0,0.0,0,51283261.0,124069165.0,1344165556.0
20250822,511145186.0,248248395.0,262896791.0,0.0,0.0,0.0,0,0.0,124069165.0,1344165556.0
20250825,514685573.0,248248395.0,266437177.0,0.0,0.0,0.0,0,0.0,124069165.0,1344165556.0
20250826,513037366.0,248248395.0,264788970.0,0.0,0.0,0.0,0,0.0,124069165.0,1344165556.0
20250827,515981996.0,248248395.0,267733601.0,0.0,0.0,0.0,0,0.0,124069165.0,1344165556.0
20250828,511932462.0,247565675.0,264366787.0,0.0,0.0,0.0,0,153939472.0,125267099.0,1344165556.0
20250829,516498400.0,247565675.0,268932725.0,0.0,0.0,0.0,0,0.0,125267099.0,1344165556.0
20250901,513687329.0,247565675.0,266121654.0,0.0,0.0,0.0,0,0.0,125267099.0,1344165556.0
20250902,515873726.0,247565675.0,268308050.0,0.0,0.0,0.0,0,0.0,125267099.0,1344165556.0
20250903,513747603.0,247565675.0,266181928.0,0.0,0.0,0.0,0,0.0,125267099.0,1344165556.0
20250904,510300815.0,253075967.0,257224848.0,0.0,0.0,0.0,0,51092195.0,125901914.0,1344165556.0
20250905,512162583.0,253075967.0,259086616.0,0.0,0.0,0.0,0,0.0,125901914.0,1344165556.0
20250908,512875459.0,253075967.0,259799493.0,0.0,0.0,0.0,0,0.0,125901914.0,1344165556.0
20250909,513602640.0,253075967.0,260526673.0,0.0,0.0,0.0,0,0.0,125901914.0,1344165556.0
20250910,516868400.0,253075967.0,263792434.0,0.0,0.0,0.0,0,0.0,125901914.0,1344165556.0
20250911,522524640.0,253075967.0,269448673.0,0.0,0.0,0.0,0,0.0,125901914.0,1344165556.0
20250912,520247041.0,253075967.0,267171075.0,0.0,0.0,0.0,0,0.0,125901914.0,1344165556.0
20250915,515984424.0,253075967.0,262908458.0,0.0,0.0,0.0,0,0.0,125901914.0,1344165556.0
20250916,515861478.0,252368609.0,263492869.0,0.0,0.0,0.0,0,51623889.0,126279323.0,1344165556.0
20250917,513379846.0,255442224.0,257937622.0,0.0,0.0,0.0,0,51381965.0,126729731.0,1344165556.0
20250918,512252566.0,11619461.0,257529459.0,243103646.0,0.0,0.0,0,0.0,127448847.0,1344165556.0
20250919,513921526.0,11619461.0,255928808.0,246373257.0,0.0,0.0,0,0.0,127448847.0,1344165556.0
20250922,514738291.0,15176040.0,254552670.0,245009581.0,0.0,0.0,0,15176040.0,129382385.0,1344165556.0
20250923,510802415.0,15176040.0,253913703.0,241712671.0,0.0,0.0,0,0.0,129382385.0,1344165556.0
20250924,515697276.0,15176040.0,256418594.0,244102643.0,0.0,0.0,0,0.0,129382385.0,1344165556.0
20250925,512988700.0,15176040.0,254301650.0,243511011.0,0.0,0.0,0,0.0,129382385.0,1344165556.0
20250926,500429860.0,12972807.0,245149824.0,242307229.0,0.0,0.0,0,12972807.0,130375318.0,1344165556.0
20250929,508359005.0,14489873.0,246960318.0,246908814.0,0.0,0.0,0,14489873.0,130805921.0,1344165556.0
20250930,510567214.0,14489873.0,248464109.0,247613232.0,0.0,0.0,0,0.0,130805921.0,1344165556.0
20251001,513565339.0,65200055.0,251533365.0,196831919.0,0.0,0.0,0,0.0,131030990.0,1344165556.0
20251002,517902482.0,74485412.0,201080881.0,242336189.0,0.0,0.0,0,0.0,131577203.0,1344165556.0
20251010,524085436.0,18460875.0,258583303.0,247041257.0,0.0,0.0,0,18460875.0,131933484.0,1344165556.0
20251013,512347539.0,14715676.0,254484299.0,243147564.0,0.0,0.0,0,14715676.0,133256467.0,1344165556.0
20251014,493344324.0,18645628.0,245567110.0,229131586.0,0.0,0.0,0,0.0,133385750.0,1344165556.0
20251015,508592943.0,18645628.0,253356057.0,236591259.0,0.0,0.0,0,0.0,133385750.0,1344165556.0
20251016,511573063.0,13542885.0,255590180.0,242439999.0,0.0,0.0,0,0.0,133679881.0,1344165556.0
20251017,511047154.0,13408282.0,255321402.0,242317470.0,0.0,0.0,0,0.0,134007982.0,1344165556.0
20251020,515352605.0,13408282.0,258754217.0,243190106.0,0.0,0.0,0,0.0,134007982.0,1344165556.0
20251021,517091747.0,14161236.0,260148374.0,242782137.0,0.0,0.0,0,14161236.0,134734256.0,1344165556.0
20251022,528530962.0,56908371.0,261602685.0,210019906.0,0.0,0.0,0,26572029.0,135565522.0,1344165556.0
20251023,528096359.0,13132701.0,265238169.0,249725489.0,0.0,0.0,0,0.0,135684902.0,1344165556.0
20251024,539318226.0,69733029.0,269540511.0,200044687.0,0.0,0.0,0,53950623.0,136205643.0,1344165556.0
20251027,552301286.0,44778708.0,250353209.0,257169368.0,0.0,0.0,0,0.0,136560124.0,1344165556.0
20251028,550517140.0,44778708.0,249421903.0,256316528.0,0.0,0.0,0,0.0,136560124.0,1344165556.0
20251029,558815419.0,60458785.0,280083528.0,218273106.0,0.0,0.0,0,28015086.0,136833405.0,1344165556.0
20251030,553622525.0,13952027.0,280258080.0,259412417.0,0.0,0.0,0,0.0,137026726.0,1344165556.0
20251031,555691181.0,13952027.0,282215379.0,259523775.0,0.0,0.0,0,0.0,137026726.0,1344165556.0
20251103,570409542.0,13952027.0,292699098.0,263758417.0,0.0,0.0,0,0.0,137026726.0,1344165556.0
20251104,565816599.0,13952027.0,285814978.0,266049593.0,0.0,0.0,0,0.0,137026726.0,1344165556.0
20251105,537454238.0,103860313.0,275942587.0,157651337.0,0.0,0.0,0,53859663.0,137915610.0,1344165556.0
20251106,547308894.0,65090015.0,261097464.0,221121415.0,0.0,0.0,0,0.0,138573005.0,1344165556.0
20251107,529642916.0,37795474.0,276278954.0,215568488.0,0.0,0.0,0,37795474.0,139316719.0,1344165556.0
20251110,533976908.0,14478370.0,274795911.0,244702627.0,0.0,0.0,0,14478370.0,140089654.0,1344165556.0
20251111,538436850.0,16056801.0,276704009.0,245676040.0,0.0,0.0,0,0.0,140497795.0,1344165556.0
20251112,572349328.0,16056801.0,292349377.0,263943151.0,0.0,0.0,0,0.0,140497795.0,1344165556.0
20251113,601303849.0,24228838.0,304401948.0,272673063.0,0.0,0.0,0,24228838.0,141111258.0,1344165556.0
20251114,606539454.0,24228838.0,307798059.0,274512557.0,0.0,0.0,0,0.0,141111258.0,1344165556.0
20251117,610594753.0,24228838.0,310492595.0,275873320.0,0.0,0.0,0,0.0,141111258.0,1344165556.0
20251118,596346309.0,18388989.0,308361252.0,269596068.0,0.0,0.0,0,18388989.0,141684710.0,1344165556.0
20251119,603016610.0,16382059.0,309662775.0,276971775.0,0.0,0.0,0,0.0,142172048.0,1344165556.0
20251120,613002632.0,16475468.0,316629854.0,279897311.0,0.0,0.0,0,0.0,142744175.0,1344165556.0
20251121,609625535.0,16475468.0,314984145.0,278165923.0,0.0,0.0,0,0.0,142744175.0,1344165556.0
20251124,590692338.0,15955109.0,304992611.0,269744617.0,0.0,0.0,0,0.0,143290729.0,1344165556.0
20251125,584253970.0,63576310.0,256052171.0,264625489.0,0.0,0.0,0,0.0,143457212.0,1344165556.0
20251126,594405402.0,111864781.0,265771781.0,216768840.0,0.0,0.0,0,59462924.0,144158562.0,1344165556.0
20251127,591404282.0,109104927.0,264371436.0,217927919.0,0.0,0.0,0,0.0,144674316.0,1344165556.0
20251128,615357919.0,98793727.0,277724457.0,238839734.0,0.0,0.0,0,0.0,145259888.0,1344165556.0
20251201,619328147.0,98793727.0,279130961.0,241403459.0,0.0,0.0,0,0.0,145259888.0,1344165556.0
20251202,622002695.0,98793727.0,281562737.0,241646230.0,0.0,0.0,0,0.0,145259888.0,1344165556.0
20251203,630450454.0,8236849.0,310810575.0,311403030.0,0.0,0.0,0,8236849.0,145816598.0,1344165556.0
20251204,628121946.0,15935147.0,310951233.0,301235566.0,0.0,0.0,0,0.0,146603563.0,1344165556.0
20251205,617606922.0,15788995.0,305937023.0,295880904.0,0.0,0.0,0,0.0,147156071.0,1344165556.0
20251208,612014610.0,17201253.0,301501679.0,293311678.0,0.0,0.0,0,0.0,147615041.0,1344165556.0
20251209,613888595.0,17412339.0,301122000.0,295354255.0,0.0,0.0,0,17412339.0,148046458.0,1344165556.0
20251210,626129786.0,15765406.0,309743193.0,300621188.0,0.0,0.0,0,0.0,149062932.0,1344165556.0
20251211,619089356.0,7856244.0,312441701.0,298791411.0,0.0,0.0,0,7856244.0,149998883.0,1344165556.0
20251212,616634747.0,13344738.0,312128801.0,291161208.0,0.0,0.0,0,0.0,150816501.0,1344165556.0
20251215,622142871.0,17250500.0,314681264.0,290211106.0,0.0,0.0,0,0.0,151337000.0,1344165556.0
20251216,591252096.0,17250500.0,300413273.0,273588323.0,0.0,0.0,0,0.0,151337000.0,1344165556.0
20251217,583193739.0,108257813.0,199879499.0,275056427.0,0.0,0.0,0,0.0,152094308.0,1344165556.0
20251218,571373879.0,506079468.0,0.0,65294410.0,0.0,0.0,0,0.0,153860343.0,1344165556.0
20251219,571427385.0,571427385.0,0.0,0.0,0.0,0.0,0,0.0,154179000.0,1344165556.0
20251222,570887327.0,457168920.0,56845788.0,56872618.0,0.0,0.0,0,57142739.0,154719058.0,1344165556.0
20251223,565406837.0,287469150.0,167100065.0,110837622.0,0.0,0.0,0,113159092.0,155107679.0,1344165556.0
20251224,556309133.0,166192345.0,111586301.0,278530486.0,0.0,0.0,0,55906058.0,157384810.0,1344165556.0
20251226,556786422.0,112593124.0,169298249.0,274895048.0,0.0,0.0,0,55785762.0,158621998.0,1344165556.0
20251229,557363192.0,108286098.0,225936465.0,223140629.0,0.0,0.0,0,55998435.0,159353796.0,1344165556.0
20251230,552411387.0,53030312.0,223674651.0,275706424.0,0.0,0.0,0,0.0,159500274.0,1344165556.0
20260102,567929852.0,10361929.0,266884926.0,290682996.0,0.0,0.0,0,10361929.0,160901572.0,1344165556.0
20260105,578028848.0,10676811.0,273979294.0,293372743.0,0.0,0.0,0,10676811.0,161845654.0,1344165556.0
20260106,592674316.0,16204401.0,277060606.0,299409309.0,0.0,0.0,0,0.0,162440609.0,1344165556.0
20260107,588775683.0,23910163.0,280903189.0,283962331.0,0.0,0.0,0,23910163.0,163751238.0,1344165556.0
20260108,587119143.0,18128861.0,279287631.0,289702652.0,0.0,0.0,0,0.0,164306249.0,1344165556.0
20260109,592854495.0,18128861.0,279619812.0,295105822.0,0.0,0.0,0,0.0,164306249.0,1344165556.0
20260112,604562443.0,18031759.0,285154220.0,301376465.0,0.0,0.0,0,0.0,164775619.0,1344165556.0
20260113,603233587.0,11988935.0,289293688.0,301950964.0,0.0,0.0,0,11988935.0,165167843.0,1344165556.0
20260114,611781607.0,16944407.0,294104649.0,300732551.0,0.0,0.0,0,0.0,165614077.0,1344165556.0
20260115,632032691.0,16944407.0,300276466.0,314811819.0,0.0,0.0,0,0.0,165614077.0,1344165556.0
20260116,636838763.0,16944407.0,307272922.0,312621434.0,0.0,0.0,0,0.0,165614077.0,1344165556.0
20260119,646698124.0,48032466.0,277319526.0,321346132.0,0.0,0.0,0,0.0,165725686.0,1344165556.0
20260120,636532333.0,48032466.0,271894843.0,316605023.0,0.0,0.0,0,0.0,165725686.0,1344165556.0
20260121,630708180.0,48032466.0,268158952.0,314516761.0,0.0,0.0,0,0.0,165725686.0,1344165556.0
20260122,638893639.0,16084052.0,303795892.0,319013695.0,0.0,0.0,0,16084052.0,165800329.0,1344165556.0
20260123,667144822.0,16084052.0,319111761.0,331949008.0,0.0,0.0,0,0.0,165800329.0,1344165556.0
20260126,664991996.0,16084052.0,316979677.0,331928267.0,0.0,0.0,0,0.0,165800329.0,1344165556.0
20260127,684692836.0,16084052.0,329637889.0,338970895.0,0.0,0.0,0,0.0,165800329.0,1344165556.0
20260128,689738967.0,17904082.0,330207868.0,341627017.0,0.0,0.0,0,17904082.0,166261194.0,1344165556.0
20260129,735299377.0,17904082.0,354286479.0,363108817.0,0.0,0.0,0,0.0,166261194.0,1344165556.0
20260130,741276302.0,17904082.0,358099466.0,365272754.0,0.0,0.0,0,0.0,166261194.0,1344165556.0
20260202,696240595.0,46001224.0,307070467.0,343168903.0,0.0,0.0,0,46001224.0,166867922.0,1344165556.0
20260203,775619133.0,10615667.0,381232468.0,383770998.0,0.0,0.0,0,10615667.0,167003491.0,1344165556.0
20260204,784795879.0,19659974.0,376851521.0,388284384.0,0.0,0.0,0,19659974.0,168335092.0,1344165556.0
20260205,764257565.0,22869108.0,365560933.0,375827524.0,0.0,0.0,0,0.0,168907391.0,1344165556.0
20260206,742314223.0,16436225.0,346199633.0,379678365.0,0.0,0.0,0,16436225.0,169558976.0,1344165556.0
20260209,793720821.0,11728025.0,372519051.0,404774217.0,4699528.0,0.0,0,0.0,169567648.0,1344165556.0
20260210,795781033.0,12180639.0,374919398.0,408680996.0,0.0,0.0,0,12180639.0,169851749.0,1349132490.0
20260211,796913469.0,12180639.0,375871772.0,408861057.0,0.0,0.0,0,0.0,169851749.0,1349132490.0
20260212,831404041.0,12025520.0,387990857.0,431387663.0,0.0,0.0,0,12025520.0,170144289.0,1349132490.0
20260213,886355557.0,12025520.0,415711909.0,458618128.0,0.0,0.0,0,0.0,170144289.0,1349132490.0
20260219,939626681.0,12025520.0,439969679.0,487631482.0,0.0,0.0,0,0.0,170144289.0,1349132490.0
20260220,949701086.0,12025520.0,445155186.0,492520380.0,0.0,0.0,0,0.0,170144289.0,1349132490.0
20260223,928838086.0,12025520.0,434223618.0,482588947.0,0.0,0.0,0,0.0,170144289.0,1349132490.0
20260224,924316920.0,12025520.0,433136806.0,479154594.0,0.0,0.0,0,0.0,170144289.0,1349132490.0
20260225,954790066.0,12025520.0,448364896.0,494399650.0,0.0,0.0,0,0.0,170144289.0,1349132490.0
20260226,974442106.0,12025520.0,459353788.0,503062798.0,0.0,0.0,0,0.0,170144289.0,1349132490.0
20260227,954515292.0,12025520.0,450875132.0,491614640.0,0.0,0.0,0,0.0,170144289.0,1349132490.0
20260303,904350664.0,20876393.0,421946728.0,461527543.0,0.0,0.0,0,20876393.0,170715558.0,1349132490.0
20260304,794322310.0,54073716.0,410809211.0,329439383.0,0.0,0.0,0,54073716.0,172170171.0,1349132490.0
20260305,873846448.0,421521297.0,49795438.0,402529714.0,0.0,0.0,0,0.0,175169152.0,1349132490.0
20260306,869074127.0,664065408.0,134537580.0,70471139.0,0.0,0.0,0,87510780.0,176917806.0,1349132490.0
20260309,860829457.0,386976512.0,388014059.0,85838886.0,0.0,0.0,0,257999743.0,178319611.0,1349132490.0
20260310,851241606.0,131381813.0,383821392.0,336038402.0,0.0,0.0,0,0.0,179294295.0,1349132490.0
20260311,864484468.0,45473385.0,385764113.0,433246970.0,0.0,0.0,0,0.0,180105417.0,1349132490.0
20260312,882562663.0,80079786.0,359912446.0,442570431.0,0.0,0.0,0,80079786.0,180849102.0,1349132490.0
20260313,911852649.0,72752419.0,373220761.0,465879468.0,0.0,0.0,0,0.0,181587159.0,1349132490.0
20260316,888935536.0,72752419.0,365380410.0,450802707.0,0.0,0.0,0,0.0,181587159.0,1349132490.0
20260317,895224265.0,158067465.0,365983201.0,371173599.0,0.0,0.0,0,0.0,181956996.0,1349132490.0
20260318,912229896.0,158067465.0,373558604.0,380603827.0,0.0,0.0,0,0.0,181956996.0,1349132490.0
20260319,913795988.0,188531886.0,251320244.0,473943859.0,0.0,0.0,0,91523806.0,183401528.0,1349132490.0
20260320,910206703.0,357493896.0,253162020.0,299550788.0,0.0,0.0,0,0.0,183963648.0,1349132490.0
20260323,855760699.0,318773709.0,228258403.0,270130574.0,38598012.0,0.0,0,0.0,184085823.0,1349132490.0
20260324,877084839.0,318773709.0,237336004.0,280244573.0,40730553.0,0.0,0,0.0,184085823.0,1349132490.0
20260325,882189395.0,230523464.0,327863668.0,282325335.0,41476928.0,0.0,0,88250245.0,184398873.0,1349132490.0
20260326,857348715.0,343166092.0,184791402.0,268716930.0,60674292.0,0.0,0,0.0,185212599.0,1349132490.0
20260327,857397546.0,301599856.0,311787691.0,182905611.0,61104387.0,0.0,0,130415858.0,187136676.0,1349132490.0
20260330,839643141.0,225165594.0,384898123.0,170264887.0,59314536.0,0.0,0,83947031.0,188279643.0,1349132490.0
20260331,816098264.0,186270388.0,408535227.0,162986289.0,58306360.0,0.0,0,122488116.0,190349781.0,1349132490.0
20260401,861632496.0,193801697.0,266401500.0,401429298.0,0.0,0.0,0,0.0,192422926.0,1410725181.0
20260402,863120507.0,368351385.0,263898607.0,230870515.0,0.0,0.0,0,0.0,193365597.0,1410725181.0
20260403,856209803.0,197007521.0,431651468.0,227550814.0,0.0,0.0,0,171371018.0,194010884.0,1410725181.0
20260406,872496888.0,194920843.0,354996538.0,322579507.0,0.0,0.0,0,0.0,194799522.0,1410725181.0
20260407,873237511.0,194920843.0,352762986.0,325553682.0,0.0,0.0,0,0.0,194799522.0,1410725181.0
20260408,909402361.0,5533807.0,392053314.0,511815240.0,0.0,0.0,0,5533807.0,195479616.0,1410725181.0
20260409,925146383.0,1277032.0,396603621.0,527265730.0,0.0,0.0,0,0.0,195485501.0,1410725181.0
20260410,936906603.0,4455414.0,408717199.0,523733990.0,0.0,0.0,0,4455414.0,195583316.0,1410725181.0
20260413,925196190.0,2038971.0,399907855.0,523249364.0,0.0,0.0,0,0.0,195614094.0,1410725181.0
20260414,927375651.0,2038971.0,404216290.0,521120390.0,0.0,0.0,0,0.0,195614094.0,1410725181.0
20260415,939124827.0,88371716.0,411906512.0,438846599.0,0.0,0.0,0,0.0,196065490.0,1410725181.0
20260416,938884749.0,20393473.0,410307136.0,508184140.0,0.0,0.0,0,0.0,196374163.0,1410725181.0
20260417,971243652.0,6261841.0,429061029.0,535920781.0,0.0,0.0,0,0.0,196448876.0,1410725181.0
20260420,987457434.0,12762302.0,440669874.0,534025258.0,0.0,0.0,0,0.0,197854795.0,1410725181.0
20260421,1077545206.0,4853532.0,485028348.0,587663326.0,0.0,0.0,0,4853532.0,199055614.0,1410725181.0
20260422,1117672449.0,4853532.0,519260366.0,593558551.0,0.0,0.0,0,0.0,199055614.0,1410725181.0
20260423,1091619242.0,4853532.0,509234961.0,577530749.0,0.0,0.0,0,0.0,199055614.0,1410725181.0
20260424,1124501701.0,11160868.0,531406621.0,581934213.0,0.0,0.0,0,0.0,199346330.0,1410725181.0
20260427,1121997178.0,1021354.0,525852525.0,584993064.0,10130235.0,0.0,0,0.0,199355608.0,1410725181.0
20260428,1166066332.0,1021354.0,553695952.0,601179733.0,10169293.0,0.0,0,0.0,199355608.0,1410725181.0
20260429,1193921927.0,25730515.0,552524229.0,615667183.0,0.0,0.0,0,25730515.0,200312734.0,1420951485.0
20260430,1199237566.0,29975103.0,543513732.0,625748731.0,0.0,0.0,0,0.0,201172245.0,1420951485.0
20260504,1263597780.0,29975103.0,556485250.0,677137427.0,0.0,0.0,0,0.0,201172245.0,1420951485.0
20260506,1272568927.0,29975103.0,564261113.0,678332712.0,0.0,0.0,0,0.0,201172245.0,1420951485.0
20260507,1274683404.0,24156701.0,567982231.0,682544473.0,0.0,0.0,0,24156701.0,201863899.0,1420951485.0
20260508,1265446215.0,24156701.0,557040123.0,684249392.0,0.0,0.0,0,0.0,201863899.0,1420951485.0
20260511,1278795684.0,24156701.0,581153718.0,673485265.0,0.0,0.0,0,0.0,201863899.0,1420951485.0
20260512,1229406337.0,21821579.0,563607123.0,643977635.0,0.0,0.0,0,21821579.0,202363813.0,1420951485.0
20260513,1244365236.0,30459384.0,583541995.0,630363857.0,0.0,0.0,0,30459384.0,204171841.0,1420951485.0
20260514,1240834110.0,27582020.0,575855732.0,637396358.0,0.0,0.0,0,0.0,204894921.0,1420951485.0
20260515,1188794464.0,189105939.0,560863266.0,438825259.0,0.0,0.0,0,118710577.0,206888924.0,1420951485.0
20260518,1169973442.0,384016096.0,359964056.0,425993290.0,0.0,0.0,0,0.0,207963318.0,1420951485.0
20260519,1166734212.0,599390579.0,316952395.0,250391238.0,0.0,0.0,0,0.0,208942260.0,1420951485.0
20260520,1144617970.0,599390579.0,303762699.0,241464692.0,0.0,0.0,0,0.0,208942260.0,1420951485.0
20260521,1208121184.0,478544976.0,334938344.0,394637864.0,0.0,0.0,0,0.0,209277113.0,1420951485.0
20260522,1238118305.0,550096286.0,345330226.0,289803465.0,52888328.0,0.0,0,0.0,209953500.0,1420951485.0
20260526,1320093107.0,550096286.0,426866530.0,291226879.0,51903413.0,0.0,0,0.0,209953500.0,1420951485.0
20260527,1303905467.0,550096286.0,417274023.0,284764948.0,51770210.0,0.0,0,0.0,209953500.0,1420951485.0
20260528,1347226630.0,550096286.0,453245922.0,293311917.0,50572506.0,0.0,0,0.0,209953500.0,1420951485.0
20260529,1498902969.0,550096286.0,582744757.0,314717573.0,51344354.0,0.0,0,0.0,209953500.0,1420951485.0
20260601,1540988526.0,395957067.0,765257832.0,328748457.0,51025171.0,0.0,0,154139219.0,210357162.0,1420951485.0
20260602,1415166873.0,254349307.0,792369311.0,318434529.0,50013726.0,0.0,0,141607760.0,211267890.0,1420951485.0
20260604,1338223459.0,519692778.0,468833745.0,300409260.0,49287675.0,0.0,0,0.0,212687757.0,1420951485.0
20260605,1307865653.0,257852147.0,724140934.0,278009073.0,47863499.0,0.0,0,257852147.0,214025257.0,1420951485.0
20260608,1236044726.0,69736380.0,688790613.0,477517733.0,0.0,0.0,0,0.0,215324616.0,1465463981.0
20260609,1241819433.0,16093011.0,753462152.0,472264270.0,0.0,0.0,0,16093011.0,215460962.0,1465463981.0
20260610,1179360075.0,112224413.0,605129432.0,462006230.0,0.0,0.0,0,112224413.0,217388032.0,1465463981.0
20260611,1192048945.0,600885179.0,177751259.0,413412507.0,0.0,0.0,0,0.0,219528664.0,1465463981.0
20260612,1199397040.0,600885179.0,177461382.0,421050479.0,0.0,0.0,0,0.0,219528664.0,1465463981.0
20260615,1224590232.0,600885179.0,184831912.0,438873142.0,0.0,0.0,0,0.0,219528664.0,1465463981.0
20260616,1217516824.0,357254943.0,427286301.0,432975580.0,0.0,0.0,0,243664027.0,220331978.0,1465463981.0
20260617,1211890455.0,27843583.0,511753592.0,672293281.0,0.0,0.0,0,27843583.0,224807481.0,1465463981.0
20260618,1195494761.0,27843583.0,505191012.0,662460167.0,0.0,0.0,0,0.0,224807481.0,1465463981.0
20260619,1179822933.0,229097475.0,300446456.0,650279002.0,0.0,0.0,0,0.0,225801430.0,1465463981.0
20260622,1153194762.0,334222644.0,240742743.0,523542579.0,54686797.0,0.0,0,0.0,228466085.0,1465463981.0
20260623,1106804706.0,665533343.0,123273711.0,268615571.0,49382081.0,0.0,0,0.0,230170282.0,1465463981.0
20260624,1109599757.0,896807242.0,0.0,162349491.0,50443024.0,0.0,0,0.0,231375716.0,1465463981.0
20260625,1103530920.0,896807242.0,0.0,157148698.0,49574980.0,0.0,0,0.0,231375716.0,1465463981.0
20260626,1094548704.0,896807242.0,0.0,147587786.0,50153676.0,0.0,0,0.0,231375716.0,1465463981.0
20260629,1118323190.0,896807242.0,0.0,167793644.0,53722303.0,0.0,0,0.0,231375716.0,1465463981.0
20260630,1110652600.0,896807242.0,0.0,157711820.0,56133537.0,0.0,0,0.0,231375716.0,1465463981.0
20260701,1108059784.0,512057178.0,275918372.0,154358457.0,165725777.0,0.0,0,277451730.0,233122852.0,1465463981.0
20260702,1075577294.0,404460458.0,255279299.0,254417127.0,161420410.0,0.0,0,0.0,233512758.0,1465463981.0
20260703,1051051963.0,638865414.0,102737227.0,146144490.0,163304831.0,0.0,0,0.0,234881480.0,1465463981.0
20260706,1039711863.0,638865414.0,103164409.0,141803012.0,155879027.0,0.0,0,0.0,234881480.0,1465463981.0
20260707,1037543885.0,739903082.0,0.0,139868100.0,157772704.0,0.0,0,0.0,235380841.0,1465463981.0
20260708,1024361682.0,739903082.0,0.0,130052712.0,154405889.0,0.0,0,0.0,235380841.0,1465463981.0
20260709,1020490971.0,739903082.0,0.0,127488068.0,153099822.0,0.0,0,0.0,235380841.0,1465463981.0
20260710,1033615681.0,739903082.0,0.0,138263138.0,155449462.0,0.0,0,0.0,235380841.0,1465463981.0
20260713,1036209189.0,739903082.0,0.0,138699676.0,157606431.0,0.0,0,0.0,235380841.0,1465463981.0
20260714,1025293933.0,739903082.0,0.0,133150275.0,152240577.0,0.0,0,0.0,235380841.0,1465463981.0
20260715,1036578502.0,535550402.0,103186885.0,141963339.0,255877876.0,0.0,0,103762272.0,236425054.0,1465463981.0
20260716,1030182106.0,329401068.0,209173689.0,237181343.0,254426006.0,0.0,0,103093492.0,237177867.0,1465463981.0
20260720,1004132960.0,171929731.0,308068873.0,224416471.0,299717885.0,0.0,0,100459260.0,237637508.0,1465463981.0
20260721,1006564625.0,318278761.0,203595914.0,227676300.0,257013651.0,0.0,0,0.0,238447237.0,1465463981.0
20260722,1009953420.0,318278761.0,202918828.0,228102750.0,260653082.0,0.0,0,0.0,238447237.0,1465463981.0
20260723,1044684207.0,318278761.0,208046278.0,241403903.0,276955265.0,0.0,0,0.0,238447237.0,1465463981.0
20260724,1035975117.0,318278761.0,210501311.0,230841299.0,276353746.0,0.0,0,0.0,238447237.0,1465463981.0
20260727,1023745154.0,318278761.0,198273015.0,231021447.0,276171931.0,0.0,0,0.0,238447237.0,1465463981.0
20260728,978773231.0,502079626.0,95175937.0,119480594.0,262037074.0,0.0,0,0.0,239343652.0,1465463981.0
20260729,958488255.0,594407891.0,0.0,111984718.0,252095647.0,0.0,0,0.0,239888757.0,1465463981.0
20260730,965202205.0,710389980.0,0.0,112538065.0,142274159.0,0.0,0,0.0,240503032.0,1465463981.0
20260731,981454404.0,710389980.0,0.0,123198559.0,147865864.0,0.0,0,0.0,240503032.0,1465463981.0
20260803,975752928.0,515083657.0,97108201.0,216020379.0,147540691.0,0.0,0,97679131.0,241541412.0,1465463981.0
20260804,1024462522.0,515083657.0,111226769.0,238557157.0,159594939.0,0.0,0,0.0,241541412.0,1465463981.0
20260805,1035633078.0,515083657.0,109045852.0,237934739.0,173568830.0,0.0,0,0.0,241541412.0,1465463981.0
20260806,1043315371.0,515083657.0,113407686.0,242238052.0,172585976.0,0.0,0,0.0,241541412.0,1465463981.0
20260807,1052988708.0,515083657.0,113522471.0,250654810.0,173727769.0,0.0,0,0.0,241541412.0,1465463981.0
20260810,1077282705.0,515083657.0,111685909.0,256619132.0,193894006.0,0.0,0,0.0,241541412.0,1465463981.0
20260811,1061894632.0,515083657.0,111915479.0,250333506.0,184561989.0,0.0,0,0.0,241541412.0,1465463981.0
20260812,1074350211.0,433273357.0,115932958.0,261498597.0,263645298.0,0.0,0,0.0,242584569.0,1465463981.0
20260813,1095100473.0,534762950.0,123279205.0,269190702.0,167867615.0,0.0,0,0.0,243335533.0,1465463981.0
20260814,1122159856.0,534762950.0,134298575.0,286943951.0,166154379.0,0.0,0,0.0,243335533.0,1465463981.0
20260818,1115751308.0,616147116.0,136938633.0,280768805.0,81896753.0,0.0,0,0.0,243702362.0,1465463981.0
20260819,1115919436.0,616147116.0,137397773.0,281325001.0,81049545.0,0.0,0,0.0,243702362.0,1465463981.0
20260820,1102634919.0,454123116.0,130395882.0,278639551.0,239476369.0,0.0,0,0.0,243910707.0,1465463981.0
20260821,1103518221.0,454123116.0,133380294.0,273726877.0,242287933.0,0.0,0,0.0,243910707.0,1465463981.0
20260824,1106897260.0,454123116.0,131543733.0,284114818.0,237115592.0,0.0,0,0.0,243910707.0,1465463981.0
20260825,1120567339.0,454123116.0,139808260.0,291276161.0,235359801.0,0.0,0,0.0,243910707.0,1465463981.0
20260826,1133898397.0,454123116.0,146580582.0,297028449.0,236166250.0,0.0,0,0.0,243910707.0,1465463981.0
20260827,1137290937.0,454123116.0,141415252.0,305206757.0,236545811.0,0.0,0,0.0,243910707.0,1465463981.0
20260828,1146020973.0,454123116.0,148302358.0,312582025.0,231013473.0,0.0,0,0.0,243910707.0,1465463981.0
20260831,1142207616.0,596205131.0,145891871.0,166501808.0,233608806.0,0.0,0,0.0,244898118.0,1465463981.0
20260901,1138783822.0,596205131.0,143137028.0,162953498.0,236488165.0,0.0,0,0.0,244898118.0,1465463981.0
20260902,1113019268.0,596205131.0,137742128.0,153283336.0,225788673.0,0.0,0,0.0,244898118.0,1465463981.0
20260903,1110308701.0,596205131.0,136479492.0,153569721.0,224054357.0,0.0,0,0.0,244898118.0,1465463981.0
20260904,1124455375.0,737547986.0,0.0,155153027.0,231754362.0,0.0,0,0.0,245883272.0,1465463981.0
20260907,1134179197.0,379850456.0,0.0,154055518.0,242808196.0,357465027.0,0,0.0,246115775.0,1465463981.0
20260908,1133544322.0,379850456.0,0.0,151039186.0,244754516.0,357900164.0,0,0.0,246115775.0,1465463981.0
20260909,1147914143.0,379850456.0,0.0,164180908.0,246490275.0,357392504.0,0,0.0,246115775.0,1465463981.0
20260910,1144612659.0,231220013.0,0.0,163219073.0,391040522.0,359133052.0,0,0.0,249083386.0,1465463981.0
20260911,1130384613.0,584611475.0,0.0,156404899.0,389368239.0,0.0,0,0.0,249313240.0,1465463981.0
20260914,1113915403.0,584611475.0,0.0,151051370.0,378252558.0,0.0,0,0.0,249313240.0,1465463981.0
20260915,1116694549.0,584611475.0,0.0,155383742.0,376699332.0,0.0,0,0.0,249313240.0,1465463981.0
20260916,1115202870.0,584611475.0,0.0,153535595.0,377055800.0,0.0,0,0.0,249313240.0,1465463981.0
