202601020945,87000.0,87400.0,86400.0,86500.0,2882
202601021000,86500.0,87300.0,85700.0,85900.0,9673
202601021015,85900.0,86700.0,85900.0,86000.0,10967
202601021030,86000.0,86900.0,85900.0,86500.0,12114
202601021045,86500.0,87000.0,86400.0,86500.0,5671
202601021100,86500.0,87300.0,86500.0,86700.0,8010
202601021115,86800.0,87000.0,86400.0,86500.0,4521
202601021130,86500.0,86500.0,85900.0,86100.0,9589
202601021145,86200.0,87100.0,86200.0,86900.0,11418
202601021200,86900.0,87100.0,86500.0,86500.0,6472
202601021215,86500.0,86700.0,86000.0,86300.0,10605
202601021230,86400.0,86600.0,86100.0,86200.0,8358
202601021245,86200.0,86400.0,86000.0,86000.0,6629
202601021300,86000.0,86500.0,86000.0,86300.0,6880
202601021315,86400.0,86500.0,85800.0,85800.0,9026
202601021330,85800.0,86200.0,85700.0,85800.0,10807
202601021345,85700.0,86200.0,85700.0,86000.0,8034
202601021400,86100.0,86100.0,85800.0,85900.0,6769
202601021415,85900.0,86100.0,85800.0,85900.0,6449
202601021430,85900.0,86000.0,85800.0,85900.0,8276
202601021445,85900.0,86000.0,85800.0,85900.0,5781
202601021500,85900.0,86000.0,85800.0,85900.0,8316
202601021515,85800.0,85900.0,85500.0,85500.0,13788
202601050900,85400.0,85900.0,84900.0,85100.0,13567
202601050915,85100.0,85400.0,84800.0,85000.0,11344
202601050930,84900.0,85200.0,84500.0,84800.0,13850
202601050945,84900.0,84900.0,84100.0,84200.0,20255
202601051000,84300.0,85200.0,84000.0,84000.0,17133
202601051015,84000.0,84200.0,83700.0,83800.0,10920
202601051030,83900.0,84100.0,83800.0,84000.0,8611
202601051045,84000.0,84200.0,84000.0,84100.0,4016
202601051100,84100.0,84200.0,84000.0,84000.0,5540
202601051115,84000.0,84100.0,83800.0,83800.0,8616
202601051130,83800.0,84000.0,83700.0,83900.0,7766
202601051145,83900.0,84200.0,83900.0,84200.0,7799
202601051200,84100.0,84700.0,84100.0,84400.0,7341
202601051215,84400.0,84900.0,84400.0,84800.0,7416
202601051230,84800.0,85000.0,84000.0,84000.0,9749
202601051245,84100.0,84200.0,83900.0,84000.0,6709
202601051300,83900.0,84400.0,83900.0,84100.0,6264
202601051315,84100.0,84400.0,83900.0,84300.0,6508
202601051330,84200.0,84300.0,83900.0,84200.0,7394
202601051345,84200.0,84300.0,84000.0,84100.0,6188
202601051400,84100.0,84200.0,83600.0,83800.0,12800
202601051415,83700.0,83800.0,83700.0,83700.0,6730
202601051430,83700.0,84000.0,83600.0,83600.0,13140
202601051445,83600.0,83800.0,83600.0,83600.0,11018
202601051500,83600.0,83900.0,83600.0,83700.0,7455
202601051515,83700.0,84100.0,83700.0,83700.0,19423
202601060900,83800.0,84800.0,83500.0,84700.0,6254
202601060915,84700.0,84900.0,84100.0,84100.0,9250
202601060930,84200.0,84400.0,83800.0,83900.0,6049
202601060945,83900.0,84200.0,83700.0,83700.0,4170
202601061000,83800.0,83800.0,83500.0,83600.0,7318
202601061015,83500.0,83700.0,83000.0,83050.0,7095
202601061030,83100.0,83300.0,83000.0,83100.0,3748
202601061045,83200.0,83300.0,83000.0,83200.0,4846
202601061100,83200.0,83400.0,83100.0,83200.0,4509
202601061115,83200.0,83300.0,83100.0,83200.0,4474
202601061130,83200.0,83600.0,83000.0,83200.0,6733
202601061145,83300.0,83500.0,83100.0,83200.0,7955
202601061200,83300.0,83700.0,83000.0,83100.0,10876
202601061215,83200.0,83400.0,83000.0,83300.0,8565
202601061230,83400.0,83400.0,83100.0,83100.0,6968
202601061245,83200.0,83400.0,83100.0,83100.0,4167
202601061300,83100.0,83200.0,83000.0,83100.0,4964
202601061315,83200.0,83200.0,83000.0,83100.0,4375
202601061330,83100.0,83100.0,83000.0,83100.0,6965
202601061345,83000.0,83100.0,82700.0,83000.0,8687
202601061400,82900.0,83000.0,82500.0,82700.0,7911
202601061415,82700.0,82900.0,82600.0,82700.0,4655
202601061430,82700.0,82800.0,82400.0,82600.0,8619
202601061445,82500.0,82700.0,81600.0,82600.0,11512
202601061500,82500.0,82800.0,82400.0,82700.0,5461
202601061515,82700.0,82900.0,82500.0,82900.0,19617
202601070900,81400.0,82900.0,81400.0,82700.0,13568
202601070915,82700.0,83400.0,82400.0,83000.0,13440
202601070930,83000.0,83100.0,82400.0,82700.0,9340
202601070945,82600.0,82700.0,81800.0,82000.0,9246
202601071000,82000.0,82300.0,81800.0,82200.0,5529
202601071015,82200.0,82300.0,82000.0,82200.0,5557
202601071030,82100.0,82500.0,81900.0,82000.0,7969
202601071045,82000.0,82100.0,81800.0,82000.0,5924
202601071100,82100.0,82600.0,82000.0,82100.0,7336
202601071115,82200.0,82600.0,82100.0,82500.0,4727
202601071130,82600.0,82600.0,81900.0,82200.0,5639
202601071145,82100.0,82500.0,82100.0,82400.0,4223
202601071200,82300.0,82400.0,82300.0,82300.0,3040
202601071215,82400.0,82900.0,82100.0,82400.0,8544
202601071230,82400.0,82500.0,82100.0,82300.0,4962
202601071245,82300.0,82600.0,81900.0,82400.0,8500
202601071300,82400.0,82800.0,81100.0,82000.0,19223
202601071315,82100.0,82600.0,82000.0,82300.0,6735
202601071330,82300.0,82500.0,82100.0,82200.0,6186
202601071345,82200.0,82500.0,82100.0,82300.0,5909
202601071400,82300.0,82700.0,82300.0,82500.0,7693
202601071415,82500.0,82800.0,82500.0,82800.0,7488
202601071430,82800.0,83100.0,82700.0,82900.0,7026
202601071445,83000.0,83200.0,82700.0,82700.0,11222
202601071500,82700.0,82800.0,82100.0,82300.0,12769
202601071515,82200.0,82400.0,82100.0,82400.0,31872
202601080900,80800.0,82000.0,80600.0,81000.0,5795
202601080915,81000.0,81100.0,80200.0,80500.0,12449
202601080930,80300.0,81100.0,80300.0,80600.0,12328
202601080945,80600.0,81000.0,79900.0,79900.0,22528
202601081000,79900.0,80400.0,79700.0,79800.0,18692
202601081015,79800.0,79800.0,79000.0,79400.0,42922
202601081030,79500.0,80200.0,79300.0,79800.0,9213
202601081045,79900.0,80200.0,79600.0,79900.0,8185
202601081100,79800.0,80100.0,79800.0,80000.0,7680
202601081115,80000.0,80400.0,79900.0,80100.0,8688
202601081130,80000.0,80300.0,79800.0,79800.0,11568
202601081145,79900.0,80400.0,79800.0,80000.0,9459
202601081200,79900.0,80000.0,79700.0,79700.0,7400
202601081215,79800.0,79800.0,79500.0,79500.0,8366
202601081230,79500.0,80000.0,79400.0,79800.0,8334
202601081245,79800.0,80200.0,79700.0,79900.0,8057
202601081300,79900.0,80000.0,79800.0,80000.0,6659
202601081315,80000.0,80500.0,79800.0,80100.0,7337
202601081330,80100.0,80700.0,80000.0,80000.0,7408
202601081345,80000.0,80400.0,79900.0,79900.0,11239
202601081400,80000.0,80500.0,79700.0,80200.0,11998
202601081415,80200.0,80300.0,79700.0,79900.0,18579
202601081430,79800.0,80100.0,79700.0,79800.0,11596
202601081445,79800.0,79900.0,79400.0,79400.0,15383
202601081500,79500.0,79800.0,79200.0,79200.0,13969
202601081515,79200.0,79400.0,79000.0,79400.0,65143
202601090900,79300.0,79600.0,78700.0,78800.0,17570
202601090915,78800.0,79400.0,78400.0,78900.0,25854
202601090930,79000.0,79700.0,78800.0,79600.0,10911
202601090945,79500.0,80100.0,79300.0,79800.0,12551
202601091000,79800.0,80100.0,79600.0,79850.0,6733
202601091015,79900.0,80000.0,79500.0,79800.0,6670
202601091030,79800.0,79800.0,79600.0,79700.0,3737
202601091045,79600.0,80000.0,79600.0,80000.0,4390
202601091100,79900.0,79900.0,79500.0,79500.0,3314
202601091115,79500.0,79800.0,79500.0,79600.0,5305
202601091130,79600.0,79600.0,79100.0,79400.0,5550
202601091145,79400.0,79700.0,79300.0,79600.0,4470
202601091200,79600.0,79800.0,79300.0,79300.0,5266
202601091215,79300.0,79500.0,79200.0,79400.0,2948
202601091230,79400.0,79800.0,79200.0,79300.0,7135
202601091245,79300.0,79400.0,79300.0,79400.0,2269
202601091300,79300.0,79700.0,79300.0,79400.0,7365
202601091315,79300.0,79500.0,79100.0,79100.0,7183
202601091330,79200.0,79400.0,79000.0,79100.0,4472
202601091345,79000.0,79400.0,79000.0,79300.0,6660
202601091400,79200.0,79400.0,79100.0,79100.0,3101
202601091415,79100.0,79300.0,79000.0,79100.0,6164
202601091430,79000.0,79300.0,79000.0,79100.0,4107
202601091445,79100.0,79600.0,78900.0,79300.0,9843
202601091500,79400.0,79600.0,79200.0,79550.0,5957
202601091515,79550.0,79700.0,79500.0,79600.0,17284
202601120900,78500.0,79900.0,78000.0,79400.0,26187
202601120915,79500.0,79800.0,79500.0,79600.0,11137
202601120930,79600.0,79600.0,78900.0,78900.0,10758
202601120945,78900.0,79100.0,78900.0,78900.0,12256
202601121000,78900.0,79300.0,78900.0,79100.0,13452
202601121015,79100.0,79600.0,79000.0,79600.0,11246
202601121030,79500.0,80000.0,79300.0,79600.0,9192
202601121045,79600.0,79900.0,79400.0,79400.0,10250
202601121100,79400.0,79900.0,79400.0,79600.0,9526
202601121115,79600.0,79800.0,79400.0,79600.0,8884
202601121130,79400.0,79900.0,79300.0,79500.0,10011
202601121145,79500.0,80100.0,78900.0,79000.0,17323
202601121200,79000.0,79600.0,78900.0,79400.0,7884
202601121215,79400.0,79600.0,79200.0,79500.0,6887
202601121230,79600.0,79800.0,79300.0,79600.0,6680
202601121245,79600.0,79700.0,79400.0,79500.0,6733
202601121300,79500.0,79700.0,79400.0,79500.0,8011
202601121315,79500.0,79700.0,79500.0,79600.0,10301
202601121330,79600.0,79700.0,79400.0,79400.0,9488
202601121345,79400.0,79600.0,79400.0,79600.0,8571
202601121400,79600.0,79700.0,79500.0,79650.0,7784
202601121415,79600.0,79800.0,79500.0,79600.0,9277
202601121430,79600.0,80100.0,79500.0,79900.0,9806
202601121445,79950.0,80200.0,79500.0,79800.0,16989
202601121500,79800.0,79900.0,79700.0,79800.0,8275
202601121515,79800.0,80300.0,79600.0,79800.0,18246
202601130900,80700.0,80700.0,79700.0,80000.0,11757
202601130915,80000.0,80100.0,79600.0,79700.0,11321
202601130930,79800.0,80300.0,79700.0,79800.0,11809
202601130945,79900.0,79900.0,79100.0,79100.0,13041
202601131000,79100.0,79400.0,78900.0,79050.0,28223
202601131015,79050.0,79100.0,78800.0,78900.0,9011
202601131030,78900.0,79000.0,78600.0,78900.0,32855
202601131045,78900.0,79100.0,78800.0,78900.0,11218
202601131100,78900.0,78900.0,78700.0,78700.0,9645
202601131115,78800.0,78800.0,78600.0,78600.0,9264
202601131130,78600.0,79000.0,78600.0,78900.0,27716
202601131145,78800.0,79300.0,78600.0,79300.0,9640
202601131200,79200.0,79300.0,79200.0,79200.0,3280
202601131215,79300.0,79300.0,78900.0,79000.0,8032
202601131230,79100.0,79100.0,79000.0,79100.0,5866
202601131245,79000.0,79100.0,79000.0,79000.0,4647
202601131300,79100.0,79100.0,79000.0,79000.0,5981
202601131315,79000.0,79000.0,78700.0,78700.0,9045
202601131330,78750.0,78800.0,78400.0,78400.0,11800
202601131345,78400.0,78500.0,78200.0,78200.0,16588
202601131400,78300.0,78300.0,78100.0,78100.0,9154
202601131415,78100.0,78200.0,78100.0,78100.0,7926
202601131430,78100.0,78200.0,78100.0,78100.0,13614
202601131445,78100.0,78200.0,78100.0,78100.0,19367
202601131500,78200.0,79500.0,78100.0,79000.0,79710
202601131515,79000.0,79400.0,78900.0,79300.0,46233
202601140900,78900.0,79900.0,78900.0,79600.0,18732
202601140915,79500.0,80000.0,79300.0,79500.0,14322
202601140930,79500.0,79700.0,78700.0,79200.0,17112
202601140945,79200.0,79200.0,78400.0,78500.0,16515
202601141000,78500.0,78600.0,78300.0,78500.0,10912
202601141015,78400.0,78600.0,78200.0,78200.0,10015
202601141030,78200.0,78200.0,77800.0,78000.0,26152
202601141045,78100.0,78300.0,78000.0,78300.0,7537
202601141100,78300.0,78700.0,78200.0,78700.0,12599
202601141115,78700.0,78700.0,77900.0,78100.0,20605
202601141130,78100.0,78200.0,78000.0,78100.0,11744
202601141145,78200.0,78200.0,78100.0,78100.0,4267
202601141200,78200.0,78200.0,78000.0,78000.0,5920
202601141215,78000.0,78600.0,78000.0,78500.0,18535
202601141230,78500.0,78700.0,78400.0,78500.0,10407
202601141245,78600.0,78600.0,78500.0,78500.0,5361
202601141300,78600.0,78900.0,78300.0,78900.0,22910
202601141315,78800.0,79400.0,78700.0,79300.0,17625
202601141330,79200.0,79300.0,78500.0,79100.0,15699
202601141345,79100.0,79100.0,78600.0,78700.0,15541
202601141400,78700.0,78900.0,78500.0,78600.0,18936
202601141415,78600.0,78700.0,78400.0,78500.0,15013
202601141430,78600.0,78600.0,78500.0,78500.0,7349
202601141445,78600.0,78600.0,78200.0,78200.0,16403
202601141500,78200.0,78400.0,78100.0,78150.0,28921
202601141515,78150.0,78400.0,78000.0,78400.0,51919
202601150900,79400.0,79600.0,78100.0,78500.0,18753
202601150915,78600.0,78850.0,78300.0,78500.0,10865
202601150930,78400.0,78400.0,77700.0,77800.0,22037
202601150945,77800.0,78300.0,77800.0,78200.0,11868
202601151000,78200.0,79300.0,78200.0,79000.0,15523
202601151015,79100.0,79200.0,78800.0,78800.0,8591
202601151030,78800.0,78800.0,78400.0,78500.0,6456
202601151045,78400.0,79000.0,78400.0,78700.0,17047
202601151100,78700.0,78700.0,78300.0,78400.0,4907
202601151115,78300.0,78400.0,78100.0,78100.0,6011
202601151130,78100.0,78200.0,78000.0,78000.0,5295
202601151145,78000.0,78100.0,77800.0,77800.0,4365
202601151200,77800.0,77900.0,77300.0,77300.0,19300
202601151215,77300.0,78100.0,77300.0,77500.0,64771
202601151230,77500.0,77900.0,77200.0,77300.0,19618
202601151245,77400.0,77600.0,77100.0,77400.0,13310
202601151300,77500.0,77900.0,77000.0,77200.0,40499
202601151315,77200.0,77700.0,77100.0,77500.0,27397
202601151330,77500.0,77500.0,77000.0,77100.0,22682
202601151345,77000.0,77400.0,77000.0,77100.0,31912
202601151400,77200.0,77700.0,77100.0,77600.0,46540
202601151415,77600.0,77800.0,77300.0,77600.0,23238
202601151430,77700.0,77700.0,77200.0,77500.0,27576
202601151445,77400.0,77500.0,77300.0,77300.0,12520
202601151500,77300.0,77800.0,77300.0,77500.0,40399
202601151515,77500.0,77600.0,77500.0,77600.0,41680
202601160900,77400.0,77800.0,76700.0,77100.0,30606
202601160915,77000.0,77300.0,77000.0,77000.0,9946
202601160930,77000.0,77900.0,77000.0,77700.0,46579
202601160945,77800.0,77800.0,77400.0,77800.0,19954
202601161000,77800.0,78000.0,77500.0,77900.0,19125
202601161015,78000.0,78000.0,77600.0,77700.0,14622
202601161030,77600.0,78000.0,77600.0,77600.0,14516
202601161045,77600.0,77800.0,77500.0,77700.0,14040
202601161100,77700.0,77900.0,77700.0,77700.0,9261
202601161115,77800.0,77800.0,77300.0,77400.0,9371
202601161130,77400.0,77900.0,77300.0,77800.0,17331
202601161145,77700.0,77700.0,77500.0,77500.0,9280
202601161200,77500.0,77600.0,77500.0,77500.0,7353
202601161215,77600.0,78100.0,77500.0,77600.0,24838
202601161230,77600.0,77600.0,77500.0,77500.0,5584
202601161245,77600.0,77600.0,77200.0,77200.0,14109
202601161300,77300.0,77300.0,76900.0,76900.0,15718
202601161315,77000.0,77700.0,76900.0,77100.0,35814
202601161330,77100.0,77200.0,77000.0,77000.0,11834
202601161345,77000.0,77100.0,76900.0,76900.0,9091
202601161400,76950.0,76950.0,76700.0,76800.0,9776
202601161415,76750.0,76800.0,76500.0,76600.0,17938
202601161430,76500.0,76600.0,76500.0,76500.0,9583
202601161445,76500.0,76600.0,76500.0,76500.0,7608
202601161500,76500.0,76600.0,75300.0,76000.0,137335
202601161515,75900.0,76300.0,75700.0,76100.0,47363
202601190900,75400.0,77100.0,75300.0,76700.0,14274
202601190915,76500.0,77200.0,76500.0,77100.0,7741
202601190930,77200.0,77300.0,76800.0,77100.0,7068
202601190945,77000.0,77600.0,77000.0,77300.0,8537
202601191000,77400.0,77600.0,77300.0,77400.0,7266
202601191015,77500.0,77700.0,76900.0,76900.0,10691
202601191030,77000.0,77200.0,76900.0,77100.0,7593
202601191045,77100.0,77400.0,77100.0,77200.0,5065
202601191100,77150.0,77600.0,77150.0,77400.0,8902
202601191115,77500.0,77700.0,77300.0,77400.0,9554
202601191130,77400.0,77700.0,77300.0,77450.0,12590
202601191145,77400.0,77700.0,77400.0,77600.0,5790
202601191200,77600.0,77600.0,77200.0,77300.0,4002
202601191215,77250.0,77300.0,77200.0,77300.0,2017
202601191230,77250.0,77500.0,77200.0,77250.0,10512
202601191245,77300.0,77300.0,76800.0,76800.0,13870
202601191300,76800.0,77100.0,76500.0,76950.0,14014
202601191315,76950.0,77000.0,76900.0,77000.0,2269
202601191330,76900.0,77400.0,76900.0,77100.0,16680
202601191345,77100.0,77200.0,76900.0,76900.0,15979
202601191400,76900.0,77000.0,76600.0,76600.0,7727
202601191415,76600.0,77000.0,76300.0,76700.0,23581
202601191430,76800.0,76800.0,76400.0,76400.0,7248
202601191445,76500.0,76500.0,76200.0,76200.0,8183
202601191500,76200.0,76900.0,76200.0,76400.0,21838
202601191515,76400.0,76500.0,76300.0,76400.0,18410
202601200900,75800.0,76700.0,75500.0,76000.0,16824
202601200915,76000.0,77400.0,76000.0,76600.0,20211
202601200930,76700.0,77600.0,76600.0,77300.0,12763
202601200945,77400.0,77700.0,77000.0,77000.0,12860
202601201000,77000.0,77100.0,76900.0,77000.0,8148
202601201015,77000.0,77100.0,77000.0,77000.0,3941
202601201030,77000.0,77100.0,77000.0,77000.0,3798
202601201045,77000.0,77100.0,76400.0,76400.0,13826
202601201100,76400.0,76700.0,76400.0,76500.0,11499
202601201115,76600.0,76900.0,76500.0,76700.0,13642
202601201130,76800.0,76800.0,76300.0,76300.0,11518
202601201145,76300.0,76800.0,76300.0,76500.0,4515
202601201200,76500.0,76600.0,76300.0,76300.0,3908
202601201215,76300.0,76400.0,76200.0,76200.0,3594
202601201230,76200.0,76300.0,76000.0,76000.0,5657
202601201245,76000.0,77000.0,76000.0,76900.0,37274
202601201300,77000.0,77200.0,76500.0,76600.0,12741
202601201315,76500.0,77100.0,76400.0,76700.0,11890
202601201330,76700.0,76900.0,76700.0,76900.0,5645
202601201345,76800.0,77200.0,76800.0,77000.0,12973
202601201400,77000.0,77100.0,77000.0,77000.0,6734
202601201415,77050.0,77400.0,77000.0,77400.0,22504
202601201430,77300.0,77400.0,77000.0,77050.0,8957
202601201445,77100.0,77100.0,76900.0,76950.0,8483
202601201500,76900.0,77400.0,76900.0,77150.0,25622
202601201515,77150.0,77200.0,77100.0,77200.0,28235
202601210900,77100.0,78100.0,76200.0,77500.0,14374
202601210915,77500.0,77600.0,76500.0,76550.0,7532
202601210930,76600.0,76800.0,76100.0,76100.0,8768
202601210945,76100.0,76100.0,75700.0,75700.0,7961
202601211000,75700.0,76000.0,75700.0,75800.0,10737
202601211015,75750.0,75800.0,75500.0,75800.0,11164
202601211030,75800.0,75800.0,75500.0,75500.0,7230
202601211045,75500.0,75800.0,75500.0,75700.0,9085
202601211100,75600.0,75800.0,75500.0,75600.0,9501
202601211115,75500.0,75800.0,75500.0,75700.0,6844
202601211130,75700.0,75800.0,75300.0,75300.0,9322
202601211145,75300.0,75400.0,75000.0,75200.0,13694
202601211200,75100.0,75500.0,75100.0,75400.0,8416
202601211215,75400.0,75500.0,75300.0,75500.0,9858
202601211230,75400.0,76000.0,75400.0,75600.0,7356
202601211245,75700.0,75800.0,75600.0,75700.0,6665
202601211300,75600.0,76200.0,75500.0,75800.0,12521
202601211315,75800.0,75800.0,75700.0,75800.0,5309
202601211330,75800.0,76400.0,75700.0,75700.0,15293
202601211345,75800.0,76200.0,75700.0,76000.0,11726
202601211400,76000.0,76500.0,75800.0,76300.0,17323
202601211415,76200.0,76500.0,76000.0,76300.0,14483
202601211430,76400.0,76600.0,76200.0,76600.0,11390
202601211445,76500.0,76800.0,76500.0,76550.0,17732
202601211500,76550.0,77100.0,76550.0,77000.0,15785
202601211515,77000.0,77100.0,76600.0,76700.0,23083
202601220900,75300.0,76400.0,75000.0,75700.0,23135
202601220915,75700.0,75700.0,75000.0,75200.0,19544
202601220930,75200.0,75700.0,74700.0,75600.0,47505
202601220945,75600.0,76100.0,75200.0,76000.0,32233
202601221000,76000.0,77100.0,76000.0,76600.0,31156
202601221015,76600.0,76900.0,76500.0,76700.0,18076
202601221030,76700.0,76700.0,76000.0,76300.0,16540
202601221045,76300.0,76600.0,76000.0,76300.0,16061
202601221100,76200.0,76400.0,76000.0,76000.0,11209
202601221115,76100.0,76400.0,76000.0,76200.0,10903
202601221130,76100.0,76400.0,75600.0,76200.0,19222
202601221145,76300.0,76500.0,76200.0,76500.0,7246
202601221200,76400.0,76500.0,76400.0,76500.0,5015
202601221215,76500.0,76500.0,76400.0,76400.0,5836
202601221230,76400.0,76500.0,76400.0,76500.0,7415
202601221245,76400.0,76500.0,76400.0,76400.0,5247
202601221300,76400.0,76500.0,76300.0,76300.0,12413
202601221315,76200.0,76600.0,76200.0,76600.0,16939
202601221330,76600.0,76800.0,76500.0,76500.0,12552
202601221345,76500.0,76600.0,76500.0,76500.0,6233
202601221400,76500.0,76600.0,76200.0,76200.0,16170
202601221415,76250.0,76500.0,76100.0,76100.0,22096
202601221430,76100.0,76400.0,76000.0,76200.0,18887
202601221445,76200.0,76900.0,76200.0,76700.0,21412
202601221500,76700.0,76800.0,76200.0,76300.0,26061
202601221515,76300.0,77000.0,76200.0,76600.0,47388
202601230900,75900.0,76600.0,75800.0,76400.0,8223
202601230915,76300.0,76800.0,76300.0,76400.0,7257
202601230930,76400.0,76400.0,76200.0,76200.0,3882
202601230945,76200.0,76300.0,76200.0,76200.0,3084
202601231000,76200.0,76700.0,76200.0,76600.0,12302
202601231015,76700.0,76900.0,76400.0,76400.0,6150
202601231030,76400.0,76800.0,76300.0,76400.0,7642
202601231045,76300.0,76400.0,76100.0,76100.0,5647
202601231100,76100.0,76200.0,75900.0,76000.0,8799
202601231115,76000.0,76800.0,75900.0,76600.0,21949
202601231130,76700.0,76700.0,76400.0,76400.0,8375
202601231145,76400.0,76500.0,76400.0,76400.0,1984
202601231200,76400.0,76500.0,76300.0,76300.0,6651
202601231215,76300.0,76400.0,76300.0,76300.0,3156
202601231230,76400.0,76400.0,76300.0,76300.0,5963
202601231245,76300.0,76400.0,76300.0,76300.0,3569
202601231300,76300.0,76400.0,76300.0,76300.0,4759
202601231315,76400.0,76400.0,76300.0,76300.0,17422
202601231330,76300.0,76400.0,76300.0,76300.0,12451
202601231345,76400.0,77800.0,76300.0,76600.0,63048
202601231400,76600.0,77000.0,76500.0,76700.0,10446
202601231415,76700.0,76800.0,76500.0,76500.0,6934
202601231430,76500.0,76600.0,76500.0,76500.0,5428
202601231445,76500.0,77500.0,76300.0,76800.0,46708
202601231500,76700.0,76900.0,76400.0,76600.0,22234
202601231515,76600.0,77400.0,76400.0,77400.0,40656
202601260900,77600.0,78300.0,77300.0,78200.0,8502
202601260915,78200.0,78300.0,77100.0,77200.0,6894
202601260930,77200.0,77400.0,76900.0,77100.0,8295
202601260945,77100.0,77100.0,76800.0,76900.0,5103
202601261000,76900.0,77000.0,76700.0,76700.0,10314
202601261015,76800.0,77200.0,76500.0,77100.0,14225
202601261030,77000.0,77100.0,76600.0,76600.0,3333
202601261045,76600.0,76700.0,76300.0,76400.0,12406
202601261100,76400.0,76500.0,76000.0,76100.0,26741
202601261115,76200.0,76200.0,76000.0,76000.0,13134
202601261130,76000.0,76300.0,75900.0,76000.0,7704
202601261145,76000.0,76000.0,75900.0,75900.0,6019
202601261200,75900.0,76000.0,75800.0,75800.0,3962
202601261215,75800.0,75900.0,75700.0,75700.0,4064
202601261230,75800.0,75800.0,75600.0,75600.0,6208
202601261245,75600.0,75900.0,75600.0,75800.0,16972
202601261300,75900.0,75900.0,75600.0,75600.0,6577
202601261315,75600.0,75600.0,75500.0,75600.0,8736
202601261330,75500.0,75900.0,75400.0,75700.0,18312
202601261345,75600.0,75700.0,75300.0,75400.0,15869
202601261400,75300.0,75500.0,75300.0,75400.0,14001
202601261415,75300.0,75500.0,75300.0,75300.0,13337
202601261430,75300.0,75400.0,75200.0,75200.0,18305
202601261445,75200.0,75500.0,75100.0,75300.0,19932
202601261500,75300.0,75500.0,75100.0,75200.0,13131
202601261515,75300.0,75400.0,75150.0,75300.0,20356
202601270900,75200.0,76000.0,75200.0,75900.0,5133
202601270915,75900.0,76100.0,75100.0,75300.0,7742
202601270930,75300.0,75700.0,75200.0,75300.0,6122
202601270945,75300.0,75500.0,75100.0,75400.0,6337
202601271000,75400.0,75800.0,75300.0,75600.0,5162
202601271015,75600.0,75700.0,75400.0,75600.0,4838
202601271030,75700.0,75700.0,75500.0,75500.0,3881
202601271045,75500.0,75900.0,75500.0,75800.0,9057
202601271100,75800.0,76500.0,75800.0,76300.0,7507
202601271115,76300.0,76700.0,76300.0,76400.0,7707
202601271130,76400.0,76800.0,76400.0,76600.0,8953
202601271145,76700.0,76800.0,76500.0,76700.0,6376
202601271200,76600.0,76600.0,76300.0,76300.0,7774
202601271215,76500.0,76500.0,76100.0,76100.0,6688
202601271230,76200.0,76200.0,75800.0,75800.0,7304
202601271245,75900.0,76600.0,75800.0,76200.0,14802
202601271300,76300.0,76500.0,76100.0,76300.0,9250
202601271315,76300.0,76400.0,76000.0,76000.0,6915
202601271330,76100.0,76400.0,76000.0,76000.0,10188
202601271345,76100.0,76400.0,75900.0,75900.0,15094
202601271400,75900.0,76000.0,75800.0,75800.0,7336
202601271415,75800.0,75900.0,75600.0,75600.0,10225
202601271430,75700.0,75700.0,75600.0,75600.0,11677
202601271445,75600.0,75700.0,75600.0,75600.0,10424
202601271500,75600.0,76200.0,75600.0,76000.0,38638
202601271515,75900.0,76300.0,75500.0,75900.0,41251
202601280900,76300.0,76700.0,76100.0,76200.0,8206
202601280915,76200.0,76600.0,76200.0,76500.0,5557
202601280930,76400.0,77000.0,76400.0,76700.0,9916
202601280945,76700.0,77000.0,76600.0,76600.0,6322
202601281000,76600.0,77000.0,76600.0,76900.0,8545
202601281015,76900.0,77100.0,76700.0,76800.0,6020
202601281030,76900.0,77500.0,76800.0,77400.0,7495
202601281045,77400.0,77900.0,77300.0,77700.0,10449
202601281100,77600.0,78000.0,77500.0,77800.0,10468
202601281115,77800.0,78000.0,77600.0,77800.0,9424
202601281130,77800.0,78300.0,77600.0,78100.0,9204
202601281145,78100.0,78500.0,78100.0,78100.0,9778
202601281200,78200.0,78400.0,78100.0,78200.0,7224
202601281215,78200.0,78500.0,78100.0,78400.0,7832
202601281230,78400.0,78900.0,78400.0,78400.0,14214
202601281245,78500.0,78800.0,78400.0,78600.0,7169
202601281300,78600.0,79300.0,78500.0,79200.0,17209
202601281315,79200.0,80000.0,79000.0,79700.0,28033
202601281330,79700.0,79800.0,79300.0,79700.0,20489
202601281345,79700.0,79800.0,79400.0,79600.0,17803
202601281400,79600.0,79800.0,79400.0,79700.0,21128
202601281415,79700.0,79700.0,79100.0,79200.0,36748
202601281430,79100.0,79500.0,78900.0,79200.0,25549
202601281445,79100.0,79700.0,79000.0,79700.0,37773
202601281500,79600.0,79800.0,79100.0,79200.0,30272
202601281515,79200.0,79800.0,79100.0,79600.0,26824
202601290900,79500.0,80000.0,79100.0,79600.0,12034
202601290915,79600.0,79700.0,78500.0,78900.0,12022
202601290930,78900.0,79300.0,78600.0,78800.0,14545
202601290945,78800.0,79700.0,78800.0,79400.0,9617
202601291000,79400.0,79700.0,79100.0,79400.0,7686
202601291015,79400.0,79800.0,79400.0,79400.0,7857
202601291030,79500.0,79700.0,79300.0,79400.0,7421
202601291045,79400.0,79500.0,79100.0,79300.0,8285
202601291100,79400.0,79700.0,79200.0,79700.0,9028
202601291115,79700.0,80100.0,79600.0,79750.0,11619
202601291130,79800.0,80200.0,79700.0,79800.0,10900
202601291145,79900.0,80100.0,79800.0,80000.0,7569
202601291200,80000.0,80200.0,79900.0,80200.0,7131
202601291215,80200.0,80200.0,79900.0,80000.0,9075
202601291230,80000.0,80100.0,79900.0,80000.0,3357
202601291245,80000.0,80200.0,79800.0,80200.0,11905
202601291300,80200.0,80200.0,79700.0,79800.0,7982
202601291315,79750.0,80000.0,79700.0,79900.0,10501
202601291330,79900.0,80100.0,79800.0,80000.0,11888
202601291345,80000.0,80700.0,80000.0,80700.0,22509
202601291400,80600.0,80900.0,80600.0,80700.0,16337
202601291415,80700.0,81000.0,80600.0,80900.0,20018
202601291430,81000.0,81500.0,80800.0,81300.0,16459
202601291445,81300.0,82400.0,81100.0,82200.0,60679
202601291500,82200.0,82900.0,82000.0,82500.0,61473
202601291515,82500.0,82600.0,81600.0,81600.0,35206
202601300900,81900.0,82300.0,81500.0,81900.0,14053
202601300915,82200.0,82500.0,81700.0,82200.0,8407
202601300930,82200.0,82900.0,82000.0,82700.0,12327
202601300945,82700.0,82800.0,82000.0,82100.0,9391
202601301000,82100.0,82300.0,81700.0,82100.0,8611
202601301015,82100.0,82100.0,81100.0,81200.0,8557
202601301030,81100.0,81200.0,80500.0,80700.0,14342
202601301045,80700.0,81000.0,80600.0,80700.0,7561
202601301100,80750.0,81300.0,80400.0,81200.0,9580
202601301115,81300.0,81300.0,80900.0,81000.0,8005
202601301130,81000.0,81700.0,80900.0,81700.0,9484
202601301145,81700.0,82400.0,81600.0,82200.0,7397
202601301200,82300.0,82400.0,82200.0,82300.0,5331
202601301215,82400.0,82800.0,82300.0,82700.0,14232
202601301230,82600.0,82700.0,82400.0,82500.0,8280
202601301245,82400.0,82600.0,82300.0,82300.0,9039
202601301300,82300.0,82900.0,82300.0,82600.0,12311
202601301315,82700.0,83400.0,82600.0,83100.0,20448
202601301330,83100.0,84200.0,83000.0,84000.0,31897
202601301345,84000.0,85800.0,83600.0,85000.0,71607
202601301400,84900.0,85400.0,84700.0,84800.0,26760
202601301415,84900.0,85300.0,84200.0,84600.0,36900
202601301430,84600.0,84800.0,84200.0,84300.0,31641
202601301445,84300.0,84700.0,84100.0,84200.0,31801
202601301500,84200.0,84400.0,83700.0,83700.0,24075
202601301515,83750.0,84200.0,83300.0,83400.0,68085
202602020900,83300.0,83600.0,81300.0,82200.0,13300
202602020915,82200.0,82900.0,82000.0,82100.0,7791
202602020930,82000.0,83200.0,81700.0,83200.0,15215
202602020945,83200.0,83300.0,82600.0,83100.0,9090
202602021000,83000.0,83200.0,82600.0,83200.0,11388
202602021015,83100.0,83300.0,82800.0,83100.0,6090
202602021030,83000.0,83300.0,82900.0,83100.0,8535
202602021045,83000.0,83100.0,82200.0,82600.0,13783
202602021100,82600.0,82800.0,82200.0,82600.0,16694
202602021115,82600.0,82600.0,82100.0,82600.0,14887
202602021130,82600.0,83100.0,82200.0,82800.0,10579
202602021145,82800.0,82900.0,82100.0,82700.0,11256
202602021200,82700.0,82800.0,82200.0,82400.0,10554
202602021215,82400.0,82600.0,82000.0,82300.0,21365
202602021230,82300.0,83100.0,82300.0,82300.0,9800
202602021245,82300.0,82400.0,81800.0,82300.0,29766
202602021300,82400.0,82400.0,81800.0,82200.0,34874
202602021315,82100.0,82900.0,82000.0,82600.0,17049
202602021330,82500.0,83100.0,82400.0,83100.0,13454
202602021345,83100.0,83300.0,83000.0,83200.0,17124
202602021400,83200.0,83300.0,83000.0,83200.0,11735
202602021415,83200.0,83200.0,82500.0,82700.0,13770
202602021430,82600.0,82700.0,82200.0,82300.0,15611
202602021445,82400.0,82600.0,81400.0,81800.0,38349
202602021500,81900.0,82100.0,81600.0,82100.0,27011
202602021515,82100.0,83600.0,82000.0,83600.0,81154
202602030900,84200.0,86100.0,83100.0,83500.0,31618
202602030915,83600.0,84000.0,82100.0,82300.0,15971
202602030930,82300.0,83700.0,82300.0,83200.0,19704
202602030945,83200.0,83200.0,82700.0,82800.0,7631
202602031000,82800.0,83300.0,82400.0,83200.0,22656
202602031015,83200.0,83200.0,82700.0,83000.0,15893
202602031030,83000.0,83000.0,82500.0,82700.0,12067
202602031045,82700.0,82700.0,82600.0,82600.0,8487
202602031100,82600.0,82800.0,82500.0,82500.0,17527
202602031115,82600.0,83500.0,82500.0,83300.0,21443
202602031130,83300.0,83700.0,83200.0,83400.0,16759
202602031145,83300.0,83900.0,83300.0,83600.0,16178
202602031200,83600.0,83900.0,83500.0,83500.0,10314
202602031215,83500.0,84100.0,83500.0,83700.0,17686
202602031230,83700.0,84000.0,83700.0,83700.0,13113
202602031245,83700.0,84600.0,83700.0,84600.0,31193
202602031300,84500.0,84700.0,83600.0,84100.0,23717
202602031315,84100.0,84200.0,83900.0,83900.0,12184
202602031330,84000.0,84600.0,83900.0,84300.0,30234
202602031345,84400.0,84400.0,84100.0,84200.0,14748
202602031400,84200.0,84600.0,83800.0,84400.0,28066
202602031415,84400.0,84900.0,84300.0,84600.0,25810
202602031430,84700.0,84700.0,84300.0,84600.0,15684
202602031445,84500.0,84900.0,84500.0,84900.0,22411
202602031500,84800.0,85100.0,84800.0,85000.0,29133
202602031515,85000.0,85200.0,84500.0,84700.0,43957
202602040900,84100.0,87700.0,84000.0,86700.0,25734
202602040915,86800.0,87000.0,86000.0,86000.0,6622
202602040930,86000.0,86900.0,85900.0,86000.0,9302
202602040945,86000.0,86600.0,85600.0,86400.0,9880
202602041000,86500.0,87100.0,86100.0,86600.0,16974
202602041015,86500.0,86700.0,85700.0,86400.0,15646
202602041030,86400.0,86500.0,86000.0,86300.0,5473
202602041045,86200.0,86300.0,85900.0,86000.0,3932
202602041100,86000.0,86400.0,86000.0,86300.0,15644
202602041115,86300.0,86300.0,85800.0,85900.0,7999
202602041130,85900.0,86100.0,85800.0,85800.0,5809
202602041145,85800.0,85900.0,85600.0,85600.0,5710
202602041200,85600.0,85700.0,85500.0,85600.0,8205
202602041215,85600.0,86200.0,85600.0,85800.0,12443
202602041230,85800.0,86200.0,85800.0,86100.0,3969
202602041245,86100.0,86200.0,86100.0,86100.0,1321
202602041300,86100.0,86400.0,85600.0,86100.0,34306
202602041315,86200.0,86200.0,85800.0,86000.0,11399
202602041330,85900.0,86200.0,85800.0,85900.0,14041
202602041345,86000.0,86000.0,85600.0,85800.0,11936
202602041400,85700.0,85800.0,85500.0,85600.0,16207
202602041415,85500.0,85600.0,85500.0,85500.0,11405
202602041430,85600.0,85600.0,85400.0,85400.0,14541
202602041445,85400.0,85500.0,85200.0,85200.0,13107
202602041500,85200.0,86300.0,85100.0,86200.0,51070
202602041515,86200.0,86700.0,86100.0,86100.0,22286
202602050900,85900.0,86400.0,85400.0,85900.0,13558
202602050915,85800.0,85900.0,84700.0,84800.0,14062
202602050930,84900.0,85100.0,83700.0,83900.0,14005
202602050945,84000.0,84700.0,83800.0,84300.0,11847
202602051000,84400.0,84800.0,84200.0,84700.0,7175
202602051015,84800.0,86000.0,84700.0,85800.0,16157
202602051030,85800.0,86400.0,85800.0,86100.0,9126
202602051045,86200.0,86200.0,85600.0,85600.0,11773
202602051100,85600.0,85800.0,84900.0,85000.0,15039
202602051115,85000.0,85400.0,84800.0,85300.0,7123
202602051130,85300.0,85600.0,85100.0,85500.0,6383
202602051145,85400.0,85500.0,84700.0,84800.0,9633
202602051200,84900.0,84900.0,84400.0,84600.0,6629
202602051215,84500.0,84700.0,84300.0,84400.0,7724
202602051230,84500.0,84500.0,84100.0,84500.0,7001
202602051245,84500.0,84500.0,84100.0,84300.0,8186
202602051300,84200.0,84500.0,84000.0,84100.0,10976
202602051315,84200.0,84200.0,83600.0,84100.0,17451
202602051330,84000.0,84200.0,84000.0,84100.0,7117
202602051345,84100.0,84700.0,84100.0,84100.0,14617
202602051400,84200.0,84200.0,83500.0,83500.0,9026
202602051415,83600.0,83600.0,83100.0,83600.0,17858
202602051430,83600.0,84000.0,83500.0,83600.0,14349
202602051445,83500.0,83600.0,83300.0,83500.0,12881
202602051500,83500.0,83600.0,83200.0,83500.0,19044
202602051515,83500.0,83900.0,83400.0,83700.0,13717
202602060900,81800.0,85200.0,81100.0,81400.0,24887
202602060915,81400.0,81700.0,79900.0,80600.0,20118
202602060930,80600.0,81200.0,79800.0,79900.0,18073
202602060945,79900.0,80100.0,77500.0,77800.0,49687
202602061000,77600.0,78500.0,76500.0,77700.0,29333
202602061015,77800.0,77800.0,77300.0,77600.0,23756
202602061030,77600.0,78200.0,77500.0,78100.0,16436
202602061045,78100.0,79000.0,78100.0,78500.0,18280
202602061100,78700.0,78700.0,78000.0,78200.0,18407
202602061115,78100.0,78300.0,77800.0,77900.0,18980
202602061130,77900.0,78400.0,77900.0,78200.0,17185
202602061145,78200.0,78300.0,77800.0,77900.0,20047
202602061200,77800.0,78200.0,77700.0,77800.0,16872
202602061215,77800.0,77800.0,77400.0,77500.0,18291
202602061230,77500.0,77600.0,77200.0,77200.0,15583
202602061245,77300.0,77300.0,76900.0,77100.0,26536
202602061300,77000.0,77100.0,77000.0,77000.0,12668
202602061315,77000.0,77500.0,76900.0,77400.0,29008
202602061330,77400.0,77400.0,77100.0,77200.0,18615
202602061345,77100.0,77400.0,76900.0,77200.0,26392
202602061400,77200.0,77300.0,76800.0,77200.0,26187
202602061415,77200.0,78100.0,76900.0,78000.0,38244
202602061430,78100.0,79100.0,77600.0,78200.0,24992
202602061445,78100.0,78400.0,78100.0,78100.0,22709
202602061500,78100.0,78600.0,78000.0,78400.0,27231
202602061515,78400.0,78800.0,78200.0,78200.0,25580
202602090900,79500.0,81200.0,79300.0,81100.0,27318
202602090915,81100.0,83000.0,80900.0,82900.0,17909
202602090930,83000.0,84000.0,82700.0,83600.0,16604
202602090945,83700.0,83800.0,82900.0,83100.0,11367
202602091000,83100.0,83500.0,82700.0,83400.0,12639
202602091015,83400.0,83500.0,82300.0,82400.0,11083
202602091030,82400.0,82800.0,82000.0,82500.0,11620
202602091045,82500.0,82700.0,82300.0,82600.0,9697
202602091100,82600.0,82700.0,81700.0,81900.0,14186
202602091115,82000.0,82100.0,81600.0,81900.0,11623
202602091130,81900.0,82200.0,81600.0,81800.0,11878
202602091145,81700.0,82000.0,81300.0,81500.0,9989
202602091200,81500.0,82000.0,81500.0,81800.0,10548
202602091215,81800.0,81900.0,81200.0,81300.0,9588
202602091230,81300.0,82000.0,81300.0,81800.0,10251
202602091245,81700.0,82000.0,81500.0,81900.0,9239
202602091300,81900.0,82000.0,81100.0,81900.0,12100
202602091315,81900.0,82200.0,81800.0,82100.0,10331
202602091330,82000.0,82500.0,81800.0,82100.0,12954
202602091345,82000.0,82100.0,81700.0,81800.0,8459
202602091400,81900.0,82100.0,81800.0,81900.0,10306
202602091415,81900.0,82300.0,81900.0,82000.0,12595
202602091430,82000.0,82300.0,82000.0,82200.0,10200
202602091445,82200.0,82300.0,82000.0,82000.0,10640
202602091500,82000.0,82600.0,82000.0,82300.0,20539
202602091515,82200.0,82700.0,82200.0,82600.0,28603
202602100900,82300.0,83400.0,81500.0,83100.0,12743
202602100915,83200.0,84800.0,83100.0,84700.0,15604
202602100930,84700.0,85600.0,84500.0,85500.0,15739
202602100945,85500.0,88400.0,85400.0,88000.0,40936
202602101000,88100.0,89200.0,88100.0,88400.0,36133
202602101015,88400.0,89000.0,88000.0,88400.0,34081
202602101030,88400.0,89100.0,88100.0,89000.0,32646
202602101045,89000.0,89500.0,87900.0,88500.0,21320
202602101100,88400.0,88900.0,88200.0,88700.0,11148
202602101115,88600.0,89100.0,88300.0,89100.0,10725
202602101130,89000.0,89500.0,88900.0,89000.0,12536
202602101145,89000.0,89300.0,88800.0,89000.0,11809
202602101200,89000.0,89100.0,88600.0,88600.0,9595
202602101215,88700.0,88900.0,88300.0,88800.0,11087
202602101230,88800.0,89300.0,88800.0,89000.0,10392
202602101245,89000.0,89600.0,89000.0,89100.0,11287
202602101300,89100.0,89400.0,88800.0,89000.0,11670
202602101315,89000.0,89400.0,88900.0,89100.0,10431
202602101330,89100.0,89400.0,88800.0,88800.0,13408
202602101345,88900.0,88900.0,88000.0,88100.0,12796
202602101400,88000.0,88300.0,87900.0,88200.0,11351
202602101415,88100.0,88300.0,87900.0,88100.0,11468
202602101430,88100.0,88300.0,87900.0,88000.0,10310
202602101445,88000.0,88300.0,87600.0,88300.0,19095
202602101500,88200.0,88300.0,87700.0,88100.0,17358
202602101515,88000.0,88200.0,87300.0,87300.0,39420
202602110900,87200.0,87400.0,86000.0,86400.0,14332
202602110915,86500.0,86800.0,85700.0,86700.0,12122
202602110930,86700.0,87400.0,86500.0,87300.0,13243
202602110945,87300.0,87800.0,87000.0,87400.0,10182
202602111000,87300.0,88800.0,87100.0,88200.0,13442
202602111015,88200.0,89100.0,88100.0,88400.0,11695
202602111030,88400.0,89100.0,87100.0,88100.0,14519
202602111045,88000.0,88300.0,87200.0,87400.0,10008
202602111100,87500.0,87800.0,86900.0,87400.0,10270
202602111115,87400.0,87400.0,86900.0,87200.0,7416
202602111130,87200.0,87900.0,87000.0,87500.0,8584
202602111145,87600.0,87600.0,86900.0,87200.0,6112
202602111200,87200.0,87400.0,86900.0,87100.0,8874
202602111215,87000.0,87300.0,86800.0,87200.0,7119
202602111230,87100.0,87300.0,86900.0,87200.0,5775
202602111245,87200.0,87900.0,86800.0,86900.0,11698
202602111300,86900.0,87200.0,86500.0,86600.0,13518
202602111315,86600.0,86700.0,85700.0,85900.0,17708
202602111330,85900.0,86200.0,85800.0,86000.0,10299
202602111345,86000.0,86200.0,85500.0,85700.0,23518
202602111400,85800.0,85800.0,85300.0,85700.0,16950
202602111415,85700.0,86300.0,85200.0,86300.0,22739
202602111430,86200.0,86700.0,86200.0,86600.0,17785
202602111445,86600.0,86600.0,86100.0,86300.0,22559
202602111500,86300.0,86700.0,85900.0,86000.0,44342
202602111515,86000.0,86300.0,85800.0,86200.0,28132
202602120900,85900.0,86500.0,85200.0,85500.0,13636
202602120915,85600.0,85600.0,84200.0,84800.0,20373
202602120930,84700.0,85000.0,84200.0,84700.0,11012
202602120945,84800.0,85400.0,84600.0,85300.0,8276
202602121000,85300.0,86500.0,85000.0,86500.0,12760
202602121015,86500.0,86900.0,86100.0,86700.0,11016
202602121030,86700.0,87000.0,86200.0,86600.0,16477
202602121045,86900.0,87200.0,86200.0,86600.0,22262
202602121100,86700.0,86700.0,86000.0,86400.0,19139
202602121115,86400.0,86400.0,85800.0,86200.0,16286
202602121130,86200.0,86400.0,86100.0,86400.0,14668
202602121145,86400.0,86900.0,86300.0,86800.0,14170
202602121200,86700.0,87700.0,86600.0,87400.0,20226
202602121215,87500.0,87700.0,86600.0,87200.0,22764
202602121230,87100.0,87300.0,86800.0,87100.0,12436
202602121245,87100.0,87100.0,86500.0,87000.0,19625
202602121300,87100.0,87200.0,86200.0,86200.0,23365
202602121315,86300.0,86500.0,86200.0,86500.0,11051
202602121330,86400.0,86500.0,86000.0,86200.0,23855
202602121345,86100.0,86700.0,85900.0,86300.0,24755
202602121400,86300.0,86700.0,86200.0,86500.0,15675
202602121415,86600.0,86800.0,86500.0,86700.0,16080
202602121430,86600.0,87400.0,86300.0,87000.0,30951
202602121445,86900.0,87400.0,86800.0,87100.0,27803
202602121500,87100.0,87500.0,87000.0,87400.0,31167
202602121515,87500.0,88100.0,87100.0,87900.0,136129
202602130900,88400.0,88800.0,87300.0,87600.0,8800
202602130915,87700.0,89300.0,87200.0,88900.0,18347
202602130930,88900.0,89100.0,88000.0,88200.0,11023
202602130945,88200.0,89100.0,87100.0,88400.0,19296
202602131000,88400.0,89000.0,87900.0,88200.0,12551
202602131015,88200.0,88700.0,87500.0,88400.0,11909
202602131030,88400.0,89300.0,88400.0,89000.0,15313
202602131045,89000.0,89500.0,88700.0,89500.0,13593
202602131100,89400.0,89500.0,89100.0,89200.0,23495
202602131115,89200.0,89500.0,88000.0,89500.0,46000
202602131130,89400.0,89500.0,89300.0,89500.0,8144
202602131145,89500.0,89800.0,89400.0,89700.0,10821
202602131200,89700.0,90200.0,89700.0,89900.0,19778
202602131215,89900.0,90000.0,89700.0,89800.0,9636
202602131230,89900.0,90100.0,89600.0,90100.0,17483
202602131245,90000.0,90200.0,89400.0,90100.0,31307
202602131300,90100.0,90200.0,89500.0,89900.0,21352
202602131315,90100.0,90300.0,89300.0,90100.0,21900
202602131330,90100.0,90400.0,90000.0,90100.0,16169
202602131345,90200.0,90500.0,90000.0,90300.0,18730
202602131400,90300.0,90500.0,89600.0,89700.0,17259
202602131415,89700.0,90200.0,89500.0,89700.0,16877
202602131430,89600.0,90100.0,89500.0,89700.0,16078
202602131445,89700.0,90000.0,89400.0,90000.0,22622
202602131500,89900.0,90000.0,89800.0,89800.0,16691
202602131515,89800.0,90000.0,89600.0,89600.0,22639
202602190900,90200.0,90400.0,89000.0,89300.0,13590
202602190915,89400.0,89400.0,87800.0,88200.0,12481
202602190930,88200.0,88400.0,87700.0,88200.0,14221
202602190945,88100.0,88400.0,88000.0,88300.0,8532
202602191000,88200.0,88300.0,87800.0,88000.0,8779
202602191015,88000.0,88300.0,87800.0,88000.0,7383
202602191030,88200.0,88200.0,87600.0,87700.0,7195
202602191045,87700.0,88400.0,87500.0,88200.0,8322
202602191100,88100.0,88200.0,87900.0,88050.0,7881
202602191115,88050.0,88600.0,88000.0,88500.0,8671
202602191130,88500.0,88700.0,88400.0,88700.0,5896
202602191145,88700.0,88800.0,88600.0,88800.0,6420
202602191200,88700.0,89200.0,88400.0,88500.0,7456
202602191215,88600.0,88900.0,88400.0,88800.0,7537
202602191230,88700.0,88900.0,88300.0,88300.0,8767
202602191245,88400.0,88600.0,88100.0,88200.0,6294
202602191300,88150.0,88200.0,88000.0,88200.0,8418
202602191315,88200.0,88300.0,88100.0,88200.0,8982
202602191330,88200.0,88300.0,87800.0,87900.0,6937
202602191345,87900.0,88500.0,87900.0,88400.0,11434
202602191400,88500.0,89200.0,88400.0,89000.0,11124
202602191415,89000.0,89100.0,88600.0,88700.0,10221
202602191430,88700.0,89000.0,88500.0,88700.0,10624
202602191445,88700.0,89200.0,88600.0,88800.0,11628
202602191500,88900.0,89000.0,88600.0,88700.0,9952
202602191515,88700.0,89100.0,88400.0,88400.0,25161
202602200900,88200.0,90400.0,88000.0,89800.0,19653
202602200915,89800.0,89900.0,88700.0,89000.0,14330
202602200930,89000.0,89400.0,88600.0,89000.0,20756
202602200945,89000.0,90100.0,88900.0,89700.0,14566
202602201000,89700.0,90200.0,89700.0,89700.0,13828
202602201015,89800.0,90200.0,89700.0,89800.0,18892
202602201030,89800.0,89900.0,89100.0,89100.0,8598
202602201045,89200.0,89200.0,88500.0,88600.0,22685
202602201100,88600.0,88700.0,88600.0,88600.0,4944
202602201115,88600.0,88700.0,88600.0,88600.0,7038
202602201130,88700.0,88700.0,88600.0,88600.0,7021
202602201145,88600.0,88700.0,88600.0,88600.0,8423
202602201200,88700.0,89100.0,88200.0,88300.0,28684
202602201215,88200.0,88300.0,88000.0,88100.0,11016
202602201230,88000.0,88500.0,88000.0,88500.0,36746
202602201245,88400.0,88800.0,88400.0,88500.0,18844
202602201300,88400.0,88500.0,88200.0,88300.0,9593
202602201315,88300.0,88300.0,87800.0,87800.0,42454
202602201330,87900.0,87900.0,87800.0,87900.0,8372
202602201345,87800.0,87900.0,87400.0,87400.0,17285
202602201400,87500.0,87800.0,87500.0,87700.0,55237
202602201415,87700.0,87800.0,87400.0,87400.0,25378
202602201430,87500.0,87500.0,87400.0,87400.0,8434
202602201445,87500.0,88000.0,87200.0,87200.0,104522
202602201500,87300.0,87300.0,87200.0,87200.0,16220
202602201515,87200.0,87300.0,87200.0,87300.0,36046
202602230900,88700.0,90200.0,88600.0,88700.0,19723
202602230915,88600.0,89400.0,88400.0,88900.0,23414
202602230930,88900.0,88900.0,87100.0,87700.0,45478
202602230945,87700.0,88100.0,87500.0,87700.0,22217
202602231000,87600.0,88100.0,87400.0,87500.0,22017
202602231015,87400.0,87700.0,87000.0,87100.0,22472
202602231030,87200.0,87700.0,87000.0,87300.0,36821
202602231045,87400.0,87400.0,87100.0,87100.0,11183
202602231100,87100.0,87200.0,86900.0,87000.0,25298
202602231115,87000.0,87800.0,86800.0,87500.0,43601
202602231130,87600.0,88100.0,87400.0,87800.0,18619
202602231145,87800.0,87900.0,87500.0,87500.0,11474
202602231200,87500.0,87600.0,87300.0,87300.0,16102
202602231215,87300.0,87400.0,86900.0,87000.0,13965
202602231230,87000.0,87200.0,86900.0,87100.0,26108
202602231245,87100.0,87500.0,87100.0,87300.0,19687
202602231300,87300.0,87400.0,86800.0,86800.0,18226
202602231315,86900.0,86900.0,86700.0,86700.0,11711
202602231330,86700.0,86800.0,86600.0,86700.0,12658
202602231345,86700.0,87300.0,86200.0,86500.0,95563
202602231400,86400.0,86900.0,86300.0,86300.0,22264
202602231415,86350.0,86400.0,86300.0,86400.0,10484
202602231430,86300.0,86400.0,86300.0,86300.0,19174
202602231445,86300.0,86400.0,86300.0,86400.0,17529
202602231500,86300.0,86400.0,86300.0,86400.0,24387
202602231515,86400.0,86900.0,86200.0,86600.0,81169
202602240900,87000.0,87700.0,86000.0,87400.0,35322
202602240915,87400.0,87500.0,86600.0,86600.0,18415
202602240930,86600.0,87400.0,86500.0,86900.0,19905
202602240945,86900.0,87400.0,86800.0,86800.0,12266
202602241000,86800.0,87600.0,86100.0,86100.0,24982
202602241015,86100.0,86300.0,85700.0,85900.0,27800
202602241030,85900.0,86200.0,85500.0,85800.0,26768
202602241045,85800.0,86400.0,85800.0,86200.0,17519
202602241100,86200.0,86400.0,86000.0,86200.0,24636
202602241115,86200.0,86200.0,86100.0,86100.0,12188
202602241130,86200.0,86200.0,86100.0,86100.0,9432
202602241145,86200.0,86200.0,86100.0,86100.0,9970
202602241200,86200.0,86200.0,86000.0,86050.0,11900
202602241215,86100.0,87000.0,86000.0,86600.0,62635
202602241230,86500.0,86600.0,86200.0,86300.0,9110
202602241245,86300.0,86700.0,86200.0,86600.0,36287
202602241300,86600.0,86700.0,86300.0,86400.0,20242
202602241315,86300.0,86500.0,86100.0,86200.0,48122
202602241330,86200.0,86200.0,86100.0,86200.0,15510
202602241345,86200.0,86200.0,85700.0,85700.0,30573
202602241400,85700.0,86000.0,85600.0,85700.0,56334
202602241415,85700.0,85700.0,85600.0,85600.0,20004
202602241430,85600.0,86100.0,85600.0,85800.0,72994
202602241445,85900.0,85900.0,85500.0,85600.0,31054
202602241500,85600.0,85600.0,85100.0,85100.0,106530
202602241515,85200.0,85700.0,85100.0,85100.0,80192
202602250900,84900.0,86000.0,84200.0,84500.0,61582
202602250915,84500.0,84800.0,84000.0,84200.0,38287
202602250930,84200.0,84300.0,83700.0,84000.0,26821
202602250945,84000.0,84200.0,83900.0,84200.0,15228
202602251000,84000.0,85000.0,83800.0,83800.0,24315
202602251015,83800.0,84000.0,83500.0,83700.0,25916
202602251030,83700.0,84100.0,83700.0,83900.0,9931
202602251045,84000.0,84000.0,83700.0,83700.0,10175
202602251100,83700.0,83800.0,83600.0,83600.0,10117
202602251115,83700.0,84200.0,83600.0,84000.0,31400
202602251130,84100.0,84100.0,83800.0,83800.0,12457
202602251145,83900.0,84100.0,83700.0,84100.0,13052
202602251200,84100.0,84100.0,83900.0,84000.0,7347
202602251215,83900.0,84000.0,83700.0,83700.0,10831
202602251230,83700.0,83800.0,83600.0,83700.0,8561
202602251245,83700.0,83700.0,83600.0,83700.0,10740
202602251300,83600.0,83700.0,83100.0,83200.0,19407
202602251315,83200.0,83400.0,83000.0,83300.0,51940
202602251330,83300.0,84000.0,83300.0,83900.0,20787
202602251345,84000.0,84400.0,83700.0,84200.0,30889
202602251400,84200.0,84400.0,84000.0,84300.0,24269
202602251415,84350.0,84400.0,84000.0,84100.0,26110
202602251430,84100.0,84300.0,83800.0,83900.0,33488
202602251445,83900.0,84000.0,83700.0,83700.0,16828
202602251500,83700.0,84400.0,83700.0,84100.0,41987
202602251515,84100.0,84200.0,83800.0,83800.0,46135
202602260900,85000.0,86200.0,84600.0,85200.0,30012
202602260915,85100.0,85400.0,84500.0,84700.0,19528
202602260930,84700.0,85300.0,84300.0,84300.0,17350
202602260945,84300.0,84800.0,84000.0,84300.0,19192
202602261000,84400.0,85400.0,84300.0,85000.0,15520
202602261015,84900.0,85100.0,84200.0,84800.0,18619
202602261030,84800.0,85200.0,84400.0,84400.0,18588
202602261045,84400.0,85200.0,84200.0,84800.0,23461
202602261100,84900.0,84900.0,84300.0,84500.0,20025
202602261115,84500.0,84500.0,83800.0,83900.0,38644
202602261130,83900.0,84000.0,83800.0,84000.0,20943
202602261145,84000.0,84700.0,83900.0,84300.0,23714
202602261200,84300.0,84400.0,84100.0,84200.0,11950
202602261215,84100.0,84300.0,84100.0,84300.0,22536
202602261230,84300.0,85200.0,84100.0,84300.0,47885
202602261245,84300.0,84400.0,84200.0,84200.0,15313
202602261300,84200.0,84300.0,84000.0,84000.0,13909
202602261315,84000.0,84400.0,83900.0,84400.0,70596
202602261330,84400.0,84400.0,84200.0,84200.0,21250
202602261345,84300.0,84300.0,84200.0,84200.0,21628
202602261400,84200.0,84300.0,84100.0,84200.0,23853
202602261415,84100.0,84200.0,84100.0,84100.0,22668
202602261430,84100.0,84700.0,83900.0,84600.0,87520
202602261445,84600.0,84700.0,84400.0,84500.0,26600
202602261500,84500.0,85400.0,84200.0,84600.0,60592
202602261515,84500.0,85000.0,84100.0,84100.0,63764
202602270900,84100.0,84900.0,83300.0,83400.0,18193
202602270915,83300.0,83700.0,82800.0,83500.0,17163
202602270930,83600.0,83700.0,82700.0,82700.0,14940
202602270945,82800.0,83000.0,82000.0,82100.0,21623
202602271000,82100.0,82100.0,80800.0,81600.0,57899
202602271015,81600.0,81600.0,81000.0,81000.0,22570
202602271030,80900.0,81600.0,80900.0,81400.0,18111
202602271045,81600.0,81800.0,81100.0,81300.0,22205
202602271100,81200.0,81600.0,80800.0,81300.0,29892
202602271115,81300.0,81300.0,80500.0,81000.0,36315
202602271130,81000.0,82000.0,80900.0,81100.0,25259
202602271145,81200.0,81300.0,80800.0,81300.0,36368
202602271200,81400.0,81900.0,81050.0,81800.0,26698
202602271215,81800.0,82200.0,81800.0,82100.0,26564
202602271230,82200.0,82500.0,81800.0,82500.0,30007
202602271245,82500.0,82800.0,82200.0,82700.0,35392
202602271300,82700.0,83300.0,82700.0,83300.0,32512
202602271315,83300.0,83500.0,82900.0,83200.0,37220
202602271330,83200.0,83300.0,82800.0,83100.0,26397
202602271345,83000.0,83100.0,81800.0,82400.0,83148
202602271400,82300.0,82400.0,81600.0,81700.0,76432
202602271415,81600.0,81900.0,81200.0,81300.0,102105
202602271430,81200.0,81400.0,80900.0,81300.0,77185
202602271445,81200.0,81900.0,80800.0,81200.0,102314
202602271500,81200.0,81900.0,81100.0,81500.0,106905
202602271515,81600.0,81900.0,81300.0,81900.0,4974485
202603030900,82800.0,85400.0,81900.0,83600.0,40178
202603030915,83700.0,84400.0,82900.0,83300.0,14470
202603030930,83300.0,84300.0,83000.0,84000.0,15734
202603030945,83900.0,84650.0,83500.0,84600.0,9773
202603031000,84500.0,84800.0,83700.0,84800.0,10521
202603031015,84700.0,85200.0,84100.0,84300.0,20078
202603031030,84300.0,84600.0,84100.0,84200.0,10579
202603031045,84300.0,84400.0,83800.0,84000.0,21148
202603031100,83900.0,84100.0,83500.0,83800.0,15926
202603031115,83800.0,83900.0,83000.0,83700.0,15718
202603031130,83700.0,83800.0,83300.0,83800.0,8140
202603031145,83800.0,84000.0,83200.0,83500.0,8219
202603031200,83500.0,84000.0,83200.0,83500.0,9602
202603031215,83500.0,83600.0,82600.0,82800.0,9637
202603031230,82800.0,83700.0,82600.0,83500.0,10462
202603031245,83500.0,83500.0,82900.0,83400.0,5497
202603031300,83400.0,83600.0,82800.0,83000.0,7183
202603031315,83000.0,83100.0,82700.0,83100.0,8478
202603031330,83100.0,83200.0,82700.0,82700.0,6607
202603031345,82800.0,82800.0,82000.0,82300.0,14176
202603031400,82300.0,82700.0,82200.0,82500.0,11083
202603031415,82400.0,82700.0,82100.0,82500.0,14597
202603031430,82500.0,82500.0,81900.0,82200.0,10035
202603031445,82200.0,82300.0,81800.0,82100.0,11690
202603031500,82100.0,82200.0,81600.0,81800.0,12178
202603031515,81800.0,82700.0,81400.0,81400.0,44164
202603040900,79100.0,80200.0,77700.0,79300.0,35794
202603040915,79400.0,80100.0,78200.0,79600.0,20510
202603040930,79600.0,80400.0,79300.0,80000.0,17687
202603040945,80000.0,81000.0,79500.0,80600.0,22654
202603041000,80600.0,80700.0,78900.0,79400.0,23716
202603041015,79300.0,79500.0,78200.0,78400.0,19881
202603041030,78600.0,79400.0,78000.0,78900.0,19447
202603041045,78900.0,79000.0,78300.0,78500.0,14175
202603041100,78500.0,78800.0,77100.0,77200.0,15839
202603041115,77200.0,77300.0,76900.0,77300.0,2306
202603041145,77400.0,77500.0,75700.0,76500.0,24736
202603041200,76500.0,76600.0,74200.0,74400.0,30763
202603041215,74300.0,75300.0,73500.0,73900.0,48823
202603041230,73700.0,74900.0,73200.0,74600.0,37502
202603041245,74600.0,76000.0,74000.0,75700.0,29293
202603041300,75500.0,76700.0,74400.0,76300.0,33717
202603041315,76300.0,76400.0,74800.0,75100.0,26268
202603041330,75100.0,75700.0,74000.0,75300.0,26815
202603041345,75300.0,75900.0,74700.0,75300.0,28717
202603041400,75200.0,75700.0,74600.0,75100.0,11148
202603041415,75100.0,75300.0,74200.0,74200.0,12907
202603041430,74200.0,75500.0,73800.0,75100.0,16929
202603041445,75100.0,75900.0,74400.0,74800.0,34178
202603041500,74500.0,75000.0,73700.0,74000.0,101441
202603041515,74000.0,74800.0,73800.0,73800.0,51843
202603050900,77300.0,78800.0,74000.0,77200.0,48104
202603050915,77100.0,77700.0,76100.0,77700.0,22115
202603050930,77700.0,77700.0,76100.0,76400.0,18366
202603050945,76400.0,77200.0,75800.0,76800.0,16822
202603051000,76800.0,76800.0,75700.0,75900.0,26835
202603051015,75900.0,76300.0,75300.0,75300.0,18515
202603051030,75400.0,75900.0,74200.0,74800.0,81109
202603051045,74800.0,75400.0,74500.0,74900.0,19175
202603051100,74900.0,75300.0,74700.0,74900.0,14350
202603051115,75000.0,75400.0,74700.0,74800.0,16031
202603051130,75000.0,75700.0,74800.0,75500.0,9256
202603051145,75500.0,75600.0,75300.0,75500.0,9327
202603051200,75500.0,75900.0,75300.0,75600.0,9164
202603051215,75500.0,75600.0,75300.0,75300.0,9135
202603051230,75300.0,75500.0,74800.0,75300.0,14148
202603051245,75300.0,75500.0,75000.0,75300.0,11649
202603051300,75300.0,75500.0,75000.0,75100.0,12227
202603051315,75100.0,75300.0,74800.0,74900.0,16687
202603051330,74800.0,75300.0,74800.0,75200.0,14763
202603051345,75200.0,75600.0,75000.0,75300.0,21414
202603051400,75200.0,75400.0,75000.0,75300.0,18376
202603051415,75300.0,75500.0,75100.0,75200.0,19573
202603051430,75200.0,75400.0,75100.0,75100.0,17606
202603051445,75200.0,75600.0,75000.0,75000.0,23550
202603051500,75100.0,75200.0,74300.0,74600.0,42198
202603051515,74700.0,75100.0,74500.0,74500.0,60343
202603060900,72600.0,74200.0,72300.0,73500.0,17838
202603060915,73500.0,74500.0,73500.0,74100.0,12123
202603060930,74100.0,74900.0,73900.0,74800.0,8900
202603060945,74800.0,75300.0,74500.0,74900.0,12868
202603061000,74900.0,75600.0,74400.0,74700.0,7647
202603061015,74900.0,74900.0,73800.0,74200.0,11254
202603061030,73900.0,74800.0,73700.0,74600.0,10602
202603061045,74200.0,74700.0,74000.0,74100.0,8111
202603061100,74200.0,74900.0,74100.0,74700.0,6951
202603061115,74700.0,75000.0,74200.0,74400.0,9370
202603061130,74400.0,74900.0,74200.0,74600.0,12138
202603061145,74900.0,74900.0,74300.0,74500.0,10420
202603061200,74500.0,75000.0,74300.0,74300.0,8228
202603061215,74300.0,74700.0,74200.0,74400.0,6783
202603061230,74700.0,75000.0,74300.0,74900.0,8529
202603061245,74600.0,75300.0,74400.0,75100.0,12106
202603061300,75100.0,75600.0,74800.0,75400.0,9740
202603061315,75400.0,75700.0,75100.0,75200.0,8317
202603061330,75300.0,75400.0,74800.0,75000.0,8182
202603061345,75000.0,75400.0,74800.0,74900.0,13118
202603061400,75200.0,75500.0,74900.0,75200.0,12213
202603061415,75200.0,75400.0,74600.0,75100.0,15058
202603061430,75100.0,75400.0,75000.0,75200.0,10864
202603061445,75200.0,75500.0,75100.0,75400.0,8213
202603061500,75400.0,75500.0,75100.0,75200.0,8090
202603061515,75300.0,75600.0,75200.0,75200.0,22043
202603090900,69600.0,72600.0,69300.0,70300.0,19830
202603090915,70200.0,71300.0,69900.0,70900.0,13807
202603090930,70900.0,71300.0,70700.0,70900.0,9042
202603090945,71000.0,71200.0,70200.0,70700.0,12927
202603091000,70700.0,71600.0,70600.0,71500.0,8317
202603091015,71500.0,71600.0,71000.0,71300.0,6375
202603091030,71300.0,71400.0,71200.0,71300.0,170
202603091100,71300.0,71800.0,70700.0,71400.0,11430
202603091115,71400.0,71600.0,70200.0,71600.0,13262
202603091130,71600.0,71800.0,70900.0,71700.0,7444
202603091145,71600.0,71800.0,71100.0,71600.0,9732
202603091200,71600.0,71700.0,70600.0,70700.0,7058
202603091215,70700.0,71000.0,70600.0,70800.0,4987
202603091230,70700.0,71500.0,70700.0,70900.0,5336
202603091245,71100.0,71400.0,70500.0,71100.0,6575
202603091300,71100.0,71700.0,70800.0,71700.0,7044
202603091315,71700.0,71900.0,71000.0,71500.0,11661
202603091330,71800.0,72700.0,71500.0,72700.0,13838
202603091345,72700.0,72800.0,71400.0,72200.0,16815
202603091400,72200.0,72600.0,71600.0,72300.0,16111
202603091415,72300.0,72700.0,71700.0,72200.0,20382
202603091430,72200.0,73000.0,71800.0,72100.0,20206
202603091445,72200.0,72600.0,71400.0,72100.0,18056
202603091500,72100.0,72700.0,71400.0,72400.0,21993
202603091515,72000.0,73500.0,71500.0,72200.0,25641
202603100900,73400.0,73700.0,72200.0,73600.0,22485
202603100915,73600.0,73600.0,72800.0,73000.0,9584
202603100930,73000.0,73500.0,72800.0,72800.0,9978
202603100945,72800.0,73400.0,72700.0,73100.0,12076
202603101000,73100.0,73300.0,72700.0,72800.0,11320
202603101015,72900.0,73100.0,72400.0,72600.0,11240
202603101030,72500.0,72700.0,72200.0,72300.0,10706
202603101045,72300.0,72900.0,72200.0,72700.0,8026
202603101100,72600.0,72700.0,72100.0,72400.0,14283
202603101115,72400.0,72400.0,71800.0,71900.0,14758
202603101130,72000.0,72100.0,71400.0,71500.0,15024
202603101145,71500.0,71600.0,70700.0,70900.0,12369
202603101200,70900.0,71600.0,70900.0,71300.0,7822
202603101215,71400.0,71700.0,71200.0,71500.0,9116
202603101230,71500.0,71600.0,70800.0,70900.0,19835
202603101245,70800.0,71300.0,70800.0,71100.0,12881
202603101300,71000.0,71600.0,70800.0,71500.0,11474
202603101315,71500.0,71900.0,71200.0,71600.0,13255
202603101330,71700.0,72000.0,71400.0,71800.0,13878
202603101345,71700.0,71800.0,71300.0,71500.0,13727
202603101400,71600.0,72000.0,71500.0,71600.0,11661
202603101415,71700.0,72000.0,71600.0,71900.0,11852
202603101430,71900.0,72300.0,71900.0,72300.0,11645
202603101445,72200.0,72500.0,72200.0,72400.0,10429
202603101500,72400.0,72600.0,72200.0,72500.0,12216
202603101515,72500.0,72700.0,72200.0,72300.0,25568
202603110900,72200.0,73200.0,71600.0,73100.0,19123
202603110915,73200.0,73600.0,72800.0,73400.0,9443
202603110930,73400.0,74100.0,73300.0,73800.0,9336
202603110945,73800.0,74300.0,73800.0,74200.0,6437
202603111000,74000.0,74600.0,74000.0,74400.0,7019
202603111015,74400.0,74600.0,74100.0,74500.0,5255
202603111030,74500.0,74800.0,74500.0,74600.0,5141
202603111045,74700.0,75300.0,74600.0,74900.0,7262
202603111100,74900.0,75300.0,74800.0,75200.0,5968
202603111115,75100.0,75200.0,74900.0,75000.0,4806
202603111130,75100.0,75200.0,74900.0,75100.0,4734
202603111145,75100.0,75300.0,74900.0,75100.0,4709
202603111200,75300.0,75300.0,74700.0,74900.0,4765
202603111215,74900.0,75100.0,74800.0,74900.0,3829
202603111230,74900.0,75500.0,74800.0,75400.0,6534
202603111245,75500.0,75800.0,75300.0,75500.0,7275
202603111300,75500.0,75700.0,75200.0,75700.0,5422
202603111315,75700.0,75900.0,75500.0,75600.0,8925
202603111330,75700.0,75800.0,75300.0,75500.0,6130
202603111345,75400.0,75700.0,75300.0,75400.0,5489
202603111400,75400.0,75500.0,74600.0,74700.0,9755
202603111415,74800.0,75100.0,74300.0,74700.0,8466
202603111430,74700.0,74700.0,74100.0,74200.0,7291
202603111445,74200.0,74400.0,73800.0,73900.0,15698
202603111500,73900.0,74400.0,73800.0,74300.0,8904
202603111515,74300.0,74300.0,73900.0,74100.0,34550
202603120900,73900.0,74700.0,73900.0,74500.0,5758
202603120915,74500.0,75500.0,74400.0,75200.0,8202
202603120930,75200.0,75500.0,75000.0,75200.0,6300
202603120945,75300.0,75300.0,74500.0,74600.0,5750
202603121000,74600.0,75100.0,74500.0,75000.0,3606
202603121015,75000.0,75300.0,74400.0,74900.0,4719
202603121030,74800.0,75300.0,74800.0,75200.0,4822
202603121045,75100.0,75200.0,74400.0,74700.0,5372
202603121100,74600.0,75100.0,74400.0,74400.0,5552
202603121115,74500.0,74700.0,74200.0,74500.0,5865
202603121130,74600.0,74800.0,74000.0,74200.0,4937
202603121145,74200.0,74500.0,73900.0,74400.0,6461
202603121200,74300.0,74500.0,74000.0,74100.0,7062
202603121215,74100.0,74500.0,74000.0,74200.0,4081
202603121230,74200.0,74200.0,73900.0,74200.0,4502
202603121245,74200.0,74500.0,73900.0,74400.0,4757
202603121300,74400.0,74700.0,74200.0,74700.0,5252
202603121315,74700.0,74700.0,74300.0,74500.0,5276
202603121330,74400.0,74600.0,74200.0,74500.0,6837
202603121345,74500.0,74900.0,74100.0,74800.0,9072
202603121400,74800.0,75500.0,74600.0,75300.0,15542
202603121415,75100.0,75400.0,74900.0,75100.0,16403
202603121430,75100.0,75300.0,74700.0,74900.0,17440
202603121445,75000.0,75100.0,74600.0,74800.0,15752
202603121500,74700.0,74900.0,74200.0,74300.0,34100
202603121515,74300.0,74600.0,74200.0,74200.0,189008
202603130900,72500.0,75300.0,72300.0,74900.0,19898
202603130915,74800.0,74900.0,73700.0,74700.0,9574
202603130930,74700.0,74900.0,74200.0,74500.0,5997
202603130945,74600.0,74900.0,74200.0,74300.0,5661
202603131000,74300.0,74300.0,73400.0,74000.0,7805
202603131015,74000.0,74500.0,73800.0,74400.0,6660
202603131030,74400.0,74800.0,74200.0,74600.0,6478
202603131045,74600.0,74600.0,74000.0,74400.0,6167
202603131100,74200.0,74300.0,73600.0,73700.0,9097
202603131115,73700.0,74300.0,73600.0,74200.0,6514
202603131130,74200.0,74500.0,73800.0,73900.0,6530
202603131145,74000.0,74300.0,73900.0,74300.0,6023
202603131200,74300.0,74400.0,73900.0,74100.0,6088
202603131215,74000.0,74200.0,73800.0,74000.0,4960
202603131230,74000.0,74300.0,73800.0,74000.0,6859
202603131245,74100.0,74400.0,74000.0,74300.0,5388
202603131300,74200.0,74400.0,73800.0,73800.0,6516
202603131315,73900.0,74000.0,73500.0,73600.0,9014
202603131330,73500.0,74000.0,73400.0,73700.0,8562
202603131345,73800.0,74000.0,73600.0,73800.0,7167
202603131400,73800.0,74000.0,73400.0,73600.0,10145
202603131415,73600.0,74100.0,73500.0,73800.0,9368
202603131430,74000.0,74200.0,73600.0,73800.0,9314
202603131445,73800.0,73900.0,73400.0,73600.0,10172
202603131500,73600.0,73900.0,73400.0,73900.0,6998
202603131515,73600.0,74000.0,73400.0,73600.0,23606
202603160900,73600.0,74600.0,73200.0,74600.0,12342
202603160915,74500.0,74700.0,74100.0,74500.0,7471
202603160930,74500.0,75100.0,74400.0,75000.0,7477
202603160945,75000.0,75200.0,74400.0,74700.0,6217
202603161000,74700.0,74800.0,74200.0,74600.0,7453
202603161015,74500.0,75100.0,74400.0,74700.0,6042
202603161030,74700.0,74800.0,74400.0,74700.0,7630
202603161045,74700.0,75100.0,74600.0,75000.0,5043
202603161100,75100.0,75300.0,74700.0,74900.0,11751
202603161115,74900.0,75000.0,74400.0,74700.0,6020
202603161130,74700.0,74700.0,74500.0,74600.0,3464
202603161145,74700.0,74800.0,74500.0,74800.0,2960
202603161200,74800.0,75000.0,74600.0,74900.0,4190
202603161215,74800.0,75000.0,74600.0,75000.0,4909
202603161230,75000.0,75600.0,75000.0,75500.0,8654
202603161245,75400.0,75600.0,75200.0,75500.0,5548
202603161300,75500.0,75500.0,74700.0,75100.0,6523
202603161315,75000.0,75200.0,74700.0,74900.0,6613
202603161330,74900.0,75100.0,74700.0,74900.0,4058
202603161345,74900.0,75000.0,74700.0,74800.0,5462
202603161400,74800.0,74900.0,74500.0,74500.0,5156
202603161415,74500.0,74600.0,74300.0,74600.0,6659
202603161430,74600.0,74600.0,74300.0,74500.0,5889
202603161445,74500.0,74600.0,74300.0,74400.0,7729
202603161500,74400.0,74500.0,73900.0,74000.0,10406
202603161515,74100.0,74500.0,73900.0,73900.0,21666
202603170900,74600.0,75100.0,74100.0,74300.0,11933
202603170915,74300.0,74700.0,74100.0,74400.0,6974
202603170930,74500.0,74900.0,74200.0,74400.0,7470
202603170945,74300.0,74600.0,74300.0,74500.0,4641
202603171000,74500.0,74800.0,74400.0,74800.0,4479
202603171015,74700.0,74900.0,74600.0,74900.0,2463
202603171030,74900.0,75200.0,74500.0,74500.0,7052
202603171045,74500.0,74900.0,74500.0,74700.0,3844
202603171100,74800.0,74900.0,74300.0,74300.0,4334
202603171115,74400.0,74600.0,74200.0,74600.0,9781
202603171130,74500.0,74600.0,74300.0,74500.0,5171
202603171145,74500.0,74800.0,74500.0,74600.0,4905
202603171200,74600.0,74900.0,74600.0,74700.0,4139
202603171215,74700.0,74900.0,74600.0,74800.0,2666
202603171230,74700.0,74900.0,74600.0,74700.0,3625
202603171245,74600.0,74900.0,74600.0,74700.0,3214
202603171300,74600.0,74800.0,74500.0,74600.0,2910
202603171315,74600.0,75000.0,74500.0,74600.0,4465
202603171330,74700.0,75200.0,74600.0,75000.0,5188
202603171345,75100.0,75300.0,75000.0,75000.0,5077
202603171400,75100.0,75200.0,74800.0,75000.0,3888
202603171415,74900.0,75000.0,74500.0,74700.0,6043
202603171430,74700.0,75000.0,74500.0,74600.0,7272
202603171445,74700.0,75000.0,74500.0,75000.0,9953
202603171500,74900.0,75200.0,74600.0,74900.0,11322
202603171515,75000.0,75000.0,74600.0,74800.0,21181
202603180900,75100.0,75900.0,75000.0,75700.0,8563
202603180915,75700.0,75800.0,74800.0,75200.0,8983
202603180930,75100.0,75600.0,75000.0,75500.0,9807
202603180945,75500.0,75800.0,75300.0,75600.0,8901
202603181000,75500.0,75900.0,75400.0,75400.0,7965
202603181015,75400.0,75700.0,75200.0,75700.0,6106
202603181030,75600.0,75700.0,75400.0,75400.0,4693
202603181045,75400.0,75500.0,75200.0,75300.0,3561
202603181100,75400.0,75400.0,75100.0,75200.0,4200
202603181115,75200.0,75500.0,75000.0,75300.0,5196
202603181130,75200.0,75500.0,75100.0,75500.0,6768
202603181145,75400.0,75400.0,75000.0,75100.0,4042
202603181200,75100.0,75200.0,75000.0,75200.0,3617
202603181215,75100.0,75300.0,75000.0,75200.0,6255
202603181230,75100.0,75300.0,75000.0,75200.0,3626
202603181245,75300.0,75400.0,75100.0,75200.0,4140
202603181300,75200.0,75500.0,75200.0,75200.0,4222
202603181315,75200.0,75300.0,75000.0,75000.0,4759
202603181330,75100.0,75200.0,74900.0,75100.0,3533
202603181345,75100.0,75200.0,74900.0,75000.0,3430
202603181400,75000.0,75100.0,74800.0,74900.0,3907
202603181415,74900.0,75100.0,74800.0,74900.0,3488
202603181430,74900.0,75400.0,74800.0,75000.0,6305
202603181445,75000.0,75200.0,74900.0,75100.0,3339
202603181500,75000.0,75200.0,75000.0,75200.0,3373
202603181515,75200.0,75200.0,74900.0,75000.0,9801
202603190900,74000.0,74500.0,73700.0,73800.0,10234
202603190915,74000.0,74200.0,73700.0,73800.0,8440
202603190930,73900.0,74100.0,73600.0,73600.0,9553
202603190945,73700.0,73900.0,73500.0,73700.0,9151
202603191000,73600.0,73800.0,73200.0,73700.0,8061
202603191015,73600.0,73800.0,73100.0,73100.0,11539
202603191030,73100.0,73400.0,72900.0,73200.0,8177
202603191045,73200.0,73800.0,73100.0,73700.0,5524
202603191100,73400.0,73800.0,73300.0,73500.0,6435
202603191115,73500.0,73800.0,73200.0,73500.0,8607
202603191130,73200.0,73600.0,73100.0,73600.0,5999
202603191145,73400.0,73600.0,73200.0,73500.0,5354
202603191200,73500.0,73700.0,73300.0,73600.0,4865
202603191215,73600.0,73800.0,73300.0,73600.0,4182
202603191230,73600.0,73800.0,73400.0,73600.0,5273
202603191245,73600.0,73700.0,73400.0,73600.0,5844
202603191300,73400.0,73600.0,73100.0,73200.0,6741
202603191315,73200.0,73400.0,73100.0,73300.0,6057
202603191330,73400.0,73400.0,73100.0,73300.0,5859
202603191345,73300.0,73500.0,73100.0,73200.0,3933
202603191400,73200.0,73400.0,73100.0,73200.0,4370
202603191415,73200.0,73400.0,73100.0,73100.0,4708
202603191430,73200.0,73400.0,72900.0,73100.0,9591
202603191445,73200.0,73400.0,73100.0,73300.0,4646
202603191500,73300.0,73600.0,73100.0,73400.0,6487
202603191515,73300.0,73600.0,73000.0,73000.0,16630
202603200900,73400.0,74800.0,73300.0,74800.0,21657
202603200915,74700.0,75200.0,74600.0,74800.0,8949
202603200930,74900.0,75100.0,74500.0,74600.0,6390
202603200945,74600.0,75400.0,74400.0,75400.0,10524
202603201000,75100.0,76100.0,75100.0,75700.0,10098
202603201015,75700.0,75700.0,75000.0,75400.0,7492
202603201030,75400.0,75600.0,75200.0,75400.0,3485
202603201045,75400.0,75500.0,74700.0,74800.0,4194
202603201100,74800.0,74900.0,74700.0,74900.0,2950
202603201115,74900.0,74900.0,74500.0,74500.0,5240
202603201130,74600.0,74800.0,74500.0,74500.0,3202
202603201145,74600.0,74600.0,74400.0,74500.0,3785
202603201200,74500.0,74800.0,74300.0,74400.0,4353
202603201215,74500.0,74700.0,74300.0,74500.0,3380
202603201230,74400.0,74700.0,74300.0,74600.0,3120
202603201245,74400.0,74900.0,74400.0,74600.0,2574
202603201300,74700.0,75200.0,74400.0,74700.0,4795
202603201315,74700.0,74700.0,74100.0,74400.0,8649
202603201330,74300.0,74600.0,74100.0,74400.0,5360
202603201345,74400.0,74500.0,74100.0,74300.0,6539
202603201400,74300.0,74600.0,74100.0,74200.0,6408
202603201415,74300.0,74600.0,74100.0,74300.0,9713
202603201430,74300.0,74500.0,73900.0,74100.0,15209
202603201445,74100.0,74700.0,74000.0,74500.0,17107
202603201500,74500.0,74700.0,74100.0,74300.0,22209
202603201515,74300.0,75100.0,74300.0,74400.0,130346
202603230900,71900.0,72400.0,71500.0,72200.0,17030
202603230915,72300.0,73000.0,71800.0,72800.0,11800
202603230930,72700.0,72800.0,72400.0,72400.0,7869
202603230945,72300.0,72300.0,71300.0,71500.0,13613
202603231000,71400.0,71800.0,71400.0,71600.0,8980
202603231015,71600.0,72100.0,71400.0,72100.0,6096
202603231030,72100.0,72300.0,71800.0,71800.0,7233
202603231045,71800.0,72200.0,71700.0,72000.0,6290
202603231100,72000.0,72100.0,71600.0,71600.0,6052
202603231115,71700.0,72200.0,71600.0,71700.0,7621
202603231130,71700.0,71900.0,71400.0,71400.0,8396
202603231145,71700.0,71700.0,71300.0,71700.0,6140
202603231200,71700.0,71700.0,71200.0,71300.0,6236
202603231215,71300.0,71400.0,71100.0,71300.0,5086
202603231230,71300.0,71400.0,71200.0,71200.0,4534
202603231245,71300.0,71400.0,71100.0,71200.0,7963
202603231300,71200.0,71400.0,71000.0,71100.0,5964
202603231315,71300.0,71400.0,71100.0,71200.0,4126
202603231330,71200.0,71400.0,71100.0,71400.0,4798
202603231345,71300.0,71400.0,71000.0,71200.0,5024
202603231400,71200.0,71400.0,71100.0,71300.0,4926
202603231415,71200.0,71400.0,70900.0,71000.0,9459
202603231430,70900.0,71400.0,70800.0,71100.0,16024
202603231445,71200.0,71200.0,70700.0,71000.0,12736
202603231500,70900.0,71100.0,70600.0,71000.0,16869
202603231515,71000.0,71200.0,70600.0,70900.0,20445
202603240900,72400.0,72700.0,71500.0,72300.0,11249
202603240915,72400.0,72700.0,72200.0,72400.0,5716
202603240930,72500.0,72500.0,72000.0,72300.0,6265
202603240945,72300.0,73200.0,72200.0,73000.0,4771
202603241000,72900.0,73200.0,72400.0,72700.0,5102
202603241015,72700.0,73000.0,72300.0,72900.0,5182
202603241030,72700.0,73100.0,72400.0,72400.0,5066
202603241045,72500.0,72500.0,72100.0,72300.0,3957
202603241100,72300.0,72500.0,72000.0,72300.0,6450
202603241115,72300.0,72800.0,72000.0,72800.0,6089
202603241130,72700.0,73000.0,72600.0,73000.0,4476
202603241145,72900.0,73200.0,72900.0,73000.0,5069
202603241200,73000.0,73100.0,72700.0,73050.0,3529
202603241215,73100.0,73500.0,73000.0,73300.0,6689
202603241230,73400.0,73500.0,73000.0,73300.0,5254
202603241245,73300.0,73400.0,73300.0,73300.0,2274
202603241300,73300.0,73700.0,72900.0,73000.0,8536
202603241315,73100.0,73200.0,72400.0,72600.0,8501
202603241330,72600.0,72700.0,72300.0,72600.0,5274
202603241345,72600.0,72700.0,72200.0,72400.0,8825
202603241400,72500.0,72500.0,72100.0,72300.0,6511
202603241415,72400.0,72700.0,72100.0,72200.0,9430
202603241430,72200.0,72600.0,72100.0,72400.0,8037
202603241445,72400.0,72700.0,72200.0,72400.0,8929
202603241500,72400.0,72900.0,72200.0,72500.0,15474
202603241515,72600.0,72900.0,72300.0,72300.0,22301
202603250900,73400.0,74100.0,73000.0,74000.0,8572
202603250915,74000.0,74000.0,72900.0,73000.0,7206
202603250930,73000.0,73400.0,72800.0,73400.0,8514
202603250945,73400.0,73500.0,72900.0,73100.0,4284
202603251000,73100.0,73500.0,73000.0,73300.0,6515
202603251015,73100.0,73300.0,72900.0,73100.0,4335
202603251030,73100.0,73200.0,72900.0,73000.0,7279
202603251045,73000.0,73400.0,72900.0,73100.0,4044
202603251100,73100.0,73100.0,72800.0,73100.0,4310
202603251115,73100.0,73100.0,72800.0,73000.0,2300
202603251130,73000.0,73000.0,72800.0,73000.0,3164
202603251145,73000.0,73100.0,72900.0,73100.0,1929
202603251200,73100.0,73100.0,72900.0,73100.0,2672
202603251215,73100.0,73600.0,73000.0,73600.0,3711
202603251230,73600.0,73800.0,73400.0,73600.0,3147
202603251245,73600.0,73700.0,73500.0,73600.0,2395
202603251300,73700.0,73800.0,73600.0,73700.0,2905
202603251315,73800.0,74000.0,73600.0,73900.0,3879
202603251330,73900.0,73900.0,73500.0,73800.0,3396
202603251345,73600.0,74000.0,73500.0,73900.0,3649
202603251400,73900.0,74000.0,73700.0,74000.0,4258
202603251415,74000.0,74000.0,73600.0,73700.0,5620
202603251430,73700.0,74100.0,73600.0,74000.0,5575
202603251445,73900.0,74000.0,73800.0,73800.0,4303
202603251500,73900.0,74200.0,73800.0,74000.0,9378
202603251515,74100.0,74100.0,73800.0,74100.0,12378
202603260900,74500.0,74600.0,73300.0,74300.0,5801
202603260915,74300.0,74400.0,73300.0,73800.0,7227
202603260930,73700.0,74100.0,73300.0,73600.0,6772
202603260945,73500.0,73600.0,73000.0,73200.0,9219
202603261000,73200.0,73500.0,73100.0,73300.0,5292
202603261015,73300.0,73400.0,73100.0,73400.0,5250
202603261030,73400.0,73800.0,73300.0,73500.0,5647
202603261045,73500.0,74100.0,73300.0,74000.0,7418
202603261100,74000.0,74200.0,73500.0,73800.0,3411
202603261115,73600.0,73800.0,73100.0,73200.0,6892
202603261130,73200.0,73200.0,73000.0,73100.0,5340
202603261145,73100.0,73200.0,73000.0,73100.0,4100
202603261200,73100.0,73200.0,73000.0,73200.0,4364
202603261215,73100.0,73400.0,73000.0,73400.0,4922
202603261230,73400.0,73800.0,73400.0,73400.0,4833
202603261245,73500.0,73800.0,73300.0,73600.0,3790
202603261300,73600.0,73900.0,73300.0,73800.0,6825
202603261315,73800.0,73900.0,73500.0,73700.0,4106
202603261330,73700.0,73800.0,73300.0,73500.0,6048
202603261345,73500.0,73500.0,73300.0,73400.0,3444
202603261400,73400.0,73500.0,73200.0,73500.0,7385
202603261415,73500.0,73700.0,73200.0,73400.0,5120
202603261430,73300.0,73700.0,73200.0,73500.0,6300
202603261445,73500.0,73500.0,73200.0,73300.0,6660
202603261500,73200.0,73300.0,73000.0,73200.0,10330
202603261515,73300.0,73300.0,73100.0,73300.0,23738
202603270900,72400.0,72600.0,71500.0,72100.0,11721
202603270915,72000.0,72200.0,71500.0,71900.0,7097
202603270930,71900.0,72300.0,71700.0,72300.0,7506
202603270945,72300.0,72300.0,71500.0,71600.0,8488
202603271000,71600.0,72500.0,71500.0,72300.0,9053
202603271015,72300.0,72500.0,72000.0,72500.0,4965
202603271030,72500.0,73300.0,72400.0,72900.0,8020
202603271045,72900.0,73300.0,72700.0,73300.0,4614
202603271100,73300.0,73400.0,72700.0,72900.0,5997
202603271115,72900.0,73100.0,72600.0,72700.0,5399
202603271130,73000.0,73300.0,72600.0,73300.0,5047
202603271145,73300.0,73400.0,72900.0,73200.0,4888
202603271200,73200.0,73500.0,72900.0,73000.0,6143
202603271215,73100.0,73200.0,72700.0,73100.0,5971
202603271230,73100.0,73600.0,72800.0,73300.0,5920
202603271245,73300.0,73400.0,72800.0,72900.0,5655
202603271300,73000.0,73300.0,72800.0,73000.0,6761
202603271315,73000.0,73300.0,72800.0,73100.0,5300
202603271330,73100.0,73400.0,72900.0,73200.0,8956
202603271345,73300.0,73400.0,72900.0,73300.0,21775
202603271400,73300.0,73500.0,73000.0,73400.0,7580
202603271415,73400.0,73600.0,73100.0,73300.0,8084
202603271430,73400.0,73500.0,73100.0,73400.0,6841
202603271445,73400.0,73900.0,73200.0,73800.0,10447
202603271500,73700.0,73900.0,73200.0,73300.0,11162
202603271515,73400.0,73800.0,73100.0,73500.0,24434
202603300900,70900.0,71800.0,70700.0,71500.0,7063
202603300915,71600.0,71900.0,71300.0,71400.0,5124
202603300930,71400.0,71800.0,71200.0,71700.0,4848
202603300945,71600.0,71700.0,71100.0,71500.0,3819
202603301000,71500.0,71900.0,71000.0,71100.0,4208
202603301015,71100.0,71400.0,71100.0,71300.0,4041
202603301030,71300.0,72200.0,71200.0,72100.0,8147
202603301045,72200.0,72400.0,71700.0,72000.0,5452
202603301100,72000.0,72400.0,71700.0,72300.0,3627
202603301115,72300.0,72300.0,71500.0,71900.0,4286
202603301130,71800.0,72200.0,71600.0,72100.0,3693
202603301145,72200.0,72600.0,72100.0,72600.0,5732
202603301200,72600.0,72700.0,72200.0,72600.0,4536
202603301215,72600.0,73100.0,72400.0,72800.0,7442
202603301230,72900.0,73100.0,72600.0,73000.0,4025
202603301245,73000.0,73000.0,72700.0,72800.0,2981
202603301300,72800.0,72900.0,72500.0,72600.0,3377
202603301315,72900.0,72900.0,72500.0,72600.0,2939
202603301330,72700.0,72700.0,72100.0,72200.0,6745
202603301345,72200.0,72300.0,72100.0,72300.0,3412
202603301400,72300.0,73000.0,72100.0,72800.0,9527
202603301415,72800.0,73200.0,72500.0,72900.0,13499
202603301430,73100.0,73100.0,72500.0,72900.0,13022
202603301445,72900.0,73000.0,72300.0,72700.0,14019
202603301500,72600.0,73100.0,72500.0,72600.0,21692
202603301515,72900.0,73100.0,72300.0,72500.0,25792
202603310900,71900.0,73500.0,71600.0,72400.0,18310
202603310915,72400.0,72800.0,71700.0,72000.0,13261
202603310930,72000.0,72700.0,71400.0,72500.0,20054
202603310945,72600.0,73000.0,71700.0,71800.0,29268
202603311000,72100.0,72500.0,71800.0,72100.0,12342
202603311015,72200.0,72900.0,71900.0,72600.0,19827
202603311030,72700.0,73400.0,72600.0,73200.0,21325
202603311045,73200.0,73900.0,72800.0,73800.0,22715
202603311100,73800.0,74100.0,73500.0,73500.0,16607
202603311115,73600.0,73800.0,73100.0,73200.0,6784
202603311130,73100.0,73400.0,73000.0,73300.0,8884
202603311145,73300.0,73600.0,73100.0,73500.0,7414
202603311200,73400.0,73500.0,73200.0,73500.0,5733
202603311215,73500.0,73500.0,73000.0,73400.0,5805
202603311230,73300.0,73400.0,72700.0,73000.0,7717
202603311245,72900.0,73200.0,72700.0,72800.0,7143
202603311300,72900.0,73100.0,72700.0,72900.0,8438
202603311315,72900.0,73100.0,72700.0,73000.0,9686
202603311330,73000.0,73100.0,72800.0,73000.0,8679
202603311345,73000.0,73100.0,72700.0,72800.0,9150
202603311400,72900.0,73100.0,72700.0,72900.0,10844
202603311415,72800.0,73000.0,72600.0,72900.0,10010
202603311430,72800.0,73000.0,72500.0,72900.0,12414
202603311445,72900.0,73100.0,72800.0,72900.0,12783
202603311500,72900.0,72900.0,72200.0,72400.0,12503
202603311515,72500.0,72800.0,72200.0,72200.0,62379
202604010900,72300.0,72600.0,71000.0,71500.0,32795
202604010915,71600.0,71800.0,71300.0,71600.0,6136
202604010930,71600.0,71900.0,71300.0,71500.0,9673
202604010945,71600.0,71900.0,71400.0,71600.0,7145
202604011000,71500.0,71800.0,71300.0,71700.0,8542
202604011015,71600.0,72300.0,71500.0,72100.0,13897
202604011030,72100.0,72300.0,71600.0,71700.0,13958
202604011045,71800.0,72200.0,71500.0,72000.0,6809
202604011100,72000.0,72200.0,71900.0,72000.0,7952
202604011115,72100.0,72500.0,71900.0,72100.0,17512
202604011130,72100.0,72300.0,71900.0,72200.0,5591
202604011145,72200.0,72300.0,71800.0,72000.0,6191
202604011200,72000.0,72200.0,71800.0,71900.0,4895
202604011215,71900.0,72100.0,71700.0,71900.0,5062
202604011230,71900.0,72000.0,71700.0,71800.0,8049
202604011245,71900.0,72000.0,71700.0,71800.0,5281
202604011300,71800.0,71900.0,71500.0,71600.0,7617
202604011315,71600.0,71800.0,71400.0,71500.0,10168
202604011330,71450.0,71900.0,71400.0,71600.0,8150
202604011345,71700.0,72000.0,71600.0,71800.0,17462
202604011400,71900.0,72100.0,71800.0,72000.0,11741
202604011415,72000.0,72200.0,71900.0,71900.0,12552
202604011430,72000.0,72200.0,71900.0,72100.0,15608
202604011445,72000.0,72200.0,71900.0,72000.0,17532
202604011500,72100.0,72100.0,71700.0,71900.0,19430
202604011515,71800.0,72000.0,71700.0,71800.0,14488
202604020900,72400.0,73300.0,72100.0,72600.0,33184
202604020915,72600.0,74200.0,72500.0,74200.0,18999
202604020930,74100.0,74900.0,73800.0,74600.0,13148
202604020945,74600.0,74700.0,74100.0,74200.0,7552
202604021000,74100.0,74400.0,73700.0,74200.0,13503
202604021015,74100.0,74300.0,73300.0,74100.0,19842
202604021030,74000.0,74100.0,73200.0,73300.0,17235
202604021045,73300.0,73700.0,72600.0,73300.0,20277
202604021100,73400.0,73600.0,72700.0,72900.0,12678
202604021115,72900.0,73300.0,72700.0,72800.0,15391
202604021130,72800.0,73000.0,72500.0,72900.0,10955
202604021145,72900.0,73100.0,72700.0,73000.0,9459
202604021200,72900.0,73000.0,72500.0,73000.0,8224
202604021215,72700.0,73300.0,72600.0,72900.0,7233
202604021230,72900.0,73200.0,72500.0,72600.0,9481
202604021245,72600.0,72900.0,71900.0,72500.0,10467
202604021300,72500.0,72900.0,72200.0,72700.0,7645
202604021315,72800.0,73000.0,72500.0,72700.0,7563
202604021330,72700.0,72800.0,72000.0,72100.0,7377
202604021345,72000.0,72500.0,72000.0,72100.0,7652
202604021400,72200.0,72400.0,71900.0,72000.0,10044
202604021415,72100.0,72200.0,71800.0,71900.0,8154
202604021430,72000.0,72100.0,71700.0,71800.0,13241
202604021445,71800.0,71900.0,71200.0,71300.0,10762
202604021500,71300.0,71600.0,71200.0,71500.0,9339
202604021515,71500.0,72100.0,71000.0,71900.0,40180
202604030900,72800.0,73700.0,72700.0,73200.0,5763
202604030915,73200.0,73600.0,72900.0,73500.0,6892
202604030930,73600.0,73800.0,73200.0,73500.0,5457
202604030945,73400.0,73600.0,72800.0,72800.0,2838
202604031000,72800.0,73200.0,72700.0,73200.0,6239
202604031015,73000.0,73300.0,72900.0,73000.0,5827
202604031030,73000.0,73100.0,72700.0,72700.0,4292
202604031045,72600.0,73100.0,72600.0,72900.0,3841
202604031100,73000.0,73200.0,72700.0,73100.0,6036
202604031115,73200.0,73300.0,73000.0,73300.0,2857
202604031130,73100.0,73300.0,72700.0,73000.0,6678
202604031145,73000.0,73200.0,72700.0,73200.0,3797
202604031200,73100.0,73200.0,73000.0,73100.0,1569
202604031215,73100.0,73200.0,72700.0,73100.0,4931
202604031230,73100.0,73200.0,72900.0,73000.0,1830
202604031245,73000.0,73100.0,72700.0,73000.0,3705
202604031300,73000.0,73100.0,72600.0,72700.0,2695
202604031315,72700.0,72900.0,72600.0,72800.0,2430
202604031330,72800.0,72900.0,72400.0,72400.0,3878
202604031345,72400.0,72600.0,72300.0,72300.0,2968
202604031400,72300.0,72600.0,72300.0,72300.0,3650
202604031415,72300.0,72600.0,72200.0,72200.0,4619
202604031430,72300.0,72500.0,72100.0,72300.0,4221
202604031445,72200.0,72300.0,72000.0,72100.0,4481
202604031500,72100.0,72200.0,71900.0,72200.0,5191
202604031515,72200.0,72200.0,72000.0,72000.0,5804
202604060900,72200.0,72900.0,72000.0,72800.0,4748
202604060915,72800.0,73100.0,72200.0,72500.0,5378
202604060930,72500.0,72600.0,72200.0,72500.0,3164
202604060945,72400.0,72500.0,72100.0,72300.0,3342
202604061000,72350.0,72700.0,72000.0,72100.0,3090
202604061015,72100.0,72100.0,71600.0,71800.0,3454
202604061030,71800.0,72100.0,71700.0,71900.0,1947
202604061045,71900.0,72000.0,71700.0,72000.0,2791
202604061100,71900.0,73100.0,71800.0,73000.0,6634
202604061115,73000.0,73700.0,72800.0,73000.0,6540
202604061130,73100.0,73400.0,72700.0,72900.0,1960
202604061145,72900.0,72900.0,72400.0,72500.0,2658
202604061200,72500.0,72700.0,72400.0,72500.0,1521
202604061215,72600.0,72700.0,72300.0,72400.0,1316
202604061230,72400.0,72600.0,72400.0,72400.0,864
202604061245,72400.0,72900.0,72400.0,72600.0,2099
202604061300,72600.0,72800.0,72300.0,72300.0,2656
202604061315,72300.0,72600.0,72300.0,72500.0,2131
202604061330,72400.0,72600.0,72200.0,72500.0,3513
202604061345,72500.0,72600.0,72100.0,72200.0,2458
202604061400,72100.0,72400.0,72100.0,72100.0,2939
202604061415,72200.0,72300.0,72000.0,72100.0,2794
202604061430,72100.0,72300.0,72000.0,72200.0,4112
202604061445,72200.0,72300.0,72000.0,72100.0,2626
202604061500,72100.0,72300.0,72000.0,72300.0,3558
202604061515,72300.0,72500.0,72200.0,72400.0,15336
202604070900,73100.0,76500.0,73000.0,76400.0,44864
202604070915,76400.0,78100.0,76000.0,77300.0,45696
202604070930,77000.0,77700.0,76800.0,77500.0,17811
202604070945,77500.0,78100.0,76600.0,77900.0,21807
202604071000,78000.0,79300.0,78000.0,79100.0,58286
202604071015,79100.0,79700.0,78500.0,78600.0,32475
202604071030,78600.0,78900.0,77700.0,78200.0,20143
202604071045,78200.0,78400.0,77700.0,78200.0,17177
202604071100,78300.0,78600.0,78000.0,78400.0,16877
202604071115,78500.0,78500.0,77900.0,78200.0,10722
202604071130,78200.0,78900.0,78100.0,78700.0,16029
202604071145,78800.0,79400.0,78700.0,79000.0,15027
202604071200,79000.0,79200.0,78500.0,78800.0,11863
202604071215,78850.0,79200.0,78500.0,78900.0,13988
202604071230,78900.0,79100.0,78600.0,78800.0,12112
202604071245,78900.0,79000.0,78500.0,78900.0,13044
202604071300,78900.0,79000.0,78300.0,78800.0,16608
202604071315,78800.0,79000.0,78300.0,78900.0,18320
202604071330,79000.0,79000.0,78550.0,78700.0,13642
202604071345,78800.0,79000.0,78300.0,78700.0,14104
202604071400,78700.0,78900.0,78400.0,78800.0,13865
202604071415,78800.0,78900.0,77800.0,78000.0,19744
202604071430,78100.0,78600.0,77800.0,78400.0,17108
202604071445,78400.0,78500.0,77800.0,78300.0,35455
202604071500,78300.0,78300.0,77800.0,77900.0,30780
202604071515,77900.0,78000.0,77800.0,77800.0,44754
202604080900,80400.0,80500.0,78300.0,78500.0,22186
202604080915,78400.0,78900.0,77800.0,78000.0,16975
202604080930,78000.0,78600.0,77700.0,77900.0,10125
202604080945,77900.0,78600.0,77900.0,78000.0,6940
202604081000,78000.0,78200.0,77300.0,77400.0,10413
202604081015,77600.0,77800.0,77200.0,77600.0,10096
202604081030,77600.0,78700.0,77600.0,78700.0,7256
202604081045,78600.0,79000.0,78200.0,79000.0,6949
202604081100,78700.0,79000.0,78400.0,78800.0,5934
202604081115,78800.0,79000.0,78500.0,78800.0,6115
202604081130,78900.0,79000.0,78500.0,78600.0,5670
202604081145,78600.0,78800.0,78000.0,78100.0,4598
202604081200,78100.0,78600.0,78100.0,78300.0,5770
202604081215,78400.0,78700.0,78300.0,78500.0,4101
202604081230,78400.0,78600.0,78300.0,78500.0,4511
202604081245,78500.0,78800.0,78300.0,78500.0,5884
202604081300,78600.0,78700.0,78000.0,78200.0,7947
202604081315,78300.0,78400.0,78000.0,78200.0,7463
202604081330,78200.0,78300.0,78000.0,78000.0,6582
202604081345,78100.0,78400.0,78000.0,78200.0,10060
202604081400,78200.0,78700.0,77900.0,78200.0,12823
202604081415,78200.0,78300.0,77900.0,78300.0,12313
202604081430,78300.0,78400.0,77900.0,78100.0,7693
202604081445,78200.0,78400.0,77900.0,78200.0,10153
202604081500,78200.0,78500.0,78100.0,78100.0,10094
202604081515,78200.0,78500.0,78000.0,78200.0,23350
202604090900,78400.0,78700.0,77300.0,77300.0,10267
202604090915,77300.0,78000.0,77000.0,77600.0,11471
202604090930,77600.0,77700.0,76400.0,76600.0,14621
202604090945,76600.0,76800.0,76400.0,76600.0,9580
202604091000,76600.0,76800.0,76400.0,76600.0,8633
202604091015,76600.0,76700.0,76300.0,76500.0,7584
202604091030,76600.0,76700.0,75000.0,75200.0,29485
202604091045,75200.0,75200.0,74700.0,74800.0,12216
202604091100,74850.0,75000.0,74300.0,74500.0,12114
202604091115,74500.0,74700.0,74300.0,74500.0,14026
202604091130,74500.0,75000.0,74300.0,74700.0,7686
202604091145,74700.0,75400.0,74600.0,75200.0,6599
202604091200,75200.0,75700.0,75200.0,75400.0,7055
202604091215,75300.0,75700.0,75100.0,75200.0,12663
202604091230,75100.0,75500.0,75000.0,75200.0,8225
202604091245,75300.0,75700.0,75200.0,75500.0,6395
202604091300,75500.0,75600.0,75000.0,75000.0,7448
202604091315,75100.0,75200.0,74900.0,75100.0,7010
202604091330,75100.0,75300.0,75100.0,75200.0,6008
202604091345,75300.0,75300.0,74700.0,74800.0,6919
202604091400,74800.0,75100.0,74600.0,75100.0,9863
202604091415,74800.0,75100.0,74600.0,74700.0,7532
202604091430,74600.0,74900.0,74500.0,74700.0,8775
202604091445,74700.0,75400.0,74600.0,75200.0,14654
202604091500,75100.0,75200.0,74600.0,74700.0,11954
202604091515,74700.0,74900.0,74700.0,74700.0,68424
202604100900,75300.0,75800.0,74200.0,74200.0,8906
202604100915,74200.0,74700.0,74000.0,74500.0,8926
202604100930,74500.0,75000.0,74300.0,74700.0,13231
202604100945,74600.0,75000.0,74500.0,74700.0,3779
202604101000,74800.0,75300.0,74500.0,75300.0,4089
202604101015,75300.0,75400.0,74900.0,75300.0,5224
202604101030,75300.0,75600.0,74900.0,75300.0,5948
202604101045,75200.0,75600.0,75100.0,75300.0,2656
202604101100,75300.0,75500.0,74900.0,75300.0,3478
202604101115,75400.0,75800.0,75100.0,75800.0,6011
202604101130,75800.0,76400.0,75800.0,76200.0,5199
202604101145,76200.0,76300.0,75700.0,76000.0,2578
202604101200,75900.0,76100.0,75600.0,76000.0,2202
202604101215,76100.0,76100.0,75600.0,75800.0,2830
202604101230,75800.0,76000.0,75700.0,76000.0,2577
202604101245,76000.0,76000.0,75700.0,75800.0,1903
202604101300,75800.0,75900.0,75500.0,75600.0,3162
202604101315,75700.0,75700.0,75500.0,75500.0,3599
202604101330,75500.0,75600.0,75300.0,75400.0,2155
202604101345,75400.0,75400.0,75300.0,75300.0,1786
202604101400,75400.0,75600.0,75300.0,75400.0,4076
202604101415,75400.0,75500.0,75300.0,75300.0,2868
202604101430,75400.0,75600.0,75200.0,75300.0,4028
202604101445,75300.0,75400.0,75200.0,75400.0,3213
202604101500,75400.0,75500.0,75100.0,75200.0,8306
202604101515,75200.0,75500.0,75000.0,75500.0,27570
202604130900,76100.0,77400.0,75900.0,77300.0,13468
202604130915,77300.0,78000.0,76800.0,77700.0,17162
202604130930,77800.0,78900.0,77800.0,78600.0,23807
202604130945,78600.0,79100.0,78200.0,78400.0,10938
202604131000,78400.0,79400.0,78200.0,79200.0,18282
202604131015,79200.0,79500.0,79000.0,79000.0,8614
202604131030,79000.0,79300.0,78700.0,79000.0,9087
202604131045,79000.0,79500.0,78800.0,79300.0,15419
202604131100,79300.0,79900.0,79100.0,79900.0,12370
202604131115,79800.0,80200.0,79700.0,80000.0,12491
202604131130,80000.0,80800.0,79900.0,80500.0,13351
202604131145,80500.0,80700.0,80200.0,80500.0,9850
202604131200,80500.0,80500.0,79900.0,80200.0,8960
202604131215,80200.0,80300.0,80000.0,80300.0,9606
202604131230,80300.0,80400.0,80100.0,80100.0,9031
202604131245,80200.0,81000.0,80000.0,81000.0,13913
202604131300,81000.0,81000.0,80200.0,80400.0,13097
202604131315,80500.0,80600.0,80000.0,80400.0,12426
202604131330,80500.0,80500.0,80000.0,80100.0,11178
202604131345,80100.0,80300.0,79800.0,80200.0,13506
202604131400,80200.0,80400.0,79700.0,79800.0,14598
202604131415,79700.0,80100.0,79600.0,80000.0,14685
202604131430,79900.0,80000.0,79700.0,79800.0,13862
202604131445,79800.0,79900.0,79200.0,79600.0,21525
202604131500,79700.0,80200.0,79500.0,80000.0,13978
202604131515,79900.0,80300.0,79800.0,79900.0,61861
202604140900,80000.0,80400.0,79600.0,79800.0,11260
202604140915,79900.0,81000.0,79900.0,80900.0,8554
202604140930,80900.0,81200.0,80600.0,81100.0,7147
202604140945,81100.0,81300.0,80400.0,80500.0,9824
202604141000,80500.0,81100.0,80300.0,80800.0,7682
202604141015,80800.0,81100.0,80300.0,80900.0,9517
202604141030,81000.0,81900.0,80900.0,81800.0,16255
202604141045,81900.0,82500.0,81700.0,81900.0,12031
202604141100,81900.0,82000.0,81000.0,81700.0,8325
202604141115,81700.0,82100.0,81600.0,81900.0,6633
202604141130,82000.0,82000.0,81600.0,81900.0,9653
202604141145,81900.0,81900.0,81400.0,81800.0,7546
202604141200,81800.0,81900.0,81600.0,81800.0,5634
202604141215,81700.0,82200.0,81700.0,82100.0,7620
202604141230,82000.0,82100.0,81600.0,81800.0,8495
202604141245,81700.0,82000.0,81500.0,81800.0,6311
202604141300,81750.0,81800.0,81500.0,81800.0,7759
202604141315,81800.0,82000.0,81600.0,81600.0,7876
202604141330,81700.0,82000.0,81400.0,81700.0,10115
202604141345,81700.0,81700.0,81300.0,81300.0,6581
202604141400,81400.0,81600.0,81300.0,81500.0,6853
202604141415,81500.0,81900.0,81400.0,81800.0,5686
202604141430,81700.0,81900.0,81500.0,81600.0,6714
202604141445,81500.0,81800.0,81300.0,81600.0,6812
202604141500,81600.0,81800.0,81200.0,81500.0,9203
202604141515,81600.0,81600.0,81400.0,81400.0,13892
202604150900,81700.0,82800.0,81500.0,82300.0,14634
202604150915,82400.0,82900.0,82200.0,82900.0,13654
202604150930,82900.0,83100.0,82500.0,83000.0,11886
202604150945,83000.0,83100.0,82000.0,82400.0,8267
202604151000,82600.0,83400.0,82400.0,83400.0,9294
202604151015,83300.0,83600.0,82600.0,82900.0,13519
202604151030,82900.0,83400.0,82700.0,83300.0,5443
202604151045,83300.0,83700.0,82700.0,82700.0,10483
202604151100,82800.0,83100.0,82500.0,82800.0,7059
202604151115,82800.0,83000.0,82500.0,82500.0,7132
202604151130,82600.0,82800.0,81900.0,82000.0,8887
202604151145,82000.0,82400.0,81900.0,82000.0,6967
202604151200,82000.0,82200.0,81600.0,81800.0,6689
202604151215,81800.0,82000.0,81600.0,81700.0,5531
202604151230,81800.0,82000.0,81500.0,81700.0,5770
202604151245,81700.0,81800.0,81500.0,81600.0,5081
202604151300,81600.0,81700.0,81200.0,81600.0,6518
202604151315,81600.0,82500.0,81600.0,82000.0,8075
202604151330,82000.0,82400.0,82000.0,82100.0,6297
202604151345,82000.0,82300.0,82000.0,82300.0,4826
202604151400,82300.0,82400.0,82000.0,82300.0,7523
202604151415,82300.0,82300.0,81500.0,81900.0,14603
202604151430,81800.0,82400.0,81700.0,82100.0,11020
202604151445,82200.0,82500.0,82000.0,82300.0,10260
202604151500,82250.0,82300.0,82000.0,82000.0,9898
202604151515,82000.0,82200.0,81700.0,82100.0,16672
202604160900,83400.0,84100.0,82400.0,84000.0,11365
202604160915,83900.0,85000.0,83900.0,84700.0,18865
202604160930,84700.0,84700.0,83600.0,83600.0,8341
202604160945,83700.0,84400.0,83500.0,83700.0,7408
202604161000,83600.0,84000.0,83300.0,83700.0,5241
202604161015,83700.0,83800.0,83200.0,83700.0,3869
202604161030,83700.0,84100.0,83300.0,83400.0,4534
202604161045,83400.0,84000.0,83200.0,83600.0,7319
202604161100,83600.0,84100.0,83600.0,84100.0,5787
202604161115,84100.0,84200.0,83500.0,84100.0,5832
202604161130,84100.0,84200.0,83600.0,83800.0,5372
202604161145,83800.0,84200.0,83600.0,83900.0,4476
202604161200,83900.0,84200.0,83700.0,84200.0,5841
202604161215,84100.0,84200.0,83800.0,84000.0,4856
202604161230,84000.0,84100.0,83600.0,83800.0,4794
202604161245,83800.0,83900.0,83500.0,83700.0,4658
202604161300,83700.0,83900.0,83500.0,83700.0,4430
202604161315,83900.0,84000.0,83400.0,83600.0,5751
202604161330,83600.0,83700.0,83100.0,83300.0,7019
202604161345,83300.0,83600.0,82900.0,83600.0,6869
202604161400,83600.0,83900.0,83200.0,83500.0,5592
202604161415,83400.0,83700.0,83400.0,83700.0,5076
202604161430,83500.0,83700.0,83200.0,83400.0,6600
202604161445,83500.0,83600.0,83200.0,83500.0,5320
202604161500,83400.0,83800.0,83200.0,83600.0,6606
202604161515,83400.0,83700.0,83200.0,83300.0,16468
202604170900,82800.0,84800.0,82500.0,84000.0,9439
202604170915,84000.0,84400.0,83800.0,84300.0,4654
202604170930,84400.0,84700.0,84000.0,84200.0,5847
202604170945,84100.0,84200.0,83800.0,84100.0,3990
202604171000,84100.0,84200.0,83700.0,84200.0,4071
202604171015,84200.0,84300.0,83700.0,84000.0,4516
202604171030,84000.0,84400.0,84000.0,84100.0,3484
202604171045,84300.0,84400.0,83700.0,83800.0,4715
202604171100,83700.0,84100.0,83600.0,83800.0,4226
202604171115,83800.0,84000.0,83500.0,83600.0,4564
202604171130,83600.0,84100.0,83500.0,83800.0,4985
202604171145,83800.0,84000.0,83600.0,83900.0,3838
202604171200,83700.0,83900.0,83500.0,83600.0,3028
202604171215,83600.0,83900.0,83500.0,83800.0,3356
202604171230,83800.0,83900.0,83600.0,83800.0,3499
202604171245,83800.0,83900.0,83600.0,83800.0,2797
202604171300,83700.0,83900.0,83600.0,83800.0,6133
202604171315,83700.0,84100.0,83700.0,83800.0,5628
202604171330,83800.0,83900.0,83700.0,83900.0,4802
202604171345,83900.0,84100.0,83700.0,84100.0,7255
202604171400,84100.0,84400.0,83900.0,84200.0,10261
202604171415,84200.0,84500.0,84100.0,84300.0,11827
202604171430,84200.0,84500.0,84100.0,84300.0,11554
202604171445,84300.0,84400.0,83900.0,84000.0,12530
202604171500,84000.0,84300.0,83500.0,84000.0,14767
202604171515,84000.0,84300.0,83300.0,83300.0,265928
202604200900,83100.0,83600.0,82300.0,83400.0,9836
202604200915,83400.0,83900.0,83000.0,83600.0,4456
202604200930,83700.0,84200.0,83500.0,84100.0,3087
202604200945,84000.0,84200.0,83600.0,84100.0,3187
202604201000,84100.0,85900.0,83800.0,84800.0,10962
202604201015,84600.0,84800.0,84400.0,84700.0,3411
202604201030,84800.0,84900.0,84300.0,84400.0,2608
202604201045,84400.0,84700.0,84300.0,84500.0,3269
202604201100,84400.0,84600.0,84100.0,84600.0,3073
202604201115,84600.0,84600.0,84400.0,84400.0,1989
202604201130,84400.0,84500.0,84200.0,84500.0,2029
202604201145,84500.0,84600.0,84300.0,84400.0,4374
202604201200,84500.0,84600.0,84300.0,84400.0,2278
202604201215,84400.0,84900.0,84300.0,84800.0,4469
202604201230,84700.0,84900.0,84500.0,84600.0,2823
202604201245,84600.0,84600.0,84100.0,84200.0,2837
202604201300,84300.0,84300.0,83900.0,83900.0,2528
202604201315,83900.0,84300.0,83900.0,84000.0,3713
202604201330,84050.0,84100.0,83800.0,83850.0,4003
202604201345,83800.0,83900.0,83700.0,83700.0,2394
202604201400,83750.0,83900.0,83600.0,83700.0,3168
202604201415,83750.0,83800.0,83400.0,83600.0,4691
202604201430,83600.0,83800.0,83300.0,83400.0,8248
202604201445,83450.0,83600.0,83200.0,83400.0,5626
202604201500,83300.0,83400.0,83100.0,83150.0,8320
202604201515,83100.0,83200.0,82900.0,83100.0,12472
202604210900,83500.0,83900.0,83100.0,83400.0,5315
202604210915,83500.0,83600.0,83000.0,83100.0,5178
202604210930,83100.0,83100.0,82600.0,82700.0,5835
202604210945,82800.0,83100.0,82500.0,83000.0,7546
202604211000,83000.0,83000.0,82200.0,82500.0,8627
202604211015,82400.0,82600.0,82200.0,82200.0,7349
202604211030,82200.0,82400.0,81400.0,81600.0,14476
202604211045,81500.0,82000.0,81200.0,81700.0,9363
202604211100,81700.0,81900.0,81700.0,81800.0,5247
202604211115,81800.0,82400.0,81800.0,82100.0,8235
202604211130,82100.0,82200.0,81700.0,81700.0,7248
202604211145,81700.0,81900.0,81600.0,81600.0,4007
202604211200,81700.0,81700.0,81400.0,81400.0,5150
202604211215,81400.0,81800.0,81300.0,81600.0,6739
202604211230,81600.0,81800.0,81600.0,81600.0,5052
202604211245,81600.0,81800.0,81600.0,81700.0,4945
202604211300,81700.0,82000.0,81500.0,81600.0,6523
202604211315,81700.0,81800.0,81500.0,81500.0,5431
202604211330,81500.0,81800.0,81500.0,81800.0,7080
202604211345,81800.0,81800.0,81700.0,81800.0,3132
202604211400,81800.0,81900.0,81700.0,81700.0,5312
202604211415,81800.0,82200.0,81700.0,81800.0,10254
202604211430,81900.0,81900.0,81800.0,81900.0,3528
202604211445,81900.0,81900.0,81300.0,81300.0,21226
202604211500,81300.0,81400.0,80900.0,81200.0,27927
202604211515,81200.0,81400.0,81100.0,81400.0,23015
202604220900,80900.0,81300.0,80000.0,80600.0,11375
202604220915,80600.0,81200.0,80200.0,80200.0,6341
202604220930,80300.0,80300.0,79800.0,80000.0,15474
202604220945,80000.0,80900.0,79900.0,80500.0,12113
202604221000,80400.0,81000.0,80300.0,80900.0,12274
202604221015,80800.0,81200.0,80700.0,81000.0,6811
202604221030,80900.0,81200.0,80700.0,80700.0,7508
202604221045,80700.0,80900.0,80300.0,80700.0,8442
202604221100,80700.0,80800.0,80400.0,80600.0,4936
202604221115,80700.0,81300.0,80600.0,80900.0,7758
202604221130,80900.0,81000.0,80500.0,80500.0,7291
202604221145,80600.0,80700.0,80500.0,80600.0,5356
202604221200,80600.0,80900.0,80600.0,80600.0,8807
202604221215,80600.0,80700.0,80500.0,80700.0,6127
202604221230,80700.0,80900.0,80600.0,80600.0,6622
202604221245,80600.0,80700.0,80600.0,80600.0,5006
202604221300,80700.0,80700.0,80300.0,80600.0,11655
202604221315,80700.0,81200.0,80600.0,81000.0,10594
202604221330,80900.0,81000.0,80400.0,80400.0,11129
202604221345,80500.0,80600.0,80300.0,80400.0,10957
202604221400,80400.0,80700.0,80400.0,80600.0,7844
202604221415,80600.0,80700.0,80600.0,80600.0,6723
202604221430,80600.0,80700.0,80600.0,80700.0,9693
202604221445,80700.0,80700.0,80600.0,80600.0,9739
202604221500,80700.0,80700.0,80600.0,80600.0,15737
202604221515,80700.0,80800.0,80600.0,80800.0,44416
202604230900,82000.0,82000.0,80200.0,80300.0,8542
202604230915,80300.0,82000.0,80200.0,80400.0,13434
202604230930,80500.0,80500.0,80100.0,80100.0,13107
202604230945,80200.0,80600.0,80000.0,80000.0,7802
202604231000,80100.0,80200.0,79500.0,79500.0,9505
202604231015,79500.0,79600.0,79000.0,79400.0,12497
202604231030,79400.0,79400.0,79000.0,79250.0,7489
202604231045,79250.0,79800.0,79100.0,79400.0,10083
202604231100,79500.0,80000.0,79400.0,79600.0,9313
202604231115,79600.0,80000.0,79500.0,79600.0,5626
202604231130,79600.0,80000.0,79500.0,79800.0,6852
202604231145,79700.0,80000.0,79400.0,79500.0,8782
202604231200,79500.0,79800.0,79200.0,79300.0,6444
202604231215,79200.0,79300.0,79100.0,79200.0,7205
202604231230,79200.0,79400.0,79000.0,79000.0,10097
202604231245,79100.0,79100.0,78800.0,78900.0,5813
202604231300,78800.0,79300.0,78800.0,79000.0,8975
202604231315,79000.0,79100.0,78800.0,78900.0,9223
202604231330,78900.0,79000.0,78800.0,78800.0,8150
202604231345,78800.0,78900.0,78700.0,78700.0,8133
202604231400,78700.0,78900.0,78600.0,78900.0,11389
202604231415,78800.0,79100.0,78800.0,79000.0,7205
202604231430,79000.0,79300.0,79000.0,79100.0,9788
202604231445,79100.0,79600.0,79100.0,79300.0,11528
202604231500,79300.0,81600.0,79000.0,79100.0,17634
202604231515,79200.0,80500.0,79200.0,79600.0,23025
202604240900,81000.0,82300.0,80400.0,82100.0,13299
202604240915,82100.0,82900.0,81800.0,82600.0,9890
202604240930,82600.0,83100.0,82400.0,82800.0,10695
202604240945,82800.0,85300.0,82700.0,85200.0,23862
202604241000,85200.0,85900.0,85000.0,85900.0,19312
202604241015,85800.0,86500.0,85500.0,86300.0,23839
202604241030,86400.0,87600.0,85800.0,86200.0,27298
202604241045,86200.0,87000.0,86000.0,86500.0,15778
202604241100,86500.0,86600.0,85900.0,86000.0,13415
202604241115,86000.0,86600.0,85900.0,86400.0,10646
202604241130,86500.0,86700.0,85600.0,86100.0,14433
202604241145,86000.0,86200.0,85750.0,86000.0,11048
202604241200,86000.0,86200.0,83500.0,86000.0,21849
202604241215,86100.0,86300.0,85800.0,86100.0,13149
202604241230,86050.0,86600.0,85900.0,86550.0,14572
202604241245,86600.0,86700.0,86100.0,86150.0,13392
202604241300,86200.0,86500.0,86000.0,86500.0,15862
202604241315,86500.0,86700.0,86200.0,86400.0,14652
202604241330,86400.0,86600.0,86000.0,86100.0,15198
202604241345,86200.0,86200.0,85800.0,85850.0,17195
202604241400,85900.0,86100.0,85600.0,85700.0,14988
202604241415,85700.0,86150.0,85650.0,85800.0,14635
202604241430,85800.0,86100.0,85600.0,85700.0,13734
202604241445,85700.0,85900.0,85500.0,85900.0,13689
202604241500,85850.0,86000.0,85500.0,85600.0,12455
202604241515,85600.0,85900.0,85300.0,85900.0,275921
202604270900,86700.0,88000.0,86300.0,87400.0,9738
202604270915,87400.0,88500.0,87200.0,88200.0,10188
202604270930,88200.0,88400.0,87800.0,88100.0,6597
202604270945,88100.0,88200.0,87400.0,87500.0,4847
202604271000,87500.0,88100.0,87400.0,87600.0,6200
202604271015,87700.0,87900.0,87300.0,87500.0,3980
202604271030,87500.0,88000.0,87400.0,87500.0,5366
202604271045,87600.0,87800.0,87200.0,87400.0,6282
202604271100,87400.0,87800.0,87200.0,87300.0,6516
202604271115,87300.0,87400.0,86900.0,87000.0,4224
202604271130,87100.0,87400.0,87000.0,87300.0,4335
202604271145,87200.0,87400.0,86800.0,87100.0,5924
202604271200,87000.0,87400.0,86700.0,86900.0,3817
202604271215,86900.0,87300.0,86800.0,87000.0,4384
202604271230,87100.0,87400.0,87000.0,87100.0,3300
202604271245,87100.0,87200.0,86800.0,87000.0,5279
202604271300,87000.0,87100.0,86700.0,86800.0,3594
202604271315,86800.0,86900.0,86500.0,86800.0,6904
202604271330,86700.0,86800.0,86200.0,86200.0,6073
202604271345,86200.0,86700.0,86200.0,86300.0,5970
202604271400,86200.0,86400.0,86100.0,86200.0,4793
202604271415,86100.0,86300.0,86000.0,86100.0,6277
202604271430,86100.0,86500.0,86000.0,86200.0,6515
202604271445,86300.0,86300.0,86000.0,86000.0,4447
202604271500,86000.0,86200.0,85900.0,86000.0,8170
202604271515,86100.0,86100.0,85800.0,86100.0,9743
202604280900,87100.0,87500.0,86100.0,86900.0,13999
202604280915,86900.0,88100.0,86800.0,87800.0,10242
202604280930,87900.0,88000.0,86800.0,86900.0,10013
202604280945,87100.0,87300.0,86600.0,86800.0,4034
202604281000,86800.0,87000.0,86200.0,86200.0,7624
202604281015,86300.0,87000.0,86200.0,86600.0,6109
202604281030,86300.0,86800.0,86300.0,86500.0,3748
202604281045,86600.0,86600.0,86200.0,86200.0,5472
202604281100,86200.0,86900.0,86200.0,86700.0,2668
202604281115,86800.0,86800.0,86300.0,86400.0,4419
202604281130,86400.0,86800.0,86300.0,86600.0,4094
202604281145,86600.0,86700.0,86400.0,86400.0,3022
202604281200,86500.0,86700.0,86300.0,86600.0,2833
202604281215,86700.0,86700.0,86400.0,86600.0,2209
202604281230,86600.0,86800.0,86600.0,86700.0,3834
202604281245,86700.0,86800.0,86500.0,86600.0,2925
202604281300,86600.0,86800.0,86500.0,86600.0,4062
202604281315,86600.0,86700.0,86500.0,86500.0,3320
202604281330,86500.0,86600.0,86400.0,86400.0,4009
202604281345,86400.0,86500.0,86400.0,86400.0,3492
202604281400,86400.0,86500.0,85900.0,86000.0,10904
202604281415,86000.0,86100.0,85600.0,85900.0,6754
202604281430,85900.0,86100.0,85200.0,85300.0,15414
202604281445,85400.0,85800.0,85200.0,85500.0,15388
202604281500,85400.0,85600.0,85100.0,85400.0,14495
202604281515,85400.0,85600.0,85300.0,85500.0,13076
202604290900,88300.0,89500.0,86700.0,87800.0,58015
202604290915,87500.0,88200.0,86400.0,87100.0,11700
202604290930,87200.0,87200.0,86500.0,87100.0,7543
202604290945,86800.0,87800.0,86800.0,87700.0,13233
202604291000,87700.0,88500.0,87500.0,88300.0,13090
202604291015,88300.0,88400.0,87500.0,87800.0,7117
202604291030,87600.0,87900.0,87300.0,87400.0,6864
202604291045,87500.0,87800.0,87300.0,87500.0,5273
202604291100,87500.0,87900.0,87400.0,87700.0,6183
202604291115,87700.0,87900.0,87300.0,87500.0,6525
202604291130,87400.0,87900.0,87400.0,87500.0,4213
202604291145,87500.0,87700.0,87300.0,87500.0,4712
202604291200,87500.0,87700.0,87200.0,87500.0,3692
202604291215,87500.0,87500.0,87400.0,87500.0,2690
202604291230,87400.0,87500.0,87100.0,87300.0,5118
202604291245,87200.0,87400.0,87200.0,87300.0,3579
202604291300,87300.0,87500.0,87000.0,87400.0,6055
202604291315,87400.0,88300.0,87100.0,87400.0,16555
202604291330,87400.0,87500.0,87100.0,87300.0,7663
202604291345,87300.0,87400.0,86800.0,87100.0,12613
202604291400,87100.0,87400.0,87000.0,87300.0,10339
202604291415,87300.0,87500.0,87200.0,87400.0,10344
202604291430,87300.0,87500.0,87000.0,87000.0,13176
202604291445,87200.0,87600.0,87000.0,87500.0,11995
202604291500,87500.0,87600.0,87000.0,87500.0,12470
202604291515,87500.0,87600.0,87100.0,87400.0,15219
202604300900,87500.0,89800.0,86700.0,88300.0,22143
202604300915,88200.0,88800.0,87400.0,87600.0,12129
202604300930,87600.0,88300.0,87100.0,87700.0,9557
202604300945,87700.0,88200.0,87100.0,88000.0,7552
202604301000,88000.0,88000.0,87400.0,87700.0,4566
202604301015,87700.0,87900.0,87400.0,87700.0,2978
202604301030,87700.0,88300.0,87100.0,88200.0,6379
202604301045,88200.0,88700.0,87900.0,88700.0,6535
202604301100,88650.0,88800.0,88400.0,88700.0,6808
202604301115,88700.0,88800.0,88000.0,88100.0,8243
202604301130,88100.0,88700.0,87800.0,88500.0,6384
202604301145,88500.0,88600.0,88100.0,88500.0,5662
202604301200,88450.0,88500.0,88000.0,88400.0,5570
202604301215,88300.0,88500.0,88000.0,88100.0,4821
202604301230,88050.0,88300.0,87800.0,87900.0,5414
202604301245,87900.0,88100.0,87500.0,87600.0,4980
202604301300,87900.0,87900.0,87400.0,87800.0,7815
202604301315,87700.0,88100.0,87500.0,87900.0,8696
202604301330,87900.0,87900.0,87300.0,87500.0,8146
202604301345,87400.0,87700.0,87100.0,87400.0,10704
202604301400,87500.0,87600.0,87200.0,87400.0,6956
202604301415,87300.0,87600.0,87100.0,87400.0,11591
202604301430,87400.0,87400.0,87100.0,87200.0,5341
202604301445,87200.0,87200.0,86400.0,86500.0,21119
202604301500,86600.0,86600.0,86000.0,86300.0,29748
202604301515,86300.0,86400.0,86000.0,86100.0,52014
202605040900,87700.0,88900.0,87400.0,88000.0,7100
202605040915,88000.0,88800.0,87200.0,88200.0,5584
202605040930,88200.0,88300.0,87500.0,88100.0,3416
202605040945,88100.0,88200.0,87500.0,87700.0,3347
202605041000,87600.0,88000.0,87300.0,87800.0,3132
202605041015,87800.0,87800.0,86700.0,86700.0,4667
202605041030,86700.0,87000.0,86500.0,86700.0,2832
202605041045,86700.0,87000.0,86500.0,86500.0,2542
202605041100,86500.0,86800.0,86300.0,86600.0,3021
202605041115,86500.0,86900.0,86300.0,86800.0,3114
202605041130,86800.0,87000.0,86000.0,86000.0,3963
202605041145,86000.0,86600.0,85900.0,86600.0,6380
202605041200,86300.0,86900.0,86300.0,86800.0,4164
202605041215,86600.0,86800.0,86300.0,86400.0,3325
202605041230,86300.0,86600.0,86200.0,86200.0,2274
202605041245,86200.0,86900.0,86200.0,86600.0,4202
202605041300,86700.0,87600.0,86500.0,87300.0,5250
202605041315,87200.0,87300.0,86700.0,87100.0,9732
202605041330,87000.0,87200.0,86600.0,86800.0,4538
202605041345,86800.0,87200.0,86600.0,86700.0,5514
202605041400,86700.0,87100.0,86500.0,86900.0,5100
202605041415,86900.0,87200.0,86600.0,86800.0,6496
202605041430,86800.0,87100.0,86600.0,86800.0,4682
202605041445,86700.0,87000.0,86700.0,86700.0,8655
202605041500,86700.0,86900.0,86200.0,86400.0,18739
202605041515,86500.0,87300.0,86300.0,86700.0,15399
202605060900,86400.0,87600.0,85000.0,85500.0,42080
202605060915,85500.0,85800.0,83300.0,83800.0,39216
202605060930,83800.0,84500.0,83700.0,84200.0,13897
202605060945,84200.0,85000.0,84100.0,84100.0,14210
202605061000,84300.0,84800.0,83500.0,83800.0,22469
202605061015,83900.0,84200.0,83600.0,83700.0,9477
202605061030,83800.0,83900.0,83500.0,83700.0,9261
202605061045,83700.0,84800.0,83600.0,84100.0,9657
202605061100,84100.0,84300.0,83900.0,84000.0,9824
202605061115,84100.0,84200.0,83800.0,84000.0,7256
202605061130,84000.0,84300.0,83800.0,84100.0,7074
202605061145,84100.0,84200.0,83800.0,84100.0,7371
202605061200,84000.0,84300.0,83800.0,84100.0,7777
202605061215,84100.0,84400.0,84000.0,84000.0,8113
202605061230,84000.0,84100.0,83600.0,83800.0,12109
202605061245,83850.0,84000.0,83600.0,83800.0,8488
202605061300,83800.0,84300.0,83600.0,84000.0,8343
202605061315,84100.0,84200.0,83600.0,83900.0,8477
202605061330,83900.0,84100.0,83600.0,83900.0,9449
202605061345,83900.0,84200.0,83500.0,83600.0,10043
202605061400,83600.0,83900.0,83400.0,83500.0,9394
202605061415,83400.0,83700.0,83100.0,83200.0,14698
202605061430,83300.0,83400.0,83000.0,83100.0,13301
202605061445,83100.0,83600.0,83100.0,83400.0,13924
202605061500,83500.0,83600.0,83200.0,83400.0,17370
202605061515,83400.0,83800.0,83200.0,83200.0,22202
202605070900,82200.0,84100.0,81900.0,83600.0,10914
202605070915,83600.0,84900.0,83400.0,83500.0,15067
202605070930,83400.0,84400.0,83400.0,84000.0,12047
202605070945,83800.0,84700.0,83600.0,84600.0,14511
202605071000,84700.0,85300.0,84500.0,85100.0,12775
202605071015,85200.0,85400.0,84600.0,85300.0,10361
202605071030,85200.0,85900.0,85000.0,85200.0,15053
202605071045,85200.0,85700.0,85100.0,85600.0,7504
202605071100,85600.0,85800.0,85400.0,85700.0,8193
202605071115,85700.0,85800.0,85500.0,85700.0,5715
202605071130,85700.0,85900.0,85200.0,85400.0,8874
202605071145,85400.0,85700.0,85300.0,85500.0,5730
202605071200,85500.0,85800.0,85200.0,85600.0,6055
202605071215,85600.0,86300.0,85500.0,86300.0,7894
202605071230,86200.0,88200.0,86100.0,87600.0,15420
202605071245,87500.0,87800.0,87200.0,87400.0,7333
202605071300,87500.0,87700.0,87100.0,87200.0,9446
202605071315,87300.0,87700.0,87200.0,87500.0,6469
202605071330,87400.0,87600.0,87000.0,87200.0,9075
202605071345,87200.0,87600.0,87100.0,87300.0,8434
202605071400,87200.0,87300.0,86700.0,86900.0,8663
202605071415,86900.0,87000.0,86500.0,87000.0,7801
202605071430,86900.0,87000.0,86400.0,86800.0,9470
202605071445,86800.0,87000.0,86400.0,86700.0,6572
202605071500,86800.0,86900.0,86500.0,86700.0,8434
202605071515,86600.0,86900.0,86500.0,86900.0,20987
202605080900,87500.0,88200.0,86100.0,86300.0,16291
202605080915,86300.0,87300.0,86000.0,86600.0,8714
202605080930,86600.0,87100.0,86400.0,86500.0,6380
202605080945,86500.0,88800.0,86100.0,86400.0,27513
202605081000,86400.0,87700.0,86300.0,87700.0,17276
202605081015,87700.0,89100.0,87500.0,88600.0,16830
202605081030,88600.0,88800.0,87800.0,88500.0,12591
202605081045,88400.0,89800.0,88400.0,89000.0,17471
202605081100,89100.0,89400.0,88700.0,88800.0,8377
202605081115,88900.0,89500.0,88300.0,89400.0,12866
202605081130,89300.0,89500.0,88800.0,89100.0,8420
202605081145,89100.0,89400.0,88800.0,88900.0,8216
202605081200,88900.0,89100.0,88200.0,88300.0,8539
202605081215,88300.0,89050.0,88200.0,89000.0,4580
202605081230,89000.0,89100.0,88600.0,88900.0,4714
202605081245,89100.0,89600.0,88800.0,89400.0,9060
202605081300,89400.0,89700.0,89000.0,89000.0,8067
202605081315,89100.0,89300.0,88600.0,88800.0,8386
202605081330,88800.0,88900.0,88200.0,88500.0,10836
202605081345,88500.0,88900.0,88300.0,88500.0,6999
202605081400,88600.0,89100.0,87700.0,88100.0,13929
202605081415,87900.0,88500.0,87600.0,87900.0,14219
202605081430,87900.0,87900.0,87100.0,87200.0,15131
202605081445,87100.0,87900.0,86600.0,87800.0,22384
202605081500,87900.0,88100.0,87600.0,87700.0,13707
202605081515,87700.0,88000.0,87600.0,87600.0,12492
202605110900,92100.0,98000.0,89100.0,98000.0,84299
202605110915,98400.0,98900.0,95300.0,95500.0,30779
202605110930,95300.0,97500.0,94000.0,96000.0,26388
202605110945,96000.0,97000.0,95000.0,95300.0,14209
202605111000,95000.0,96300.0,95000.0,95600.0,11406
202605111015,95700.0,95800.0,93700.0,94500.0,10702
202605111030,94400.0,95900.0,93800.0,95100.0,12356
202605111045,95100.0,95100.0,94100.0,94600.0,9437
202605111100,94600.0,94900.0,93700.0,93900.0,11358
202605111115,93900.0,94600.0,93500.0,93900.0,10210
202605111130,93900.0,94200.0,93200.0,93600.0,8768
202605111145,93600.0,93700.0,93000.0,93000.0,7327
202605111200,93050.0,93300.0,92500.0,92800.0,8207
202605111215,92700.0,93600.0,92550.0,93100.0,8832
202605111230,93100.0,93300.0,92900.0,93000.0,6734
202605111245,92900.0,93400.0,92500.0,93000.0,9418
202605111300,93100.0,93400.0,92900.0,92900.0,10850
202605111315,93000.0,93000.0,92300.0,92800.0,13346
202605111330,92800.0,93100.0,92400.0,92700.0,10929
202605111345,92700.0,93100.0,92500.0,92900.0,13016
202605111400,93000.0,93100.0,92000.0,92100.0,19757
202605111415,92100.0,92300.0,91800.0,92000.0,18692
202605111430,92000.0,92100.0,91500.0,91500.0,14444
202605111445,91500.0,92100.0,91400.0,91600.0,11949
202605111500,91700.0,92400.0,91500.0,92200.0,22241
202605111515,92200.0,93000.0,92100.0,92800.0,34246
202605120900,93100.0,93600.0,91900.0,92500.0,13753
202605120915,92400.0,93700.0,91600.0,93200.0,11660
202605120930,93200.0,93500.0,92400.0,93000.0,9286
202605120945,93000.0,93200.0,92500.0,92700.0,6843
202605121000,92700.0,92700.0,91500.0,91700.0,11932
202605121015,91600.0,92500.0,91100.0,91600.0,14952
202605121030,91700.0,91900.0,89300.0,90500.0,24461
202605121045,90800.0,91600.0,90600.0,91200.0,13109
202605121100,91200.0,91900.0,90500.0,91600.0,9863
202605121115,91600.0,92600.0,91300.0,92100.0,5592
202605121130,92400.0,92700.0,92000.0,92400.0,6295
202605121145,92400.0,92800.0,92200.0,92300.0,4654
202605121200,92300.0,92300.0,91500.0,91600.0,5025
202605121215,91500.0,92000.0,91500.0,91800.0,4207
202605121230,91900.0,92000.0,91300.0,91800.0,5210
202605121245,91500.0,91900.0,91300.0,91600.0,3958
202605121300,91700.0,92900.0,91600.0,92500.0,9997
202605121315,92400.0,92800.0,91700.0,92500.0,6669
202605121330,92400.0,92600.0,91800.0,92100.0,8019
202605121345,92100.0,92500.0,91700.0,92400.0,8770
202605121400,92200.0,92800.0,91900.0,92100.0,9990
202605121415,92100.0,93000.0,91800.0,92600.0,12418
202605121430,92600.0,92900.0,91700.0,92200.0,14423
202605121445,92100.0,93000.0,92000.0,92700.0,12609
202605121500,92700.0,92800.0,91900.0,92300.0,18517
202605121515,92400.0,92600.0,91700.0,91800.0,25007
202605130900,97100.0,97200.0,93300.0,94100.0,35767
202605130915,94200.0,96400.0,93100.0,94200.0,36933
202605130930,94200.0,94800.0,93400.0,93600.0,17005
202605130945,93600.0,94000.0,92900.0,93500.0,15179
202605131000,93500.0,94200.0,93400.0,93900.0,7737
202605131015,93900.0,94900.0,93700.0,94800.0,9106
202605131030,94800.0,95000.0,94500.0,94800.0,8625
202605131045,94800.0,95300.0,94600.0,95100.0,12384
202605131100,95000.0,95100.0,94600.0,94800.0,7520
202605131115,94800.0,94800.0,94400.0,94600.0,7883
202605131130,94700.0,94700.0,94200.0,94300.0,6787
202605131145,94200.0,94600.0,94100.0,94300.0,8782
202605131200,94300.0,94900.0,94300.0,94900.0,8883
202605131215,94800.0,95000.0,94700.0,95000.0,7584
202605131230,94900.0,95000.0,94600.0,94900.0,10664
202605131245,95000.0,95400.0,94800.0,95000.0,19051
202605131300,95000.0,95100.0,94600.0,94900.0,11644
202605131315,94900.0,95100.0,94700.0,94900.0,9182
202605131330,94900.0,95200.0,94800.0,95100.0,7788
202605131345,95100.0,95400.0,94500.0,94900.0,15824
202605131400,94900.0,95000.0,94300.0,94700.0,12783
202605131415,94600.0,94800.0,94400.0,94600.0,11554
202605131430,94500.0,94800.0,93600.0,94000.0,16149
202605131445,94000.0,94500.0,93800.0,94100.0,18024
202605131500,94100.0,94500.0,94000.0,94300.0,13725
202605131515,94300.0,94800.0,94300.0,94600.0,22804
202605140900,96600.0,97500.0,93300.0,93600.0,24105
202605140915,93700.0,94400.0,92800.0,94200.0,19245
202605140930,94200.0,95000.0,93500.0,94900.0,12615
202605140945,94900.0,96100.0,94500.0,95300.0,19439
202605141000,95500.0,96200.0,95200.0,95300.0,11227
202605141015,95200.0,95500.0,94600.0,95100.0,9821
202605141030,95100.0,95800.0,94700.0,95400.0,10954
202605141045,95400.0,95600.0,94900.0,94900.0,5674
202605141100,95000.0,95300.0,94600.0,94700.0,7735
202605141115,94800.0,95000.0,94100.0,94700.0,7563
202605141130,94600.0,95300.0,94500.0,95300.0,6413
202605141145,95400.0,95500.0,95000.0,95300.0,6951
202605141200,95300.0,95800.0,95100.0,95700.0,6217
202605141215,95700.0,95900.0,95300.0,95700.0,5815
202605141230,95600.0,95600.0,95000.0,95200.0,6467
202605141245,95200.0,95500.0,94500.0,95200.0,8380
202605141300,95200.0,95700.0,95200.0,95500.0,5277
202605141315,95500.0,95700.0,95100.0,95500.0,4136
202605141330,95500.0,95600.0,95000.0,95000.0,4557
202605141345,95000.0,95500.0,94900.0,95400.0,5353
202605141400,95500.0,95500.0,94700.0,95300.0,7299
202605141415,95200.0,95800.0,94900.0,95700.0,7153
202605141430,95700.0,96000.0,95600.0,96000.0,7919
202605141445,95900.0,96000.0,95500.0,95700.0,7916
202605141500,95700.0,96700.0,95700.0,96400.0,20998
202605141515,96500.0,96700.0,96100.0,96200.0,57357
202605150900,96000.0,96500.0,94400.0,95000.0,16958
202605150915,95000.0,96800.0,94800.0,96700.0,19134
202605150930,96700.0,97400.0,96100.0,96900.0,11084
202605150945,97000.0,97000.0,96100.0,96700.0,6329
202605151000,96600.0,96700.0,95800.0,96100.0,7782
202605151015,96200.0,96300.0,95600.0,96300.0,7608
202605151030,96200.0,96800.0,96000.0,96200.0,6231
202605151045,96250.0,96300.0,95400.0,95800.0,7646
202605151100,95800.0,95900.0,95000.0,95400.0,9777
202605151115,95400.0,95500.0,94700.0,95000.0,8624
202605151130,94900.0,95700.0,94600.0,95400.0,6101
202605151145,95400.0,95600.0,94900.0,95300.0,7230
202605151200,95300.0,95600.0,95300.0,95400.0,5078
202605151215,95500.0,95900.0,95300.0,95900.0,4947
202605151230,95900.0,97000.0,95900.0,96700.0,10774
202605151245,96800.0,97000.0,96400.0,96600.0,9342
202605151300,96700.0,97000.0,96300.0,96900.0,9010
202605151315,96900.0,97000.0,96300.0,97000.0,11610
202605151330,96900.0,97300.0,96400.0,96600.0,10995
202605151345,96500.0,96700.0,96400.0,96500.0,6715
202605151400,96500.0,96500.0,95600.0,96100.0,10987
202605151415,96100.0,96700.0,96000.0,96100.0,8736
202605151430,96100.0,96100.0,95300.0,95300.0,10588
202605151445,95400.0,95600.0,94300.0,94400.0,15190
202605151500,94400.0,94900.0,93600.0,94900.0,11098
202605151515,94900.0,95200.0,94500.0,94700.0,23980
202605180900,93500.0,94100.0,91200.0,91700.0,17999
202605180915,91700.0,94200.0,90500.0,91500.0,12751
202605180930,91500.0,92400.0,91100.0,91300.0,13543
202605180945,91300.0,92700.0,91000.0,92400.0,9753
202605181000,92500.0,93600.0,92000.0,92600.0,7968
202605181015,92600.0,93500.0,91700.0,92800.0,7877
202605181030,92600.0,93200.0,92100.0,92800.0,10190
202605181045,92800.0,93200.0,92300.0,92500.0,5834
202605181100,92400.0,92600.0,92000.0,92100.0,5184
202605181115,92000.0,92300.0,91800.0,92000.0,4676
202605181130,92000.0,92700.0,91700.0,91900.0,5932
202605181145,91900.0,92300.0,91600.0,92000.0,4751
202605181200,91800.0,92100.0,91600.0,91900.0,4072
202605181215,91900.0,92500.0,91800.0,92100.0,5304
202605181230,92100.0,92500.0,91900.0,92400.0,6107
202605181245,92400.0,92600.0,92200.0,92500.0,5426
202605181300,92400.0,93100.0,92100.0,93000.0,7468
202605181315,92800.0,93000.0,92100.0,92100.0,6671
202605181330,92100.0,92900.0,91900.0,92400.0,8177
202605181345,92400.0,93100.0,92200.0,92700.0,5765
202605181400,92700.0,93400.0,92700.0,92800.0,7514
202605181415,92900.0,93800.0,92700.0,93700.0,7545
202605181430,93500.0,94100.0,93300.0,93700.0,10236
202605181445,94000.0,94100.0,93000.0,93300.0,7937
202605181500,93400.0,93900.0,93100.0,93400.0,8503
202605181515,93400.0,93800.0,92500.0,92500.0,18771
202605190900,93500.0,95100.0,91900.0,93100.0,25239
202605190915,92900.0,93200.0,91200.0,91600.0,13472
202605190930,91600.0,92700.0,90600.0,91000.0,7928
202605190945,90800.0,91600.0,90500.0,90900.0,5411
202605191000,90900.0,91600.0,90300.0,90300.0,6882
202605191015,90300.0,90600.0,89000.0,89400.0,9502
202605191030,89400.0,89700.0,88400.0,88700.0,9381
202605191045,88700.0,89100.0,87700.0,88000.0,13580
202605191100,88000.0,88200.0,87300.0,87800.0,11887
202605191115,87900.0,88000.0,87300.0,87700.0,12854
202605191130,87700.0,88500.0,87500.0,88100.0,9574
202605191145,88200.0,88600.0,88100.0,88600.0,6417
202605191200,88400.0,88800.0,88200.0,88800.0,5429
202605191215,88700.0,89600.0,88700.0,89100.0,7532
202605191230,89200.0,89800.0,89000.0,89500.0,5545
202605191245,89500.0,90000.0,89100.0,89500.0,7573
202605191300,89600.0,89800.0,88800.0,89000.0,7708
202605191315,89000.0,90200.0,89000.0,89500.0,9242
202605191330,89800.0,90100.0,89300.0,89600.0,8769
202605191345,89600.0,89800.0,89000.0,89400.0,8585
202605191400,89300.0,89700.0,89200.0,89500.0,8708
202605191415,89600.0,90200.0,89300.0,90100.0,9288
202605191430,90200.0,91000.0,90100.0,90800.0,16261
202605191445,91000.0,91000.0,90200.0,90600.0,12403
202605191500,90600.0,91000.0,90400.0,90800.0,11952
202605191515,90900.0,91100.0,90500.0,91100.0,23725
202605200900,90700.0,91000.0,87300.0,87900.0,33132
202605200915,88000.0,88100.0,85900.0,87300.0,24343
202605200930,87300.0,87700.0,86300.0,87400.0,15378
202605200945,87300.0,88300.0,87000.0,87800.0,15474
202605201000,88000.0,89300.0,87700.0,88300.0,13055
202605201015,88300.0,88600.0,87700.0,88100.0,9214
202605201030,87700.0,88900.0,87600.0,88100.0,10221
202605201045,88200.0,89200.0,87900.0,88600.0,7240
202605201100,88600.0,89200.0,88000.0,88900.0,8045
202605201115,89000.0,89500.0,88600.0,88600.0,5999
202605201130,88700.0,89400.0,88100.0,88600.0,11992
202605201145,88600.0,89100.0,88200.0,88500.0,4690
202605201200,88400.0,89300.0,88400.0,88600.0,5591
202605201215,88600.0,88900.0,88100.0,88200.0,4842
202605201230,88200.0,89000.0,88000.0,88900.0,5836
202605201245,88700.0,89300.0,88400.0,88500.0,5195
202605201300,88800.0,88900.0,88000.0,88400.0,5732
202605201315,88400.0,88600.0,88000.0,88400.0,6752
202605201330,88100.0,88700.0,88000.0,88000.0,7761
202605201345,88200.0,88300.0,87700.0,87900.0,7632
202605201400,88000.0,88400.0,87900.0,88100.0,6705
202605201415,88100.0,88300.0,87700.0,88100.0,6608
202605201430,88100.0,88500.0,87700.0,88000.0,7265
202605201445,88100.0,88200.0,87600.0,88000.0,9818
202605201500,88000.0,88400.0,87300.0,88000.0,11204
202605201515,88000.0,88700.0,87700.0,88200.0,19241
202605210900,90800.0,91800.0,89900.0,91300.0,10851
202605210915,91200.0,91600.0,90500.0,91400.0,8860
202605210930,91500.0,93200.0,91400.0,92900.0,13326
202605210945,92900.0,93600.0,92500.0,93500.0,8557
202605211000,93400.0,94100.0,92800.0,93300.0,11007
202605211015,93400.0,94000.0,93000.0,93700.0,9074
202605211030,93500.0,93800.0,93200.0,93400.0,8072
202605211045,93500.0,93900.0,93400.0,93800.0,9499
202605211100,93900.0,93900.0,93500.0,93800.0,7468
202605211115,93700.0,94500.0,92900.0,93200.0,18328
202605211130,93200.0,94100.0,92900.0,93800.0,6577
202605211145,93800.0,94800.0,93800.0,94500.0,9758
202605211200,94500.0,94800.0,94100.0,94100.0,9547
202605211215,94200.0,94600.0,94100.0,94100.0,10286
202605211230,94100.0,94900.0,94100.0,94500.0,10512
202605211245,94500.0,94500.0,93800.0,94400.0,7129
202605211300,94400.0,95000.0,93900.0,94000.0,14756
202605211315,93900.0,94400.0,93100.0,93900.0,17596
202605211330,93900.0,94400.0,93800.0,94200.0,5061
202605211345,94200.0,94800.0,93700.0,94300.0,14632
202605211400,94300.0,94300.0,93200.0,93200.0,14068
202605211415,93200.0,93600.0,92900.0,93300.0,13262
202605211430,93300.0,93600.0,93000.0,93100.0,20526
202605211445,93100.0,93500.0,93000.0,93100.0,7902
202605211500,93000.0,93500.0,92900.0,92900.0,9545
202605211515,92900.0,94600.0,92900.0,93700.0,28527
202605220900,96200.0,96300.0,92300.0,92500.0,12446
202605220915,92500.0,93300.0,92100.0,92800.0,8481
202605220930,92800.0,94100.0,92650.0,93800.0,8127
202605220945,93800.0,94500.0,93400.0,94200.0,5898
202605221000,94200.0,94800.0,93500.0,94600.0,7508
202605221015,94600.0,94700.0,93800.0,94600.0,5692
202605221030,94700.0,94700.0,94200.0,94300.0,3803
202605221045,94400.0,94500.0,93600.0,93800.0,5097
202605221100,93800.0,94100.0,93200.0,93800.0,6875
202605221115,93800.0,93900.0,92500.0,93500.0,9887
202605221130,93600.0,94000.0,92800.0,93000.0,9207
202605221145,93000.0,93500.0,92800.0,93400.0,6299
202605221200,93400.0,93500.0,92900.0,93300.0,4841
202605221215,93300.0,93700.0,93000.0,93600.0,7318
202605221230,93500.0,94200.0,93400.0,93600.0,7491
202605221245,93600.0,94200.0,93400.0,93600.0,5998
202605221300,93600.0,94200.0,93500.0,93600.0,5758
202605221315,93600.0,93900.0,93300.0,93500.0,5313
202605221330,93500.0,94100.0,93500.0,93600.0,6388
202605221345,93600.0,94300.0,93500.0,93900.0,7051
202605221400,94000.0,94400.0,93600.0,94400.0,5527
202605221415,94300.0,94400.0,94000.0,94100.0,5203
202605221430,94100.0,94400.0,93800.0,94000.0,6423
202605221445,94000.0,94300.0,93700.0,93700.0,6482
202605221500,93700.0,94100.0,93600.0,93700.0,5236
202605221515,93700.0,94200.0,93600.0,94200.0,9106
202605260900,97800.0,99100.0,96000.0,96600.0,30060
202605260915,96600.0,96800.0,95400.0,95700.0,15222
202605260930,95700.0,96500.0,95000.0,96400.0,15013
202605260945,96400.0,96900.0,95900.0,96100.0,11594
202605261000,96000.0,96500.0,95700.0,96000.0,15059
202605261015,96000.0,96300.0,95900.0,96000.0,14287
202605261030,96000.0,96500.0,95400.0,95700.0,14801
202605261045,95700.0,96400.0,95600.0,95800.0,16421
202605261100,95800.0,96100.0,95600.0,95600.0,8780
202605261115,95800.0,96300.0,95600.0,95800.0,13323
202605261130,95800.0,96100.0,95700.0,95900.0,11061
202605261145,95900.0,96400.0,95800.0,96200.0,12757
202605261200,96200.0,96800.0,96200.0,96600.0,11749
202605261215,96600.0,97200.0,96600.0,96900.0,14966
202605261230,96800.0,97100.0,96400.0,96500.0,15072
202605261245,96700.0,96900.0,96200.0,96200.0,11426
202605261300,96200.0,96300.0,95700.0,95900.0,8751
202605261315,95900.0,96200.0,95700.0,96100.0,9436
202605261330,96100.0,96200.0,95800.0,96000.0,10418
202605261345,96100.0,96300.0,95400.0,95400.0,15485
202605261400,95400.0,95500.0,94300.0,94400.0,13180
202605261415,94400.0,94500.0,94300.0,94300.0,8389
202605261430,94300.0,94500.0,93900.0,94400.0,14235
202605261445,94400.0,94600.0,93600.0,93600.0,14174
202605261500,93600.0,94100.0,93500.0,94000.0,13677
202605261515,94000.0,94600.0,93600.0,93700.0,20789
202605270900,93800.0,94200.0,91500.0,91600.0,21122
202605270915,91700.0,92600.0,91600.0,91900.0,8222
202605270930,91900.0,92900.0,91800.0,92500.0,8417
202605270945,92500.0,93600.0,92100.0,93500.0,8601
202605271000,93500.0,93600.0,92500.0,92800.0,9563
202605271015,92800.0,93300.0,92300.0,92400.0,3494
202605271030,92300.0,92800.0,92200.0,92700.0,3172
202605271045,92600.0,92600.0,91200.0,91500.0,7542
202605271100,91400.0,92300.0,91400.0,92100.0,4517
202605271115,92100.0,92200.0,91700.0,91800.0,4258
202605271130,91800.0,91900.0,91300.0,91700.0,4168
202605271145,91700.0,92000.0,91200.0,91300.0,5831
202605271200,91200.0,91900.0,91200.0,91800.0,3286
202605271215,91700.0,91900.0,91400.0,91400.0,3869
202605271230,91400.0,91500.0,91000.0,91200.0,8101
202605271245,91100.0,91400.0,90800.0,90900.0,5589
202605271300,90900.0,91400.0,90700.0,90700.0,4588
202605271315,90700.0,91000.0,90600.0,90700.0,5577
202605271330,90700.0,90800.0,90500.0,90500.0,5120
202605271345,90600.0,90700.0,90300.0,90500.0,6118
202605271400,90500.0,90600.0,90200.0,90400.0,6762
202605271415,90400.0,91700.0,90400.0,91400.0,8194
202605271430,91400.0,92200.0,91200.0,91800.0,9574
202605271445,91800.0,92200.0,91400.0,91600.0,9306
202605271500,91600.0,91900.0,91400.0,91400.0,10224
202605271515,91400.0,91800.0,91300.0,91500.0,10196
202605280900,92100.0,93600.0,91100.0,92900.0,21239
202605280915,92900.0,93400.0,91800.0,93100.0,10361
202605280930,93100.0,93600.0,92600.0,93100.0,14877
202605280945,93100.0,93700.0,92600.0,93400.0,12309
202605281000,93400.0,94100.0,93300.0,93800.0,7620
202605281015,93800.0,94000.0,92800.0,92900.0,7471
202605281030,92900.0,93500.0,92700.0,93400.0,15032
202605281045,93400.0,93600.0,93100.0,93600.0,5323
202605281100,93600.0,93700.0,92600.0,92700.0,7379
202605281115,92600.0,93000.0,91900.0,92100.0,5974
202605281130,92000.0,92300.0,91800.0,91900.0,2934
202605281145,91900.0,92500.0,91900.0,92400.0,4451
202605281200,92500.0,92700.0,92200.0,92400.0,4582
202605281215,92400.0,92500.0,92000.0,92100.0,5429
202605281230,92100.0,92700.0,91600.0,92000.0,11500
202605281245,92100.0,92600.0,91800.0,92100.0,7693
202605281300,92100.0,92300.0,91200.0,91500.0,7317
202605281315,91500.0,91700.0,90700.0,91300.0,7768
202605281330,91300.0,91600.0,91000.0,91500.0,8526
202605281345,91500.0,91700.0,91100.0,91400.0,6180
202605281400,91400.0,92400.0,91400.0,92000.0,8216
202605281415,92000.0,92500.0,91700.0,92300.0,9095
202605281430,92000.0,92500.0,92000.0,92400.0,11559
202605281445,92300.0,92800.0,92100.0,92600.0,12766
202605281500,92500.0,93000.0,92400.0,92700.0,8827
202605281515,92500.0,93100.0,92400.0,92400.0,19239
202605290900,93300.0,93300.0,90800.0,91200.0,12786
202605290915,91200.0,92700.0,91200.0,91600.0,9212
202605290930,91500.0,91500.0,90800.0,91300.0,17050
202605290945,91100.0,91400.0,90600.0,90700.0,8700
202605291000,90700.0,91700.0,90400.0,91300.0,8604
202605291015,91300.0,91800.0,91100.0,91400.0,5020
202605291030,91300.0,91500.0,90900.0,91300.0,6457
202605291045,91300.0,91400.0,90900.0,91200.0,3849
202605291100,91200.0,91400.0,90400.0,90500.0,9012
202605291115,90500.0,90800.0,89800.0,90500.0,8038
202605291130,90400.0,90900.0,90200.0,90500.0,5587
202605291145,90500.0,90700.0,90300.0,90700.0,4874
202605291200,90800.0,90900.0,90100.0,90300.0,6257
202605291215,90300.0,90400.0,89200.0,89400.0,11630
202605291230,89400.0,89800.0,89300.0,89700.0,7023
202605291245,89700.0,90300.0,89600.0,90200.0,8210
202605291300,90100.0,90400.0,89500.0,89600.0,6337
202605291315,89500.0,89900.0,89300.0,89600.0,12348
202605291330,89500.0,89600.0,88700.0,89000.0,14140
202605291345,89000.0,89300.0,88800.0,89000.0,10937
202605291400,89000.0,89700.0,88800.0,89300.0,11056
202605291415,89400.0,89500.0,88800.0,89100.0,12827
202605291430,89000.0,89800.0,89000.0,89300.0,18709
202605291445,89400.0,89800.0,88800.0,89600.0,25477
202605291500,89600.0,90400.0,89500.0,90000.0,11992
202605291515,90000.0,90400.0,89800.0,90000.0,64875
202606010900,90700.0,91100.0,88100.0,88500.0,9732
202606010915,88600.0,90000.0,88500.0,89300.0,8548
202606010930,89300.0,90500.0,89100.0,89600.0,7229
202606010945,89700.0,90700.0,89500.0,90500.0,4754
202606011000,90100.0,90700.0,89700.0,89900.0,3754
202606011015,89900.0,90400.0,89800.0,89900.0,3922
202606011030,89900.0,90800.0,89700.0,90500.0,3942
202606011045,90500.0,90700.0,89900.0,90200.0,6908
202606011100,90400.0,90900.0,90100.0,90300.0,5421
202606011115,90300.0,91000.0,90100.0,90300.0,7014
202606011130,90400.0,91000.0,90100.0,90700.0,6738
202606011145,90700.0,90900.0,90200.0,90400.0,5319
202606011200,90200.0,90600.0,90100.0,90300.0,4399
202606011215,90200.0,90800.0,90200.0,90500.0,4784
202606011230,90500.0,91100.0,90400.0,90800.0,6731
202606011245,90700.0,91200.0,90400.0,90600.0,5653
202606011300,90600.0,91000.0,90000.0,90100.0,4602
202606011315,90100.0,90600.0,89800.0,90000.0,6472
202606011330,90000.0,90600.0,89300.0,90000.0,6716
202606011345,90000.0,90700.0,89700.0,90100.0,5768
202606011400,90200.0,90800.0,89800.0,90300.0,6687
202606011415,90300.0,90600.0,89700.0,90000.0,10426
202606011430,90000.0,90400.0,89700.0,89800.0,9236
202606011445,89800.0,90600.0,89750.0,90500.0,20690
202606011500,90500.0,90800.0,90100.0,90500.0,19270
202606011515,90500.0,91100.0,90000.0,90000.0,9988
202606020900,91000.0,93300.0,90600.0,92700.0,34039
202606020915,92500.0,93200.0,91700.0,92400.0,16901
202606020930,92400.0,94700.0,92100.0,93800.0,16936
202606020945,93800.0,93900.0,91400.0,91500.0,13090
202606021000,91400.0,93200.0,91400.0,93100.0,8945
202606021015,93000.0,94000.0,93000.0,93800.0,5252
202606021030,93800.0,94100.0,93500.0,94100.0,6252
202606021045,94000.0,94500.0,93550.0,94200.0,7948
202606021100,94100.0,94400.0,93200.0,93400.0,7628
202606021115,93400.0,94000.0,92800.0,93100.0,6556
202606021130,93100.0,93500.0,92800.0,93000.0,6407
202606021145,93200.0,93700.0,93000.0,93300.0,6104
202606021200,93200.0,94400.0,93000.0,93900.0,14687
202606021215,93900.0,94400.0,93900.0,94000.0,5676
202606021230,94100.0,94500.0,93700.0,94100.0,5503
202606021245,94100.0,94500.0,93600.0,93900.0,4679
202606021300,93900.0,94100.0,93200.0,93300.0,5480
202606021315,93200.0,94000.0,93000.0,93300.0,5363
202606021330,93200.0,93600.0,92900.0,93400.0,4006
202606021345,93400.0,94300.0,93300.0,93900.0,6124
202606021400,93900.0,94300.0,93600.0,94000.0,6101
202606021415,94000.0,94500.0,93700.0,94400.0,8662
202606021430,94400.0,95000.0,94200.0,94400.0,15447
202606021445,94400.0,94900.0,94100.0,94300.0,9181
202606021500,94300.0,94800.0,94000.0,94300.0,8675
202606021515,94400.0,94800.0,94200.0,94600.0,20943
202606040900,95800.0,96900.0,93100.0,94200.0,19169
202606040915,94300.0,94300.0,93300.0,94000.0,12805
202606040930,94000.0,95200.0,93700.0,93900.0,14981
202606040945,93800.0,94100.0,92600.0,92800.0,11987
202606041000,92800.0,93100.0,92400.0,92500.0,6331
202606041015,92600.0,93200.0,92200.0,93200.0,6784
202606041030,93200.0,93300.0,92600.0,92600.0,6654
202606041045,92500.0,92600.0,92100.0,92300.0,5850
202606041100,92300.0,93400.0,92100.0,92700.0,7524
202606041115,92800.0,93400.0,92700.0,92800.0,4832
202606041130,92800.0,93400.0,92800.0,93200.0,5245
202606041145,93100.0,93900.0,93000.0,93300.0,5154
202606041200,93300.0,93800.0,92800.0,92900.0,5241
202606041215,92800.0,93500.0,92800.0,93200.0,5657
202606041230,93200.0,93500.0,93000.0,93200.0,3804
202606041245,93300.0,94600.0,93000.0,94500.0,21832
202606041300,94500.0,94600.0,93900.0,94300.0,34274
202606041315,94300.0,94600.0,94200.0,94600.0,7163
202606041330,94500.0,95000.0,94200.0,94600.0,7051
202606041345,94700.0,96200.0,94300.0,94400.0,8310
202606041400,94400.0,94500.0,93400.0,94200.0,6516
202606041415,94100.0,94700.0,93700.0,93700.0,7303
202606041430,93800.0,94400.0,93600.0,93600.0,6554
202606041445,93600.0,93900.0,93000.0,93100.0,8465
202606041500,92900.0,93500.0,92900.0,93300.0,6402
202606041515,93200.0,94200.0,93000.0,93000.0,19452
202606050900,95300.0,98300.0,94700.0,96700.0,48792
202606050915,96800.0,97800.0,95300.0,95600.0,23581
202606050930,95500.0,96900.0,94800.0,95300.0,25248
202606050945,95300.0,95600.0,94500.0,94800.0,18079
202606051000,94800.0,95200.0,94100.0,94400.0,15772
202606051015,94400.0,95300.0,94000.0,94900.0,11456
202606051030,95100.0,95600.0,94700.0,94800.0,12931
202606051045,95000.0,95700.0,94600.0,94600.0,11117
202606051100,94600.0,95600.0,94600.0,95000.0,9813
202606051115,95000.0,95300.0,94600.0,94800.0,8941
202606051130,94900.0,95600.0,94600.0,95100.0,7920
202606051145,95200.0,95500.0,94700.0,95500.0,8463
202606051200,95100.0,95500.0,94700.0,95200.0,8362
202606051215,95200.0,95500.0,94600.0,94900.0,8195
202606051230,94900.0,95200.0,94700.0,94900.0,7273
202606051245,94900.0,95000.0,94400.0,94500.0,9470
202606051300,94500.0,95000.0,94400.0,94600.0,7688
202606051315,94500.0,95300.0,94500.0,95100.0,8319
202606051330,94900.0,95300.0,94700.0,95000.0,8247
202606051345,95000.0,95400.0,94600.0,95200.0,10294
202606051400,95200.0,95200.0,93600.0,94000.0,17706
202606051415,94000.0,94700.0,93800.0,94600.0,11539
202606051430,94400.0,94700.0,93700.0,93700.0,18907
202606051445,93700.0,94100.0,93400.0,93600.0,19277
202606051500,93500.0,94000.0,93400.0,93600.0,17784
202606051515,93600.0,94200.0,93400.0,94200.0,27944
202606080900,90200.0,90500.0,89300.0,90300.0,5592
202606080930,90100.0,93200.0,90000.0,90700.0,46773
202606080945,90700.0,91300.0,89500.0,90100.0,20225
202606081000,89800.0,90100.0,88400.0,88700.0,25043
202606081015,88700.0,89200.0,88500.0,88800.0,16235
202606081030,88800.0,89000.0,88100.0,88600.0,19606
202606081045,88500.0,88500.0,87200.0,87400.0,14166
202606081100,87400.0,87500.0,86600.0,87400.0,17628
202606081115,87400.0,88300.0,87200.0,87600.0,18855
202606081130,87600.0,88000.0,87200.0,87900.0,12748
202606081145,88000.0,88400.0,87600.0,87800.0,10855
202606081200,87900.0,88000.0,87200.0,87600.0,10970
202606081215,87500.0,87900.0,87500.0,87800.0,8353
202606081230,87700.0,87900.0,87400.0,87700.0,9357
202606081245,87700.0,88300.0,87600.0,87900.0,10725
202606081300,87900.0,88400.0,87500.0,88100.0,14251
202606081315,88100.0,88700.0,88000.0,88300.0,11622
202606081330,88400.0,88600.0,87800.0,88000.0,11896
202606081345,88000.0,88200.0,87500.0,87800.0,12923
202606081400,87800.0,88500.0,87700.0,87900.0,10479
202606081415,87900.0,88300.0,87800.0,87800.0,15237
202606081430,87700.0,87800.0,86200.0,86400.0,29703
202606081445,86200.0,86900.0,85300.0,85500.0,47276
202606081500,85500.0,86900.0,85200.0,86500.0,25684
202606081515,86600.0,88000.0,86300.0,87400.0,31850
202606090900,88000.0,91300.0,87600.0,89600.0,17338
202606090915,89700.0,90200.0,89300.0,89600.0,6938
202606090930,89600.0,90700.0,88700.0,90500.0,8870
202606090945,90450.0,90900.0,89900.0,90700.0,7740
202606091000,90700.0,90800.0,89200.0,90300.0,13208
202606091015,90200.0,91900.0,90000.0,90800.0,12535
202606091030,90700.0,90900.0,89500.0,89900.0,9070
202606091045,90000.0,90800.0,89800.0,90600.0,9747
202606091100,90500.0,92300.0,90500.0,91700.0,9602
202606091115,91700.0,92500.0,91700.0,92300.0,6439
202606091130,92200.0,92700.0,92100.0,92500.0,5004
202606091145,92400.0,92600.0,91700.0,92500.0,6224
202606091200,92500.0,92800.0,92300.0,92600.0,2995
202606091215,92600.0,93100.0,92400.0,92900.0,3406
202606091230,92900.0,93200.0,92600.0,92900.0,3450
202606091245,92900.0,93200.0,92800.0,92900.0,3220
202606091300,92900.0,93100.0,92700.0,92800.0,3228
202606091315,92700.0,93200.0,92500.0,93050.0,5297
202606091330,93100.0,93300.0,93000.0,93200.0,5482
202606091345,93200.0,93300.0,92800.0,93200.0,5396
202606091400,93200.0,93300.0,92500.0,92800.0,6675
202606091415,92750.0,92900.0,92100.0,92200.0,7160
202606091430,92200.0,92400.0,92000.0,92200.0,9862
202606091445,92200.0,92900.0,92200.0,92900.0,13515
202606091500,92850.0,93100.0,92500.0,92800.0,27841
202606091515,92800.0,93000.0,92300.0,92400.0,14128
202606100900,89700.0,92000.0,89700.0,91600.0,56445
202606100915,91600.0,91900.0,90200.0,90200.0,23062
202606100930,90200.0,91200.0,89800.0,91100.0,17957
202606100945,91100.0,92800.0,91000.0,92700.0,9229
202606101000,92700.0,92700.0,91200.0,91600.0,19245
202606101015,91600.0,92200.0,91000.0,91900.0,18509
202606101030,92000.0,92700.0,91700.0,92200.0,9729
202606101045,92300.0,92600.0,91900.0,92200.0,8057
202606101100,92000.0,92400.0,91800.0,92200.0,8862
202606101115,92300.0,92400.0,91800.0,91900.0,10137
202606101130,91900.0,92200.0,90900.0,91400.0,10242
202606101145,91400.0,91500.0,90800.0,91000.0,8097
202606101200,91000.0,91700.0,90600.0,91300.0,7989
202606101215,91400.0,91600.0,90800.0,91400.0,6731
202606101230,91200.0,91500.0,90800.0,91000.0,6775
202606101245,91400.0,91400.0,90300.0,90400.0,11926
202606101300,90300.0,90800.0,90100.0,90400.0,13131
202606101315,90400.0,90900.0,90100.0,90700.0,11687
202606101330,90800.0,90900.0,90000.0,90200.0,9070
202606101345,90200.0,90900.0,90000.0,90300.0,10393
202606101400,90400.0,91200.0,90200.0,90500.0,9816
202606101415,90500.0,91400.0,90100.0,91100.0,11496
202606101430,91100.0,91400.0,90600.0,90900.0,6651
202606101445,90900.0,91300.0,90400.0,90600.0,10166
202606101500,90400.0,91700.0,90200.0,91500.0,20477
202606101515,91600.0,92500.0,91100.0,92000.0,21080
202606110900,89600.0,89600.0,86100.0,88300.0,16300
202606110915,88300.0,89300.0,87900.0,88500.0,12138
202606110930,88600.0,89400.0,88500.0,89100.0,8154
202606110945,89000.0,90200.0,89000.0,89900.0,7737
202606111000,89900.0,90600.0,89200.0,90500.0,13546
202606111015,90500.0,90900.0,90200.0,90700.0,9058
202606111030,90700.0,90900.0,90300.0,90600.0,6434
202606111045,90500.0,90700.0,88400.0,88400.0,15962
202606111100,88400.0,88700.0,88000.0,88000.0,16408
202606111115,88000.0,88400.0,87700.0,87900.0,15591
202606111130,87900.0,88600.0,87800.0,88400.0,15395
202606111145,88300.0,89000.0,88100.0,89000.0,14882
202606111200,88500.0,89300.0,88400.0,88900.0,14471
202606111215,88700.0,89300.0,88500.0,89300.0,13751
202606111230,89300.0,89900.0,88900.0,89500.0,15175
202606111245,89500.0,90500.0,89200.0,89900.0,20300
202606111300,90200.0,90500.0,89700.0,90000.0,16445
202606111315,89900.0,90400.0,89800.0,90200.0,14808
202606111330,90100.0,90500.0,89800.0,90000.0,16844
202606111345,90100.0,90500.0,89600.0,89600.0,17491
202606111400,89600.0,90200.0,89400.0,90000.0,17505
202606111415,90000.0,90900.0,89700.0,90200.0,17920
202606111430,90200.0,91000.0,89900.0,90800.0,18542
202606111445,90700.0,91500.0,90400.0,90600.0,23982
202606111500,90600.0,91600.0,90400.0,91300.0,37666
202606111515,91200.0,92400.0,90700.0,92000.0,187939
202606120900,91100.0,92800.0,90400.0,90700.0,9263
202606120915,90600.0,92600.0,90600.0,91600.0,7070
202606120930,91800.0,92700.0,91200.0,91400.0,6856
202606120945,91700.0,92500.0,91200.0,91900.0,6442
202606121000,91800.0,92300.0,91200.0,91500.0,5092
202606121015,91500.0,92400.0,91500.0,92300.0,6087
202606121030,92100.0,92500.0,91600.0,91600.0,6790
202606121045,91600.0,92500.0,91500.0,92200.0,8452
202606121100,92200.0,92300.0,91800.0,91900.0,5865
202606121115,92000.0,92100.0,91500.0,91600.0,6124
202606121130,91900.0,92000.0,91100.0,91300.0,6266
202606121145,91300.0,91800.0,90900.0,91200.0,7000
202606121200,91200.0,91500.0,91000.0,91200.0,5575
202606121215,91200.0,91500.0,91000.0,91400.0,6940
202606121230,91100.0,91800.0,91100.0,91300.0,7247
202606121245,91300.0,91600.0,91000.0,91100.0,5640
202606121300,91100.0,91400.0,90900.0,91200.0,5862
202606121315,91100.0,91200.0,90700.0,90900.0,6793
202606121330,90900.0,91400.0,90700.0,91000.0,8755
202606121345,91000.0,91400.0,90700.0,90700.0,9586
202606121400,90800.0,91000.0,89500.0,89900.0,10869
202606121415,90000.0,90300.0,89500.0,89600.0,12617
202606121430,89500.0,89700.0,88700.0,88800.0,13114
202606121445,89000.0,89500.0,88500.0,88600.0,11813
202606121500,88600.0,89300.0,88500.0,89200.0,12129
202606121515,89000.0,90100.0,88800.0,89000.0,24215
202606150900,88700.0,90900.0,88600.0,90800.0,8264
202606150915,90800.0,91700.0,90800.0,91600.0,12409
202606150930,91600.0,92500.0,91600.0,92500.0,9669
202606150945,92100.0,92600.0,92100.0,92400.0,5120
202606151000,92400.0,93100.0,92100.0,92100.0,8860
202606151015,92200.0,92600.0,91200.0,91600.0,7747
202606151030,91600.0,92000.0,91400.0,91700.0,5551
202606151045,91700.0,92500.0,91700.0,92300.0,5168
202606151100,92200.0,92400.0,91800.0,91900.0,3970
202606151115,91800.0,92500.0,91400.0,92100.0,5033
202606151130,92200.0,92400.0,91600.0,91900.0,5637
202606151145,92100.0,92100.0,91100.0,91700.0,7972
202606151200,91700.0,91800.0,91300.0,91300.0,4296
202606151215,91500.0,91700.0,91000.0,91200.0,4635
202606151230,91200.0,91600.0,91000.0,91000.0,4528
202606151245,91000.0,91700.0,90900.0,91600.0,5174
202606151300,91600.0,91800.0,91300.0,91700.0,4075
202606151315,91700.0,91900.0,91400.0,91500.0,5463
202606151330,91500.0,91700.0,91200.0,91300.0,4895
202606151345,91300.0,91700.0,91000.0,91500.0,5562
202606151400,91400.0,91500.0,90400.0,91000.0,13917
202606151415,91000.0,91200.0,90500.0,90500.0,16728
202606151430,90500.0,91100.0,90300.0,90500.0,18239
202606151445,90500.0,91000.0,90300.0,90800.0,17343
202606151500,90800.0,91000.0,90300.0,90600.0,18372
202606151515,90400.0,91300.0,90300.0,91300.0,16418
202606160900,92200.0,93400.0,91600.0,91800.0,16907
202606160915,91800.0,92600.0,91400.0,92000.0,7361
202606160930,91900.0,92400.0,91500.0,91600.0,6603
202606160945,91600.0,92000.0,90300.0,90600.0,8173
202606161000,90700.0,91700.0,90400.0,90700.0,9688
202606161015,90800.0,91300.0,90700.0,91000.0,6020
202606161030,91000.0,92500.0,91000.0,92100.0,9292
202606161045,92200.0,92600.0,91800.0,92400.0,7853
202606161100,92300.0,92700.0,92100.0,92400.0,7445
202606161115,92700.0,92700.0,91800.0,91900.0,6228
202606161130,91900.0,92300.0,91600.0,92000.0,6820
202606161145,92000.0,92300.0,91500.0,91600.0,7998
202606161200,91600.0,92300.0,91400.0,92000.0,5680
202606161215,92100.0,92400.0,91300.0,91300.0,7651
202606161230,91400.0,91700.0,91000.0,91100.0,6928
202606161245,91100.0,91400.0,91000.0,91100.0,6837
202606161300,91100.0,91400.0,90200.0,90900.0,8567
202606161315,90900.0,91300.0,90200.0,90600.0,8150
202606161330,90700.0,91200.0,90400.0,90900.0,8364
202606161345,90900.0,91500.0,90800.0,91200.0,6588
202606161400,91200.0,91500.0,91000.0,91300.0,6919
202606161415,91200.0,91700.0,91000.0,91400.0,7311
202606161430,91400.0,91900.0,91300.0,91800.0,7694
202606161445,91800.0,92000.0,91500.0,91600.0,8230
202606161500,91600.0,92100.0,91400.0,91600.0,8403
202606161515,91600.0,91700.0,91100.0,91200.0,8830
202606170900,90400.0,92400.0,90400.0,90600.0,8529
202606170915,90600.0,91200.0,90400.0,90600.0,5942
202606170930,90800.0,91400.0,90500.0,90900.0,5520
202606170945,90800.0,91300.0,90700.0,91000.0,5085
202606171000,90900.0,91100.0,90700.0,90900.0,4493
202606171015,90900.0,91600.0,90900.0,91100.0,3484
202606171030,91100.0,91400.0,91000.0,91400.0,2957
202606171045,91300.0,92500.0,91200.0,92300.0,5770
202606171100,92300.0,92600.0,92100.0,92300.0,3642
202606171115,92300.0,92600.0,92000.0,92300.0,3911
202606171130,92300.0,92400.0,92000.0,92000.0,2897
202606171145,92000.0,92300.0,91600.0,91800.0,2778
202606171200,91800.0,92400.0,91600.0,91800.0,4851
202606171215,91800.0,92600.0,91800.0,92400.0,5796
202606171230,92400.0,93000.0,92100.0,92700.0,5232
202606171245,92700.0,93200.0,92500.0,93000.0,4286
202606171300,92900.0,93100.0,92200.0,92600.0,6234
202606171315,92600.0,92800.0,92000.0,92200.0,5453
202606171330,92200.0,93500.0,92000.0,92900.0,7613
202606171345,92700.0,92900.0,92000.0,92200.0,3836
202606171400,92300.0,92300.0,91700.0,91900.0,4118
202606171415,91900.0,92300.0,91700.0,92000.0,4358
202606171430,92000.0,92300.0,91600.0,91800.0,5735
202606171445,91900.0,92400.0,91500.0,91700.0,8804
202606171500,91700.0,92000.0,91400.0,91700.0,13969
202606171515,91700.0,92100.0,91500.0,91800.0,13380
202606180900,91800.0,92000.0,90900.0,91400.0,8936
202606180915,91300.0,92900.0,91300.0,92400.0,7170
202606180930,92400.0,92400.0,91700.0,91800.0,4431
202606180945,92100.0,92100.0,91000.0,91400.0,7828
202606181000,91400.0,91500.0,91000.0,91300.0,3788
202606181015,91200.0,91700.0,91100.0,91300.0,5142
202606181030,91300.0,91700.0,91000.0,91200.0,3522
202606181045,91000.0,91500.0,91000.0,91400.0,4223
202606181100,91400.0,91600.0,91300.0,91400.0,3345
202606181115,91300.0,91900.0,91300.0,91500.0,3565
202606181130,91500.0,91900.0,91400.0,91500.0,3406
202606181145,91500.0,91800.0,91300.0,91300.0,4557
202606181200,91300.0,91500.0,91100.0,91100.0,2911
202606181215,91100.0,91400.0,91000.0,91200.0,2445
202606181230,91200.0,91300.0,91000.0,91100.0,3699
202606181245,91100.0,91500.0,91000.0,91200.0,4988
202606181300,91200.0,91500.0,91100.0,91300.0,4258
202606181315,91350.0,91700.0,91100.0,91400.0,3849
202606181330,91500.0,91500.0,91100.0,91100.0,4138
202606181345,91100.0,91400.0,90800.0,90800.0,7025
202606181400,90800.0,91200.0,90500.0,90600.0,7619
202606181415,90600.0,91000.0,90400.0,90600.0,10847
202606181430,90600.0,91000.0,90400.0,90500.0,11514
202606181445,90500.0,90700.0,90000.0,90200.0,11493
202606181500,90200.0,90800.0,90100.0,90400.0,10778
202606181515,90300.0,91700.0,90300.0,91000.0,28162
202606190900,90900.0,91200.0,89100.0,89700.0,17835
202606190915,89800.0,90000.0,88800.0,89200.0,11023
202606190930,89400.0,89700.0,88100.0,88200.0,12621
202606190945,88200.0,88900.0,88100.0,88400.0,10161
202606191000,88400.0,88600.0,88200.0,88200.0,8183
202606191015,88300.0,88600.0,87800.0,87800.0,14346
202606191030,87900.0,88600.0,87700.0,87900.0,7427
202606191045,87900.0,88500.0,87900.0,88100.0,8915
202606191100,88100.0,88500.0,87800.0,88100.0,7694
202606191115,88000.0,88600.0,87900.0,88300.0,7808
202606191130,88300.0,88400.0,87800.0,88200.0,6985
202606191145,88200.0,88400.0,87700.0,88000.0,7444
202606191200,88000.0,88400.0,87800.0,88000.0,5031
202606191215,88100.0,88400.0,87600.0,88000.0,14987
202606191230,88000.0,88500.0,87700.0,88300.0,10116
202606191245,88300.0,88300.0,87400.0,87600.0,10228
202606191300,87600.0,87700.0,87000.0,87200.0,7948
202606191315,87000.0,87400.0,86500.0,86700.0,5615
202606191330,86600.0,86800.0,86100.0,86300.0,5911
202606191345,86300.0,86700.0,86100.0,86600.0,7714
202606191400,86600.0,86900.0,86200.0,86500.0,11376
202606191415,86500.0,86900.0,86300.0,86700.0,10303
202606191430,86700.0,86800.0,86000.0,86500.0,7964
202606191445,86500.0,87600.0,86300.0,87200.0,10630
202606191500,87600.0,87900.0,87100.0,87500.0,8560
202606191515,87500.0,88400.0,87400.0,87400.0,199064
202606220900,88100.0,89200.0,87100.0,87500.0,8583
202606220915,87800.0,88400.0,87500.0,87800.0,3978
202606220930,88000.0,88000.0,87100.0,87500.0,5041
202606220945,87400.0,87400.0,86700.0,87100.0,5482
202606221000,87200.0,87300.0,86400.0,86600.0,4651
202606221015,86600.0,87100.0,86000.0,86900.0,4398
202606221030,86900.0,87000.0,86300.0,86600.0,4745
202606221045,86500.0,87100.0,86300.0,86450.0,4835
202606221100,86450.0,86700.0,86100.0,86100.0,3251
202606221115,86100.0,86800.0,86100.0,86500.0,3913
202606221130,86700.0,86700.0,86100.0,86200.0,3462
202606221145,86200.0,86700.0,86100.0,86500.0,2853
202606221200,86500.0,87000.0,86400.0,87000.0,3190
202606221215,86700.0,87100.0,86600.0,86700.0,3751
202606221230,86700.0,87100.0,86400.0,86600.0,3460
202606221245,86700.0,87100.0,86300.0,86500.0,3467
202606221300,86400.0,87000.0,86200.0,86600.0,4569
202606221315,86700.0,87000.0,86400.0,86400.0,3473
202606221330,86400.0,86900.0,86200.0,86400.0,6430
202606221345,86600.0,86700.0,86100.0,86200.0,4610
202606221400,86150.0,86800.0,86100.0,86500.0,4916
202606221415,86500.0,86800.0,86300.0,86700.0,5209
202606221430,86500.0,86900.0,86300.0,86400.0,6090
202606221445,86500.0,87000.0,86400.0,86500.0,5679
202606221500,86500.0,86600.0,86100.0,86100.0,7366
202606221515,86100.0,87000.0,85900.0,86000.0,13586
202606230900,86400.0,87300.0,85700.0,87000.0,8995
202606230915,87000.0,87300.0,86300.0,86700.0,10537
202606230930,86700.0,87400.0,86500.0,87000.0,7557
202606230945,86900.0,87500.0,86600.0,87000.0,3106
202606231000,87000.0,88000.0,87000.0,88000.0,3726
202606231015,88000.0,88300.0,87300.0,88100.0,3945
202606231030,88200.0,88800.0,87300.0,87600.0,3768
202606231045,87600.0,88000.0,87000.0,87200.0,4558
202606231100,87200.0,87400.0,86500.0,86700.0,7519
202606231115,86800.0,86900.0,86100.0,86800.0,11078
202606231130,86700.0,87900.0,86700.0,87200.0,2781
202606231145,87200.0,87700.0,86900.0,87100.0,3088
202606231200,87000.0,87100.0,86500.0,87000.0,5589
202606231215,86900.0,87200.0,86800.0,87000.0,4357
202606231230,87000.0,87100.0,86200.0,86200.0,8046
202606231245,86300.0,87100.0,86100.0,87100.0,8290
202606231300,87100.0,87500.0,86900.0,87200.0,4235
202606231315,87300.0,87400.0,86900.0,87100.0,2209
202606231330,87200.0,87500.0,86900.0,87200.0,2840
202606231345,87400.0,87500.0,87100.0,87200.0,3467
202606231400,87200.0,87500.0,86900.0,87100.0,7005
202606231415,87200.0,87700.0,86800.0,87300.0,10848
202606231430,87300.0,87500.0,87100.0,87300.0,3826
202606231500,86800.0,87200.0,85800.0,86000.0,30983
202606231515,86000.0,86600.0,85000.0,86000.0,24741
202606240900,85600.0,85700.0,83100.0,83900.0,16201
202606240915,83900.0,84600.0,83600.0,84400.0,8383
202606240930,84300.0,85400.0,84300.0,85300.0,8612
202606240945,85400.0,85900.0,84800.0,85700.0,6162
202606241000,85700.0,86300.0,85500.0,86300.0,6840
202606241015,86400.0,86600.0,85700.0,86500.0,4963
202606241030,86500.0,87100.0,86100.0,87100.0,5821
202606241045,86900.0,87500.0,86600.0,87200.0,5146
202606241100,87300.0,87500.0,87000.0,87000.0,3671
202606241115,87100.0,87200.0,86800.0,87200.0,2879
202606241130,87100.0,87300.0,86900.0,87200.0,2668
202606241145,87100.0,87200.0,86100.0,86400.0,7737
202606241200,86100.0,86500.0,85700.0,86300.0,6805
202606241215,86500.0,87300.0,85600.0,87200.0,7502
202606241230,86800.0,87400.0,86600.0,87000.0,4894
202606241245,87000.0,87300.0,86400.0,86700.0,4613
202606241300,86700.0,87000.0,86100.0,86600.0,6799
202606241315,86500.0,86900.0,85900.0,86300.0,6218
202606241330,86300.0,86900.0,85900.0,86300.0,5530
202606241345,86300.0,87100.0,86000.0,86300.0,7578
202606241400,86300.0,86700.0,85900.0,86400.0,7436
202606241415,86500.0,87000.0,86100.0,86900.0,6207
202606241430,87000.0,87200.0,86200.0,86200.0,10366
202606241445,86600.0,86800.0,85600.0,85800.0,10060
202606241500,85800.0,86400.0,85600.0,86300.0,12251
202606241515,86200.0,87100.0,86100.0,86300.0,13453
202606250900,87500.0,90600.0,87500.0,90000.0,18008
202606250915,90000.0,90300.0,88900.0,90100.0,16101
202606250930,90200.0,90700.0,89700.0,90200.0,10516
202606250945,90100.0,90500.0,89100.0,89200.0,8594
202606251000,89200.0,89800.0,89200.0,89800.0,3526
202606251015,89700.0,89800.0,88900.0,89000.0,5458
202606251030,89000.0,89500.0,89000.0,89200.0,2794
202606251045,89300.0,89900.0,89200.0,89600.0,3865
202606251100,89600.0,89900.0,89000.0,89300.0,4384
202606251115,89500.0,89900.0,89300.0,89700.0,2366
202606251130,89700.0,89800.0,89400.0,89700.0,3292
202606251145,89700.0,89800.0,89600.0,89700.0,2498
202606251200,89700.0,90400.0,89700.0,90100.0,10063
202606251215,90100.0,90200.0,89500.0,89700.0,3765
202606251230,89700.0,89700.0,86400.0,86400.0,5120
202606251245,88500.0,89400.0,88500.0,89100.0,4567
202606251300,89100.0,89500.0,89100.0,89100.0,3500
202606251315,89200.0,89300.0,89100.0,89300.0,2038
202606251330,89200.0,89300.0,89000.0,89100.0,3979
202606251345,89100.0,89200.0,88300.0,88300.0,5376
202606251400,88400.0,88700.0,88300.0,88500.0,3420
202606251415,88400.0,88500.0,87700.0,87900.0,5857
202606251430,87900.0,88300.0,87700.0,87700.0,8096
202606251445,87700.0,88000.0,87000.0,87500.0,7493
202606251500,87700.0,87700.0,87000.0,87000.0,7917
202606251515,87000.0,87800.0,87000.0,87000.0,15388
202606260900,86300.0,86400.0,84100.0,85200.0,20523
202606260915,85200.0,85700.0,84100.0,84800.0,17246
202606260930,84700.0,86000.0,84600.0,85600.0,12372
202606260945,85600.0,86600.0,85100.0,86600.0,12193
202606261000,86600.0,86600.0,85800.0,86100.0,10264
202606261015,86100.0,86900.0,86100.0,86400.0,8580
202606261030,86100.0,86700.0,86000.0,86600.0,7173
202606261045,86600.0,86800.0,86100.0,86500.0,7885
202606261100,86300.0,87300.0,85800.0,87100.0,8673
202606261115,87100.0,87200.0,85600.0,85600.0,9703
202606261130,85600.0,86000.0,85300.0,85300.0,7527
202606261145,85400.0,85500.0,84800.0,84900.0,7342
202606261200,84800.0,85100.0,84600.0,84600.0,5761
202606261230,84600.0,84700.0,83500.0,84100.0,9439
202606261245,84100.0,84900.0,83900.0,84400.0,10840
202606261300,84400.0,85900.0,84400.0,85500.0,10636
202606261315,85400.0,85500.0,84800.0,85500.0,8039
202606261330,85500.0,85800.0,85100.0,85800.0,9703
202606261345,85800.0,86500.0,85400.0,85800.0,18754
202606261400,85800.0,86200.0,85500.0,85800.0,11374
202606261415,85800.0,85900.0,85600.0,85700.0,9496
202606261430,85700.0,86200.0,85200.0,85700.0,11056
202606261445,85700.0,86000.0,85300.0,85500.0,10690
202606261500,85600.0,85900.0,85300.0,85900.0,11838
202606261515,85700.0,86000.0,85000.0,85700.0,23165
202606290900,85200.0,87300.0,84900.0,87300.0,17430
202606290915,87400.0,88700.0,86100.0,88100.0,14312
202606290930,88300.0,90200.0,87900.0,90000.0,9610
202606290945,89900.0,90400.0,89600.0,89700.0,10223
202606291000,89600.0,89900.0,89000.0,89600.0,3803
202606291015,89900.0,89900.0,89000.0,89500.0,3703
202606291030,89600.0,89800.0,89000.0,89000.0,2046
202606291045,88900.0,89400.0,88700.0,88700.0,2794
202606291100,89000.0,89100.0,88600.0,88600.0,2489
202606291115,88700.0,89000.0,88400.0,88600.0,1398
202606291130,88600.0,89000.0,88600.0,88700.0,2302
202606291145,89200.0,89200.0,88500.0,88600.0,2882
202606291200,88600.0,89400.0,88100.0,88200.0,3366
202606291215,88300.0,89100.0,88200.0,88800.0,3328
202606291230,88600.0,89500.0,88600.0,89400.0,3034
202606291245,89400.0,90000.0,89000.0,89700.0,5382
202606291300,89800.0,90100.0,89700.0,89900.0,3902
202606291315,89900.0,90000.0,89500.0,89500.0,2607
202606291330,89500.0,89700.0,89200.0,89600.0,2874
202606291345,89500.0,89900.0,89500.0,89800.0,3339
202606291400,89900.0,90300.0,89800.0,90300.0,4422
202606291415,90400.0,90700.0,90300.0,90400.0,5172
202606291430,90400.0,91200.0,90400.0,91100.0,6547
202606291445,91100.0,92100.0,91100.0,91900.0,15131
202606291500,91900.0,92100.0,91000.0,91000.0,8814
202606291515,91000.0,91800.0,91000.0,91300.0,14507
202606300900,89500.0,92700.0,89500.0,92300.0,10547
202606300915,92300.0,92300.0,90800.0,91300.0,8030
202606300930,91400.0,91800.0,90800.0,91100.0,9991
202606300945,91200.0,91200.0,89800.0,90200.0,7560
202606301000,90200.0,90500.0,89700.0,89900.0,7204
202606301015,90000.0,91300.0,89800.0,91100.0,8122
202606301030,91100.0,91300.0,90600.0,90600.0,8097
202606301045,90700.0,91500.0,90200.0,91300.0,6476
202606301100,91200.0,91300.0,90200.0,90200.0,6175
202606301115,90200.0,90900.0,89900.0,90700.0,6223
202606301130,90700.0,91100.0,90200.0,90800.0,4421
202606301145,90700.0,91000.0,90400.0,90400.0,4083
202606301200,90400.0,90800.0,89600.0,89800.0,5854
202606301215,89800.0,90200.0,89600.0,89900.0,5756
202606301230,89900.0,90100.0,89400.0,89500.0,6466
202606301245,89500.0,89900.0,89300.0,89500.0,6876
202606301300,89500.0,89600.0,88700.0,89100.0,7275
202606301315,89100.0,89700.0,88900.0,89600.0,6299
202606301330,89600.0,89800.0,89200.0,89300.0,6654
202606301345,89300.0,89700.0,88700.0,89600.0,6087
202606301400,89600.0,89700.0,89000.0,89500.0,6492
202606301415,89500.0,90000.0,88600.0,88700.0,8035
202606301430,89100.0,89600.0,88700.0,89550.0,7966
202606301445,89600.0,90000.0,89500.0,89800.0,10570
202606301500,89800.0,90100.0,88600.0,89600.0,34034
202606301515,89900.0,92500.0,89500.0,90300.0,40247
202607010900,90900.0,93100.0,90300.0,92300.0,10942
202607010915,92300.0,94900.0,92000.0,94500.0,13824
202607010930,94600.0,95300.0,94300.0,94800.0,11669
202607010945,94800.0,95000.0,94000.0,94300.0,10118
202607011000,94100.0,94300.0,93300.0,93400.0,8959
202607011015,93400.0,94000.0,93300.0,93700.0,6933
202607011030,93700.0,93700.0,93300.0,93600.0,7157
202607011045,93600.0,94000.0,92500.0,93600.0,9530
202607011100,93600.0,93700.0,93000.0,93200.0,8023
202607011115,93100.0,93100.0,92800.0,93100.0,7906
202607011130,93100.0,94000.0,93000.0,93900.0,5226
202607011145,94000.0,94200.0,93600.0,93700.0,6035
202607011200,93600.0,93900.0,93600.0,93800.0,3861
202607011215,93800.0,94100.0,93600.0,93900.0,4587
202607011230,93900.0,94500.0,93000.0,94000.0,6622
202607011245,94000.0,94600.0,94000.0,94500.0,6121
202607011300,94500.0,94700.0,94200.0,94500.0,6966
202607011315,94600.0,94600.0,94300.0,94400.0,5870
202607011330,94300.0,94800.0,94300.0,94500.0,6066
202607011345,94600.0,94900.0,94400.0,94400.0,9836
202607011400,94400.0,94700.0,94300.0,94300.0,7378
202607011415,94300.0,94500.0,94100.0,94200.0,7236
202607011430,94200.0,94400.0,94200.0,94300.0,9384
202607011445,94300.0,94700.0,94300.0,94600.0,7272
202607011500,94600.0,94700.0,94300.0,94400.0,11312
202607011515,94400.0,95000.0,94400.0,95000.0,15206
202607020900,94700.0,96000.0,92400.0,95100.0,7975
202607020915,95100.0,95500.0,94600.0,95100.0,5239
202607020930,95100.0,96200.0,94800.0,96000.0,6484
202607020945,96000.0,97400.0,95400.0,97200.0,9895
202607021000,97200.0,98400.0,97100.0,98100.0,11257
202607021015,98100.0,99300.0,98000.0,99200.0,16976
202607021030,99200.0,100500.0,99200.0,99700.0,18666
202607021045,100000.0,100300.0,99100.0,99300.0,7644
202607021100,99300.0,99400.0,98600.0,99100.0,4741
202607021115,99000.0,99700.0,98400.0,99300.0,5203
202607021130,99400.0,99500.0,98600.0,98800.0,4008
202607021145,98800.0,99500.0,98500.0,99400.0,3250
202607021200,99400.0,99400.0,99000.0,99200.0,5132
202607021215,99200.0,99500.0,98700.0,99100.0,4752
202607021230,99200.0,99400.0,98900.0,99200.0,3909
202607021245,99200.0,99400.0,98500.0,98600.0,4624
202607021300,98600.0,99000.0,98200.0,98200.0,4414
202607021315,98200.0,98800.0,98100.0,98500.0,4866
202607021330,98500.0,98500.0,96900.0,97000.0,6308
202607021345,97000.0,97900.0,96800.0,97600.0,5771
202607021400,97500.0,97900.0,96700.0,97000.0,7057
202607021415,97000.0,97200.0,96100.0,96500.0,8546
202607021430,96500.0,96600.0,96000.0,96200.0,7642
202607021445,96200.0,96400.0,95700.0,96300.0,8350
202607021500,96400.0,96900.0,96000.0,96100.0,14825
202607021515,96100.0,96500.0,95600.0,96100.0,12969
202607030900,98200.0,98200.0,94400.0,95100.0,11785
202607030915,94900.0,95300.0,93300.0,93600.0,10461
202607030930,93600.0,94900.0,93300.0,93400.0,12565
202607030945,93400.0,94900.0,93400.0,94500.0,14421
202607031000,94400.0,95900.0,94000.0,95700.0,9009
202607031015,95900.0,96200.0,95400.0,95800.0,4685
202607031030,95800.0,95800.0,94800.0,95000.0,3906
202607031045,95000.0,95100.0,94000.0,94300.0,5316
202607031100,94300.0,95000.0,93800.0,94800.0,6044
202607031115,94800.0,95200.0,94500.0,94900.0,5049
202607031130,94900.0,95000.0,94400.0,94700.0,3669
202607031145,94700.0,95400.0,94700.0,95300.0,3565
202607031200,95300.0,96300.0,95000.0,96100.0,6247
202607031215,96200.0,96200.0,95700.0,96200.0,3665
202607031230,96100.0,96300.0,95100.0,95300.0,4567
202607031245,95300.0,95900.0,95300.0,95800.0,5250
202607031300,95800.0,96000.0,95600.0,95900.0,5903
202607031315,95900.0,96000.0,95400.0,95500.0,7117
202607031330,95500.0,95700.0,95000.0,95500.0,5415
202607031345,95400.0,95600.0,94200.0,95400.0,5893
202607031400,95500.0,95900.0,95300.0,95300.0,6592
202607031415,95400.0,96000.0,95300.0,95700.0,5956
202607031430,95700.0,96300.0,95600.0,95900.0,9119
202607031445,95800.0,96000.0,95300.0,95800.0,5642
202607031500,95700.0,96100.0,94800.0,94800.0,11603
202607031515,95200.0,95400.0,94500.0,95400.0,10264
202607060900,97100.0,98000.0,95700.0,97600.0,11032
202607060915,97600.0,97600.0,95600.0,96100.0,9084
202607060930,96100.0,96100.0,94600.0,94900.0,6127
202607060945,94900.0,95000.0,94100.0,94200.0,6232
202607061000,94100.0,94300.0,93500.0,94000.0,8923
202607061015,94100.0,95100.0,94000.0,94300.0,7289
202607061030,94300.0,95200.0,94100.0,94400.0,4381
202607061045,94300.0,94500.0,93000.0,93100.0,6411
202607061100,93100.0,94300.0,93100.0,93800.0,5098
202607061115,93700.0,93900.0,92800.0,93000.0,4256
202607061130,92900.0,93000.0,92100.0,92400.0,3355
202607061145,92400.0,93200.0,92100.0,93000.0,4026
202607061200,93000.0,94300.0,93000.0,94200.0,4426
202607061215,94200.0,94300.0,93800.0,94000.0,3152
202607061230,94100.0,94500.0,93900.0,94000.0,2715
202607061245,94100.0,94200.0,93500.0,93800.0,4960
202607061300,93700.0,93900.0,93500.0,93500.0,3177
202607061315,93550.0,94300.0,93550.0,94000.0,3616
202607061330,94000.0,94100.0,93500.0,94100.0,3722
202607061345,94000.0,94400.0,93800.0,94200.0,3399
202607061400,94100.0,94200.0,93800.0,94000.0,5208
202607061415,94000.0,94300.0,93900.0,93900.0,2931
202607061430,93900.0,94200.0,93800.0,94000.0,5547
202607061445,93900.0,94600.0,93900.0,94200.0,5712
202607061500,94200.0,94800.0,94100.0,94600.0,6302
202607061515,94500.0,95000.0,94500.0,95000.0,9188
202607070900,95100.0,97100.0,94700.0,95700.0,12856
202607070915,95700.0,96500.0,95300.0,96400.0,10223
202607070930,96400.0,96800.0,95100.0,96400.0,9035
202607070945,96400.0,96600.0,95500.0,96200.0,5270
202607071000,96200.0,96800.0,95600.0,96100.0,5465
202607071015,96000.0,96800.0,95900.0,96300.0,4973
202607071030,96200.0,96200.0,94700.0,95900.0,4209
202607071045,96100.0,96700.0,95500.0,95800.0,3909
202607071100,95700.0,96000.0,95200.0,95400.0,3386
202607071115,95300.0,95400.0,95000.0,95200.0,3164
202607071130,95200.0,95300.0,95100.0,95100.0,1950
202607071145,95100.0,95200.0,94500.0,94700.0,3018
202607071200,94700.0,95600.0,94700.0,95500.0,2323
202607071215,95400.0,95400.0,94700.0,94700.0,2836
202607071230,95000.0,95300.0,94800.0,94800.0,2539
202607071245,94800.0,94900.0,94550.0,94650.0,3268
202607071300,94700.0,95400.0,94600.0,94900.0,5760
202607071315,94900.0,95100.0,94700.0,95100.0,2247
202607071330,95100.0,95400.0,94900.0,94900.0,2677
202607071345,94900.0,95100.0,94900.0,95100.0,1132
202607071415,94800.0,96000.0,94700.0,95900.0,8515
202607071430,96000.0,97000.0,95600.0,96700.0,9911
202607071445,96700.0,96700.0,95400.0,96000.0,5369
202607071500,95900.0,96500.0,95800.0,96200.0,8458
202607071515,96100.0,96800.0,96000.0,96800.0,17635
202607080900,99000.0,99500.0,95500.0,95800.0,19505
202607080915,95700.0,95900.0,93400.0,94500.0,16296
202607080930,94400.0,95500.0,94000.0,95100.0,8651
202607080945,95000.0,96800.0,94500.0,96500.0,5300
202607081000,96500.0,96800.0,95000.0,95600.0,6177
202607081015,95300.0,95800.0,94900.0,95200.0,5273
202607081030,95200.0,96100.0,95000.0,95900.0,4775
202607081045,95900.0,95900.0,93800.0,94200.0,4496
202607081100,94200.0,94500.0,93100.0,93100.0,3314
202607081115,93200.0,93900.0,92800.0,93300.0,3310
202607081130,93300.0,93300.0,92600.0,93100.0,2941
202607081145,93200.0,93500.0,92400.0,93100.0,2594
202607081200,93200.0,93600.0,93000.0,93400.0,2167
202607081215,93400.0,93500.0,92500.0,92900.0,6301
202607081230,92900.0,93100.0,92500.0,92900.0,3219
202607081245,92900.0,93000.0,92500.0,92800.0,3551
202607081300,92700.0,92900.0,92400.0,92800.0,4745
202607081315,92700.0,92800.0,92000.0,92300.0,4984
202607081330,92400.0,92800.0,91100.0,91700.0,5599
202607081345,91500.0,92100.0,90900.0,91600.0,5764
202607081400,91700.0,92400.0,91300.0,92200.0,5629
202607081415,92200.0,92500.0,90800.0,91000.0,6092
202607081430,91300.0,91600.0,90200.0,91000.0,11740
202607081445,90900.0,91300.0,90300.0,91000.0,11013
202607081500,91000.0,91800.0,90600.0,91700.0,12160
202607081515,91700.0,92100.0,91000.0,91700.0,16712
202607090900,91700.0,91800.0,89000.0,89100.0,11514
202607090915,89100.0,89500.0,87700.0,88500.0,13049
202607090930,88500.0,88600.0,87900.0,87900.0,7309
202607090945,87900.0,88100.0,87200.0,87700.0,12523
202607091000,87700.0,88100.0,87400.0,87400.0,6619
202607091015,87400.0,87400.0,86200.0,86400.0,11756
202607091030,86300.0,86900.0,86200.0,86900.0,8762
202607091045,86800.0,87200.0,86100.0,86100.0,10272
202607091100,86100.0,86500.0,85400.0,86500.0,10779
202607091115,86500.0,87400.0,86200.0,86700.0,7177
202607091130,86700.0,87000.0,85500.0,85500.0,6393
202607091145,85600.0,85900.0,85000.0,85300.0,6150
202607091200,85300.0,85400.0,84800.0,84900.0,8896
202607091215,84900.0,86300.0,84600.0,86300.0,11094
202607091230,86300.0,86900.0,86000.0,86400.0,12611
202607091245,86400.0,86500.0,85700.0,86000.0,7064
202607091300,85950.0,86300.0,85600.0,85800.0,5897
202607091315,85900.0,86200.0,85100.0,85500.0,7707
202607091330,85500.0,85900.0,85200.0,85400.0,7191
202607091345,85300.0,85800.0,85200.0,85400.0,8679
202607091400,85400.0,86400.0,85100.0,86400.0,10091
202607091415,86200.0,86400.0,85600.0,85700.0,9241
202607091430,85700.0,86300.0,85600.0,86200.0,10317
202607091445,86100.0,86500.0,86100.0,86400.0,13558
202607091500,86300.0,86400.0,85000.0,85200.0,13214
202607091515,85200.0,85300.0,84300.0,85000.0,58408
202607100900,86700.0,90300.0,86500.0,90300.0,18463
202607100915,90200.0,91200.0,90200.0,90500.0,9858
202607100930,90400.0,90800.0,89800.0,90500.0,6025
202607100945,90500.0,90700.0,89900.0,90200.0,4101
202607101000,90100.0,90800.0,89900.0,89900.0,5350
202607101015,90000.0,90900.0,90000.0,90500.0,3273
202607101030,90500.0,91000.0,90000.0,90900.0,4587
202607101045,91000.0,91800.0,90950.0,91500.0,7078
202607101100,91500.0,91900.0,91400.0,91600.0,5361
202607101115,91600.0,92100.0,91100.0,92000.0,10240
202607101130,92000.0,92800.0,92000.0,92200.0,4185
202607101145,92200.0,92600.0,92000.0,92300.0,2762
202607101200,92400.0,92700.0,92000.0,92300.0,5669
202607101215,92400.0,92700.0,92300.0,92300.0,2232
202607101230,92400.0,92800.0,92000.0,92000.0,4477
202607101245,92100.0,92700.0,91600.0,92600.0,4133
202607101300,92600.0,92900.0,92300.0,92300.0,3514
202607101315,92300.0,92300.0,91500.0,91800.0,4180
202607101330,91800.0,91900.0,91100.0,91100.0,4187
202607101345,91200.0,91400.0,90400.0,90500.0,8341
202607101400,90600.0,90700.0,90400.0,90600.0,4001
202607101415,90700.0,90700.0,90200.0,90300.0,8430
202607101430,90200.0,90900.0,90100.0,90700.0,8103
202607101445,90600.0,91000.0,90600.0,90800.0,5414
202607101500,90900.0,90900.0,90400.0,90400.0,7624
202607101515,90400.0,90600.0,89900.0,89900.0,12807
202607130900,90900.0,92600.0,90800.0,92600.0,5308
202607130915,92600.0,92700.0,91500.0,92000.0,4068
202607130930,91950.0,92700.0,91300.0,92500.0,5795
202607130945,92500.0,93700.0,92100.0,93700.0,5695
202607131000,93700.0,93700.0,92300.0,92300.0,5477
202607131015,92300.0,92400.0,91700.0,92100.0,3968
202607131030,92100.0,93100.0,91700.0,92000.0,9071
202607131045,92000.0,92300.0,91400.0,91700.0,3763
202607131100,91700.0,92500.0,91600.0,92200.0,5211
202607131115,92300.0,93500.0,92100.0,93100.0,3794
202607131130,93000.0,93700.0,93000.0,93300.0,5007
202607131145,93300.0,93500.0,92600.0,92700.0,6819
202607131200,92600.0,93400.0,92200.0,92700.0,5347
202607131215,92700.0,93000.0,92300.0,92500.0,4338
202607131230,92900.0,93300.0,92000.0,92400.0,5496
202607131245,92400.0,92900.0,92100.0,92300.0,4353
202607131300,92300.0,92600.0,92000.0,92500.0,4347
202607131315,92500.0,92500.0,91600.0,92100.0,4396
202607131345,92700.0,92700.0,91100.0,91700.0,3848
202607131400,91600.0,92700.0,91100.0,92400.0,5552
202607131415,92500.0,92700.0,91300.0,91600.0,5660
202607131430,91600.0,92400.0,91400.0,91800.0,6568
202607131445,92000.0,92300.0,91600.0,92000.0,11446
202607131500,91900.0,92000.0,91000.0,91500.0,15444
202607131515,91400.0,91700.0,91100.0,91700.0,13707
202607140900,93400.0,95900.0,92100.0,94900.0,37403
202607140915,94900.0,95200.0,93800.0,95000.0,16688
202607140930,95100.0,95400.0,93800.0,94100.0,14234
202607140945,94100.0,95100.0,93900.0,95000.0,11877
202607141000,94700.0,95500.0,94400.0,95200.0,12664
202607141015,95200.0,96000.0,95000.0,95400.0,13400
202607141030,95400.0,95500.0,94500.0,94800.0,13364
202607141045,95000.0,95000.0,93400.0,93700.0,9410
202607141100,93600.0,94900.0,93600.0,93800.0,14748
202607141115,93900.0,94400.0,93400.0,94000.0,11154
202607141130,93900.0,95500.0,93100.0,94400.0,27396
202607141145,94500.0,95000.0,94000.0,94100.0,14103
202607141200,93900.0,94400.0,93400.0,93600.0,20959
202607141215,93700.0,94100.0,92700.0,93900.0,42429
202607141230,93900.0,94600.0,93500.0,94300.0,21766
202607141245,94200.0,94600.0,93500.0,94200.0,25292
202607141300,94200.0,94200.0,93000.0,93400.0,31574
202607141315,93500.0,93800.0,93200.0,93400.0,16318
202607141330,93500.0,94900.0,93400.0,94900.0,8882
202607141345,94900.0,95500.0,94500.0,95100.0,11411
202607141400,95100.0,95500.0,94500.0,94800.0,13445
202607141415,94800.0,95400.0,94600.0,95200.0,14364
202607141430,95200.0,95400.0,94600.0,95000.0,14876
202607141445,95000.0,95300.0,94600.0,94800.0,14801
202607141500,94800.0,94900.0,94100.0,94400.0,18280
202607141515,94400.0,94800.0,94000.0,94200.0,24723
202607150900,95800.0,97900.0,95500.0,97300.0,8021
202607150915,97300.0,97600.0,95300.0,95600.0,6388
202607150930,95500.0,95700.0,94200.0,94600.0,6108
202607150945,94500.0,94700.0,94000.0,94100.0,3079
202607151000,94000.0,94900.0,93600.0,94700.0,4997
202607151015,94600.0,95000.0,94400.0,94800.0,3399
202607151030,94800.0,95000.0,94300.0,94400.0,3313
202607151045,94300.0,95200.0,94300.0,95000.0,3089
202607151100,95200.0,95500.0,95000.0,95400.0,3630
202607151115,95500.0,95700.0,94800.0,95500.0,4544
202607151130,95600.0,95900.0,95500.0,95900.0,2719
202607151145,95900.0,96400.0,95700.0,96100.0,3272
202607151200,96300.0,96500.0,96000.0,96100.0,2423
202607151215,96000.0,96200.0,95800.0,96200.0,3351
202607151230,96200.0,96400.0,96000.0,96000.0,4982
202607151245,96000.0,96100.0,95500.0,95700.0,3230
202607151300,95700.0,96100.0,95400.0,95700.0,2777
202607151315,95600.0,95900.0,95500.0,95700.0,2861
202607151330,95700.0,95900.0,95000.0,95100.0,5777
202607151345,95100.0,95600.0,95100.0,95400.0,4680
202607151400,95400.0,96000.0,95400.0,95800.0,4957
202607151415,95800.0,96000.0,95400.0,95700.0,5835
202607151430,95600.0,96000.0,95200.0,95800.0,7636
202607151445,95700.0,96500.0,95600.0,96200.0,5531
202607151500,96200.0,96500.0,95650.0,95750.0,8378
202607151515,95700.0,95800.0,95400.0,95700.0,11096
202607160900,95900.0,98500.0,95800.0,96500.0,25639
202607160915,96200.0,97200.0,96000.0,97200.0,25172
202607160930,97300.0,97900.0,96500.0,97200.0,16175
202607160945,97100.0,97900.0,96700.0,96900.0,6572
202607161000,97300.0,97400.0,95900.0,95900.0,6798
202607161015,95900.0,96400.0,95500.0,96000.0,10394
202607161030,96000.0,97100.0,95900.0,96600.0,8263
202607161045,96300.0,96700.0,95900.0,96100.0,14477
202607161100,96200.0,96200.0,95100.0,95500.0,11320
202607161115,95600.0,96400.0,95300.0,96200.0,12140
202607161130,96200.0,96700.0,96100.0,96600.0,6028
202607161145,96700.0,97400.0,96500.0,96900.0,6674
202607161200,96800.0,97400.0,96800.0,96900.0,9420
202607161215,97000.0,97000.0,96700.0,97000.0,9001
202607161230,96900.0,97300.0,96900.0,96900.0,8219
202607161245,96900.0,97200.0,96700.0,97100.0,7832
202607161300,97100.0,97500.0,97000.0,97400.0,6699
202607161315,97300.0,97500.0,96800.0,96900.0,7771
202607161330,96800.0,97300.0,96800.0,96900.0,7034
202607161345,96900.0,97700.0,96900.0,97000.0,7377
202607161400,97000.0,97900.0,97000.0,97800.0,8338
202607161415,97800.0,98500.0,97800.0,98300.0,11966
202607161430,98500.0,98500.0,96400.0,96400.0,12801
202607161445,96450.0,96800.0,96000.0,96100.0,11409
202607161500,96200.0,96700.0,96000.0,96600.0,13495
202607161515,96450.0,96700.0,95900.0,96700.0,27053
202607200900,94600.0,94600.0,90100.0,92000.0,13944
202607200915,91900.0,92400.0,91100.0,91800.0,5263
202607200930,91800.0,94100.0,91700.0,93500.0,6136
202607200945,93500.0,94200.0,92800.0,93600.0,4037
202607201000,93700.0,94000.0,93000.0,93100.0,5405
202607201015,93100.0,93600.0,92800.0,93200.0,3933
202607201030,93000.0,94700.0,93000.0,94100.0,7751
202607201045,93900.0,94100.0,92800.0,93200.0,2774
202607201100,93000.0,93800.0,93000.0,93100.0,3940
202607201115,93100.0,93700.0,92400.0,93100.0,5135
202607201130,93100.0,94100.0,93000.0,93700.0,3640
202607201145,93700.0,93700.0,93100.0,93500.0,3001
202607201200,93500.0,93500.0,92800.0,93400.0,3603
202607201215,93400.0,93400.0,92800.0,93100.0,2770
202607201230,93100.0,93300.0,92700.0,92900.0,2884
202607201245,93000.0,93600.0,92700.0,93300.0,5435
202607201300,93300.0,93400.0,92500.0,92800.0,4013
202607201315,92700.0,93000.0,92200.0,92700.0,3510
202607201330,92800.0,93800.0,92700.0,93100.0,4393
202607201345,93200.0,93600.0,93000.0,93300.0,3868
202607201400,93300.0,93300.0,92000.0,92600.0,6155
202607201415,92600.0,92900.0,92200.0,92600.0,5605
202607201430,92300.0,92600.0,92000.0,92200.0,5555
202607201445,92000.0,92300.0,91900.0,92200.0,5427
202607201500,92200.0,92600.0,92000.0,92600.0,7022
202607201515,92600.0,92600.0,92100.0,92400.0,12904
202607210900,91500.0,92900.0,91200.0,91700.0,5380
202607210915,92100.0,93100.0,92100.0,92900.0,5407
202607210930,92600.0,92900.0,91800.0,92800.0,4630
202607210945,92800.0,93200.0,92600.0,93200.0,2870
202607211000,93200.0,93700.0,92800.0,93300.0,3712
202607211015,93400.0,93700.0,92800.0,93200.0,4102
202607211030,93300.0,93900.0,92800.0,93200.0,3769
202607211045,93200.0,93800.0,93100.0,93600.0,3232
202607211100,93600.0,94400.0,93600.0,94300.0,4375
202607211115,94200.0,94400.0,93600.0,94000.0,3967
202607211130,93800.0,94500.0,93800.0,94300.0,2562
202607211145,94000.0,94500.0,94000.0,94500.0,2699
202607211200,94500.0,95100.0,94500.0,95000.0,3446
202607211215,95000.0,95200.0,94500.0,94500.0,2927
202607211230,94500.0,94500.0,93600.0,93800.0,2425
202607211245,93800.0,94800.0,93800.0,94200.0,3817
202607211300,94100.0,94500.0,93700.0,93900.0,3527
202607211315,93900.0,94400.0,93600.0,94000.0,3449
202607211330,94000.0,94400.0,93700.0,94100.0,3967
202607211345,94100.0,94100.0,93600.0,93700.0,3161
202607211400,93800.0,93900.0,93100.0,93100.0,4372
202607211415,93100.0,93300.0,92700.0,92900.0,5757
202607211430,93100.0,93700.0,92800.0,93600.0,8271
202607211445,93500.0,93900.0,93200.0,93200.0,5156
202607211500,93200.0,93700.0,93200.0,93400.0,3509
202607211515,93500.0,94100.0,93400.0,93500.0,10552
202607220900,95100.0,96100.0,94000.0,94300.0,8724
202607220915,94300.0,94300.0,93100.0,93500.0,5990
202607220930,93500.0,93700.0,92500.0,92900.0,3511
202607220945,92900.0,93300.0,92500.0,92900.0,3757
202607221000,92900.0,93300.0,92600.0,92800.0,2468
202607221015,92800.0,93300.0,92500.0,92800.0,3366
202607221030,92800.0,93400.0,92600.0,93300.0,3073
202607221045,93000.0,93400.0,93000.0,93200.0,1968
202607221100,93200.0,93300.0,92300.0,92400.0,3330
202607221115,92400.0,92600.0,92100.0,92100.0,1828
202607221130,92200.0,92400.0,92000.0,92200.0,1839
202607221145,92200.0,92400.0,92200.0,92300.0,1185
202607221200,92300.0,92800.0,92100.0,92500.0,2252
202607221215,92600.0,93200.0,92200.0,92900.0,2191
202607221230,92900.0,93000.0,92200.0,92600.0,2334
202607221245,92500.0,93000.0,92400.0,92800.0,2419
202607221300,92800.0,93100.0,92500.0,93000.0,2574
202607221315,93000.0,93200.0,92700.0,93100.0,2199
202607221330,93000.0,93300.0,92600.0,92600.0,2489
202607221345,92700.0,92800.0,92400.0,92800.0,2280
202607221400,92700.0,93300.0,92500.0,92900.0,3583
202607221415,93100.0,93100.0,92200.0,92600.0,4970
202607221430,92600.0,92900.0,92100.0,92100.0,4294
202607221445,92100.0,92500.0,92000.0,92100.0,5619
202607221500,92400.0,92400.0,91500.0,91700.0,6049
202607221515,91700.0,91800.0,91200.0,91800.0,9755
202607230900,90600.0,91100.0,89000.0,89300.0,6194
202607230915,89400.0,90300.0,89200.0,90200.0,3340
202607230930,90200.0,91000.0,89900.0,90700.0,5692
202607230945,90800.0,91400.0,90700.0,90900.0,3971
202607231000,91100.0,91500.0,90900.0,91400.0,2761
202607231015,91500.0,92300.0,91200.0,91200.0,3580
202607231030,91300.0,92100.0,91100.0,91300.0,2607
202607231045,91300.0,92000.0,91000.0,91400.0,3275
202607231100,91400.0,91600.0,91000.0,91300.0,2691
202607231115,91300.0,91400.0,90600.0,90700.0,4954
202607231130,90600.0,91300.0,90500.0,91100.0,5169
202607231145,91100.0,91700.0,90900.0,91000.0,4383
202607231200,91000.0,91400.0,90700.0,90900.0,4587
202607231215,90800.0,91900.0,90700.0,91700.0,2932
202607231230,91900.0,91900.0,91100.0,91200.0,3600
202607231245,91200.0,91400.0,91000.0,91200.0,2296
202607231300,91300.0,91400.0,90800.0,90800.0,3011
202607231315,91000.0,91000.0,90500.0,90700.0,3697
202607231330,90500.0,90800.0,90500.0,90500.0,3281
202607231345,90600.0,90700.0,90400.0,90700.0,4501
202607231400,90700.0,90700.0,90100.0,90300.0,5183
202607231415,90400.0,91000.0,90300.0,90900.0,4761
202607231430,90900.0,91100.0,90400.0,90500.0,4397
202607231445,90500.0,90600.0,90100.0,90500.0,7285
202607231500,90400.0,91000.0,90300.0,90900.0,6755
202607231515,90900.0,91100.0,90500.0,90700.0,10502
202607240900,89900.0,91500.0,89300.0,91500.0,10688
202607240915,91500.0,91500.0,90600.0,90600.0,8949
202607240930,90600.0,91800.0,90500.0,91800.0,8210
202607240945,91500.0,92000.0,91000.0,91000.0,5387
202607241000,91200.0,91800.0,90900.0,91500.0,5634
202607241015,91500.0,91700.0,91000.0,91300.0,5540
202607241030,91400.0,91900.0,91300.0,91300.0,4888
202607241045,91300.0,91800.0,90600.0,90700.0,4710
202607241100,90700.0,91000.0,90200.0,90400.0,5277
202607241115,90400.0,90500.0,89600.0,89900.0,5603
202607241130,89700.0,90100.0,89400.0,89500.0,4426
202607241145,89500.0,89700.0,88900.0,89100.0,5056
202607241200,89100.0,89500.0,88900.0,89200.0,5933
202607241215,89200.0,89900.0,89100.0,89800.0,5775
202607241230,89800.0,90400.0,89500.0,90400.0,4471
202607241245,90300.0,90700.0,90000.0,90200.0,4747
202607241300,90000.0,91100.0,90000.0,90700.0,5612
202607241315,90800.0,91400.0,90200.0,91100.0,5627
202607241330,91100.0,91400.0,90500.0,90500.0,4801
202607241345,90600.0,91100.0,90400.0,90800.0,5238
202607241400,90800.0,91600.0,90600.0,91300.0,6558
202607241415,91300.0,91600.0,90700.0,91400.0,6345
202607241430,91400.0,91800.0,91100.0,91450.0,5992
202607241445,91400.0,91600.0,91050.0,91100.0,7114
202607241500,91200.0,91900.0,91100.0,91800.0,8017
202607241515,91800.0,92000.0,91400.0,91800.0,9121
202607270900,92200.0,94600.0,92000.0,94400.0,8423
202607270915,94300.0,94700.0,93600.0,93900.0,3596
202607270930,93900.0,94200.0,93800.0,94000.0,3028
202607270945,94000.0,94200.0,92800.0,93000.0,4546
202607271000,93000.0,93200.0,92000.0,93000.0,5512
202607271015,93000.0,93300.0,92700.0,93000.0,4313
202607271030,93100.0,94000.0,93000.0,93300.0,5711
202607271045,93300.0,94000.0,93300.0,93800.0,4151
202607271100,93800.0,93900.0,93100.0,93400.0,3346
202607271115,93400.0,93700.0,92500.0,93400.0,5089
202607271130,93400.0,93700.0,93100.0,93400.0,3610
202607271145,93200.0,93500.0,92900.0,93500.0,3814
202607271200,93400.0,93700.0,93000.0,93300.0,3421
202607271215,93300.0,93800.0,93200.0,93200.0,3882
202607271230,93300.0,93800.0,93000.0,93000.0,2807
202607271245,93400.0,93400.0,92600.0,92900.0,3524
202607271300,92900.0,93800.0,92800.0,93400.0,4697
202607271315,93400.0,93800.0,92800.0,93000.0,7703
202607271330,93000.0,93700.0,92700.0,93300.0,7384
202607271345,93300.0,93600.0,93000.0,93200.0,4550
202607271400,93200.0,93400.0,92800.0,93000.0,5871
202607271415,93000.0,93200.0,92600.0,92800.0,5095
202607271430,92800.0,92900.0,92200.0,92400.0,4456
202607271445,92400.0,92800.0,92100.0,92400.0,7387
202607271500,92200.0,92600.0,92100.0,92200.0,8898
202607271515,92200.0,92400.0,92000.0,92300.0,7458
202607280900,91000.0,92700.0,90300.0,92600.0,6543
202607280915,92400.0,92700.0,91200.0,91900.0,4132
202607280930,92000.0,92600.0,91800.0,92500.0,4207
202607280945,92500.0,92900.0,91900.0,92400.0,3988
202607281000,92400.0,93200.0,92200.0,92900.0,2882
202607281030,93200.0,93300.0,92600.0,92700.0,2311
202607281045,92700.0,92800.0,92000.0,92100.0,3752
202607281100,92100.0,93400.0,91900.0,92700.0,5548
202607281115,92800.0,93500.0,92400.0,92600.0,4202
202607281130,92600.0,92900.0,92300.0,92500.0,4497
202607281145,92800.0,93000.0,92400.0,92600.0,4853
202607281200,92600.0,93100.0,92500.0,92900.0,4429
202607281215,93000.0,93400.0,92700.0,93000.0,6116
202607281230,93200.0,93500.0,92900.0,93400.0,3618
202607281245,93200.0,93400.0,92300.0,92500.0,6381
202607281300,92500.0,93400.0,92100.0,93000.0,6172
202607281315,93100.0,93400.0,91700.0,91800.0,6283
202607281330,91800.0,92300.0,91400.0,92150.0,9437
202607281345,92150.0,92400.0,91700.0,92100.0,10789
202607281400,92100.0,92300.0,92000.0,92300.0,7898
202607281415,92300.0,92600.0,92100.0,92400.0,8986
202607281430,92200.0,92200.0,90500.0,91200.0,15072
202607281445,91300.0,91600.0,90200.0,90200.0,15508
202607281500,90400.0,90800.0,89800.0,90800.0,19980
202607281515,90800.0,91800.0,90500.0,91200.0,28644
202607290900,90500.0,93000.0,90400.0,92900.0,9179
202607290915,92950.0,94500.0,91700.0,94200.0,12045
202607290930,94200.0,94500.0,93000.0,94200.0,11344
202607290945,94200.0,95000.0,93600.0,94700.0,11053
202607291000,94600.0,95300.0,94100.0,94500.0,10775
202607291015,94600.0,95000.0,94000.0,94400.0,8484
202607291030,94400.0,94500.0,92500.0,93100.0,8024
202607291045,93100.0,93200.0,91200.0,91200.0,10086
202607291100,91300.0,92300.0,90300.0,91600.0,9436
202607291115,91800.0,92200.0,91200.0,91800.0,9084
202607291130,91800.0,91900.0,90400.0,90800.0,7751
202607291145,90800.0,90800.0,89900.0,90200.0,7261
202607291200,90300.0,91300.0,89700.0,89900.0,10116
202607291215,89900.0,91000.0,89600.0,90800.0,6366
202607291230,90700.0,90700.0,89600.0,90000.0,1617
202607291300,90500.0,91300.0,89900.0,89900.0,11944
202607291315,90100.0,90300.0,88000.0,89100.0,11656
202607291330,89100.0,89700.0,88400.0,88800.0,9334
202607291345,88900.0,89500.0,88200.0,89300.0,10014
202607291400,89200.0,89800.0,88200.0,89300.0,21981
202607291415,89200.0,90300.0,88900.0,90200.0,13485
202607291430,90100.0,91200.0,89500.0,89600.0,15145
202607291445,89600.0,90200.0,89200.0,89500.0,18262
202607291500,89500.0,90100.0,89000.0,89700.0,25542
202607291515,89700.0,91200.0,89500.0,90600.0,24750
202607300900,91400.0,94200.0,91300.0,94100.0,11293
202607300915,94100.0,94200.0,92500.0,92600.0,8509
202607300930,92700.0,94000.0,92600.0,93600.0,6979
202607300945,93600.0,94300.0,92000.0,92600.0,7392
202607301000,92600.0,93200.0,91800.0,92400.0,10266
202607301015,92400.0,92700.0,91600.0,92500.0,8622
202607301030,92600.0,93000.0,92000.0,92400.0,6282
202607301045,92500.0,92800.0,92200.0,92800.0,6301
202607301100,92800.0,93000.0,92400.0,92600.0,5381
202607301115,92700.0,92800.0,92200.0,92500.0,5937
202607301130,92500.0,92800.0,91500.0,91700.0,6778
202607301145,91700.0,91800.0,90500.0,91000.0,9718
202607301200,90900.0,91300.0,90200.0,90200.0,8728
202607301215,90300.0,90700.0,90000.0,90200.0,8373
202607301230,90200.0,91300.0,90200.0,91200.0,7700
202607301245,91200.0,91600.0,90800.0,90800.0,8313
202607301300,90800.0,91200.0,90300.0,90400.0,6796
202607301315,90400.0,91100.0,90000.0,91000.0,7549
202607301330,91000.0,91100.0,90200.0,90600.0,8004
202607301345,90500.0,91100.0,90500.0,90900.0,7159
202607301400,90800.0,91400.0,90500.0,91100.0,9132
202607301415,91100.0,91400.0,90600.0,90600.0,8639
202607301430,90600.0,90800.0,89600.0,90600.0,18873
202607301445,90600.0,90800.0,89600.0,90600.0,15070
202607301500,90700.0,91000.0,90400.0,90500.0,12585
202607301515,90600.0,91600.0,90400.0,91200.0,22495
202607310900,90300.0,91100.0,89200.0,91100.0,12643
202607310915,90900.0,91800.0,90300.0,91200.0,10792
202607310930,91700.0,92900.0,91100.0,92800.0,9994
202607310945,92900.0,92900.0,90700.0,91500.0,6510
202607311000,91500.0,92600.0,90800.0,92600.0,6400
202607311015,92600.0,93000.0,91500.0,92800.0,8622
202607311030,92900.0,93200.0,91600.0,92000.0,7993
202607311045,92100.0,92600.0,91700.0,92300.0,5616
202607311100,92200.0,92300.0,91500.0,91800.0,4202
202607311115,91700.0,91900.0,91500.0,91700.0,2732
202607311130,91700.0,92000.0,91300.0,91600.0,4670
202607311145,91700.0,92300.0,91500.0,91900.0,5193
202607311200,92000.0,92200.0,91600.0,91700.0,3938
202607311215,91600.0,91800.0,91200.0,91300.0,3271
202607311230,91200.0,92000.0,91200.0,91850.0,5028
202607311245,91800.0,91850.0,91200.0,91400.0,4134
202607311300,91400.0,91700.0,91100.0,91200.0,4981
202607311315,91100.0,91200.0,90800.0,91000.0,5825
202607311330,91000.0,91500.0,90700.0,91500.0,6438
202607311345,91400.0,91700.0,91200.0,91400.0,5095
202607311400,91400.0,91600.0,91000.0,91300.0,11296
202607311415,91300.0,91700.0,90500.0,91500.0,11033
202607311430,91500.0,92300.0,91200.0,91800.0,11746
202607311445,91850.0,92300.0,91100.0,92000.0,22122
202607311500,92000.0,92700.0,92000.0,92700.0,11430
202607311515,92600.0,92900.0,91500.0,91500.0,30575
202608030900,90000.0,93100.0,89900.0,92400.0,15099
202608030915,92400.0,92700.0,91000.0,92200.0,8104
202608030930,92100.0,92600.0,91500.0,92500.0,7039
202608030945,92400.0,92800.0,91800.0,92700.0,7175
202608031000,92700.0,92800.0,92200.0,92600.0,4572
202608031015,92600.0,92900.0,92400.0,92400.0,6899
202608031030,92800.0,93200.0,92400.0,92600.0,5623
202608031045,92600.0,93000.0,92600.0,93000.0,2684
202608031100,92900.0,93600.0,92900.0,93300.0,3898
202608031115,93300.0,93500.0,92700.0,92800.0,3129
202608031130,92800.0,93400.0,92600.0,93100.0,2924
202608031145,93100.0,93200.0,92800.0,92900.0,2062
202608031200,92900.0,93000.0,92500.0,92500.0,3596
202608031215,92500.0,92700.0,92100.0,92100.0,4384
202608031230,92100.0,92500.0,91500.0,92300.0,5357
202608031245,92300.0,92400.0,91600.0,91800.0,5073
202608031300,91800.0,92300.0,91700.0,92200.0,4060
202608031315,92200.0,92600.0,92100.0,92400.0,4184
202608031330,92400.0,92400.0,91900.0,92100.0,3630
202608031345,92100.0,92100.0,91800.0,92000.0,5695
202608031400,92100.0,92600.0,91900.0,92300.0,6215
202608031415,92400.0,92600.0,92000.0,92400.0,7323
202608031430,92400.0,92600.0,91600.0,92000.0,10068
202608031445,91900.0,92000.0,91300.0,91400.0,10039
202608031500,91500.0,91700.0,91200.0,91500.0,8891
202608031515,91500.0,92500.0,91400.0,92200.0,20245
202608040900,91900.0,92900.0,91600.0,92900.0,7341
202608040915,93000.0,93300.0,92400.0,92900.0,4983
202608040930,92900.0,93500.0,92500.0,92700.0,5447
202608040945,92600.0,92900.0,91800.0,92500.0,7988
202608041000,92700.0,93000.0,92300.0,92600.0,3879
202608041015,92700.0,93500.0,92600.0,93300.0,3608
202608041030,93300.0,93700.0,93100.0,93400.0,4049
202608041045,93400.0,93600.0,92800.0,93500.0,4707
202608041100,93500.0,93600.0,93000.0,93100.0,2723
202608041115,93100.0,93800.0,93100.0,93600.0,4770
202608041130,93600.0,93700.0,92500.0,92500.0,6226
202608041145,92500.0,93100.0,92400.0,92800.0,6842
202608041200,92600.0,93400.0,92600.0,93100.0,6825
202608041215,93000.0,93600.0,92700.0,93100.0,5581
202608041230,93600.0,93600.0,92600.0,92700.0,6625
202608041245,92800.0,93200.0,92600.0,92800.0,7418
202608041300,92800.0,93200.0,92500.0,92500.0,8791
202608041315,92600.0,93100.0,92500.0,92900.0,8722
202608041330,92900.0,93500.0,92700.0,93100.0,7662
202608041345,93100.0,93700.0,92800.0,92900.0,9358
202608041400,92900.0,93300.0,92600.0,92600.0,10032
202608041415,92600.0,93900.0,92600.0,93400.0,8343
202608041430,93500.0,94000.0,93200.0,93600.0,10265
202608041445,93600.0,94000.0,93100.0,93500.0,13357
202608041500,93900.0,94100.0,93500.0,93900.0,9629
202608041515,93900.0,94300.0,93500.0,94300.0,14426
202608050900,94300.0,95700.0,93800.0,95100.0,5021
202608050915,95100.0,95700.0,94300.0,94700.0,3424
202608050930,94700.0,95600.0,94200.0,94400.0,5333
202608050945,94400.0,95000.0,93800.0,93800.0,4294
202608051000,93800.0,94600.0,93600.0,94200.0,4361
202608051015,94200.0,95000.0,93900.0,94900.0,5826
202608051030,94900.0,95000.0,94000.0,94200.0,3301
202608051045,94300.0,95200.0,94200.0,94600.0,5123
202608051100,94600.0,95000.0,94300.0,94500.0,3587
202608051115,94400.0,95300.0,94400.0,94900.0,2909
202608051130,95000.0,95300.0,94200.0,94400.0,4972
202608051145,94400.0,94500.0,94100.0,94500.0,3515
202608051200,94100.0,94600.0,94000.0,94200.0,3047
202608051215,94200.0,94800.0,94100.0,94500.0,3377
202608051230,94300.0,94900.0,94300.0,94400.0,3334
202608051245,94500.0,94800.0,94000.0,94200.0,7054
202608051300,94200.0,94700.0,94000.0,94200.0,4328
202608051315,94200.0,94900.0,94100.0,94300.0,17618
202608051330,94300.0,94500.0,93800.0,93900.0,4162
202608051345,93900.0,93900.0,93300.0,93500.0,4167
202608051400,93500.0,93600.0,93100.0,93100.0,4267
202608051415,93200.0,93200.0,92000.0,92000.0,10825
202608051430,92300.0,93000.0,92100.0,92700.0,20796
202608051445,92700.0,93500.0,92700.0,93000.0,23894
202608051500,93200.0,93400.0,92700.0,92800.0,27162
202608051515,92800.0,93700.0,92700.0,92800.0,28898
202608060900,93900.0,94900.0,93500.0,94800.0,9394
202608060915,94800.0,95700.0,94600.0,95400.0,6951
202608060930,95400.0,96400.0,95300.0,96200.0,8642
202608060945,96200.0,96400.0,95000.0,95200.0,5490
202608061000,95200.0,95300.0,94100.0,94600.0,7322
202608061015,94600.0,94800.0,93600.0,93800.0,6459
202608061030,93700.0,94400.0,93600.0,93800.0,8181
202608061045,93900.0,94400.0,93700.0,93800.0,6349
202608061100,93800.0,94400.0,93700.0,94000.0,6422
202608061115,94100.0,94400.0,93700.0,94000.0,4170
202608061130,94000.0,94400.0,93800.0,94100.0,6475
202608061145,94000.0,94800.0,94000.0,94700.0,5105
202608061200,94700.0,95000.0,94400.0,94600.0,6274
202608061215,94700.0,95200.0,94500.0,94900.0,4479
202608061230,95000.0,95000.0,94500.0,94600.0,3502
202608061245,94600.0,94900.0,94300.0,94600.0,5640
202608061300,94700.0,94900.0,94200.0,94400.0,5820
202608061315,94300.0,94700.0,94200.0,94600.0,6638
202608061330,94600.0,95200.0,94300.0,94900.0,6248
202608061345,94900.0,95500.0,94800.0,95200.0,7217
202608061400,95200.0,95500.0,95100.0,95400.0,6367
202608061415,95500.0,96000.0,95100.0,95600.0,9447
202608061430,95600.0,96300.0,95400.0,95600.0,7496
202608061445,95600.0,96200.0,95100.0,95900.0,10231
202608061500,96000.0,96200.0,95700.0,96200.0,7145
202608061515,96200.0,96600.0,95800.0,96600.0,18847
202608070900,95300.0,96100.0,92000.0,92700.0,13228
202608070915,92900.0,93800.0,92200.0,93300.0,7492
202608070930,93300.0,95600.0,93300.0,95200.0,9122
202608070945,95200.0,95300.0,94100.0,94600.0,5723
202608071000,94700.0,95300.0,94300.0,95100.0,4365
202608071015,95100.0,95200.0,93900.0,94500.0,5313
202608071030,94500.0,94800.0,93600.0,94400.0,4647
202608071045,94400.0,94800.0,94000.0,94200.0,3543
202608071100,94200.0,94700.0,94100.0,94400.0,4086
202608071115,94400.0,94700.0,93600.0,93800.0,3643
202608071130,93800.0,94200.0,93600.0,94200.0,3718
202608071145,93900.0,94400.0,93700.0,94100.0,2950
202608071200,94100.0,94300.0,93700.0,93800.0,2910
202608071215,93900.0,94100.0,93400.0,93600.0,3145
202608071230,93700.0,94500.0,93700.0,94200.0,3457
202608071245,94300.0,95100.0,94000.0,94600.0,4099
202608071300,94700.0,94900.0,94300.0,94700.0,7318
202608071315,94700.0,95100.0,94200.0,94800.0,4412
202608071330,94800.0,94900.0,94400.0,94600.0,2987
202608071345,94500.0,95000.0,94300.0,94800.0,4034
202608071400,94800.0,95200.0,94500.0,94700.0,4558
202608071415,94700.0,95100.0,94300.0,94600.0,4203
202608071430,94700.0,94900.0,94400.0,94800.0,5151
202608071445,94800.0,95400.0,94600.0,95300.0,5762
202608071500,95400.0,95900.0,95300.0,95500.0,5278
202608071515,95500.0,95800.0,95200.0,95700.0,14886
202608100900,93800.0,93900.0,88900.0,90300.0,33476
202608100915,90300.0,91600.0,88800.0,91400.0,18071
202608100930,91400.0,92400.0,91100.0,92200.0,6546
202608100945,92200.0,92600.0,91900.0,92500.0,4341
202608101000,92500.0,92900.0,92300.0,92800.0,6385
202608101015,92600.0,93100.0,92000.0,92100.0,6537
202608101030,92100.0,92300.0,91800.0,92300.0,7239
202608101045,92200.0,92700.0,91800.0,91900.0,6866
202608101100,91900.0,92700.0,91800.0,92500.0,6759
202608101115,92400.0,92500.0,91800.0,92100.0,5527
202608101130,92100.0,92500.0,91800.0,92500.0,5808
202608101145,92100.0,92400.0,91800.0,92000.0,6500
202608101200,91900.0,92500.0,91800.0,92300.0,5709
202608101215,92300.0,92600.0,91900.0,92500.0,4838
202608101230,92300.0,92900.0,92100.0,92300.0,6346
202608101245,92700.0,93000.0,92200.0,92700.0,7092
202608101300,92900.0,93200.0,92600.0,93100.0,7742
202608101315,93000.0,94100.0,92800.0,93700.0,8463
202608101330,93700.0,94000.0,93200.0,93800.0,7192
202608101345,93500.0,94000.0,93300.0,93900.0,6756
202608101400,93800.0,94500.0,93400.0,94000.0,9598
202608101415,94000.0,94400.0,93700.0,94000.0,7896
202608101430,94200.0,94300.0,93500.0,93800.0,7709
202608101445,93900.0,94300.0,93300.0,94000.0,8591
202608101500,94000.0,94700.0,93400.0,94100.0,12407
202608101515,94000.0,94800.0,93800.0,94300.0,19814
202608110900,93800.0,95300.0,93100.0,95000.0,4370
202608110915,95100.0,96500.0,95100.0,96300.0,7288
202608110930,96300.0,98400.0,96200.0,98200.0,8328
202608110945,98200.0,98800.0,98200.0,98800.0,10126
202608111000,98700.0,99500.0,98500.0,98600.0,13343
202608111015,98600.0,99000.0,98200.0,99000.0,6655
202608111030,99000.0,99500.0,98900.0,99400.0,11211
202608111045,99400.0,100200.0,99200.0,100100.0,14419
202608111100,100000.0,100400.0,99800.0,100300.0,8078
202608111115,100400.0,100400.0,99400.0,99700.0,4330
202608111130,99700.0,100000.0,99600.0,99700.0,5685
202608111145,99700.0,100000.0,99400.0,99600.0,4563
202608111200,99500.0,99800.0,98800.0,99200.0,5315
202608111215,99400.0,99700.0,98900.0,99100.0,4986
202608111230,99100.0,99300.0,98300.0,98600.0,4826
202608111245,98400.0,99000.0,98200.0,98900.0,4656
202608111300,98600.0,99000.0,98300.0,98300.0,4070
202608111315,98400.0,99000.0,98200.0,98700.0,4249
202608111330,98500.0,98800.0,97100.0,97700.0,6539
202608111345,97700.0,98100.0,97400.0,97700.0,5103
202608111400,97800.0,98500.0,97400.0,97800.0,6190
202608111415,97800.0,98600.0,97700.0,98300.0,6772
202608111430,98300.0,98600.0,98000.0,98200.0,6477
202608111445,98300.0,98400.0,97800.0,98000.0,6335
202608111500,98000.0,98100.0,97400.0,97700.0,9193
202608111515,97600.0,97900.0,97400.0,97600.0,9866
202608120900,100800.0,101700.0,98100.0,98200.0,18639
202608120915,98100.0,98200.0,96500.0,96600.0,9218
202608120930,96600.0,97100.0,96300.0,97100.0,5704
202608120945,96900.0,98500.0,96900.0,97900.0,6141
202608121000,98100.0,98500.0,97800.0,98200.0,4883
202608121015,98000.0,98400.0,97500.0,97900.0,4673
202608121030,97900.0,98400.0,97400.0,98400.0,6126
202608121045,98400.0,98400.0,97700.0,98000.0,5365
202608121100,98000.0,98100.0,96900.0,96900.0,4062
202608121115,96900.0,97800.0,96800.0,97300.0,4247
202608121130,97200.0,97600.0,96500.0,96900.0,5858
202608121145,96800.0,97000.0,96600.0,96700.0,4535
202608121200,96700.0,97200.0,96200.0,96400.0,6157
202608121215,96400.0,97300.0,96200.0,97200.0,4694
202608121230,96900.0,97300.0,96700.0,96900.0,4188
202608121245,96900.0,97400.0,96800.0,96900.0,5677
202608121300,96900.0,97100.0,96200.0,96400.0,4580
202608121315,96400.0,96900.0,96000.0,96400.0,6220
202608121330,96500.0,97100.0,96000.0,97100.0,5770
202608121345,96900.0,97500.0,96700.0,97100.0,5242
202608121400,96800.0,97100.0,96000.0,96000.0,8329
202608121415,96000.0,96300.0,95500.0,96000.0,8841
202608121430,95800.0,96400.0,95600.0,95800.0,9910
202608121445,96000.0,96300.0,95600.0,95900.0,10972
202608121500,95800.0,96000.0,95500.0,95700.0,12358
202608121515,95800.0,96200.0,95100.0,95800.0,22360
202608130900,95000.0,96400.0,94500.0,95700.0,6679
202608130915,95500.0,95900.0,94800.0,95000.0,4986
202608130930,94900.0,97600.0,94900.0,97500.0,7266
202608130945,97400.0,97500.0,96300.0,96300.0,5562
202608131000,96500.0,96500.0,95600.0,96000.0,4538
202608131015,95900.0,96300.0,95700.0,96200.0,4466
202608131030,96100.0,96600.0,95900.0,96000.0,3971
202608131045,96000.0,96500.0,95900.0,96500.0,4486
202608131100,96500.0,96900.0,96200.0,96400.0,3958
202608131115,96400.0,96700.0,96100.0,96300.0,4839
202608131130,96500.0,96700.0,96000.0,96600.0,4967
202608131145,96500.0,97000.0,96300.0,96800.0,4957
202608131200,96800.0,96900.0,96500.0,96500.0,4684
202608131215,96600.0,96700.0,96200.0,96400.0,4317
202608131230,96400.0,96600.0,96100.0,96600.0,4489
202608131245,96600.0,96700.0,96300.0,96600.0,3762
202608131300,96600.0,96800.0,96200.0,96600.0,6706
202608131315,96700.0,97000.0,96500.0,96600.0,6201
202608131330,96600.0,96900.0,96400.0,96700.0,5175
202608131345,96500.0,96700.0,95800.0,96000.0,7083
202608131400,96100.0,96400.0,95800.0,96100.0,5632
202608131415,96100.0,96800.0,96100.0,96700.0,5482
202608131430,96700.0,97100.0,96200.0,96400.0,9016
202608131445,96400.0,96800.0,96400.0,96500.0,7068
202608131500,96600.0,97200.0,96400.0,96700.0,14886
202608131515,96900.0,97200.0,96500.0,97200.0,62608
202608140900,96500.0,98900.0,96500.0,98400.0,7059
202608140915,98300.0,99000.0,97600.0,97800.0,5413
202608140930,97800.0,98800.0,97700.0,97800.0,2309
202608140945,97800.0,98500.0,97500.0,98100.0,2739
202608141000,98300.0,98800.0,97700.0,97700.0,3960
202608141015,97900.0,98500.0,97700.0,98300.0,2484
202608141030,98300.0,99000.0,98300.0,98600.0,3260
202608141045,98700.0,98900.0,98500.0,98800.0,1453
202608141100,98800.0,98800.0,98200.0,98600.0,2630
202608141115,98600.0,98800.0,98500.0,98500.0,1718
202608141130,98600.0,98700.0,98300.0,98500.0,2568
202608141145,98400.0,98500.0,98000.0,98000.0,2548
202608141200,98000.0,98600.0,98000.0,98400.0,2121
202608141215,98400.0,98500.0,97900.0,98200.0,2584
202608141230,98200.0,98300.0,97800.0,98200.0,2524
202608141245,98200.0,98300.0,98000.0,98100.0,2034
202608141300,98200.0,98400.0,97900.0,98100.0,2990
202608141315,98200.0,98500.0,97900.0,98000.0,3431
202608141330,98000.0,98000.0,97500.0,97600.0,2704
202608141345,97600.0,97700.0,97200.0,97600.0,3333
202608141400,97600.0,98100.0,97600.0,97800.0,2478
202608141415,97900.0,98200.0,97700.0,98100.0,2828
202608141430,98200.0,98500.0,98000.0,98300.0,2468
202608141445,98300.0,98500.0,98100.0,98500.0,2615
202608141500,98400.0,98400.0,97900.0,98100.0,4269
202608141515,98000.0,98200.0,97700.0,98200.0,4956
202608180900,97500.0,97900.0,96400.0,96900.0,15332
202608180915,97000.0,97300.0,95500.0,96100.0,12313
202608180930,96100.0,96700.0,95500.0,95600.0,12209
202608180945,95600.0,96100.0,95400.0,95800.0,5896
202608181000,95700.0,96400.0,95500.0,95700.0,7996
202608181015,95700.0,96100.0,95500.0,96000.0,6835
202608181030,96000.0,96500.0,95700.0,96000.0,6360
202608181045,96000.0,96200.0,95600.0,95900.0,3859
202608181100,95900.0,96200.0,95700.0,95900.0,3135
202608181115,95900.0,96400.0,95900.0,96300.0,3418
202608181130,96300.0,96500.0,95900.0,96200.0,5332
202608181145,96100.0,96400.0,95800.0,96200.0,4687
202608181200,96200.0,96700.0,95900.0,96500.0,3569
202608181215,96500.0,96600.0,96000.0,96200.0,3449
202608181230,96000.0,96400.0,95800.0,96100.0,4159
202608181245,96100.0,96200.0,95700.0,95800.0,4276
202608181300,95800.0,96000.0,95600.0,95700.0,3188
202608181315,95700.0,95900.0,95400.0,95500.0,3455
202608181330,95500.0,95700.0,95400.0,95400.0,3714
202608181345,95400.0,95800.0,95400.0,95400.0,4383
202608181400,95400.0,95700.0,95300.0,95300.0,4161
202608181415,95500.0,95900.0,95300.0,95600.0,4114
202608181430,95900.0,95900.0,95200.0,95400.0,7030
202608181445,95400.0,96200.0,95300.0,95800.0,9491
202608181500,95700.0,96200.0,95400.0,96100.0,8899
202608181515,96100.0,96500.0,95800.0,96500.0,16260
202608190900,93500.0,94300.0,91900.0,92900.0,7886
202608190915,92300.0,92900.0,92000.0,92300.0,6323
202608190930,92300.0,92900.0,92000.0,92900.0,6250
202608190945,92900.0,93600.0,92500.0,93500.0,5242
202608191000,93500.0,93600.0,93100.0,93600.0,4345
202608191015,93500.0,93900.0,92900.0,93500.0,5321
202608191030,93400.0,93700.0,92500.0,92800.0,4523
202608191045,92700.0,93000.0,92500.0,92500.0,4546
202608191100,92500.0,92900.0,92200.0,92600.0,4604
202608191115,92600.0,93000.0,92400.0,92700.0,3409
202608191130,92700.0,93200.0,92600.0,92700.0,3822
202608191145,92700.0,93100.0,92400.0,92700.0,3235
202608191200,92700.0,93200.0,92600.0,93100.0,3748
202608191215,93000.0,93400.0,92900.0,93300.0,3248
202608191230,93300.0,93600.0,93100.0,93300.0,3572
202608191245,93300.0,93500.0,93000.0,93100.0,3480
202608191300,93100.0,93500.0,92900.0,93100.0,3130
202608191315,93100.0,93700.0,93000.0,93500.0,4464
202608191330,93500.0,93900.0,93100.0,93600.0,4196
202608191345,93600.0,93800.0,93400.0,93500.0,4667
202608191400,93500.0,93900.0,93300.0,93400.0,4908
202608191415,93400.0,93700.0,93100.0,93400.0,4666
202608191430,93300.0,93800.0,92900.0,93400.0,5166
202608191445,93100.0,93500.0,92400.0,92900.0,5840
202608191500,92800.0,93100.0,92600.0,92900.0,3809
202608191515,92900.0,93500.0,92700.0,93500.0,11158
202608200900,93400.0,94400.0,93000.0,93800.0,6174
202608200915,93900.0,94300.0,93400.0,94100.0,5105
202608200930,94300.0,94800.0,93900.0,93900.0,6770
202608200945,93800.0,94200.0,93300.0,93600.0,3940
202608201000,93700.0,94600.0,93500.0,93900.0,5050
202608201015,93800.0,94700.0,93800.0,94400.0,4625
202608201030,94400.0,94700.0,94100.0,94500.0,4383
202608201045,94500.0,94900.0,94500.0,94700.0,5149
202608201100,94700.0,94800.0,94300.0,94400.0,5162
202608201115,94600.0,94700.0,94100.0,94200.0,4764
202608201130,94300.0,94400.0,93900.0,94300.0,4119
202608201145,94200.0,94400.0,93500.0,94100.0,4804
202608201200,94000.0,94200.0,93700.0,93800.0,4561
202608201215,94000.0,94000.0,93500.0,93600.0,4553
202608201230,93700.0,93900.0,93200.0,93700.0,4389
202608201245,93600.0,93800.0,92700.0,92700.0,7458
202608201300,92800.0,93300.0,92700.0,92800.0,6508
202608201315,92900.0,93100.0,92500.0,92500.0,7801
202608201330,92500.0,92900.0,92400.0,92600.0,6821
202608201345,92600.0,92900.0,92300.0,92600.0,7110
202608201400,92500.0,92900.0,92200.0,92700.0,7258
202608201415,92700.0,93100.0,92500.0,92900.0,9226
202608201430,92900.0,93000.0,92400.0,92700.0,9618
202608201445,92800.0,93200.0,92500.0,92700.0,11030
202608201500,92900.0,93400.0,92700.0,93200.0,9109
202608201515,93100.0,93700.0,92800.0,93400.0,15713
202608210900,92300.0,92900.0,91800.0,92400.0,10574
202608210915,92600.0,93300.0,92200.0,93000.0,5261
202608210930,93000.0,94400.0,92600.0,94300.0,7560
202608210945,94300.0,94900.0,94100.0,94600.0,6573
202608211000,94600.0,94900.0,94000.0,94900.0,4300
202608211015,94900.0,95000.0,94300.0,94300.0,4223
202608211030,94400.0,94900.0,93800.0,94700.0,3833
202608211045,94700.0,94800.0,94200.0,94500.0,4116
202608211100,94600.0,95000.0,94500.0,94900.0,3601
202608211115,94900.0,95000.0,94400.0,94800.0,3791
202608211130,94800.0,94800.0,94200.0,94500.0,3419
202608211145,94200.0,95100.0,94200.0,94900.0,2813
202608211200,94800.0,95400.0,94700.0,94900.0,4102
202608211215,94900.0,95300.0,94800.0,95200.0,2511
202608211230,95100.0,95300.0,94600.0,95100.0,3982
202608211245,95000.0,95800.0,95000.0,95500.0,4442
202608211300,95500.0,96000.0,95500.0,95700.0,2805
202608211315,95800.0,96100.0,95700.0,95900.0,4445
202608211330,95900.0,96600.0,95900.0,96500.0,3991
202608211345,96400.0,96700.0,96100.0,96300.0,3208
202608211400,96100.0,96200.0,94700.0,95600.0,4735
202608211415,95600.0,95800.0,95000.0,95500.0,4827
202608211430,95500.0,95800.0,95000.0,95400.0,5530
202608211445,95400.0,95900.0,95200.0,95700.0,5385
202608211500,95700.0,96100.0,95300.0,95400.0,5911
202608211515,95700.0,96000.0,95200.0,95900.0,7426
202608240900,95700.0,97800.0,95100.0,96800.0,5865
202608240915,96800.0,98200.0,96800.0,98100.0,8066
202608240930,98100.0,98800.0,97800.0,98500.0,6675
202608240945,98500.0,98900.0,97800.0,97800.0,6411
202608241000,97800.0,98300.0,97500.0,97700.0,6190
202608241015,97700.0,97900.0,96800.0,96800.0,4823
202608241030,96800.0,97400.0,96800.0,97200.0,3922
202608241045,97100.0,97800.0,96900.0,97500.0,3557
202608241100,97400.0,97700.0,96700.0,97300.0,3999
202608241115,97300.0,97900.0,97000.0,97600.0,3550
202608241130,97600.0,97900.0,97000.0,97100.0,4096
202608241145,97200.0,97500.0,96800.0,97200.0,3408
202608241200,97200.0,97500.0,97000.0,97200.0,3275
202608241215,97200.0,97700.0,97000.0,97700.0,3183
202608241230,97500.0,98000.0,97300.0,97600.0,4962
202608241245,97500.0,97800.0,97200.0,97600.0,4153
202608241300,97600.0,97900.0,97200.0,97900.0,4532
202608241315,97850.0,97900.0,97300.0,97700.0,4808
202608241330,97700.0,97900.0,96900.0,97100.0,4541
202608241345,97200.0,97300.0,96800.0,97300.0,3546
202608241400,97350.0,97400.0,96700.0,96900.0,3206
202608241415,97300.0,97400.0,96700.0,96900.0,3875
202608241430,97000.0,97200.0,96600.0,96800.0,4862
202608241445,96900.0,97100.0,96600.0,96800.0,5927
202608241500,96800.0,97800.0,96700.0,97500.0,6339
202608241515,97500.0,97900.0,97100.0,97500.0,14774
202608250900,96500.0,97500.0,96050.0,97000.0,5605
202608250915,96900.0,98600.0,96550.0,98400.0,6469
202608250930,98500.0,99700.0,98300.0,99600.0,8202
202608250945,99600.0,99600.0,98700.0,98800.0,6880
202608251000,98800.0,99000.0,98100.0,98300.0,7143
202608251015,98500.0,98600.0,98100.0,98400.0,3798
202608251030,98500.0,98900.0,98200.0,98600.0,4499
202608251045,98700.0,99700.0,98300.0,98800.0,9693
202608251100,98800.0,99600.0,98800.0,99300.0,6740
202608251115,99300.0,99600.0,98800.0,99000.0,7125
202608251130,99000.0,99500.0,98800.0,99100.0,6971
202608251145,99500.0,99500.0,98900.0,99300.0,6593
202608251200,99300.0,99700.0,99200.0,99600.0,6475
202608251215,99500.0,99800.0,99100.0,99100.0,7469
202608251230,99100.0,99500.0,98900.0,98900.0,6802
202608251245,98900.0,99200.0,98600.0,98800.0,6212
202608251300,99000.0,99200.0,98600.0,99000.0,6278
202608251315,98900.0,99200.0,98200.0,99100.0,6720
202608251330,98600.0,99000.0,98400.0,98700.0,6331
202608251345,98700.0,99000.0,98200.0,98800.0,6773
202608251400,98700.0,99000.0,98500.0,99000.0,6580
202608251415,99000.0,99200.0,98500.0,98600.0,7282
202608251430,98600.0,98600.0,98000.0,98100.0,7643
202608251445,98200.0,98800.0,97900.0,98200.0,8954
202608251500,98200.0,98500.0,97700.0,97900.0,8541
202608251515,97900.0,98900.0,97900.0,98700.0,9193
202608260900,99300.0,99900.0,97700.0,99000.0,6354
202608260915,99000.0,99300.0,98500.0,99100.0,4293
202608260930,99100.0,100000.0,98900.0,99800.0,5359
202608260945,100000.0,100000.0,98800.0,99400.0,5222
202608261000,99400.0,100000.0,99100.0,99800.0,4393
202608261015,99900.0,100200.0,99500.0,99800.0,4590
202608261030,99800.0,100200.0,99600.0,99600.0,3558
202608261045,99700.0,100400.0,99500.0,99800.0,5095
202608261100,100000.0,100200.0,99600.0,100100.0,2612
202608261115,100000.0,100300.0,99900.0,100000.0,3899
202608261130,100100.0,100300.0,99700.0,99900.0,5703
202608261145,99900.0,100200.0,99600.0,99700.0,3708
202608261200,100000.0,100300.0,99700.0,100000.0,3745
202608261215,100000.0,100100.0,99500.0,99800.0,4060
202608261230,99800.0,99900.0,99400.0,99600.0,3285
202608261245,99500.0,99900.0,99300.0,99300.0,3913
202608261300,99500.0,100000.0,99300.0,99500.0,4299
202608261315,99500.0,99800.0,99200.0,99300.0,3845
202608261330,99300.0,99900.0,99200.0,99500.0,3973
202608261345,99400.0,99900.0,99200.0,99600.0,4564
202608261400,99500.0,100100.0,99200.0,99200.0,4970
202608261415,99200.0,100100.0,99200.0,100000.0,4787
202608261430,100000.0,100100.0,99500.0,99700.0,4936
202608261445,99700.0,100000.0,99600.0,99800.0,6035
202608261500,99700.0,100100.0,99700.0,100100.0,6388
202608261515,100100.0,100300.0,99900.0,100000.0,13444
202608270900,101100.0,101100.0,99100.0,99100.0,4956
202608270915,99100.0,100000.0,99000.0,99300.0,4105
202608270930,99300.0,100600.0,99300.0,99800.0,7656
202608270945,99800.0,100000.0,99200.0,99200.0,4179
202608271000,99300.0,99800.0,98700.0,99600.0,4646
202608271015,99600.0,100000.0,99300.0,99600.0,2466
202608271030,99600.0,99900.0,99000.0,99300.0,2739
202608271045,99200.0,99600.0,99000.0,99400.0,3147
202608271100,99300.0,100000.0,99200.0,99800.0,3494
202608271115,99800.0,100000.0,99600.0,99600.0,3218
202608271130,99700.0,100100.0,99400.0,99400.0,4360
202608271145,99500.0,100300.0,99400.0,99700.0,4445
202608271200,99700.0,100000.0,99400.0,99600.0,2923
202608271215,99500.0,99800.0,99400.0,99400.0,2951
202608271230,99400.0,99500.0,98800.0,99000.0,4400
202608271245,99100.0,99200.0,98600.0,98800.0,4869
202608271300,98800.0,99100.0,98600.0,98800.0,3896
202608271315,98800.0,99000.0,98500.0,98600.0,3940
202608271330,98700.0,99000.0,98400.0,98400.0,4890
202608271345,98500.0,98900.0,98300.0,98300.0,4473
202608271400,98300.0,98500.0,98100.0,98400.0,4835
202608271415,98200.0,98600.0,98000.0,98200.0,4561
202608271430,98200.0,98700.0,98200.0,98500.0,5158
202608271445,98500.0,98800.0,97900.0,98100.0,7407
202608271500,98100.0,98400.0,97800.0,98000.0,8709
202608271515,98000.0,98600.0,98000.0,98300.0,12655
202608280900,97500.0,98000.0,96600.0,97400.0,5170
202608280915,97400.0,97800.0,94800.0,97200.0,5616
202608280930,97200.0,97900.0,96800.0,97000.0,4589
202608280945,97000.0,97600.0,96900.0,97500.0,2501
202608281000,97400.0,97700.0,97100.0,97700.0,3680
202608281015,97800.0,98100.0,97600.0,97900.0,2873
202608281030,97900.0,98700.0,97700.0,98300.0,4177
202608281045,98500.0,98700.0,98300.0,98600.0,2872
202608281100,98500.0,98900.0,98400.0,98800.0,2321
202608281115,98800.0,99200.0,98700.0,98800.0,2673
202608281130,98900.0,99100.0,98600.0,98800.0,1941
202608281145,98900.0,99100.0,98800.0,99000.0,2938
202608281200,99100.0,99100.0,99000.0,99000.0,1147
202608281215,99100.0,99600.0,99000.0,99400.0,3530
202608281230,99400.0,99600.0,99400.0,99400.0,2475
202608281245,99300.0,99800.0,99200.0,99300.0,4516
202608281300,99300.0,99900.0,99300.0,99800.0,3106
202608281315,99800.0,99900.0,99600.0,99800.0,4036
202608281330,99700.0,100400.0,99700.0,100200.0,5552
202608281345,100200.0,100300.0,99700.0,99800.0,7032
202608281400,99900.0,99900.0,99500.0,99800.0,4280
202608281415,99800.0,100200.0,99600.0,99800.0,4887
202608281430,99800.0,99900.0,99400.0,99500.0,6554
202608281445,99500.0,100300.0,99500.0,99800.0,8082
202608281500,99800.0,100500.0,99800.0,100400.0,11192
202608281515,100400.0,100600.0,100200.0,100400.0,10836
202608310900,99900.0,100200.0,97700.0,99100.0,8649
202608310915,99100.0,99300.0,98600.0,98700.0,4144
202608310930,98700.0,98900.0,98000.0,98000.0,4280
202608310945,98000.0,98400.0,98000.0,98200.0,4242
202608311000,98200.0,98300.0,97600.0,97800.0,4312
202608311015,97800.0,97900.0,97500.0,97700.0,4108
202608311030,97600.0,97700.0,97100.0,97300.0,3912
202608311045,97300.0,97600.0,97000.0,97300.0,4138
202608311100,97300.0,97400.0,96800.0,97000.0,4204
202608311115,97100.0,97300.0,96800.0,96900.0,3238
202608311130,96900.0,97600.0,96600.0,97000.0,4308
202608311145,97100.0,97900.0,97100.0,97800.0,4612
202608311200,97800.0,98300.0,97600.0,98100.0,4021
202608311215,98000.0,98000.0,97300.0,97400.0,2857
202608311230,97400.0,97900.0,97300.0,97600.0,3452
202608311245,97600.0,97800.0,97200.0,97700.0,3548
202608311300,97700.0,98000.0,96900.0,97000.0,5631
202608311315,97000.0,97300.0,96800.0,97200.0,5891
202608311330,97200.0,97600.0,96900.0,97000.0,5803
202608311345,97000.0,97500.0,96600.0,96900.0,6287
202608311400,96900.0,97100.0,96600.0,96700.0,5359
202608311415,96700.0,96900.0,96300.0,96600.0,5970
202608311430,96600.0,97300.0,96400.0,96900.0,4937
202608311445,96900.0,97200.0,96700.0,97000.0,6698
202608311500,96700.0,97000.0,96600.0,96900.0,5649
202608311515,96800.0,97200.0,96800.0,96900.0,35227
202609010900,96300.0,98300.0,96100.0,98300.0,5800
202609010915,98300.0,98600.0,97800.0,98100.0,4709
202609010930,98200.0,98500.0,97700.0,97800.0,5644
202609010945,97900.0,98100.0,97100.0,97400.0,4742
202609011000,97400.0,98100.0,97300.0,98100.0,2505
202609011015,98050.0,98200.0,97500.0,98100.0,2533
202609011030,98200.0,98600.0,98100.0,98600.0,1858
202609011045,98600.0,98750.0,98300.0,98700.0,2608
202609011100,98700.0,98900.0,98200.0,98500.0,2404
202609011115,98550.0,98700.0,98100.0,98400.0,2527
202609011130,98400.0,98700.0,98200.0,98500.0,2504
202609011145,98500.0,98950.0,98500.0,98600.0,1855
202609011200,98700.0,98900.0,98300.0,98600.0,1910
202609011215,98600.0,98800.0,98400.0,98500.0,2050
202609011230,98400.0,98750.0,98300.0,98550.0,1978
202609011245,98600.0,98900.0,98600.0,98600.0,2333
202609011300,98600.0,98800.0,98300.0,98400.0,2272
202609011315,98500.0,98800.0,98300.0,98300.0,2730
202609011330,98400.0,98800.0,98300.0,98400.0,2394
202609011345,98400.0,98800.0,98100.0,98200.0,3201
202609011400,98200.0,98400.0,97800.0,98100.0,3531
202609011415,98100.0,98600.0,97800.0,98400.0,2898
202609011430,98400.0,98900.0,98200.0,98700.0,2901
202609011445,98800.0,98900.0,98200.0,98600.0,3961
202609011500,98600.0,98800.0,98300.0,98500.0,3630
202609011515,98700.0,98800.0,97800.0,97800.0,2685
202609020900,97700.0,100100.0,97300.0,99100.0,12998
202609020915,99200.0,99200.0,97300.0,97600.0,7302
202609020930,97800.0,98700.0,97400.0,98400.0,6548
202609020945,98400.0,99100.0,98300.0,98600.0,4700
202609021000,98800.0,99100.0,98300.0,98900.0,3777
202609021015,98900.0,99000.0,98600.0,98700.0,3493
202609021030,98800.0,99300.0,98500.0,99200.0,5373
202609021045,99200.0,99300.0,98600.0,99100.0,4033
202609021100,99200.0,99400.0,98700.0,98800.0,4568
202609021115,98800.0,99200.0,98600.0,98800.0,3047
202609021130,99100.0,99300.0,98700.0,99000.0,3113
202609021145,99000.0,99100.0,98100.0,98900.0,4241
202609021200,98900.0,99000.0,98300.0,98500.0,3434
202609021215,98500.0,98800.0,98300.0,98300.0,2871
202609021230,98300.0,98800.0,98200.0,98800.0,2941
202609021245,98800.0,98800.0,98300.0,98700.0,3886
202609021300,98600.0,99000.0,98400.0,98900.0,3689
202609021315,98900.0,100500.0,98700.0,100000.0,7583
202609021330,100000.0,100300.0,99300.0,99600.0,8653
202609021345,99600.0,99700.0,98900.0,99300.0,8404
202609021400,99300.0,100000.0,99000.0,99800.0,8385
202609021415,99800.0,99900.0,99300.0,99400.0,8846
202609021430,99400.0,99900.0,99200.0,99500.0,8457
202609021445,99500.0,99600.0,99000.0,99400.0,9210
202609021500,99400.0,99500.0,98800.0,98900.0,11759
202609021515,99000.0,99300.0,98700.0,98700.0,8233
202609030900,98800.0,99600.0,98000.0,98700.0,7521
202609030915,98700.0,99800.0,98700.0,99800.0,9745
202609030930,99800.0,100700.0,99500.0,100600.0,8766
202609030945,100700.0,101000.0,100300.0,100400.0,6028
202609031000,100400.0,100400.0,99600.0,99800.0,4130
202609031015,99800.0,100100.0,99300.0,99400.0,3999
202609031030,99400.0,99500.0,98800.0,99000.0,6284
202609031045,99000.0,99200.0,98500.0,98700.0,3285
202609031100,98700.0,99300.0,98600.0,99100.0,3590
202609031115,99100.0,99250.0,98700.0,99100.0,3538
202609031130,99100.0,99400.0,98900.0,99200.0,3381
202609031145,99300.0,99700.0,99200.0,99300.0,2735
202609031200,99300.0,99500.0,98800.0,99100.0,3420
202609031215,99200.0,99400.0,98900.0,99000.0,3837
202609031230,99000.0,99100.0,98700.0,98950.0,3299
202609031245,98950.0,99200.0,98800.0,98800.0,3787
202609031300,98900.0,99100.0,98600.0,98700.0,3610
202609031315,98700.0,98800.0,98000.0,98400.0,5865
202609031330,98400.0,98800.0,98200.0,98700.0,3992
202609031345,98800.0,99100.0,98700.0,99000.0,3720
202609031400,99000.0,99000.0,98000.0,98200.0,6340
202609031415,98200.0,98300.0,96700.0,97100.0,14150
202609031430,97100.0,97800.0,97000.0,97700.0,7639
202609031445,97700.0,98700.0,97500.0,98300.0,8659
202609031500,98300.0,98600.0,98000.0,98300.0,9832
202609031515,98300.0,98700.0,98200.0,98200.0,8606
202609040900,99800.0,100600.0,99200.0,99900.0,6908
202609040915,100200.0,100200.0,98700.0,99700.0,5444
202609040930,99700.0,99700.0,99000.0,99100.0,6581
202609040945,99200.0,99500.0,99000.0,99300.0,4500
202609041000,99300.0,99700.0,99000.0,99300.0,4792
202609041015,99400.0,99700.0,99100.0,99400.0,4314
202609041030,99300.0,99900.0,99300.0,99700.0,2379
202609041045,99700.0,100100.0,99700.0,100000.0,2417
202609041100,99900.0,100100.0,99600.0,99800.0,3955
202609041115,99900.0,100100.0,99800.0,100000.0,2763
202609041130,100000.0,100100.0,99800.0,99800.0,2972
202609041145,99900.0,100200.0,99900.0,100100.0,3190
202609041200,100000.0,100000.0,99700.0,99800.0,2994
202609041215,99900.0,100000.0,99700.0,99900.0,2194
202609041230,99900.0,100000.0,99700.0,99800.0,2415
202609041245,99800.0,100100.0,99700.0,100100.0,2644
202609041300,100100.0,100200.0,99500.0,99600.0,6407
202609041315,99600.0,99700.0,99500.0,99700.0,2720
202609041330,99700.0,99800.0,99300.0,99700.0,4026
202609041345,99700.0,99700.0,99300.0,99500.0,2954
202609041400,99600.0,99600.0,99000.0,99400.0,5203
202609041415,99400.0,99800.0,99000.0,99500.0,6144
202609041430,99500.0,100000.0,99300.0,99900.0,4931
202609041445,99900.0,100000.0,99500.0,99700.0,4878
202609041500,99700.0,99800.0,99400.0,99400.0,5656
202609041515,99500.0,99600.0,99300.0,99400.0,5732
202609070900,99100.0,99200.0,98100.0,98300.0,5480
202609070915,98300.0,98600.0,97800.0,97800.0,4275
202609070930,97800.0,97900.0,97000.0,97000.0,4821
202609070945,97000.0,97400.0,97000.0,97000.0,5434
202609071000,97100.0,97300.0,97000.0,97000.0,3131
202609071015,97100.0,97400.0,96900.0,97200.0,2471
202609071030,97000.0,97400.0,96900.0,97400.0,2821
202609071045,97100.0,97400.0,96900.0,97000.0,3959
202609071100,97000.0,97100.0,96800.0,96900.0,2283
202609071115,96900.0,97300.0,96500.0,96900.0,3743
202609071130,96900.0,97100.0,96700.0,96700.0,1859
202609071145,96700.0,96900.0,96600.0,96800.0,2630
202609071200,96800.0,97200.0,96700.0,97000.0,2184
202609071215,96900.0,97400.0,96700.0,96800.0,2989
202609071230,96800.0,97300.0,96700.0,96900.0,2107
202609071245,96800.0,97000.0,96600.0,96700.0,2499
202609071300,96700.0,97500.0,96600.0,97300.0,3461
202609071315,96900.0,97700.0,96800.0,97600.0,4551
202609071330,97500.0,97900.0,97300.0,97400.0,3100
202609071345,97400.0,97700.0,97400.0,97700.0,4244
202609071400,97600.0,98000.0,97400.0,97500.0,4209
202609071415,97500.0,98500.0,97300.0,98300.0,4922
202609071430,98300.0,98600.0,98000.0,98200.0,4445
202609071445,98100.0,98300.0,97400.0,97900.0,8874
202609071500,97900.0,97900.0,97200.0,97500.0,7861
202609071515,97600.0,97700.0,97300.0,97700.0,14712
202609080900,99000.0,99500.0,97600.0,97700.0,3882
202609080915,97700.0,98200.0,97400.0,97800.0,2876
202609080930,97800.0,98200.0,97600.0,98000.0,2445
202609080945,98100.0,98600.0,97700.0,98300.0,4500
202609081000,98300.0,98700.0,98000.0,98500.0,3599
202609081015,98500.0,99100.0,98400.0,98900.0,2519
202609081030,99000.0,99400.0,98600.0,99000.0,3343
202609081045,99000.0,99600.0,99000.0,99400.0,4374
202609081100,99300.0,100700.0,99200.0,100500.0,6457
202609081115,100400.0,100600.0,100200.0,100200.0,4900
202609081130,100300.0,100500.0,100000.0,100500.0,5017
202609081145,100500.0,100500.0,100000.0,100400.0,4602
202609081200,100500.0,100700.0,100100.0,100300.0,5359
202609081215,100200.0,100500.0,99800.0,99900.0,6512
202609081230,100000.0,100300.0,99800.0,99900.0,5450
202609081245,99900.0,100200.0,99400.0,99900.0,5874
202609081300,99900.0,100400.0,99500.0,100200.0,6450
202609081315,100300.0,100600.0,100100.0,100300.0,6408
202609081330,100200.0,100700.0,100100.0,100200.0,6483
202609081345,100400.0,100500.0,100100.0,100300.0,6354
202609081400,100300.0,100600.0,100200.0,100300.0,8118
202609081415,100300.0,100600.0,99800.0,100000.0,6991
202609081430,100000.0,100500.0,99900.0,100500.0,7451
202609081445,100100.0,100500.0,99900.0,100000.0,9185
202609081500,100000.0,100400.0,99800.0,100100.0,9826
202609081515,100100.0,100400.0,99800.0,99800.0,16208
202609090900,99100.0,99700.0,98100.0,98200.0,3901
202609090915,98300.0,99600.0,98300.0,99300.0,3882
202609090930,99300.0,99500.0,98800.0,98900.0,3142
202609090945,98900.0,99100.0,98300.0,98600.0,4473
202609091000,98600.0,98800.0,98300.0,98300.0,2937
202609091015,98300.0,98500.0,97900.0,98200.0,3371
202609091030,98100.0,98800.0,98100.0,98400.0,2619
202609091045,98500.0,98900.0,98200.0,98500.0,2953
202609091100,98600.0,98800.0,98200.0,98500.0,2933
202609091115,98500.0,98500.0,98000.0,98100.0,3430
202609091130,98200.0,98900.0,98200.0,98700.0,3494
202609091145,98700.0,98700.0,98200.0,98400.0,2690
202609091200,98400.0,98700.0,98100.0,98500.0,3223
202609091215,98500.0,98600.0,98100.0,98200.0,3131
202609091230,98200.0,98300.0,98000.0,98100.0,2268
202609091245,98200.0,98500.0,98000.0,98100.0,3813
202609091300,98100.0,98400.0,98000.0,98200.0,2998
202609091315,98200.0,98200.0,98000.0,98000.0,2519
202609091330,98000.0,98200.0,97900.0,98000.0,3742
202609091345,98100.0,98100.0,97800.0,98000.0,3853
202609091400,98000.0,98100.0,97800.0,97800.0,3690
202609091415,97800.0,97900.0,97600.0,97600.0,5284
202609091430,97700.0,98200.0,97600.0,98000.0,3671
202609091445,98000.0,98300.0,98000.0,98100.0,5062
202609091500,98200.0,98200.0,97500.0,97600.0,3579
202609091515,97600.0,97800.0,97500.0,97800.0,5002
202609100900,97100.0,97500.0,96300.0,96800.0,3786
202609100915,96800.0,97300.0,96300.0,96700.0,4593
202609100930,96700.0,96800.0,95100.0,95600.0,3436
202609100945,95600.0,95900.0,95100.0,95300.0,3965
202609101000,95300.0,95500.0,94600.0,94800.0,4034
202609101015,94800.0,95100.0,94500.0,94700.0,3347
202609101030,94800.0,95500.0,94500.0,94500.0,2997
202609101045,94700.0,95400.0,94400.0,95200.0,3189
202609101100,95200.0,95400.0,94800.0,95100.0,2997
202609101115,95200.0,95600.0,95000.0,95300.0,2184
202609101130,95300.0,95400.0,94900.0,95100.0,1018
202609101145,95100.0,95300.0,94800.0,95300.0,1786
202609101200,95200.0,95400.0,94800.0,95400.0,1013
202609101215,95300.0,95900.0,95100.0,95500.0,1781
202609101230,95500.0,95800.0,95500.0,95700.0,1146
202609101245,95700.0,96100.0,95700.0,96000.0,1501
202609101300,96000.0,96200.0,95800.0,96000.0,947
202609101315,96100.0,96400.0,95800.0,96300.0,1336
202609101330,96000.0,96500.0,96000.0,96100.0,1293
202609101345,96100.0,96600.0,95900.0,96600.0,943
202609101400,96600.0,96900.0,96400.0,96700.0,2346
202609101415,96700.0,96900.0,95400.0,96000.0,7776
202609101430,96000.0,96300.0,95600.0,95800.0,6913
202609101445,95800.0,96000.0,95400.0,95700.0,10897
202609101500,95700.0,96000.0,95300.0,95400.0,14778
202609101515,95500.0,96200.0,95200.0,96200.0,65475
202609110900,94800.0,95500.0,94500.0,95000.0,6341
202609110915,95000.0,95700.0,94800.0,95300.0,3310
202609110930,95500.0,95500.0,94100.0,94500.0,3731
202609110945,94500.0,95600.0,94300.0,95000.0,4741
202609111000,95000.0,95300.0,94700.0,94900.0,2121
202609111015,94900.0,95300.0,94800.0,94900.0,3323
202609111030,95100.0,95400.0,94800.0,94900.0,2907
202609111045,94900.0,95800.0,94800.0,95400.0,2095
202609111100,95400.0,95500.0,95200.0,95400.0,1338
202609111115,95300.0,95800.0,95300.0,95600.0,1966
202609111130,95600.0,95900.0,95200.0,95600.0,2322
202609111145,95600.0,95800.0,95100.0,95200.0,1412
202609111200,95200.0,95800.0,95200.0,95300.0,2900
202609111215,95300.0,95600.0,95100.0,95200.0,1722
202609111230,95200.0,95600.0,95100.0,95200.0,1453
202609111245,95200.0,95500.0,95100.0,95100.0,1284
202609111300,95300.0,95600.0,95000.0,95400.0,1698
202609111315,95400.0,95800.0,95100.0,95100.0,1902
202609111330,95100.0,95400.0,94800.0,94800.0,4672
202609111345,94800.0,95100.0,94600.0,94700.0,4794
202609111400,94700.0,95100.0,94600.0,95000.0,4034
202609111415,94900.0,95300.0,94800.0,94900.0,4445
202609111430,94900.0,95100.0,94700.0,94800.0,4144
202609111445,94900.0,95800.0,94800.0,95500.0,6174
202609111500,95500.0,95500.0,95000.0,95100.0,5524
202609111515,95000.0,95600.0,95000.0,95200.0,9937
202609140900,94600.0,97000.0,94100.0,96500.0,10906
202609140915,96100.0,99000.0,95800.0,98800.0,11206
202609140930,98400.0,98800.0,97900.0,98700.0,11561
202609140945,98700.0,98900.0,98400.0,98500.0,8848
202609141000,98600.0,99300.0,98600.0,99200.0,5968
202609141015,99200.0,99500.0,99000.0,99200.0,5895
202609141030,99300.0,99500.0,98900.0,99100.0,5324
202609141045,99200.0,99500.0,98600.0,99300.0,7199
202609141100,99200.0,99900.0,99000.0,99800.0,7260
202609141115,99800.0,100100.0,99600.0,100100.0,8870
202609141130,100100.0,101300.0,100100.0,100900.0,11388
202609141145,101000.0,101600.0,100700.0,101300.0,8798
202609141200,101400.0,102200.0,101100.0,102000.0,9240
202609141215,101800.0,102200.0,101700.0,102200.0,8800
202609141230,102100.0,102500.0,101800.0,102200.0,10765
202609141245,102100.0,102400.0,101900.0,102300.0,8937
202609141300,102300.0,102600.0,102100.0,102300.0,7649
202609141315,102200.0,102400.0,101800.0,102100.0,9438
202609141330,101800.0,102400.0,101700.0,101900.0,10414
202609141345,101800.0,102100.0,101300.0,101700.0,10944
202609141400,101800.0,102100.0,101500.0,101800.0,12330
202609141415,101800.0,102000.0,101000.0,101500.0,11467
202609141430,101600.0,102100.0,100800.0,101400.0,12668
202609141445,101100.0,101200.0,100200.0,100700.0,10517
202609141500,100700.0,100900.0,100200.0,100500.0,10451
202609141515,100600.0,102400.0,100200.0,100500.0,12339
202609150900,99000.0,103700.0,98600.0,103100.0,32401
202609150915,103100.0,103600.0,102100.0,103100.0,15312
202609150930,103100.0,103800.0,102600.0,103300.0,12633
202609150945,103300.0,103800.0,102600.0,103800.0,9741
202609151000,103800.0,104000.0,102700.0,102900.0,7751
202609151015,102900.0,103600.0,102700.0,103200.0,6745
202609151030,103200.0,104000.0,103100.0,103900.0,6970
202609151045,103900.0,104000.0,103400.0,103700.0,6467
202609151100,103800.0,104000.0,103300.0,103700.0,6499
202609151115,103700.0,103900.0,103000.0,103300.0,6760
202609151130,103200.0,103500.0,102800.0,103200.0,6994
202609151145,103400.0,103700.0,103000.0,103500.0,6407
202609151200,103500.0,103600.0,102900.0,103000.0,6206
202609151215,103000.0,103500.0,102600.0,102900.0,6682
202609151230,102900.0,103700.0,102700.0,103200.0,6154
202609151245,103200.0,103400.0,102500.0,102800.0,6930
202609151300,102900.0,103100.0,102500.0,103000.0,7159
202609151315,102900.0,103300.0,102500.0,103000.0,10626
202609151330,103000.0,103300.0,102400.0,102700.0,9262
202609151345,102800.0,103000.0,102300.0,102500.0,8347
202609151400,102600.0,102900.0,102300.0,102400.0,8516
202609151415,102400.0,103000.0,102300.0,102800.0,8203
202609151430,102700.0,103200.0,102200.0,102500.0,8788
202609151445,102500.0,102700.0,101400.0,101700.0,7366
202609151500,101600.0,101700.0,101100.0,101600.0,5982
202609151515,101700.0,102200.0,101300.0,101500.0,10277
202609160900,103700.0,107300.0,103000.0,105300.0,11432
202609160915,105300.0,106500.0,104500.0,105600.0,9314
202609160930,105600.0,106600.0,104900.0,106400.0,10154
202609160945,106500.0,107400.0,106400.0,106900.0,10580
202609161000,107000.0,108300.0,106900.0,107900.0,12713
202609161015,107800.0,108400.0,107600.0,108200.0,8657
202609161030,108100.0,108300.0,107300.0,107600.0,7933
202609161045,107600.0,107700.0,106900.0,107300.0,6727
202609161100,107400.0,107900.0,107000.0,107700.0,7345
202609161115,107400.0,107900.0,107200.0,107900.0,6944
202609161130,107900.0,108500.0,107600.0,107900.0,9637
202609161145,108000.0,108200.0,107500.0,107900.0,6279
202609161200,107800.0,108400.0,107700.0,108000.0,7463
202609161215,107900.0,108400.0,107700.0,108000.0,7479
202609161230,107800.0,108300.0,107700.0,107800.0,7484
202609161245,107800.0,108100.0,107100.0,107800.0,8449
202609161300,107700.0,107900.0,107000.0,107500.0,7933
202609161315,107400.0,108000.0,107000.0,107700.0,8346
202609161330,107900.0,107900.0,107100.0,107500.0,8112
202609161345,107400.0,107900.0,107100.0,107300.0,7773
202609161400,107200.0,107600.0,107000.0,107300.0,9904
202609161415,107400.0,107600.0,107000.0,107300.0,8410
202609161430,107500.0,107900.0,107100.0,107500.0,9356
202609161445,107500.0,107500.0,106800.0,107000.0,10402
202609161500,107100.0,107900.0,107000.0,107900.0,9595
202609161515,107900.0,108000.0,107400.0,107400.0,14314
202609170900,108800.0,109200.0,107400.0,108200.0,6144
202609170915,108300.0,108400.0,106800.0,107400.0,2975
202609170930,107300.0,108500.0,107300.0,107900.0,3030
202609170945,107800.0,108500.0,107600.0,108100.0,3157
202609171000,108100.0,108900.0,107900.0,108200.0,2337
202609171015,108300.0,108300.0,107400.0,107400.0,2795
202609171030,107500.0,108400.0,107400.0,107500.0,2865
202609171045,107600.0,107700.0,106700.0,107000.0,2937
202609171100,106900.0,107100.0,106600.0,106600.0,1914
202609171115,106900.0,107500.0,106800.0,107500.0,2502
202609171130,107400.0,107400.0,106800.0,106800.0,1425
202609171145,106800.0,106900.0,106400.0,106400.0,2080
202609171200,106400.0,106800.0,106300.0,106700.0,1713
202609171215,106600.0,107600.0,106600.0,107500.0,2261
202609171230,107500.0,107500.0,106700.0,106900.0,1680
202609171245,106900.0,107300.0,106500.0,106900.0,2462
202609171300,106900.0,107100.0,106700.0,106700.0,1672
202609171315,106800.0,106800.0,105700.0,106100.0,3289
202609171330,106200.0,107000.0,106100.0,106700.0,3043
202609171345,106500.0,107400.0,106500.0,107000.0,2609
202609171400,107000.0,107500.0,106800.0,107100.0,1952
202609171415,107000.0,107100.0,106400.0,106700.0,4400
202609171430,106600.0,106700.0,106300.0,106500.0,3540
202609171445,106400.0,107000.0,106300.0,106800.0,2476
202609171500,106700.0,107600.0,106700.0,107100.0,6241
202609171515,107100.0,107800.0,107000.0,107500.0,12245
202609180900,107700.0,107800.0,104700.0,104900.0,7278
202609180915,104900.0,105600.0,104100.0,104500.0,6384
202609180930,104600.0,104600.0,103700.0,104200.0,15300
202609180945,104200.0,104600.0,103600.0,103800.0,10488
202609181000,103700.0,104100.0,103000.0,103000.0,12547
202609181015,103000.0,103300.0,102500.0,102800.0,7562
202609181030,102700.0,102800.0,102300.0,102400.0,5563
202609181045,102400.0,102400.0,102000.0,102100.0,5961
202609181100,102100.0,102600.0,102100.0,102200.0,5455
202609181115,102100.0,102900.0,102100.0,102900.0,7344
202609181130,102900.0,102900.0,102000.0,102000.0,8238
202609181145,102100.0,102900.0,102000.0,102600.0,7826
202609181200,102500.0,103000.0,102500.0,102700.0,10968
202609181215,102700.0,102800.0,102000.0,102300.0,8333
202609181230,102300.0,103000.0,102000.0,102500.0,11908
202609181245,102500.0,103100.0,102500.0,102800.0,11393
202609181300,102900.0,102900.0,102700.0,102700.0,9421
202609181315,102900.0,102900.0,102300.0,102300.0,10002
202609181330,102300.0,102800.0,101500.0,102500.0,22079
202609181345,102500.0,102700.0,101900.0,102600.0,23507
202609181400,102600.0,102600.0,101600.0,101800.0,18082
202609181415,101900.0,102500.0,101800.0,102100.0,25119
202609181430,102100.0,102200.0,101600.0,101700.0,21714
202609181445,101600.0,102300.0,101300.0,101600.0,24385
202609181500,101600.0,102100.0,101200.0,101300.0,33505
202609181515,101300.0,101500.0,100500.0,101100.0,127401
202609210900,100100.0,102300.0,99600.0,102300.0,12796
202609210915,102200.0,102300.0,101200.0,101600.0,6000
202609210930,101600.0,102400.0,101400.0,102300.0,6296
202609210945,102300.0,102500.0,101600.0,102100.0,6732
202609211000,102000.0,102200.0,101400.0,101500.0,7796
202609211015,101450.0,101450.0,100500.0,100700.0,3277
202609211030,100700.0,100800.0,100000.0,100200.0,3661
202609211045,100200.0,100500.0,99800.0,99800.0,2528
202609211100,99800.0,100100.0,99700.0,100000.0,2906
202609211115,100000.0,100800.0,100000.0,100600.0,3343
202609211130,100500.0,100600.0,100100.0,100100.0,2123
202609211145,100200.0,100300.0,99800.0,99900.0,2085
202609211200,99950.0,100100.0,99850.0,100100.0,2841
202609211215,100000.0,100200.0,99600.0,99700.0,2590
202609211230,99800.0,99800.0,99600.0,99600.0,1966
202609211245,99800.0,99800.0,99400.0,99600.0,2417
202609211300,99600.0,100000.0,99400.0,99800.0,3280
202609211315,99800.0,100000.0,99400.0,99500.0,3258
202609211330,99500.0,99600.0,99200.0,99300.0,3880
202609211345,99300.0,99300.0,98700.0,98800.0,5934
202609211400,98900.0,99200.0,98600.0,99100.0,7959
202609211415,99100.0,99600.0,99100.0,99400.0,5060
202609211430,99400.0,99500.0,98800.0,98800.0,7790
202609211445,98800.0,99000.0,98600.0,98900.0,11691
202609211500,99000.0,99400.0,98800.0,99100.0,13350
202609211515,99200.0,100000.0,99100.0,99500.0,15893
202609220900,100100.0,100400.0,99100.0,99100.0,7814
202609220915,99100.0,99600.0,98700.0,99000.0,5797
202609220930,99100.0,99200.0,98200.0,99200.0,4601
202609220945,99000.0,99400.0,98600.0,99100.0,3092
202609221000,99100.0,99400.0,98800.0,99100.0,3021
202609221015,99000.0,99200.0,98800.0,99000.0,2363
202609221030,99000.0,99400.0,98900.0,99100.0,2601
202609221045,99000.0,99600.0,99000.0,99300.0,4909
202609221100,99400.0,99500.0,99200.0,99300.0,1662
202609221115,99400.0,99400.0,98700.0,98800.0,3504
202609221130,98800.0,98800.0,98400.0,98700.0,3767
202609221145,98800.0,98800.0,98600.0,98700.0,3411
202609221200,98800.0,98900.0,98600.0,98700.0,3258
202609221215,98700.0,99100.0,98700.0,98800.0,4224
202609221230,98800.0,99000.0,98700.0,98700.0,3534
202609221245,98700.0,99100.0,98500.0,99000.0,4118
202609221300,99000.0,99100.0,98700.0,98900.0,4041
202609221315,99000.0,99300.0,98900.0,99100.0,4168
202609221330,99000.0,99400.0,98900.0,98900.0,5447
202609221345,99100.0,99400.0,98800.0,99400.0,5977
202609221400,99300.0,99500.0,99100.0,99200.0,4697
202609221415,99200.0,99700.0,99200.0,99500.0,7558
202609221430,99400.0,99800.0,99200.0,99700.0,5734
202609221445,99700.0,99900.0,99500.0,99600.0,7095
202609221500,99600.0,99900.0,99400.0,99800.0,6813
202609221515,99800.0,100000.0,99600.0,99800.0,9118
202609230900,99800.0,100200.0,99100.0,99900.0,6175
202609230915,100000.0,100100.0,99000.0,99500.0,3933
202609230930,99100.0,99300.0,98000.0,98200.0,4707
202609230945,98200.0,99100.0,98000.0,98900.0,3571
202609231000,98800.0,98900.0,98200.0,98300.0,3037
202609231015,98300.0,98700.0,98000.0,98600.0,4619
202609231030,98500.0,98700.0,98200.0,98200.0,4768
202609231045,98300.0,98800.0,98100.0,98500.0,6188
202609231100,98500.0,98800.0,98400.0,98500.0,4375
202609231115,98500.0,98600.0,98400.0,98400.0,2341
202609231130,98400.0,98500.0,98000.0,98100.0,4523
202609231145,98100.0,98300.0,97800.0,97900.0,4427
202609231200,98000.0,98100.0,97800.0,97800.0,3492
202609231215,97800.0,98200.0,97700.0,97900.0,4268
202609231230,98000.0,98300.0,97800.0,97900.0,3315
202609231245,98000.0,98300.0,97900.0,98300.0,3294
202609231300,98300.0,99900.0,98200.0,99700.0,7071
202609231315,99700.0,100000.0,99000.0,99200.0,10608
202609231330,99200.0,99600.0,99000.0,99000.0,7819
202609231345,99000.0,100100.0,99000.0,100000.0,5705
202609231400,100000.0,100400.0,99900.0,100000.0,6637
202609231415,100000.0,100300.0,99800.0,100000.0,6439
202609231430,100000.0,100000.0,99400.0,99700.0,6743
202609231445,99700.0,100000.0,99500.0,99500.0,5668
202609231500,99500.0,99800.0,99400.0,99500.0,3573
202609231515,99500.0,100100.0,99500.0,99800.0,8082
202609280900,99600.0,100300.0,99100.0,100200.0,5357
202609280915,100000.0,100700.0,99200.0,99300.0,4233
202609280930,99600.0,99800.0,98800.0,99700.0,2714
202609280945,99700.0,100400.0,99500.0,99600.0,2396
202609281000,99600.0,100500.0,99500.0,100400.0,4503
202609281015,100300.0,100400.0,99400.0,99400.0,3452
202609281030,99400.0,100100.0,99300.0,99700.0,4255
202609281045,99700.0,99900.0,99400.0,99600.0,3883
202609281100,99600.0,100100.0,99500.0,100000.0,2850
202609281115,100000.0,100800.0,99700.0,100500.0,5200
202609281130,100500.0,100800.0,100200.0,100500.0,3078
202609281145,100700.0,101300.0,100300.0,101100.0,5211
202609281200,101000.0,101400.0,100900.0,101300.0,1846
202609281215,101100.0,101300.0,100600.0,100700.0,2866
202609281230,100900.0,101200.0,100600.0,100900.0,2417
202609281245,100800.0,101100.0,100500.0,100600.0,2454
202609281300,100600.0,100900.0,100400.0,100700.0,2556
202609281315,100800.0,100900.0,100400.0,100600.0,2559
202609281330,100700.0,101100.0,99900.0,100600.0,4066
202609281345,100700.0,101100.0,100500.0,100900.0,2537
202609281400,100900.0,101200.0,100600.0,100900.0,3745
202609281415,101000.0,101300.0,100800.0,101300.0,4110
202609281430,101200.0,101300.0,100700.0,100900.0,3840
202609281445,100900.0,101300.0,100700.0,101000.0,3393
202609281500,101200.0,101500.0,100700.0,101400.0,7685
202609281515,101400.0,101800.0,101400.0,101600.0,13819
202609290900,99200.0,100200.0,99100.0,99700.0,3482
202609290915,99600.0,100200.0,99100.0,99700.0,2643
202609290930,99800.0,100300.0,99500.0,100100.0,2352
202609290945,100100.0,100400.0,99800.0,99900.0,2285
202609291000,100000.0,102000.0,100000.0,101700.0,8098
202609291015,101600.0,102400.0,101400.0,102000.0,6249
202609291030,102000.0,102400.0,101300.0,101700.0,5357
202609291045,101600.0,102500.0,101500.0,102400.0,5009
202609291100,102400.0,102700.0,102100.0,102300.0,6695
202609291115,102300.0,102700.0,102200.0,102300.0,5313
202609291130,102500.0,102700.0,102200.0,102500.0,5832
202609291145,102500.0,102700.0,102200.0,102700.0,5446
202609291200,102700.0,102800.0,102200.0,102700.0,5308
202609291215,102700.0,102900.0,102500.0,102800.0,5360
202609291230,102800.0,102800.0,102200.0,102400.0,6044
202609291245,102400.0,102600.0,102000.0,102100.0,5148
202609291300,102200.0,102300.0,101800.0,102100.0,4972
202609291315,102200.0,102400.0,101800.0,102400.0,6214
202609291330,102400.0,102400.0,101800.0,102000.0,6508
202609291345,102100.0,102200.0,101300.0,101500.0,7214
202609291400,101500.0,102000.0,101300.0,101500.0,7401
202609291415,101500.0,101700.0,101100.0,101200.0,6538
202609291430,101300.0,101500.0,101000.0,101200.0,8121
202609291445,101200.0,101400.0,101000.0,101100.0,6122
202609291500,101100.0,101500.0,100800.0,101400.0,9707
202609291515,101300.0,101700.0,101100.0,101500.0,11679
202609300900,101000.0,101500.0,100200.0,100500.0,5004
202609300915,100500.0,100900.0,99900.0,100500.0,3025
202609300930,100500.0,100800.0,99600.0,100300.0,2677
202609300945,100300.0,100400.0,99800.0,99800.0,1153
202609301000,99800.0,99900.0,99500.0,99800.0,1407
202609301015,99800.0,100400.0,99600.0,100300.0,1663
202609301030,100300.0,100800.0,99900.0,100000.0,3646
202609301045,99900.0,100000.0,99700.0,99800.0,3982
202609301100,99900.0,100400.0,99800.0,99900.0,5771
202609301115,100000.0,100000.0,99700.0,99800.0,5164
202609301130,99900.0,100100.0,99600.0,99600.0,4876
202609301145,99600.0,99900.0,99400.0,99400.0,4394
202609301200,99500.0,99900.0,99400.0,99500.0,3992
202609301215,99400.0,100000.0,99400.0,99900.0,4454
202609301230,99800.0,99900.0,99600.0,99600.0,4109
202609301245,99700.0,99800.0,99500.0,99600.0,4867
202609301300,99600.0,99800.0,99300.0,99400.0,5455
202609301315,99400.0,99600.0,99200.0,99200.0,5321
202609301330,99300.0,99500.0,99100.0,99100.0,5124
202609301345,99100.0,99400.0,99000.0,99200.0,6154
202609301400,99200.0,99400.0,99000.0,99100.0,8024
202609301415,99200.0,99600.0,99100.0,99300.0,7944
202609301430,99400.0,99400.0,99000.0,99300.0,8384
202609301445,99200.0,99600.0,99200.0,99500.0,10068
202609301500,99500.0,99700.0,99200.0,99300.0,14807
202609301515,99300.0,99600.0,99100.0,99400.0,46749
202610010900,99100.0,99800.0,98500.0,99800.0,4182
202610010915,99800.0,99900.0,99100.0,99700.0,2199
202610010930,99600.0,99900.0,99300.0,99500.0,2139
202610010945,99400.0,99700.0,99000.0,99100.0,3684
202610011000,99000.0,100000.0,99000.0,100000.0,2327
202610011015,99900.0,99900.0,99400.0,99600.0,1507
202610011030,99600.0,99900.0,99500.0,99600.0,1828
202610011045,99700.0,99800.0,99200.0,99600.0,2355
202610011100,99600.0,99600.0,99200.0,99300.0,1111
202610011115,99300.0,99800.0,99200.0,99700.0,2175
202610011130,99700.0,100100.0,99600.0,99800.0,1900
202610011145,99800.0,99800.0,99400.0,99500.0,1659
202610011200,99500.0,99500.0,99000.0,99300.0,3150
202610011215,99300.0,99700.0,99300.0,99400.0,2290
202610011230,99400.0,99600.0,99400.0,99500.0,2215
202610011245,99500.0,99600.0,99300.0,99500.0,2137
202610011300,99400.0,99600.0,99400.0,99600.0,2813
202610011315,99500.0,99600.0,99200.0,99300.0,4478
202610011330,99300.0,99400.0,99300.0,99400.0,1648
202610011345,99400.0,99700.0,99300.0,99600.0,4188
202610011400,99550.0,99900.0,99300.0,99300.0,7736
202610011415,99300.0,99350.0,99100.0,99100.0,4058
202610011430,99150.0,99400.0,99000.0,99100.0,5703
202610011445,99100.0,99200.0,98900.0,99000.0,4980
202610011500,99000.0,99200.0,98600.0,99100.0,5696
202610011515,99100.0,99300.0,98900.0,99300.0,14970
202610020900,99200.0,100200.0,98900.0,99300.0,3622
202610020915,99400.0,99900.0,99000.0,99900.0,3426
202610020930,99800.0,100100.0,99500.0,100000.0,3797
202610020945,100100.0,101800.0,100000.0,100900.0,11543
202610021000,100800.0,100900.0,100300.0,100700.0,5414
202610021015,100700.0,101000.0,100600.0,100800.0,3041
202610021030,100800.0,101300.0,100600.0,100900.0,4574
202610021045,100900.0,101900.0,100800.0,101500.0,3621
202610021100,101500.0,101800.0,101300.0,101700.0,2895
202610021115,101800.0,101900.0,101100.0,101800.0,3939
202610021130,101800.0,101900.0,101200.0,101500.0,3151
202610021145,101600.0,102000.0,101500.0,101700.0,2695
202610021200,101700.0,102000.0,101500.0,102000.0,2420
202610021215,102000.0,102100.0,101600.0,101600.0,2772
202610021230,102000.0,102300.0,101600.0,101700.0,2466
202610021245,101700.0,102200.0,101300.0,101700.0,2842
202610021300,101500.0,101800.0,101200.0,101300.0,3585
202610021315,101300.0,101900.0,101200.0,101200.0,3070
202610021330,101500.0,101800.0,101300.0,101500.0,2508
202610021345,101500.0,102000.0,101400.0,101700.0,4732
202610021400,101800.0,101800.0,101200.0,101200.0,3029
202610021415,101200.0,101600.0,100800.0,101000.0,3851
202610021430,101400.0,101500.0,101000.0,101300.0,3179
202610021445,101300.0,101700.0,101000.0,101500.0,5848
202610021500,101600.0,101800.0,101300.0,101600.0,5827
202610021515,101700.0,102000.0,101600.0,101600.0,7225
202610060900,102200.0,102600.0,99300.0,100800.0,11672
202610060915,100700.0,102200.0,100500.0,101000.0,11788
202610060930,101000.0,101400.0,100100.0,100300.0,4441
202610060945,100200.0,103000.0,99100.0,99200.0,12050
202610061000,99200.0,99400.0,98900.0,99300.0,4692
202610061015,99300.0,99300.0,98900.0,99000.0,4395
202610061030,99000.0,99200.0,98700.0,99000.0,4479
202610061045,98900.0,99000.0,98600.0,98900.0,5119
202610061100,98900.0,99400.0,98600.0,99400.0,4827
202610061115,99100.0,99200.0,98800.0,98900.0,4138
202610061130,98900.0,99500.0,98700.0,99300.0,4955
202610061145,99300.0,99600.0,99100.0,99500.0,4144
202610061200,99400.0,99700.0,99100.0,99400.0,4884
202610061215,99200.0,99600.0,99000.0,99400.0,5329
202610061230,99400.0,99700.0,99100.0,99500.0,5402
202610061245,99500.0,100000.0,99200.0,99900.0,7459
202610061300,99800.0,100200.0,99600.0,100100.0,4382
202610061315,100100.0,100100.0,99700.0,99900.0,5025
202610061330,99900.0,100400.0,99700.0,100100.0,6537
202610061345,100200.0,100400.0,99900.0,100200.0,5138
202610061400,100100.0,100300.0,99800.0,100000.0,6098
202610061415,99900.0,100400.0,99800.0,100300.0,6181
202610061430,100300.0,100400.0,99900.0,100200.0,5996
202610061445,100200.0,100500.0,99800.0,100200.0,7537
202610061500,100200.0,100700.0,99600.0,100500.0,13116
202610061515,100500.0,100800.0,100200.0,100800.0,18087
