202601020945,57600.0,59600.0,57600.0,59300.0,3248
202601021000,59400.0,61900.0,59100.0,61600.0,24318
202601021015,61800.0,62600.0,61300.0,61500.0,12614
202601021030,61500.0,62100.0,61000.0,62100.0,8878
202601021045,62000.0,62500.0,62000.0,62200.0,8036
202601021100,62300.0,62300.0,61800.0,62000.0,4817
202601021115,62000.0,62300.0,61700.0,62300.0,5289
202601021130,62300.0,62400.0,61900.0,62000.0,4012
202601021145,62100.0,62300.0,62000.0,62200.0,3904
202601021200,62200.0,62600.0,62100.0,62600.0,6870
202601021215,62600.0,62600.0,62200.0,62400.0,4225
202601021230,62400.0,62400.0,61900.0,62100.0,3644
202601021245,62100.0,62400.0,61800.0,62400.0,5275
202601021300,62400.0,62500.0,62100.0,62400.0,3305
202601021315,62400.0,62600.0,62300.0,62600.0,5038
202601021330,62600.0,62700.0,62300.0,62400.0,5513
202601021345,62400.0,62500.0,62100.0,62500.0,3797
202601021400,62500.0,63400.0,62300.0,63200.0,12567
202601021415,63200.0,63300.0,62700.0,63200.0,12348
202601021430,63100.0,63300.0,62900.0,63100.0,11328
202601021445,63100.0,63400.0,63000.0,63200.0,8426
202601021500,63100.0,63400.0,63100.0,63100.0,5757
202601021515,63200.0,63400.0,63100.0,63400.0,2373
202601050900,68100.0,69900.0,66500.0,66800.0,34581
202601050915,67000.0,67400.0,65700.0,66500.0,14281
202601050930,66400.0,66400.0,64700.0,65400.0,14303
202601050945,65200.0,65500.0,64900.0,65100.0,7828
202601051000,65100.0,65300.0,64500.0,64900.0,8974
202601051015,64900.0,65300.0,64700.0,65000.0,2218
202601051030,65000.0,65000.0,64400.0,64800.0,3959
202601051045,64900.0,65000.0,64500.0,65000.0,2801
202601051100,64900.0,65000.0,64300.0,64400.0,4097
202601051115,64400.0,64700.0,64200.0,64300.0,5344
202601051130,64300.0,64600.0,64200.0,64600.0,1947
202601051145,64400.0,64900.0,64300.0,64600.0,3479
202601051200,64600.0,64700.0,64300.0,64400.0,2571
202601051215,64400.0,64600.0,64200.0,64400.0,1072
202601051230,64400.0,64500.0,63900.0,64100.0,4667
202601051245,64100.0,64200.0,63900.0,64200.0,1326
202601051300,64200.0,64200.0,63700.0,64100.0,2348
202601051315,64100.0,64500.0,64000.0,64200.0,2872
202601051330,64300.0,64500.0,64000.0,64000.0,1424
202601051345,64000.0,64200.0,63900.0,64000.0,1700
202601051400,63900.0,64500.0,63700.0,64500.0,3244
202601051415,64400.0,64700.0,64300.0,64500.0,2942
202601051430,64500.0,64700.0,64300.0,64400.0,2749
202601051445,64600.0,64800.0,64200.0,64300.0,1986
202601051500,64400.0,64400.0,64100.0,64300.0,1890
202601051515,64300.0,64500.0,64100.0,64500.0,2880
202601060900,63800.0,63800.0,62300.0,62500.0,8508
202601060915,62600.0,63100.0,62000.0,62800.0,4187
202601060930,62800.0,63500.0,62600.0,63200.0,2033
202601060945,63100.0,63300.0,62600.0,63100.0,2660
202601061000,63100.0,63600.0,62900.0,63300.0,2171
202601061015,63400.0,63900.0,63100.0,63700.0,3723
202601061030,63700.0,64000.0,63500.0,63700.0,2497
202601061045,63800.0,63900.0,63700.0,63700.0,1188
202601061100,63700.0,63900.0,63500.0,63700.0,2145
202601061115,63500.0,63700.0,63200.0,63400.0,1555
202601061130,63300.0,63900.0,63300.0,63500.0,2010
202601061145,63500.0,63900.0,63500.0,63700.0,648
202601061200,63700.0,63800.0,63300.0,63700.0,662
202601061215,63500.0,63500.0,63200.0,63400.0,527
202601061230,63400.0,63400.0,63200.0,63300.0,271
202601061245,63300.0,63400.0,63200.0,63200.0,603
202601061300,63200.0,63700.0,63100.0,63700.0,626
202601061315,63600.0,63800.0,63000.0,63200.0,3654
202601061330,63300.0,63800.0,63200.0,63500.0,1402
202601061345,63500.0,64000.0,63400.0,63600.0,1907
202601061400,63600.0,63900.0,63500.0,63800.0,1254
202601061415,63700.0,64000.0,63300.0,63300.0,1669
202601061430,63300.0,63600.0,63300.0,63400.0,1446
202601061445,63400.0,63500.0,63000.0,63000.0,3245
202601061500,63000.0,63500.0,63000.0,63400.0,2660
202601061515,63400.0,63800.0,63400.0,63600.0,3490
202601070900,65300.0,66300.0,63700.0,63800.0,14831
202601070915,63800.0,64200.0,61500.0,61600.0,5910
202601070930,61600.0,62600.0,61500.0,62100.0,6110
202601070945,62100.0,63700.0,62000.0,63400.0,3479
202601071000,63400.0,63900.0,63100.0,63600.0,1627
202601071015,63600.0,63800.0,63300.0,63600.0,3336
202601071030,63600.0,63800.0,63300.0,63800.0,3349
202601071045,63700.0,63900.0,63100.0,63200.0,4159
202601071100,63200.0,63800.0,63100.0,63500.0,1229
202601071115,63500.0,63700.0,63100.0,63300.0,1285
202601071130,63200.0,63400.0,63000.0,63000.0,1031
202601071145,63000.0,63300.0,62900.0,63000.0,1604
202601071200,63000.0,63400.0,62700.0,63200.0,2296
202601071215,63200.0,63700.0,62900.0,63500.0,1522
202601071230,63500.0,63700.0,63100.0,63100.0,1522
202601071245,63100.0,63300.0,62200.0,62200.0,2054
202601071300,62200.0,62400.0,62000.0,62000.0,3539
202601071315,62000.0,62100.0,61400.0,61600.0,3038
202601071330,61600.0,62300.0,61300.0,62100.0,3951
202601071345,62100.0,62400.0,61900.0,61900.0,2125
202601071400,62000.0,62500.0,61900.0,62200.0,1405
202601071415,62300.0,62500.0,62200.0,62400.0,1576
202601071430,62400.0,62600.0,62100.0,62100.0,1625
202601071445,62100.0,62300.0,61600.0,62000.0,3074
202601071500,61900.0,62300.0,61600.0,62100.0,2628
202601071515,62200.0,62400.0,62000.0,62300.0,2156
202601080900,61300.0,62100.0,61000.0,61300.0,5461
202601080915,61300.0,62000.0,61200.0,61200.0,3750
202601080930,61200.0,63400.0,61200.0,63200.0,5325
202601080945,63200.0,63400.0,63000.0,63400.0,2141
202601081000,63300.0,63400.0,62300.0,62300.0,2408
202601081015,62400.0,63200.0,61900.0,61900.0,2906
202601081030,61900.0,62400.0,61600.0,62200.0,2108
202601081045,62200.0,62300.0,61700.0,61700.0,3177
202601081100,61700.0,61900.0,61200.0,61300.0,3878
202601081115,61300.0,61800.0,61200.0,61600.0,2014
202601081130,61600.0,61700.0,61100.0,61300.0,1681
202601081145,61300.0,61500.0,61100.0,61400.0,1429
202601081200,61300.0,61900.0,61200.0,61900.0,830
202601081215,61800.0,61900.0,61500.0,61500.0,876
202601081230,61600.0,61800.0,61500.0,61500.0,1238
202601081245,61500.0,61600.0,61250.0,61400.0,719
202601081300,61400.0,61600.0,61200.0,61400.0,759
202601081315,61400.0,61400.0,61000.0,61000.0,2483
202601081330,61100.0,61100.0,60600.0,61000.0,4673
202601081345,61000.0,61400.0,60800.0,60900.0,2442
202601081400,60900.0,61400.0,60800.0,61100.0,2732
202601081415,61100.0,61300.0,60900.0,61000.0,3015
202601081430,61000.0,61200.0,60700.0,61000.0,3013
202601081445,60800.0,61200.0,60700.0,60900.0,3650
202601081500,60900.0,61000.0,60700.0,61000.0,1977
202601081515,60900.0,61000.0,60700.0,60900.0,2772
202601090900,60500.0,60800.0,59800.0,59900.0,2591
202601090915,59900.0,59900.0,59000.0,59500.0,3433
202601090930,59500.0,60100.0,59400.0,59800.0,1826
202601090945,59800.0,59800.0,59200.0,59400.0,1295
202601091000,59300.0,59600.0,59000.0,59000.0,1942
202601091015,59100.0,59400.0,59000.0,59100.0,2603
202601091030,59100.0,59800.0,59000.0,59600.0,1362
202601091045,59500.0,60000.0,59300.0,59900.0,1695
202601091100,59800.0,60200.0,59500.0,59800.0,1350
202601091115,59800.0,60500.0,59700.0,60300.0,1138
202601091130,60300.0,60500.0,60000.0,60100.0,952
202601091145,60100.0,60300.0,60000.0,60200.0,1258
202601091200,60200.0,61000.0,60000.0,61000.0,1701
202601091215,60900.0,61200.0,60500.0,60600.0,975
202601091230,60600.0,60700.0,60200.0,60500.0,660
202601091245,60300.0,60500.0,60000.0,60200.0,1839
202601091300,60200.0,60400.0,60000.0,60000.0,1803
202601091315,60000.0,60000.0,59700.0,59800.0,1709
202601091330,59700.0,59900.0,59600.0,59600.0,2305
202601091345,59600.0,59700.0,59300.0,59500.0,6078
202601091400,59300.0,59700.0,59300.0,59300.0,2278
202601091415,59300.0,59500.0,59300.0,59400.0,858
202601091430,59400.0,59800.0,59300.0,59400.0,1547
202601091445,59600.0,59900.0,59400.0,59600.0,1414
202601091500,59600.0,59700.0,59500.0,59700.0,899
202601091515,59600.0,59800.0,59600.0,59800.0,1258
202601120900,61100.0,62000.0,60300.0,61900.0,4125
202601120915,61900.0,62300.0,61500.0,61700.0,5486
202601120930,61800.0,62000.0,61600.0,62000.0,1998
202601120945,61900.0,62600.0,61800.0,62300.0,4633
202601121000,62200.0,62500.0,61800.0,62300.0,2018
202601121015,62400.0,62600.0,62100.0,62500.0,2690
202601121030,62300.0,62500.0,61400.0,62500.0,2190
202601121045,62500.0,62800.0,62300.0,62600.0,2785
202601121100,62500.0,62800.0,62400.0,62500.0,1602
202601121115,62700.0,62800.0,62300.0,62700.0,1528
202601121130,62700.0,62800.0,62500.0,62600.0,1798
202601121145,62700.0,62800.0,62300.0,62400.0,1540
202601121200,62300.0,62400.0,62100.0,62300.0,1400
202601121215,62300.0,62500.0,62100.0,62300.0,1225
202601121230,62300.0,62500.0,62100.0,62100.0,1226
202601121245,62100.0,62200.0,61800.0,62000.0,1705
202601121300,61900.0,62100.0,61700.0,61900.0,1602
202601121315,61900.0,61900.0,60900.0,61200.0,5143
202601121330,61200.0,61400.0,60800.0,61100.0,2712
202601121345,61100.0,61400.0,60500.0,61300.0,4858
202601121400,61300.0,61800.0,61200.0,61800.0,1595
202601121415,61700.0,61900.0,61100.0,61200.0,1601
202601121430,61400.0,61700.0,60900.0,61100.0,1311
202601121445,61200.0,61300.0,60700.0,61200.0,2720
202601121500,61200.0,61300.0,61000.0,61200.0,1400
202601121515,61300.0,61400.0,61100.0,61100.0,890
202601130900,61600.0,62500.0,61600.0,62000.0,2320
202601130915,62000.0,62100.0,61700.0,61700.0,1291
202601130930,61600.0,61900.0,60900.0,60900.0,2821
202601130945,60900.0,61500.0,60900.0,60900.0,2394
202601131000,61000.0,61100.0,60900.0,61000.0,1084
202601131015,60900.0,61000.0,60200.0,60200.0,2033
202601131030,60200.0,60600.0,60000.0,60100.0,2575
202601131045,60100.0,60300.0,59900.0,60000.0,3402
202601131100,60000.0,60200.0,59800.0,60000.0,976
202601131115,60000.0,60100.0,59800.0,59900.0,689
202601131130,59900.0,60200.0,59900.0,60100.0,472
202601131145,60100.0,60100.0,59700.0,59800.0,1011
202601131200,59800.0,60500.0,59800.0,60500.0,382
202601131215,60400.0,60500.0,60100.0,60200.0,620
202601131230,60300.0,60400.0,60100.0,60100.0,260
202601131245,60200.0,60300.0,60000.0,60200.0,530
202601131300,60200.0,60200.0,59900.0,60100.0,492
202601131315,60000.0,60200.0,59700.0,59900.0,914
202601131330,59900.0,60000.0,59700.0,59700.0,1345
202601131345,59800.0,60100.0,59600.0,59900.0,1081
202601131400,59800.0,60200.0,59700.0,60000.0,829
202601131415,60000.0,60200.0,59800.0,60200.0,1140
202601131430,60200.0,60400.0,60100.0,60300.0,850
202601131445,60200.0,60400.0,60100.0,60200.0,1139
202601131500,60200.0,60300.0,60100.0,60100.0,1857
202601131515,60100.0,60400.0,60100.0,60400.0,1200
202601140900,59500.0,61500.0,59400.0,60100.0,3042
202601140915,60100.0,61400.0,59900.0,61100.0,2682
202601140930,61200.0,61200.0,59600.0,59800.0,3858
202601140945,59800.0,60700.0,59700.0,60000.0,2098
202601141000,60000.0,60200.0,59800.0,59800.0,1398
202601141015,59800.0,60400.0,59800.0,60100.0,1251
202601141030,60200.0,60300.0,60000.0,60100.0,1225
202601141045,60100.0,60300.0,59700.0,59800.0,3007
202601141100,59800.0,60000.0,59500.0,59500.0,1389
202601141115,59500.0,60000.0,59500.0,59700.0,669
202601141130,59800.0,60100.0,59600.0,59800.0,523
202601141145,60000.0,60400.0,59700.0,60000.0,2641
202601141200,60000.0,60500.0,59900.0,60300.0,618
202601141215,60500.0,60500.0,60100.0,60300.0,719
202601141230,60300.0,60500.0,60100.0,60300.0,522
202601141245,60400.0,60600.0,60000.0,60200.0,877
202601141300,60200.0,60600.0,60000.0,60000.0,1170
202601141315,60200.0,60400.0,60100.0,60100.0,962
202601141330,60200.0,60400.0,59800.0,60000.0,1030
202601141345,60000.0,60200.0,59900.0,60000.0,827
202601141400,60000.0,60100.0,59500.0,59500.0,2978
202601141415,59500.0,59900.0,58500.0,59500.0,8209
202601141430,59500.0,59800.0,58600.0,59600.0,4698
202601141445,59600.0,59900.0,59300.0,59900.0,1253
202601141500,59900.0,61300.0,59500.0,61000.0,6201
202601141515,61000.0,61200.0,60600.0,60700.0,2804
202601150900,59400.0,59800.0,57700.0,59200.0,18416
202601150915,59200.0,60100.0,58600.0,59900.0,7259
202601150930,59900.0,60700.0,59000.0,60500.0,7432
202601150945,60500.0,61300.0,60300.0,60700.0,6012
202601151000,60800.0,60800.0,59300.0,59600.0,2278
202601151015,59600.0,59800.0,58600.0,58700.0,3726
202601151030,58600.0,58800.0,58200.0,58300.0,8090
202601151045,58300.0,58800.0,58300.0,58600.0,2866
202601151100,58600.0,58700.0,58500.0,58500.0,2289
202601151115,58500.0,58900.0,58400.0,58400.0,4179
202601151130,58400.0,58700.0,58300.0,58300.0,3989
202601151145,58600.0,58700.0,58300.0,58500.0,1818
202601151200,58500.0,59000.0,58400.0,58700.0,1583
202601151215,58700.0,59000.0,58600.0,58700.0,1942
202601151230,58700.0,59000.0,58600.0,58800.0,1494
202601151245,58800.0,58900.0,58600.0,58700.0,1467
202601151300,58800.0,58900.0,58600.0,58700.0,1389
202601151315,58700.0,58900.0,58600.0,58700.0,1432
202601151330,58700.0,58900.0,58500.0,58600.0,1656
202601151345,58600.0,58900.0,58400.0,58600.0,2257
202601151400,58600.0,58800.0,58200.0,58600.0,6567
202601151415,58600.0,58900.0,58400.0,58500.0,3237
202601151430,58500.0,59200.0,58400.0,59000.0,1630
202601151445,59000.0,59500.0,58900.0,59300.0,3424
202601151500,59300.0,59400.0,59100.0,59300.0,1248
202601151515,59100.0,59600.0,59100.0,59400.0,2278
202601160900,60400.0,60600.0,58900.0,59300.0,3820
202601160915,59300.0,60300.0,59100.0,59300.0,3478
202601160930,59300.0,59600.0,59200.0,59400.0,2423
202601160945,59500.0,59600.0,58900.0,59500.0,2738
202601161000,59400.0,59900.0,59200.0,59800.0,2039
202601161015,59600.0,60200.0,59400.0,60000.0,1825
202601161030,60100.0,60600.0,60000.0,60100.0,3161
202601161045,60200.0,60600.0,59900.0,60300.0,2359
202601161100,60300.0,60500.0,60100.0,60300.0,1338
202601161115,60300.0,60400.0,60200.0,60300.0,1127
202601161130,60300.0,60400.0,59600.0,59900.0,1755
202601161145,60000.0,60500.0,59700.0,60200.0,1733
202601161200,60200.0,60500.0,59600.0,60400.0,1765
202601161215,60200.0,60500.0,59900.0,60200.0,1044
202601161230,60300.0,60500.0,59900.0,60000.0,1216
202601161245,59900.0,60300.0,59800.0,60200.0,1102
202601161300,60200.0,60200.0,59200.0,59400.0,1597
202601161315,59400.0,59700.0,59200.0,59200.0,1465
202601161330,59200.0,59500.0,58800.0,59200.0,2750
202601161345,59100.0,59900.0,59100.0,59300.0,1276
202601161400,59500.0,60000.0,59300.0,59700.0,1401
202601161415,59800.0,60000.0,59600.0,60000.0,1434
202601161430,60000.0,60200.0,59500.0,59700.0,2692
202601161445,59700.0,60000.0,59400.0,59700.0,2454
202601161500,59700.0,59900.0,59400.0,59400.0,1198
202601161515,59500.0,60000.0,59400.0,59700.0,2234
202601190900,62100.0,65400.0,62100.0,64700.0,30673
202601190915,64800.0,65400.0,63800.0,64600.0,14511
202601190930,64600.0,64700.0,63900.0,64200.0,3534
202601190945,64100.0,65700.0,63900.0,65100.0,11133
202601191000,65100.0,65100.0,64500.0,64700.0,4309
202601191015,64800.0,65700.0,64800.0,65700.0,8906
202601191030,65600.0,66300.0,65500.0,65700.0,10008
202601191045,65700.0,65900.0,65200.0,65600.0,4809
202601191100,65600.0,65600.0,64900.0,65300.0,6516
202601191115,65400.0,65900.0,65200.0,65600.0,3690
202601191130,65500.0,65800.0,65300.0,65700.0,3448
202601191145,65700.0,65800.0,65300.0,65600.0,3127
202601191200,65500.0,65900.0,65500.0,65500.0,3612
202601191215,65500.0,65600.0,65100.0,65500.0,4089
202601191230,65500.0,65700.0,65400.0,65500.0,2604
202601191245,65500.0,65700.0,65300.0,65500.0,2973
202601191300,65500.0,65700.0,65100.0,65400.0,3133
202601191315,65200.0,65500.0,65000.0,65200.0,3825
202601191330,65400.0,65700.0,65200.0,65700.0,2899
202601191345,65500.0,65700.0,65100.0,65400.0,3774
202601191400,65400.0,65600.0,65200.0,65400.0,3548
202601191415,65200.0,65400.0,65000.0,65200.0,3287
202601191430,65200.0,65500.0,64800.0,65000.0,4129
202601191445,65000.0,65300.0,64800.0,65100.0,3255
202601191500,64900.0,65300.0,64400.0,64400.0,6450
202601191515,64400.0,64900.0,64300.0,64900.0,2183
202601200900,63800.0,64300.0,63200.0,63200.0,8262
202601200915,63200.0,64000.0,62200.0,63900.0,6222
202601200930,63900.0,64800.0,63700.0,64700.0,2619
202601200945,64700.0,65900.0,64500.0,65500.0,9571
202601201000,65600.0,65600.0,64100.0,64700.0,1943
202601201015,64800.0,65400.0,64600.0,65400.0,2024
202601201030,65400.0,66100.0,64900.0,65800.0,8705
202601201045,65900.0,66100.0,65700.0,65700.0,2842
202601201100,65700.0,66300.0,65100.0,65700.0,8404
202601201115,65700.0,66000.0,65300.0,65900.0,2231
202601201130,65900.0,66400.0,65700.0,66300.0,2371
202601201145,66300.0,66500.0,65900.0,66200.0,2038
202601201200,66200.0,66500.0,66100.0,66300.0,2722
202601201215,66200.0,66500.0,66100.0,66100.0,2783
202601201230,66200.0,67100.0,66200.0,66900.0,7209
202601201245,67000.0,67800.0,66500.0,67500.0,6142
202601201300,67500.0,68000.0,67300.0,67900.0,5589
202601201315,67900.0,68500.0,67700.0,68300.0,7680
202601201330,68200.0,68500.0,68000.0,68400.0,3265
202601201345,68400.0,68400.0,68000.0,68100.0,4069
202601201400,68100.0,68200.0,67500.0,67600.0,4555
202601201415,67600.0,67900.0,67100.0,67600.0,6198
202601201430,67600.0,67900.0,67400.0,67800.0,4570
202601201445,67800.0,68000.0,67500.0,67500.0,4483
202601201500,67600.0,67700.0,66600.0,66800.0,7490
202601201515,66800.0,66800.0,66500.0,66500.0,3770
202601210900,69000.0,73900.0,68900.0,71000.0,66955
202601210915,71000.0,71400.0,68600.0,70000.0,21035
202601210930,70100.0,71600.0,69900.0,71500.0,16102
202601210945,71200.0,73300.0,71000.0,73000.0,31747
202601211000,73000.0,74400.0,72300.0,74300.0,38852
202601211015,74300.0,75900.0,74100.0,74400.0,46223
202601211030,74400.0,74900.0,73100.0,73900.0,17101
202601211045,73900.0,74100.0,73100.0,73500.0,7121
202601211100,73500.0,73900.0,72900.0,73700.0,11058
202601211115,73700.0,73900.0,72900.0,73300.0,11386
202601211130,73300.0,73500.0,72400.0,73000.0,10743
202601211145,73000.0,73700.0,72700.0,73600.0,6470
202601211200,73500.0,74200.0,73200.0,74200.0,6470
202601211215,74200.0,75200.0,74000.0,75000.0,16850
202601211230,75000.0,75300.0,74200.0,74500.0,7403
202601211245,74300.0,75200.0,74200.0,74800.0,9012
202601211300,74800.0,75300.0,73100.0,74000.0,12801
202601211315,74200.0,74400.0,73600.0,74200.0,7985
202601211330,74100.0,74800.0,73500.0,73800.0,10332
202601211345,73800.0,74500.0,73400.0,73600.0,7485
202601211400,73400.0,73700.0,72900.0,73300.0,7521
202601211415,73300.0,73700.0,73000.0,73300.0,4911
202601211430,73300.0,73800.0,73100.0,73300.0,5555
202601211445,73300.0,73700.0,72800.0,73000.0,11801
202601211500,73300.0,73800.0,73100.0,73200.0,4446
202601211515,73400.0,73500.0,73200.0,73500.0,4513
202601220900,75100.0,76600.0,73500.0,74000.0,18740
202601220915,73900.0,75500.0,73600.0,74100.0,9989
202601220930,74100.0,75200.0,73800.0,74400.0,10046
202601220945,74400.0,75400.0,73700.0,75300.0,5735
202601221000,75400.0,75400.0,75100.0,75200.0,3494
202601221015,75200.0,75500.0,73700.0,73700.0,4978
202601221030,73700.0,74100.0,73100.0,73200.0,5578
202601221045,73100.0,73200.0,72500.0,72600.0,8647
202601221100,72700.0,73800.0,72200.0,73400.0,5445
202601221115,73500.0,74400.0,73400.0,74000.0,2994
202601221130,74100.0,74500.0,73900.0,74300.0,2637
202601221145,74400.0,75500.0,74200.0,75150.0,3434
202601221200,75100.0,75600.0,74800.0,75200.0,3052
202601221215,75300.0,75500.0,74900.0,75300.0,2766
202601221230,75500.0,76000.0,74700.0,75800.0,5940
202601221245,75800.0,76000.0,75400.0,75700.0,3091
202601221300,75800.0,76100.0,75200.0,76000.0,4603
202601221315,75900.0,76100.0,75500.0,76100.0,5455
202601221330,76100.0,76200.0,75800.0,76000.0,4380
202601221345,76000.0,76200.0,75700.0,75900.0,4415
202601221400,75900.0,76000.0,75100.0,75400.0,3501
202601221415,75400.0,75500.0,75100.0,75300.0,4132
202601221430,75400.0,75500.0,74700.0,75000.0,4044
202601221445,75000.0,75500.0,74700.0,75100.0,4837
202601221500,75100.0,75100.0,74600.0,74900.0,3029
202601221515,74900.0,75400.0,74700.0,75400.0,2689
202601230900,74700.0,74800.0,73600.0,74500.0,6534
202601230915,74500.0,75200.0,74300.0,74500.0,6256
202601230930,74500.0,74800.0,74300.0,74500.0,3348
202601230945,74500.0,74800.0,73900.0,73900.0,1990
202601231000,74100.0,74400.0,73800.0,73800.0,3463
202601231015,73800.0,74100.0,72800.0,73700.0,8748
202601231030,73700.0,74100.0,73400.0,73800.0,2747
202601231045,73800.0,74000.0,73500.0,73800.0,2976
202601231100,73800.0,74200.0,72800.0,73100.0,4749
202601231115,73100.0,74100.0,73000.0,73800.0,4171
202601231130,73800.0,74000.0,73100.0,73400.0,2187
202601231145,73400.0,73400.0,73000.0,73000.0,1416
202601231200,73000.0,73700.0,72900.0,73000.0,2477
202601231215,73300.0,73600.0,72900.0,73100.0,2782
202601231230,73200.0,73400.0,72900.0,73400.0,1860
202601231245,73200.0,73900.0,73200.0,73700.0,2880
202601231300,73700.0,73800.0,72800.0,73400.0,6412
202601231315,73500.0,73800.0,72900.0,72900.0,2715
202601231330,72900.0,73300.0,71900.0,71900.0,6498
202601231345,71900.0,72500.0,71700.0,71900.0,7236
202601231400,72100.0,73100.0,71800.0,72600.0,6943
202601231415,72900.0,73100.0,72400.0,72500.0,5881
202601231430,72500.0,72900.0,72400.0,72800.0,4842
202601231445,72800.0,72900.0,72300.0,72400.0,4430
202601231500,72500.0,73300.0,72300.0,73100.0,3966
202601231515,73100.0,73400.0,73000.0,73200.0,4304
202601260900,74400.0,75000.0,73600.0,74700.0,9228
202601260915,74800.0,75000.0,74100.0,74600.0,6208
202601260930,74500.0,75000.0,74000.0,74200.0,5657
202601260945,74500.0,74700.0,72800.0,73100.0,6406
202601261000,73400.0,74700.0,73100.0,74500.0,3830
202601261015,74500.0,74700.0,73500.0,73900.0,5584
202601261030,73900.0,73900.0,72700.0,72800.0,9043
202601261045,72900.0,73400.0,71800.0,72000.0,10322
202601261100,72000.0,72700.0,71700.0,72300.0,6776
202601261115,72400.0,72400.0,71800.0,71800.0,4315
202601261130,71900.0,74300.0,71500.0,72300.0,13026
202601261145,72300.0,73200.0,71800.0,73200.0,7453
202601261200,73100.0,73900.0,73100.0,73500.0,3721
202601261215,73500.0,73800.0,73100.0,73600.0,4266
202601261230,73600.0,74300.0,73600.0,74200.0,4210
202601261245,74000.0,75000.0,74000.0,75000.0,8190
202601261300,75000.0,75100.0,73500.0,73900.0,5434
202601261315,73900.0,74800.0,73800.0,74400.0,4789
202601261330,74400.0,74400.0,73500.0,73700.0,4637
202601261345,73600.0,74300.0,73500.0,73800.0,7158
202601261400,73800.0,73900.0,73200.0,73600.0,3364
202601261415,73700.0,74000.0,73400.0,73800.0,3571
202601261430,73600.0,74200.0,73600.0,74200.0,2017
202601261445,74100.0,74800.0,74100.0,74500.0,8902
202601261500,74600.0,74700.0,74200.0,74700.0,7856
202601261515,74600.0,74900.0,74400.0,74900.0,6313
202601270900,74100.0,76200.0,73600.0,75500.0,21874
202601270915,75600.0,76100.0,74600.0,75100.0,10178
202601270930,75500.0,80000.0,74900.0,77500.0,20286
202601270945,77500.0,78200.0,76600.0,77600.0,11587
202601271000,77300.0,78500.0,76500.0,77000.0,14244
202601271015,77000.0,77500.0,75600.0,76200.0,7588
202601271030,76100.0,76700.0,75600.0,76100.0,2909
202601271045,76000.0,76200.0,75700.0,75800.0,1765
202601271100,75900.0,76700.0,75700.0,76200.0,1922
202601271115,76100.0,76400.0,75700.0,76100.0,1487
202601271130,76200.0,76600.0,75800.0,76300.0,2079
202601271145,76400.0,76500.0,76000.0,76100.0,3263
202601271200,76100.0,76500.0,76100.0,76100.0,1655
202601271215,76000.0,76200.0,75700.0,75900.0,4380
202601271230,75800.0,76400.0,75700.0,76200.0,1441
202601271245,76100.0,76400.0,75400.0,75800.0,3037
202601271300,75800.0,75900.0,75300.0,75500.0,2810
202601271315,75300.0,76000.0,74800.0,75900.0,7140
202601271330,76000.0,76100.0,75700.0,75800.0,3110
202601271345,75700.0,76700.0,75700.0,76400.0,3492
202601271400,76500.0,77900.0,76500.0,77200.0,3415
202601271415,77100.0,77500.0,76800.0,77000.0,4266
202601271430,77100.0,77100.0,76700.0,77100.0,4568
202601271445,77100.0,77100.0,76500.0,77000.0,5192
202601271500,77000.0,77900.0,76900.0,77300.0,6191
202601271515,77300.0,77900.0,77200.0,77800.0,4726
202601280900,79500.0,80600.0,78600.0,80200.0,13488
202601280915,80400.0,80500.0,79000.0,79400.0,6645
202601280930,79600.0,80400.0,79200.0,79500.0,7922
202601280945,79500.0,80500.0,78700.0,80400.0,5180
202601281000,80400.0,80500.0,79300.0,79700.0,3372
202601281015,79800.0,80100.0,79500.0,80100.0,2745
202601281030,80100.0,80400.0,79300.0,80200.0,3656
202601281045,80200.0,80900.0,79800.0,80100.0,6289
202601281100,80100.0,81000.0,80000.0,80700.0,3324
202601281115,80800.0,81500.0,80400.0,81400.0,9958
202601281130,81400.0,81400.0,80200.0,80900.0,8223
202601281145,80800.0,81600.0,80500.0,81600.0,8782
202601281200,81500.0,81900.0,81300.0,81800.0,7613
202601281215,81700.0,82100.0,81600.0,81900.0,4636
202601281230,81900.0,82500.0,81600.0,82400.0,6258
202601281245,82500.0,82600.0,80700.0,81700.0,10509
202601281300,81500.0,82500.0,81500.0,82000.0,5856
202601281315,82100.0,82300.0,81100.0,81600.0,12433
202601281330,81600.0,82000.0,81100.0,81400.0,3471
202601281345,81500.0,82300.0,81300.0,82100.0,3660
202601281400,82200.0,82200.0,81400.0,81700.0,3640
202601281415,81700.0,83000.0,81600.0,82000.0,13254
202601281430,81800.0,82700.0,81200.0,82500.0,6795
202601281445,82500.0,82700.0,81700.0,81900.0,7786
202601281500,81900.0,82500.0,81800.0,82300.0,8107
202601281515,82200.0,82600.0,81900.0,82600.0,4944
202601290900,84800.0,85000.0,78900.0,80900.0,36266
202601290915,81000.0,81000.0,77200.0,77500.0,26858
202601290930,77500.0,79300.0,75200.0,78200.0,33040
202601290945,78000.0,78400.0,76000.0,77400.0,17450
202601291000,77400.0,78100.0,75500.0,75500.0,14859
202601291015,75500.0,78000.0,75000.0,77900.0,15653
202601291030,77900.0,79900.0,77100.0,79100.0,12483
202601291045,79300.0,80900.0,79000.0,80900.0,11942
202601291100,80800.0,81500.0,79600.0,79600.0,12091
202601291115,79600.0,80500.0,79200.0,79600.0,6819
202601291130,79500.0,79700.0,79000.0,79600.0,4256
202601291145,79500.0,80200.0,79100.0,79600.0,3933
202601291200,79600.0,80200.0,79300.0,79800.0,3211
202601291215,79800.0,80500.0,79600.0,80300.0,3382
202601291230,80300.0,80400.0,78600.0,79800.0,5168
202601291245,79500.0,80100.0,79100.0,79900.0,4787
202601291300,79600.0,80100.0,79100.0,79500.0,4593
202601291315,79600.0,80200.0,79300.0,79700.0,4308
202601291330,79600.0,81500.0,78900.0,79900.0,7371
202601291345,80000.0,80200.0,79200.0,79500.0,4824
202601291400,79500.0,80200.0,78800.0,79700.0,6010
202601291415,79800.0,80200.0,79300.0,79300.0,5429
202601291430,79300.0,79600.0,79000.0,79300.0,6668
202601291445,79300.0,79700.0,79000.0,79600.0,7215
202601291500,79600.0,80400.0,79200.0,79700.0,10456
202601291515,79600.0,80100.0,79300.0,80000.0,4385
202601300900,80900.0,81500.0,80100.0,81400.0,11799
202601300915,81400.0,81700.0,80600.0,81200.0,12793
202601300930,81400.0,84500.0,81400.0,84200.0,23366
202601300945,84200.0,85200.0,83500.0,84600.0,20761
202601301000,84700.0,85400.0,84200.0,84300.0,12713
202601301015,84300.0,84600.0,83200.0,83200.0,8055
202601301030,83200.0,83200.0,80200.0,80300.0,12049
202601301045,80500.0,80900.0,79200.0,79700.0,12741
202601301100,80000.0,80700.0,79600.0,80000.0,8333
202601301115,79900.0,80300.0,78500.0,78700.0,10577
202601301130,78900.0,80100.0,78600.0,79800.0,6267
202601301145,79800.0,80400.0,79300.0,79900.0,5516
202601301200,79700.0,80500.0,79100.0,79500.0,6129
202601301215,79500.0,79800.0,78700.0,79500.0,7034
202601301230,79500.0,79800.0,78900.0,79100.0,4230
202601301245,79200.0,79600.0,78600.0,79000.0,5001
202601301300,79000.0,79800.0,78800.0,78800.0,5016
202601301315,78800.0,79300.0,78700.0,79000.0,4163
202601301330,79000.0,79600.0,78800.0,79600.0,4034
202601301345,79400.0,79800.0,79000.0,79300.0,5608
202601301400,79200.0,79900.0,79000.0,79000.0,6965
202601301415,79100.0,79400.0,78800.0,79200.0,6982
202601301430,79200.0,80000.0,79000.0,79000.0,6036
202601301445,79000.0,79100.0,78700.0,78900.0,8987
202601301500,78900.0,79700.0,78100.0,78500.0,12048
202601301515,78400.0,78700.0,78200.0,78300.0,7561
202602020900,76800.0,80200.0,76300.0,79500.0,11789
202602020915,79700.0,82400.0,79400.0,81100.0,14657
202602020930,81050.0,81900.0,79500.0,79900.0,6686
202602020945,80000.0,81100.0,79400.0,80800.0,7118
202602021000,80700.0,82600.0,79800.0,80300.0,11001
202602021015,80200.0,80700.0,79800.0,79900.0,7043
202602021030,79800.0,80500.0,79300.0,79400.0,6187
202602021045,79400.0,79700.0,78400.0,79200.0,11064
202602021100,79200.0,79300.0,78100.0,78100.0,5725
202602021115,78100.0,79700.0,77800.0,79500.0,6346
202602021130,79300.0,79600.0,78800.0,78800.0,4770
202602021145,78850.0,79300.0,78400.0,78700.0,3873
202602021200,78600.0,79400.0,78600.0,78700.0,2373
202602021215,78800.0,79000.0,77800.0,77900.0,5193
202602021230,78200.0,79000.0,77300.0,77700.0,6217
202602021245,77900.0,78300.0,77200.0,77800.0,5840
202602021300,77900.0,78300.0,76800.0,78200.0,6059
202602021315,78200.0,79400.0,78200.0,78900.0,7017
202602021330,78900.0,80000.0,78600.0,80000.0,5739
202602021345,80000.0,80200.0,78900.0,79100.0,6745
202602021400,79100.0,79400.0,78300.0,78500.0,4744
202602021415,78500.0,78800.0,77600.0,77800.0,4180
202602021430,77900.0,78400.0,77600.0,77900.0,4536
202602021445,77900.0,78200.0,77300.0,78000.0,10542
202602021500,77900.0,78000.0,77200.0,77600.0,6469
202602021515,77600.0,77800.0,77100.0,77500.0,3688
202602030900,81900.0,83500.0,77300.0,83500.0,19509
202602030915,83500.0,84100.0,82600.0,83200.0,21604
202602030930,83200.0,84400.0,82700.0,84100.0,12915
202602030945,84100.0,84700.0,83600.0,84000.0,14166
202602031000,83800.0,84800.0,83200.0,84700.0,10194
202602031015,84700.0,85800.0,84600.0,85400.0,16040
202602031030,85300.0,86000.0,85100.0,85400.0,9339
202602031045,85400.0,85800.0,84800.0,85200.0,9016
202602031100,85300.0,85900.0,85000.0,85700.0,13322
202602031115,85600.0,86000.0,85300.0,85700.0,5103
202602031130,85800.0,86200.0,85300.0,85700.0,9070
202602031145,85600.0,86200.0,85300.0,85700.0,7581
202602031200,85800.0,86300.0,85400.0,85800.0,6924
202602031215,85800.0,86400.0,85600.0,86200.0,5989
202602031230,86100.0,86500.0,85900.0,86100.0,7144
202602031245,86100.0,86500.0,85900.0,86400.0,6379
202602031300,86300.0,88100.0,86100.0,87300.0,36638
202602031315,87500.0,88000.0,87100.0,87800.0,9825
202602031330,87600.0,89000.0,87400.0,87700.0,20795
202602031345,87700.0,88700.0,87400.0,88100.0,13286
202602031400,88100.0,88400.0,86300.0,86600.0,11435
202602031415,86500.0,87100.0,86100.0,86800.0,6527
202602031430,86900.0,87600.0,86500.0,86600.0,6682
202602031445,86600.0,87700.0,86400.0,87300.0,8004
202602031500,87100.0,87500.0,86500.0,87300.0,7873
202602031515,87300.0,87600.0,87000.0,87600.0,4234
202602040900,85300.0,90000.0,84400.0,89500.0,24279
202602040915,89700.0,90500.0,86900.0,86900.0,19559
202602040930,86900.0,88200.0,86900.0,87700.0,4214
202602040945,87800.0,87900.0,86800.0,87200.0,3899
202602041000,87100.0,88300.0,84100.0,87000.0,7469
202602041015,87000.0,87200.0,86600.0,86700.0,1721
202602041030,86700.0,87600.0,86700.0,87000.0,2307
202602041045,87000.0,87600.0,86200.0,87600.0,1953
202602041100,87600.0,88200.0,87000.0,87000.0,4245
202602041115,87100.0,87300.0,86200.0,86200.0,2416
202602041130,86300.0,86700.0,86000.0,86500.0,2674
202602041145,86500.0,86500.0,85300.0,85500.0,3108
202602041200,85500.0,85900.0,84800.0,85400.0,3909
202602041215,85500.0,86000.0,85300.0,85900.0,1774
202602041230,85900.0,86200.0,85600.0,85800.0,2387
202602041245,85800.0,85800.0,85100.0,85200.0,1940
202602041300,85200.0,85500.0,84500.0,84600.0,2997
202602041315,84600.0,85000.0,83900.0,84500.0,6492
202602041330,84400.0,84800.0,84100.0,84600.0,4056
202602041345,84500.0,84900.0,84300.0,84400.0,2353
202602041400,84400.0,85000.0,84400.0,84600.0,2521
202602041415,84600.0,85700.0,84600.0,84800.0,4090
202602041430,84800.0,85100.0,84500.0,84600.0,3124
202602041445,84600.0,85000.0,84500.0,84700.0,2795
202602041500,84700.0,84900.0,84300.0,84800.0,3123
202602041515,84800.0,85300.0,84700.0,84800.0,2513
202602050900,82000.0,85700.0,81300.0,84300.0,8895
202602050915,84700.0,85700.0,84200.0,85700.0,8912
202602050930,85600.0,86300.0,84500.0,84600.0,6190
202602050945,84500.0,84800.0,83500.0,83900.0,2674
202602051000,83900.0,86400.0,83900.0,86300.0,9854
202602051015,86300.0,87000.0,85100.0,86900.0,7373
202602051030,87000.0,88000.0,86800.0,87500.0,9522
202602051045,87400.0,88900.0,87100.0,88200.0,13208
202602051100,88200.0,88400.0,86600.0,87400.0,10503
202602051115,87400.0,88000.0,86000.0,87600.0,7885
202602051130,87600.0,87900.0,86600.0,86600.0,8074
202602051145,87000.0,87100.0,85700.0,86400.0,7693
202602051200,86600.0,87400.0,85800.0,86700.0,7844
202602051215,86600.0,87700.0,85900.0,86700.0,6958
202602051230,86700.0,87700.0,86300.0,86900.0,4158
202602051245,86800.0,87500.0,86200.0,86900.0,8067
202602051300,87000.0,87400.0,86000.0,86600.0,5719
202602051315,86200.0,87300.0,85900.0,86700.0,11385
202602051330,86900.0,87500.0,86400.0,86700.0,6056
202602051345,86700.0,88100.0,86400.0,87900.0,5999
202602051400,87900.0,88300.0,86700.0,87200.0,5858
202602051415,87200.0,87700.0,86300.0,87400.0,3638
202602051430,87400.0,88000.0,86500.0,86600.0,7478
202602051445,86600.0,86800.0,85500.0,86400.0,8370
202602051500,86300.0,86500.0,85600.0,85900.0,4775
202602051515,86100.0,86600.0,85800.0,86500.0,2342
202602060900,83400.0,87900.0,82200.0,86000.0,19949
202602060915,86000.0,88500.0,85500.0,87800.0,20323
202602060930,87800.0,89800.0,87200.0,89800.0,18165
202602060945,89700.0,92300.0,89100.0,92300.0,24778
202602061000,92300.0,92300.0,89000.0,89200.0,14862
202602061015,89500.0,89900.0,88300.0,88600.0,9126
202602061030,88700.0,89800.0,88100.0,89000.0,6540
202602061045,89000.0,90400.0,88700.0,90100.0,5318
202602061100,90200.0,91800.0,90100.0,91800.0,11773
202602061115,91800.0,92000.0,90900.0,92000.0,9522
202602061130,91900.0,92500.0,91500.0,92300.0,5978
202602061145,92400.0,92500.0,90900.0,92100.0,4101
202602061200,91600.0,91800.0,90400.0,90500.0,2265
202602061215,90500.0,91600.0,90000.0,91600.0,6032
202602061230,91600.0,91600.0,90000.0,90600.0,3282
202602061245,90500.0,91300.0,90300.0,90500.0,3262
202602061300,90700.0,91100.0,90000.0,90700.0,2365
202602061315,90700.0,91100.0,89700.0,89800.0,3689
202602061330,89800.0,90100.0,88900.0,89700.0,9695
202602061345,89700.0,90600.0,88800.0,89500.0,6948
202602061400,89500.0,89900.0,88000.0,88800.0,6350
202602061415,88800.0,89300.0,87900.0,89000.0,8226
202602061430,89100.0,90000.0,89100.0,89600.0,3784
202602061445,89700.0,90200.0,88200.0,89900.0,7102
202602061500,89300.0,90300.0,88900.0,89300.0,4069
202602061515,89300.0,89800.0,89300.0,89800.0,2883
202602090900,93300.0,95000.0,92300.0,94300.0,14657
202602090915,94200.0,94700.0,92800.0,93700.0,8120
202602090930,93600.0,94200.0,91600.0,91800.0,15932
202602090945,91900.0,92300.0,90000.0,90300.0,8393
202602091000,90200.0,90300.0,88200.0,89200.0,12660
202602091015,89300.0,89300.0,87300.0,87700.0,13702
202602091030,87800.0,89200.0,87600.0,88800.0,7677
202602091045,88700.0,89400.0,88300.0,89000.0,4175
202602091100,89100.0,89200.0,88200.0,88500.0,5010
202602091115,88500.0,89200.0,88300.0,89000.0,5252
202602091130,89000.0,90000.0,88800.0,89700.0,4514
202602091145,89700.0,90300.0,89600.0,89800.0,4962
202602091200,90000.0,90800.0,89600.0,90200.0,4723
202602091215,90200.0,90800.0,89800.0,90200.0,3415
202602091230,90000.0,90600.0,89700.0,90000.0,3111
202602091245,90000.0,90500.0,89700.0,89700.0,2656
202602091300,89700.0,90100.0,88900.0,89000.0,5546
202602091315,89000.0,89700.0,88500.0,89100.0,7616
202602091330,89000.0,89300.0,88300.0,89000.0,6316
202602091345,89000.0,89700.0,88400.0,88900.0,6409
202602091400,89000.0,89600.0,88400.0,88500.0,7252
202602091415,88900.0,89100.0,88200.0,88700.0,5497
202602091430,88700.0,89800.0,88400.0,89400.0,7662
202602091445,89300.0,90900.0,89200.0,89800.0,7763
202602091500,89900.0,90300.0,89600.0,89800.0,5538
202602091515,89800.0,89900.0,89600.0,89700.0,3214
202602100900,91500.0,93600.0,90700.0,92700.0,11668
202602100915,92700.0,92900.0,90400.0,91700.0,10227
202602100930,91700.0,91700.0,89500.0,89600.0,5916
202602100945,89600.0,90000.0,89000.0,89400.0,2665
202602101000,89500.0,90000.0,89000.0,89300.0,4156
202602101015,89500.0,89600.0,87400.0,87900.0,10967
202602101030,87900.0,89200.0,86900.0,88500.0,7807
202602101045,88500.0,89500.0,87100.0,87700.0,9262
202602101100,88000.0,89300.0,87600.0,88200.0,3278
202602101115,88200.0,89400.0,87700.0,88300.0,2833
202602101130,88300.0,88900.0,87600.0,87800.0,2458
202602101145,87900.0,88800.0,87500.0,87900.0,2604
202602101200,88000.0,88900.0,87700.0,88000.0,2807
202602101215,88000.0,88300.0,87000.0,87300.0,4506
202602101230,87300.0,88300.0,87300.0,87800.0,3140
202602101245,87800.0,88100.0,87200.0,87300.0,3155
202602101300,87300.0,88200.0,87200.0,87900.0,2279
202602101315,87600.0,88800.0,87500.0,87900.0,5607
202602101330,87900.0,88600.0,87800.0,88000.0,2704
202602101345,87900.0,88300.0,87200.0,87800.0,4346
202602101400,87800.0,88300.0,87200.0,87400.0,2689
202602101415,87500.0,87700.0,87000.0,87300.0,2586
202602101430,87300.0,88300.0,87300.0,88100.0,1912
202602101445,88100.0,88700.0,87800.0,88500.0,2439
202602101500,88400.0,89000.0,88100.0,88100.0,2843
202602101515,88300.0,88500.0,88000.0,88300.0,2510
202602110900,86900.0,87100.0,83900.0,84100.0,10495
202602110915,84000.0,85200.0,83900.0,84900.0,6323
202602110930,85000.0,85200.0,83900.0,85000.0,2918
202602110945,85000.0,85800.0,84500.0,85100.0,2552
202602111000,85200.0,85400.0,84600.0,85200.0,2158
202602111015,85200.0,86200.0,85100.0,86100.0,2657
202602111030,86000.0,88400.0,85900.0,87900.0,5368
202602111045,87900.0,88300.0,87500.0,87900.0,2118
202602111100,87900.0,88300.0,87600.0,88200.0,3163
202602111115,88100.0,88400.0,87800.0,87900.0,2205
202602111130,87900.0,88000.0,87300.0,87900.0,2513
202602111145,87800.0,88000.0,87600.0,87900.0,1618
202602111200,87900.0,88200.0,87500.0,87700.0,1742
202602111215,87600.0,88000.0,87500.0,87800.0,2401
202602111230,87900.0,87900.0,87100.0,87300.0,2534
202602111245,87300.0,87700.0,86000.0,87300.0,4313
202602111300,87200.0,87800.0,86800.0,87800.0,2400
202602111315,87700.0,87800.0,87100.0,87500.0,2389
202602111330,87500.0,87700.0,86800.0,87200.0,1810
202602111345,87200.0,87600.0,86600.0,87100.0,5628
202602111400,87200.0,87700.0,86800.0,87200.0,2380
202602111415,87200.0,87400.0,86700.0,87100.0,2160
202602111430,87100.0,87700.0,86900.0,87200.0,4009
202602111445,87100.0,87400.0,86500.0,86800.0,2578
202602111500,86700.0,87300.0,86400.0,86500.0,2736
202602111515,86400.0,87200.0,86300.0,87100.0,3088
202602120900,89200.0,89800.0,87500.0,89500.0,4019
202602120915,89600.0,90400.0,88300.0,88700.0,6042
202602120930,88700.0,89100.0,87700.0,88600.0,4634
202602120945,88600.0,88600.0,87700.0,87900.0,1838
202602121000,87900.0,87900.0,86500.0,86700.0,4629
202602121015,86800.0,87000.0,86300.0,86700.0,1812
202602121030,86700.0,87200.0,85900.0,85900.0,1700
202602121045,85900.0,87200.0,85900.0,87100.0,1919
202602121100,87200.0,87200.0,86300.0,86300.0,2967
202602121115,86300.0,86900.0,86200.0,86400.0,745
202602121130,86500.0,87000.0,86200.0,86500.0,1395
202602121145,86500.0,86700.0,85500.0,86300.0,2967
202602121200,86100.0,86800.0,86100.0,86500.0,781
202602121215,86600.0,86700.0,86100.0,86200.0,503
202602121230,86100.0,86300.0,86000.0,86200.0,1052
202602121245,86200.0,86600.0,86000.0,86600.0,1214
202602121300,86100.0,87000.0,85700.0,85900.0,1885
202602121315,85900.0,86500.0,85500.0,85900.0,3340
202602121330,85900.0,86100.0,85300.0,85300.0,3219
202602121345,85400.0,85600.0,84700.0,85100.0,4018
202602121400,85100.0,86000.0,84700.0,85500.0,2423
202602121415,85500.0,86400.0,85500.0,86100.0,2787
202602121430,86000.0,86300.0,85600.0,85900.0,2385
202602121445,85700.0,86000.0,85100.0,85300.0,5294
202602121500,85300.0,86000.0,85000.0,85800.0,5011
202602121515,85800.0,86400.0,85600.0,86100.0,2588
202602130900,85100.0,87800.0,85100.0,87000.0,4819
202602130915,87000.0,87300.0,84700.0,84900.0,7255
202602130930,85200.0,86600.0,84900.0,85500.0,3111
202602130945,85600.0,86000.0,84900.0,86000.0,1381
202602131000,85600.0,85900.0,85100.0,85800.0,1409
202602131015,85900.0,86100.0,85400.0,85400.0,902
202602131030,85500.0,86100.0,85400.0,86000.0,874
202602131045,86000.0,86600.0,85600.0,85800.0,1209
202602131100,85900.0,86500.0,85800.0,86100.0,1014
202602131115,86100.0,86200.0,85500.0,85800.0,1055
202602131130,85700.0,85900.0,85400.0,85500.0,790
202602131145,85500.0,85800.0,84850.0,85200.0,1986
202602131200,85200.0,85500.0,85000.0,85200.0,821
202602131215,85200.0,85500.0,84900.0,85100.0,1036
202602131230,85100.0,85700.0,85000.0,85100.0,942
202602131245,85100.0,85600.0,84900.0,85300.0,827
202602131300,85300.0,86100.0,85000.0,86100.0,1007
202602131315,86100.0,86400.0,85800.0,86100.0,3149
202602131330,86300.0,86800.0,86000.0,86700.0,1817
202602131345,86600.0,87000.0,86300.0,86400.0,1952
202602131400,86300.0,87400.0,86100.0,86600.0,3300
202602131415,86700.0,87200.0,86700.0,87000.0,2320
202602131430,87000.0,87200.0,86800.0,87000.0,3587
202602131445,87000.0,87100.0,86100.0,86200.0,3858
202602131500,86100.0,86800.0,85900.0,86700.0,1319
202602131515,86700.0,87300.0,86600.0,87000.0,1375
202602190900,90700.0,91900.0,89100.0,91400.0,11009
202602190915,91300.0,91400.0,88500.0,90300.0,5875
202602190930,90300.0,90600.0,89100.0,89600.0,2367
202602190945,89600.0,89800.0,88100.0,89300.0,4626
202602191000,89300.0,91900.0,89300.0,91800.0,7059
202602191015,91800.0,92900.0,91100.0,91900.0,7516
202602191030,91900.0,94000.0,91400.0,93300.0,15861
202602191045,93300.0,93700.0,92200.0,93400.0,4983
202602191100,93400.0,94400.0,93200.0,94300.0,7312
202602191115,94200.0,94400.0,93700.0,94300.0,4249
202602191130,94300.0,94500.0,93700.0,94400.0,3531
202602191145,94500.0,94800.0,94100.0,94800.0,3241
202602191200,94600.0,95000.0,94200.0,94500.0,3863
202602191215,94300.0,95000.0,94200.0,95000.0,3132
202602191230,95000.0,95200.0,94600.0,94900.0,5397
202602191245,95000.0,95000.0,94200.0,94500.0,3366
202602191300,94400.0,94800.0,93400.0,94100.0,3392
202602191315,94200.0,94700.0,93800.0,94200.0,3133
202602191330,94100.0,95200.0,94100.0,94900.0,8988
202602191345,95000.0,95800.0,94800.0,95500.0,7130
202602191400,95400.0,96200.0,95300.0,95500.0,5984
202602191415,95600.0,95700.0,95000.0,95100.0,5289
202602191430,95300.0,95600.0,94700.0,95300.0,5706
202602191445,95300.0,95900.0,95100.0,95900.0,6068
202602191500,95900.0,96000.0,95100.0,95200.0,6323
202602191515,95200.0,95500.0,95000.0,95300.0,2261
202602200900,94200.0,95200.0,93500.0,94500.0,3936
202602200915,94500.0,95300.0,93600.0,93800.0,4770
202602200930,93900.0,94000.0,92300.0,92600.0,4214
202602200945,92600.0,92600.0,91500.0,92500.0,5156
202602201000,92500.0,92800.0,92000.0,92400.0,2430
202602201015,92300.0,93100.0,91900.0,92800.0,2575
202602201030,92800.0,93500.0,92800.0,93000.0,1185
202602201045,93100.0,93700.0,92600.0,92800.0,2016
202602201100,92600.0,93000.0,92300.0,92300.0,2008
202602201115,92300.0,92900.0,92100.0,92300.0,1637
202602201130,92400.0,92900.0,91700.0,91700.0,1964
202602201145,91800.0,92200.0,90800.0,90800.0,6442
202602201200,90800.0,91100.0,90400.0,90600.0,3836
202602201215,90500.0,91000.0,90500.0,90500.0,2373
202602201230,90500.0,90850.0,90500.0,90700.0,2244
202602201245,90700.0,91200.0,90500.0,91000.0,1231
202602201300,91000.0,91200.0,90100.0,90100.0,3692
202602201315,90200.0,91500.0,90000.0,91000.0,3926
202602201330,90900.0,91900.0,90500.0,91400.0,3834
202602201345,91500.0,92000.0,91300.0,91600.0,2529
202602201400,91600.0,91800.0,90700.0,90900.0,1953
202602201415,90800.0,91200.0,90500.0,90900.0,2486
202602201430,91000.0,91100.0,90600.0,90900.0,2384
202602201445,90800.0,91100.0,90400.0,91000.0,2998
202602201500,91100.0,91200.0,90700.0,90800.0,1872
202602201515,90800.0,91200.0,90700.0,90800.0,2110
202602230900,92400.0,92700.0,91000.0,91400.0,7174
202602230915,91400.0,92100.0,89200.0,90500.0,9810
202602230930,90600.0,92000.0,90000.0,90000.0,3338
202602230945,90100.0,91100.0,89900.0,90400.0,2726
202602231000,90300.0,91100.0,90100.0,90500.0,1766
202602231015,90700.0,91000.0,90200.0,91000.0,1632
202602231030,91000.0,91100.0,90400.0,90500.0,2396
202602231045,90500.0,90800.0,90100.0,90300.0,1321
202602231100,90300.0,91100.0,89700.0,90000.0,2455
202602231115,90500.0,90500.0,89500.0,89900.0,2365
202602231130,89800.0,90400.0,89600.0,90000.0,1731
202602231145,90000.0,90700.0,90000.0,90600.0,1299
202602231200,90300.0,91100.0,90200.0,90700.0,1278
202602231215,90700.0,91000.0,90100.0,90600.0,1722
202602231230,90600.0,90900.0,90300.0,90400.0,1227
202602231245,90400.0,90500.0,89800.0,89900.0,1450
202602231300,89900.0,90700.0,89800.0,90100.0,1700
202602231315,90200.0,90700.0,89800.0,90200.0,1707
202602231330,90600.0,90600.0,89900.0,90100.0,1692
202602231345,90100.0,90500.0,89800.0,89900.0,1587
202602231400,89900.0,90500.0,89400.0,89400.0,2495
202602231415,89400.0,89700.0,88200.0,88800.0,5087
202602231430,89200.0,89400.0,88200.0,89100.0,1776
202602231445,89100.0,89500.0,88900.0,89100.0,1618
202602231500,89200.0,89600.0,88800.0,89100.0,1985
202602231515,89200.0,89300.0,88600.0,88800.0,2257
202602240900,89500.0,91900.0,89000.0,91000.0,5361
202602240915,90900.0,92600.0,90400.0,92500.0,5000
202602240930,92500.0,94200.0,91300.0,94000.0,10472
202602240945,94000.0,97600.0,93400.0,97600.0,21415
202602241000,97700.0,98100.0,96300.0,97500.0,13193
202602241015,97300.0,97400.0,95700.0,96200.0,5367
202602241030,96200.0,96500.0,95000.0,95000.0,4834
202602241045,95100.0,95200.0,94500.0,95000.0,2702
202602241100,95000.0,95100.0,93900.0,94400.0,4638
202602241115,94100.0,95000.0,93800.0,94550.0,2458
202602241130,94400.0,95500.0,94200.0,95200.0,4256
202602241145,95200.0,95800.0,95100.0,95200.0,2010
202602241200,95200.0,96000.0,95200.0,95600.0,1709
202602241215,95800.0,95800.0,95000.0,95000.0,2278
202602241230,94900.0,95700.0,94900.0,95200.0,2090
202602241245,95500.0,95900.0,95200.0,95600.0,2224
202602241300,95600.0,96000.0,95400.0,95400.0,2783
202602241315,95400.0,95500.0,94700.0,95100.0,2570
202602241330,95100.0,95400.0,94900.0,95000.0,1449
202602241345,95000.0,95100.0,94200.0,94600.0,2926
202602241400,94800.0,94900.0,94300.0,94600.0,1448
202602241415,94500.0,94700.0,93800.0,93800.0,3668
202602241430,94000.0,94500.0,93600.0,93800.0,4137
202602241445,93800.0,94000.0,93500.0,93700.0,4304
202602241500,93700.0,94000.0,93500.0,93500.0,3862
202602241515,93600.0,94400.0,93500.0,94000.0,2549
202602250900,95100.0,96500.0,93500.0,93900.0,16585
202602250915,93800.0,94600.0,93100.0,93500.0,5716
202602250930,93500.0,94100.0,92900.0,93500.0,3469
202602250945,93500.0,94000.0,92600.0,93700.0,3335
202602251000,93200.0,93700.0,93000.0,93100.0,1078
202602251015,93100.0,94000.0,92900.0,93500.0,2169
202602251030,93800.0,94300.0,93400.0,94300.0,1005
202602251045,94200.0,95100.0,94000.0,94300.0,2218
202602251100,94200.0,94900.0,93300.0,93300.0,3510
202602251115,93400.0,93600.0,92700.0,93100.0,2284
202602251130,93100.0,93300.0,92800.0,93000.0,2000
202602251145,93000.0,94000.0,92900.0,93800.0,2223
202602251200,93900.0,94100.0,92700.0,93500.0,3346
202602251215,93600.0,93900.0,93400.0,93600.0,1296
202602251230,93600.0,94000.0,92900.0,93800.0,1689
202602251245,93700.0,93900.0,92900.0,93300.0,1205
202602251300,93500.0,93700.0,92700.0,92800.0,1693
202602251315,92700.0,93200.0,92300.0,92400.0,3111
202602251330,92300.0,92600.0,92200.0,92400.0,1662
202602251345,92400.0,93000.0,92000.0,92300.0,2855
202602251400,92300.0,93000.0,91900.0,91900.0,2891
202602251415,91900.0,92300.0,91000.0,91400.0,10871
202602251430,91400.0,91500.0,90600.0,91100.0,7692
202602251445,91100.0,91200.0,90600.0,91200.0,5055
202602251500,91100.0,92000.0,90800.0,92000.0,2573
202602251515,91600.0,92100.0,91300.0,92000.0,2781
202602260900,91800.0,94700.0,90700.0,93700.0,10235
202602260915,93600.0,93600.0,92000.0,92400.0,4008
202602260930,92400.0,93100.0,92100.0,92700.0,2692
202602260945,92700.0,93400.0,92300.0,92600.0,1781
202602261000,92700.0,93500.0,92700.0,93400.0,1376
202602261015,93400.0,93400.0,92600.0,92800.0,1777
202602261030,92800.0,93300.0,92700.0,93000.0,1178
202602261045,93000.0,93200.0,92700.0,93200.0,1650
202602261100,93300.0,93300.0,92700.0,92900.0,1643
202602261115,92900.0,93400.0,92400.0,93200.0,1207
202602261130,93200.0,94100.0,92800.0,94100.0,2628
202602261145,94100.0,94400.0,93700.0,94000.0,2418
202602261200,94100.0,94200.0,93300.0,93600.0,1366
202602261215,93600.0,94000.0,93200.0,93500.0,1448
202602261230,93400.0,93800.0,93000.0,93700.0,2504
202602261245,93600.0,93900.0,93400.0,93800.0,1819
202602261300,93600.0,94300.0,93600.0,94100.0,3032
202602261315,94100.0,94800.0,94000.0,94700.0,2344
202602261330,94600.0,94900.0,94200.0,94600.0,2537
202602261345,94700.0,95000.0,93800.0,93800.0,3073
202602261400,93800.0,94200.0,92900.0,93600.0,4245
202602261415,93600.0,94100.0,92800.0,93600.0,3872
202602261430,93600.0,93700.0,92400.0,92900.0,3208
202602261445,92800.0,93300.0,92000.0,92900.0,6321
202602261500,92900.0,93400.0,92400.0,93300.0,3913
202602261515,92900.0,93200.0,92700.0,93200.0,1681
202602270900,89800.0,90900.0,88200.0,88800.0,24733
202602270915,88800.0,89300.0,86500.0,87200.0,21759
202602270930,87300.0,87400.0,84100.0,84200.0,27703
202602270945,84300.0,86700.0,84000.0,86400.0,19953
202602271000,86500.0,86700.0,85300.0,86100.0,7952
202602271015,86100.0,86300.0,85000.0,85000.0,8447
202602271030,85100.0,86400.0,85000.0,86300.0,6945
202602271045,86300.0,87200.0,86000.0,86600.0,7546
202602271100,86600.0,87000.0,85800.0,86600.0,8310
202602271115,86600.0,87100.0,86000.0,87000.0,7980
202602271130,86900.0,87200.0,86400.0,87100.0,6522
202602271145,87100.0,87700.0,86700.0,87400.0,8236
202602271200,87400.0,87700.0,86900.0,87200.0,6178
202602271215,87200.0,87400.0,86400.0,86700.0,6143
202602271230,86800.0,86900.0,85600.0,85700.0,9291
202602271245,85800.0,86500.0,85300.0,86300.0,9994
202602271300,86300.0,86400.0,85500.0,85900.0,8275
202602271315,85900.0,86300.0,85500.0,85900.0,8214
202602271330,86000.0,86300.0,85600.0,86000.0,7515
202602271345,85900.0,86100.0,85500.0,85600.0,8624
202602271400,85700.0,86400.0,85500.0,86000.0,9557
202602271415,86000.0,87800.0,85700.0,87800.0,13989
202602271430,87900.0,88300.0,86800.0,88000.0,18200
202602271445,88100.0,88200.0,86800.0,87200.0,14534
202602271500,87200.0,87800.0,86800.0,87400.0,12650
202602271515,87500.0,87800.0,87000.0,87000.0,4265
202603030900,85300.0,88300.0,83000.0,86900.0,8617
202603030915,86900.0,88900.0,86700.0,88500.0,13080
202603030930,88400.0,89700.0,87500.0,89600.0,7924
202603030945,89500.0,91500.0,89300.0,90900.0,9792
202603031000,90900.0,92700.0,90600.0,91900.0,6621
202603031015,91900.0,93000.0,91700.0,93000.0,11157
202603031030,93000.0,94600.0,92900.0,93800.0,10766
202603031045,93900.0,94300.0,92400.0,92400.0,7056
202603031100,92400.0,92500.0,91200.0,91200.0,8628
202603031115,91200.0,91900.0,89600.0,91900.0,6674
202603031130,91900.0,92300.0,91400.0,92000.0,2671
202603031145,92000.0,92100.0,90100.0,91100.0,3760
202603031200,91000.0,91100.0,86100.0,90200.0,4979
202603031215,90100.0,90800.0,89200.0,89500.0,3763
202603031230,89400.0,90700.0,88800.0,90600.0,3247
202603031245,90600.0,91000.0,90000.0,90700.0,1784
202603031300,90700.0,91200.0,90000.0,90400.0,2204
202603031315,90400.0,90700.0,89900.0,90500.0,2876
202603031330,90700.0,91000.0,90000.0,90400.0,2505
202603031345,90400.0,90500.0,89400.0,90100.0,3756
202603031400,90100.0,91000.0,89600.0,90100.0,3738
202603031415,90600.0,90900.0,90000.0,90700.0,2583
202603031430,90700.0,90900.0,89900.0,90300.0,6643
202603031445,90000.0,90100.0,89200.0,89800.0,5563
202603031500,89600.0,89800.0,87800.0,88500.0,7971
202603031515,88400.0,88900.0,88100.0,88200.0,3240
202603040900,85500.0,89800.0,83500.0,89700.0,16765
202603040915,89700.0,92400.0,89000.0,90600.0,18591
202603040930,91100.0,92300.0,87700.0,90000.0,16093
202603040945,90000.0,93700.0,89800.0,93000.0,13753
202603041000,93000.0,93300.0,90600.0,91500.0,14096
202603041015,91500.0,91700.0,89600.0,90000.0,7014
202603041030,90000.0,90900.0,89400.0,90100.0,8585
202603041045,90100.0,90100.0,89000.0,89500.0,5745
202603041100,89500.0,89500.0,87900.0,88500.0,5931
202603041115,88500.0,89100.0,88300.0,88900.0,258
202603041145,89500.0,89900.0,85500.0,87200.0,11619
202603041200,87300.0,88800.0,85200.0,86200.0,9168
202603041215,86200.0,87500.0,83900.0,84300.0,8587
202603041230,84400.0,87000.0,82800.0,87000.0,8784
202603041245,87000.0,89800.0,86200.0,89100.0,8771
202603041300,88600.0,90200.0,88000.0,89400.0,8946
202603041315,89300.0,89400.0,86500.0,86700.0,8999
202603041330,86700.0,87700.0,85600.0,87500.0,7649
202603041345,87500.0,87600.0,86100.0,87000.0,5391
202603041400,87000.0,87000.0,84400.0,85400.0,7944
202603041415,85500.0,85500.0,83800.0,83900.0,6404
202603041430,84000.0,85900.0,83300.0,85200.0,7649
202603041445,85300.0,87100.0,84900.0,84900.0,8374
202603041500,84900.0,85200.0,83400.0,83600.0,4805
202603041515,83600.0,85200.0,83100.0,83900.0,3188
202603050900,88600.0,91100.0,85500.0,88600.0,11646
202603050915,88700.0,91600.0,88300.0,90700.0,6453
202603050930,91100.0,92000.0,88900.0,91500.0,7666
202603050945,91100.0,91600.0,90100.0,91100.0,3705
202603051000,91100.0,91300.0,87900.0,91200.0,3708
202603051015,91000.0,93800.0,90300.0,93100.0,7024
202603051030,93100.0,93200.0,91300.0,91500.0,4538
202603051045,91900.0,92800.0,90900.0,92200.0,4901
202603051100,91800.0,92900.0,91700.0,92500.0,3187
202603051115,92700.0,93300.0,92500.0,92700.0,4357
202603051130,92700.0,95000.0,92700.0,95000.0,4883
202603051145,95000.0,95500.0,93600.0,95300.0,4981
202603051200,95300.0,96500.0,95100.0,96500.0,5268
202603051215,96500.0,97100.0,95600.0,96000.0,6288
202603051230,96100.0,97600.0,95500.0,96400.0,7171
202603051245,96400.0,96900.0,95100.0,96300.0,2711
202603051300,96400.0,96500.0,95000.0,96500.0,2826
202603051315,96500.0,96900.0,96100.0,96600.0,3000
202603051330,96700.0,97600.0,96400.0,97500.0,5465
202603051345,97500.0,97800.0,97000.0,97800.0,6875
202603051400,97700.0,99200.0,97500.0,98300.0,14120
202603051415,98500.0,99200.0,97700.0,98100.0,4624
202603051430,98000.0,98800.0,97500.0,98300.0,5501
202603051445,98400.0,99000.0,97000.0,97500.0,8367
202603051500,97500.0,97600.0,94800.0,95700.0,10633
202603051515,95700.0,96800.0,95500.0,96800.0,2129
202603060900,96600.0,105000.0,96600.0,98100.0,20605
202603060915,98100.0,100600.0,98000.0,99500.0,8049
202603060930,99500.0,101600.0,97400.0,101600.0,8041
202603060945,101600.0,103500.0,100400.0,101000.0,16907
202603061000,101000.0,102900.0,100400.0,101700.0,5173
202603061015,101300.0,101600.0,98500.0,100400.0,11665
202603061030,100100.0,104400.0,100100.0,103300.0,8423
202603061045,103300.0,104900.0,101800.0,104700.0,7354
202603061100,104700.0,105000.0,103600.0,104400.0,13041
202603061115,104100.0,104700.0,103400.0,103900.0,4427
202603061130,103800.0,104200.0,103400.0,103700.0,3035
202603061145,104000.0,104300.0,103500.0,104300.0,1907
202603061200,104200.0,104600.0,103600.0,103600.0,3256
202603061215,103700.0,104000.0,103400.0,103700.0,1372
202603061230,103700.0,104100.0,103200.0,103900.0,1429
202603061245,103800.0,105000.0,103200.0,104700.0,4901
202603061300,104800.0,106800.0,104400.0,105900.0,10140
202603061315,105800.0,107000.0,104800.0,105000.0,10287
202603061330,104900.0,105800.0,104800.0,105700.0,3004
202603061345,105700.0,106300.0,105000.0,105500.0,3514
202603061400,105800.0,106000.0,105300.0,105700.0,2599
202603061415,105700.0,106400.0,105400.0,106400.0,3706
202603061430,106300.0,107000.0,105400.0,106800.0,5336
202603061445,106800.0,107200.0,105800.0,106100.0,11026
202603061500,106200.0,107000.0,105700.0,106300.0,11615
202603061515,106300.0,106600.0,106000.0,106100.0,5326
202603090900,97000.0,100800.0,96200.0,97600.0,11345
202603090915,97600.0,97600.0,95900.0,96600.0,8064
202603090930,96300.0,98600.0,96200.0,97000.0,8682
202603090945,97100.0,97200.0,96100.0,97100.0,5124
202603091000,96700.0,97400.0,95400.0,96200.0,5612
202603091015,96300.0,97200.0,95300.0,95300.0,3396
202603091030,95300.0,95600.0,94600.0,94900.0,3270
202603091045,94800.0,94900.0,94000.0,94600.0,5808
202603091100,94800.0,97300.0,94500.0,96300.0,12036
202603091115,96200.0,96700.0,95700.0,95900.0,2587
202603091130,96000.0,97200.0,95900.0,96700.0,1879
202603091145,96700.0,97800.0,96100.0,96300.0,3927
202603091200,96300.0,97300.0,96100.0,97300.0,1798
202603091215,97200.0,97700.0,96400.0,96400.0,1926
202603091230,96400.0,97300.0,95800.0,95900.0,1747
202603091245,96000.0,96600.0,95900.0,96300.0,1422
202603091300,96200.0,96400.0,95400.0,95900.0,2055
202603091315,95900.0,96300.0,95100.0,96200.0,1482
202603091330,95700.0,96300.0,94900.0,95200.0,2313
202603091345,95200.0,95900.0,95000.0,95100.0,1907
202603091400,95100.0,96800.0,95000.0,95800.0,3123
202603091415,95800.0,97900.0,95100.0,97200.0,3656
202603091430,97100.0,98200.0,97000.0,97400.0,4631
202603091445,97600.0,98200.0,97100.0,98100.0,4008
202603091500,98100.0,98100.0,96700.0,97700.0,4355
202603091515,97700.0,98200.0,97200.0,97500.0,5817
202603100900,102600.0,105000.0,99200.0,99200.0,14020
202603100915,99100.0,99800.0,98000.0,99800.0,7652
202603100930,99800.0,100900.0,99500.0,100600.0,2264
202603100945,100600.0,100700.0,98300.0,99500.0,4405
202603101000,99500.0,99900.0,98400.0,98900.0,5221
202603101015,98800.0,102000.0,98600.0,100400.0,6864
202603101030,100400.0,100500.0,99200.0,99500.0,1913
202603101045,99700.0,101800.0,99400.0,100900.0,1777
202603101100,101300.0,101900.0,100800.0,101500.0,2674
202603101115,101500.0,102700.0,101200.0,102200.0,1842
202603101130,102100.0,102400.0,100800.0,101300.0,1793
202603101145,101400.0,101400.0,100100.0,100700.0,1460
202603101200,100800.0,101400.0,99800.0,100200.0,1821
202603101215,99800.0,101200.0,99500.0,99500.0,1809
202603101230,99500.0,99800.0,98200.0,98200.0,4571
202603101245,98400.0,99600.0,97900.0,98200.0,3796
202603101300,98200.0,99100.0,97900.0,98500.0,1628
202603101315,98500.0,99700.0,98300.0,99300.0,1564
202603101330,99100.0,99600.0,98500.0,99100.0,1292
202603101345,99200.0,99500.0,98300.0,99200.0,1210
202603101400,99300.0,99500.0,98700.0,99200.0,1381
202603101415,99200.0,99700.0,99100.0,99600.0,2053
202603101430,99700.0,100000.0,98500.0,98500.0,2742
202603101445,98500.0,99800.0,98300.0,99000.0,4814
202603101500,99000.0,99500.0,98200.0,98900.0,6143
202603101515,99100.0,99300.0,98800.0,99000.0,1621
202603110900,100000.0,100900.0,95000.0,96900.0,8275
202603110915,96800.0,97100.0,95200.0,96400.0,8590
202603110930,96400.0,97800.0,95800.0,97200.0,5539
202603110945,97200.0,99100.0,96300.0,98900.0,5976
202603111000,98800.0,99600.0,98400.0,98700.0,2978
202603111015,98700.0,100400.0,98200.0,100200.0,3946
202603111030,100100.0,100900.0,99900.0,100600.0,3190
202603111045,100700.0,101800.0,100100.0,101000.0,3971
202603111100,101000.0,101700.0,100700.0,101300.0,2365
202603111115,101300.0,103000.0,100700.0,101900.0,7872
202603111130,102000.0,102600.0,101900.0,102100.0,1415
202603111145,102100.0,102400.0,101500.0,102100.0,2798
202603111200,102100.0,102300.0,101800.0,102000.0,1066
202603111215,102000.0,102500.0,101600.0,102200.0,3540
202603111230,102100.0,102800.0,102000.0,102600.0,2265
202603111245,102700.0,102900.0,102000.0,102600.0,2037
202603111300,102600.0,103000.0,102400.0,102500.0,1816
202603111315,102600.0,103400.0,102400.0,103400.0,2669
202603111330,103300.0,103700.0,102700.0,103500.0,2855
202603111345,103500.0,104200.0,103300.0,103600.0,3602
202603111400,103600.0,103800.0,102100.0,102300.0,4075
202603111415,102300.0,102900.0,101600.0,101600.0,3101
202603111430,101900.0,102100.0,100600.0,100600.0,4331
202603111445,100500.0,101500.0,99200.0,99500.0,7863
202603111500,99400.0,101900.0,99200.0,101600.0,5577
202603111515,101500.0,101800.0,100500.0,100500.0,6321
202603120900,99300.0,104100.0,98600.0,103500.0,3973
202603120915,103500.0,106100.0,102200.0,105300.0,8164
202603120930,105300.0,106000.0,104200.0,105100.0,5705
202603120945,105100.0,106400.0,104800.0,105000.0,5913
202603121000,105200.0,105200.0,103700.0,103800.0,3230
202603121015,103900.0,104700.0,102800.0,104300.0,3284
202603121030,104300.0,106400.0,104300.0,106400.0,4317
202603121045,106400.0,106500.0,105800.0,106100.0,6388
202603121100,106100.0,106600.0,105400.0,106200.0,5028
202603121115,106100.0,106900.0,105900.0,106400.0,5186
202603121130,106400.0,106900.0,106400.0,106800.0,4408
202603121145,106800.0,107000.0,106300.0,106900.0,5525
202603121200,106800.0,109200.0,106600.0,108800.0,14497
202603121215,108800.0,109900.0,108600.0,108900.0,7659
202603121230,108900.0,109000.0,108000.0,108600.0,4477
202603121245,108600.0,109500.0,108100.0,109300.0,5394
202603121300,109300.0,110500.0,108800.0,109300.0,11975
202603121315,109100.0,111100.0,109100.0,109700.0,9366
202603121330,109600.0,109800.0,108700.0,109600.0,5111
202603121345,109600.0,110100.0,109200.0,109600.0,5650
202603121400,109600.0,111000.0,109400.0,110900.0,7043
202603121415,110900.0,111600.0,110600.0,111400.0,9438
202603121430,111500.0,111700.0,110300.0,111100.0,7585
202603121445,111200.0,111300.0,110000.0,110200.0,7765
202603121500,110300.0,110300.0,108900.0,109700.0,12020
202603121515,109900.0,110000.0,109500.0,110000.0,12108
202603130900,105500.0,106500.0,103000.0,104500.0,11711
202603130915,104700.0,106900.0,104200.0,105100.0,10354
202603130930,105300.0,105600.0,102200.0,102900.0,9881
202603130945,102900.0,105000.0,102300.0,104200.0,5384
202603131000,103900.0,105000.0,103700.0,104300.0,5058
202603131015,104200.0,104900.0,103800.0,104200.0,5257
202603131030,104200.0,104900.0,104000.0,104600.0,6039
202603131045,104600.0,105000.0,104500.0,104600.0,1932
202603131100,104700.0,105200.0,104600.0,104600.0,2631
202603131115,104700.0,105000.0,104300.0,104700.0,3521
202603131130,104700.0,104900.0,104400.0,104600.0,1703
202603131145,104600.0,104800.0,104200.0,104400.0,2739
202603131200,104400.0,104800.0,104300.0,104500.0,2511
202603131215,104500.0,104600.0,104300.0,104300.0,1629
202603131230,104300.0,104500.0,104200.0,104300.0,1241
202603131245,104300.0,105000.0,104300.0,105000.0,1443
202603131300,105000.0,105100.0,104500.0,104600.0,1586
202603131315,104600.0,105500.0,104600.0,105200.0,2899
202603131330,105300.0,105500.0,104500.0,104800.0,3027
202603131345,104800.0,104900.0,104400.0,104600.0,2610
202603131400,104600.0,104900.0,104400.0,104900.0,3250
202603131415,104800.0,105500.0,104800.0,105500.0,3936
202603131430,105400.0,105900.0,105100.0,105100.0,6348
202603131445,105000.0,106200.0,104900.0,106100.0,5947
202603131500,106100.0,106200.0,105500.0,105500.0,4157
202603131515,105500.0,106400.0,105500.0,106300.0,7348
202603160900,106900.0,112700.0,105900.0,109400.0,12551
202603160915,109400.0,110400.0,108800.0,110000.0,6050
202603160930,110000.0,112100.0,109800.0,111400.0,5282
202603160945,111400.0,114600.0,111400.0,111900.0,11058
202603161000,111900.0,112600.0,110900.0,112000.0,3186
202603161015,112000.0,113100.0,111000.0,111300.0,3812
202603161030,111300.0,113100.0,110800.0,113000.0,4120
202603161045,113100.0,113600.0,112500.0,112800.0,2451
202603161100,112900.0,112900.0,111800.0,112100.0,1806
202603161115,112000.0,112400.0,111600.0,112000.0,1621
202603161130,112000.0,112000.0,111100.0,111200.0,2407
202603161145,111200.0,111900.0,111100.0,111500.0,1956
202603161200,111600.0,112300.0,111500.0,112100.0,1610
202603161215,112100.0,112200.0,111500.0,112000.0,1643
202603161230,112000.0,112900.0,111900.0,112900.0,1681
202603161245,112900.0,113100.0,112300.0,112300.0,2363
202603161300,112400.0,113900.0,112300.0,113900.0,2568
202603161315,113400.0,114000.0,111500.0,112200.0,5195
202603161330,112200.0,112300.0,111200.0,111300.0,3788
202603161345,111400.0,113000.0,111100.0,112800.0,4675
202603161400,112800.0,114900.0,112400.0,114200.0,7668
202603161415,114400.0,114700.0,113500.0,114400.0,6210
202603161430,114400.0,114400.0,113600.0,113900.0,5783
202603161445,113800.0,114500.0,113400.0,114100.0,4734
202603161500,114100.0,114800.0,114000.0,114400.0,4324
202603161515,114400.0,114700.0,114100.0,114500.0,2891
202603170900,114000.0,117600.0,112300.0,113200.0,10523
202603170915,113000.0,114400.0,112100.0,113700.0,3426
202603170930,113600.0,114600.0,112800.0,114200.0,2594
202603170945,114300.0,115300.0,113200.0,113500.0,1880
202603171000,113700.0,114400.0,112000.0,113600.0,2514
202603171015,113600.0,114200.0,112600.0,113200.0,1670
202603171030,113300.0,113900.0,113000.0,113200.0,2096
202603171045,113200.0,113400.0,112400.0,112700.0,2727
202603171100,112600.0,113100.0,112600.0,112800.0,1492
202603171115,112800.0,113900.0,112800.0,113400.0,1728
202603171130,113500.0,114900.0,113300.0,114000.0,2986
202603171145,114000.0,114500.0,113600.0,114500.0,2133
202603171200,114500.0,115700.0,114000.0,115700.0,2645
202603171215,115400.0,116000.0,114700.0,114900.0,2251
202603171230,114900.0,115000.0,114100.0,114700.0,1867
202603171245,114700.0,115200.0,114400.0,114600.0,2236
202603171300,114600.0,115000.0,114400.0,114500.0,1841
202603171315,114500.0,115000.0,114200.0,114300.0,2400
202603171330,114500.0,114700.0,114000.0,114300.0,1477
202603171345,114400.0,114800.0,114000.0,114600.0,2072
202603171400,114600.0,115100.0,114500.0,115100.0,1984
202603171415,114900.0,115300.0,114700.0,115200.0,1785
202603171430,115200.0,115300.0,114600.0,114800.0,2279
202603171445,114900.0,115000.0,113800.0,113900.0,2413
202603171500,113800.0,114000.0,112900.0,113600.0,4526
202603171515,113400.0,115000.0,113200.0,115000.0,6857
202603180900,118900.0,119600.0,116800.0,119100.0,5713
202603180915,119100.0,119500.0,118700.0,118900.0,5173
202603180930,119100.0,119400.0,118000.0,118400.0,2401
202603180945,118700.0,118700.0,117200.0,117300.0,2477
202603181000,117600.0,118100.0,116500.0,117900.0,2163
202603181015,117800.0,118100.0,117300.0,117900.0,1517
202603181030,117900.0,119100.0,117700.0,119100.0,1672
202603181045,119000.0,120000.0,118500.0,119800.0,3489
202603181100,119900.0,120300.0,119600.0,119900.0,5280
202603181115,119900.0,120200.0,119100.0,119400.0,1606
202603181130,119400.0,119700.0,119000.0,119100.0,1286
202603181145,119200.0,119200.0,117800.0,118500.0,3373
202603181200,118400.0,118500.0,117700.0,118200.0,1349
202603181215,118100.0,118800.0,118000.0,118200.0,1283
202603181230,118300.0,119200.0,118200.0,118400.0,1315
202603181245,118600.0,118900.0,118200.0,118900.0,1140
202603181300,118500.0,119100.0,118300.0,118700.0,1151
202603181315,118600.0,119100.0,118300.0,118700.0,1215
202603181330,118800.0,119100.0,118400.0,119000.0,1646
202603181345,118900.0,119600.0,118800.0,119100.0,1999
202603181400,119100.0,119400.0,119000.0,119200.0,1329
202603181415,119300.0,119900.0,119300.0,119700.0,1585
202603181430,119800.0,120000.0,119000.0,119900.0,1734
202603181445,119900.0,120000.0,119400.0,119700.0,2404
202603181500,119800.0,119900.0,119100.0,119700.0,2211
202603181515,119700.0,120000.0,119400.0,119900.0,1388
202603190900,118000.0,121600.0,117100.0,119800.0,4117
202603190915,119750.0,123400.0,119400.0,123000.0,4196
202603190930,123400.0,124700.0,122300.0,122900.0,9929
202603190945,123200.0,124200.0,121400.0,121400.0,6643
202603191000,121300.0,121500.0,119700.0,119800.0,2493
202603191015,119800.0,120700.0,119600.0,119700.0,2524
202603191030,119600.0,119900.0,118300.0,119300.0,3334
202603191045,119400.0,120000.0,118400.0,119500.0,1754
202603191100,119500.0,121400.0,119300.0,120700.0,2163
202603191115,120700.0,121600.0,120500.0,121500.0,2247
202603191130,121500.0,122500.0,120700.0,122300.0,2143
202603191145,122300.0,122500.0,121700.0,122200.0,1757
202603191200,122300.0,122900.0,122200.0,122500.0,2073
202603191215,122500.0,124200.0,122500.0,124100.0,4664
202603191230,124000.0,124500.0,123300.0,123900.0,3065
202603191245,123900.0,124200.0,123400.0,123800.0,2653
202603191300,123800.0,124000.0,122700.0,123100.0,2167
202603191315,123100.0,124000.0,122800.0,123000.0,2332
202603191330,123000.0,123500.0,123000.0,123200.0,2263
202603191345,123200.0,124100.0,123100.0,124000.0,2904
202603191400,123900.0,124400.0,123500.0,124000.0,3048
202603191415,124000.0,124700.0,123500.0,123500.0,2928
202603191430,123500.0,124000.0,123000.0,123500.0,3243
202603191445,123300.0,123800.0,123100.0,123300.0,2785
202603191500,123400.0,123700.0,123000.0,123200.0,1800
202603191515,123200.0,124800.0,122700.0,124800.0,4819
202603200900,124700.0,125400.0,122500.0,122600.0,3981
202603200915,122600.0,122700.0,120800.0,122200.0,4439
202603200930,122000.0,122200.0,120400.0,120600.0,2703
202603200945,120600.0,121000.0,120100.0,121000.0,3535
202603201000,121100.0,123500.0,121100.0,122200.0,2510
202603201015,122000.0,122300.0,121200.0,121900.0,1507
202603201030,121800.0,122300.0,121400.0,121600.0,1471
202603201045,121500.0,122400.0,121100.0,122400.0,2089
202603201100,122400.0,123100.0,121900.0,122400.0,2950
202603201115,122300.0,122800.0,121800.0,122500.0,1364
202603201130,122400.0,122700.0,122100.0,122100.0,886
202603201145,122200.0,122900.0,122000.0,122500.0,480
202603201200,122400.0,122600.0,122300.0,122400.0,560
202603201215,122400.0,122800.0,122200.0,122700.0,506
202603201230,122800.0,122900.0,122100.0,122300.0,717
202603201245,122300.0,122400.0,121400.0,121700.0,1281
202603201300,121700.0,122100.0,121600.0,121800.0,569
202603201315,121900.0,122900.0,121600.0,122200.0,1119
202603201330,122100.0,122700.0,121600.0,121700.0,842
202603201345,121800.0,122100.0,121500.0,121800.0,986
202603201400,121800.0,122200.0,121000.0,121400.0,1469
202603201415,121500.0,122200.0,121400.0,121800.0,900
202603201430,121800.0,122100.0,121500.0,121600.0,947
202603201445,121600.0,121800.0,120800.0,120800.0,1784
202603201500,120800.0,122000.0,120800.0,121700.0,3405
202603201515,121100.0,121900.0,120900.0,121800.0,2591
202603230900,115300.0,118800.0,114200.0,118100.0,7847
202603230915,118100.0,119400.0,116600.0,116600.0,2551
202603230930,116700.0,117700.0,116600.0,116700.0,1593
202603230945,116600.0,116600.0,110800.0,114700.0,12450
202603231000,114700.0,117300.0,114200.0,117100.0,2519
202603231015,117200.0,118900.0,117200.0,117600.0,2180
202603231030,117600.0,118700.0,117200.0,118000.0,1965
202603231045,117900.0,118800.0,117700.0,118800.0,1151
202603231100,118800.0,120200.0,117900.0,118800.0,3660
202603231115,118400.0,119400.0,117800.0,118400.0,1117
202603231130,118400.0,119300.0,118400.0,118800.0,1577
202603231145,118900.0,118900.0,118200.0,118900.0,1128
202603231200,118800.0,119300.0,118400.0,119100.0,665
202603231215,119100.0,119300.0,118800.0,119000.0,749
202603231230,118800.0,119500.0,118700.0,119300.0,965
202603231245,119300.0,119600.0,118100.0,118200.0,1238
202603231300,118500.0,119300.0,118100.0,118500.0,1020
202603231315,118300.0,119100.0,118200.0,118400.0,963
202603231330,118100.0,118700.0,117200.0,117600.0,2179
202603231345,117700.0,118800.0,115200.0,118500.0,12665
202603231400,118600.0,119200.0,118100.0,118800.0,1929
202603231415,118800.0,119300.0,117500.0,118000.0,1486
202603231430,117800.0,118800.0,117600.0,118200.0,1375
202603231445,118100.0,118300.0,116100.0,116200.0,5562
202603231500,116200.0,117300.0,115900.0,116300.0,6665
202603231515,116600.0,118900.0,116300.0,117900.0,5870
202603240900,118800.0,122100.0,118700.0,121800.0,4542
202603240915,121900.0,122000.0,119000.0,120500.0,2476
202603240930,120200.0,120500.0,118500.0,119400.0,2462
202603240945,119700.0,119900.0,118500.0,119300.0,1835
202603241000,119200.0,119500.0,117300.0,118100.0,2351
202603241015,117700.0,118600.0,110600.0,118000.0,4173
202603241030,118100.0,118500.0,114400.0,114500.0,2195
202603241045,114500.0,115100.0,112600.0,113900.0,5201
202603241100,113900.0,115300.0,113800.0,114700.0,2205
202603241115,114700.0,116500.0,114400.0,115300.0,1827
202603241130,115400.0,116300.0,115200.0,116300.0,1519
202603241145,116200.0,116200.0,114900.0,115400.0,1559
202603241200,115300.0,115500.0,114700.0,114900.0,1282
202603241215,114900.0,115500.0,114900.0,115000.0,1346
202603241230,114900.0,115100.0,114400.0,114900.0,1084
202603241245,114900.0,115000.0,114100.0,114400.0,1218
202603241300,114300.0,114500.0,113300.0,113800.0,1738
202603241315,113600.0,114500.0,113000.0,113500.0,2729
202603241330,113500.0,113900.0,112300.0,112800.0,2431
202603241345,112700.0,115200.0,112400.0,114500.0,3254
202603241400,114100.0,114400.0,113700.0,113800.0,1677
202603241415,113900.0,114900.0,112500.0,113500.0,3274
202603241430,113500.0,114400.0,112900.0,114400.0,2676
202603241445,114400.0,115000.0,114000.0,114000.0,3286
202603241500,114000.0,115300.0,114000.0,115000.0,3844
202603241515,115000.0,115800.0,114700.0,115800.0,4411
202603250900,116400.0,122500.0,116100.0,121900.0,6473
202603250915,121900.0,122000.0,120000.0,120900.0,2707
202603250930,120700.0,121500.0,120100.0,120500.0,1433
202603250945,120400.0,121700.0,120300.0,121500.0,2207
202603251000,121500.0,122200.0,121500.0,121800.0,2403
202603251015,121700.0,122400.0,120300.0,121300.0,2970
202603251030,121100.0,122000.0,121100.0,121600.0,1155
202603251045,121700.0,121700.0,120900.0,120900.0,2008
202603251100,120800.0,122000.0,120600.0,120700.0,1530
202603251115,120700.0,121300.0,119800.0,120900.0,1764
202603251130,121000.0,121900.0,120900.0,121500.0,1346
202603251145,121800.0,122200.0,121100.0,121800.0,1170
202603251200,121800.0,122000.0,121000.0,121000.0,878
202603251215,121200.0,122500.0,120900.0,122200.0,2004
202603251230,122200.0,122600.0,121700.0,121800.0,2172
202603251245,121900.0,122400.0,121500.0,122100.0,954
202603251300,122000.0,122300.0,121100.0,121700.0,1618
202603251315,121700.0,122400.0,121700.0,122200.0,782
202603251330,122300.0,122400.0,121400.0,121700.0,1170
202603251345,121700.0,121700.0,120000.0,121200.0,1475
202603251400,120800.0,121300.0,120000.0,120200.0,1096
202603251415,120200.0,121400.0,120100.0,120600.0,1199
202603251430,120500.0,121400.0,120300.0,121200.0,1428
202603251445,121000.0,121600.0,120700.0,120700.0,1642
202603251500,121000.0,121400.0,120600.0,121000.0,1703
202603251515,121400.0,121700.0,120700.0,121700.0,1717
202603260900,118200.0,119700.0,117000.0,118100.0,3077
202603260915,118600.0,120400.0,118100.0,119100.0,1750
202603260930,119400.0,120300.0,118900.0,119400.0,789
202603260945,119400.0,119600.0,118700.0,119300.0,1078
202603261000,119300.0,119400.0,118400.0,118500.0,700
202603261015,118600.0,119000.0,117900.0,118100.0,908
202603261030,117800.0,119000.0,117800.0,118100.0,857
202603261045,118400.0,118400.0,117100.0,117100.0,1183
202603261100,117500.0,117800.0,115800.0,116000.0,2584
202603261115,116000.0,116300.0,115400.0,115600.0,1490
202603261130,115500.0,116300.0,110100.0,115600.0,2023
202603261145,115700.0,116200.0,115400.0,115700.0,836
202603261200,115600.0,118200.0,115500.0,116200.0,914
202603261215,116100.0,116800.0,115700.0,116700.0,820
202603261230,116700.0,117400.0,116400.0,117400.0,720
202603261245,117300.0,117400.0,116500.0,117200.0,1311
202603261300,117200.0,117600.0,117000.0,117300.0,934
202603261315,117300.0,117800.0,116700.0,117500.0,1723
202603261330,117700.0,117700.0,116100.0,116100.0,1219
202603261345,116000.0,117200.0,115100.0,115900.0,1890
202603261400,115900.0,116200.0,113500.0,115100.0,4706
202603261415,114600.0,115500.0,114000.0,114500.0,2602
202603261430,114500.0,115400.0,113900.0,115200.0,1673
202603261445,114900.0,115600.0,114400.0,115100.0,1767
202603261500,115100.0,115100.0,114500.0,114700.0,1817
202603261515,114700.0,115000.0,114500.0,115000.0,3287
202603270900,110500.0,112000.0,108900.0,109600.0,5083
202603270915,109600.0,109800.0,106500.0,107800.0,17063
202603270930,107400.0,108900.0,106000.0,106500.0,21241
202603270945,106500.0,107700.0,105700.0,107700.0,8499
202603271000,107600.0,109000.0,107500.0,107900.0,3164
202603271015,108500.0,109400.0,108000.0,108900.0,1938
202603271030,108900.0,109400.0,108400.0,108800.0,1913
202603271045,108700.0,109400.0,108000.0,109100.0,1685
202603271100,109100.0,109400.0,108100.0,108400.0,1922
202603271115,108400.0,109000.0,107700.0,108500.0,1936
202603271130,108500.0,108900.0,108300.0,108700.0,1102
202603271145,108800.0,109000.0,108300.0,108600.0,1306
202603271200,108600.0,109200.0,108500.0,108800.0,1258
202603271215,108600.0,109100.0,108100.0,109000.0,1303
202603271230,109000.0,109400.0,108800.0,109400.0,1910
202603271245,109400.0,110300.0,109000.0,109100.0,1944
202603271300,109100.0,109600.0,108800.0,109200.0,2844
202603271315,109000.0,110000.0,108800.0,110000.0,2535
202603271330,110100.0,111800.0,110000.0,111800.0,3613
202603271345,111700.0,111800.0,110500.0,111500.0,1618
202603271400,111500.0,112700.0,111500.0,112600.0,1917
202603271415,112500.0,112600.0,111000.0,111200.0,3362
202603271430,111400.0,111800.0,110700.0,111000.0,1640
202603271445,111100.0,111400.0,110400.0,110500.0,1991
202603271500,110500.0,110700.0,109500.0,110100.0,4008
202603271515,110100.0,110500.0,109700.0,110300.0,2648
202603300900,104000.0,106700.0,102200.0,105600.0,4879
202603300915,105200.0,107800.0,105200.0,107500.0,2639
202603300930,107500.0,107800.0,106500.0,106800.0,1287
202603300945,106800.0,107300.0,106200.0,106800.0,1020
202603301000,106700.0,107400.0,105500.0,105900.0,5047
202603301015,105900.0,106500.0,105600.0,105800.0,657
202603301030,105800.0,107600.0,105800.0,107100.0,1546
202603301045,106800.0,108800.0,106800.0,107800.0,1869
202603301100,107900.0,108200.0,107100.0,107100.0,772
202603301115,107100.0,107800.0,106400.0,106600.0,1032
202603301130,107200.0,107500.0,106400.0,107500.0,632
202603301145,107000.0,108500.0,105600.0,107900.0,878
202603301200,107700.0,110000.0,107500.0,109200.0,1241
202603301215,109200.0,111900.0,109200.0,110500.0,1425
202603301230,110400.0,112300.0,110400.0,111700.0,1447
202603301245,111700.0,112300.0,110600.0,111700.0,1650
202603301300,111100.0,111900.0,110700.0,111600.0,1327
202603301315,111600.0,113400.0,111200.0,113400.0,2425
202603301330,114600.0,114600.0,112800.0,113600.0,3613
202603301345,113600.0,115800.0,113500.0,114800.0,5529
202603301400,114100.0,114800.0,112000.0,112700.0,1850
202603301415,112600.0,114800.0,112300.0,112900.0,1301
202603301430,112700.0,113700.0,112500.0,112500.0,1258
202603301445,112500.0,112600.0,111700.0,111900.0,2785
202603301500,111900.0,112000.0,111000.0,111000.0,4316
202603301515,111300.0,112000.0,110600.0,112000.0,1615
202603310900,109000.0,110000.0,107800.0,108100.0,4228
202603310915,108500.0,109200.0,107300.0,108300.0,2693
202603310930,108300.0,109700.0,107400.0,109000.0,2159
202603310945,109000.0,110800.0,108300.0,109900.0,922
202603311000,109800.0,110300.0,108900.0,110200.0,1076
202603311015,110200.0,110700.0,109000.0,110000.0,785
202603311030,110600.0,115300.0,109900.0,114200.0,3096
202603311045,114500.0,114700.0,113100.0,113500.0,2982
202603311100,114000.0,114400.0,112500.0,112800.0,1657
202603311115,112800.0,113000.0,111900.0,111900.0,1747
202603311130,111900.0,112500.0,111200.0,111900.0,1042
202603311145,111900.0,112800.0,111700.0,112100.0,705
202603311200,112100.0,112400.0,111900.0,112200.0,927
202603311215,112300.0,112300.0,110700.0,111200.0,1087
202603311230,111100.0,111900.0,110600.0,111300.0,871
202603311245,111300.0,111300.0,109800.0,109900.0,2018
202603311300,109900.0,110600.0,108700.0,109000.0,1622
202603311315,108800.0,109900.0,108600.0,109500.0,1357
202603311330,109500.0,109900.0,108400.0,108700.0,3007
202603311345,108900.0,108900.0,107900.0,108800.0,1433
202603311400,108600.0,108600.0,106600.0,106700.0,1794
202603311415,106900.0,108000.0,106200.0,107500.0,2409
202603311430,107600.0,107600.0,106900.0,107400.0,1463
202603311445,107400.0,108100.0,106700.0,107000.0,3086
202603311500,106800.0,106800.0,105900.0,106400.0,2887
202603311515,106400.0,107000.0,105600.0,105700.0,2634
202604010900,111400.0,115100.0,107200.0,114100.0,5979
202604010915,114100.0,115700.0,113400.0,115500.0,4245
202604010930,115500.0,118300.0,113400.0,118300.0,7333
202604010945,118300.0,121700.0,117500.0,121600.0,13127
202604011000,121700.0,121700.0,118000.0,119700.0,7080
202604011015,119700.0,120100.0,119300.0,120000.0,3488
202604011030,120000.0,120200.0,119700.0,119900.0,3018
202604011045,119700.0,121500.0,119600.0,120400.0,3532
202604011100,120400.0,120900.0,120000.0,120600.0,864
202604011115,120600.0,120900.0,120500.0,120500.0,635
202604011130,120600.0,120800.0,120000.0,120400.0,787
202604011145,120700.0,120700.0,119600.0,119800.0,851
202604011200,120000.0,120200.0,119800.0,119800.0,605
202604011215,119900.0,120400.0,119800.0,119900.0,784
202604011230,120000.0,120100.0,118900.0,119600.0,1270
202604011245,119700.0,120100.0,119300.0,119800.0,856
202604011300,119500.0,120000.0,119500.0,119900.0,812
202604011315,119900.0,120100.0,119800.0,120100.0,929
202604011330,120100.0,121400.0,119700.0,121200.0,5575
202604011345,121300.0,121800.0,120800.0,121100.0,3570
202604011400,121000.0,121800.0,120700.0,121200.0,2356
202604011415,121300.0,121700.0,120600.0,121200.0,1376
202604011430,120800.0,121400.0,120800.0,121000.0,1546
202604011445,121000.0,121700.0,120400.0,120700.0,2626
202604011500,120700.0,121000.0,119600.0,119800.0,2639
202604011515,119900.0,120000.0,118800.0,118800.0,3571
202604020900,119200.0,125400.0,117900.0,118600.0,6467
202604020915,118600.0,119900.0,117500.0,117900.0,3621
202604020930,117900.0,118400.0,117100.0,117800.0,2669
202604020945,117800.0,118900.0,117100.0,118500.0,2285
202604021000,118300.0,119500.0,117100.0,117900.0,3170
202604021015,118100.0,119000.0,115100.0,115200.0,5161
202604021030,115100.0,116900.0,114200.0,114800.0,4074
202604021045,114800.0,116600.0,114000.0,116200.0,4261
202604021100,115700.0,116000.0,113400.0,113600.0,3544
202604021115,114100.0,114600.0,112800.0,112900.0,3747
202604021130,113500.0,114600.0,112800.0,113800.0,2377
202604021145,113800.0,115200.0,113200.0,113700.0,2627
202604021200,113800.0,114100.0,112400.0,113300.0,2713
202604021215,113900.0,113900.0,112600.0,112800.0,2195
202604021230,113500.0,113900.0,112000.0,112300.0,2603
202604021245,112300.0,112900.0,112100.0,112700.0,1940
202604021300,112300.0,113300.0,112000.0,113300.0,2102
202604021315,113300.0,113600.0,111800.0,111800.0,2795
202604021330,111800.0,113800.0,111800.0,112200.0,3535
202604021345,112200.0,112800.0,111700.0,111900.0,4076
202604021400,111800.0,113200.0,111700.0,112300.0,2735
202604021415,111800.0,112600.0,111500.0,111600.0,4080
202604021430,111600.0,113100.0,111200.0,111800.0,3709
202604021445,111800.0,111800.0,110300.0,110500.0,3311
202604021500,110500.0,111600.0,110100.0,111400.0,3774
202604021515,111400.0,112800.0,111000.0,111800.0,3033
202604030900,115900.0,115900.0,111400.0,111600.0,5425
202604030915,112200.0,114600.0,111500.0,112600.0,2877
202604030930,112300.0,112300.0,109900.0,111400.0,2486
202604030945,110600.0,112100.0,110300.0,111300.0,1718
202604031000,111400.0,112500.0,110200.0,111200.0,2672
202604031015,111200.0,111800.0,110400.0,110600.0,1393
202604031030,110700.0,110800.0,109300.0,109900.0,2230
202604031045,109400.0,110200.0,108200.0,109500.0,3758
202604031100,109000.0,109700.0,108100.0,108900.0,1578
202604031115,108800.0,109200.0,107800.0,108300.0,2086
202604031130,108100.0,108200.0,106700.0,107500.0,1530
202604031145,107500.0,108400.0,106800.0,108000.0,1455
202604031200,108000.0,108600.0,107100.0,107300.0,1182
202604031215,107300.0,108000.0,106600.0,107200.0,2576
202604031230,107200.0,107300.0,106400.0,107100.0,1379
202604031245,107000.0,107700.0,106400.0,107500.0,1302
202604031300,107500.0,107500.0,106500.0,106800.0,1834
202604031315,106700.0,107200.0,106400.0,106600.0,2081
202604031330,107000.0,107300.0,106400.0,106700.0,1923
202604031345,106800.0,107000.0,104600.0,105700.0,6105
202604031400,105800.0,107800.0,105100.0,107400.0,4820
202604031415,107400.0,108500.0,107100.0,108000.0,5312
202604031430,108000.0,108900.0,107600.0,107700.0,4631
202604031445,107600.0,109900.0,107600.0,109200.0,3280
202604031500,109100.0,109600.0,108500.0,108800.0,3072
202604031515,108900.0,109800.0,108200.0,108800.0,1532
202604060900,108700.0,114000.0,108300.0,113000.0,5543
202604060915,112900.0,113300.0,110400.0,110500.0,1713
202604060930,110500.0,111100.0,108000.0,110500.0,1564
202604060945,110600.0,110600.0,109300.0,109800.0,1350
202604061000,109700.0,110100.0,108100.0,108600.0,1177
202604061015,108500.0,108800.0,107900.0,108400.0,1546
202604061030,108300.0,108400.0,106900.0,107000.0,1357
202604061045,106900.0,107200.0,105700.0,106500.0,1462
202604061100,106500.0,107600.0,105600.0,107200.0,1395
202604061115,107200.0,108500.0,107200.0,108300.0,1055
202604061130,108400.0,108600.0,107200.0,107400.0,832
202604061145,107400.0,107500.0,107000.0,107100.0,870
202604061200,107100.0,107700.0,107000.0,107400.0,661
202604061215,107400.0,107800.0,106800.0,107100.0,828
202604061230,107100.0,107500.0,106700.0,106900.0,858
202604061245,106900.0,107700.0,106600.0,107300.0,1459
202604061300,107400.0,107700.0,106700.0,107500.0,860
202604061315,106800.0,107500.0,106400.0,106700.0,1079
202604061330,106600.0,107300.0,106600.0,107000.0,1002
202604061345,106900.0,107200.0,106500.0,106700.0,1138
202604061400,106800.0,107500.0,106600.0,107100.0,1390
202604061415,107100.0,107500.0,106900.0,107500.0,1102
202604061430,107400.0,107400.0,106600.0,106700.0,1860
202604061445,106700.0,107100.0,106500.0,106800.0,1983
202604061500,106700.0,107400.0,106600.0,107300.0,2516
202604061515,107200.0,107400.0,106900.0,107400.0,1352
202604070900,109500.0,113300.0,108200.0,110000.0,2763
202604070915,110200.0,110900.0,109300.0,110700.0,2572
202604070930,110600.0,111600.0,110300.0,111300.0,2131
202604070945,111300.0,111400.0,110000.0,110000.0,875
202604071000,109950.0,110200.0,109100.0,109500.0,951
202604071015,109500.0,109900.0,108900.0,109800.0,776
202604071030,109800.0,110000.0,109000.0,109700.0,675
202604071045,109600.0,110200.0,108600.0,109400.0,548
202604071100,109100.0,109300.0,107900.0,108200.0,1124
202604071115,108100.0,109600.0,108100.0,109600.0,1453
202604071130,109700.0,110200.0,109600.0,110000.0,516
202604071145,110000.0,110400.0,109200.0,109700.0,559
202604071200,109700.0,110500.0,109500.0,110000.0,703
202604071215,110000.0,110100.0,109500.0,109900.0,445
202604071230,109800.0,110300.0,109800.0,110100.0,411
202604071245,110200.0,110400.0,109300.0,109400.0,388
202604071300,109400.0,109600.0,108600.0,108700.0,825
202604071315,108700.0,108700.0,107900.0,108200.0,1802
202604071330,108200.0,109500.0,108100.0,109200.0,1210
202604071345,109300.0,110000.0,108000.0,108500.0,794
202604071400,108300.0,109400.0,107800.0,108900.0,773
202604071415,109100.0,109500.0,108500.0,108800.0,650
202604071430,109000.0,110000.0,108800.0,109400.0,1104
202604071445,109400.0,110100.0,109200.0,109800.0,874
202604071500,109900.0,110100.0,109300.0,109700.0,1368
202604071515,109700.0,110200.0,109300.0,110200.0,765
202604080900,117800.0,119000.0,115600.0,118800.0,12363
202604080915,118800.0,119000.0,113800.0,113800.0,9666
202604080930,113700.0,113800.0,112100.0,112100.0,3318
202604080945,112100.0,113500.0,111700.0,111900.0,2784
202604081000,112000.0,114700.0,111900.0,113900.0,3542
202604081015,113900.0,115500.0,113900.0,114800.0,3878
202604081030,115300.0,115700.0,114600.0,114600.0,1870
202604081045,114800.0,115200.0,114400.0,114600.0,1721
202604081100,114400.0,115100.0,113900.0,114100.0,998
202604081115,114200.0,115600.0,114100.0,115600.0,1281
202604081130,115600.0,116400.0,115400.0,116100.0,1229
202604081145,116200.0,116200.0,115000.0,115200.0,1033
202604081200,115400.0,115900.0,115400.0,115900.0,973
202604081215,115900.0,116000.0,115300.0,115800.0,902
202604081230,115900.0,116200.0,115400.0,115400.0,908
202604081245,115400.0,116300.0,115400.0,115800.0,699
202604081300,115700.0,116200.0,115300.0,116100.0,1510
202604081315,115800.0,116500.0,115800.0,116400.0,1009
202604081330,116300.0,117000.0,116200.0,116800.0,1074
202604081345,116600.0,117000.0,116000.0,116200.0,1509
202604081400,116200.0,116300.0,115700.0,116100.0,1273
202604081415,116100.0,116200.0,115100.0,115100.0,1245
202604081430,115200.0,115300.0,113700.0,114500.0,3095
202604081445,114400.0,115900.0,114400.0,115400.0,1474
202604081500,115400.0,116200.0,115300.0,115800.0,1885
202604081515,115800.0,116200.0,114900.0,114900.0,1586
202604090900,111800.0,120500.0,111400.0,119800.0,7765
202604090915,119800.0,122800.0,119700.0,122300.0,9797
202604090930,122300.0,124500.0,121700.0,123300.0,12507
202604090945,123500.0,123700.0,121300.0,121300.0,10292
202604091000,121200.0,122000.0,119200.0,120200.0,4584
202604091015,120300.0,120500.0,116500.0,116800.0,5053
202604091030,116800.0,117700.0,116500.0,117400.0,2794
202604091045,117300.0,118500.0,116500.0,118400.0,2052
202604091100,118500.0,119900.0,118400.0,119600.0,2047
202604091115,119500.0,120000.0,119100.0,119300.0,1436
202604091130,119500.0,119500.0,118500.0,118900.0,1153
202604091145,118900.0,119100.0,118400.0,118400.0,798
202604091200,118600.0,119000.0,118300.0,118700.0,923
202604091215,118600.0,118900.0,118100.0,118900.0,1064
202604091230,118800.0,119500.0,118600.0,118900.0,953
202604091245,118800.0,119200.0,117900.0,118300.0,1539
202604091300,118100.0,118300.0,117600.0,117700.0,1122
202604091315,117900.0,118300.0,117400.0,118200.0,1447
202604091330,118100.0,119300.0,118100.0,118500.0,803
202604091345,118400.0,118800.0,118000.0,118100.0,1086
202604091400,118000.0,118400.0,118000.0,118200.0,1729
202604091415,118200.0,120100.0,117800.0,119900.0,2171
202604091430,119900.0,120700.0,118500.0,120300.0,1754
202604091445,120300.0,120500.0,119500.0,120000.0,2347
202604091500,120000.0,120500.0,119400.0,119900.0,2713
202604091515,119900.0,120300.0,119100.0,119100.0,2403
202604100900,121400.0,127300.0,121300.0,126300.0,12977
202604100915,126000.0,126200.0,123700.0,123900.0,3706
202604100930,123900.0,125700.0,123800.0,124800.0,2362
202604100945,124700.0,125300.0,124100.0,124400.0,2715
202604101000,124700.0,124700.0,122300.0,122500.0,2002
202604101015,122500.0,123200.0,121700.0,123200.0,1548
202604101030,123200.0,123200.0,122200.0,122500.0,1584
202604101045,122600.0,123200.0,122200.0,122800.0,1149
202604101100,122300.0,122900.0,121200.0,121500.0,1420
202604101115,121500.0,122000.0,121200.0,121900.0,1179
202604101130,121700.0,121900.0,121300.0,121800.0,668
202604101145,122000.0,122600.0,121600.0,122100.0,689
202604101200,122300.0,122400.0,121800.0,122000.0,659
202604101215,121900.0,122000.0,121200.0,121600.0,988
202604101230,121100.0,121800.0,121100.0,121400.0,774
202604101245,121400.0,121700.0,120300.0,120900.0,2078
202604101300,120900.0,121200.0,120600.0,120700.0,1283
202604101315,120700.0,120700.0,119900.0,119900.0,1014
202604101330,119900.0,120200.0,119600.0,120100.0,1311
202604101345,120000.0,120300.0,119700.0,120000.0,837
202604101400,120000.0,120200.0,119200.0,119400.0,2114
202604101415,119400.0,119800.0,119100.0,119500.0,1247
202604101430,119400.0,119800.0,119000.0,119000.0,1398
202604101445,119100.0,119400.0,118100.0,119000.0,1701
202604101500,119000.0,119100.0,117900.0,118000.0,2999
202604101515,118100.0,118400.0,117900.0,118200.0,1795
202604130900,117900.0,119900.0,117000.0,117800.0,3512
202604130915,117900.0,120200.0,117800.0,118500.0,3459
202604130930,118500.0,118900.0,116500.0,117700.0,4061
202604130945,117700.0,118200.0,116900.0,116900.0,2656
202604131000,116900.0,117000.0,114100.0,114700.0,7300
202604131015,114700.0,115100.0,114200.0,114600.0,2227
202604131030,114600.0,116100.0,114400.0,115400.0,1571
202604131045,115200.0,115400.0,114800.0,115100.0,1033
202604131100,115000.0,116900.0,114900.0,116700.0,5891
202604131115,116700.0,117700.0,116000.0,116200.0,4001
202604131130,116700.0,116700.0,116100.0,116200.0,688
202604131145,116400.0,116700.0,116100.0,116200.0,794
202604131200,116000.0,116300.0,115300.0,115300.0,980
202604131215,115400.0,115700.0,115100.0,115500.0,1554
202604131230,115200.0,115400.0,115000.0,115100.0,918
202604131245,115000.0,116500.0,114900.0,115300.0,1493
202604131300,115300.0,116000.0,115200.0,116000.0,1074
202604131315,115700.0,117800.0,115700.0,116800.0,2649
202604131330,116700.0,118000.0,116300.0,117300.0,2378
202604131345,117600.0,119200.0,117400.0,118700.0,8524
202604131400,118700.0,119900.0,118700.0,119700.0,3228
202604131415,119900.0,120300.0,119500.0,119800.0,2325
202604131430,119900.0,120200.0,119100.0,120000.0,2209
202604131445,119900.0,120200.0,119400.0,120000.0,2012
202604131500,119900.0,120000.0,119100.0,119800.0,2176
202604131515,119800.0,119800.0,119200.0,119700.0,1694
202604140900,121900.0,126100.0,120600.0,122000.0,7733
202604140915,121900.0,125200.0,121600.0,124000.0,3364
202604140930,124000.0,124500.0,123300.0,124000.0,2592
202604140945,124000.0,125100.0,123000.0,124400.0,3682
202604141000,124300.0,129900.0,124300.0,129600.0,14100
202604141015,129600.0,134100.0,129100.0,131200.0,14384
202604141030,131500.0,133200.0,131000.0,133000.0,6275
202604141045,133100.0,133300.0,131500.0,131700.0,4877
202604141100,131700.0,131800.0,130000.0,131100.0,1971
202604141115,131100.0,132500.0,130500.0,132500.0,3343
202604141130,132500.0,132700.0,131900.0,132100.0,1540
202604141145,132100.0,132800.0,132100.0,132500.0,1095
202604141200,132400.0,132800.0,132400.0,132700.0,1140
202604141215,132700.0,133000.0,132200.0,132500.0,1317
202604141230,132500.0,132600.0,132000.0,132100.0,2009
202604141245,132300.0,133000.0,131900.0,132900.0,1510
202604141300,132900.0,134100.0,132800.0,134000.0,4048
202604141315,134000.0,134600.0,133700.0,133800.0,2868
202604141330,133800.0,134100.0,132600.0,133700.0,2453
202604141345,133800.0,133800.0,132900.0,133300.0,2260
202604141400,133200.0,135000.0,133200.0,133900.0,3263
202604141415,133800.0,137100.0,133800.0,136400.0,9332
202604141430,136600.0,137200.0,133900.0,134900.0,6530
202604141445,134900.0,135300.0,133400.0,133400.0,4704
202604141500,133600.0,134000.0,133100.0,133300.0,4282
202604141515,133400.0,134200.0,133000.0,134200.0,2146
202604150900,139400.0,142300.0,135200.0,138400.0,15147
202604150915,138300.0,138500.0,135300.0,136900.0,8858
202604150930,137000.0,140300.0,136000.0,140100.0,6102
202604150945,139900.0,143000.0,138400.0,142800.0,7578
202604151000,142800.0,143300.0,141600.0,142200.0,6274
202604151015,142000.0,142300.0,141200.0,141500.0,4539
202604151030,141400.0,142100.0,140300.0,142100.0,4648
202604151045,141700.0,142200.0,141100.0,141800.0,4208
202604151100,141800.0,145000.0,139900.0,142600.0,7099
202604151115,142600.0,143000.0,141500.0,142900.0,6279
202604151130,142700.0,143400.0,141900.0,143400.0,3442
202604151145,143400.0,144100.0,143000.0,143800.0,4014
202604151200,143700.0,144000.0,137300.0,143100.0,4007
202604151215,142800.0,143500.0,142000.0,143200.0,3147
202604151230,143200.0,143700.0,142800.0,143100.0,3411
202604151245,143100.0,144500.0,142800.0,144500.0,3519
202604151300,144000.0,144600.0,143600.0,144200.0,3521
202604151315,143700.0,144500.0,141600.0,142900.0,5306
202604151330,142300.0,144500.0,142100.0,144500.0,3919
202604151345,144400.0,145000.0,143500.0,144600.0,6075
202604151400,143800.0,144500.0,143000.0,144000.0,5038
202604151415,143900.0,144400.0,142700.0,143600.0,5159
202604151430,143400.0,144000.0,142300.0,142400.0,4872
202604151445,142400.0,143100.0,140700.0,142300.0,5323
202604151500,142000.0,142900.0,141300.0,142000.0,5108
202604151515,142300.0,142800.0,141600.0,141600.0,2375
202604160900,142500.0,142900.0,138000.0,141500.0,4992
202604160915,141600.0,143800.0,140400.0,143700.0,3990
202604160930,143700.0,144400.0,142400.0,143400.0,3125
202604160945,143400.0,146600.0,142300.0,145900.0,6273
202604161000,146200.0,148500.0,146000.0,147400.0,10488
202604161015,147400.0,149800.0,147000.0,149600.0,17548
202604161030,149500.0,150600.0,149000.0,149400.0,10206
202604161045,149500.0,149900.0,148300.0,149600.0,5965
202604161100,149500.0,149800.0,148800.0,148800.0,4232
202604161115,148900.0,149900.0,148100.0,149400.0,4612
202604161130,149400.0,149900.0,149200.0,149600.0,3889
202604161145,149600.0,151300.0,149400.0,150600.0,10550
202604161200,150400.0,151900.0,150000.0,151600.0,3895
202604161215,151700.0,152000.0,151500.0,151700.0,3540
202604161230,151700.0,152000.0,151000.0,151400.0,3073
202604161245,151500.0,151900.0,150100.0,150700.0,3012
202604161300,150700.0,152900.0,150200.0,152700.0,6961
202604161315,152900.0,152900.0,150600.0,151600.0,5051
202604161330,151700.0,152200.0,148300.0,150300.0,6372
202604161345,150400.0,152700.0,149000.0,151000.0,7755
202604161400,150900.0,151000.0,149500.0,150300.0,4216
202604161415,150200.0,150900.0,148500.0,148600.0,4187
202604161430,148600.0,149500.0,148300.0,148800.0,4916
202604161445,148800.0,150600.0,148600.0,150400.0,8934
202604161500,150400.0,150800.0,149300.0,149400.0,6566
202604161515,149200.0,150700.0,149100.0,149500.0,2927
202604170900,157400.0,160000.0,154500.0,156700.0,14917
202604170915,156600.0,158800.0,155500.0,158700.0,7913
202604170930,158900.0,159200.0,156700.0,157500.0,6142
202604170945,157500.0,157600.0,155400.0,155600.0,5333
202604171000,155800.0,159400.0,154100.0,158700.0,11977
202604171015,158700.0,165800.0,157900.0,165400.0,20664
202604171030,165700.0,167500.0,163500.0,166500.0,15572
202604171045,166500.0,179100.0,166200.0,172000.0,22403
202604171100,172400.0,180000.0,170800.0,174700.0,17082
202604171115,174700.0,177500.0,174000.0,176500.0,14186
202604171130,176500.0,180000.0,175400.0,179600.0,16722
202604171145,179700.0,180400.0,177200.0,178600.0,14306
202604171200,178600.0,178800.0,173000.0,174500.0,9284
202604171215,174500.0,175500.0,173600.0,175000.0,5751
202604171230,175100.0,177000.0,174800.0,176000.0,5479
202604171245,175800.0,177100.0,171900.0,171900.0,6578
202604171300,171900.0,172300.0,166700.0,169100.0,9644
202604171315,169100.0,169300.0,167100.0,167900.0,9698
202604171330,168000.0,169300.0,167600.0,168100.0,6267
202604171345,168000.0,168600.0,167200.0,167600.0,4678
202604171400,167500.0,167500.0,164000.0,164300.0,9921
202604171415,164300.0,165100.0,162200.0,163900.0,11195
202604171430,163900.0,164900.0,162200.0,163500.0,11008
202604171445,163400.0,163900.0,162100.0,162400.0,8575
202604171500,162600.0,164000.0,160800.0,162500.0,7878
202604171515,163000.0,163500.0,161800.0,163500.0,3443
202604200900,166600.0,167200.0,161400.0,161400.0,6064
202604200915,161300.0,161550.0,156100.0,157300.0,8206
202604200930,157300.0,160000.0,157000.0,158800.0,4960
202604200945,158900.0,160000.0,157200.0,157200.0,5548
202604201000,157200.0,157900.0,155000.0,157000.0,6926
202604201015,157100.0,157400.0,156000.0,156800.0,4381
202604201030,156700.0,159100.0,156500.0,158700.0,4087
202604201045,158600.0,158700.0,157300.0,157400.0,3111
202604201100,157400.0,159600.0,156700.0,156800.0,5081
202604201115,156700.0,157600.0,156500.0,157200.0,4580
202604201130,157200.0,157400.0,156000.0,156200.0,3670
202604201145,156200.0,156400.0,155500.0,155900.0,3901
202604201200,156000.0,157300.0,155700.0,156500.0,2715
202604201215,156500.0,157600.0,156200.0,157000.0,2586
202604201230,156900.0,157100.0,156100.0,156200.0,2429
202604201245,156300.0,156500.0,155900.0,156400.0,2238
202604201300,156500.0,159000.0,156300.0,158900.0,3075
202604201315,159000.0,159000.0,156500.0,156700.0,4003
202604201330,156600.0,157100.0,156000.0,156200.0,3030
202604201345,156300.0,158200.0,156100.0,157700.0,2913
202604201400,157800.0,157900.0,156900.0,157100.0,2300
202604201415,157100.0,157500.0,156500.0,157200.0,2674
202604201430,157300.0,157800.0,156700.0,157000.0,2638
202604201445,157000.0,157500.0,156800.0,157100.0,2636
202604201500,157100.0,157700.0,156800.0,157400.0,3856
202604201515,157400.0,158000.0,156500.0,156500.0,3017
202604210900,159200.0,161100.0,156600.0,157300.0,6240
202604210915,157300.0,159700.0,156200.0,158600.0,4216
202604210930,158600.0,160900.0,157500.0,160600.0,7152
202604210945,160200.0,162500.0,158800.0,161500.0,5034
202604211000,162100.0,163500.0,161400.0,162700.0,8729
202604211015,162500.0,163100.0,159500.0,160800.0,4508
202604211030,160800.0,162600.0,160600.0,162300.0,2138
202604211045,162300.0,165100.0,161900.0,164800.0,6571
202604211100,165000.0,166500.0,164500.0,165100.0,5014
202604211115,165100.0,165400.0,164300.0,165200.0,4475
202604211130,165100.0,165300.0,164000.0,164500.0,3376
202604211145,164500.0,166000.0,163900.0,165100.0,6916
202604211200,165400.0,166300.0,164800.0,165900.0,2129
202604211215,165900.0,166100.0,164000.0,164800.0,2743
202604211230,164800.0,165000.0,164100.0,164900.0,1581
202604211245,164900.0,165000.0,162800.0,162900.0,1931
202604211300,162600.0,163700.0,160000.0,160000.0,3302
202604211315,160000.0,160900.0,159900.0,160000.0,2770
202604211330,160000.0,161200.0,159800.0,160800.0,2926
202604211345,160600.0,161500.0,160400.0,160500.0,1816
202604211400,160600.0,161300.0,160500.0,161300.0,1921
202604211415,161300.0,161700.0,161000.0,161700.0,1725
202604211430,161600.0,162300.0,161400.0,161500.0,1823
202604211445,161500.0,162100.0,160100.0,160400.0,2792
202604211500,160600.0,160600.0,159600.0,160200.0,4322
202604211515,160200.0,160200.0,159100.0,159100.0,3739
202604220900,157800.0,160000.0,155100.0,158500.0,5793
202604220915,158500.0,159000.0,156500.0,157000.0,5463
202604220930,157000.0,159400.0,156700.0,159400.0,4526
202604220945,159000.0,159000.0,157200.0,157600.0,4377
202604221000,157500.0,159200.0,157000.0,159200.0,3287
202604221015,158900.0,160000.0,157600.0,158900.0,3811
202604221030,158800.0,159400.0,157800.0,158700.0,3899
202604221045,158700.0,164000.0,158700.0,164000.0,3921
202604221100,164000.0,165800.0,161800.0,163800.0,6486
202604221115,163900.0,165300.0,163700.0,164800.0,3725
202604221130,164900.0,165000.0,163100.0,163500.0,2402
202604221145,163400.0,164500.0,163000.0,163900.0,2089
202604221200,163900.0,163900.0,162600.0,162800.0,1686
202604221215,162800.0,163000.0,162700.0,162800.0,1833
202604221230,162800.0,163800.0,161400.0,163400.0,6191
202604221245,163400.0,166400.0,163400.0,166100.0,4291
202604221300,166100.0,167200.0,165500.0,166800.0,4647
202604221315,166700.0,168000.0,166300.0,167700.0,8148
202604221330,168000.0,169700.0,167200.0,169700.0,5684
202604221345,169600.0,169600.0,167300.0,169000.0,10436
202604221400,169100.0,171000.0,168100.0,170100.0,9952
202604221415,170000.0,170800.0,169500.0,170000.0,4453
202604221430,170100.0,170300.0,168900.0,169800.0,4036
202604221445,169600.0,169600.0,168100.0,169300.0,3801
202604221500,169300.0,169500.0,168300.0,168600.0,2578
202604221515,168900.0,169400.0,168500.0,169300.0,1491
202604230900,172100.0,175000.0,166400.0,167100.0,10831
202604230915,167100.0,169300.0,166400.0,167800.0,2625
202604230930,167800.0,169500.0,166600.0,167900.0,3032
202604230945,167900.0,168900.0,166900.0,167400.0,1666
202604231000,167400.0,169300.0,166100.0,167000.0,3339
202604231015,166900.0,170800.0,166600.0,170300.0,2845
202604231030,170100.0,171300.0,168300.0,170900.0,1874
202604231045,170800.0,172900.0,168900.0,169500.0,1836
202604231100,169500.0,169500.0,166500.0,166900.0,2014
202604231115,166900.0,167600.0,166600.0,166900.0,1856
202604231130,166900.0,167500.0,165500.0,166400.0,2492
202604231145,166400.0,167000.0,165700.0,165700.0,1168
202604231200,165800.0,165900.0,162700.0,164800.0,2985
202604231215,164800.0,165900.0,163900.0,164800.0,2144
202604231230,164800.0,165900.0,162700.0,165900.0,2042
202604231245,165800.0,167100.0,165300.0,166400.0,1273
202604231300,166400.0,166800.0,164700.0,166000.0,998
202604231315,166000.0,166900.0,165600.0,165700.0,1146
202604231330,165700.0,167300.0,165600.0,167000.0,1582
202604231345,166800.0,167000.0,166600.0,166900.0,767
202604231400,166900.0,167300.0,166200.0,166800.0,4062
202604231415,166800.0,167100.0,166500.0,166800.0,965
202604231430,166800.0,167500.0,166800.0,167200.0,836
202604231445,167200.0,168300.0,167000.0,167700.0,1389
202604231500,167900.0,168600.0,166900.0,167000.0,1647
202604231515,167400.0,167500.0,165700.0,165700.0,3839
202604240900,171600.0,173900.0,168000.0,168200.0,9083
202604240915,168200.0,169700.0,167500.0,168100.0,1985
202604240930,168100.0,169900.0,166900.0,168300.0,2008
202604240945,168400.0,169800.0,167700.0,167900.0,1014
202604241000,168000.0,168800.0,166500.0,167000.0,1565
202604241015,167000.0,168900.0,166600.0,167500.0,1460
202604241030,167500.0,169000.0,167100.0,168700.0,1197
202604241045,168100.0,171500.0,168100.0,170900.0,2188
202604241100,170900.0,173300.0,170300.0,172000.0,3616
202604241115,172200.0,172500.0,170100.0,170900.0,2285
202604241130,170900.0,171700.0,170900.0,171500.0,1183
202604241145,171500.0,171500.0,169500.0,170500.0,935
202604241200,170500.0,173000.0,170500.0,172300.0,1286
202604241215,172300.0,173300.0,171800.0,171800.0,891
202604241230,171900.0,171900.0,169700.0,170500.0,1035
202604241245,170500.0,171200.0,168500.0,168800.0,942
202604241300,168900.0,171100.0,168400.0,170600.0,968
202604241315,170700.0,171200.0,170100.0,170400.0,504
202604241330,170300.0,170600.0,170000.0,170200.0,384
202604241345,170300.0,171300.0,169700.0,170100.0,1440
202604241400,170200.0,170400.0,169400.0,169600.0,610
202604241415,169700.0,169700.0,168400.0,168500.0,1239
202604241430,168500.0,168700.0,167900.0,167900.0,1301
202604241445,168000.0,168800.0,167800.0,168200.0,2096
202604241500,168300.0,169700.0,167900.0,169200.0,5857
202604241515,169600.0,169600.0,169100.0,169400.0,1816
202604270900,171000.0,171900.0,162800.0,164600.0,4102
202604270915,164600.0,169000.0,164300.0,168900.0,3370
202604270930,168400.0,169800.0,167500.0,168400.0,3371
202604270945,168800.0,169700.0,167700.0,169600.0,1826
202604271000,169600.0,170000.0,168400.0,168800.0,2711
202604271015,168500.0,169500.0,168200.0,168600.0,1257
202604271030,168700.0,169000.0,167700.0,168600.0,1343
202604271045,168600.0,169400.0,168100.0,169000.0,1133
202604271100,169000.0,169000.0,168100.0,168500.0,871
202604271115,168600.0,169000.0,168100.0,169000.0,744
202604271130,168800.0,169100.0,168300.0,168500.0,835
202604271145,168600.0,168900.0,168100.0,168800.0,731
202604271200,168900.0,169900.0,168300.0,169800.0,1949
202604271215,169800.0,170600.0,169700.0,170500.0,1215
202604271230,170500.0,170900.0,169800.0,170400.0,1404
202604271245,170300.0,170600.0,169800.0,170400.0,1283
202604271300,170400.0,170600.0,169600.0,170000.0,1759
202604271315,170000.0,171700.0,169600.0,170600.0,2279
202604271330,170500.0,170500.0,169000.0,169800.0,2056
202604271345,169500.0,169900.0,168000.0,168100.0,2081
202604271400,168100.0,169200.0,168000.0,168600.0,1845
202604271415,169000.0,169100.0,168200.0,168300.0,1543
202604271430,168200.0,168300.0,166800.0,167300.0,1903
202604271445,167400.0,167600.0,166700.0,167000.0,1933
202604271500,167400.0,168100.0,166800.0,167800.0,2193
202604271515,167800.0,168100.0,167000.0,167000.0,1462
202604280900,170200.0,176900.0,170000.0,176200.0,11463
202604280915,176300.0,176800.0,174000.0,174300.0,4847
202604280930,174600.0,176300.0,174100.0,174500.0,2040
202604280945,174500.0,176100.0,174000.0,175200.0,2175
202604281000,175300.0,179800.0,175000.0,175000.0,4768
202604281015,175100.0,178000.0,174200.0,177200.0,2302
202604281030,177200.0,178600.0,176500.0,176900.0,3490
202604281045,176800.0,177900.0,176800.0,176900.0,992
202604281100,176900.0,178300.0,176300.0,178000.0,1232
202604281115,178000.0,182900.0,177800.0,181900.0,7469
202604281130,181900.0,184700.0,181500.0,184200.0,4159
202604281145,184500.0,184700.0,182000.0,182600.0,3118
202604281200,182600.0,182800.0,181900.0,182000.0,3221
202604281215,182000.0,182300.0,181500.0,182200.0,1346
202604281230,182200.0,183200.0,179200.0,179300.0,2781
202604281245,179300.0,179800.0,177000.0,177700.0,3393
202604281300,177700.0,178100.0,176600.0,177000.0,2910
202604281315,177100.0,178100.0,176400.0,176500.0,1638
202604281330,176400.0,178000.0,176200.0,177600.0,1185
202604281345,177500.0,177600.0,176400.0,177000.0,824
202604281400,177000.0,177000.0,175600.0,175700.0,1759
202604281415,175700.0,176000.0,175100.0,175100.0,1167
202604281430,175100.0,175800.0,174200.0,175300.0,3374
202604281445,175200.0,176000.0,175000.0,175900.0,1371
202604281500,175900.0,175900.0,173800.0,173900.0,1738
202604281515,173900.0,174800.0,173600.0,174800.0,1836
202604290900,168900.0,172900.0,168300.0,171100.0,3163
202604290915,171000.0,172900.0,169400.0,171100.0,2868
202604290930,171700.0,171700.0,168900.0,169300.0,2568
202604290945,169300.0,169400.0,167700.0,167800.0,3376
202604291000,167700.0,169500.0,166600.0,167700.0,9908
202604291015,167700.0,168200.0,165600.0,165600.0,3924
202604291030,165700.0,168000.0,165600.0,166900.0,5009
202604291045,167200.0,169700.0,166700.0,169400.0,2896
202604291100,169400.0,170000.0,168300.0,168500.0,3205
202604291115,168600.0,168900.0,167000.0,167900.0,4493
202604291130,167900.0,168600.0,167600.0,167800.0,2627
202604291145,167800.0,169300.0,167600.0,168300.0,2380
202604291200,168300.0,169000.0,168100.0,168300.0,2621
202604291215,168400.0,169400.0,167900.0,169100.0,2417
202604291230,169200.0,170100.0,169000.0,169900.0,2401
202604291245,169900.0,170400.0,169000.0,169500.0,2899
202604291300,169500.0,169500.0,167600.0,167900.0,2492
202604291315,168000.0,168600.0,167500.0,168400.0,3101
202604291330,168600.0,169500.0,168400.0,168900.0,2486
202604291345,169000.0,169100.0,168400.0,168600.0,2914
202604291400,168800.0,170900.0,168200.0,169500.0,3451
202604291415,169500.0,170200.0,168600.0,169800.0,2500
202604291430,169800.0,170300.0,169200.0,169300.0,2824
202604291445,169300.0,169900.0,168800.0,169800.0,3596
202604291500,169800.0,170100.0,168900.0,169400.0,2814
202604291515,169400.0,170000.0,168800.0,168800.0,1668
202604300900,170000.0,171100.0,167000.0,169200.0,6269
202604300915,169200.0,169400.0,168200.0,169400.0,1313
202604300930,169500.0,170700.0,168600.0,168600.0,2723
202604300945,168500.0,169500.0,168100.0,168900.0,1640
202604301000,168900.0,170800.0,168900.0,169800.0,2296
202604301015,169800.0,172000.0,169800.0,170900.0,2075
202604301030,170900.0,170900.0,167100.0,167200.0,2831
202604301045,167200.0,169000.0,167100.0,169000.0,2537
202604301100,168900.0,171500.0,168900.0,171100.0,2393
202604301115,171300.0,171500.0,170300.0,170500.0,2378
202604301130,170500.0,170700.0,169600.0,169600.0,2240
202604301145,169700.0,170100.0,169200.0,169700.0,2272
202604301200,169700.0,169700.0,168500.0,168700.0,2067
202604301215,168800.0,169000.0,168200.0,168900.0,1853
202604301230,169000.0,169900.0,169000.0,169800.0,1940
202604301245,169900.0,171100.0,169400.0,170700.0,2435
202604301300,170800.0,171000.0,169900.0,170600.0,2144
202604301315,170700.0,170700.0,168800.0,169000.0,2617
202604301330,168900.0,169100.0,167400.0,168000.0,3558
202604301345,168100.0,170100.0,167600.0,168400.0,4317
202604301400,168200.0,169100.0,168200.0,168500.0,3945
202604301415,168500.0,169200.0,167900.0,168700.0,2940
202604301430,168700.0,170400.0,168500.0,170300.0,4105
202604301445,170300.0,170400.0,168500.0,168500.0,6445
202604301500,168500.0,168500.0,167500.0,168000.0,5474
202604301515,168000.0,169100.0,167400.0,168800.0,3825
202605040900,171600.0,174800.0,167000.0,168500.0,11986
202605040915,168500.0,170000.0,162800.0,165200.0,6054
202605040930,165200.0,167800.0,163600.0,164100.0,6213
202605040945,164300.0,165100.0,163300.0,163400.0,5065
202605041000,163400.0,163800.0,162600.0,162700.0,5032
202605041015,162800.0,163200.0,161400.0,161600.0,6267
202605041030,161500.0,162800.0,161100.0,161700.0,3738
202605041045,161700.0,162000.0,160000.0,161000.0,4182
202605041100,161700.0,163600.0,161700.0,163600.0,2928
202605041115,163600.0,165500.0,163600.0,164900.0,3412
202605041130,164900.0,165400.0,163600.0,163800.0,3315
202605041145,163800.0,164800.0,163600.0,164700.0,4356
202605041200,164800.0,165400.0,164400.0,164900.0,2441
202605041215,164900.0,165100.0,164500.0,164700.0,2331
202605041230,164600.0,166900.0,164500.0,166600.0,4614
202605041245,166700.0,168100.0,165700.0,168000.0,5141
202605041300,168100.0,169000.0,167200.0,168500.0,5576
202605041315,168500.0,168900.0,167100.0,167300.0,4118
202605041330,167200.0,167400.0,166000.0,166100.0,2216
202605041345,166100.0,167100.0,166100.0,167100.0,1718
202605041400,167100.0,167300.0,164700.0,166100.0,5089
202605041415,166300.0,168300.0,166100.0,167600.0,4410
202605041430,167500.0,168100.0,167400.0,167600.0,3687
202605041445,167600.0,168100.0,167000.0,168000.0,4606
202605041500,167400.0,168500.0,167300.0,168300.0,4130
202605041515,168300.0,168500.0,167800.0,167800.0,1640
202605060900,170000.0,170000.0,163300.0,165200.0,18289
202605060915,166100.0,167200.0,165300.0,165300.0,4654
202605060930,165300.0,166900.0,165000.0,165000.0,4531
202605060945,165000.0,166200.0,164000.0,164900.0,6499
202605061000,164900.0,165300.0,164200.0,164900.0,2855
202605061015,165200.0,166700.0,165100.0,166000.0,2624
202605061030,166000.0,166800.0,164900.0,165000.0,3757
202605061045,165000.0,169500.0,165000.0,167800.0,4024
202605061100,167800.0,169500.0,166700.0,168400.0,3016
202605061115,168500.0,169100.0,167800.0,168700.0,2100
202605061130,168600.0,168700.0,168000.0,168700.0,2420
202605061145,168700.0,169000.0,168100.0,168700.0,1989
202605061200,168600.0,168800.0,167800.0,167800.0,1969
202605061215,167900.0,168700.0,167500.0,168600.0,2005
202605061230,168600.0,168900.0,168200.0,168400.0,2562
202605061245,168400.0,168900.0,168200.0,168700.0,2478
202605061300,168700.0,168700.0,168100.0,168100.0,2308
202605061315,168200.0,168500.0,167600.0,168200.0,1928
202605061330,168200.0,168400.0,167500.0,167500.0,2136
202605061345,167600.0,168100.0,167300.0,167300.0,2084
202605061400,167300.0,168500.0,166700.0,167400.0,2612
202605061415,167300.0,168100.0,167300.0,167700.0,2661
202605061430,167600.0,168300.0,167200.0,167500.0,2797
202605061445,167600.0,168200.0,167200.0,167400.0,3009
202605061500,167400.0,170400.0,167400.0,170000.0,6149
202605061515,169900.0,170200.0,169900.0,170100.0,2292
202605070900,170700.0,173700.0,169100.0,172700.0,6142
202605070915,172400.0,172700.0,169200.0,169300.0,4329
202605070930,169300.0,175200.0,169200.0,173600.0,7559
202605070945,173800.0,174300.0,171000.0,171800.0,2944
202605071000,171800.0,177800.0,171400.0,177200.0,8012
202605071015,177000.0,177800.0,176000.0,177100.0,6930
202605071030,177100.0,177200.0,174100.0,176900.0,3702
202605071045,176900.0,177000.0,175600.0,176400.0,1742
202605071100,176400.0,177000.0,175200.0,175600.0,2569
202605071115,175500.0,175500.0,173600.0,174500.0,1650
202605071130,174500.0,175200.0,173700.0,174900.0,1813
202605071145,174900.0,175700.0,174650.0,175500.0,1358
202605071200,175500.0,175600.0,173900.0,174400.0,1537
202605071215,174400.0,175700.0,174300.0,175600.0,2005
202605071230,175600.0,175900.0,175400.0,175700.0,2031
202605071245,175600.0,179100.0,175600.0,179000.0,5181
202605071300,179000.0,179200.0,176100.0,177400.0,10415
202605071315,177400.0,177400.0,176100.0,176300.0,5794
202605071330,176300.0,176400.0,174900.0,175400.0,7198
202605071345,175500.0,175700.0,174200.0,174800.0,3301
202605071400,174750.0,175000.0,174400.0,175000.0,1306
202605071415,175000.0,175200.0,173300.0,173700.0,2407
202605071430,173900.0,174200.0,173300.0,173500.0,2949
202605071445,173600.0,174550.0,171800.0,171800.0,5693
202605071500,171900.0,172300.0,170900.0,171600.0,6807
202605071515,171700.0,172600.0,171000.0,171000.0,5587
202605080900,167500.0,176500.0,167300.0,175100.0,5779
202605080915,174900.0,177300.0,173500.0,175700.0,5950
202605080930,175700.0,178700.0,175200.0,177700.0,3886
202605080945,177700.0,178900.0,176200.0,178900.0,3501
202605081000,178900.0,181600.0,178300.0,178400.0,8893
202605081015,178400.0,179200.0,177600.0,178700.0,3025
202605081030,178600.0,179000.0,176700.0,178900.0,2957
202605081045,178900.0,179000.0,175500.0,175700.0,2204
202605081100,175600.0,176100.0,175000.0,175300.0,2134
202605081115,175300.0,175300.0,174100.0,174700.0,1847
202605081130,174600.0,175500.0,174600.0,175400.0,1731
202605081145,175400.0,175900.0,175000.0,175000.0,1480
202605081200,175100.0,175700.0,173300.0,173800.0,1357
202605081215,173700.0,174200.0,173000.0,173600.0,1242
202605081230,173600.0,175100.0,173400.0,174700.0,1838
202605081245,174400.0,175000.0,173700.0,174800.0,1273
202605081300,174700.0,175500.0,172000.0,174200.0,2484
202605081315,174200.0,175000.0,173700.0,174900.0,1854
202605081330,174900.0,175000.0,173900.0,174300.0,1098
202605081345,174300.0,175500.0,174000.0,174600.0,1559
202605081400,174500.0,175400.0,173500.0,173800.0,2131
202605081415,173800.0,174300.0,173500.0,174100.0,2243
202605081430,174100.0,174900.0,173700.0,174600.0,2179
202605081445,174700.0,175400.0,174200.0,174800.0,2156
202605081500,174900.0,175500.0,173900.0,175400.0,2484
202605081515,175000.0,175500.0,174700.0,174700.0,1117
202605110900,178700.0,180700.0,177600.0,180200.0,4564
202605110915,180200.0,183000.0,178900.0,181100.0,4954
202605110930,181200.0,182900.0,180600.0,181700.0,7502
202605110945,181800.0,185500.0,181000.0,181000.0,8484
202605111000,181100.0,185900.0,181000.0,181600.0,4230
202605111015,181500.0,182400.0,180800.0,181700.0,1930
202605111030,181700.0,183000.0,180400.0,182700.0,2155
202605111045,182600.0,182700.0,178000.0,178600.0,2754
202605111100,178500.0,178900.0,178000.0,178400.0,1043
202605111115,178500.0,179000.0,178000.0,178200.0,1535
202605111130,178200.0,178600.0,178100.0,178600.0,1312
202605111145,178500.0,179000.0,178300.0,178500.0,1363
202605111200,178500.0,179600.0,178000.0,178600.0,1790
202605111215,178500.0,178800.0,178200.0,178700.0,1397
202605111230,178800.0,179000.0,176900.0,177300.0,2990
202605111245,177400.0,178000.0,177100.0,177600.0,2513
202605111300,177600.0,178000.0,177100.0,177200.0,2396
202605111315,177200.0,177400.0,176500.0,176600.0,4014
202605111330,176600.0,177300.0,175800.0,176100.0,4297
202605111345,176100.0,177000.0,175400.0,175800.0,2902
202605111400,175800.0,176500.0,175300.0,175500.0,3174
202605111415,175600.0,176800.0,175100.0,176100.0,3319
202605111430,176100.0,176300.0,175100.0,175500.0,4920
202605111445,175800.0,176300.0,175000.0,175900.0,4958
202605111500,175800.0,175800.0,175000.0,175400.0,4244
202605111515,175400.0,176300.0,175100.0,175900.0,2756
202605120900,179900.0,185000.0,178000.0,181700.0,5227
202605120915,181600.0,182100.0,178100.0,179400.0,3044
202605120930,179100.0,182800.0,178900.0,181700.0,1782
202605120945,181800.0,186600.0,181400.0,186100.0,4430
202605121000,186300.0,187000.0,182000.0,182600.0,5018
202605121015,182600.0,182600.0,176400.0,177500.0,8038
202605121030,176400.0,178000.0,171000.0,176800.0,9715
202605121045,176800.0,179800.0,171300.0,177300.0,7636
202605121100,177200.0,180800.0,176300.0,179800.0,6364
202605121115,180700.0,183500.0,180200.0,183500.0,6144
202605121130,183500.0,184200.0,181700.0,181900.0,4544
202605121145,182400.0,184300.0,182200.0,184200.0,3994
202605121200,184300.0,186800.0,183900.0,186400.0,7476
202605121215,186500.0,188700.0,185400.0,188700.0,6784
202605121230,188700.0,188800.0,186000.0,187400.0,6296
202605121245,187500.0,188000.0,186200.0,187300.0,5274
202605121300,186900.0,188100.0,184300.0,184400.0,5973
202605121315,184500.0,184500.0,180300.0,180500.0,9416
202605121330,180600.0,182100.0,179600.0,179700.0,8058
202605121345,179900.0,179900.0,177800.0,178300.0,7303
202605121400,178300.0,179600.0,176300.0,176700.0,8212
202605121415,176700.0,178300.0,175900.0,177900.0,7813
202605121430,177900.0,177900.0,176100.0,176800.0,8186
202605121445,176900.0,179200.0,176700.0,178100.0,8340
202605121500,178000.0,180200.0,177600.0,179800.0,8652
202605121515,179800.0,181000.0,173300.0,173300.0,33004
202605130900,172500.0,179500.0,169200.0,176000.0,4567
202605130915,176300.0,185100.0,174800.0,184800.0,9044
202605130930,184900.0,188000.0,183800.0,186800.0,18545
202605130945,187000.0,187900.0,181800.0,182200.0,11142
202605131000,182100.0,184400.0,181000.0,183500.0,5200
202605131015,183500.0,187600.0,182600.0,185100.0,5172
202605131030,185200.0,186900.0,184800.0,186100.0,8088
202605131045,186400.0,186700.0,181700.0,181700.0,3075
202605131100,181800.0,181900.0,178400.0,180300.0,3357
202605131115,179700.0,186500.0,179500.0,182300.0,3058
202605131130,182400.0,183900.0,182000.0,182700.0,1428
202605131145,182700.0,182900.0,182000.0,182000.0,1583
202605131200,182200.0,183500.0,182100.0,183500.0,1039
202605131215,183300.0,183900.0,182700.0,183300.0,1465
202605131230,183300.0,183700.0,182900.0,183300.0,1296
202605131245,183400.0,183400.0,182500.0,182700.0,1855
202605131300,183100.0,185300.0,182500.0,185100.0,4349
202605131315,185000.0,188800.0,184500.0,186400.0,9768
202605131330,186400.0,187100.0,185800.0,186100.0,3998
202605131345,186100.0,187000.0,185800.0,186700.0,4259
202605131400,186500.0,187500.0,186200.0,186900.0,4370
202605131415,187000.0,189400.0,186700.0,187500.0,6364
202605131430,187600.0,189000.0,187300.0,188000.0,4825
202605131445,187800.0,189000.0,187400.0,188300.0,4286
202605131500,188400.0,189600.0,188300.0,189000.0,6429
202605131515,189000.0,189700.0,188700.0,189500.0,3339
202605140900,187900.0,187900.0,183900.0,185300.0,3647
202605140915,185300.0,186400.0,183500.0,185900.0,4369
202605140930,186600.0,187800.0,186100.0,187500.0,2874
202605140945,187500.0,187800.0,184600.0,185600.0,2211
202605141000,185600.0,187100.0,183800.0,186100.0,4173
202605141015,186100.0,187600.0,185200.0,187000.0,5996
202605141030,186400.0,187000.0,185100.0,186400.0,1844
202605141045,186400.0,187200.0,183000.0,184200.0,3324
202605141100,184300.0,185300.0,183400.0,185100.0,1504
202605141115,185000.0,185600.0,184600.0,185400.0,1455
202605141130,185400.0,188900.0,185200.0,185500.0,2357
202605141145,185600.0,185800.0,183900.0,185700.0,2392
202605141200,185700.0,188100.0,185700.0,187700.0,1518
202605141215,187600.0,188800.0,187400.0,188800.0,1514
202605141230,188300.0,189000.0,187000.0,187900.0,1431
202605141245,188100.0,188800.0,187800.0,188400.0,1561
202605141300,188400.0,188600.0,186400.0,187000.0,1960
202605141315,187100.0,187800.0,186800.0,187600.0,1327
202605141330,187600.0,194900.0,187500.0,193200.0,5461
202605141345,193400.0,194300.0,192100.0,194200.0,4763
202605141400,194300.0,194300.0,191600.0,191600.0,4409
202605141415,191600.0,192800.0,190600.0,192500.0,4053
202605141430,192700.0,194000.0,192200.0,192600.0,4564
202605141445,192800.0,193900.0,191400.0,192900.0,5595
202605141500,192600.0,192700.0,190300.0,190700.0,3136
202605141515,190700.0,191300.0,190100.0,190100.0,3039
202605150900,190200.0,190500.0,186000.0,188200.0,2769
202605150915,188200.0,190800.0,186200.0,190100.0,5247
202605150930,190000.0,191900.0,188800.0,190900.0,4080
202605150945,190500.0,194300.0,190200.0,192800.0,4543
202605151000,192300.0,192800.0,187400.0,190000.0,5248
202605151015,189600.0,192400.0,189600.0,191400.0,4465
202605151030,191300.0,195400.0,190100.0,194100.0,6354
202605151045,194100.0,194600.0,190100.0,190100.0,7176
202605151100,190300.0,191100.0,188000.0,188500.0,3150
202605151115,188700.0,192000.0,188200.0,190700.0,2629
202605151130,189900.0,190800.0,188900.0,189600.0,2887
202605151145,189900.0,191700.0,188800.0,189400.0,2434
202605151200,189300.0,189800.0,187000.0,187500.0,2761
202605151215,187500.0,188500.0,187100.0,187100.0,1977
202605151230,187200.0,187700.0,185600.0,185800.0,2050
202605151245,186200.0,188400.0,185300.0,187500.0,2256
202605151300,187500.0,188300.0,185900.0,186500.0,2341
202605151315,186200.0,186400.0,184600.0,185100.0,2132
202605151330,185600.0,187800.0,184800.0,187600.0,2365
202605151345,187600.0,187600.0,184800.0,185500.0,3842
202605151400,185500.0,187100.0,184200.0,186800.0,1726
202605151415,186800.0,187000.0,184200.0,184900.0,2460
202605151430,185000.0,185300.0,181900.0,182000.0,3206
202605151445,182200.0,182900.0,179800.0,180500.0,5431
202605151500,180500.0,184900.0,177700.0,181500.0,7847
202605151515,181600.0,182100.0,179600.0,181500.0,2745
202605180900,217000.0,222000.0,195800.0,201500.0,32493
202605180915,201000.0,207500.0,199700.0,200500.0,19475
202605180930,200500.0,202000.0,197200.0,201000.0,16089
202605180945,200500.0,214000.0,199000.0,212500.0,15582
202605181000,212500.0,213000.0,204000.0,207000.0,7594
202605181015,207500.0,211500.0,205000.0,209500.0,7189
202605181030,210000.0,211500.0,206000.0,209000.0,7023
202605181045,208000.0,216000.0,206000.0,210500.0,7798
202605181100,211000.0,213500.0,206000.0,213500.0,7021
202605181115,213000.0,216500.0,208500.0,213500.0,6714
202605181130,213000.0,215500.0,210500.0,214000.0,5556
202605181145,213000.0,214500.0,210500.0,213000.0,4676
202605181200,213500.0,214000.0,210500.0,211500.0,5914
202605181215,211500.0,212500.0,210500.0,212500.0,4715
202605181230,212000.0,220000.0,211500.0,219000.0,14019
202605181245,219000.0,220000.0,216500.0,218500.0,9994
202605181300,218000.0,219000.0,216500.0,217500.0,5092
202605181315,218000.0,220000.0,214000.0,214000.0,5829
202605181330,214500.0,217000.0,211000.0,215500.0,5164
202605181345,215500.0,216000.0,213500.0,215000.0,3621
202605181400,215500.0,219500.0,213500.0,214500.0,4383
202605181415,215000.0,217000.0,213000.0,214000.0,3796
202605181430,214000.0,216000.0,213000.0,215000.0,5334
202605181445,215000.0,217500.0,215000.0,217500.0,4676
202605181500,217000.0,229500.0,216000.0,227500.0,34358
202605181515,227500.0,229500.0,222000.0,223000.0,15564
202605190900,224500.0,225500.0,213500.0,214500.0,9884
202605190915,214500.0,220000.0,212000.0,219000.0,6627
202605190930,218500.0,219500.0,212500.0,213500.0,3490
202605190945,213000.0,214500.0,211000.0,211000.0,7158
202605191000,211500.0,212500.0,207500.0,209000.0,11661
202605191015,209000.0,209500.0,205500.0,206000.0,8226
202605191030,206000.0,211500.0,205500.0,211000.0,10879
202605191045,211000.0,211500.0,207500.0,208000.0,5561
202605191100,208000.0,209500.0,204000.0,204500.0,8114
202605191115,205000.0,207000.0,204000.0,204500.0,3547
202605191130,205000.0,206000.0,203000.0,205500.0,4055
202605191145,205500.0,207500.0,203500.0,205500.0,3024
202605191200,205000.0,208000.0,204000.0,206000.0,3856
202605191215,206000.0,208500.0,205000.0,208000.0,3786
202605191230,208000.0,209500.0,205500.0,206000.0,4190
202605191245,206000.0,214500.0,204500.0,211500.0,8967
202605191300,211500.0,214500.0,208000.0,209000.0,4510
202605191315,209000.0,210000.0,207000.0,209000.0,3653
202605191330,209000.0,211000.0,207500.0,208500.0,3688
202605191345,209000.0,211500.0,207000.0,210000.0,3935
202605191400,210000.0,212500.0,208000.0,210000.0,4467
202605191415,210000.0,213000.0,209000.0,211500.0,6087
202605191430,211500.0,213500.0,210000.0,211500.0,6667
202605191445,211500.0,214500.0,210500.0,213500.0,7102
202605191500,213000.0,215500.0,212000.0,213000.0,12776
202605191515,213500.0,215000.0,210000.0,210000.0,4465
202605200900,213000.0,228000.0,212750.0,220500.0,20592
202605200915,220500.0,227500.0,216000.0,225000.0,18848
202605200930,223500.0,226500.0,221000.0,222000.0,7620
202605200945,221500.0,224000.0,219000.0,219500.0,6674
202605201000,219500.0,224500.0,217500.0,223500.0,4089
202605201015,223500.0,226000.0,220500.0,222000.0,3134
202605201030,221500.0,222500.0,220000.0,221500.0,2083
202605201045,222000.0,228000.0,219000.0,228000.0,3284
202605201100,228000.0,228000.0,222000.0,228000.0,5633
202605201115,228000.0,232500.0,224500.0,226000.0,10069
202605201130,225500.0,226500.0,219000.0,225500.0,7301
202605201145,225500.0,227500.0,222000.0,223500.0,2703
202605201200,223500.0,225000.0,221500.0,224000.0,2057
202605201215,224000.0,224500.0,220000.0,221500.0,3125
202605201230,221000.0,223500.0,219500.0,222000.0,2075
202605201245,221500.0,224000.0,221000.0,224000.0,3342
202605201300,224000.0,225500.0,222500.0,224500.0,3616
202605201315,224000.0,226000.0,222500.0,226000.0,4373
202605201330,225500.0,240500.0,224000.0,238000.0,31017
202605201345,238000.0,238500.0,232000.0,233000.0,16542
202605201400,233000.0,235000.0,230500.0,231500.0,10261
202605201415,231000.0,233000.0,227500.0,231500.0,7081
202605201430,231000.0,237500.0,230500.0,236000.0,6519
202605201445,235000.0,239000.0,234000.0,239000.0,12370
202605201500,238500.0,246000.0,231500.0,240500.0,18628
202605201515,240500.0,247500.0,237000.0,237000.0,7905
202605210900,231500.0,239000.0,230500.0,233000.0,12962
202605210915,232500.0,233000.0,228500.0,229000.0,8437
202605210930,229000.0,233000.0,226000.0,228500.0,7285
202605210945,229000.0,231000.0,226500.0,229500.0,5966
202605211000,229500.0,231000.0,227000.0,229000.0,3964
202605211015,228500.0,229000.0,225000.0,227000.0,5218
202605211030,227000.0,231500.0,226500.0,229500.0,3396
202605211045,229500.0,231000.0,227000.0,227000.0,4548
202605211100,227500.0,227500.0,224000.0,225000.0,5991
202605211115,225000.0,226000.0,224000.0,225500.0,3984
202605211130,225500.0,227500.0,224500.0,226000.0,5241
202605211145,226000.0,230000.0,225500.0,229000.0,4831
202605211200,229000.0,232000.0,229000.0,231000.0,4374
202605211215,231000.0,232500.0,230000.0,231000.0,3060
202605211230,231000.0,233500.0,230500.0,232000.0,3194
202605211245,231500.0,235500.0,231000.0,233500.0,4017
202605211300,234000.0,236000.0,232500.0,233500.0,3905
202605211315,233500.0,234000.0,230500.0,231000.0,6369
202605211330,230500.0,232500.0,230000.0,230000.0,4437
202605211345,230000.0,231500.0,229000.0,229000.0,5738
202605211400,229000.0,231000.0,228000.0,230000.0,6092
202605211415,230000.0,231000.0,228500.0,229000.0,4210
202605211430,229000.0,231000.0,228000.0,228500.0,5386
202605211445,228500.0,229500.0,226500.0,227000.0,8785
202605211500,227000.0,228000.0,226000.0,226000.0,7194
202605211515,226000.0,226500.0,225000.0,226500.0,6334
202605220900,230000.0,239000.0,227000.0,231500.0,11927
202605220915,231000.0,237000.0,230500.0,235000.0,5748
202605220930,235000.0,235000.0,226500.0,232500.0,5023
202605220945,232000.0,236000.0,232000.0,235500.0,6040
202605221000,235500.0,243000.0,234500.0,238500.0,7079
202605221015,238000.0,244000.0,237000.0,243000.0,4291
202605221030,243000.0,243000.0,237000.0,238500.0,3132
202605221045,238500.0,240000.0,237000.0,238500.0,2460
202605221100,238000.0,240000.0,236500.0,238500.0,2652
202605221115,238500.0,241000.0,238000.0,241000.0,1538
202605221130,240500.0,241000.0,238000.0,239000.0,1474
202605221145,238500.0,239000.0,236000.0,236500.0,2219
202605221200,237000.0,238500.0,236000.0,236500.0,1212
202605221215,236000.0,236500.0,235000.0,235000.0,2069
202605221230,235500.0,236500.0,234500.0,235000.0,1245
202605221245,235000.0,237000.0,234500.0,236500.0,2850
202605221300,237000.0,240000.0,236000.0,239000.0,1785
202605221315,238500.0,240000.0,236000.0,237000.0,3865
202605221330,236500.0,238000.0,236000.0,237000.0,3114
202605221345,237000.0,240500.0,236000.0,238500.0,4053
202605221400,238500.0,240500.0,237500.0,240000.0,3932
202605221415,240000.0,243500.0,238500.0,243500.0,4412
202605221430,243500.0,250000.0,243000.0,246000.0,9241
202605221445,245500.0,247000.0,242000.0,243000.0,7690
202605221500,243000.0,247500.0,243000.0,245500.0,6861
202605221515,246000.0,247000.0,244000.0,244000.0,2215
202605260900,246000.0,250000.0,234500.0,239000.0,14048
202605260915,239500.0,241000.0,233500.0,238500.0,9882
202605260930,238000.0,238000.0,231000.0,232500.0,9458
202605260945,234000.0,236500.0,230500.0,231500.0,5417
202605261000,231500.0,234000.0,231000.0,233000.0,3387
202605261015,233000.0,234000.0,230000.0,233500.0,5395
202605261030,233500.0,234000.0,230000.0,231000.0,3017
202605261045,231000.0,232500.0,229000.0,232000.0,3164
202605261100,232000.0,233500.0,232000.0,233000.0,2026
202605261115,232500.0,233500.0,232000.0,232000.0,1939
202605261130,232000.0,233000.0,231500.0,231500.0,2069
202605261145,231500.0,232000.0,228500.0,229000.0,3873
202605261200,229000.0,230500.0,229000.0,229000.0,1351
202605261215,229000.0,231500.0,229000.0,229000.0,2127
202605261230,229000.0,230500.0,228500.0,230500.0,1651
202605261245,230000.0,231500.0,229500.0,231000.0,2617
202605261300,230500.0,232000.0,230000.0,231000.0,1973
202605261315,230500.0,231000.0,229500.0,231000.0,3258
202605261330,231000.0,231000.0,229500.0,230000.0,2038
202605261345,230000.0,230500.0,229000.0,229500.0,2120
202605261400,229500.0,230000.0,229000.0,229000.0,3626
202605261415,229000.0,229500.0,228500.0,228500.0,3051
202605261430,228500.0,229000.0,227500.0,227500.0,7138
202605261445,228000.0,228500.0,226500.0,226500.0,4870
202605261500,227000.0,228000.0,226000.0,228000.0,3558
202605261515,227500.0,228500.0,227500.0,227500.0,2639
202605270900,230500.0,230500.0,215000.0,220500.0,11336
202605270915,220500.0,224000.0,219000.0,220000.0,5149
202605270930,220000.0,223500.0,217500.0,222500.0,5487
202605270945,222750.0,222750.0,218500.0,219000.0,3143
202605271000,218500.0,221500.0,215000.0,220500.0,18432
202605271015,220000.0,222500.0,218500.0,220500.0,2018
202605271030,220500.0,223000.0,218000.0,219500.0,2258
202605271045,219250.0,220500.0,207500.0,211500.0,10050
202605271100,211500.0,214500.0,210000.0,211000.0,5949
202605271115,210000.0,212000.0,208000.0,208000.0,5251
202605271130,208500.0,210500.0,207500.0,207500.0,5535
202605271145,206000.0,208500.0,206000.0,206500.0,8580
202605271200,206500.0,208500.0,206000.0,207500.0,3690
202605271215,207500.0,209000.0,206500.0,207500.0,3477
202605271230,207500.0,209000.0,206500.0,207500.0,3469
202605271245,207500.0,209000.0,206500.0,206500.0,3223
202605271300,206500.0,208000.0,206000.0,207000.0,3653
202605271315,207500.0,212000.0,206000.0,211500.0,6785
202605271330,211500.0,213000.0,207500.0,208500.0,10899
202605271345,208500.0,209000.0,207000.0,207500.0,6468
202605271400,207500.0,210000.0,205000.0,205500.0,6788
202605271415,205000.0,207000.0,205000.0,206500.0,6556
202605271430,206500.0,212000.0,206000.0,209000.0,6815
202605271445,209000.0,212000.0,207500.0,212000.0,7129
202605271500,211500.0,214500.0,206500.0,213500.0,9204
202605271515,213000.0,219000.0,210000.0,210000.0,5425
202605280900,203000.0,203500.0,195800.0,196200.0,18902
202605280915,196200.0,196400.0,194500.0,194700.0,11106
202605280930,194700.0,194900.0,193500.0,194000.0,8056
202605280945,194000.0,194100.0,190800.0,191100.0,10301
202605281000,191150.0,191150.0,188800.0,189200.0,8197
202605281015,189200.0,190600.0,189000.0,190100.0,6855
202605281030,190100.0,190200.0,189000.0,189100.0,5134
202605281045,189100.0,190500.0,188900.0,189800.0,4737
202605281100,189700.0,189900.0,188100.0,188100.0,4278
202605281115,188100.0,188300.0,186300.0,186300.0,4896
202605281130,186400.0,186700.0,185000.0,185000.0,4983
202605281145,185000.0,186100.0,184800.0,185400.0,3622
202605281200,185400.0,187000.0,185300.0,186900.0,3876
202605281215,186900.0,187400.0,186300.0,187100.0,3150
202605281230,187000.0,187200.0,180500.0,180500.0,8352
202605281245,180500.0,181900.0,179100.0,180200.0,11631
202605281300,180200.0,181700.0,180100.0,180600.0,4853
202605281315,180600.0,181700.0,180300.0,180900.0,5790
202605281330,181000.0,181700.0,180900.0,181100.0,4320
202605281345,181100.0,181300.0,180000.0,180600.0,5206
202605281400,180700.0,181100.0,179700.0,180700.0,13899
202605281415,180600.0,185000.0,180200.0,185000.0,7152
202605281430,185000.0,193000.0,184900.0,193000.0,9366
202605281445,193100.0,194800.0,192900.0,193400.0,8324
202605281500,193400.0,208500.0,193400.0,203000.0,13311
202605281515,202500.0,207500.0,202500.0,205000.0,4642
202605290900,203500.0,208500.0,195200.0,197100.0,9132
202605290915,197000.0,200000.0,196100.0,198700.0,4700
202605290930,198500.0,198500.0,197000.0,197000.0,3405
202605290945,197000.0,197000.0,195000.0,195000.0,3496
202605291000,195000.0,195700.0,194200.0,194200.0,4599
202605291015,194200.0,194300.0,188400.0,189000.0,5869
202605291030,189000.0,189200.0,186600.0,186900.0,2978
202605291045,186700.0,187400.0,186300.0,186400.0,4131
202605291100,186600.0,186600.0,182700.0,182700.0,5232
202605291115,182700.0,184100.0,180500.0,183700.0,6581
202605291130,183800.0,195900.0,183800.0,192100.0,6231
202605291145,192100.0,192900.0,188500.0,189100.0,4902
202605291200,189100.0,193900.0,189000.0,191800.0,4405
202605291215,191500.0,193000.0,189000.0,189000.0,4401
202605291230,189000.0,189100.0,185500.0,186000.0,3662
202605291245,186000.0,193800.0,186000.0,186500.0,4093
202605291300,186600.0,187000.0,185900.0,185900.0,3915
202605291315,186000.0,187100.0,185200.0,185200.0,4674
202605291330,185300.0,187900.0,185050.0,185050.0,3611
202605291345,185000.0,186100.0,184000.0,184200.0,4610
202605291400,184100.0,187600.0,184000.0,186300.0,4849
202605291415,186300.0,189800.0,186300.0,189300.0,3531
202605291430,189300.0,192700.0,188800.0,192700.0,5480
202605291445,192800.0,194500.0,192000.0,194100.0,5147
202605291500,194100.0,195100.0,193200.0,194000.0,4939
202605291515,194100.0,200000.0,194100.0,199900.0,9026
202606010900,191800.0,191800.0,185000.0,185000.0,18169
202606010915,185300.0,192500.0,185000.0,191600.0,11482
202606010930,191600.0,194600.0,185200.0,185400.0,8656
202606010945,185600.0,187600.0,185000.0,187600.0,5807
202606011000,187500.0,188400.0,186000.0,186000.0,6135
202606011015,186100.0,186400.0,185000.0,185200.0,5014
202606011030,185200.0,185500.0,185000.0,185300.0,3667
202606011045,185400.0,185800.0,185100.0,185500.0,3160
202606011100,185400.0,186000.0,185100.0,185900.0,2287
202606011115,185900.0,187000.0,185400.0,186500.0,2700
202606011130,186500.0,186800.0,185400.0,185600.0,1920
202606011145,185700.0,186900.0,185700.0,185900.0,1632
202606011200,185950.0,186800.0,185900.0,186500.0,1379
202606011215,186400.0,187400.0,186000.0,186700.0,1200
202606011230,186800.0,186800.0,185800.0,186700.0,2961
202606011245,186400.0,187000.0,186300.0,186600.0,1776
202606011300,186700.0,187000.0,186600.0,186900.0,1755
202606011315,186900.0,186900.0,186000.0,186300.0,2131
202606011330,186400.0,189700.0,186200.0,189300.0,2998
202606011345,189300.0,189900.0,187200.0,188000.0,2319
202606011400,188300.0,194800.0,188300.0,194400.0,5631
202606011415,194300.0,196500.0,192500.0,195500.0,6085
202606011430,195500.0,199050.0,195100.0,197000.0,6063
202606011445,197000.0,198600.0,195500.0,197700.0,4866
202606011500,197800.0,199000.0,197700.0,198500.0,5162
202606011515,198500.0,199000.0,198100.0,198100.0,1890
202606020900,191400.0,207500.0,186500.0,186800.0,9518
202606020915,187600.0,193950.0,186300.0,188200.0,6933
202606020930,188200.0,191000.0,186900.0,187300.0,5159
202606020945,187200.0,187400.0,186000.0,186400.0,3878
202606021000,186300.0,187500.0,185100.0,186000.0,4813
202606021015,186000.0,187100.0,185500.0,186100.0,1783
202606021030,186300.0,187500.0,185300.0,185400.0,3258
202606021045,185300.0,185500.0,185000.0,185200.0,2873
202606021100,185200.0,185300.0,185000.0,185100.0,2491
202606021115,185100.0,191400.0,185000.0,191400.0,2430
202606021130,190000.0,192200.0,186400.0,186500.0,4982
202606021145,186500.0,188900.0,186000.0,186000.0,5672
202606021200,186000.0,186500.0,185700.0,186100.0,8505
202606021215,186000.0,186000.0,182300.0,182300.0,4812
202606021230,181900.0,184600.0,180500.0,184600.0,10773
202606021245,185000.0,186800.0,184900.0,186500.0,2282
202606021300,186500.0,189700.0,186500.0,188900.0,2984
202606021315,188900.0,189600.0,188900.0,189200.0,2401
202606021330,189200.0,191800.0,189200.0,191800.0,2160
202606021345,191700.0,194000.0,191700.0,194000.0,2505
202606021400,194000.0,197000.0,193500.0,197000.0,3165
202606021415,197000.0,205500.0,197000.0,202500.0,10467
202606021430,203000.0,206000.0,196100.0,205000.0,4748
202606021445,204500.0,206000.0,201500.0,205000.0,5075
202606021500,205000.0,205000.0,202000.0,203500.0,3962
202606021515,204000.0,206000.0,203500.0,204500.0,2692
202606040900,216000.0,224500.0,210500.0,219500.0,26063
202606040915,219500.0,222000.0,211000.0,220000.0,7867
202606040930,220500.0,222000.0,217500.0,219500.0,5409
202606040945,219500.0,231000.0,219500.0,230500.0,17977
202606041000,230500.0,236000.0,228500.0,233000.0,22077
202606041015,232500.0,238000.0,231500.0,235500.0,14153
202606041030,235500.0,241500.0,230000.0,230000.0,14563
202606041045,230500.0,232000.0,224000.0,231000.0,4290
202606041100,230500.0,233000.0,229500.0,230000.0,1983
202606041115,229500.0,230000.0,215000.0,218000.0,5695
202606041130,218000.0,218000.0,211000.0,216000.0,6414
202606041145,215500.0,220500.0,212500.0,219000.0,3478
202606041200,219500.0,228500.0,216500.0,227000.0,4163
202606041215,225500.0,229500.0,221500.0,224000.0,3182
202606041230,223500.0,228000.0,223000.0,227000.0,1355
202606041245,227000.0,228000.0,223500.0,227000.0,1782
202606041300,227000.0,228000.0,223000.0,226500.0,1455
202606041315,226500.0,231500.0,225500.0,226000.0,3008
202606041330,225500.0,230000.0,225500.0,229000.0,2282
202606041345,229000.0,229500.0,227500.0,228500.0,2601
202606041400,228000.0,228000.0,216500.0,220500.0,5492
202606041415,221000.0,223000.0,217500.0,221500.0,4031
202606041430,221500.0,225500.0,221500.0,224000.0,4517
202606041445,224000.0,224500.0,222000.0,223000.0,4483
202606041500,223000.0,224500.0,222000.0,222000.0,4444
202606041515,222500.0,225500.0,220000.0,221500.0,5468
202606050900,210500.0,211000.0,197400.0,206000.0,10740
202606050915,206000.0,207000.0,200500.0,206500.0,3464
202606050930,206500.0,213000.0,205500.0,207500.0,3186
202606050945,208000.0,208000.0,200500.0,202000.0,3031
202606051000,202500.0,208000.0,201000.0,207000.0,1433
202606051015,207000.0,211000.0,205000.0,207500.0,1749
202606051030,207500.0,208000.0,204000.0,204500.0,2059
202606051045,205500.0,219500.0,204000.0,218500.0,2796
202606051100,218500.0,220000.0,215000.0,218000.0,1423
202606051115,218000.0,218000.0,212500.0,215000.0,1053
202606051130,214500.0,216000.0,210000.0,210000.0,644
202606051145,210000.0,211500.0,207000.0,209000.0,1114
202606051200,209000.0,211000.0,209000.0,210500.0,517
202606051215,211000.0,211000.0,209500.0,209500.0,583
202606051230,209500.0,211000.0,208500.0,210000.0,939
202606051245,210000.0,210000.0,206500.0,207750.0,968
202606051300,207500.0,207500.0,204500.0,204500.0,1293
202606051315,204500.0,205000.0,203000.0,203500.0,1196
202606051330,203500.0,204500.0,202500.0,203000.0,1466
202606051345,202500.0,203500.0,202500.0,203500.0,969
202606051400,203000.0,203500.0,200500.0,201000.0,2166
202606051415,201000.0,201000.0,200500.0,201000.0,1210
202606051430,201000.0,204000.0,200000.0,203000.0,1788
202606051445,203000.0,209000.0,202000.0,205500.0,3500
202606051500,205500.0,208500.0,204000.0,205000.0,5063
202606051515,205000.0,207500.0,202000.0,206000.0,2465
202606080900,174000.0,190000.0,173700.0,186300.0,8785
202606080915,186300.0,197600.0,183500.0,190800.0,3355
202606080930,190750.0,196500.0,187500.0,193800.0,3379
202606080945,193800.0,195000.0,191800.0,194900.0,4322
202606081000,194900.0,196900.0,189200.0,193100.0,2840
202606081015,193500.0,194900.0,186000.0,186100.0,2713
202606081030,186100.0,187900.0,185000.0,186500.0,3093
202606081045,186500.0,190500.0,185100.0,190400.0,2495
202606081100,190400.0,190400.0,188000.0,189600.0,1473
202606081115,189600.0,190500.0,186700.0,190500.0,1524
202606081130,190400.0,192700.0,188100.0,192100.0,2620
202606081145,192400.0,194900.0,190700.0,192600.0,2446
202606081200,192500.0,194700.0,192000.0,194600.0,941
202606081215,194600.0,195300.0,194500.0,194700.0,1211
202606081230,194800.0,195200.0,194600.0,194700.0,1168
202606081245,194700.0,195200.0,194200.0,195000.0,1609
202606081300,195100.0,195200.0,193600.0,194600.0,1782
202606081315,194600.0,194700.0,192000.0,192200.0,2197
202606081330,192200.0,192900.0,192000.0,192800.0,4063
202606081345,192400.0,192900.0,192000.0,192100.0,2604
202606081400,192200.0,193200.0,192000.0,192900.0,1798
202606081415,192500.0,195200.0,192200.0,193700.0,2200
202606081430,193800.0,194300.0,191800.0,191800.0,1284
202606081500,189500.0,189500.0,182800.0,183300.0,5450
202606081515,183100.0,187400.0,183100.0,185100.0,2218
202606090900,197600.0,203000.0,191000.0,200500.0,6410
202606090915,200500.0,211000.0,199900.0,210000.0,7905
202606090930,210000.0,215000.0,199700.0,212000.0,7572
202606090945,212000.0,213000.0,209000.0,210000.0,2754
202606091000,210000.0,210000.0,204500.0,204500.0,2157
202606091015,205000.0,205500.0,198000.0,205500.0,2888
202606091030,205500.0,208500.0,201000.0,207500.0,3975
202606091045,208000.0,211000.0,200500.0,209000.0,2248
202606091100,210500.0,215000.0,210000.0,214500.0,3530
202606091115,215000.0,215000.0,211000.0,212500.0,1411
202606091130,212500.0,213000.0,207500.0,211500.0,1017
202606091145,211000.0,214000.0,210500.0,214000.0,1306
202606091200,214000.0,214000.0,213000.0,213000.0,1130
202606091215,213500.0,215000.0,212000.0,215000.0,1472
202606091230,215000.0,218500.0,213500.0,218000.0,2921
202606091245,218000.0,218500.0,215500.0,217500.0,1876
202606091300,217000.0,219000.0,217000.0,219000.0,1941
202606091315,219000.0,223000.0,218500.0,222000.0,2961
202606091330,222500.0,224000.0,221500.0,222000.0,3521
202606091345,222000.0,224500.0,221000.0,222000.0,1984
202606091400,223000.0,224500.0,217000.0,220500.0,2575
202606091415,220500.0,223000.0,216000.0,216000.0,2213
202606091430,216000.0,220000.0,213000.0,214000.0,3472
202606091445,213500.0,215500.0,205000.0,207000.0,7218
202606091500,207000.0,212000.0,206500.0,211000.0,4976
202606091515,211500.0,217000.0,211000.0,213500.0,4239
202606100900,211500.0,227000.0,211500.0,221500.0,9033
202606100915,221500.0,235000.0,219000.0,230000.0,8048
202606100930,228500.0,230500.0,223000.0,225000.0,8450
202606100945,224500.0,227000.0,219500.0,223500.0,10133
202606101000,223500.0,228500.0,222000.0,226000.0,16075
202606101015,225500.0,227500.0,222500.0,223000.0,4355
202606101030,223000.0,224000.0,220500.0,221000.0,4150
202606101045,220500.0,221500.0,218500.0,218500.0,3821
202606101100,218000.0,219000.0,215000.0,217000.0,2540
202606101115,216000.0,217000.0,210000.0,214000.0,4053
202606101130,214000.0,215000.0,210000.0,214000.0,2343
202606101145,214000.0,215000.0,211500.0,214000.0,1678
202606101200,214000.0,216000.0,213000.0,215000.0,1659
202606101215,214500.0,215500.0,213000.0,214000.0,1548
202606101230,213500.0,214000.0,211000.0,211000.0,2290
202606101245,211000.0,211500.0,209000.0,210500.0,4846
202606101300,210000.0,210000.0,206500.0,208000.0,3805
202606101315,208500.0,210500.0,204500.0,205500.0,4267
202606101330,205500.0,206000.0,202500.0,202500.0,5016
202606101345,202500.0,206000.0,202000.0,203000.0,3701
202606101400,203000.0,204500.0,201500.0,201500.0,2721
202606101415,201500.0,207000.0,201000.0,206000.0,4030
202606101430,206000.0,206500.0,201500.0,203000.0,2297
202606101445,203000.0,204500.0,202000.0,203500.0,3445
202606101500,203500.0,207000.0,203500.0,206000.0,2417
202606101515,206500.0,208000.0,205000.0,207500.0,3025
202606110900,202500.0,214000.0,199100.0,213000.0,10149
202606110915,213000.0,232500.0,213000.0,229000.0,27605
202606110930,229500.0,229500.0,216500.0,220500.0,7930
202606110945,221000.0,225000.0,220500.0,224500.0,4608
202606111000,225000.0,233500.0,224000.0,225000.0,11813
202606111015,224500.0,243500.0,222500.0,240500.0,22489
202606111030,240000.0,240500.0,233000.0,234500.0,16434
202606111045,234000.0,249000.0,230500.0,242000.0,21872
202606111100,241000.0,248000.0,241000.0,247500.0,13251
202606111115,246500.0,249500.0,242500.0,242500.0,7088
202606111130,243500.0,245000.0,241000.0,242500.0,4366
202606111145,242500.0,246000.0,241500.0,245500.0,3193
202606111200,244500.0,248000.0,243500.0,246000.0,6366
202606111215,246000.0,248500.0,245000.0,248500.0,3878
202606111230,248000.0,254500.0,248000.0,252500.0,15885
202606111245,252500.0,258000.0,251500.0,256500.0,7662
202606111300,255500.0,257500.0,253000.0,255500.0,5865
202606111315,255000.0,255500.0,251500.0,253500.0,4189
202606111330,254000.0,256000.0,252000.0,255500.0,4685
202606111345,255000.0,263000.0,254500.0,255000.0,10828
202606111400,255000.0,261500.0,253000.0,259000.0,5023
202606111415,259000.0,265000.0,257000.0,261000.0,11472
202606111430,261000.0,267500.0,257500.0,267500.0,9185
202606111445,269000.0,269500.0,260000.0,260000.0,26169
202606111500,261000.0,265500.0,257000.0,261000.0,13201
202606111515,260500.0,262500.0,257500.0,260000.0,35688
202606120900,268000.0,268500.0,257000.0,259000.0,16435
202606120915,259000.0,267500.0,257000.0,264000.0,8830
202606120930,265500.0,267000.0,262500.0,265500.0,7271
202606120945,265500.0,269000.0,262000.0,269000.0,3068
202606121000,269500.0,270500.0,265000.0,266500.0,4245
202606121015,266500.0,267000.0,260000.0,262000.0,3903
202606121030,262000.0,262000.0,257500.0,258500.0,3916
202606121045,258000.0,264500.0,258000.0,263500.0,2448
202606121100,263000.0,264500.0,262000.0,264000.0,1952
202606121115,264000.0,264500.0,262000.0,262500.0,1375
202606121130,262500.0,266500.0,262000.0,265500.0,2340
202606121145,265500.0,268000.0,264500.0,265000.0,2176
202606121200,264500.0,266000.0,264000.0,264000.0,1945
202606121215,264500.0,265500.0,263500.0,264000.0,2563
202606121230,264000.0,264500.0,262500.0,264000.0,2112
202606121245,264000.0,267500.0,263000.0,266500.0,2107
202606121300,266500.0,270000.0,266000.0,269500.0,3266
202606121315,269000.0,271000.0,268000.0,271000.0,2906
202606121330,271000.0,273000.0,267500.0,269000.0,4488
202606121345,269000.0,276500.0,267500.0,275000.0,6081
202606121400,274500.0,282500.0,270000.0,282000.0,12407
202606121415,282000.0,282500.0,275500.0,278000.0,16827
202606121430,278000.0,278500.0,271500.0,275500.0,12878
202606121445,277000.0,278000.0,271000.0,273500.0,16624
202606121500,274000.0,275000.0,270500.0,271000.0,10357
202606121515,271000.0,273500.0,269000.0,270500.0,5645
202606150900,276000.0,280000.0,265000.0,271000.0,16449
202606150915,271500.0,273000.0,265000.0,270000.0,7465
202606150930,270000.0,270500.0,262500.0,262500.0,5552
202606150945,263500.0,273500.0,260500.0,270500.0,7222
202606151000,270500.0,271500.0,258000.0,259500.0,10537
202606151015,259000.0,260000.0,254000.0,256500.0,12168
202606151030,257000.0,258500.0,254000.0,257000.0,7353
202606151045,257000.0,257000.0,252500.0,253000.0,7338
202606151100,254000.0,256000.0,251500.0,253000.0,8620
202606151115,253000.0,256000.0,251000.0,252500.0,6069
202606151130,252000.0,253000.0,251000.0,251500.0,7278
202606151145,253000.0,254500.0,251000.0,253000.0,6480
202606151200,253000.0,253500.0,250000.0,251500.0,6637
202606151215,251500.0,252500.0,250000.0,250500.0,6161
202606151230,251000.0,251500.0,249000.0,250500.0,5953
202606151245,250500.0,250500.0,247500.0,250500.0,7221
202606151300,249500.0,251500.0,248000.0,250500.0,8747
202606151315,251000.0,254000.0,250500.0,252000.0,6508
202606151330,252500.0,258000.0,251500.0,256500.0,10473
202606151345,256000.0,259000.0,254500.0,258500.0,9477
202606151400,258500.0,264000.0,258000.0,262000.0,11237
202606151415,262000.0,263000.0,257000.0,258500.0,7884
202606151430,258500.0,262500.0,257500.0,259500.0,6990
202606151445,259000.0,263500.0,256000.0,259000.0,8299
202606151500,259000.0,263000.0,257000.0,259000.0,5312
202606151515,259000.0,260000.0,257500.0,259000.0,3627
202606160900,256500.0,259000.0,251500.0,255000.0,6543
202606160915,255000.0,260000.0,255000.0,255000.0,2846
202606160930,255000.0,255500.0,249000.0,254000.0,4693
202606160945,254000.0,254500.0,251000.0,254500.0,3984
202606161000,254500.0,257500.0,253000.0,256000.0,3435
202606161015,254500.0,257000.0,254000.0,256000.0,2950
202606161030,256000.0,258000.0,255000.0,256500.0,2434
202606161045,256500.0,259500.0,255000.0,259000.0,2572
202606161100,259000.0,264500.0,255000.0,260000.0,4266
202606161115,260500.0,261500.0,256000.0,260000.0,3736
202606161130,260000.0,261000.0,258500.0,260000.0,1960
202606161145,260000.0,261000.0,258500.0,259500.0,1932
202606161200,259500.0,261000.0,256500.0,257000.0,2731
202606161215,257500.0,258000.0,255000.0,257500.0,2153
202606161230,257500.0,258000.0,255000.0,255500.0,1872
202606161245,255500.0,257000.0,255000.0,256500.0,1439
202606161300,256500.0,257000.0,253000.0,253500.0,1899
202606161315,253500.0,255000.0,251000.0,251500.0,3180
202606161330,252000.0,252500.0,249500.0,250000.0,2996
202606161345,250500.0,253000.0,249500.0,252000.0,2175
202606161400,252000.0,256000.0,251500.0,254500.0,4155
202606161415,254500.0,255000.0,253000.0,254500.0,3262
202606161430,254000.0,255000.0,251000.0,252500.0,4731
202606161445,252000.0,252500.0,250000.0,251500.0,4630
202606161500,251500.0,253000.0,250000.0,251500.0,4876
202606161515,251500.0,253500.0,250500.0,251000.0,4048
202606170900,251000.0,264000.0,247000.0,257000.0,13426
202606170915,255500.0,264500.0,253500.0,264000.0,5983
202606170930,263500.0,265500.0,254500.0,256000.0,6256
202606170945,256000.0,258000.0,253000.0,255500.0,3412
202606171000,256000.0,256000.0,253000.0,255500.0,2604
202606171015,255000.0,256500.0,252500.0,252500.0,2917
202606171030,253000.0,255000.0,251000.0,252000.0,2380
202606171045,252500.0,255000.0,252000.0,254000.0,2458
202606171100,254000.0,254000.0,250000.0,251000.0,2704
202606171115,251000.0,252500.0,250000.0,251000.0,2542
202606171130,251000.0,251500.0,248500.0,249500.0,2544
202606171145,249500.0,251500.0,248500.0,249500.0,2331
202606171200,249500.0,252500.0,249000.0,251000.0,2577
202606171215,250500.0,252500.0,250000.0,250500.0,2065
202606171230,250000.0,252000.0,249500.0,250000.0,2060
202606171245,250000.0,251500.0,249000.0,250500.0,2026
202606171300,250500.0,252000.0,249500.0,250500.0,2056
202606171315,251000.0,252000.0,247500.0,248000.0,3546
202606171330,248000.0,250000.0,246500.0,248500.0,2894
202606171345,248500.0,249000.0,246500.0,247500.0,3171
202606171400,247500.0,251500.0,247000.0,250500.0,3359
202606171415,250000.0,251000.0,248000.0,249500.0,2882
202606171430,249500.0,252000.0,249000.0,251000.0,3822
202606171445,251000.0,253000.0,250000.0,251000.0,2763
202606171500,251000.0,253000.0,250000.0,252500.0,1849
202606171515,252500.0,253000.0,251500.0,252500.0,1649
202606180900,252500.0,254500.0,245000.0,251000.0,4206
202606180915,251500.0,258000.0,251000.0,257000.0,4207
202606180930,257500.0,259500.0,254000.0,254000.0,3546
202606180945,254500.0,257500.0,253000.0,253500.0,2499
202606181000,253500.0,257000.0,253000.0,257000.0,1181
202606181015,257000.0,257500.0,254500.0,255500.0,1028
202606181030,256000.0,256000.0,249500.0,251000.0,2783
202606181045,251500.0,252000.0,248000.0,249500.0,1543
202606181100,249000.0,252500.0,248000.0,252500.0,1241
202606181115,252000.0,252500.0,248000.0,248500.0,1128
202606181130,249000.0,250500.0,248000.0,249000.0,1227
202606181145,249500.0,250500.0,246500.0,248500.0,2145
202606181200,249000.0,250500.0,248000.0,250000.0,1015
202606181215,249500.0,251000.0,247500.0,248500.0,1007
202606181230,249500.0,249500.0,247500.0,248000.0,1281
202606181245,248000.0,248500.0,247000.0,247500.0,1474
202606181300,247500.0,249000.0,246000.0,246000.0,2425
202606181315,246000.0,247500.0,244500.0,246500.0,2754
202606181330,246500.0,249500.0,246000.0,249500.0,1553
202606181345,248500.0,251500.0,246500.0,250500.0,2709
202606181400,251000.0,251000.0,245000.0,247500.0,7516
202606181415,247000.0,250000.0,246000.0,247500.0,2405
202606181430,248000.0,249500.0,246500.0,248000.0,3541
202606181445,248000.0,250000.0,246000.0,249500.0,4168
202606181500,249500.0,250500.0,247500.0,248000.0,2946
202606181515,247500.0,251000.0,247000.0,249000.0,2735
202606190900,253500.0,253500.0,245500.0,249500.0,7623
202606190915,249500.0,253000.0,246000.0,252500.0,2949
202606190930,252500.0,252500.0,243000.0,246500.0,3518
202606190945,247000.0,247500.0,243500.0,244500.0,12125
202606191000,245000.0,246500.0,243000.0,245500.0,2888
202606191015,245000.0,247000.0,243000.0,246500.0,2971
202606191030,247000.0,252000.0,246500.0,248500.0,3297
202606191045,248500.0,251000.0,245500.0,246500.0,2735
202606191100,246000.0,247500.0,242500.0,244000.0,7471
202606191115,244500.0,249000.0,243500.0,247500.0,2369
202606191130,248000.0,250000.0,246500.0,249500.0,2897
202606191145,249500.0,251000.0,248000.0,249500.0,2268
202606191200,250000.0,251000.0,248000.0,249000.0,2065
202606191215,249000.0,250500.0,245000.0,246000.0,2856
202606191230,246000.0,246500.0,241000.0,243000.0,5073
202606191245,243500.0,245000.0,240000.0,243000.0,5218
202606191300,243500.0,244000.0,240000.0,242500.0,5025
202606191315,241000.0,244500.0,240500.0,243000.0,2961
202606191330,242500.0,243000.0,240000.0,241000.0,4715
202606191345,241000.0,243500.0,237000.0,241500.0,5958
202606191400,242000.0,244000.0,240000.0,242500.0,4244
202606191415,242000.0,244000.0,240500.0,241000.0,2953
202606191430,242000.0,242500.0,238000.0,241000.0,4172
202606191445,241500.0,244000.0,240500.0,243000.0,3333
202606191500,243000.0,246000.0,242000.0,244500.0,2716
202606191515,244500.0,245000.0,243500.0,244000.0,2101
202606220900,244000.0,265000.0,243000.0,262000.0,13088
202606220915,261500.0,266000.0,251000.0,255000.0,11156
202606220930,255000.0,260000.0,250500.0,256500.0,3551
202606220945,257000.0,263500.0,254500.0,263000.0,5181
202606221000,263000.0,267500.0,259000.0,266500.0,9157
202606221015,267000.0,268000.0,259000.0,260500.0,5775
202606221030,260500.0,262000.0,258000.0,262000.0,3482
202606221045,261000.0,262500.0,258000.0,259500.0,2860
202606221100,259500.0,263000.0,258500.0,258500.0,3284
202606221115,258500.0,260000.0,256000.0,256500.0,3078
202606221130,256500.0,261500.0,256500.0,260000.0,1954
202606221145,259500.0,261500.0,259000.0,259500.0,1870
202606221200,260000.0,262000.0,258500.0,259500.0,2565
202606221215,261000.0,261500.0,258500.0,259000.0,1861
202606221230,259500.0,260500.0,258000.0,259500.0,1707
202606221245,258500.0,261000.0,258000.0,259000.0,1678
202606221300,259000.0,260000.0,253500.0,255000.0,4534
202606221315,255000.0,257000.0,255000.0,256000.0,2038
202606221330,256000.0,257000.0,250500.0,252500.0,4713
202606221345,252000.0,257000.0,251500.0,254500.0,7020
202606221400,255500.0,257000.0,253500.0,255500.0,4903
202606221415,255500.0,257500.0,253500.0,254000.0,3873
202606221430,254000.0,257500.0,253500.0,257000.0,7019
202606221445,257000.0,257500.0,254500.0,256000.0,4234
202606221500,256500.0,259500.0,255500.0,258000.0,2600
202606221515,258000.0,259500.0,257000.0,259500.0,1498
202606230900,253500.0,259000.0,251500.0,252000.0,5366
202606230915,253000.0,258500.0,250500.0,253500.0,3837
202606230930,254500.0,257000.0,253500.0,253500.0,2912
202606230945,253500.0,255500.0,249500.0,249500.0,2354
202606231000,250500.0,265000.0,250000.0,262000.0,5937
202606231015,260500.0,261500.0,253000.0,253000.0,2273
202606231030,253000.0,253500.0,250000.0,250500.0,2331
202606231045,250500.0,251000.0,247000.0,247000.0,3264
202606231100,247000.0,250000.0,246000.0,249500.0,2738
202606231115,249500.0,250000.0,247500.0,249000.0,1418
202606231130,249000.0,253500.0,247000.0,248500.0,1988
202606231145,248000.0,252000.0,247000.0,250500.0,1449
202606231200,250000.0,250500.0,247000.0,248500.0,1960
202606231215,248500.0,250000.0,247500.0,248500.0,1335
202606231230,248000.0,249500.0,245000.0,247000.0,2097
202606231245,246500.0,250000.0,245500.0,250000.0,1982
202606231300,249500.0,251000.0,247500.0,249000.0,1719
202606231315,249000.0,249000.0,245000.0,245000.0,1566
202606231330,245500.0,246500.0,242000.0,244000.0,1903
202606231345,244500.0,245000.0,241000.0,243500.0,2345
202606231400,243500.0,247000.0,242000.0,243000.0,2310
202606231415,243000.0,244000.0,240000.0,241000.0,2646
202606231430,241000.0,242000.0,238000.0,239500.0,3661
202606231445,240000.0,242000.0,237500.0,240500.0,3885
202606231500,240000.0,242000.0,235000.0,237000.0,5511
202606231515,237500.0,239000.0,235000.0,235500.0,4083
202606240900,243000.0,267000.0,240000.0,252500.0,10926
202606240915,252500.0,256000.0,241500.0,246500.0,9221
202606240930,246000.0,253000.0,242000.0,249500.0,5359
202606240945,249500.0,251000.0,243500.0,245500.0,3544
202606241000,244000.0,246500.0,241500.0,242500.0,2312
202606241015,242500.0,244000.0,237500.0,240500.0,2725
202606241030,240500.0,243000.0,237500.0,241000.0,2656
202606241045,243000.0,245000.0,239500.0,243500.0,2263
202606241100,244000.0,250000.0,243000.0,247500.0,1543
202606241115,247500.0,248500.0,244500.0,245500.0,1063
202606241130,246000.0,247500.0,241000.0,242000.0,1232
202606241145,242000.0,243000.0,235500.0,236500.0,1790
202606241200,236500.0,240000.0,235500.0,237000.0,1816
202606241215,238000.0,241000.0,236500.0,239000.0,2055
202606241230,239000.0,245500.0,238000.0,243000.0,1987
202606241245,243000.0,247000.0,243000.0,245000.0,1187
202606241300,244000.0,246500.0,243500.0,243500.0,2296
202606241315,244000.0,244500.0,240000.0,240000.0,2316
202606241330,240000.0,244500.0,240000.0,244500.0,1973
202606241345,243500.0,246000.0,243000.0,244500.0,2041
202606241400,244500.0,247000.0,243500.0,245500.0,2329
202606241415,246000.0,251000.0,244500.0,249500.0,5064
202606241430,249000.0,252500.0,248000.0,249000.0,4039
202606241445,249000.0,251000.0,246000.0,247000.0,3881
202606241500,247000.0,251000.0,246500.0,248500.0,3403
202606241515,249000.0,250000.0,247500.0,249500.0,1918
202606250900,257500.0,265000.0,252000.0,252000.0,8847
202606250915,252500.0,253000.0,246000.0,247500.0,9656
202606250930,247000.0,247500.0,241000.0,243000.0,7013
202606250945,243500.0,249000.0,239000.0,242000.0,3748
202606251000,242000.0,242500.0,226000.0,228000.0,19458
202606251015,228000.0,232500.0,225000.0,228500.0,10510
202606251030,228500.0,229000.0,224000.0,226500.0,9519
202606251045,227000.0,227500.0,223500.0,223500.0,7705
202606251100,223500.0,226500.0,223000.0,223500.0,4569
202606251115,224000.0,226000.0,223000.0,224500.0,3692
202606251130,223500.0,225000.0,222000.0,222500.0,3816
202606251145,222000.0,223000.0,221000.0,221500.0,3138
202606251200,221500.0,223500.0,220500.0,222000.0,4092
202606251215,222500.0,224000.0,221500.0,222000.0,2913
202606251230,222000.0,223500.0,221000.0,223500.0,3312
202606251245,223500.0,225500.0,219500.0,220000.0,6779
202606251300,220500.0,222500.0,219000.0,220000.0,7876
202606251315,220000.0,223000.0,219000.0,220000.0,5298
202606251330,220000.0,221500.0,218000.0,220000.0,5098
202606251345,220000.0,224500.0,219000.0,220000.0,6164
202606251400,220000.0,222000.0,219000.0,220000.0,5025
202606251415,219500.0,221500.0,218000.0,219000.0,5518
202606251430,218500.0,224500.0,218500.0,224000.0,5489
202606251445,224000.0,224500.0,220000.0,220000.0,5406
202606251500,220000.0,221000.0,217000.0,219000.0,8872
202606251515,218500.0,220000.0,216000.0,218000.0,11233
202606260900,222500.0,232000.0,217500.0,223000.0,9358
202606260915,224000.0,224000.0,218500.0,220000.0,8366
202606260930,221000.0,221000.0,215000.0,217000.0,4866
202606260945,217500.0,218000.0,213500.0,217500.0,4544
202606261000,218000.0,226000.0,217500.0,226000.0,6777
202606261015,226000.0,236000.0,225000.0,230500.0,11969
202606261030,231000.0,234500.0,229000.0,230000.0,5395
202606261045,230500.0,235000.0,227500.0,228000.0,8573
202606261100,228000.0,229500.0,225500.0,228000.0,2322
202606261115,228000.0,228000.0,224500.0,226750.0,4282
202606261130,227000.0,227000.0,222000.0,223000.0,3073
202606261145,223000.0,224500.0,220500.0,221000.0,4167
202606261200,221000.0,221500.0,218000.0,219000.0,3972
202606261215,218500.0,220000.0,216000.0,219500.0,2475
202606261230,219500.0,221500.0,217500.0,219500.0,3127
202606261245,219000.0,222000.0,219000.0,222000.0,3637
202606261300,222500.0,225000.0,219000.0,224000.0,4287
202606261315,224000.0,225000.0,221000.0,224000.0,3129
202606261330,223500.0,224500.0,220000.0,221000.0,3162
202606261345,221500.0,222500.0,218000.0,222500.0,3753
202606261400,222500.0,223000.0,219500.0,221500.0,3743
202606261415,222000.0,225000.0,220500.0,224000.0,2382
202606261430,225000.0,227500.0,223000.0,223000.0,3454
202606261445,223500.0,225000.0,222500.0,223500.0,3167
202606261500,224500.0,224500.0,220500.0,221500.0,3382
202606261515,222500.0,224000.0,221500.0,223500.0,2801
202606290900,232500.0,235500.0,226000.0,232000.0,6724
202606290915,232000.0,234000.0,227500.0,228500.0,3316
202606290930,227500.0,235000.0,225500.0,234000.0,4991
202606290945,233500.0,234000.0,226000.0,226000.0,2050
202606291000,226500.0,230000.0,223000.0,229000.0,2347
202606291015,228000.0,229000.0,221000.0,221500.0,2899
202606291030,221500.0,225500.0,221500.0,222000.0,1967
202606291045,223000.0,224500.0,219000.0,222500.0,1943
202606291100,222500.0,224500.0,219500.0,220000.0,1676
202606291115,220000.0,222500.0,219000.0,220000.0,1625
202606291130,220000.0,223000.0,218500.0,223000.0,2152
202606291145,223000.0,223500.0,220000.0,221500.0,2586
202606291200,221500.0,223000.0,220000.0,220500.0,1605
202606291215,220500.0,224000.0,220000.0,223000.0,1638
202606291230,223000.0,224000.0,219500.0,220500.0,1569
202606291245,220500.0,224500.0,220000.0,222500.0,1295
202606291300,222500.0,225000.0,222500.0,224000.0,1445
202606291315,223500.0,224000.0,220000.0,220500.0,1481
202606291330,220500.0,221000.0,218000.0,218000.0,2650
202606291345,218000.0,221000.0,217500.0,219000.0,1686
202606291400,219000.0,222000.0,218500.0,221500.0,1726
202606291415,221000.0,221500.0,219500.0,221000.0,1926
202606291430,221000.0,224000.0,219000.0,224000.0,2568
202606291445,224000.0,225500.0,222000.0,224500.0,3252
202606291500,224500.0,225500.0,222000.0,223500.0,3211
202606291515,224000.0,226000.0,223500.0,224000.0,2533
202606300900,232000.0,250000.0,229000.0,249500.0,11885
202606300915,250000.0,252000.0,236000.0,238000.0,9985
202606300930,238000.0,241000.0,236000.0,236000.0,4091
202606300945,236500.0,243500.0,236500.0,240500.0,2981
202606301000,240000.0,240000.0,233500.0,235000.0,3259
202606301015,235000.0,241500.0,234000.0,240000.0,2108
202606301030,239500.0,244000.0,238000.0,238500.0,2532
202606301045,238500.0,243500.0,237000.0,240000.0,2110
202606301100,239500.0,240500.0,237000.0,237500.0,1793
202606301115,238000.0,242000.0,236500.0,239000.0,2058
202606301130,238000.0,244000.0,237500.0,243500.0,3150
202606301145,244000.0,244500.0,241500.0,243000.0,3284
202606301200,243500.0,246000.0,243000.0,245750.0,2565
202606301215,246000.0,248000.0,245000.0,245000.0,3408
202606301230,245000.0,248500.0,244000.0,247500.0,2420
202606301245,247000.0,250000.0,246000.0,248000.0,4430
202606301300,248000.0,250000.0,246000.0,247500.0,3268
202606301315,247500.0,249000.0,245500.0,247500.0,2420
202606301330,247500.0,249500.0,246500.0,247500.0,2857
202606301345,248000.0,254500.0,248000.0,254500.0,5827
202606301400,254000.0,255500.0,250000.0,250000.0,5914
202606301415,250000.0,254000.0,245000.0,250000.0,5481
202606301430,250500.0,253000.0,249000.0,250500.0,5051
202606301445,251000.0,252000.0,247000.0,247500.0,4523
202606301500,247000.0,248500.0,244500.0,246000.0,5479
202606301515,246500.0,247000.0,244500.0,244500.0,3464
202607010900,264000.0,266500.0,249000.0,260000.0,13998
202607010915,260000.0,272000.0,259000.0,270000.0,11200
202607010930,270000.0,276500.0,268000.0,276000.0,11816
202607010945,276500.0,278000.0,272500.0,274500.0,9290
202607011000,274000.0,275500.0,266500.0,269000.0,8713
202607011015,269000.0,271000.0,261500.0,270000.0,7520
202607011030,269500.0,273500.0,269000.0,271000.0,4105
202607011045,271000.0,271500.0,265500.0,269500.0,5207
202607011100,269000.0,269500.0,265000.0,268500.0,6090
202607011115,268500.0,271000.0,267000.0,270500.0,3287
202607011130,270500.0,273000.0,268000.0,273000.0,4243
202607011145,273000.0,274500.0,270000.0,273000.0,3234
202607011200,273000.0,275000.0,272000.0,274500.0,3833
202607011215,274500.0,277500.0,273500.0,274500.0,4709
202607011230,273500.0,276500.0,272500.0,274500.0,3373
202607011245,274500.0,279500.0,274000.0,274000.0,5477
202607011300,274000.0,276500.0,272000.0,275000.0,4171
202607011315,274500.0,275500.0,272000.0,272500.0,4623
202607011330,273000.0,273000.0,269000.0,270500.0,6236
202607011345,270500.0,273000.0,269000.0,270500.0,3985
202607011400,271000.0,274500.0,268500.0,274000.0,7454
202607011415,274000.0,275500.0,270500.0,274500.0,9769
202607011430,275000.0,282000.0,272500.0,279000.0,12084
202607011445,279000.0,280500.0,276500.0,277500.0,8771
202607011500,277000.0,279500.0,274500.0,277500.0,7435
202607011515,276500.0,279500.0,276000.0,276000.0,4394
202607020900,263500.0,265500.0,253500.0,261500.0,11276
202607020915,261500.0,267000.0,256500.0,263500.0,8204
202607020930,264500.0,265000.0,254500.0,254500.0,7700
202607020945,255000.0,261000.0,252500.0,257500.0,9827
202607021000,257000.0,263500.0,256000.0,263500.0,6346
202607021015,263500.0,268000.0,261500.0,264500.0,11533
202607021030,265500.0,268000.0,264000.0,265500.0,5831
202607021045,266000.0,269000.0,265000.0,266000.0,4934
202607021100,266000.0,268000.0,265000.0,268000.0,3645
202607021115,268000.0,268000.0,259500.0,261000.0,4169
202607021130,261000.0,264000.0,260000.0,262500.0,3315
202607021145,263500.0,264500.0,255500.0,261000.0,5561
202607021200,261500.0,261500.0,256500.0,257500.0,2589
202607021215,257500.0,259000.0,255500.0,256500.0,2804
202607021230,257000.0,258000.0,255500.0,256500.0,2689
202607021245,256500.0,259000.0,254500.0,257000.0,2977
202607021300,258000.0,258500.0,251000.0,255500.0,5079
202607021315,255500.0,258500.0,254500.0,257000.0,3772
202607021330,257000.0,257500.0,253500.0,255000.0,3073
202607021345,254500.0,258500.0,254500.0,256000.0,4536
202607021400,256000.0,257000.0,252500.0,253000.0,4809
202607021415,253500.0,255000.0,251000.0,253500.0,3539
202607021430,253500.0,253500.0,250500.0,252500.0,4938
202607021445,252500.0,256500.0,247500.0,250000.0,7119
202607021500,250000.0,250000.0,243000.0,246000.0,8731
202607021515,246000.0,248000.0,242500.0,246000.0,6095
202607030900,251000.0,253000.0,241000.0,250500.0,10049
202607030915,250500.0,253000.0,238500.0,242000.0,7310
202607030930,242000.0,249500.0,238500.0,243000.0,5614
202607030945,243000.0,244500.0,237000.0,239500.0,4685
202607031000,239000.0,246000.0,238000.0,244500.0,3487
202607031015,244000.0,252500.0,243000.0,250000.0,5414
202607031030,250000.0,256000.0,250000.0,252000.0,4518
202607031045,252000.0,254500.0,250500.0,251000.0,3282
202607031100,250500.0,254500.0,245500.0,246000.0,4131
202607031115,246000.0,250000.0,245000.0,247000.0,1704
202607031130,247000.0,250000.0,245000.0,246000.0,1621
202607031145,246000.0,249500.0,246000.0,247000.0,1807
202607031200,246500.0,247000.0,242000.0,242500.0,2098
202607031215,242500.0,244500.0,242500.0,243500.0,1075
202607031230,244000.0,244500.0,239500.0,240000.0,2573
202607031245,240500.0,245000.0,239500.0,243000.0,1511
202607031300,243000.0,246000.0,242500.0,244500.0,2421
202607031315,245000.0,248500.0,244000.0,245000.0,3050
202607031330,245000.0,248000.0,244500.0,246500.0,3005
202607031345,246500.0,254500.0,246000.0,251500.0,5225
202607031400,252500.0,255000.0,250500.0,251000.0,8171
202607031415,251500.0,260500.0,251000.0,258000.0,7147
202607031430,258500.0,262000.0,252500.0,253500.0,8996
202607031445,253500.0,257500.0,250000.0,256500.0,5864
202607031500,256000.0,256500.0,251000.0,254000.0,5919
202607031515,254000.0,254500.0,251000.0,251000.0,3826
202607060900,246500.0,263000.0,239500.0,240000.0,10541
202607060915,240500.0,242000.0,232000.0,236500.0,7820
202607060930,236000.0,238000.0,232500.0,233000.0,7756
202607060945,233000.0,236000.0,231500.0,234000.0,7982
202607061000,232500.0,236000.0,228500.0,232000.0,8378
202607061015,233500.0,238000.0,231500.0,236500.0,7115
202607061030,237000.0,239500.0,236000.0,237000.0,7160
202607061045,237000.0,237000.0,232000.0,234000.0,5595
202607061100,233000.0,235000.0,230500.0,233500.0,5802
202607061115,233000.0,233500.0,229500.0,230000.0,3728
202607061130,230500.0,232000.0,227500.0,227500.0,3782
202607061145,229000.0,231500.0,227000.0,230500.0,3617
202607061200,230500.0,232000.0,228500.0,229000.0,2774
202607061215,230000.0,232000.0,229000.0,231000.0,2845
202607061230,231000.0,233000.0,229500.0,230500.0,2561
202607061245,230500.0,232000.0,229500.0,229500.0,2973
202607061300,230000.0,233000.0,229500.0,231000.0,2932
202607061315,231500.0,241000.0,231000.0,239000.0,5200
202607061330,240000.0,243000.0,239500.0,240500.0,5601
202607061345,241000.0,243000.0,239500.0,239500.0,5300
202607061400,239500.0,242000.0,238500.0,239500.0,4841
202607061415,239500.0,243000.0,239000.0,241000.0,5275
202607061430,241000.0,243500.0,239500.0,242500.0,5302
202607061445,242000.0,247000.0,240000.0,245000.0,5755
202607061500,245000.0,247500.0,244000.0,245000.0,5721
202607061515,245000.0,248000.0,244500.0,244500.0,2646
202607070900,245500.0,252250.0,233500.0,237000.0,8914
202607070915,237000.0,249500.0,235500.0,244500.0,5251
202607070930,245000.0,245500.0,236000.0,239000.0,5915
202607070945,237500.0,241000.0,235000.0,238500.0,3235
202607071000,238500.0,240500.0,235500.0,237000.0,2297
202607071015,237000.0,238000.0,232000.0,233000.0,2884
202607071030,233500.0,240000.0,232000.0,238000.0,3199
202607071045,239000.0,243000.0,232500.0,233500.0,2719
202607071100,234500.0,234500.0,231500.0,233000.0,2626
202607071115,233500.0,234000.0,229500.0,230500.0,2989
202607071130,231000.0,232000.0,229000.0,231500.0,2869
202607071145,230500.0,232000.0,228000.0,230500.0,2730
202607071200,231000.0,231000.0,228000.0,229000.0,2539
202607071215,228500.0,230000.0,226000.0,227000.0,2941
202607071230,226500.0,229000.0,225500.0,226500.0,3550
202607071245,225500.0,228000.0,224000.0,225500.0,2704
202607071300,225500.0,230000.0,225000.0,229000.0,3236
202607071315,228000.0,232500.0,226000.0,230500.0,3816
202607071330,231000.0,232000.0,227500.0,229500.0,3109
202607071345,229500.0,231500.0,226500.0,228000.0,4128
202607071400,228000.0,230000.0,224000.0,226000.0,4086
202607071415,225500.0,231500.0,223000.0,229000.0,6625
202607071430,230500.0,231500.0,226500.0,230000.0,4741
202607071445,230000.0,232500.0,228500.0,232000.0,5580
202607071500,232000.0,233000.0,230000.0,233000.0,3504
202607071515,232500.0,235000.0,230000.0,233500.0,5571
202607080900,222000.0,233500.0,217500.0,231500.0,5540
202607080915,231000.0,246000.0,229000.0,245000.0,6894
202607080930,244500.0,249500.0,236500.0,249500.0,14498
202607080945,249000.0,249000.0,235500.0,239500.0,9982
202607081000,239500.0,246000.0,234500.0,244500.0,5801
202607081015,244500.0,246000.0,239000.0,240500.0,5545
202607081030,240500.0,241500.0,235000.0,236000.0,7762
202607081045,236000.0,237000.0,230500.0,235000.0,3076
202607081100,233500.0,235500.0,230000.0,231500.0,3303
202607081115,231500.0,234000.0,229500.0,231000.0,2252
202607081130,230500.0,231500.0,228000.0,231500.0,2062
202607081145,231000.0,232000.0,229000.0,230500.0,1851
202607081200,230000.0,235000.0,229500.0,234000.0,2134
202607081215,234000.0,236000.0,233000.0,234500.0,1422
202607081230,235000.0,237000.0,233000.0,234500.0,2145
202607081245,234500.0,236000.0,233500.0,234500.0,1743
202607081300,234500.0,235000.0,231500.0,233500.0,2249
202607081315,232500.0,233500.0,230500.0,232000.0,2626
202607081330,232500.0,235000.0,228500.0,230000.0,5942
202607081345,229500.0,233000.0,222000.0,231500.0,9585
202607081400,231500.0,232000.0,224500.0,227000.0,8942
202607081415,228000.0,231000.0,225500.0,227500.0,7950
202607081430,228000.0,230000.0,224500.0,226000.0,11627
202607081445,227000.0,230000.0,226000.0,229000.0,11119
202607081500,229500.0,231500.0,227000.0,227500.0,9064
202607081515,227500.0,229500.0,226500.0,229500.0,2748
202607090900,233000.0,242500.0,225500.0,240000.0,14316
202607090915,240000.0,242000.0,236500.0,239500.0,8761
202607090930,239500.0,243500.0,237000.0,241000.0,6096
202607090945,240500.0,242500.0,230000.0,234000.0,7648
202607091000,233500.0,239000.0,232500.0,237000.0,2696
202607091015,237000.0,240000.0,236500.0,237500.0,2086
202607091030,237500.0,242000.0,235500.0,241000.0,2572
202607091045,240500.0,241500.0,233000.0,235000.0,3577
202607091100,233500.0,237500.0,232000.0,237500.0,2198
202607091115,237500.0,241500.0,235500.0,236500.0,2239
202607091130,236500.0,236500.0,231000.0,232500.0,2111
202607091145,232000.0,233500.0,227000.0,230000.0,2435
202607091200,229000.0,230500.0,226500.0,228500.0,1911
202607091215,228000.0,232000.0,226500.0,232000.0,1381
202607091230,232000.0,233500.0,231000.0,232000.0,895
202607091245,231500.0,234000.0,231000.0,232500.0,1368
202607091300,232500.0,234000.0,231000.0,232500.0,1408
202607091315,232000.0,232500.0,224500.0,226000.0,2840
202607091330,225000.0,228000.0,224000.0,225000.0,3457
202607091345,224500.0,228000.0,222000.0,226000.0,3384
202607091400,226500.0,227000.0,222500.0,226000.0,2164
202607091415,226000.0,226000.0,221500.0,221500.0,2540
202607091430,223000.0,232500.0,220500.0,224000.0,4170
202607091445,224000.0,227000.0,223000.0,226500.0,1978
202607091500,226500.0,227000.0,223000.0,224000.0,2098
202607091515,224000.0,224500.0,222000.0,224000.0,3543
202607100900,240000.0,242000.0,235000.0,239500.0,5452
202607100915,240000.0,241000.0,232500.0,239500.0,3972
202607100930,239500.0,243500.0,236500.0,243000.0,8187
202607100945,243500.0,259500.0,243000.0,259500.0,13933
202607101000,260000.0,276000.0,257500.0,275500.0,21353
202607101015,276000.0,291000.0,273500.0,282000.0,31384
202607101030,281500.0,283000.0,277000.0,282000.0,9157
202607101045,281500.0,289500.0,277500.0,278500.0,13862
202607101100,279000.0,280000.0,273500.0,277500.0,10348
202607101115,277000.0,280000.0,276000.0,278000.0,6521
202607101130,278500.0,280000.0,275500.0,276500.0,6875
202607101145,276500.0,277500.0,267000.0,267000.0,12801
202607101200,267500.0,271000.0,267000.0,270500.0,10089
202607101215,270500.0,270500.0,265500.0,268500.0,8876
202607101230,268500.0,269500.0,266000.0,268500.0,3037
202607101245,269000.0,269500.0,262500.0,263500.0,5057
202607101300,263500.0,269000.0,262500.0,267500.0,3959
202607101315,267500.0,275500.0,266000.0,272500.0,5406
202607101330,272500.0,274500.0,270000.0,273000.0,4255
202607101345,273000.0,274000.0,270500.0,270500.0,2896
202607101400,270500.0,273000.0,269000.0,272000.0,3515
202607101415,272500.0,274500.0,267500.0,268500.0,7699
202607101430,269000.0,274000.0,268000.0,272000.0,7032
202607101445,271000.0,272500.0,269000.0,269000.0,6735
202607101500,269500.0,271500.0,267500.0,270000.0,10014
202607101515,270000.0,271500.0,269000.0,269500.0,4604
202607130900,278000.0,294000.0,275500.0,291000.0,20607
202607130915,291000.0,292000.0,284000.0,285000.0,7656
202607130930,285000.0,285000.0,278000.0,281000.0,7368
202607130945,281000.0,281500.0,271000.0,275000.0,7013
202607131000,275500.0,277500.0,271000.0,274500.0,5539
202607131015,274500.0,276000.0,265000.0,269500.0,6834
202607131030,269000.0,278500.0,268500.0,275000.0,4905
202607131045,274500.0,276500.0,271500.0,274000.0,3397
202607131100,273500.0,277500.0,271500.0,275500.0,2566
202607131115,275500.0,279500.0,274000.0,277000.0,4252
202607131130,276500.0,277000.0,273000.0,273500.0,3008
202607131145,273000.0,275000.0,270000.0,270000.0,2943
202607131200,270500.0,271000.0,267000.0,267500.0,2074
202607131215,267500.0,270000.0,267000.0,268000.0,1802
202607131230,267500.0,267500.0,261500.0,263500.0,4126
202607131245,263500.0,264500.0,261000.0,263000.0,3555
202607131300,263000.0,263500.0,253500.0,254500.0,22879
202607131315,255000.0,255500.0,246000.0,250000.0,14789
202607131330,249000.0,251000.0,247000.0,247000.0,3501
202607131345,247000.0,252000.0,245500.0,249000.0,9422
202607131400,248500.0,252500.0,246500.0,250000.0,8058
202607131415,249500.0,252500.0,248000.0,249000.0,7502
202607131430,249000.0,256500.0,249000.0,251500.0,7744
202607131445,253500.0,256000.0,250000.0,255500.0,7778
202607131500,255500.0,258500.0,251000.0,251500.0,9484
202607131515,252500.0,252500.0,250000.0,250500.0,3247
202607140900,258000.0,259500.0,245500.0,246500.0,10702
202607140915,246500.0,256500.0,243000.0,254500.0,8065
202607140930,255000.0,262000.0,252500.0,260000.0,10794
202607140945,261000.0,278500.0,260000.0,270000.0,24993
202607141000,270500.0,275500.0,265000.0,265500.0,11470
202607141015,265500.0,267000.0,262000.0,262500.0,6401
202607141030,262500.0,267000.0,260000.0,263500.0,5314
202607141045,263500.0,264000.0,255500.0,257000.0,7674
202607141100,257000.0,260000.0,256000.0,258000.0,4361
202607141115,257500.0,261000.0,253500.0,255500.0,7955
202607141130,255500.0,260000.0,252500.0,256500.0,4721
202607141145,257000.0,258500.0,253000.0,253500.0,3499
202607141200,253500.0,256500.0,248500.0,249500.0,6659
202607141215,250000.0,252500.0,247000.0,251000.0,6757
202607141230,251000.0,256500.0,250500.0,254500.0,3892
202607141245,254500.0,261000.0,254500.0,259000.0,4549
202607141300,259000.0,259500.0,251500.0,252000.0,4540
202607141315,252500.0,257500.0,251000.0,256000.0,4809
202607141330,256000.0,261000.0,256000.0,259000.0,3783
202607141345,259000.0,268000.0,258000.0,267000.0,7718
202607141400,267000.0,278000.0,266000.0,272000.0,15363
202607141415,272000.0,277000.0,271000.0,274500.0,9145
202607141430,275000.0,277500.0,268500.0,270500.0,11060
202607141445,272500.0,276000.0,270500.0,273500.0,13073
202607141500,273500.0,277500.0,271000.0,277000.0,12179
202607141515,276500.0,279000.0,275500.0,277000.0,10159
202607150900,284000.0,284500.0,267500.0,280500.0,15180
202607150915,279500.0,280500.0,270500.0,273000.0,9555
202607150930,273000.0,276500.0,267000.0,276000.0,10520
202607150945,276000.0,285000.0,274500.0,283500.0,11817
202607151000,283500.0,286000.0,278000.0,285000.0,9673
202607151015,285500.0,288500.0,281500.0,288000.0,5798
202607151030,288000.0,288500.0,281000.0,283000.0,5206
202607151045,283000.0,287000.0,282000.0,286000.0,2587
202607151100,286000.0,289500.0,285000.0,287500.0,4615
202607151115,288000.0,289500.0,287500.0,289000.0,3884
202607151130,289000.0,290000.0,286500.0,287500.0,3046
202607151145,287000.0,288500.0,285500.0,285500.0,2695
202607151200,285500.0,288500.0,285500.0,287500.0,2627
202607151215,288000.0,289000.0,286500.0,287000.0,2558
202607151230,286500.0,287500.0,283500.0,284500.0,3509
202607151245,284500.0,285500.0,282000.0,282500.0,3192
202607151300,283000.0,286500.0,281000.0,284000.0,4635
202607151315,284000.0,287000.0,282000.0,282500.0,3435
202607151330,282000.0,287000.0,282000.0,287000.0,2951
202607151345,287000.0,287500.0,283500.0,285500.0,3160
202607151400,286500.0,287000.0,282500.0,284500.0,3542
202607151415,284500.0,285000.0,281500.0,281500.0,4845
202607151430,281500.0,286000.0,280500.0,284500.0,5111
202607151445,284000.0,286500.0,282500.0,286000.0,4878
202607151500,286000.0,287500.0,284500.0,285500.0,5132
202607151515,285000.0,285500.0,284000.0,284500.0,2301
202607160900,284500.0,292000.0,272500.0,272500.0,8450
202607160915,272500.0,272500.0,265000.0,271000.0,8502
202607160930,270000.0,271500.0,263000.0,267000.0,4243
202607160945,267000.0,269500.0,263000.0,263000.0,2827
202607161000,264000.0,265500.0,258500.0,260500.0,3689
202607161015,259500.0,269000.0,259500.0,266000.0,3134
202607161030,265500.0,272000.0,262500.0,264500.0,3466
202607161045,264500.0,279500.0,264000.0,268000.0,4269
202607161100,267500.0,275500.0,266500.0,275500.0,2838
202607161115,273500.0,278000.0,272000.0,276000.0,3449
202607161130,275500.0,280000.0,273500.0,278500.0,3629
202607161145,279000.0,281000.0,277000.0,278000.0,2436
202607161200,278000.0,281000.0,277000.0,278000.0,1891
202607161215,278500.0,281000.0,277000.0,280000.0,2351
202607161230,279500.0,281000.0,278500.0,278500.0,1587
202607161245,278500.0,280500.0,278000.0,279500.0,1673
202607161300,280000.0,280500.0,278000.0,279500.0,1541
202607161315,279000.0,279500.0,276500.0,278500.0,1483
202607161330,277500.0,280000.0,277000.0,278000.0,1980
202607161345,278000.0,281000.0,276500.0,279500.0,1935
202607161400,278500.0,283500.0,277000.0,282000.0,3558
202607161415,282500.0,291000.0,281500.0,285500.0,9524
202607161430,285500.0,285500.0,277500.0,280000.0,5796
202607161445,280000.0,286500.0,278500.0,281500.0,4763
202607161500,281500.0,283000.0,278500.0,280000.0,8980
202607161515,280500.0,285000.0,280000.0,282500.0,5910
202607200900,280000.0,287000.0,265500.0,269500.0,9391
202607200915,269500.0,276500.0,262000.0,266000.0,9188
202607200930,265000.0,269500.0,262000.0,265000.0,8380
202607200945,265500.0,266500.0,256000.0,259500.0,9264
202607201000,259500.0,268000.0,259500.0,263500.0,6777
202607201015,263000.0,266000.0,258500.0,259500.0,3397
202607201030,259500.0,260000.0,253000.0,254500.0,6625
202607201045,254000.0,258500.0,253000.0,257000.0,4923
202607201100,257500.0,261000.0,255000.0,256500.0,4348
202607201115,256500.0,260500.0,255500.0,258500.0,4497
202607201130,258000.0,260000.0,255000.0,258500.0,3739
202607201145,258000.0,259000.0,255500.0,258500.0,3234
202607201200,258500.0,258500.0,255000.0,256000.0,3526
202607201215,256000.0,258500.0,254500.0,256500.0,2743
202607201230,256500.0,258500.0,254000.0,255500.0,2917
202607201245,255000.0,259000.0,254000.0,255500.0,3411
202607201300,255000.0,256000.0,251000.0,252000.0,3814
202607201315,251500.0,252500.0,249000.0,252000.0,5770
202607201330,251500.0,265500.0,251500.0,257500.0,7958
202607201345,257500.0,262000.0,256000.0,257500.0,5297
202607201400,257500.0,258500.0,254000.0,257500.0,4616
202607201415,257000.0,258000.0,254500.0,256500.0,3645
202607201430,256000.0,260500.0,255500.0,259500.0,4083
202607201445,260000.0,262500.0,257500.0,261000.0,5977
202607201500,260000.0,261500.0,255500.0,258000.0,8649
202607201515,258000.0,260500.0,258000.0,258500.0,4159
202607210900,257000.0,265000.0,253000.0,257500.0,5725
202607210915,257500.0,258500.0,243500.0,243500.0,7772
202607210930,243500.0,249000.0,242000.0,247000.0,10451
202607210945,247000.0,251500.0,242000.0,242500.0,5855
202607211000,242000.0,251500.0,242000.0,248000.0,6827
202607211015,248500.0,251500.0,247000.0,248000.0,2818
202607211030,248500.0,251500.0,245500.0,245500.0,2932
202607211045,246000.0,248500.0,244000.0,244500.0,4995
202607211100,245500.0,248000.0,244000.0,244500.0,1732
202607211115,244500.0,245000.0,243000.0,245000.0,3900
202607211130,245000.0,247000.0,244000.0,246500.0,1320
202607211145,246500.0,249500.0,246000.0,248500.0,1600
202607211200,249000.0,256500.0,249000.0,251000.0,5559
202607211215,251000.0,252000.0,248000.0,250000.0,4435
202607211230,249500.0,253000.0,248500.0,252500.0,3181
202607211245,252500.0,255500.0,250000.0,253000.0,7194
202607211300,254000.0,257000.0,253500.0,255500.0,5571
202607211315,255500.0,258500.0,254500.0,255500.0,4266
202607211330,255000.0,256000.0,253000.0,254500.0,3373
202607211345,255000.0,256000.0,252000.0,252500.0,3204
202607211400,252000.0,253000.0,247500.0,249000.0,5584
202607211415,249000.0,252500.0,246000.0,250500.0,5970
202607211430,251000.0,253000.0,249000.0,251000.0,4147
202607211445,252000.0,254000.0,250500.0,251000.0,4753
202607211500,251000.0,253000.0,250500.0,251000.0,4065
202607211515,251500.0,252500.0,250500.0,251000.0,2434
202607220900,259500.0,272500.0,258000.0,268000.0,12687
202607220915,268000.0,268000.0,257500.0,259500.0,9613
202607220930,259500.0,266000.0,258000.0,260000.0,7938
202607220945,260000.0,265500.0,255000.0,259000.0,9408
202607221000,258000.0,263000.0,254000.0,260500.0,4608
202607221015,261000.0,262500.0,258500.0,259500.0,2725
202607221030,259500.0,261500.0,257500.0,260500.0,2509
202607221045,259500.0,263000.0,256000.0,257500.0,2478
202607221100,256500.0,257500.0,251500.0,252000.0,3869
202607221115,252000.0,253500.0,250500.0,251500.0,3956
202607221130,251500.0,252500.0,250500.0,250500.0,3075
202607221145,251000.0,252500.0,250000.0,251000.0,3055
202607221200,250500.0,252500.0,248000.0,250500.0,4340
202607221215,250000.0,255000.0,248500.0,252500.0,3113
202607221230,252500.0,254500.0,251500.0,253500.0,2531
202607221245,254500.0,255000.0,251500.0,252500.0,2761
202607221300,253500.0,254500.0,251500.0,253000.0,2761
202607221315,253500.0,255500.0,252000.0,252000.0,3135
202607221330,253500.0,253500.0,250000.0,251500.0,3518
202607221345,251500.0,252500.0,249500.0,251000.0,3505
202607221400,252000.0,252000.0,247000.0,247000.0,3753
202607221415,247000.0,249000.0,244500.0,245500.0,6293
202607221430,245500.0,248000.0,243500.0,245000.0,3651
202607221445,244000.0,247000.0,243000.0,243500.0,6763
202607221500,243500.0,244000.0,240000.0,240500.0,10657
202607221515,241000.0,241000.0,239000.0,240000.0,3508
202607230900,246500.0,256500.0,244000.0,255000.0,10188
202607230915,255500.0,258500.0,253000.0,257000.0,7420
202607230930,256000.0,257000.0,247500.0,252500.0,2385
202607230945,252000.0,257000.0,251000.0,253500.0,8236
202607231000,254000.0,255500.0,251500.0,252000.0,1834
202607231015,252000.0,252500.0,244000.0,244000.0,3167
202607231030,244000.0,245500.0,230500.0,235000.0,7940
202607231045,236000.0,237000.0,230000.0,232500.0,13369
202607231100,232500.0,235500.0,230000.0,232000.0,6829
202607231115,232000.0,233000.0,230000.0,231000.0,5831
202607231130,231000.0,233000.0,230000.0,232500.0,3494
202607231145,233000.0,235500.0,231500.0,234000.0,3337
202607231200,234000.0,235000.0,231500.0,232500.0,2582
202607231215,232500.0,235000.0,230500.0,234000.0,3907
202607231230,234000.0,235500.0,233000.0,235000.0,2458
202607231245,234000.0,237000.0,234000.0,235500.0,4164
202607231300,235500.0,236000.0,231000.0,233500.0,4532
202607231315,233500.0,235500.0,231500.0,233500.0,5010
202607231330,233500.0,235000.0,231500.0,231500.0,4223
202607231345,231500.0,232500.0,228500.0,230500.0,8389
202607231400,230500.0,233500.0,230000.0,231000.0,4666
202607231415,232000.0,235500.0,230500.0,233000.0,4397
202607231430,233500.0,240500.0,233500.0,238000.0,5006
202607231445,237500.0,240000.0,237000.0,238500.0,3212
202607231500,238500.0,240500.0,238000.0,239500.0,4147
202607231515,240000.0,240000.0,238500.0,239500.0,3296
202607240900,232500.0,233000.0,222500.0,223000.0,9703
202607240915,223000.0,224000.0,217000.0,217500.0,8514
202607240930,217500.0,219000.0,214500.0,215500.0,16595
202607240945,215500.0,217500.0,214000.0,217000.0,7919
202607241000,217000.0,219500.0,214000.0,214500.0,7784
202607241015,215000.0,216500.0,213000.0,213000.0,5971
202607241030,213000.0,215000.0,210000.0,210500.0,6592
202607241045,210500.0,212000.0,205000.0,207000.0,12576
202607241100,207500.0,209000.0,205000.0,205500.0,7934
202607241115,205500.0,206500.0,203000.0,205000.0,9434
202607241130,205500.0,206500.0,202500.0,204000.0,14462
202607241145,204000.0,205000.0,199700.0,201500.0,11907
202607241200,202000.0,203000.0,199900.0,202000.0,12671
202607241215,202000.0,204000.0,200500.0,202000.0,7398
202607241230,202000.0,202500.0,200500.0,200500.0,6293
202607241245,201000.0,201500.0,199900.0,200500.0,7361
202607241300,200500.0,202500.0,200000.0,200500.0,10338
202607241315,200500.0,203000.0,200000.0,201500.0,8542
202607241330,201500.0,203500.0,200500.0,201000.0,8929
202607241345,201000.0,204500.0,200000.0,203000.0,13426
202607241400,203000.0,205500.0,200500.0,204000.0,9906
202607241415,204500.0,205500.0,202000.0,203500.0,11288
202607241430,203500.0,204500.0,202000.0,202000.0,9369
202607241445,203000.0,204500.0,201000.0,203500.0,10122
202607241500,203000.0,203000.0,201000.0,202500.0,7510
202607241515,202500.0,203000.0,202000.0,202500.0,3161
202607270900,209000.0,211000.0,202500.0,209500.0,8579
202607270915,209500.0,217000.0,207500.0,215500.0,7643
202607270930,215000.0,215000.0,205500.0,209500.0,3550
202607270945,209000.0,215000.0,207500.0,212500.0,5031
202607271000,212500.0,213000.0,205000.0,208000.0,8307
202607271015,207000.0,208500.0,202500.0,204000.0,4563
202607271030,205000.0,208000.0,203000.0,204000.0,3233
202607271045,205000.0,208000.0,204000.0,206000.0,2505
202607271100,206000.0,208000.0,204500.0,206000.0,2328
202607271115,206500.0,208500.0,205000.0,206500.0,3485
202607271130,206000.0,208500.0,205000.0,207000.0,2011
202607271145,207000.0,207500.0,205000.0,205500.0,1777
202607271200,206000.0,206500.0,204000.0,205500.0,1674
202607271215,206000.0,209000.0,206000.0,207500.0,2535
202607271230,206500.0,208500.0,204000.0,205500.0,1552
202607271245,205000.0,206000.0,204000.0,205500.0,886
202607271300,206000.0,208500.0,204500.0,207500.0,1152
202607271315,207500.0,210000.0,206000.0,206500.0,1628
202607271330,206500.0,208000.0,205500.0,207000.0,1205
202607271345,207000.0,208000.0,204500.0,206000.0,1318
202607271400,206000.0,207500.0,205000.0,206500.0,1474
202607271415,206500.0,209500.0,206000.0,208000.0,2650
202607271430,208000.0,209000.0,206500.0,207000.0,1459
202607271445,206500.0,208500.0,205500.0,206500.0,1729
202607271500,207000.0,209500.0,206000.0,208000.0,2691
202607271515,208000.0,209500.0,207000.0,209000.0,2443
202607280900,189400.0,190400.0,182000.0,184200.0,18097
202607280915,184200.0,186500.0,182000.0,182400.0,12428
202607280930,182400.0,183500.0,180600.0,182100.0,14390
202607280945,182000.0,182200.0,180000.0,180900.0,16919
202607281000,181100.0,181100.0,178100.0,178400.0,11550
202607281015,178500.0,178900.0,176200.0,177100.0,12093
202607281030,177100.0,177100.0,174200.0,174800.0,13535
202607281045,175100.0,177400.0,172100.0,172100.0,17295
202607281100,171500.0,173900.0,170900.0,172200.0,13728
202607281115,172150.0,175400.0,171700.0,173200.0,7277
202607281130,173400.0,174700.0,172600.0,172900.0,5273
202607281145,172800.0,174900.0,172700.0,174400.0,3416
202607281200,174300.0,174300.0,174100.0,174100.0,31
202607281230,173800.0,176000.0,171900.0,175500.0,7539
202607281245,175400.0,176900.0,174400.0,175100.0,6407
202607281300,175400.0,175900.0,173900.0,174000.0,3238
202607281315,174000.0,175200.0,173700.0,173700.0,3745
202607281330,173800.0,175400.0,173800.0,174700.0,4089
202607281345,174700.0,176000.0,172900.0,174500.0,7204
202607281400,174400.0,175700.0,172900.0,173200.0,3878
202607281415,173000.0,174800.0,172200.0,173900.0,6017
202607281430,173900.0,174500.0,172700.0,174000.0,5879
202607281445,174300.0,175800.0,173100.0,174300.0,11149
202607281500,174700.0,176800.0,174000.0,175400.0,5582
202607281515,175500.0,177000.0,175300.0,176400.0,3153
202607290900,179400.0,179800.0,175000.0,176200.0,5104
202607290915,176200.0,187500.0,171300.0,172700.0,10466
202607290930,172700.0,175000.0,168000.0,173200.0,4247
202607290945,172600.0,173200.0,170000.0,170100.0,2603
202607291000,170100.0,171700.0,165200.0,165200.0,6359
202607291015,165500.0,165700.0,163100.0,164700.0,10473
202607291030,164700.0,165100.0,159500.0,159900.0,5467
202607291045,159900.0,160300.0,157100.0,158300.0,8142
202607291100,158100.0,159800.0,150000.0,157000.0,6533
202607291115,157100.0,159100.0,155200.0,158700.0,4869
202607291130,159000.0,159000.0,155400.0,155400.0,2593
202607291145,155700.0,155900.0,151200.0,153200.0,2442
202607291200,153000.0,157100.0,152300.0,153400.0,2721
202607291215,153400.0,154200.0,152600.0,152600.0,1072
202607291245,151300.0,152600.0,149600.0,150600.0,3502
202607291300,150200.0,152000.0,148900.0,150300.0,5172
202607291315,150300.0,151400.0,147700.0,148000.0,5936
202607291330,148100.0,149800.0,146800.0,148000.0,5527
202607291345,147900.0,151900.0,147500.0,150400.0,6384
202607291400,150400.0,154000.0,149800.0,153600.0,4535
202607291415,153500.0,154500.0,150800.0,153800.0,4144
202607291430,153800.0,157400.0,152800.0,156300.0,4942
202607291445,156300.0,159000.0,154200.0,158800.0,5798
202607291500,157700.0,159000.0,154100.0,156500.0,9217
202607291515,156700.0,157500.0,155100.0,157500.0,4262
202607300900,158600.0,160000.0,152100.0,156500.0,8303
202607300915,156500.0,160400.0,153200.0,153700.0,8595
202607300930,153600.0,154500.0,146100.0,147200.0,6317
202607300945,147200.0,149600.0,146200.0,149100.0,6184
202607301000,148800.0,154400.0,148400.0,149100.0,4435
202607301015,149200.0,155600.0,149200.0,155600.0,3246
202607301030,155700.0,160600.0,154900.0,157900.0,11173
202607301045,157900.0,160900.0,156100.0,157300.0,9723
202607301100,156600.0,157600.0,151200.0,151400.0,11060
202607301115,151300.0,153400.0,150100.0,150200.0,3248
202607301130,150300.0,152200.0,149400.0,150400.0,2387
202607301145,150300.0,151400.0,148200.0,148500.0,2312
202607301200,148500.0,150400.0,147200.0,147600.0,2150
202607301215,147600.0,148600.0,146700.0,146700.0,2261
202607301230,146700.0,148200.0,146100.0,147300.0,4040
202607301245,147700.0,149500.0,146700.0,147700.0,3531
202607301300,147500.0,148500.0,146100.0,146100.0,1953
202607301315,146200.0,149200.0,145500.0,149100.0,1719
202607301330,149000.0,151300.0,147600.0,147600.0,1839
202607301345,147600.0,148000.0,144700.0,145900.0,2693
202607301400,145900.0,147000.0,144000.0,145200.0,4666
202607301415,145800.0,147100.0,144600.0,145000.0,6087
202607301430,144700.0,146900.0,143900.0,146300.0,9228
202607301445,146800.0,147400.0,144000.0,146800.0,10608
202607301500,146800.0,147200.0,145700.0,145700.0,2644
202607301515,146200.0,146600.0,143600.0,143600.0,9935
202607310900,182000.0,186600.0,177000.0,185400.0,45259
202607310915,185400.0,186600.0,181400.0,186600.0,17472
202607310930,186600.0,186600.0,184300.0,184800.0,6742
202607310945,184500.0,186600.0,183800.0,186600.0,4656
202607311000,186600.0,186600.0,186600.0,186600.0,619
202607311015,186600.0,186600.0,186600.0,186600.0,396
202607311030,186600.0,186600.0,186600.0,186600.0,334
202607311045,186600.0,186600.0,186600.0,186600.0,664
202607311100,186600.0,186600.0,186600.0,186600.0,273
202607311115,186600.0,186600.0,186600.0,186600.0,263
202607311130,186600.0,186600.0,186600.0,186600.0,528
202607311145,186600.0,186600.0,186600.0,186600.0,198
202607311200,186600.0,186600.0,186600.0,186600.0,209
202607311215,186600.0,186600.0,186600.0,186600.0,286
202607311230,186600.0,186600.0,186600.0,186600.0,146
202607311245,186600.0,186600.0,186600.0,186600.0,207
202607311300,186600.0,186600.0,186600.0,186600.0,201
202607311315,186600.0,186600.0,186600.0,186600.0,214
202607311330,186600.0,186600.0,186600.0,186600.0,237
202607311345,186600.0,186600.0,186600.0,186600.0,415
202607311400,186600.0,186600.0,186600.0,186600.0,248
202607311415,186600.0,186600.0,186600.0,186600.0,357
202607311430,186600.0,186600.0,186600.0,186600.0,332
202607311445,186600.0,186600.0,186600.0,186600.0,1921
202607311500,186600.0,186600.0,186600.0,186600.0,420
202607311515,186600.0,186600.0,186600.0,186600.0,2116
202608030900,190500.0,197700.0,182100.0,184800.0,26055
202608030915,186100.0,190700.0,184600.0,186800.0,11833
202608030930,186900.0,197700.0,186200.0,193700.0,8170
202608030945,193800.0,200000.0,193500.0,195800.0,12419
202608031000,195400.0,197800.0,191800.0,195700.0,6571
202608031015,195700.0,198000.0,194500.0,196200.0,3807
202608031030,196400.0,197700.0,193700.0,193700.0,5107
202608031045,194100.0,194900.0,191800.0,191900.0,3433
202608031100,191900.0,198000.0,191500.0,196800.0,3375
202608031115,197200.0,197800.0,192500.0,192700.0,1935
202608031130,192700.0,193600.0,191400.0,193200.0,1459
202608031145,193200.0,193300.0,191500.0,191800.0,1108
202608031200,191800.0,193000.0,190900.0,192100.0,1244
202608031215,192100.0,192200.0,189800.0,190600.0,1061
202608031230,190600.0,191900.0,189800.0,191300.0,966
202608031245,191700.0,192500.0,190200.0,190200.0,1116
202608031300,190400.0,190900.0,188600.0,190200.0,1698
202608031315,190400.0,191900.0,189000.0,190400.0,1867
202608031330,190400.0,192000.0,189000.0,191600.0,2935
202608031345,191300.0,191600.0,189300.0,190500.0,2778
202608031400,190400.0,191500.0,189800.0,189900.0,2876
202608031415,189900.0,190800.0,189000.0,189900.0,2921
202608031430,189900.0,190400.0,188700.0,189500.0,2561
202608031445,189200.0,189900.0,187400.0,188400.0,3995
202608031500,188400.0,190200.0,186900.0,189700.0,4758
202608031515,189900.0,192200.0,188700.0,189700.0,2418
202608040900,202000.0,206500.0,190300.0,192800.0,9772
202608040915,192800.0,198700.0,189200.0,189700.0,7186
202608040930,189600.0,191400.0,186000.0,189700.0,6844
202608040945,189800.0,192000.0,186300.0,186300.0,3497
202608041000,186900.0,193000.0,186200.0,192400.0,4635
202608041015,192500.0,195400.0,189400.0,195200.0,3796
202608041030,195200.0,197200.0,193600.0,196500.0,2442
202608041045,196600.0,205000.0,196200.0,199500.0,6595
202608041100,199500.0,201500.0,196700.0,196700.0,4734
202608041115,196700.0,202500.0,195100.0,196900.0,2525
202608041130,196800.0,199400.0,195900.0,197800.0,1976
202608041145,197600.0,198800.0,196500.0,197300.0,1989
202608041200,197300.0,197700.0,193200.0,193300.0,6272
202608041215,193400.0,197400.0,193400.0,196700.0,1925
202608041230,196800.0,197700.0,194800.0,196300.0,2520
202608041245,196200.0,197900.0,195500.0,196800.0,2290
202608041300,196800.0,197400.0,194200.0,196200.0,2878
202608041315,196800.0,197900.0,194600.0,196700.0,2179
202608041330,196600.0,197400.0,193700.0,194500.0,2776
202608041345,194500.0,195900.0,193300.0,195600.0,2806
202608041400,195400.0,196000.0,193400.0,193700.0,2350
202608041415,194200.0,195600.0,194000.0,195600.0,2141
202608041430,195600.0,197300.0,195500.0,195800.0,2800
202608041445,195800.0,197000.0,195000.0,196100.0,3532
202608041500,195500.0,196200.0,194200.0,196100.0,3442
202608041515,196100.0,198000.0,195300.0,196900.0,4078
202608050900,206500.0,207000.0,188000.0,195900.0,17597
202608050915,195900.0,207000.0,195700.0,205000.0,7708
202608050930,205500.0,208000.0,203000.0,206000.0,3394
202608050945,206000.0,206500.0,200000.0,204000.0,4147
202608051000,203500.0,207000.0,202000.0,205500.0,2967
202608051015,205500.0,206000.0,199900.0,201500.0,2479
202608051030,202000.0,205500.0,200000.0,204000.0,2458
202608051045,204500.0,206000.0,204000.0,206000.0,2221
202608051100,206000.0,207000.0,200500.0,200500.0,2569
202608051115,201000.0,202500.0,200500.0,202500.0,1481
202608051130,201500.0,203000.0,201000.0,202500.0,1301
202608051145,202500.0,204000.0,201500.0,202500.0,1281
202608051200,202500.0,204000.0,202000.0,203500.0,1045
202608051215,203500.0,204500.0,201500.0,201500.0,1189
202608051230,202000.0,204500.0,201500.0,203500.0,1155
202608051245,203500.0,204000.0,202500.0,203500.0,1015
202608051300,203500.0,205000.0,202500.0,203000.0,2035
202608051315,203000.0,203000.0,201000.0,202500.0,1606
202608051330,202500.0,203000.0,201000.0,202500.0,1709
202608051345,202500.0,203000.0,200000.0,202000.0,2087
202608051400,202500.0,203000.0,201000.0,201500.0,1480
202608051415,202500.0,202500.0,200000.0,200000.0,2608
202608051430,201000.0,201500.0,200000.0,201000.0,3085
202608051445,201000.0,202500.0,200500.0,200500.0,2901
202608051500,200500.0,205500.0,199800.0,203000.0,5915
202608051515,204000.0,206000.0,200500.0,200500.0,4770
202608060900,203500.0,214000.0,200500.0,206000.0,11611
202608060915,206500.0,212000.0,205500.0,206000.0,8314
202608060930,206500.0,206500.0,200500.0,200500.0,4315
202608060945,200500.0,204500.0,200500.0,203000.0,3956
202608061000,203000.0,206000.0,202500.0,204000.0,2675
202608061015,202500.0,205500.0,199900.0,203000.0,5893
202608061030,203000.0,206500.0,201500.0,205000.0,5632
202608061045,205500.0,208500.0,205000.0,207500.0,4055
202608061100,207500.0,210500.0,206000.0,209250.0,2378
202608061115,209500.0,213000.0,209000.0,212000.0,4097
202608061130,212000.0,216500.0,212000.0,215500.0,5838
202608061145,215000.0,216000.0,213500.0,214500.0,3882
202608061200,214500.0,217000.0,212000.0,213500.0,2680
202608061215,213500.0,214000.0,211000.0,212500.0,1073
202608061230,212500.0,213500.0,210500.0,211500.0,1303
202608061245,212000.0,213000.0,211000.0,211500.0,1538
202608061300,211500.0,215000.0,210500.0,214500.0,2082
202608061315,214000.0,219000.0,214000.0,218000.0,3350
202608061330,218000.0,219000.0,212000.0,213000.0,4101
202608061345,213000.0,215000.0,212000.0,214000.0,3170
202608061400,213500.0,216000.0,213000.0,216000.0,2591
202608061415,215000.0,217000.0,213500.0,215500.0,4836
202608061430,215000.0,215500.0,212500.0,214000.0,3363
202608061445,214000.0,214500.0,210000.0,211500.0,3951
202608061500,211500.0,211500.0,208000.0,209500.0,5222
202608061515,209500.0,209500.0,204000.0,207000.0,5570
202608070900,209500.0,219000.0,208500.0,211000.0,5537
202608070915,211000.0,216500.0,208000.0,215000.0,5349
202608070930,215000.0,215500.0,209500.0,210500.0,3006
202608070945,210500.0,212500.0,208000.0,211500.0,3272
202608071000,212000.0,212000.0,206000.0,207000.0,3872
202608071015,207000.0,207500.0,203500.0,206500.0,6660
202608071030,207000.0,208000.0,202500.0,204000.0,3198
202608071045,204500.0,206500.0,202000.0,206000.0,2597
202608071100,205500.0,207000.0,204000.0,206500.0,2283
202608071115,206500.0,208000.0,205000.0,206500.0,2233
202608071130,206500.0,208000.0,205500.0,206500.0,1964
202608071145,207500.0,210000.0,206500.0,209000.0,2579
202608071200,209000.0,210500.0,207500.0,208000.0,2260
202608071215,208000.0,209500.0,207500.0,208000.0,1883
202608071230,208000.0,209500.0,207000.0,207500.0,2150
202608071245,207000.0,207500.0,205000.0,205000.0,2069
202608071300,205500.0,206500.0,203500.0,205000.0,2683
202608071315,205500.0,208000.0,204500.0,207000.0,2109
202608071330,207500.0,209000.0,206500.0,207500.0,1981
202608071345,207500.0,208000.0,205500.0,207000.0,2244
202608071400,207000.0,209000.0,206000.0,208500.0,2309
202608071415,208500.0,209500.0,207000.0,207000.0,2284
202608071430,208000.0,208000.0,206000.0,207000.0,1943
202608071445,207000.0,207000.0,205500.0,205500.0,2255
202608071500,206000.0,207000.0,205000.0,206500.0,2751
202608071515,206000.0,207500.0,205500.0,207000.0,2079
202608100900,203000.0,224500.0,203000.0,223000.0,12596
202608100915,223000.0,225500.0,218500.0,224500.0,9806
202608100930,224500.0,228000.0,221500.0,222500.0,9177
202608100945,222500.0,226000.0,222000.0,222500.0,4403
202608101000,223000.0,227000.0,222000.0,226500.0,3610
202608101015,227000.0,232000.0,227000.0,228000.0,6579
202608101030,228000.0,228500.0,223500.0,223500.0,3879
202608101045,223500.0,226000.0,222500.0,224000.0,5005
202608101100,223000.0,224000.0,221500.0,222000.0,2070
202608101115,222000.0,223000.0,221500.0,222500.0,1276
202608101130,222000.0,225000.0,221500.0,224000.0,1739
202608101145,223500.0,225000.0,223000.0,224500.0,907
202608101200,223500.0,225000.0,223000.0,224000.0,780
202608101215,224000.0,224500.0,222000.0,222500.0,851
202608101230,222500.0,224500.0,222500.0,223000.0,885
202608101245,223500.0,225500.0,222500.0,225500.0,1100
202608101300,226000.0,227500.0,225000.0,225500.0,2350
202608101315,225500.0,228000.0,225000.0,225000.0,3026
202608101330,225500.0,230000.0,224000.0,229500.0,5400
202608101345,229000.0,230500.0,225500.0,227500.0,9190
202608101400,227500.0,230500.0,227000.0,228500.0,9704
202608101415,229000.0,230000.0,226500.0,228000.0,8668
202608101430,227000.0,229000.0,226500.0,228000.0,10427
202608101445,228000.0,229000.0,225000.0,225500.0,9661
202608101500,225500.0,229000.0,225000.0,228000.0,7296
202608101515,228000.0,229000.0,227000.0,227000.0,3514
202608110900,229000.0,254000.0,229000.0,250000.0,23996
202608110915,250000.0,251000.0,242000.0,243500.0,23485
202608110930,243500.0,258000.0,243500.0,258000.0,18987
202608110945,258000.0,265000.0,254000.0,255500.0,21011
202608111000,255500.0,261500.0,253000.0,261500.0,8773
202608111015,261000.0,261000.0,250000.0,253500.0,8915
202608111030,253500.0,255000.0,249500.0,250500.0,4703
202608111045,250500.0,252000.0,245000.0,245500.0,6227
202608111100,245500.0,249500.0,244500.0,247500.0,3766
202608111115,247500.0,250000.0,246500.0,249000.0,2799
202608111130,248500.0,249500.0,246000.0,248500.0,5348
202608111145,249000.0,249500.0,246000.0,247000.0,3035
202608111200,247500.0,250000.0,247000.0,248500.0,3500
202608111215,248500.0,250500.0,247500.0,248500.0,2559
202608111230,248000.0,249000.0,244000.0,244500.0,3639
202608111245,244500.0,249500.0,244000.0,247000.0,3241
202608111300,247000.0,249000.0,245500.0,245500.0,3138
202608111315,245500.0,246000.0,244000.0,245500.0,3308
202608111330,245000.0,246500.0,244500.0,245000.0,2769
202608111345,245000.0,245500.0,243000.0,244000.0,3258
202608111400,244000.0,245000.0,242500.0,242500.0,2931
202608111415,243000.0,244500.0,241000.0,241500.0,3232
202608111430,241500.0,245500.0,241000.0,245500.0,3630
202608111445,245500.0,247500.0,243500.0,247500.0,3562
202608111500,247500.0,250500.0,246000.0,247500.0,8370
202608111515,247500.0,248000.0,244500.0,244500.0,5728
202608120900,244000.0,254000.0,244000.0,248000.0,4989
202608120915,247500.0,251000.0,244000.0,247500.0,5107
202608120930,248000.0,249500.0,243500.0,244500.0,4474
202608120945,244000.0,247000.0,243500.0,245000.0,3274
202608121000,245500.0,247500.0,244000.0,245500.0,2823
202608121015,245500.0,246000.0,242500.0,245000.0,3795
202608121030,245500.0,248000.0,243500.0,245500.0,3361
202608121045,246000.0,251500.0,245000.0,251000.0,4934
202608121100,251000.0,255500.0,249000.0,254000.0,5202
202608121115,254000.0,258500.0,254000.0,256500.0,8274
202608121130,257000.0,258500.0,255000.0,256000.0,7145
202608121145,256000.0,260000.0,256000.0,259500.0,5115
202608121200,259500.0,261000.0,257500.0,259500.0,7146
202608121215,260000.0,261500.0,259000.0,260500.0,4770
202608121230,260500.0,262000.0,259000.0,261500.0,5729
202608121245,261500.0,263000.0,260500.0,263000.0,5520
202608121300,263000.0,267000.0,262000.0,265500.0,10268
202608121315,265500.0,268000.0,261500.0,262000.0,9473
202608121330,262000.0,263500.0,258000.0,259000.0,5175
202608121345,259000.0,261500.0,258000.0,259500.0,4943
202608121400,260000.0,262000.0,255500.0,255500.0,4380
202608121415,255500.0,259500.0,254000.0,256500.0,4319
202608121430,257000.0,259000.0,253500.0,254000.0,5363
202608121445,254000.0,255500.0,251500.0,252500.0,6167
202608121500,252500.0,255000.0,251000.0,251500.0,3419
202608121515,252500.0,253000.0,250000.0,250000.0,2723
202608130900,255500.0,264000.0,250000.0,251000.0,6439
202608130915,251000.0,261000.0,250500.0,256000.0,5506
202608130930,256500.0,259000.0,254000.0,257500.0,2897
202608130945,257500.0,264000.0,252500.0,262500.0,9870
202608131000,262500.0,266000.0,262000.0,262500.0,13441
202608131015,263500.0,265000.0,261000.0,261500.0,9460
202608131030,262000.0,263500.0,261500.0,263500.0,3034
202608131045,263500.0,264500.0,262500.0,263500.0,2264
202608131100,264000.0,267500.0,263500.0,265500.0,4738
202608131115,265500.0,269000.0,265000.0,266500.0,3477
202608131130,266000.0,268000.0,265000.0,267000.0,2427
202608131145,267000.0,268500.0,265500.0,267000.0,2337
202608131200,266500.0,268500.0,265500.0,266500.0,2135
202608131215,266500.0,268500.0,265500.0,265500.0,2642
202608131230,266500.0,268500.0,265000.0,268000.0,2491
202608131245,268000.0,268500.0,266500.0,267000.0,2466
202608131300,267000.0,269000.0,266000.0,267000.0,4797
202608131315,267000.0,269000.0,265000.0,267500.0,3097
202608131330,266500.0,267500.0,262500.0,262500.0,3269
202608131345,262500.0,264500.0,262500.0,262500.0,2604
202608131400,262500.0,264000.0,260500.0,261500.0,3280
202608131415,261000.0,262000.0,259500.0,260500.0,2538
202608131430,259500.0,261500.0,258500.0,260500.0,2904
202608131445,260500.0,262000.0,259000.0,260000.0,4029
202608131500,259000.0,260000.0,258000.0,259500.0,3601
202608131515,259500.0,259500.0,258000.0,259000.0,1844
202608140900,267500.0,274500.0,260000.0,263000.0,12507
202608140915,263000.0,264500.0,259000.0,264000.0,5495
202608140930,264000.0,264500.0,257000.0,257000.0,3301
202608140945,257500.0,258000.0,253000.0,254500.0,5386
202608141000,254500.0,254500.0,248500.0,251000.0,11083
202608141015,252000.0,264000.0,251000.0,258000.0,6885
202608141030,257500.0,259500.0,254500.0,259000.0,3328
202608141045,259500.0,260000.0,257500.0,259500.0,3531
202608141100,260000.0,262000.0,258000.0,259000.0,3780
202608141115,259500.0,259500.0,256000.0,256500.0,3359
202608141130,257000.0,259000.0,256000.0,258000.0,2682
202608141145,257000.0,259000.0,256500.0,257500.0,2954
202608141200,257500.0,259000.0,256500.0,257500.0,2680
202608141215,257000.0,259000.0,256500.0,257500.0,2401
202608141230,258000.0,258500.0,256000.0,258000.0,2852
202608141245,258000.0,259500.0,257000.0,258500.0,2440
202608141300,259000.0,262000.0,258000.0,261000.0,3031
202608141315,261500.0,262500.0,260000.0,260500.0,2198
202608141330,260500.0,263000.0,260000.0,260500.0,2593
202608141345,260500.0,261500.0,258000.0,259000.0,2917
202608141400,259000.0,260000.0,257000.0,258500.0,2460
202608141415,258500.0,260500.0,258500.0,260000.0,2085
202608141430,260000.0,263000.0,259000.0,260500.0,3365
202608141445,260500.0,262500.0,259500.0,260000.0,2709
202608141500,260000.0,260500.0,259000.0,259500.0,4022
202608141515,259500.0,261000.0,259500.0,260000.0,1761
202608180900,268500.0,284000.0,260000.0,283000.0,38275
202608180915,283000.0,288500.0,280500.0,284500.0,14916
202608180930,284500.0,285000.0,278000.0,282000.0,10016
202608180945,282500.0,285000.0,276500.0,277500.0,7531
202608181000,278000.0,285000.0,274500.0,281500.0,8900
202608181015,281500.0,284000.0,280500.0,281500.0,3658
202608181030,280500.0,284000.0,278000.0,278500.0,9628
202608181045,278500.0,282000.0,276500.0,280000.0,3911
202608181100,279500.0,280000.0,274000.0,275000.0,7881
202608181115,274500.0,275000.0,267500.0,267500.0,7708
202608181130,267500.0,271000.0,266500.0,266500.0,5631
202608181145,267000.0,275500.0,266500.0,272000.0,4944
202608181200,271500.0,272500.0,268500.0,269500.0,4235
202608181215,269000.0,270500.0,265500.0,267500.0,5742
202608181230,267500.0,269500.0,266500.0,269000.0,3148
202608181245,269000.0,271500.0,268500.0,268500.0,4133
202608181300,268500.0,270500.0,267500.0,269000.0,3623
202608181315,268500.0,270500.0,267000.0,270500.0,3885
202608181330,270000.0,271000.0,268500.0,270000.0,3622
202608181345,269500.0,273500.0,268000.0,273500.0,4029
202608181400,273500.0,275500.0,270500.0,270500.0,3913
202608181415,271000.0,272500.0,270000.0,272000.0,4355
202608181430,271500.0,273000.0,270000.0,271000.0,5469
202608181445,270500.0,273500.0,270000.0,270000.0,4421
202608181500,270000.0,271000.0,266500.0,269000.0,5211
202608181515,269500.0,270000.0,268500.0,269000.0,3158
202608190900,255500.0,264000.0,248000.0,259000.0,15220
202608190915,259000.0,267500.0,255000.0,267500.0,5937
202608190930,267000.0,275000.0,266500.0,270000.0,6571
202608190945,270000.0,270500.0,263500.0,265000.0,4043
202608191000,264500.0,270000.0,264000.0,268500.0,4068
202608191015,268000.0,271000.0,267000.0,269500.0,3981
202608191030,268500.0,270000.0,265500.0,268000.0,3130
202608191045,268000.0,269500.0,262500.0,262500.0,3527
202608191100,262500.0,263000.0,257500.0,261000.0,6167
202608191115,261000.0,262500.0,259500.0,262500.0,3907
202608191130,262500.0,265000.0,261000.0,264000.0,3718
202608191145,263000.0,267500.0,262500.0,267500.0,4902
202608191200,267500.0,268000.0,262500.0,265500.0,4695
202608191215,265500.0,266000.0,262000.0,264000.0,5257
202608191230,264000.0,264500.0,261000.0,261000.0,3746
202608191245,262000.0,263000.0,260500.0,261000.0,3844
202608191300,261000.0,261500.0,258000.0,259500.0,5472
202608191315,259500.0,262000.0,258500.0,261000.0,4065
202608191330,260500.0,261500.0,258500.0,259500.0,5015
202608191345,259000.0,260500.0,257500.0,259500.0,6370
202608191400,259500.0,263000.0,259000.0,259500.0,4755
202608191415,260500.0,260500.0,258500.0,259500.0,4535
202608191430,259000.0,260000.0,254000.0,255000.0,8860
202608191445,255000.0,256500.0,253500.0,254500.0,9657
202608191500,254000.0,254500.0,251500.0,252500.0,8603
202608191515,253500.0,256500.0,253000.0,256000.0,2884
202608200900,254500.0,259000.0,243000.0,245500.0,10057
202608200915,245500.0,249500.0,239000.0,243000.0,10818
202608200930,242500.0,246500.0,241000.0,245000.0,5922
202608200945,245000.0,248000.0,242500.0,245000.0,5375
202608201000,245000.0,246500.0,240500.0,242000.0,6166
202608201015,242500.0,245000.0,241500.0,244500.0,4564
202608201030,244500.0,245500.0,243000.0,245000.0,4576
202608201045,245000.0,246000.0,242000.0,242500.0,4073
202608201100,243000.0,247500.0,242500.0,246500.0,5044
202608201115,246500.0,248500.0,241000.0,243000.0,7392
202608201130,243000.0,246000.0,241000.0,243000.0,10023
202608201145,243000.0,244000.0,241000.0,243000.0,4157
202608201200,243000.0,244000.0,241000.0,241500.0,4117
202608201215,242000.0,244500.0,241500.0,243500.0,3930
202608201230,243000.0,244000.0,242000.0,243500.0,3929
202608201245,243500.0,244500.0,241500.0,241500.0,3497
202608201300,241500.0,242500.0,240500.0,242000.0,7141
202608201315,242000.0,243500.0,241000.0,241000.0,4757
202608201330,241500.0,242000.0,240500.0,241000.0,4476
202608201345,240500.0,241500.0,240000.0,241000.0,5169
202608201400,241000.0,241500.0,238000.0,239500.0,6226
202608201415,239500.0,241500.0,239000.0,239500.0,5390
202608201430,239500.0,242000.0,238500.0,241500.0,6924
202608201445,241000.0,242500.0,240000.0,241000.0,5683
202608201500,240500.0,243500.0,240500.0,242000.0,4535
202608201515,243000.0,244000.0,242000.0,242000.0,3695
202608210900,238000.0,240500.0,231500.0,232000.0,7149
202608210915,231500.0,233000.0,225000.0,225500.0,13331
202608210930,225500.0,227500.0,224000.0,225500.0,8122
202608210945,226000.0,226500.0,218500.0,219000.0,17194
202608211000,218500.0,223000.0,218000.0,222000.0,9348
202608211015,222000.0,223000.0,217500.0,220000.0,11906
202608211030,220000.0,221500.0,218500.0,221000.0,6658
202608211045,221000.0,222500.0,220000.0,221000.0,4668
202608211100,221000.0,221500.0,219500.0,219500.0,3419
202608211115,219500.0,221500.0,219500.0,220500.0,3722
202608211130,221000.0,221500.0,219500.0,220000.0,2959
202608211145,220500.0,222000.0,220000.0,220500.0,3275
202608211200,221000.0,221500.0,218500.0,219500.0,3117
202608211215,219000.0,220500.0,218000.0,218500.0,3251
202608211230,218500.0,220000.0,218000.0,219000.0,2368
202608211245,219500.0,220500.0,218000.0,219500.0,4632
202608211300,219500.0,221500.0,218500.0,221000.0,3137
202608211315,221000.0,224000.0,221000.0,222500.0,4256
202608211330,222500.0,223500.0,220000.0,222000.0,8020
202608211345,222000.0,223500.0,220500.0,221000.0,4248
202608211400,221000.0,221500.0,217500.0,218500.0,8614
202608211415,219000.0,219500.0,217000.0,217000.0,13086
202608211430,217500.0,219000.0,216500.0,218500.0,10496
202608211445,218000.0,222000.0,217500.0,221500.0,8070
202608211500,221500.0,224000.0,221000.0,222000.0,8968
202608211515,223500.0,224000.0,221500.0,222000.0,4884
202608240900,227000.0,239000.0,227000.0,231000.0,11324
202608240915,230500.0,236500.0,228500.0,233500.0,7714
202608240930,233500.0,241500.0,233000.0,240500.0,9950
202608240945,240500.0,242500.0,231000.0,240000.0,12115
202608241000,240500.0,246000.0,240500.0,245000.0,7611
202608241015,245500.0,246500.0,243500.0,246000.0,3968
202608241030,245500.0,248000.0,243000.0,245500.0,7853
202608241045,245500.0,250500.0,244000.0,248000.0,10470
202608241100,247500.0,250000.0,242500.0,247500.0,5906
202608241115,247500.0,250500.0,245500.0,248500.0,7143
202608241130,248000.0,250000.0,246500.0,247000.0,3176
202608241145,247500.0,248500.0,245000.0,247000.0,2599
202608241200,247000.0,249000.0,244500.0,246500.0,3560
202608241215,247500.0,250000.0,242500.0,243500.0,7822
202608241230,244000.0,246500.0,243000.0,244000.0,2371
202608241245,243000.0,246000.0,241500.0,244500.0,2475
202608241300,243500.0,245500.0,242500.0,244500.0,1609
202608241315,244500.0,252000.0,244000.0,249000.0,6347
202608241330,248500.0,252000.0,248000.0,249000.0,8665
202608241345,248000.0,250000.0,246500.0,248500.0,3480
202608241400,247500.0,252000.0,246500.0,249500.0,6103
202608241415,249500.0,250000.0,245000.0,245500.0,3258
202608241430,246500.0,248500.0,245000.0,246500.0,2533
202608241445,246000.0,247000.0,245000.0,245000.0,2276
202608241500,246000.0,247000.0,245000.0,246500.0,1917
202608241515,246500.0,247000.0,245500.0,245500.0,2586
202608250900,243000.0,246000.0,234500.0,234500.0,7533
202608250915,235500.0,239000.0,234500.0,236000.0,9007
202608250930,237000.0,239500.0,233000.0,238000.0,6223
202608250945,237000.0,241500.0,236000.0,237500.0,5877
202608251000,236500.0,237500.0,234500.0,234750.0,3422
202608251015,234750.0,235500.0,231500.0,233500.0,4198
202608251030,233500.0,235500.0,233000.0,235000.0,2722
202608251045,235500.0,238000.0,235000.0,236000.0,1824
202608251100,236000.0,237500.0,235000.0,235000.0,1566
202608251115,235000.0,237000.0,234500.0,235000.0,1898
202608251130,235500.0,237500.0,235000.0,236500.0,1630
202608251145,237000.0,237500.0,235500.0,235500.0,1116
202608251200,236000.0,241500.0,235500.0,240500.0,2274
202608251215,240000.0,247500.0,240000.0,247000.0,3727
202608251230,246000.0,251000.0,245000.0,249500.0,3439
202608251245,249000.0,251500.0,247000.0,250000.0,3106
202608251300,250000.0,254000.0,250000.0,253000.0,5076
202608251315,253000.0,254500.0,251000.0,251500.0,3828
202608251330,251000.0,254500.0,250000.0,251500.0,3237
202608251345,252000.0,252500.0,249500.0,250000.0,3199
202608251400,250000.0,251500.0,249500.0,250000.0,1461
202608251415,251000.0,252000.0,250000.0,251500.0,2043
202608251430,251000.0,251500.0,245000.0,248500.0,3618
202608251445,248000.0,249500.0,245000.0,249500.0,2378
202608251500,249500.0,249500.0,247500.0,247500.0,3253
202608251515,249000.0,249500.0,248000.0,249000.0,2392
202608260900,246000.0,249500.0,242500.0,248500.0,5548
202608260915,249000.0,253500.0,246500.0,248500.0,3629
202608260930,249500.0,251500.0,245500.0,250000.0,2224
202608260945,250500.0,251500.0,247000.0,250000.0,2140
202608261000,249000.0,251500.0,248000.0,249000.0,2697
202608261015,248500.0,250000.0,245500.0,246000.0,2081
202608261030,245500.0,248000.0,244500.0,247000.0,1649
202608261045,247000.0,249000.0,245500.0,247500.0,1763
202608261100,247500.0,250000.0,247000.0,249500.0,1729
202608261115,249500.0,250000.0,248500.0,250000.0,1732
202608261130,249500.0,252500.0,249000.0,251000.0,1898
202608261145,251000.0,252000.0,245500.0,246000.0,2812
202608261200,246000.0,249000.0,245500.0,248500.0,1147
202608261215,248000.0,249000.0,246000.0,246500.0,2049
202608261230,246000.0,248000.0,246000.0,248000.0,1389
202608261245,246500.0,249000.0,246500.0,248000.0,1491
202608261300,248000.0,251000.0,246500.0,250500.0,2106
202608261315,250000.0,251000.0,248000.0,250500.0,2621
202608261330,250500.0,252000.0,249500.0,250500.0,3056
202608261345,251000.0,253000.0,249500.0,250000.0,3887
202608261400,250000.0,253000.0,248500.0,249500.0,3651
202608261415,249000.0,251000.0,248500.0,250500.0,2230
202608261430,251000.0,252500.0,250500.0,251000.0,2245
202608261445,251500.0,252500.0,250000.0,252500.0,2923
202608261500,252500.0,254000.0,251500.0,253500.0,3170
202608261515,253500.0,254500.0,251500.0,251500.0,1686
202608270900,257000.0,259500.0,246000.0,248500.0,4933
202608270915,248500.0,251000.0,246500.0,247500.0,3367
202608270930,247500.0,249000.0,245000.0,246500.0,2858
202608270945,246500.0,248000.0,243500.0,247000.0,2632
202608271000,246500.0,250500.0,244500.0,244500.0,2867
202608271015,244500.0,247000.0,242500.0,244500.0,2199
202608271030,244500.0,245500.0,243500.0,244000.0,1887
202608271045,244000.0,245000.0,243500.0,244500.0,2371
202608271100,244000.0,245000.0,240500.0,242000.0,8705
202608271115,241500.0,241500.0,238500.0,238500.0,7452
202608271130,238500.0,243500.0,238500.0,243000.0,2884
202608271145,242500.0,247500.0,242500.0,246000.0,3078
202608271200,246000.0,248000.0,246000.0,248000.0,2286
202608271215,247500.0,252000.0,247500.0,250000.0,4130
202608271230,250000.0,250500.0,248000.0,248500.0,2118
202608271245,248500.0,249500.0,246500.0,248000.0,2014
202608271300,248500.0,249000.0,246000.0,247500.0,1811
202608271315,247500.0,248500.0,246000.0,246500.0,1942
202608271330,247000.0,249000.0,245000.0,249000.0,2493
202608271345,249000.0,252000.0,247000.0,250500.0,3784
202608271400,250500.0,252500.0,250500.0,252000.0,3426
202608271415,251500.0,252000.0,249000.0,251000.0,3217
202608271430,251000.0,252500.0,250500.0,251500.0,3142
202608271445,251500.0,253500.0,250000.0,251500.0,3944
202608271500,251500.0,253000.0,250500.0,253000.0,3153
202608271515,253000.0,253500.0,252000.0,253000.0,2776
202608280900,247000.0,250000.0,240000.0,240000.0,8736
202608280915,240500.0,241500.0,236500.0,239500.0,12432
202608280930,239500.0,243500.0,239000.0,242500.0,5804
202608280945,242500.0,245000.0,241500.0,242000.0,4920
202608281000,242000.0,242500.0,239000.0,239000.0,4298
202608281015,239500.0,241000.0,239000.0,239000.0,3498
202608281030,239500.0,241000.0,237500.0,238000.0,3526
202608281045,238000.0,239500.0,237500.0,239500.0,2340
202608281100,239500.0,240500.0,238500.0,239500.0,1793
202608281115,239500.0,240500.0,239000.0,239500.0,1649
202608281130,239000.0,240000.0,238500.0,239000.0,1453
202608281145,239500.0,240500.0,239000.0,240000.0,2600
202608281200,239500.0,240500.0,239000.0,240500.0,1688
202608281215,240500.0,240500.0,239000.0,239500.0,1546
202608281230,239500.0,240500.0,239000.0,239000.0,1708
202608281245,239500.0,240500.0,238500.0,240500.0,2518
202608281300,240000.0,241000.0,239500.0,241000.0,1599
202608281315,241000.0,241000.0,239000.0,239500.0,1541
202608281330,239000.0,239500.0,239000.0,239000.0,1347
202608281345,239000.0,239500.0,238000.0,238500.0,3166
202608281400,238500.0,238500.0,237000.0,238000.0,4143
202608281415,237500.0,237500.0,236000.0,237000.0,4156
202608281430,236500.0,237000.0,235500.0,236000.0,4085
202608281445,235500.0,237000.0,235000.0,236000.0,7044
202608281500,236500.0,239000.0,235500.0,239000.0,4570
202608281515,239000.0,239500.0,238000.0,238500.0,2354
202608310900,225500.0,225500.0,220000.0,223000.0,9399
202608310915,224000.0,228500.0,222500.0,228000.0,7534
202608310930,228000.0,229000.0,223000.0,227500.0,7775
202608310945,228000.0,228000.0,222000.0,222500.0,5368
202608311000,222500.0,222500.0,220000.0,222000.0,4569
202608311015,221500.0,224000.0,220500.0,223500.0,4696
202608311030,223500.0,224500.0,222000.0,223500.0,3791
202608311045,223500.0,224000.0,222000.0,223500.0,3844
202608311100,223500.0,225500.0,223000.0,224000.0,3673
202608311115,224000.0,224500.0,222500.0,223500.0,2427
202608311130,223500.0,224500.0,221500.0,223000.0,3180
202608311145,223000.0,224000.0,222000.0,223000.0,3321
202608311200,223000.0,228000.0,223000.0,227500.0,3865
202608311215,227000.0,229000.0,226000.0,228000.0,2840
202608311230,228000.0,230000.0,228000.0,229500.0,3933
202608311245,229000.0,230500.0,228000.0,229500.0,3159
202608311300,229500.0,231500.0,228500.0,230500.0,3483
202608311315,231000.0,231000.0,229000.0,229000.0,2849
202608311330,229000.0,233000.0,228500.0,232500.0,3573
202608311345,232500.0,234500.0,232000.0,232500.0,3415
202608311400,233500.0,236000.0,232500.0,236000.0,3902
202608311415,235500.0,237000.0,234500.0,236000.0,4541
202608311430,236500.0,236500.0,235000.0,235000.0,3895
202608311445,235000.0,236500.0,234500.0,235500.0,3153
202608311500,235500.0,237500.0,234500.0,237000.0,8352
202608311515,237000.0,238000.0,236500.0,237000.0,113891
202609010900,230000.0,231000.0,222500.0,224000.0,7912
202609010915,223500.0,225000.0,220000.0,223500.0,7361
202609010930,224000.0,226500.0,221500.0,225500.0,3987
202609010945,225500.0,228000.0,223000.0,227000.0,3525
202609011000,228000.0,228500.0,226000.0,226000.0,3932
202609011015,226000.0,228500.0,225000.0,225000.0,1856
202609011030,225000.0,226000.0,224500.0,226000.0,1342
202609011045,225500.0,226000.0,222000.0,223500.0,3365
202609011100,223500.0,223500.0,222000.0,223000.0,1776
202609011115,223500.0,224000.0,221500.0,222000.0,3086
202609011130,222500.0,223000.0,221500.0,221500.0,2319
202609011145,221500.0,223500.0,221500.0,223000.0,1425
202609011200,222500.0,223500.0,221500.0,222000.0,1577
202609011215,222500.0,222500.0,221500.0,222000.0,1671
202609011230,222000.0,223500.0,221500.0,222000.0,1653
202609011245,222500.0,223500.0,222000.0,223500.0,1890
202609011300,223500.0,224000.0,222000.0,222500.0,1645
202609011315,223000.0,223000.0,222000.0,222000.0,2906
202609011330,222500.0,222500.0,221000.0,221500.0,3231
202609011345,221500.0,223000.0,220500.0,221000.0,3539
202609011400,220500.0,221500.0,220000.0,220000.0,5822
202609011415,220000.0,220000.0,218500.0,220000.0,9256
202609011430,220000.0,222000.0,220000.0,222000.0,3606
202609011445,222000.0,224000.0,221000.0,223000.0,5599
202609011500,223000.0,225000.0,223000.0,223500.0,4673
202609011515,223500.0,223500.0,222000.0,223000.0,4103
202609020900,216000.0,216000.0,210000.0,213500.0,8200
202609020915,213500.0,221000.0,212000.0,218000.0,8795
202609020930,218000.0,222000.0,217000.0,221000.0,6118
202609020945,220500.0,224500.0,219000.0,222500.0,6516
202609021000,221000.0,225000.0,218000.0,225000.0,6025
202609021015,225000.0,229000.0,224500.0,225500.0,7330
202609021030,225500.0,227500.0,223000.0,224500.0,6203
202609021045,224500.0,228500.0,224000.0,227500.0,7466
202609021100,227000.0,231500.0,225500.0,231000.0,7863
202609021115,231000.0,238500.0,230000.0,234500.0,12412
202609021130,233500.0,236500.0,233000.0,235000.0,6566
202609021145,235000.0,237500.0,231000.0,232500.0,6002
202609021200,232500.0,234000.0,228500.0,232000.0,4428
202609021215,232000.0,234000.0,229000.0,230000.0,5365
202609021230,230000.0,234000.0,228500.0,232000.0,4577
202609021245,232000.0,234500.0,229500.0,232500.0,5342
202609021300,232500.0,235000.0,230000.0,231500.0,6295
202609021315,232500.0,236000.0,231500.0,234500.0,5894
202609021330,234500.0,236500.0,233000.0,235000.0,6380
202609021345,235000.0,235000.0,232000.0,233500.0,6293
202609021400,233500.0,235000.0,231500.0,233000.0,6531
202609021415,233000.0,234500.0,232500.0,234000.0,5700
202609021430,234500.0,236000.0,233500.0,235000.0,5347
202609021445,235000.0,235500.0,233500.0,234500.0,5365
202609021500,234500.0,235500.0,233500.0,234500.0,3734
202609021515,234500.0,234500.0,233500.0,234000.0,3708
202609030900,236000.0,238500.0,230000.0,230500.0,4673
202609030915,230500.0,234500.0,229000.0,231500.0,3162
202609030930,232000.0,232000.0,226000.0,228000.0,4337
202609030945,228000.0,229000.0,226000.0,227500.0,3337
202609031000,227500.0,230000.0,225000.0,227000.0,3762
202609031015,227000.0,228500.0,222500.0,223000.0,4009
202609031030,223000.0,224500.0,221500.0,222500.0,5057
202609031045,222000.0,223500.0,221500.0,222500.0,3446
202609031100,222000.0,222500.0,221000.0,222000.0,2769
202609031115,221500.0,223000.0,221000.0,222000.0,3063
202609031130,221500.0,223000.0,220000.0,220500.0,3325
202609031145,221000.0,222000.0,220000.0,221500.0,2669
202609031200,221500.0,226000.0,221000.0,225500.0,3022
202609031215,225500.0,228500.0,224500.0,227500.0,3205
202609031230,227500.0,228500.0,226000.0,226500.0,3243
202609031245,227000.0,228000.0,223500.0,224500.0,4115
202609031300,224000.0,227500.0,224000.0,227000.0,4329
202609031315,227000.0,227500.0,223500.0,226000.0,13013
202609031330,226000.0,227000.0,223500.0,223500.0,3306
202609031345,224500.0,226000.0,223000.0,224500.0,3895
202609031400,224500.0,225000.0,221000.0,222000.0,3499
202609031415,222000.0,222000.0,219000.0,221000.0,6621
202609031430,221500.0,224000.0,221000.0,221000.0,3848
202609031445,221000.0,226500.0,220500.0,226000.0,4800
202609031500,226000.0,226500.0,223500.0,224500.0,2968
202609031515,224500.0,225000.0,223500.0,224000.0,2151
202609040900,232000.0,240000.0,231500.0,236500.0,10045
202609040915,236500.0,240000.0,233500.0,236000.0,5909
202609040930,236000.0,238000.0,234500.0,235500.0,3174
202609040945,235500.0,236000.0,229500.0,229500.0,4332
202609041000,229500.0,231000.0,227000.0,228500.0,2743
202609041015,229000.0,230000.0,227500.0,228750.0,1659
202609041030,228500.0,230500.0,228500.0,230000.0,1220
202609041045,229500.0,230000.0,227500.0,229000.0,1263
202609041100,229500.0,233500.0,228500.0,233000.0,2254
202609041115,233500.0,234000.0,231500.0,231500.0,2058
202609041130,232000.0,232500.0,230000.0,232000.0,1601
202609041145,232000.0,232000.0,230500.0,232000.0,1572
202609041200,232000.0,232500.0,230500.0,231000.0,1676
202609041215,231500.0,233000.0,231000.0,232000.0,1947
202609041230,232000.0,233500.0,231000.0,233000.0,1777
202609041245,232500.0,233250.0,231500.0,232500.0,1647
202609041300,232500.0,233000.0,231000.0,232000.0,1677
202609041315,231500.0,233500.0,231000.0,233000.0,1923
202609041330,232500.0,234000.0,232500.0,233500.0,2310
202609041345,233500.0,234000.0,232000.0,232500.0,2544
202609041400,232500.0,234000.0,231000.0,233500.0,2462
202609041415,233500.0,235000.0,233000.0,234500.0,3183
202609041430,234000.0,235500.0,233500.0,234500.0,5442
202609041445,235500.0,236500.0,234000.0,236000.0,4897
202609041500,236000.0,237000.0,234000.0,237000.0,4434
202609041515,237000.0,238000.0,235500.0,236500.0,5381
202609070900,257500.0,261000.0,252000.0,259500.0,19866
202609070915,258500.0,259000.0,253500.0,257250.0,9636
202609070930,257500.0,259500.0,256000.0,259500.0,7035
202609070945,259500.0,260000.0,257000.0,257500.0,9681
202609071000,258000.0,259000.0,255000.0,256000.0,6621
202609071015,256500.0,259500.0,256000.0,258000.0,5108
202609071030,258500.0,259500.0,257000.0,258500.0,5720
202609071045,259000.0,264000.0,258500.0,263500.0,12249
202609071100,263500.0,264500.0,260500.0,262000.0,8203
202609071115,262000.0,262250.0,259500.0,260000.0,3822
202609071130,260000.0,262000.0,259500.0,261500.0,3461
202609071145,261000.0,262500.0,261000.0,261500.0,3007
202609071200,261500.0,262500.0,259500.0,259500.0,4372
202609071215,259500.0,260500.0,259000.0,260000.0,3537
202609071230,260000.0,261000.0,257000.0,258000.0,3977
202609071245,257500.0,258000.0,253500.0,254500.0,7259
202609071300,254500.0,261000.0,254000.0,258500.0,11792
202609071315,258500.0,260500.0,257500.0,259500.0,5796
202609071330,259000.0,261000.0,258000.0,259000.0,5162
202609071345,259250.0,261000.0,259000.0,260500.0,3934
202609071400,260500.0,261500.0,260000.0,260500.0,4479
202609071415,260000.0,262000.0,260000.0,261500.0,5546
202609071430,261500.0,263500.0,261000.0,262500.0,6001
202609071445,262000.0,262500.0,260000.0,260500.0,8403
202609071500,261000.0,261500.0,259500.0,260500.0,4953
202609071515,260500.0,261500.0,259500.0,261500.0,3046
202609080900,262500.0,276500.0,260000.0,276000.0,15758
202609080915,276000.0,276500.0,270000.0,275000.0,7679
202609080930,274500.0,274500.0,268500.0,271500.0,5641
202609080945,270500.0,274000.0,269500.0,271500.0,5661
202609081000,271500.0,274000.0,271000.0,273000.0,5074
202609081015,273000.0,273500.0,267000.0,267500.0,6597
202609081030,267500.0,268500.0,264500.0,265000.0,7739
202609081045,265000.0,266500.0,261500.0,266500.0,10990
202609081100,266000.0,266500.0,264000.0,264000.0,8026
202609081115,264000.0,265000.0,263500.0,265000.0,5340
202609081130,264500.0,265500.0,264500.0,265500.0,4386
202609081145,265500.0,265500.0,263000.0,263500.0,5030
202609081200,263500.0,264500.0,263000.0,263000.0,4051
202609081215,263500.0,267000.0,263000.0,267000.0,6721
202609081230,266500.0,268500.0,265500.0,265500.0,7605
202609081245,265500.0,266500.0,265000.0,265500.0,4197
202609081300,265500.0,267500.0,265000.0,266500.0,4904
202609081315,266000.0,270000.0,266000.0,269000.0,8500
202609081330,269000.0,269500.0,266000.0,267000.0,4980
202609081345,267000.0,268000.0,264500.0,265500.0,5432
202609081400,265000.0,266000.0,263500.0,266000.0,4547
202609081415,266000.0,266000.0,262500.0,262500.0,5227
202609081430,263000.0,264500.0,261000.0,261000.0,7062
202609081445,261000.0,262000.0,258500.0,258500.0,7079
202609081500,258500.0,259000.0,257500.0,257500.0,5607
202609081515,257500.0,258000.0,255500.0,256000.0,3891
202609090900,267500.0,271500.0,258000.0,265500.0,9567
202609090915,265000.0,268000.0,262500.0,265500.0,8097
202609090930,266000.0,272000.0,264000.0,270500.0,6127
202609090945,271000.0,275500.0,271000.0,275000.0,7651
202609091000,275000.0,277000.0,273500.0,276500.0,5433
202609091015,276000.0,277000.0,272500.0,273500.0,4770
202609091030,273500.0,275000.0,273000.0,273500.0,3406
202609091045,273500.0,274500.0,269500.0,270500.0,4765
202609091100,270000.0,273000.0,270000.0,271000.0,3586
202609091115,270500.0,271500.0,269000.0,270500.0,3449
202609091130,270500.0,271000.0,268500.0,269500.0,3362
202609091145,269500.0,269500.0,267500.0,269000.0,2972
202609091200,268000.0,269000.0,266500.0,268250.0,2704
202609091215,268250.0,270500.0,268000.0,269000.0,2904
202609091230,270000.0,270500.0,268000.0,268000.0,3130
202609091245,268500.0,269500.0,267000.0,269000.0,3149
202609091300,268000.0,270000.0,266000.0,266500.0,5088
202609091315,266500.0,270500.0,266500.0,270500.0,3413
202609091330,270000.0,272000.0,269500.0,270500.0,2761
202609091345,270500.0,271500.0,269000.0,269000.0,2980
202609091400,269000.0,270500.0,268000.0,269000.0,4417
202609091415,269000.0,270000.0,268000.0,269000.0,4046
202609091430,269000.0,271500.0,266500.0,268000.0,5428
202609091445,268000.0,268500.0,266500.0,267000.0,4184
202609091500,266500.0,268000.0,266500.0,267500.0,5054
202609091515,267500.0,269000.0,267500.0,268500.0,3473
202609100900,263000.0,267500.0,256000.0,266000.0,8866
202609100915,266000.0,268500.0,260500.0,264000.0,6816
202609100930,262500.0,266500.0,260500.0,266500.0,6039
202609100945,265500.0,268000.0,259000.0,262500.0,9013
202609101000,262500.0,267000.0,262500.0,265500.0,8813
202609101015,265500.0,268500.0,264000.0,265000.0,9106
202609101030,265500.0,272000.0,264500.0,270500.0,7959
202609101045,270000.0,274000.0,266500.0,274000.0,12364
202609101100,273500.0,283500.0,273500.0,282000.0,19512
202609101115,281500.0,283000.0,275500.0,276500.0,15234
202609101130,276500.0,282500.0,275000.0,280000.0,18819
202609101145,280000.0,290000.0,279500.0,290000.0,28031
202609101200,290000.0,304000.0,289500.0,303500.0,39577
202609101215,303000.0,318500.0,302500.0,311500.0,53179
202609101230,311500.0,311500.0,301500.0,304000.0,39950
202609101245,303500.0,309500.0,302000.0,303500.0,39562
202609101300,303000.0,308500.0,295500.0,295500.0,41818
202609101315,295500.0,299000.0,293500.0,295500.0,36287
202609101330,295500.0,300000.0,294500.0,299000.0,37245
202609101345,298500.0,300500.0,293000.0,293500.0,35054
202609101400,293500.0,300000.0,290500.0,299000.0,37924
202609101415,299000.0,299500.0,295000.0,299000.0,37111
202609101430,298500.0,307000.0,297500.0,306000.0,44874
202609101445,306000.0,308000.0,299500.0,305000.0,36547
202609101500,304500.0,314000.0,304000.0,308500.0,47223
202609101515,308500.0,309500.0,306500.0,306500.0,118396
202609110900,287500.0,295000.0,284500.0,289000.0,17301
202609110915,289500.0,293000.0,287000.0,287000.0,9640
202609110930,287000.0,290000.0,285000.0,289500.0,7758
202609110945,289500.0,298500.0,289500.0,294500.0,8822
202609111000,294500.0,295000.0,289000.0,289500.0,3267
202609111015,289000.0,289500.0,286500.0,288000.0,3281
202609111030,288000.0,293000.0,286000.0,289000.0,4399
202609111045,289000.0,289000.0,285000.0,285500.0,3422
202609111100,286000.0,286000.0,284000.0,284000.0,4988
202609111115,284500.0,284500.0,278000.0,278000.0,6657
202609111130,278000.0,279000.0,275500.0,276500.0,6980
202609111145,276500.0,277500.0,276000.0,276000.0,4123
202609111200,276000.0,276500.0,270000.0,270500.0,9711
202609111215,270500.0,272000.0,266500.0,268000.0,8462
202609111230,268000.0,268500.0,262000.0,264000.0,9538
202609111245,264000.0,264500.0,260500.0,261500.0,8034
202609111300,261500.0,269000.0,261000.0,263500.0,10330
202609111315,263000.0,264000.0,261500.0,262500.0,6168
202609111330,262500.0,267500.0,261000.0,266500.0,7295
202609111345,266500.0,267000.0,261000.0,261000.0,6303
202609111400,261000.0,264000.0,259500.0,263000.0,10013
202609111415,263000.0,267000.0,260500.0,265000.0,9349
202609111430,265000.0,266500.0,261000.0,261500.0,8255
202609111445,261500.0,264000.0,260500.0,263500.0,10106
202609111500,263500.0,265000.0,262000.0,263500.0,11164
202609111515,263500.0,264000.0,260500.0,260500.0,6786
202609140900,247000.0,249500.0,241500.0,243500.0,13636
202609140915,243500.0,244000.0,237500.0,238500.0,11647
202609140930,239000.0,247000.0,238500.0,247000.0,4831
202609140945,247000.0,249500.0,245000.0,245500.0,4848
202609141000,245500.0,250500.0,245500.0,250000.0,3632
202609141015,250000.0,250000.0,244500.0,245000.0,3499
202609141030,245000.0,248000.0,244000.0,244000.0,3099
202609141045,244000.0,247000.0,243000.0,246000.0,3456
202609141100,246000.0,246500.0,244500.0,245000.0,3100
202609141115,245500.0,246000.0,243000.0,243000.0,3783
202609141130,244000.0,245000.0,243000.0,243500.0,2552
202609141145,243500.0,244500.0,243000.0,243500.0,2147
202609141200,243500.0,244500.0,242500.0,242500.0,2666
202609141215,243000.0,243000.0,241500.0,243000.0,2620
202609141230,242500.0,243500.0,241000.0,241500.0,2955
202609141245,241500.0,242500.0,241000.0,241500.0,2953
202609141300,241500.0,243500.0,241000.0,243500.0,2717
202609141315,243000.0,245500.0,242500.0,243500.0,3239
202609141330,243500.0,245000.0,243000.0,243500.0,2585
202609141345,243500.0,244000.0,241000.0,242000.0,2678
202609141400,242500.0,242500.0,240500.0,241000.0,2805
202609141415,241000.0,241000.0,239500.0,240000.0,4151
202609141430,240000.0,241000.0,239500.0,239500.0,2737
202609141445,239500.0,240500.0,238500.0,239000.0,4195
202609141500,238500.0,239500.0,238000.0,238000.0,3087
202609141515,238250.0,238500.0,236000.0,236000.0,7028
202609150900,240000.0,248000.0,240000.0,245500.0,9484
202609150915,246000.0,253500.0,242500.0,243000.0,10632
202609150930,243000.0,255000.0,242500.0,252000.0,6563
202609150945,252000.0,253000.0,239000.0,240000.0,6090
202609151000,239500.0,246000.0,239500.0,245500.0,2854
202609151015,245500.0,249500.0,244000.0,244000.0,2534
202609151030,243500.0,246500.0,243500.0,244500.0,1658
202609151045,245000.0,246500.0,243500.0,246500.0,1392
202609151100,246500.0,248000.0,244000.0,247500.0,1072
202609151115,247500.0,248500.0,246000.0,248500.0,1228
202609151130,248000.0,251500.0,247500.0,250500.0,3038
202609151145,250500.0,251000.0,248500.0,250000.0,1388
202609151200,250000.0,251000.0,249000.0,249000.0,1344
202609151215,249000.0,250000.0,249000.0,249000.0,776
202609151230,249500.0,249500.0,246500.0,248000.0,1578
202609151245,248500.0,248500.0,247000.0,247000.0,857
202609151300,247250.0,248000.0,246500.0,246500.0,1232
202609151315,246500.0,247000.0,244000.0,244500.0,3602
202609151330,244000.0,246500.0,243000.0,246000.0,2171
202609151345,246000.0,247500.0,246000.0,247000.0,1034
202609151400,246500.0,246500.0,243000.0,243000.0,1942
202609151415,243000.0,243500.0,241000.0,242500.0,6051
202609151430,242500.0,243500.0,242000.0,243000.0,2033
202609151445,243000.0,243500.0,242000.0,242000.0,2670
202609151500,242000.0,242500.0,241000.0,241000.0,2466
202609151515,241000.0,243500.0,241000.0,241500.0,3159
202609160900,237000.0,241500.0,231000.0,236000.0,6870
202609160915,236500.0,240000.0,235000.0,237500.0,3413
202609160930,237500.0,239500.0,237000.0,237000.0,2294
202609160945,237000.0,237500.0,235500.0,237000.0,2338
202609161000,237000.0,237000.0,234500.0,235000.0,1850
202609161015,235000.0,239000.0,232500.0,238500.0,3334
202609161030,238000.0,240500.0,237500.0,240000.0,2098
202609161045,240500.0,241000.0,238500.0,239000.0,1627
202609161100,239500.0,240500.0,238500.0,239500.0,1799
202609161115,239500.0,240000.0,238000.0,239500.0,1555
202609161130,239500.0,240500.0,236000.0,237000.0,2519
202609161145,237500.0,242500.0,237000.0,242000.0,3390
202609161200,242500.0,243000.0,240000.0,241500.0,2212
202609161215,241500.0,243000.0,241000.0,241000.0,2132
202609161230,241000.0,242000.0,240000.0,241500.0,2008
202609161245,241500.0,241500.0,240000.0,241000.0,2010
202609161300,241000.0,244000.0,240500.0,244000.0,3038
202609161315,244000.0,247000.0,243000.0,245000.0,4743
202609161330,245000.0,245500.0,244000.0,244500.0,2271
202609161345,244000.0,244500.0,240000.0,240000.0,3742
202609161400,240000.0,240000.0,238000.0,239500.0,3657
202609161415,239000.0,240000.0,238500.0,239500.0,2645
202609161430,239000.0,244000.0,239000.0,243000.0,4216
202609161445,243500.0,243500.0,242500.0,243000.0,2923
202609161500,243000.0,245500.0,241500.0,245000.0,3953
202609161515,245000.0,245500.0,243000.0,243000.0,4266
202609170900,248000.0,251000.0,240000.0,243500.0,5193
202609170915,243500.0,243500.0,239500.0,240500.0,2646
202609170930,240500.0,241500.0,239000.0,240500.0,1980
202609170945,240000.0,248500.0,239500.0,246000.0,2581
202609171000,246500.0,248500.0,245000.0,247500.0,2278
202609171015,247000.0,247500.0,245500.0,247000.0,1351
202609171030,246500.0,248000.0,245000.0,248000.0,1498
202609171045,248000.0,251000.0,248000.0,250500.0,4012
202609171100,250500.0,251500.0,249500.0,251000.0,3165
202609171115,251000.0,252000.0,250000.0,250000.0,3003
202609171130,250500.0,250500.0,248000.0,249000.0,1910
202609171145,249000.0,250500.0,247500.0,248500.0,932
202609171200,249000.0,249500.0,247500.0,249000.0,825
202609171215,249000.0,249000.0,247500.0,248500.0,749
202609171230,248000.0,249000.0,247500.0,249000.0,880
202609171245,249000.0,250500.0,248500.0,250500.0,1350
202609171300,250500.0,250500.0,247500.0,248000.0,1473
202609171315,248000.0,249500.0,247000.0,249000.0,1622
202609171330,249000.0,249000.0,247500.0,248000.0,1853
202609171345,248000.0,251000.0,247500.0,250500.0,2033
202609171400,250500.0,251000.0,248000.0,249000.0,2303
202609171415,249000.0,249000.0,247000.0,247000.0,1479
202609171430,247000.0,247000.0,246000.0,246500.0,1135
202609171445,246000.0,247000.0,246000.0,246500.0,1311
202609171500,246500.0,251500.0,246000.0,251000.0,4065
202609171515,251000.0,252000.0,248500.0,248500.0,2564
202609180900,255500.0,256000.0,250000.0,251000.0,3858
202609180915,251000.0,252500.0,250000.0,250500.0,1612
202609180930,250500.0,250500.0,248500.0,248500.0,3237
202609180945,248500.0,250000.0,246000.0,247000.0,2958
202609181000,247000.0,247500.0,245000.0,245000.0,2395
202609181015,245500.0,246000.0,244500.0,245000.0,2441
202609181030,245500.0,249000.0,245000.0,249000.0,1216
202609181045,249000.0,249000.0,246500.0,246500.0,636
202609181100,247000.0,247500.0,247000.0,247500.0,728
202609181115,247500.0,247500.0,245500.0,245500.0,892
202609181130,246000.0,249500.0,245000.0,249000.0,2179
202609181145,249000.0,250000.0,247500.0,248500.0,1499
202609181200,249000.0,250000.0,248500.0,250000.0,1100
202609181215,249500.0,250500.0,249500.0,250000.0,707
202609181230,250500.0,250500.0,250000.0,250000.0,900
202609181245,250000.0,250000.0,248000.0,248000.0,1338
202609181300,248000.0,249000.0,248000.0,248500.0,792
202609181315,248000.0,248500.0,246500.0,246500.0,1134
202609181330,246500.0,248000.0,246500.0,247500.0,2544
202609181345,247500.0,249500.0,247500.0,249000.0,1444
202609181400,248500.0,250000.0,248500.0,249500.0,1295
202609181415,249500.0,249500.0,249000.0,249500.0,1562
202609181430,249500.0,251500.0,249000.0,251500.0,2712
202609181445,251500.0,251500.0,248500.0,248500.0,2431
202609181500,248500.0,249000.0,248500.0,249000.0,876
202609181515,248500.0,249000.0,243000.0,243000.0,15472
202609210900,243500.0,248250.0,243000.0,245500.0,3827
202609210915,245500.0,251000.0,243000.0,250500.0,9383
202609210930,250500.0,253000.0,248500.0,250000.0,9160
202609210945,250000.0,256000.0,250000.0,256000.0,6216
202609211000,255500.0,260500.0,254500.0,258500.0,9864
202609211015,258500.0,259000.0,253500.0,256500.0,5432
202609211030,256500.0,260000.0,255500.0,259500.0,4096
202609211045,259000.0,260000.0,256500.0,258000.0,8079
202609211100,258000.0,258500.0,257500.0,258000.0,2308
202609211115,258000.0,259500.0,257500.0,259000.0,2250
202609211130,259000.0,259500.0,257500.0,258500.0,2897
202609211145,258000.0,259500.0,257500.0,258500.0,3571
202609211200,258500.0,259000.0,257500.0,258000.0,2264
202609211215,258000.0,259000.0,258000.0,259000.0,3464
202609211230,259000.0,259000.0,258000.0,258500.0,1184
202609211245,258500.0,260000.0,258500.0,259500.0,2842
202609211300,259500.0,261500.0,259000.0,260000.0,4323
202609211315,260000.0,262500.0,259500.0,261000.0,2491
202609211330,261000.0,262500.0,260500.0,261000.0,3234
202609211345,260500.0,260500.0,258000.0,259500.0,2646
202609211400,259000.0,259500.0,258000.0,258000.0,1670
202609211415,258500.0,259500.0,258000.0,259500.0,3203
202609211430,259500.0,261500.0,259000.0,261500.0,2981
202609211445,261500.0,264500.0,261000.0,264000.0,7430
202609211500,264000.0,267500.0,264000.0,266500.0,6812
202609211515,266500.0,267000.0,266500.0,267000.0,1630
202609220900,274000.0,276000.0,263500.0,269500.0,13643
202609220915,269500.0,270000.0,262500.0,265500.0,6329
202609220930,265500.0,270000.0,265000.0,270000.0,5402
202609220945,270000.0,271500.0,267000.0,268000.0,2894
202609221000,268500.0,270000.0,267000.0,268500.0,2968
202609221015,268500.0,271000.0,268000.0,270500.0,2591
202609221030,270500.0,271000.0,270000.0,270000.0,2406
202609221045,270000.0,271500.0,269000.0,271500.0,3101
202609221100,272000.0,275000.0,271500.0,273000.0,4688
202609221115,273000.0,273500.0,272000.0,273500.0,2349
202609221130,273500.0,276500.0,273000.0,276500.0,3003
202609221145,276500.0,280000.0,276000.0,280000.0,4892
202609221200,280000.0,280000.0,277000.0,277500.0,2744
202609221215,277500.0,279000.0,277000.0,279000.0,1657
202609221230,278500.0,279500.0,276000.0,276500.0,2615
202609221245,276500.0,277000.0,274000.0,274000.0,2028
202609221300,274000.0,275000.0,273000.0,274000.0,1800
202609221315,274000.0,275000.0,273000.0,273000.0,1721
202609221330,273500.0,274500.0,271000.0,272500.0,2759
202609221345,272500.0,274000.0,272000.0,272000.0,2225
202609221400,272000.0,274500.0,272000.0,273000.0,2136
202609221415,272500.0,274000.0,268500.0,271000.0,3758
202609221430,271000.0,279000.0,270500.0,277500.0,3984
202609221445,278000.0,279500.0,277500.0,279500.0,3561
202609221500,279000.0,282500.0,279000.0,281000.0,7985
202609221515,281000.0,281000.0,280000.0,281000.0,2528
202609230900,280000.0,290000.0,278500.0,286000.0,8323
202609230915,286250.0,290500.0,285500.0,287500.0,9428
202609230930,288000.0,290000.0,286500.0,286500.0,3537
202609230945,286500.0,287000.0,283500.0,285500.0,2517
202609231000,286000.0,290500.0,285500.0,290000.0,3905
202609231015,290000.0,290000.0,287000.0,289000.0,1567
202609231030,287500.0,288500.0,285000.0,286500.0,2312
202609231045,286500.0,288000.0,285000.0,288000.0,1392
202609231100,288000.0,288000.0,284500.0,285500.0,1794
202609231115,287000.0,287500.0,283500.0,285000.0,1293
202609231130,284500.0,285000.0,282500.0,283500.0,888
202609231145,283000.0,285500.0,283000.0,284500.0,983
202609231200,284500.0,285000.0,282500.0,283000.0,1290
202609231215,283000.0,284500.0,282000.0,283000.0,1175
202609231230,283000.0,283500.0,282000.0,283000.0,918
202609231245,282500.0,285000.0,282500.0,285000.0,1241
202609231300,285000.0,285000.0,284000.0,284500.0,1414
202609231315,284500.0,287500.0,284000.0,286500.0,2167
202609231330,286500.0,290500.0,286500.0,290500.0,4250
202609231345,290000.0,291500.0,289500.0,291000.0,3671
202609231400,291500.0,291500.0,290000.0,290500.0,2744
202609231415,290500.0,290500.0,286000.0,286000.0,5962
202609231430,286500.0,287500.0,284000.0,284500.0,1757
202609231445,284500.0,290000.0,284500.0,289500.0,2378
202609231500,289000.0,290000.0,287500.0,288000.0,2149
202609231515,288000.0,289000.0,286500.0,289000.0,2175
202609280900,281500.0,285000.0,279500.0,280500.0,9594
202609280915,280500.0,284500.0,279500.0,282500.0,5083
202609280930,282000.0,285000.0,280500.0,285000.0,2810
202609280945,284500.0,293000.0,284500.0,287500.0,6301
202609281000,287500.0,290000.0,287500.0,288500.0,1871
202609281015,288500.0,290000.0,285500.0,289500.0,2808
202609281030,289500.0,291500.0,287000.0,287000.0,2125
202609281045,287000.0,289500.0,286500.0,288000.0,2046
202609281100,288000.0,289500.0,288000.0,289000.0,2368
202609281115,289000.0,290000.0,287500.0,289500.0,2230
202609281130,289500.0,294000.0,289500.0,293500.0,2560
202609281145,293500.0,293500.0,291000.0,293000.0,1667
202609281200,293000.0,293500.0,291500.0,293500.0,1356
202609281215,293000.0,294000.0,293000.0,293500.0,1098
202609281230,293500.0,294000.0,290000.0,291000.0,1670
202609281245,291000.0,293000.0,290500.0,290500.0,1087
202609281300,290500.0,292000.0,289000.0,290000.0,999
202609281315,291000.0,292500.0,289000.0,290500.0,1110
202609281330,290000.0,293500.0,290000.0,293000.0,1462
202609281345,293500.0,293500.0,292500.0,293000.0,1319
202609281400,293000.0,299500.0,292500.0,295500.0,4962
202609281415,294500.0,297500.0,294500.0,296000.0,2952
202609281430,296000.0,296000.0,290000.0,290000.0,2594
202609281445,290500.0,291000.0,289000.0,291000.0,2797
202609281500,291500.0,297000.0,291000.0,296000.0,2966
202609281515,296000.0,296500.0,293000.0,293000.0,2245
202609290900,298000.0,309500.0,297500.0,304000.0,22575
202609290915,304000.0,304500.0,297500.0,300000.0,17070
202609290930,300000.0,300500.0,286500.0,286500.0,16776
202609290945,286500.0,289500.0,284000.0,285000.0,6735
202609291000,285000.0,287500.0,284500.0,285500.0,2275
202609291015,285500.0,286500.0,283500.0,286000.0,3180
202609291030,286000.0,288000.0,284500.0,288000.0,1813
202609291045,288000.0,288000.0,285000.0,286000.0,2194
202609291100,286000.0,286000.0,283500.0,285500.0,2745
202609291115,286000.0,287000.0,284500.0,287000.0,1713
202609291130,287000.0,288000.0,285500.0,288000.0,1957
202609291145,287500.0,291500.0,287500.0,291000.0,3573
202609291200,291500.0,292000.0,290000.0,290000.0,1843
202609291215,290500.0,291500.0,289500.0,290500.0,1475
202609291230,290500.0,293000.0,290000.0,292500.0,1408
202609291245,292000.0,293000.0,290000.0,290000.0,1814
202609291300,290000.0,290500.0,288000.0,288500.0,2004
202609291315,288500.0,291000.0,288000.0,289500.0,1539
202609291330,289500.0,290500.0,289000.0,289000.0,1595
202609291345,289000.0,291000.0,288000.0,291000.0,1672
202609291400,291000.0,291000.0,289000.0,291000.0,1336
202609291415,290500.0,291500.0,289000.0,290500.0,1674
202609291430,291000.0,293500.0,289000.0,292500.0,2028
202609291445,292500.0,297000.0,292500.0,297000.0,3627
202609291500,297000.0,298000.0,296500.0,297500.0,4216
202609291515,297000.0,298000.0,296000.0,297000.0,5479
202609300900,297500.0,301000.0,291000.0,292000.0,3373
202609300915,292000.0,298000.0,291500.0,296000.0,2009
202609300930,296000.0,296500.0,287500.0,288500.0,4694
202609300945,288500.0,290000.0,285000.0,289500.0,3704
202609301000,289750.0,289750.0,286500.0,288000.0,2281
202609301015,288500.0,290000.0,287000.0,288000.0,1697
202609301030,287750.0,288500.0,286000.0,287500.0,1730
202609301045,287500.0,288000.0,286000.0,286000.0,873
202609301100,286000.0,286500.0,285000.0,285000.0,1353
202609301115,285000.0,286000.0,283500.0,284500.0,4488
202609301130,284500.0,285000.0,282000.0,284500.0,2904
202609301145,284500.0,285750.0,283000.0,283500.0,1458
202609301200,283500.0,285500.0,282500.0,285500.0,1450
202609301215,285000.0,286000.0,283500.0,285500.0,812
202609301230,285500.0,287500.0,285000.0,287500.0,967
202609301245,287000.0,288500.0,282500.0,287000.0,2111
202609301300,287000.0,287500.0,285500.0,287500.0,1057
202609301315,287000.0,287500.0,285000.0,286000.0,1179
202609301330,286500.0,289000.0,286000.0,288500.0,1176
202609301345,288000.0,288500.0,286500.0,287500.0,1258
202609301400,287000.0,288500.0,282500.0,283000.0,1979
202609301415,283500.0,286500.0,283000.0,286000.0,1832
202609301430,286500.0,289500.0,284000.0,288500.0,2656
202609301445,288000.0,289500.0,286000.0,288500.0,2589
202609301500,288500.0,288500.0,285000.0,287500.0,6725
202609301515,287500.0,289000.0,287000.0,289000.0,2402
202610010900,285500.0,298000.0,285500.0,296500.0,6257
202610010915,296500.0,297000.0,291000.0,293000.0,4214
202610010930,293000.0,297500.0,292000.0,297500.0,3155
202610010945,297000.0,301000.0,292500.0,293000.0,7627
202610011000,293000.0,294500.0,288500.0,291000.0,4167
202610011015,291500.0,295000.0,290500.0,294000.0,3082
202610011030,293500.0,295500.0,291500.0,292000.0,2255
202610011045,292000.0,295000.0,291500.0,294500.0,2316
202610011100,294500.0,298500.0,294500.0,297500.0,2841
202610011115,297500.0,297500.0,295500.0,297000.0,2019
202610011130,297000.0,298500.0,296000.0,297500.0,1468
202610011145,297500.0,298500.0,295500.0,296500.0,1825
202610011200,295500.0,297000.0,294000.0,296000.0,1886
202610011215,295500.0,297500.0,295000.0,296500.0,1794
202610011230,296500.0,297000.0,295000.0,296000.0,1207
202610011245,295500.0,297000.0,295500.0,297000.0,2633
202610011300,297000.0,300000.0,295000.0,297500.0,3742
202610011315,297500.0,298000.0,296000.0,297000.0,1260
202610011330,297000.0,298000.0,296500.0,298000.0,1691
202610011345,298000.0,298500.0,297500.0,297500.0,2145
202610011400,298000.0,300000.0,297500.0,300000.0,2117
202610011415,299500.0,301000.0,298500.0,298500.0,4891
202610011430,298500.0,304000.0,298000.0,304000.0,6088
202610011445,304000.0,304000.0,302000.0,304000.0,4226
202610011500,303500.0,305000.0,302500.0,303000.0,4337
202610011515,304000.0,305000.0,303000.0,305000.0,4803
202610020900,298000.0,302000.0,292000.0,296000.0,9305
202610020915,296000.0,303500.0,295000.0,302500.0,3598
202610020930,302500.0,302500.0,297500.0,301500.0,4472
202610020945,302000.0,305000.0,297500.0,297500.0,5025
202610021000,297000.0,297000.0,293000.0,294500.0,8234
202610021015,294500.0,295500.0,290500.0,291500.0,6592
202610021030,291500.0,292000.0,289000.0,290500.0,8053
202610021045,290000.0,294000.0,289500.0,293000.0,5322
202610021100,293500.0,296000.0,291000.0,294500.0,4631
202610021115,295000.0,295500.0,292000.0,293500.0,2744
202610021130,293500.0,293500.0,290500.0,292000.0,3919
202610021145,292000.0,294000.0,290000.0,293000.0,3172
202610021200,293000.0,293500.0,290500.0,292000.0,3499
202610021215,292000.0,293500.0,291000.0,292500.0,2420
202610021230,292500.0,293000.0,290000.0,291500.0,3496
202610021245,291000.0,291500.0,288500.0,289000.0,4527
202610021300,289000.0,290000.0,286000.0,288500.0,5784
202610021315,288500.0,290000.0,287000.0,289500.0,3352
202610021330,289000.0,291000.0,287500.0,289000.0,4366
202610021345,289500.0,290500.0,288000.0,290000.0,2948
202610021400,290500.0,290500.0,288000.0,289500.0,4256
202610021415,289500.0,289500.0,287500.0,287500.0,2453
202610021430,288000.0,288500.0,286500.0,288000.0,3665
202610021445,288000.0,288500.0,287000.0,287500.0,3357
202610021500,287500.0,290000.0,287500.0,289500.0,3265
202610021515,289000.0,290500.0,289000.0,290500.0,2620
