202601020945,22600.0,22650.0,22450.0,22500.0,34429
202601021000,22500.0,22500.0,22300.0,22300.0,147393
202601021015,22300.0,22400.0,22250.0,22400.0,149064
202601021030,22400.0,22400.0,22300.0,22350.0,76181
202601021045,22350.0,22350.0,22250.0,22250.0,61411
202601021100,22250.0,22300.0,22250.0,22300.0,59566
202601021115,22250.0,22300.0,22200.0,22250.0,136991
202601021130,22250.0,22250.0,22100.0,22200.0,168036
202601021145,22200.0,22250.0,22150.0,22250.0,58405
202601021200,22200.0,22250.0,22150.0,22150.0,42242
202601021215,22200.0,22250.0,22150.0,22150.0,49501
202601021230,22150.0,22250.0,22150.0,22200.0,63161
202601021245,22150.0,22250.0,22150.0,22150.0,38404
202601021300,22200.0,22300.0,22150.0,22250.0,65629
202601021315,22300.0,22300.0,22200.0,22200.0,38780
202601021330,22250.0,22300.0,22200.0,22200.0,42500
202601021345,22250.0,22300.0,22200.0,22300.0,54890
202601021400,22250.0,22300.0,22200.0,22300.0,53895
202601021415,22250.0,22300.0,22200.0,22250.0,54513
202601021430,22250.0,22300.0,22200.0,22250.0,48818
202601021445,22250.0,22350.0,22150.0,22200.0,89831
202601021500,22250.0,22300.0,22150.0,22200.0,69794
202601021515,22200.0,22250.0,22200.0,22200.0,56236
202601050900,22500.0,22600.0,22400.0,22450.0,143420
202601050915,22450.0,22550.0,22450.0,22500.0,70177
202601050930,22550.0,22550.0,22400.0,22400.0,86646
202601050945,22400.0,22450.0,22300.0,22400.0,118702
202601051000,22400.0,22450.0,22350.0,22450.0,41978
202601051015,22400.0,22450.0,22400.0,22400.0,33888
202601051030,22400.0,22500.0,22400.0,22450.0,64728
202601051045,22500.0,22500.0,22450.0,22450.0,31855
202601051100,22450.0,22550.0,22450.0,22500.0,52943
202601051115,22500.0,22550.0,22450.0,22450.0,45303
202601051130,22450.0,22550.0,22400.0,22525.0,49854
202601051145,22525.0,22550.0,22450.0,22500.0,49561
202601051200,22500.0,22550.0,22500.0,22500.0,18813
202601051215,22500.0,22600.0,22500.0,22550.0,52647
202601051230,22550.0,22600.0,22500.0,22550.0,44781
202601051245,22550.0,22600.0,22500.0,22500.0,27116
202601051300,22500.0,22550.0,22500.0,22500.0,24363
202601051315,22550.0,22600.0,22500.0,22550.0,30999
202601051330,22550.0,22600.0,22500.0,22550.0,87721
202601051345,22550.0,22600.0,22500.0,22550.0,80402
202601051400,22550.0,22600.0,22550.0,22550.0,46944
202601051415,22600.0,22650.0,22550.0,22550.0,94258
202601051430,22550.0,22575.0,22500.0,22500.0,49045
202601051445,22500.0,22550.0,22500.0,22500.0,42057
202601051500,22500.0,22550.0,22500.0,22500.0,66063
202601051515,22500.0,22600.0,22500.0,22600.0,90636
202601060900,22450.0,22600.0,22400.0,22425.0,75556
202601060915,22425.0,22500.0,22350.0,22450.0,73545
202601060930,22450.0,22550.0,22350.0,22500.0,59630
202601060945,22525.0,22550.0,22450.0,22550.0,55666
202601061000,22550.0,22550.0,22400.0,22500.0,33718
202601061015,22500.0,22550.0,22400.0,22500.0,41616
202601061030,22500.0,22550.0,22400.0,22450.0,32702
202601061045,22500.0,22500.0,22450.0,22450.0,23316
202601061100,22500.0,22500.0,22400.0,22500.0,38545
202601061115,22500.0,22500.0,22400.0,22450.0,49864
202601061130,22450.0,22500.0,22400.0,22450.0,52981
202601061145,22450.0,22500.0,22450.0,22500.0,45135
202601061200,22500.0,22550.0,22450.0,22550.0,43024
202601061215,22550.0,22600.0,22500.0,22550.0,36139
202601061230,22550.0,22600.0,22500.0,22500.0,23399
202601061245,22500.0,22550.0,22500.0,22550.0,25138
202601061300,22550.0,22600.0,22500.0,22550.0,50002
202601061315,22550.0,22600.0,22450.0,22500.0,51676
202601061330,22500.0,22550.0,22450.0,22450.0,29456
202601061345,22450.0,22500.0,22450.0,22500.0,41297
202601061400,22500.0,22500.0,22400.0,22450.0,34861
202601061415,22450.0,22500.0,22400.0,22450.0,23683
202601061430,22450.0,22500.0,22450.0,22450.0,31963
202601061445,22450.0,22500.0,22400.0,22450.0,66729
202601061500,22450.0,22500.0,22400.0,22500.0,36327
202601061515,22500.0,22500.0,22450.0,22500.0,58929
202601070900,22250.0,22350.0,22100.0,22150.0,289678
202601070915,22150.0,22200.0,21950.0,22100.0,462433
202601070930,22100.0,22150.0,22050.0,22100.0,67692
202601070945,22100.0,22150.0,22050.0,22100.0,75144
202601071000,22100.0,22200.0,22050.0,22150.0,59485
202601071015,22150.0,22200.0,22050.0,22100.0,51415
202601071030,22100.0,22150.0,22050.0,22100.0,76070
202601071045,22050.0,22100.0,22000.0,22100.0,55358
202601071100,22100.0,22150.0,22050.0,22100.0,42468
202601071115,22100.0,22150.0,22050.0,22100.0,32590
202601071130,22100.0,22150.0,22050.0,22100.0,23704
202601071145,22100.0,22100.0,22050.0,22050.0,54607
202601071200,22100.0,22100.0,22000.0,22050.0,55481
202601071215,22050.0,22100.0,22000.0,22050.0,62008
202601071230,22050.0,22100.0,22000.0,22050.0,30774
202601071245,22100.0,22100.0,22000.0,22000.0,53182
202601071300,22050.0,22050.0,21900.0,21950.0,169503
202601071315,22000.0,22050.0,21950.0,21950.0,41104
202601071330,21950.0,22050.0,21950.0,22000.0,40012
202601071345,22000.0,22050.0,22000.0,22050.0,14869
202601071400,22050.0,22100.0,22000.0,22050.0,41981
202601071415,22075.0,22100.0,22000.0,22050.0,39351
202601071430,22100.0,22100.0,22050.0,22050.0,24448
202601071445,22050.0,22100.0,22050.0,22050.0,46095
202601071500,22075.0,22150.0,22050.0,22150.0,50803
202601071515,22100.0,22150.0,22050.0,22100.0,77613
202601080900,21950.0,22000.0,21900.0,21975.0,54800
202601080915,21975.0,22000.0,21900.0,21950.0,43858
202601080930,21950.0,21950.0,21850.0,21900.0,68935
202601080945,21925.0,21950.0,21850.0,21950.0,52214
202601081000,21900.0,21950.0,21850.0,21900.0,47927
202601081015,21900.0,21900.0,21800.0,21850.0,71696
202601081030,21850.0,21900.0,21800.0,21850.0,35825
202601081045,21850.0,21900.0,21800.0,21850.0,44426
202601081100,21850.0,21900.0,21800.0,21800.0,47236
202601081115,21850.0,21900.0,21750.0,21750.0,119018
202601081130,21750.0,21850.0,21700.0,21750.0,157404
202601081145,21750.0,21800.0,21700.0,21750.0,43131
202601081200,21750.0,21750.0,21700.0,21700.0,27887
202601081215,21700.0,21750.0,21700.0,21700.0,31618
202601081230,21750.0,21750.0,21600.0,21600.0,105429
202601081245,21600.0,21650.0,21600.0,21650.0,39322
202601081300,21650.0,21700.0,21600.0,21700.0,34778
202601081315,21700.0,21750.0,21650.0,21700.0,29675
202601081330,21700.0,21750.0,21700.0,21700.0,24372
202601081345,21725.0,21800.0,21700.0,21800.0,31303
202601081400,21800.0,21850.0,21750.0,21800.0,47073
202601081415,21850.0,21850.0,21750.0,21750.0,32209
202601081430,21750.0,21800.0,21750.0,21750.0,34221
202601081445,21750.0,21800.0,21700.0,21700.0,48136
202601081500,21700.0,21750.0,21650.0,21650.0,77494
202601081515,21650.0,21700.0,21650.0,21650.0,233118
202601090900,21800.0,22000.0,21700.0,21900.0,85197
202601090915,21950.0,21950.0,21850.0,21900.0,79102
202601090930,21950.0,22100.0,21900.0,22050.0,98997
202601090945,22050.0,22050.0,22000.0,22050.0,24799
202601091000,22050.0,22100.0,21950.0,22000.0,42118
202601091015,21950.0,22000.0,21900.0,21900.0,22434
202601091030,21950.0,22000.0,21900.0,21950.0,23101
202601091045,21950.0,22050.0,21900.0,22050.0,27601
202601091100,22050.0,22100.0,21950.0,22100.0,55772
202601091115,22050.0,22100.0,22000.0,22000.0,32243
202601091130,22050.0,22100.0,21950.0,22000.0,32068
202601091145,22050.0,22100.0,22000.0,22100.0,52879
202601091200,22100.0,22100.0,22000.0,22000.0,32159
202601091215,22000.0,22050.0,21950.0,22000.0,22984
202601091230,22000.0,22050.0,22000.0,22050.0,21219
202601091245,22050.0,22100.0,22000.0,22100.0,50323
202601091300,22050.0,22150.0,22050.0,22100.0,39825
202601091315,22100.0,22150.0,22050.0,22050.0,31199
202601091330,22050.0,22150.0,22000.0,22050.0,30067
202601091345,22000.0,22100.0,22000.0,22050.0,22566
202601091400,22050.0,22100.0,22000.0,22050.0,27863
202601091415,22000.0,22100.0,22000.0,22100.0,21641
202601091430,22050.0,22100.0,22000.0,22000.0,31953
202601091445,22000.0,22100.0,22000.0,22050.0,35250
202601091500,22050.0,22100.0,22050.0,22100.0,25679
202601091515,22075.0,22100.0,22050.0,22100.0,43510
202601120900,22000.0,22050.0,21950.0,21950.0,92389
202601120915,22000.0,22000.0,21900.0,22000.0,59395
202601120930,22000.0,22000.0,21900.0,21950.0,55268
202601120945,21950.0,22050.0,21850.0,21900.0,101792
202601121000,21850.0,21900.0,21850.0,21850.0,41746
202601121015,21900.0,21900.0,21800.0,21850.0,81417
202601121030,21850.0,22000.0,21850.0,22000.0,63679
202601121045,21950.0,22000.0,21925.0,22000.0,56136
202601121100,22000.0,22000.0,21950.0,21950.0,37012
202601121115,22000.0,22000.0,21950.0,21950.0,29801
202601121130,21950.0,22000.0,21950.0,22000.0,28278
202601121145,21950.0,22000.0,21950.0,21950.0,27187
202601121200,21975.0,22000.0,21950.0,21950.0,21972
202601121215,22000.0,22000.0,21925.0,21950.0,36059
202601121230,21950.0,22000.0,21950.0,21975.0,28266
202601121245,21975.0,22000.0,21950.0,21950.0,33591
202601121300,22000.0,22000.0,21950.0,21950.0,32894
202601121315,21975.0,22000.0,21950.0,22000.0,49934
202601121330,21950.0,22050.0,21950.0,22050.0,60893
202601121345,22050.0,22050.0,22000.0,22050.0,55044
202601121400,22050.0,22100.0,22000.0,22100.0,48900
202601121415,22100.0,22100.0,22050.0,22050.0,29959
202601121430,22050.0,22100.0,22050.0,22050.0,54928
202601121445,22050.0,22100.0,22050.0,22100.0,44045
202601121500,22075.0,22100.0,22050.0,22050.0,57123
202601121515,22050.0,22100.0,22050.0,22100.0,80158
202601130900,22150.0,22250.0,22100.0,22100.0,85270
202601130915,22150.0,22150.0,22000.0,22050.0,36539
202601130930,22050.0,22100.0,22050.0,22050.0,36030
202601130945,22100.0,22150.0,22050.0,22100.0,47844
202601131000,22150.0,22150.0,22100.0,22150.0,44396
202601131015,22150.0,22200.0,22100.0,22200.0,69315
202601131030,22200.0,22300.0,22150.0,22200.0,143400
202601131045,22200.0,22250.0,22150.0,22250.0,37092
202601131100,22250.0,22250.0,22150.0,22200.0,22478
202601131115,22200.0,22250.0,22200.0,22250.0,27070
202601131130,22200.0,22250.0,22150.0,22150.0,25845
202601131145,22200.0,22200.0,22100.0,22200.0,28788
202601131200,22200.0,22200.0,22100.0,22200.0,23977
202601131215,22200.0,22200.0,22100.0,22100.0,59233
202601131230,22100.0,22200.0,22100.0,22100.0,38982
202601131245,22100.0,22200.0,22100.0,22150.0,32830
202601131300,22150.0,22150.0,22100.0,22100.0,15603
202601131315,22150.0,22150.0,22100.0,22100.0,30916
202601131330,22150.0,22150.0,22100.0,22100.0,28302
202601131345,22150.0,22200.0,22100.0,22200.0,55458
202601131400,22200.0,22200.0,22150.0,22150.0,34758
202601131415,22200.0,22200.0,22150.0,22200.0,52753
202601131430,22150.0,22250.0,22150.0,22250.0,42060
202601131445,22200.0,22250.0,22200.0,22200.0,37532
202601131500,22250.0,22250.0,22150.0,22250.0,116547
202601131515,22250.0,22250.0,22150.0,22250.0,107968
202601140900,22200.0,22250.0,22150.0,22200.0,80960
202601140915,22200.0,22250.0,22150.0,22250.0,56980
202601140930,22200.0,22250.0,22150.0,22200.0,39240
202601140945,22250.0,22250.0,22150.0,22250.0,45580
202601141000,22200.0,22300.0,22200.0,22250.0,58359
202601141015,22200.0,22300.0,22200.0,22250.0,41211
202601141030,22250.0,22400.0,22250.0,22350.0,89639
202601141045,22300.0,22350.0,22250.0,22325.0,42195
202601141100,22325.0,22325.0,22250.0,22250.0,16930
202601141115,22300.0,22300.0,22250.0,22300.0,18811
202601141130,22250.0,22300.0,22250.0,22300.0,31008
202601141145,22300.0,22450.0,22250.0,22425.0,111843
202601141200,22425.0,22450.0,22350.0,22450.0,41098
202601141215,22425.0,22500.0,22400.0,22450.0,117054
202601141230,22475.0,22550.0,22450.0,22525.0,154078
202601141245,22525.0,22550.0,22400.0,22450.0,110410
202601141300,22475.0,22500.0,22450.0,22450.0,29918
202601141315,22450.0,22500.0,22450.0,22450.0,35145
202601141330,22475.0,22550.0,22450.0,22500.0,81213
202601141345,22525.0,22750.0,22450.0,22750.0,242620
202601141400,22700.0,22800.0,22600.0,22650.0,215475
202601141415,22675.0,22850.0,22650.0,22850.0,194134
202601141430,22850.0,22900.0,22800.0,22900.0,206783
202601141445,22900.0,23000.0,22850.0,22975.0,340883
202601141500,22950.0,23100.0,22950.0,23000.0,344450
202601141515,23000.0,23100.0,23000.0,23100.0,279132
202601150900,22850.0,23050.0,22800.0,22950.0,129050
202601150915,22950.0,23000.0,22800.0,22875.0,112244
202601150930,22875.0,22900.0,22800.0,22850.0,93343
202601150945,22850.0,22900.0,22800.0,22900.0,71565
202601151000,22875.0,22900.0,22800.0,22850.0,73583
202601151015,22850.0,22900.0,22850.0,22850.0,57535
202601151030,22850.0,22900.0,22700.0,22750.0,119752
202601151045,22750.0,22850.0,22700.0,22800.0,54021
202601151100,22850.0,22850.0,22750.0,22800.0,29282
202601151115,22750.0,22850.0,22750.0,22800.0,82651
202601151130,22800.0,22850.0,22750.0,22750.0,35933
202601151145,22775.0,22850.0,22750.0,22750.0,34581
202601151200,22800.0,22800.0,22750.0,22800.0,41191
202601151215,22750.0,22800.0,22700.0,22700.0,62441
202601151230,22725.0,22750.0,22700.0,22700.0,31788
202601151245,22700.0,22850.0,22700.0,22750.0,79139
202601151300,22800.0,22850.0,22750.0,22750.0,35726
202601151315,22775.0,22850.0,22750.0,22750.0,62742
202601151330,22750.0,22850.0,22750.0,22800.0,54011
202601151345,22850.0,22850.0,22750.0,22750.0,49260
202601151400,22750.0,22850.0,22750.0,22800.0,47456
202601151415,22800.0,22900.0,22800.0,22850.0,65441
202601151430,22900.0,22900.0,22800.0,22900.0,63748
202601151445,22900.0,22950.0,22875.0,22900.0,83327
202601151500,22950.0,23000.0,22900.0,22950.0,95334
202601151515,22950.0,23000.0,22950.0,23000.0,91062
202601160900,23650.0,24750.0,23600.0,24750.0,3022689
202601160915,24750.0,25000.0,24500.0,24975.0,2264596
202601160930,24975.0,25000.0,24650.0,24850.0,1248545
202601160945,24900.0,25050.0,24800.0,24850.0,1166860
202601161000,24900.0,25000.0,24650.0,24750.0,664320
202601161015,24750.0,24900.0,24550.0,24650.0,794514
202601161030,24700.0,24700.0,24500.0,24550.0,642548
202601161045,24600.0,24700.0,24450.0,24700.0,366521
202601161100,24650.0,24700.0,24500.0,24600.0,225825
202601161115,24600.0,24650.0,24350.0,24500.0,352984
202601161130,24500.0,24600.0,24400.0,24500.0,264592
202601161145,24550.0,24650.0,24500.0,24600.0,160206
202601161200,24600.0,24600.0,24300.0,24400.0,284082
202601161215,24400.0,24450.0,24300.0,24400.0,223966
202601161230,24400.0,24500.0,24300.0,24350.0,175473
202601161245,24350.0,24400.0,24250.0,24400.0,246432
202601161300,24400.0,24450.0,24250.0,24300.0,274520
202601161315,24300.0,24400.0,24150.0,24200.0,284276
202601161330,24250.0,24350.0,24200.0,24250.0,199684
202601161345,24250.0,24450.0,24250.0,24450.0,199061
202601161400,24450.0,24500.0,24350.0,24400.0,233161
202601161415,24350.0,24500.0,24350.0,24450.0,207543
202601161430,24450.0,24550.0,24350.0,24450.0,248486
202601161445,24450.0,24450.0,24200.0,24300.0,287416
202601161500,24300.0,24400.0,24200.0,24250.0,181698
202601161515,24300.0,24300.0,24200.0,24300.0,292113
202601190900,24300.0,24450.0,23950.0,24300.0,470922
202601190915,24250.0,24500.0,24050.0,24200.0,374417
202601190930,24200.0,24200.0,23850.0,23950.0,356247
202601190945,23900.0,24100.0,23850.0,23900.0,324030
202601191000,23950.0,24050.0,23850.0,23900.0,145471
202601191015,23900.0,23950.0,23800.0,23900.0,164034
202601191030,23850.0,23950.0,23700.0,23950.0,248762
202601191045,23900.0,24000.0,23850.0,23900.0,97386
202601191100,23900.0,23950.0,23850.0,23850.0,86237
202601191115,23900.0,24000.0,23850.0,23950.0,64065
202601191130,23900.0,24050.0,23900.0,24050.0,75909
202601191145,24000.0,24050.0,23900.0,24000.0,66270
202601191200,24000.0,24000.0,23950.0,23950.0,39347
202601191215,23950.0,24100.0,23950.0,24000.0,97593
202601191230,24000.0,24100.0,24000.0,24000.0,50942
202601191245,24000.0,24050.0,23900.0,23900.0,87186
202601191300,23950.0,24000.0,23900.0,23900.0,99865
202601191315,23950.0,24200.0,23900.0,24100.0,164155
202601191330,24100.0,24300.0,24100.0,24250.0,193093
202601191345,24250.0,24400.0,24200.0,24350.0,168358
202601191400,24300.0,24400.0,24300.0,24300.0,140730
202601191415,24300.0,24350.0,24150.0,24200.0,135727
202601191430,24200.0,24300.0,24150.0,24150.0,106633
202601191445,24150.0,24300.0,24150.0,24275.0,122115
202601191500,24275.0,24450.0,24250.0,24300.0,228674
202601191515,24300.0,24400.0,24300.0,24300.0,151068
202601200900,24250.0,24300.0,23900.0,23950.0,241969
202601200915,23900.0,24100.0,23850.0,23900.0,299627
202601200930,23900.0,24100.0,23850.0,24050.0,119301
202601200945,24100.0,24100.0,23900.0,24050.0,126778
202601201000,24000.0,24200.0,23950.0,24100.0,135755
202601201015,24100.0,24200.0,24050.0,24150.0,111996
202601201030,24100.0,24200.0,24050.0,24100.0,85295
202601201045,24150.0,24200.0,24100.0,24200.0,54145
202601201100,24150.0,24200.0,24100.0,24150.0,57084
202601201115,24150.0,24250.0,24100.0,24200.0,62003
202601201130,24200.0,24450.0,24200.0,24400.0,166032
202601201145,24400.0,24400.0,24300.0,24350.0,96813
202601201200,24300.0,24600.0,24300.0,24350.0,233991
202601201215,24400.0,24450.0,24350.0,24400.0,57456
202601201230,24400.0,24450.0,24350.0,24400.0,54918
202601201245,24350.0,24450.0,24350.0,24450.0,58350
202601201300,24400.0,24600.0,24350.0,24550.0,130374
202601201315,24500.0,24600.0,24450.0,24550.0,92536
202601201330,24500.0,24600.0,24450.0,24500.0,110501
202601201345,24500.0,24500.0,24450.0,24450.0,140882
202601201400,24500.0,24500.0,24400.0,24400.0,120187
202601201415,24425.0,24500.0,24400.0,24450.0,75045
202601201430,24450.0,24500.0,24400.0,24450.0,100148
202601201445,24400.0,24500.0,24400.0,24450.0,91570
202601201500,24450.0,24500.0,24400.0,24450.0,102938
202601201515,24500.0,24500.0,24400.0,24450.0,136621
202601210900,23900.0,24100.0,23800.0,23950.0,167904
202601210915,23950.0,24150.0,23900.0,24000.0,140419
202601210930,24000.0,24250.0,23900.0,23900.0,170031
202601210945,23950.0,24000.0,23850.0,23900.0,140047
202601211000,23950.0,24200.0,23900.0,24100.0,141319
202601211015,24100.0,24150.0,24000.0,24050.0,77494
202601211030,24050.0,24150.0,23950.0,24050.0,114017
202601211045,24100.0,24100.0,23950.0,24000.0,94141
202601211100,24000.0,24050.0,23800.0,23850.0,124911
202601211115,23850.0,23900.0,23700.0,23750.0,161229
202601211130,23800.0,23800.0,23650.0,23650.0,143501
202601211145,23650.0,23800.0,23650.0,23750.0,79424
202601211200,23700.0,23950.0,23700.0,23800.0,85848
202601211215,23800.0,23950.0,23800.0,23850.0,59380
202601211230,23850.0,24000.0,23850.0,23950.0,43901
202601211245,24000.0,24000.0,23850.0,23950.0,53781
202601211300,23900.0,24000.0,23900.0,23975.0,74551
202601211315,23975.0,24150.0,23950.0,24150.0,143200
202601211330,24100.0,24200.0,24050.0,24050.0,83372
202601211345,24100.0,24125.0,23950.0,24050.0,83905
202601211400,24000.0,24200.0,24000.0,24100.0,105498
202601211415,24150.0,24150.0,24000.0,24075.0,63307
202601211430,24100.0,24100.0,24000.0,24050.0,56682
202601211445,24050.0,24100.0,24000.0,24000.0,67191
202601211500,24000.0,24100.0,23900.0,24000.0,95985
202601211515,23950.0,24050.0,23950.0,24050.0,73139
202601220900,24200.0,24400.0,24100.0,24350.0,223121
202601220915,24350.0,24400.0,24100.0,24200.0,152927
202601220930,24200.0,24200.0,24050.0,24100.0,137652
202601220945,24075.0,24150.0,24050.0,24100.0,91751
202601221000,24100.0,24150.0,24050.0,24150.0,78229
202601221015,24050.0,24200.0,24050.0,24150.0,83545
202601221030,24150.0,24300.0,24150.0,24250.0,89021
202601221045,24250.0,24250.0,24150.0,24200.0,41394
202601221100,24200.0,24200.0,24100.0,24125.0,52447
202601221115,24125.0,24200.0,24100.0,24100.0,65984
202601221130,24150.0,24200.0,24100.0,24150.0,36636
202601221145,24150.0,24150.0,24100.0,24125.0,25204
202601221200,24125.0,24150.0,24100.0,24150.0,28672
202601221215,24100.0,24150.0,24100.0,24150.0,45547
202601221230,24100.0,24200.0,24100.0,24100.0,36307
202601221245,24150.0,24150.0,24100.0,24100.0,31272
202601221300,24100.0,24150.0,24050.0,24050.0,45138
202601221315,24050.0,24150.0,24050.0,24050.0,70703
202601221330,24100.0,24100.0,24050.0,24100.0,37846
202601221345,24050.0,24100.0,24050.0,24050.0,47396
202601221400,24100.0,24100.0,24050.0,24050.0,36749
202601221415,24100.0,24100.0,24050.0,24050.0,38918
202601221430,24050.0,24100.0,24000.0,24000.0,69481
202601221445,24000.0,24050.0,24000.0,24000.0,70850
202601221500,24000.0,24100.0,24000.0,24000.0,92747
202601221515,24000.0,24100.0,24000.0,24100.0,131699
202601230900,24150.0,24200.0,23900.0,23950.0,139533
202601230915,23950.0,24000.0,23850.0,23900.0,207641
202601230930,23900.0,24000.0,23800.0,24000.0,131384
202601230945,24000.0,24000.0,23850.0,23900.0,70798
202601231000,23900.0,24150.0,23850.0,24000.0,147164
202601231015,24000.0,24000.0,23900.0,23900.0,74070
202601231030,23950.0,23950.0,23850.0,23900.0,165556
202601231045,23900.0,23900.0,23800.0,23850.0,99133
202601231100,23850.0,23900.0,23800.0,23900.0,51447
202601231115,23900.0,24000.0,23850.0,23950.0,38647
202601231130,23975.0,24000.0,23950.0,23950.0,24084
202601231145,23950.0,24000.0,23950.0,23950.0,32359
202601231200,24000.0,24000.0,23900.0,23950.0,46885
202601231215,23950.0,24000.0,23950.0,23950.0,34274
202601231230,24000.0,24050.0,23950.0,24000.0,43107
202601231245,23950.0,24100.0,23950.0,24050.0,55056
202601231300,24050.0,24100.0,24000.0,24000.0,50882
202601231315,24000.0,24100.0,24000.0,24000.0,62840
202601231330,24100.0,24100.0,23950.0,24000.0,55364
202601231345,24000.0,24050.0,23900.0,23950.0,106103
202601231400,23900.0,24000.0,23850.0,24000.0,66404
202601231415,24000.0,24050.0,23900.0,23950.0,56984
202601231430,23950.0,24000.0,23900.0,24000.0,57140
202601231445,23950.0,24100.0,23950.0,24100.0,96168
202601231500,24100.0,24150.0,24000.0,24150.0,99433
202601231515,24100.0,24150.0,24050.0,24100.0,118669
202601260900,24350.0,24500.0,24150.0,24200.0,202738
202601260915,24200.0,24250.0,23900.0,24000.0,252579
202601260930,24000.0,24100.0,23850.0,24000.0,183373
202601260945,23950.0,24000.0,23850.0,23850.0,121477
202601261000,23875.0,23950.0,23800.0,23850.0,170384
202601261015,23800.0,23850.0,23800.0,23800.0,132619
202601261030,23850.0,23900.0,23800.0,23850.0,68124
202601261045,23800.0,23900.0,23750.0,23850.0,98839
202601261100,23900.0,23900.0,23800.0,23850.0,38306
202601261115,23800.0,23900.0,23800.0,23850.0,85762
202601261130,23850.0,23900.0,23800.0,23850.0,36464
202601261145,23850.0,23900.0,23800.0,23875.0,32582
202601261200,23850.0,23950.0,23800.0,23950.0,52639
202601261215,23900.0,23950.0,23850.0,23900.0,47324
202601261230,23925.0,24000.0,23900.0,23900.0,43988
202601261245,23900.0,23950.0,23750.0,23800.0,202829
202601261300,23800.0,23850.0,23750.0,23800.0,43671
202601261315,23800.0,23850.0,23750.0,23750.0,62729
202601261330,23800.0,23800.0,23750.0,23800.0,40300
202601261345,23750.0,23800.0,23700.0,23750.0,90117
202601261400,23750.0,23800.0,23700.0,23700.0,57872
202601261415,23700.0,23800.0,23700.0,23700.0,63705
202601261430,23750.0,23800.0,23650.0,23700.0,102084
202601261445,23700.0,23800.0,23700.0,23750.0,59473
202601261500,23700.0,23800.0,23700.0,23750.0,48729
202601261515,23750.0,23750.0,23700.0,23700.0,112777
202601270900,23850.0,23850.0,23700.0,23750.0,139994
202601270915,23800.0,23800.0,23700.0,23750.0,75120
202601270930,23750.0,23800.0,23700.0,23800.0,94211
202601270945,23750.0,23850.0,23750.0,23850.0,78371
202601271000,23800.0,24100.0,23800.0,24100.0,290779
202601271015,24100.0,24100.0,24000.0,24000.0,60389
202601271030,24050.0,24050.0,24000.0,24000.0,41546
202601271045,24000.0,24100.0,24000.0,24050.0,104895
202601271100,24050.0,24100.0,24000.0,24100.0,74911
202601271115,24050.0,24100.0,23950.0,24000.0,51014
202601271130,24000.0,24000.0,23900.0,23950.0,60896
202601271145,23950.0,24050.0,23900.0,24000.0,66132
202601271200,24000.0,24000.0,23900.0,23900.0,34966
202601271215,23900.0,24025.0,23900.0,23950.0,66239
202601271230,23900.0,24000.0,23900.0,23900.0,27965
202601271245,23900.0,24000.0,23900.0,24000.0,47892
202601271300,24000.0,24000.0,23900.0,24000.0,29646
202601271315,23950.0,24000.0,23850.0,23950.0,69872
202601271330,23900.0,24000.0,23900.0,23950.0,28007
202601271345,23900.0,24000.0,23900.0,23950.0,56952
202601271400,23900.0,24000.0,23900.0,23950.0,46168
202601271415,23950.0,24000.0,23900.0,23900.0,35280
202601271430,23900.0,23950.0,23900.0,23900.0,37300
202601271445,23900.0,23950.0,23850.0,23900.0,88556
202601271500,23900.0,23950.0,23850.0,23900.0,75173
202601271515,23850.0,23950.0,23850.0,23900.0,98340
202601280900,24050.0,24100.0,23900.0,23950.0,200887
202601280915,23950.0,24000.0,23900.0,23950.0,110016
202601280930,24000.0,24000.0,23900.0,23950.0,61140
202601280945,23950.0,24000.0,23900.0,23925.0,71216
202601281000,23925.0,24000.0,23800.0,24000.0,200647
202601281015,23950.0,24000.0,23900.0,23950.0,53961
202601281030,24000.0,24000.0,23850.0,23950.0,121490
202601281045,23900.0,23950.0,23850.0,23850.0,99839
202601281100,23900.0,23950.0,23750.0,23800.0,162987
202601281115,23800.0,23850.0,23750.0,23850.0,102314
202601281130,23800.0,23850.0,23750.0,23750.0,44891
202601281145,23775.0,23850.0,23750.0,23850.0,49623
202601281200,23850.0,23850.0,23700.0,23700.0,148085
202601281215,23700.0,23800.0,23650.0,23750.0,95679
202601281230,23750.0,23800.0,23650.0,23700.0,72125
202601281245,23700.0,23800.0,23700.0,23750.0,52291
202601281300,23750.0,23800.0,23750.0,23800.0,23017
202601281315,23750.0,23850.0,23750.0,23800.0,41248
202601281330,23800.0,23850.0,23750.0,23750.0,34356
202601281345,23800.0,23800.0,23750.0,23750.0,81857
202601281400,23800.0,23800.0,23750.0,23775.0,49880
202601281415,23800.0,23800.0,23750.0,23800.0,49049
202601281430,23775.0,23800.0,23750.0,23750.0,52368
202601281445,23750.0,23800.0,23700.0,23750.0,81462
202601281500,23750.0,23800.0,23750.0,23750.0,59233
202601281515,23750.0,23800.0,23750.0,23800.0,110092
202601290900,23600.0,23650.0,23300.0,23300.0,641248
202601290915,23300.0,23350.0,23200.0,23300.0,275409
202601290930,23300.0,23400.0,23150.0,23350.0,250855
202601290945,23300.0,23450.0,23200.0,23450.0,108416
202601291000,23400.0,23450.0,23300.0,23350.0,71893
202601291015,23350.0,23400.0,23300.0,23375.0,78463
202601291030,23350.0,23500.0,23250.0,23450.0,81746
202601291045,23450.0,23550.0,23350.0,23500.0,91084
202601291100,23500.0,23550.0,23450.0,23550.0,38119
202601291115,23550.0,23600.0,23450.0,23500.0,41435
202601291130,23500.0,23550.0,23450.0,23500.0,41766
202601291145,23500.0,23650.0,23450.0,23600.0,56177
202601291200,23600.0,23650.0,23550.0,23550.0,55624
202601291215,23550.0,23700.0,23550.0,23650.0,48831
202601291230,23650.0,23750.0,23600.0,23700.0,95934
202601291245,23700.0,23725.0,23600.0,23650.0,38825
202601291300,23650.0,23700.0,23600.0,23650.0,42187
202601291315,23650.0,23700.0,23600.0,23650.0,47927
202601291330,23650.0,23750.0,23600.0,23650.0,70390
202601291345,23650.0,23750.0,23650.0,23700.0,39127
202601291400,23700.0,23750.0,23650.0,23700.0,46690
202601291415,23650.0,23750.0,23650.0,23725.0,44032
202601291430,23700.0,23750.0,23700.0,23750.0,73253
202601291445,23700.0,23800.0,23700.0,23700.0,68437
202601291500,23700.0,23750.0,23650.0,23700.0,52182
202601291515,23700.0,23750.0,23650.0,23700.0,113445
202601300900,23750.0,23800.0,23700.0,23750.0,69031
202601300915,23700.0,23800.0,23500.0,23500.0,113863
202601300930,23500.0,23600.0,23500.0,23525.0,60113
202601300945,23525.0,23600.0,23500.0,23600.0,79905
202601301000,23550.0,23600.0,23450.0,23450.0,98627
202601301015,23500.0,23550.0,23400.0,23400.0,109586
202601301030,23400.0,23450.0,23350.0,23400.0,97830
202601301045,23400.0,23400.0,23300.0,23400.0,79256
202601301100,23400.0,23400.0,23300.0,23350.0,89948
202601301115,23350.0,23400.0,23250.0,23250.0,92742
202601301130,23250.0,23400.0,23250.0,23350.0,78646
202601301145,23350.0,23500.0,23350.0,23500.0,47144
202601301200,23500.0,23500.0,23450.0,23450.0,20478
202601301215,23450.0,23500.0,23450.0,23500.0,32095
202601301230,23450.0,23500.0,23350.0,23350.0,80126
202601301245,23350.0,23400.0,23350.0,23400.0,26628
202601301300,23350.0,23500.0,23350.0,23400.0,48862
202601301315,23400.0,23450.0,23400.0,23450.0,25401
202601301330,23400.0,23500.0,23400.0,23475.0,36120
202601301345,23450.0,23500.0,23400.0,23450.0,46765
202601301400,23475.0,23500.0,23400.0,23450.0,28432
202601301415,23450.0,23500.0,23400.0,23450.0,44290
202601301430,23450.0,23500.0,23350.0,23400.0,45159
202601301445,23400.0,23450.0,23350.0,23400.0,41586
202601301500,23350.0,23400.0,23300.0,23350.0,65211
202601301515,23325.0,23400.0,23300.0,23300.0,103493
202602020900,23050.0,23150.0,22900.0,23050.0,114639
202602020915,23050.0,23200.0,23000.0,23050.0,163346
202602020930,23050.0,23200.0,23000.0,23100.0,50106
202602020945,23125.0,23200.0,23050.0,23050.0,82147
202602021000,23050.0,23150.0,22850.0,22900.0,191205
202602021015,22900.0,23050.0,22850.0,22900.0,70066
202602021030,22950.0,22950.0,22800.0,22850.0,100283
202602021045,22850.0,22900.0,22800.0,22850.0,53166
202602021100,22850.0,22850.0,22700.0,22750.0,130020
202602021115,22750.0,22800.0,22650.0,22800.0,144154
202602021130,22750.0,22850.0,22700.0,22700.0,51368
202602021145,22700.0,22775.0,22650.0,22650.0,65351
202602021200,22650.0,22700.0,22600.0,22600.0,83531
202602021215,22600.0,22700.0,22550.0,22600.0,99859
202602021230,22600.0,22600.0,22500.0,22550.0,78607
202602021245,22550.0,22600.0,22450.0,22500.0,152294
202602021300,22550.0,22550.0,22400.0,22500.0,172782
202602021315,22550.0,22650.0,22450.0,22600.0,53041
202602021330,22625.0,22750.0,22600.0,22700.0,38444
202602021345,22650.0,22700.0,22600.0,22650.0,35324
202602021400,22650.0,22700.0,22550.0,22550.0,51005
202602021415,22550.0,22650.0,22550.0,22600.0,76248
202602021430,22550.0,22650.0,22500.0,22500.0,107781
202602021445,22500.0,22600.0,22450.0,22500.0,200113
202602021500,22500.0,22650.0,22500.0,22600.0,118754
202602021515,22600.0,22600.0,22450.0,22500.0,129153
202602030900,22800.0,22900.0,22700.0,22800.0,74211
202602030915,22800.0,22950.0,22800.0,22900.0,75055
202602030930,22900.0,23000.0,22850.0,23000.0,80111
202602030945,22950.0,23000.0,22800.0,22850.0,48912
202602031000,22900.0,22950.0,22800.0,22850.0,33365
202602031015,22850.0,22950.0,22850.0,22900.0,29983
202602031030,22850.0,22900.0,22800.0,22900.0,37831
202602031045,22850.0,22900.0,22800.0,22850.0,20741
202602031100,22850.0,22900.0,22800.0,22850.0,41208
202602031115,22900.0,22900.0,22800.0,22800.0,32799
202602031130,22800.0,22850.0,22750.0,22750.0,27036
202602031145,22800.0,22850.0,22700.0,22800.0,109941
202602031200,22750.0,22800.0,22750.0,22800.0,27054
202602031215,22750.0,22800.0,22750.0,22750.0,24202
202602031230,22750.0,22800.0,22750.0,22750.0,49837
202602031245,22750.0,22850.0,22750.0,22800.0,29342
202602031300,22850.0,22900.0,22800.0,22875.0,51162
202602031315,22900.0,22900.0,22800.0,22850.0,88200
202602031330,22850.0,22900.0,22800.0,22800.0,42681
202602031345,22850.0,22850.0,22750.0,22850.0,52128
202602031400,22850.0,22850.0,22750.0,22800.0,53308
202602031415,22825.0,22850.0,22800.0,22850.0,32443
202602031430,22800.0,22850.0,22800.0,22800.0,44447
202602031445,22800.0,23000.0,22800.0,22950.0,122591
202602031500,22950.0,23050.0,22950.0,23000.0,111885
202602031515,23000.0,23050.0,23000.0,23050.0,63313
202602040900,22975.0,23200.0,22950.0,23050.0,124363
202602040915,23050.0,23150.0,22900.0,23000.0,127625
202602040930,23000.0,23150.0,22950.0,23100.0,73302
202602040945,23100.0,23150.0,23000.0,23150.0,48476
202602041000,23100.0,23200.0,23100.0,23150.0,41770
202602041015,23150.0,23300.0,23100.0,23225.0,93989
202602041030,23250.0,23350.0,23200.0,23300.0,83516
202602041045,23300.0,23350.0,23200.0,23300.0,36619
202602041100,23300.0,23300.0,23250.0,23300.0,28083
202602041115,23300.0,23300.0,23150.0,23200.0,54508
202602041130,23200.0,23250.0,23150.0,23150.0,31817
202602041145,23150.0,23200.0,23150.0,23200.0,17182
202602041200,23150.0,23250.0,23100.0,23225.0,53149
202602041215,23250.0,23350.0,23175.0,23325.0,85844
202602041230,23300.0,23350.0,23250.0,23300.0,69557
202602041245,23350.0,23350.0,23250.0,23300.0,33100
202602041300,23300.0,23500.0,23300.0,23450.0,139099
202602041315,23450.0,23700.0,23450.0,23625.0,282007
202602041330,23625.0,23700.0,23600.0,23700.0,109120
202602041345,23700.0,23700.0,23600.0,23650.0,68365
202602041400,23600.0,23650.0,23600.0,23650.0,71772
202602041415,23600.0,23750.0,23600.0,23700.0,165518
202602041430,23700.0,23750.0,23650.0,23700.0,48239
202602041445,23650.0,23750.0,23650.0,23700.0,83339
202602041500,23700.0,23800.0,23700.0,23775.0,159134
202602041515,23750.0,23850.0,23750.0,23750.0,126131
202602050900,23600.0,23900.0,23600.0,23850.0,225192
202602050915,23850.0,24200.0,23650.0,24200.0,440261
202602050930,24150.0,24500.0,24100.0,24400.0,770612
202602050945,24400.0,24600.0,24250.0,24400.0,776822
202602051000,24400.0,24550.0,24350.0,24450.0,357348
202602051015,24500.0,24700.0,24450.0,24700.0,484086
202602051030,24650.0,24750.0,24500.0,24550.0,449208
202602051045,24600.0,24600.0,24300.0,24350.0,267959
202602051100,24300.0,24350.0,24150.0,24175.0,305617
202602051115,24175.0,24350.0,24150.0,24300.0,162291
202602051130,24350.0,24350.0,24250.0,24300.0,97619
202602051145,24300.0,24350.0,24000.0,24050.0,240788
202602051200,24100.0,24200.0,24000.0,24150.0,116023
202602051215,24150.0,24250.0,24100.0,24200.0,73546
202602051230,24150.0,24250.0,24050.0,24150.0,117899
202602051245,24100.0,24200.0,24000.0,24050.0,101930
202602051300,24100.0,24250.0,24050.0,24150.0,112672
202602051315,24100.0,24150.0,24000.0,24100.0,96627
202602051330,24100.0,24250.0,24100.0,24200.0,93004
202602051345,24200.0,24300.0,24150.0,24300.0,117112
202602051400,24300.0,24350.0,24150.0,24200.0,97510
202602051415,24150.0,24200.0,24100.0,24100.0,125493
202602051430,24150.0,24300.0,24100.0,24250.0,159590
202602051445,24250.0,24300.0,24100.0,24100.0,125259
202602051500,24100.0,24200.0,24100.0,24100.0,136304
202602051515,24125.0,24200.0,24100.0,24150.0,123834
202602060900,23600.0,23650.0,23100.0,23200.0,483807
202602060915,23200.0,23400.0,23100.0,23350.0,252903
202602060930,23350.0,23450.0,23300.0,23450.0,103313
202602060945,23450.0,23500.0,23350.0,23450.0,112249
202602061000,23450.0,23500.0,23250.0,23350.0,104773
202602061015,23350.0,23400.0,23300.0,23400.0,86345
202602061030,23350.0,23500.0,23300.0,23450.0,223596
202602061045,23400.0,23550.0,23400.0,23550.0,62301
202602061100,23550.0,23550.0,23450.0,23550.0,48961
202602061115,23550.0,23600.0,23450.0,23600.0,53178
202602061130,23600.0,23700.0,23550.0,23550.0,50306
202602061145,23550.0,23600.0,23450.0,23500.0,66694
202602061200,23450.0,23550.0,23450.0,23500.0,34289
202602061215,23550.0,23550.0,23400.0,23450.0,80123
202602061230,23450.0,23500.0,23350.0,23400.0,53609
202602061245,23400.0,23500.0,23350.0,23500.0,30878
202602061300,23500.0,23550.0,23400.0,23500.0,38667
202602061315,23450.0,23500.0,23350.0,23400.0,68072
202602061330,23400.0,23450.0,23300.0,23350.0,212797
202602061345,23350.0,23350.0,23200.0,23300.0,97581
202602061400,23300.0,23400.0,23250.0,23350.0,60099
202602061415,23350.0,23350.0,23250.0,23250.0,53442
202602061430,23250.0,23450.0,23250.0,23350.0,78571
202602061445,23400.0,23500.0,23350.0,23450.0,146065
202602061500,23450.0,23500.0,23400.0,23400.0,64458
202602061515,23400.0,23550.0,23400.0,23500.0,120263
202602090900,23850.0,24050.0,23650.0,23800.0,308308
202602090915,23775.0,23850.0,23700.0,23800.0,78751
202602090930,23750.0,23950.0,23750.0,23950.0,117233
202602090945,23900.0,24000.0,23900.0,23950.0,74581
202602091000,24000.0,24000.0,23850.0,23900.0,72537
202602091015,23900.0,23950.0,23850.0,23900.0,50672
202602091030,23850.0,24000.0,23850.0,23950.0,97646
202602091045,24000.0,24150.0,23950.0,24100.0,187786
202602091100,24150.0,24150.0,24100.0,24100.0,68107
202602091115,24100.0,24150.0,24000.0,24050.0,59850
202602091130,24050.0,24150.0,24050.0,24150.0,66776
202602091145,24100.0,24150.0,24050.0,24050.0,43914
202602091200,24100.0,24150.0,24000.0,24050.0,62045
202602091215,24050.0,24100.0,24050.0,24100.0,36102
202602091230,24050.0,24100.0,24000.0,24050.0,74460
202602091245,24050.0,24150.0,24050.0,24100.0,96254
202602091300,24100.0,24200.0,24050.0,24100.0,101382
202602091315,24150.0,24200.0,24100.0,24200.0,78671
202602091330,24200.0,24250.0,24100.0,24150.0,150595
202602091345,24150.0,24200.0,24150.0,24175.0,53832
202602091400,24175.0,24200.0,24150.0,24200.0,47002
202602091415,24150.0,24250.0,24150.0,24200.0,112533
202602091430,24150.0,24200.0,24150.0,24150.0,56473
202602091445,24150.0,24200.0,24150.0,24150.0,80747
202602091500,24150.0,24200.0,24150.0,24150.0,65519
202602091515,24175.0,24200.0,24150.0,24200.0,117083
202602100900,24300.0,24350.0,24200.0,24250.0,177078
202602100915,24300.0,24350.0,24200.0,24300.0,129815
202602100930,24300.0,24600.0,24250.0,24550.0,397458
202602100945,24600.0,24600.0,24400.0,24500.0,147537
202602101000,24450.0,24550.0,24450.0,24550.0,84751
202602101015,24550.0,24600.0,24500.0,24550.0,169708
202602101030,24550.0,25250.0,24500.0,24950.0,1210135
202602101045,25000.0,25200.0,24900.0,25150.0,416790
202602101100,25150.0,25250.0,25025.0,25200.0,299132
202602101115,25200.0,25450.0,25150.0,25450.0,677679
202602101130,25450.0,25500.0,25250.0,25400.0,454228
202602101145,25350.0,25650.0,25300.0,25350.0,644505
202602101200,25350.0,25400.0,25150.0,25200.0,312343
202602101215,25200.0,25300.0,25150.0,25200.0,163190
202602101230,25200.0,25250.0,25100.0,25100.0,171457
202602101245,25100.0,25250.0,25100.0,25200.0,143110
202602101300,25150.0,25300.0,25150.0,25200.0,152754
202602101315,25250.0,25250.0,25150.0,25150.0,121850
202602101330,25200.0,25250.0,25100.0,25250.0,179850
202602101345,25250.0,25250.0,25100.0,25175.0,144920
202602101400,25200.0,25250.0,25150.0,25200.0,184588
202602101415,25200.0,25250.0,25050.0,25100.0,221313
202602101430,25100.0,25200.0,25000.0,25150.0,222471
202602101445,25150.0,25200.0,25050.0,25100.0,131763
202602101500,25100.0,25150.0,25000.0,25000.0,127105
202602101515,25000.0,25050.0,24950.0,24950.0,262550
202602110900,25050.0,25200.0,24700.0,24700.0,532419
202602110915,24700.0,24950.0,24600.0,24850.0,246950
202602110930,24900.0,24950.0,24750.0,24800.0,144607
202602110945,24800.0,24950.0,24650.0,24700.0,204844
202602111000,24750.0,24800.0,24600.0,24750.0,238378
202602111015,24800.0,24900.0,24750.0,24850.0,82194
202602111030,24900.0,24950.0,24800.0,24900.0,93902
202602111045,24850.0,24950.0,24850.0,24950.0,71739
202602111100,24950.0,24950.0,24800.0,24850.0,66567
202602111115,24850.0,24900.0,24800.0,24900.0,57298
202602111130,24850.0,24900.0,24800.0,24850.0,49236
202602111145,24800.0,24900.0,24800.0,24850.0,37439
202602111200,24850.0,24850.0,24800.0,24850.0,46743
202602111215,24850.0,24900.0,24800.0,24850.0,40570
202602111230,24875.0,24900.0,24800.0,24850.0,49150
202602111245,24900.0,25000.0,24850.0,25000.0,53672
202602111300,25000.0,25050.0,24950.0,25050.0,74647
202602111315,25025.0,25100.0,24950.0,25000.0,94698
202602111330,24950.0,25100.0,24950.0,25050.0,68467
202602111345,25050.0,25100.0,25000.0,25025.0,59798
202602111400,25050.0,25100.0,25000.0,25050.0,58327
202602111415,25025.0,25050.0,24900.0,24950.0,88115
202602111430,24950.0,25000.0,24900.0,24950.0,64865
202602111445,25000.0,25000.0,24950.0,24950.0,74150
202602111500,24950.0,25000.0,24850.0,24900.0,160417
202602111515,24850.0,24950.0,24850.0,24950.0,98012
202602120900,24850.0,24900.0,24550.0,24700.0,282051
202602120915,24700.0,24750.0,24650.0,24700.0,85241
202602120930,24750.0,24800.0,24650.0,24750.0,91430
202602120945,24750.0,24800.0,24650.0,24700.0,82300
202602121000,24750.0,24900.0,24650.0,24875.0,87354
202602121015,24900.0,25000.0,24850.0,24950.0,64064
202602121030,25000.0,25100.0,24950.0,25050.0,111188
202602121045,25050.0,25200.0,24900.0,24950.0,147598
202602121100,24950.0,25000.0,24900.0,24950.0,43898
202602121115,25000.0,25000.0,24900.0,24975.0,40130
202602121130,24950.0,25000.0,24900.0,24900.0,42236
202602121145,24900.0,24950.0,24900.0,24950.0,60650
202602121200,24950.0,25000.0,24900.0,25000.0,30412
202602121215,24950.0,25000.0,24900.0,24950.0,38880
202602121230,24950.0,25000.0,24950.0,25000.0,32499
202602121245,24950.0,25000.0,24900.0,24950.0,31320
202602121300,24950.0,24950.0,24850.0,24950.0,47310
202602121315,24950.0,25050.0,24900.0,25000.0,81578
202602121330,25000.0,25050.0,24900.0,24900.0,81719
202602121345,24900.0,24950.0,24850.0,24850.0,49729
202602121400,24850.0,24950.0,24850.0,24900.0,58716
202602121415,24900.0,24950.0,24800.0,24850.0,80187
202602121430,24850.0,24950.0,24850.0,24900.0,49459
202602121445,24900.0,24950.0,24850.0,24900.0,90678
202602121500,24900.0,24950.0,24800.0,24900.0,87419
202602121515,24850.0,24900.0,24800.0,24800.0,787279
202602130900,24700.0,25050.0,24700.0,24750.0,227578
202602130915,24750.0,24850.0,24600.0,24700.0,166428
202602130930,24650.0,24700.0,24550.0,24650.0,199204
202602130945,24650.0,24700.0,24500.0,24700.0,147097
202602131000,24700.0,24750.0,24650.0,24750.0,54208
202602131015,24750.0,25100.0,24700.0,25100.0,223979
202602131030,25100.0,25200.0,25000.0,25050.0,206713
202602131045,25050.0,25100.0,24950.0,25000.0,85942
202602131100,24950.0,25100.0,24950.0,25000.0,79961
202602131115,25000.0,25100.0,25000.0,25050.0,50455
202602131130,25050.0,25100.0,25000.0,25050.0,68199
202602131145,25000.0,25050.0,24950.0,25050.0,96745
202602131200,25050.0,25100.0,24950.0,25000.0,72869
202602131215,25000.0,25100.0,25000.0,25050.0,38969
202602131230,25075.0,25100.0,25050.0,25050.0,40067
202602131245,25050.0,25100.0,25000.0,25100.0,43766
202602131300,25050.0,25150.0,25000.0,25100.0,81180
202602131315,25100.0,25150.0,25050.0,25100.0,71600
202602131330,25100.0,25100.0,25000.0,25000.0,100643
202602131345,25050.0,25100.0,25000.0,25050.0,81722
202602131400,25050.0,25100.0,24950.0,25000.0,66829
202602131415,24950.0,25050.0,24900.0,25000.0,74320
202602131430,24950.0,25000.0,24750.0,24850.0,121051
202602131445,24800.0,24900.0,24800.0,24850.0,75747
202602131500,24800.0,24950.0,24750.0,24800.0,110903
202602131515,24800.0,24850.0,24800.0,24800.0,102893
202602190900,25400.0,25500.0,25200.0,25350.0,389193
202602190915,25350.0,25500.0,25250.0,25500.0,188102
202602190930,25500.0,25550.0,25400.0,25400.0,128001
202602190945,25400.0,25450.0,25300.0,25400.0,71544
202602191000,25400.0,25450.0,25300.0,25400.0,95933
202602191015,25450.0,25450.0,25350.0,25375.0,70842
202602191030,25375.0,25400.0,25250.0,25300.0,251571
202602191045,25300.0,25400.0,25250.0,25300.0,83188
202602191100,25350.0,25400.0,25250.0,25300.0,80776
202602191115,25300.0,25400.0,25300.0,25400.0,50521
202602191130,25350.0,25400.0,25300.0,25400.0,47806
202602191145,25400.0,25400.0,25300.0,25350.0,37893
202602191200,25350.0,25350.0,25300.0,25350.0,39678
202602191215,25300.0,25350.0,25250.0,25250.0,57968
202602191230,25300.0,25300.0,25250.0,25250.0,45225
202602191245,25300.0,25300.0,25250.0,25300.0,26351
202602191300,25300.0,25300.0,25250.0,25300.0,43819
202602191315,25300.0,25400.0,25275.0,25350.0,59334
202602191330,25350.0,25400.0,25350.0,25400.0,33310
202602191345,25400.0,25500.0,25350.0,25475.0,182254
202602191400,25450.0,25500.0,25400.0,25400.0,61600
202602191415,25400.0,25500.0,25400.0,25500.0,61062
202602191430,25475.0,25500.0,25400.0,25450.0,103011
202602191445,25400.0,25450.0,25400.0,25400.0,85544
202602191500,25400.0,25450.0,25350.0,25450.0,133812
202602191515,25400.0,25450.0,25350.0,25400.0,159450
202602200900,25100.0,25150.0,24900.0,25050.0,321396
202602200915,25050.0,25100.0,24950.0,25050.0,165024
202602200930,25000.0,25050.0,24950.0,25000.0,93150
202602200945,25000.0,25050.0,24950.0,25000.0,85789
202602201000,25000.0,25100.0,24900.0,25100.0,125918
202602201015,25050.0,25200.0,25050.0,25150.0,120839
202602201030,25150.0,25200.0,25050.0,25100.0,67904
202602201045,25100.0,25150.0,25000.0,25000.0,51986
202602201100,25050.0,25100.0,25000.0,25050.0,49503
202602201115,25050.0,25100.0,25000.0,25050.0,68396
202602201130,25050.0,25100.0,25000.0,25000.0,33857
202602201145,25050.0,25050.0,25000.0,25050.0,60939
202602201200,25000.0,25100.0,25000.0,25000.0,39782
202602201215,25000.0,25050.0,25000.0,25000.0,40889
202602201230,25000.0,25100.0,25000.0,25050.0,48115
202602201245,25050.0,25100.0,25050.0,25050.0,42429
202602201300,25100.0,25150.0,25050.0,25100.0,81494
202602201315,25100.0,25200.0,25050.0,25150.0,57823
202602201330,25100.0,25150.0,25100.0,25150.0,43291
202602201345,25100.0,25200.0,25100.0,25150.0,54162
202602201400,25100.0,25250.0,25050.0,25100.0,114302
202602201415,25100.0,25150.0,25050.0,25125.0,85793
202602201430,25100.0,25150.0,25100.0,25100.0,53892
202602201445,25100.0,25200.0,25100.0,25200.0,49345
202602201500,25150.0,25200.0,25100.0,25100.0,64165
202602201515,25100.0,25150.0,25100.0,25150.0,119084
202602230900,25550.0,25850.0,25350.0,25850.0,538460
202602230915,25850.0,25900.0,25500.0,25650.0,306585
202602230930,25650.0,25700.0,25550.0,25600.0,99392
202602230945,25600.0,26250.0,25550.0,26250.0,889651
202602231000,26200.0,26600.0,26100.0,26200.0,733055
202602231015,26200.0,26250.0,25900.0,26000.0,290859
202602231030,26000.0,26300.0,26000.0,26250.0,149893
202602231045,26200.0,26350.0,26100.0,26150.0,165850
202602231100,26150.0,26200.0,25950.0,26100.0,189221
202602231115,26100.0,26300.0,26050.0,26250.0,108771
202602231130,26250.0,26500.0,26250.0,26450.0,158547
202602231145,26450.0,26500.0,26300.0,26400.0,127629
202602231200,26400.0,26500.0,26350.0,26450.0,101541
202602231215,26450.0,26500.0,26200.0,26300.0,129591
202602231230,26250.0,26400.0,26200.0,26350.0,119246
202602231245,26350.0,26450.0,26350.0,26450.0,80533
202602231300,26425.0,26500.0,26400.0,26475.0,101440
202602231315,26450.0,26850.0,26450.0,26750.0,486761
202602231330,26700.0,26750.0,26450.0,26550.0,202884
202602231345,26550.0,26600.0,26450.0,26550.0,113746
202602231400,26500.0,26550.0,26300.0,26350.0,159091
202602231415,26300.0,26400.0,26050.0,26300.0,307915
202602231430,26300.0,26500.0,26250.0,26350.0,154012
202602231445,26350.0,26500.0,26300.0,26450.0,174748
202602231500,26450.0,26500.0,26400.0,26400.0,172339
202602231515,26425.0,26450.0,26400.0,26450.0,174070
202602240900,26150.0,26400.0,26050.0,26150.0,243093
202602240915,26150.0,26250.0,26050.0,26150.0,165748
202602240930,26100.0,26250.0,26000.0,26250.0,105730
202602240945,26250.0,26300.0,26050.0,26150.0,101167
202602241000,26150.0,26300.0,26100.0,26275.0,56921
202602241015,26300.0,26300.0,26200.0,26250.0,49457
202602241030,26250.0,26250.0,26200.0,26200.0,41836
202602241045,26250.0,26400.0,26200.0,26400.0,92510
202602241100,26400.0,26550.0,26350.0,26550.0,168635
202602241115,26550.0,26700.0,26500.0,26600.0,147300
202602241130,26650.0,26650.0,26550.0,26650.0,102228
202602241145,26650.0,26700.0,26500.0,26500.0,97231
202602241200,26500.0,26550.0,26450.0,26500.0,35115
202602241215,26475.0,26600.0,26450.0,26550.0,54189
202602241230,26500.0,26550.0,26400.0,26450.0,80815
202602241245,26450.0,26650.0,26450.0,26650.0,115141
202602241300,26650.0,26650.0,26500.0,26550.0,54777
202602241315,26500.0,26600.0,26450.0,26550.0,74219
202602241330,26500.0,26500.0,26450.0,26450.0,41469
202602241345,26500.0,26550.0,26450.0,26500.0,45670
202602241400,26450.0,26500.0,26450.0,26450.0,42944
202602241415,26500.0,26500.0,26400.0,26450.0,61973
202602241430,26500.0,26600.0,26450.0,26500.0,69722
202602241445,26450.0,26500.0,26400.0,26500.0,60252
202602241500,26500.0,26500.0,26450.0,26475.0,59095
202602241515,26500.0,26550.0,26450.0,26500.0,191151
202602250900,26750.0,27000.0,26600.0,26700.0,296609
202602250915,26700.0,26950.0,26600.0,26700.0,212413
202602250930,26650.0,27300.0,26600.0,27300.0,334715
202602250945,27300.0,27500.0,27175.0,27200.0,385028
202602251000,27200.0,28500.0,27200.0,28250.0,1090898
202602251015,28250.0,28950.0,28250.0,28750.0,778101
202602251030,28700.0,29750.0,28550.0,29450.0,1402080
202602251045,29450.0,29700.0,29000.0,29100.0,858974
202602251100,29100.0,29450.0,29050.0,29400.0,515218
202602251115,29400.0,29500.0,29150.0,29350.0,453466
202602251130,29350.0,29450.0,29150.0,29250.0,277180
202602251145,29300.0,29350.0,29100.0,29250.0,263269
202602251200,29250.0,29350.0,29200.0,29250.0,177202
202602251215,29250.0,29300.0,29150.0,29250.0,156651
202602251230,29250.0,29250.0,29100.0,29250.0,182393
202602251245,29200.0,29300.0,29150.0,29200.0,147700
202602251300,29200.0,29350.0,29100.0,29250.0,287658
202602251315,29250.0,29300.0,29150.0,29300.0,193451
202602251330,29300.0,29350.0,29200.0,29300.0,152455
202602251345,29300.0,29400.0,29150.0,29250.0,210288
202602251400,29250.0,29250.0,28900.0,29100.0,436742
202602251415,29100.0,29150.0,28850.0,28900.0,231206
202602251430,28900.0,28950.0,28500.0,28750.0,412625
202602251445,28750.0,28900.0,28700.0,28800.0,270782
202602251500,28800.0,28950.0,28750.0,28950.0,186131
202602251515,28950.0,29000.0,28900.0,28950.0,260679
202602260900,28350.0,28400.0,27900.0,28200.0,734965
202602260915,28200.0,28250.0,28050.0,28200.0,236486
202602260930,28250.0,28350.0,27950.0,28250.0,292141
202602260945,28200.0,28300.0,28100.0,28100.0,152985
202602261000,28150.0,28200.0,28000.0,28200.0,199290
202602261015,28200.0,28250.0,28100.0,28125.0,128783
202602261030,28150.0,28300.0,28050.0,28300.0,128429
202602261045,28300.0,28450.0,28250.0,28450.0,106343
202602261100,28425.0,28450.0,28250.0,28350.0,74938
202602261115,28350.0,28400.0,28250.0,28350.0,91248
202602261130,28300.0,28350.0,28100.0,28200.0,142301
202602261145,28150.0,28350.0,28100.0,28300.0,98584
202602261200,28250.0,28350.0,28150.0,28250.0,48719
202602261215,28250.0,28300.0,28150.0,28200.0,58370
202602261230,28200.0,28250.0,28050.0,28100.0,80074
202602261245,28100.0,28150.0,28050.0,28150.0,79335
202602261300,28150.0,28200.0,28100.0,28200.0,73668
202602261315,28200.0,28250.0,28100.0,28250.0,78768
202602261330,28250.0,28250.0,28150.0,28200.0,82034
202602261345,28150.0,28250.0,28100.0,28100.0,84827
202602261400,28100.0,28150.0,28050.0,28050.0,108803
202602261415,28050.0,28150.0,28050.0,28100.0,74572
202602261430,28150.0,28200.0,28050.0,28125.0,106890
202602261445,28100.0,28150.0,28000.0,28100.0,152220
202602261500,28100.0,28200.0,28000.0,28150.0,115633
202602261515,28150.0,28200.0,28100.0,28100.0,150637
202602270900,28200.0,28850.0,28150.0,28400.0,342651
202602270915,28400.0,28500.0,28200.0,28250.0,207920
202602270930,28300.0,28400.0,28200.0,28350.0,112867
202602270945,28350.0,28350.0,28150.0,28200.0,104651
202602271000,28200.0,28200.0,27900.0,28050.0,206813
202602271015,28100.0,28250.0,28000.0,28150.0,74680
202602271030,28100.0,28300.0,28100.0,28250.0,82778
202602271045,28250.0,28250.0,28100.0,28200.0,70451
202602271100,28200.0,28350.0,28150.0,28200.0,79641
202602271115,28200.0,28300.0,28150.0,28200.0,46369
202602271130,28250.0,28350.0,28150.0,28300.0,62654
202602271145,28350.0,28400.0,28250.0,28300.0,60680
202602271200,28350.0,28400.0,28250.0,28350.0,38039
202602271215,28400.0,28400.0,28250.0,28300.0,43023
202602271230,28300.0,28350.0,28250.0,28250.0,39250
202602271245,28300.0,28350.0,28250.0,28350.0,38286
202602271300,28350.0,28400.0,28200.0,28300.0,61084
202602271315,28300.0,28600.0,28250.0,28550.0,173396
202602271330,28600.0,28700.0,28500.0,28550.0,102164
202602271345,28550.0,28550.0,28350.0,28450.0,75379
202602271400,28450.0,28600.0,28400.0,28550.0,98695
202602271415,28550.0,28550.0,28350.0,28350.0,84043
202602271430,28350.0,28600.0,28300.0,28550.0,89737
202602271445,28550.0,28600.0,28300.0,28300.0,139880
202602271500,28350.0,28350.0,28150.0,28200.0,118524
202602271515,28200.0,28350.0,28100.0,28100.0,1235129
202603030900,26350.0,26600.0,26000.0,26050.0,748696
202603030915,26000.0,26250.0,25850.0,25950.0,523911
202603030930,26000.0,26050.0,25850.0,26050.0,453115
202603030945,26000.0,26200.0,25950.0,25950.0,327261
202603031000,26000.0,26100.0,25950.0,26000.0,210312
202603031015,25950.0,26050.0,25900.0,25950.0,224571
202603031030,25900.0,26000.0,25850.0,25850.0,208652
202603031045,25850.0,25900.0,25650.0,25750.0,333780
202603031100,25750.0,25800.0,25650.0,25700.0,181122
202603031115,25700.0,25800.0,25500.0,25725.0,346179
202603031130,25725.0,25750.0,25500.0,25500.0,229725
202603031145,25550.0,25600.0,25400.0,25550.0,214302
202603031200,25550.0,25600.0,25350.0,25450.0,211366
202603031215,25450.0,25550.0,25300.0,25300.0,215118
202603031230,25300.0,25750.0,25250.0,25700.0,262048
202603031245,25750.0,25750.0,25600.0,25650.0,93835
202603031300,25700.0,25750.0,25450.0,25500.0,140329
202603031315,25500.0,25700.0,25450.0,25500.0,132076
202603031330,25600.0,25600.0,25450.0,25550.0,143002
202603031345,25600.0,25600.0,25250.0,25400.0,214036
202603031400,25450.0,25700.0,25400.0,25650.0,156596
202603031415,25650.0,25650.0,25500.0,25550.0,123961
202603031430,25600.0,25600.0,25350.0,25400.0,191207
202603031445,25400.0,25450.0,25250.0,25250.0,266259
202603031500,25250.0,25425.0,25200.0,25300.0,260114
202603031515,25250.0,25300.0,25200.0,25200.0,199211
202603040900,23750.0,24350.0,23600.0,24225.0,432389
202603040915,24250.0,24700.0,24200.0,24450.0,299703
202603040930,24450.0,24550.0,24050.0,24100.0,181825
202603040945,24050.0,24650.0,24050.0,24550.0,173257
202603041000,24550.0,24550.0,24100.0,24250.0,149521
202603041015,24250.0,24250.0,23850.0,23900.0,141111
202603041030,23900.0,24250.0,23800.0,24150.0,95297
202603041045,24150.0,24200.0,23950.0,24050.0,106607
202603041100,24000.0,24050.0,23700.0,23700.0,174087
202603041115,23750.0,23750.0,23650.0,23750.0,28568
202603041145,23750.0,23800.0,23200.0,23450.0,394139
202603041200,23450.0,23700.0,23100.0,23200.0,249828
202603041215,23150.0,23400.0,23050.0,23100.0,232694
202603041230,23100.0,23500.0,22850.0,23450.0,438776
202603041245,23450.0,23850.0,23400.0,23850.0,156612
202603041300,23800.0,23950.0,23700.0,23850.0,155214
202603041315,23900.0,23900.0,23450.0,23500.0,124811
202603041330,23550.0,23700.0,23350.0,23650.0,93547
202603041345,23650.0,23750.0,23500.0,23600.0,166250
202603041400,23600.0,23650.0,23450.0,23500.0,95416
202603041415,23500.0,23650.0,23250.0,23300.0,128349
202603041430,23300.0,23600.0,23100.0,23500.0,176743
202603041445,23450.0,23650.0,23200.0,23250.0,181843
202603041500,23200.0,23350.0,23100.0,23100.0,214132
202603041515,23150.0,23200.0,23050.0,23200.0,151437
202603050900,24850.0,24900.0,24350.0,24550.0,396484
202603050915,24500.0,24600.0,24250.0,24550.0,287274
202603050930,24550.0,24600.0,24050.0,24200.0,369653
202603050945,24200.0,24500.0,24150.0,24425.0,139114
202603051000,24400.0,24650.0,24400.0,24650.0,126799
202603051015,24600.0,24650.0,24350.0,24350.0,165369
202603051030,24400.0,24400.0,24150.0,24200.0,148723
202603051045,24200.0,24300.0,24050.0,24200.0,155128
202603051100,24200.0,24500.0,24150.0,24400.0,85207
202603051115,24400.0,24500.0,24250.0,24250.0,101499
202603051130,24250.0,24450.0,24200.0,24400.0,88455
202603051145,24400.0,24500.0,24350.0,24450.0,110598
202603051200,24400.0,24600.0,24400.0,24450.0,81583
202603051215,24450.0,24550.0,24400.0,24400.0,92290
202603051230,24400.0,24450.0,24250.0,24400.0,84977
202603051245,24400.0,24400.0,24200.0,24250.0,101479
202603051300,24300.0,24350.0,24200.0,24300.0,47021
202603051315,24350.0,24450.0,24300.0,24350.0,67463
202603051330,24350.0,24500.0,24350.0,24450.0,67319
202603051345,24500.0,24600.0,24450.0,24600.0,80500
202603051400,24550.0,24600.0,24500.0,24550.0,95489
202603051415,24550.0,24700.0,24550.0,24600.0,104369
202603051430,24600.0,24700.0,24600.0,24650.0,90715
202603051445,24650.0,24750.0,24450.0,24500.0,157524
202603051500,24450.0,24500.0,24300.0,24450.0,123750
202603051515,24450.0,24500.0,24400.0,24500.0,161962
202603060900,23700.0,24100.0,23700.0,23950.0,178108
202603060915,23950.0,24000.0,23700.0,23750.0,217160
202603060930,23750.0,23800.0,23650.0,23700.0,166962
202603060945,23650.0,23850.0,23600.0,23800.0,128356
202603061000,23750.0,23850.0,23650.0,23750.0,110004
202603061015,23800.0,23800.0,23350.0,23500.0,287842
202603061030,23500.0,23750.0,23450.0,23700.0,114215
202603061045,23650.0,23750.0,23600.0,23600.0,98188
202603061100,23650.0,23800.0,23550.0,23750.0,87595
202603061115,23800.0,23900.0,23700.0,23850.0,95822
202603061130,23850.0,23850.0,23700.0,23750.0,69161
202603061145,23750.0,23900.0,23700.0,23900.0,80802
202603061200,23850.0,23950.0,23800.0,23800.0,67941
202603061215,23800.0,23900.0,23700.0,23850.0,75267
202603061230,23800.0,23900.0,23800.0,23850.0,71598
202603061245,23900.0,24050.0,23850.0,24000.0,77742
202603061300,24000.0,24075.0,23900.0,23950.0,98482
202603061315,23950.0,24000.0,23850.0,23950.0,88459
202603061330,23900.0,24000.0,23850.0,24000.0,98462
202603061345,23950.0,24050.0,23950.0,24000.0,90815
202603061400,24000.0,24100.0,23950.0,24050.0,84245
202603061415,24000.0,24100.0,24000.0,24100.0,89169
202603061430,24050.0,24300.0,24000.0,24250.0,129671
202603061445,24300.0,24300.0,24100.0,24200.0,115534
202603061500,24200.0,24350.0,24200.0,24350.0,162457
202603061515,24350.0,24500.0,24250.0,24500.0,155446
202603090900,22750.0,23050.0,22600.0,22700.0,336212
202603090915,22750.0,22750.0,22500.0,22600.0,345291
202603090930,22550.0,22700.0,22500.0,22600.0,226620
202603090945,22550.0,22650.0,22400.0,22450.0,318126
202603091000,22500.0,22550.0,22300.0,22400.0,134010
202603091015,22375.0,22500.0,22350.0,22350.0,106276
202603091030,22400.0,22400.0,22300.0,22300.0,4231
202603091100,22300.0,22500.0,22200.0,22350.0,234084
202603091115,22300.0,22350.0,22150.0,22200.0,139157
202603091130,22250.0,22400.0,22200.0,22400.0,88900
202603091145,22350.0,22450.0,22300.0,22350.0,92264
202603091200,22350.0,22400.0,22250.0,22300.0,80258
202603091215,22300.0,22400.0,22250.0,22250.0,77555
202603091230,22250.0,22400.0,22200.0,22250.0,98655
202603091245,22200.0,22300.0,22150.0,22150.0,110245
202603091300,22150.0,22250.0,22150.0,22150.0,106588
202603091315,22150.0,22200.0,22100.0,22100.0,140974
202603091330,22100.0,22150.0,22000.0,22050.0,164852
202603091345,22050.0,22100.0,22000.0,22000.0,169634
202603091400,22000.0,22100.0,22000.0,22000.0,155748
202603091415,22000.0,22400.0,22000.0,22300.0,207083
202603091430,22300.0,22450.0,22300.0,22400.0,238353
202603091445,22350.0,22500.0,22300.0,22400.0,164505
202603091500,22400.0,22550.0,22250.0,22450.0,267133
202603091515,22450.0,22500.0,22350.0,22400.0,172644
202603100900,23800.0,23850.0,23500.0,23650.0,213458
202603100915,23600.0,23750.0,23500.0,23550.0,141159
202603100930,23600.0,23800.0,23550.0,23700.0,146159
202603100945,23700.0,23850.0,23650.0,23700.0,111822
202603101000,23700.0,24250.0,23700.0,24200.0,310563
202603101015,24200.0,24300.0,24050.0,24100.0,290084
202603101030,24125.0,24500.0,24100.0,24400.0,262463
202603101045,24450.0,24600.0,24350.0,24500.0,220389
202603101100,24500.0,24500.0,24300.0,24450.0,131473
202603101115,24400.0,24500.0,24300.0,24400.0,114021
202603101130,24350.0,24400.0,24250.0,24250.0,110996
202603101145,24300.0,24300.0,24050.0,24200.0,142061
202603101200,24200.0,24200.0,24050.0,24150.0,103652
202603101215,24150.0,24200.0,24100.0,24100.0,96037
202603101230,24100.0,24150.0,23900.0,23950.0,151161
202603101245,23900.0,24150.0,23800.0,24100.0,160890
202603101300,24100.0,24100.0,23900.0,24000.0,149957
202603101315,24050.0,24150.0,24000.0,24100.0,88332
202603101330,24100.0,24300.0,24100.0,24250.0,107268
202603101345,24250.0,24250.0,24150.0,24250.0,90905
202603101400,24250.0,24300.0,24200.0,24300.0,115216
202603101415,24300.0,24300.0,24150.0,24200.0,102796
202603101430,24200.0,24250.0,24150.0,24150.0,89061
202603101445,24150.0,24300.0,24150.0,24300.0,97008
202603101500,24300.0,24350.0,24200.0,24300.0,155859
202603101515,24350.0,24350.0,24300.0,24350.0,137454
202603110900,24500.0,25050.0,24350.0,25000.0,370449
202603110915,24950.0,25200.0,24900.0,25000.0,375209
202603110930,25000.0,25400.0,25000.0,25250.0,386166
202603110945,25200.0,25400.0,25150.0,25300.0,147532
202603111000,25300.0,25350.0,25000.0,25200.0,98050
202603111015,25150.0,25300.0,25150.0,25250.0,72771
202603111030,25200.0,25350.0,25200.0,25350.0,60510
202603111045,25300.0,25350.0,25250.0,25250.0,49020
202603111100,25250.0,25300.0,25100.0,25150.0,59692
202603111115,25100.0,25200.0,25050.0,25050.0,47899
202603111130,25050.0,25200.0,25050.0,25150.0,28463
202603111145,25150.0,25200.0,25050.0,25150.0,31540
202603111200,25150.0,25150.0,25050.0,25100.0,48820
202603111215,25050.0,25100.0,25000.0,25050.0,38270
202603111230,25050.0,25100.0,25050.0,25100.0,28551
202603111245,25100.0,25100.0,25000.0,25100.0,41774
202603111300,25100.0,25100.0,25000.0,25050.0,41214
202603111315,25050.0,25150.0,25000.0,25050.0,53889
202603111330,25000.0,25050.0,24850.0,24900.0,104400
202603111345,24850.0,24900.0,24800.0,24850.0,68003
202603111400,24850.0,24950.0,24800.0,24800.0,66474
202603111415,24800.0,24850.0,24700.0,24800.0,88577
202603111430,24800.0,24800.0,24500.0,24550.0,117439
202603111445,24500.0,24750.0,24350.0,24350.0,164596
202603111500,24400.0,24600.0,24350.0,24550.0,148107
202603111515,24550.0,24700.0,24500.0,24600.0,77502
202603120900,24200.0,24300.0,24100.0,24200.0,99656
202603120915,24200.0,24300.0,24050.0,24200.0,87748
202603120930,24150.0,24250.0,24100.0,24100.0,83873
202603120945,24100.0,24200.0,24050.0,24100.0,100433
202603121000,24100.0,24150.0,24050.0,24100.0,43260
202603121015,24100.0,24150.0,24050.0,24100.0,38177
202603121030,24100.0,24200.0,24100.0,24150.0,43078
202603121045,24200.0,24200.0,24050.0,24100.0,60516
202603121100,24100.0,24100.0,24000.0,24050.0,62130
202603121115,24050.0,24050.0,23950.0,23950.0,92651
202603121130,23950.0,24050.0,23900.0,23900.0,59977
202603121145,23950.0,24000.0,23900.0,23950.0,40316
202603121200,23950.0,23950.0,23850.0,23900.0,42830
202603121215,23850.0,23900.0,23800.0,23850.0,58835
202603121230,23850.0,23950.0,23850.0,23850.0,50994
202603121245,23850.0,23900.0,23650.0,23750.0,175894
202603121300,23700.0,23850.0,23700.0,23750.0,98210
202603121315,23800.0,24000.0,23750.0,23900.0,119535
202603121330,23900.0,24000.0,23800.0,23850.0,110093
202603121345,23850.0,23950.0,23800.0,23900.0,131941
202603121400,23900.0,24500.0,23900.0,24200.0,123711
202603121415,24250.0,24300.0,24100.0,24300.0,101609
202603121430,24300.0,24400.0,24200.0,24350.0,114001
202603121445,24350.0,24400.0,24250.0,24350.0,93510
202603121500,24300.0,24400.0,24250.0,24300.0,79094
202603121515,24350.0,24400.0,24250.0,24250.0,453043
202603130900,23700.0,24350.0,23450.0,24300.0,195946
202603130915,24250.0,24700.0,24150.0,24450.0,260879
202603130930,24450.0,24650.0,24300.0,24350.0,89508
202603130945,24350.0,24600.0,24250.0,24600.0,92245
202603131000,24600.0,24900.0,24500.0,24700.0,192286
202603131015,24700.0,24850.0,24650.0,24850.0,71461
202603131030,24850.0,24850.0,24700.0,24750.0,80143
202603131045,24750.0,24750.0,24500.0,24550.0,75199
202603131100,24600.0,24600.0,24400.0,24550.0,74904
202603131115,24550.0,24550.0,24350.0,24400.0,61844
202603131130,24400.0,24500.0,24350.0,24400.0,37532
202603131145,24400.0,24450.0,24350.0,24450.0,33186
202603131200,24450.0,24450.0,24300.0,24350.0,36794
202603131215,24350.0,24450.0,24300.0,24350.0,31732
202603131230,24300.0,24400.0,24300.0,24400.0,21059
202603131245,24350.0,24500.0,24300.0,24450.0,23597
202603131300,24450.0,24500.0,24350.0,24400.0,29371
202603131315,24400.0,24400.0,24250.0,24250.0,56021
202603131330,24250.0,24350.0,24200.0,24350.0,39321
202603131345,24350.0,24350.0,24250.0,24350.0,28557
202603131400,24350.0,24400.0,24250.0,24350.0,35193
202603131415,24300.0,24350.0,24250.0,24350.0,39404
202603131430,24300.0,24400.0,24300.0,24400.0,45212
202603131445,24350.0,24400.0,24250.0,24350.0,46283
202603131500,24300.0,24450.0,24300.0,24350.0,66119
202603131515,24400.0,24400.0,24300.0,24300.0,74252
202603160900,24100.0,24500.0,24000.0,24350.0,99263
202603160915,24400.0,24500.0,24300.0,24400.0,89684
202603160930,24400.0,24450.0,24300.0,24300.0,47010
202603160945,24350.0,24400.0,24150.0,24250.0,78299
202603161000,24250.0,24550.0,24100.0,24450.0,125166
202603161015,24450.0,24600.0,24300.0,24350.0,123892
202603161030,24350.0,24550.0,24250.0,24300.0,94907
202603161045,24300.0,24650.0,24250.0,24600.0,77653
202603161100,24600.0,24800.0,24550.0,24750.0,124478
202603161115,24700.0,24750.0,24450.0,24500.0,89167
202603161130,24500.0,24600.0,24400.0,24500.0,52887
202603161145,24550.0,24650.0,24500.0,24650.0,66594
202603161200,24650.0,24700.0,24600.0,24600.0,37288
202603161215,24600.0,24650.0,24550.0,24550.0,42074
202603161230,24550.0,24700.0,24550.0,24700.0,53031
202603161245,24650.0,24675.0,24550.0,24600.0,43227
202603161300,24650.0,24950.0,24600.0,24900.0,156635
202603161315,24950.0,25000.0,24775.0,24850.0,124326
202603161330,24850.0,24900.0,24750.0,24850.0,67661
202603161345,24850.0,24850.0,24700.0,24750.0,60251
202603161400,24750.0,24850.0,24700.0,24800.0,57350
202603161415,24800.0,24850.0,24700.0,24800.0,63253
202603161430,24750.0,24850.0,24700.0,24750.0,72325
202603161445,24800.0,24850.0,24750.0,24800.0,77903
202603161500,24800.0,24800.0,24700.0,24800.0,77509
202603161515,24800.0,24850.0,24650.0,24650.0,99730
202603170900,25300.0,25450.0,25150.0,25350.0,133758
202603170915,25350.0,25400.0,25050.0,25100.0,117170
202603170930,25050.0,25200.0,24900.0,24950.0,112318
202603170945,24950.0,25125.0,24850.0,24850.0,115157
202603171000,24900.0,25000.0,24800.0,24925.0,75934
202603171015,24900.0,25150.0,24900.0,25050.0,55485
202603171030,25050.0,25200.0,25050.0,25050.0,44403
202603171045,25100.0,25150.0,25000.0,25050.0,37514
202603171100,25050.0,25200.0,25050.0,25150.0,42932
202603171115,25150.0,25200.0,25100.0,25100.0,28887
202603171130,25150.0,25300.0,25100.0,25200.0,52941
202603171145,25150.0,25250.0,25100.0,25150.0,39910
202603171200,25150.0,25150.0,25000.0,25050.0,27279
202603171215,25050.0,25100.0,25000.0,25000.0,29459
202603171230,25000.0,25050.0,25000.0,25050.0,21644
202603171245,25050.0,25050.0,24950.0,25000.0,31791
202603171300,25000.0,25100.0,24900.0,25000.0,44668
202603171315,25000.0,25100.0,24950.0,25050.0,37339
202603171330,25050.0,25150.0,25000.0,25100.0,41832
202603171345,25100.0,25200.0,25050.0,25100.0,41435
202603171400,25100.0,25200.0,25100.0,25150.0,61288
202603171415,25150.0,25200.0,25050.0,25150.0,45768
202603171430,25200.0,25200.0,25100.0,25200.0,64814
202603171445,25200.0,25200.0,25100.0,25150.0,64393
202603171500,25150.0,25150.0,24950.0,25000.0,115234
202603171515,25000.0,25000.0,24850.0,24850.0,173023
202603180900,25400.0,25800.0,25350.0,25700.0,366510
202603180915,25700.0,25750.0,25500.0,25700.0,111776
202603180930,25750.0,25900.0,25700.0,25900.0,167342
202603180945,25900.0,25900.0,25700.0,25850.0,125640
202603181000,25825.0,25850.0,25600.0,25600.0,99475
202603181015,25600.0,25750.0,25600.0,25700.0,63840
202603181030,25650.0,25700.0,25450.0,25450.0,132511
202603181045,25500.0,25500.0,25350.0,25400.0,92561
202603181100,25400.0,25500.0,25350.0,25400.0,72416
202603181115,25400.0,25500.0,25350.0,25400.0,53176
202603181130,25450.0,25500.0,25350.0,25400.0,53559
202603181145,25400.0,25450.0,25350.0,25450.0,54611
202603181200,25450.0,25550.0,25400.0,25500.0,49259
202603181215,25450.0,25550.0,25450.0,25550.0,69141
202603181230,25500.0,25600.0,25450.0,25600.0,57075
202603181245,25550.0,25600.0,25500.0,25500.0,57689
202603181300,25550.0,25600.0,25500.0,25550.0,48148
202603181315,25600.0,25600.0,25500.0,25500.0,59241
202603181330,25500.0,25650.0,25500.0,25500.0,60440
202603181345,25550.0,25550.0,25400.0,25400.0,58906
202603181400,25450.0,25450.0,25350.0,25450.0,45675
202603181415,25400.0,25500.0,25400.0,25500.0,58710
202603181430,25450.0,25500.0,25350.0,25400.0,61036
202603181445,25350.0,25500.0,25350.0,25475.0,41765
202603181500,25475.0,25500.0,25400.0,25500.0,74808
202603181515,25500.0,25500.0,25400.0,25500.0,76937
202603190900,24800.0,24900.0,24650.0,24800.0,151222
202603190915,24800.0,24850.0,24700.0,24800.0,81924
202603190930,24850.0,24850.0,24650.0,24700.0,75034
202603190945,24700.0,24700.0,24600.0,24700.0,56509
202603191000,24700.0,24750.0,24600.0,24650.0,51908
202603191015,24700.0,24750.0,24650.0,24700.0,37598
202603191030,24700.0,24750.0,24650.0,24700.0,28970
202603191045,24700.0,24750.0,24650.0,24750.0,27319
202603191100,24750.0,24800.0,24650.0,24800.0,31659
202603191115,24800.0,24850.0,24750.0,24850.0,18092
202603191130,24800.0,24900.0,24800.0,24875.0,17180
202603191145,24875.0,24900.0,24800.0,24850.0,31813
202603191200,24850.0,24900.0,24800.0,24850.0,12130
202603191215,24850.0,24900.0,24800.0,24850.0,23872
202603191230,24800.0,24850.0,24750.0,24800.0,43263
202603191245,24800.0,24850.0,24750.0,24800.0,27501
202603191300,24800.0,24800.0,24650.0,24650.0,62993
202603191315,24650.0,24700.0,24600.0,24650.0,71948
202603191330,24650.0,24700.0,24600.0,24600.0,77656
202603191345,24600.0,24650.0,24550.0,24550.0,56606
202603191400,24550.0,24650.0,24550.0,24550.0,35990
202603191415,24600.0,24650.0,24550.0,24600.0,17357
202603191430,24600.0,24650.0,24500.0,24600.0,98133
202603191445,24600.0,24650.0,24500.0,24550.0,50667
202603191500,24550.0,24700.0,24550.0,24600.0,44103
202603191515,24600.0,24600.0,24550.0,24550.0,75831
202603200900,25150.0,25600.0,25100.0,25350.0,312570
202603200915,25350.0,25600.0,25300.0,25550.0,167767
202603200930,25600.0,25600.0,25450.0,25550.0,158355
202603200945,25550.0,25850.0,25500.0,25850.0,244550
202603201000,25850.0,25900.0,25750.0,25800.0,145476
202603201015,25750.0,25800.0,25650.0,25700.0,107490
202603201030,25700.0,25850.0,25650.0,25825.0,80047
202603201045,25800.0,25900.0,25800.0,25850.0,89458
202603201100,25850.0,25850.0,25700.0,25800.0,107841
202603201115,25850.0,25850.0,25700.0,25800.0,55580
202603201130,25750.0,25850.0,25700.0,25850.0,56973
202603201145,25800.0,25850.0,25800.0,25850.0,39142
202603201200,25850.0,25900.0,25800.0,25850.0,76493
202603201215,25900.0,25900.0,25850.0,25850.0,59922
202603201230,25850.0,26000.0,25850.0,25950.0,139497
202603201245,25950.0,26200.0,25950.0,26100.0,282660
202603201300,26125.0,26250.0,26100.0,26200.0,111045
202603201315,26200.0,26300.0,26100.0,26150.0,137749
202603201330,26150.0,26150.0,26000.0,26100.0,77831
202603201345,26100.0,26100.0,26000.0,26100.0,98928
202603201400,26050.0,26100.0,25950.0,26000.0,103164
202603201415,26050.0,26100.0,26000.0,26050.0,73791
202603201430,26050.0,26100.0,26050.0,26100.0,58592
202603201445,26100.0,26200.0,26050.0,26150.0,120451
202603201500,26100.0,26150.0,26050.0,26100.0,74992
202603201515,26125.0,26350.0,26050.0,26350.0,643481
202603230900,25400.0,26050.0,25100.0,25250.0,425298
202603230915,25250.0,26050.0,25050.0,25100.0,273010
202603230930,25100.0,25100.0,24900.0,24950.0,207199
202603230945,24950.0,24950.0,24650.0,24700.0,195345
202603231000,24700.0,24800.0,24600.0,24700.0,135993
202603231015,24750.0,24950.0,24650.0,24700.0,99610
202603231030,24750.0,24900.0,24700.0,24750.0,94778
202603231045,24750.0,24800.0,24700.0,24700.0,75816
202603231100,24750.0,24850.0,24650.0,24700.0,86438
202603231115,24700.0,24800.0,24650.0,24700.0,65013
202603231130,24700.0,24700.0,24600.0,24600.0,80648
202603231145,24600.0,24650.0,24550.0,24600.0,96379
202603231200,24600.0,24700.0,24500.0,24500.0,92756
202603231215,24550.0,24600.0,24500.0,24500.0,56296
202603231230,24500.0,24550.0,24500.0,24550.0,52609
202603231245,24550.0,24550.0,24350.0,24400.0,145714
202603231300,24450.0,24500.0,24400.0,24500.0,57938
202603231315,24500.0,24600.0,24450.0,24500.0,57471
202603231330,24500.0,24600.0,24450.0,24500.0,73847
202603231345,24450.0,24550.0,24450.0,24550.0,51259
202603231400,24550.0,24550.0,24450.0,24450.0,54624
202603231415,24450.0,24500.0,24350.0,24450.0,134802
202603231430,24400.0,24450.0,24350.0,24350.0,115060
202603231445,24350.0,24400.0,24200.0,24350.0,118715
202603231500,24300.0,24350.0,24200.0,24300.0,111497
202603231515,24300.0,24400.0,24250.0,24300.0,92089
202603240900,25300.0,25350.0,24900.0,24950.0,281145
202603240915,24950.0,25000.0,24650.0,25000.0,232359
202603240930,24950.0,25000.0,24650.0,24750.0,210156
202603240945,24700.0,24850.0,24550.0,24600.0,106818
202603241000,24600.0,24650.0,24350.0,24400.0,87297
202603241015,24400.0,24650.0,24300.0,24500.0,95724
202603241030,24500.0,24550.0,24400.0,24500.0,117977
202603241045,24450.0,24500.0,24200.0,24225.0,91278
202603241100,24250.0,24400.0,24225.0,24300.0,33960
202603241115,24350.0,24550.0,24300.0,24550.0,46894
202603241130,24550.0,24700.0,24500.0,24700.0,42228
202603241145,24700.0,24700.0,24450.0,24500.0,26544
202603241200,24500.0,24550.0,24450.0,24550.0,22078
202603241215,24525.0,24700.0,24525.0,24650.0,32404
202603241230,24600.0,24700.0,24550.0,24650.0,36139
202603241245,24675.0,24700.0,24550.0,24650.0,34401
202603241300,24675.0,24700.0,24600.0,24650.0,31407
202603241315,24675.0,24700.0,24550.0,24600.0,33434
202603241330,24625.0,24700.0,24600.0,24675.0,31011
202603241345,24700.0,24750.0,24650.0,24700.0,41031
202603241400,24675.0,24700.0,24550.0,24650.0,55257
202603241415,24650.0,24750.0,24500.0,24575.0,54209
202603241430,24575.0,24700.0,24550.0,24675.0,23139
202603241445,24700.0,24800.0,24650.0,24800.0,107792
202603241500,24800.0,25000.0,24600.0,24900.0,154118
202603241515,24950.0,24950.0,24850.0,24850.0,66719
202603250900,25250.0,25500.0,25200.0,25450.0,171897
202603250915,25450.0,25500.0,25350.0,25425.0,64002
202603250930,25425.0,25800.0,25400.0,25650.0,199993
202603250945,25650.0,25650.0,25450.0,25500.0,78565
202603251000,25550.0,25600.0,25450.0,25500.0,66226
202603251015,25550.0,25550.0,25400.0,25450.0,44228
202603251030,25450.0,25550.0,25350.0,25450.0,60998
202603251045,25450.0,25550.0,25450.0,25450.0,58271
202603251100,25450.0,25450.0,25300.0,25400.0,129496
202603251115,25350.0,25500.0,25300.0,25450.0,59960
202603251130,25400.0,25450.0,25350.0,25400.0,31838
202603251145,25400.0,25450.0,25300.0,25350.0,49904
202603251200,25400.0,25450.0,25300.0,25350.0,57939
202603251215,25350.0,25500.0,25300.0,25450.0,62040
202603251230,25450.0,25500.0,25350.0,25450.0,47064
202603251245,25450.0,25500.0,25350.0,25400.0,32471
202603251300,25450.0,25450.0,25400.0,25450.0,38073
202603251315,25450.0,25500.0,25400.0,25500.0,31370
202603251330,25500.0,25500.0,25400.0,25450.0,61216
202603251345,25450.0,25500.0,25400.0,25400.0,41780
202603251400,25450.0,25500.0,25400.0,25450.0,38832
202603251415,25450.0,25500.0,25350.0,25350.0,67455
202603251430,25350.0,25400.0,25300.0,25350.0,72662
202603251445,25350.0,25400.0,25300.0,25300.0,50790
202603251500,25300.0,25450.0,25250.0,25400.0,56692
202603251515,25400.0,25400.0,25350.0,25400.0,68833
202603260900,25200.0,25250.0,25000.0,25000.0,103511
202603260915,25000.0,25200.0,25000.0,25150.0,41916
202603260930,25150.0,25200.0,25050.0,25100.0,41556
202603260945,25050.0,25150.0,25000.0,25150.0,50745
202603261000,25100.0,25250.0,25050.0,25150.0,42235
202603261015,25150.0,25200.0,25050.0,25100.0,27203
202603261030,25150.0,25250.0,25100.0,25250.0,39100
202603261045,25200.0,25300.0,25150.0,25225.0,41720
202603261100,25250.0,25250.0,25100.0,25150.0,27738
202603261115,25150.0,25150.0,25000.0,25050.0,59789
202603261130,25050.0,25050.0,24900.0,24925.0,104085
202603261145,24925.0,25000.0,24850.0,24900.0,42635
202603261200,24900.0,25050.0,24900.0,24950.0,46566
202603261215,25000.0,25050.0,24950.0,25000.0,15128
202603261230,25000.0,25200.0,25000.0,25150.0,43008
202603261245,25150.0,25200.0,25100.0,25150.0,22825
202603261300,25150.0,25200.0,25100.0,25175.0,23151
202603261315,25200.0,25250.0,25100.0,25200.0,49765
202603261330,25200.0,25250.0,25100.0,25150.0,24098
202603261345,25150.0,25200.0,25100.0,25150.0,30563
202603261400,25200.0,25200.0,25100.0,25100.0,27218
202603261415,25150.0,25200.0,25050.0,25100.0,37857
202603261430,25100.0,25150.0,25050.0,25050.0,35516
202603261445,25050.0,25100.0,24900.0,24900.0,80698
202603261500,24900.0,25000.0,24900.0,24950.0,30541
202603261515,24950.0,25000.0,24900.0,24950.0,83492
202603270900,24600.0,25100.0,24500.0,25000.0,219398
202603270915,24950.0,25200.0,24750.0,24850.0,141280
202603270930,24900.0,24900.0,24600.0,24600.0,116093
202603270945,24650.0,24700.0,24550.0,24675.0,39999
202603271000,24675.0,25100.0,24650.0,25100.0,76130
202603271015,25050.0,25100.0,25000.0,25050.0,57208
202603271030,25100.0,25200.0,24950.0,25000.0,123256
202603271045,25000.0,25050.0,24900.0,25050.0,37093
202603271100,25050.0,25100.0,24900.0,24950.0,37876
202603271115,24900.0,25000.0,24875.0,24900.0,34087
202603271130,24900.0,25100.0,24900.0,25100.0,30941
202603271145,25100.0,25100.0,25000.0,25050.0,36204
202603271200,25100.0,25150.0,25000.0,25100.0,36076
202603271215,25050.0,25150.0,25000.0,25100.0,44108
202603271230,25100.0,25250.0,25050.0,25200.0,72107
202603271245,25150.0,25250.0,25100.0,25200.0,56036
202603271300,25200.0,25200.0,25100.0,25150.0,37729
202603271315,25150.0,25250.0,25150.0,25250.0,48907
202603271330,25250.0,25300.0,25200.0,25250.0,54276
202603271345,25200.0,25350.0,25200.0,25300.0,81603
202603271400,25350.0,25350.0,25200.0,25250.0,79252
202603271415,25250.0,25350.0,25100.0,25150.0,235147
202603271430,25150.0,25250.0,25050.0,25200.0,126947
202603271445,25250.0,25250.0,25100.0,25200.0,79770
202603271500,25200.0,25200.0,25000.0,25050.0,120089
202603271515,25100.0,25300.0,25000.0,25300.0,170080
202603300900,23950.0,23950.0,23600.0,23800.0,240155
202603300915,23800.0,24000.0,23750.0,23950.0,76710
202603300930,23900.0,24000.0,23850.0,23950.0,53756
202603300945,23950.0,24000.0,23850.0,23950.0,41240
202603301000,23950.0,24050.0,23900.0,23950.0,50288
202603301015,23950.0,23950.0,23800.0,23900.0,63027
202603301030,23850.0,24200.0,23850.0,24150.0,74124
202603301045,24100.0,24150.0,24000.0,24000.0,49880
202603301100,24050.0,24200.0,24000.0,24175.0,43370
202603301115,24175.0,24200.0,24050.0,24100.0,39237
202603301130,24050.0,24200.0,24050.0,24200.0,19988
202603301145,24200.0,24400.0,24175.0,24350.0,66739
202603301200,24300.0,24550.0,24300.0,24450.0,66815
202603301215,24400.0,24600.0,24400.0,24500.0,38172
202603301230,24500.0,24550.0,24450.0,24450.0,14918
202603301245,24450.0,24500.0,24300.0,24300.0,18447
202603301300,24300.0,24400.0,24250.0,24300.0,25214
202603301315,24250.0,24350.0,24250.0,24300.0,9426
202603301330,24300.0,24350.0,24250.0,24250.0,13011
202603301345,24300.0,24300.0,24150.0,24300.0,43558
202603301400,24300.0,24300.0,24200.0,24300.0,17847
202603301415,24300.0,24400.0,24250.0,24400.0,41708
202603301430,24400.0,24400.0,24250.0,24250.0,44265
202603301445,24300.0,24300.0,24200.0,24250.0,22870
202603301500,24250.0,24300.0,24200.0,24300.0,42606
202603301515,24250.0,24350.0,24250.0,24350.0,69890
202603310900,23850.0,23900.0,23550.0,23550.0,127413
202603310915,23550.0,23650.0,23400.0,23550.0,112713
202603310930,23550.0,23550.0,23300.0,23500.0,152176
202603310945,23550.0,23700.0,23500.0,23550.0,87258
202603311000,23550.0,23650.0,23400.0,23550.0,87879
202603311015,23550.0,23750.0,23500.0,23750.0,56156
202603311030,23700.0,24050.0,23650.0,24050.0,90930
202603311045,24000.0,24200.0,23900.0,24000.0,85701
202603311100,24000.0,24050.0,23850.0,23950.0,47117
202603311115,23900.0,24000.0,23850.0,23850.0,57592
202603311130,23850.0,24000.0,23800.0,23800.0,42718
202603311145,23800.0,24000.0,23800.0,23900.0,59909
202603311200,23900.0,24000.0,23850.0,23950.0,31042
202603311215,23900.0,23950.0,23800.0,23800.0,46268
202603311230,23800.0,23850.0,23650.0,23700.0,47449
202603311245,23700.0,23750.0,23650.0,23750.0,41044
202603311300,23700.0,23750.0,23600.0,23600.0,49183
202603311315,23650.0,23700.0,23600.0,23625.0,65012
202603311330,23600.0,23700.0,23550.0,23550.0,59566
202603311345,23600.0,23600.0,23500.0,23500.0,70789
202603311400,23500.0,23600.0,23450.0,23500.0,86430
202603311415,23500.0,23600.0,23450.0,23500.0,118745
202603311430,23500.0,23600.0,23400.0,23500.0,83951
202603311445,23500.0,23600.0,23450.0,23450.0,87263
202603311500,23450.0,23500.0,23300.0,23300.0,123107
202603311515,23325.0,23550.0,23300.0,23550.0,102764
202604010900,24350.0,24400.0,24000.0,24125.0,117729
202604010915,24100.0,24150.0,23950.0,24050.0,114917
202604010930,24075.0,24200.0,24000.0,24150.0,93437
202604010945,24150.0,24200.0,24050.0,24100.0,62146
202604011000,24100.0,24150.0,23850.0,24050.0,147652
202604011015,24050.0,24300.0,24000.0,24275.0,99805
202604011030,24275.0,24350.0,24125.0,24150.0,76499
202604011045,24150.0,24300.0,24100.0,24250.0,50531
202604011100,24300.0,24350.0,24250.0,24350.0,56459
202604011115,24350.0,24450.0,24300.0,24400.0,79182
202604011130,24400.0,24500.0,24400.0,24400.0,68120
202604011145,24400.0,24500.0,24400.0,24450.0,38312
202604011200,24450.0,24450.0,24400.0,24425.0,43347
202604011215,24450.0,24500.0,24400.0,24500.0,34779
202604011230,24500.0,24500.0,24400.0,24450.0,84607
202604011245,24450.0,24500.0,24400.0,24500.0,46572
202604011300,24500.0,24550.0,24400.0,24500.0,61888
202604011315,24550.0,24700.0,24500.0,24650.0,115261
202604011330,24650.0,24700.0,24600.0,24700.0,48175
202604011345,24700.0,24750.0,24600.0,24650.0,78740
202604011400,24700.0,24750.0,24650.0,24700.0,81192
202604011415,24700.0,24800.0,24700.0,24750.0,85195
202604011430,24750.0,24800.0,24700.0,24800.0,67964
202604011445,24800.0,24800.0,24650.0,24650.0,173252
202604011500,24700.0,24750.0,24550.0,24600.0,122472
202604011515,24550.0,24700.0,24550.0,24700.0,113867
202604020900,24900.0,24950.0,24550.0,24800.0,118172
202604020915,24800.0,24850.0,24750.0,24750.0,85223
202604020930,24750.0,24850.0,24650.0,24800.0,86906
202604020945,24800.0,24900.0,24750.0,24800.0,34962
202604021000,24800.0,24850.0,24500.0,24550.0,148103
202604021015,24600.0,24650.0,24000.0,24100.0,249350
202604021030,24100.0,24100.0,23800.0,23850.0,125051
202604021045,23800.0,23950.0,23700.0,23900.0,61709
202604021100,23900.0,23950.0,23600.0,23700.0,90453
202604021115,23700.0,23700.0,23550.0,23600.0,58697
202604021130,23600.0,23650.0,23550.0,23600.0,51553
202604021145,23650.0,23650.0,23550.0,23650.0,55872
202604021200,23650.0,23700.0,23550.0,23600.0,58857
202604021215,23550.0,23650.0,23550.0,23550.0,43856
202604021230,23550.0,23600.0,23350.0,23400.0,154880
202604021245,23400.0,23400.0,23250.0,23350.0,75060
202604021300,23350.0,23400.0,23200.0,23350.0,127887
202604021315,23350.0,23450.0,23300.0,23300.0,60023
202604021330,23400.0,23400.0,23300.0,23300.0,64290
202604021345,23300.0,23350.0,23200.0,23250.0,86133
202604021400,23300.0,23300.0,23200.0,23250.0,68051
202604021415,23300.0,23350.0,23250.0,23300.0,57673
202604021430,23300.0,23350.0,23200.0,23250.0,81581
202604021445,23225.0,23350.0,23100.0,23100.0,133871
202604021500,23125.0,23250.0,23100.0,23100.0,122399
202604021515,23100.0,23200.0,23100.0,23200.0,76952
202604030900,23650.0,23700.0,23300.0,23350.0,112295
202604030915,23300.0,23350.0,23050.0,23250.0,193526
202604030930,23250.0,23250.0,22850.0,22900.0,327643
202604030945,22900.0,22950.0,22800.0,22850.0,176996
202604031000,22850.0,22900.0,22800.0,22800.0,124336
202604031015,22850.0,23000.0,22800.0,23000.0,144628
202604031030,22950.0,23050.0,22850.0,22925.0,71959
202604031045,22900.0,22950.0,22850.0,22900.0,66540
202604031100,22900.0,23100.0,22875.0,22975.0,78430
202604031115,22975.0,23100.0,22950.0,22950.0,48402
202604031130,22950.0,23000.0,22850.0,22850.0,70657
202604031145,22850.0,22975.0,22850.0,22950.0,45591
202604031200,22950.0,23000.0,22900.0,22950.0,46698
202604031215,22975.0,23000.0,22900.0,22950.0,41224
202604031230,22900.0,23000.0,22900.0,22950.0,47015
202604031245,22975.0,23100.0,22950.0,23000.0,53442
202604031300,23000.0,23100.0,23000.0,23000.0,39643
202604031315,23000.0,23025.0,22950.0,22950.0,67468
202604031330,22950.0,23000.0,22900.0,22900.0,49425
202604031345,22900.0,23000.0,22900.0,22950.0,51595
202604031400,22950.0,23025.0,22900.0,22900.0,55993
202604031415,22925.0,22950.0,22900.0,22925.0,60630
202604031430,22925.0,22950.0,22900.0,22900.0,52917
202604031445,22900.0,22925.0,22900.0,22925.0,58980
202604031500,22925.0,23000.0,22900.0,22950.0,122000
202604031515,22900.0,23000.0,22900.0,23000.0,41932
202604060900,23100.0,23250.0,23100.0,23150.0,54169
202604060915,23100.0,23150.0,22950.0,23100.0,112927
202604060930,23100.0,23100.0,22950.0,23000.0,53309
202604060945,23050.0,23050.0,22850.0,23000.0,104484
202604061000,22950.0,23100.0,22950.0,23000.0,52228
202604061015,23050.0,23100.0,23000.0,23050.0,29668
202604061030,23100.0,23100.0,23000.0,23000.0,22379
202604061045,23050.0,23050.0,22950.0,23000.0,27024
202604061100,23050.0,23300.0,22950.0,23300.0,84364
202604061115,23300.0,23450.0,23250.0,23300.0,59625
202604061130,23300.0,23400.0,23200.0,23250.0,32718
202604061145,23200.0,23250.0,23100.0,23100.0,17477
202604061200,23100.0,23250.0,23100.0,23150.0,12833
202604061215,23200.0,23200.0,23100.0,23100.0,15059
202604061230,23150.0,23150.0,23050.0,23150.0,18131
202604061245,23100.0,23150.0,23050.0,23100.0,19559
202604061300,23150.0,23250.0,23075.0,23150.0,27146
202604061315,23150.0,23200.0,23100.0,23150.0,17860
202604061330,23100.0,23200.0,23100.0,23150.0,19521
202604061345,23150.0,23200.0,23150.0,23150.0,9112
202604061400,23200.0,23300.0,23150.0,23300.0,32781
202604061415,23300.0,23300.0,23150.0,23150.0,24187
202604061430,23200.0,23250.0,23100.0,23150.0,27818
202604061445,23150.0,23150.0,23050.0,23100.0,44990
202604061500,23100.0,23200.0,23050.0,23150.0,50102
202604061515,23100.0,23200.0,23050.0,23150.0,43207
202604070900,23200.0,23450.0,23150.0,23400.0,57991
202604070915,23425.0,23500.0,23350.0,23350.0,34098
202604070930,23350.0,23450.0,23350.0,23400.0,17706
202604070945,23425.0,23500.0,23300.0,23450.0,75862
202604071000,23400.0,23450.0,23300.0,23350.0,59925
202604071015,23300.0,23400.0,23250.0,23350.0,16506
202604071030,23350.0,23400.0,23250.0,23300.0,30857
202604071045,23250.0,23300.0,23100.0,23200.0,38230
202604071100,23100.0,23200.0,23050.0,23125.0,33678
202604071115,23125.0,23150.0,23050.0,23100.0,39947
202604071130,23100.0,23150.0,23050.0,23050.0,16905
202604071145,23100.0,23150.0,23050.0,23050.0,12494
202604071200,23075.0,23100.0,23050.0,23050.0,11718
202604071215,23100.0,23150.0,23050.0,23050.0,13082
202604071230,23050.0,23150.0,23050.0,23100.0,12452
202604071245,23050.0,23150.0,23050.0,23100.0,24627
202604071300,23100.0,23150.0,23000.0,23000.0,26616
202604071315,23000.0,23150.0,23000.0,23125.0,41186
202604071330,23100.0,23150.0,23050.0,23100.0,16179
202604071345,23075.0,23150.0,23050.0,23100.0,15569
202604071400,23100.0,23150.0,23050.0,23100.0,13748
202604071415,23050.0,23100.0,23050.0,23100.0,17451
202604071430,23050.0,23100.0,23000.0,23050.0,38959
202604071445,23050.0,23150.0,23050.0,23100.0,35789
202604071500,23100.0,23200.0,23000.0,23100.0,43835
202604071515,23100.0,23150.0,23050.0,23100.0,42773
202604080900,24750.0,24800.0,24400.0,24650.0,310060
202604080915,24600.0,24850.0,24600.0,24750.0,233199
202604080930,24750.0,24950.0,24600.0,24700.0,231644
202604080945,24650.0,24850.0,24600.0,24700.0,140272
202604081000,24650.0,24900.0,24650.0,24900.0,95297
202604081015,24900.0,24950.0,24850.0,24900.0,70000
202604081030,24900.0,25000.0,24900.0,24900.0,107129
202604081045,24950.0,24950.0,24700.0,24750.0,111734
202604081100,24750.0,24900.0,24750.0,24800.0,49230
202604081115,24800.0,24850.0,24700.0,24750.0,70994
202604081130,24750.0,24800.0,24700.0,24750.0,93916
202604081145,24700.0,24800.0,24700.0,24750.0,38546
202604081200,24750.0,24850.0,24750.0,24850.0,123004
202604081215,24800.0,24900.0,24750.0,24900.0,249938
202604081230,24900.0,24900.0,24800.0,24850.0,37257
202604081245,24850.0,24900.0,24800.0,24850.0,26559
202604081300,24850.0,25000.0,24850.0,24950.0,111094
202604081315,24950.0,25000.0,24900.0,24900.0,35048
202604081330,24900.0,25000.0,24900.0,24900.0,55797
202604081345,24950.0,25050.0,24900.0,25050.0,153013
202604081400,25000.0,25050.0,24850.0,24850.0,70580
202604081415,24850.0,25000.0,24850.0,24900.0,54290
202604081430,24950.0,25000.0,24850.0,24850.0,56607
202604081445,24900.0,25000.0,24850.0,25000.0,47707
202604081500,24950.0,25000.0,24900.0,24900.0,81082
202604081515,24900.0,24950.0,24900.0,24950.0,80725
202604090900,24600.0,24650.0,24200.0,24350.0,185935
202604090915,24400.0,24500.0,24300.0,24450.0,75443
202604090930,24400.0,24450.0,24250.0,24300.0,89367
202604090945,24250.0,24450.0,24250.0,24300.0,66384
202604091000,24300.0,24350.0,24200.0,24300.0,66822
202604091015,24300.0,24400.0,24250.0,24300.0,65897
202604091030,24300.0,24400.0,24250.0,24300.0,55949
202604091045,24350.0,24400.0,24250.0,24400.0,66008
202604091100,24350.0,24450.0,24300.0,24300.0,73403
202604091115,24300.0,24350.0,24300.0,24300.0,64700
202604091130,24300.0,24350.0,24250.0,24300.0,78685
202604091145,24250.0,24375.0,24250.0,24300.0,61435
202604091200,24325.0,24350.0,24250.0,24300.0,59158
202604091215,24300.0,24400.0,24300.0,24350.0,62936
202604091230,24375.0,24450.0,24300.0,24350.0,63655
202604091245,24350.0,24400.0,24300.0,24350.0,60377
202604091300,24350.0,24400.0,24300.0,24400.0,60290
202604091315,24400.0,24450.0,24300.0,24350.0,116817
202604091330,24350.0,24450.0,24300.0,24350.0,77235
202604091345,24350.0,24450.0,24350.0,24350.0,64428
202604091400,24350.0,24450.0,24300.0,24300.0,72953
202604091415,24300.0,24450.0,24300.0,24300.0,70429
202604091430,24300.0,24400.0,24300.0,24350.0,65420
202604091445,24400.0,24400.0,24250.0,24350.0,128353
202604091500,24350.0,24400.0,24250.0,24300.0,82035
202604091515,24300.0,24350.0,24250.0,24250.0,408560
202604100900,24600.0,24600.0,24400.0,24550.0,85491
202604100915,24600.0,24650.0,24400.0,24500.0,107509
202604100930,24500.0,24500.0,24400.0,24450.0,39546
202604100945,24400.0,24550.0,24400.0,24550.0,39639
202604101000,24500.0,24600.0,24500.0,24550.0,34658
202604101015,24500.0,24600.0,24500.0,24600.0,37432
202604101030,24550.0,24600.0,24500.0,24550.0,27784
202604101045,24550.0,24600.0,24500.0,24550.0,29991
202604101100,24550.0,24600.0,24500.0,24500.0,23938
202604101115,24550.0,24600.0,24500.0,24550.0,26866
202604101130,24550.0,24650.0,24550.0,24600.0,40326
202604101145,24600.0,24650.0,24550.0,24550.0,25346
202604101200,24600.0,24650.0,24550.0,24600.0,16620
202604101215,24600.0,24650.0,24600.0,24650.0,38480
202604101230,24650.0,24650.0,24600.0,24600.0,11866
202604101245,24600.0,24625.0,24550.0,24550.0,39468
202604101300,24550.0,24650.0,24550.0,24600.0,25464
202604101315,24650.0,24750.0,24600.0,24700.0,68934
202604101330,24725.0,24750.0,24650.0,24700.0,58491
202604101345,24700.0,24750.0,24675.0,24750.0,38631
202604101400,24750.0,24750.0,24650.0,24700.0,37989
202604101415,24700.0,24750.0,24650.0,24650.0,37025
202604101430,24700.0,24700.0,24650.0,24700.0,18924
202604101445,24700.0,24700.0,24650.0,24700.0,42909
202604101500,24650.0,24750.0,24650.0,24675.0,64218
202604101515,24650.0,24700.0,24650.0,24700.0,76269
202604130900,23900.0,24050.0,23850.0,23950.0,105600
202604130915,23950.0,24000.0,23850.0,23950.0,96763
202604130930,23950.0,24000.0,23900.0,23925.0,68998
202604130945,23925.0,23950.0,23850.0,23900.0,71410
202604131000,23950.0,24000.0,23900.0,23950.0,42982
202604131015,23950.0,24000.0,23900.0,23975.0,28608
202604131030,23975.0,24000.0,23900.0,23975.0,33741
202604131045,23975.0,24050.0,23950.0,24000.0,31087
202604131100,24000.0,24050.0,23950.0,23950.0,32271
202604131115,23975.0,24000.0,23900.0,23975.0,37113
202604131130,23975.0,24000.0,23900.0,23950.0,30988
202604131145,23950.0,24000.0,23900.0,23975.0,31975
202604131200,23975.0,24000.0,23900.0,23900.0,33257
202604131215,23900.0,23950.0,23850.0,23875.0,59038
202604131230,23850.0,23950.0,23850.0,23900.0,27862
202604131245,23950.0,24000.0,23900.0,23950.0,32338
202604131300,23950.0,24000.0,23850.0,23850.0,61337
202604131315,23875.0,23950.0,23850.0,23900.0,44252
202604131330,23900.0,23950.0,23800.0,23850.0,60128
202604131345,23850.0,23900.0,23800.0,23850.0,63447
202604131400,23850.0,23950.0,23850.0,23950.0,54808
202604131415,23900.0,24000.0,23850.0,23900.0,66017
202604131430,23950.0,24000.0,23900.0,23950.0,40604
202604131445,23950.0,24000.0,23950.0,24000.0,38628
202604131500,24000.0,24100.0,23950.0,24025.0,61005
202604131515,24000.0,24100.0,23950.0,23950.0,250504
202604140900,24550.0,24600.0,24300.0,24350.0,167558
202604140915,24300.0,24450.0,24200.0,24400.0,108872
202604140930,24350.0,24500.0,24250.0,24350.0,71980
202604140945,24350.0,24500.0,24300.0,24425.0,62980
202604141000,24400.0,24500.0,24350.0,24450.0,90312
202604141015,24450.0,24500.0,24300.0,24300.0,84028
202604141030,24300.0,24400.0,24300.0,24350.0,59394
202604141045,24400.0,24400.0,24300.0,24350.0,45401
202604141100,24350.0,24450.0,24300.0,24425.0,43810
202604141115,24450.0,24550.0,24400.0,24450.0,62143
202604141130,24450.0,24500.0,24400.0,24450.0,46526
202604141145,24450.0,24500.0,24350.0,24450.0,40097
202604141200,24400.0,24450.0,24350.0,24450.0,35054
202604141215,24400.0,24450.0,24350.0,24400.0,41880
202604141230,24400.0,24450.0,24350.0,24400.0,29286
202604141245,24350.0,24400.0,24300.0,24350.0,32072
202604141300,24350.0,24450.0,24350.0,24400.0,40373
202604141315,24400.0,24450.0,24400.0,24400.0,32738
202604141330,24450.0,24500.0,24350.0,24450.0,66858
202604141345,24500.0,24500.0,24350.0,24350.0,57095
202604141400,24400.0,24450.0,24300.0,24400.0,58472
202604141415,24425.0,24550.0,24350.0,24500.0,126178
202604141430,24500.0,24550.0,24400.0,24450.0,79188
202604141445,24450.0,24600.0,24425.0,24500.0,72686
202604141500,24525.0,24600.0,24500.0,24550.0,75381
202604141515,24550.0,24700.0,24550.0,24700.0,99357
202604150900,25250.0,25250.0,25050.0,25100.0,158558
202604150915,25150.0,25300.0,25100.0,25250.0,99059
202604150930,25250.0,25250.0,25100.0,25150.0,61603
202604150945,25100.0,25250.0,25050.0,25250.0,124876
202604151000,25250.0,25250.0,25100.0,25150.0,59824
202604151015,25200.0,25200.0,25100.0,25100.0,69795
202604151030,25100.0,25150.0,25000.0,25050.0,62905
202604151045,25050.0,25150.0,25050.0,25100.0,38102
202604151100,25150.0,25150.0,25100.0,25100.0,21656
202604151115,25100.0,25150.0,25050.0,25050.0,37617
202604151130,25050.0,25100.0,25000.0,25000.0,53251
202604151145,25000.0,25050.0,24800.0,24800.0,103407
202604151200,24800.0,24900.0,24800.0,24850.0,22284
202604151215,24850.0,24900.0,24800.0,24800.0,56130
202604151230,24825.0,24900.0,24800.0,24900.0,17459
202604151245,24850.0,24950.0,24850.0,24900.0,24158
202604151300,24950.0,24950.0,24750.0,24800.0,44656
202604151315,24750.0,24825.0,24700.0,24775.0,51589
202604151330,24750.0,24850.0,24700.0,24750.0,49094
202604151345,24750.0,24800.0,24700.0,24700.0,47426
202604151400,24750.0,24800.0,24700.0,24700.0,72568
202604151415,24700.0,24750.0,24600.0,24600.0,70351
202604151430,24600.0,24650.0,24550.0,24600.0,74551
202604151445,24600.0,24750.0,24500.0,24700.0,121563
202604151500,24700.0,24800.0,24700.0,24775.0,25441
202604151515,24750.0,24800.0,24750.0,24800.0,58069
202604160900,25250.0,25500.0,25000.0,25250.0,360641
202604160915,25200.0,25300.0,25150.0,25300.0,82105
202604160930,25300.0,25300.0,25200.0,25250.0,89476
202604160945,25200.0,25300.0,25200.0,25200.0,45112
202604161000,25200.0,25250.0,25050.0,25100.0,78451
202604161015,25050.0,25150.0,25050.0,25050.0,34191
202604161030,25050.0,25100.0,25000.0,25050.0,64018
202604161045,25050.0,25150.0,25050.0,25150.0,29721
202604161100,25125.0,25150.0,25100.0,25150.0,22831
202604161115,25100.0,25150.0,25100.0,25150.0,20600
202604161130,25100.0,25150.0,25050.0,25150.0,25733
202604161145,25150.0,25150.0,25050.0,25100.0,28606
202604161200,25100.0,25150.0,25050.0,25100.0,24778
202604161215,25100.0,25150.0,25050.0,25100.0,21916
202604161230,25150.0,25150.0,25100.0,25150.0,19373
202604161245,25150.0,25200.0,25100.0,25150.0,24852
202604161300,25150.0,25200.0,25100.0,25100.0,27940
202604161315,25100.0,25150.0,25050.0,25050.0,40625
202604161330,25050.0,25100.0,25000.0,25000.0,35496
202604161345,25000.0,25100.0,25000.0,25000.0,41350
202604161400,25000.0,25050.0,24950.0,25050.0,62922
202604161415,25000.0,25100.0,24950.0,25050.0,46515
202604161430,25050.0,25150.0,25000.0,25100.0,68741
202604161445,25100.0,25150.0,25000.0,25150.0,60557
202604161500,25100.0,25200.0,25050.0,25150.0,50669
202604161515,25150.0,25200.0,25150.0,25200.0,66477
202604170900,25075.0,25100.0,24850.0,24900.0,99767
202604170915,24850.0,25000.0,24850.0,24950.0,40894
202604170930,24950.0,24950.0,24850.0,24900.0,23102
202604170945,24900.0,24900.0,24800.0,24800.0,35495
202604171000,24800.0,25050.0,24750.0,24950.0,79399
202604171015,24975.0,25050.0,24875.0,24950.0,52190
202604171030,24950.0,25000.0,24900.0,24900.0,15855
202604171045,24900.0,24950.0,24900.0,24950.0,5516
202604171100,24900.0,25000.0,24900.0,24950.0,24272
202604171115,25000.0,25000.0,24950.0,24950.0,12816
202604171130,25000.0,25000.0,24950.0,24950.0,6313
202604171145,24950.0,25000.0,24900.0,24900.0,29742
202604171200,24950.0,25000.0,24900.0,24950.0,9642
202604171215,24925.0,24950.0,24900.0,24900.0,10002
202604171230,24900.0,24950.0,24900.0,24950.0,11052
202604171245,24900.0,24950.0,24900.0,24900.0,12496
202604171300,24900.0,25000.0,24900.0,24950.0,34395
202604171315,24950.0,25000.0,24900.0,24900.0,28053
202604171330,24900.0,25000.0,24900.0,24950.0,26958
202604171345,24950.0,25000.0,24950.0,24950.0,21674
202604171400,24950.0,25000.0,24950.0,24950.0,19152
202604171415,25000.0,25000.0,24950.0,24950.0,25621
202604171430,24950.0,25000.0,24950.0,24950.0,39084
202604171445,24950.0,25000.0,24950.0,24950.0,29013
202604171500,25000.0,25050.0,24950.0,25000.0,52100
202604171515,25000.0,25050.0,24950.0,25050.0,47200
202604200900,24950.0,25150.0,24900.0,25100.0,76205
202604200915,25100.0,25200.0,25100.0,25150.0,68103
202604200930,25150.0,25150.0,25050.0,25100.0,31414
202604200945,25100.0,25150.0,25050.0,25100.0,33001
202604201000,25150.0,25200.0,25100.0,25200.0,41616
202604201015,25175.0,25200.0,25100.0,25150.0,35408
202604201030,25100.0,25150.0,25050.0,25100.0,15467
202604201045,25050.0,25100.0,25000.0,25025.0,36515
202604201100,25050.0,25100.0,25000.0,25075.0,18967
202604201115,25050.0,25100.0,25000.0,25100.0,23489
202604201130,25050.0,25100.0,25050.0,25050.0,11539
202604201145,25050.0,25150.0,25050.0,25100.0,15729
202604201200,25100.0,25150.0,25100.0,25100.0,17970
202604201215,25100.0,25200.0,25100.0,25100.0,50636
202604201230,25100.0,25175.0,25050.0,25050.0,57171
202604201245,25050.0,25100.0,25050.0,25050.0,19531
202604201300,25050.0,25100.0,25000.0,25000.0,27702
202604201315,25000.0,25050.0,25000.0,25000.0,17072
202604201330,25025.0,25050.0,25000.0,25000.0,10855
202604201345,25000.0,25050.0,25000.0,25025.0,14184
202604201400,25025.0,25150.0,25000.0,25100.0,95379
202604201415,25100.0,25150.0,25050.0,25050.0,75472
202604201430,25100.0,25150.0,25050.0,25050.0,164188
202604201445,25100.0,25100.0,25050.0,25075.0,36242
202604201500,25075.0,25100.0,25050.0,25050.0,30728
202604201515,25050.0,25100.0,25050.0,25050.0,70729
202604210900,25350.0,25600.0,25300.0,25500.0,163922
202604210915,25500.0,25550.0,25350.0,25450.0,57858
202604210930,25400.0,25450.0,25350.0,25400.0,34923
202604210945,25375.0,25400.0,25250.0,25300.0,65875
202604211000,25300.0,25400.0,25300.0,25350.0,59535
202604211015,25350.0,25450.0,25300.0,25400.0,38376
202604211030,25450.0,25450.0,25300.0,25350.0,41127
202604211045,25350.0,25400.0,25300.0,25350.0,35345
202604211100,25300.0,25400.0,25300.0,25400.0,12423
202604211115,25400.0,25550.0,25350.0,25500.0,100607
202604211130,25500.0,25550.0,25500.0,25500.0,16603
202604211145,25500.0,25550.0,25450.0,25500.0,23718
202604211200,25500.0,25550.0,25450.0,25500.0,24139
202604211215,25500.0,25550.0,25450.0,25500.0,12426
202604211230,25450.0,25500.0,25400.0,25450.0,47362
202604211245,25450.0,25500.0,25450.0,25450.0,13974
202604211300,25500.0,25775.0,25450.0,25650.0,220705
202604211315,25650.0,25700.0,25600.0,25625.0,59975
202604211330,25650.0,25700.0,25550.0,25600.0,57168
202604211345,25600.0,25650.0,25600.0,25600.0,11886
202604211400,25650.0,25650.0,25550.0,25600.0,34419
202604211415,25550.0,25600.0,25500.0,25525.0,53156
202604211430,25550.0,25600.0,25500.0,25500.0,37553
202604211445,25500.0,25600.0,25500.0,25550.0,51378
202604211500,25550.0,25600.0,25500.0,25550.0,75060
202604211515,25550.0,25600.0,25500.0,25600.0,83113
202604220900,25250.0,25250.0,25050.0,25150.0,76827
202604220915,25150.0,25150.0,25050.0,25150.0,69899
202604220930,25150.0,25150.0,25050.0,25075.0,43261
202604220945,25075.0,25100.0,25000.0,25025.0,62365
202604221000,25050.0,25100.0,25000.0,25050.0,40199
202604221015,25050.0,25100.0,25000.0,25050.0,58758
202604221030,25050.0,25050.0,25000.0,25000.0,25348
202604221045,25050.0,25100.0,25000.0,25050.0,33626
202604221100,25000.0,25100.0,25000.0,25050.0,28099
202604221115,25100.0,25150.0,25050.0,25100.0,33201
202604221130,25150.0,25150.0,25050.0,25100.0,18869
202604221145,25050.0,25150.0,25050.0,25050.0,25004
202604221200,25050.0,25125.0,25050.0,25050.0,22764
202604221215,25050.0,25150.0,25050.0,25100.0,15953
202604221230,25100.0,25150.0,25100.0,25100.0,26413
202604221245,25100.0,25200.0,25100.0,25100.0,26829
202604221300,25100.0,25200.0,25100.0,25150.0,13516
202604221315,25150.0,25200.0,25150.0,25200.0,13045
202604221330,25150.0,25200.0,25150.0,25150.0,24070
202604221345,25175.0,25200.0,25100.0,25100.0,39175
202604221400,25100.0,25150.0,25100.0,25100.0,25817
202604221415,25100.0,25250.0,25100.0,25250.0,53836
202604221430,25250.0,25250.0,25150.0,25150.0,29323
202604221445,25150.0,25250.0,25150.0,25200.0,33560
202604221500,25200.0,25250.0,25200.0,25200.0,34910
202604221515,25200.0,25250.0,25200.0,25200.0,64050
202604230900,25300.0,25300.0,24800.0,24850.0,311568
202604230915,24825.0,25000.0,24750.0,24950.0,91762
202604230930,24950.0,25000.0,24900.0,24950.0,37292
202604230945,24900.0,24950.0,24900.0,24900.0,54154
202604231000,24900.0,24950.0,24850.0,24850.0,60974
202604231015,24850.0,24900.0,24800.0,24850.0,62867
202604231030,24825.0,24850.0,24800.0,24800.0,45635
202604231045,24850.0,24850.0,24750.0,24800.0,67394
202604231100,24750.0,24800.0,24750.0,24750.0,60083
202604231115,24800.0,24800.0,24700.0,24700.0,42425
202604231130,24700.0,24750.0,24700.0,24700.0,48967
202604231145,24725.0,24750.0,24650.0,24650.0,42752
202604231200,24650.0,24700.0,24500.0,24550.0,118393
202604231215,24500.0,24550.0,24500.0,24550.0,33817
202604231230,24500.0,24550.0,24450.0,24500.0,74699
202604231245,24450.0,24600.0,24450.0,24600.0,45768
202604231300,24575.0,24650.0,24550.0,24600.0,24389
202604231315,24650.0,24650.0,24550.0,24550.0,22143
202604231330,24600.0,24600.0,24550.0,24550.0,15330
202604231345,24600.0,24650.0,24550.0,24600.0,64206
202604231400,24650.0,24650.0,24600.0,24600.0,35984
202604231415,24600.0,24700.0,24600.0,24675.0,26482
202604231430,24675.0,24700.0,24650.0,24650.0,18969
202604231445,24650.0,24750.0,24650.0,24725.0,38899
202604231500,24725.0,24750.0,24700.0,24700.0,21662
202604231515,24750.0,24800.0,24700.0,24800.0,53977
202604240900,24750.0,24750.0,24600.0,24650.0,50381
202604240915,24700.0,24700.0,24600.0,24700.0,47996
202604240930,24650.0,24800.0,24650.0,24700.0,45855
202604240945,24750.0,24800.0,24700.0,24800.0,13001
202604241000,24800.0,24850.0,24750.0,24850.0,33726
202604241015,24850.0,24950.0,24800.0,24925.0,38270
202604241030,24950.0,24950.0,24850.0,24900.0,27539
202604241045,24900.0,25000.0,24850.0,24975.0,55871
202604241100,25000.0,25000.0,24850.0,24900.0,34332
202604241115,24900.0,24900.0,24750.0,24750.0,40157
202604241130,24750.0,24800.0,24750.0,24800.0,18546
202604241145,24800.0,24800.0,24700.0,24750.0,14833
202604241200,24750.0,24750.0,24700.0,24750.0,17675
202604241215,24750.0,24750.0,24700.0,24700.0,16727
202604241230,24750.0,24800.0,24700.0,24750.0,33492
202604241245,24750.0,24800.0,24700.0,24750.0,33439
202604241300,24750.0,24800.0,24650.0,24700.0,76672
202604241315,24700.0,24800.0,24700.0,24700.0,45043
202604241330,24700.0,24750.0,24700.0,24700.0,20466
202604241345,24750.0,24750.0,24700.0,24750.0,20825
202604241400,24700.0,24850.0,24700.0,24800.0,32114
202604241415,24800.0,24900.0,24750.0,24800.0,45622
202604241430,24800.0,24900.0,24800.0,24825.0,34063
202604241445,24825.0,24900.0,24800.0,24900.0,38437
202604241500,24850.0,24900.0,24800.0,24900.0,46097
202604241515,24900.0,24900.0,24850.0,24850.0,56076
202604270900,24850.0,24850.0,24600.0,24700.0,75267
202604270915,24650.0,24700.0,24550.0,24600.0,71843
202604270930,24600.0,24650.0,24550.0,24650.0,28269
202604270945,24650.0,24700.0,24600.0,24700.0,36383
202604271000,24650.0,24750.0,24600.0,24650.0,46718
202604271015,24650.0,24650.0,24600.0,24600.0,22085
202604271030,24600.0,24700.0,24600.0,24700.0,23778
202604271045,24700.0,24700.0,24650.0,24650.0,11441
202604271100,24650.0,24700.0,24600.0,24625.0,26015
202604271115,24650.0,24650.0,24550.0,24575.0,66992
202604271130,24600.0,24600.0,24550.0,24550.0,25863
202604271145,24600.0,24650.0,24550.0,24650.0,29175
202604271200,24600.0,24700.0,24600.0,24625.0,16461
202604271215,24625.0,24650.0,24600.0,24650.0,16724
202604271230,24650.0,24700.0,24600.0,24700.0,11638
202604271245,24700.0,24700.0,24600.0,24650.0,43174
202604271300,24600.0,24650.0,24600.0,24650.0,23044
202604271315,24600.0,24650.0,24600.0,24600.0,34945
202604271330,24600.0,24650.0,24600.0,24650.0,48975
202604271345,24600.0,24650.0,24550.0,24550.0,49539
202604271400,24600.0,24600.0,24550.0,24550.0,54159
202604271415,24550.0,24600.0,24550.0,24550.0,17730
202604271430,24550.0,24600.0,24550.0,24550.0,26135
202604271445,24550.0,24600.0,24550.0,24600.0,52579
202604271500,24550.0,24600.0,24550.0,24550.0,36762
202604271515,24550.0,24600.0,24550.0,24550.0,61754
202604280900,24450.0,24550.0,24350.0,24450.0,68601
202604280915,24450.0,24500.0,24400.0,24450.0,39967
202604280930,24425.0,24500.0,24400.0,24450.0,35225
202604280945,24450.0,24500.0,24350.0,24450.0,75402
202604281000,24400.0,24500.0,24400.0,24400.0,32886
202604281015,24400.0,24500.0,24400.0,24500.0,28623
202604281030,24450.0,24500.0,24400.0,24450.0,38613
202604281045,24450.0,24500.0,24400.0,24450.0,29211
202604281100,24425.0,24450.0,24400.0,24400.0,12226
202604281115,24400.0,24450.0,24400.0,24450.0,16146
202604281130,24450.0,24450.0,24400.0,24400.0,9393
202604281145,24400.0,24450.0,24350.0,24350.0,43211
202604281200,24350.0,24400.0,24350.0,24350.0,19616
202604281215,24400.0,24450.0,24350.0,24400.0,21241
202604281230,24400.0,24450.0,24400.0,24400.0,9820
202604281245,24400.0,24450.0,24400.0,24450.0,17732
202604281300,24400.0,24450.0,24400.0,24400.0,9575
202604281315,24400.0,24450.0,24400.0,24400.0,15087
202604281330,24400.0,24450.0,24350.0,24400.0,34464
202604281345,24400.0,24450.0,24350.0,24350.0,22506
202604281400,24350.0,24400.0,24300.0,24350.0,83170
202604281415,24350.0,24400.0,24300.0,24300.0,109983
202604281430,24300.0,24350.0,24250.0,24250.0,99397
202604281445,24250.0,24350.0,24200.0,24300.0,89817
202604281500,24250.0,24350.0,24250.0,24250.0,23723
202604281515,24250.0,24350.0,24250.0,24350.0,53698
202604290900,24500.0,24700.0,24500.0,24650.0,111707
202604290915,24625.0,24650.0,24500.0,24600.0,48647
202604290930,24600.0,24600.0,24550.0,24575.0,16327
202604290945,24600.0,24600.0,24550.0,24600.0,16817
202604291000,24600.0,24600.0,24500.0,24550.0,45447
202604291015,24500.0,24550.0,24450.0,24450.0,19392
202604291030,24500.0,24600.0,24450.0,24600.0,41819
202604291045,24600.0,24600.0,24550.0,24600.0,20909
202604291100,24600.0,24700.0,24550.0,24650.0,50439
202604291115,24650.0,24700.0,24650.0,24700.0,14232
202604291130,24675.0,24825.0,24650.0,24750.0,84057
202604291145,24750.0,24850.0,24700.0,24850.0,44265
202604291200,24850.0,25000.0,24800.0,24950.0,149685
202604291215,25000.0,25000.0,24850.0,24900.0,49617
202604291230,24900.0,24950.0,24850.0,24950.0,22739
202604291245,24900.0,24950.0,24900.0,24900.0,12972
202604291300,24900.0,25150.0,24900.0,25150.0,192788
202604291315,25125.0,25275.0,25100.0,25150.0,114107
202604291330,25150.0,25200.0,25100.0,25150.0,44116
202604291345,25100.0,25150.0,25000.0,25000.0,59391
202604291400,25050.0,25100.0,25000.0,25050.0,49276
202604291415,25100.0,25100.0,25000.0,25100.0,35010
202604291430,25100.0,25100.0,24950.0,24950.0,77602
202604291445,24950.0,25050.0,24950.0,25000.0,38171
202604291500,25000.0,25050.0,25000.0,25000.0,40403
202604291515,25050.0,25100.0,25000.0,25100.0,86418
202604300900,24850.0,24850.0,24650.0,24700.0,101204
202604300915,24700.0,24750.0,24550.0,24600.0,110447
202604300930,24600.0,24700.0,24600.0,24600.0,32263
202604300945,24650.0,24650.0,24600.0,24650.0,42135
202604301000,24650.0,24650.0,24500.0,24600.0,97131
202604301015,24600.0,24600.0,24500.0,24550.0,51085
202604301030,24550.0,24600.0,24500.0,24600.0,56099
202604301045,24600.0,24600.0,24500.0,24550.0,38331
202604301100,24550.0,24550.0,24500.0,24500.0,59507
202604301115,24500.0,24600.0,24450.0,24450.0,77212
202604301130,24450.0,24550.0,24450.0,24450.0,59660
202604301145,24500.0,24500.0,24400.0,24500.0,70108
202604301200,24500.0,24550.0,24450.0,24450.0,43392
202604301215,24500.0,24550.0,24450.0,24500.0,48175
202604301230,24500.0,24550.0,24450.0,24550.0,50104
202604301245,24550.0,24600.0,24500.0,24500.0,46755
202604301300,24525.0,24550.0,24450.0,24500.0,45996
202604301315,24500.0,24500.0,24400.0,24450.0,65345
202604301330,24400.0,24450.0,24350.0,24450.0,98902
202604301345,24400.0,24500.0,24400.0,24450.0,55390
202604301400,24400.0,24450.0,24350.0,24400.0,65991
202604301415,24350.0,24450.0,24350.0,24400.0,64530
202604301430,24400.0,24450.0,24350.0,24400.0,60560
202604301445,24450.0,24450.0,24350.0,24450.0,56939
202604301500,24450.0,24450.0,24350.0,24450.0,65844
202604301515,24400.0,24550.0,24400.0,24550.0,132329
202605040900,24900.0,24950.0,24750.0,24750.0,63588
202605040915,24750.0,24800.0,24700.0,24750.0,46509
202605040930,24750.0,24750.0,24600.0,24600.0,104280
202605040945,24600.0,24700.0,24600.0,24700.0,64803
202605041000,24650.0,24700.0,24600.0,24650.0,54147
202605041015,24600.0,24650.0,24550.0,24600.0,57812
202605041030,24550.0,24650.0,24500.0,24600.0,77605
202605041045,24600.0,24650.0,24550.0,24550.0,35499
202605041100,24600.0,24600.0,24550.0,24550.0,36239
202605041115,24600.0,24650.0,24550.0,24650.0,24914
202605041130,24600.0,24650.0,24600.0,24600.0,23216
202605041145,24600.0,24650.0,24550.0,24550.0,49364
202605041200,24550.0,24600.0,24500.0,24550.0,43331
202605041215,24550.0,24600.0,24500.0,24550.0,52033
202605041230,24525.0,24600.0,24500.0,24500.0,25054
202605041245,24500.0,24550.0,24500.0,24500.0,20824
202605041300,24525.0,24550.0,24500.0,24500.0,28581
202605041315,24500.0,24550.0,24450.0,24500.0,96364
202605041330,24500.0,24550.0,24450.0,24500.0,33006
202605041345,24500.0,24550.0,24500.0,24500.0,28336
202605041400,24550.0,24550.0,24500.0,24500.0,25877
202605041415,24500.0,24550.0,24450.0,24450.0,59321
202605041430,24450.0,24500.0,24450.0,24450.0,34345
202605041445,24450.0,24500.0,24450.0,24450.0,67895
202605041500,24450.0,24550.0,24400.0,24475.0,84117
202605041515,24475.0,24500.0,24450.0,24500.0,58689
202605060900,24550.0,24600.0,24350.0,24450.0,150829
202605060915,24450.0,24650.0,24450.0,24550.0,89026
202605060930,24550.0,24700.0,24500.0,24650.0,93263
202605060945,24600.0,24700.0,24600.0,24650.0,47638
202605061000,24600.0,24650.0,24500.0,24500.0,91778
202605061015,24500.0,24600.0,24500.0,24500.0,49610
202605061030,24500.0,24600.0,24500.0,24575.0,47018
202605061045,24550.0,24600.0,24550.0,24550.0,25383
202605061100,24550.0,24650.0,24500.0,24550.0,126035
202605061115,24600.0,24650.0,24550.0,24550.0,49300
202605061130,24550.0,24650.0,24550.0,24600.0,80659
202605061145,24600.0,24650.0,24600.0,24650.0,19379
202605061200,24600.0,24650.0,24550.0,24600.0,40273
202605061215,24625.0,24650.0,24600.0,24600.0,23305
202605061230,24600.0,24650.0,24550.0,24650.0,41130
202605061245,24600.0,24650.0,24550.0,24550.0,25080
202605061300,24550.0,24650.0,24550.0,24600.0,47218
202605061315,24600.0,24650.0,24600.0,24600.0,45877
202605061330,24600.0,24700.0,24600.0,24600.0,38816
202605061345,24625.0,24650.0,24600.0,24600.0,64039
202605061400,24600.0,24650.0,24550.0,24550.0,69188
202605061415,24550.0,24650.0,24550.0,24600.0,47037
202605061430,24650.0,24650.0,24600.0,24600.0,36886
202605061445,24600.0,24700.0,24600.0,24600.0,70622
202605061500,24600.0,24650.0,24550.0,24600.0,69657
202605061515,24600.0,24700.0,24550.0,24550.0,160793
202605070900,25500.0,25900.0,25450.0,25750.0,542479
202605070915,25800.0,25800.0,25300.0,25350.0,296861
202605070930,25400.0,25900.0,25300.0,25850.0,386296
202605070945,25850.0,26200.0,25750.0,26000.0,609277
202605071000,26050.0,26300.0,25850.0,26200.0,412432
202605071015,26150.0,26150.0,26000.0,26150.0,141464
202605071030,26125.0,26250.0,26000.0,26250.0,210924
202605071045,26200.0,26600.0,26200.0,26600.0,479143
202605071100,26550.0,26600.0,26300.0,26500.0,267484
202605071115,26550.0,26800.0,26500.0,26800.0,255203
202605071130,26800.0,27250.0,26750.0,27050.0,543071
202605071145,27100.0,27100.0,26650.0,26700.0,319512
202605071200,26650.0,26750.0,26550.0,26600.0,195555
202605071215,26650.0,26650.0,26450.0,26600.0,162209
202605071230,26600.0,26650.0,26450.0,26450.0,116799
202605071245,26450.0,26500.0,26300.0,26350.0,156255
202605071300,26350.0,26450.0,26300.0,26400.0,96253
202605071315,26400.0,26500.0,26250.0,26300.0,108514
202605071330,26300.0,26400.0,26200.0,26300.0,85099
202605071345,26300.0,26350.0,26100.0,26250.0,123652
202605071400,26200.0,26300.0,26050.0,26300.0,110247
202605071415,26300.0,26300.0,26100.0,26150.0,107173
202605071430,26150.0,26350.0,26050.0,26300.0,137138
202605071445,26275.0,26350.0,26250.0,26300.0,79313
202605071500,26250.0,26400.0,26250.0,26350.0,123627
202605071515,26300.0,26400.0,26300.0,26350.0,152406
202605080900,25850.0,26600.0,25800.0,26600.0,350697
202605080915,26600.0,26750.0,26400.0,26700.0,191220
202605080930,26650.0,27050.0,26650.0,26750.0,376613
202605080945,26700.0,26750.0,26350.0,26600.0,208224
202605081000,26600.0,26750.0,26500.0,26700.0,121248
202605081015,26700.0,26750.0,26550.0,26600.0,76138
202605081030,26600.0,26800.0,26550.0,26750.0,112163
202605081045,26725.0,26800.0,26550.0,26550.0,125549
202605081100,26600.0,26650.0,26450.0,26500.0,66442
202605081115,26500.0,26700.0,26400.0,26650.0,71709
202605081130,26700.0,26900.0,26650.0,26850.0,171860
202605081145,26850.0,27200.0,26850.0,27150.0,264344
202605081200,27100.0,27150.0,27000.0,27050.0,75668
202605081215,27100.0,27300.0,27000.0,27250.0,140809
202605081230,27300.0,27350.0,27100.0,27100.0,115953
202605081245,27125.0,27150.0,26950.0,27000.0,72504
202605081300,27000.0,27100.0,26950.0,27000.0,49737
202605081315,26950.0,27000.0,26800.0,26900.0,71830
202605081330,26850.0,26900.0,26800.0,26800.0,38956
202605081345,26800.0,27000.0,26800.0,26950.0,57394
202605081400,27000.0,27000.0,26800.0,26900.0,68886
202605081415,26850.0,26900.0,26650.0,26700.0,86555
202605081430,26700.0,26850.0,26650.0,26850.0,66026
202605081445,26850.0,27150.0,26800.0,27000.0,278410
202605081500,27000.0,27050.0,26900.0,26950.0,112601
202605081515,26950.0,27050.0,26900.0,27050.0,120985
202605110900,26200.0,26200.0,25800.0,26000.0,239666
202605110915,26000.0,26150.0,25900.0,26000.0,140860
202605110930,26000.0,26100.0,25950.0,26000.0,76651
202605110945,25950.0,26150.0,25900.0,25925.0,116750
202605111000,25950.0,26150.0,25900.0,26150.0,59172
202605111015,26100.0,26225.0,26000.0,26000.0,101012
202605111030,26050.0,26050.0,25900.0,25950.0,66543
202605111045,25950.0,26000.0,25850.0,25850.0,48628
202605111100,25900.0,25950.0,25850.0,25900.0,45655
202605111115,25925.0,26000.0,25850.0,25925.0,32501
202605111130,25950.0,26000.0,25850.0,25850.0,33157
202605111145,25850.0,25950.0,25850.0,25900.0,41686
202605111200,25900.0,25950.0,25800.0,25850.0,101435
202605111215,25900.0,25950.0,25800.0,25900.0,38238
202605111230,25850.0,25900.0,25850.0,25900.0,31607
202605111245,25850.0,25950.0,25850.0,25900.0,20652
202605111300,25900.0,25950.0,25900.0,25900.0,28768
202605111315,25950.0,25950.0,25850.0,25850.0,28817
202605111330,25900.0,25950.0,25850.0,25850.0,49882
202605111345,25850.0,25950.0,25850.0,25900.0,39035
202605111400,25950.0,25950.0,25800.0,25850.0,82420
202605111415,25850.0,25900.0,25800.0,25800.0,41580
202605111430,25825.0,25850.0,25600.0,25600.0,189894
202605111445,25600.0,25700.0,25550.0,25650.0,79886
202605111500,25650.0,25700.0,25600.0,25650.0,34799
202605111515,25650.0,25750.0,25650.0,25750.0,102822
202605120900,25600.0,25600.0,25300.0,25350.0,123974
202605120915,25300.0,25400.0,25250.0,25350.0,121180
202605120930,25350.0,25500.0,25250.0,25300.0,103929
202605120945,25300.0,25350.0,25200.0,25300.0,108173
202605121000,25300.0,25400.0,25150.0,25200.0,69356
202605121015,25150.0,25200.0,25000.0,25000.0,189758
202605121030,25050.0,25050.0,24400.0,24700.0,470587
202605121045,24750.0,24800.0,24600.0,24700.0,115593
202605121100,24650.0,25050.0,24650.0,24900.0,84074
202605121115,24950.0,25150.0,24900.0,25050.0,42654
202605121130,25050.0,25100.0,24950.0,25000.0,33204
202605121145,25000.0,25150.0,25000.0,25050.0,21166
202605121200,25050.0,25100.0,24900.0,24975.0,52877
202605121215,24975.0,25000.0,24850.0,24950.0,38058
202605121230,24950.0,25000.0,24900.0,24950.0,16658
202605121245,24900.0,24950.0,24850.0,24850.0,25003
202605121300,24850.0,25000.0,24800.0,24850.0,33603
202605121315,24850.0,24900.0,24800.0,24800.0,25348
202605121330,24800.0,24850.0,24700.0,24750.0,54516
202605121345,24750.0,24800.0,24700.0,24800.0,39233
202605121400,24750.0,24850.0,24700.0,24700.0,70808
202605121415,24750.0,24800.0,24650.0,24700.0,57677
202605121430,24700.0,24750.0,24650.0,24650.0,67470
202605121445,24650.0,24850.0,24650.0,24850.0,37204
202605121500,24825.0,24950.0,24750.0,24950.0,45307
202605121515,24900.0,24950.0,24850.0,24850.0,126099
202605130900,24800.0,25300.0,24650.0,25000.0,147648
202605130915,25000.0,25100.0,24850.0,24900.0,77529
202605130930,24900.0,25050.0,24800.0,24950.0,78914
202605130945,24900.0,24950.0,24750.0,24800.0,68564
202605131000,24800.0,25100.0,24750.0,25100.0,39255
202605131015,25100.0,25250.0,25000.0,25250.0,91422
202605131030,25225.0,25450.0,25100.0,25350.0,136099
202605131045,25300.0,25450.0,25250.0,25450.0,87330
202605131100,25450.0,25600.0,25400.0,25550.0,60371
202605131115,25575.0,25900.0,25550.0,25800.0,204607
202605131130,25800.0,25850.0,25700.0,25750.0,71767
202605131145,25750.0,25800.0,25600.0,25700.0,49551
202605131200,25700.0,25750.0,25550.0,25600.0,27653
202605131215,25600.0,25700.0,25550.0,25600.0,28456
202605131230,25650.0,25650.0,25550.0,25600.0,23385
202605131245,25600.0,25650.0,25550.0,25600.0,23532
202605131300,25650.0,25650.0,25400.0,25450.0,53020
202605131315,25450.0,25500.0,25300.0,25350.0,35221
202605131330,25400.0,25450.0,25350.0,25350.0,37011
202605131345,25350.0,25450.0,25300.0,25450.0,37142
202605131400,25400.0,25450.0,25350.0,25450.0,36948
202605131415,25450.0,25475.0,25350.0,25450.0,44906
202605131430,25400.0,25600.0,25400.0,25500.0,63184
202605131445,25500.0,25750.0,25500.0,25650.0,101150
202605131500,25700.0,25850.0,25700.0,25850.0,66155
202605131515,25825.0,25850.0,25700.0,25750.0,97237
202605140900,26100.0,26100.0,25550.0,25900.0,271279
202605140915,25850.0,25950.0,25700.0,25825.0,105413
202605140930,25850.0,26150.0,25800.0,26100.0,91352
202605140945,26100.0,26450.0,26050.0,26350.0,104378
202605141000,26350.0,26550.0,26300.0,26450.0,138438
202605141015,26450.0,26450.0,26100.0,26300.0,86218
202605141030,26300.0,26400.0,26300.0,26350.0,54153
202605141045,26350.0,26350.0,26150.0,26150.0,74956
202605141100,26100.0,26300.0,26100.0,26250.0,90405
202605141115,26300.0,26300.0,26150.0,26200.0,45789
202605141130,26200.0,26350.0,26200.0,26250.0,42316
202605141145,26300.0,26350.0,26150.0,26200.0,33297
202605141200,26150.0,26300.0,26150.0,26250.0,22962
202605141215,26250.0,26300.0,26200.0,26300.0,23704
202605141230,26250.0,26300.0,26250.0,26250.0,18729
202605141245,26300.0,26300.0,26250.0,26300.0,24363
202605141300,26250.0,26450.0,26200.0,26450.0,120804
202605141315,26400.0,26450.0,26350.0,26350.0,37177
202605141330,26400.0,26450.0,26350.0,26350.0,80387
202605141345,26400.0,26450.0,26350.0,26350.0,28246
202605141400,26350.0,26450.0,26250.0,26300.0,61719
202605141415,26300.0,26700.0,26200.0,26650.0,227544
202605141430,26650.0,27000.0,26650.0,26950.0,305119
202605141445,26950.0,26950.0,26850.0,26950.0,135950
202605141500,26950.0,27275.0,26900.0,27100.0,396640
202605141515,27150.0,27300.0,27100.0,27300.0,398554
202605150900,26700.0,27100.0,26550.0,26850.0,251267
202605150915,26800.0,26900.0,26700.0,26900.0,136396
202605150930,26900.0,26950.0,26450.0,26550.0,186067
202605150945,26550.0,26550.0,26350.0,26450.0,113949
202605151000,26400.0,26600.0,26400.0,26475.0,123636
202605151015,26475.0,26550.0,26250.0,26250.0,78991
202605151030,26250.0,26450.0,26250.0,26350.0,64570
202605151045,26375.0,26400.0,26050.0,26100.0,114400
202605151100,26125.0,26200.0,25900.0,26000.0,171072
202605151115,26100.0,26150.0,25900.0,26000.0,92930
202605151130,26000.0,26225.0,25950.0,26200.0,33008
202605151145,26200.0,26300.0,26100.0,26200.0,48575
202605151200,26200.0,26250.0,26150.0,26200.0,30246
202605151215,26200.0,26200.0,26100.0,26200.0,32714
202605151230,26150.0,26500.0,26100.0,26500.0,56573
202605151245,26475.0,26550.0,26400.0,26450.0,37908
202605151300,26450.0,26550.0,26350.0,26425.0,36422
202605151315,26425.0,26450.0,26200.0,26350.0,62976
202605151330,26350.0,26350.0,26150.0,26200.0,45814
202605151345,26200.0,26200.0,26000.0,26025.0,46916
202605151400,26000.0,26200.0,26000.0,26150.0,37270
202605151415,26150.0,26200.0,26050.0,26100.0,58008
202605151430,26100.0,26100.0,25900.0,26000.0,112807
202605151445,25975.0,26000.0,25700.0,25750.0,146940
202605151500,25750.0,26000.0,25650.0,26000.0,89440
202605151515,26000.0,26050.0,25950.0,26050.0,74777
202605180900,25775.0,25775.0,24900.0,24900.0,194511
202605180915,24900.0,25150.0,24750.0,25050.0,138590
202605180930,25050.0,25100.0,24850.0,24900.0,97056
202605180945,24900.0,25300.0,24850.0,25200.0,109448
202605181000,25250.0,25450.0,25150.0,25300.0,70966
202605181015,25300.0,25350.0,25000.0,25350.0,56415
202605181030,25300.0,25500.0,25200.0,25500.0,40280
202605181045,25500.0,25600.0,25400.0,25450.0,45339
202605181100,25450.0,25550.0,25400.0,25500.0,16058
202605181115,25500.0,25550.0,25450.0,25550.0,24081
202605181130,25450.0,25550.0,25400.0,25500.0,26107
202605181145,25475.0,25550.0,25350.0,25450.0,23639
202605181200,25450.0,25500.0,25400.0,25450.0,10847
202605181215,25450.0,25550.0,25400.0,25500.0,13958
202605181230,25550.0,25600.0,25450.0,25600.0,16070
202605181245,25550.0,25650.0,25500.0,25550.0,19490
202605181300,25550.0,25650.0,25550.0,25650.0,31963
202605181315,25600.0,25700.0,25400.0,25500.0,31120
202605181330,25500.0,25650.0,25400.0,25650.0,24529
202605181345,25650.0,25650.0,25500.0,25550.0,17962
202605181400,25550.0,25600.0,25400.0,25450.0,44513
202605181415,25450.0,25500.0,25300.0,25500.0,45898
202605181430,25500.0,25600.0,25450.0,25550.0,29739
202605181445,25550.0,25600.0,25500.0,25550.0,21614
202605181500,25500.0,25550.0,25450.0,25500.0,23571
202605181515,25500.0,25550.0,25500.0,25550.0,49856
202605190900,25750.0,26200.0,25500.0,25850.0,155621
202605190915,25900.0,26450.0,25800.0,26300.0,202975
202605190930,26300.0,26300.0,26050.0,26150.0,76616
202605190945,26100.0,26150.0,25750.0,25800.0,72313
202605191000,25750.0,25800.0,25550.0,25600.0,106255
202605191015,25650.0,25650.0,25350.0,25450.0,153555
202605191030,25450.0,25600.0,25350.0,25350.0,87452
202605191045,25350.0,25400.0,25100.0,25200.0,96549
202605191100,25150.0,25300.0,25150.0,25200.0,56583
202605191115,25200.0,25400.0,25150.0,25350.0,61017
202605191130,25350.0,25500.0,25300.0,25500.0,32713
202605191145,25450.0,25500.0,25300.0,25350.0,31765
202605191200,25300.0,25500.0,25300.0,25450.0,46850
202605191215,25450.0,25750.0,25450.0,25700.0,58454
202605191230,25750.0,25800.0,25600.0,25650.0,46327
202605191245,25650.0,25800.0,25600.0,25800.0,29368
202605191300,25750.0,25800.0,25650.0,25800.0,58712
202605191315,25750.0,25750.0,25650.0,25750.0,51349
202605191330,25700.0,25850.0,25600.0,25625.0,57618
202605191345,25650.0,25700.0,25500.0,25650.0,52404
202605191400,25650.0,25750.0,25550.0,25650.0,37816
202605191415,25650.0,25700.0,25550.0,25650.0,39808
202605191430,25700.0,25900.0,25650.0,25800.0,60732
202605191445,25800.0,25900.0,25750.0,25750.0,91061
202605191500,25750.0,25750.0,25600.0,25650.0,51680
202605191515,25650.0,25800.0,25600.0,25800.0,126856
202605200900,25550.0,25600.0,24750.0,24800.0,228799
202605200915,24775.0,25100.0,24700.0,25050.0,134131
202605200930,25050.0,25100.0,24750.0,24850.0,104416
202605200945,24850.0,25000.0,24750.0,24900.0,84608
202605201000,24850.0,25150.0,24850.0,25050.0,75298
202605201015,25100.0,25100.0,24800.0,24850.0,59863
202605201030,24850.0,24900.0,24750.0,24900.0,57748
202605201045,24900.0,25100.0,24850.0,25000.0,39062
202605201100,25050.0,25100.0,24850.0,25050.0,35616
202605201115,25050.0,25050.0,24900.0,24950.0,46598
202605201130,24950.0,24950.0,24800.0,24900.0,89850
202605201145,24850.0,24900.0,24800.0,24850.0,40036
202605201200,24800.0,24900.0,24800.0,24850.0,33589
202605201215,24850.0,24850.0,24750.0,24850.0,27680
202605201230,24800.0,25000.0,24800.0,24850.0,30835
202605201245,24850.0,24950.0,24850.0,24950.0,11814
202605201300,24900.0,25100.0,24900.0,25100.0,32072
202605201315,25050.0,25200.0,25050.0,25100.0,35404
202605201330,25100.0,25100.0,24950.0,25000.0,19761
202605201345,25000.0,25000.0,24800.0,24900.0,43253
202605201400,24875.0,25050.0,24850.0,24850.0,26538
202605201415,24850.0,24950.0,24850.0,24900.0,16477
202605201430,24900.0,24950.0,24800.0,24800.0,43749
202605201445,24800.0,24850.0,24750.0,24750.0,90248
202605201500,24750.0,24850.0,24750.0,24800.0,61495
202605201515,24800.0,24850.0,24750.0,24800.0,90497
202605210900,26050.0,26600.0,26000.0,26450.0,440327
202605210915,26450.0,26450.0,26150.0,26300.0,149773
202605210930,26350.0,26400.0,26150.0,26250.0,79491
202605210945,26300.0,26500.0,26300.0,26425.0,150063
202605211000,26400.0,26450.0,26300.0,26350.0,77003
202605211015,26400.0,26450.0,26350.0,26450.0,68666
202605211030,26400.0,26550.0,26400.0,26450.0,138743
202605211045,26500.0,26500.0,26300.0,26450.0,59446
202605211100,26400.0,26600.0,26400.0,26600.0,146509
202605211115,26600.0,26600.0,26350.0,26450.0,61721
202605211130,26450.0,26500.0,26350.0,26450.0,23886
202605211145,26500.0,26550.0,26400.0,26450.0,50006
202605211200,26475.0,26500.0,26450.0,26500.0,29196
202605211215,26450.0,26600.0,26400.0,26600.0,74201
202605211230,26550.0,26700.0,26550.0,26650.0,90575
202605211245,26700.0,26700.0,26500.0,26500.0,46754
202605211300,26500.0,26600.0,26400.0,26450.0,71131
202605211315,26400.0,26500.0,26400.0,26400.0,39201
202605211330,26450.0,26500.0,26400.0,26500.0,30889
202605211345,26500.0,26650.0,26350.0,26500.0,108253
202605211400,26500.0,26550.0,26400.0,26450.0,45814
202605211415,26450.0,26550.0,26400.0,26500.0,64231
202605211430,26450.0,26500.0,26350.0,26400.0,49917
202605211445,26350.0,26400.0,26300.0,26400.0,81464
202605211500,26400.0,26400.0,26300.0,26350.0,62909
202605211515,26350.0,26450.0,26300.0,26450.0,86377
202605220900,26800.0,26800.0,26350.0,26450.0,111791
202605220915,26450.0,27100.0,26350.0,27000.0,302161
202605220930,27050.0,27200.0,26850.0,27200.0,220066
202605220945,27150.0,27250.0,26950.0,27000.0,160941
202605221000,27000.0,27050.0,26850.0,26950.0,90740
202605221015,27000.0,27000.0,26800.0,26800.0,45601
202605221030,26800.0,26900.0,26750.0,26800.0,59282
202605221045,26800.0,26900.0,26700.0,26750.0,54958
202605221100,26725.0,26800.0,26700.0,26700.0,42958
202605221115,26650.0,26750.0,26600.0,26600.0,41732
202605221130,26600.0,26850.0,26600.0,26800.0,53759
202605221145,26750.0,26850.0,26650.0,26700.0,38560
202605221200,26650.0,26850.0,26600.0,26800.0,76164
202605221215,26850.0,26850.0,26750.0,26850.0,39781
202605221230,26800.0,26950.0,26800.0,26850.0,48055
202605221245,26850.0,26950.0,26800.0,26900.0,33509
202605221300,26850.0,27000.0,26800.0,26950.0,79280
202605221315,26900.0,26950.0,26800.0,26800.0,37110
202605221330,26800.0,26900.0,26750.0,26850.0,36354
202605221345,26850.0,26900.0,26800.0,26850.0,39570
202605221400,26850.0,26950.0,26800.0,26850.0,54696
202605221415,26850.0,26900.0,26800.0,26900.0,56015
202605221430,26850.0,26900.0,26800.0,26850.0,46528
202605221445,26800.0,26850.0,26700.0,26700.0,49430
202605221500,26750.0,26850.0,26700.0,26800.0,56415
202605221515,26800.0,26900.0,26750.0,26800.0,91137
202605260900,28200.0,28400.0,27300.0,27500.0,613557
202605260915,27450.0,27650.0,27300.0,27600.0,183119
202605260930,27600.0,27800.0,27450.0,27500.0,135321
202605260945,27550.0,27700.0,27450.0,27500.0,99693
202605261000,27500.0,27600.0,27400.0,27500.0,109724
202605261015,27500.0,27650.0,27300.0,27500.0,127977
202605261030,27550.0,27600.0,27300.0,27350.0,84332
202605261045,27350.0,27500.0,27350.0,27450.0,78687
202605261100,27400.0,27500.0,27400.0,27450.0,50142
202605261115,27500.0,27500.0,27400.0,27450.0,37558
202605261130,27450.0,27500.0,27450.0,27450.0,42714
202605261145,27450.0,27500.0,27400.0,27400.0,26381
202605261200,27450.0,27500.0,27400.0,27500.0,43069
202605261215,27500.0,27500.0,27450.0,27450.0,23908
202605261230,27500.0,27600.0,27450.0,27600.0,66599
202605261245,27550.0,27600.0,27500.0,27600.0,31717
202605261300,27600.0,27600.0,27450.0,27450.0,57929
202605261315,27500.0,27500.0,27350.0,27350.0,57675
202605261330,27350.0,27400.0,27300.0,27350.0,48784
202605261345,27300.0,27400.0,27300.0,27300.0,37589
202605261400,27300.0,27350.0,27250.0,27350.0,76688
202605261415,27300.0,27350.0,27250.0,27300.0,60574
202605261430,27300.0,27350.0,27300.0,27300.0,42455
202605261445,27350.0,27400.0,27300.0,27400.0,58779
202605261500,27350.0,27450.0,27350.0,27400.0,66641
202605261515,27400.0,27450.0,27350.0,27450.0,79471
202605270900,27250.0,27350.0,26800.0,27000.0,264480
202605270915,26950.0,27200.0,26950.0,27100.0,88352
202605270930,27100.0,27350.0,26900.0,26950.0,105334
202605270945,26950.0,27050.0,26900.0,26950.0,75677
202605271000,26950.0,27100.0,26900.0,27050.0,59574
202605271015,27000.0,27100.0,26950.0,26975.0,34562
202605271030,27000.0,27050.0,26900.0,26950.0,38111
202605271045,26950.0,27000.0,26900.0,26900.0,30346
202605271100,26925.0,26925.0,26800.0,26825.0,44119
202605271115,26825.0,26850.0,26650.0,26725.0,76259
202605271130,26700.0,26750.0,26600.0,26675.0,47846
202605271145,26650.0,26750.0,26650.0,26750.0,36759
202605271200,26750.0,26800.0,26700.0,26750.0,23515
202605271215,26750.0,26800.0,26650.0,26650.0,22783
202605271230,26675.0,26700.0,26550.0,26625.0,61411
202605271245,26625.0,26750.0,26600.0,26600.0,57274
202605271300,26600.0,26750.0,26600.0,26650.0,37643
202605271315,26675.0,26675.0,26550.0,26550.0,62949
202605271330,26550.0,26650.0,26500.0,26600.0,70016
202605271345,26625.0,26700.0,26500.0,26500.0,47180
202605271400,26500.0,26550.0,26450.0,26500.0,38260
202605271415,26500.0,26750.0,26450.0,26700.0,54008
202605271430,26700.0,26850.0,26700.0,26850.0,41089
202605271445,26800.0,26850.0,26650.0,26725.0,47941
202605271500,26750.0,26850.0,26700.0,26850.0,32021
202605271515,26875.0,26950.0,26800.0,26850.0,78946
202605280900,27400.0,27500.0,26900.0,26950.0,244867
202605280915,26950.0,27000.0,26800.0,26900.0,126889
202605280930,26875.0,27200.0,26800.0,26900.0,125230
202605280945,26850.0,27350.0,26800.0,27300.0,191339
202605281000,27250.0,27450.0,27200.0,27300.0,110389
202605281015,27300.0,27350.0,27050.0,27100.0,85579
202605281030,27150.0,27200.0,27050.0,27200.0,50545
202605281045,27150.0,27450.0,27050.0,27425.0,103835
202605281100,27450.0,27500.0,27150.0,27150.0,73163
202605281115,27150.0,27150.0,26950.0,27000.0,125059
202605281130,27050.0,27100.0,26950.0,26950.0,41388
202605281145,27000.0,27050.0,26900.0,26950.0,75122
202605281200,26950.0,27050.0,26900.0,27000.0,59647
202605281215,27000.0,27050.0,26750.0,26800.0,88513
202605281230,26800.0,26850.0,26600.0,26650.0,180942
202605281245,26650.0,26800.0,26600.0,26650.0,86265
202605281300,26700.0,26700.0,26400.0,26450.0,174281
202605281315,26450.0,26500.0,26150.0,26450.0,179257
202605281330,26450.0,26600.0,26400.0,26450.0,71049
202605281345,26450.0,26500.0,26350.0,26450.0,47854
202605281400,26450.0,26600.0,26350.0,26600.0,54911
202605281415,26600.0,26700.0,26500.0,26650.0,55783
202605281430,26700.0,26800.0,26600.0,26750.0,59904
202605281445,26650.0,26900.0,26650.0,26800.0,101467
202605281500,26850.0,27000.0,26850.0,26950.0,95314
202605281515,27000.0,27100.0,26950.0,27000.0,85843
202605290900,27750.0,27750.0,26900.0,27000.0,254026
202605290915,27025.0,27050.0,26700.0,26800.0,120998
202605290930,26800.0,26850.0,26400.0,26500.0,149475
202605290945,26550.0,26700.0,26450.0,26700.0,76743
202605291000,26700.0,26750.0,26500.0,26550.0,65405
202605291015,26550.0,26700.0,26500.0,26600.0,37692
202605291030,26550.0,26750.0,26550.0,26650.0,35752
202605291045,26650.0,26750.0,26600.0,26700.0,44388
202605291100,26700.0,26800.0,26600.0,26600.0,40801
202605291115,26650.0,26700.0,26550.0,26600.0,40759
202605291130,26600.0,26800.0,26600.0,26800.0,42677
202605291145,26800.0,26850.0,26700.0,26700.0,41000
202605291200,26750.0,26800.0,26650.0,26750.0,28364
202605291215,26700.0,27100.0,26700.0,27100.0,81155
202605291230,27050.0,27100.0,27000.0,27000.0,28799
202605291245,27000.0,27100.0,26950.0,27100.0,59832
202605291300,27050.0,27200.0,27000.0,27100.0,72878
202605291315,27050.0,27150.0,26950.0,26950.0,54626
202605291330,26950.0,27000.0,26900.0,26950.0,39203
202605291345,26900.0,27000.0,26900.0,26950.0,32785
202605291400,26950.0,26950.0,26800.0,26900.0,58381
202605291415,26900.0,26950.0,26850.0,26900.0,54807
202605291430,26900.0,26950.0,26850.0,26900.0,60722
202605291445,26900.0,26950.0,26750.0,26850.0,88040
202605291500,26800.0,26850.0,26750.0,26800.0,66036
202605291515,26800.0,26900.0,26800.0,26800.0,2177231
202606010900,26000.0,26050.0,25650.0,26000.0,297982
202606010915,26000.0,26200.0,25950.0,26100.0,105487
202606010930,26050.0,26125.0,25850.0,25900.0,100382
202606010945,25900.0,25900.0,25800.0,25800.0,84842
202606011000,25825.0,25900.0,25750.0,25800.0,61257
202606011015,25750.0,25850.0,25700.0,25750.0,84331
202606011030,25750.0,25950.0,25700.0,25900.0,54792
202606011045,25900.0,25950.0,25850.0,25900.0,27785
202606011100,25900.0,26000.0,25900.0,26000.0,41603
202606011115,26000.0,26100.0,25950.0,26000.0,53963
202606011130,26050.0,26050.0,25950.0,26025.0,32318
202606011145,26000.0,26100.0,26000.0,26000.0,32114
202606011200,26050.0,26050.0,25950.0,26000.0,20781
202606011215,25950.0,26050.0,25950.0,25950.0,28252
202606011230,26000.0,26050.0,25900.0,25900.0,36986
202606011245,25900.0,25950.0,25850.0,25950.0,44151
202606011300,25900.0,25950.0,25850.0,25900.0,36658
202606011315,25900.0,25950.0,25850.0,25850.0,35652
202606011330,25900.0,25950.0,25800.0,25850.0,44941
202606011345,25850.0,26050.0,25850.0,25950.0,81859
202606011400,25950.0,26000.0,25750.0,25850.0,147496
202606011415,25850.0,25900.0,25800.0,25850.0,47329
202606011430,25800.0,25950.0,25800.0,25850.0,67979
202606011445,25850.0,25950.0,25850.0,25900.0,82262
202606011500,25950.0,25950.0,25800.0,25850.0,59552
202606011515,25800.0,25950.0,25800.0,25800.0,111612
202606020900,25550.0,25650.0,25000.0,25100.0,301873
202606020915,25100.0,25250.0,25000.0,25150.0,150902
202606020930,25200.0,25250.0,25050.0,25200.0,111863
202606020945,25150.0,25350.0,25050.0,25100.0,101788
202606021000,25050.0,25150.0,25000.0,25100.0,74037
202606021015,25050.0,25300.0,25000.0,25250.0,55818
202606021030,25200.0,25300.0,25150.0,25150.0,45845
202606021045,25200.0,25200.0,25050.0,25150.0,76569
202606021100,25150.0,25200.0,25100.0,25200.0,80485
202606021115,25200.0,25300.0,25150.0,25200.0,35754
202606021130,25150.0,25300.0,25150.0,25250.0,31367
202606021145,25250.0,25300.0,25200.0,25300.0,19288
202606021200,25250.0,25300.0,25150.0,25250.0,37460
202606021215,25200.0,25300.0,25200.0,25250.0,33681
202606021230,25200.0,25300.0,25150.0,25250.0,49533
202606021245,25250.0,25250.0,25150.0,25250.0,33782
202606021300,25250.0,25300.0,25150.0,25150.0,35707
202606021315,25150.0,25200.0,25100.0,25200.0,22215
202606021330,25150.0,25300.0,25150.0,25200.0,42868
202606021345,25200.0,25300.0,25200.0,25250.0,33508
202606021400,25250.0,25300.0,25200.0,25300.0,20394
202606021415,25250.0,25500.0,25250.0,25500.0,33909
202606021430,25450.0,25500.0,25300.0,25375.0,40478
202606021445,25375.0,25400.0,25300.0,25350.0,30269
202606021500,25350.0,25350.0,25250.0,25300.0,45672
202606021515,25300.0,25350.0,25250.0,25300.0,89698
202606040900,25200.0,25400.0,24750.0,24850.0,113231
202606040915,24800.0,24950.0,24750.0,24850.0,103067
202606040930,24800.0,25050.0,24800.0,24900.0,93185
202606040945,24900.0,25250.0,24800.0,24950.0,82869
202606041000,24950.0,25100.0,24850.0,24950.0,32466
202606041015,24900.0,25100.0,24850.0,25100.0,33929
202606041030,25050.0,25200.0,24950.0,25000.0,48110
202606041045,25000.0,25050.0,24900.0,25000.0,46484
202606041100,24950.0,25050.0,24900.0,25000.0,33607
202606041115,25000.0,25000.0,24900.0,24950.0,21322
202606041130,25000.0,25100.0,24950.0,25050.0,36035
202606041145,25100.0,25150.0,25050.0,25150.0,19564
202606041200,25150.0,25200.0,25100.0,25150.0,17070
202606041215,25150.0,25300.0,25150.0,25200.0,18528
202606041230,25250.0,25350.0,25150.0,25200.0,49748
202606041245,25200.0,25250.0,25150.0,25250.0,19029
202606041300,25250.0,25250.0,25150.0,25150.0,11697
202606041315,25150.0,25250.0,25150.0,25250.0,30416
202606041330,25200.0,25250.0,25150.0,25200.0,39722
202606041345,25200.0,25300.0,25200.0,25250.0,33679
202606041400,25250.0,25250.0,25100.0,25150.0,28005
202606041415,25150.0,25250.0,25150.0,25200.0,34641
202606041430,25200.0,25350.0,25200.0,25250.0,72090
202606041445,25250.0,25300.0,25100.0,25100.0,53452
202606041500,25100.0,25200.0,25100.0,25150.0,44832
202606041515,25150.0,25200.0,25050.0,25050.0,100639
202606050900,25000.0,25450.0,25000.0,25300.0,132381
202606050915,25300.0,25300.0,24900.0,24900.0,186798
202606050930,24950.0,24950.0,24750.0,24800.0,93250
202606050945,24800.0,24850.0,24600.0,24700.0,106390
202606051000,24700.0,24700.0,24500.0,24600.0,123693
202606051015,24600.0,24650.0,24550.0,24650.0,41294
202606051030,24650.0,24850.0,24600.0,24850.0,57874
202606051045,24850.0,25050.0,24850.0,25000.0,58186
202606051100,25000.0,25050.0,24850.0,24950.0,50175
202606051115,24950.0,25050.0,24900.0,25000.0,38443
202606051130,25000.0,25050.0,24900.0,24900.0,36226
202606051145,24900.0,25000.0,24850.0,24900.0,40922
202606051200,24900.0,25000.0,24850.0,25000.0,37822
202606051215,25000.0,25100.0,24950.0,25000.0,15864
202606051230,25050.0,25050.0,24950.0,25000.0,22744
202606051245,25000.0,25000.0,24850.0,24900.0,26018
202606051300,24850.0,24900.0,24800.0,24800.0,29052
202606051315,24850.0,24900.0,24750.0,24800.0,45524
202606051330,24800.0,24850.0,24700.0,24850.0,62042
202606051345,24850.0,24950.0,24800.0,24900.0,26265
202606051400,24950.0,24950.0,24850.0,24900.0,19122
202606051415,24925.0,25100.0,24900.0,25050.0,45201
202606051430,25000.0,25100.0,24950.0,24950.0,33011
202606051445,25000.0,25000.0,24800.0,24900.0,39097
202606051500,24850.0,24900.0,24800.0,24850.0,51699
202606051515,24800.0,24900.0,24800.0,24900.0,50531
202606080900,24000.0,24000.0,23650.0,23700.0,39183
202606080930,23800.0,24400.0,23800.0,24100.0,194860
202606080945,24050.0,24200.0,24000.0,24100.0,129458
202606081000,24150.0,24250.0,23900.0,23950.0,117958
202606081015,23950.0,24050.0,23850.0,23925.0,66272
202606081030,23900.0,24000.0,23800.0,23950.0,49121
202606081045,23950.0,24050.0,23900.0,23950.0,46321
202606081100,23950.0,23950.0,23850.0,23900.0,59521
202606081115,23950.0,24100.0,23850.0,24000.0,46452
202606081130,24050.0,24100.0,23950.0,24050.0,42976
202606081145,24050.0,24200.0,24000.0,24200.0,38758
202606081200,24150.0,24200.0,24050.0,24150.0,30722
202606081215,24150.0,24200.0,24050.0,24100.0,41067
202606081230,24100.0,24200.0,24050.0,24100.0,23486
202606081245,24150.0,24200.0,24050.0,24150.0,27072
202606081300,24150.0,24150.0,24000.0,24050.0,36375
202606081315,24100.0,24200.0,24050.0,24150.0,26148
202606081330,24150.0,24200.0,24000.0,24050.0,46540
202606081345,24000.0,24100.0,24000.0,24050.0,64442
202606081400,24000.0,24100.0,23900.0,23950.0,38174
202606081415,23900.0,24100.0,23900.0,23950.0,31580
202606081430,23950.0,24050.0,23850.0,23850.0,57095
202606081445,23850.0,24000.0,23800.0,23850.0,105967
202606081500,23850.0,23900.0,23700.0,23750.0,117719
202606081515,23800.0,23850.0,23700.0,23800.0,144572
202606090900,24200.0,24750.0,24150.0,24400.0,237403
202606090915,24450.0,24800.0,24400.0,24700.0,165885
202606090930,24700.0,25000.0,24500.0,24550.0,112772
202606090945,24575.0,24650.0,24300.0,24550.0,82408
202606091000,24550.0,24650.0,24450.0,24500.0,88757
202606091015,24500.0,24600.0,24350.0,24400.0,81237
202606091030,24450.0,24500.0,24250.0,24400.0,55499
202606091045,24350.0,24450.0,24300.0,24300.0,76503
202606091100,24300.0,24400.0,24300.0,24350.0,31729
202606091115,24300.0,24550.0,24300.0,24500.0,91738
202606091130,24450.0,24600.0,24450.0,24550.0,32567
202606091145,24550.0,24750.0,24550.0,24750.0,54724
202606091200,24725.0,24750.0,24650.0,24650.0,21919
202606091215,24650.0,24700.0,24600.0,24700.0,32682
202606091230,24650.0,24750.0,24600.0,24700.0,33886
202606091245,24700.0,24750.0,24650.0,24750.0,14938
202606091300,24750.0,24800.0,24700.0,24800.0,61360
202606091315,24800.0,24800.0,24700.0,24750.0,37288
202606091330,24750.0,24950.0,24750.0,24900.0,77501
202606091345,24850.0,24950.0,24850.0,24900.0,34337
202606091400,24900.0,24950.0,24750.0,24850.0,46553
202606091415,24850.0,24900.0,24700.0,24750.0,44126
202606091430,24750.0,24800.0,24700.0,24750.0,34670
202606091445,24800.0,24900.0,24700.0,24850.0,90039
202606091500,24850.0,24900.0,24750.0,24850.0,50315
202606091515,24850.0,25000.0,24750.0,24850.0,101044
202606100900,24850.0,25750.0,24800.0,25650.0,390254
202606100915,25600.0,25750.0,25450.0,25550.0,149917
202606100930,25500.0,25600.0,25250.0,25400.0,109193
202606100945,25400.0,25900.0,25200.0,25800.0,164840
202606101000,25800.0,25850.0,25500.0,25600.0,91272
202606101015,25600.0,25750.0,25500.0,25600.0,60630
202606101030,25550.0,25650.0,25400.0,25400.0,63531
202606101045,25450.0,25800.0,25400.0,25650.0,85912
202606101100,25650.0,25650.0,25500.0,25550.0,54268
202606101115,25550.0,25600.0,25400.0,25550.0,52197
202606101130,25550.0,25550.0,25400.0,25500.0,46228
202606101145,25500.0,25550.0,25375.0,25500.0,52459
202606101200,25500.0,25600.0,25450.0,25550.0,32491
202606101215,25550.0,25600.0,25400.0,25400.0,41440
202606101230,25400.0,25550.0,25200.0,25300.0,59478
202606101245,25300.0,25350.0,25150.0,25150.0,49005
202606101300,25150.0,25250.0,25050.0,25250.0,80586
202606101315,25250.0,25350.0,25000.0,25050.0,73927
202606101330,25100.0,25100.0,24750.0,24900.0,85183
202606101345,24900.0,25050.0,24800.0,24950.0,64039
202606101400,24950.0,25050.0,24850.0,24900.0,77719
202606101415,24900.0,25200.0,24750.0,25100.0,68821
202606101430,25100.0,25100.0,24900.0,25000.0,52547
202606101445,25050.0,25250.0,24950.0,25200.0,68420
202606101500,25150.0,25350.0,25050.0,25350.0,57460
202606101515,25350.0,25450.0,25300.0,25450.0,80189
202606110900,24500.0,24550.0,24150.0,24250.0,166217
202606110915,24250.0,24550.0,24250.0,24300.0,102483
202606110930,24350.0,24400.0,24100.0,24200.0,106163
202606110945,24200.0,24350.0,24100.0,24300.0,64384
202606111000,24350.0,24600.0,24250.0,24500.0,85736
202606111015,24550.0,24650.0,24450.0,24600.0,64199
202606111030,24650.0,24650.0,24450.0,24550.0,52417
202606111045,24550.0,24700.0,24500.0,24650.0,44229
202606111100,24650.0,24750.0,24600.0,24600.0,36902
202606111115,24600.0,24650.0,24450.0,24550.0,33912
202606111130,24500.0,24600.0,24450.0,24500.0,17302
202606111145,24500.0,24650.0,24500.0,24650.0,13489
202606111200,24650.0,24700.0,24600.0,24600.0,15987
202606111215,24650.0,24750.0,24600.0,24750.0,14230
202606111230,24700.0,24850.0,24700.0,24775.0,29233
202606111245,24750.0,24850.0,24750.0,24800.0,28380
202606111300,24850.0,24900.0,24750.0,24750.0,25528
202606111315,24750.0,24850.0,24750.0,24850.0,14416
202606111330,24800.0,24850.0,24700.0,24750.0,53368
202606111345,24750.0,24900.0,24750.0,24850.0,38191
202606111400,24800.0,24900.0,24750.0,24800.0,34525
202606111415,24750.0,24850.0,24650.0,24650.0,44760
202606111430,24675.0,24850.0,24650.0,24850.0,42433
202606111445,24850.0,24850.0,24750.0,24750.0,45353
202606111500,24800.0,24900.0,24700.0,24850.0,58508
202606111515,24900.0,24950.0,24800.0,24800.0,754910
202606120900,26450.0,26650.0,26200.0,26500.0,394954
202606120915,26500.0,26750.0,26450.0,26550.0,261123
202606120930,26550.0,26600.0,26350.0,26450.0,113187
202606120945,26450.0,26550.0,26400.0,26500.0,90789
202606121000,26500.0,26600.0,26400.0,26600.0,95808
202606121015,26600.0,26700.0,26500.0,26600.0,127250
202606121030,26600.0,26850.0,26550.0,26800.0,213772
202606121045,26800.0,26950.0,26750.0,26900.0,159732
202606121100,26900.0,26950.0,26700.0,26850.0,82292
202606121115,26850.0,26950.0,26750.0,26950.0,52943
202606121130,26900.0,26950.0,26800.0,26850.0,45111
202606121145,26800.0,26900.0,26750.0,26800.0,33295
202606121200,26750.0,26900.0,26700.0,26850.0,55402
202606121215,26850.0,27000.0,26850.0,26950.0,153813
202606121230,26950.0,27000.0,26850.0,26900.0,55790
202606121245,26950.0,26950.0,26850.0,26900.0,97029
202606121300,26900.0,26950.0,26750.0,26750.0,86544
202606121315,26800.0,27125.0,26750.0,27050.0,311229
202606121330,27025.0,27050.0,26850.0,26950.0,109949
202606121345,26950.0,27000.0,26900.0,26900.0,97377
202606121400,26950.0,26950.0,26700.0,26800.0,71309
202606121415,26750.0,26850.0,26700.0,26800.0,68093
202606121430,26700.0,26800.0,26450.0,26500.0,169813
202606121445,26500.0,26600.0,26350.0,26600.0,139972
202606121500,26550.0,26600.0,26450.0,26550.0,79323
202606121515,26500.0,26600.0,26500.0,26600.0,96931
202606150900,28000.0,28900.0,27600.0,28850.0,955374
202606150915,28900.0,30000.0,28800.0,29900.0,1472305
202606150930,29900.0,30100.0,29300.0,29900.0,1485561
202606150945,29950.0,30600.0,29900.0,30550.0,1272932
202606151000,30550.0,31200.0,30500.0,30950.0,1324625
202606151015,30950.0,30950.0,30150.0,30250.0,862454
202606151030,30250.0,30400.0,29850.0,30275.0,567348
202606151045,30275.0,30300.0,29900.0,30050.0,368865
202606151100,30100.0,30250.0,29900.0,29950.0,241307
202606151115,29900.0,30000.0,29850.0,29950.0,216276
202606151130,30000.0,30000.0,29700.0,29800.0,239169
202606151145,29750.0,29950.0,29750.0,29900.0,177155
202606151200,29850.0,29950.0,29750.0,29850.0,142703
202606151215,29900.0,29900.0,29700.0,29750.0,161125
202606151230,29800.0,29900.0,29700.0,29750.0,146761
202606151245,29800.0,29900.0,29650.0,29700.0,126425
202606151300,29700.0,29750.0,29500.0,29700.0,221074
202606151315,29700.0,29700.0,29500.0,29550.0,116843
202606151330,29600.0,29600.0,29350.0,29450.0,236480
202606151345,29500.0,29550.0,29350.0,29450.0,102836
202606151400,29450.0,29550.0,29400.0,29500.0,118984
202606151415,29550.0,29750.0,29450.0,29750.0,214193
202606151430,29750.0,29750.0,29600.0,29600.0,161137
202606151445,29600.0,29850.0,29500.0,29850.0,205574
202606151500,29850.0,30000.0,29800.0,29950.0,319967
202606151515,29950.0,30000.0,29850.0,30000.0,419630
202606160900,29050.0,29500.0,28850.0,29300.0,447817
202606160915,29300.0,29500.0,29150.0,29400.0,158704
202606160930,29400.0,29500.0,29200.0,29250.0,179097
202606160945,29200.0,29350.0,28900.0,28950.0,226225
202606161000,28950.0,29000.0,28500.0,28825.0,328556
202606161015,28850.0,28950.0,28800.0,28850.0,75597
202606161030,28800.0,29050.0,28750.0,29050.0,86235
202606161045,29050.0,29100.0,28900.0,29050.0,71874
202606161100,29050.0,29600.0,29050.0,29600.0,174321
202606161115,29600.0,29700.0,29450.0,29500.0,82432
202606161130,29500.0,29600.0,29450.0,29500.0,55072
202606161145,29450.0,29500.0,29350.0,29450.0,43579
202606161200,29400.0,29500.0,29300.0,29350.0,37528
202606161215,29350.0,29550.0,29350.0,29450.0,47078
202606161230,29450.0,29500.0,29350.0,29400.0,45315
202606161245,29375.0,29400.0,29250.0,29350.0,44966
202606161300,29300.0,29400.0,29250.0,29300.0,49755
202606161315,29250.0,29350.0,29200.0,29250.0,49485
202606161330,29250.0,29300.0,29150.0,29250.0,50018
202606161345,29275.0,29300.0,29150.0,29200.0,50568
202606161400,29200.0,29250.0,29100.0,29200.0,40010
202606161415,29200.0,29250.0,29150.0,29200.0,74121
202606161430,29200.0,29250.0,29150.0,29200.0,44237
202606161445,29200.0,29250.0,29150.0,29200.0,79570
202606161500,29200.0,29300.0,29050.0,29200.0,114805
202606161515,29250.0,29300.0,29150.0,29300.0,146510
202606170900,29050.0,29450.0,28800.0,29100.0,279976
202606170915,29100.0,29200.0,28700.0,28900.0,223388
202606170930,28900.0,29200.0,28850.0,28950.0,90604
202606170945,28975.0,29100.0,28750.0,29100.0,125859
202606171000,29050.0,29100.0,28850.0,28950.0,59157
202606171015,29000.0,29100.0,28900.0,28950.0,43390
202606171030,29000.0,29050.0,28900.0,29050.0,40426
202606171045,29050.0,29050.0,28900.0,28950.0,33584
202606171100,28950.0,29300.0,28900.0,29150.0,85413
202606171115,29150.0,29300.0,29100.0,29150.0,45733
202606171130,29150.0,29300.0,29050.0,29200.0,41372
202606171145,29200.0,29250.0,29150.0,29250.0,22834
202606171200,29250.0,29250.0,29100.0,29150.0,65686
202606171215,29200.0,29250.0,29100.0,29150.0,44271
202606171230,29200.0,29250.0,29150.0,29200.0,19370
202606171245,29250.0,29350.0,29150.0,29200.0,65253
202606171300,29250.0,29300.0,29200.0,29200.0,26653
202606171315,29200.0,29250.0,29100.0,29100.0,62633
202606171330,29150.0,29250.0,29100.0,29200.0,46085
202606171345,29250.0,29300.0,29050.0,29100.0,68770
202606171400,29100.0,29150.0,29050.0,29150.0,47898
202606171415,29100.0,29150.0,29000.0,29150.0,60006
202606171430,29150.0,29150.0,28950.0,29000.0,101308
202606171445,29000.0,29100.0,28800.0,28850.0,139193
202606171500,28800.0,28900.0,28800.0,28900.0,69973
202606171515,28850.0,28950.0,28800.0,28800.0,99576
202606180900,28550.0,28700.0,28250.0,28550.0,222196
202606180915,28550.0,28925.0,28500.0,28900.0,197698
202606180930,28850.0,29000.0,28800.0,28975.0,114028
202606180945,29000.0,29100.0,28850.0,28900.0,142112
202606181000,28850.0,29050.0,28700.0,29000.0,120547
202606181015,29000.0,29100.0,28850.0,29050.0,64899
202606181030,29050.0,29100.0,28900.0,29050.0,84814
202606181045,29000.0,29300.0,28950.0,29200.0,165829
202606181100,29200.0,29250.0,29150.0,29200.0,58528
202606181115,29225.0,29300.0,29000.0,29100.0,66810
202606181130,29050.0,29200.0,29000.0,29150.0,52378
202606181145,29200.0,29200.0,28950.0,28950.0,48638
202606181200,28975.0,29050.0,28900.0,29050.0,35333
202606181215,29000.0,29100.0,29000.0,29050.0,41440
202606181230,29050.0,29050.0,28850.0,29000.0,62984
202606181245,28975.0,29000.0,28800.0,28950.0,70033
202606181300,28900.0,29000.0,28800.0,28900.0,61620
202606181315,28850.0,29000.0,28800.0,28850.0,60642
202606181330,28900.0,28900.0,28700.0,28900.0,84945
202606181345,28900.0,28975.0,28850.0,28900.0,45196
202606181400,28950.0,29000.0,28800.0,28850.0,51620
202606181415,28800.0,28900.0,28800.0,28850.0,50233
202606181430,28850.0,28900.0,28800.0,28900.0,57974
202606181445,28850.0,28900.0,28700.0,28750.0,74363
202606181500,28750.0,28900.0,28700.0,28800.0,69080
202606181515,28850.0,28900.0,28800.0,28850.0,121093
202606190900,28650.0,29500.0,28400.0,29450.0,324214
202606190915,29450.0,29600.0,28800.0,28850.0,233313
202606190930,28850.0,29250.0,28700.0,28750.0,161965
202606190945,28700.0,29000.0,28550.0,28600.0,166248
202606191000,28600.0,28650.0,28450.0,28550.0,86079
202606191015,28500.0,28600.0,28300.0,28450.0,243650
202606191030,28400.0,28500.0,28300.0,28500.0,66517
202606191045,28500.0,28750.0,28300.0,28400.0,124467
202606191100,28400.0,28450.0,28250.0,28300.0,97049
202606191115,28300.0,28350.0,28150.0,28200.0,87598
202606191130,28200.0,28350.0,28150.0,28300.0,56403
202606191145,28300.0,28300.0,28150.0,28250.0,47043
202606191200,28275.0,28300.0,28100.0,28100.0,45340
202606191215,28100.0,28150.0,27850.0,27900.0,211787
202606191230,27900.0,27900.0,27700.0,27750.0,170517
202606191245,27750.0,27800.0,27450.0,27550.0,219736
202606191300,27550.0,27750.0,27450.0,27700.0,106315
202606191315,27650.0,27750.0,27550.0,27550.0,76619
202606191330,27550.0,27600.0,27300.0,27400.0,215262
202606191345,27400.0,27600.0,27350.0,27550.0,76848
202606191400,27500.0,27600.0,27350.0,27450.0,127352
202606191415,27450.0,27600.0,27350.0,27400.0,65899
202606191430,27425.0,27550.0,27300.0,27550.0,84045
202606191445,27500.0,27800.0,27500.0,27650.0,181962
202606191500,27700.0,27900.0,27650.0,27750.0,133160
202606191515,27750.0,27950.0,27700.0,27950.0,382373
202606220900,27100.0,27200.0,26700.0,26900.0,276357
202606220915,26900.0,27250.0,26750.0,27100.0,129270
202606220930,27100.0,27250.0,27050.0,27250.0,70616
202606220945,27250.0,27300.0,27050.0,27050.0,82560
202606221000,27050.0,27150.0,27000.0,27000.0,69104
202606221015,27050.0,27200.0,26950.0,27200.0,102317
202606221030,27200.0,27325.0,27100.0,27250.0,66079
202606221045,27200.0,27300.0,27050.0,27150.0,52904
202606221100,27150.0,27200.0,27050.0,27150.0,43175
202606221115,27100.0,27250.0,27100.0,27100.0,46480
202606221130,27150.0,27150.0,27050.0,27050.0,31798
202606221145,27050.0,27100.0,27050.0,27050.0,37445
202606221200,27100.0,27150.0,27000.0,27100.0,44197
202606221215,27100.0,27200.0,27050.0,27100.0,47298
202606221230,27075.0,27150.0,27025.0,27100.0,61654
202606221245,27100.0,27150.0,27000.0,27000.0,47833
202606221300,27025.0,27050.0,26950.0,27000.0,58401
202606221315,27000.0,27050.0,26900.0,26900.0,55695
202606221330,26900.0,27100.0,26900.0,26950.0,62531
202606221345,27000.0,27050.0,26950.0,27050.0,52015
202606221400,27000.0,27250.0,26950.0,27200.0,63847
202606221415,27250.0,27250.0,27050.0,27075.0,45948
202606221430,27075.0,27150.0,27000.0,27100.0,57570
202606221445,27050.0,27150.0,27000.0,27075.0,52507
202606221500,27050.0,27100.0,27000.0,27050.0,47325
202606221515,27050.0,27100.0,27000.0,27050.0,80250
202606230900,27250.0,27450.0,26750.0,27025.0,163788
202606230915,27025.0,27050.0,26500.0,26650.0,201967
202606230930,26650.0,26750.0,26550.0,26700.0,129626
202606230945,26725.0,26850.0,26600.0,26600.0,67311
202606231000,26650.0,27300.0,26600.0,27200.0,99590
202606231015,27250.0,27300.0,27050.0,27250.0,81130
202606231030,27250.0,27300.0,26950.0,27000.0,60669
202606231045,27000.0,27000.0,26625.0,26700.0,135709
202606231100,26650.0,26700.0,26400.0,26550.0,104541
202606231115,26550.0,26650.0,26450.0,26600.0,42909
202606231130,26575.0,26650.0,26500.0,26550.0,54922
202606231145,26550.0,26650.0,26500.0,26550.0,33856
202606231200,26500.0,26550.0,26450.0,26450.0,55994
202606231215,26475.0,26550.0,26400.0,26450.0,45566
202606231230,26400.0,26450.0,26300.0,26400.0,94908
202606231245,26350.0,26550.0,26300.0,26550.0,40285
202606231300,26550.0,26600.0,26450.0,26550.0,44600
202606231315,26600.0,26600.0,26450.0,26500.0,26231
202606231330,26500.0,26600.0,26400.0,26550.0,35062
202606231345,26550.0,26550.0,26350.0,26400.0,39320
202606231400,26375.0,26700.0,26300.0,26350.0,104285
202606231415,26350.0,26400.0,26200.0,26250.0,99817
202606231430,26200.0,26250.0,26100.0,26150.0,34190
202606231500,26150.0,26250.0,26000.0,26050.0,216238
202606231515,26000.0,26100.0,25900.0,25900.0,201360
202606240900,26050.0,26650.0,25800.0,26400.0,206498
202606240915,26400.0,27350.0,26350.0,27100.0,327550
202606240930,27100.0,27150.0,26650.0,26750.0,119955
202606240945,26750.0,27200.0,26700.0,27200.0,131577
202606241000,27200.0,27200.0,27000.0,27100.0,115077
202606241015,27100.0,27300.0,26950.0,27300.0,116074
202606241030,27300.0,27450.0,27250.0,27350.0,112648
202606241045,27350.0,27500.0,27300.0,27450.0,89618
202606241100,27450.0,27550.0,27400.0,27450.0,61088
202606241115,27450.0,27450.0,27250.0,27400.0,57061
202606241130,27400.0,27400.0,27000.0,27150.0,73960
202606241145,27100.0,27150.0,26650.0,26750.0,118740
202606241200,26700.0,26900.0,26600.0,26750.0,107363
202606241215,26800.0,27000.0,26550.0,26950.0,78091
202606241230,26900.0,27050.0,26900.0,27000.0,56769
202606241245,27000.0,27000.0,26850.0,26900.0,55951
202606241300,26900.0,27000.0,26850.0,27000.0,50119
202606241315,26950.0,27000.0,26800.0,26950.0,57487
202606241330,26900.0,27200.0,26900.0,27150.0,92117
202606241345,27150.0,27200.0,27050.0,27100.0,70756
202606241400,27100.0,27250.0,27050.0,27200.0,74297
202606241415,27200.0,27400.0,27150.0,27400.0,93082
202606241430,27400.0,27400.0,27150.0,27250.0,99680
202606241445,27250.0,27300.0,27050.0,27300.0,106391
202606241500,27300.0,27500.0,27200.0,27450.0,165248
202606241515,27500.0,27550.0,27350.0,27350.0,163102
202606250900,28300.0,29400.0,28200.0,29350.0,644283
202606250915,29350.0,29450.0,28900.0,29250.0,349203
202606250930,29250.0,29350.0,28850.0,29000.0,259995
202606250945,29000.0,29150.0,28700.0,28800.0,159412
202606251000,28750.0,29550.0,28750.0,29400.0,344652
202606251015,29400.0,29450.0,29200.0,29300.0,178723
202606251030,29250.0,29500.0,29200.0,29375.0,226823
202606251045,29400.0,29500.0,29250.0,29400.0,118122
202606251100,29400.0,29400.0,29000.0,29150.0,143136
202606251115,29100.0,29300.0,29050.0,29200.0,70553
202606251130,29175.0,29350.0,29150.0,29350.0,85255
202606251145,29350.0,29400.0,29250.0,29300.0,77670
202606251200,29300.0,29400.0,28950.0,29150.0,100920
202606251215,29150.0,29300.0,28950.0,29150.0,148695
202606251230,29200.0,29200.0,29000.0,29100.0,74194
202606251245,29050.0,29250.0,29050.0,29150.0,86950
202606251300,29150.0,29150.0,29000.0,29100.0,83942
202606251315,29100.0,29200.0,29000.0,29150.0,100036
202606251330,29150.0,29250.0,29100.0,29250.0,111787
202606251345,29200.0,29275.0,29150.0,29150.0,104830
202606251400,29200.0,29450.0,29150.0,29450.0,154375
202606251415,29450.0,29600.0,29300.0,29450.0,402073
202606251430,29400.0,29500.0,29100.0,29125.0,189235
202606251445,29125.0,29350.0,29100.0,29250.0,142974
202606251500,29250.0,29250.0,29000.0,29100.0,109438
202606251515,29100.0,29100.0,28950.0,29100.0,244971
202606260900,28100.0,28450.0,27700.0,27950.0,345376
202606260915,27950.0,28350.0,27900.0,28350.0,132376
202606260930,28350.0,28550.0,28150.0,28200.0,135533
202606260945,28200.0,28650.0,28150.0,28450.0,191215
202606261000,28450.0,28550.0,28150.0,28350.0,65472
202606261015,28400.0,28600.0,28300.0,28350.0,97374
202606261030,28400.0,28500.0,28200.0,28350.0,90451
202606261045,28300.0,28400.0,28150.0,28200.0,65145
202606261100,28200.0,28350.0,28100.0,28250.0,55343
202606261115,28300.0,28350.0,27850.0,28050.0,158844
202606261130,28050.0,28100.0,27900.0,28000.0,61802
202606261145,28000.0,28000.0,27600.0,27650.0,135171
202606261200,27700.0,27750.0,27550.0,27650.0,65610
202606261230,27650.0,27750.0,27400.0,27650.0,117480
202606261245,27600.0,27950.0,27550.0,27700.0,89934
202606261300,27700.0,28000.0,27550.0,27900.0,57749
202606261315,27950.0,27950.0,27600.0,27750.0,57192
202606261330,27750.0,27800.0,27550.0,27600.0,40739
202606261345,27600.0,27650.0,27450.0,27550.0,62571
202606261400,27550.0,27700.0,27450.0,27700.0,61961
202606261415,27650.0,28050.0,27650.0,27900.0,128947
202606261430,27950.0,28050.0,27800.0,27800.0,78257
202606261445,27950.0,28000.0,27750.0,27800.0,67797
202606261500,27900.0,27950.0,27750.0,27900.0,70734
202606261515,27950.0,28050.0,27850.0,28050.0,80140
202606290900,27900.0,28050.0,27000.0,27250.0,200225
202606290915,27300.0,27750.0,27200.0,27350.0,121091
202606290930,27400.0,27900.0,27300.0,27850.0,78371
202606290945,27850.0,28100.0,27450.0,27950.0,78338
202606291000,27925.0,28000.0,27750.0,27950.0,52793
202606291015,27950.0,28050.0,27850.0,27950.0,39438
202606291030,27950.0,28050.0,27900.0,28000.0,50268
202606291045,28000.0,28150.0,27850.0,27850.0,52521
202606291100,27850.0,27950.0,27700.0,27950.0,83498
202606291115,27950.0,28200.0,27900.0,28150.0,94182
202606291130,28150.0,28250.0,28050.0,28250.0,73913
202606291145,28250.0,28275.0,28000.0,28150.0,52948
202606291200,28150.0,28250.0,27950.0,28050.0,50540
202606291215,28100.0,28200.0,27950.0,28050.0,48607
202606291230,28050.0,28100.0,27950.0,28100.0,52937
202606291245,28100.0,28350.0,28050.0,28350.0,68038
202606291300,28300.0,28400.0,28100.0,28150.0,57135
202606291315,28200.0,28300.0,28150.0,28300.0,46063
202606291330,28300.0,28350.0,28150.0,28250.0,42216
202606291345,28250.0,28350.0,28200.0,28250.0,69758
202606291400,28200.0,28450.0,28150.0,28400.0,64675
202606291415,28400.0,28550.0,28350.0,28450.0,94044
202606291430,28450.0,28600.0,28350.0,28600.0,72177
202606291445,28600.0,28700.0,28500.0,28600.0,100414
202606291500,28650.0,28650.0,28250.0,28300.0,121830
202606291515,28350.0,28400.0,28200.0,28350.0,172225
202606300900,27900.0,28550.0,27750.0,28450.0,125566
202606300915,28450.0,28500.0,27850.0,28000.0,267074
202606300930,28000.0,28150.0,27900.0,27950.0,56077
202606300945,27950.0,27950.0,27600.0,27700.0,121312
202606301000,27650.0,27750.0,27550.0,27650.0,48763
202606301015,27700.0,27850.0,27600.0,27850.0,44645
202606301030,27800.0,27850.0,27550.0,27600.0,76661
202606301045,27600.0,27600.0,27400.0,27500.0,99581
202606301100,27500.0,27575.0,27400.0,27400.0,43769
202606301115,27400.0,27650.0,27400.0,27550.0,47995
202606301130,27550.0,27600.0,27500.0,27500.0,24183
202606301145,27500.0,27600.0,27500.0,27550.0,25408
202606301200,27550.0,27600.0,27450.0,27500.0,30438
202606301215,27450.0,27600.0,27450.0,27500.0,27849
202606301230,27500.0,27600.0,27450.0,27550.0,27446
202606301245,27550.0,27850.0,27500.0,27550.0,41532
202606301300,27550.0,27650.0,27450.0,27500.0,33676
202606301315,27500.0,27600.0,27450.0,27500.0,40731
202606301330,27450.0,27550.0,27450.0,27500.0,35683
202606301345,27500.0,27700.0,27500.0,27650.0,34684
202606301400,27650.0,27700.0,27550.0,27700.0,59085
202606301415,27700.0,27725.0,27450.0,27450.0,54480
202606301430,27475.0,27600.0,27450.0,27500.0,49827
202606301445,27525.0,27600.0,27450.0,27550.0,49159
202606301500,27500.0,27600.0,27450.0,27550.0,51413
202606301515,27600.0,27650.0,27500.0,27550.0,166929
202607010900,27550.0,28100.0,27250.0,27850.0,266487
202607010915,27850.0,28100.0,27650.0,27900.0,169626
202607010930,27900.0,28250.0,27750.0,27900.0,160148
202607010945,27950.0,28300.0,27900.0,28100.0,183356
202607011000,28100.0,28200.0,27800.0,27800.0,99382
202607011015,27850.0,27950.0,27650.0,27900.0,91623
202607011030,27900.0,27950.0,27700.0,27750.0,81046
202607011045,27750.0,27950.0,27750.0,27900.0,85036
202607011100,27850.0,27900.0,27400.0,27450.0,173594
202607011115,27500.0,27650.0,27400.0,27600.0,58304
202607011130,27600.0,27850.0,27550.0,27800.0,63956
202607011145,27800.0,28050.0,27800.0,27800.0,103112
202607011200,27800.0,27900.0,27750.0,27850.0,57729
202607011215,27850.0,27900.0,27700.0,27800.0,36680
202607011230,27750.0,27900.0,27650.0,27700.0,50109
202607011245,27700.0,27850.0,27650.0,27700.0,115118
202607011300,27700.0,27800.0,27700.0,27750.0,39775
202607011315,27700.0,27750.0,27600.0,27700.0,48077
202607011330,27650.0,27700.0,27600.0,27650.0,54427
202607011345,27650.0,27750.0,27550.0,27550.0,39378
202607011400,27550.0,27750.0,27500.0,27650.0,70170
202607011415,27650.0,27800.0,27650.0,27750.0,53333
202607011430,27700.0,27800.0,27600.0,27650.0,61239
202607011445,27650.0,27750.0,27600.0,27700.0,50732
202607011500,27700.0,27750.0,27650.0,27750.0,44046
202607011515,27750.0,27800.0,27700.0,27800.0,62754
202607020900,27350.0,27400.0,26850.0,27250.0,371209
202607020915,27250.0,27600.0,27150.0,27500.0,174867
202607020930,27475.0,28500.0,27450.0,28275.0,538765
202607020945,28275.0,28775.0,28225.0,28700.0,490204
202607021000,28700.0,29200.0,28550.0,29150.0,605100
202607021015,29150.0,29250.0,28900.0,29150.0,391737
202607021030,29200.0,29450.0,29100.0,29450.0,368073
202607021045,29450.0,29550.0,29200.0,29500.0,363627
202607021100,29500.0,29700.0,29400.0,29600.0,336410
202607021115,29600.0,29600.0,29250.0,29400.0,196475
202607021130,29400.0,29400.0,29100.0,29250.0,144100
202607021145,29200.0,29250.0,29050.0,29250.0,115323
202607021200,29250.0,29300.0,29150.0,29250.0,132289
202607021215,29250.0,29300.0,29100.0,29250.0,98283
202607021230,29250.0,29300.0,29200.0,29250.0,104246
202607021245,29250.0,29250.0,29100.0,29250.0,119962
202607021300,29250.0,29300.0,29100.0,29100.0,107297
202607021315,29100.0,29300.0,29050.0,29200.0,157797
202607021330,29200.0,29250.0,28850.0,29050.0,152472
202607021345,29050.0,29400.0,28950.0,29300.0,220202
202607021400,29300.0,29400.0,29200.0,29250.0,142908
202607021415,29250.0,29275.0,28800.0,28800.0,184884
202607021430,28850.0,28950.0,28725.0,28800.0,179813
202607021445,28850.0,29000.0,28650.0,28800.0,272571
202607021500,28750.0,28900.0,28550.0,28600.0,275488
202607021515,28550.0,28750.0,28500.0,28550.0,236949
202607030900,28400.0,28800.0,28050.0,28500.0,402864
202607030915,28550.0,28700.0,28150.0,28300.0,218473
202607030930,28250.0,28650.0,28050.0,28150.0,245555
202607030945,28150.0,28650.0,28150.0,28450.0,184725
202607031000,28400.0,28800.0,28350.0,28750.0,203189
202607031015,28800.0,29100.0,28700.0,28900.0,273369
202607031030,28950.0,29050.0,28700.0,28925.0,183126
202607031045,28950.0,29050.0,28750.0,28800.0,106524
202607031100,28800.0,28850.0,28600.0,28700.0,107746
202607031115,28700.0,28900.0,28650.0,28850.0,98599
202607031130,28800.0,28900.0,28700.0,28750.0,69782
202607031145,28750.0,28800.0,28650.0,28650.0,70984
202607031200,28650.0,28850.0,28600.0,28850.0,73482
202607031215,28850.0,28850.0,28750.0,28850.0,73947
202607031230,28850.0,28900.0,28700.0,28750.0,65873
202607031245,28700.0,29000.0,28650.0,29000.0,94364
202607031300,29000.0,29050.0,28850.0,28950.0,114477
202607031315,28900.0,29000.0,28800.0,28850.0,74918
202607031330,28850.0,28850.0,28750.0,28800.0,64628
202607031345,28850.0,28850.0,28650.0,28700.0,109594
202607031400,28700.0,28850.0,28650.0,28800.0,102211
202607031415,28800.0,28950.0,28750.0,28950.0,91792
202607031430,28950.0,29000.0,28750.0,28850.0,142834
202607031445,28850.0,28900.0,28700.0,28850.0,87021
202607031500,28850.0,29000.0,28750.0,28900.0,154815
202607031515,28900.0,28900.0,28800.0,28850.0,77037
202607060900,28750.0,29450.0,28500.0,29450.0,372423
202607060915,29400.0,29500.0,28875.0,28950.0,209777
202607060930,28950.0,29350.0,28850.0,29350.0,128712
202607060945,29350.0,29450.0,28950.0,29000.0,177018
202607061000,29000.0,29200.0,28700.0,28900.0,115678
202607061015,28950.0,29000.0,28700.0,28750.0,89889
202607061030,28750.0,29000.0,28750.0,28800.0,58988
202607061045,28800.0,29100.0,28700.0,29100.0,166657
202607061100,29100.0,29150.0,28800.0,28900.0,105912
202607061115,28900.0,28950.0,28700.0,28750.0,87154
202607061130,28750.0,28750.0,28550.0,28600.0,81952
202607061145,28600.0,28700.0,28500.0,28650.0,100815
202607061200,28600.0,28850.0,28600.0,28750.0,50732
202607061215,28750.0,28750.0,28600.0,28600.0,42366
202607061230,28600.0,28750.0,28550.0,28650.0,53472
202607061245,28600.0,28700.0,28450.0,28500.0,69676
202607061300,28550.0,28675.0,28450.0,28600.0,52162
202607061315,28650.0,28700.0,28550.0,28650.0,43225
202607061330,28650.0,28825.0,28550.0,28800.0,69178
202607061345,28800.0,28850.0,28650.0,28800.0,59383
202607061400,28800.0,28900.0,28650.0,28800.0,72701
202607061415,28800.0,28850.0,28700.0,28750.0,76731
202607061430,28750.0,28900.0,28600.0,28850.0,101380
202607061445,28850.0,28900.0,28700.0,28750.0,93158
202607061500,28850.0,28900.0,28700.0,28750.0,82319
202607061515,28700.0,28800.0,28650.0,28750.0,65484
202607070900,28850.0,29150.0,28600.0,28750.0,311742
202607070915,28750.0,29450.0,28550.0,29250.0,389041
202607070930,29300.0,29350.0,28950.0,29100.0,221384
202607070945,29100.0,29250.0,29000.0,29200.0,175668
202607071000,29200.0,29250.0,29050.0,29150.0,137989
202607071015,29200.0,29200.0,28750.0,28850.0,274496
202607071030,28900.0,29000.0,28700.0,29000.0,124802
202607071045,29000.0,29150.0,28850.0,28875.0,147668
202607071100,28850.0,29000.0,28800.0,28950.0,96804
202607071115,28950.0,29000.0,28800.0,28850.0,71694
202607071130,28850.0,28900.0,28700.0,28900.0,122247
202607071145,28900.0,28925.0,28650.0,28800.0,126542
202607071200,28800.0,28900.0,28650.0,28850.0,93952
202607071215,28850.0,28850.0,28500.0,28600.0,126725
202607071230,28600.0,28800.0,28550.0,28700.0,75689
202607071245,28700.0,28750.0,28600.0,28650.0,68845
202607071300,28700.0,28800.0,28550.0,28700.0,89010
202607071315,28700.0,28750.0,28550.0,28650.0,86861
202607071330,28650.0,28850.0,28600.0,28750.0,93733
202607071345,28750.0,28800.0,28650.0,28650.0,31350
202607071415,28700.0,28850.0,28600.0,28850.0,136769
202607071430,28850.0,29050.0,28800.0,29050.0,180375
202607071445,29050.0,29050.0,28900.0,29050.0,158423
202607071500,29050.0,29100.0,28900.0,29000.0,168012
202607071515,29000.0,29150.0,28950.0,29150.0,152581
202607080900,27700.0,28000.0,27100.0,27450.0,833573
202607080915,27450.0,27600.0,27150.0,27450.0,378789
202607080930,27450.0,28100.0,27250.0,28100.0,310589
202607080945,28100.0,28350.0,28000.0,28300.0,159206
202607081000,28300.0,28550.0,28150.0,28300.0,206885
202607081015,28275.0,28350.0,28000.0,28200.0,178265
202607081030,28200.0,28300.0,28000.0,28300.0,157684
202607081045,28300.0,28350.0,28150.0,28200.0,100511
202607081100,28200.0,28250.0,27900.0,27900.0,144005
202607081115,27900.0,28300.0,27850.0,28250.0,144375
202607081130,28250.0,28250.0,28000.0,28150.0,54173
202607081145,28150.0,28250.0,28000.0,28200.0,59267
202607081200,28200.0,28550.0,28150.0,28550.0,104763
202607081215,28550.0,28600.0,28400.0,28475.0,56114
202607081230,28475.0,28550.0,28350.0,28550.0,85419
202607081245,28550.0,28700.0,28400.0,28400.0,109694
202607081300,28450.0,28500.0,28200.0,28300.0,97713
202607081315,28300.0,28400.0,28150.0,28250.0,96029
202607081330,28250.0,28250.0,27900.0,28000.0,147032
202607081345,28000.0,28100.0,27700.0,28050.0,188704
202607081400,28050.0,28250.0,27950.0,28100.0,111777
202607081415,28100.0,28200.0,27800.0,28050.0,144061
202607081430,28000.0,28150.0,27850.0,28150.0,91416
202607081445,28125.0,28300.0,28000.0,28250.0,131974
202607081500,28300.0,28350.0,28150.0,28300.0,149252
202607081515,28300.0,28400.0,28150.0,28150.0,103583
202607090900,27500.0,27650.0,26600.0,27650.0,619313
202607090915,27650.0,27800.0,27400.0,27750.0,141378
202607090930,27700.0,27900.0,27600.0,27800.0,108702
202607090945,27750.0,27900.0,27600.0,27750.0,92631
202607091000,27700.0,27875.0,27600.0,27700.0,89023
202607091015,27750.0,27750.0,27500.0,27525.0,97116
202607091030,27525.0,27550.0,27400.0,27500.0,76047
202607091045,27500.0,27500.0,27100.0,27150.0,141672
202607091100,27150.0,27150.0,26750.0,26850.0,281741
202607091115,26850.0,27175.0,26800.0,27050.0,92323
202607091130,27050.0,27050.0,26700.0,26750.0,141777
202607091145,26800.0,26850.0,26500.0,26650.0,214052
202607091200,26650.0,26700.0,26500.0,26550.0,137674
202607091215,26550.0,26950.0,26400.0,26950.0,221577
202607091230,26950.0,27000.0,26800.0,27000.0,88744
202607091245,27000.0,27000.0,26850.0,26900.0,54363
202607091300,26900.0,26950.0,26800.0,26900.0,51760
202607091315,26850.0,26900.0,26550.0,26750.0,77041
202607091330,26750.0,26850.0,26700.0,26700.0,59592
202607091345,26750.0,26900.0,26650.0,26850.0,79237
202607091400,26850.0,27000.0,26650.0,26800.0,95408
202607091415,26750.0,26800.0,26600.0,26650.0,105464
202607091430,26650.0,26850.0,26550.0,26850.0,92856
202607091445,26850.0,27100.0,26825.0,27100.0,158206
202607091500,27100.0,27100.0,26900.0,27000.0,156427
202607091515,27000.0,27000.0,26800.0,27000.0,34648
202607100900,27350.0,28050.0,27275.0,27850.0,496532
202607100915,27950.0,27950.0,27600.0,27750.0,167462
202607100930,27750.0,27750.0,27500.0,27600.0,87887
202607100945,27600.0,27650.0,27500.0,27550.0,80271
202607101000,27525.0,27550.0,27150.0,27250.0,174301
202607101015,27200.0,27400.0,27200.0,27400.0,118068
202607101030,27350.0,27400.0,27200.0,27350.0,144539
202607101045,27300.0,27500.0,27150.0,27200.0,97161
202607101100,27200.0,27300.0,27150.0,27200.0,83942
202607101115,27250.0,27350.0,27150.0,27300.0,106863
202607101130,27300.0,27350.0,27200.0,27350.0,88719
202607101145,27300.0,27400.0,27250.0,27300.0,65369
202607101200,27300.0,27350.0,27050.0,27100.0,183375
202607101215,27100.0,27100.0,26900.0,26950.0,180767
202607101230,26900.0,27050.0,26900.0,26950.0,138386
202607101245,26950.0,27050.0,26900.0,27050.0,112420
202607101300,27050.0,27050.0,26850.0,26900.0,182975
202607101315,26900.0,26950.0,26850.0,26850.0,100255
202607101330,26900.0,26950.0,26800.0,26900.0,88552
202607101345,26850.0,26900.0,26800.0,26800.0,84295
202607101400,26850.0,26850.0,26750.0,26850.0,94086
202607101415,26850.0,26850.0,26750.0,26800.0,130253
202607101430,26775.0,26850.0,26700.0,26800.0,167284
202607101445,26750.0,26950.0,26750.0,26850.0,140014
202607101500,26900.0,26950.0,26800.0,26850.0,114259
202607101515,26800.0,26900.0,26750.0,26750.0,155491
202607130900,26750.0,26850.0,25950.0,26150.0,465555
202607130915,26150.0,26250.0,26000.0,26150.0,234235
202607130930,26150.0,26150.0,25950.0,26150.0,206328
202607130945,26150.0,26250.0,26050.0,26150.0,129778
202607131000,26150.0,26200.0,25900.0,26100.0,179518
202607131015,26150.0,26200.0,25800.0,25850.0,171355
202607131030,25850.0,26100.0,25850.0,25900.0,101390
202607131045,25900.0,26000.0,25800.0,25800.0,112984
202607131100,25800.0,26000.0,25750.0,25950.0,107570
202607131115,26000.0,26450.0,25900.0,26350.0,125465
202607131130,26350.0,26400.0,26250.0,26300.0,50593
202607131145,26250.0,26300.0,26150.0,26150.0,47158
202607131200,26200.0,26250.0,26000.0,26050.0,58912
202607131215,26000.0,26200.0,25950.0,26050.0,60013
202607131230,26100.0,26100.0,25950.0,26000.0,43685
202607131245,26000.0,26100.0,25900.0,26100.0,61906
202607131300,26100.0,26200.0,25950.0,26050.0,74766
202607131315,26050.0,26150.0,26000.0,26050.0,62382
202607131345,26050.0,26050.0,25850.0,25950.0,71876
202607131400,25950.0,26150.0,25900.0,26000.0,97512
202607131415,26050.0,26100.0,25800.0,25850.0,116661
202607131430,25800.0,26100.0,25800.0,26000.0,106401
202607131445,26000.0,26000.0,25850.0,25950.0,100419
202607131500,25900.0,25950.0,25650.0,25800.0,214414
202607131515,25750.0,25850.0,25700.0,25850.0,127723
202607140900,25700.0,26300.0,25700.0,25950.0,465687
202607140915,25950.0,25950.0,25400.0,25800.0,232545
202607140930,25750.0,25900.0,25500.0,25850.0,148051
202607140945,25850.0,26300.0,25850.0,26200.0,157776
202607141000,26200.0,26400.0,26000.0,26100.0,181114
202607141015,26100.0,26400.0,26000.0,26150.0,204698
202607141030,26200.0,26300.0,26100.0,26200.0,115068
202607141045,26250.0,26250.0,26000.0,26000.0,76572
202607141100,26000.0,26200.0,25850.0,25950.0,105193
202607141115,25950.0,26000.0,25800.0,25900.0,121083
202607141130,25900.0,26250.0,25800.0,26250.0,140653
202607141145,26200.0,26300.0,26150.0,26150.0,114565
202607141200,26150.0,26250.0,25900.0,25950.0,87534
202607141215,25950.0,26150.0,25750.0,26100.0,150768
202607141230,26150.0,26200.0,26000.0,26150.0,112023
202607141245,26150.0,26200.0,26100.0,26200.0,79280
202607141300,26200.0,26200.0,26000.0,26100.0,52674
202607141315,26050.0,26250.0,26000.0,26200.0,103865
202607141330,26200.0,26400.0,26150.0,26350.0,153032
202607141345,26350.0,26600.0,26350.0,26450.0,216021
202607141400,26450.0,26600.0,26400.0,26600.0,158759
202607141415,26600.0,26700.0,26550.0,26700.0,134593
202607141430,26700.0,26700.0,26450.0,26600.0,100739
202607141445,26600.0,26600.0,26450.0,26450.0,88800
202607141500,26450.0,26550.0,26450.0,26450.0,93073
202607141515,26500.0,26550.0,26450.0,26500.0,157446
202607150900,27450.0,27950.0,27350.0,27500.0,682281
202607150915,27550.0,27700.0,27150.0,27300.0,303422
202607150930,27300.0,27325.0,27100.0,27150.0,123079
202607150945,27150.0,27150.0,26650.0,26700.0,233362
202607151000,26725.0,26900.0,26600.0,26900.0,124947
202607151015,26900.0,27000.0,26700.0,26925.0,96771
202607151030,26950.0,26950.0,26700.0,26800.0,81147
202607151045,26800.0,27050.0,26750.0,26950.0,56315
202607151100,27000.0,27050.0,26900.0,26950.0,64631
202607151115,26925.0,27000.0,26750.0,26950.0,60851
202607151130,26950.0,27050.0,26900.0,27050.0,58787
202607151145,27050.0,27050.0,26900.0,27000.0,42657
202607151200,27000.0,27000.0,26850.0,26900.0,46635
202607151215,26900.0,27050.0,26850.0,27000.0,86847
202607151230,27000.0,27050.0,26900.0,26950.0,56951
202607151245,27000.0,27050.0,26900.0,27000.0,62426
202607151300,27000.0,27050.0,26800.0,26850.0,84799
202607151315,26850.0,26900.0,26750.0,26800.0,50364
202607151330,26800.0,26800.0,26600.0,26650.0,91189
202607151345,26650.0,26750.0,26600.0,26700.0,52757
202607151400,26700.0,26750.0,26650.0,26650.0,60966
202607151415,26700.0,26800.0,26500.0,26600.0,97903
202607151430,26550.0,26650.0,26500.0,26650.0,76220
202607151445,26650.0,26750.0,26550.0,26650.0,79613
202607151500,26700.0,26700.0,26550.0,26550.0,109698
202607151515,26550.0,26650.0,26500.0,26650.0,123384
202607160900,26650.0,26950.0,26400.0,26600.0,143935
202607160915,26650.0,27050.0,26500.0,27000.0,153282
202607160930,27000.0,27200.0,26850.0,26950.0,279195
202607160945,26950.0,27100.0,26800.0,26900.0,86664
202607161000,26900.0,26950.0,26700.0,26750.0,97460
202607161015,26850.0,26850.0,26650.0,26750.0,60292
202607161030,26750.0,26850.0,26650.0,26650.0,45792
202607161045,26700.0,26750.0,26500.0,26500.0,57931
202607161100,26550.0,26550.0,26250.0,26300.0,139389
202607161115,26300.0,26550.0,26300.0,26500.0,34793
202607161130,26475.0,26500.0,26250.0,26350.0,246404
202607161145,26350.0,26550.0,26350.0,26550.0,44476
202607161200,26550.0,26600.0,26500.0,26550.0,19302
202607161215,26600.0,26600.0,26450.0,26550.0,46683
202607161230,26550.0,26600.0,26500.0,26550.0,20460
202607161245,26500.0,26600.0,26450.0,26550.0,48442
202607161300,26550.0,26600.0,26400.0,26500.0,33813
202607161315,26550.0,26550.0,26300.0,26350.0,62347
202607161330,26350.0,26450.0,26250.0,26300.0,60557
202607161345,26300.0,26450.0,26300.0,26400.0,26867
202607161400,26425.0,26650.0,26350.0,26650.0,60194
202607161415,26625.0,26700.0,26525.0,26650.0,110898
202607161430,26625.0,26650.0,26300.0,26350.0,139651
202607161445,26350.0,26400.0,26250.0,26325.0,100935
202607161500,26300.0,26400.0,26200.0,26350.0,110161
202607161515,26325.0,26500.0,26300.0,26500.0,172176
202607200900,25600.0,25900.0,25000.0,25550.0,438608
202607200915,25550.0,25700.0,25450.0,25500.0,79770
202607200930,25550.0,25700.0,25500.0,25550.0,84322
202607200945,25500.0,25650.0,25500.0,25600.0,51568
202607201000,25600.0,25650.0,25300.0,25350.0,64841
202607201015,25350.0,25550.0,25300.0,25400.0,65945
202607201030,25350.0,25500.0,25350.0,25350.0,59931
202607201045,25350.0,25450.0,25200.0,25450.0,116804
202607201100,25400.0,25500.0,25250.0,25250.0,56798
202607201115,25300.0,25350.0,25100.0,25250.0,82097
202607201130,25250.0,25400.0,25200.0,25300.0,42545
202607201145,25300.0,25400.0,25250.0,25400.0,37101
202607201200,25350.0,25350.0,25100.0,25250.0,70752
202607201215,25200.0,25250.0,25100.0,25100.0,37438
202607201230,25100.0,25200.0,25100.0,25150.0,36813
202607201245,25150.0,25300.0,25100.0,25200.0,45599
202607201300,25200.0,25250.0,25100.0,25100.0,32089
202607201315,25100.0,25200.0,25050.0,25150.0,67530
202607201330,25200.0,25350.0,25150.0,25300.0,42201
202607201345,25300.0,25350.0,25250.0,25300.0,32631
202607201400,25300.0,25300.0,25050.0,25150.0,64526
202607201415,25150.0,25250.0,25100.0,25200.0,37839
202607201430,25200.0,25300.0,25150.0,25250.0,46966
202607201445,25250.0,25300.0,25150.0,25250.0,66930
202607201500,25250.0,25300.0,25150.0,25250.0,96695
202607201515,25300.0,25350.0,25200.0,25350.0,75511
202607210900,25250.0,25350.0,25000.0,25200.0,128799
202607210915,25150.0,25450.0,25100.0,25250.0,75153
202607210930,25250.0,25300.0,25050.0,25200.0,77626
202607210945,25150.0,25300.0,25150.0,25200.0,75020
202607211000,25200.0,25700.0,25100.0,25700.0,126523
202607211015,25650.0,25700.0,25550.0,25650.0,69379
202607211030,25650.0,25700.0,25450.0,25550.0,62147
202607211045,25550.0,25650.0,25450.0,25550.0,52172
202607211100,25600.0,25750.0,25600.0,25650.0,64225
202607211115,25650.0,25700.0,25550.0,25650.0,42334
202607211130,25650.0,25700.0,25600.0,25650.0,44703
202607211145,25650.0,25700.0,25550.0,25650.0,43984
202607211200,25650.0,25700.0,25550.0,25600.0,58637
202607211215,25650.0,25650.0,25500.0,25500.0,54937
202607211230,25550.0,25600.0,25500.0,25550.0,32868
202607211245,25550.0,25675.0,25500.0,25600.0,54118
202607211300,25600.0,25600.0,25500.0,25600.0,42020
202607211315,25600.0,25600.0,25550.0,25600.0,37911
202607211330,25575.0,25600.0,25500.0,25550.0,48352
202607211345,25600.0,25600.0,25450.0,25450.0,48111
202607211400,25450.0,25500.0,25350.0,25400.0,39358
202607211415,25350.0,25500.0,25300.0,25500.0,54964
202607211430,25450.0,25550.0,25400.0,25450.0,68219
202607211445,25450.0,25500.0,25350.0,25350.0,40295
202607211500,25350.0,25500.0,25300.0,25450.0,74851
202607211515,25400.0,25450.0,25350.0,25350.0,67388
202607220900,25700.0,25900.0,25625.0,25700.0,187758
202607220915,25700.0,25800.0,25500.0,25600.0,102762
202607220930,25550.0,25600.0,25450.0,25550.0,71894
202607220945,25500.0,25650.0,25450.0,25550.0,90515
202607221000,25550.0,25600.0,25450.0,25600.0,48228
202607221015,25600.0,25650.0,25500.0,25550.0,44740
202607221030,25550.0,25600.0,25450.0,25550.0,54726
202607221045,25550.0,25600.0,25500.0,25550.0,44746
202607221100,25550.0,25600.0,25500.0,25500.0,36219
202607221115,25550.0,25550.0,25450.0,25500.0,40015
202607221130,25500.0,25550.0,25450.0,25500.0,29653
202607221145,25450.0,25550.0,25450.0,25450.0,34818
202607221200,25500.0,25550.0,25450.0,25500.0,36225
202607221215,25500.0,25550.0,25400.0,25500.0,59718
202607221230,25500.0,25550.0,25400.0,25500.0,43873
202607221245,25500.0,25550.0,25400.0,25500.0,32723
202607221300,25450.0,25550.0,25400.0,25450.0,42594
202607221315,25450.0,25500.0,25400.0,25450.0,50001
202607221330,25450.0,25450.0,25350.0,25400.0,51050
202607221345,25350.0,25400.0,25250.0,25350.0,98578
202607221400,25400.0,25400.0,25250.0,25250.0,103681
202607221415,25300.0,25300.0,25150.0,25250.0,100338
202607221430,25250.0,25350.0,25150.0,25150.0,74395
202607221445,25150.0,25250.0,25150.0,25250.0,90008
202607221500,25250.0,25250.0,25050.0,25100.0,115059
202607221515,25100.0,25100.0,24900.0,24900.0,236262
202607230900,25000.0,25100.0,24700.0,25100.0,175899
202607230915,25100.0,25250.0,25000.0,25200.0,105953
202607230930,25200.0,25350.0,25150.0,25350.0,110152
202607230945,25325.0,25400.0,25200.0,25300.0,86511
202607231000,25300.0,25500.0,25300.0,25500.0,94619
202607231015,25450.0,25550.0,25400.0,25500.0,111028
202607231030,25450.0,25600.0,25450.0,25500.0,69813
202607231045,25450.0,25700.0,25400.0,25550.0,105289
202607231100,25500.0,25600.0,25400.0,25475.0,32598
202607231115,25450.0,25500.0,25350.0,25350.0,41636
202607231130,25400.0,25500.0,25300.0,25450.0,36621
202607231145,25450.0,25600.0,25400.0,25525.0,29383
202607231200,25525.0,25600.0,25400.0,25400.0,49760
202607231215,25400.0,25600.0,25400.0,25550.0,33296
202607231230,25550.0,25600.0,25500.0,25600.0,30531
202607231245,25600.0,25650.0,25550.0,25600.0,20608
202607231300,25600.0,25650.0,25500.0,25550.0,51826
202607231315,25500.0,25600.0,25400.0,25550.0,65479
202607231330,25550.0,25600.0,25450.0,25550.0,51039
202607231345,25550.0,25600.0,25450.0,25450.0,95710
202607231400,25500.0,25650.0,25400.0,25650.0,104715
202607231415,25650.0,25700.0,25600.0,25650.0,116515
202607231430,25650.0,25825.0,25600.0,25700.0,104695
202607231445,25725.0,25850.0,25650.0,25750.0,74913
202607231500,25750.0,25850.0,25700.0,25850.0,68893
202607231515,25850.0,25850.0,25700.0,25750.0,67939
202607240900,25300.0,25400.0,25200.0,25250.0,149215
202607240915,25275.0,25500.0,25250.0,25300.0,67537
202607240930,25350.0,25500.0,25300.0,25400.0,94974
202607240945,25400.0,25600.0,25350.0,25450.0,157620
202607241000,25500.0,25700.0,25450.0,25450.0,174290
202607241015,25500.0,25650.0,25300.0,25400.0,180745
202607241030,25400.0,25500.0,25300.0,25400.0,236295
202607241045,25400.0,25450.0,25250.0,25300.0,115840
202607241100,25350.0,25400.0,25250.0,25275.0,90815
202607241115,25300.0,25350.0,25200.0,25300.0,104212
202607241130,25300.0,25350.0,25100.0,25100.0,81089
202607241145,25150.0,25150.0,24950.0,25050.0,181956
202607241200,25000.0,25100.0,24900.0,25050.0,98211
202607241215,25050.0,25100.0,24950.0,25000.0,92762
202607241230,25050.0,25200.0,25000.0,25100.0,62311
202607241245,25100.0,25150.0,24950.0,25000.0,148221
202607241300,25000.0,25150.0,24900.0,25100.0,124462
202607241315,25075.0,25200.0,25050.0,25150.0,74810
202607241330,25150.0,25200.0,25100.0,25150.0,54958
202607241345,25100.0,25200.0,25075.0,25150.0,78926
202607241400,25150.0,25450.0,25100.0,25450.0,110337
202607241415,25400.0,25550.0,25300.0,25550.0,159732
202607241430,25550.0,25600.0,25450.0,25500.0,84522
202607241445,25500.0,25550.0,25400.0,25450.0,69019
202607241500,25500.0,25550.0,25400.0,25500.0,88309
202607241515,25500.0,25600.0,25450.0,25450.0,55775
202607270900,26300.0,27350.0,26250.0,27150.0,1178690
202607270915,27150.0,27150.0,26700.0,26850.0,235328
202607270930,26850.0,27000.0,26800.0,26900.0,119850
202607270945,26950.0,26950.0,26700.0,26700.0,114587
202607271000,26750.0,26800.0,26450.0,26550.0,201741
202607271015,26575.0,26650.0,26450.0,26550.0,89516
202607271030,26550.0,26700.0,26500.0,26525.0,99817
202607271045,26525.0,26700.0,26500.0,26600.0,94316
202607271100,26600.0,26600.0,26250.0,26350.0,93131
202607271115,26350.0,26400.0,26150.0,26300.0,74392
202607271130,26300.0,26350.0,26200.0,26250.0,49688
202607271145,26250.0,26300.0,26150.0,26250.0,51785
202607271200,26250.0,26350.0,26150.0,26350.0,48916
202607271215,26350.0,26400.0,26150.0,26150.0,59416
202607271230,26175.0,26250.0,26100.0,26250.0,46869
202607271245,26200.0,26250.0,26050.0,26200.0,59963
202607271300,26200.0,26300.0,26200.0,26300.0,25090
202607271315,26300.0,26400.0,26200.0,26250.0,53107
202607271330,26225.0,26350.0,26150.0,26300.0,30412
202607271345,26350.0,26350.0,26200.0,26300.0,35479
202607271400,26300.0,26350.0,26200.0,26350.0,33415
202607271415,26350.0,26400.0,26250.0,26350.0,46605
202607271430,26350.0,26450.0,26250.0,26450.0,66163
202607271445,26450.0,26500.0,26350.0,26400.0,71227
202607271500,26400.0,26525.0,26350.0,26500.0,88557
202607271515,26500.0,26500.0,26400.0,26450.0,65142
202607280900,26150.0,26350.0,25900.0,25950.0,180181
202607280915,25975.0,25975.0,25550.0,25650.0,202253
202607280930,25650.0,25700.0,25550.0,25575.0,122906
202607280945,25600.0,25650.0,25450.0,25650.0,98527
202607281000,25650.0,25800.0,25600.0,25700.0,58381
202607281030,25700.0,25750.0,25600.0,25650.0,30757
202607281045,25650.0,25700.0,25400.0,25450.0,100815
202607281100,25400.0,25550.0,25350.0,25450.0,69531
202607281115,25500.0,25650.0,25450.0,25600.0,44942
202607281130,25650.0,25650.0,25400.0,25500.0,51212
202607281145,25500.0,25550.0,25400.0,25400.0,62303
202607281200,25450.0,25500.0,25350.0,25450.0,71870
202607281215,25450.0,25600.0,25400.0,25450.0,63108
202607281230,25400.0,25550.0,25350.0,25500.0,48037
202607281245,25450.0,25500.0,25300.0,25350.0,98154
202607281300,25350.0,25450.0,25300.0,25450.0,38740
202607281315,25450.0,25500.0,25300.0,25350.0,43693
202607281330,25350.0,25450.0,25300.0,25450.0,33163
202607281345,25450.0,25550.0,25400.0,25500.0,59840
202607281400,25500.0,25500.0,25350.0,25350.0,60295
202607281415,25350.0,25400.0,25250.0,25300.0,100544
202607281430,25250.0,25350.0,25100.0,25200.0,121586
202607281445,25200.0,25300.0,25100.0,25150.0,64003
202607281500,25100.0,25200.0,25000.0,25200.0,201089
202607281515,25200.0,25250.0,25100.0,25250.0,138619
202607290900,25600.0,25750.0,25350.0,25600.0,203653
202607290915,25600.0,25600.0,25300.0,25500.0,182583
202607290930,25450.0,25700.0,25350.0,25650.0,119966
202607290945,25650.0,25700.0,25500.0,25650.0,42172
202607291000,25650.0,25750.0,25500.0,25550.0,113844
202607291015,25550.0,25750.0,25450.0,25550.0,92020
202607291030,25550.0,25650.0,25250.0,25300.0,97959
202607291045,25300.0,25300.0,24800.0,24900.0,213801
202607291100,24850.0,25050.0,24700.0,24950.0,141245
202607291115,24950.0,25050.0,24850.0,25050.0,72010
202607291130,25000.0,25050.0,24600.0,24650.0,136477
202607291145,24650.0,24650.0,24450.0,24500.0,113922
202607291200,24450.0,24800.0,24300.0,24450.0,118567
202607291215,24450.0,24600.0,24350.0,24450.0,53125
202607291230,24450.0,24450.0,24400.0,24450.0,2057
202607291300,24400.0,24500.0,24200.0,24250.0,168915
202607291315,24250.0,24300.0,24000.0,24000.0,213787
202607291330,24050.0,24250.0,23950.0,24150.0,188281
202607291345,24150.0,24500.0,24100.0,24450.0,155348
202607291400,24400.0,24700.0,24400.0,24600.0,114492
202607291415,24600.0,24650.0,24350.0,24600.0,103341
202607291430,24600.0,24750.0,24500.0,24550.0,116366
202607291445,24550.0,24600.0,24400.0,24450.0,122114
202607291500,24450.0,24500.0,24250.0,24500.0,79174
202607291515,24500.0,24800.0,24450.0,24800.0,147563
202607300900,24800.0,25200.0,24500.0,25100.0,200780
202607300915,25100.0,25150.0,24800.0,24900.0,144442
202607300930,24900.0,25050.0,24750.0,24850.0,95797
202607300945,24850.0,25000.0,24700.0,24750.0,64644
202607301000,24700.0,25050.0,24700.0,25000.0,85320
202607301015,24950.0,25200.0,24900.0,25200.0,76524
202607301030,25200.0,25300.0,25150.0,25200.0,140583
202607301045,25250.0,25300.0,25150.0,25300.0,82943
202607301100,25300.0,25300.0,25200.0,25250.0,39406
202607301115,25200.0,25250.0,25100.0,25150.0,58645
202607301130,25100.0,25150.0,24950.0,25000.0,50978
202607301145,25000.0,25100.0,24800.0,24850.0,74287
202607301200,24850.0,24950.0,24550.0,24600.0,160661
202607301215,24550.0,24700.0,24500.0,24650.0,59375
202607301230,24600.0,24800.0,24600.0,24750.0,48550
202607301245,24700.0,24850.0,24700.0,24700.0,55853
202607301300,24700.0,24850.0,24650.0,24700.0,51116
202607301315,24650.0,24850.0,24650.0,24850.0,69461
202607301330,24850.0,24850.0,24650.0,24650.0,38933
202607301345,24700.0,24800.0,24600.0,24650.0,57567
202607301400,24650.0,24800.0,24550.0,24750.0,74130
202607301415,24750.0,24800.0,24550.0,24600.0,77459
202607301430,24650.0,24800.0,24600.0,24750.0,48301
202607301445,24800.0,24800.0,24450.0,24550.0,159163
202607301500,24550.0,24650.0,24500.0,24600.0,66767
202607301515,24600.0,24700.0,24550.0,24650.0,143157
202607310900,25400.0,25400.0,25050.0,25250.0,207456
202607310915,25250.0,25650.0,25100.0,25650.0,245918
202607310930,25650.0,25750.0,25450.0,25750.0,166664
202607310945,25725.0,25750.0,25500.0,25700.0,81218
202607311000,25700.0,25800.0,25600.0,25750.0,144618
202607311015,25700.0,25800.0,25600.0,25750.0,77908
202607311030,25750.0,26100.0,25700.0,25850.0,300678
202607311045,25825.0,25950.0,25750.0,25900.0,58681
202607311100,25900.0,25900.0,25750.0,25800.0,39302
202607311115,25800.0,26000.0,25750.0,26000.0,87041
202607311130,26000.0,26000.0,25850.0,25900.0,36633
202607311145,25950.0,25950.0,25800.0,25900.0,35989
202607311200,25900.0,25950.0,25800.0,25850.0,37037
202607311215,25850.0,25900.0,25800.0,25850.0,29684
202607311230,25800.0,25850.0,25700.0,25750.0,34209
202607311245,25775.0,25800.0,25700.0,25750.0,32357
202607311300,25700.0,25800.0,25650.0,25750.0,34073
202607311315,25750.0,25850.0,25700.0,25800.0,40167
202607311330,25800.0,25850.0,25700.0,25800.0,65769
202607311345,25800.0,25850.0,25750.0,25800.0,52935
202607311400,25750.0,25800.0,25600.0,25700.0,92730
202607311415,25750.0,25850.0,25650.0,25750.0,123751
202607311430,25750.0,25850.0,25650.0,25750.0,87348
202607311445,25775.0,25950.0,25750.0,25850.0,114487
202607311500,25875.0,25950.0,25800.0,25850.0,89938
202607311515,25900.0,25900.0,25750.0,25900.0,179634
202608030900,26200.0,27000.0,26000.0,26300.0,750534
202608030915,26300.0,26300.0,26050.0,26200.0,222322
202608030930,26150.0,26200.0,25950.0,26000.0,247461
202608030945,26000.0,26150.0,25950.0,26000.0,187570
202608031000,26000.0,26000.0,25800.0,25850.0,139131
202608031015,25850.0,26075.0,25850.0,26050.0,68936
202608031030,26050.0,26100.0,25900.0,26000.0,92142
202608031045,26000.0,26250.0,25950.0,26150.0,83081
202608031100,26150.0,26300.0,26100.0,26300.0,102829
202608031115,26300.0,26300.0,26100.0,26100.0,79119
202608031130,26100.0,26250.0,26100.0,26250.0,37631
202608031145,26250.0,26300.0,26100.0,26150.0,48223
202608031200,26150.0,26150.0,26050.0,26150.0,46734
202608031215,26100.0,26150.0,26000.0,26025.0,44769
202608031230,26000.0,26200.0,25950.0,26100.0,38968
202608031245,26150.0,26150.0,26000.0,26000.0,62557
202608031300,26000.0,26200.0,25950.0,26100.0,52511
202608031315,26150.0,26200.0,26000.0,26050.0,64777
202608031330,26000.0,26050.0,26000.0,26050.0,31859
202608031345,26050.0,26050.0,25950.0,26050.0,57040
202608031400,26050.0,26100.0,25900.0,26000.0,105672
202608031415,26000.0,26150.0,25950.0,26100.0,61157
202608031430,26050.0,26150.0,25950.0,26025.0,76914
202608031445,26000.0,26050.0,25900.0,25950.0,102540
202608031500,25950.0,26100.0,25850.0,26000.0,70441
202608031515,26000.0,26200.0,26000.0,26200.0,163250
202608040900,26250.0,26350.0,26100.0,26200.0,172917
202608040915,26200.0,26200.0,26050.0,26050.0,88070
202608040930,26050.0,26075.0,25900.0,25975.0,93209
202608040945,25950.0,26000.0,25800.0,25800.0,93567
202608041000,25800.0,26050.0,25750.0,26000.0,101082
202608041015,26000.0,26100.0,25900.0,26050.0,35051
202608041030,26000.0,26100.0,26000.0,26100.0,29154
202608041045,26100.0,26200.0,26050.0,26150.0,73817
202608041100,26200.0,26250.0,26000.0,26100.0,37194
202608041115,26100.0,26150.0,26050.0,26100.0,26253
202608041130,26100.0,26100.0,26000.0,26000.0,23599
202608041145,26000.0,26100.0,26000.0,26100.0,15274
202608041200,26100.0,26100.0,25950.0,25950.0,36035
202608041215,25950.0,26050.0,25950.0,26050.0,26799
202608041230,26050.0,26050.0,25900.0,25900.0,36055
202608041245,25900.0,25950.0,25850.0,25950.0,31382
202608041300,25925.0,25950.0,25750.0,25850.0,67513
202608041315,25800.0,25950.0,25800.0,25900.0,29367
202608041330,25900.0,25900.0,25800.0,25900.0,24679
202608041345,25900.0,25900.0,25800.0,25850.0,57534
202608041400,25800.0,25900.0,25750.0,25850.0,68591
202608041415,25825.0,25950.0,25800.0,25950.0,35316
202608041430,25950.0,26050.0,25900.0,25950.0,54152
202608041445,25950.0,26050.0,25900.0,26000.0,58505
202608041500,26050.0,26050.0,25950.0,26050.0,47138
202608041515,26050.0,26100.0,26000.0,26100.0,99568
202608050900,27300.0,27800.0,27125.0,27600.0,1229921
202608050915,27600.0,27700.0,27150.0,27300.0,338632
202608050930,27300.0,27350.0,27200.0,27250.0,128164
202608050945,27275.0,27300.0,27050.0,27150.0,129330
202608051000,27150.0,27200.0,26850.0,26950.0,208003
202608051015,26950.0,27050.0,26850.0,27050.0,89052
202608051030,27050.0,27150.0,26950.0,27150.0,75931
202608051045,27150.0,27200.0,27100.0,27200.0,69671
202608051100,27200.0,27200.0,27100.0,27100.0,36139
202608051115,27150.0,27250.0,27100.0,27150.0,56224
202608051130,27125.0,27150.0,27050.0,27100.0,26791
202608051145,27100.0,27150.0,27050.0,27100.0,20353
202608051200,27100.0,27200.0,27100.0,27150.0,34145
202608051215,27100.0,27200.0,27100.0,27200.0,31113
202608051230,27150.0,27200.0,27150.0,27200.0,19383
202608051245,27150.0,27250.0,27150.0,27250.0,52775
202608051300,27250.0,27250.0,27050.0,27100.0,34584
202608051315,27125.0,27150.0,27050.0,27050.0,20636
202608051330,27100.0,27100.0,27050.0,27100.0,16837
202608051345,27100.0,27100.0,26950.0,27000.0,64631
202608051400,27000.0,27050.0,26900.0,26950.0,90703
202608051415,26925.0,26950.0,26850.0,26950.0,77745
202608051430,26950.0,27050.0,26850.0,27050.0,225180
202608051445,27000.0,27100.0,26950.0,27025.0,162166
202608051500,27025.0,27050.0,26900.0,26950.0,107103
202608051515,26950.0,27000.0,26900.0,26900.0,127856
202608060900,27050.0,27325.0,26850.0,27200.0,416370
202608060915,27250.0,27450.0,27200.0,27450.0,250667
202608060930,27400.0,27550.0,27350.0,27500.0,202804
202608060945,27500.0,27500.0,27300.0,27400.0,120096
202608061000,27350.0,27400.0,27150.0,27200.0,101303
202608061015,27200.0,27200.0,26950.0,27050.0,107592
202608061030,27050.0,27150.0,27000.0,27050.0,71314
202608061045,27100.0,27200.0,27050.0,27100.0,53126
202608061100,27150.0,27250.0,27100.0,27200.0,40993
202608061115,27150.0,27200.0,27100.0,27150.0,25603
202608061130,27150.0,27250.0,27150.0,27175.0,23774
202608061145,27200.0,27250.0,27100.0,27250.0,34079
202608061200,27250.0,27250.0,27100.0,27100.0,22501
202608061215,27150.0,27150.0,27050.0,27100.0,35559
202608061230,27150.0,27200.0,27050.0,27150.0,42586
202608061245,27150.0,27200.0,27050.0,27100.0,52282
202608061300,27100.0,27150.0,27050.0,27150.0,19770
202608061315,27150.0,27200.0,27100.0,27200.0,25125
202608061330,27200.0,27250.0,27150.0,27200.0,51579
202608061345,27200.0,27350.0,27100.0,27350.0,76379
202608061400,27325.0,27400.0,27250.0,27300.0,51606
202608061415,27300.0,27550.0,27250.0,27550.0,209263
202608061430,27550.0,27600.0,27400.0,27500.0,141419
202608061445,27500.0,27550.0,27350.0,27400.0,109382
202608061500,27450.0,27500.0,27350.0,27400.0,98615
202608061515,27450.0,27500.0,27400.0,27500.0,121339
202608070900,27050.0,27300.0,26850.0,26900.0,224966
202608070915,26900.0,26950.0,26650.0,26700.0,183678
202608070930,26700.0,26900.0,26650.0,26850.0,98802
202608070945,26875.0,27150.0,26800.0,27100.0,137906
202608071000,27100.0,27300.0,27050.0,27200.0,110953
202608071015,27175.0,27300.0,26950.0,27200.0,99258
202608071030,27250.0,27250.0,26900.0,27150.0,137507
202608071045,27150.0,27250.0,27050.0,27150.0,53327
202608071100,27150.0,27200.0,27050.0,27100.0,31500
202608071115,27050.0,27150.0,26950.0,27000.0,44311
202608071130,27000.0,27050.0,26950.0,27000.0,24845
202608071145,26950.0,27100.0,26950.0,27050.0,30270
202608071200,27050.0,27150.0,26950.0,27000.0,29180
202608071215,27000.0,27000.0,26850.0,26900.0,44485
202608071230,26850.0,26950.0,26850.0,26900.0,29357
202608071245,26875.0,26950.0,26800.0,26800.0,30167
202608071300,26850.0,26950.0,26800.0,26900.0,31384
202608071315,26950.0,27050.0,26850.0,26950.0,39137
202608071330,26950.0,27000.0,26900.0,26950.0,20443
202608071345,26950.0,27000.0,26950.0,26950.0,18244
202608071400,27000.0,27100.0,26950.0,27000.0,55880
202608071415,27050.0,27100.0,26950.0,26950.0,51937
202608071430,27000.0,27100.0,26900.0,27000.0,44201
202608071445,26950.0,27100.0,26950.0,27100.0,55966
202608071500,27050.0,27150.0,27050.0,27150.0,40468
202608071515,27150.0,27200.0,27100.0,27150.0,92927
202608100900,26950.0,27000.0,26650.0,26700.0,230302
202608100915,26750.0,26750.0,26400.0,26550.0,241698
202608100930,26600.0,26650.0,26500.0,26550.0,52887
202608100945,26525.0,26650.0,26500.0,26600.0,50636
202608101000,26600.0,26650.0,26550.0,26625.0,28025
202608101015,26625.0,26700.0,26550.0,26600.0,55637
202608101030,26600.0,26600.0,26500.0,26550.0,80757
202608101045,26550.0,26650.0,26500.0,26600.0,39741
202608101100,26600.0,26650.0,26500.0,26600.0,40225
202608101115,26600.0,26650.0,26500.0,26550.0,43080
202608101130,26600.0,26700.0,26550.0,26700.0,47383
202608101145,26700.0,26700.0,26600.0,26650.0,27873
202608101200,26650.0,26700.0,26550.0,26650.0,24725
202608101215,26650.0,26700.0,26550.0,26600.0,22780
202608101230,26600.0,26650.0,26550.0,26575.0,21219
202608101245,26600.0,26650.0,26550.0,26550.0,24136
202608101300,26600.0,26600.0,26500.0,26500.0,35065
202608101315,26550.0,26600.0,26500.0,26500.0,58212
202608101330,26525.0,26550.0,26400.0,26500.0,123660
202608101345,26450.0,26550.0,26450.0,26500.0,38838
202608101400,26550.0,26650.0,26500.0,26650.0,48039
202608101415,26600.0,26850.0,26600.0,26850.0,105033
202608101430,26800.0,26900.0,26700.0,26850.0,61387
202608101445,26850.0,26900.0,26800.0,26900.0,58133
202608101500,26850.0,27000.0,26800.0,27000.0,75691
202608101515,26950.0,27000.0,26750.0,26850.0,147762
202608110900,26350.0,26400.0,26050.0,26350.0,175779
202608110915,26350.0,26575.0,26250.0,26500.0,112031
202608110930,26500.0,26550.0,26450.0,26500.0,82993
202608110945,26500.0,26600.0,26400.0,26400.0,54972
202608111000,26400.0,26450.0,26300.0,26400.0,54477
202608111015,26400.0,26500.0,26400.0,26400.0,39977
202608111030,26400.0,26550.0,26400.0,26550.0,41142
202608111045,26525.0,26600.0,26500.0,26500.0,27827
202608111100,26550.0,26600.0,26450.0,26600.0,26033
202608111115,26550.0,26600.0,26400.0,26450.0,26095
202608111130,26500.0,26550.0,26450.0,26550.0,28103
202608111145,26550.0,26550.0,26450.0,26450.0,19154
202608111200,26450.0,26500.0,26450.0,26450.0,18132
202608111215,26450.0,26550.0,26450.0,26525.0,26568
202608111230,26500.0,26550.0,26450.0,26500.0,35624
202608111245,26500.0,26550.0,26450.0,26450.0,24097
202608111300,26500.0,26550.0,26400.0,26450.0,29571
202608111315,26450.0,26500.0,26400.0,26450.0,25589
202608111330,26450.0,26500.0,26400.0,26450.0,34650
202608111345,26450.0,26500.0,26450.0,26500.0,36503
202608111400,26450.0,26750.0,26450.0,26650.0,98172
202608111415,26700.0,26800.0,26600.0,26650.0,63343
202608111430,26650.0,26800.0,26650.0,26700.0,36716
202608111445,26750.0,26750.0,26600.0,26650.0,31038
202608111500,26700.0,26700.0,26600.0,26650.0,34210
202608111515,26650.0,26700.0,26650.0,26650.0,50671
202608120900,26900.0,27000.0,26750.0,26800.0,118131
202608120915,26750.0,26900.0,26750.0,26850.0,70683
202608120930,26800.0,26900.0,26650.0,26700.0,93212
202608120945,26700.0,26850.0,26650.0,26850.0,63607
202608121000,26800.0,26850.0,26700.0,26850.0,33094
202608121015,26800.0,26850.0,26750.0,26800.0,27119
202608121030,26800.0,26850.0,26750.0,26800.0,47970
202608121045,26850.0,26850.0,26750.0,26750.0,69455
202608121100,26800.0,26800.0,26650.0,26650.0,48403
202608121115,26700.0,26800.0,26650.0,26700.0,51545
202608121130,26750.0,26800.0,26650.0,26700.0,69823
202608121145,26650.0,26750.0,26600.0,26600.0,43850
202608121200,26600.0,26700.0,26600.0,26600.0,66218
202608121215,26650.0,26750.0,26600.0,26700.0,33057
202608121230,26650.0,26700.0,26650.0,26700.0,31651
202608121245,26650.0,26750.0,26600.0,26600.0,29453
202608121300,26600.0,26650.0,26550.0,26550.0,72839
202608121315,26550.0,26650.0,26550.0,26550.0,28716
202608121330,26550.0,26600.0,26500.0,26500.0,54463
202608121345,26500.0,26550.0,26500.0,26500.0,37135
202608121400,26550.0,26550.0,26450.0,26500.0,70109
202608121415,26500.0,26550.0,26450.0,26550.0,40587
202608121430,26550.0,26600.0,26500.0,26550.0,43025
202608121445,26600.0,26600.0,26500.0,26550.0,41984
202608121500,26600.0,26650.0,26500.0,26600.0,53013
202608121515,26550.0,26600.0,26500.0,26500.0,65675
202608130900,26800.0,26900.0,26500.0,26550.0,309598
202608130915,26550.0,26600.0,26300.0,26500.0,144239
202608130930,26450.0,26500.0,26350.0,26500.0,93668
202608130945,26450.0,26500.0,26400.0,26450.0,51524
202608131000,26450.0,26450.0,26150.0,26200.0,219180
202608131015,26225.0,26300.0,26150.0,26250.0,98253
202608131030,26300.0,26350.0,26250.0,26300.0,40684
202608131045,26300.0,26350.0,26200.0,26250.0,52273
202608131100,26250.0,26350.0,26250.0,26250.0,39082
202608131115,26250.0,26300.0,26150.0,26200.0,128846
202608131130,26200.0,26250.0,26200.0,26200.0,39767
202608131145,26250.0,26350.0,26200.0,26350.0,40143
202608131200,26300.0,26350.0,26300.0,26350.0,42607
202608131215,26350.0,26350.0,26250.0,26350.0,33829
202608131230,26350.0,26350.0,26250.0,26300.0,25067
202608131245,26300.0,26350.0,26250.0,26350.0,24718
202608131300,26350.0,26350.0,26250.0,26250.0,37041
202608131315,26250.0,26350.0,26200.0,26200.0,66961
202608131330,26250.0,26250.0,26150.0,26150.0,113230
202608131345,26200.0,26250.0,26150.0,26150.0,53613
202608131400,26150.0,26200.0,26100.0,26100.0,80894
202608131415,26100.0,26200.0,26100.0,26150.0,103837
202608131430,26100.0,26150.0,25900.0,25900.0,295630
202608131445,25900.0,26050.0,25900.0,26050.0,157584
202608131500,26050.0,26150.0,26000.0,26100.0,91718
202608131515,26100.0,26150.0,26050.0,26100.0,489765
202608140900,26250.0,26500.0,26200.0,26300.0,196462
202608140915,26350.0,26550.0,26300.0,26500.0,179514
202608140930,26450.0,26550.0,26250.0,26300.0,78754
202608140945,26250.0,26350.0,26200.0,26300.0,61441
202608141000,26300.0,26350.0,26200.0,26250.0,53171
202608141015,26250.0,26350.0,26150.0,26250.0,64488
202608141030,26200.0,26350.0,26200.0,26300.0,36542
202608141045,26250.0,26300.0,26200.0,26200.0,19536
202608141100,26200.0,26300.0,26200.0,26200.0,21725
202608141115,26250.0,26250.0,26100.0,26150.0,99444
202608141130,26200.0,26200.0,26100.0,26150.0,33654
202608141145,26150.0,26150.0,26050.0,26100.0,60333
202608141200,26100.0,26200.0,26100.0,26150.0,28141
202608141215,26200.0,26200.0,26100.0,26150.0,25609
202608141230,26150.0,26200.0,26150.0,26150.0,21328
202608141245,26200.0,26200.0,26100.0,26100.0,27936
202608141300,26150.0,26200.0,26100.0,26150.0,28089
202608141315,26200.0,26250.0,26150.0,26200.0,65054
202608141330,26150.0,26200.0,26150.0,26150.0,39435
202608141345,26150.0,26200.0,26100.0,26150.0,111223
202608141400,26150.0,26250.0,26100.0,26200.0,65531
202608141415,26200.0,26250.0,26200.0,26250.0,34533
202608141430,26250.0,26350.0,26150.0,26300.0,77492
202608141445,26250.0,26300.0,26200.0,26250.0,50547
202608141500,26250.0,26300.0,26200.0,26300.0,38695
202608141515,26250.0,26350.0,26200.0,26300.0,76930
202608180900,25850.0,26000.0,25600.0,25700.0,330476
202608180915,25700.0,25700.0,25500.0,25525.0,220903
202608180930,25525.0,25650.0,25500.0,25650.0,116838
202608180945,25650.0,25750.0,25500.0,25700.0,98090
202608181000,25700.0,25750.0,25650.0,25650.0,42273
202608181015,25700.0,25750.0,25550.0,25550.0,109146
202608181030,25600.0,25650.0,25500.0,25550.0,75211
202608181045,25550.0,25550.0,25450.0,25500.0,114540
202608181100,25475.0,25500.0,25450.0,25450.0,37164
202608181115,25500.0,25500.0,25400.0,25425.0,55127
202608181130,25425.0,25425.0,25350.0,25375.0,114336
202608181145,25350.0,25450.0,25300.0,25450.0,86006
202608181200,25400.0,25450.0,25350.0,25350.0,27241
202608181215,25400.0,25400.0,25350.0,25350.0,35053
202608181230,25400.0,25450.0,25300.0,25400.0,74640
202608181245,25375.0,25400.0,25350.0,25350.0,30928
202608181300,25350.0,25400.0,25300.0,25350.0,56451
202608181315,25350.0,25350.0,25300.0,25300.0,39331
202608181330,25350.0,25400.0,25250.0,25250.0,120472
202608181345,25275.0,25350.0,25200.0,25300.0,95938
202608181400,25300.0,25350.0,25200.0,25250.0,67697
202608181415,25300.0,25300.0,25150.0,25150.0,136147
202608181430,25150.0,25250.0,25100.0,25100.0,153467
202608181445,25150.0,25200.0,25100.0,25100.0,139918
202608181500,25100.0,25200.0,25050.0,25150.0,133832
202608181515,25150.0,25300.0,25150.0,25250.0,142924
202608190900,24700.0,24800.0,24500.0,24600.0,271154
202608190915,24600.0,24650.0,24450.0,24475.0,336671
202608190930,24450.0,24800.0,24400.0,24750.0,129112
202608190945,24750.0,24800.0,24700.0,24800.0,93477
202608191000,24800.0,25050.0,24750.0,25000.0,132364
202608191015,25000.0,25050.0,24950.0,25050.0,50719
202608191030,25050.0,25050.0,24950.0,24950.0,36352
202608191045,25000.0,25050.0,24800.0,24850.0,87896
202608191100,24850.0,24900.0,24750.0,24800.0,38112
202608191115,24750.0,24900.0,24750.0,24800.0,37364
202608191130,24800.0,24900.0,24800.0,24850.0,27638
202608191145,24850.0,24850.0,24750.0,24850.0,25113
202608191200,24800.0,24850.0,24800.0,24850.0,18238
202608191215,24850.0,25000.0,24800.0,24950.0,45809
202608191230,24950.0,25000.0,24900.0,24950.0,24906
202608191245,24900.0,25050.0,24900.0,25000.0,29862
202608191300,25000.0,25000.0,24900.0,24950.0,19130
202608191315,24900.0,25100.0,24900.0,25100.0,49722
202608191330,25100.0,25100.0,25000.0,25050.0,32829
202608191345,25100.0,25100.0,24950.0,25000.0,53748
202608191400,25000.0,25150.0,24950.0,25100.0,54626
202608191415,25050.0,25100.0,24950.0,25000.0,37190
202608191430,25000.0,25050.0,24950.0,24950.0,39119
202608191445,25000.0,25050.0,24900.0,25050.0,50698
202608191500,25000.0,25050.0,24900.0,24950.0,82853
202608191515,24950.0,25100.0,24900.0,25050.0,87773
202608200900,25200.0,25250.0,24900.0,25000.0,162484
202608200915,25025.0,25150.0,25000.0,25100.0,113882
202608200930,25150.0,25250.0,25050.0,25200.0,55385
202608200945,25225.0,25250.0,25100.0,25100.0,46211
202608201000,25100.0,25150.0,25100.0,25100.0,39448
202608201015,25100.0,25200.0,25100.0,25150.0,73869
202608201030,25200.0,25300.0,25150.0,25250.0,59121
202608201045,25200.0,25300.0,25200.0,25250.0,63859
202608201100,25250.0,25300.0,25200.0,25200.0,49539
202608201115,25250.0,25300.0,25150.0,25200.0,52856
202608201130,25150.0,25200.0,25150.0,25150.0,20284
202608201145,25200.0,25250.0,25100.0,25100.0,66930
202608201200,25150.0,25150.0,25100.0,25100.0,35465
202608201215,25150.0,25150.0,25050.0,25100.0,56171
202608201230,25100.0,25100.0,25050.0,25050.0,47829
202608201245,25100.0,25250.0,25050.0,25150.0,80945
202608201300,25200.0,25200.0,25100.0,25150.0,42851
202608201315,25150.0,25250.0,25100.0,25250.0,46638
202608201330,25250.0,25250.0,25150.0,25200.0,38001
202608201345,25200.0,25250.0,25150.0,25150.0,51604
202608201400,25200.0,25200.0,25100.0,25100.0,42205
202608201415,25150.0,25200.0,25050.0,25100.0,47740
202608201430,25100.0,25150.0,25050.0,25100.0,50738
202608201445,25150.0,25200.0,25050.0,25150.0,62619
202608201500,25150.0,25200.0,25050.0,25100.0,60040
202608201515,25050.0,25150.0,25050.0,25050.0,84541
202608210900,24850.0,25300.0,24700.0,25275.0,541208
202608210915,25250.0,25750.0,25250.0,25500.0,737955
202608210930,25550.0,25600.0,25350.0,25500.0,163973
202608210945,25450.0,25550.0,25175.0,25200.0,142538
202608211000,25250.0,25400.0,25100.0,25400.0,141294
202608211015,25400.0,25500.0,25300.0,25300.0,101145
202608211030,25300.0,25400.0,25250.0,25250.0,49466
202608211045,25250.0,25350.0,25200.0,25200.0,65027
202608211100,25200.0,25250.0,25150.0,25150.0,49041
202608211115,25200.0,25500.0,25150.0,25450.0,114659
202608211130,25500.0,25600.0,25400.0,25450.0,104976
202608211145,25500.0,25550.0,25400.0,25500.0,44003
202608211200,25500.0,25600.0,25450.0,25550.0,78232
202608211215,25550.0,25650.0,25550.0,25600.0,78236
202608211230,25650.0,25650.0,25550.0,25600.0,58507
202608211245,25600.0,25600.0,25400.0,25450.0,60783
202608211300,25450.0,25600.0,25450.0,25525.0,47186
202608211315,25525.0,25600.0,25500.0,25550.0,65178
202608211330,25550.0,25700.0,25550.0,25550.0,169793
202608211345,25550.0,25800.0,25550.0,25650.0,268400
202608211400,25650.0,25750.0,25650.0,25750.0,66480
202608211415,25700.0,25850.0,25700.0,25800.0,106054
202608211430,25800.0,25950.0,25750.0,25750.0,193367
202608211445,25750.0,25800.0,25650.0,25650.0,130796
202608211500,25700.0,25850.0,25650.0,25725.0,147283
202608211515,25750.0,25800.0,25700.0,25800.0,135880
202608240900,25850.0,26500.0,25800.0,26450.0,502410
202608240915,26450.0,26450.0,26150.0,26300.0,164106
202608240930,26300.0,26400.0,26200.0,26400.0,175228
202608240945,26400.0,26400.0,26300.0,26350.0,106320
202608241000,26300.0,26350.0,25950.0,26100.0,174449
202608241015,26100.0,26250.0,26050.0,26250.0,75862
202608241030,26250.0,26250.0,26150.0,26250.0,114681
202608241045,26250.0,26300.0,26100.0,26200.0,97311
202608241100,26200.0,26350.0,26050.0,26350.0,176008
202608241115,26300.0,26350.0,26200.0,26350.0,76924
202608241130,26300.0,26350.0,26000.0,26000.0,157554
202608241145,26000.0,26050.0,25950.0,25950.0,60459
202608241200,26000.0,26100.0,25950.0,26050.0,44725
202608241215,26050.0,26050.0,25950.0,25950.0,39619
202608241230,26000.0,26000.0,25900.0,26000.0,68555
202608241245,26000.0,26000.0,25900.0,25950.0,59541
202608241300,25950.0,25950.0,25800.0,25900.0,88917
202608241315,25950.0,26000.0,25850.0,26000.0,61194
202608241330,26000.0,26050.0,25950.0,26050.0,39063
202608241345,26050.0,26100.0,26000.0,26050.0,55020
202608241400,26050.0,26200.0,26050.0,26200.0,46258
202608241415,26175.0,26250.0,26150.0,26150.0,80487
202608241430,26200.0,26200.0,26000.0,26000.0,84446
202608241445,26000.0,26050.0,25900.0,26050.0,93128
202608241500,26050.0,26050.0,25900.0,26050.0,110082
202608241515,26050.0,26100.0,26000.0,26000.0,88120
202608250900,26050.0,26150.0,25750.0,25800.0,157591
202608250915,25750.0,26000.0,25650.0,25925.0,131097
202608250930,25925.0,26150.0,25900.0,26100.0,108325
202608250945,26100.0,26100.0,25900.0,25950.0,69696
202608251000,25950.0,26100.0,25800.0,26050.0,63972
202608251015,26050.0,26100.0,25950.0,26100.0,48482
202608251030,26100.0,26200.0,26050.0,26150.0,127945
202608251045,26150.0,26300.0,26100.0,26150.0,194837
202608251100,26150.0,26200.0,26100.0,26150.0,38970
202608251115,26150.0,26150.0,26050.0,26100.0,35627
202608251130,26100.0,26150.0,26050.0,26100.0,43162
202608251145,26050.0,26100.0,26050.0,26100.0,33957
202608251200,26100.0,26200.0,26050.0,26150.0,53328
202608251215,26150.0,26150.0,26050.0,26150.0,60669
202608251230,26150.0,26150.0,26050.0,26100.0,38624
202608251245,26050.0,26100.0,26000.0,26050.0,34827
202608251300,26050.0,26150.0,26000.0,26075.0,91796
202608251315,26075.0,26150.0,26050.0,26100.0,44517
202608251330,26075.0,26100.0,26000.0,26050.0,64444
202608251345,26100.0,26150.0,26000.0,26100.0,44555
202608251400,26050.0,26350.0,26050.0,26200.0,166031
202608251415,26250.0,26300.0,26150.0,26200.0,96682
202608251430,26250.0,26300.0,26150.0,26200.0,82924
202608251445,26250.0,26300.0,26150.0,26200.0,71461
202608251500,26200.0,26250.0,26150.0,26200.0,43269
202608251515,26200.0,26300.0,26200.0,26300.0,87786
202608260900,27050.0,27500.0,26750.0,27450.0,1096420
202608260915,27450.0,27450.0,27200.0,27250.0,381798
202608260930,27250.0,27400.0,27200.0,27350.0,359443
202608260945,27350.0,27550.0,27275.0,27400.0,512374
202608261000,27450.0,27500.0,27350.0,27450.0,238641
202608261015,27500.0,27500.0,27350.0,27350.0,144534
202608261030,27400.0,27450.0,27350.0,27350.0,104332
202608261045,27350.0,27400.0,27300.0,27400.0,123131
202608261100,27350.0,27500.0,27300.0,27450.0,148178
202608261115,27450.0,27550.0,27450.0,27550.0,167167
202608261130,27550.0,27600.0,27500.0,27550.0,123963
202608261145,27600.0,27600.0,27500.0,27600.0,109253
202608261200,27600.0,27700.0,27550.0,27700.0,128229
202608261215,27700.0,27750.0,27650.0,27650.0,148057
202608261230,27700.0,27700.0,27600.0,27700.0,134891
202608261245,27650.0,27750.0,27600.0,27700.0,97279
202608261300,27700.0,27750.0,27650.0,27750.0,114400
202608261315,27750.0,27750.0,27650.0,27700.0,97750
202608261330,27700.0,27750.0,27650.0,27700.0,95320
202608261345,27700.0,27800.0,27700.0,27800.0,156291
202608261400,27800.0,27900.0,27750.0,27850.0,179107
202608261415,27850.0,27950.0,27750.0,27950.0,233335
202608261430,27900.0,28000.0,27850.0,27950.0,292615
202608261445,27950.0,28200.0,27950.0,28050.0,435790
202608261500,28100.0,28150.0,28000.0,28100.0,190435
202608261515,28100.0,28150.0,28050.0,28150.0,143262
202608270900,28200.0,28600.0,28000.0,28400.0,393224
202608270915,28400.0,28700.0,28300.0,28650.0,391980
202608270930,28650.0,28800.0,28575.0,28700.0,291640
202608270945,28700.0,28750.0,28400.0,28600.0,206157
202608271000,28550.0,28750.0,28400.0,28450.0,191756
202608271015,28400.0,28550.0,28150.0,28450.0,154816
202608271030,28500.0,28500.0,28250.0,28300.0,83443
202608271045,28250.0,28450.0,28200.0,28300.0,65894
202608271100,28300.0,28350.0,28250.0,28350.0,64104
202608271115,28350.0,28350.0,28200.0,28350.0,64385
202608271130,28300.0,28350.0,28250.0,28350.0,49617
202608271145,28350.0,28450.0,28300.0,28400.0,51159
202608271200,28400.0,28400.0,28300.0,28350.0,57227
202608271215,28350.0,28400.0,28300.0,28350.0,37424
202608271230,28350.0,28400.0,28200.0,28300.0,64343
202608271245,28300.0,28300.0,28150.0,28225.0,92960
202608271300,28250.0,28350.0,28200.0,28250.0,57679
202608271315,28250.0,28350.0,28250.0,28300.0,56835
202608271330,28250.0,28300.0,28150.0,28200.0,63083
202608271345,28200.0,28200.0,28050.0,28150.0,86677
202608271400,28175.0,28200.0,28100.0,28150.0,71602
202608271415,28150.0,28300.0,28150.0,28300.0,73193
202608271430,28300.0,28400.0,28200.0,28300.0,102800
202608271445,28350.0,28350.0,28200.0,28200.0,82443
202608271500,28250.0,28250.0,28100.0,28100.0,111254
202608271515,28150.0,28200.0,28100.0,28200.0,62139
202608280900,28200.0,28700.0,27850.0,28550.0,284884
202608280915,28600.0,28800.0,28450.0,28650.0,291527
202608280930,28675.0,28750.0,28450.0,28550.0,197603
202608280945,28550.0,28550.0,28400.0,28500.0,99626
202608281000,28550.0,28550.0,28350.0,28400.0,62276
202608281015,28375.0,28450.0,28300.0,28375.0,97743
202608281030,28400.0,28550.0,28400.0,28500.0,86873
202608281045,28500.0,28700.0,28400.0,28700.0,103796
202608281100,28700.0,28750.0,28600.0,28700.0,65597
202608281115,28700.0,28750.0,28650.0,28700.0,54437
202608281130,28700.0,28700.0,28550.0,28650.0,60044
202608281145,28600.0,28700.0,28600.0,28650.0,34227
202608281200,28650.0,28650.0,28500.0,28550.0,37186
202608281215,28600.0,28600.0,28450.0,28550.0,32638
202608281230,28600.0,28600.0,28500.0,28550.0,39607
202608281245,28550.0,28750.0,28500.0,28725.0,126342
202608281300,28750.0,28800.0,28650.0,28800.0,103047
202608281315,28800.0,28850.0,28750.0,28850.0,189146
202608281330,28850.0,28850.0,28750.0,28850.0,74940
202608281345,28850.0,28850.0,28700.0,28750.0,66870
202608281400,28750.0,28750.0,28650.0,28725.0,72430
202608281415,28725.0,28750.0,28700.0,28750.0,66384
202608281430,28750.0,28750.0,28650.0,28700.0,83176
202608281445,28700.0,28750.0,28600.0,28700.0,93509
202608281500,28650.0,28750.0,28600.0,28750.0,106822
202608281515,28700.0,28800.0,28700.0,28700.0,104045
202608310900,28350.0,28700.0,28050.0,28350.0,340697
202608310915,28350.0,28550.0,28250.0,28400.0,104665
202608310930,28400.0,28500.0,28150.0,28300.0,140155
202608310945,28300.0,28350.0,28150.0,28175.0,83329
202608311000,28200.0,28200.0,28000.0,28050.0,138203
202608311015,28050.0,28100.0,27900.0,28000.0,158687
202608311030,28000.0,28050.0,27950.0,28050.0,39888
202608311045,28050.0,28050.0,27950.0,27950.0,42704
202608311100,27950.0,28200.0,27950.0,28200.0,59328
202608311115,28200.0,28200.0,28100.0,28150.0,20258
202608311130,28100.0,28200.0,28050.0,28100.0,30530
202608311145,28100.0,28150.0,28000.0,28100.0,80954
202608311200,28150.0,28300.0,28100.0,28250.0,49737
202608311215,28250.0,28300.0,28150.0,28150.0,29636
202608311230,28200.0,28200.0,28100.0,28100.0,25725
202608311245,28150.0,28150.0,28050.0,28050.0,29653
202608311300,28100.0,28100.0,28000.0,28000.0,54588
202608311315,28000.0,28050.0,27950.0,28000.0,45648
202608311330,28025.0,28150.0,27950.0,28050.0,62238
202608311345,28050.0,28150.0,28050.0,28100.0,41878
202608311400,28050.0,28150.0,28000.0,28050.0,59493
202608311415,28050.0,28050.0,27900.0,27950.0,118511
202608311430,27950.0,28000.0,27900.0,27950.0,71754
202608311445,27900.0,28050.0,27900.0,28000.0,111594
202608311500,28000.0,28050.0,27950.0,28050.0,68326
202608311515,28050.0,28100.0,27950.0,28100.0,389772
202609010900,27950.0,28550.0,27825.0,28400.0,192663
202609010915,28400.0,28650.0,28200.0,28250.0,160270
202609010930,28250.0,28250.0,28100.0,28150.0,85406
202609010945,28150.0,28300.0,28150.0,28250.0,66598
202609011000,28250.0,28300.0,28150.0,28300.0,77163
202609011015,28250.0,28400.0,28250.0,28350.0,63676
202609011030,28350.0,28450.0,28300.0,28450.0,61232
202609011045,28450.0,28600.0,28400.0,28450.0,130522
202609011100,28450.0,28500.0,28300.0,28400.0,66794
202609011115,28400.0,28400.0,28150.0,28200.0,57695
202609011130,28175.0,28200.0,28050.0,28150.0,61769
202609011145,28150.0,28300.0,28100.0,28200.0,26604
202609011200,28250.0,28300.0,28200.0,28250.0,22609
202609011215,28250.0,28300.0,28200.0,28200.0,15779
202609011230,28250.0,28300.0,28200.0,28250.0,80450
202609011245,28250.0,28400.0,28250.0,28400.0,32491
202609011300,28350.0,28400.0,28300.0,28350.0,48261
202609011315,28300.0,28400.0,28300.0,28400.0,22352
202609011330,28400.0,28400.0,28300.0,28300.0,36021
202609011345,28350.0,28400.0,28300.0,28350.0,36174
202609011400,28300.0,28400.0,28250.0,28350.0,45509
202609011415,28350.0,28550.0,28300.0,28525.0,114106
202609011430,28525.0,28950.0,28500.0,28800.0,273388
202609011445,28800.0,28850.0,28500.0,28850.0,150688
202609011500,28825.0,28950.0,28700.0,28800.0,170585
202609011515,28800.0,28800.0,28650.0,28750.0,115392
202609020900,27850.0,28600.0,27550.0,28500.0,365532
202609020915,28500.0,28700.0,28300.0,28700.0,213992
202609020930,28700.0,28800.0,28550.0,28650.0,177900
202609020945,28650.0,28800.0,28550.0,28600.0,94774
202609021000,28600.0,28800.0,28550.0,28750.0,86511
202609021015,28750.0,28950.0,28600.0,28900.0,127925
202609021030,28900.0,28950.0,28700.0,28750.0,133244
202609021045,28750.0,28750.0,28650.0,28700.0,69150
202609021100,28700.0,28750.0,28550.0,28750.0,79880
202609021115,28750.0,28850.0,28700.0,28700.0,73626
202609021130,28700.0,28850.0,28700.0,28800.0,74129
202609021145,28800.0,28850.0,28750.0,28850.0,68165
202609021200,28800.0,28850.0,28750.0,28850.0,76150
202609021215,28800.0,28850.0,28750.0,28750.0,66632
202609021230,28750.0,28900.0,28750.0,28900.0,54438
202609021245,28900.0,28900.0,28750.0,28800.0,78542
202609021300,28800.0,28850.0,28700.0,28800.0,129902
202609021315,28750.0,28850.0,28700.0,28850.0,81850
202609021330,28850.0,28900.0,28750.0,28850.0,92365
202609021345,28850.0,28900.0,28800.0,28850.0,68898
202609021400,28850.0,28900.0,28750.0,28900.0,114202
202609021415,28900.0,28950.0,28750.0,28850.0,116429
202609021430,28850.0,28900.0,28750.0,28850.0,117574
202609021445,28850.0,28950.0,28700.0,28900.0,251893
202609021500,28875.0,28900.0,28750.0,28900.0,151772
202609021515,28900.0,28900.0,28850.0,28900.0,99680
202609030900,29050.0,29800.0,28950.0,29400.0,512505
202609030915,29400.0,29400.0,28900.0,29250.0,220256
202609030930,29250.0,29600.0,29125.0,29500.0,400275
202609030945,29500.0,29700.0,29250.0,29300.0,237155
202609031000,29250.0,29250.0,29100.0,29200.0,140587
202609031015,29200.0,29250.0,29100.0,29150.0,58563
202609031030,29200.0,29250.0,29050.0,29100.0,82288
202609031045,29100.0,29100.0,28900.0,28950.0,94481
202609031100,28950.0,29150.0,28950.0,29100.0,68130
202609031115,29100.0,29200.0,29050.0,29200.0,42546
202609031130,29150.0,29200.0,29100.0,29150.0,34074
202609031145,29200.0,29250.0,29100.0,29200.0,50694
202609031200,29150.0,29200.0,29100.0,29200.0,31146
202609031215,29200.0,29200.0,29050.0,29100.0,36126
202609031230,29100.0,29200.0,29000.0,29050.0,59945
202609031245,29050.0,29150.0,29000.0,29050.0,30033
202609031300,29100.0,29100.0,29000.0,29100.0,37572
202609031315,29100.0,29100.0,29000.0,29000.0,37894
202609031330,29050.0,29100.0,28950.0,29100.0,59961
202609031345,29050.0,29100.0,29000.0,29000.0,39245
202609031400,29025.0,29050.0,28750.0,28800.0,115690
202609031415,28800.0,28850.0,28500.0,28750.0,269444
202609031430,28750.0,29000.0,28600.0,29000.0,157486
202609031445,28975.0,29150.0,28900.0,29100.0,96846
202609031500,29150.0,29200.0,29050.0,29150.0,99262
202609031515,29150.0,29200.0,29100.0,29150.0,97895
202609040900,29400.0,30500.0,29350.0,30350.0,1378175
202609040915,30350.0,30400.0,29950.0,30200.0,365719
202609040930,30200.0,30250.0,30050.0,30100.0,242277
202609040945,30100.0,30100.0,29850.0,29900.0,152603
202609041000,29950.0,30100.0,29900.0,30075.0,147975
202609041015,30100.0,30150.0,29950.0,29950.0,143247
202609041030,29950.0,30000.0,29900.0,29950.0,134443
202609041045,29950.0,30100.0,29900.0,30050.0,158039
202609041100,30050.0,30100.0,30050.0,30100.0,60498
202609041115,30100.0,30150.0,30000.0,30150.0,186120
202609041130,30150.0,30200.0,30100.0,30200.0,94907
202609041145,30150.0,30200.0,30050.0,30150.0,96576
202609041200,30100.0,30200.0,30050.0,30200.0,74979
202609041215,30200.0,30200.0,30100.0,30150.0,63323
202609041230,30150.0,30200.0,30100.0,30100.0,76058
202609041245,30100.0,30150.0,30050.0,30100.0,79033
202609041300,30150.0,30150.0,30100.0,30150.0,64879
202609041315,30100.0,30200.0,30100.0,30200.0,103160
202609041330,30200.0,30250.0,30100.0,30250.0,201575
202609041345,30250.0,30250.0,30150.0,30200.0,116961
202609041400,30200.0,30200.0,30100.0,30200.0,85809
202609041415,30200.0,30250.0,30100.0,30250.0,168331
202609041430,30200.0,30250.0,30200.0,30250.0,78350
202609041445,30250.0,30300.0,30200.0,30275.0,141051
202609041500,30300.0,30300.0,30200.0,30200.0,152545
202609041515,30250.0,30250.0,30150.0,30200.0,160328
202609070900,30350.0,30900.0,29900.0,30650.0,628516
202609070915,30650.0,30800.0,30300.0,30350.0,383536
202609070930,30350.0,30400.0,30200.0,30250.0,124756
202609070945,30250.0,30300.0,30050.0,30250.0,186290
202609071000,30250.0,30350.0,30150.0,30250.0,98438
202609071015,30200.0,30300.0,30200.0,30200.0,66628
202609071030,30225.0,30250.0,30100.0,30100.0,141832
202609071045,30150.0,30200.0,30050.0,30150.0,60747
202609071100,30150.0,30150.0,30050.0,30125.0,109525
202609071115,30125.0,30200.0,30100.0,30150.0,64118
202609071130,30200.0,30200.0,30100.0,30200.0,54548
202609071145,30150.0,30200.0,30100.0,30200.0,52793
202609071200,30200.0,30250.0,30150.0,30200.0,50717
202609071215,30200.0,30250.0,30150.0,30250.0,52188
202609071230,30250.0,30250.0,30200.0,30250.0,42740
202609071245,30250.0,30250.0,30200.0,30250.0,59471
202609071300,30250.0,30300.0,30200.0,30300.0,61411
202609071315,30300.0,30350.0,30250.0,30350.0,89995
202609071330,30350.0,30350.0,30200.0,30300.0,118569
202609071345,30300.0,30350.0,30250.0,30350.0,68171
202609071400,30350.0,30350.0,30250.0,30300.0,56776
202609071415,30300.0,30300.0,30250.0,30300.0,60840
202609071430,30250.0,30450.0,30250.0,30450.0,172088
202609071445,30450.0,30450.0,30200.0,30400.0,115678
202609071500,30400.0,30400.0,30200.0,30250.0,67016
202609071515,30200.0,30350.0,30200.0,30350.0,106791
202609080900,30600.0,30750.0,30400.0,30550.0,196799
202609080915,30500.0,30650.0,30350.0,30450.0,138177
202609080930,30450.0,30600.0,30400.0,30600.0,99137
202609080945,30600.0,30650.0,30500.0,30600.0,82814
202609081000,30600.0,30600.0,30450.0,30500.0,41623
202609081015,30475.0,30600.0,30450.0,30575.0,54756
202609081030,30600.0,30600.0,30500.0,30500.0,53557
202609081045,30550.0,30600.0,30400.0,30600.0,106984
202609081100,30600.0,30600.0,30500.0,30550.0,39415
202609081115,30550.0,30550.0,30450.0,30450.0,32614
202609081130,30500.0,30500.0,30450.0,30500.0,43302
202609081145,30450.0,30500.0,30450.0,30500.0,42138
202609081200,30500.0,30600.0,30450.0,30600.0,79043
202609081215,30575.0,30600.0,30500.0,30550.0,37530
202609081230,30525.0,30550.0,30450.0,30500.0,36911
202609081245,30500.0,30550.0,30450.0,30500.0,37166
202609081300,30450.0,30500.0,30200.0,30300.0,140909
202609081315,30300.0,30350.0,30100.0,30250.0,129848
202609081330,30250.0,30250.0,30150.0,30250.0,75249
202609081345,30250.0,30500.0,30200.0,30450.0,148823
202609081400,30400.0,30500.0,30300.0,30350.0,69258
202609081415,30400.0,30450.0,30250.0,30300.0,84993
202609081430,30300.0,30300.0,30150.0,30200.0,99179
202609081445,30200.0,30250.0,30050.0,30125.0,172499
202609081500,30100.0,30150.0,30000.0,30100.0,178703
202609081515,30150.0,30150.0,29950.0,30100.0,188839
202609090900,29900.0,30250.0,29900.0,30050.0,243471
202609090915,30050.0,30100.0,29850.0,29950.0,192453
202609090930,29950.0,30100.0,29850.0,29950.0,215364
202609090945,29975.0,30000.0,29850.0,29900.0,140220
202609091000,29900.0,29950.0,29700.0,29750.0,187974
202609091015,29800.0,29850.0,29600.0,29700.0,155938
202609091030,29750.0,29950.0,29700.0,29950.0,119072
202609091045,29950.0,30000.0,29850.0,29900.0,72202
202609091100,29900.0,29950.0,29800.0,29900.0,72460
202609091115,29900.0,29950.0,29850.0,29850.0,58661
202609091130,29850.0,29950.0,29750.0,29950.0,63807
202609091145,29900.0,29950.0,29850.0,29850.0,49758
202609091200,29850.0,29900.0,29800.0,29800.0,54693
202609091215,29800.0,29850.0,29750.0,29800.0,66657
202609091230,29750.0,29800.0,29700.0,29750.0,47005
202609091245,29750.0,29800.0,29700.0,29750.0,67595
202609091300,29750.0,29900.0,29750.0,29850.0,62671
202609091315,29800.0,29900.0,29800.0,29900.0,77781
202609091330,29850.0,29900.0,29800.0,29800.0,58181
202609091345,29800.0,29850.0,29800.0,29850.0,45179
202609091400,29800.0,29850.0,29750.0,29800.0,77539
202609091415,29800.0,29850.0,29700.0,29800.0,189129
202609091430,29800.0,29850.0,29650.0,29750.0,161583
202609091445,29700.0,29850.0,29700.0,29800.0,171099
202609091500,29750.0,29850.0,29700.0,29850.0,182698
202609091515,29850.0,29850.0,29750.0,29800.0,157089
202609100900,29600.0,29650.0,29100.0,29250.0,339265
202609100915,29200.0,29400.0,29000.0,29200.0,261489
202609100930,29200.0,29300.0,29100.0,29250.0,126641
202609100945,29250.0,29700.0,29150.0,29550.0,217635
202609101000,29550.0,29600.0,29100.0,29100.0,110932
202609101015,29150.0,29250.0,29050.0,29050.0,109465
202609101030,29100.0,29150.0,29000.0,29150.0,113967
202609101045,29150.0,29200.0,29050.0,29100.0,63127
202609101100,29100.0,29150.0,29000.0,29050.0,65685
202609101115,29050.0,29200.0,29000.0,29100.0,56578
202609101130,29100.0,29350.0,29100.0,29200.0,88340
202609101145,29200.0,29250.0,29150.0,29150.0,51836
202609101200,29150.0,29250.0,29150.0,29200.0,61431
202609101215,29200.0,29250.0,29150.0,29250.0,37334
202609101230,29200.0,29450.0,29150.0,29350.0,75250
202609101245,29350.0,29450.0,29350.0,29400.0,66233
202609101300,29400.0,29500.0,29350.0,29350.0,47045
202609101315,29350.0,29450.0,29350.0,29350.0,48255
202609101330,29400.0,29400.0,29300.0,29350.0,47986
202609101345,29300.0,29450.0,29300.0,29400.0,51053
202609101400,29400.0,29450.0,29350.0,29400.0,62812
202609101415,29400.0,29450.0,29300.0,29350.0,67723
202609101430,29400.0,29550.0,29300.0,29450.0,94431
202609101445,29500.0,29500.0,29350.0,29400.0,106924
202609101500,29400.0,29500.0,29350.0,29500.0,136173
202609101515,29450.0,29550.0,29450.0,29550.0,1666668
202609110900,28700.0,28800.0,28550.0,28700.0,286313
202609110915,28700.0,28850.0,28600.0,28700.0,186659
202609110930,28700.0,28750.0,28550.0,28650.0,132409
202609110945,28600.0,28800.0,28600.0,28700.0,94500
202609111000,28700.0,28900.0,28550.0,28750.0,149209
202609111015,28750.0,28850.0,28700.0,28750.0,43258
202609111030,28750.0,28800.0,28650.0,28700.0,53006
202609111045,28700.0,28750.0,28650.0,28650.0,39891
202609111100,28700.0,28750.0,28650.0,28700.0,35959
202609111115,28700.0,28750.0,28650.0,28650.0,50190
202609111130,28650.0,28750.0,28600.0,28650.0,51619
202609111145,28650.0,28750.0,28600.0,28700.0,53091
202609111200,28650.0,28700.0,28600.0,28650.0,36638
202609111215,28650.0,28750.0,28650.0,28700.0,42596
202609111230,28650.0,28750.0,28600.0,28700.0,48535
202609111245,28750.0,28750.0,28650.0,28700.0,37428
202609111300,28750.0,28750.0,28600.0,28675.0,35772
202609111315,28675.0,28800.0,28650.0,28800.0,72772
202609111330,28800.0,28800.0,28650.0,28750.0,73223
202609111345,28800.0,28800.0,28650.0,28700.0,61173
202609111400,28650.0,28800.0,28600.0,28750.0,73381
202609111415,28750.0,28800.0,28700.0,28775.0,46701
202609111430,28750.0,28850.0,28675.0,28825.0,72231
202609111445,28800.0,29050.0,28800.0,28900.0,135581
202609111500,28900.0,28950.0,28800.0,28925.0,63746
202609111515,28925.0,29000.0,28875.0,28950.0,66420
202609140900,28550.0,29300.0,28500.0,29150.0,239361
202609140915,29150.0,29200.0,29000.0,29050.0,85963
202609140930,29000.0,29150.0,28950.0,29150.0,63889
202609140945,29150.0,29200.0,28850.0,28950.0,80956
202609141000,28950.0,29100.0,28900.0,29050.0,32850
202609141015,29050.0,29100.0,28850.0,29100.0,157791
202609141030,29100.0,29350.0,29050.0,29325.0,90720
202609141045,29350.0,29500.0,29300.0,29450.0,83909
202609141100,29400.0,29500.0,29350.0,29400.0,38123
202609141115,29400.0,29650.0,29350.0,29650.0,89324
202609141130,29650.0,29800.0,29600.0,29750.0,111418
202609141145,29800.0,29800.0,29700.0,29750.0,48240
202609141200,29750.0,29800.0,29700.0,29800.0,32638
202609141215,29800.0,29800.0,29700.0,29750.0,71374
202609141230,29700.0,29800.0,29700.0,29800.0,34650
202609141245,29800.0,29950.0,29750.0,29900.0,76021
202609141300,29900.0,29900.0,29750.0,29900.0,42245
202609141315,29850.0,29950.0,29800.0,29950.0,34883
202609141330,29950.0,29950.0,29850.0,29900.0,47655
202609141345,29900.0,29900.0,29800.0,29850.0,29871
202609141400,29850.0,29900.0,29675.0,29750.0,61631
202609141415,29700.0,29800.0,29650.0,29750.0,65718
202609141430,29800.0,29850.0,29700.0,29750.0,74911
202609141445,29750.0,29850.0,29700.0,29800.0,76959
202609141500,29800.0,29850.0,29750.0,29800.0,85328
202609141515,29800.0,29850.0,29750.0,29850.0,68378
202609150900,29900.0,30050.0,29600.0,29700.0,143786
202609150915,29700.0,29750.0,29450.0,29575.0,72559
202609150930,29575.0,29600.0,29450.0,29550.0,37059
202609150945,29550.0,29600.0,29500.0,29550.0,39032
202609151000,29550.0,29550.0,29425.0,29475.0,37669
202609151015,29475.0,29550.0,29450.0,29500.0,25310
202609151030,29450.0,29500.0,29350.0,29425.0,50057
202609151045,29425.0,29550.0,29400.0,29500.0,24781
202609151100,29500.0,29550.0,29450.0,29500.0,11155
202609151115,29500.0,29500.0,29400.0,29450.0,12880
202609151130,29450.0,29500.0,29400.0,29450.0,22115
202609151145,29450.0,29450.0,29350.0,29400.0,21784
202609151200,29400.0,29450.0,29350.0,29450.0,33992
202609151215,29450.0,29450.0,29400.0,29450.0,8366
202609151230,29450.0,29450.0,29350.0,29400.0,15046
202609151245,29350.0,29400.0,29300.0,29400.0,41326
202609151300,29400.0,29400.0,29300.0,29400.0,15870
202609151315,29350.0,29450.0,29200.0,29300.0,45953
202609151330,29300.0,29350.0,29250.0,29350.0,24433
202609151345,29300.0,29400.0,29300.0,29400.0,22781
202609151400,29400.0,29400.0,29250.0,29250.0,18798
202609151415,29250.0,29350.0,29250.0,29250.0,24240
202609151430,29300.0,29400.0,29250.0,29400.0,17570
202609151445,29400.0,29450.0,29300.0,29350.0,21404
202609151500,29350.0,29400.0,29300.0,29300.0,24280
202609151515,29300.0,29350.0,29250.0,29350.0,55476
202609160900,29200.0,29200.0,28600.0,28850.0,179062
202609160915,28850.0,28900.0,28700.0,28800.0,68104
202609160930,28800.0,28950.0,28750.0,28950.0,47441
202609160945,28925.0,28925.0,28700.0,28775.0,99475
202609161000,28775.0,28900.0,28700.0,28700.0,65547
202609161015,28725.0,28750.0,28650.0,28700.0,52197
202609161030,28650.0,28750.0,28600.0,28700.0,40350
202609161045,28700.0,28700.0,28600.0,28650.0,36544
202609161100,28700.0,28900.0,28600.0,28900.0,60368
202609161115,28900.0,28900.0,28800.0,28900.0,22773
202609161130,28900.0,28950.0,28850.0,28950.0,44180
202609161145,28950.0,29000.0,28900.0,28950.0,17378
202609161200,28950.0,29050.0,28900.0,28950.0,33722
202609161215,28950.0,28950.0,28850.0,28900.0,22129
202609161230,28900.0,29000.0,28850.0,28950.0,17720
202609161245,28950.0,29000.0,28900.0,29000.0,25917
202609161300,29000.0,29050.0,28850.0,28900.0,36323
202609161315,28900.0,28950.0,28850.0,28900.0,44621
202609161330,28900.0,28950.0,28850.0,28850.0,28747
202609161345,28900.0,28900.0,28800.0,28800.0,20645
202609161400,28850.0,28900.0,28800.0,28900.0,41286
202609161415,28850.0,28900.0,28750.0,28800.0,28208
202609161430,28800.0,28900.0,28800.0,28900.0,37052
202609161445,28900.0,28950.0,28800.0,28900.0,30789
202609161500,28900.0,28950.0,28800.0,28950.0,44007
202609161515,28950.0,29050.0,28800.0,29050.0,102418
202609170900,29100.0,29900.0,29000.0,29850.0,285758
202609170915,29850.0,29950.0,29400.0,29450.0,150605
202609170930,29500.0,29650.0,29400.0,29550.0,83448
202609170945,29500.0,29650.0,29400.0,29450.0,86538
202609171000,29450.0,29500.0,29100.0,29350.0,118758
202609171015,29350.0,29350.0,29200.0,29200.0,36989
202609171030,29250.0,29300.0,29150.0,29200.0,47430
202609171045,29175.0,29400.0,29100.0,29350.0,51914
202609171100,29350.0,29450.0,29300.0,29450.0,33586
202609171115,29450.0,29550.0,29400.0,29400.0,43514
202609171130,29450.0,29500.0,29400.0,29450.0,27774
202609171145,29450.0,29450.0,29375.0,29400.0,18022
202609171200,29450.0,29500.0,29400.0,29450.0,15924
202609171215,29400.0,29500.0,29400.0,29450.0,21703
202609171230,29450.0,29500.0,29400.0,29500.0,22587
202609171245,29500.0,29550.0,29450.0,29450.0,19336
202609171300,29500.0,29500.0,29400.0,29450.0,23357
202609171315,29400.0,29450.0,29350.0,29400.0,30338
202609171330,29450.0,29550.0,29400.0,29525.0,23291
202609171345,29550.0,29600.0,29500.0,29500.0,28026
202609171400,29500.0,29650.0,29500.0,29650.0,49826
202609171415,29650.0,29650.0,29450.0,29500.0,49590
202609171430,29450.0,29550.0,29400.0,29450.0,45409
202609171445,29450.0,29550.0,29400.0,29400.0,40564
202609171500,29450.0,29500.0,29300.0,29350.0,64096
202609171515,29350.0,29450.0,29300.0,29400.0,113733
202609180900,29950.0,29950.0,29300.0,29350.0,128588
202609180915,29350.0,29400.0,29050.0,29175.0,146121
202609180930,29175.0,29250.0,29050.0,29100.0,118527
202609180945,29100.0,29250.0,29100.0,29150.0,44394
202609181000,29150.0,29150.0,29000.0,29050.0,79640
202609181015,29100.0,29200.0,29000.0,29000.0,57973
202609181030,29050.0,29100.0,29000.0,29000.0,37141
202609181045,29000.0,29050.0,28900.0,28950.0,98788
202609181100,29000.0,29000.0,28900.0,28950.0,22547
202609181115,28950.0,29000.0,28900.0,29000.0,17700
202609181130,28975.0,29000.0,28950.0,28950.0,21471
202609181145,29000.0,29000.0,28900.0,29000.0,28855
202609181200,29000.0,29000.0,28950.0,28950.0,47988
202609181215,29000.0,29050.0,28950.0,29000.0,44666
202609181230,29000.0,29100.0,28950.0,29000.0,42222
202609181245,29000.0,29050.0,29000.0,29050.0,22655
202609181300,29050.0,29050.0,29000.0,29050.0,17411
202609181315,29050.0,29050.0,28950.0,29050.0,25235
202609181330,29000.0,29050.0,29000.0,29025.0,15666
202609181345,29025.0,29100.0,29000.0,29100.0,49425
202609181400,29050.0,29100.0,29050.0,29100.0,28539
202609181415,29100.0,29200.0,29050.0,29150.0,65859
202609181430,29100.0,29150.0,29050.0,29100.0,27320
202609181445,29075.0,29250.0,29050.0,29250.0,51331
202609181500,29250.0,29300.0,29100.0,29250.0,98068
202609181515,29250.0,29300.0,29200.0,29300.0,1005883
202609210900,29100.0,29250.0,29000.0,29050.0,59554
202609210915,29000.0,29100.0,28900.0,29050.0,48695
202609210930,29000.0,29050.0,28950.0,29000.0,39889
202609210945,29000.0,29100.0,28900.0,28900.0,88517
202609211000,28950.0,29000.0,28900.0,29000.0,53861
202609211015,29000.0,29000.0,28900.0,28950.0,39398
202609211030,28925.0,29000.0,28900.0,29000.0,17954
202609211045,29000.0,29050.0,28950.0,29000.0,19775
202609211100,29025.0,29050.0,28950.0,29000.0,16690
202609211115,29000.0,29050.0,28900.0,29050.0,32667
202609211130,29050.0,29050.0,28900.0,29000.0,12883
202609211145,28950.0,29000.0,28900.0,28950.0,18643
202609211200,28950.0,29000.0,28900.0,28900.0,21788
202609211215,28950.0,29000.0,28850.0,28850.0,54195
202609211230,28900.0,28950.0,28800.0,28850.0,39691
202609211245,28800.0,28900.0,28800.0,28900.0,26303
202609211300,28900.0,28950.0,28800.0,28850.0,37941
202609211315,28825.0,28900.0,28800.0,28850.0,27385
202609211330,28825.0,28900.0,28800.0,28800.0,25088
202609211345,28850.0,28850.0,28750.0,28750.0,79087
202609211400,28750.0,28800.0,28700.0,28775.0,39546
202609211415,28775.0,28800.0,28750.0,28800.0,38614
202609211430,28775.0,28900.0,28700.0,28800.0,53011
202609211445,28800.0,28850.0,28800.0,28825.0,44822
202609211500,28825.0,28900.0,28800.0,28850.0,50394
202609211515,28825.0,28850.0,28750.0,28850.0,92239
202609220900,29400.0,29550.0,29150.0,29500.0,182516
202609220915,29450.0,29800.0,29400.0,29650.0,181184
202609220930,29650.0,30100.0,29600.0,29950.0,382151
202609220945,29950.0,30250.0,29900.0,30125.0,304366
202609221000,30125.0,30150.0,30000.0,30150.0,97392
202609221015,30100.0,30450.0,30100.0,30400.0,377905
202609221030,30400.0,30450.0,30300.0,30350.0,88086
202609221045,30350.0,30450.0,30300.0,30450.0,163244
202609221100,30400.0,30450.0,30350.0,30400.0,96527
202609221115,30400.0,30500.0,30350.0,30500.0,312415
202609221130,30500.0,30550.0,30450.0,30550.0,168082
202609221145,30550.0,30650.0,30525.0,30650.0,154359
202609221200,30625.0,30750.0,30600.0,30750.0,190786
202609221215,30750.0,30750.0,30700.0,30750.0,113611
202609221230,30700.0,30750.0,30650.0,30700.0,139227
202609221245,30750.0,30750.0,30650.0,30700.0,136488
202609221300,30725.0,30900.0,30650.0,30900.0,438571
202609221315,30900.0,31200.0,30850.0,31150.0,889592
202609221330,31100.0,31200.0,30950.0,31100.0,209540
202609221345,31075.0,31400.0,31050.0,31400.0,424088
202609221400,31400.0,31400.0,30900.0,31050.0,366927
202609221415,31100.0,31100.0,30900.0,31050.0,300547
202609221430,31000.0,31100.0,31000.0,31100.0,144497
202609221445,31100.0,31250.0,31000.0,31250.0,252996
202609221500,31200.0,31350.0,31200.0,31350.0,288662
202609221515,31350.0,31400.0,31300.0,31400.0,327868
202609230900,31300.0,32050.0,31200.0,31950.0,844237
202609230915,32000.0,32100.0,31400.0,31450.0,444269
202609230930,31400.0,31600.0,31300.0,31350.0,174585
202609230945,31350.0,31400.0,31200.0,31200.0,169091
202609231000,31150.0,31300.0,31150.0,31200.0,114407
202609231015,31150.0,31250.0,31150.0,31200.0,100483
202609231030,31250.0,31350.0,31150.0,31350.0,116808
202609231045,31350.0,31700.0,31250.0,31650.0,214873
202609231100,31650.0,31650.0,31450.0,31500.0,77308
202609231115,31500.0,31500.0,31350.0,31425.0,77356
202609231130,31450.0,31450.0,31300.0,31300.0,69423
202609231145,31350.0,31350.0,31250.0,31300.0,66822
202609231200,31250.0,31300.0,31150.0,31200.0,70799
202609231215,31175.0,31250.0,31150.0,31200.0,64021
202609231230,31250.0,31350.0,31200.0,31300.0,53774
202609231245,31300.0,31400.0,31250.0,31400.0,44097
202609231300,31400.0,31450.0,31350.0,31450.0,77364
202609231315,31350.0,31450.0,31350.0,31400.0,56188
202609231330,31350.0,31450.0,31350.0,31350.0,52550
202609231345,31400.0,31600.0,31350.0,31500.0,108523
202609231400,31550.0,31650.0,31500.0,31600.0,140595
202609231415,31650.0,31850.0,31550.0,31750.0,317874
202609231430,31750.0,31750.0,31450.0,31550.0,120061
202609231445,31550.0,31600.0,31400.0,31450.0,90507
202609231500,31400.0,31500.0,31350.0,31450.0,141040
202609231515,31450.0,31500.0,31350.0,31500.0,114921
202609280900,31050.0,31200.0,30800.0,31150.0,279888
202609280915,31150.0,31200.0,31050.0,31150.0,139988
202609280930,31200.0,31250.0,31100.0,31150.0,108576
202609280945,31150.0,31450.0,31150.0,31350.0,124205
202609281000,31350.0,31550.0,31350.0,31500.0,162423
202609281015,31500.0,31500.0,31200.0,31350.0,113233
202609281030,31300.0,31500.0,31300.0,31350.0,133457
202609281045,31350.0,31450.0,31300.0,31350.0,69027
202609281100,31300.0,31450.0,31250.0,31450.0,67868
202609281115,31450.0,31450.0,31350.0,31450.0,82366
202609281130,31450.0,31450.0,31350.0,31450.0,47273
202609281145,31400.0,31475.0,31400.0,31450.0,57266
202609281200,31450.0,31450.0,31350.0,31400.0,46403
202609281215,31400.0,31400.0,31300.0,31400.0,43406
202609281230,31350.0,31400.0,31300.0,31350.0,34237
202609281245,31350.0,31350.0,31250.0,31350.0,56502
202609281300,31350.0,31400.0,31300.0,31350.0,28942
202609281315,31400.0,31450.0,31350.0,31450.0,45872
202609281330,31450.0,31450.0,31350.0,31450.0,85957
202609281345,31450.0,31550.0,31400.0,31500.0,98674
202609281400,31475.0,31500.0,31400.0,31425.0,54020
202609281415,31425.0,31500.0,31400.0,31425.0,84649
202609281430,31425.0,31500.0,31400.0,31400.0,47306
202609281445,31400.0,31550.0,31400.0,31500.0,177298
202609281500,31500.0,31600.0,31450.0,31500.0,347463
202609281515,31500.0,31700.0,31450.0,31700.0,169754
202609290900,31150.0,31350.0,30950.0,31275.0,138059
202609290915,31300.0,31450.0,31150.0,31400.0,73986
202609290930,31400.0,31450.0,31250.0,31400.0,70587
202609290945,31400.0,31500.0,31225.0,31250.0,95057
202609291000,31250.0,31350.0,31200.0,31200.0,56561
202609291015,31200.0,31300.0,31100.0,31200.0,119232
202609291030,31200.0,31300.0,31100.0,31150.0,92479
202609291045,31200.0,31250.0,31150.0,31150.0,51844
202609291100,31150.0,31300.0,31150.0,31250.0,57295
202609291115,31250.0,31250.0,31150.0,31250.0,32203
202609291130,31250.0,31250.0,31150.0,31250.0,43422
202609291145,31250.0,31250.0,31150.0,31200.0,24295
202609291200,31250.0,31300.0,31200.0,31300.0,29489
202609291215,31300.0,31300.0,31200.0,31300.0,48324
202609291230,31300.0,31300.0,31200.0,31275.0,24284
202609291245,31275.0,31300.0,31200.0,31200.0,60581
202609291300,31250.0,31250.0,31150.0,31250.0,85630
202609291315,31250.0,31300.0,31250.0,31300.0,42825
202609291330,31300.0,31350.0,31250.0,31350.0,58287
202609291345,31300.0,31350.0,31200.0,31200.0,36831
202609291400,31250.0,31250.0,31150.0,31225.0,52768
202609291415,31250.0,31250.0,31150.0,31250.0,48431
202609291430,31200.0,31250.0,31150.0,31250.0,54801
202609291445,31150.0,31250.0,31150.0,31200.0,70347
202609291500,31200.0,31350.0,31100.0,31350.0,126943
202609291515,31350.0,31400.0,31200.0,31400.0,146780
202609300900,32350.0,32500.0,31800.0,32050.0,426392
202609300915,32050.0,32050.0,31800.0,31800.0,104601
202609300930,31800.0,31850.0,31650.0,31650.0,136575
202609300945,31700.0,31700.0,31550.0,31600.0,133212
202609301000,31550.0,31700.0,31450.0,31500.0,137796
202609301015,31500.0,31550.0,31450.0,31450.0,50916
202609301030,31500.0,31750.0,31400.0,31675.0,91921
202609301045,31650.0,31800.0,31650.0,31750.0,46163
202609301100,31750.0,31900.0,31700.0,31800.0,75162
202609301115,31800.0,31850.0,31650.0,31700.0,51331
202609301130,31700.0,31700.0,31550.0,31550.0,61951
202609301145,31550.0,31750.0,31550.0,31700.0,29770
202609301200,31700.0,31700.0,31650.0,31700.0,21537
202609301215,31650.0,31750.0,31650.0,31700.0,41064
202609301230,31750.0,31800.0,31650.0,31650.0,38169
202609301245,31650.0,31800.0,31650.0,31750.0,39413
202609301300,31800.0,31950.0,31750.0,31900.0,66896
202609301315,31950.0,32000.0,31900.0,31900.0,84640
202609301330,31950.0,32000.0,31800.0,31850.0,60204
202609301345,31850.0,31900.0,31750.0,31850.0,62634
202609301400,31850.0,31900.0,31800.0,31850.0,63441
202609301415,31850.0,31950.0,31800.0,31950.0,67253
202609301430,31950.0,32000.0,31850.0,31900.0,89403
202609301445,31900.0,31950.0,31850.0,31900.0,63570
202609301500,31900.0,31950.0,31800.0,31950.0,88055
202609301515,31900.0,32000.0,31900.0,32000.0,301014
202610010900,31750.0,31950.0,31500.0,31500.0,110085
202610010915,31500.0,31550.0,31350.0,31550.0,78913
202610010930,31550.0,31550.0,31125.0,31200.0,120701
202610010945,31200.0,31400.0,31100.0,31100.0,62951
202610011000,31100.0,31200.0,31050.0,31200.0,73502
202610011015,31200.0,31225.0,31100.0,31100.0,51668
202610011030,31150.0,31150.0,31000.0,31150.0,81876
202610011045,31100.0,31200.0,31000.0,31050.0,81552
202610011100,31050.0,31100.0,30900.0,31050.0,79406
202610011115,31075.0,31100.0,31000.0,31050.0,38080
202610011130,31050.0,31150.0,31000.0,31050.0,34525
202610011145,31050.0,31100.0,31000.0,31000.0,34901
202610011200,31000.0,31050.0,30900.0,30900.0,59268
202610011215,30950.0,31100.0,30900.0,31050.0,37456
202610011230,31050.0,31050.0,30950.0,31000.0,43926
202610011245,31000.0,31050.0,30950.0,31000.0,35544
202610011300,30950.0,31050.0,30950.0,31050.0,31047
202610011315,31050.0,31225.0,30950.0,31150.0,74263
202610011330,31175.0,31200.0,31050.0,31050.0,47135
202610011345,31100.0,31200.0,31050.0,31100.0,45971
202610011400,31150.0,31300.0,31100.0,31250.0,82553
202610011415,31250.0,31300.0,31150.0,31250.0,59780
202610011430,31200.0,31350.0,31150.0,31300.0,62344
202610011445,31350.0,31400.0,31250.0,31275.0,73442
202610011500,31275.0,31350.0,31100.0,31200.0,76676
202610011515,31150.0,31200.0,31100.0,31200.0,83822
202610020900,30800.0,31100.0,30600.0,30950.0,143164
202610020915,30950.0,30950.0,30550.0,30550.0,112652
202610020930,30575.0,30700.0,30450.0,30500.0,150415
202610020945,30500.0,30600.0,30400.0,30550.0,99053
202610021000,30600.0,30600.0,30450.0,30600.0,62010
202610021015,30600.0,30600.0,30400.0,30400.0,87086
202610021030,30400.0,30550.0,30400.0,30450.0,59133
202610021045,30450.0,30550.0,30400.0,30400.0,61685
202610021100,30400.0,30450.0,30250.0,30300.0,105101
202610021115,30300.0,30500.0,30300.0,30450.0,65422
202610021130,30500.0,30600.0,30400.0,30550.0,35433
202610021145,30550.0,30550.0,30350.0,30400.0,36272
202610021200,30375.0,30400.0,30350.0,30350.0,26026
202610021215,30350.0,30400.0,30250.0,30250.0,46495
202610021230,30275.0,30350.0,30250.0,30300.0,27140
202610021245,30300.0,30350.0,30250.0,30300.0,41929
202610021300,30350.0,30400.0,30300.0,30350.0,29930
202610021315,30350.0,30400.0,30250.0,30250.0,34633
202610021330,30250.0,30350.0,30250.0,30300.0,46706
202610021345,30300.0,30425.0,30300.0,30400.0,30526
202610021400,30400.0,30450.0,30350.0,30350.0,26923
202610021415,30375.0,30400.0,30300.0,30350.0,37860
202610021430,30350.0,30400.0,30300.0,30350.0,36870
202610021445,30350.0,30500.0,30350.0,30400.0,66073
202610021500,30400.0,30550.0,30400.0,30400.0,109340
202610021515,30400.0,30600.0,30350.0,30600.0,98915
202610060900,31400.0,31400.0,30650.0,30650.0,179239
202610060915,30650.0,30800.0,30600.0,30600.0,62012
202610060930,30650.0,30700.0,30600.0,30650.0,47042
202610060945,30700.0,30725.0,30450.0,30600.0,78077
202610061000,30600.0,30700.0,30500.0,30550.0,43954
202610061015,30500.0,30550.0,30400.0,30400.0,55720
202610061030,30400.0,30500.0,30350.0,30350.0,73243
202610061045,30350.0,30350.0,30200.0,30300.0,91305
202610061100,30300.0,30400.0,30200.0,30350.0,55328
202610061115,30400.0,30450.0,30250.0,30400.0,46678
202610061130,30400.0,30400.0,30300.0,30350.0,34460
202610061145,30350.0,30500.0,30300.0,30500.0,22915
202610061200,30500.0,30550.0,30400.0,30500.0,37464
202610061215,30500.0,30500.0,30350.0,30450.0,26265
202610061230,30450.0,30500.0,30400.0,30500.0,20882
202610061245,30450.0,30500.0,30400.0,30500.0,19023
202610061300,30500.0,30550.0,30450.0,30550.0,27152
202610061315,30550.0,30700.0,30500.0,30600.0,46271
202610061330,30600.0,30700.0,30550.0,30700.0,39927
202610061345,30650.0,30750.0,30600.0,30700.0,31988
202610061400,30750.0,30750.0,30650.0,30650.0,33513
202610061415,30650.0,30750.0,30650.0,30700.0,22569
202610061430,30750.0,30800.0,30700.0,30750.0,23598
202610061445,30750.0,30950.0,30700.0,30950.0,79139
202610061500,30950.0,31150.0,30900.0,31100.0,151784
202610061515,31050.0,31150.0,31050.0,31150.0,173931
202610070900,31100.0,31950.0,30900.0,30950.0,387391
202610070915,30950.0,30950.0,30650.0,30675.0,108693
202610070930,30650.0,30800.0,30600.0,30750.0,85792
202610070945,30700.0,30800.0,30700.0,30750.0,34503
202610071000,30775.0,31000.0,30725.0,30950.0,35743
202610071015,30900.0,30950.0,30850.0,30950.0,14732
202610071030,30950.0,31000.0,30900.0,31000.0,26018
202610071045,31000.0,31000.0,30900.0,30900.0,15820
202610071100,30925.0,30950.0,30850.0,30900.0,18568
202610071115,30950.0,31050.0,30900.0,30950.0,40128
202610071130,30950.0,31100.0,30950.0,31100.0,20167
202610071145,31050.0,31100.0,31000.0,31100.0,13506
202610071200,31100.0,31150.0,31050.0,31150.0,19406
202610071215,31150.0,31150.0,31100.0,31100.0,11864
202610071230,31150.0,31150.0,31000.0,31050.0,17053
202610071245,31050.0,31100.0,31000.0,31050.0,15670
202610071300,31050.0,31100.0,30900.0,31100.0,26768
202610071315,31050.0,31150.0,31050.0,31100.0,14569
202610071330,31100.0,31150.0,31000.0,31000.0,16531
202610071345,31050.0,31150.0,30950.0,31000.0,24423
202610071400,30950.0,31100.0,30950.0,31050.0,20388
202610071415,31050.0,31100.0,31000.0,31050.0,23519
202610071430,31100.0,31100.0,30900.0,30975.0,54013
202610071445,30975.0,31000.0,30900.0,30900.0,27027
202610071500,30900.0,30950.0,30800.0,30800.0,46897
202610071515,30800.0,30850.0,30750.0,30850.0,56161
