m15-kis/000080/2026.csv:202610020900,14780.0,14820.0,14720.0,14740.0,2246
m15-kis/000080/2026.csv:202610020915,14740.0,14800.0,14720.0,14760.0,1948
m15-kis/000080/2026.csv:202610020930,14760.0,14810.0,14720.0,14750.0,2060
m15-kis/000080/2026.csv:202610020945,14750.0,14790.0,14730.0,14760.0,1420
m15-kis/000080/2026.csv:202610021000,14750.0,14760.0,14710.0,14750.0,2178
m15-kis/000080/2026.csv:202610021015,14750.0,14770.0,14680.0,14690.0,3371
m15-kis/000080/2026.csv:202610021030,14690.0,14760.0,14690.0,14720.0,615
m15-kis/000080/2026.csv:202610021045,14730.0,14740.0,14710.0,14720.0,709
m15-kis/000080/2026.csv:202610021100,14730.0,14740.0,14720.0,14730.0,276
m15-kis/000080/2026.csv:202610021115,14740.0,14740.0,14720.0,14740.0,807
m15-kis/000080/2026.csv:202610021130,14730.0,14740.0,14720.0,14730.0,632
m15-kis/000080/2026.csv:202610021145,14730.0,14730.0,14720.0,14720.0,453
m15-kis/000080/2026.csv:202610021200,14730.0,14750.0,14730.0,14740.0,1168
m15-kis/000080/2026.csv:202610021215,14740.0,14750.0,14730.0,14730.0,271
m15-kis/000080/2026.csv:202610021230,14730.0,14770.0,14730.0,14750.0,343
m15-kis/000080/2026.csv:202610021245,14750.0,14760.0,14740.0,14760.0,471
m15-kis/000080/2026.csv:202610021300,14760.0,14760.0,14750.0,14760.0,147
m15-kis/000080/2026.csv:202610021315,14760.0,14800.0,14760.0,14770.0,778
m15-kis/000080/2026.csv:202610021330,14770.0,14790.0,14740.0,14740.0,781
m15-kis/000080/2026.csv:202610021345,14750.0,14760.0,14720.0,14760.0,1369
m15-kis/000080/2026.csv:202610021400,14760.0,14760.0,14730.0,14730.0,755
m15-kis/000080/2026.csv:202610021415,14740.0,14740.0,14720.0,14730.0,1112
m15-kis/000080/2026.csv:202610021430,14730.0,14760.0,14720.0,14760.0,1167
m15-kis/000080/2026.csv:202610021445,14760.0,14760.0,14740.0,14740.0,1049
m15-kis/000080/2026.csv:202610021500,14760.0,14770.0,14740.0,14750.0,1221
m15-kis/000080/2026.csv:202610021515,14750.0,14770.0,14740.0,14770.0,2288
m15-kis/000100/2026.csv:202610020900,74500.0,75100.0,74100.0,74100.0,5039
m15-kis/000100/2026.csv:202610020915,74100.0,74200.0,73600.0,74000.0,9355
m15-kis/000100/2026.csv:202610020930,74000.0,74000.0,73700.0,73800.0,4278
m15-kis/000100/2026.csv:202610020945,73800.0,73900.0,73700.0,73900.0,4329
m15-kis/000100/2026.csv:202610021000,73800.0,74200.0,73700.0,74000.0,4571
m15-kis/000100/2026.csv:202610021015,74000.0,74100.0,73600.0,73700.0,4380
m15-kis/000100/2026.csv:202610021030,73700.0,73700.0,73500.0,73600.0,8020
m15-kis/000100/2026.csv:202610021045,73650.0,73900.0,73600.0,73800.0,2270
m15-kis/000100/2026.csv:202610021100,73800.0,73800.0,73600.0,73800.0,2213
m15-kis/000100/2026.csv:202610021115,73800.0,73800.0,73500.0,73700.0,4295
m15-kis/000100/2026.csv:202610021130,73700.0,73800.0,73600.0,73800.0,2136
m15-kis/000100/2026.csv:202610021145,73800.0,73800.0,73600.0,73800.0,2984
m15-kis/000100/2026.csv:202610021200,73700.0,73800.0,73500.0,73600.0,7077
m15-kis/000100/2026.csv:202610021215,73500.0,73600.0,73500.0,73500.0,483
m15-kis/000100/2026.csv:202610021230,73600.0,73600.0,73500.0,73600.0,1870
m15-kis/000100/2026.csv:202610021245,73600.0,73600.0,73300.0,73500.0,5506
m15-kis/000100/2026.csv:202610021300,73400.0,73500.0,73300.0,73400.0,2740
m15-kis/000100/2026.csv:202610021315,73400.0,73700.0,73400.0,73600.0,3610
m15-kis/000100/2026.csv:202610021330,73600.0,73800.0,73600.0,73800.0,3600
m15-kis/000100/2026.csv:202610021345,73800.0,73800.0,73600.0,73700.0,3959
m15-kis/000100/2026.csv:202610021400,73700.0,73900.0,73600.0,73800.0,3010
m15-kis/000100/2026.csv:202610021415,73700.0,73800.0,73600.0,73700.0,4258
m15-kis/000100/2026.csv:202610021430,73700.0,73900.0,73600.0,73800.0,3492
m15-kis/000100/2026.csv:202610021445,73800.0,73900.0,73600.0,73900.0,6593
m15-kis/000100/2026.csv:202610021500,73800.0,74000.0,73700.0,73800.0,6486
m15-kis/000100/2026.csv:202610021515,73800.0,74100.0,73800.0,74100.0,8767
m15-kis/000120/2026.csv:202610020900,69900.0,70100.0,69700.0,69900.0,1380
m15-kis/000120/2026.csv:202610020915,69900.0,70000.0,69700.0,69900.0,1238
m15-kis/000120/2026.csv:202610020930,69800.0,70000.0,69800.0,69900.0,875
m15-kis/000120/2026.csv:202610020945,69900.0,70000.0,69700.0,70000.0,242
m15-kis/000120/2026.csv:202610021000,69900.0,70000.0,69800.0,69900.0,654
m15-kis/000120/2026.csv:202610021015,69900.0,70000.0,69700.0,69700.0,669
m15-kis/000120/2026.csv:202610021030,69800.0,69800.0,69600.0,69700.0,1044
m15-kis/000120/2026.csv:202610021045,69700.0,69900.0,69700.0,69700.0,1376
m15-kis/000120/2026.csv:202610021100,69800.0,69800.0,69700.0,69800.0,592
m15-kis/000120/2026.csv:202610021115,69800.0,69900.0,69700.0,69700.0,641
m15-kis/000120/2026.csv:202610021130,69800.0,69800.0,69700.0,69700.0,417
m15-kis/000120/2026.csv:202610021145,69700.0,69800.0,69700.0,69700.0,652
m15-kis/000120/2026.csv:202610021200,69700.0,69800.0,69700.0,69800.0,407
m15-kis/000120/2026.csv:202610021215,69800.0,69900.0,69700.0,69700.0,1061
m15-kis/000120/2026.csv:202610021230,69700.0,69800.0,69700.0,69700.0,446
m15-kis/000120/2026.csv:202610021245,69700.0,69800.0,69700.0,69750.0,777
m15-kis/000120/2026.csv:202610021300,69750.0,69900.0,69700.0,69800.0,1088
m15-kis/000120/2026.csv:202610021315,69900.0,70400.0,69800.0,70200.0,2988
m15-kis/000120/2026.csv:202610021330,70300.0,70300.0,70100.0,70200.0,1711
m15-kis/000120/2026.csv:202610021345,70100.0,70200.0,70000.0,70100.0,1524
m15-kis/000120/2026.csv:202610021400,70100.0,70300.0,70100.0,70200.0,1938
m15-kis/000120/2026.csv:202610021415,70100.0,70300.0,70100.0,70200.0,1742
m15-kis/000120/2026.csv:202610021430,70200.0,70300.0,70100.0,70200.0,1762
m15-kis/000120/2026.csv:202610021445,70200.0,70600.0,70200.0,70400.0,2779
m15-kis/000120/2026.csv:202610021500,70400.0,70600.0,70400.0,70600.0,2331
m15-kis/000120/2026.csv:202610021515,70600.0,70800.0,70500.0,70700.0,1704
m15-kis/000150/2026.csv:202610020900,1347000.0,1351000.0,1327000.0,1338000.0,13386
m15-kis/000150/2026.csv:202610020915,1339000.0,1339000.0,1328000.0,1336000.0,8678
m15-kis/000150/2026.csv:202610020930,1332000.0,1338000.0,1327000.0,1328000.0,5127
m15-kis/000150/2026.csv:202610020945,1329000.0,1333000.0,1328000.0,1328000.0,4513
m15-kis/000150/2026.csv:202610021000,1329000.0,1329000.0,1315000.0,1317000.0,8808
m15-kis/000150/2026.csv:202610021015,1317000.0,1317000.0,1304000.0,1304000.0,13284
m15-kis/000150/2026.csv:202610021030,1304000.0,1309000.0,1298000.0,1298000.0,8626
m15-kis/000150/2026.csv:202610021045,1298000.0,1301000.0,1295000.0,1295000.0,5496
m15-kis/000150/2026.csv:202610021100,1295000.0,1300000.0,1289000.0,1299000.0,6051
m15-kis/000150/2026.csv:202610021115,1299000.0,1305000.0,1298000.0,1303000.0,3943
m15-kis/000150/2026.csv:202610021130,1302500.0,1303000.0,1295000.0,1297000.0,2193
m15-kis/000150/2026.csv:202610021145,1298000.0,1300000.0,1293000.0,1298000.0,2281
m15-kis/000150/2026.csv:202610021200,1298000.0,1305000.0,1295000.0,1300000.0,3138
m15-kis/000150/2026.csv:202610021215,1300500.0,1303000.0,1298000.0,1300000.0,2109
m15-kis/000150/2026.csv:202610021230,1300000.0,1300000.0,1289000.0,1290000.0,4995
m15-kis/000150/2026.csv:202610021245,1291000.0,1294000.0,1287000.0,1287000.0,5259
m15-kis/000150/2026.csv:202610021300,1288000.0,1289000.0,1286000.0,1288000.0,3897
m15-kis/000150/2026.csv:202610021315,1288000.0,1297000.0,1287000.0,1297000.0,2769
m15-kis/000150/2026.csv:202610021330,1296000.0,1313000.0,1296000.0,1308000.0,6754
m15-kis/000150/2026.csv:202610021345,1308000.0,1324000.0,1308000.0,1324000.0,5446
m15-kis/000150/2026.csv:202610021400,1324000.0,1337000.0,1322000.0,1334000.0,7023
m15-kis/000150/2026.csv:202610021415,1333000.0,1336000.0,1329000.0,1330000.0,3908
m15-kis/000150/2026.csv:202610021430,1330000.0,1335000.0,1320000.0,1334000.0,6041
m15-kis/000150/2026.csv:202610021445,1335000.0,1335000.0,1331000.0,1333000.0,4499
m15-kis/000150/2026.csv:202610021500,1333000.0,1341500.0,1333000.0,1340000.0,5589
m15-kis/000150/2026.csv:202610021515,1341000.0,1342000.0,1340000.0,1341000.0,4623
m15-kis/000210/2026.csv:202610020900,48250.0,48500.0,48050.0,48200.0,822
m15-kis/000210/2026.csv:202610020915,48350.0,48350.0,47700.0,47800.0,1975
m15-kis/000210/2026.csv:202610020930,47800.0,48100.0,47800.0,48000.0,2322
m15-kis/000210/2026.csv:202610020945,48050.0,48150.0,47950.0,48100.0,726
m15-kis/000210/2026.csv:202610021000,48100.0,48250.0,47950.0,48150.0,2668
m15-kis/000210/2026.csv:202610021015,48100.0,48200.0,47850.0,47900.0,599
m15-kis/000210/2026.csv:202610021030,47900.0,48150.0,47850.0,48050.0,1537
m15-kis/000210/2026.csv:202610021045,48050.0,48250.0,48050.0,48250.0,172
m15-kis/000210/2026.csv:202610021100,48250.0,48475.0,48200.0,48400.0,731
m15-kis/000210/2026.csv:202610021115,48400.0,48650.0,48400.0,48450.0,600
m15-kis/000210/2026.csv:202610021130,48450.0,48700.0,48450.0,48600.0,317
m15-kis/000210/2026.csv:202610021145,48450.0,48850.0,48300.0,48450.0,2644
m15-kis/000210/2026.csv:202610021200,48500.0,48750.0,48350.0,48350.0,662
m15-kis/000210/2026.csv:202610021215,48350.0,48350.0,48150.0,48150.0,644
m15-kis/000210/2026.csv:202610021230,48100.0,48550.0,48100.0,48150.0,646
m15-kis/000210/2026.csv:202610021245,48150.0,48400.0,48000.0,48350.0,527
m15-kis/000210/2026.csv:202610021300,48150.0,48350.0,47950.0,48200.0,1644
m15-kis/000210/2026.csv:202610021315,48150.0,48350.0,48150.0,48200.0,384
m15-kis/000210/2026.csv:202610021330,48250.0,48400.0,48250.0,48350.0,1068
m15-kis/000210/2026.csv:202610021345,48350.0,48650.0,48250.0,48600.0,1608
m15-kis/000210/2026.csv:202610021400,48650.0,48700.0,48400.0,48700.0,1199
m15-kis/000210/2026.csv:202610021415,48750.0,48800.0,48650.0,48700.0,767
m15-kis/000210/2026.csv:202610021430,48700.0,48800.0,48650.0,48800.0,309
m15-kis/000210/2026.csv:202610021445,48750.0,48850.0,48700.0,48750.0,1173
m15-kis/000210/2026.csv:202610021500,48750.0,48850.0,48700.0,48750.0,1477
m15-kis/000210/2026.csv:202610021515,48800.0,48900.0,48750.0,48850.0,1216
m15-kis/000240/2026.csv:202610020900,25050.0,25300.0,25050.0,25150.0,849
m15-kis/000240/2026.csv:202610020915,25150.0,25300.0,25150.0,25300.0,1191
m15-kis/000240/2026.csv:202610020930,25300.0,25300.0,25200.0,25300.0,555
m15-kis/000240/2026.csv:202610020945,25300.0,25450.0,25250.0,25350.0,1794
m15-kis/000240/2026.csv:202610021000,25400.0,25450.0,25350.0,25400.0,678
m15-kis/000240/2026.csv:202610021015,25350.0,25400.0,25250.0,25250.0,1282
m15-kis/000240/2026.csv:202610021030,25250.0,25400.0,25250.0,25350.0,1201
m15-kis/000240/2026.csv:202610021045,25350.0,25450.0,25300.0,25400.0,1304
m15-kis/000240/2026.csv:202610021100,25400.0,25500.0,25350.0,25450.0,1222
m15-kis/000240/2026.csv:202610021115,25450.0,25550.0,25300.0,25450.0,2948
m15-kis/000240/2026.csv:202610021130,25450.0,25500.0,25400.0,25450.0,723
m15-kis/000240/2026.csv:202610021145,25450.0,25500.0,25400.0,25400.0,437
m15-kis/000240/2026.csv:202610021200,25400.0,25500.0,25400.0,25450.0,844
m15-kis/000240/2026.csv:202610021215,25450.0,25500.0,25400.0,25400.0,280
m15-kis/000240/2026.csv:202610021230,25450.0,25450.0,25400.0,25400.0,604
m15-kis/000240/2026.csv:202610021245,25400.0,25500.0,25300.0,25300.0,588
m15-kis/000240/2026.csv:202610021300,25300.0,25350.0,25300.0,25300.0,216
m15-kis/000240/2026.csv:202610021315,25350.0,25450.0,25250.0,25400.0,4619
m15-kis/000240/2026.csv:202610021330,25400.0,25450.0,25350.0,25350.0,573
m15-kis/000240/2026.csv:202610021345,25350.0,25400.0,25300.0,25400.0,1042
m15-kis/000240/2026.csv:202610021400,25400.0,25400.0,25300.0,25300.0,618
m15-kis/000240/2026.csv:202610021415,25300.0,25400.0,25300.0,25300.0,1063
m15-kis/000240/2026.csv:202610021430,25350.0,25350.0,25250.0,25300.0,750
m15-kis/000240/2026.csv:202610021445,25300.0,25400.0,25300.0,25350.0,1091
m15-kis/000240/2026.csv:202610021500,25350.0,25450.0,25350.0,25350.0,1877
m15-kis/000240/2026.csv:202610021515,25400.0,25450.0,25400.0,25450.0,2998
m15-kis/000250/2026.csv:202610020900,197600.0,219500.0,197600.0,204500.0,71473
m15-kis/000250/2026.csv:202610020915,204500.0,204500.0,200000.0,201000.0,15909
m15-kis/000250/2026.csv:202610020930,201000.0,201000.0,197400.0,197800.0,20439
m15-kis/000250/2026.csv:202610020945,197800.0,198300.0,195700.0,196800.0,15611
m15-kis/000250/2026.csv:202610021000,196900.0,197800.0,194300.0,197300.0,15391
m15-kis/000250/2026.csv:202610021015,197300.0,197300.0,195800.0,196700.0,8115
m15-kis/000250/2026.csv:202610021030,196700.0,197550.0,195100.0,195600.0,8883
m15-kis/000250/2026.csv:202610021045,195600.0,196300.0,194600.0,196100.0,6558
m15-kis/000250/2026.csv:202610021100,196000.0,197100.0,195900.0,195900.0,3325
m15-kis/000250/2026.csv:202610021115,195900.0,197200.0,195300.0,196700.0,3019
m15-kis/000250/2026.csv:202610021130,196800.0,198400.0,196300.0,197100.0,5803
m15-kis/000250/2026.csv:202610021145,197200.0,202500.0,197200.0,202500.0,8960
m15-kis/000250/2026.csv:202610021200,202500.0,203000.0,200500.0,200500.0,5444
m15-kis/000250/2026.csv:202610021215,200500.0,204500.0,200500.0,203000.0,6324
m15-kis/000250/2026.csv:202610021230,202500.0,204500.0,202500.0,203000.0,9923
m15-kis/000250/2026.csv:202610021245,203000.0,206000.0,202500.0,206000.0,6588
m15-kis/000250/2026.csv:202610021300,206000.0,207500.0,203500.0,205500.0,10458
m15-kis/000250/2026.csv:202610021315,205500.0,206500.0,204500.0,206000.0,4337
m15-kis/000250/2026.csv:202610021330,206000.0,211500.0,205500.0,210000.0,15883
m15-kis/000250/2026.csv:202610021345,210000.0,210500.0,207500.0,208000.0,5036
m15-kis/000250/2026.csv:202610021400,208000.0,209500.0,206000.0,208000.0,6649
m15-kis/000250/2026.csv:202610021415,208000.0,209000.0,206500.0,207500.0,5109
m15-kis/000250/2026.csv:202610021430,207500.0,207500.0,205500.0,206000.0,5337
m15-kis/000250/2026.csv:202610021445,206000.0,207000.0,206000.0,206000.0,5372
m15-kis/000250/2026.csv:202610021500,206000.0,208000.0,206000.0,207000.0,6104
m15-kis/000250/2026.csv:202610021515,207000.0,207500.0,206000.0,207000.0,5914
m15-kis/000270/2026.csv:202610020900,111200.0,112600.0,111200.0,112100.0,43920
m15-kis/000270/2026.csv:202610020915,112100.0,112500.0,111800.0,112000.0,35316
m15-kis/000270/2026.csv:202610020930,112000.0,112600.0,112000.0,112300.0,35157
m15-kis/000270/2026.csv:202610020945,112400.0,112900.0,112300.0,112700.0,29813
m15-kis/000270/2026.csv:202610021000,112600.0,112700.0,112100.0,112700.0,25894
m15-kis/000270/2026.csv:202610021015,112700.0,112700.0,112100.0,112100.0,20993
m15-kis/000270/2026.csv:202610021030,112200.0,112200.0,111900.0,111900.0,21427
m15-kis/000270/2026.csv:202610021045,111900.0,112500.0,111900.0,112000.0,26405
m15-kis/000270/2026.csv:202610021100,112000.0,112400.0,112000.0,112300.0,19548
m15-kis/000270/2026.csv:202610021115,112300.0,112400.0,112000.0,112100.0,21214
m15-kis/000270/2026.csv:202610021130,112100.0,112200.0,112000.0,112100.0,14201
m15-kis/000270/2026.csv:202610021145,112200.0,112300.0,112100.0,112200.0,16055
m15-kis/000270/2026.csv:202610021200,112200.0,112400.0,112100.0,112400.0,17136
m15-kis/000270/2026.csv:202610021215,112400.0,112400.0,112000.0,112000.0,15891
m15-kis/000270/2026.csv:202610021230,112000.0,112200.0,112000.0,112000.0,13408
m15-kis/000270/2026.csv:202610021245,112000.0,112100.0,111800.0,111900.0,14545
m15-kis/000270/2026.csv:202610021300,111900.0,112100.0,111800.0,111900.0,26093
m15-kis/000270/2026.csv:202610021315,111900.0,112000.0,111800.0,112000.0,18899
m15-kis/000270/2026.csv:202610021330,111900.0,112100.0,111800.0,112000.0,20095
m15-kis/000270/2026.csv:202610021345,111900.0,112200.0,111800.0,112200.0,26598
m15-kis/000270/2026.csv:202610021400,112200.0,112200.0,111900.0,111900.0,20720
m15-kis/000270/2026.csv:202610021415,112000.0,112100.0,111800.0,111900.0,23974
m15-kis/000270/2026.csv:202610021430,111900.0,112000.0,111800.0,112000.0,26477
m15-kis/000270/2026.csv:202610021445,112000.0,112400.0,111900.0,112400.0,39850
m15-kis/000270/2026.csv:202610021500,112400.0,112700.0,112300.0,112500.0,35523
m15-kis/000270/2026.csv:202610021515,112500.0,112900.0,112400.0,112900.0,94458
m15-kis/000400/2026.csv:202610020900,2145.0,2250.0,2145.0,2240.0,189279
m15-kis/000400/2026.csv:202610020915,2235.0,2255.0,2210.0,2220.0,91203
m15-kis/000400/2026.csv:202610020930,2215.0,2230.0,2200.0,2200.0,20813
m15-kis/000400/2026.csv:202610020945,2205.0,2280.0,2205.0,2245.0,190607
m15-kis/000400/2026.csv:202610021000,2247.0,2285.0,2245.0,2255.0,89192
m15-kis/000400/2026.csv:202610021015,2255.0,2270.0,2235.0,2250.0,43910
m15-kis/000400/2026.csv:202610021030,2250.0,2250.0,2210.0,2225.0,44008
m15-kis/000400/2026.csv:202610021045,2225.0,2235.0,2215.0,2235.0,6994
m15-kis/000400/2026.csv:202610021100,2230.0,2230.0,2210.0,2215.0,29543
m15-kis/000400/2026.csv:202610021115,2215.0,2220.0,2205.0,2210.0,19119
m15-kis/000400/2026.csv:202610021130,2210.0,2215.0,2200.0,2205.0,18949
m15-kis/000400/2026.csv:202610021145,2205.0,2225.0,2200.0,2215.0,10889
m15-kis/000400/2026.csv:202610021200,2215.0,2220.0,2205.0,2210.0,4539
m15-kis/000400/2026.csv:202610021215,2215.0,2215.0,2200.0,2205.0,12549
m15-kis/000400/2026.csv:202610021230,2205.0,2205.0,2190.0,2195.0,8691
m15-kis/000400/2026.csv:202610021245,2195.0,2200.0,2190.0,2200.0,4490
m15-kis/000400/2026.csv:202610021300,2200.0,2200.0,2180.0,2185.0,18746
m15-kis/000400/2026.csv:202610021315,2185.0,2190.0,2180.0,2190.0,6082
m15-kis/000400/2026.csv:202610021330,2185.0,2200.0,2180.0,2190.0,89538
m15-kis/000400/2026.csv:202610021345,2185.0,2200.0,2185.0,2200.0,13297
m15-kis/000400/2026.csv:202610021400,2200.0,2205.0,2185.0,2200.0,14327
m15-kis/000400/2026.csv:202610021415,2195.0,2205.0,2190.0,2200.0,4959
m15-kis/000400/2026.csv:202610021430,2200.0,2210.0,2195.0,2205.0,3379
m15-kis/000400/2026.csv:202610021445,2205.0,2210.0,2195.0,2200.0,13516
m15-kis/000400/2026.csv:202610021500,2200.0,2210.0,2195.0,2200.0,28292
m15-kis/000400/2026.csv:202610021515,2195.0,2205.0,2195.0,2205.0,19090
m15-kis/000500/2026.csv:202610020900,323500.0,324000.0,317500.0,320000.0,26585
m15-kis/000500/2026.csv:202610020915,319500.0,321500.0,317000.0,321000.0,9241
m15-kis/000500/2026.csv:202610020930,321000.0,323000.0,320500.0,322500.0,6014
m15-kis/000500/2026.csv:202610020945,322500.0,325000.0,322000.0,323500.0,7503
m15-kis/000500/2026.csv:202610021000,323000.0,323500.0,322000.0,323500.0,3932
m15-kis/000500/2026.csv:202610021015,323500.0,324500.0,322500.0,323000.0,4410
m15-kis/000500/2026.csv:202610021030,323000.0,324500.0,322000.0,323500.0,3414
m15-kis/000500/2026.csv:202610021045,323500.0,327000.0,323500.0,326500.0,7071
m15-kis/000500/2026.csv:202610021100,326500.0,327000.0,325000.0,325000.0,3182
m15-kis/000500/2026.csv:202610021115,325500.0,332000.0,325000.0,331000.0,21478
m15-kis/000500/2026.csv:202610021130,331000.0,334000.0,328500.0,330000.0,19551
m15-kis/000500/2026.csv:202610021145,330000.0,331000.0,327500.0,330000.0,6755
m15-kis/000500/2026.csv:202610021200,330500.0,333500.0,327500.0,327500.0,8288
m15-kis/000500/2026.csv:202610021215,327500.0,329000.0,325500.0,326750.0,4374
m15-kis/000500/2026.csv:202610021230,327000.0,328000.0,325500.0,326000.0,3049
m15-kis/000500/2026.csv:202610021245,326500.0,327500.0,324000.0,327500.0,4320
m15-kis/000500/2026.csv:202610021300,327500.0,327500.0,325000.0,326500.0,2294
m15-kis/000500/2026.csv:202610021315,326500.0,329000.0,326000.0,328500.0,3483
m15-kis/000500/2026.csv:202610021330,328500.0,329500.0,327500.0,327500.0,2918
m15-kis/000500/2026.csv:202610021345,328000.0,329000.0,327500.0,329000.0,2810
m15-kis/000500/2026.csv:202610021400,329000.0,331000.0,328000.0,330500.0,6596
m15-kis/000500/2026.csv:202610021415,330500.0,330500.0,328000.0,329000.0,5792
m15-kis/000500/2026.csv:202610021430,329000.0,329000.0,327000.0,328000.0,5281
m15-kis/000500/2026.csv:202610021445,328000.0,328500.0,325500.0,327000.0,5226
m15-kis/000500/2026.csv:202610021500,327500.0,328000.0,327000.0,328000.0,2560
m15-kis/000500/2026.csv:202610021515,327500.0,329000.0,327000.0,329000.0,6680
m15-kis/000640/2026.csv:202610020900,95200.0,96000.0,93800.0,93800.0,606
m15-kis/000640/2026.csv:202610020915,93800.0,95000.0,93800.0,94800.0,302
m15-kis/000640/2026.csv:202610020930,94800.0,95100.0,94400.0,94500.0,343
m15-kis/000640/2026.csv:202610020945,94600.0,95400.0,94300.0,94800.0,420
m15-kis/000640/2026.csv:202610021000,94800.0,95500.0,94400.0,95300.0,1077
m15-kis/000640/2026.csv:202610021015,95200.0,95600.0,94400.0,94600.0,569
m15-kis/000640/2026.csv:202610021030,94700.0,95200.0,94400.0,95100.0,246
m15-kis/000640/2026.csv:202610021045,94500.0,95200.0,94500.0,95000.0,703
m15-kis/000640/2026.csv:202610021100,95000.0,95300.0,94500.0,95000.0,258
m15-kis/000640/2026.csv:202610021115,94900.0,95400.0,94600.0,95000.0,212
m15-kis/000640/2026.csv:202610021130,94700.0,95500.0,94700.0,94800.0,185
m15-kis/000640/2026.csv:202610021145,94800.0,95200.0,94800.0,95200.0,285
m15-kis/000640/2026.csv:202610021200,95200.0,95400.0,94800.0,94800.0,248
m15-kis/000640/2026.csv:202610021215,94900.0,95300.0,94700.0,95100.0,341
m15-kis/000640/2026.csv:202610021230,95100.0,95400.0,94800.0,94800.0,326
m15-kis/000640/2026.csv:202610021245,94900.0,95500.0,94800.0,95000.0,213
m15-kis/000640/2026.csv:202610021300,94900.0,95400.0,94900.0,95400.0,146
m15-kis/000640/2026.csv:202610021315,95400.0,95500.0,94900.0,95400.0,180
m15-kis/000640/2026.csv:202610021330,95400.0,95500.0,95000.0,95100.0,311
m15-kis/000640/2026.csv:202610021345,95100.0,95500.0,94700.0,94700.0,1827
m15-kis/000640/2026.csv:202610021400,94700.0,95500.0,94600.0,94800.0,719
m15-kis/000640/2026.csv:202610021415,94800.0,94800.0,94400.0,94500.0,704
m15-kis/000640/2026.csv:202610021430,94500.0,94600.0,94300.0,94400.0,571
m15-kis/000640/2026.csv:202610021445,94300.0,94500.0,94300.0,94300.0,637
m15-kis/000640/2026.csv:202610021500,94400.0,94400.0,93900.0,94400.0,648
m15-kis/000640/2026.csv:202610021515,94300.0,95500.0,94000.0,94600.0,362
m15-kis/000660/2026.csv:202610020900,1826500.0,1839000.0,1825000.0,1838000.0,119656
m15-kis/000660/2026.csv:202610020915,1838000.0,1855000.0,1832000.0,1839000.0,140663
m15-kis/000660/2026.csv:202610020930,1840000.0,1846000.0,1834000.0,1837000.0,87934
m15-kis/000660/2026.csv:202610020945,1837000.0,1850000.0,1837000.0,1846000.0,59190
m15-kis/000660/2026.csv:202610021000,1846000.0,1847000.0,1835000.0,1842000.0,81205
m15-kis/000660/2026.csv:202610021015,1843000.0,1846000.0,1835000.0,1836000.0,64365
m15-kis/000660/2026.csv:202610021030,1836000.0,1837000.0,1827000.0,1832000.0,92623
m15-kis/000660/2026.csv:202610021045,1832000.0,1843000.0,1831000.0,1842000.0,60156
m15-kis/000660/2026.csv:202610021100,1842000.0,1845000.0,1836000.0,1839000.0,59947
m15-kis/000660/2026.csv:202610021115,1839000.0,1844000.0,1833000.0,1834000.0,55054
m15-kis/000660/2026.csv:202610021130,1834000.0,1840000.0,1832000.0,1839500.0,53485
m15-kis/000660/2026.csv:202610021145,1839000.0,1845000.0,1838000.0,1844000.0,50451
m15-kis/000660/2026.csv:202610021200,1844000.0,1849000.0,1843000.0,1848500.0,59432
m15-kis/000660/2026.csv:202610021215,1848000.0,1849000.0,1845000.0,1846000.0,54901
m15-kis/000660/2026.csv:202610021230,1846000.0,1848000.0,1842000.0,1845500.0,52685
m15-kis/000660/2026.csv:202610021245,1845500.0,1847000.0,1839000.0,1843000.0,57540
m15-kis/000660/2026.csv:202610021300,1844000.0,1849000.0,1841000.0,1843000.0,68896
m15-kis/000660/2026.csv:202610021315,1843500.0,1847000.0,1840000.0,1846500.0,51631
m15-kis/000660/2026.csv:202610021330,1847000.0,1848000.0,1843000.0,1844000.0,52659
m15-kis/000660/2026.csv:202610021345,1844000.0,1848000.0,1843000.0,1848000.0,50335
m15-kis/000660/2026.csv:202610021400,1848000.0,1849000.0,1838000.0,1840000.0,56861
m15-kis/000660/2026.csv:202610021415,1840000.0,1846000.0,1837000.0,1838000.0,50755
m15-kis/000660/2026.csv:202610021430,1838000.0,1840000.0,1833000.0,1834000.0,62908
m15-kis/000660/2026.csv:202610021445,1835000.0,1838000.0,1833000.0,1834000.0,63702
m15-kis/000660/2026.csv:202610021500,1834000.0,1848000.0,1832000.0,1844000.0,102071
m15-kis/000660/2026.csv:202610021515,1843000.0,1847000.0,1841000.0,1841000.0,151818
m15-kis/000670/2026.csv:202610020900,40300.0,40500.0,40100.0,40150.0,1513
m15-kis/000670/2026.csv:202610020915,40100.0,40250.0,39900.0,40250.0,2536
m15-kis/000670/2026.csv:202610020930,40200.0,40300.0,40100.0,40300.0,767
m15-kis/000670/2026.csv:202610020945,40300.0,40400.0,40250.0,40400.0,651
m15-kis/000670/2026.csv:202610021000,40350.0,40400.0,40200.0,40350.0,938
m15-kis/000670/2026.csv:202610021015,40350.0,40400.0,40200.0,40250.0,551
m15-kis/000670/2026.csv:202610021030,40250.0,40250.0,40100.0,40150.0,1053
m15-kis/000670/2026.csv:202610021045,40150.0,40250.0,40050.0,40200.0,559
m15-kis/000670/2026.csv:202610021100,40100.0,40400.0,40100.0,40300.0,693
m15-kis/000670/2026.csv:202610021115,40300.0,40500.0,40250.0,40350.0,893
m15-kis/000670/2026.csv:202610021130,40300.0,40450.0,40300.0,40400.0,325
m15-kis/000670/2026.csv:202610021145,40400.0,40450.0,40350.0,40350.0,330
m15-kis/000670/2026.csv:202610021200,40350.0,40350.0,40200.0,40200.0,562
m15-kis/000670/2026.csv:202610021215,40150.0,40250.0,40100.0,40150.0,359
m15-kis/000670/2026.csv:202610021230,40150.0,40200.0,40100.0,40150.0,167
m15-kis/000670/2026.csv:202610021245,40100.0,40200.0,40100.0,40150.0,262
m15-kis/000670/2026.csv:202610021300,40200.0,40300.0,40100.0,40150.0,572
m15-kis/000670/2026.csv:202610021315,40150.0,40200.0,40100.0,40200.0,200
m15-kis/000670/2026.csv:202610021330,40150.0,40200.0,40150.0,40200.0,82
m15-kis/000670/2026.csv:202610021345,40200.0,40500.0,40150.0,40400.0,1310
m15-kis/000670/2026.csv:202610021400,40450.0,40500.0,40400.0,40450.0,303
m15-kis/000670/2026.csv:202610021415,40450.0,40450.0,40350.0,40450.0,413
m15-kis/000670/2026.csv:202610021430,40400.0,40450.0,40200.0,40200.0,951
m15-kis/000670/2026.csv:202610021445,40300.0,40500.0,40300.0,40500.0,755
m15-kis/000670/2026.csv:202610021500,40450.0,40500.0,40350.0,40450.0,1093
m15-kis/000670/2026.csv:202610021515,40500.0,40550.0,40450.0,40550.0,1285
m15-kis/000720/2026.csv:202610020900,115100.0,115900.0,114500.0,114900.0,54434
m15-kis/000720/2026.csv:202610020915,114900.0,115300.0,114600.0,115200.0,34351
m15-kis/000720/2026.csv:202610020930,115300.0,115700.0,114900.0,114900.0,24679
m15-kis/000720/2026.csv:202610020945,114900.0,115800.0,114800.0,115200.0,21946
m15-kis/000720/2026.csv:202610021000,115400.0,115500.0,114800.0,115000.0,21741
m15-kis/000720/2026.csv:202610021015,115000.0,115200.0,114500.0,114600.0,32894
m15-kis/000720/2026.csv:202610021030,114600.0,114700.0,114300.0,114700.0,29516
m15-kis/000720/2026.csv:202610021045,114600.0,115200.0,114600.0,114700.0,14704
m15-kis/000720/2026.csv:202610021100,114700.0,114900.0,114600.0,114700.0,9583
m15-kis/000720/2026.csv:202610021115,114600.0,115000.0,114600.0,114600.0,14475
m15-kis/000720/2026.csv:202610021130,114600.0,115100.0,114600.0,114700.0,14733
m15-kis/000720/2026.csv:202610021145,114700.0,114800.0,114600.0,114600.0,9418
m15-kis/000720/2026.csv:202610021200,114600.0,115000.0,114600.0,114700.0,11761
m15-kis/000720/2026.csv:202610021215,114700.0,114800.0,114500.0,114500.0,8992
m15-kis/000720/2026.csv:202610021230,114500.0,114600.0,114500.0,114500.0,6544
m15-kis/000720/2026.csv:202610021245,114500.0,114550.0,114100.0,114100.0,30869
m15-kis/000720/2026.csv:202610021300,114200.0,114200.0,114000.0,114000.0,14039
m15-kis/000720/2026.csv:202610021315,114100.0,114100.0,113300.0,113800.0,66930
m15-kis/000720/2026.csv:202610021330,113700.0,114600.0,113700.0,113900.0,16854
m15-kis/000720/2026.csv:202610021345,113900.0,114000.0,113000.0,113600.0,62191
m15-kis/000720/2026.csv:202610021400,113600.0,114200.0,113300.0,113900.0,32308
m15-kis/000720/2026.csv:202610021415,113900.0,114000.0,113500.0,113500.0,24744
m15-kis/000720/2026.csv:202610021430,113500.0,113600.0,113300.0,113400.0,32468
m15-kis/000720/2026.csv:202610021445,113400.0,113900.0,113400.0,113900.0,28404
m15-kis/000720/2026.csv:202610021500,113800.0,114400.0,113800.0,114200.0,24945
m15-kis/000720/2026.csv:202610021515,114300.0,114400.0,114000.0,114400.0,22307
m15-kis/000810/2026.csv:202610020900,625000.0,631000.0,625000.0,629000.0,1102
m15-kis/000810/2026.csv:202610020915,628000.0,628000.0,622000.0,622500.0,1380
m15-kis/000810/2026.csv:202610020930,623000.0,624000.0,620000.0,624000.0,2422
m15-kis/000810/2026.csv:202610020945,624000.0,624000.0,620000.0,622000.0,1054
m15-kis/000810/2026.csv:202610021000,622000.0,623000.0,619000.0,622000.0,1677
m15-kis/000810/2026.csv:202610021015,622000.0,624000.0,620000.0,621000.0,681
m15-kis/000810/2026.csv:202610021030,621000.0,624000.0,620000.0,620000.0,1293
m15-kis/000810/2026.csv:202610021045,621000.0,625000.0,620000.0,621000.0,901
m15-kis/000810/2026.csv:202610021100,621000.0,625000.0,621000.0,625000.0,679
m15-kis/000810/2026.csv:202610021115,625000.0,627000.0,622000.0,623000.0,1072
m15-kis/000810/2026.csv:202610021130,624000.0,625000.0,621000.0,621000.0,951
m15-kis/000810/2026.csv:202610021145,621000.0,622000.0,621000.0,621000.0,439
m15-kis/000810/2026.csv:202610021200,621000.0,625000.0,621000.0,624000.0,1912
m15-kis/000810/2026.csv:202610021215,625000.0,625000.0,622000.0,622000.0,703
m15-kis/000810/2026.csv:202610021230,623000.0,625000.0,622000.0,625000.0,1228
m15-kis/000810/2026.csv:202610021245,624000.0,625000.0,622000.0,622000.0,775
m15-kis/000810/2026.csv:202610021300,622000.0,625000.0,622000.0,623000.0,1617
m15-kis/000810/2026.csv:202610021315,623000.0,624000.0,622000.0,622000.0,725
m15-kis/000810/2026.csv:202610021330,623000.0,623000.0,621000.0,621000.0,825
m15-kis/000810/2026.csv:202610021345,621000.0,626000.0,621000.0,625000.0,2415
m15-kis/000810/2026.csv:202610021400,625000.0,625000.0,623000.0,624000.0,1187
m15-kis/000810/2026.csv:202610021415,623000.0,627000.0,623000.0,624000.0,1322
m15-kis/000810/2026.csv:202610021430,625000.0,627000.0,624000.0,626000.0,1971
m15-kis/000810/2026.csv:202610021445,626000.0,629000.0,626000.0,628000.0,2144
m15-kis/000810/2026.csv:202610021500,627000.0,630000.0,626000.0,627000.0,3428
m15-kis/000810/2026.csv:202610021515,629000.0,629000.0,626000.0,626000.0,6520
m15-kis/000880/2026.csv:202610020900,124900.0,125200.0,123700.0,124000.0,2714
m15-kis/000880/2026.csv:202610020915,124200.0,124300.0,123400.0,123400.0,2412
m15-kis/000880/2026.csv:202610020930,123700.0,124100.0,123400.0,123700.0,1567
m15-kis/000880/2026.csv:202610020945,123800.0,124600.0,123700.0,124500.0,1776
m15-kis/000880/2026.csv:202610021000,124500.0,125300.0,124400.0,125200.0,1203
m15-kis/000880/2026.csv:202610021015,125200.0,126600.0,125100.0,126100.0,3881
m15-kis/000880/2026.csv:202610021030,126200.0,126300.0,125400.0,126100.0,2648
m15-kis/000880/2026.csv:202610021045,126050.0,127700.0,126000.0,127300.0,5463
m15-kis/000880/2026.csv:202610021100,127200.0,128200.0,127100.0,128100.0,3399
m15-kis/000880/2026.csv:202610021115,128100.0,128200.0,127200.0,128000.0,2291
m15-kis/000880/2026.csv:202610021130,128000.0,128000.0,127100.0,127400.0,1641
m15-kis/000880/2026.csv:202610021145,127500.0,127900.0,127200.0,127400.0,2419
m15-kis/000880/2026.csv:202610021200,127300.0,127600.0,127200.0,127600.0,1419
m15-kis/000880/2026.csv:202610021215,127500.0,127800.0,127300.0,127600.0,2293
m15-kis/000880/2026.csv:202610021230,127700.0,127700.0,127300.0,127300.0,717
m15-kis/000880/2026.csv:202610021245,127300.0,127400.0,126900.0,126900.0,1563
m15-kis/000880/2026.csv:202610021300,127000.0,127600.0,127000.0,127200.0,2065
m15-kis/000880/2026.csv:202610021315,127100.0,127200.0,127000.0,127100.0,839
m15-kis/000880/2026.csv:202610021330,127100.0,127700.0,127000.0,127300.0,2366
m15-kis/000880/2026.csv:202610021345,127300.0,127700.0,126900.0,127600.0,2322
m15-kis/000880/2026.csv:202610021400,127500.0,127800.0,127400.0,127400.0,1236
m15-kis/000880/2026.csv:202610021415,127400.0,128200.0,127400.0,127500.0,3656
m15-kis/000880/2026.csv:202610021430,127600.0,128100.0,127200.0,127800.0,2297
m15-kis/000880/2026.csv:202610021445,127800.0,128700.0,127700.0,128200.0,5258
m15-kis/000880/2026.csv:202610021500,128200.0,128900.0,128100.0,128800.0,5576
m15-kis/000880/2026.csv:202610021515,128900.0,129500.0,128300.0,128900.0,6604
m15-kis/000990/2026.csv:202610020900,140700.0,141600.0,139500.0,140100.0,36323
m15-kis/000990/2026.csv:202610020915,140200.0,141500.0,139100.0,141000.0,25394
m15-kis/000990/2026.csv:202610020930,140900.0,143400.0,140700.0,142600.0,24152
m15-kis/000990/2026.csv:202610020945,142600.0,144100.0,142500.0,144100.0,22738
m15-kis/000990/2026.csv:202610021000,144000.0,144500.0,142300.0,143000.0,19093
m15-kis/000990/2026.csv:202610021015,142900.0,143000.0,141700.0,142200.0,14191
m15-kis/000990/2026.csv:202610021030,142300.0,142700.0,141100.0,142300.0,14250
m15-kis/000990/2026.csv:202610021045,142400.0,143400.0,142200.0,142800.0,9640
m15-kis/000990/2026.csv:202610021100,142900.0,143000.0,142000.0,142100.0,6825
m15-kis/000990/2026.csv:202610021115,142200.0,142900.0,142000.0,142100.0,6037
m15-kis/000990/2026.csv:202610021130,142100.0,142200.0,141500.0,141500.0,7095
m15-kis/000990/2026.csv:202610021145,141550.0,142000.0,141300.0,141900.0,5941
m15-kis/000990/2026.csv:202610021200,141900.0,142000.0,141200.0,141700.0,6780
m15-kis/000990/2026.csv:202610021215,141700.0,141900.0,141300.0,141600.0,4327
m15-kis/000990/2026.csv:202610021230,141700.0,141800.0,140700.0,140900.0,8513
m15-kis/000990/2026.csv:202610021245,141000.0,141200.0,140200.0,140300.0,9952
m15-kis/000990/2026.csv:202610021300,140300.0,140600.0,140000.0,140300.0,8576
m15-kis/000990/2026.csv:202610021315,140300.0,141100.0,140200.0,141100.0,5301
m15-kis/000990/2026.csv:202610021330,141100.0,141300.0,140700.0,140900.0,4771
m15-kis/000990/2026.csv:202610021345,140900.0,141500.0,140900.0,141500.0,4278
m15-kis/000990/2026.csv:202610021400,141500.0,141900.0,141200.0,141300.0,7488
m15-kis/000990/2026.csv:202610021415,141200.0,141300.0,140400.0,140400.0,7598
m15-kis/000990/2026.csv:202610021430,140400.0,140600.0,139700.0,140300.0,12424
m15-kis/000990/2026.csv:202610021445,140400.0,140600.0,139900.0,140300.0,7710
m15-kis/000990/2026.csv:202610021500,140300.0,141100.0,140200.0,140700.0,9080
m15-kis/000990/2026.csv:202610021515,140800.0,140800.0,140700.0,140800.0,11064
m15-kis/001040/2026.csv:202610020900,130900.0,131700.0,130400.0,131500.0,1306
m15-kis/001040/2026.csv:202610020915,131500.0,131500.0,130600.0,130900.0,1992
m15-kis/001040/2026.csv:202610020930,130800.0,131500.0,130800.0,131100.0,1220
m15-kis/001040/2026.csv:202610020945,131200.0,131700.0,130800.0,131600.0,1310
m15-kis/001040/2026.csv:202610021000,131600.0,131900.0,131200.0,131600.0,1753
m15-kis/001040/2026.csv:202610021015,131600.0,131600.0,130500.0,130500.0,1206
m15-kis/001040/2026.csv:202610021030,130600.0,131300.0,130500.0,130900.0,1304
m15-kis/001040/2026.csv:202610021045,130900.0,131400.0,130600.0,131300.0,1648
m15-kis/001040/2026.csv:202610021100,131200.0,131600.0,131200.0,131200.0,902
m15-kis/001040/2026.csv:202610021115,131500.0,131900.0,131400.0,131700.0,1190
m15-kis/001040/2026.csv:202610021130,131700.0,132000.0,131500.0,131700.0,1110
m15-kis/001040/2026.csv:202610021145,131700.0,131900.0,131500.0,131800.0,985
m15-kis/001040/2026.csv:202610021200,131700.0,131900.0,131500.0,131800.0,890
m15-kis/001040/2026.csv:202610021215,131800.0,131900.0,131500.0,131600.0,871
m15-kis/001040/2026.csv:202610021230,131600.0,131900.0,131500.0,131600.0,942
m15-kis/001040/2026.csv:202610021245,131500.0,131600.0,131100.0,131600.0,1124
m15-kis/001040/2026.csv:202610021300,131600.0,131800.0,131200.0,131300.0,1147
m15-kis/001040/2026.csv:202610021315,131200.0,131500.0,131000.0,131300.0,1217
m15-kis/001040/2026.csv:202610021330,131100.0,131500.0,131100.0,131200.0,1010
m15-kis/001040/2026.csv:202610021345,131300.0,131500.0,131000.0,131200.0,1241
m15-kis/001040/2026.csv:202610021400,131300.0,131400.0,130600.0,130800.0,2256
m15-kis/001040/2026.csv:202610021415,130900.0,130900.0,130500.0,130500.0,2058
m15-kis/001040/2026.csv:202610021430,130500.0,130600.0,130000.0,130100.0,3650
m15-kis/001040/2026.csv:202610021445,130100.0,130500.0,130000.0,130500.0,3434
m15-kis/001040/2026.csv:202610021500,130400.0,131600.0,130100.0,131200.0,6703
m15-kis/001040/2026.csv:202610021515,131100.0,131800.0,131100.0,131500.0,4628
m15-kis/001060/2026.csv:202610020900,27200.0,27400.0,27050.0,27150.0,1648
m15-kis/001060/2026.csv:202610020915,27150.0,27150.0,26900.0,27000.0,1499
m15-kis/001060/2026.csv:202610020930,27000.0,27050.0,26850.0,27000.0,2947
m15-kis/001060/2026.csv:202610020945,27000.0,27000.0,26850.0,26900.0,1122
m15-kis/001060/2026.csv:202610021000,26900.0,26900.0,26800.0,26850.0,695
m15-kis/001060/2026.csv:202610021015,26850.0,26850.0,26750.0,26800.0,1459
m15-kis/001060/2026.csv:202610021030,26750.0,26750.0,26650.0,26700.0,3422
m15-kis/001060/2026.csv:202610021045,26700.0,26800.0,26700.0,26750.0,517
m15-kis/001060/2026.csv:202610021100,26700.0,26750.0,26650.0,26700.0,538
m15-kis/001060/2026.csv:202610021115,26700.0,26750.0,26700.0,26750.0,445
m15-kis/001060/2026.csv:202610021130,26750.0,26750.0,26700.0,26700.0,47
m15-kis/001060/2026.csv:202610021145,26750.0,26800.0,26700.0,26800.0,685
m15-kis/001060/2026.csv:202610021200,26800.0,26800.0,26700.0,26750.0,608
m15-kis/001060/2026.csv:202610021215,26700.0,26800.0,26650.0,26800.0,301
m15-kis/001060/2026.csv:202610021230,26800.0,26850.0,26750.0,26850.0,192
m15-kis/001060/2026.csv:202610021245,26800.0,26800.0,26700.0,26700.0,346
m15-kis/001060/2026.csv:202610021300,26750.0,26750.0,26650.0,26750.0,84
m15-kis/001060/2026.csv:202610021315,26650.0,26750.0,26650.0,26700.0,83
m15-kis/001060/2026.csv:202610021330,26700.0,26700.0,26600.0,26650.0,1120
m15-kis/001060/2026.csv:202610021345,26700.0,26800.0,26700.0,26750.0,421
m15-kis/001060/2026.csv:202610021400,26750.0,26750.0,26650.0,26700.0,394
m15-kis/001060/2026.csv:202610021415,26650.0,26750.0,26650.0,26750.0,775
m15-kis/001060/2026.csv:202610021430,26750.0,26750.0,26700.0,26700.0,169
m15-kis/001060/2026.csv:202610021445,26750.0,26750.0,26650.0,26750.0,37
m15-kis/001060/2026.csv:202610021500,26750.0,26750.0,26700.0,26750.0,404
m15-kis/001060/2026.csv:202610021515,26750.0,26750.0,26700.0,26750.0,461
m15-kis/001120/2026.csv:202610020900,41800.0,42250.0,41750.0,42000.0,5743
m15-kis/001120/2026.csv:202610020915,42100.0,42550.0,42000.0,42350.0,1741
m15-kis/001120/2026.csv:202610020930,42400.0,42900.0,42300.0,42750.0,5477
m15-kis/001120/2026.csv:202610020945,42750.0,43100.0,42600.0,43100.0,4316
m15-kis/001120/2026.csv:202610021000,43050.0,43050.0,42700.0,42950.0,2438
m15-kis/001120/2026.csv:202610021015,43000.0,43050.0,42550.0,42700.0,6071
m15-kis/001120/2026.csv:202610021030,42700.0,43300.0,42600.0,43300.0,5629
m15-kis/001120/2026.csv:202610021045,43300.0,43550.0,43200.0,43350.0,6353
m15-kis/001120/2026.csv:202610021100,43300.0,43500.0,43250.0,43450.0,4075
m15-kis/001120/2026.csv:202610021115,43400.0,43500.0,43250.0,43400.0,3875
m15-kis/001120/2026.csv:202610021130,43400.0,43550.0,43350.0,43500.0,3913
m15-kis/001120/2026.csv:202610021145,43500.0,43500.0,42950.0,43300.0,4242
m15-kis/001120/2026.csv:202610021200,43300.0,43450.0,43200.0,43350.0,3999
m15-kis/001120/2026.csv:202610021215,43400.0,43500.0,43200.0,43350.0,4765
m15-kis/001120/2026.csv:202610021230,43400.0,43550.0,43350.0,43400.0,4359
m15-kis/001120/2026.csv:202610021245,43450.0,43500.0,43300.0,43500.0,4804
m15-kis/001120/2026.csv:202610021300,43475.0,43550.0,43350.0,43450.0,4100
m15-kis/001120/2026.csv:202610021315,43450.0,43550.0,43300.0,43550.0,4414
m15-kis/001120/2026.csv:202610021330,43450.0,43850.0,43350.0,43750.0,7325
m15-kis/001120/2026.csv:202610021345,43750.0,43850.0,43550.0,43750.0,8385
m15-kis/001120/2026.csv:202610021400,43750.0,43900.0,43700.0,43800.0,6386
m15-kis/001120/2026.csv:202610021415,43800.0,43900.0,43650.0,43800.0,9010
m15-kis/001120/2026.csv:202610021430,43800.0,44000.0,43700.0,43900.0,14829
m15-kis/001120/2026.csv:202610021445,43900.0,44100.0,43800.0,43950.0,8517
m15-kis/001120/2026.csv:202610021500,44000.0,44100.0,43900.0,44050.0,6109
m15-kis/001120/2026.csv:202610021515,44000.0,44100.0,43900.0,44100.0,2165
m15-kis/001430/2026.csv:202610020900,47100.0,47450.0,46650.0,46800.0,4165
m15-kis/001430/2026.csv:202610020915,46800.0,47250.0,46600.0,47000.0,4174
m15-kis/001430/2026.csv:202610020930,47000.0,47100.0,46750.0,46850.0,1661
m15-kis/001430/2026.csv:202610020945,46900.0,47250.0,46900.0,47050.0,1985
m15-kis/001430/2026.csv:202610021000,47000.0,47100.0,46800.0,46900.0,1954
m15-kis/001430/2026.csv:202610021015,46900.0,46900.0,46450.0,46500.0,5499
m15-kis/001430/2026.csv:202610021030,46500.0,46600.0,46350.0,46500.0,3923
m15-kis/001430/2026.csv:202610021045,46450.0,46700.0,46400.0,46500.0,2326
m15-kis/001430/2026.csv:202610021100,46550.0,46700.0,46450.0,46550.0,1195
m15-kis/001430/2026.csv:202610021115,46500.0,46700.0,46400.0,46400.0,1625
m15-kis/001430/2026.csv:202610021130,46450.0,46650.0,46350.0,46500.0,1846
m15-kis/001430/2026.csv:202610021145,46500.0,46650.0,46450.0,46500.0,871
m15-kis/001430/2026.csv:202610021200,46500.0,46550.0,46400.0,46500.0,1287
m15-kis/001430/2026.csv:202610021215,46500.0,46550.0,46200.0,46250.0,6100
m15-kis/001430/2026.csv:202610021230,46250.0,46400.0,46250.0,46350.0,1233
m15-kis/001430/2026.csv:202610021245,46350.0,46400.0,46250.0,46350.0,1514
m15-kis/001430/2026.csv:202610021300,46350.0,46450.0,46250.0,46350.0,942
m15-kis/001430/2026.csv:202610021315,46350.0,46400.0,46250.0,46300.0,893
m15-kis/001430/2026.csv:202610021330,46300.0,46450.0,46250.0,46400.0,1292
m15-kis/001430/2026.csv:202610021345,46400.0,46650.0,46350.0,46650.0,1339
m15-kis/001430/2026.csv:202610021400,46600.0,46750.0,46450.0,46550.0,1176
m15-kis/001430/2026.csv:202610021415,46550.0,46800.0,46450.0,46700.0,1578
m15-kis/001430/2026.csv:202610021430,46800.0,46850.0,46650.0,46700.0,2574
m15-kis/001430/2026.csv:202610021445,46700.0,46850.0,46600.0,46800.0,2124
m15-kis/001430/2026.csv:202610021500,46800.0,46850.0,46600.0,46600.0,2380
m15-kis/001430/2026.csv:202610021515,46550.0,46750.0,46550.0,46650.0,5624
m15-kis/001440/2026.csv:202610020900,30350.0,30600.0,30050.0,30450.0,279243
m15-kis/001440/2026.csv:202610020915,30450.0,30850.0,30400.0,30800.0,215380
m15-kis/001440/2026.csv:202610020930,30850.0,31000.0,30650.0,30800.0,239585
m15-kis/001440/2026.csv:202610020945,30850.0,31100.0,30700.0,31000.0,159899
m15-kis/001440/2026.csv:202610021000,31000.0,31000.0,30600.0,30850.0,98978
m15-kis/001440/2026.csv:202610021015,30850.0,30950.0,30750.0,30800.0,77876
m15-kis/001440/2026.csv:202610021030,30800.0,30850.0,30550.0,30650.0,101147
m15-kis/001440/2026.csv:202610021045,30650.0,30950.0,30600.0,30950.0,57873
m15-kis/001440/2026.csv:202610021100,30950.0,31400.0,30900.0,31250.0,326587
m15-kis/001440/2026.csv:202610021115,31300.0,31400.0,31150.0,31200.0,140253
m15-kis/001440/2026.csv:202610021130,31200.0,31800.0,31200.0,31400.0,387780
m15-kis/001440/2026.csv:202610021145,31450.0,31500.0,31350.0,31450.0,85111
m15-kis/001440/2026.csv:202610021200,31450.0,31500.0,31250.0,31300.0,76442
m15-kis/001440/2026.csv:202610021215,31300.0,31350.0,31000.0,31100.0,95138
m15-kis/001440/2026.csv:202610021230,31100.0,31150.0,30950.0,31000.0,42091
m15-kis/001440/2026.csv:202610021245,31000.0,31100.0,30850.0,30975.0,63952
m15-kis/001440/2026.csv:202610021300,31000.0,31000.0,30800.0,30900.0,54606
m15-kis/001440/2026.csv:202610021315,30900.0,31400.0,30900.0,31350.0,103986
m15-kis/001440/2026.csv:202610021330,31350.0,31400.0,31200.0,31250.0,40277
m15-kis/001440/2026.csv:202610021345,31250.0,31400.0,31200.0,31350.0,54337
m15-kis/001440/2026.csv:202610021400,31400.0,31600.0,31350.0,31500.0,113459
m15-kis/001440/2026.csv:202610021415,31500.0,31550.0,31325.0,31350.0,79073
m15-kis/001440/2026.csv:202610021430,31350.0,31450.0,31300.0,31400.0,55069
m15-kis/001440/2026.csv:202610021445,31400.0,31550.0,31375.0,31500.0,96983
m15-kis/001440/2026.csv:202610021500,31500.0,31550.0,31400.0,31550.0,97754
m15-kis/001440/2026.csv:202610021515,31500.0,31550.0,31450.0,31500.0,73326
m15-kis/001450/2026.csv:202610020900,47200.0,47600.0,47000.0,47050.0,25706
m15-kis/001450/2026.csv:202610020915,47050.0,47200.0,46600.0,46700.0,18631
m15-kis/001450/2026.csv:202610020930,46700.0,46900.0,46500.0,46750.0,15673
m15-kis/001450/2026.csv:202610020945,46750.0,46800.0,46500.0,46800.0,11256
m15-kis/001450/2026.csv:202610021000,46700.0,47250.0,46650.0,47200.0,12439
m15-kis/001450/2026.csv:202610021015,47200.0,47200.0,46850.0,47000.0,10242
m15-kis/001450/2026.csv:202610021030,46950.0,47200.0,46950.0,47050.0,10703
m15-kis/001450/2026.csv:202610021045,47100.0,47200.0,47000.0,47100.0,7983
m15-kis/001450/2026.csv:202610021100,47050.0,47250.0,47000.0,47150.0,7635
m15-kis/001450/2026.csv:202610021115,47200.0,47300.0,47100.0,47200.0,9605
m15-kis/001450/2026.csv:202610021130,47200.0,47350.0,47100.0,47200.0,8719
m15-kis/001450/2026.csv:202610021145,47200.0,47350.0,47050.0,47050.0,6468
m15-kis/001450/2026.csv:202610021200,47050.0,47300.0,47000.0,47250.0,6830
m15-kis/001450/2026.csv:202610021215,47250.0,47300.0,47100.0,47100.0,4590
m15-kis/001450/2026.csv:202610021230,47100.0,47400.0,47100.0,47300.0,7979
m15-kis/001450/2026.csv:202610021245,47250.0,47300.0,47050.0,47050.0,4771
m15-kis/001450/2026.csv:202610021300,47100.0,47400.0,46950.0,47350.0,13513
m15-kis/001450/2026.csv:202610021315,47300.0,47350.0,47300.0,47350.0,4308
m15-kis/001450/2026.csv:202610021330,47300.0,47350.0,47250.0,47250.0,6636
m15-kis/001450/2026.csv:202610021345,47250.0,47550.0,47200.0,47550.0,13921
m15-kis/001450/2026.csv:202610021400,47500.0,47550.0,47400.0,47450.0,7481
m15-kis/001450/2026.csv:202610021415,47500.0,47650.0,47400.0,47600.0,8678
m15-kis/001450/2026.csv:202610021430,47550.0,47650.0,47450.0,47550.0,10136
m15-kis/001450/2026.csv:202610021445,47500.0,47750.0,47500.0,47550.0,9679
m15-kis/001450/2026.csv:202610021500,47550.0,47850.0,47450.0,47600.0,36557
m15-kis/001450/2026.csv:202610021515,47650.0,47750.0,47550.0,47750.0,12083
m15-kis/001510/2026.csv:202610020900,2315.0,2360.0,2315.0,2350.0,177072
m15-kis/001510/2026.csv:202610020915,2340.0,2350.0,2335.0,2350.0,65236
m15-kis/001510/2026.csv:202610020930,2350.0,2365.0,2335.0,2365.0,130356
m15-kis/001510/2026.csv:202610020945,2360.0,2380.0,2360.0,2380.0,156729
m15-kis/001510/2026.csv:202610021000,2380.0,2380.0,2355.0,2365.0,77240
m15-kis/001510/2026.csv:202610021015,2365.0,2365.0,2320.0,2350.0,168633
m15-kis/001510/2026.csv:202610021030,2350.0,2350.0,2325.0,2345.0,65512
m15-kis/001510/2026.csv:202610021045,2345.0,2350.0,2335.0,2345.0,49959
m15-kis/001510/2026.csv:202610021100,2345.0,2350.0,2340.0,2345.0,20107
m15-kis/001510/2026.csv:202610021115,2345.0,2350.0,2340.0,2350.0,27859
m15-kis/001510/2026.csv:202610021130,2350.0,2350.0,2345.0,2350.0,17308
m15-kis/001510/2026.csv:202610021145,2350.0,2360.0,2345.0,2355.0,32947
m15-kis/001510/2026.csv:202610021200,2360.0,2360.0,2345.0,2345.0,48980
m15-kis/001510/2026.csv:202610021215,2345.0,2345.0,2335.0,2340.0,30112
m15-kis/001510/2026.csv:202610021230,2335.0,2345.0,2335.0,2335.0,15342
m15-kis/001510/2026.csv:202610021245,2335.0,2340.0,2330.0,2340.0,45122
m15-kis/001510/2026.csv:202610021300,2340.0,2345.0,2330.0,2335.0,29767
m15-kis/001510/2026.csv:202610021315,2335.0,2340.0,2330.0,2335.0,15882
m15-kis/001510/2026.csv:202610021330,2340.0,2350.0,2340.0,2350.0,34510
m15-kis/001510/2026.csv:202610021345,2350.0,2350.0,2340.0,2350.0,16966
m15-kis/001510/2026.csv:202610021400,2350.0,2360.0,2345.0,2350.0,43170
m15-kis/001510/2026.csv:202610021415,2350.0,2365.0,2350.0,2360.0,38577
m15-kis/001510/2026.csv:202610021430,2360.0,2365.0,2355.0,2360.0,24827
m15-kis/001510/2026.csv:202610021445,2355.0,2365.0,2345.0,2365.0,68740
m15-kis/001510/2026.csv:202610021500,2365.0,2370.0,2355.0,2365.0,50702
m15-kis/001510/2026.csv:202610021515,2365.0,2365.0,2360.0,2365.0,32227
m15-kis/001530/2026.csv:202610020900,25600.0,25750.0,25400.0,25750.0,330
m15-kis/001530/2026.csv:202610020915,25600.0,26100.0,25600.0,25650.0,613
m15-kis/001530/2026.csv:202610020930,25650.0,25900.0,25600.0,25900.0,809
m15-kis/001530/2026.csv:202610020945,25900.0,26000.0,25850.0,25900.0,223
m15-kis/001530/2026.csv:202610021000,25850.0,25850.0,25400.0,25450.0,1236
m15-kis/001530/2026.csv:202610021015,25450.0,25700.0,25350.0,25400.0,1349
m15-kis/001530/2026.csv:202610021030,25400.0,25450.0,25250.0,25450.0,321
m15-kis/001530/2026.csv:202610021045,25450.0,25450.0,25450.0,25450.0,38
m15-kis/001530/2026.csv:202610021100,25500.0,25500.0,25450.0,25500.0,15
m15-kis/001530/2026.csv:202610021115,25500.0,25550.0,25400.0,25400.0,70
m15-kis/001530/2026.csv:202610021130,25450.0,25450.0,25400.0,25400.0,35
m15-kis/001530/2026.csv:202610021145,25400.0,25400.0,25150.0,25300.0,610
m15-kis/001530/2026.csv:202610021200,25300.0,25350.0,25300.0,25350.0,209
m15-kis/001530/2026.csv:202610021215,25350.0,25350.0,25250.0,25350.0,161
m15-kis/001530/2026.csv:202610021230,25300.0,25350.0,24900.0,25100.0,2496
m15-kis/001530/2026.csv:202610021245,25100.0,25100.0,24900.0,25100.0,119
m15-kis/001530/2026.csv:202610021300,25050.0,25100.0,25000.0,25050.0,431
m15-kis/001530/2026.csv:202610021315,25000.0,25150.0,24950.0,25000.0,363
m15-kis/001530/2026.csv:202610021330,24950.0,25100.0,24850.0,25000.0,781
m15-kis/001530/2026.csv:202610021345,25000.0,25050.0,24900.0,25000.0,182
m15-kis/001530/2026.csv:202610021400,24950.0,25100.0,24950.0,25050.0,125
m15-kis/001530/2026.csv:202610021415,25000.0,25100.0,24900.0,24950.0,507
m15-kis/001530/2026.csv:202610021430,24950.0,25050.0,24900.0,24900.0,483
m15-kis/001530/2026.csv:202610021445,24950.0,25100.0,24900.0,25100.0,202
m15-kis/001530/2026.csv:202610021500,25000.0,25050.0,24950.0,25000.0,657
m15-kis/001530/2026.csv:202610021515,25000.0,25050.0,24950.0,25000.0,356
m15-kis/001680/2026.csv:202610020900,17710.0,17790.0,17660.0,17680.0,1484
m15-kis/001680/2026.csv:202610020915,17680.0,17830.0,17590.0,17630.0,4250
m15-kis/001680/2026.csv:202610020930,17630.0,17670.0,17610.0,17660.0,569
m15-kis/001680/2026.csv:202610020945,17650.0,17650.0,17560.0,17630.0,7481
m15-kis/001680/2026.csv:202610021000,17630.0,17650.0,17580.0,17640.0,661
m15-kis/001680/2026.csv:202610021015,17650.0,17670.0,17590.0,17640.0,1138
m15-kis/001680/2026.csv:202610021030,17615.0,17630.0,17600.0,17630.0,637
m15-kis/001680/2026.csv:202610021045,17630.0,17660.0,17610.0,17640.0,1154
m15-kis/001680/2026.csv:202610021100,17640.0,17685.0,17630.0,17640.0,682
m15-kis/001680/2026.csv:202610021115,17650.0,17690.0,17640.0,17680.0,1122
m15-kis/001680/2026.csv:202610021130,17660.0,17690.0,17660.0,17680.0,458
m15-kis/001680/2026.csv:202610021145,17680.0,17700.0,17680.0,17700.0,478
m15-kis/001680/2026.csv:202610021200,17690.0,17700.0,17670.0,17690.0,1564
m15-kis/001680/2026.csv:202610021215,17680.0,17710.0,17680.0,17700.0,371
m15-kis/001680/2026.csv:202610021230,17700.0,17710.0,17690.0,17690.0,534
m15-kis/001680/2026.csv:202610021245,17700.0,17710.0,17680.0,17690.0,991
m15-kis/001680/2026.csv:202610021300,17690.0,17730.0,17680.0,17720.0,741
m15-kis/001680/2026.csv:202610021315,17720.0,17750.0,17700.0,17710.0,680
m15-kis/001680/2026.csv:202610021330,17700.0,17720.0,17680.0,17680.0,623
m15-kis/001680/2026.csv:202610021345,17690.0,17720.0,17670.0,17710.0,1156
m15-kis/001680/2026.csv:202610021400,17720.0,17770.0,17680.0,17700.0,927
m15-kis/001680/2026.csv:202610021415,17700.0,17740.0,17690.0,17720.0,720
m15-kis/001680/2026.csv:202610021430,17720.0,17780.0,17690.0,17750.0,973
m15-kis/001680/2026.csv:202610021445,17760.0,17800.0,17750.0,17790.0,2141
m15-kis/001680/2026.csv:202610021500,17770.0,17810.0,17770.0,17780.0,2519
m15-kis/001680/2026.csv:202610021515,17780.0,17830.0,17770.0,17830.0,3923
m15-kis/001720/2026.csv:202610020900,138600.0,139800.0,138600.0,139500.0,97
m15-kis/001720/2026.csv:202610020915,139500.0,139900.0,139000.0,139700.0,137
m15-kis/001720/2026.csv:202610020930,139300.0,139300.0,138300.0,138500.0,206
m15-kis/001720/2026.csv:202610020945,139000.0,139300.0,138700.0,139100.0,47
m15-kis/001720/2026.csv:202610021000,139100.0,139100.0,138500.0,138900.0,127
m15-kis/001720/2026.csv:202610021015,138900.0,138900.0,138500.0,138500.0,35
m15-kis/001720/2026.csv:202610021030,138500.0,139600.0,138200.0,139600.0,132
m15-kis/001720/2026.csv:202610021045,139100.0,139200.0,138900.0,139200.0,33
m15-kis/001720/2026.csv:202610021100,139200.0,139200.0,137300.0,137300.0,285
m15-kis/001720/2026.csv:202610021115,137300.0,139200.0,137300.0,137400.0,1242
m15-kis/001720/2026.csv:202610021130,137900.0,137900.0,137400.0,137900.0,33
m15-kis/001720/2026.csv:202610021145,137900.0,137900.0,137200.0,137200.0,149
m15-kis/001720/2026.csv:202610021200,137200.0,137400.0,137200.0,137400.0,23
m15-kis/001720/2026.csv:202610021215,137400.0,137400.0,137200.0,137400.0,116
m15-kis/001720/2026.csv:202610021230,137200.0,137300.0,137200.0,137300.0,84
m15-kis/001720/2026.csv:202610021245,137300.0,137300.0,136300.0,137000.0,4299
m15-kis/001720/2026.csv:202610021300,137100.0,137900.0,136800.0,137500.0,325
m15-kis/001720/2026.csv:202610021315,137500.0,137500.0,137200.0,137200.0,76
m15-kis/001720/2026.csv:202610021330,137200.0,138100.0,137200.0,138100.0,1323
m15-kis/001720/2026.csv:202610021345,138100.0,138100.0,137600.0,137800.0,99
m15-kis/001720/2026.csv:202610021400,137800.0,138400.0,137700.0,138200.0,1354
m15-kis/001720/2026.csv:202610021415,138200.0,138500.0,138200.0,138300.0,331
m15-kis/001720/2026.csv:202610021430,138200.0,139500.0,138200.0,139400.0,973
m15-kis/001720/2026.csv:202610021445,139400.0,139900.0,138700.0,139800.0,1035
m15-kis/001720/2026.csv:202610021500,139800.0,139800.0,139100.0,139100.0,362
m15-kis/001720/2026.csv:202610021515,139100.0,139800.0,138600.0,139800.0,823
m15-kis/001740/2026.csv:202610020900,6470.0,6610.0,6410.0,6590.0,177529
m15-kis/001740/2026.csv:202610020915,6590.0,6600.0,6450.0,6470.0,98482
m15-kis/001740/2026.csv:202610020930,6470.0,6480.0,6430.0,6460.0,39152
m15-kis/001740/2026.csv:202610020945,6450.0,6500.0,6440.0,6490.0,35472
m15-kis/001740/2026.csv:202610021000,6500.0,6510.0,6440.0,6450.0,35603
m15-kis/001740/2026.csv:202610021015,6460.0,6460.0,6370.0,6380.0,47581
m15-kis/001740/2026.csv:202610021030,6380.0,6400.0,6360.0,6370.0,40750
m15-kis/001740/2026.csv:202610021045,6370.0,6420.0,6370.0,6420.0,12197
m15-kis/001740/2026.csv:202610021100,6420.0,6450.0,6400.0,6430.0,11757
m15-kis/001740/2026.csv:202610021115,6430.0,6430.0,6420.0,6430.0,4003
m15-kis/001740/2026.csv:202610021130,6430.0,6430.0,6410.0,6420.0,7737
m15-kis/001740/2026.csv:202610021145,6420.0,6420.0,6400.0,6420.0,5644
m15-kis/001740/2026.csv:202610021200,6420.0,6420.0,6400.0,6400.0,4906
m15-kis/001740/2026.csv:202610021215,6400.0,6420.0,6400.0,6410.0,6843
m15-kis/001740/2026.csv:202610021230,6410.0,6420.0,6400.0,6400.0,7879
m15-kis/001740/2026.csv:202610021245,6400.0,6410.0,6370.0,6370.0,16831
m15-kis/001740/2026.csv:202610021300,6370.0,6400.0,6370.0,6390.0,7195
m15-kis/001740/2026.csv:202610021315,6395.0,6460.0,6390.0,6460.0,19915
m15-kis/001740/2026.csv:202610021330,6460.0,6460.0,6440.0,6460.0,17478
m15-kis/001740/2026.csv:202610021345,6460.0,6490.0,6450.0,6490.0,33431
m15-kis/001740/2026.csv:202610021400,6490.0,6520.0,6480.0,6510.0,33838
m15-kis/001740/2026.csv:202610021415,6510.0,6530.0,6460.0,6460.0,22677
m15-kis/001740/2026.csv:202610021430,6460.0,6490.0,6460.0,6480.0,41785
m15-kis/001740/2026.csv:202610021445,6470.0,6480.0,6470.0,6470.0,15625
m15-kis/001740/2026.csv:202610021500,6480.0,6500.0,6470.0,6500.0,56176
m15-kis/001740/2026.csv:202610021515,6510.0,6570.0,6500.0,6550.0,86176
m15-kis/001800/2026.csv:202610020900,23050.0,23150.0,22900.0,22950.0,714
m15-kis/001800/2026.csv:202610020915,22950.0,22950.0,22850.0,22900.0,2270
m15-kis/001800/2026.csv:202610020930,22900.0,23000.0,22900.0,22900.0,1169
m15-kis/001800/2026.csv:202610020945,22900.0,23000.0,22800.0,22800.0,2880
m15-kis/001800/2026.csv:202610021000,22850.0,22850.0,22750.0,22800.0,1964
m15-kis/001800/2026.csv:202610021015,22800.0,22950.0,22800.0,22850.0,1160
m15-kis/001800/2026.csv:202610021030,22800.0,22900.0,22800.0,22900.0,1130
m15-kis/001800/2026.csv:202610021045,22900.0,22950.0,22850.0,22950.0,532
m15-kis/001800/2026.csv:202610021100,22900.0,22950.0,22900.0,22900.0,278
m15-kis/001800/2026.csv:202610021115,22900.0,22950.0,22800.0,22850.0,2436
m15-kis/001800/2026.csv:202610021130,22800.0,22850.0,22750.0,22800.0,2100
m15-kis/001800/2026.csv:202610021145,22850.0,22950.0,22800.0,22850.0,1736
m15-kis/001800/2026.csv:202610021200,22900.0,22950.0,22800.0,22800.0,1093
m15-kis/001800/2026.csv:202610021215,22850.0,22850.0,22750.0,22800.0,1617
m15-kis/001800/2026.csv:202610021230,22800.0,22850.0,22750.0,22800.0,1844
m15-kis/001800/2026.csv:202610021245,22800.0,22800.0,22750.0,22800.0,1075
m15-kis/001800/2026.csv:202610021300,22800.0,22850.0,22750.0,22800.0,1374
m15-kis/001800/2026.csv:202610021315,22750.0,22850.0,22750.0,22850.0,1749
m15-kis/001800/2026.csv:202610021330,22800.0,22850.0,22800.0,22825.0,930
m15-kis/001800/2026.csv:202610021345,22825.0,22850.0,22800.0,22850.0,1000
m15-kis/001800/2026.csv:202610021400,22800.0,22850.0,22800.0,22800.0,1441
m15-kis/001800/2026.csv:202610021415,22800.0,22850.0,22800.0,22850.0,889
m15-kis/001800/2026.csv:202610021430,22800.0,22900.0,22800.0,22850.0,3457
m15-kis/001800/2026.csv:202610021445,22800.0,22900.0,22800.0,22850.0,2410
m15-kis/001800/2026.csv:202610021500,22900.0,22900.0,22800.0,22850.0,2821
m15-kis/001800/2026.csv:202610021515,22850.0,22900.0,22850.0,22900.0,2482
m15-kis/001820/2026.csv:202610020900,156600.0,159900.0,156300.0,156300.0,75873
m15-kis/001820/2026.csv:202610020915,156400.0,157400.0,154800.0,156200.0,60580
m15-kis/001820/2026.csv:202610020930,156300.0,157500.0,156200.0,157500.0,28142
m15-kis/001820/2026.csv:202610020945,157400.0,159500.0,157400.0,158200.0,37118
m15-kis/001820/2026.csv:202610021000,158200.0,158500.0,157400.0,157900.0,18356
m15-kis/001820/2026.csv:202610021015,157900.0,157900.0,156400.0,157100.0,18903
m15-kis/001820/2026.csv:202610021030,157200.0,157200.0,155700.0,155900.0,27179
m15-kis/001820/2026.csv:202610021045,155900.0,158400.0,155800.0,158400.0,17478
m15-kis/001820/2026.csv:202610021100,158500.0,158700.0,158000.0,158500.0,15374
m15-kis/001820/2026.csv:202610021115,158600.0,159000.0,158100.0,158300.0,22058
m15-kis/001820/2026.csv:202610021130,158300.0,158400.0,157400.0,157400.0,11862
m15-kis/001820/2026.csv:202610021145,157350.0,158000.0,157200.0,158000.0,9956
m15-kis/001820/2026.csv:202610021200,157900.0,158500.0,157800.0,157900.0,7654
m15-kis/001820/2026.csv:202610021215,158000.0,158400.0,157500.0,158100.0,6116
m15-kis/001820/2026.csv:202610021230,158000.0,158400.0,157400.0,157500.0,9936
m15-kis/001820/2026.csv:202610021245,157500.0,159500.0,157100.0,157100.0,48062
m15-kis/001820/2026.csv:202610021300,157100.0,157300.0,156200.0,156700.0,19051
m15-kis/001820/2026.csv:202610021315,156800.0,157600.0,156300.0,157000.0,9896
m15-kis/001820/2026.csv:202610021330,157200.0,157300.0,156500.0,156700.0,7197
m15-kis/001820/2026.csv:202610021345,156700.0,157500.0,156500.0,156900.0,8858
m15-kis/001820/2026.csv:202610021400,157000.0,157700.0,156800.0,157500.0,8842
m15-kis/001820/2026.csv:202610021415,157500.0,157500.0,156000.0,156100.0,19749
m15-kis/001820/2026.csv:202610021430,156100.0,156300.0,155500.0,156000.0,20073
m15-kis/001820/2026.csv:202610021445,156200.0,156200.0,155700.0,155700.0,14150
m15-kis/001820/2026.csv:202610021500,155800.0,156900.0,155700.0,156800.0,16154
m15-kis/001820/2026.csv:202610021515,156800.0,156900.0,156500.0,156500.0,9201
m15-kis/002240/2026.csv:202610020900,17070.0,17100.0,16940.0,17070.0,2938
m15-kis/002240/2026.csv:202610020915,17070.0,17100.0,17000.0,17100.0,5805
m15-kis/002240/2026.csv:202610020930,17090.0,17160.0,17030.0,17060.0,1040
m15-kis/002240/2026.csv:202610020945,17060.0,17060.0,17040.0,17040.0,897
m15-kis/002240/2026.csv:202610021000,17040.0,17040.0,16950.0,16960.0,2991
m15-kis/002240/2026.csv:202610021015,16960.0,17000.0,16950.0,16990.0,245
m15-kis/002240/2026.csv:202610021030,16990.0,16990.0,16940.0,16980.0,1227
m15-kis/002240/2026.csv:202610021045,16975.0,16975.0,16940.0,16950.0,639
m15-kis/002240/2026.csv:202610021100,16940.0,16950.0,16910.0,16930.0,1532
m15-kis/002240/2026.csv:202610021115,16930.0,16950.0,16910.0,16930.0,678
m15-kis/002240/2026.csv:202610021130,16930.0,16950.0,16930.0,16950.0,200
m15-kis/002240/2026.csv:202610021145,16950.0,16950.0,16930.0,16950.0,213
m15-kis/002240/2026.csv:202610021200,16960.0,17010.0,16950.0,16970.0,292
m15-kis/002240/2026.csv:202610021215,16970.0,16980.0,16950.0,16960.0,2018
m15-kis/002240/2026.csv:202610021230,16960.0,16970.0,16940.0,16940.0,2024
m15-kis/002240/2026.csv:202610021245,16940.0,16950.0,16940.0,16950.0,178
m15-kis/002240/2026.csv:202610021300,16950.0,16960.0,16910.0,16910.0,1346
m15-kis/002240/2026.csv:202610021315,16900.0,16910.0,16890.0,16910.0,757
m15-kis/002240/2026.csv:202610021330,16910.0,16910.0,16870.0,16880.0,1794
m15-kis/002240/2026.csv:202610021345,16870.0,16890.0,16850.0,16890.0,2682
m15-kis/002240/2026.csv:202610021400,16890.0,16890.0,16850.0,16870.0,2554
m15-kis/002240/2026.csv:202610021415,16870.0,16880.0,16830.0,16830.0,2969
m15-kis/002240/2026.csv:202610021430,16850.0,16880.0,16810.0,16840.0,5828
m15-kis/002240/2026.csv:202610021445,16840.0,16880.0,16840.0,16880.0,197
m15-kis/002240/2026.csv:202610021500,16880.0,16880.0,16850.0,16850.0,330
m15-kis/002240/2026.csv:202610021515,16860.0,16880.0,16860.0,16860.0,659
m15-kis/002350/2026.csv:202610020900,5710.0,5770.0,5680.0,5760.0,2201
m15-kis/002350/2026.csv:202610020915,5750.0,5770.0,5750.0,5770.0,11046
m15-kis/002350/2026.csv:202610020930,5770.0,5790.0,5760.0,5770.0,5102
m15-kis/002350/2026.csv:202610020945,5780.0,5790.0,5760.0,5780.0,2191
m15-kis/002350/2026.csv:202610021000,5780.0,5790.0,5760.0,5770.0,3003
m15-kis/002350/2026.csv:202610021015,5770.0,5780.0,5760.0,5780.0,1165
m15-kis/002350/2026.csv:202610021030,5780.0,5780.0,5760.0,5780.0,2188
m15-kis/002350/2026.csv:202610021045,5780.0,5790.0,5760.0,5780.0,2299
m15-kis/002350/2026.csv:202610021100,5780.0,5810.0,5780.0,5780.0,16046
m15-kis/002350/2026.csv:202610021115,5800.0,5810.0,5780.0,5810.0,1146
m15-kis/002350/2026.csv:202610021130,5810.0,5820.0,5780.0,5790.0,3888
m15-kis/002350/2026.csv:202610021145,5780.0,5800.0,5780.0,5800.0,689
m15-kis/002350/2026.csv:202610021200,5800.0,5810.0,5780.0,5800.0,2449
m15-kis/002350/2026.csv:202610021215,5810.0,5810.0,5780.0,5800.0,2423
m15-kis/002350/2026.csv:202610021230,5790.0,5810.0,5780.0,5790.0,907
m15-kis/002350/2026.csv:202610021245,5790.0,5790.0,5770.0,5770.0,1264
m15-kis/002350/2026.csv:202610021300,5790.0,5790.0,5770.0,5770.0,821
m15-kis/002350/2026.csv:202610021315,5780.0,5790.0,5770.0,5780.0,1154
m15-kis/002350/2026.csv:202610021330,5790.0,5800.0,5780.0,5790.0,4817
m15-kis/002350/2026.csv:202610021345,5780.0,5790.0,5780.0,5790.0,531
m15-kis/002350/2026.csv:202610021400,5780.0,5790.0,5780.0,5780.0,836
m15-kis/002350/2026.csv:202610021415,5780.0,5790.0,5770.0,5770.0,1105
m15-kis/002350/2026.csv:202610021430,5770.0,5790.0,5770.0,5770.0,1044
m15-kis/002350/2026.csv:202610021445,5790.0,5800.0,5770.0,5790.0,2390
m15-kis/002350/2026.csv:202610021500,5790.0,5790.0,5780.0,5790.0,1099
m15-kis/002350/2026.csv:202610021515,5790.0,5800.0,5780.0,5800.0,1528
m15-kis/002790/2026.csv:202610020900,25750.0,26000.0,25400.0,25450.0,4343
m15-kis/002790/2026.csv:202610020915,25450.0,25500.0,25250.0,25350.0,7488
m15-kis/002790/2026.csv:202610020930,25300.0,25350.0,24950.0,25100.0,14870
m15-kis/002790/2026.csv:202610020945,25050.0,25050.0,24600.0,24700.0,11101
m15-kis/002790/2026.csv:202610021000,24700.0,24950.0,24700.0,24900.0,5148
m15-kis/002790/2026.csv:202610021015,24800.0,24950.0,24700.0,24750.0,4598
m15-kis/002790/2026.csv:202610021030,24800.0,24900.0,24700.0,24800.0,5087
m15-kis/002790/2026.csv:202610021045,24750.0,24800.0,24700.0,24750.0,4662
m15-kis/002790/2026.csv:202610021100,24800.0,24800.0,24700.0,24750.0,4949
m15-kis/002790/2026.csv:202610021115,24750.0,24850.0,24700.0,24800.0,6274
m15-kis/002790/2026.csv:202610021130,24800.0,24900.0,24700.0,24800.0,5046
m15-kis/002790/2026.csv:202610021145,24850.0,24950.0,24800.0,24850.0,5403
m15-kis/002790/2026.csv:202610021200,24850.0,24950.0,24800.0,24900.0,4345
m15-kis/002790/2026.csv:202610021215,24950.0,25000.0,24850.0,24950.0,5805
m15-kis/002790/2026.csv:202610021230,24950.0,25050.0,24900.0,25000.0,5828
m15-kis/002790/2026.csv:202610021245,25000.0,25150.0,24900.0,25100.0,7108
m15-kis/002790/2026.csv:202610021300,25100.0,25100.0,25000.0,25000.0,5066
m15-kis/002790/2026.csv:202610021315,25050.0,25100.0,24900.0,25050.0,3557
m15-kis/002790/2026.csv:202610021330,25050.0,25200.0,25000.0,25100.0,5721
m15-kis/002790/2026.csv:202610021345,25100.0,25200.0,25000.0,25150.0,4406
m15-kis/002790/2026.csv:202610021400,25100.0,25200.0,25000.0,25100.0,12153
m15-kis/002790/2026.csv:202610021415,25100.0,25200.0,25000.0,25050.0,4305
m15-kis/002790/2026.csv:202610021430,25150.0,25200.0,25050.0,25150.0,4718
m15-kis/002790/2026.csv:202610021445,25100.0,25200.0,25050.0,25100.0,3841
m15-kis/002790/2026.csv:202610021500,25150.0,25250.0,25100.0,25200.0,4828
m15-kis/002790/2026.csv:202610021515,25150.0,25300.0,25150.0,25300.0,6257
m15-kis/002840/2026.csv:202610020900,132800.0,134100.0,132800.0,134000.0,65
m15-kis/002840/2026.csv:202610020915,134100.0,134300.0,133200.0,133900.0,143
m15-kis/002840/2026.csv:202610020930,133600.0,134500.0,133600.0,134500.0,52
m15-kis/002840/2026.csv:202610020945,134200.0,134300.0,134100.0,134300.0,13
m15-kis/002840/2026.csv:202610021000,134200.0,134500.0,133700.0,134500.0,94
m15-kis/002840/2026.csv:202610021015,134600.0,134600.0,133600.0,134100.0,76
m15-kis/002840/2026.csv:202610021030,133700.0,134400.0,133300.0,133800.0,49
m15-kis/002840/2026.csv:202610021045,133600.0,134300.0,133600.0,133700.0,73
m15-kis/002840/2026.csv:202610021100,133700.0,134100.0,133700.0,134100.0,20
m15-kis/002840/2026.csv:202610021115,134100.0,134250.0,133700.0,133700.0,25
m15-kis/002840/2026.csv:202610021130,133800.0,133800.0,133800.0,133800.0,27
m15-kis/002840/2026.csv:202610021145,133700.0,133700.0,133700.0,133700.0,2
m15-kis/002840/2026.csv:202610021200,133900.0,133900.0,133900.0,133900.0,11
m15-kis/002840/2026.csv:202610021215,133800.0,133800.0,133800.0,133800.0,5
m15-kis/002840/2026.csv:202610021230,133800.0,134000.0,133800.0,134000.0,17
m15-kis/002840/2026.csv:202610021245,134000.0,134000.0,134000.0,134000.0,1
m15-kis/002840/2026.csv:202610021300,133950.0,133950.0,133800.0,133900.0,27
m15-kis/002840/2026.csv:202610021315,133900.0,133900.0,133900.0,133900.0,2
m15-kis/002840/2026.csv:202610021330,133900.0,134000.0,133900.0,133900.0,4
m15-kis/002840/2026.csv:202610021345,134000.0,134400.0,133900.0,134000.0,72
m15-kis/002840/2026.csv:202610021400,134100.0,134100.0,134100.0,134100.0,3
m15-kis/002840/2026.csv:202610021415,134200.0,134200.0,133900.0,134000.0,17
m15-kis/002840/2026.csv:202610021430,134000.0,134200.0,134000.0,134200.0,14
m15-kis/002840/2026.csv:202610021445,134000.0,134200.0,133900.0,134200.0,25
m15-kis/002840/2026.csv:202610021500,134300.0,134300.0,133900.0,134200.0,35
m15-kis/002840/2026.csv:202610021515,134200.0,134300.0,134200.0,134300.0,79
m15-kis/003090/2026.csv:202610020900,15600.0,15780.0,15580.0,15580.0,3363
m15-kis/003090/2026.csv:202610020915,15550.0,15580.0,15360.0,15380.0,4280
m15-kis/003090/2026.csv:202610020930,15370.0,15430.0,15330.0,15400.0,2330
m15-kis/003090/2026.csv:202610020945,15400.0,15400.0,15330.0,15340.0,2014
m15-kis/003090/2026.csv:202610021000,15340.0,15400.0,15330.0,15350.0,1596
m15-kis/003090/2026.csv:202610021015,15350.0,15360.0,15240.0,15250.0,2849
m15-kis/003090/2026.csv:202610021030,15250.0,15260.0,15160.0,15230.0,2926
m15-kis/003090/2026.csv:202610021045,15230.0,15230.0,15170.0,15230.0,4112
m15-kis/003090/2026.csv:202610021100,15230.0,15260.0,15190.0,15240.0,1741
m15-kis/003090/2026.csv:202610021115,15250.0,15260.0,15240.0,15240.0,1046
m15-kis/003090/2026.csv:202610021130,15240.0,15250.0,15210.0,15250.0,1775
m15-kis/003090/2026.csv:202610021145,15250.0,15290.0,15250.0,15260.0,1184
m15-kis/003090/2026.csv:202610021200,15260.0,15320.0,15230.0,15230.0,2107
m15-kis/003090/2026.csv:202610021215,15230.0,15240.0,15210.0,15230.0,1416
m15-kis/003090/2026.csv:202610021230,15230.0,15240.0,15210.0,15230.0,1439
m15-kis/003090/2026.csv:202610021245,15230.0,15240.0,15220.0,15230.0,1096
m15-kis/003090/2026.csv:202610021300,15230.0,15260.0,15230.0,15250.0,508
m15-kis/003090/2026.csv:202610021315,15240.0,15260.0,15240.0,15260.0,875
m15-kis/003090/2026.csv:202610021330,15250.0,15260.0,15240.0,15240.0,717
m15-kis/003090/2026.csv:202610021345,15250.0,15260.0,15250.0,15260.0,2111
m15-kis/003090/2026.csv:202610021400,15260.0,15310.0,15260.0,15270.0,1525
m15-kis/003090/2026.csv:202610021415,15270.0,15270.0,15250.0,15270.0,2540
m15-kis/003090/2026.csv:202610021430,15270.0,15300.0,15270.0,15290.0,1874
m15-kis/003090/2026.csv:202610021445,15290.0,15310.0,15270.0,15310.0,2363
m15-kis/003090/2026.csv:202610021500,15330.0,15330.0,15270.0,15280.0,3516
m15-kis/003090/2026.csv:202610021515,15280.0,15350.0,15280.0,15340.0,3198
m15-kis/003160/2026.csv:202610020900,41350.0,42000.0,40850.0,41250.0,102109
m15-kis/003160/2026.csv:202610020915,41300.0,43150.0,40850.0,42850.0,212043
m15-kis/003160/2026.csv:202610020930,42800.0,43150.0,42250.0,42500.0,90658
m15-kis/003160/2026.csv:202610020945,42500.0,43350.0,42350.0,43050.0,98289
m15-kis/003160/2026.csv:202610021000,43100.0,43400.0,42700.0,43400.0,52142
m15-kis/003160/2026.csv:202610021015,43400.0,43400.0,42600.0,43200.0,47693
m15-kis/003160/2026.csv:202610021030,43150.0,43350.0,42750.0,43150.0,39110
m15-kis/003160/2026.csv:202610021045,43150.0,43500.0,43100.0,43250.0,38195
m15-kis/003160/2026.csv:202610021100,43250.0,43400.0,42650.0,42950.0,29998
m15-kis/003160/2026.csv:202610021115,42950.0,43250.0,42750.0,43050.0,23560
m15-kis/003160/2026.csv:202610021130,43050.0,43450.0,42950.0,43150.0,28486
m15-kis/003160/2026.csv:202610021145,43100.0,43500.0,43050.0,43400.0,20121
m15-kis/003160/2026.csv:202610021200,43400.0,43500.0,43150.0,43450.0,16232
m15-kis/003160/2026.csv:202610021215,43450.0,43900.0,43350.0,43750.0,67345
m15-kis/003160/2026.csv:202610021230,43750.0,43850.0,42950.0,43100.0,36037
m15-kis/003160/2026.csv:202610021245,43150.0,43350.0,42950.0,43050.0,26130
m15-kis/003160/2026.csv:202610021300,43200.0,43250.0,42600.0,42850.0,38555
m15-kis/003160/2026.csv:202610021315,42850.0,43250.0,42750.0,42875.0,20418
m15-kis/003160/2026.csv:202610021330,42850.0,43150.0,42600.0,42650.0,24817
m15-kis/003160/2026.csv:202610021345,42650.0,43250.0,42550.0,42950.0,26004
m15-kis/003160/2026.csv:202610021400,42925.0,43200.0,42800.0,42850.0,22816
m15-kis/003160/2026.csv:202610021415,42850.0,43050.0,42600.0,42650.0,25743
m15-kis/003160/2026.csv:202610021430,42600.0,42900.0,42550.0,42800.0,26086
m15-kis/003160/2026.csv:202610021445,42800.0,42800.0,42250.0,42400.0,42932
m15-kis/003160/2026.csv:202610021500,42400.0,42700.0,42250.0,42700.0,31418
m15-kis/003160/2026.csv:202610021515,42700.0,42800.0,42600.0,42800.0,35559
m15-kis/003230/2026.csv:202610020900,1240000.0,1243000.0,1222000.0,1226000.0,1321
m15-kis/003230/2026.csv:202610020915,1226000.0,1240000.0,1224000.0,1239000.0,1302
m15-kis/003230/2026.csv:202610020930,1238000.0,1239000.0,1225000.0,1226000.0,755
m15-kis/003230/2026.csv:202610020945,1226000.0,1227000.0,1218000.0,1223000.0,968
m15-kis/003230/2026.csv:202610021000,1223000.0,1226000.0,1219000.0,1225000.0,615
m15-kis/003230/2026.csv:202610021015,1225000.0,1227000.0,1218000.0,1218000.0,621
m15-kis/003230/2026.csv:202610021030,1219000.0,1228000.0,1218000.0,1223000.0,483
m15-kis/003230/2026.csv:202610021045,1223000.0,1224000.0,1219000.0,1224000.0,362
m15-kis/003230/2026.csv:202610021100,1223000.0,1227000.0,1221000.0,1225000.0,296
m15-kis/003230/2026.csv:202610021115,1226000.0,1227000.0,1222000.0,1223000.0,284
m15-kis/003230/2026.csv:202610021130,1223000.0,1226000.0,1221000.0,1225000.0,382
m15-kis/003230/2026.csv:202610021145,1225000.0,1226000.0,1219000.0,1219000.0,462
m15-kis/003230/2026.csv:202610021200,1220000.0,1220000.0,1213000.0,1215000.0,1270
m15-kis/003230/2026.csv:202610021215,1215000.0,1216000.0,1211000.0,1213000.0,1059
m15-kis/003230/2026.csv:202610021230,1212000.0,1213000.0,1211000.0,1211000.0,762
m15-kis/003230/2026.csv:202610021245,1212000.0,1214000.0,1211000.0,1214000.0,499
m15-kis/003230/2026.csv:202610021300,1214000.0,1215000.0,1212000.0,1212000.0,491
m15-kis/003230/2026.csv:202610021315,1212000.0,1216000.0,1212000.0,1212000.0,586
m15-kis/003230/2026.csv:202610021330,1212000.0,1214000.0,1211000.0,1212000.0,676
m15-kis/003230/2026.csv:202610021345,1212000.0,1212000.0,1205000.0,1209000.0,2467
m15-kis/003230/2026.csv:202610021400,1208000.0,1212000.0,1207000.0,1211000.0,637
m15-kis/003230/2026.csv:202610021415,1211000.0,1213000.0,1209000.0,1210000.0,746
m15-kis/003230/2026.csv:202610021430,1210000.0,1210000.0,1206000.0,1207000.0,1548
m15-kis/003230/2026.csv:202610021445,1206000.0,1209000.0,1205000.0,1208000.0,1883
m15-kis/003230/2026.csv:202610021500,1207000.0,1210000.0,1205000.0,1207000.0,1762
m15-kis/003230/2026.csv:202610021515,1206000.0,1211000.0,1205000.0,1211000.0,598
m15-kis/003240/2026.csv:202610020900,904000.0,905000.0,892000.0,892000.0,175
m15-kis/003240/2026.csv:202610020915,893000.0,894000.0,881000.0,882000.0,273
m15-kis/003240/2026.csv:202610020930,882000.0,889000.0,882000.0,886000.0,88
m15-kis/003240/2026.csv:202610020945,886000.0,888000.0,885000.0,888000.0,51
m15-kis/003240/2026.csv:202610021000,887000.0,888000.0,885000.0,885000.0,17
m15-kis/003240/2026.csv:202610021015,885000.0,888000.0,882000.0,882000.0,64
m15-kis/003240/2026.csv:202610021030,882000.0,883000.0,880000.0,883000.0,105
m15-kis/003240/2026.csv:202610021045,882000.0,884000.0,880000.0,881000.0,40
m15-kis/003240/2026.csv:202610021100,882000.0,885000.0,881000.0,882000.0,23
m15-kis/003240/2026.csv:202610021115,882000.0,885000.0,881000.0,882000.0,19
m15-kis/003240/2026.csv:202610021130,882000.0,886000.0,881000.0,881000.0,40
m15-kis/003240/2026.csv:202610021145,882000.0,882000.0,880000.0,881000.0,31
m15-kis/003240/2026.csv:202610021200,880000.0,882000.0,880000.0,880000.0,30
m15-kis/003240/2026.csv:202610021215,880000.0,881000.0,879000.0,879000.0,74
m15-kis/003240/2026.csv:202610021230,879000.0,881000.0,878000.0,879000.0,51
m15-kis/003240/2026.csv:202610021245,879000.0,881000.0,878000.0,880500.0,23
m15-kis/003240/2026.csv:202610021300,879000.0,881000.0,877000.0,877000.0,35
m15-kis/003240/2026.csv:202610021315,879000.0,879000.0,879000.0,879000.0,13
m15-kis/003240/2026.csv:202610021330,882000.0,882000.0,879000.0,879000.0,15
m15-kis/003240/2026.csv:202610021345,879000.0,881000.0,878000.0,880000.0,22
m15-kis/003240/2026.csv:202610021400,879000.0,883000.0,879000.0,881000.0,51
m15-kis/003240/2026.csv:202610021415,880000.0,884000.0,878000.0,880000.0,52
m15-kis/003240/2026.csv:202610021430,880000.0,887000.0,877000.0,883000.0,194
m15-kis/003240/2026.csv:202610021445,882000.0,887000.0,880000.0,886000.0,23
m15-kis/003240/2026.csv:202610021500,883000.0,889000.0,881000.0,886000.0,27
m15-kis/003240/2026.csv:202610021515,887000.0,889000.0,885000.0,889000.0,24
m15-kis/003470/2026.csv:202610020900,4350.0,4370.0,4320.0,4370.0,12401
m15-kis/003470/2026.csv:202610020915,4375.0,4380.0,4355.0,4360.0,8238
m15-kis/003470/2026.csv:202610020930,4360.0,4360.0,4340.0,4350.0,5235
m15-kis/003470/2026.csv:202610020945,4355.0,4355.0,4340.0,4350.0,5845
m15-kis/003470/2026.csv:202610021000,4350.0,4350.0,4330.0,4340.0,14615
m15-kis/003470/2026.csv:202610021015,4340.0,4340.0,4310.0,4315.0,25351
m15-kis/003470/2026.csv:202610021030,4315.0,4320.0,4310.0,4315.0,3565
m15-kis/003470/2026.csv:202610021045,4315.0,4320.0,4305.0,4320.0,16392
m15-kis/003470/2026.csv:202610021100,4320.0,4320.0,4315.0,4320.0,3205
m15-kis/003470/2026.csv:202610021115,4320.0,4325.0,4315.0,4320.0,3207
m15-kis/003470/2026.csv:202610021130,4320.0,4330.0,4315.0,4325.0,3914
m15-kis/003470/2026.csv:202610021145,4325.0,4330.0,4325.0,4330.0,408
m15-kis/003470/2026.csv:202610021200,4335.0,4340.0,4335.0,4340.0,224
m15-kis/003470/2026.csv:202610021215,4340.0,4340.0,4330.0,4335.0,628
m15-kis/003470/2026.csv:202610021230,4340.0,4340.0,4330.0,4330.0,2364
m15-kis/003470/2026.csv:202610021245,4335.0,4335.0,4325.0,4330.0,2099
m15-kis/003470/2026.csv:202610021300,4330.0,4335.0,4325.0,4325.0,1283
m15-kis/003470/2026.csv:202610021315,4330.0,4330.0,4325.0,4330.0,507
m15-kis/003470/2026.csv:202610021330,4330.0,4335.0,4325.0,4330.0,1191
m15-kis/003470/2026.csv:202610021345,4325.0,4335.0,4325.0,4330.0,1705
m15-kis/003470/2026.csv:202610021400,4335.0,4340.0,4330.0,4330.0,5399
m15-kis/003470/2026.csv:202610021415,4340.0,4350.0,4320.0,4335.0,24525
m15-kis/003470/2026.csv:202610021430,4340.0,4345.0,4330.0,4340.0,1657
m15-kis/003470/2026.csv:202610021445,4340.0,4350.0,4335.0,4345.0,17017
m15-kis/003470/2026.csv:202610021500,4345.0,4355.0,4345.0,4350.0,5532
m15-kis/003470/2026.csv:202610021515,4350.0,4355.0,4345.0,4350.0,9544
m15-kis/003490/2026.csv:202610020900,30800.0,31100.0,30600.0,30950.0,143164
m15-kis/003490/2026.csv:202610020915,30950.0,30950.0,30550.0,30550.0,112652
m15-kis/003490/2026.csv:202610020930,30575.0,30700.0,30450.0,30500.0,150415
m15-kis/003490/2026.csv:202610020945,30500.0,30600.0,30400.0,30550.0,99053
m15-kis/003490/2026.csv:202610021000,30600.0,30600.0,30450.0,30600.0,62010
m15-kis/003490/2026.csv:202610021015,30600.0,30600.0,30400.0,30400.0,87086
m15-kis/003490/2026.csv:202610021030,30400.0,30550.0,30400.0,30450.0,59133
m15-kis/003490/2026.csv:202610021045,30450.0,30550.0,30400.0,30400.0,61685
m15-kis/003490/2026.csv:202610021100,30400.0,30450.0,30250.0,30300.0,105101
m15-kis/003490/2026.csv:202610021115,30300.0,30500.0,30300.0,30450.0,65422
m15-kis/003490/2026.csv:202610021130,30500.0,30600.0,30400.0,30550.0,35433
m15-kis/003490/2026.csv:202610021145,30550.0,30550.0,30350.0,30400.0,36272
m15-kis/003490/2026.csv:202610021200,30375.0,30400.0,30350.0,30350.0,26026
m15-kis/003490/2026.csv:202610021215,30350.0,30400.0,30250.0,30250.0,46495
m15-kis/003490/2026.csv:202610021230,30275.0,30350.0,30250.0,30300.0,27140
m15-kis/003490/2026.csv:202610021245,30300.0,30350.0,30250.0,30300.0,41929
m15-kis/003490/2026.csv:202610021300,30350.0,30400.0,30300.0,30350.0,29930
m15-kis/003490/2026.csv:202610021315,30350.0,30400.0,30250.0,30250.0,34633
m15-kis/003490/2026.csv:202610021330,30250.0,30350.0,30250.0,30300.0,46706
m15-kis/003490/2026.csv:202610021345,30300.0,30425.0,30300.0,30400.0,30526
m15-kis/003490/2026.csv:202610021400,30400.0,30450.0,30350.0,30350.0,26923
m15-kis/003490/2026.csv:202610021415,30375.0,30400.0,30300.0,30350.0,37860
m15-kis/003490/2026.csv:202610021430,30350.0,30400.0,30300.0,30350.0,36870
m15-kis/003490/2026.csv:202610021445,30350.0,30500.0,30350.0,30400.0,66073
m15-kis/003490/2026.csv:202610021500,30400.0,30550.0,30400.0,30400.0,109340
m15-kis/003490/2026.csv:202610021515,30400.0,30600.0,30350.0,30600.0,98915
m15-kis/003530/2026.csv:202610020900,4605.0,4745.0,4605.0,4725.0,219428
m15-kis/003530/2026.csv:202610020915,4725.0,4750.0,4710.0,4740.0,96856
m15-kis/003530/2026.csv:202610020930,4745.0,4745.0,4685.0,4695.0,45896
m15-kis/003530/2026.csv:202610020945,4690.0,4720.0,4685.0,4720.0,35697
m15-kis/003530/2026.csv:202610021000,4715.0,4720.0,4670.0,4690.0,51715
m15-kis/003530/2026.csv:202610021015,4690.0,4690.0,4650.0,4660.0,44423
m15-kis/003530/2026.csv:202610021030,4655.0,4660.0,4640.0,4640.0,22586
m15-kis/003530/2026.csv:202610021045,4640.0,4655.0,4630.0,4650.0,37732
m15-kis/003530/2026.csv:202610021100,4650.0,4655.0,4640.0,4645.0,15516
m15-kis/003530/2026.csv:202610021115,4645.0,4650.0,4635.0,4635.0,14803
m15-kis/003530/2026.csv:202610021130,4635.0,4645.0,4635.0,4645.0,11792
m15-kis/003530/2026.csv:202610021145,4640.0,4650.0,4635.0,4650.0,8800
m15-kis/003530/2026.csv:202610021200,4650.0,4655.0,4640.0,4650.0,7120
m15-kis/003530/2026.csv:202610021215,4650.0,4650.0,4635.0,4640.0,12265
m15-kis/003530/2026.csv:202610021230,4640.0,4645.0,4630.0,4635.0,17698
m15-kis/003530/2026.csv:202610021245,4630.0,4635.0,4615.0,4625.0,22984
m15-kis/003530/2026.csv:202610021300,4625.0,4635.0,4615.0,4620.0,13293
m15-kis/003530/2026.csv:202610021315,4620.0,4635.0,4615.0,4635.0,14329
m15-kis/003530/2026.csv:202610021330,4630.0,4650.0,4625.0,4650.0,13390
m15-kis/003530/2026.csv:202610021345,4645.0,4655.0,4640.0,4655.0,12854
m15-kis/003530/2026.csv:202610021400,4655.0,4700.0,4655.0,4700.0,30564
m15-kis/003530/2026.csv:202610021415,4690.0,4705.0,4685.0,4695.0,29723
m15-kis/003530/2026.csv:202610021430,4695.0,4695.0,4660.0,4665.0,15811
m15-kis/003530/2026.csv:202610021445,4670.0,4680.0,4660.0,4670.0,27257
m15-kis/003530/2026.csv:202610021500,4675.0,4680.0,4665.0,4665.0,13301
m15-kis/003530/2026.csv:202610021515,4670.0,4675.0,4660.0,4665.0,22072
m15-kis/003540/2026.csv:202610020900,25400.0,25450.0,25300.0,25350.0,752
m15-kis/003540/2026.csv:202610020915,25350.0,25500.0,25350.0,25450.0,219
m15-kis/003540/2026.csv:202610020930,25450.0,25450.0,25350.0,25350.0,463
m15-kis/003540/2026.csv:202610020945,25350.0,25550.0,25350.0,25400.0,652
m15-kis/003540/2026.csv:202610021000,25400.0,25400.0,25350.0,25400.0,112
m15-kis/003540/2026.csv:202610021015,25400.0,25400.0,25350.0,25400.0,243
m15-kis/003540/2026.csv:202610021030,25400.0,25400.0,25200.0,25250.0,1764
m15-kis/003540/2026.csv:202610021045,25250.0,25350.0,25250.0,25300.0,483
m15-kis/003540/2026.csv:202610021100,25300.0,25400.0,25300.0,25400.0,608
m15-kis/003540/2026.csv:202610021115,25400.0,25400.0,25300.0,25400.0,686
m15-kis/003540/2026.csv:202610021130,25400.0,25400.0,25400.0,25400.0,21
m15-kis/003540/2026.csv:202610021145,25400.0,25450.0,25350.0,25450.0,218
m15-kis/003540/2026.csv:202610021200,25450.0,25450.0,25350.0,25400.0,90
m15-kis/003540/2026.csv:202610021215,25400.0,25400.0,25350.0,25400.0,39
m15-kis/003540/2026.csv:202610021230,25400.0,25400.0,25350.0,25400.0,61
m15-kis/003540/2026.csv:202610021245,25350.0,25350.0,25300.0,25300.0,675
m15-kis/003540/2026.csv:202610021300,25350.0,25400.0,25300.0,25350.0,1086
m15-kis/003540/2026.csv:202610021315,25350.0,25400.0,25350.0,25350.0,516
m15-kis/003540/2026.csv:202610021330,25400.0,25400.0,25350.0,25400.0,388
m15-kis/003540/2026.csv:202610021345,25400.0,25450.0,25400.0,25400.0,599
m15-kis/003540/2026.csv:202610021400,25400.0,25450.0,25400.0,25400.0,431
m15-kis/003540/2026.csv:202610021415,25450.0,25450.0,25400.0,25400.0,666
m15-kis/003540/2026.csv:202610021430,25400.0,25450.0,25400.0,25400.0,851
m15-kis/003540/2026.csv:202610021445,25450.0,25450.0,25450.0,25450.0,571
m15-kis/003540/2026.csv:202610021500,25450.0,25500.0,25450.0,25500.0,834
m15-kis/003540/2026.csv:202610021515,25450.0,25500.0,25450.0,25500.0,1352
m15-kis/003550/2026.csv:202610020900,109500.0,109800.0,108800.0,109500.0,2552
m15-kis/003550/2026.csv:202610020915,109600.0,109600.0,108900.0,109100.0,3377
m15-kis/003550/2026.csv:202610020930,109100.0,110200.0,109100.0,109700.0,3140
m15-kis/003550/2026.csv:202610020945,109700.0,110100.0,109700.0,109900.0,2178
m15-kis/003550/2026.csv:202610021000,109900.0,109900.0,109200.0,109600.0,3555
m15-kis/003550/2026.csv:202610021015,109700.0,109800.0,109000.0,109400.0,3064
m15-kis/003550/2026.csv:202610021030,109400.0,109700.0,109300.0,109700.0,2828
m15-kis/003550/2026.csv:202610021045,109700.0,110200.0,109600.0,109900.0,4172
m15-kis/003550/2026.csv:202610021100,109900.0,110300.0,109700.0,110300.0,4170
m15-kis/003550/2026.csv:202610021115,110300.0,110500.0,109700.0,110000.0,4453
m15-kis/003550/2026.csv:202610021130,110000.0,110100.0,109700.0,110000.0,2941
m15-kis/003550/2026.csv:202610021145,110100.0,110400.0,110000.0,110200.0,3882
m15-kis/003550/2026.csv:202610021200,110100.0,110400.0,110100.0,110400.0,3186
m15-kis/003550/2026.csv:202610021215,110400.0,110400.0,109900.0,110000.0,3386
m15-kis/003550/2026.csv:202610021230,110000.0,110100.0,109900.0,110000.0,1736
m15-kis/003550/2026.csv:202610021245,110100.0,110100.0,109800.0,110000.0,2389
m15-kis/003550/2026.csv:202610021300,110100.0,110200.0,109700.0,110000.0,4084
m15-kis/003550/2026.csv:202610021315,109900.0,110000.0,109900.0,110000.0,1529
m15-kis/003550/2026.csv:202610021330,110000.0,110100.0,109500.0,109600.0,4311
m15-kis/003550/2026.csv:202610021345,109600.0,110100.0,109500.0,110100.0,4468
m15-kis/003550/2026.csv:202610021400,110000.0,110100.0,109800.0,109900.0,3442
m15-kis/003550/2026.csv:202610021415,110000.0,110200.0,109800.0,110100.0,4452
m15-kis/003550/2026.csv:202610021430,110200.0,110400.0,110100.0,110300.0,5070
m15-kis/003550/2026.csv:202610021445,110300.0,110900.0,110300.0,110800.0,7293
m15-kis/003550/2026.csv:202610021500,110900.0,111000.0,110700.0,110800.0,5811
m15-kis/003550/2026.csv:202610021515,110900.0,111100.0,110700.0,111100.0,8488
m15-kis/003570/2026.csv:202610020900,30150.0,30300.0,30000.0,30100.0,3183
m15-kis/003570/2026.csv:202610020915,30100.0,30950.0,30050.0,30800.0,6870
m15-kis/003570/2026.csv:202610020930,30900.0,31050.0,30400.0,30950.0,8360
m15-kis/003570/2026.csv:202610020945,30900.0,31050.0,30850.0,30950.0,5580
m15-kis/003570/2026.csv:202610021000,30950.0,30950.0,30600.0,30700.0,3241
m15-kis/003570/2026.csv:202610021015,30750.0,31350.0,30700.0,31200.0,8497
m15-kis/003570/2026.csv:202610021030,31200.0,31300.0,31000.0,31150.0,4814
m15-kis/003570/2026.csv:202610021045,31150.0,31750.0,31100.0,31600.0,7656
m15-kis/003570/2026.csv:202610021100,31575.0,31750.0,31450.0,31475.0,5785
m15-kis/003570/2026.csv:202610021115,31450.0,31550.0,31150.0,31200.0,4038
m15-kis/003570/2026.csv:202610021130,31200.0,31950.0,31150.0,31950.0,11055
m15-kis/003570/2026.csv:202610021145,31950.0,32200.0,31850.0,32050.0,8279
m15-kis/003570/2026.csv:202610021200,32050.0,32800.0,32050.0,32500.0,15164
m15-kis/003570/2026.csv:202610021215,32500.0,32800.0,32500.0,32550.0,7254
m15-kis/003570/2026.csv:202610021230,32550.0,32650.0,32450.0,32550.0,5584
m15-kis/003570/2026.csv:202610021245,32550.0,32900.0,32250.0,32900.0,10086
m15-kis/003570/2026.csv:202610021300,32850.0,32900.0,32500.0,32800.0,12167
m15-kis/003570/2026.csv:202610021315,32800.0,32900.0,32600.0,32850.0,11272
m15-kis/003570/2026.csv:202610021330,32850.0,33050.0,32800.0,32800.0,12125
m15-kis/003570/2026.csv:202610021345,32850.0,32900.0,32700.0,32800.0,7583
m15-kis/003570/2026.csv:202610021400,32800.0,33000.0,32700.0,33000.0,7587
m15-kis/003570/2026.csv:202610021415,33000.0,33100.0,32800.0,32950.0,9663
m15-kis/003570/2026.csv:202610021430,32950.0,32950.0,32400.0,32700.0,9184
m15-kis/003570/2026.csv:202610021445,32725.0,33000.0,32700.0,32850.0,9578
m15-kis/003570/2026.csv:202610021500,32850.0,33000.0,32650.0,32700.0,9358
m15-kis/003570/2026.csv:202610021515,32700.0,32850.0,32450.0,32600.0,5198
m15-kis/003620/2026.csv:202610020900,2510.0,2545.0,2500.0,2540.0,19443
m15-kis/003620/2026.csv:202610020915,2535.0,2555.0,2535.0,2540.0,32822
m15-kis/003620/2026.csv:202610020930,2540.0,2555.0,2540.0,2550.0,15511
m15-kis/003620/2026.csv:202610020945,2550.0,2550.0,2540.0,2550.0,12899
m15-kis/003620/2026.csv:202610021000,2545.0,2545.0,2540.0,2540.0,8170
m15-kis/003620/2026.csv:202610021015,2545.0,2545.0,2525.0,2535.0,4744
m15-kis/003620/2026.csv:202610021030,2535.0,2540.0,2505.0,2535.0,21873
m15-kis/003620/2026.csv:202610021045,2535.0,2545.0,2525.0,2545.0,6249
m15-kis/003620/2026.csv:202610021100,2545.0,2545.0,2540.0,2545.0,1221
m15-kis/003620/2026.csv:202610021115,2540.0,2545.0,2535.0,2545.0,4165
m15-kis/003620/2026.csv:202610021130,2540.0,2550.0,2535.0,2540.0,1733
m15-kis/003620/2026.csv:202610021145,2540.0,2540.0,2530.0,2540.0,2616
m15-kis/003620/2026.csv:202610021200,2540.0,2545.0,2535.0,2535.0,2286
m15-kis/003620/2026.csv:202610021215,2535.0,2545.0,2535.0,2535.0,9903
m15-kis/003620/2026.csv:202610021230,2535.0,2540.0,2535.0,2540.0,4208
m15-kis/003620/2026.csv:202610021245,2540.0,2540.0,2535.0,2540.0,1973
m15-kis/003620/2026.csv:202610021300,2535.0,2540.0,2530.0,2540.0,11069
m15-kis/003620/2026.csv:202610021315,2540.0,2545.0,2535.0,2535.0,27873
m15-kis/003620/2026.csv:202610021330,2540.0,2540.0,2537.0,2537.0,739
m15-kis/003620/2026.csv:202610021345,2537.0,2540.0,2535.0,2535.0,4713
m15-kis/003620/2026.csv:202610021400,2540.0,2545.0,2535.0,2545.0,2739
m15-kis/003620/2026.csv:202610021415,2545.0,2545.0,2535.0,2540.0,3370
m15-kis/003620/2026.csv:202610021430,2540.0,2540.0,2535.0,2540.0,936
m15-kis/003620/2026.csv:202610021445,2535.0,2545.0,2535.0,2540.0,8815
m15-kis/003620/2026.csv:202610021500,2545.0,2545.0,2525.0,2535.0,20952
m15-kis/003620/2026.csv:202610021515,2535.0,2540.0,2530.0,2535.0,11347
m15-kis/003670/2026.csv:202610020900,182100.0,186400.0,182100.0,186200.0,31226
m15-kis/003670/2026.csv:202610020915,186200.0,186200.0,182800.0,184700.0,11518
m15-kis/003670/2026.csv:202610020930,184700.0,186700.0,184300.0,186300.0,16979
m15-kis/003670/2026.csv:202610020945,186300.0,188500.0,184700.0,188400.0,21278
m15-kis/003670/2026.csv:202610021000,188300.0,188400.0,186700.0,187500.0,8995
m15-kis/003670/2026.csv:202610021015,187400.0,187400.0,185000.0,185600.0,8963
m15-kis/003670/2026.csv:202610021030,185600.0,185700.0,184000.0,184300.0,11008
m15-kis/003670/2026.csv:202610021045,184300.0,184700.0,183500.0,184450.0,6858
m15-kis/003670/2026.csv:202610021100,184400.0,185400.0,184400.0,184900.0,8150
m15-kis/003670/2026.csv:202610021115,185000.0,185300.0,184800.0,185000.0,2511
m15-kis/003670/2026.csv:202610021130,184900.0,185000.0,184600.0,184700.0,3936
m15-kis/003670/2026.csv:202610021145,184700.0,185000.0,184600.0,184700.0,2323
m15-kis/003670/2026.csv:202610021200,184800.0,184950.0,184200.0,184300.0,3731
m15-kis/003670/2026.csv:202610021215,184300.0,184400.0,183600.0,184100.0,5723
m15-kis/003670/2026.csv:202610021230,184000.0,184300.0,183700.0,183900.0,2385
m15-kis/003670/2026.csv:202610021245,183800.0,184300.0,183200.0,184200.0,4453
m15-kis/003670/2026.csv:202610021300,184200.0,184600.0,183700.0,184200.0,4340
m15-kis/003670/2026.csv:202610021315,184100.0,184700.0,184000.0,184600.0,2593
m15-kis/003670/2026.csv:202610021330,184700.0,184800.0,184400.0,184500.0,2799
m15-kis/003670/2026.csv:202610021345,184500.0,185500.0,184400.0,185500.0,8526
m15-kis/003670/2026.csv:202610021400,185500.0,185700.0,185300.0,185500.0,6129
m15-kis/003670/2026.csv:202610021415,185500.0,185900.0,185100.0,185400.0,7337
m15-kis/003670/2026.csv:202610021430,185400.0,185700.0,185000.0,185200.0,6716
m15-kis/003670/2026.csv:202610021445,185200.0,187000.0,185100.0,186900.0,12428
m15-kis/003670/2026.csv:202610021500,186900.0,187000.0,186600.0,186800.0,9979
m15-kis/003670/2026.csv:202610021515,186800.0,186900.0,186800.0,186900.0,9770
m15-kis/003690/2026.csv:202610020900,14250.0,14380.0,14170.0,14300.0,6426
m15-kis/003690/2026.csv:202610020915,14300.0,14310.0,14230.0,14240.0,3789
m15-kis/003690/2026.csv:202610020930,14250.0,14310.0,14220.0,14270.0,2648
m15-kis/003690/2026.csv:202610020945,14260.0,14270.0,14120.0,14130.0,23757
m15-kis/003690/2026.csv:202610021000,14140.0,14220.0,14130.0,14180.0,6594
m15-kis/003690/2026.csv:202610021015,14220.0,14230.0,14180.0,14230.0,1501
m15-kis/003690/2026.csv:202610021030,14200.0,14260.0,14180.0,14230.0,2418
m15-kis/003690/2026.csv:202610021045,14260.0,14300.0,14210.0,14270.0,2451
m15-kis/003690/2026.csv:202610021100,14240.0,14350.0,14230.0,14340.0,4280
m15-kis/003690/2026.csv:202610021115,14340.0,14350.0,14320.0,14340.0,3458
m15-kis/003690/2026.csv:202610021130,14340.0,14350.0,14270.0,14300.0,2823
m15-kis/003690/2026.csv:202610021145,14300.0,14340.0,14280.0,14340.0,3952
m15-kis/003690/2026.csv:202610021200,14340.0,14360.0,14320.0,14330.0,2712
m15-kis/003690/2026.csv:202610021215,14330.0,14360.0,14320.0,14330.0,4575
m15-kis/003690/2026.csv:202610021230,14340.0,14380.0,14320.0,14380.0,4349
m15-kis/003690/2026.csv:202610021245,14380.0,14390.0,14320.0,14360.0,3957
m15-kis/003690/2026.csv:202610021300,14360.0,14380.0,14330.0,14380.0,3808
m15-kis/003690/2026.csv:202610021315,14380.0,14390.0,14350.0,14390.0,3579
m15-kis/003690/2026.csv:202610021330,14390.0,14390.0,14350.0,14380.0,3367
m15-kis/003690/2026.csv:202610021345,14380.0,14400.0,14330.0,14390.0,4337
m15-kis/003690/2026.csv:202610021400,14390.0,14390.0,14320.0,14320.0,10567
m15-kis/003690/2026.csv:202610021415,14350.0,14390.0,14310.0,14390.0,4479
m15-kis/003690/2026.csv:202610021430,14390.0,14390.0,14350.0,14370.0,4123
m15-kis/003690/2026.csv:202610021445,14380.0,14390.0,14370.0,14390.0,3084
m15-kis/003690/2026.csv:202610021500,14390.0,14400.0,14360.0,14360.0,3884
m15-kis/003690/2026.csv:202610021515,14360.0,14390.0,14360.0,14390.0,6082
m15-kis/003850/2026.csv:202610020900,8430.0,8450.0,8400.0,8410.0,1419
m15-kis/003850/2026.csv:202610020915,8410.0,8460.0,8410.0,8410.0,2482
m15-kis/003850/2026.csv:202610020930,8400.0,8400.0,8340.0,8360.0,7676
m15-kis/003850/2026.csv:202610020945,8360.0,8440.0,8360.0,8440.0,1524
m15-kis/003850/2026.csv:202610021000,8420.0,8440.0,8380.0,8390.0,3612
m15-kis/003850/2026.csv:202610021015,8390.0,8390.0,8370.0,8370.0,1497
m15-kis/003850/2026.csv:202610021030,8380.0,8400.0,8370.0,8370.0,3291
m15-kis/003850/2026.csv:202610021045,8380.0,8410.0,8380.0,8400.0,387
m15-kis/003850/2026.csv:202610021100,8400.0,8410.0,8390.0,8390.0,53
m15-kis/003850/2026.csv:202610021115,8400.0,8420.0,8390.0,8410.0,1057
m15-kis/003850/2026.csv:202610021130,8400.0,8420.0,8390.0,8420.0,36
m15-kis/003850/2026.csv:202610021145,8415.0,8415.0,8400.0,8400.0,344
m15-kis/003850/2026.csv:202610021200,8390.0,8410.0,8390.0,8390.0,168
m15-kis/003850/2026.csv:202610021215,8400.0,8400.0,8390.0,8390.0,360
m15-kis/003850/2026.csv:202610021230,8390.0,8410.0,8390.0,8410.0,110
m15-kis/003850/2026.csv:202610021245,8410.0,8410.0,8390.0,8390.0,688
m15-kis/003850/2026.csv:202610021300,8390.0,8400.0,8390.0,8390.0,649
m15-kis/003850/2026.csv:202610021315,8400.0,8420.0,8390.0,8420.0,1501
m15-kis/003850/2026.csv:202610021330,8420.0,8420.0,8400.0,8420.0,419
m15-kis/003850/2026.csv:202610021345,8400.0,8420.0,8400.0,8420.0,393
m15-kis/003850/2026.csv:202610021400,8430.0,8450.0,8420.0,8450.0,732
m15-kis/003850/2026.csv:202610021415,8440.0,8460.0,8430.0,8460.0,2687
m15-kis/003850/2026.csv:202610021430,8450.0,8450.0,8440.0,8450.0,98
m15-kis/003850/2026.csv:202610021445,8440.0,8440.0,8420.0,8430.0,66
m15-kis/003850/2026.csv:202610021500,8440.0,8460.0,8420.0,8450.0,1038
m15-kis/003850/2026.csv:202610021515,8440.0,8450.0,8410.0,8420.0,595
m15-kis/004000/2026.csv:202610020900,42650.0,42800.0,42600.0,42700.0,659
m15-kis/004000/2026.csv:202610020915,42800.0,42800.0,42400.0,42550.0,1129
m15-kis/004000/2026.csv:202610020930,42550.0,42600.0,42450.0,42500.0,708
m15-kis/004000/2026.csv:202610020945,42500.0,42600.0,42500.0,42550.0,670
m15-kis/004000/2026.csv:202610021000,42550.0,42650.0,42500.0,42650.0,874
m15-kis/004000/2026.csv:202610021015,42650.0,42650.0,42350.0,42450.0,2386
m15-kis/004000/2026.csv:202610021030,42450.0,42500.0,42400.0,42450.0,796
m15-kis/004000/2026.csv:202610021045,42500.0,42600.0,42450.0,42600.0,327
m15-kis/004000/2026.csv:202610021100,42600.0,42700.0,42600.0,42600.0,572
m15-kis/004000/2026.csv:202610021115,42600.0,42700.0,42550.0,42600.0,855
m15-kis/004000/2026.csv:202610021130,42600.0,42700.0,42550.0,42650.0,368
m15-kis/004000/2026.csv:202610021145,42650.0,42700.0,42550.0,42600.0,443
m15-kis/004000/2026.csv:202610021200,42650.0,42750.0,42600.0,42650.0,388
m15-kis/004000/2026.csv:202610021215,42650.0,42700.0,42550.0,42600.0,826
m15-kis/004000/2026.csv:202610021230,42650.0,42650.0,42550.0,42600.0,329
m15-kis/004000/2026.csv:202610021245,42600.0,42650.0,42500.0,42600.0,1181
m15-kis/004000/2026.csv:202610021300,42600.0,42625.0,42450.0,42500.0,1342
m15-kis/004000/2026.csv:202610021315,42450.0,42500.0,42450.0,42500.0,407
m15-kis/004000/2026.csv:202610021330,42450.0,42550.0,42450.0,42450.0,409
m15-kis/004000/2026.csv:202610021345,42500.0,42550.0,42400.0,42500.0,1373
m15-kis/004000/2026.csv:202610021400,42550.0,42600.0,42500.0,42600.0,869
m15-kis/004000/2026.csv:202610021415,42600.0,42600.0,42550.0,42600.0,443
m15-kis/004000/2026.csv:202610021430,42550.0,42650.0,42550.0,42650.0,1057
m15-kis/004000/2026.csv:202610021445,42650.0,42750.0,42600.0,42700.0,1288
m15-kis/004000/2026.csv:202610021500,42700.0,42700.0,42650.0,42650.0,1198
m15-kis/004000/2026.csv:202610021515,42700.0,42850.0,42650.0,42850.0,1740
m15-kis/004020/2026.csv:202610020900,30000.0,30200.0,29850.0,30050.0,26406
m15-kis/004020/2026.csv:202610020915,30050.0,30150.0,29900.0,30100.0,22954
m15-kis/004020/2026.csv:202610020930,30050.0,30150.0,29950.0,30050.0,11617
m15-kis/004020/2026.csv:202610020945,30100.0,30200.0,30000.0,30000.0,19069
m15-kis/004020/2026.csv:202610021000,30000.0,30100.0,29900.0,29950.0,28099
m15-kis/004020/2026.csv:202610021015,30000.0,30050.0,29750.0,29750.0,28835
m15-kis/004020/2026.csv:202610021030,29750.0,29850.0,29700.0,29750.0,17172
m15-kis/004020/2026.csv:202610021045,29750.0,29900.0,29750.0,29800.0,18627
m15-kis/004020/2026.csv:202610021100,29800.0,29950.0,29800.0,29850.0,15738
m15-kis/004020/2026.csv:202610021115,29900.0,30000.0,29850.0,29900.0,7983
m15-kis/004020/2026.csv:202610021130,29850.0,29900.0,29800.0,29850.0,10477
m15-kis/004020/2026.csv:202610021145,29850.0,29900.0,29800.0,29850.0,8994
m15-kis/004020/2026.csv:202610021200,29850.0,29900.0,29800.0,29850.0,9254
m15-kis/004020/2026.csv:202610021215,29900.0,29900.0,29800.0,29800.0,9322
m15-kis/004020/2026.csv:202610021230,29800.0,29850.0,29750.0,29750.0,10733
m15-kis/004020/2026.csv:202610021245,29750.0,29800.0,29700.0,29750.0,12255
m15-kis/004020/2026.csv:202610021300,29750.0,29850.0,29700.0,29750.0,12536
m15-kis/004020/2026.csv:202610021315,29800.0,29800.0,29750.0,29750.0,8437
m15-kis/004020/2026.csv:202610021330,29750.0,29850.0,29750.0,29750.0,13826
m15-kis/004020/2026.csv:202610021345,29750.0,29950.0,29750.0,29900.0,15973
m15-kis/004020/2026.csv:202610021400,29900.0,30000.0,29850.0,29950.0,11999
m15-kis/004020/2026.csv:202610021415,29950.0,30000.0,29850.0,29900.0,7483
m15-kis/004020/2026.csv:202610021430,29900.0,29950.0,29800.0,29850.0,27005
m15-kis/004020/2026.csv:202610021445,29850.0,30000.0,29800.0,29900.0,31586
m15-kis/004020/2026.csv:202610021500,29900.0,30050.0,29850.0,29950.0,35572
m15-kis/004020/2026.csv:202610021515,29950.0,30050.0,29900.0,30000.0,21558
m15-kis/004170/2026.csv:202610020900,332000.0,333000.0,330500.0,332000.0,670
m15-kis/004170/2026.csv:202610020915,332000.0,333000.0,329500.0,330000.0,1556
m15-kis/004170/2026.csv:202610020930,330250.0,330500.0,329000.0,329000.0,1591
m15-kis/004170/2026.csv:202610020945,329000.0,330000.0,328500.0,329000.0,1536
m15-kis/004170/2026.csv:202610021000,329000.0,330000.0,327000.0,329000.0,2193
m15-kis/004170/2026.csv:202610021015,328500.0,330000.0,327500.0,327500.0,1176
m15-kis/004170/2026.csv:202610021030,327500.0,329000.0,327000.0,328500.0,1578
m15-kis/004170/2026.csv:202610021045,328500.0,332000.0,327500.0,330000.0,2678
m15-kis/004170/2026.csv:202610021100,330000.0,332000.0,329000.0,331500.0,1792
m15-kis/004170/2026.csv:202610021115,331500.0,331500.0,330000.0,330500.0,1333
m15-kis/004170/2026.csv:202610021130,330000.0,331500.0,329000.0,329500.0,1392
m15-kis/004170/2026.csv:202610021145,330000.0,331500.0,329500.0,330000.0,1525
m15-kis/004170/2026.csv:202610021200,330250.0,331000.0,329500.0,330000.0,1479
m15-kis/004170/2026.csv:202610021215,330250.0,331000.0,329000.0,329500.0,1349
m15-kis/004170/2026.csv:202610021230,329500.0,330000.0,328500.0,328500.0,1314
m15-kis/004170/2026.csv:202610021245,328500.0,329500.0,328000.0,328000.0,1343
m15-kis/004170/2026.csv:202610021300,328000.0,329500.0,328000.0,329000.0,1441
m15-kis/004170/2026.csv:202610021315,328500.0,330000.0,328000.0,328500.0,2051
m15-kis/004170/2026.csv:202610021330,328250.0,329000.0,327500.0,328000.0,1874
m15-kis/004170/2026.csv:202610021345,328000.0,329500.0,327250.0,329500.0,2412
m15-kis/004170/2026.csv:202610021400,329750.0,330000.0,328000.0,328500.0,2272
m15-kis/004170/2026.csv:202610021415,328500.0,329500.0,327500.0,328500.0,2544
m15-kis/004170/2026.csv:202610021430,328500.0,329500.0,328000.0,329000.0,2344
m15-kis/004170/2026.csv:202610021445,328500.0,330000.0,328000.0,329500.0,2956
m15-kis/004170/2026.csv:202610021500,330000.0,331500.0,329000.0,330500.0,3274
m15-kis/004170/2026.csv:202610021515,330500.0,332500.0,330500.0,332000.0,3045
m15-kis/004370/2026.csv:202610020900,404000.0,404500.0,395500.0,396500.0,405
m15-kis/004370/2026.csv:202610020915,397000.0,399000.0,394500.0,398000.0,967
m15-kis/004370/2026.csv:202610020930,398000.0,399000.0,396000.0,397000.0,459
m15-kis/004370/2026.csv:202610020945,397000.0,397500.0,394500.0,397500.0,560
m15-kis/004370/2026.csv:202610021000,397500.0,399000.0,397000.0,398000.0,277
m15-kis/004370/2026.csv:202610021015,398000.0,398500.0,396500.0,397500.0,391
m15-kis/004370/2026.csv:202610021030,397500.0,401000.0,397500.0,399000.0,533
m15-kis/004370/2026.csv:202610021045,400000.0,400500.0,397500.0,399500.0,454
m15-kis/004370/2026.csv:202610021100,399500.0,402000.0,398500.0,401000.0,593
m15-kis/004370/2026.csv:202610021115,401000.0,401500.0,398500.0,400500.0,502
m15-kis/004370/2026.csv:202610021130,400500.0,401500.0,399500.0,400500.0,257
m15-kis/004370/2026.csv:202610021145,400500.0,401500.0,400000.0,400500.0,193
m15-kis/004370/2026.csv:202610021200,400500.0,401500.0,398500.0,400500.0,281
m15-kis/004370/2026.csv:202610021215,400000.0,401500.0,399500.0,399500.0,169
m15-kis/004370/2026.csv:202610021230,400000.0,401000.0,400000.0,401000.0,249
m15-kis/004370/2026.csv:202610021245,401000.0,401500.0,400500.0,401500.0,191
m15-kis/004370/2026.csv:202610021300,401500.0,402000.0,400500.0,401000.0,335
m15-kis/004370/2026.csv:202610021315,401500.0,402000.0,400500.0,401500.0,311
m15-kis/004370/2026.csv:202610021330,401000.0,402500.0,401000.0,402000.0,284
m15-kis/004370/2026.csv:202610021345,402000.0,403000.0,401000.0,402500.0,424
m15-kis/004370/2026.csv:202610021400,402500.0,403000.0,402000.0,403000.0,296
m15-kis/004370/2026.csv:202610021415,402500.0,403000.0,401500.0,402000.0,463
m15-kis/004370/2026.csv:202610021430,402000.0,403000.0,402000.0,402000.0,1007
m15-kis/004370/2026.csv:202610021445,402500.0,403500.0,401500.0,402500.0,734
m15-kis/004370/2026.csv:202610021500,402500.0,403500.0,401500.0,403000.0,742
m15-kis/004370/2026.csv:202610021515,402500.0,404000.0,402500.0,404000.0,976
m15-kis/004490/2026.csv:202610020900,61400.0,62600.0,61400.0,62500.0,1977
m15-kis/004490/2026.csv:202610020915,62400.0,62600.0,61800.0,62400.0,2252
m15-kis/004490/2026.csv:202610020930,62300.0,62400.0,61900.0,62000.0,1492
m15-kis/004490/2026.csv:202610020945,61900.0,62100.0,61800.0,62000.0,1378
m15-kis/004490/2026.csv:202610021000,61900.0,62000.0,61600.0,62000.0,1690
m15-kis/004490/2026.csv:202610021015,61900.0,61900.0,61500.0,61600.0,4657
m15-kis/004490/2026.csv:202610021030,61600.0,61900.0,61500.0,61700.0,5263
m15-kis/004490/2026.csv:202610021045,61600.0,61900.0,61500.0,61700.0,1834
m15-kis/004490/2026.csv:202610021100,61700.0,62300.0,61700.0,62300.0,2728
m15-kis/004490/2026.csv:202610021115,62300.0,62350.0,62000.0,62000.0,986
m15-kis/004490/2026.csv:202610021130,62100.0,62100.0,62000.0,62000.0,300
m15-kis/004490/2026.csv:202610021145,62100.0,62200.0,62000.0,62100.0,835
m15-kis/004490/2026.csv:202610021200,62000.0,62200.0,62000.0,62100.0,322
m15-kis/004490/2026.csv:202610021215,62200.0,62200.0,62100.0,62200.0,487
m15-kis/004490/2026.csv:202610021230,62100.0,62200.0,62000.0,62000.0,454
m15-kis/004490/2026.csv:202610021245,62000.0,62200.0,62000.0,62200.0,446
m15-kis/004490/2026.csv:202610021300,62200.0,62200.0,62000.0,62100.0,828
m15-kis/004490/2026.csv:202610021315,62000.0,62100.0,61900.0,62100.0,479
m15-kis/004490/2026.csv:202610021330,62000.0,62100.0,62000.0,62100.0,306
m15-kis/004490/2026.csv:202610021345,62000.0,62100.0,61900.0,62000.0,987
m15-kis/004490/2026.csv:202610021400,62000.0,62200.0,61900.0,62100.0,1122
m15-kis/004490/2026.csv:202610021415,62000.0,62200.0,62000.0,62100.0,724
m15-kis/004490/2026.csv:202610021430,62200.0,62200.0,62000.0,62000.0,354
m15-kis/004490/2026.csv:202610021445,62000.0,62300.0,62000.0,62100.0,1259
m15-kis/004490/2026.csv:202610021500,62200.0,62300.0,62100.0,62200.0,933
m15-kis/004490/2026.csv:202610021515,62100.0,62300.0,61900.0,62200.0,2010
m15-kis/004800/2026.csv:202610020900,154500.0,155600.0,154000.0,155000.0,518
m15-kis/004800/2026.csv:202610020915,155000.0,155500.0,154500.0,154600.0,199
m15-kis/004800/2026.csv:202610020930,154600.0,155800.0,154600.0,155300.0,194
m15-kis/004800/2026.csv:202610020945,155300.0,156500.0,155200.0,156000.0,253
m15-kis/004800/2026.csv:202610021000,156200.0,156200.0,155200.0,155700.0,182
m15-kis/004800/2026.csv:202610021015,155600.0,156700.0,153000.0,154800.0,1580
m15-kis/004800/2026.csv:202610021030,155400.0,155400.0,154600.0,154700.0,363
m15-kis/004800/2026.csv:202610021045,154900.0,157200.0,154500.0,156100.0,1382
m15-kis/004800/2026.csv:202610021100,156100.0,157600.0,156100.0,157000.0,394
m15-kis/004800/2026.csv:202610021115,157100.0,157500.0,156700.0,157100.0,265
m15-kis/004800/2026.csv:202610021130,157300.0,157800.0,156900.0,157800.0,178
m15-kis/004800/2026.csv:202610021145,157400.0,158000.0,157400.0,157750.0,335
m15-kis/004800/2026.csv:202610021200,158000.0,158200.0,157500.0,158100.0,224
m15-kis/004800/2026.csv:202610021215,158100.0,158200.0,157600.0,158000.0,136
m15-kis/004800/2026.csv:202610021230,157900.0,158000.0,157100.0,157200.0,303
m15-kis/004800/2026.csv:202610021245,157300.0,157400.0,156900.0,156900.0,269
m15-kis/004800/2026.csv:202610021300,157000.0,157200.0,156500.0,156600.0,251
m15-kis/004800/2026.csv:202610021315,156600.0,156900.0,156500.0,156900.0,220
m15-kis/004800/2026.csv:202610021330,156900.0,157500.0,156900.0,157400.0,121
m15-kis/004800/2026.csv:202610021345,157400.0,157400.0,157100.0,157300.0,209
m15-kis/004800/2026.csv:202610021400,157400.0,157500.0,157100.0,157200.0,136
m15-kis/004800/2026.csv:202610021415,157300.0,158000.0,157200.0,157900.0,208
m15-kis/004800/2026.csv:202610021430,157900.0,158000.0,157300.0,158000.0,224
m15-kis/004800/2026.csv:202610021445,158000.0,158100.0,157600.0,157800.0,258
m15-kis/004800/2026.csv:202610021500,157800.0,158300.0,157700.0,158300.0,360
m15-kis/004800/2026.csv:202610021515,157700.0,158500.0,157700.0,158300.0,544
m15-kis/004990/2026.csv:202610020900,23750.0,23800.0,23650.0,23650.0,2403
m15-kis/004990/2026.csv:202610020915,23750.0,23750.0,23550.0,23650.0,1465
m15-kis/004990/2026.csv:202610020930,23650.0,23800.0,23600.0,23700.0,2094
m15-kis/004990/2026.csv:202610020945,23700.0,23800.0,23650.0,23800.0,1137
m15-kis/004990/2026.csv:202610021000,23700.0,23800.0,23650.0,23800.0,2373
m15-kis/004990/2026.csv:202610021015,23800.0,23800.0,23650.0,23650.0,1061
m15-kis/004990/2026.csv:202610021030,23650.0,23750.0,23650.0,23700.0,1183
m15-kis/004990/2026.csv:202610021045,23650.0,23800.0,23650.0,23750.0,1203
m15-kis/004990/2026.csv:202610021100,23700.0,23800.0,23700.0,23800.0,725
m15-kis/004990/2026.csv:202610021115,23800.0,23850.0,23700.0,23750.0,3306
m15-kis/004990/2026.csv:202610021130,23750.0,23850.0,23700.0,23750.0,890
m15-kis/004990/2026.csv:202610021145,23750.0,23850.0,23750.0,23800.0,800
m15-kis/004990/2026.csv:202610021200,23800.0,23850.0,23700.0,23750.0,1020
m15-kis/004990/2026.csv:202610021215,23700.0,23850.0,23700.0,23750.0,803
m15-kis/004990/2026.csv:202610021230,23700.0,23800.0,23700.0,23800.0,786
m15-kis/004990/2026.csv:202610021245,23750.0,23800.0,23650.0,23750.0,1390
m15-kis/004990/2026.csv:202610021300,23750.0,23850.0,23700.0,23750.0,1038
m15-kis/004990/2026.csv:202610021315,23750.0,23800.0,23700.0,23800.0,704
m15-kis/004990/2026.csv:202610021330,23750.0,23850.0,23700.0,23750.0,518
m15-kis/004990/2026.csv:202610021345,23750.0,23850.0,23700.0,23800.0,1209
m15-kis/004990/2026.csv:202610021400,23850.0,23850.0,23700.0,23750.0,1397
m15-kis/004990/2026.csv:202610021415,23750.0,23850.0,23700.0,23750.0,1702
m15-kis/004990/2026.csv:202610021430,23750.0,23850.0,23750.0,23800.0,1894
m15-kis/004990/2026.csv:202610021445,23850.0,23900.0,23800.0,23850.0,3717
m15-kis/004990/2026.csv:202610021500,23900.0,23900.0,23750.0,23800.0,2753
m15-kis/004990/2026.csv:202610021515,23850.0,23850.0,23800.0,23800.0,3217
m15-kis/005070/2026.csv:202610020900,44400.0,46100.0,44400.0,45650.0,23342
m15-kis/005070/2026.csv:202610020915,45700.0,46500.0,45600.0,46350.0,30100
m15-kis/005070/2026.csv:202610020930,46350.0,46750.0,46100.0,46600.0,24550
m15-kis/005070/2026.csv:202610020945,46600.0,47000.0,46350.0,46800.0,18013
m15-kis/005070/2026.csv:202610021000,46800.0,46800.0,46100.0,46600.0,13300
m15-kis/005070/2026.csv:202610021015,46575.0,46750.0,45700.0,46000.0,11145
m15-kis/005070/2026.csv:202610021030,46000.0,46000.0,45500.0,45750.0,5390
m15-kis/005070/2026.csv:202610021045,45800.0,46100.0,45750.0,46100.0,5349
m15-kis/005070/2026.csv:202610021100,46100.0,46100.0,45750.0,45850.0,2301
m15-kis/005070/2026.csv:202610021115,45850.0,46050.0,45700.0,46050.0,3932
m15-kis/005070/2026.csv:202610021130,45850.0,45900.0,45600.0,45700.0,3587
m15-kis/005070/2026.csv:202610021145,45700.0,46000.0,45700.0,46000.0,3064
m15-kis/005070/2026.csv:202610021200,45850.0,45950.0,45700.0,45775.0,1972
m15-kis/005070/2026.csv:202610021215,45800.0,46000.0,45550.0,45700.0,4204
m15-kis/005070/2026.csv:202610021230,45850.0,45850.0,45550.0,45600.0,2850
m15-kis/005070/2026.csv:202610021245,45550.0,45950.0,45450.0,45900.0,4887
m15-kis/005070/2026.csv:202610021300,45650.0,46650.0,45500.0,46450.0,9215
m15-kis/005070/2026.csv:202610021315,46450.0,46900.0,46300.0,46850.0,14930
m15-kis/005070/2026.csv:202610021330,46850.0,46950.0,46800.0,46850.0,10096
m15-kis/005070/2026.csv:202610021345,46850.0,47250.0,46700.0,47200.0,20792
m15-kis/005070/2026.csv:202610021400,47250.0,47250.0,46900.0,47100.0,9698
m15-kis/005070/2026.csv:202610021415,47100.0,47200.0,46800.0,46950.0,12751
m15-kis/005070/2026.csv:202610021430,46950.0,47100.0,46750.0,47000.0,9461
m15-kis/005070/2026.csv:202610021445,47050.0,47300.0,46950.0,47250.0,12651
m15-kis/005070/2026.csv:202610021500,47250.0,47300.0,46950.0,47200.0,11736
m15-kis/005070/2026.csv:202610021515,47200.0,47200.0,47150.0,47200.0,9085
m15-kis/005090/2026.csv:202610020900,47400.0,48350.0,47400.0,48300.0,1790
m15-kis/005090/2026.csv:202610020915,48300.0,48650.0,48150.0,48650.0,1672
m15-kis/005090/2026.csv:202610020930,48650.0,49000.0,48350.0,48850.0,2144
m15-kis/005090/2026.csv:202610020945,48850.0,48950.0,48600.0,48800.0,1685
m15-kis/005090/2026.csv:202610021000,48850.0,48850.0,48150.0,48300.0,1857
m15-kis/005090/2026.csv:202610021015,48250.0,48450.0,47450.0,47750.0,7623
m15-kis/005090/2026.csv:202610021030,47850.0,47950.0,47700.0,47800.0,1417
m15-kis/005090/2026.csv:202610021045,47800.0,48050.0,47800.0,47950.0,1072
m15-kis/005090/2026.csv:202610021100,47950.0,48200.0,47900.0,47900.0,989
m15-kis/005090/2026.csv:202610021115,47950.0,48000.0,47750.0,47800.0,3193
m15-kis/005090/2026.csv:202610021130,47800.0,47900.0,47700.0,47850.0,1259
m15-kis/005090/2026.csv:202610021145,47850.0,47900.0,47550.0,47600.0,1920
m15-kis/005090/2026.csv:202610021200,47600.0,47700.0,47500.0,47550.0,2718
m15-kis/005090/2026.csv:202610021215,47550.0,47650.0,47450.0,47450.0,1710
m15-kis/005090/2026.csv:202610021230,47450.0,47500.0,47250.0,47300.0,3346
m15-kis/005090/2026.csv:202610021245,47350.0,47350.0,47150.0,47350.0,2031
m15-kis/005090/2026.csv:202610021300,47350.0,47400.0,47250.0,47350.0,1117
m15-kis/005090/2026.csv:202610021315,47250.0,47400.0,47250.0,47350.0,1596
m15-kis/005090/2026.csv:202610021330,47400.0,47850.0,47400.0,47650.0,1376
m15-kis/005090/2026.csv:202610021345,47650.0,47700.0,47600.0,47650.0,1605
m15-kis/005090/2026.csv:202610021400,47650.0,47700.0,47500.0,47700.0,2553
m15-kis/005090/2026.csv:202610021415,47700.0,47850.0,47650.0,47700.0,1429
m15-kis/005090/2026.csv:202610021430,47700.0,47700.0,47550.0,47700.0,2278
m15-kis/005090/2026.csv:202610021445,47700.0,47750.0,47550.0,47550.0,1730
m15-kis/005090/2026.csv:202610021500,47600.0,47600.0,47400.0,47400.0,3504
m15-kis/005090/2026.csv:202610021515,47400.0,47700.0,47350.0,47700.0,1879
m15-kis/005180/2026.csv:202610020900,84900.0,85300.0,83600.0,84100.0,2191
m15-kis/005180/2026.csv:202610020915,84100.0,84400.0,83400.0,84200.0,1831
m15-kis/005180/2026.csv:202610020930,84200.0,85000.0,83400.0,83700.0,1781
m15-kis/005180/2026.csv:202610020945,83600.0,83700.0,82900.0,83200.0,3188
m15-kis/005180/2026.csv:202610021000,83000.0,83400.0,82800.0,83300.0,2374
m15-kis/005180/2026.csv:202610021015,83300.0,83600.0,82900.0,83500.0,1818
m15-kis/005180/2026.csv:202610021030,83600.0,84100.0,83000.0,83000.0,2192
m15-kis/005180/2026.csv:202610021045,83100.0,83100.0,82900.0,83000.0,1073
m15-kis/005180/2026.csv:202610021100,83000.0,83600.0,82750.0,83500.0,1585
m15-kis/005180/2026.csv:202610021115,83500.0,83800.0,83400.0,83400.0,1900
m15-kis/005180/2026.csv:202610021130,83500.0,83700.0,83400.0,83700.0,1080
m15-kis/005180/2026.csv:202610021145,83500.0,84200.0,83500.0,83500.0,1460
m15-kis/005180/2026.csv:202610021200,83500.0,83600.0,83500.0,83500.0,726
m15-kis/005180/2026.csv:202610021215,83550.0,83600.0,83400.0,83450.0,1386
m15-kis/005180/2026.csv:202610021230,83400.0,83800.0,83400.0,83600.0,1369
m15-kis/005180/2026.csv:202610021245,83600.0,83800.0,83600.0,83800.0,1106
m15-kis/005180/2026.csv:202610021300,83800.0,84000.0,83800.0,83900.0,980
m15-kis/005180/2026.csv:202610021315,83900.0,84000.0,83600.0,83700.0,2784
m15-kis/005180/2026.csv:202610021330,83900.0,83900.0,83700.0,83700.0,745
m15-kis/005180/2026.csv:202610021345,83700.0,83800.0,83400.0,83600.0,1382
m15-kis/005180/2026.csv:202610021400,83550.0,83800.0,83500.0,83700.0,1214
m15-kis/005180/2026.csv:202610021415,83800.0,83800.0,83500.0,83500.0,1443
m15-kis/005180/2026.csv:202610021430,83500.0,83800.0,83300.0,83400.0,2164
m15-kis/005180/2026.csv:202610021445,83400.0,83700.0,83400.0,83500.0,1318
m15-kis/005180/2026.csv:202610021500,83400.0,83900.0,83400.0,83900.0,1414
m15-kis/005180/2026.csv:202610021515,83900.0,84000.0,83200.0,83200.0,2550
m15-kis/005250/2026.csv:202610020900,9720.0,9800.0,9700.0,9730.0,2633
m15-kis/005250/2026.csv:202610020915,9720.0,9730.0,9680.0,9730.0,1367
m15-kis/005250/2026.csv:202610020930,9740.0,9800.0,9720.0,9750.0,2393
m15-kis/005250/2026.csv:202610020945,9750.0,9750.0,9720.0,9730.0,340
m15-kis/005250/2026.csv:202610021000,9730.0,9730.0,9710.0,9730.0,334
m15-kis/005250/2026.csv:202610021015,9730.0,9740.0,9690.0,9740.0,7840
m15-kis/005250/2026.csv:202610021030,9740.0,9740.0,9650.0,9670.0,2948
m15-kis/005250/2026.csv:202610021045,9660.0,9680.0,9650.0,9680.0,583
m15-kis/005250/2026.csv:202610021100,9680.0,9680.0,9670.0,9680.0,74
m15-kis/005250/2026.csv:202610021115,9680.0,9740.0,9670.0,9690.0,878
m15-kis/005250/2026.csv:202610021130,9680.0,9700.0,9680.0,9690.0,359
m15-kis/005250/2026.csv:202610021145,9690.0,9710.0,9690.0,9700.0,173
m15-kis/005250/2026.csv:202610021200,9690.0,9700.0,9660.0,9670.0,939
m15-kis/005250/2026.csv:202610021215,9660.0,9690.0,9660.0,9680.0,685
m15-kis/005250/2026.csv:202610021230,9660.0,9690.0,9660.0,9670.0,203
m15-kis/005250/2026.csv:202610021245,9670.0,9690.0,9660.0,9680.0,173
m15-kis/005250/2026.csv:202610021300,9660.0,9690.0,9650.0,9680.0,566
m15-kis/005250/2026.csv:202610021315,9680.0,9750.0,9670.0,9750.0,128
m15-kis/005250/2026.csv:202610021330,9690.0,9690.0,9670.0,9670.0,231
m15-kis/005250/2026.csv:202610021345,9680.0,9750.0,9670.0,9730.0,787
m15-kis/005250/2026.csv:202610021400,9700.0,9730.0,9690.0,9700.0,1264
m15-kis/005250/2026.csv:202610021415,9720.0,9750.0,9690.0,9720.0,618
m15-kis/005250/2026.csv:202610021430,9740.0,9740.0,9700.0,9710.0,455
m15-kis/005250/2026.csv:202610021445,9710.0,9710.0,9690.0,9710.0,740
m15-kis/005250/2026.csv:202610021500,9710.0,9720.0,9670.0,9700.0,1779
m15-kis/005250/2026.csv:202610021515,9690.0,9720.0,9680.0,9680.0,685
m15-kis/005290/2026.csv:202610020900,52800.0,53800.0,52700.0,52800.0,64652
m15-kis/005290/2026.csv:202610020915,52850.0,53450.0,52600.0,53100.0,39674
m15-kis/005290/2026.csv:202610020930,53200.0,53400.0,52950.0,53200.0,17792
m15-kis/005290/2026.csv:202610020945,53150.0,53400.0,53000.0,53400.0,13201
m15-kis/005290/2026.csv:202610021000,53300.0,53700.0,52700.0,53100.0,47894
m15-kis/005290/2026.csv:202610021015,53200.0,53800.0,52700.0,52800.0,30461
m15-kis/005290/2026.csv:202610021030,52800.0,52900.0,52200.0,52700.0,37037
m15-kis/005290/2026.csv:202610021045,52700.0,53600.0,52600.0,53100.0,29326
m15-kis/005290/2026.csv:202610021100,53100.0,53100.0,52500.0,52600.0,8380
m15-kis/005290/2026.csv:202610021115,52600.0,52700.0,52400.0,52450.0,6090
m15-kis/005290/2026.csv:202610021130,52500.0,52600.0,52200.0,52300.0,13766
m15-kis/005290/2026.csv:202610021145,52300.0,52300.0,52000.0,52100.0,10150
m15-kis/005290/2026.csv:202610021200,52100.0,52300.0,52000.0,52100.0,6766
m15-kis/005290/2026.csv:202610021215,52050.0,52100.0,51700.0,51800.0,19745
m15-kis/005290/2026.csv:202610021230,51800.0,52000.0,51600.0,51700.0,10968
m15-kis/005290/2026.csv:202610021245,51600.0,52600.0,51200.0,51500.0,41762
m15-kis/005290/2026.csv:202610021300,51500.0,52700.0,50700.0,51100.0,40965
m15-kis/005290/2026.csv:202610021315,51100.0,52000.0,50900.0,51900.0,24172
m15-kis/005290/2026.csv:202610021330,51950.0,52300.0,51900.0,52100.0,18827
m15-kis/005290/2026.csv:202610021345,52100.0,52300.0,51900.0,52100.0,13961
m15-kis/005290/2026.csv:202610021400,52100.0,52100.0,51900.0,52000.0,8764
m15-kis/005290/2026.csv:202610021415,52000.0,52100.0,51700.0,51800.0,8219
m15-kis/005290/2026.csv:202610021430,51800.0,51800.0,51500.0,51700.0,18091
m15-kis/005290/2026.csv:202610021445,51700.0,51800.0,51600.0,51700.0,7318
m15-kis/005290/2026.csv:202610021500,51800.0,52100.0,51600.0,52100.0,12818
m15-kis/005290/2026.csv:202610021515,52100.0,52100.0,51700.0,52000.0,27411
m15-kis/005380/2026.csv:202610020900,344000.0,347500.0,344000.0,345500.0,37139
m15-kis/005380/2026.csv:202610020915,345500.0,346000.0,345000.0,345500.0,15715
m15-kis/005380/2026.csv:202610020930,345500.0,347000.0,345500.0,346250.0,22922
m15-kis/005380/2026.csv:202610020945,346000.0,348000.0,346000.0,347500.0,16698
m15-kis/005380/2026.csv:202610021000,348000.0,348000.0,346000.0,347000.0,19397
m15-kis/005380/2026.csv:202610021015,347250.0,347500.0,345500.0,345500.0,11952
m15-kis/005380/2026.csv:202610021030,345500.0,346000.0,345000.0,345000.0,12250
m15-kis/005380/2026.csv:202610021045,345250.0,346000.0,345000.0,345500.0,13126
m15-kis/005380/2026.csv:202610021100,345000.0,346000.0,345000.0,345500.0,5822
m15-kis/005380/2026.csv:202610021115,345500.0,346500.0,345000.0,345000.0,11535
m15-kis/005380/2026.csv:202610021130,345000.0,345500.0,345000.0,345000.0,5662
m15-kis/005380/2026.csv:202610021145,345000.0,346000.0,345000.0,345500.0,13824
m15-kis/005380/2026.csv:202610021200,345500.0,346000.0,345500.0,345500.0,3821
m15-kis/005380/2026.csv:202610021215,345500.0,346000.0,345500.0,345500.0,5150
m15-kis/005380/2026.csv:202610021230,345500.0,345750.0,344500.0,344500.0,13511
m15-kis/005380/2026.csv:202610021245,344500.0,345000.0,344000.0,344500.0,13461
m15-kis/005380/2026.csv:202610021300,344500.0,344500.0,344000.0,344000.0,17188
m15-kis/005380/2026.csv:202610021315,344250.0,344500.0,344000.0,344000.0,9173
m15-kis/005380/2026.csv:202610021330,344000.0,344500.0,344000.0,344250.0,8209
m15-kis/005380/2026.csv:202610021345,344000.0,344500.0,344000.0,344000.0,10181
m15-kis/005380/2026.csv:202610021400,344000.0,344500.0,344000.0,344000.0,11993
m15-kis/005380/2026.csv:202610021415,344000.0,345500.0,344000.0,344500.0,46664
m15-kis/005380/2026.csv:202610021430,344500.0,345000.0,344000.0,344500.0,10159
m15-kis/005380/2026.csv:202610021445,344000.0,346000.0,344000.0,345250.0,31299
m15-kis/005380/2026.csv:202610021500,345000.0,347000.0,344750.0,346000.0,25571
m15-kis/005380/2026.csv:202610021515,346000.0,346500.0,345500.0,346500.0,28470
m15-kis/005440/2026.csv:202610020900,12520.0,12600.0,12440.0,12530.0,9187
m15-kis/005440/2026.csv:202610020915,12520.0,12590.0,12500.0,12570.0,6836
m15-kis/005440/2026.csv:202610020930,12570.0,12640.0,12550.0,12620.0,5966
m15-kis/005440/2026.csv:202610020945,12620.0,12650.0,12600.0,12640.0,7957
m15-kis/005440/2026.csv:202610021000,12630.0,12780.0,12630.0,12750.0,25056
m15-kis/005440/2026.csv:202610021015,12750.0,12800.0,12730.0,12760.0,26897
m15-kis/005440/2026.csv:202610021030,12760.0,12860.0,12750.0,12840.0,28808
m15-kis/005440/2026.csv:202610021045,12840.0,12870.0,12810.0,12870.0,11791
m15-kis/005440/2026.csv:202610021100,12860.0,12910.0,12860.0,12880.0,13671
m15-kis/005440/2026.csv:202610021115,12880.0,12890.0,12590.0,12660.0,41825
m15-kis/005440/2026.csv:202610021130,12660.0,12790.0,12610.0,12740.0,32211
m15-kis/005440/2026.csv:202610021145,12740.0,12800.0,12680.0,12790.0,37763
m15-kis/005440/2026.csv:202610021200,12780.0,12850.0,12770.0,12810.0,14190
m15-kis/005440/2026.csv:202610021215,12810.0,12850.0,12710.0,12710.0,24938
m15-kis/005440/2026.csv:202610021230,12720.0,12740.0,12680.0,12710.0,14851
m15-kis/005440/2026.csv:202610021245,12710.0,12730.0,12670.0,12680.0,14482
m15-kis/005440/2026.csv:202610021300,12680.0,12730.0,12670.0,12670.0,13073
m15-kis/005440/2026.csv:202610021315,12680.0,12710.0,12650.0,12700.0,13951
m15-kis/005440/2026.csv:202610021330,12690.0,12710.0,12660.0,12680.0,12725
m15-kis/005440/2026.csv:202610021345,12670.0,12710.0,12660.0,12680.0,13603
m15-kis/005440/2026.csv:202610021400,12670.0,12700.0,12590.0,12590.0,17813
m15-kis/005440/2026.csv:202610021415,12600.0,12640.0,12570.0,12630.0,17550
m15-kis/005440/2026.csv:202610021430,12620.0,12720.0,12580.0,12720.0,16915
m15-kis/005440/2026.csv:202610021445,12710.0,12710.0,12580.0,12610.0,12671
m15-kis/005440/2026.csv:202610021500,12610.0,12660.0,12590.0,12650.0,14215
m15-kis/005440/2026.csv:202610021515,12650.0,12690.0,12650.0,12690.0,6252
m15-kis/005490/2026.csv:202610020900,304500.0,309500.0,304500.0,308000.0,18612
m15-kis/005490/2026.csv:202610020915,308500.0,309000.0,305500.0,307500.0,7923
m15-kis/005490/2026.csv:202610020930,307500.0,309000.0,307000.0,307500.0,7651
m15-kis/005490/2026.csv:202610020945,308000.0,311500.0,307500.0,311000.0,17764
m15-kis/005490/2026.csv:202610021000,311000.0,311500.0,308500.0,310000.0,7692
m15-kis/005490/2026.csv:202610021015,310000.0,311000.0,308500.0,309500.0,6480
m15-kis/005490/2026.csv:202610021030,309500.0,310000.0,308500.0,309000.0,4670
m15-kis/005490/2026.csv:202610021045,308500.0,310000.0,308000.0,309000.0,6056
m15-kis/005490/2026.csv:202610021100,309500.0,310500.0,309000.0,309500.0,1394
m15-kis/005490/2026.csv:202610021115,309750.0,311000.0,309500.0,310000.0,6634
m15-kis/005490/2026.csv:202610021130,310000.0,310500.0,309000.0,309500.0,3377
m15-kis/005490/2026.csv:202610021145,310000.0,310000.0,309000.0,309000.0,3595
m15-kis/005490/2026.csv:202610021200,309500.0,310000.0,308500.0,309000.0,2014
m15-kis/005490/2026.csv:202610021215,309500.0,309500.0,308000.0,308500.0,955
m15-kis/005490/2026.csv:202610021230,308000.0,309500.0,308000.0,308500.0,3088
m15-kis/005490/2026.csv:202610021245,308500.0,309000.0,307500.0,308500.0,2842
m15-kis/005490/2026.csv:202610021300,308000.0,309000.0,307500.0,308500.0,2807
m15-kis/005490/2026.csv:202610021315,308500.0,309000.0,307500.0,308000.0,4337
m15-kis/005490/2026.csv:202610021330,308000.0,308500.0,307500.0,308000.0,1150
m15-kis/005490/2026.csv:202610021345,308000.0,309500.0,308000.0,309500.0,2775
m15-kis/005490/2026.csv:202610021400,309000.0,310000.0,309000.0,309500.0,2056
m15-kis/005490/2026.csv:202610021415,310000.0,310000.0,309000.0,309500.0,3020
m15-kis/005490/2026.csv:202610021430,309500.0,309500.0,308000.0,308500.0,6722
m15-kis/005490/2026.csv:202610021445,308500.0,311000.0,308500.0,310500.0,9215
m15-kis/005490/2026.csv:202610021500,310500.0,311000.0,309500.0,311000.0,13213
m15-kis/005490/2026.csv:202610021515,310500.0,311500.0,310500.0,311000.0,13661
m15-kis/005690/2026.csv:202610020900,12580.0,12710.0,12490.0,12510.0,97841
m15-kis/005690/2026.csv:202610020915,12510.0,12530.0,12420.0,12490.0,63271
m15-kis/005690/2026.csv:202610020930,12500.0,12580.0,12480.0,12520.0,40461
m15-kis/005690/2026.csv:202610020945,12520.0,12560.0,12490.0,12490.0,43771
m15-kis/005690/2026.csv:202610021000,12490.0,12510.0,12420.0,12470.0,70241
m15-kis/005690/2026.csv:202610021015,12470.0,12480.0,12410.0,12420.0,48237
m15-kis/005690/2026.csv:202610021030,12410.0,12420.0,12310.0,12350.0,60826
m15-kis/005690/2026.csv:202610021045,12350.0,12400.0,12310.0,12340.0,23312
m15-kis/005690/2026.csv:202610021100,12340.0,12350.0,12260.0,12300.0,68931
m15-kis/005690/2026.csv:202610021115,12290.0,12340.0,12280.0,12310.0,13310
m15-kis/005690/2026.csv:202610021130,12310.0,12320.0,12290.0,12300.0,14853
m15-kis/005690/2026.csv:202610021145,12300.0,12350.0,12300.0,12350.0,6287
m15-kis/005690/2026.csv:202610021200,12340.0,12370.0,12330.0,12330.0,16657
m15-kis/005690/2026.csv:202610021215,12340.0,12350.0,12310.0,12310.0,9201
m15-kis/005690/2026.csv:202610021230,12320.0,12320.0,12270.0,12270.0,24508
m15-kis/005690/2026.csv:202610021245,12280.0,12280.0,12210.0,12225.0,70916
m15-kis/005690/2026.csv:202610021300,12225.0,12250.0,12180.0,12250.0,47312
m15-kis/005690/2026.csv:202610021315,12230.0,12310.0,12230.0,12310.0,11775
m15-kis/005690/2026.csv:202610021330,12310.0,12330.0,12280.0,12330.0,12653
m15-kis/005690/2026.csv:202610021345,12320.0,12420.0,12310.0,12400.0,39849
m15-kis/005690/2026.csv:202610021400,12400.0,12430.0,12380.0,12430.0,29563
m15-kis/005690/2026.csv:202610021415,12430.0,12460.0,12420.0,12420.0,14659
m15-kis/005690/2026.csv:202610021430,12410.0,12410.0,12350.0,12390.0,14074
m15-kis/005690/2026.csv:202610021445,12390.0,12420.0,12380.0,12420.0,9617
m15-kis/005690/2026.csv:202610021500,12420.0,12430.0,12390.0,12420.0,12254
m15-kis/005690/2026.csv:202610021515,12420.0,12420.0,12390.0,12400.0,32643
m15-kis/005830/2026.csv:202610020900,182900.0,183700.0,181300.0,182400.0,3699
m15-kis/005830/2026.csv:202610020915,181700.0,182300.0,180700.0,180800.0,5129
m15-kis/005830/2026.csv:202610020930,180900.0,181600.0,180600.0,180600.0,3524
m15-kis/005830/2026.csv:202610020945,180600.0,180700.0,179600.0,180500.0,4230
m15-kis/005830/2026.csv:202610021000,180500.0,180900.0,180000.0,180800.0,3537
m15-kis/005830/2026.csv:202610021015,180800.0,180800.0,180000.0,180600.0,3183
m15-kis/005830/2026.csv:202610021030,180600.0,180900.0,180200.0,180500.0,3356
m15-kis/005830/2026.csv:202610021045,180700.0,181300.0,180400.0,180450.0,2534
m15-kis/005830/2026.csv:202610021100,180400.0,180900.0,180000.0,180600.0,2470
m15-kis/005830/2026.csv:202610021115,181000.0,181200.0,180100.0,180700.0,2707
m15-kis/005830/2026.csv:202610021130,180700.0,180800.0,180000.0,180000.0,2458
m15-kis/005830/2026.csv:202610021145,180000.0,180400.0,179800.0,179900.0,2293
m15-kis/005830/2026.csv:202610021200,179900.0,181100.0,179800.0,180900.0,2795
m15-kis/005830/2026.csv:202610021215,180900.0,181100.0,180100.0,180400.0,2416
m15-kis/005830/2026.csv:202610021230,180400.0,181000.0,180200.0,180800.0,2488
m15-kis/005830/2026.csv:202610021245,180800.0,180900.0,180200.0,180200.0,2189
m15-kis/005830/2026.csv:202610021300,180200.0,181100.0,180000.0,181100.0,2988
m15-kis/005830/2026.csv:202610021315,181000.0,181000.0,180500.0,181000.0,2422
m15-kis/005830/2026.csv:202610021330,180800.0,181400.0,180800.0,181100.0,3212
m15-kis/005830/2026.csv:202610021345,181100.0,181700.0,181000.0,181700.0,3579
m15-kis/005830/2026.csv:202610021400,181700.0,181700.0,181200.0,181300.0,2929
m15-kis/005830/2026.csv:202610021415,181200.0,181800.0,181100.0,181500.0,3082
m15-kis/005830/2026.csv:202610021430,181500.0,181800.0,181200.0,181700.0,3329
m15-kis/005830/2026.csv:202610021445,181700.0,182100.0,181600.0,181800.0,3927
m15-kis/005830/2026.csv:202610021500,181700.0,182300.0,181600.0,182000.0,5304
m15-kis/005830/2026.csv:202610021515,182000.0,182900.0,182000.0,182800.0,12121
m15-kis/005850/2026.csv:202610020900,52100.0,52200.0,51500.0,52000.0,2807
m15-kis/005850/2026.csv:202610020915,51900.0,52000.0,51600.0,51800.0,1772
m15-kis/005850/2026.csv:202610020930,51600.0,52300.0,51600.0,52300.0,1479
m15-kis/005850/2026.csv:202610020945,52300.0,52500.0,52100.0,52500.0,896
m15-kis/005850/2026.csv:202610021000,52400.0,52500.0,51800.0,52100.0,1842
m15-kis/005850/2026.csv:202610021015,52300.0,52300.0,50900.0,51900.0,6280
m15-kis/005850/2026.csv:202610021030,51800.0,52000.0,51500.0,51600.0,1298
m15-kis/005850/2026.csv:202610021045,51600.0,51900.0,51500.0,51500.0,1595
m15-kis/005850/2026.csv:202610021100,51600.0,51800.0,51500.0,51800.0,570
m15-kis/005850/2026.csv:202610021115,51900.0,51900.0,51600.0,51800.0,760
m15-kis/005850/2026.csv:202610021130,51800.0,51900.0,51500.0,51800.0,999
m15-kis/005850/2026.csv:202610021145,51800.0,51900.0,51800.0,51900.0,546
m15-kis/005850/2026.csv:202610021200,51900.0,52100.0,51800.0,52100.0,1573
m15-kis/005850/2026.csv:202610021215,52100.0,52200.0,51800.0,51800.0,780
m15-kis/005850/2026.csv:202610021230,51800.0,52000.0,51800.0,52000.0,1386
m15-kis/005850/2026.csv:202610021245,52000.0,52100.0,51800.0,51900.0,600
m15-kis/005850/2026.csv:202610021300,51900.0,52100.0,51700.0,51800.0,707
m15-kis/005850/2026.csv:202610021315,51800.0,52100.0,51700.0,52000.0,732
m15-kis/005850/2026.csv:202610021330,51900.0,52100.0,51800.0,52100.0,745
m15-kis/005850/2026.csv:202610021345,52000.0,52100.0,51900.0,52100.0,779
m15-kis/005850/2026.csv:202610021400,52100.0,52200.0,52000.0,52100.0,503
m15-kis/005850/2026.csv:202610021415,52200.0,52200.0,52000.0,52100.0,739
m15-kis/005850/2026.csv:202610021430,52100.0,52200.0,51900.0,52200.0,856
m15-kis/005850/2026.csv:202610021445,52100.0,52300.0,52000.0,52200.0,2205
m15-kis/005850/2026.csv:202610021500,52200.0,52200.0,52000.0,52200.0,2815
m15-kis/005850/2026.csv:202610021515,52200.0,52200.0,51900.0,52100.0,3076
m15-kis/005880/2026.csv:202610020900,2105.0,2145.0,2105.0,2115.0,116463
m15-kis/005880/2026.csv:202610020915,2115.0,2120.0,2090.0,2115.0,55637
m15-kis/005880/2026.csv:202610020930,2115.0,2125.0,2110.0,2115.0,87218
m15-kis/005880/2026.csv:202610020945,2115.0,2140.0,2110.0,2125.0,207151
m15-kis/005880/2026.csv:202610021000,2125.0,2135.0,2115.0,2130.0,36283
m15-kis/005880/2026.csv:202610021015,2125.0,2130.0,2105.0,2110.0,23024
m15-kis/005880/2026.csv:202610021030,2110.0,2130.0,2105.0,2125.0,25092
m15-kis/005880/2026.csv:202610021045,2125.0,2130.0,2120.0,2125.0,20606
m15-kis/005880/2026.csv:202610021100,2125.0,2140.0,2120.0,2135.0,71685
m15-kis/005880/2026.csv:202610021115,2135.0,2145.0,2130.0,2140.0,101476
m15-kis/005880/2026.csv:202610021130,2135.0,2140.0,2130.0,2140.0,26617
m15-kis/005880/2026.csv:202610021145,2135.0,2145.0,2135.0,2145.0,56874
m15-kis/005880/2026.csv:202610021200,2140.0,2150.0,2140.0,2145.0,102611
m15-kis/005880/2026.csv:202610021215,2145.0,2145.0,2135.0,2140.0,98197
m15-kis/005880/2026.csv:202610021230,2140.0,2145.0,2130.0,2135.0,42058
m15-kis/005880/2026.csv:202610021245,2135.0,2140.0,2125.0,2135.0,25790
m15-kis/005880/2026.csv:202610021300,2135.0,2140.0,2125.0,2135.0,21590
m15-kis/005880/2026.csv:202610021315,2135.0,2140.0,2130.0,2135.0,23874
m15-kis/005880/2026.csv:202610021330,2135.0,2140.0,2125.0,2140.0,39981
m15-kis/005880/2026.csv:202610021345,2140.0,2140.0,2135.0,2140.0,26210
m15-kis/005880/2026.csv:202610021400,2135.0,2145.0,2135.0,2140.0,16812
m15-kis/005880/2026.csv:202610021415,2135.0,2140.0,2135.0,2140.0,14815
m15-kis/005880/2026.csv:202610021430,2140.0,2140.0,2135.0,2135.0,16328
m15-kis/005880/2026.csv:202610021445,2140.0,2150.0,2135.0,2150.0,102211
m15-kis/005880/2026.csv:202610021500,2150.0,2155.0,2145.0,2150.0,200716
m15-kis/005880/2026.csv:202610021515,2150.0,2155.0,2150.0,2150.0,52620
m15-kis/005930/2026.csv:202610020900,272000.0,274500.0,271500.0,274500.0,631526
m15-kis/005930/2026.csv:202610020915,274250.0,277000.0,273500.0,274750.0,781074
m15-kis/005930/2026.csv:202610020930,274750.0,276000.0,273500.0,275000.0,484731
m15-kis/005930/2026.csv:202610020945,274750.0,277000.0,274750.0,276000.0,487563
m15-kis/005930/2026.csv:202610021000,276250.0,276500.0,275000.0,276250.0,387203
m15-kis/005930/2026.csv:202610021015,276500.0,277000.0,274500.0,274750.0,356800
m15-kis/005930/2026.csv:202610021030,274750.0,275000.0,273000.0,274250.0,289315
m15-kis/005930/2026.csv:202610021045,274250.0,276500.0,274000.0,276000.0,362161
m15-kis/005930/2026.csv:202610021100,276000.0,276500.0,275500.0,276000.0,326073
m15-kis/005930/2026.csv:202610021115,275750.0,276500.0,275500.0,275500.0,372046
m15-kis/005930/2026.csv:202610021130,275500.0,276500.0,275500.0,276000.0,289704
m15-kis/005930/2026.csv:202610021145,275750.0,277000.0,275750.0,276750.0,391021
m15-kis/005930/2026.csv:202610021200,276750.0,277000.0,276500.0,277000.0,239183
m15-kis/005930/2026.csv:202610021215,277000.0,277000.0,275500.0,275750.0,364778
m15-kis/005930/2026.csv:202610021230,276000.0,276500.0,275500.0,276000.0,201439
m15-kis/005930/2026.csv:202610021245,276000.0,276000.0,274500.0,275750.0,301723
m15-kis/005930/2026.csv:202610021300,276000.0,276500.0,275000.0,275000.0,381271
m15-kis/005930/2026.csv:202610021315,275000.0,276250.0,275000.0,276000.0,271211
m15-kis/005930/2026.csv:202610021330,276250.0,276500.0,275500.0,275500.0,272687
m15-kis/005930/2026.csv:202610021345,275500.0,276000.0,274500.0,275750.0,388512
m15-kis/005930/2026.csv:202610021400,275750.0,276500.0,274500.0,274750.0,397254
m15-kis/005930/2026.csv:202610021415,274750.0,275500.0,274500.0,274500.0,330908
m15-kis/005930/2026.csv:202610021430,274750.0,275500.0,274000.0,275250.0,371670
m15-kis/005930/2026.csv:202610021445,275250.0,275500.0,274500.0,275000.0,353617
m15-kis/005930/2026.csv:202610021500,275250.0,276500.0,275000.0,275500.0,568302
m15-kis/005930/2026.csv:202610021515,275750.0,276000.0,275000.0,276000.0,1021663
m15-kis/005940/2026.csv:202610020900,26450.0,26650.0,26350.0,26600.0,11612
m15-kis/005940/2026.csv:202610020915,26600.0,26600.0,26500.0,26500.0,9359
m15-kis/005940/2026.csv:202610020930,26550.0,26550.0,26450.0,26450.0,6824
m15-kis/005940/2026.csv:202610020945,26500.0,26600.0,26450.0,26550.0,12081
m15-kis/005940/2026.csv:202610021000,26500.0,26550.0,26450.0,26550.0,10846
m15-kis/005940/2026.csv:202610021015,26500.0,26550.0,26350.0,26450.0,15298
m15-kis/005940/2026.csv:202610021030,26400.0,26600.0,26400.0,26550.0,15459
m15-kis/005940/2026.csv:202610021045,26550.0,26650.0,26500.0,26600.0,12410
m15-kis/005940/2026.csv:202610021100,26600.0,26650.0,26500.0,26650.0,12130
m15-kis/005940/2026.csv:202610021115,26650.0,26650.0,26500.0,26550.0,13977
m15-kis/005940/2026.csv:202610021130,26600.0,26700.0,26550.0,26650.0,11313
m15-kis/005940/2026.csv:202610021145,26600.0,26700.0,26550.0,26650.0,11832
m15-kis/005940/2026.csv:202610021200,26650.0,26700.0,26550.0,26650.0,11915
m15-kis/005940/2026.csv:202610021215,26650.0,26750.0,26650.0,26700.0,10356
m15-kis/005940/2026.csv:202610021230,26650.0,26700.0,26600.0,26600.0,10310
m15-kis/005940/2026.csv:202610021245,26600.0,26650.0,26600.0,26625.0,6475
m15-kis/005940/2026.csv:202610021300,26625.0,26700.0,26600.0,26700.0,11731
m15-kis/005940/2026.csv:202610021315,26700.0,26750.0,26600.0,26650.0,13054
m15-kis/005940/2026.csv:202610021330,26650.0,26750.0,26550.0,26650.0,12579
m15-kis/005940/2026.csv:202610021345,26650.0,26750.0,26600.0,26700.0,10727
m15-kis/005940/2026.csv:202610021400,26700.0,26750.0,26700.0,26700.0,8158
m15-kis/005940/2026.csv:202610021415,26750.0,26750.0,26550.0,26700.0,17761
m15-kis/005940/2026.csv:202610021430,26700.0,26800.0,26650.0,26800.0,15146
m15-kis/005940/2026.csv:202610021445,26750.0,26950.0,26750.0,26950.0,26752
m15-kis/005940/2026.csv:202610021500,26900.0,26950.0,26850.0,26850.0,12403
m15-kis/005940/2026.csv:202610021515,26900.0,26950.0,26850.0,26950.0,20422
m15-kis/006040/2026.csv:202610020900,35350.0,35400.0,35200.0,35200.0,289
m15-kis/006040/2026.csv:202610020915,35200.0,35250.0,35050.0,35150.0,838
m15-kis/006040/2026.csv:202610020930,35100.0,35300.0,35100.0,35200.0,514
m15-kis/006040/2026.csv:202610020945,35200.0,35300.0,35100.0,35150.0,1692
m15-kis/006040/2026.csv:202610021000,35150.0,35150.0,35000.0,35000.0,798
m15-kis/006040/2026.csv:202610021015,35000.0,35050.0,34900.0,34950.0,894
m15-kis/006040/2026.csv:202610021030,34950.0,35000.0,34900.0,34950.0,833
m15-kis/006040/2026.csv:202610021045,34950.0,35200.0,34950.0,35100.0,832
m15-kis/006040/2026.csv:202610021100,35100.0,35250.0,35050.0,35150.0,464
m15-kis/006040/2026.csv:202610021115,35150.0,35150.0,35100.0,35150.0,237
m15-kis/006040/2026.csv:202610021130,35150.0,35150.0,35100.0,35100.0,164
m15-kis/006040/2026.csv:202610021145,35100.0,35150.0,35100.0,35100.0,255
m15-kis/006040/2026.csv:202610021200,35150.0,35150.0,35100.0,35100.0,224
m15-kis/006040/2026.csv:202610021215,35100.0,35350.0,35100.0,35200.0,1232
m15-kis/006040/2026.csv:202610021230,35200.0,35200.0,35100.0,35200.0,335
m15-kis/006040/2026.csv:202610021245,35200.0,35200.0,35100.0,35200.0,408
m15-kis/006040/2026.csv:202610021300,35150.0,35250.0,35150.0,35250.0,266
m15-kis/006040/2026.csv:202610021315,35200.0,35200.0,35050.0,35050.0,692
m15-kis/006040/2026.csv:202610021330,35050.0,35250.0,35050.0,35150.0,423
m15-kis/006040/2026.csv:202610021345,35100.0,35150.0,35050.0,35150.0,382
m15-kis/006040/2026.csv:202610021400,35150.0,35250.0,35050.0,35100.0,483
m15-kis/006040/2026.csv:202610021415,35100.0,35200.0,35050.0,35100.0,657
m15-kis/006040/2026.csv:202610021430,35100.0,35150.0,35100.0,35100.0,573
m15-kis/006040/2026.csv:202610021445,35100.0,35250.0,35100.0,35250.0,798
m15-kis/006040/2026.csv:202610021500,35250.0,35300.0,35250.0,35250.0,567
m15-kis/006040/2026.csv:202610021515,35250.0,35350.0,35250.0,35350.0,1249
m15-kis/006110/2026.csv:202610020900,59400.0,61300.0,59400.0,60000.0,6475
m15-kis/006110/2026.csv:202610020915,60200.0,64000.0,60000.0,63700.0,44761
m15-kis/006110/2026.csv:202610020930,63900.0,65300.0,63500.0,64900.0,42089
m15-kis/006110/2026.csv:202610020945,64900.0,65300.0,64300.0,64400.0,23431
m15-kis/006110/2026.csv:202610021000,64600.0,64700.0,63000.0,63900.0,11558
m15-kis/006110/2026.csv:202610021015,64000.0,64400.0,63000.0,63400.0,11229
m15-kis/006110/2026.csv:202610021030,63500.0,63600.0,62500.0,62500.0,8338
m15-kis/006110/2026.csv:202610021045,62500.0,63100.0,62200.0,62600.0,6040
m15-kis/006110/2026.csv:202610021100,62600.0,62900.0,62200.0,62600.0,4891
m15-kis/006110/2026.csv:202610021115,62600.0,62800.0,62300.0,62400.0,3762
m15-kis/006110/2026.csv:202610021130,62500.0,62500.0,61500.0,61900.0,5676
m15-kis/006110/2026.csv:202610021145,61900.0,62100.0,61600.0,62000.0,3735
m15-kis/006110/2026.csv:202610021200,62000.0,62600.0,61700.0,62400.0,7348
m15-kis/006110/2026.csv:202610021215,62500.0,62500.0,61800.0,62200.0,3938
m15-kis/006110/2026.csv:202610021230,62100.0,62200.0,61300.0,61700.0,4171
m15-kis/006110/2026.csv:202610021245,61700.0,61900.0,61200.0,61700.0,4396
m15-kis/006110/2026.csv:202610021300,61500.0,61900.0,61200.0,61400.0,5609
m15-kis/006110/2026.csv:202610021315,61700.0,62200.0,61500.0,61900.0,4307
m15-kis/006110/2026.csv:202610021330,62000.0,62100.0,61400.0,61700.0,5988
m15-kis/006110/2026.csv:202610021345,61700.0,62200.0,61500.0,62000.0,5171
m15-kis/006110/2026.csv:202610021400,62000.0,62100.0,61400.0,61600.0,7673
m15-kis/006110/2026.csv:202610021415,61500.0,61900.0,61400.0,61500.0,4507
m15-kis/006110/2026.csv:202610021430,61600.0,62000.0,61200.0,61800.0,7363
m15-kis/006110/2026.csv:202610021445,61600.0,62600.0,61600.0,62500.0,11263
m15-kis/006110/2026.csv:202610021500,62500.0,62800.0,62300.0,62500.0,9816
m15-kis/006110/2026.csv:202610021515,62600.0,62600.0,62500.0,62600.0,1757
m15-kis/006120/2026.csv:202610020900,66200.0,66200.0,65400.0,65900.0,403
m15-kis/006120/2026.csv:202610020915,65900.0,66800.0,65900.0,66500.0,1261
m15-kis/006120/2026.csv:202610020930,66500.0,66800.0,66400.0,66400.0,2933
m15-kis/006120/2026.csv:202610020945,66300.0,66500.0,66200.0,66400.0,365
m15-kis/006120/2026.csv:202610021000,66500.0,66500.0,66400.0,66500.0,82
m15-kis/006120/2026.csv:202610021015,66500.0,66600.0,66400.0,66500.0,1038
m15-kis/006120/2026.csv:202610021030,66500.0,66600.0,66200.0,66300.0,1619
m15-kis/006120/2026.csv:202610021045,66300.0,66300.0,66000.0,66000.0,350
m15-kis/006120/2026.csv:202610021100,66000.0,66200.0,66000.0,66200.0,71
m15-kis/006120/2026.csv:202610021115,66200.0,66200.0,66000.0,66200.0,24
m15-kis/006120/2026.csv:202610021130,66100.0,66200.0,66000.0,66000.0,34
m15-kis/006120/2026.csv:202610021145,66200.0,66200.0,66000.0,66200.0,176
m15-kis/006120/2026.csv:202610021200,66100.0,66700.0,66100.0,66400.0,1315
m15-kis/006120/2026.csv:202610021215,66500.0,66600.0,66400.0,66500.0,438
m15-kis/006120/2026.csv:202610021230,66500.0,66700.0,66500.0,66600.0,1087
m15-kis/006120/2026.csv:202610021245,66600.0,66700.0,66400.0,66400.0,506
m15-kis/006120/2026.csv:202610021300,66500.0,66600.0,66400.0,66600.0,115
m15-kis/006120/2026.csv:202610021315,66600.0,66600.0,66400.0,66500.0,205
m15-kis/006120/2026.csv:202610021330,66500.0,67300.0,66500.0,67000.0,9754
m15-kis/006120/2026.csv:202610021345,67100.0,68200.0,67100.0,67700.0,7094
m15-kis/006120/2026.csv:202610021400,67600.0,67700.0,67500.0,67700.0,588
m15-kis/006120/2026.csv:202610021415,67600.0,67700.0,67500.0,67700.0,591
m15-kis/006120/2026.csv:202610021430,67600.0,67900.0,67600.0,67800.0,4466
m15-kis/006120/2026.csv:202610021445,67700.0,67800.0,67600.0,67800.0,3496
m15-kis/006120/2026.csv:202610021500,67800.0,68100.0,67750.0,67900.0,4894
m15-kis/006120/2026.csv:202610021515,68000.0,68000.0,67600.0,67800.0,3609
m15-kis/006260/2026.csv:202610020900,294000.0,296000.0,293000.0,295500.0,8448
m15-kis/006260/2026.csv:202610020915,295500.0,297000.0,294500.0,296000.0,12031
m15-kis/006260/2026.csv:202610020930,296000.0,298000.0,295000.0,297000.0,4344
m15-kis/006260/2026.csv:202610020945,297000.0,297500.0,296000.0,297000.0,3298
m15-kis/006260/2026.csv:202610021000,296750.0,297000.0,295000.0,296500.0,4276
m15-kis/006260/2026.csv:202610021015,296500.0,297000.0,295000.0,295500.0,2382
m15-kis/006260/2026.csv:202610021030,295500.0,296000.0,294500.0,295000.0,3357
m15-kis/006260/2026.csv:202610021045,295000.0,296500.0,295000.0,295500.0,2877
m15-kis/006260/2026.csv:202610021100,295500.0,298500.0,295500.0,298000.0,4505
m15-kis/006260/2026.csv:202610021115,298000.0,299500.0,297500.0,299250.0,3074
m15-kis/006260/2026.csv:202610021130,299000.0,300500.0,298500.0,299250.0,3937
m15-kis/006260/2026.csv:202610021145,299000.0,300000.0,298000.0,299000.0,2453
m15-kis/006260/2026.csv:202610021200,299250.0,299500.0,298000.0,298500.0,2202
m15-kis/006260/2026.csv:202610021215,298750.0,299000.0,296000.0,296000.0,2932
m15-kis/006260/2026.csv:202610021230,296000.0,296500.0,295500.0,295500.0,1516
m15-kis/006260/2026.csv:202610021245,296000.0,296000.0,294500.0,294500.0,4939
m15-kis/006260/2026.csv:202610021300,294500.0,295500.0,294500.0,295500.0,2196
m15-kis/006260/2026.csv:202610021315,295500.0,298000.0,295000.0,298000.0,4607
m15-kis/006260/2026.csv:202610021330,297500.0,298000.0,297000.0,297000.0,2429
m15-kis/006260/2026.csv:202610021345,297000.0,298000.0,296500.0,297500.0,2837
m15-kis/006260/2026.csv:202610021400,297500.0,299000.0,297000.0,298000.0,5479
m15-kis/006260/2026.csv:202610021415,298500.0,298500.0,296500.0,297000.0,2863
m15-kis/006260/2026.csv:202610021430,297000.0,297500.0,296500.0,297000.0,2825
m15-kis/006260/2026.csv:202610021445,297000.0,298000.0,297000.0,298000.0,3078
m15-kis/006260/2026.csv:202610021500,298000.0,299000.0,297500.0,298750.0,3588
m15-kis/006260/2026.csv:202610021515,298750.0,299000.0,298000.0,298500.0,5235
m15-kis/006280/2026.csv:202610020900,128200.0,129800.0,128100.0,128200.0,430
m15-kis/006280/2026.csv:202610020915,128300.0,128300.0,127500.0,127800.0,549
m15-kis/006280/2026.csv:202610020930,127800.0,127900.0,127100.0,127300.0,823
m15-kis/006280/2026.csv:202610020945,127300.0,127300.0,126600.0,126700.0,359
m15-kis/006280/2026.csv:202610021000,126600.0,126600.0,125100.0,125500.0,1312
m15-kis/006280/2026.csv:202610021015,125200.0,125500.0,124500.0,124600.0,1708
m15-kis/006280/2026.csv:202610021030,124700.0,124900.0,124300.0,124800.0,512
m15-kis/006280/2026.csv:202610021045,124900.0,125700.0,124600.0,125300.0,842
m15-kis/006280/2026.csv:202610021100,125300.0,125700.0,125200.0,125600.0,726
m15-kis/006280/2026.csv:202610021115,125600.0,126000.0,125600.0,125800.0,354
m15-kis/006280/2026.csv:202610021130,125800.0,125800.0,125600.0,125800.0,189
m15-kis/006280/2026.csv:202610021145,125800.0,126000.0,125700.0,125700.0,488
m15-kis/006280/2026.csv:202610021200,125800.0,125800.0,125300.0,125600.0,286
m15-kis/006280/2026.csv:202610021215,125600.0,125600.0,125400.0,125500.0,233
m15-kis/006280/2026.csv:202610021230,125500.0,125800.0,125400.0,125800.0,223
m15-kis/006280/2026.csv:202610021245,125800.0,125800.0,125600.0,125800.0,145
m15-kis/006280/2026.csv:202610021300,125800.0,125800.0,125700.0,125700.0,368
m15-kis/006280/2026.csv:202610021315,125800.0,125800.0,125500.0,125500.0,512
m15-kis/006280/2026.csv:202610021330,125400.0,125700.0,125400.0,125600.0,292
m15-kis/006280/2026.csv:202610021345,125600.0,125700.0,125400.0,125600.0,316
m15-kis/006280/2026.csv:202610021400,125500.0,125800.0,125500.0,125800.0,439
m15-kis/006280/2026.csv:202610021415,125700.0,125900.0,125700.0,125700.0,332
m15-kis/006280/2026.csv:202610021430,125700.0,125800.0,125400.0,125800.0,696
m15-kis/006280/2026.csv:202610021445,125800.0,125800.0,125500.0,125800.0,428
m15-kis/006280/2026.csv:202610021500,125700.0,125800.0,125400.0,125500.0,756
m15-kis/006280/2026.csv:202610021515,125500.0,126000.0,125500.0,125800.0,1060
m15-kis/006340/2026.csv:202610020900,13210.0,13350.0,13130.0,13320.0,235209
m15-kis/006340/2026.csv:202610020915,13330.0,13450.0,13310.0,13450.0,300274
m15-kis/006340/2026.csv:202610020930,13450.0,13470.0,13350.0,13390.0,114901
m15-kis/006340/2026.csv:202610020945,13390.0,13430.0,13360.0,13420.0,68003
m15-kis/006340/2026.csv:202610021000,13420.0,13430.0,13340.0,13360.0,84518
m15-kis/006340/2026.csv:202610021015,13360.0,13400.0,13350.0,13400.0,48259
m15-kis/006340/2026.csv:202610021030,13400.0,13400.0,13260.0,13280.0,101354
m15-kis/006340/2026.csv:202610021045,13280.0,13320.0,13260.0,13310.0,36003
m15-kis/006340/2026.csv:202610021100,13310.0,13370.0,13300.0,13330.0,62322
m15-kis/006340/2026.csv:202610021115,13330.0,13380.0,13320.0,13380.0,29015
m15-kis/006340/2026.csv:202610021130,13380.0,13500.0,13370.0,13450.0,179118
m15-kis/006340/2026.csv:202610021145,13450.0,13460.0,13410.0,13410.0,43514
m15-kis/006340/2026.csv:202610021200,13410.0,13450.0,13390.0,13420.0,33250
m15-kis/006340/2026.csv:202610021215,13410.0,13410.0,13350.0,13370.0,31147
m15-kis/006340/2026.csv:202610021230,13360.0,13410.0,13330.0,13340.0,35027
m15-kis/006340/2026.csv:202610021245,13340.0,13340.0,13260.0,13280.0,51714
m15-kis/006340/2026.csv:202610021300,13280.0,13290.0,13210.0,13270.0,52970
m15-kis/006340/2026.csv:202610021315,13270.0,13330.0,13260.0,13320.0,23908
m15-kis/006340/2026.csv:202610021330,13310.0,13320.0,13300.0,13310.0,14577
m15-kis/006340/2026.csv:202610021345,13300.0,13350.0,13290.0,13330.0,26749
m15-kis/006340/2026.csv:202610021400,13330.0,13390.0,13330.0,13370.0,30039
m15-kis/006340/2026.csv:202610021415,13370.0,13370.0,13330.0,13360.0,27726
m15-kis/006340/2026.csv:202610021430,13360.0,13380.0,13340.0,13380.0,21950
m15-kis/006340/2026.csv:202610021445,13360.0,13380.0,13345.0,13345.0,26124
m15-kis/006340/2026.csv:202610021500,13345.0,13370.0,13340.0,13350.0,33476
m15-kis/006340/2026.csv:202610021515,13350.0,13370.0,13350.0,13370.0,35363
m15-kis/006360/2026.csv:202610020900,32600.0,32850.0,31750.0,32200.0,208552
m15-kis/006360/2026.csv:202610020915,32200.0,32450.0,32150.0,32350.0,54299
m15-kis/006360/2026.csv:202610020930,32375.0,32650.0,32250.0,32500.0,49925
m15-kis/006360/2026.csv:202610020945,32500.0,33150.0,32450.0,32850.0,76980
m15-kis/006360/2026.csv:202610021000,32850.0,32850.0,32500.0,32650.0,81615
m15-kis/006360/2026.csv:202610021015,32650.0,32750.0,32550.0,32600.0,34275
m15-kis/006360/2026.csv:202610021030,32600.0,32700.0,32475.0,32550.0,108637
m15-kis/006360/2026.csv:202610021045,32525.0,32850.0,32500.0,32850.0,28275
m15-kis/006360/2026.csv:202610021100,32850.0,33050.0,32775.0,32950.0,49375
m15-kis/006360/2026.csv:202610021115,33000.0,33150.0,32950.0,33050.0,28406
m15-kis/006360/2026.csv:202610021130,33050.0,33300.0,33050.0,33200.0,51314
m15-kis/006360/2026.csv:202610021145,33150.0,33200.0,33000.0,33050.0,21764
m15-kis/006360/2026.csv:202610021200,33100.0,33100.0,33000.0,33050.0,10432
m15-kis/006360/2026.csv:202610021215,33000.0,33050.0,32950.0,32950.0,15034
m15-kis/006360/2026.csv:202610021230,32950.0,33050.0,32900.0,32900.0,17467
m15-kis/006360/2026.csv:202610021245,32900.0,32950.0,32800.0,32900.0,20800
m15-kis/006360/2026.csv:202610021300,32950.0,33050.0,32950.0,32950.0,17763
m15-kis/006360/2026.csv:202610021315,33000.0,33050.0,32850.0,33050.0,22512
m15-kis/006360/2026.csv:202610021330,33050.0,33050.0,32950.0,33000.0,17460
m15-kis/006360/2026.csv:202610021345,33050.0,33050.0,32950.0,33050.0,23557
m15-kis/006360/2026.csv:202610021400,33000.0,33050.0,32950.0,33000.0,17853
m15-kis/006360/2026.csv:202610021415,33000.0,33100.0,32950.0,33050.0,28605
m15-kis/006360/2026.csv:202610021430,33100.0,33100.0,33000.0,33050.0,22204
m15-kis/006360/2026.csv:202610021445,33050.0,33150.0,33050.0,33100.0,18094
m15-kis/006360/2026.csv:202610021500,33100.0,33150.0,33000.0,33150.0,20681
m15-kis/006360/2026.csv:202610021515,33100.0,33150.0,33000.0,33050.0,15730
m15-kis/006400/2026.csv:202610020900,511000.0,526000.0,510000.0,524000.0,29803
m15-kis/006400/2026.csv:202610020915,524000.0,526000.0,518000.0,521000.0,13507
m15-kis/006400/2026.csv:202610020930,521000.0,526000.0,520000.0,526000.0,16521
m15-kis/006400/2026.csv:202610020945,526000.0,530000.0,525000.0,528000.0,21730
m15-kis/006400/2026.csv:202610021000,528000.0,529000.0,525000.0,528500.0,9587
m15-kis/006400/2026.csv:202610021015,528500.0,529000.0,523000.0,524000.0,7442
m15-kis/006400/2026.csv:202610021030,524000.0,524000.0,521000.0,522000.0,6230
m15-kis/006400/2026.csv:202610021045,521000.0,524000.0,521000.0,524000.0,6385
m15-kis/006400/2026.csv:202610021100,524000.0,525000.0,523000.0,524000.0,2401
m15-kis/006400/2026.csv:202610021115,524000.0,526000.0,523000.0,525000.0,4088
m15-kis/006400/2026.csv:202610021130,525000.0,525000.0,523000.0,524000.0,2890
m15-kis/006400/2026.csv:202610021145,523000.0,525000.0,523000.0,524000.0,2989
m15-kis/006400/2026.csv:202610021200,524000.0,526000.0,523000.0,525000.0,3853
m15-kis/006400/2026.csv:202610021215,524000.0,525000.0,522000.0,523000.0,2429
m15-kis/006400/2026.csv:202610021230,522000.0,525000.0,522000.0,522000.0,3596
m15-kis/006400/2026.csv:202610021245,522000.0,524000.0,521000.0,523000.0,4586
m15-kis/006400/2026.csv:202610021300,524000.0,524000.0,521000.0,521000.0,4074
m15-kis/006400/2026.csv:202610021315,521500.0,524000.0,521000.0,524000.0,3746
m15-kis/006400/2026.csv:202610021330,524000.0,524000.0,523000.0,523000.0,2454
m15-kis/006400/2026.csv:202610021345,523000.0,525000.0,523000.0,524000.0,3871
m15-kis/006400/2026.csv:202610021400,524000.0,527000.0,524000.0,526000.0,6620
m15-kis/006400/2026.csv:202610021415,527000.0,527000.0,525000.0,525000.0,5727
m15-kis/006400/2026.csv:202610021430,525000.0,527000.0,525000.0,526000.0,7600
m15-kis/006400/2026.csv:202610021445,527000.0,529000.0,526000.0,529000.0,15209
m15-kis/006400/2026.csv:202610021500,529000.0,530000.0,528000.0,530000.0,14528
m15-kis/006400/2026.csv:202610021515,530000.0,530000.0,528000.0,529000.0,18077
m15-kis/006650/2026.csv:202610020900,91300.0,91500.0,90200.0,91000.0,5527
m15-kis/006650/2026.csv:202610020915,91000.0,91400.0,90600.0,91000.0,1936
m15-kis/006650/2026.csv:202610020930,91000.0,91100.0,90800.0,90900.0,1244
m15-kis/006650/2026.csv:202610020945,90900.0,91000.0,90500.0,90600.0,1358
m15-kis/006650/2026.csv:202610021000,90600.0,90800.0,90200.0,90400.0,972
m15-kis/006650/2026.csv:202610021015,90300.0,90500.0,89100.0,89200.0,2064
m15-kis/006650/2026.csv:202610021030,89200.0,89400.0,88900.0,89100.0,1672
m15-kis/006650/2026.csv:202610021045,89100.0,89900.0,89100.0,89700.0,946
m15-kis/006650/2026.csv:202610021100,89500.0,89800.0,89500.0,89800.0,488
m15-kis/006650/2026.csv:202610021115,89800.0,89800.0,89300.0,89300.0,865
m15-kis/006650/2026.csv:202610021130,89300.0,89500.0,89300.0,89500.0,684
m15-kis/006650/2026.csv:202610021145,89400.0,89500.0,89300.0,89300.0,527
m15-kis/006650/2026.csv:202610021200,89300.0,90000.0,89200.0,89500.0,752
m15-kis/006650/2026.csv:202610021215,89500.0,89500.0,89400.0,89500.0,590
m15-kis/006650/2026.csv:202610021230,89400.0,90000.0,89400.0,89600.0,833
m15-kis/006650/2026.csv:202610021245,89500.0,89900.0,89400.0,89600.0,681
m15-kis/006650/2026.csv:202610021300,89600.0,89700.0,89400.0,89600.0,746
m15-kis/006650/2026.csv:202610021315,89600.0,89900.0,89500.0,89800.0,737
m15-kis/006650/2026.csv:202610021330,89800.0,90000.0,89500.0,89600.0,870
m15-kis/006650/2026.csv:202610021345,89600.0,90500.0,89500.0,90400.0,971
m15-kis/006650/2026.csv:202610021400,90400.0,90800.0,90200.0,90300.0,1160
m15-kis/006650/2026.csv:202610021415,90300.0,90800.0,90200.0,90600.0,1108
m15-kis/006650/2026.csv:202610021430,90600.0,91000.0,90400.0,90700.0,1611
m15-kis/006650/2026.csv:202610021445,90800.0,91200.0,90700.0,91000.0,2003
m15-kis/006650/2026.csv:202610021500,91000.0,91400.0,90900.0,91200.0,1914
m15-kis/006650/2026.csv:202610021515,91200.0,91500.0,91100.0,91500.0,1448
m15-kis/006730/2026.csv:202610020900,11180.0,11290.0,10880.0,11140.0,43816
m15-kis/006730/2026.csv:202610020915,11140.0,11140.0,10950.0,11020.0,18390
m15-kis/006730/2026.csv:202610020930,11020.0,11190.0,11020.0,11160.0,13581
m15-kis/006730/2026.csv:202610020945,11160.0,11190.0,11110.0,11140.0,10851
m15-kis/006730/2026.csv:202610021000,11140.0,11190.0,11140.0,11180.0,6705
m15-kis/006730/2026.csv:202610021015,11190.0,11200.0,11110.0,11140.0,15946
m15-kis/006730/2026.csv:202610021030,11140.0,11140.0,11080.0,11110.0,12175
m15-kis/006730/2026.csv:202610021045,11110.0,11150.0,11060.0,11120.0,17266
m15-kis/006730/2026.csv:202610021100,11120.0,11160.0,11110.0,11160.0,6119
m15-kis/006730/2026.csv:202610021115,11160.0,11160.0,11120.0,11130.0,13712
m15-kis/006730/2026.csv:202610021130,11130.0,11180.0,11120.0,11160.0,12089
m15-kis/006730/2026.csv:202610021145,11160.0,11200.0,11160.0,11190.0,11026
m15-kis/006730/2026.csv:202610021200,11180.0,11200.0,11160.0,11170.0,12689
m15-kis/006730/2026.csv:202610021215,11170.0,11190.0,11160.0,11170.0,10706
m15-kis/006730/2026.csv:202610021230,11160.0,11190.0,11160.0,11180.0,9097
m15-kis/006730/2026.csv:202610021245,11180.0,11190.0,11150.0,11180.0,13915
m15-kis/006730/2026.csv:202610021300,11180.0,11190.0,11140.0,11150.0,14475
m15-kis/006730/2026.csv:202610021315,11150.0,11180.0,11140.0,11150.0,9891
m15-kis/006730/2026.csv:202610021330,11150.0,11170.0,11140.0,11170.0,7947
m15-kis/006730/2026.csv:202610021345,11160.0,11330.0,11160.0,11320.0,40617
m15-kis/006730/2026.csv:202610021400,11330.0,11420.0,11320.0,11350.0,24303
m15-kis/006730/2026.csv:202610021415,11350.0,11370.0,11290.0,11300.0,16157
m15-kis/006730/2026.csv:202610021430,11290.0,11480.0,11290.0,11420.0,29823
m15-kis/006730/2026.csv:202610021445,11420.0,11510.0,11380.0,11500.0,38945
m15-kis/006730/2026.csv:202610021500,11500.0,11510.0,11450.0,11460.0,18484
m15-kis/006730/2026.csv:202610021515,11470.0,11490.0,11460.0,11480.0,9657
m15-kis/006800/2026.csv:202610020900,31350.0,31500.0,31050.0,31350.0,101410
m15-kis/006800/2026.csv:202610020915,31350.0,31450.0,31250.0,31300.0,39923
m15-kis/006800/2026.csv:202610020930,31300.0,31450.0,31250.0,31400.0,26622
m15-kis/006800/2026.csv:202610020945,31400.0,31550.0,31350.0,31500.0,19417
m15-kis/006800/2026.csv:202610021000,31500.0,31550.0,31350.0,31450.0,18758
m15-kis/006800/2026.csv:202610021015,31450.0,31500.0,31300.0,31350.0,16427
m15-kis/006800/2026.csv:202610021030,31350.0,31500.0,31250.0,31450.0,29922
m15-kis/006800/2026.csv:202610021045,31450.0,31550.0,31450.0,31500.0,16967
m15-kis/006800/2026.csv:202610021100,31450.0,31550.0,31400.0,31400.0,10167
m15-kis/006800/2026.csv:202610021115,31400.0,31600.0,31400.0,31450.0,15430
m15-kis/006800/2026.csv:202610021130,31450.0,31500.0,31400.0,31450.0,11182
m15-kis/006800/2026.csv:202610021145,31450.0,31600.0,31450.0,31550.0,15427
m15-kis/006800/2026.csv:202610021200,31550.0,31550.0,31450.0,31500.0,10584
m15-kis/006800/2026.csv:202610021215,31450.0,31500.0,31400.0,31400.0,12468
m15-kis/006800/2026.csv:202610021230,31450.0,31500.0,31400.0,31450.0,13669
m15-kis/006800/2026.csv:202610021245,31450.0,31450.0,31250.0,31300.0,27871
m15-kis/006800/2026.csv:202610021300,31350.0,31400.0,31250.0,31250.0,19939
m15-kis/006800/2026.csv:202610021315,31250.0,31400.0,31250.0,31350.0,10965
m15-kis/006800/2026.csv:202610021330,31300.0,31550.0,31300.0,31450.0,26586
m15-kis/006800/2026.csv:202610021345,31400.0,31500.0,31350.0,31450.0,18802
m15-kis/006800/2026.csv:202610021400,31500.0,31500.0,31400.0,31450.0,13816
m15-kis/006800/2026.csv:202610021415,31450.0,31600.0,31450.0,31450.0,19554
m15-kis/006800/2026.csv:202610021430,31450.0,31550.0,31400.0,31500.0,21657
m15-kis/006800/2026.csv:202610021445,31500.0,31600.0,31450.0,31550.0,22880
m15-kis/006800/2026.csv:202610021500,31550.0,31650.0,31500.0,31550.0,33267
m15-kis/006800/2026.csv:202610021515,31600.0,31650.0,31500.0,31650.0,33995
m15-kis/007070/2026.csv:202610020900,22200.0,22250.0,22050.0,22050.0,560
m15-kis/007070/2026.csv:202610020915,22100.0,22100.0,21900.0,21900.0,2486
m15-kis/007070/2026.csv:202610020930,21950.0,22000.0,21800.0,21850.0,2974
m15-kis/007070/2026.csv:202610020945,21850.0,21950.0,21750.0,21900.0,3274
m15-kis/007070/2026.csv:202610021000,21900.0,22050.0,21800.0,22000.0,3015
m15-kis/007070/2026.csv:202610021015,22050.0,22050.0,21850.0,21950.0,1773
m15-kis/007070/2026.csv:202610021030,21950.0,22050.0,21850.0,21900.0,3337
m15-kis/007070/2026.csv:202610021045,21900.0,21950.0,21800.0,21850.0,6187
m15-kis/007070/2026.csv:202610021100,21850.0,22050.0,21850.0,21950.0,2771
m15-kis/007070/2026.csv:202610021115,22000.0,22100.0,21950.0,22100.0,3014
m15-kis/007070/2026.csv:202610021130,22050.0,22300.0,22050.0,22150.0,2304
m15-kis/007070/2026.csv:202610021145,22100.0,22150.0,22050.0,22100.0,1933
m15-kis/007070/2026.csv:202610021200,22150.0,22200.0,22100.0,22100.0,2155
m15-kis/007070/2026.csv:202610021215,22100.0,22150.0,22000.0,22000.0,1650
m15-kis/007070/2026.csv:202610021230,22000.0,22050.0,21950.0,22000.0,2027
m15-kis/007070/2026.csv:202610021245,22000.0,22100.0,21950.0,22050.0,1958
m15-kis/007070/2026.csv:202610021300,22050.0,22100.0,22000.0,22000.0,2028
m15-kis/007070/2026.csv:202610021315,22000.0,22050.0,21950.0,22050.0,1894
m15-kis/007070/2026.csv:202610021330,22050.0,22050.0,21950.0,22000.0,1877
m15-kis/007070/2026.csv:202610021345,22000.0,22050.0,21950.0,22050.0,2693
m15-kis/007070/2026.csv:202610021400,22100.0,22100.0,22000.0,22050.0,2052
m15-kis/007070/2026.csv:202610021415,22050.0,22100.0,22050.0,22100.0,1563
m15-kis/007070/2026.csv:202610021430,22050.0,22150.0,22050.0,22050.0,1889
m15-kis/007070/2026.csv:202610021445,22050.0,22200.0,22050.0,22150.0,2735
m15-kis/007070/2026.csv:202610021500,22150.0,22200.0,22000.0,22100.0,3496
m15-kis/007070/2026.csv:202610021515,22100.0,22150.0,22050.0,22150.0,5793
m15-kis/007310/2026.csv:202610020900,313500.0,315000.0,313000.0,313000.0,21
m15-kis/007310/2026.csv:202610020915,313000.0,314500.0,312500.0,313000.0,34
m15-kis/007310/2026.csv:202610020930,313000.0,313500.0,313000.0,313500.0,7
m15-kis/007310/2026.csv:202610020945,313500.0,313500.0,313000.0,313500.0,17
m15-kis/007310/2026.csv:202610021000,313500.0,313500.0,313000.0,313000.0,10
m15-kis/007310/2026.csv:202610021015,313500.0,313500.0,313500.0,313500.0,16
m15-kis/007310/2026.csv:202610021030,313500.0,328000.0,313500.0,316500.0,830
m15-kis/007310/2026.csv:202610021045,316500.0,319500.0,315000.0,316000.0,205
m15-kis/007310/2026.csv:202610021100,316000.0,316000.0,315000.0,316000.0,35
m15-kis/007310/2026.csv:202610021115,316000.0,317000.0,314000.0,315500.0,139
m15-kis/007310/2026.csv:202610021130,316000.0,316500.0,315500.0,316000.0,32
m15-kis/007310/2026.csv:202610021145,316000.0,316000.0,314500.0,316000.0,55
m15-kis/007310/2026.csv:202610021200,316000.0,316500.0,314500.0,315500.0,18
m15-kis/007310/2026.csv:202610021215,315500.0,316500.0,314500.0,316500.0,40
m15-kis/007310/2026.csv:202610021230,315000.0,316000.0,314500.0,315000.0,18
m15-kis/007310/2026.csv:202610021245,315000.0,315500.0,315000.0,315500.0,14
m15-kis/007310/2026.csv:202610021300,315500.0,315500.0,315000.0,315500.0,17
m15-kis/007310/2026.csv:202610021315,315500.0,316000.0,315500.0,315500.0,24
m15-kis/007310/2026.csv:202610021330,316000.0,316000.0,315500.0,315500.0,17
m15-kis/007310/2026.csv:202610021345,316000.0,316000.0,315500.0,316000.0,12
m15-kis/007310/2026.csv:202610021400,316000.0,316000.0,315500.0,315500.0,33
m15-kis/007310/2026.csv:202610021415,316000.0,316000.0,314000.0,315500.0,126
m15-kis/007310/2026.csv:202610021430,315500.0,316000.0,315500.0,315500.0,26
m15-kis/007310/2026.csv:202610021445,316000.0,316000.0,315500.0,316000.0,20
m15-kis/007310/2026.csv:202610021500,316000.0,316000.0,314000.0,316000.0,134
m15-kis/007310/2026.csv:202610021515,316000.0,316000.0,315000.0,316000.0,129
m15-kis/007340/2026.csv:202610020900,49500.0,49800.0,49300.0,49450.0,2302
m15-kis/007340/2026.csv:202610020915,49400.0,49850.0,49400.0,49600.0,1577
m15-kis/007340/2026.csv:202610020930,49800.0,50300.0,49600.0,50100.0,3502
m15-kis/007340/2026.csv:202610020945,50300.0,50400.0,49900.0,50300.0,2499
m15-kis/007340/2026.csv:202610021000,50300.0,50400.0,50000.0,50200.0,2425
m15-kis/007340/2026.csv:202610021015,50200.0,50200.0,49900.0,50100.0,1638
m15-kis/007340/2026.csv:202610021030,50200.0,50400.0,50000.0,50400.0,2905
m15-kis/007340/2026.csv:202610021045,50400.0,51700.0,50200.0,51300.0,20050
m15-kis/007340/2026.csv:202610021100,51400.0,51400.0,50900.0,51300.0,8764
m15-kis/007340/2026.csv:202610021115,51200.0,51400.0,50800.0,50900.0,2648
m15-kis/007340/2026.csv:202610021130,50900.0,51000.0,50800.0,50900.0,2992
m15-kis/007340/2026.csv:202610021145,50900.0,51100.0,50700.0,50900.0,4100
m15-kis/007340/2026.csv:202610021200,50900.0,51000.0,50500.0,50800.0,5549
m15-kis/007340/2026.csv:202610021215,50750.0,50800.0,50300.0,50500.0,3319
m15-kis/007340/2026.csv:202610021230,50500.0,50500.0,50100.0,50100.0,2581
m15-kis/007340/2026.csv:202610021245,50200.0,50200.0,49850.0,49900.0,2783
m15-kis/007340/2026.csv:202610021300,49900.0,50200.0,49900.0,50000.0,3321
m15-kis/007340/2026.csv:202610021315,50000.0,50200.0,49950.0,50000.0,1908
m15-kis/007340/2026.csv:202610021330,50000.0,50100.0,49850.0,49850.0,2453
m15-kis/007340/2026.csv:202610021345,49900.0,49950.0,49700.0,49950.0,2893
m15-kis/007340/2026.csv:202610021400,49950.0,49950.0,49750.0,49900.0,2337
m15-kis/007340/2026.csv:202610021415,49900.0,49950.0,49700.0,49750.0,2378
m15-kis/007340/2026.csv:202610021430,49750.0,49900.0,49600.0,49800.0,3146
m15-kis/007340/2026.csv:202610021445,49800.0,50000.0,49750.0,49950.0,3513
m15-kis/007340/2026.csv:202610021500,50000.0,50200.0,49850.0,49950.0,3789
m15-kis/007340/2026.csv:202610021515,49950.0,50000.0,49800.0,50000.0,4820
m15-kis/007390/2026.csv:202610020900,25450.0,25800.0,25400.0,25600.0,35147
m15-kis/007390/2026.csv:202610020915,25600.0,25650.0,25050.0,25100.0,18158
m15-kis/007390/2026.csv:202610020930,25100.0,25150.0,24850.0,25050.0,15025
m15-kis/007390/2026.csv:202610020945,25000.0,25050.0,24800.0,24850.0,14891
m15-kis/007390/2026.csv:202610021000,24850.0,24900.0,24700.0,24800.0,6130
m15-kis/007390/2026.csv:202610021015,24800.0,25000.0,24750.0,24800.0,4805
m15-kis/007390/2026.csv:202610021030,24750.0,24750.0,24600.0,24700.0,16783
m15-kis/007390/2026.csv:202610021045,24700.0,24800.0,24650.0,24700.0,4654
m15-kis/007390/2026.csv:202610021100,24750.0,24850.0,24700.0,24800.0,6779
m15-kis/007390/2026.csv:202610021115,24850.0,24850.0,24750.0,24750.0,3749
m15-kis/007390/2026.csv:202610021130,24750.0,24800.0,24750.0,24800.0,2591
m15-kis/007390/2026.csv:202610021145,24850.0,25000.0,24850.0,24950.0,3113
m15-kis/007390/2026.csv:202610021200,24950.0,25050.0,24800.0,24850.0,2543
m15-kis/007390/2026.csv:202610021215,24850.0,24950.0,24800.0,24850.0,2193
m15-kis/007390/2026.csv:202610021230,24900.0,24900.0,24800.0,24850.0,2446
m15-kis/007390/2026.csv:202610021245,24800.0,24950.0,24800.0,24950.0,4669
m15-kis/007390/2026.csv:202610021300,24950.0,25000.0,24850.0,24900.0,2114
m15-kis/007390/2026.csv:202610021315,24900.0,24950.0,24850.0,24850.0,2297
m15-kis/007390/2026.csv:202610021330,24900.0,25000.0,24850.0,24900.0,1841
m15-kis/007390/2026.csv:202610021345,24850.0,24950.0,24850.0,24850.0,2792
m15-kis/007390/2026.csv:202610021400,24900.0,24900.0,24800.0,24850.0,1622
m15-kis/007390/2026.csv:202610021415,24850.0,24900.0,24800.0,24800.0,2408
m15-kis/007390/2026.csv:202610021430,24800.0,24850.0,24750.0,24800.0,3663
m15-kis/007390/2026.csv:202610021445,24800.0,24800.0,24700.0,24800.0,9346
m15-kis/007390/2026.csv:202610021500,24800.0,24850.0,24750.0,24750.0,1079
m15-kis/007390/2026.csv:202610021515,24800.0,24850.0,24750.0,24750.0,10088
m15-kis/007660/2026.csv:202610020900,122000.0,123700.0,121600.0,122100.0,47243
m15-kis/007660/2026.csv:202610020915,122100.0,122700.0,121400.0,122300.0,29160
m15-kis/007660/2026.csv:202610020930,122300.0,123300.0,121800.0,122400.0,21055
m15-kis/007660/2026.csv:202610020945,122400.0,123100.0,122200.0,122800.0,24919
m15-kis/007660/2026.csv:202610021000,122700.0,122800.0,121900.0,122500.0,18597
m15-kis/007660/2026.csv:202610021015,122300.0,123000.0,121700.0,121800.0,21824
m15-kis/007660/2026.csv:202610021030,121800.0,121900.0,120700.0,121500.0,30751
m15-kis/007660/2026.csv:202610021045,121500.0,122500.0,121300.0,122450.0,11979
m15-kis/007660/2026.csv:202610021100,122400.0,122800.0,121900.0,122300.0,10383
m15-kis/007660/2026.csv:202610021115,122200.0,122300.0,121700.0,121800.0,7468
m15-kis/007660/2026.csv:202610021130,121800.0,121900.0,121400.0,121500.0,5164
m15-kis/007660/2026.csv:202610021145,121500.0,121900.0,121300.0,121700.0,6093
m15-kis/007660/2026.csv:202610021200,121700.0,121900.0,121600.0,121800.0,4253
m15-kis/007660/2026.csv:202610021215,121800.0,121800.0,121300.0,121400.0,5718
m15-kis/007660/2026.csv:202610021230,121400.0,121500.0,120000.0,120000.0,19992
m15-kis/007660/2026.csv:202610021245,120100.0,120100.0,119200.0,119600.0,24710
m15-kis/007660/2026.csv:202610021300,119600.0,119900.0,119000.0,119200.0,17348
m15-kis/007660/2026.csv:202610021315,119200.0,120300.0,119000.0,120100.0,13343
m15-kis/007660/2026.csv:202610021330,120200.0,120600.0,120100.0,120100.0,12513
m15-kis/007660/2026.csv:202610021345,120200.0,121000.0,120000.0,120900.0,10113
m15-kis/007660/2026.csv:202610021400,120900.0,121400.0,120600.0,121300.0,15512
m15-kis/007660/2026.csv:202610021415,121300.0,121400.0,120100.0,120600.0,21301
m15-kis/007660/2026.csv:202610021430,120500.0,120800.0,120100.0,120500.0,13774
m15-kis/007660/2026.csv:202610021445,120500.0,120800.0,120300.0,120600.0,12904
m15-kis/007660/2026.csv:202610021500,120600.0,121400.0,120400.0,121300.0,15164
m15-kis/007660/2026.csv:202610021515,121300.0,121400.0,121000.0,121200.0,13801
m15-kis/007700/2026.csv:202610020900,13360.0,13370.0,13350.0,13350.0,115
m15-kis/007700/2026.csv:202610020915,13350.0,13350.0,13330.0,13330.0,40
m15-kis/007700/2026.csv:202610020930,13360.0,13370.0,13360.0,13370.0,34
m15-kis/007700/2026.csv:202610020945,13370.0,13410.0,13370.0,13410.0,34
m15-kis/007700/2026.csv:202610021000,13400.0,13410.0,13400.0,13400.0,17
m15-kis/007700/2026.csv:202610021015,13400.0,13430.0,13400.0,13420.0,46
m15-kis/007700/2026.csv:202610021030,13410.0,13430.0,13370.0,13370.0,14
m15-kis/007700/2026.csv:202610021100,13370.0,13370.0,13360.0,13360.0,7
m15-kis/007700/2026.csv:202610021115,13390.0,13390.0,13390.0,13390.0,1
m15-kis/007700/2026.csv:202610021130,13390.0,13390.0,13390.0,13390.0,3
m15-kis/007700/2026.csv:202610021200,13390.0,13390.0,13390.0,13390.0,20
m15-kis/007700/2026.csv:202610021215,13390.0,13390.0,13390.0,13390.0,31
m15-kis/007700/2026.csv:202610021230,13360.0,13360.0,13330.0,13340.0,1204
m15-kis/007700/2026.csv:202610021245,13340.0,13350.0,13340.0,13350.0,577
m15-kis/007700/2026.csv:202610021300,13350.0,13350.0,13350.0,13350.0,7
m15-kis/007700/2026.csv:202610021315,13350.0,13350.0,13350.0,13350.0,28
m15-kis/007700/2026.csv:202610021330,13350.0,13350.0,13350.0,13350.0,2
m15-kis/007700/2026.csv:202610021345,13350.0,13350.0,13350.0,13350.0,2
m15-kis/007700/2026.csv:202610021400,13350.0,13350.0,13340.0,13340.0,94
m15-kis/007700/2026.csv:202610021415,13350.0,13350.0,13350.0,13350.0,132
m15-kis/007700/2026.csv:202610021445,13350.0,13350.0,13350.0,13350.0,1
m15-kis/007700/2026.csv:202610021515,13380.0,13390.0,13340.0,13340.0,407
m15-kis/007810/2026.csv:202610020900,82700.0,87800.0,81900.0,83900.0,259686
m15-kis/007810/2026.csv:202610020915,83800.0,85300.0,83100.0,84500.0,74987
m15-kis/007810/2026.csv:202610020930,84500.0,84900.0,83000.0,83200.0,48791
m15-kis/007810/2026.csv:202610020945,83200.0,84000.0,82800.0,83600.0,36921
m15-kis/007810/2026.csv:202610021000,83700.0,83700.0,82600.0,82800.0,32879
m15-kis/007810/2026.csv:202610021015,82800.0,83000.0,81400.0,82000.0,39782
m15-kis/007810/2026.csv:202610021030,82050.0,82100.0,80900.0,81200.0,37032
m15-kis/007810/2026.csv:202610021045,81200.0,82600.0,81100.0,82500.0,24444
m15-kis/007810/2026.csv:202610021100,82500.0,82600.0,81400.0,81700.0,21477
m15-kis/007810/2026.csv:202610021115,81800.0,82300.0,81300.0,81600.0,10849
m15-kis/007810/2026.csv:202610021130,81500.0,81500.0,80900.0,81100.0,17288
m15-kis/007810/2026.csv:202610021145,81100.0,81700.0,80900.0,81200.0,12352
m15-kis/007810/2026.csv:202610021200,81200.0,81500.0,80900.0,81200.0,14581
m15-kis/007810/2026.csv:202610021215,81200.0,81300.0,80500.0,81100.0,17618
m15-kis/007810/2026.csv:202610021230,81000.0,81100.0,80000.0,80200.0,19182
m15-kis/007810/2026.csv:202610021245,80200.0,80400.0,79500.0,80300.0,30489
m15-kis/007810/2026.csv:202610021300,80300.0,80400.0,79000.0,79600.0,28358
m15-kis/007810/2026.csv:202610021315,79700.0,80400.0,79200.0,80400.0,16405
m15-kis/007810/2026.csv:202610021330,80400.0,81400.0,79900.0,80900.0,28084
m15-kis/007810/2026.csv:202610021345,80800.0,81400.0,80600.0,81400.0,11634
m15-kis/007810/2026.csv:202610021400,81300.0,82000.0,80900.0,81700.0,28699
m15-kis/007810/2026.csv:202610021415,81700.0,82700.0,81700.0,82200.0,22071
m15-kis/007810/2026.csv:202610021430,82200.0,82300.0,81300.0,82300.0,19527
m15-kis/007810/2026.csv:202610021445,82300.0,82300.0,81700.0,82100.0,9083
m15-kis/007810/2026.csv:202610021500,82000.0,82800.0,81900.0,82700.0,17810
m15-kis/007810/2026.csv:202610021515,82600.0,82600.0,82300.0,82400.0,19160
m15-kis/008770/2026.csv:202610020900,39175.0,39350.0,39100.0,39150.0,4228
m15-kis/008770/2026.csv:202610020915,39150.0,39200.0,38900.0,38950.0,10340
m15-kis/008770/2026.csv:202610020930,38950.0,39100.0,38900.0,39050.0,5130
m15-kis/008770/2026.csv:202610020945,39050.0,39100.0,39000.0,39050.0,10617
m15-kis/008770/2026.csv:202610021000,39050.0,39150.0,39000.0,39150.0,2186
m15-kis/008770/2026.csv:202610021015,39150.0,39150.0,39000.0,39100.0,4788
m15-kis/008770/2026.csv:202610021030,39100.0,39150.0,39050.0,39050.0,2472
m15-kis/008770/2026.csv:202610021045,39050.0,39200.0,39000.0,39200.0,2125
m15-kis/008770/2026.csv:202610021100,39200.0,39300.0,39150.0,39300.0,1670
m15-kis/008770/2026.csv:202610021115,39300.0,39350.0,39200.0,39300.0,2732
m15-kis/008770/2026.csv:202610021130,39300.0,39300.0,39100.0,39150.0,2875
m15-kis/008770/2026.csv:202610021145,39200.0,39250.0,39150.0,39200.0,2495
m15-kis/008770/2026.csv:202610021200,39200.0,39250.0,39150.0,39200.0,1962
m15-kis/008770/2026.csv:202610021215,39200.0,39200.0,39150.0,39200.0,1762
m15-kis/008770/2026.csv:202610021230,39200.0,39250.0,39150.0,39200.0,1730
m15-kis/008770/2026.csv:202610021245,39200.0,39250.0,39100.0,39100.0,3876
m15-kis/008770/2026.csv:202610021300,39100.0,39150.0,39050.0,39100.0,2938
m15-kis/008770/2026.csv:202610021315,39050.0,39250.0,39050.0,39200.0,5398
m15-kis/008770/2026.csv:202610021330,39200.0,39250.0,39150.0,39200.0,4031
m15-kis/008770/2026.csv:202610021345,39200.0,39350.0,39150.0,39350.0,4681
m15-kis/008770/2026.csv:202610021400,39350.0,39350.0,39250.0,39300.0,4212
m15-kis/008770/2026.csv:202610021415,39250.0,39300.0,39200.0,39250.0,4300
m15-kis/008770/2026.csv:202610021430,39300.0,39350.0,39250.0,39300.0,4368
m15-kis/008770/2026.csv:202610021445,39300.0,39300.0,39200.0,39300.0,4218
m15-kis/008770/2026.csv:202610021500,39250.0,39300.0,39150.0,39150.0,8751
m15-kis/008770/2026.csv:202610021515,39200.0,39300.0,39150.0,39300.0,7230
m15-kis/008930/2026.csv:202610020900,52200.0,52800.0,52100.0,52600.0,4611
m15-kis/008930/2026.csv:202610020915,52600.0,52700.0,52000.0,52700.0,2126
m15-kis/008930/2026.csv:202610020930,52700.0,53100.0,51000.0,52800.0,26095
m15-kis/008930/2026.csv:202610020945,52800.0,53600.0,52700.0,53600.0,9219
m15-kis/008930/2026.csv:202610021000,53300.0,53600.0,53300.0,53600.0,2739
m15-kis/008930/2026.csv:202610021015,53600.0,53700.0,53300.0,53400.0,1525
m15-kis/008930/2026.csv:202610021030,53400.0,53700.0,53300.0,53400.0,3022
m15-kis/008930/2026.csv:202610021045,53500.0,53700.0,53400.0,53700.0,1127
m15-kis/008930/2026.csv:202610021100,53700.0,54600.0,53700.0,54500.0,14863
m15-kis/008930/2026.csv:202610021115,54500.0,55400.0,54300.0,55000.0,18143
m15-kis/008930/2026.csv:202610021130,55000.0,55500.0,54800.0,55400.0,4560
m15-kis/008930/2026.csv:202610021145,55400.0,55700.0,55200.0,55500.0,6665
m15-kis/008930/2026.csv:202610021200,55500.0,55600.0,55100.0,55200.0,3996
m15-kis/008930/2026.csv:202610021215,55200.0,55400.0,55100.0,55200.0,2527
m15-kis/008930/2026.csv:202610021230,55200.0,55300.0,55000.0,55100.0,6064
m15-kis/008930/2026.csv:202610021245,55100.0,55700.0,55000.0,55600.0,8517
m15-kis/008930/2026.csv:202610021300,55600.0,55700.0,55300.0,55700.0,6693
m15-kis/008930/2026.csv:202610021315,55700.0,55700.0,54700.0,55100.0,7797
m15-kis/008930/2026.csv:202610021330,54900.0,55300.0,54800.0,55300.0,2244
m15-kis/008930/2026.csv:202610021345,55100.0,55300.0,55000.0,55200.0,1635
m15-kis/008930/2026.csv:202610021400,55300.0,55300.0,54800.0,54800.0,2193
m15-kis/008930/2026.csv:202610021415,54900.0,55200.0,54600.0,54700.0,2097
m15-kis/008930/2026.csv:202610021430,54800.0,55000.0,54700.0,55000.0,1709
m15-kis/008930/2026.csv:202610021445,55000.0,55400.0,54800.0,55400.0,4390
m15-kis/008930/2026.csv:202610021500,55400.0,55500.0,55100.0,55100.0,7078
m15-kis/008930/2026.csv:202610021515,55100.0,55300.0,55100.0,55300.0,6555
m15-kis/009150/2026.csv:202610020900,1537000.0,1553000.0,1534000.0,1549000.0,32005
m15-kis/009150/2026.csv:202610020915,1550000.0,1555000.0,1541000.0,1547000.0,24701
m15-kis/009150/2026.csv:202610020930,1548000.0,1555000.0,1541000.0,1543000.0,15907
m15-kis/009150/2026.csv:202610020945,1543000.0,1556000.0,1543000.0,1551000.0,11454
m15-kis/009150/2026.csv:202610021000,1551000.0,1554000.0,1546000.0,1551000.0,12082
m15-kis/009150/2026.csv:202610021015,1551000.0,1554000.0,1547000.0,1550000.0,9036
m15-kis/009150/2026.csv:202610021030,1550000.0,1551000.0,1542000.0,1545000.0,11123
m15-kis/009150/2026.csv:202610021045,1545500.0,1563000.0,1545000.0,1562000.0,22206
m15-kis/009150/2026.csv:202610021100,1563000.0,1563000.0,1552000.0,1553000.0,8831
m15-kis/009150/2026.csv:202610021115,1554000.0,1564000.0,1553000.0,1562000.0,12702
m15-kis/009150/2026.csv:202610021130,1562000.0,1565000.0,1558000.0,1563000.0,14607
m15-kis/009150/2026.csv:202610021145,1563000.0,1572000.0,1562000.0,1572000.0,22826
m15-kis/009150/2026.csv:202610021200,1572000.0,1574000.0,1569000.0,1570000.0,14747
m15-kis/009150/2026.csv:202610021215,1570000.0,1578000.0,1568000.0,1574000.0,18594
m15-kis/009150/2026.csv:202610021230,1574000.0,1574000.0,1567000.0,1570000.0,12866
m15-kis/009150/2026.csv:202610021245,1570000.0,1571000.0,1565000.0,1568000.0,12851
m15-kis/009150/2026.csv:202610021300,1569000.0,1572000.0,1560000.0,1561000.0,13624
m15-kis/009150/2026.csv:202610021315,1561000.0,1571000.0,1560000.0,1570000.0,11010
m15-kis/009150/2026.csv:202610021330,1570000.0,1571000.0,1568000.0,1570000.0,10922
m15-kis/009150/2026.csv:202610021345,1570000.0,1576000.0,1569000.0,1575000.0,22078
m15-kis/009150/2026.csv:202610021400,1576000.0,1578000.0,1569000.0,1571000.0,16693
m15-kis/009150/2026.csv:202610021415,1570000.0,1575000.0,1570000.0,1571000.0,13057
m15-kis/009150/2026.csv:202610021430,1571000.0,1573000.0,1568000.0,1570000.0,17210
m15-kis/009150/2026.csv:202610021445,1570000.0,1572000.0,1569000.0,1572000.0,13355
m15-kis/009150/2026.csv:202610021500,1572000.0,1582000.0,1570000.0,1581000.0,42440
m15-kis/009150/2026.csv:202610021515,1581000.0,1581000.0,1570000.0,1581000.0,32513
m15-kis/009240/2026.csv:202610020900,39000.0,39000.0,38750.0,38750.0,161
m15-kis/009240/2026.csv:202610020915,38750.0,38950.0,38700.0,38800.0,483
m15-kis/009240/2026.csv:202610020930,38800.0,38900.0,38800.0,38800.0,894
m15-kis/009240/2026.csv:202610020945,38850.0,39150.0,38800.0,39100.0,1411
m15-kis/009240/2026.csv:202610021000,39050.0,39150.0,38700.0,39150.0,952
m15-kis/009240/2026.csv:202610021015,39150.0,39200.0,38850.0,39050.0,1321
m15-kis/009240/2026.csv:202610021030,39100.0,39150.0,39000.0,39050.0,967
m15-kis/009240/2026.csv:202610021045,39050.0,39150.0,39050.0,39100.0,941
m15-kis/009240/2026.csv:202610021100,39100.0,39200.0,39000.0,39150.0,779
m15-kis/009240/2026.csv:202610021115,39150.0,39200.0,39000.0,39150.0,914
m15-kis/009240/2026.csv:202610021130,39150.0,39250.0,39150.0,39200.0,952
m15-kis/009240/2026.csv:202610021145,39250.0,39400.0,39200.0,39400.0,1280
m15-kis/009240/2026.csv:202610021200,39400.0,39400.0,39300.0,39300.0,1033
m15-kis/009240/2026.csv:202610021215,39300.0,39450.0,39300.0,39400.0,807
m15-kis/009240/2026.csv:202610021230,39400.0,39550.0,39300.0,39400.0,880
m15-kis/009240/2026.csv:202610021245,39400.0,39600.0,39400.0,39550.0,1329
m15-kis/009240/2026.csv:202610021300,39400.0,39600.0,39400.0,39550.0,452
m15-kis/009240/2026.csv:202610021315,39600.0,39750.0,39500.0,39500.0,1604
m15-kis/009240/2026.csv:202610021330,39500.0,39600.0,39500.0,39600.0,699
m15-kis/009240/2026.csv:202610021345,39600.0,39650.0,39550.0,39650.0,801
m15-kis/009240/2026.csv:202610021400,39650.0,39700.0,39500.0,39500.0,910
m15-kis/009240/2026.csv:202610021415,39500.0,39600.0,39500.0,39550.0,794
m15-kis/009240/2026.csv:202610021430,39550.0,39600.0,39500.0,39600.0,341
m15-kis/009240/2026.csv:202610021445,39600.0,39700.0,39600.0,39700.0,602
m15-kis/009240/2026.csv:202610021500,39700.0,39750.0,39700.0,39700.0,714
m15-kis/009240/2026.csv:202610021515,39700.0,39750.0,39700.0,39750.0,469
m15-kis/009420/2026.csv:202610020900,48300.0,48850.0,47250.0,47300.0,20545
m15-kis/009420/2026.csv:202610020915,47300.0,47300.0,46150.0,46400.0,30795
m15-kis/009420/2026.csv:202610020930,46400.0,46400.0,45650.0,45750.0,31897
m15-kis/009420/2026.csv:202610020945,45800.0,46100.0,45750.0,46100.0,16054
m15-kis/009420/2026.csv:202610021000,46050.0,46500.0,45700.0,46400.0,19473
m15-kis/009420/2026.csv:202610021015,46400.0,46850.0,46150.0,46150.0,9213
m15-kis/009420/2026.csv:202610021030,46150.0,46250.0,45600.0,45600.0,14878
m15-kis/009420/2026.csv:202610021045,45650.0,46000.0,45500.0,45800.0,7034
m15-kis/009420/2026.csv:202610021100,45800.0,46150.0,45750.0,46000.0,5695
m15-kis/009420/2026.csv:202610021115,46000.0,46200.0,46000.0,46200.0,4729
m15-kis/009420/2026.csv:202610021130,46200.0,46250.0,46050.0,46100.0,3519
m15-kis/009420/2026.csv:202610021145,46100.0,46400.0,46050.0,46350.0,4600
m15-kis/009420/2026.csv:202610021200,46250.0,46350.0,46100.0,46150.0,3188
m15-kis/009420/2026.csv:202610021215,46150.0,46300.0,46050.0,46100.0,4917
m15-kis/009420/2026.csv:202610021230,46100.0,46250.0,46100.0,46100.0,2556
m15-kis/009420/2026.csv:202610021245,46150.0,46150.0,46050.0,46050.0,3609
m15-kis/009420/2026.csv:202610021300,46100.0,46300.0,46050.0,46200.0,4070
m15-kis/009420/2026.csv:202610021315,46200.0,46250.0,46100.0,46150.0,2958
m15-kis/009420/2026.csv:202610021330,46100.0,46300.0,46050.0,46200.0,4873
m15-kis/009420/2026.csv:202610021345,46200.0,46300.0,46050.0,46250.0,5235
m15-kis/009420/2026.csv:202610021400,46250.0,46300.0,46150.0,46150.0,3524
m15-kis/009420/2026.csv:202610021415,46150.0,46300.0,46150.0,46150.0,2870
m15-kis/009420/2026.csv:202610021430,46150.0,46200.0,46000.0,46000.0,9817
m15-kis/009420/2026.csv:202610021445,46000.0,46100.0,45750.0,46050.0,14857
m15-kis/009420/2026.csv:202610021500,45950.0,46200.0,45925.0,46000.0,14432
m15-kis/009420/2026.csv:202610021515,46025.0,46200.0,45950.0,46100.0,5730
m15-kis/009450/2026.csv:202610020900,61400.0,61800.0,61400.0,61500.0,481
m15-kis/009450/2026.csv:202610020915,61500.0,61700.0,61400.0,61500.0,954
m15-kis/009450/2026.csv:202610020930,61600.0,61700.0,61500.0,61600.0,576
m15-kis/009450/2026.csv:202610020945,61600.0,61700.0,61200.0,61200.0,923
m15-kis/009450/2026.csv:202610021000,61200.0,61400.0,61100.0,61300.0,959
m15-kis/009450/2026.csv:202610021015,61400.0,61400.0,60900.0,61100.0,1480
m15-kis/009450/2026.csv:202610021030,61100.0,61200.0,60900.0,61100.0,1422
m15-kis/009450/2026.csv:202610021045,61100.0,61400.0,60800.0,61200.0,1074
m15-kis/009450/2026.csv:202610021100,61000.0,61200.0,60900.0,60900.0,953
m15-kis/009450/2026.csv:202610021115,61000.0,61100.0,60900.0,61100.0,996
m15-kis/009450/2026.csv:202610021130,61000.0,61100.0,60900.0,60900.0,726
m15-kis/009450/2026.csv:202610021145,61100.0,61100.0,60900.0,61100.0,786
m15-kis/009450/2026.csv:202610021200,61000.0,61100.0,61000.0,61100.0,782
m15-kis/009450/2026.csv:202610021215,61000.0,61100.0,60900.0,61000.0,1030
m15-kis/009450/2026.csv:202610021230,61000.0,61100.0,60900.0,61000.0,739
m15-kis/009450/2026.csv:202610021245,60900.0,61000.0,60900.0,60900.0,815
m15-kis/009450/2026.csv:202610021300,60900.0,61000.0,60700.0,60800.0,2259
m15-kis/009450/2026.csv:202610021315,60900.0,61000.0,60700.0,60800.0,954
m15-kis/009450/2026.csv:202610021330,60800.0,61000.0,60800.0,60900.0,787
m15-kis/009450/2026.csv:202610021345,60900.0,61000.0,60800.0,60900.0,800
m15-kis/009450/2026.csv:202610021400,60900.0,61300.0,60900.0,61000.0,1675
m15-kis/009450/2026.csv:202610021415,61100.0,61300.0,61000.0,61000.0,758
m15-kis/009450/2026.csv:202610021430,61100.0,61200.0,61000.0,61100.0,565
m15-kis/009450/2026.csv:202610021445,61000.0,61200.0,61000.0,61000.0,704
m15-kis/009450/2026.csv:202610021500,61000.0,61200.0,61000.0,61200.0,878
m15-kis/009450/2026.csv:202610021515,61200.0,61300.0,61000.0,61300.0,515
m15-kis/009520/2026.csv:202610020900,12660.0,12980.0,12660.0,12950.0,22798
m15-kis/009520/2026.csv:202610020915,12960.0,13060.0,12850.0,13040.0,23978
m15-kis/009520/2026.csv:202610020930,13050.0,13060.0,12970.0,13000.0,30382
m15-kis/009520/2026.csv:202610020945,13000.0,13090.0,12960.0,13000.0,25175
m15-kis/009520/2026.csv:202610021000,13000.0,13120.0,12880.0,13060.0,68000
m15-kis/009520/2026.csv:202610021015,13060.0,13060.0,12920.0,12970.0,18917
m15-kis/009520/2026.csv:202610021030,12980.0,12990.0,12840.0,12920.0,11350
m15-kis/009520/2026.csv:202610021045,12920.0,12940.0,12900.0,12920.0,3281
m15-kis/009520/2026.csv:202610021100,12910.0,13010.0,12910.0,12960.0,8923
m15-kis/009520/2026.csv:202610021115,12960.0,13000.0,12940.0,12960.0,4731
m15-kis/009520/2026.csv:202610021130,12960.0,13010.0,12940.0,13010.0,2942
m15-kis/009520/2026.csv:202610021145,13010.0,13050.0,12990.0,13020.0,5067
m15-kis/009520/2026.csv:202610021200,13020.0,13090.0,13000.0,13090.0,7408
m15-kis/009520/2026.csv:202610021215,13090.0,13090.0,13000.0,13010.0,7349
m15-kis/009520/2026.csv:202610021230,13000.0,13040.0,12990.0,13020.0,4824
m15-kis/009520/2026.csv:202610021245,13020.0,13050.0,12980.0,13040.0,5052
m15-kis/009520/2026.csv:202610021300,13050.0,13080.0,13000.0,13070.0,6366
m15-kis/009520/2026.csv:202610021315,13060.0,13110.0,13060.0,13100.0,8073
m15-kis/009520/2026.csv:202610021330,13100.0,13100.0,13080.0,13090.0,3808
m15-kis/009520/2026.csv:202610021345,13090.0,13170.0,13080.0,13160.0,8345
m15-kis/009520/2026.csv:202610021400,13160.0,13240.0,13110.0,13170.0,23289
m15-kis/009520/2026.csv:202610021415,13170.0,13190.0,13120.0,13140.0,2915
m15-kis/009520/2026.csv:202610021430,13130.0,13160.0,13120.0,13150.0,2499
m15-kis/009520/2026.csv:202610021445,13150.0,13190.0,13140.0,13190.0,5431
m15-kis/009520/2026.csv:202610021500,13190.0,13190.0,13140.0,13150.0,8340
m15-kis/009520/2026.csv:202610021515,13150.0,13160.0,13110.0,13120.0,7892
m15-kis/009540/2026.csv:202610020900,322500.0,324000.0,320500.0,320500.0,6454
m15-kis/009540/2026.csv:202610020915,321000.0,322000.0,317000.0,321500.0,11828
m15-kis/009540/2026.csv:202610020930,321500.0,324000.0,321000.0,323000.0,7827
m15-kis/009540/2026.csv:202610020945,322500.0,324000.0,321500.0,323500.0,2845
m15-kis/009540/2026.csv:202610021000,323000.0,324000.0,322000.0,324000.0,2406
m15-kis/009540/2026.csv:202610021015,323500.0,324000.0,322000.0,322500.0,3287
m15-kis/009540/2026.csv:202610021030,323000.0,323500.0,322000.0,322500.0,2818
m15-kis/009540/2026.csv:202610021045,322500.0,325500.0,322500.0,324000.0,4596
m15-kis/009540/2026.csv:202610021100,324500.0,326000.0,324000.0,325000.0,2133
m15-kis/009540/2026.csv:202610021115,325500.0,326000.0,324500.0,325500.0,2073
m15-kis/009540/2026.csv:202610021130,325500.0,326500.0,325000.0,325500.0,1916
m15-kis/009540/2026.csv:202610021145,325500.0,326000.0,324500.0,325000.0,1743
m15-kis/009540/2026.csv:202610021200,324500.0,325000.0,323500.0,324000.0,2718
m15-kis/009540/2026.csv:202610021215,324500.0,325000.0,323000.0,324500.0,2004
m15-kis/009540/2026.csv:202610021230,324000.0,324500.0,323000.0,324000.0,1340
m15-kis/009540/2026.csv:202610021245,324000.0,324000.0,323000.0,324000.0,1527
m15-kis/009540/2026.csv:202610021300,324000.0,324500.0,323500.0,324000.0,2793
m15-kis/009540/2026.csv:202610021315,324000.0,324000.0,323000.0,323000.0,2630
m15-kis/009540/2026.csv:202610021330,323500.0,324500.0,323000.0,324000.0,1730
m15-kis/009540/2026.csv:202610021345,324000.0,324500.0,323000.0,324000.0,3177
m15-kis/009540/2026.csv:202610021400,324500.0,324500.0,323500.0,324000.0,2335
m15-kis/009540/2026.csv:202610021415,324000.0,325000.0,324000.0,324500.0,1764
m15-kis/009540/2026.csv:202610021430,324500.0,325000.0,323500.0,324500.0,3837
m15-kis/009540/2026.csv:202610021445,324000.0,325500.0,324000.0,325500.0,3073
m15-kis/009540/2026.csv:202610021500,325500.0,326000.0,324500.0,325000.0,4093
m15-kis/009540/2026.csv:202610021515,325500.0,326000.0,325000.0,326000.0,10000
m15-kis/009830/2026.csv:202610020900,34100.0,35600.0,34100.0,35550.0,820730
m15-kis/009830/2026.csv:202610020915,35550.0,35800.0,35100.0,35650.0,665811
m15-kis/009830/2026.csv:202610020930,35650.0,36400.0,35600.0,36000.0,811835
m15-kis/009830/2026.csv:202610020945,36050.0,36250.0,35650.0,35850.0,392386
m15-kis/009830/2026.csv:202610021000,35900.0,36000.0,35400.0,35400.0,183408
m15-kis/009830/2026.csv:202610021015,35450.0,35750.0,35300.0,35400.0,145128
m15-kis/009830/2026.csv:202610021030,35450.0,35500.0,35200.0,35450.0,121429
m15-kis/009830/2026.csv:202610021045,35450.0,35850.0,35450.0,35750.0,151962
m15-kis/009830/2026.csv:202610021100,35750.0,35900.0,35650.0,35750.0,120129
m15-kis/009830/2026.csv:202610021115,35700.0,35900.0,35650.0,35750.0,100340
m15-kis/009830/2026.csv:202610021130,35700.0,35850.0,35650.0,35700.0,59919
m15-kis/009830/2026.csv:202610021145,35700.0,35850.0,35700.0,35800.0,58023
m15-kis/009830/2026.csv:202610021200,35800.0,35800.0,35650.0,35650.0,50822
m15-kis/009830/2026.csv:202610021215,35650.0,35750.0,35600.0,35750.0,62746
m15-kis/009830/2026.csv:202610021230,35700.0,35750.0,35550.0,35600.0,70147
m15-kis/009830/2026.csv:202610021245,35600.0,35650.0,35400.0,35550.0,70391
m15-kis/009830/2026.csv:202610021300,35550.0,35750.0,35450.0,35650.0,74136
m15-kis/009830/2026.csv:202610021315,35650.0,35850.0,35600.0,35750.0,79728
m15-kis/009830/2026.csv:202610021330,35800.0,35850.0,35700.0,35700.0,68533
m15-kis/009830/2026.csv:202610021345,35750.0,35800.0,35700.0,35750.0,66143
m15-kis/009830/2026.csv:202610021400,35750.0,35900.0,35650.0,35850.0,78535
m15-kis/009830/2026.csv:202610021415,35850.0,36000.0,35850.0,35950.0,116685
m15-kis/009830/2026.csv:202610021430,35950.0,36150.0,35900.0,36150.0,213985
m15-kis/009830/2026.csv:202610021445,36100.0,36400.0,36000.0,36250.0,341209
m15-kis/009830/2026.csv:202610021500,36250.0,36250.0,36000.0,36050.0,147904
m15-kis/009830/2026.csv:202610021515,36050.0,36100.0,36000.0,36100.0,111847
m15-kis/009970/2026.csv:202610020900,161300.0,163500.0,160800.0,160800.0,61
m15-kis/009970/2026.csv:202610020915,160800.0,162100.0,159600.0,160600.0,401
m15-kis/009970/2026.csv:202610020930,159600.0,160300.0,159600.0,159800.0,290
m15-kis/009970/2026.csv:202610020945,159900.0,160100.0,158200.0,159100.0,986
m15-kis/009970/2026.csv:202610021000,159100.0,159200.0,158500.0,159100.0,270
m15-kis/009970/2026.csv:202610021015,159200.0,159200.0,158300.0,158600.0,256
m15-kis/009970/2026.csv:202610021030,158700.0,172800.0,158600.0,159500.0,2539
m15-kis/009970/2026.csv:202610021045,159500.0,163000.0,159300.0,159900.0,693
m15-kis/009970/2026.csv:202610021100,159900.0,160600.0,159600.0,159800.0,304
m15-kis/009970/2026.csv:202610021115,160100.0,160700.0,159300.0,160700.0,192
m15-kis/009970/2026.csv:202610021130,160300.0,160800.0,159800.0,160800.0,108
m15-kis/009970/2026.csv:202610021145,160100.0,161200.0,160000.0,160000.0,129
m15-kis/009970/2026.csv:202610021200,160500.0,161200.0,159900.0,160300.0,101
m15-kis/009970/2026.csv:202610021215,160300.0,162100.0,160000.0,160100.0,137
m15-kis/009970/2026.csv:202610021230,160100.0,161100.0,160000.0,160200.0,61
m15-kis/009970/2026.csv:202610021245,160200.0,160700.0,159900.0,160500.0,96
m15-kis/009970/2026.csv:202610021300,160600.0,165000.0,160200.0,160900.0,375
m15-kis/009970/2026.csv:202610021315,160500.0,160900.0,159800.0,159900.0,171
m15-kis/009970/2026.csv:202610021330,160200.0,160900.0,159900.0,159900.0,121
m15-kis/009970/2026.csv:202610021345,160000.0,160800.0,159700.0,160800.0,171
m15-kis/009970/2026.csv:202610021400,160800.0,160900.0,159800.0,159900.0,83
m15-kis/009970/2026.csv:202610021415,159900.0,160900.0,159800.0,160600.0,121
m15-kis/009970/2026.csv:202610021430,160600.0,160800.0,159900.0,160600.0,98
m15-kis/009970/2026.csv:202610021445,160600.0,161200.0,160200.0,161200.0,194
m15-kis/009970/2026.csv:202610021500,161200.0,161300.0,160200.0,160600.0,267
m15-kis/009970/2026.csv:202610021515,160600.0,161200.0,160400.0,160900.0,325
m15-kis/010060/2026.csv:202610020900,220500.0,232000.0,220000.0,231500.0,37622
m15-kis/010060/2026.csv:202610020915,232000.0,235000.0,228000.0,231000.0,39150
m15-kis/010060/2026.csv:202610020930,231000.0,234500.0,230500.0,232500.0,23923
m15-kis/010060/2026.csv:202610020945,232500.0,233500.0,231000.0,233500.0,11240
m15-kis/010060/2026.csv:202610021000,233000.0,234000.0,230500.0,232500.0,16200
m15-kis/010060/2026.csv:202610021015,232500.0,233000.0,230000.0,231000.0,18222
m15-kis/010060/2026.csv:202610021030,231000.0,232000.0,229500.0,230500.0,20508
m15-kis/010060/2026.csv:202610021045,230000.0,236000.0,229000.0,235500.0,27850
m15-kis/010060/2026.csv:202610021100,235500.0,237000.0,235000.0,236000.0,21888
m15-kis/010060/2026.csv:202610021115,236000.0,236500.0,234000.0,234500.0,12556
m15-kis/010060/2026.csv:202610021130,235000.0,236000.0,234500.0,235500.0,6552
m15-kis/010060/2026.csv:202610021145,235500.0,236000.0,234500.0,234500.0,6416
m15-kis/010060/2026.csv:202610021200,235000.0,235000.0,233500.0,234500.0,6254
m15-kis/010060/2026.csv:202610021215,234500.0,235000.0,233500.0,234000.0,4861
m15-kis/010060/2026.csv:202610021230,234000.0,234500.0,233000.0,233500.0,4710
m15-kis/010060/2026.csv:202610021245,233500.0,235000.0,232500.0,235000.0,7201
m15-kis/010060/2026.csv:202610021300,235500.0,236000.0,233500.0,235000.0,7552
m15-kis/010060/2026.csv:202610021315,235000.0,239250.0,235000.0,238250.0,28528
m15-kis/010060/2026.csv:202610021330,238500.0,239500.0,238000.0,239000.0,12537
m15-kis/010060/2026.csv:202610021345,238500.0,239500.0,237000.0,237500.0,10185
m15-kis/010060/2026.csv:202610021400,237500.0,238500.0,236500.0,237500.0,9411
m15-kis/010060/2026.csv:202610021415,238000.0,238500.0,236250.0,237000.0,7181
m15-kis/010060/2026.csv:202610021430,237500.0,237500.0,236000.0,237000.0,7121
m15-kis/010060/2026.csv:202610021445,237250.0,238500.0,237000.0,237500.0,8706
m15-kis/010060/2026.csv:202610021500,238000.0,238500.0,236000.0,236500.0,11665
m15-kis/010060/2026.csv:202610021515,236500.0,236500.0,235500.0,236500.0,6331
m15-kis/010120/2026.csv:202610020900,207500.0,208000.0,205500.0,206500.0,18278
m15-kis/010120/2026.csv:202610020915,207000.0,209500.0,206000.0,207500.0,24734
m15-kis/010120/2026.csv:202610020930,207500.0,207500.0,206000.0,207000.0,11757
m15-kis/010120/2026.csv:202610020945,207000.0,209000.0,206500.0,208250.0,11090
m15-kis/010120/2026.csv:202610021000,208250.0,208500.0,207000.0,207500.0,12193
m15-kis/010120/2026.csv:202610021015,208000.0,208500.0,207000.0,208000.0,9097
m15-kis/010120/2026.csv:202610021030,207500.0,208000.0,206500.0,207500.0,9343
m15-kis/010120/2026.csv:202610021045,207500.0,208500.0,207000.0,207500.0,9812
m15-kis/010120/2026.csv:202610021100,207500.0,208500.0,207500.0,208500.0,7910
m15-kis/010120/2026.csv:202610021115,208500.0,209500.0,208000.0,209000.0,19906
m15-kis/010120/2026.csv:202610021130,209000.0,210000.0,209000.0,209500.0,13021
m15-kis/010120/2026.csv:202610021145,209500.0,210000.0,209000.0,209500.0,6711
m15-kis/010120/2026.csv:202610021200,209500.0,210500.0,209000.0,209000.0,12059
m15-kis/010120/2026.csv:202610021215,209000.0,209500.0,208500.0,208500.0,4929
m15-kis/010120/2026.csv:202610021230,208500.0,209000.0,208000.0,208500.0,4017
m15-kis/010120/2026.csv:202610021245,208500.0,208500.0,207000.0,207000.0,9551
m15-kis/010120/2026.csv:202610021300,207500.0,208500.0,207000.0,207500.0,5774
m15-kis/010120/2026.csv:202610021315,207500.0,208500.0,207500.0,208500.0,4040
m15-kis/010120/2026.csv:202610021330,208500.0,209000.0,208000.0,208000.0,4871
m15-kis/010120/2026.csv:202610021345,208500.0,209000.0,208000.0,208500.0,4889
m15-kis/010120/2026.csv:202610021400,209000.0,209500.0,208000.0,208500.0,8745
m15-kis/010120/2026.csv:202610021415,209000.0,209000.0,208000.0,208000.0,4177
m15-kis/010120/2026.csv:202610021430,208500.0,209000.0,208000.0,208500.0,7214
m15-kis/010120/2026.csv:202610021445,208500.0,209500.0,208500.0,209000.0,7615
m15-kis/010120/2026.csv:202610021500,209500.0,209500.0,209000.0,209500.0,7875
m15-kis/010120/2026.csv:202610021515,209500.0,209500.0,209000.0,209500.0,29810
m15-kis/010130/2026.csv:202610020900,1069000.0,1085000.0,1068000.0,1083000.0,830
m15-kis/010130/2026.csv:202610020915,1083000.0,1086000.0,1077000.0,1083000.0,541
m15-kis/010130/2026.csv:202610020930,1081000.0,1087000.0,1079000.0,1083000.0,485
m15-kis/010130/2026.csv:202610020945,1083000.0,1086000.0,1082000.0,1085000.0,338
m15-kis/010130/2026.csv:202610021000,1084000.0,1084000.0,1078000.0,1081000.0,327
m15-kis/010130/2026.csv:202610021015,1081000.0,1084000.0,1080000.0,1081000.0,281
m15-kis/010130/2026.csv:202610021030,1081000.0,1081000.0,1076000.0,1077000.0,350
m15-kis/010130/2026.csv:202610021045,1078000.0,1081000.0,1076000.0,1080000.0,151
m15-kis/010130/2026.csv:202610021100,1079000.0,1083000.0,1079000.0,1081000.0,177
m15-kis/010130/2026.csv:202610021115,1082000.0,1083000.0,1079000.0,1080000.0,165
m15-kis/010130/2026.csv:202610021130,1080000.0,1083000.0,1079500.0,1080000.0,216
m15-kis/010130/2026.csv:202610021145,1079500.0,1080000.0,1079000.0,1079000.0,49
m15-kis/010130/2026.csv:202610021200,1079000.0,1082000.0,1077000.0,1078000.0,271
m15-kis/010130/2026.csv:202610021215,1079000.0,1079000.0,1075000.0,1075000.0,112
m15-kis/010130/2026.csv:202610021230,1075000.0,1076000.0,1074000.0,1075000.0,114
m15-kis/010130/2026.csv:202610021245,1075000.0,1075000.0,1072000.0,1073000.0,279
m15-kis/010130/2026.csv:202610021300,1073000.0,1076000.0,1073000.0,1075000.0,185
m15-kis/010130/2026.csv:202610021315,1074000.0,1077000.0,1074000.0,1074000.0,133
m15-kis/010130/2026.csv:202610021330,1075000.0,1078000.0,1074000.0,1077000.0,124
m15-kis/010130/2026.csv:202610021345,1077000.0,1080000.0,1077000.0,1078000.0,197
m15-kis/010130/2026.csv:202610021400,1078500.0,1081000.0,1077000.0,1079000.0,256
m15-kis/010130/2026.csv:202610021415,1079000.0,1083000.0,1079000.0,1081000.0,376
m15-kis/010130/2026.csv:202610021430,1081000.0,1082000.0,1077000.0,1078000.0,637
m15-kis/010130/2026.csv:202610021445,1078000.0,1081000.0,1076000.0,1080000.0,988
m15-kis/010130/2026.csv:202610021500,1080000.0,1082000.0,1077000.0,1079000.0,789
m15-kis/010130/2026.csv:202610021515,1079000.0,1081000.0,1078000.0,1080000.0,425
m15-kis/010140/2026.csv:202610020900,19690.0,19770.0,19660.0,19710.0,131465
m15-kis/010140/2026.csv:202610020915,19720.0,19760.0,19640.0,19750.0,118076
m15-kis/010140/2026.csv:202610020930,19750.0,19820.0,19720.0,19790.0,79114
m15-kis/010140/2026.csv:202610020945,19790.0,19850.0,19750.0,19780.0,81464
m15-kis/010140/2026.csv:202610021000,19780.0,19790.0,19730.0,19780.0,45360
m15-kis/010140/2026.csv:202610021015,19780.0,19780.0,19700.0,19710.0,46860
m15-kis/010140/2026.csv:202610021030,19700.0,19710.0,19660.0,19680.0,52684
m15-kis/010140/2026.csv:202610021045,19680.0,19930.0,19680.0,19890.0,137055
m15-kis/010140/2026.csv:202610021100,19890.0,19980.0,19870.0,19930.0,123787
m15-kis/010140/2026.csv:202610021115,19930.0,19970.0,19880.0,19895.0,86674
m15-kis/010140/2026.csv:202610021130,19890.0,19950.0,19870.0,19940.0,50421
m15-kis/010140/2026.csv:202610021145,19940.0,19940.0,19870.0,19870.0,40655
m15-kis/010140/2026.csv:202610021200,19880.0,19900.0,19850.0,19860.0,44715
m15-kis/010140/2026.csv:202610021215,19860.0,19860.0,19780.0,19790.0,41404
m15-kis/010140/2026.csv:202610021230,19790.0,19810.0,19780.0,19810.0,23318
m15-kis/010140/2026.csv:202610021245,19810.0,19810.0,19780.0,19795.0,44932
m15-kis/010140/2026.csv:202610021300,19800.0,19820.0,19780.0,19780.0,33240
m15-kis/010140/2026.csv:202610021315,19790.0,19790.0,19770.0,19770.0,30019
m15-kis/010140/2026.csv:202610021330,19770.0,19810.0,19770.0,19790.0,40101
m15-kis/010140/2026.csv:202610021345,19790.0,19820.0,19780.0,19810.0,29900
m15-kis/010140/2026.csv:202610021400,19820.0,19860.0,19810.0,19810.0,69240
m15-kis/010140/2026.csv:202610021415,19810.0,19860.0,19810.0,19830.0,61867
m15-kis/010140/2026.csv:202610021430,19840.0,19850.0,19810.0,19830.0,59062
m15-kis/010140/2026.csv:202610021445,19830.0,19870.0,19830.0,19870.0,56006
m15-kis/010140/2026.csv:202610021500,19870.0,19900.0,19850.0,19890.0,84564
m15-kis/010140/2026.csv:202610021515,19890.0,19960.0,19880.0,19960.0,167455
m15-kis/010170/2026.csv:202610020900,17450.0,18280.0,17320.0,18080.0,4971858
m15-kis/010170/2026.csv:202610020915,18090.0,18100.0,17730.0,17730.0,2075881
m15-kis/010170/2026.csv:202610020930,17740.0,17960.0,17650.0,17870.0,1052139
m15-kis/010170/2026.csv:202610020945,17870.0,17990.0,17810.0,17950.0,595100
m15-kis/010170/2026.csv:202610021000,17960.0,17960.0,17760.0,17860.0,506099
m15-kis/010170/2026.csv:202610021015,17860.0,17930.0,17770.0,17770.0,334559
m15-kis/010170/2026.csv:202610021030,17780.0,17780.0,17580.0,17680.0,612924
m15-kis/010170/2026.csv:202610021045,17680.0,17850.0,17660.0,17780.0,312973
m15-kis/010170/2026.csv:202610021100,17780.0,17880.0,17770.0,17860.0,269978
m15-kis/010170/2026.csv:202610021115,17870.0,17950.0,17840.0,17880.0,397622
m15-kis/010170/2026.csv:202610021130,17890.0,17910.0,17800.0,17825.0,205163
m15-kis/010170/2026.csv:202610021145,17830.0,17850.0,17780.0,17830.0,130447
m15-kis/010170/2026.csv:202610021200,17820.0,17920.0,17810.0,17890.0,235549
m15-kis/010170/2026.csv:202610021215,17890.0,17890.0,17830.0,17840.0,121597
m15-kis/010170/2026.csv:202610021230,17840.0,17860.0,17790.0,17800.0,137527
m15-kis/010170/2026.csv:202610021245,17790.0,17800.0,17710.0,17720.0,220331
m15-kis/010170/2026.csv:202610021300,17720.0,17750.0,17630.0,17710.0,257913
m15-kis/010170/2026.csv:202610021315,17720.0,17840.0,17700.0,17740.0,194072
m15-kis/010170/2026.csv:202610021330,17750.0,17800.0,17720.0,17740.0,102278
m15-kis/010170/2026.csv:202610021345,17740.0,17790.0,17720.0,17780.0,101350
m15-kis/010170/2026.csv:202610021400,17780.0,17790.0,17730.0,17740.0,78807
m15-kis/010170/2026.csv:202610021415,17750.0,17750.0,17670.0,17670.0,137209
m15-kis/010170/2026.csv:202610021430,17680.0,17690.0,17630.0,17690.0,186496
m15-kis/010170/2026.csv:202610021445,17690.0,17820.0,17680.0,17770.0,239820
m15-kis/010170/2026.csv:202610021500,17780.0,17810.0,17720.0,17800.0,235373
m15-kis/010170/2026.csv:202610021515,17800.0,17800.0,17790.0,17800.0,194786
m15-kis/010780/2026.csv:202610020900,14900.0,14960.0,14700.0,14720.0,2144
m15-kis/010780/2026.csv:202610020915,14730.0,14730.0,14670.0,14690.0,4748
m15-kis/010780/2026.csv:202610020930,14690.0,14770.0,14690.0,14740.0,1516
m15-kis/010780/2026.csv:202610020945,14740.0,14740.0,14710.0,14720.0,1160
m15-kis/010780/2026.csv:202610021000,14710.0,14730.0,14670.0,14700.0,3601
m15-kis/010780/2026.csv:202610021015,14700.0,14710.0,14630.0,14640.0,3636
m15-kis/010780/2026.csv:202610021030,14640.0,14650.0,14620.0,14640.0,2196
m15-kis/010780/2026.csv:202610021045,14640.0,14640.0,14590.0,14600.0,4228
m15-kis/010780/2026.csv:202610021100,14600.0,14630.0,14600.0,14610.0,1789
m15-kis/010780/2026.csv:202610021115,14610.0,14630.0,14590.0,14610.0,4909
m15-kis/010780/2026.csv:202610021130,14610.0,14620.0,14600.0,14610.0,1695
m15-kis/010780/2026.csv:202610021145,14620.0,14620.0,14610.0,14620.0,1797
m15-kis/010780/2026.csv:202610021200,14630.0,14640.0,14620.0,14630.0,1618
m15-kis/010780/2026.csv:202610021215,14630.0,14650.0,14580.0,14590.0,5046
m15-kis/010780/2026.csv:202610021230,14590.0,14630.0,14580.0,14610.0,1890
m15-kis/010780/2026.csv:202610021245,14610.0,14620.0,14600.0,14610.0,1628
m15-kis/010780/2026.csv:202610021300,14600.0,14610.0,14580.0,14600.0,1814
m15-kis/010780/2026.csv:202610021315,14600.0,14630.0,14590.0,14620.0,2808
m15-kis/010780/2026.csv:202610021330,14620.0,14670.0,14610.0,14660.0,2244
m15-kis/010780/2026.csv:202610021345,14660.0,14660.0,14590.0,14600.0,6984
m15-kis/010780/2026.csv:202610021400,14600.0,14610.0,14590.0,14600.0,6336
m15-kis/010780/2026.csv:202610021415,14600.0,14610.0,14580.0,14580.0,4881
m15-kis/010780/2026.csv:202610021430,14590.0,14590.0,14560.0,14580.0,5934
m15-kis/010780/2026.csv:202610021445,14580.0,14590.0,14570.0,14580.0,5852
m15-kis/010780/2026.csv:202610021500,14590.0,14600.0,14570.0,14580.0,5694
m15-kis/010780/2026.csv:202610021515,14580.0,14600.0,14570.0,14580.0,4414
m15-kis/010950/2026.csv:202610020900,157700.0,161100.0,157000.0,159800.0,57531
m15-kis/010950/2026.csv:202610020915,159800.0,160900.0,157100.0,158500.0,25871
m15-kis/010950/2026.csv:202610020930,158400.0,159800.0,158300.0,159200.0,12479
m15-kis/010950/2026.csv:202610020945,159200.0,160400.0,158500.0,160100.0,23228
m15-kis/010950/2026.csv:202610021000,160100.0,160900.0,159000.0,160600.0,12870
m15-kis/010950/2026.csv:202610021015,160600.0,161200.0,159000.0,160000.0,17995
m15-kis/010950/2026.csv:202610021030,159900.0,162000.0,159700.0,161300.0,18148
m15-kis/010950/2026.csv:202610021045,161300.0,162400.0,161000.0,161800.0,12000
m15-kis/010950/2026.csv:202610021100,161900.0,163400.0,161800.0,163100.0,16083
m15-kis/010950/2026.csv:202610021115,163100.0,163500.0,162200.0,163200.0,12152
m15-kis/010950/2026.csv:202610021130,163200.0,163200.0,161500.0,162500.0,7531
m15-kis/010950/2026.csv:202610021145,162700.0,163200.0,162600.0,163200.0,5816
m15-kis/010950/2026.csv:202610021200,163100.0,163400.0,162700.0,163200.0,5916
m15-kis/010950/2026.csv:202610021215,163200.0,163500.0,163100.0,163400.0,5215
m15-kis/010950/2026.csv:202610021230,163400.0,164800.0,163400.0,164400.0,20511
m15-kis/010950/2026.csv:202610021245,164300.0,164400.0,163600.0,164300.0,8688
m15-kis/010950/2026.csv:202610021300,164400.0,164600.0,163300.0,164100.0,14745
m15-kis/010950/2026.csv:202610021315,164200.0,164900.0,163900.0,164700.0,14644
m15-kis/010950/2026.csv:202610021330,164800.0,164800.0,164400.0,164500.0,8756
m15-kis/010950/2026.csv:202610021345,164500.0,165000.0,164300.0,164900.0,23078
m15-kis/010950/2026.csv:202610021400,164900.0,165500.0,164600.0,165500.0,18600
m15-kis/010950/2026.csv:202610021415,165400.0,165500.0,164400.0,165200.0,14606
m15-kis/010950/2026.csv:202610021430,165200.0,165800.0,164900.0,165500.0,20051
m15-kis/010950/2026.csv:202610021445,165500.0,166600.0,165400.0,166500.0,23108
m15-kis/010950/2026.csv:202610021500,166600.0,166800.0,165600.0,166200.0,15032
m15-kis/010950/2026.csv:202610021515,166200.0,166300.0,166100.0,166200.0,20421
m15-kis/011070/2026.csv:202610020900,576000.0,578000.0,572000.0,572000.0,9894
m15-kis/011070/2026.csv:202610020915,573000.0,575000.0,571000.0,572000.0,6379
m15-kis/011070/2026.csv:202610020930,572000.0,572000.0,570000.0,571000.0,5497
m15-kis/011070/2026.csv:202610020945,571000.0,572000.0,566000.0,569000.0,10020
m15-kis/011070/2026.csv:202610021000,568000.0,569000.0,564000.0,565000.0,10086
m15-kis/011070/2026.csv:202610021015,566000.0,566500.0,560000.0,563000.0,12707
m15-kis/011070/2026.csv:202610021030,563000.0,564000.0,560000.0,561000.0,7703
m15-kis/011070/2026.csv:202610021045,560000.0,566000.0,560000.0,565000.0,6147
m15-kis/011070/2026.csv:202610021100,564000.0,567000.0,564000.0,564000.0,3544
m15-kis/011070/2026.csv:202610021115,565000.0,567000.0,564000.0,565000.0,2782
m15-kis/011070/2026.csv:202610021130,565000.0,566000.0,564000.0,565000.0,3717
m15-kis/011070/2026.csv:202610021145,565000.0,567000.0,564000.0,567000.0,3817
m15-kis/011070/2026.csv:202610021200,566500.0,568000.0,566000.0,566000.0,3749
m15-kis/011070/2026.csv:202610021215,566000.0,568000.0,566000.0,568000.0,2683
m15-kis/011070/2026.csv:202610021230,568000.0,570000.0,567000.0,567000.0,3796
m15-kis/011070/2026.csv:202610021245,567000.0,569000.0,566000.0,566000.0,4061
m15-kis/011070/2026.csv:202610021300,566000.0,568000.0,565000.0,566000.0,2482
m15-kis/011070/2026.csv:202610021315,565000.0,568000.0,565000.0,567000.0,3695
m15-kis/011070/2026.csv:202610021330,567000.0,568000.0,567000.0,567000.0,1555
m15-kis/011070/2026.csv:202610021345,567000.0,570000.0,567000.0,567000.0,5010
m15-kis/011070/2026.csv:202610021400,568000.0,571000.0,567000.0,569000.0,4490
m15-kis/011070/2026.csv:202610021415,570000.0,571000.0,568000.0,568000.0,4866
m15-kis/011070/2026.csv:202610021430,568000.0,570000.0,567000.0,570000.0,5485
m15-kis/011070/2026.csv:202610021445,570000.0,570000.0,569000.0,570000.0,1916
m15-kis/011070/2026.csv:202610021500,569000.0,574000.0,569000.0,573000.0,10778
m15-kis/011070/2026.csv:202610021515,574000.0,574000.0,572000.0,574000.0,11897
m15-kis/011170/2026.csv:202610020900,61600.0,62000.0,61200.0,61600.0,4846
m15-kis/011170/2026.csv:202610020915,61500.0,62000.0,61100.0,61800.0,3616
m15-kis/011170/2026.csv:202610020930,61800.0,61900.0,61400.0,61600.0,2255
m15-kis/011170/2026.csv:202610020945,61600.0,61900.0,61500.0,61600.0,1719
m15-kis/011170/2026.csv:202610021000,61600.0,61700.0,61200.0,61200.0,2000
m15-kis/011170/2026.csv:202610021015,61100.0,61100.0,59400.0,59600.0,15503
m15-kis/011170/2026.csv:202610021030,59700.0,59700.0,58800.0,58900.0,12448
m15-kis/011170/2026.csv:202610021045,59000.0,59800.0,58900.0,59600.0,5972
m15-kis/011170/2026.csv:202610021100,59600.0,59900.0,59500.0,59700.0,4120
m15-kis/011170/2026.csv:202610021115,59700.0,60100.0,59600.0,59700.0,5988
m15-kis/011170/2026.csv:202610021130,59700.0,59800.0,59500.0,59700.0,3067
m15-kis/011170/2026.csv:202610021145,59700.0,60000.0,59600.0,59800.0,4073
m15-kis/011170/2026.csv:202610021200,59800.0,60000.0,59700.0,59700.0,3139
m15-kis/011170/2026.csv:202610021215,59700.0,59800.0,59600.0,59700.0,3012
m15-kis/011170/2026.csv:202610021230,59700.0,60100.0,59600.0,59900.0,3880
m15-kis/011170/2026.csv:202610021245,59800.0,60100.0,59700.0,60000.0,3370
m15-kis/011170/2026.csv:202610021300,60000.0,60200.0,59800.0,60000.0,4490
m15-kis/011170/2026.csv:202610021315,60100.0,60200.0,59800.0,60100.0,6217
m15-kis/011170/2026.csv:202610021330,60100.0,60200.0,59800.0,59900.0,3092
m15-kis/011170/2026.csv:202610021345,59900.0,60300.0,59800.0,60200.0,4589
m15-kis/011170/2026.csv:202610021400,60200.0,60300.0,60000.0,60100.0,4006
m15-kis/011170/2026.csv:202610021415,60000.0,60200.0,59900.0,60000.0,3737
m15-kis/011170/2026.csv:202610021430,60000.0,60300.0,59900.0,60200.0,5183
m15-kis/011170/2026.csv:202610021445,60200.0,60500.0,60100.0,60400.0,5643
m15-kis/011170/2026.csv:202610021500,60400.0,61100.0,60300.0,61000.0,8864
m15-kis/011170/2026.csv:202610021515,61000.0,61200.0,60900.0,61000.0,3915
m15-kis/011200/2026.csv:202610020900,21250.0,21450.0,21200.0,21250.0,39289
m15-kis/011200/2026.csv:202610020915,21200.0,21300.0,21150.0,21200.0,29715
m15-kis/011200/2026.csv:202610020930,21200.0,21200.0,21100.0,21150.0,14361
m15-kis/011200/2026.csv:202610020945,21150.0,21200.0,21100.0,21150.0,25143
m15-kis/011200/2026.csv:202610021000,21150.0,21250.0,21100.0,21250.0,20366
m15-kis/011200/2026.csv:202610021015,21200.0,21250.0,21150.0,21150.0,17004
m15-kis/011200/2026.csv:202610021030,21150.0,21250.0,21150.0,21200.0,29002
m15-kis/011200/2026.csv:202610021045,21200.0,21350.0,21200.0,21350.0,39768
m15-kis/011200/2026.csv:202610021100,21350.0,21400.0,21250.0,21350.0,32818
m15-kis/011200/2026.csv:202610021115,21350.0,21400.0,21300.0,21400.0,33336
m15-kis/011200/2026.csv:202610021130,21400.0,21400.0,21300.0,21350.0,11984
m15-kis/011200/2026.csv:202610021145,21350.0,21400.0,21300.0,21350.0,22856
m15-kis/011200/2026.csv:202610021200,21350.0,21400.0,21250.0,21300.0,15567
m15-kis/011200/2026.csv:202610021215,21300.0,21350.0,21250.0,21300.0,9788
m15-kis/011200/2026.csv:202610021230,21300.0,21350.0,21250.0,21250.0,12511
m15-kis/011200/2026.csv:202610021245,21250.0,21400.0,21250.0,21300.0,34145
m15-kis/011200/2026.csv:202610021300,21300.0,21400.0,21300.0,21350.0,17840
m15-kis/011200/2026.csv:202610021315,21350.0,21400.0,21300.0,21300.0,14329
m15-kis/011200/2026.csv:202610021330,21300.0,21400.0,21300.0,21350.0,10609
m15-kis/011200/2026.csv:202610021345,21300.0,21350.0,21300.0,21300.0,9973
m15-kis/011200/2026.csv:202610021400,21300.0,21350.0,21300.0,21300.0,12812
m15-kis/011200/2026.csv:202610021415,21300.0,21350.0,21250.0,21300.0,19109
m15-kis/011200/2026.csv:202610021430,21250.0,21400.0,21250.0,21350.0,29064
m15-kis/011200/2026.csv:202610021445,21400.0,21500.0,21350.0,21475.0,89950
m15-kis/011200/2026.csv:202610021500,21475.0,21550.0,21450.0,21450.0,69819
m15-kis/011200/2026.csv:202610021515,21500.0,21550.0,21450.0,21500.0,84799
m15-kis/011780/2026.csv:202610020900,116600.0,117700.0,116500.0,117600.0,2479
m15-kis/011780/2026.csv:202610020915,117600.0,117900.0,116400.0,117000.0,1360
m15-kis/011780/2026.csv:202610020930,117000.0,117700.0,116800.0,117400.0,996
m15-kis/011780/2026.csv:202610020945,117400.0,117900.0,117200.0,117800.0,1136
m15-kis/011780/2026.csv:202610021000,117700.0,117700.0,117100.0,117300.0,649
m15-kis/011780/2026.csv:202610021015,117300.0,117300.0,116500.0,116500.0,1128
m15-kis/011780/2026.csv:202610021030,116500.0,116500.0,116100.0,116500.0,716
m15-kis/011780/2026.csv:202610021045,116500.0,117000.0,116400.0,116900.0,682
m15-kis/011780/2026.csv:202610021100,116800.0,116800.0,116500.0,116800.0,1216
m15-kis/011780/2026.csv:202610021115,116800.0,117000.0,116700.0,116900.0,716
m15-kis/011780/2026.csv:202610021130,116800.0,116900.0,116500.0,116800.0,1862
m15-kis/011780/2026.csv:202610021145,116700.0,116800.0,116400.0,116400.0,561
m15-kis/011780/2026.csv:202610021200,116500.0,116800.0,116400.0,116600.0,831
m15-kis/011780/2026.csv:202610021215,116600.0,116600.0,116200.0,116200.0,816
m15-kis/011780/2026.csv:202610021230,116200.0,116400.0,116100.0,116300.0,646
m15-kis/011780/2026.csv:202610021245,116300.0,116400.0,116200.0,116300.0,586
m15-kis/011780/2026.csv:202610021300,116300.0,116400.0,116200.0,116250.0,715
m15-kis/011780/2026.csv:202610021315,116250.0,116300.0,116200.0,116200.0,618
m15-kis/011780/2026.csv:202610021330,116200.0,116300.0,115700.0,115800.0,978
m15-kis/011780/2026.csv:202610021345,115900.0,116200.0,115800.0,116200.0,1134
m15-kis/011780/2026.csv:202610021400,116200.0,116600.0,116100.0,116400.0,1762
m15-kis/011780/2026.csv:202610021415,116300.0,116700.0,116300.0,116500.0,1207
m15-kis/011780/2026.csv:202610021430,116500.0,117000.0,116500.0,116800.0,1273
m15-kis/011780/2026.csv:202610021445,116800.0,117300.0,116700.0,117100.0,1467
m15-kis/011780/2026.csv:202610021500,117100.0,117300.0,116900.0,117100.0,1454
m15-kis/011780/2026.csv:202610021515,117000.0,117500.0,116900.0,117400.0,2295
m15-kis/011790/2026.csv:202610020900,104400.0,113800.0,104400.0,113000.0,149921
m15-kis/011790/2026.csv:202610020915,113000.0,113100.0,109600.0,110400.0,82058
m15-kis/011790/2026.csv:202610020930,110400.0,111300.0,109600.0,110200.0,45424
m15-kis/011790/2026.csv:202610020945,110100.0,110500.0,109000.0,109800.0,33533
m15-kis/011790/2026.csv:202610021000,109800.0,109800.0,108800.0,109200.0,19968
m15-kis/011790/2026.csv:202610021015,109200.0,109600.0,107500.0,107500.0,21788
m15-kis/011790/2026.csv:202610021030,107500.0,107500.0,106500.0,106900.0,21684
m15-kis/011790/2026.csv:202610021045,106900.0,107100.0,106000.0,106900.0,20950
m15-kis/011790/2026.csv:202610021100,107000.0,107000.0,106200.0,106500.0,13438
m15-kis/011790/2026.csv:202610021115,106500.0,107000.0,105800.0,105800.0,13156
m15-kis/011790/2026.csv:202610021130,105900.0,105900.0,104800.0,105100.0,16526
m15-kis/011790/2026.csv:202610021145,105200.0,105800.0,104800.0,105200.0,10393
m15-kis/011790/2026.csv:202610021200,105200.0,105400.0,104700.0,105200.0,9699
m15-kis/011790/2026.csv:202610021215,105100.0,105400.0,104700.0,105300.0,7199
m15-kis/011790/2026.csv:202610021230,105200.0,105600.0,104600.0,104700.0,7059
m15-kis/011790/2026.csv:202610021245,104700.0,105100.0,104200.0,104950.0,8521
m15-kis/011790/2026.csv:202610021300,105000.0,105100.0,104300.0,104400.0,9015
m15-kis/011790/2026.csv:202610021315,104400.0,104800.0,104000.0,104700.0,8241
m15-kis/011790/2026.csv:202610021330,104700.0,105100.0,104500.0,104600.0,6027
m15-kis/011790/2026.csv:202610021345,104600.0,104800.0,104300.0,104800.0,5437
m15-kis/011790/2026.csv:202610021400,104900.0,105600.0,104500.0,105300.0,6890
m15-kis/011790/2026.csv:202610021415,105300.0,105400.0,104700.0,104800.0,4353
m15-kis/011790/2026.csv:202610021430,104700.0,104900.0,104400.0,104800.0,6094
m15-kis/011790/2026.csv:202610021445,104900.0,105900.0,104700.0,105800.0,25307
m15-kis/011790/2026.csv:202610021500,105800.0,106000.0,104800.0,106000.0,30805
m15-kis/011790/2026.csv:202610021515,106000.0,107300.0,105800.0,106500.0,31574
m15-kis/012330/2026.csv:202610020900,376000.0,384000.0,376000.0,382500.0,15837
m15-kis/012330/2026.csv:202610020915,382000.0,383500.0,380000.0,380000.0,7496
m15-kis/012330/2026.csv:202610020930,380000.0,384000.0,380000.0,383000.0,7621
m15-kis/012330/2026.csv:202610020945,383000.0,384500.0,383000.0,383500.0,5753
m15-kis/012330/2026.csv:202610021000,383500.0,384000.0,380500.0,381500.0,5934
m15-kis/012330/2026.csv:202610021015,382000.0,382000.0,378500.0,380000.0,6564
m15-kis/012330/2026.csv:202610021030,380000.0,380500.0,377500.0,378000.0,5050
m15-kis/012330/2026.csv:202610021045,378500.0,380500.0,378000.0,380000.0,3846
m15-kis/012330/2026.csv:202610021100,379500.0,380500.0,379000.0,380250.0,4040
m15-kis/012330/2026.csv:202610021115,380250.0,382000.0,380000.0,380000.0,3462
m15-kis/012330/2026.csv:202610021130,380000.0,381000.0,380000.0,380500.0,2489
m15-kis/012330/2026.csv:202610021145,380500.0,382000.0,380500.0,382000.0,2244
m15-kis/012330/2026.csv:202610021200,382000.0,382000.0,381000.0,382000.0,2530
m15-kis/012330/2026.csv:202610021215,382000.0,382000.0,380500.0,381000.0,2415
m15-kis/012330/2026.csv:202610021230,381000.0,382000.0,380500.0,381000.0,2373
m15-kis/012330/2026.csv:202610021245,381000.0,381500.0,380000.0,380500.0,2817
m15-kis/012330/2026.csv:202610021300,381500.0,381500.0,380000.0,380500.0,2966
m15-kis/012330/2026.csv:202610021315,381000.0,381500.0,380000.0,381000.0,2661
m15-kis/012330/2026.csv:202610021330,381000.0,381500.0,380000.0,380500.0,2782
m15-kis/012330/2026.csv:202610021345,381000.0,383000.0,380000.0,382500.0,5210
m15-kis/012330/2026.csv:202610021400,382500.0,383000.0,381000.0,382250.0,4414
m15-kis/012330/2026.csv:202610021415,382000.0,383500.0,381500.0,382500.0,4996
m15-kis/012330/2026.csv:202610021430,383000.0,383500.0,381500.0,382500.0,6500
m15-kis/012330/2026.csv:202610021445,383000.0,384000.0,382500.0,383500.0,10749
m15-kis/012330/2026.csv:202610021500,383500.0,384500.0,382500.0,383500.0,8556
m15-kis/012330/2026.csv:202610021515,384000.0,384000.0,382500.0,383500.0,19291
m15-kis/012450/2026.csv:202610020900,1041000.0,1044000.0,1025000.0,1031000.0,4667
m15-kis/012450/2026.csv:202610020915,1032000.0,1035000.0,1026000.0,1034000.0,3214
m15-kis/012450/2026.csv:202610020930,1035000.0,1044000.0,1031000.0,1040000.0,3184
m15-kis/012450/2026.csv:202610020945,1040000.0,1042000.0,1036000.0,1038000.0,2314
m15-kis/012450/2026.csv:202610021000,1038000.0,1041000.0,1034000.0,1038000.0,2178
m15-kis/012450/2026.csv:202610021015,1038000.0,1041000.0,1035000.0,1039000.0,1782
m15-kis/012450/2026.csv:202610021030,1040000.0,1047000.0,1037000.0,1046000.0,3998
m15-kis/012450/2026.csv:202610021045,1047000.0,1058000.0,1046000.0,1056000.0,6165
m15-kis/012450/2026.csv:202610021100,1055000.0,1063000.0,1053000.0,1055000.0,5711
m15-kis/012450/2026.csv:202610021115,1055000.0,1055000.0,1051000.0,1055000.0,2282
m15-kis/012450/2026.csv:202610021130,1055000.0,1059000.0,1053000.0,1058000.0,2386
m15-kis/012450/2026.csv:202610021145,1058000.0,1059000.0,1054000.0,1055000.0,1594
m15-kis/012450/2026.csv:202610021200,1055000.0,1056000.0,1051000.0,1055000.0,1902
m15-kis/012450/2026.csv:202610021215,1055000.0,1055000.0,1050000.0,1051000.0,1644
m15-kis/012450/2026.csv:202610021230,1051000.0,1054000.0,1050000.0,1053000.0,1336
m15-kis/012450/2026.csv:202610021245,1053000.0,1053000.0,1050000.0,1053000.0,1878
m15-kis/012450/2026.csv:202610021300,1053000.0,1057000.0,1051000.0,1054000.0,2239
m15-kis/012450/2026.csv:202610021315,1054000.0,1054000.0,1052000.0,1054000.0,1702
m15-kis/012450/2026.csv:202610021330,1053000.0,1054000.0,1053000.0,1054000.0,1448
m15-kis/012450/2026.csv:202610021345,1054000.0,1055000.0,1051000.0,1052000.0,2956
m15-kis/012450/2026.csv:202610021400,1053000.0,1058000.0,1052000.0,1058000.0,3220
m15-kis/012450/2026.csv:202610021415,1058000.0,1060000.0,1054000.0,1056000.0,3168
m15-kis/012450/2026.csv:202610021430,1056000.0,1063000.0,1054000.0,1062000.0,6499
m15-kis/012450/2026.csv:202610021445,1062000.0,1078000.0,1061000.0,1075000.0,10854
m15-kis/012450/2026.csv:202610021500,1076000.0,1079000.0,1071000.0,1074000.0,8223
m15-kis/012450/2026.csv:202610021515,1075000.0,1075000.0,1071000.0,1072000.0,14707
m15-kis/012630/2026.csv:202610020900,24650.0,24750.0,24450.0,24450.0,786
m15-kis/012630/2026.csv:202610020915,24400.0,24500.0,24000.0,24050.0,30395
m15-kis/012630/2026.csv:202610020930,24050.0,24300.0,23950.0,24000.0,13661
m15-kis/012630/2026.csv:202610020945,23950.0,24000.0,23850.0,23950.0,2810
m15-kis/012630/2026.csv:202610021000,23900.0,24000.0,23850.0,23950.0,1862
m15-kis/012630/2026.csv:202610021015,23950.0,24000.0,23650.0,23800.0,7159
m15-kis/012630/2026.csv:202610021030,23750.0,23800.0,23700.0,23800.0,1677
m15-kis/012630/2026.csv:202610021045,23800.0,23900.0,23750.0,23800.0,1589
m15-kis/012630/2026.csv:202610021100,23800.0,23900.0,23750.0,23800.0,1532
m15-kis/012630/2026.csv:202610021115,23850.0,23950.0,23750.0,23850.0,1899
m15-kis/012630/2026.csv:202610021130,23850.0,23950.0,23800.0,23900.0,2556
m15-kis/012630/2026.csv:202610021145,23950.0,23950.0,23800.0,23900.0,1982
m15-kis/012630/2026.csv:202610021200,23900.0,23900.0,23750.0,23850.0,1393
m15-kis/012630/2026.csv:202610021215,23800.0,23850.0,23700.0,23700.0,1388
m15-kis/012630/2026.csv:202610021230,23750.0,23800.0,23700.0,23750.0,1280
m15-kis/012630/2026.csv:202610021245,23750.0,23800.0,23700.0,23700.0,2064
m15-kis/012630/2026.csv:202610021300,23700.0,23800.0,23650.0,23700.0,2324
m15-kis/012630/2026.csv:202610021315,23700.0,23800.0,23700.0,23700.0,1639
m15-kis/012630/2026.csv:202610021330,23700.0,23800.0,23450.0,23750.0,4199
m15-kis/012630/2026.csv:202610021345,23500.0,23650.0,23450.0,23500.0,5776
m15-kis/012630/2026.csv:202610021400,23500.0,23600.0,23400.0,23500.0,5168
m15-kis/012630/2026.csv:202610021415,23600.0,23600.0,23400.0,23450.0,4513
m15-kis/012630/2026.csv:202610021430,23400.0,23600.0,23350.0,23450.0,10239
m15-kis/012630/2026.csv:202610021445,23450.0,23550.0,23350.0,23500.0,7688
m15-kis/012630/2026.csv:202610021500,23450.0,23600.0,23450.0,23600.0,2463
m15-kis/012630/2026.csv:202610021515,23600.0,23650.0,23500.0,23500.0,1843
m15-kis/012750/2026.csv:202610020900,82800.0,83700.0,82500.0,82700.0,2301
m15-kis/012750/2026.csv:202610020915,82700.0,83000.0,82200.0,82500.0,1071
m15-kis/012750/2026.csv:202610020930,82400.0,83000.0,82300.0,82700.0,1828
m15-kis/012750/2026.csv:202610020945,82700.0,82800.0,82500.0,82600.0,1031
m15-kis/012750/2026.csv:202610021000,82600.0,82900.0,82400.0,82800.0,2012
m15-kis/012750/2026.csv:202610021015,82800.0,82800.0,82600.0,82700.0,513
m15-kis/012750/2026.csv:202610021030,82700.0,82800.0,82600.0,82800.0,1078
m15-kis/012750/2026.csv:202610021045,82800.0,83500.0,82600.0,82800.0,1779
m15-kis/012750/2026.csv:202610021100,82800.0,83100.0,82700.0,83000.0,653
m15-kis/012750/2026.csv:202610021115,83000.0,83100.0,82500.0,82900.0,1053
m15-kis/012750/2026.csv:202610021130,82900.0,83300.0,82700.0,82900.0,768
m15-kis/012750/2026.csv:202610021145,83000.0,83000.0,82700.0,82800.0,1011
m15-kis/012750/2026.csv:202610021200,82900.0,83300.0,82800.0,83200.0,722
m15-kis/012750/2026.csv:202610021215,83000.0,83500.0,82600.0,82700.0,3220
m15-kis/012750/2026.csv:202610021230,82800.0,82900.0,82600.0,82800.0,1314
m15-kis/012750/2026.csv:202610021245,82800.0,83600.0,82700.0,83200.0,3421
m15-kis/012750/2026.csv:202610021300,83100.0,83200.0,82900.0,83100.0,1259
m15-kis/012750/2026.csv:202610021315,83200.0,83200.0,82700.0,82700.0,1007
m15-kis/012750/2026.csv:202610021330,82900.0,83300.0,82800.0,83100.0,683
m15-kis/012750/2026.csv:202610021345,83000.0,83300.0,82800.0,83300.0,1004
m15-kis/012750/2026.csv:202610021400,83200.0,83200.0,82900.0,82900.0,627
m15-kis/012750/2026.csv:202610021415,82900.0,83100.0,82800.0,82900.0,764
m15-kis/012750/2026.csv:202610021430,82900.0,83300.0,82700.0,83000.0,1213
m15-kis/012750/2026.csv:202610021445,83000.0,83300.0,82900.0,83000.0,1075
m15-kis/012750/2026.csv:202610021500,83000.0,83300.0,82800.0,82900.0,1411
m15-kis/012750/2026.csv:202610021515,82900.0,83100.0,82800.0,83100.0,1994
m15-kis/014620/2026.csv:202610020900,30700.0,30900.0,30450.0,30550.0,10177
m15-kis/014620/2026.csv:202610020915,30550.0,30750.0,30500.0,30700.0,5142
m15-kis/014620/2026.csv:202610020930,30700.0,30850.0,30550.0,30850.0,5241
m15-kis/014620/2026.csv:202610020945,30850.0,30850.0,30650.0,30700.0,4176
m15-kis/014620/2026.csv:202610021000,30700.0,30700.0,30450.0,30500.0,4756
m15-kis/014620/2026.csv:202610021015,30550.0,30550.0,30350.0,30500.0,7814
m15-kis/014620/2026.csv:202610021030,30450.0,30500.0,30350.0,30450.0,2797
m15-kis/014620/2026.csv:202610021045,30450.0,30600.0,30450.0,30600.0,1520
m15-kis/014620/2026.csv:202610021100,30600.0,30650.0,30500.0,30550.0,2134
m15-kis/014620/2026.csv:202610021115,30500.0,30650.0,30500.0,30600.0,2324
m15-kis/014620/2026.csv:202610021130,30600.0,30700.0,30550.0,30650.0,2013
m15-kis/014620/2026.csv:202610021145,30650.0,30750.0,30550.0,30700.0,2015
m15-kis/014620/2026.csv:202610021200,30650.0,30750.0,30650.0,30650.0,1635
m15-kis/014620/2026.csv:202610021215,30600.0,30700.0,30550.0,30600.0,1342
m15-kis/014620/2026.csv:202610021230,30600.0,30600.0,30550.0,30550.0,1467
m15-kis/014620/2026.csv:202610021245,30550.0,30600.0,30450.0,30550.0,3436
m15-kis/014620/2026.csv:202610021300,30550.0,30550.0,30450.0,30450.0,2128
m15-kis/014620/2026.csv:202610021315,30500.0,30550.0,30450.0,30500.0,1768
m15-kis/014620/2026.csv:202610021330,30500.0,30550.0,30450.0,30500.0,2305
m15-kis/014620/2026.csv:202610021345,30500.0,30550.0,30400.0,30500.0,2604
m15-kis/014620/2026.csv:202610021400,30500.0,30600.0,30450.0,30450.0,1758
m15-kis/014620/2026.csv:202610021415,30500.0,30500.0,30350.0,30350.0,3493
m15-kis/014620/2026.csv:202610021430,30400.0,30400.0,30300.0,30400.0,11444
m15-kis/014620/2026.csv:202610021445,30400.0,30550.0,30350.0,30450.0,5698
m15-kis/014620/2026.csv:202610021500,30450.0,30600.0,30450.0,30550.0,2934
m15-kis/014620/2026.csv:202610021515,30550.0,30600.0,30400.0,30450.0,5099
m15-kis/014680/2026.csv:202610020900,278500.0,284000.0,277500.0,279500.0,3266
m15-kis/014680/2026.csv:202610020915,279500.0,279500.0,276000.0,277500.0,1179
m15-kis/014680/2026.csv:202610020930,278000.0,278000.0,273500.0,274000.0,1826
m15-kis/014680/2026.csv:202610020945,274000.0,279500.0,273500.0,279500.0,2369
m15-kis/014680/2026.csv:202610021000,279000.0,279000.0,273000.0,274500.0,2186
m15-kis/014680/2026.csv:202610021015,275000.0,277000.0,272500.0,273500.0,1451
m15-kis/014680/2026.csv:202610021030,274000.0,274000.0,270500.0,271500.0,3351
m15-kis/014680/2026.csv:202610021045,272000.0,281500.0,272000.0,278500.0,4657
m15-kis/014680/2026.csv:202610021100,278500.0,278500.0,276500.0,278000.0,1885
m15-kis/014680/2026.csv:202610021115,278000.0,279500.0,276500.0,277000.0,1860
m15-kis/014680/2026.csv:202610021130,277000.0,278000.0,274500.0,275000.0,1896
m15-kis/014680/2026.csv:202610021145,274500.0,276000.0,274000.0,275500.0,1536
m15-kis/014680/2026.csv:202610021200,275000.0,275500.0,273500.0,274000.0,2064
m15-kis/014680/2026.csv:202610021215,274000.0,275000.0,273000.0,274000.0,1697
m15-kis/014680/2026.csv:202610021230,273500.0,275000.0,272000.0,274000.0,2016
m15-kis/014680/2026.csv:202610021245,274000.0,274000.0,272000.0,273000.0,1904
m15-kis/014680/2026.csv:202610021300,273500.0,273500.0,269000.0,271000.0,3659
m15-kis/014680/2026.csv:202610021315,270500.0,272500.0,270000.0,272000.0,2600
m15-kis/014680/2026.csv:202610021330,272000.0,272000.0,270000.0,270500.0,2972
m15-kis/014680/2026.csv:202610021345,271500.0,273500.0,270500.0,273500.0,3321
m15-kis/014680/2026.csv:202610021400,273500.0,274500.0,273500.0,273500.0,2848
m15-kis/014680/2026.csv:202610021415,273500.0,273500.0,270500.0,272500.0,3029
m15-kis/014680/2026.csv:202610021430,273000.0,273500.0,271000.0,273000.0,2814
m15-kis/014680/2026.csv:202610021445,272500.0,275000.0,272500.0,272500.0,4677
m15-kis/014680/2026.csv:202610021500,272500.0,273500.0,272000.0,273000.0,2938
m15-kis/014680/2026.csv:202610021515,273500.0,276000.0,272500.0,274000.0,2953
m15-kis/015760/2026.csv:202610020900,30100.0,30150.0,29950.0,29950.0,37253
m15-kis/015760/2026.csv:202610020915,30000.0,30025.0,29950.0,30000.0,14795
m15-kis/015760/2026.csv:202610020930,29950.0,30000.0,29950.0,30000.0,8637
m15-kis/015760/2026.csv:202610020945,30000.0,30000.0,29900.0,29950.0,55727
m15-kis/015760/2026.csv:202610021000,29950.0,30000.0,29900.0,29925.0,24365
m15-kis/015760/2026.csv:202610021015,29925.0,30000.0,29900.0,29900.0,19744
m15-kis/015760/2026.csv:202610021030,29950.0,29950.0,29850.0,29900.0,41620
m15-kis/015760/2026.csv:202610021045,29950.0,29950.0,29850.0,29900.0,18380
m15-kis/015760/2026.csv:202610021100,29900.0,29950.0,29900.0,29900.0,9976
m15-kis/015760/2026.csv:202610021115,29900.0,30000.0,29900.0,29900.0,14858
m15-kis/015760/2026.csv:202610021130,29900.0,29950.0,29900.0,29900.0,12288
m15-kis/015760/2026.csv:202610021145,29900.0,30000.0,29900.0,29900.0,14812
m15-kis/015760/2026.csv:202610021200,29950.0,30000.0,29900.0,29900.0,14135
m15-kis/015760/2026.csv:202610021215,29900.0,29950.0,29900.0,29900.0,18152
m15-kis/015760/2026.csv:202610021230,29900.0,29950.0,29850.0,29850.0,23104
m15-kis/015760/2026.csv:202610021245,29875.0,29900.0,29800.0,29850.0,68499
m15-kis/015760/2026.csv:202610021300,29850.0,29900.0,29850.0,29850.0,18308
m15-kis/015760/2026.csv:202610021315,29900.0,29900.0,29850.0,29850.0,12059
m15-kis/015760/2026.csv:202610021330,29850.0,29900.0,29850.0,29850.0,23756
m15-kis/015760/2026.csv:202610021345,29850.0,29900.0,29850.0,29850.0,32695
m15-kis/015760/2026.csv:202610021400,29850.0,29950.0,29850.0,29900.0,18795
m15-kis/015760/2026.csv:202610021415,29900.0,29950.0,29900.0,29900.0,13215
m15-kis/015760/2026.csv:202610021430,29900.0,29950.0,29900.0,29900.0,15360
m15-kis/015760/2026.csv:202610021445,29900.0,29950.0,29900.0,29950.0,25016
m15-kis/015760/2026.csv:202610021500,29900.0,30050.0,29900.0,30000.0,22420
m15-kis/015760/2026.csv:202610021515,30050.0,30050.0,30000.0,30050.0,36706
m15-kis/016360/2026.csv:202610020900,89400.0,91000.0,89100.0,90900.0,16158
m15-kis/016360/2026.csv:202610020915,91000.0,91000.0,90400.0,90600.0,6849
m15-kis/016360/2026.csv:202610020930,90600.0,90700.0,90100.0,90300.0,7176
m15-kis/016360/2026.csv:202610020945,90300.0,90500.0,90100.0,90400.0,5309
m15-kis/016360/2026.csv:202610021000,90300.0,90400.0,90000.0,90200.0,4894
m15-kis/016360/2026.csv:202610021015,90200.0,90200.0,89400.0,89600.0,10748
m15-kis/016360/2026.csv:202610021030,89600.0,90000.0,89500.0,89900.0,4576
m15-kis/016360/2026.csv:202610021045,89900.0,90200.0,89700.0,89800.0,5480
m15-kis/016360/2026.csv:202610021100,89900.0,90000.0,89700.0,89900.0,3433
m15-kis/016360/2026.csv:202610021115,89900.0,90000.0,89700.0,89900.0,4044
m15-kis/016360/2026.csv:202610021130,89900.0,90000.0,89800.0,89800.0,4026
m15-kis/016360/2026.csv:202610021145,89900.0,90000.0,89800.0,89900.0,2732
m15-kis/016360/2026.csv:202610021200,89900.0,90200.0,89700.0,89900.0,3549
m15-kis/016360/2026.csv:202610021215,90000.0,90000.0,89900.0,90000.0,2294
m15-kis/016360/2026.csv:202610021230,90000.0,90000.0,89700.0,89800.0,4009
m15-kis/016360/2026.csv:202610021245,89700.0,89800.0,89400.0,89600.0,11833
m15-kis/016360/2026.csv:202610021300,89600.0,89900.0,89500.0,89600.0,4974
m15-kis/016360/2026.csv:202610021315,89600.0,89800.0,89500.0,89700.0,3750
m15-kis/016360/2026.csv:202610021330,89800.0,90000.0,89700.0,89800.0,5453
m15-kis/016360/2026.csv:202610021345,89700.0,90100.0,89700.0,90100.0,5727
m15-kis/016360/2026.csv:202610021400,90200.0,90300.0,89800.0,90000.0,7924
m15-kis/016360/2026.csv:202610021415,90000.0,90200.0,89800.0,89900.0,6284
m15-kis/016360/2026.csv:202610021430,89900.0,90200.0,89800.0,90000.0,8254
m15-kis/016360/2026.csv:202610021445,90000.0,90300.0,89900.0,90300.0,8471
m15-kis/016360/2026.csv:202610021500,90300.0,90300.0,90000.0,90200.0,7632
m15-kis/016360/2026.csv:202610021515,90100.0,90400.0,90000.0,90400.0,14688
m15-kis/016380/2026.csv:202610020900,5570.0,5620.0,5560.0,5600.0,43938
m15-kis/016380/2026.csv:202610020915,5590.0,5650.0,5590.0,5630.0,30983
m15-kis/016380/2026.csv:202610020930,5620.0,5660.0,5610.0,5640.0,15818
m15-kis/016380/2026.csv:202610020945,5650.0,5670.0,5640.0,5660.0,12437
m15-kis/016380/2026.csv:202610021000,5660.0,5710.0,5650.0,5690.0,22722
m15-kis/016380/2026.csv:202610021015,5690.0,5700.0,5650.0,5650.0,12414
m15-kis/016380/2026.csv:202610021030,5650.0,5690.0,5630.0,5630.0,14311
m15-kis/016380/2026.csv:202610021045,5640.0,5670.0,5630.0,5650.0,6989
m15-kis/016380/2026.csv:202610021100,5650.0,5680.0,5650.0,5670.0,4058
m15-kis/016380/2026.csv:202610021115,5670.0,5670.0,5640.0,5640.0,4104
m15-kis/016380/2026.csv:202610021130,5640.0,5670.0,5640.0,5640.0,7260
m15-kis/016380/2026.csv:202610021145,5640.0,5660.0,5630.0,5660.0,5117
m15-kis/016380/2026.csv:202610021200,5650.0,5660.0,5620.0,5630.0,6896
m15-kis/016380/2026.csv:202610021215,5620.0,5660.0,5620.0,5640.0,3669
m15-kis/016380/2026.csv:202610021230,5620.0,5650.0,5610.0,5620.0,12570
m15-kis/016380/2026.csv:202610021245,5640.0,5645.0,5560.0,5630.0,25601
m15-kis/016380/2026.csv:202610021300,5630.0,5670.0,5620.0,5660.0,11364
m15-kis/016380/2026.csv:202610021315,5660.0,5700.0,5630.0,5660.0,25335
m15-kis/016380/2026.csv:202610021330,5660.0,5710.0,5650.0,5690.0,19301
m15-kis/016380/2026.csv:202610021345,5700.0,5710.0,5680.0,5710.0,16110
m15-kis/016380/2026.csv:202610021400,5700.0,5720.0,5690.0,5690.0,14990
m15-kis/016380/2026.csv:202610021415,5710.0,5740.0,5700.0,5710.0,35430
m15-kis/016380/2026.csv:202610021430,5710.0,5740.0,5700.0,5730.0,15146
m15-kis/016380/2026.csv:202610021445,5730.0,5740.0,5710.0,5730.0,11738
m15-kis/016380/2026.csv:202610021500,5740.0,5740.0,5710.0,5730.0,24081
m15-kis/016380/2026.csv:202610021515,5730.0,5750.0,5720.0,5750.0,15687
m15-kis/017670/2026.csv:202610020900,88000.0,89600.0,87900.0,88600.0,103936
m15-kis/017670/2026.csv:202610020915,88600.0,89300.0,88600.0,88700.0,48923
m15-kis/017670/2026.csv:202610020930,88700.0,88800.0,88000.0,88600.0,27893
m15-kis/017670/2026.csv:202610020945,88600.0,89100.0,88500.0,88800.0,35341
m15-kis/017670/2026.csv:202610021000,88800.0,88900.0,88500.0,88700.0,26962
m15-kis/017670/2026.csv:202610021015,88700.0,88900.0,88000.0,88500.0,32167
m15-kis/017670/2026.csv:202610021030,88500.0,88500.0,88000.0,88000.0,16867
m15-kis/017670/2026.csv:202610021045,88000.0,88500.0,87900.0,88400.0,16667
m15-kis/017670/2026.csv:202610021100,88400.0,88700.0,88400.0,88400.0,12919
m15-kis/017670/2026.csv:202610021115,88400.0,88700.0,88100.0,88300.0,11537
m15-kis/017670/2026.csv:202610021130,88200.0,88500.0,88000.0,88000.0,10737
m15-kis/017670/2026.csv:202610021145,88100.0,88200.0,87800.0,87800.0,11694
m15-kis/017670/2026.csv:202610021200,87800.0,88000.0,87600.0,87800.0,8748
m15-kis/017670/2026.csv:202610021215,87900.0,87900.0,87500.0,87500.0,9955
m15-kis/017670/2026.csv:202610021230,87500.0,87900.0,87500.0,87600.0,6262
m15-kis/017670/2026.csv:202610021245,87700.0,87700.0,87500.0,87600.0,7223
m15-kis/017670/2026.csv:202610021300,87600.0,87900.0,87500.0,87700.0,9232
m15-kis/017670/2026.csv:202610021315,87700.0,87800.0,87500.0,87700.0,5899
m15-kis/017670/2026.csv:202610021330,87700.0,87800.0,87500.0,87500.0,6087
m15-kis/017670/2026.csv:202610021345,87600.0,87900.0,87600.0,87600.0,10122
m15-kis/017670/2026.csv:202610021400,87900.0,88000.0,87600.0,87800.0,13836
m15-kis/017670/2026.csv:202610021415,87800.0,88200.0,87800.0,88100.0,9269
m15-kis/017670/2026.csv:202610021430,88100.0,88200.0,87900.0,87900.0,10484
m15-kis/017670/2026.csv:202610021445,87900.0,88100.0,87800.0,88100.0,13708
m15-kis/017670/2026.csv:202610021500,88100.0,88300.0,87900.0,88300.0,28352
m15-kis/017670/2026.csv:202610021515,88200.0,88400.0,88100.0,88400.0,47998
m15-kis/017800/2026.csv:202610020900,72200.0,72400.0,71900.0,72300.0,1673
m15-kis/017800/2026.csv:202610020915,72300.0,72400.0,72100.0,72200.0,1441
m15-kis/017800/2026.csv:202610020930,72200.0,72500.0,72100.0,72200.0,3367
m15-kis/017800/2026.csv:202610020945,72100.0,72600.0,72100.0,72600.0,12307
m15-kis/017800/2026.csv:202610021000,72500.0,72600.0,72300.0,72600.0,1546
m15-kis/017800/2026.csv:202610021015,72500.0,72600.0,72200.0,72400.0,1624
m15-kis/017800/2026.csv:202610021030,72400.0,72500.0,72300.0,72500.0,1409
m15-kis/017800/2026.csv:202610021045,72500.0,72700.0,72400.0,72700.0,3041
m15-kis/017800/2026.csv:202610021100,72700.0,72900.0,72500.0,72800.0,2589
m15-kis/017800/2026.csv:202610021115,72800.0,72900.0,72700.0,72800.0,1836
m15-kis/017800/2026.csv:202610021130,72800.0,72900.0,72800.0,72800.0,1471
m15-kis/017800/2026.csv:202610021145,72900.0,72900.0,72700.0,72700.0,2116
m15-kis/017800/2026.csv:202610021200,72800.0,72900.0,72700.0,72700.0,2121
m15-kis/017800/2026.csv:202610021215,72800.0,72800.0,72500.0,72500.0,2079
m15-kis/017800/2026.csv:202610021230,72500.0,72600.0,72500.0,72600.0,580
m15-kis/017800/2026.csv:202610021245,72600.0,72600.0,72400.0,72600.0,2313
m15-kis/017800/2026.csv:202610021300,72500.0,73400.0,72500.0,72500.0,4799
m15-kis/017800/2026.csv:202610021315,72600.0,72600.0,72400.0,72600.0,1979
m15-kis/017800/2026.csv:202610021330,72600.0,72700.0,72500.0,72500.0,1373
m15-kis/017800/2026.csv:202610021345,72600.0,72600.0,72300.0,72600.0,2941
m15-kis/017800/2026.csv:202610021400,72600.0,72700.0,72500.0,72500.0,1947
m15-kis/017800/2026.csv:202610021415,72500.0,72600.0,72400.0,72500.0,1756
m15-kis/017800/2026.csv:202610021430,72500.0,72600.0,72400.0,72600.0,1741
m15-kis/017800/2026.csv:202610021445,72500.0,72900.0,72500.0,72800.0,2197
m15-kis/017800/2026.csv:202610021500,72900.0,72900.0,72700.0,72700.0,2350
m15-kis/017800/2026.csv:202610021515,72700.0,72800.0,72600.0,72800.0,6604
m15-kis/017960/2026.csv:202610020900,20400.0,20600.0,20350.0,20550.0,8779
m15-kis/017960/2026.csv:202610020915,20500.0,20550.0,20450.0,20500.0,5744
m15-kis/017960/2026.csv:202610020930,20500.0,20800.0,20500.0,20750.0,14275
m15-kis/017960/2026.csv:202610020945,20650.0,20750.0,20650.0,20700.0,4729
m15-kis/017960/2026.csv:202610021000,20700.0,20750.0,20550.0,20600.0,4907
m15-kis/017960/2026.csv:202610021015,20600.0,20650.0,20500.0,20500.0,8001
m15-kis/017960/2026.csv:202610021030,20550.0,20550.0,20400.0,20500.0,5089
m15-kis/017960/2026.csv:202610021045,20500.0,20550.0,20500.0,20500.0,941
m15-kis/017960/2026.csv:202610021100,20550.0,20650.0,20500.0,20550.0,2691
m15-kis/017960/2026.csv:202610021115,20600.0,20625.0,20500.0,20500.0,2392
m15-kis/017960/2026.csv:202610021130,20500.0,20650.0,20500.0,20550.0,1839
m15-kis/017960/2026.csv:202610021145,20600.0,20650.0,20500.0,20550.0,2899
m15-kis/017960/2026.csv:202610021200,20550.0,20600.0,20450.0,20450.0,2395
m15-kis/017960/2026.csv:202610021215,20500.0,20500.0,20350.0,20350.0,4488
m15-kis/017960/2026.csv:202610021230,20400.0,20450.0,20350.0,20350.0,2801
m15-kis/017960/2026.csv:202610021245,20350.0,20400.0,20350.0,20375.0,3357
m15-kis/017960/2026.csv:202610021300,20375.0,20500.0,20375.0,20450.0,2460
m15-kis/017960/2026.csv:202610021315,20450.0,20500.0,20400.0,20450.0,2980
m15-kis/017960/2026.csv:202610021330,20450.0,20500.0,20400.0,20450.0,2590
m15-kis/017960/2026.csv:202610021345,20400.0,20450.0,20400.0,20400.0,775
m15-kis/017960/2026.csv:202610021400,20450.0,20550.0,20400.0,20500.0,5825
m15-kis/017960/2026.csv:202610021415,20500.0,20550.0,20500.0,20500.0,1861
m15-kis/017960/2026.csv:202610021430,20500.0,20550.0,20450.0,20500.0,1717
m15-kis/017960/2026.csv:202610021445,20500.0,20550.0,20450.0,20550.0,4525
m15-kis/017960/2026.csv:202610021500,20550.0,20600.0,20550.0,20600.0,2023
m15-kis/017960/2026.csv:202610021515,20550.0,20650.0,20550.0,20550.0,7534
m15-kis/018260/2026.csv:202610020900,220500.0,221000.0,218000.0,219250.0,5355
m15-kis/018260/2026.csv:202610020915,219250.0,219500.0,218000.0,218500.0,8281
m15-kis/018260/2026.csv:202610020930,218500.0,219000.0,218000.0,218500.0,3895
m15-kis/018260/2026.csv:202610020945,218500.0,219000.0,217500.0,217500.0,10696
m15-kis/018260/2026.csv:202610021000,217750.0,218500.0,217000.0,217500.0,7397
m15-kis/018260/2026.csv:202610021015,217500.0,218500.0,217500.0,218000.0,4269
m15-kis/018260/2026.csv:202610021030,218000.0,218000.0,216500.0,216500.0,5391
m15-kis/018260/2026.csv:202610021045,216500.0,217000.0,215500.0,216000.0,6331
m15-kis/018260/2026.csv:202610021100,216500.0,218000.0,216000.0,217000.0,5030
m15-kis/018260/2026.csv:202610021115,217500.0,218000.0,217000.0,217000.0,2207
m15-kis/018260/2026.csv:202610021130,217000.0,218000.0,217000.0,217500.0,2389
m15-kis/018260/2026.csv:202610021145,217500.0,218000.0,217000.0,217500.0,1779
m15-kis/018260/2026.csv:202610021200,217000.0,218500.0,217000.0,218000.0,2686
m15-kis/018260/2026.csv:202610021215,218000.0,218500.0,217500.0,218000.0,1776
m15-kis/018260/2026.csv:202610021230,217500.0,218000.0,217500.0,217500.0,1404
m15-kis/018260/2026.csv:202610021245,217500.0,218000.0,217000.0,217500.0,2343
m15-kis/018260/2026.csv:202610021300,217500.0,218500.0,217500.0,217500.0,2027
m15-kis/018260/2026.csv:202610021315,217500.0,218000.0,217500.0,217500.0,1179
m15-kis/018260/2026.csv:202610021330,218000.0,218000.0,217000.0,217000.0,1653
m15-kis/018260/2026.csv:202610021345,217000.0,218500.0,217000.0,218000.0,3518
m15-kis/018260/2026.csv:202610021400,218000.0,218500.0,218000.0,218500.0,1804
m15-kis/018260/2026.csv:202610021415,218250.0,218500.0,218000.0,218500.0,2059
m15-kis/018260/2026.csv:202610021430,218000.0,218500.0,218000.0,218000.0,2390
m15-kis/018260/2026.csv:202610021445,218000.0,219500.0,218000.0,218500.0,5064
m15-kis/018260/2026.csv:202610021500,218500.0,220000.0,218000.0,219000.0,6071
m15-kis/018260/2026.csv:202610021515,219500.0,219500.0,219000.0,219500.0,8483
m15-kis/018670/2026.csv:202610020900,240500.0,243000.0,238500.0,242000.0,308
m15-kis/018670/2026.csv:202610020915,241500.0,243000.0,241500.0,243000.0,214
m15-kis/018670/2026.csv:202610020930,243000.0,244000.0,242000.0,243500.0,157
m15-kis/018670/2026.csv:202610020945,243000.0,243500.0,242000.0,243500.0,405
m15-kis/018670/2026.csv:202610021000,242500.0,243000.0,242000.0,242000.0,182
m15-kis/018670/2026.csv:202610021015,242500.0,242500.0,241500.0,241500.0,155
m15-kis/018670/2026.csv:202610021030,241500.0,244500.0,241500.0,242500.0,314
m15-kis/018670/2026.csv:202610021045,242500.0,243500.0,241500.0,241500.0,79
m15-kis/018670/2026.csv:202610021100,241500.0,242500.0,240500.0,241500.0,168
m15-kis/018670/2026.csv:202610021115,241000.0,242000.0,239500.0,240500.0,425
m15-kis/018670/2026.csv:202610021130,240000.0,240500.0,239000.0,239000.0,270
m15-kis/018670/2026.csv:202610021145,239000.0,240000.0,238500.0,239500.0,730
m15-kis/018670/2026.csv:202610021200,239000.0,239500.0,238000.0,239000.0,300
m15-kis/018670/2026.csv:202610021215,238500.0,239500.0,238000.0,239000.0,253
m15-kis/018670/2026.csv:202610021230,238500.0,239500.0,238500.0,238500.0,215
m15-kis/018670/2026.csv:202610021245,239000.0,240500.0,238500.0,240000.0,432
m15-kis/018670/2026.csv:202610021300,240000.0,240500.0,239000.0,239500.0,254
m15-kis/018670/2026.csv:202610021315,239500.0,240000.0,238500.0,239500.0,241
m15-kis/018670/2026.csv:202610021330,239500.0,240000.0,238500.0,239500.0,226
m15-kis/018670/2026.csv:202610021345,238500.0,240000.0,238500.0,239000.0,385
m15-kis/018670/2026.csv:202610021400,239000.0,239500.0,238000.0,239000.0,356
m15-kis/018670/2026.csv:202610021415,239500.0,239500.0,238000.0,238000.0,212
m15-kis/018670/2026.csv:202610021430,238500.0,239000.0,238000.0,238500.0,259
m15-kis/018670/2026.csv:202610021445,238000.0,239500.0,238000.0,239000.0,338
m15-kis/018670/2026.csv:202610021500,238000.0,239000.0,238000.0,238500.0,119
m15-kis/018670/2026.csv:202610021515,238500.0,239500.0,238000.0,238000.0,173
m15-kis/018880/2026.csv:202610020900,3615.0,3840.0,3610.0,3790.0,3394781
m15-kis/018880/2026.csv:202610020915,3790.0,3800.0,3680.0,3730.0,1666927
m15-kis/018880/2026.csv:202610020930,3735.0,3775.0,3730.0,3775.0,651883
m15-kis/018880/2026.csv:202610020945,3775.0,3850.0,3770.0,3845.0,2264574
m15-kis/018880/2026.csv:202610021000,3850.0,3860.0,3795.0,3820.0,1333213
m15-kis/018880/2026.csv:202610021015,3820.0,3840.0,3795.0,3815.0,713112
m15-kis/018880/2026.csv:202610021030,3815.0,3820.0,3790.0,3805.0,539680
m15-kis/018880/2026.csv:202610021045,3805.0,3845.0,3800.0,3840.0,447321
m15-kis/018880/2026.csv:202610021100,3845.0,3850.0,3835.0,3835.0,496434
m15-kis/018880/2026.csv:202610021115,3840.0,3850.0,3820.0,3835.0,537277
m15-kis/018880/2026.csv:202610021130,3830.0,3855.0,3820.0,3850.0,484103
m15-kis/018880/2026.csv:202610021145,3850.0,3855.0,3840.0,3855.0,308943
m15-kis/018880/2026.csv:202610021200,3855.0,3867.0,3830.0,3830.0,635867
m15-kis/018880/2026.csv:202610021215,3835.0,3840.0,3815.0,3830.0,326990
m15-kis/018880/2026.csv:202610021230,3830.0,3830.0,3810.0,3815.0,227338
m15-kis/018880/2026.csv:202610021245,3815.0,3830.0,3805.0,3825.0,361535
m15-kis/018880/2026.csv:202610021300,3825.0,3835.0,3800.0,3805.0,344043
m15-kis/018880/2026.csv:202610021315,3805.0,3820.0,3800.0,3820.0,205825
m15-kis/018880/2026.csv:202610021330,3820.0,3825.0,3810.0,3815.0,241028
m15-kis/018880/2026.csv:202610021345,3820.0,3845.0,3810.0,3815.0,531258
m15-kis/018880/2026.csv:202610021400,3820.0,3820.0,3795.0,3805.0,376970
m15-kis/018880/2026.csv:202610021415,3805.0,3820.0,3800.0,3800.0,254495
m15-kis/018880/2026.csv:202610021430,3805.0,3820.0,3800.0,3810.0,283421
m15-kis/018880/2026.csv:202610021445,3815.0,3825.0,3805.0,3820.0,349155
m15-kis/018880/2026.csv:202610021500,3825.0,3830.0,3820.0,3830.0,468148
m15-kis/018880/2026.csv:202610021515,3830.0,3840.0,3820.0,3830.0,330811
m15-kis/019170/2026.csv:202610020900,9390.0,9470.0,9340.0,9360.0,18106
m15-kis/019170/2026.csv:202610020915,9370.0,9380.0,9300.0,9330.0,12851
m15-kis/019170/2026.csv:202610020930,9340.0,9350.0,9330.0,9330.0,3879
m15-kis/019170/2026.csv:202610020945,9335.0,9340.0,9320.0,9320.0,4077
m15-kis/019170/2026.csv:202610021000,9330.0,9340.0,9300.0,9320.0,6099
m15-kis/019170/2026.csv:202610021015,9320.0,9340.0,9300.0,9300.0,4033
m15-kis/019170/2026.csv:202610021030,9300.0,9300.0,9260.0,9270.0,4711
m15-kis/019170/2026.csv:202610021045,9270.0,9280.0,9230.0,9270.0,8100
m15-kis/019170/2026.csv:202610021100,9260.0,9280.0,9250.0,9280.0,1186
m15-kis/019170/2026.csv:202610021115,9280.0,9280.0,9240.0,9250.0,2696
m15-kis/019170/2026.csv:202610021130,9250.0,9280.0,9240.0,9260.0,2018
m15-kis/019170/2026.csv:202610021145,9260.0,9280.0,9260.0,9260.0,2275
m15-kis/019170/2026.csv:202610021200,9260.0,9270.0,9230.0,9230.0,3311
m15-kis/019170/2026.csv:202610021215,9240.0,9260.0,9240.0,9250.0,1542
m15-kis/019170/2026.csv:202610021230,9250.0,9280.0,9240.0,9270.0,3387
m15-kis/019170/2026.csv:202610021245,9270.0,9270.0,9220.0,9240.0,8152
m15-kis/019170/2026.csv:202610021300,9240.0,9270.0,9220.0,9230.0,1692
m15-kis/019170/2026.csv:202610021315,9230.0,9270.0,9230.0,9270.0,823
m15-kis/019170/2026.csv:202610021330,9270.0,9270.0,9240.0,9250.0,1692
m15-kis/019170/2026.csv:202610021345,9250.0,9270.0,9220.0,9260.0,2309
m15-kis/019170/2026.csv:202610021400,9260.0,9290.0,9230.0,9270.0,2416
m15-kis/019170/2026.csv:202610021415,9290.0,9290.0,9250.0,9290.0,848
m15-kis/019170/2026.csv:202610021430,9290.0,9290.0,9260.0,9260.0,2613
m15-kis/019170/2026.csv:202610021445,9270.0,9280.0,9260.0,9260.0,1953
m15-kis/019170/2026.csv:202610021500,9280.0,9280.0,9260.0,9280.0,1234
m15-kis/019170/2026.csv:202610021515,9280.0,9280.0,9250.0,9250.0,3841
m15-kis/019210/2026.csv:202610020900,12780.0,13140.0,12740.0,12830.0,107567
m15-kis/019210/2026.csv:202610020915,12830.0,12890.0,12720.0,12790.0,33679
m15-kis/019210/2026.csv:202610020930,12780.0,12920.0,12750.0,12840.0,21035
m15-kis/019210/2026.csv:202610020945,12840.0,12920.0,12790.0,12860.0,23333
m15-kis/019210/2026.csv:202610021000,12870.0,12900.0,12820.0,12880.0,18904
m15-kis/019210/2026.csv:202610021015,12860.0,12880.0,12760.0,12760.0,24881
m15-kis/019210/2026.csv:202610021030,12770.0,12770.0,12600.0,12640.0,27388
m15-kis/019210/2026.csv:202610021045,12640.0,12690.0,12620.0,12680.0,13654
m15-kis/019210/2026.csv:202610021100,12680.0,12700.0,12640.0,12670.0,14437
m15-kis/019210/2026.csv:202610021115,12670.0,12700.0,12630.0,12630.0,11846
m15-kis/019210/2026.csv:202610021130,12630.0,12690.0,12610.0,12650.0,14169
m15-kis/019210/2026.csv:202610021145,12650.0,12680.0,12620.0,12650.0,10577
m15-kis/019210/2026.csv:202610021200,12630.0,12660.0,12600.0,12630.0,13517
m15-kis/019210/2026.csv:202610021215,12635.0,12640.0,12600.0,12630.0,12344
m15-kis/019210/2026.csv:202610021230,12630.0,12630.0,12590.0,12600.0,15554
m15-kis/019210/2026.csv:202610021245,12630.0,12630.0,12540.0,12550.0,19452
m15-kis/019210/2026.csv:202610021300,12550.0,12600.0,12500.0,12530.0,22315
m15-kis/019210/2026.csv:202610021315,12540.0,12590.0,12500.0,12570.0,13465
m15-kis/019210/2026.csv:202610021330,12570.0,12620.0,12520.0,12620.0,17040
m15-kis/019210/2026.csv:202610021345,12620.0,12700.0,12560.0,12650.0,25577
m15-kis/019210/2026.csv:202610021400,12650.0,12760.0,12600.0,12750.0,30612
m15-kis/019210/2026.csv:202610021415,12750.0,12810.0,12730.0,12790.0,13555
m15-kis/019210/2026.csv:202610021430,12790.0,12830.0,12720.0,12820.0,21916
m15-kis/019210/2026.csv:202610021445,12820.0,12900.0,12810.0,12890.0,19483
m15-kis/019210/2026.csv:202610021500,12890.0,12950.0,12890.0,12920.0,22391
m15-kis/019210/2026.csv:202610021515,12920.0,12930.0,12880.0,12880.0,18291
m15-kis/020150/2026.csv:202610020900,43850.0,47700.0,43750.0,47350.0,152743
m15-kis/020150/2026.csv:202610020915,47250.0,49500.0,46500.0,48850.0,159616
m15-kis/020150/2026.csv:202610020930,48900.0,50400.0,48300.0,50300.0,174814
m15-kis/020150/2026.csv:202610020945,50200.0,50900.0,49250.0,49650.0,116724
m15-kis/020150/2026.csv:202610021000,49600.0,50100.0,49100.0,49900.0,44044
m15-kis/020150/2026.csv:202610021015,49850.0,50300.0,49600.0,50000.0,32894
m15-kis/020150/2026.csv:202610021030,50100.0,51200.0,49800.0,51100.0,102189
m15-kis/020150/2026.csv:202610021045,51100.0,51800.0,50300.0,51500.0,91901
m15-kis/020150/2026.csv:202610021100,51500.0,51600.0,50500.0,50800.0,59921
m15-kis/020150/2026.csv:202610021115,50800.0,51000.0,50100.0,50200.0,28650
m15-kis/020150/2026.csv:202610021130,50200.0,50700.0,50100.0,50300.0,18755
m15-kis/020150/2026.csv:202610021145,50200.0,50800.0,50100.0,50600.0,16420
m15-kis/020150/2026.csv:202610021200,50600.0,51300.0,50300.0,51100.0,30193
m15-kis/020150/2026.csv:202610021215,51100.0,51200.0,50700.0,51000.0,21588
m15-kis/020150/2026.csv:202610021230,51000.0,51200.0,50700.0,50800.0,18207
m15-kis/020150/2026.csv:202610021245,50700.0,50900.0,50200.0,50500.0,22606
m15-kis/020150/2026.csv:202610021300,50400.0,50600.0,49850.0,50200.0,23960
m15-kis/020150/2026.csv:202610021315,50200.0,50500.0,50100.0,50400.0,12841
m15-kis/020150/2026.csv:202610021330,50400.0,50500.0,50200.0,50200.0,13124
m15-kis/020150/2026.csv:202610021345,50300.0,50500.0,49950.0,50300.0,12220
m15-kis/020150/2026.csv:202610021400,50200.0,50400.0,49700.0,50100.0,25323
m15-kis/020150/2026.csv:202610021415,50200.0,50300.0,49800.0,50100.0,10802
m15-kis/020150/2026.csv:202610021430,50100.0,50900.0,49850.0,50600.0,41472
m15-kis/020150/2026.csv:202610021445,50600.0,51000.0,50500.0,51000.0,32526
m15-kis/020150/2026.csv:202610021500,51000.0,51100.0,50700.0,50950.0,33745
m15-kis/020150/2026.csv:202610021515,50950.0,51000.0,50700.0,50800.0,26243
m15-kis/020560/2026.csv:202610020900,8320.0,8320.0,8260.0,8310.0,1681
m15-kis/020560/2026.csv:202610020915,8300.0,8350.0,8250.0,8250.0,3791
m15-kis/020560/2026.csv:202610020930,8240.0,8260.0,8170.0,8230.0,5278
m15-kis/020560/2026.csv:202610020945,8230.0,8230.0,8180.0,8190.0,2080
m15-kis/020560/2026.csv:202610021000,8200.0,8260.0,8200.0,8210.0,2505
m15-kis/020560/2026.csv:202610021015,8200.0,8200.0,8160.0,8170.0,2323
m15-kis/020560/2026.csv:202610021030,8170.0,8210.0,8160.0,8170.0,1554
m15-kis/020560/2026.csv:202610021045,8170.0,8190.0,8150.0,8170.0,2174
m15-kis/020560/2026.csv:202610021100,8170.0,8180.0,8150.0,8150.0,1017
m15-kis/020560/2026.csv:202610021115,8150.0,8200.0,8150.0,8190.0,2674
m15-kis/020560/2026.csv:202610021130,8160.0,8200.0,8150.0,8190.0,1934
m15-kis/020560/2026.csv:202610021145,8170.0,8200.0,8160.0,8180.0,1275
m15-kis/020560/2026.csv:202610021200,8170.0,8190.0,8150.0,8180.0,948
m15-kis/020560/2026.csv:202610021215,8170.0,8170.0,8150.0,8150.0,894
m15-kis/020560/2026.csv:202610021230,8150.0,8180.0,8140.0,8180.0,1980
m15-kis/020560/2026.csv:202610021245,8140.0,8150.0,8140.0,8150.0,1301
m15-kis/020560/2026.csv:202610021300,8150.0,8160.0,8150.0,8150.0,1180
m15-kis/020560/2026.csv:202610021315,8150.0,8160.0,8140.0,8150.0,2074
m15-kis/020560/2026.csv:202610021330,8150.0,8200.0,8150.0,8160.0,1767
m15-kis/020560/2026.csv:202610021345,8160.0,8180.0,8160.0,8170.0,1272
m15-kis/020560/2026.csv:202610021400,8170.0,8180.0,8150.0,8170.0,9095
m15-kis/020560/2026.csv:202610021415,8160.0,8170.0,8150.0,8150.0,1033
m15-kis/020560/2026.csv:202610021430,8190.0,8190.0,8170.0,8170.0,49
m15-kis/020560/2026.csv:202610021445,8170.0,8220.0,8170.0,8190.0,1089
m15-kis/020560/2026.csv:202610021500,8190.0,8190.0,8180.0,8190.0,405
m15-kis/020560/2026.csv:202610021515,8190.0,8200.0,8160.0,8170.0,4708
m15-kis/021240/2026.csv:202610020900,99200.0,100200.0,98900.0,99300.0,3622
m15-kis/021240/2026.csv:202610020915,99400.0,99900.0,99000.0,99900.0,3426
m15-kis/021240/2026.csv:202610020930,99800.0,100100.0,99500.0,100000.0,3797
m15-kis/021240/2026.csv:202610020945,100100.0,101800.0,100000.0,100900.0,11543
m15-kis/021240/2026.csv:202610021000,100800.0,100900.0,100300.0,100700.0,5414
m15-kis/021240/2026.csv:202610021015,100700.0,101000.0,100600.0,100800.0,3041
m15-kis/021240/2026.csv:202610021030,100800.0,101300.0,100600.0,100900.0,4574
m15-kis/021240/2026.csv:202610021045,100900.0,101900.0,100800.0,101500.0,3621
m15-kis/021240/2026.csv:202610021100,101500.0,101800.0,101300.0,101700.0,2895
m15-kis/021240/2026.csv:202610021115,101800.0,101900.0,101100.0,101800.0,3939
m15-kis/021240/2026.csv:202610021130,101800.0,101900.0,101200.0,101500.0,3151
m15-kis/021240/2026.csv:202610021145,101600.0,102000.0,101500.0,101700.0,2695
m15-kis/021240/2026.csv:202610021200,101700.0,102000.0,101500.0,102000.0,2420
m15-kis/021240/2026.csv:202610021215,102000.0,102100.0,101600.0,101600.0,2772
m15-kis/021240/2026.csv:202610021230,102000.0,102300.0,101600.0,101700.0,2466
m15-kis/021240/2026.csv:202610021245,101700.0,102200.0,101300.0,101700.0,2842
m15-kis/021240/2026.csv:202610021300,101500.0,101800.0,101200.0,101300.0,3585
m15-kis/021240/2026.csv:202610021315,101300.0,101900.0,101200.0,101200.0,3070
m15-kis/021240/2026.csv:202610021330,101500.0,101800.0,101300.0,101500.0,2508
m15-kis/021240/2026.csv:202610021345,101500.0,102000.0,101400.0,101700.0,4732
m15-kis/021240/2026.csv:202610021400,101800.0,101800.0,101200.0,101200.0,3029
m15-kis/021240/2026.csv:202610021415,101200.0,101600.0,100800.0,101000.0,3851
m15-kis/021240/2026.csv:202610021430,101400.0,101500.0,101000.0,101300.0,3179
m15-kis/021240/2026.csv:202610021445,101300.0,101700.0,101000.0,101500.0,5848
m15-kis/021240/2026.csv:202610021500,101600.0,101800.0,101300.0,101600.0,5827
m15-kis/021240/2026.csv:202610021515,101700.0,102000.0,101600.0,101600.0,7225
m15-kis/022100/2026.csv:202610020900,20550.0,20900.0,20550.0,20800.0,23937
m15-kis/022100/2026.csv:202610020915,20750.0,20850.0,20600.0,20850.0,10812
m15-kis/022100/2026.csv:202610020930,20850.0,21000.0,20750.0,20950.0,23350
m15-kis/022100/2026.csv:202610020945,20950.0,21150.0,20900.0,21100.0,26660
m15-kis/022100/2026.csv:202610021000,21050.0,21100.0,20850.0,20950.0,14495
m15-kis/022100/2026.csv:202610021015,20900.0,20950.0,20600.0,20700.0,8320
m15-kis/022100/2026.csv:202610021030,20700.0,20800.0,20500.0,20600.0,15867
m15-kis/022100/2026.csv:202610021045,20600.0,20750.0,20550.0,20700.0,2869
m15-kis/022100/2026.csv:202610021100,20700.0,20800.0,20700.0,20750.0,1306
m15-kis/022100/2026.csv:202610021115,20700.0,20800.0,20700.0,20700.0,2729
m15-kis/022100/2026.csv:202610021130,20700.0,20750.0,20600.0,20700.0,5460
m15-kis/022100/2026.csv:202610021145,20700.0,20700.0,20600.0,20650.0,1822
m15-kis/022100/2026.csv:202610021200,20650.0,20750.0,20600.0,20600.0,5200
m15-kis/022100/2026.csv:202610021215,20600.0,20650.0,20600.0,20650.0,1744
m15-kis/022100/2026.csv:202610021230,20650.0,20650.0,20600.0,20600.0,541
m15-kis/022100/2026.csv:202610021245,20600.0,20650.0,20500.0,20650.0,8314
m15-kis/022100/2026.csv:202610021300,20650.0,20650.0,20550.0,20600.0,1202
m15-kis/022100/2026.csv:202610021315,20600.0,20650.0,20550.0,20650.0,1340
m15-kis/022100/2026.csv:202610021330,20650.0,20750.0,20650.0,20750.0,1990
m15-kis/022100/2026.csv:202610021345,20700.0,20750.0,20650.0,20700.0,2028
m15-kis/022100/2026.csv:202610021400,20700.0,20800.0,20700.0,20800.0,2610
m15-kis/022100/2026.csv:202610021415,20750.0,20850.0,20750.0,20750.0,5374
m15-kis/022100/2026.csv:202610021430,20750.0,20850.0,20700.0,20750.0,3978
m15-kis/022100/2026.csv:202610021445,20800.0,20900.0,20750.0,20800.0,7717
m15-kis/022100/2026.csv:202610021500,20800.0,20850.0,20800.0,20850.0,1862
m15-kis/022100/2026.csv:202610021515,20850.0,20900.0,20750.0,20850.0,13239
m15-kis/023160/2026.csv:202610020900,28200.0,28200.0,27550.0,27800.0,17504
m15-kis/023160/2026.csv:202610020915,27800.0,27950.0,27800.0,27950.0,5650
m15-kis/023160/2026.csv:202610020930,27950.0,28200.0,27800.0,28100.0,2644
m15-kis/023160/2026.csv:202610020945,28100.0,28100.0,27900.0,27950.0,2804
m15-kis/023160/2026.csv:202610021000,27900.0,27950.0,27850.0,27900.0,2050
m15-kis/023160/2026.csv:202610021015,27900.0,27950.0,27750.0,27800.0,5109
m15-kis/023160/2026.csv:202610021030,27800.0,27800.0,27600.0,27650.0,5702
m15-kis/023160/2026.csv:202610021045,27700.0,28000.0,27700.0,27900.0,2725
m15-kis/023160/2026.csv:202610021100,27950.0,28000.0,27900.0,27950.0,2637
m15-kis/023160/2026.csv:202610021115,27950.0,28000.0,27950.0,28000.0,1323
m15-kis/023160/2026.csv:202610021130,28000.0,28100.0,27950.0,27950.0,1127
m15-kis/023160/2026.csv:202610021145,28000.0,28050.0,27950.0,28000.0,894
m15-kis/023160/2026.csv:202610021200,28000.0,28100.0,27950.0,28000.0,1812
m15-kis/023160/2026.csv:202610021215,28050.0,28050.0,27950.0,28050.0,879
m15-kis/023160/2026.csv:202610021230,28000.0,28100.0,27950.0,28050.0,1354
m15-kis/023160/2026.csv:202610021245,28050.0,28050.0,28000.0,28050.0,689
m15-kis/023160/2026.csv:202610021300,28050.0,28050.0,27950.0,28050.0,1903
m15-kis/023160/2026.csv:202610021315,28050.0,28050.0,27950.0,28050.0,1439
m15-kis/023160/2026.csv:202610021330,28050.0,28100.0,28000.0,28050.0,1020
m15-kis/023160/2026.csv:202610021345,28050.0,28050.0,27950.0,28000.0,1505
m15-kis/023160/2026.csv:202610021400,28000.0,28050.0,27950.0,28000.0,1995
m15-kis/023160/2026.csv:202610021415,28000.0,28100.0,27950.0,28000.0,1926
m15-kis/023160/2026.csv:202610021430,28000.0,28050.0,27950.0,28050.0,1477
m15-kis/023160/2026.csv:202610021445,28050.0,28100.0,28000.0,28050.0,1505
m15-kis/023160/2026.csv:202610021500,28100.0,28100.0,27950.0,28000.0,1977
m15-kis/023160/2026.csv:202610021515,28000.0,28050.0,27950.0,27950.0,4520
m15-kis/023530/2026.csv:202610020900,100600.0,101800.0,100600.0,101300.0,8120
m15-kis/023530/2026.csv:202610020915,101300.0,101500.0,100500.0,100700.0,1799
m15-kis/023530/2026.csv:202610020930,100800.0,101000.0,100100.0,100500.0,1227
m15-kis/023530/2026.csv:202610020945,100600.0,101000.0,100100.0,100500.0,1983
m15-kis/023530/2026.csv:202610021000,100400.0,100800.0,100000.0,100600.0,3163
m15-kis/023530/2026.csv:202610021015,100600.0,100900.0,100100.0,100500.0,2269
m15-kis/023530/2026.csv:202610021030,100500.0,101500.0,100400.0,101400.0,1660
m15-kis/023530/2026.csv:202610021045,101400.0,102500.0,101300.0,102100.0,3579
m15-kis/023530/2026.csv:202610021100,102100.0,102200.0,101800.0,101900.0,1784
m15-kis/023530/2026.csv:202610021115,102000.0,102200.0,101600.0,102100.0,1241
m15-kis/023530/2026.csv:202610021130,102100.0,102100.0,101500.0,102000.0,1196
m15-kis/023530/2026.csv:202610021145,102000.0,102200.0,101500.0,102000.0,1385
m15-kis/023530/2026.csv:202610021200,102000.0,102200.0,101600.0,101900.0,1188
m15-kis/023530/2026.csv:202610021215,101900.0,102100.0,101600.0,101900.0,1196
m15-kis/023530/2026.csv:202610021230,101800.0,102000.0,101500.0,101800.0,1063
m15-kis/023530/2026.csv:202610021245,101800.0,101900.0,101400.0,101900.0,1088
m15-kis/023530/2026.csv:202610021300,101800.0,102000.0,101300.0,101700.0,2608
m15-kis/023530/2026.csv:202610021315,101400.0,101800.0,101300.0,101500.0,2386
m15-kis/023530/2026.csv:202610021330,101500.0,101700.0,101300.0,101500.0,2274
m15-kis/023530/2026.csv:202610021345,101300.0,102000.0,101300.0,102000.0,2553
m15-kis/023530/2026.csv:202610021400,102000.0,102100.0,101300.0,101800.0,2212
m15-kis/023530/2026.csv:202610021415,101500.0,101800.0,101300.0,101300.0,2577
m15-kis/023530/2026.csv:202610021430,101300.0,101800.0,101300.0,101500.0,3052
m15-kis/023530/2026.csv:202610021445,101500.0,101800.0,101300.0,101600.0,3232
m15-kis/023530/2026.csv:202610021500,101600.0,101900.0,101400.0,101800.0,2385
m15-kis/023530/2026.csv:202610021515,101800.0,102100.0,101300.0,102100.0,2319
m15-kis/023590/2026.csv:202610020900,38400.0,38700.0,38100.0,38400.0,328
m15-kis/023590/2026.csv:202610020915,38350.0,38400.0,37950.0,38200.0,1262
m15-kis/023590/2026.csv:202610020930,38200.0,38200.0,37850.0,37850.0,1554
m15-kis/023590/2026.csv:202610020945,37850.0,38200.0,37650.0,38200.0,2609
m15-kis/023590/2026.csv:202610021000,37900.0,37950.0,37750.0,37900.0,1515
m15-kis/023590/2026.csv:202610021015,37900.0,38150.0,37700.0,37800.0,1543
m15-kis/023590/2026.csv:202610021030,37800.0,37900.0,37700.0,37800.0,775
m15-kis/023590/2026.csv:202610021045,37750.0,37800.0,37700.0,37700.0,434
m15-kis/023590/2026.csv:202610021100,37750.0,37800.0,37700.0,37750.0,530
m15-kis/023590/2026.csv:202610021115,37750.0,37850.0,37700.0,37700.0,1488
m15-kis/023590/2026.csv:202610021130,37850.0,37850.0,37700.0,37800.0,1115
m15-kis/023590/2026.csv:202610021145,37800.0,37800.0,37700.0,37700.0,729
m15-kis/023590/2026.csv:202610021200,37700.0,37900.0,37700.0,37800.0,1164
m15-kis/023590/2026.csv:202610021215,37800.0,37850.0,37750.0,37825.0,1319
m15-kis/023590/2026.csv:202610021230,37825.0,37850.0,37800.0,37800.0,802
m15-kis/023590/2026.csv:202610021245,37800.0,37850.0,37750.0,37750.0,1341
m15-kis/023590/2026.csv:202610021300,37850.0,37850.0,37750.0,37750.0,1213
m15-kis/023590/2026.csv:202610021315,37850.0,37900.0,37800.0,37800.0,768
m15-kis/023590/2026.csv:202610021330,37800.0,37900.0,37750.0,37850.0,1271
m15-kis/023590/2026.csv:202610021345,37850.0,37850.0,37750.0,37850.0,835
m15-kis/023590/2026.csv:202610021400,37800.0,37900.0,37800.0,37850.0,674
m15-kis/023590/2026.csv:202610021415,37800.0,38000.0,37800.0,37850.0,1330
m15-kis/023590/2026.csv:202610021430,37900.0,37900.0,37750.0,37850.0,1104
m15-kis/023590/2026.csv:202610021445,37900.0,38000.0,37850.0,37950.0,1055
m15-kis/023590/2026.csv:202610021500,37950.0,38000.0,37800.0,38000.0,1351
m15-kis/023590/2026.csv:202610021515,37950.0,38000.0,37900.0,37950.0,895
m15-kis/024110/2026.csv:202610020900,20150.0,20350.0,20150.0,20200.0,38403
m15-kis/024110/2026.csv:202610020915,20200.0,20250.0,20150.0,20250.0,29732
m15-kis/024110/2026.csv:202610020930,20250.0,20300.0,20150.0,20200.0,19178
m15-kis/024110/2026.csv:202610020945,20200.0,20300.0,20150.0,20150.0,28205
m15-kis/024110/2026.csv:202610021000,20200.0,20250.0,20150.0,20200.0,22577
m15-kis/024110/2026.csv:202610021015,20250.0,20250.0,20150.0,20200.0,9635
m15-kis/024110/2026.csv:202610021030,20200.0,20250.0,20150.0,20200.0,15058
m15-kis/024110/2026.csv:202610021045,20200.0,20250.0,20150.0,20250.0,20163
m15-kis/024110/2026.csv:202610021100,20200.0,20300.0,20150.0,20200.0,18436
m15-kis/024110/2026.csv:202610021115,20200.0,20250.0,20150.0,20250.0,33389
m15-kis/024110/2026.csv:202610021130,20250.0,20300.0,20200.0,20250.0,18494
m15-kis/024110/2026.csv:202610021145,20200.0,20300.0,20200.0,20250.0,34117
m15-kis/024110/2026.csv:202610021200,20250.0,20300.0,20250.0,20300.0,18308
m15-kis/024110/2026.csv:202610021215,20250.0,20300.0,20200.0,20250.0,25239
m15-kis/024110/2026.csv:202610021230,20250.0,20300.0,20200.0,20250.0,10137
m15-kis/024110/2026.csv:202610021245,20300.0,20300.0,20200.0,20200.0,14807
m15-kis/024110/2026.csv:202610021300,20250.0,20300.0,20200.0,20250.0,19359
m15-kis/024110/2026.csv:202610021315,20250.0,20300.0,20200.0,20250.0,9568
m15-kis/024110/2026.csv:202610021330,20300.0,20300.0,20150.0,20250.0,32630
m15-kis/024110/2026.csv:202610021345,20200.0,20250.0,20150.0,20150.0,16951
m15-kis/024110/2026.csv:202610021400,20150.0,20300.0,20150.0,20200.0,21508
m15-kis/024110/2026.csv:202610021415,20200.0,20250.0,20150.0,20200.0,10312
m15-kis/024110/2026.csv:202610021430,20200.0,20250.0,20150.0,20200.0,27682
m15-kis/024110/2026.csv:202610021445,20200.0,20250.0,20150.0,20200.0,17689
m15-kis/024110/2026.csv:202610021500,20200.0,20250.0,20150.0,20200.0,14876
m15-kis/024110/2026.csv:202610021515,20200.0,20300.0,20200.0,20200.0,41651
m15-kis/024850/2026.csv:202610020900,16080.0,16510.0,16070.0,16260.0,13612
m15-kis/024850/2026.csv:202610020915,16240.0,16690.0,16230.0,16570.0,14463
m15-kis/024850/2026.csv:202610020930,16580.0,16830.0,16520.0,16800.0,9511
m15-kis/024850/2026.csv:202610020945,16790.0,16950.0,16710.0,16710.0,12585
m15-kis/024850/2026.csv:202610021000,16700.0,16750.0,16350.0,16470.0,4200
m15-kis/024850/2026.csv:202610021015,16460.0,16620.0,16370.0,16370.0,2383
m15-kis/024850/2026.csv:202610021030,16350.0,16380.0,16110.0,16200.0,7628
m15-kis/024850/2026.csv:202610021045,16210.0,16360.0,16180.0,16360.0,2481
m15-kis/024850/2026.csv:202610021100,16360.0,16430.0,16300.0,16310.0,1971
m15-kis/024850/2026.csv:202610021115,16310.0,16350.0,16280.0,16340.0,2551
m15-kis/024850/2026.csv:202610021130,16320.0,16330.0,16260.0,16260.0,1161
m15-kis/024850/2026.csv:202610021145,16270.0,16390.0,16270.0,16390.0,2616
m15-kis/024850/2026.csv:202610021200,16390.0,16490.0,16390.0,16480.0,3162
m15-kis/024850/2026.csv:202610021215,16480.0,16480.0,16400.0,16410.0,1706
m15-kis/024850/2026.csv:202610021230,16430.0,16510.0,16430.0,16460.0,2069
m15-kis/024850/2026.csv:202610021245,16450.0,16450.0,16340.0,16400.0,2023
m15-kis/024850/2026.csv:202610021300,16400.0,16410.0,16330.0,16390.0,2003
m15-kis/024850/2026.csv:202610021315,16390.0,16460.0,16380.0,16460.0,5214
m15-kis/024850/2026.csv:202610021330,16490.0,16500.0,16400.0,16410.0,1884
m15-kis/024850/2026.csv:202610021345,16400.0,16470.0,16380.0,16460.0,2138
m15-kis/024850/2026.csv:202610021400,16450.0,16450.0,16400.0,16400.0,486
m15-kis/024850/2026.csv:202610021415,16410.0,16410.0,16340.0,16340.0,899
m15-kis/024850/2026.csv:202610021430,16340.0,16340.0,16220.0,16230.0,6616
m15-kis/024850/2026.csv:202610021445,16210.0,16290.0,16210.0,16290.0,7599
m15-kis/024850/2026.csv:202610021500,16280.0,16310.0,16260.0,16270.0,3970
m15-kis/024850/2026.csv:202610021515,16270.0,16320.0,16260.0,16290.0,2413
m15-kis/025540/2026.csv:202610020900,55800.0,56300.0,55800.0,56200.0,94
m15-kis/025540/2026.csv:202610020915,56200.0,56200.0,55800.0,56100.0,90
m15-kis/025540/2026.csv:202610020930,56100.0,56300.0,56000.0,56200.0,236
m15-kis/025540/2026.csv:202610020945,56200.0,56300.0,56000.0,56300.0,43
m15-kis/025540/2026.csv:202610021000,56200.0,56300.0,56000.0,56100.0,241
m15-kis/025540/2026.csv:202610021015,56100.0,56100.0,55800.0,55800.0,355
m15-kis/025540/2026.csv:202610021030,55800.0,55800.0,55700.0,55800.0,216
m15-kis/025540/2026.csv:202610021045,55750.0,55800.0,55600.0,55700.0,229
m15-kis/025540/2026.csv:202610021100,55700.0,55800.0,55600.0,55700.0,81
m15-kis/025540/2026.csv:202610021115,55600.0,56000.0,55600.0,56000.0,479
m15-kis/025540/2026.csv:202610021130,55900.0,56050.0,55700.0,55800.0,124
m15-kis/025540/2026.csv:202610021145,55900.0,56000.0,55700.0,56000.0,96
m15-kis/025540/2026.csv:202610021200,55900.0,56000.0,55700.0,55800.0,199
m15-kis/025540/2026.csv:202610021215,55800.0,56000.0,55700.0,55700.0,285
m15-kis/025540/2026.csv:202610021230,55700.0,55900.0,55700.0,55900.0,90
m15-kis/025540/2026.csv:202610021245,55800.0,56100.0,55700.0,56000.0,450
m15-kis/025540/2026.csv:202610021300,55900.0,56000.0,55700.0,55900.0,292
m15-kis/025540/2026.csv:202610021315,55800.0,55800.0,55700.0,55700.0,61
m15-kis/025540/2026.csv:202610021330,55700.0,55900.0,55700.0,55800.0,156
m15-kis/025540/2026.csv:202610021345,55800.0,56100.0,55600.0,55600.0,527
m15-kis/025540/2026.csv:202610021400,55700.0,56000.0,55700.0,55700.0,87
m15-kis/025540/2026.csv:202610021415,55800.0,55800.0,55500.0,55600.0,911
m15-kis/025540/2026.csv:202610021430,55600.0,55800.0,55600.0,55800.0,214
m15-kis/025540/2026.csv:202610021445,55800.0,55800.0,55600.0,55700.0,101
m15-kis/025540/2026.csv:202610021500,55900.0,56100.0,55700.0,55800.0,285
m15-kis/025540/2026.csv:202610021515,56000.0,56100.0,55700.0,56100.0,319
m15-kis/026960/2026.csv:202610020900,26600.0,27600.0,26350.0,27250.0,35715
m15-kis/026960/2026.csv:202610020915,27250.0,27550.0,26900.0,27550.0,24543
m15-kis/026960/2026.csv:202610020930,27500.0,27650.0,26950.0,27050.0,16858
m15-kis/026960/2026.csv:202610020945,27050.0,27100.0,27000.0,27100.0,3943
m15-kis/026960/2026.csv:202610021000,27100.0,27200.0,26950.0,27200.0,11139
m15-kis/026960/2026.csv:202610021015,27150.0,27850.0,27050.0,27750.0,22770
m15-kis/026960/2026.csv:202610021030,27600.0,27700.0,27350.0,27600.0,7134
m15-kis/026960/2026.csv:202610021045,27600.0,27650.0,27350.0,27450.0,8038
m15-kis/026960/2026.csv:202610021100,27450.0,27650.0,27450.0,27500.0,4986
m15-kis/026960/2026.csv:202610021115,27550.0,27600.0,27400.0,27500.0,2442
m15-kis/026960/2026.csv:202610021130,27500.0,27500.0,27400.0,27450.0,1897
m15-kis/026960/2026.csv:202610021145,27450.0,27500.0,27350.0,27400.0,1835
m15-kis/026960/2026.csv:202610021200,27400.0,27700.0,27350.0,27600.0,15105
m15-kis/026960/2026.csv:202610021215,27600.0,27650.0,27500.0,27550.0,2084
m15-kis/026960/2026.csv:202610021230,27500.0,27750.0,27500.0,27750.0,21276
m15-kis/026960/2026.csv:202610021245,27750.0,27800.0,27600.0,27650.0,4055
m15-kis/026960/2026.csv:202610021300,27650.0,27700.0,27550.0,27600.0,2536
m15-kis/026960/2026.csv:202610021315,27600.0,27650.0,27550.0,27650.0,1858
m15-kis/026960/2026.csv:202610021330,27600.0,27650.0,27500.0,27550.0,3208
m15-kis/026960/2026.csv:202610021345,27500.0,27750.0,27450.0,27750.0,11239
m15-kis/026960/2026.csv:202610021400,27700.0,27750.0,27600.0,27600.0,2964
m15-kis/026960/2026.csv:202610021415,27600.0,27700.0,27550.0,27600.0,3021
m15-kis/026960/2026.csv:202610021430,27650.0,27700.0,27600.0,27650.0,5074
m15-kis/026960/2026.csv:202610021445,27650.0,27700.0,27600.0,27650.0,3139
m15-kis/026960/2026.csv:202610021500,27700.0,27700.0,27600.0,27650.0,2971
m15-kis/026960/2026.csv:202610021515,27650.0,27700.0,27600.0,27700.0,5169
m15-kis/027360/2026.csv:202610020900,3810.0,3920.0,3805.0,3865.0,119550
m15-kis/027360/2026.csv:202610020915,3870.0,3910.0,3865.0,3885.0,67107
m15-kis/027360/2026.csv:202610020930,3880.0,3930.0,3880.0,3915.0,84703
m15-kis/027360/2026.csv:202610020945,3920.0,3965.0,3920.0,3935.0,133201
m15-kis/027360/2026.csv:202610021000,3935.0,3935.0,3890.0,3915.0,97829
m15-kis/027360/2026.csv:202610021015,3915.0,3930.0,3905.0,3910.0,65300
m15-kis/027360/2026.csv:202610021030,3910.0,3910.0,3875.0,3890.0,62301
m15-kis/027360/2026.csv:202610021045,3887.0,3915.0,3875.0,3900.0,40124
m15-kis/027360/2026.csv:202610021100,3900.0,3910.0,3895.0,3900.0,22044
m15-kis/027360/2026.csv:202610021115,3900.0,3900.0,3890.0,3900.0,19122
m15-kis/027360/2026.csv:202610021130,3900.0,3900.0,3885.0,3890.0,17525
m15-kis/027360/2026.csv:202610021145,3890.0,3920.0,3885.0,3915.0,34138
m15-kis/027360/2026.csv:202610021200,3915.0,3920.0,3905.0,3910.0,18994
m15-kis/027360/2026.csv:202610021215,3910.0,3910.0,3890.0,3900.0,24455
m15-kis/027360/2026.csv:202610021230,3900.0,3915.0,3900.0,3910.0,20528
m15-kis/027360/2026.csv:202610021245,3910.0,3910.0,3880.0,3895.0,49157
m15-kis/027360/2026.csv:202610021300,3895.0,3920.0,3890.0,3910.0,40387
m15-kis/027360/2026.csv:202610021315,3910.0,3925.0,3905.0,3920.0,47498
m15-kis/027360/2026.csv:202610021330,3920.0,3925.0,3910.0,3920.0,34240
m15-kis/027360/2026.csv:202610021345,3915.0,3950.0,3910.0,3940.0,88567
m15-kis/027360/2026.csv:202610021400,3945.0,3960.0,3930.0,3960.0,84646
m15-kis/027360/2026.csv:202610021415,3960.0,3980.0,3935.0,3950.0,98626
m15-kis/027360/2026.csv:202610021430,3950.0,3955.0,3930.0,3950.0,36089
m15-kis/027360/2026.csv:202610021445,3950.0,3950.0,3915.0,3925.0,37130
m15-kis/027360/2026.csv:202610021500,3925.0,3945.0,3920.0,3935.0,56579
m15-kis/027360/2026.csv:202610021515,3935.0,3945.0,3930.0,3940.0,32539
m15-kis/028050/2026.csv:202610020900,47150.0,47600.0,47150.0,47300.0,84865
m15-kis/028050/2026.csv:202610020915,47300.0,47750.0,47150.0,47700.0,79335
m15-kis/028050/2026.csv:202610020930,47750.0,47800.0,47400.0,47450.0,59128
m15-kis/028050/2026.csv:202610020945,47450.0,47600.0,47300.0,47550.0,53766
m15-kis/028050/2026.csv:202610021000,47550.0,47700.0,47250.0,47700.0,63179
m15-kis/028050/2026.csv:202610021015,47650.0,47950.0,47550.0,47600.0,67660
m15-kis/028050/2026.csv:202610021030,47600.0,47775.0,47450.0,47600.0,26240
m15-kis/028050/2026.csv:202610021045,47650.0,47900.0,47600.0,47750.0,33693
m15-kis/028050/2026.csv:202610021100,47750.0,47850.0,47700.0,47700.0,23635
m15-kis/028050/2026.csv:202610021115,47750.0,47900.0,47700.0,47900.0,17682
m15-kis/028050/2026.csv:202610021130,47850.0,47900.0,47800.0,47800.0,33992
m15-kis/028050/2026.csv:202610021145,47750.0,47850.0,47700.0,47750.0,10548
m15-kis/028050/2026.csv:202610021200,47750.0,47850.0,47600.0,47600.0,21693
m15-kis/028050/2026.csv:202610021215,47650.0,47650.0,47450.0,47450.0,21899
m15-kis/028050/2026.csv:202610021230,47450.0,47500.0,47450.0,47450.0,12123
m15-kis/028050/2026.csv:202610021245,47475.0,47500.0,47300.0,47300.0,31886
m15-kis/028050/2026.csv:202610021300,47300.0,47350.0,47200.0,47300.0,28729
m15-kis/028050/2026.csv:202610021315,47325.0,47350.0,47250.0,47300.0,20205
m15-kis/028050/2026.csv:202610021330,47300.0,47550.0,47300.0,47400.0,30735
m15-kis/028050/2026.csv:202610021345,47350.0,47450.0,47300.0,47450.0,23262
m15-kis/028050/2026.csv:202610021400,47450.0,47500.0,47350.0,47475.0,21375
m15-kis/028050/2026.csv:202610021415,47475.0,47500.0,47350.0,47375.0,27379
m15-kis/028050/2026.csv:202610021430,47400.0,47400.0,47300.0,47300.0,22010
m15-kis/028050/2026.csv:202610021445,47300.0,47600.0,47300.0,47500.0,31693
m15-kis/028050/2026.csv:202610021500,47500.0,47800.0,47500.0,47750.0,56068
m15-kis/028050/2026.csv:202610021515,47775.0,47800.0,47650.0,47750.0,68531
m15-kis/028260/2026.csv:202610020900,340000.0,342000.0,339000.0,341000.0,15296
m15-kis/028260/2026.csv:202610020915,341000.0,344000.0,340500.0,341500.0,7330
m15-kis/028260/2026.csv:202610020930,341000.0,342000.0,340500.0,341000.0,7518
m15-kis/028260/2026.csv:202610020945,340500.0,343500.0,340500.0,342000.0,7459
m15-kis/028260/2026.csv:202610021000,342000.0,342500.0,340500.0,342000.0,8919
m15-kis/028260/2026.csv:202610021015,341500.0,343000.0,340500.0,341000.0,6769
m15-kis/028260/2026.csv:202610021030,341500.0,343000.0,340000.0,342000.0,8190
m15-kis/028260/2026.csv:202610021045,341500.0,347000.0,341500.0,345500.0,8973
m15-kis/028260/2026.csv:202610021100,345500.0,346500.0,343000.0,343500.0,4582
m15-kis/028260/2026.csv:202610021115,344000.0,346000.0,344000.0,344000.0,5220
m15-kis/028260/2026.csv:202610021130,344000.0,345000.0,343500.0,344000.0,6813
m15-kis/028260/2026.csv:202610021145,344000.0,345000.0,344000.0,345000.0,5187
m15-kis/028260/2026.csv:202610021200,344750.0,345500.0,344000.0,344000.0,4087
m15-kis/028260/2026.csv:202610021215,344500.0,345500.0,343500.0,343500.0,6295
m15-kis/028260/2026.csv:202610021230,343500.0,345500.0,343500.0,343500.0,4873
m15-kis/028260/2026.csv:202610021245,343500.0,344500.0,343000.0,343000.0,4753
m15-kis/028260/2026.csv:202610021300,343000.0,345000.0,343000.0,343500.0,7702
m15-kis/028260/2026.csv:202610021315,343500.0,344500.0,343000.0,344000.0,6191
m15-kis/028260/2026.csv:202610021330,344000.0,344000.0,342500.0,342500.0,4368
m15-kis/028260/2026.csv:202610021345,343000.0,345500.0,342500.0,345500.0,10298
m15-kis/028260/2026.csv:202610021400,345000.0,345500.0,343000.0,343500.0,5793
m15-kis/028260/2026.csv:202610021415,343000.0,345500.0,343000.0,344000.0,10501
m15-kis/028260/2026.csv:202610021430,344000.0,345500.0,343500.0,344500.0,10906
m15-kis/028260/2026.csv:202610021445,344500.0,345500.0,344000.0,344500.0,12160
m15-kis/028260/2026.csv:202610021500,344500.0,347000.0,344500.0,345500.0,14568
m15-kis/028260/2026.csv:202610021515,345500.0,346500.0,345500.0,346000.0,18447
m15-kis/028300/2026.csv:202610020900,39600.0,40000.0,39500.0,39550.0,62849
m15-kis/028300/2026.csv:202610020915,39500.0,40200.0,39450.0,40200.0,53514
m15-kis/028300/2026.csv:202610020930,40200.0,41050.0,40050.0,40500.0,85420
m15-kis/028300/2026.csv:202610020945,40550.0,41000.0,40500.0,40700.0,39723
m15-kis/028300/2026.csv:202610021000,40700.0,40750.0,40300.0,40550.0,26346
m15-kis/028300/2026.csv:202610021015,40600.0,40750.0,40150.0,40300.0,24271
m15-kis/028300/2026.csv:202610021030,40300.0,40300.0,39850.0,39950.0,26159
m15-kis/028300/2026.csv:202610021045,39950.0,40200.0,39900.0,40150.0,17500
m15-kis/028300/2026.csv:202610021100,40150.0,40200.0,40000.0,40050.0,11716
m15-kis/028300/2026.csv:202610021115,40050.0,40100.0,40000.0,40000.0,8967
m15-kis/028300/2026.csv:202610021130,40050.0,40250.0,40050.0,40250.0,12697
m15-kis/028300/2026.csv:202610021145,40250.0,40550.0,40200.0,40500.0,16231
m15-kis/028300/2026.csv:202610021200,40500.0,40600.0,40500.0,40550.0,13786
m15-kis/028300/2026.csv:202610021215,40600.0,40650.0,40500.0,40500.0,11796
m15-kis/028300/2026.csv:202610021230,40500.0,40600.0,40500.0,40550.0,6054
m15-kis/028300/2026.csv:202610021245,40550.0,40900.0,40350.0,40800.0,37268
m15-kis/028300/2026.csv:202610021300,40800.0,40850.0,40500.0,40600.0,16915
m15-kis/028300/2026.csv:202610021315,40600.0,40700.0,40500.0,40600.0,15592
m15-kis/028300/2026.csv:202610021330,40600.0,40750.0,40400.0,40600.0,15830
m15-kis/028300/2026.csv:202610021345,40600.0,40600.0,40500.0,40550.0,11127
m15-kis/028300/2026.csv:202610021400,40550.0,40800.0,40550.0,40700.0,15962
m15-kis/028300/2026.csv:202610021415,40700.0,40750.0,40500.0,40500.0,15703
m15-kis/028300/2026.csv:202610021430,40550.0,40550.0,40350.0,40500.0,22474
m15-kis/028300/2026.csv:202610021445,40550.0,40750.0,40500.0,40750.0,22709
m15-kis/028300/2026.csv:202610021500,40750.0,40750.0,40550.0,40600.0,31572
m15-kis/028300/2026.csv:202610021515,40550.0,40600.0,40400.0,40450.0,23235
m15-kis/028670/2026.csv:202610020900,5980.0,6030.0,5930.0,5940.0,289046
m15-kis/028670/2026.csv:202610020915,5940.0,6040.0,5930.0,6030.0,153218
m15-kis/028670/2026.csv:202610020930,6020.0,6070.0,6010.0,6040.0,222069
m15-kis/028670/2026.csv:202610020945,6040.0,6080.0,6020.0,6080.0,130444
m15-kis/028670/2026.csv:202610021000,6075.0,6100.0,6050.0,6100.0,195363
m15-kis/028670/2026.csv:202610021015,6100.0,6110.0,6030.0,6050.0,188081
m15-kis/028670/2026.csv:202610021030,6060.0,6110.0,6040.0,6100.0,163575
m15-kis/028670/2026.csv:202610021045,6100.0,6150.0,6100.0,6150.0,214243
m15-kis/028670/2026.csv:202610021100,6150.0,6250.0,6140.0,6230.0,747583
m15-kis/028670/2026.csv:202610021115,6230.0,6230.0,6190.0,6220.0,186403
m15-kis/028670/2026.csv:202610021130,6220.0,6220.0,6190.0,6210.0,168260
m15-kis/028670/2026.csv:202610021145,6210.0,6230.0,6200.0,6220.0,133693
m15-kis/028670/2026.csv:202610021200,6210.0,6220.0,6180.0,6200.0,114354
m15-kis/028670/2026.csv:202610021215,6200.0,6200.0,6160.0,6190.0,120299
m15-kis/028670/2026.csv:202610021230,6180.0,6200.0,6160.0,6170.0,113174
m15-kis/028670/2026.csv:202610021245,6170.0,6190.0,6160.0,6180.0,96722
m15-kis/028670/2026.csv:202610021300,6180.0,6200.0,6160.0,6180.0,108512
m15-kis/028670/2026.csv:202610021315,6180.0,6200.0,6170.0,6180.0,106722
m15-kis/028670/2026.csv:202610021330,6180.0,6200.0,6160.0,6180.0,96418
m15-kis/028670/2026.csv:202610021345,6180.0,6190.0,6160.0,6190.0,112538
m15-kis/028670/2026.csv:202610021400,6180.0,6190.0,6150.0,6170.0,113096
m15-kis/028670/2026.csv:202610021415,6170.0,6190.0,6150.0,6190.0,128800
m15-kis/028670/2026.csv:202610021430,6190.0,6200.0,6170.0,6190.0,176884
m15-kis/028670/2026.csv:202610021445,6190.0,6240.0,6190.0,6220.0,229403
m15-kis/028670/2026.csv:202610021500,6230.0,6240.0,6200.0,6240.0,190302
m15-kis/028670/2026.csv:202610021515,6240.0,6240.0,6210.0,6240.0,162240
m15-kis/029780/2026.csv:202610020900,41800.0,41950.0,41750.0,41750.0,973
m15-kis/029780/2026.csv:202610020915,41800.0,41850.0,41650.0,41750.0,3189
m15-kis/029780/2026.csv:202610020930,41700.0,41950.0,41700.0,41750.0,3286
m15-kis/029780/2026.csv:202610020945,41750.0,41850.0,41750.0,41800.0,1421
m15-kis/029780/2026.csv:202610021000,41750.0,41800.0,41700.0,41750.0,1274
m15-kis/029780/2026.csv:202610021015,41750.0,41850.0,41650.0,41700.0,1788
m15-kis/029780/2026.csv:202610021030,41700.0,41850.0,41650.0,41750.0,1697
m15-kis/029780/2026.csv:202610021045,41750.0,41850.0,41600.0,41700.0,2945
m15-kis/029780/2026.csv:202610021100,41750.0,41950.0,41700.0,41950.0,1489
m15-kis/029780/2026.csv:202610021115,41950.0,41950.0,41750.0,41800.0,1166
m15-kis/029780/2026.csv:202610021130,41750.0,41950.0,41750.0,41800.0,805
m15-kis/029780/2026.csv:202610021145,41800.0,41900.0,41750.0,41800.0,1069
m15-kis/029780/2026.csv:202610021200,41850.0,41900.0,41800.0,41900.0,1204
m15-kis/029780/2026.csv:202610021215,41900.0,41900.0,41800.0,41800.0,646
m15-kis/029780/2026.csv:202610021230,41800.0,41900.0,41800.0,41900.0,677
m15-kis/029780/2026.csv:202610021245,41850.0,41900.0,41800.0,41900.0,605
m15-kis/029780/2026.csv:202610021300,41850.0,41900.0,41850.0,41900.0,236
m15-kis/029780/2026.csv:202610021315,41900.0,41900.0,41800.0,41800.0,1071
m15-kis/029780/2026.csv:202610021330,41800.0,41850.0,41800.0,41800.0,764
m15-kis/029780/2026.csv:202610021345,41800.0,41850.0,41750.0,41800.0,1900
m15-kis/029780/2026.csv:202610021400,41800.0,41900.0,41800.0,41850.0,3017
m15-kis/029780/2026.csv:202610021415,41850.0,41850.0,41800.0,41850.0,467
m15-kis/029780/2026.csv:202610021430,41800.0,41850.0,41800.0,41800.0,707
m15-kis/029780/2026.csv:202610021445,41800.0,41950.0,41800.0,41900.0,3576
m15-kis/029780/2026.csv:202610021500,41900.0,41950.0,41750.0,41850.0,2707
m15-kis/029780/2026.csv:202610021515,41850.0,42000.0,41850.0,41950.0,3093
m15-kis/030000/2026.csv:202610020900,18700.0,18790.0,18700.0,18710.0,11741
m15-kis/030000/2026.csv:202610020915,18710.0,18730.0,18650.0,18700.0,8401
m15-kis/030000/2026.csv:202610020930,18680.0,18780.0,18680.0,18780.0,7947
m15-kis/030000/2026.csv:202610020945,18780.0,18790.0,18720.0,18780.0,4964
m15-kis/030000/2026.csv:202610021000,18750.0,18780.0,18710.0,18740.0,6018
m15-kis/030000/2026.csv:202610021015,18740.0,18780.0,18690.0,18700.0,6429
m15-kis/030000/2026.csv:202610021030,18690.0,18990.0,18680.0,18790.0,23190
m15-kis/030000/2026.csv:202610021045,18790.0,18810.0,18750.0,18800.0,6763
m15-kis/030000/2026.csv:202610021100,18790.0,18810.0,18770.0,18790.0,5329
m15-kis/030000/2026.csv:202610021115,18800.0,18810.0,18730.0,18810.0,8483
m15-kis/030000/2026.csv:202610021130,18810.0,18820.0,18770.0,18780.0,6011
m15-kis/030000/2026.csv:202610021145,18780.0,18800.0,18720.0,18770.0,7349
m15-kis/030000/2026.csv:202610021200,18760.0,18810.0,18750.0,18760.0,6074
m15-kis/030000/2026.csv:202610021215,18770.0,18780.0,18720.0,18780.0,5746
m15-kis/030000/2026.csv:202610021230,18780.0,18780.0,18740.0,18770.0,4540
m15-kis/030000/2026.csv:202610021245,18770.0,18800.0,18730.0,18760.0,5191
m15-kis/030000/2026.csv:202610021300,18760.0,18800.0,18750.0,18750.0,6542
m15-kis/030000/2026.csv:202610021315,18750.0,18780.0,18720.0,18740.0,5541
m15-kis/030000/2026.csv:202610021330,18730.0,18780.0,18710.0,18720.0,6951
m15-kis/030000/2026.csv:202610021345,18710.0,18750.0,18690.0,18730.0,10761
m15-kis/030000/2026.csv:202610021400,18730.0,18740.0,18700.0,18710.0,8785
m15-kis/030000/2026.csv:202610021415,18720.0,18740.0,18710.0,18720.0,8013
m15-kis/030000/2026.csv:202610021430,18710.0,18720.0,18690.0,18710.0,6259
m15-kis/030000/2026.csv:202610021445,18690.0,18750.0,18670.0,18710.0,9124
m15-kis/030000/2026.csv:202610021500,18710.0,18740.0,18670.0,18690.0,10480
m15-kis/030000/2026.csv:202610021515,18700.0,18720.0,18680.0,18700.0,10802
m15-kis/030190/2026.csv:202610020900,16280.0,16500.0,16280.0,16410.0,1482
m15-kis/030190/2026.csv:202610020915,16400.0,16480.0,16360.0,16440.0,658
m15-kis/030190/2026.csv:202610020930,16440.0,16450.0,16400.0,16400.0,1044
m15-kis/030190/2026.csv:202610020945,16400.0,16410.0,16350.0,16350.0,1220
m15-kis/030190/2026.csv:202610021000,16350.0,16380.0,16350.0,16360.0,504
m15-kis/030190/2026.csv:202610021015,16360.0,16380.0,16360.0,16380.0,344
m15-kis/030190/2026.csv:202610021030,16380.0,16380.0,16360.0,16370.0,445
m15-kis/030190/2026.csv:202610021045,16380.0,16500.0,16360.0,16490.0,1610
m15-kis/030190/2026.csv:202610021100,16480.0,16500.0,16410.0,16430.0,1828
m15-kis/030190/2026.csv:202610021115,16430.0,16430.0,16410.0,16420.0,601
m15-kis/030190/2026.csv:202610021130,16410.0,16470.0,16410.0,16440.0,380
m15-kis/030190/2026.csv:202610021145,16430.0,16450.0,16430.0,16440.0,325
m15-kis/030190/2026.csv:202610021200,16440.0,16490.0,16430.0,16490.0,730
m15-kis/030190/2026.csv:202610021215,16480.0,16490.0,16460.0,16470.0,899
m15-kis/030190/2026.csv:202610021230,16460.0,16470.0,16450.0,16470.0,427
m15-kis/030190/2026.csv:202610021245,16480.0,16480.0,16460.0,16460.0,284
m15-kis/030190/2026.csv:202610021300,16460.0,16480.0,16450.0,16460.0,1069
m15-kis/030190/2026.csv:202610021315,16460.0,16460.0,16420.0,16440.0,2789
m15-kis/030190/2026.csv:202610021330,16430.0,16440.0,16410.0,16440.0,1062
m15-kis/030190/2026.csv:202610021345,16440.0,16440.0,16380.0,16410.0,3614
m15-kis/030190/2026.csv:202610021400,16410.0,16450.0,16340.0,16350.0,3994
m15-kis/030190/2026.csv:202610021415,16350.0,16450.0,16340.0,16380.0,2200
m15-kis/030190/2026.csv:202610021430,16390.0,16390.0,16370.0,16380.0,684
m15-kis/030190/2026.csv:202610021445,16390.0,16400.0,16380.0,16390.0,721
m15-kis/030190/2026.csv:202610021500,16400.0,16410.0,16370.0,16370.0,1707
m15-kis/030190/2026.csv:202610021515,16370.0,16380.0,16270.0,16270.0,54963
m15-kis/030200/2026.csv:202610020900,51700.0,51900.0,51700.0,51700.0,3479
m15-kis/030200/2026.csv:202610020915,51700.0,51800.0,51600.0,51700.0,8632
m15-kis/030200/2026.csv:202610020930,51700.0,51800.0,51600.0,51600.0,7253
m15-kis/030200/2026.csv:202610020945,51700.0,51700.0,51600.0,51600.0,3154
m15-kis/030200/2026.csv:202610021000,51600.0,51700.0,51600.0,51600.0,1065
m15-kis/030200/2026.csv:202610021015,51700.0,51700.0,51600.0,51700.0,8737
m15-kis/030200/2026.csv:202610021030,51600.0,52000.0,51600.0,51900.0,18101
m15-kis/030200/2026.csv:202610021045,51900.0,51900.0,51700.0,51700.0,6726
m15-kis/030200/2026.csv:202610021100,51700.0,51800.0,51700.0,51700.0,1346
m15-kis/030200/2026.csv:202610021115,51800.0,51800.0,51700.0,51800.0,2060
m15-kis/030200/2026.csv:202610021130,51800.0,51800.0,51700.0,51800.0,1706
m15-kis/030200/2026.csv:202610021145,51800.0,51800.0,51700.0,51800.0,2386
m15-kis/030200/2026.csv:202610021200,51800.0,51800.0,51700.0,51750.0,8915
m15-kis/030200/2026.csv:202610021215,51800.0,52200.0,51700.0,51900.0,13605
m15-kis/030200/2026.csv:202610021230,51900.0,52000.0,51900.0,52000.0,6424
m15-kis/030200/2026.csv:202610021245,52000.0,52000.0,51800.0,52000.0,3784
m15-kis/030200/2026.csv:202610021300,52000.0,52000.0,51900.0,51900.0,2945
m15-kis/030200/2026.csv:202610021315,52000.0,52000.0,51900.0,51900.0,5834
m15-kis/030200/2026.csv:202610021330,52000.0,52000.0,51900.0,52000.0,1042
m15-kis/030200/2026.csv:202610021345,51900.0,52000.0,51900.0,52000.0,1655
m15-kis/030200/2026.csv:202610021400,52000.0,52000.0,51900.0,51900.0,1316
m15-kis/030200/2026.csv:202610021415,52000.0,52000.0,51900.0,52000.0,4684
m15-kis/030200/2026.csv:202610021430,52000.0,52000.0,51900.0,52000.0,1636
m15-kis/030200/2026.csv:202610021445,52000.0,52100.0,51900.0,52050.0,11188
m15-kis/030200/2026.csv:202610021500,52000.0,52100.0,51900.0,52000.0,8784
m15-kis/030200/2026.csv:202610021515,52000.0,52000.0,51800.0,51900.0,14570
m15-kis/030610/2026.csv:202610020900,9930.0,10000.0,9920.0,10000.0,951
m15-kis/030610/2026.csv:202610020915,9980.0,10000.0,9980.0,10000.0,268
m15-kis/030610/2026.csv:202610020930,10000.0,10000.0,9980.0,9990.0,152
m15-kis/030610/2026.csv:202610020945,9990.0,10000.0,9980.0,10000.0,163
m15-kis/030610/2026.csv:202610021000,10000.0,10000.0,9980.0,9990.0,145
m15-kis/030610/2026.csv:202610021015,9990.0,9990.0,9960.0,9960.0,169
m15-kis/030610/2026.csv:202610021030,9970.0,9970.0,9930.0,9940.0,133
m15-kis/030610/2026.csv:202610021045,9940.0,9980.0,9940.0,9980.0,429
m15-kis/030610/2026.csv:202610021100,9980.0,9980.0,9970.0,9970.0,200
m15-kis/030610/2026.csv:202610021115,9970.0,9980.0,9940.0,9970.0,680
m15-kis/030610/2026.csv:202610021130,9970.0,9980.0,9970.0,9980.0,472
m15-kis/030610/2026.csv:202610021145,9980.0,9980.0,9960.0,9960.0,259
m15-kis/030610/2026.csv:202610021200,9960.0,9960.0,9880.0,9960.0,1395
m15-kis/030610/2026.csv:202610021215,9960.0,9960.0,9960.0,9960.0,671
m15-kis/030610/2026.csv:202610021230,9950.0,9950.0,9950.0,9950.0,60
m15-kis/030610/2026.csv:202610021245,9940.0,9960.0,9940.0,9960.0,488
m15-kis/030610/2026.csv:202610021300,9960.0,9960.0,9950.0,9950.0,80
m15-kis/030610/2026.csv:202610021315,9950.0,9960.0,9940.0,9940.0,254
m15-kis/030610/2026.csv:202610021330,9940.0,9960.0,9940.0,9960.0,107
m15-kis/030610/2026.csv:202610021345,9950.0,9950.0,9930.0,9940.0,701
m15-kis/030610/2026.csv:202610021400,9960.0,9960.0,9930.0,9930.0,226
m15-kis/030610/2026.csv:202610021415,9950.0,9950.0,9940.0,9940.0,69
m15-kis/030610/2026.csv:202610021430,9940.0,9950.0,9930.0,9940.0,575
m15-kis/030610/2026.csv:202610021445,9940.0,9970.0,9940.0,9970.0,394
m15-kis/030610/2026.csv:202610021500,9970.0,9990.0,9930.0,9930.0,998
m15-kis/030610/2026.csv:202610021515,9970.0,9970.0,9910.0,9910.0,1208
m15-kis/031210/2026.csv:202610020900,42500.0,42500.0,39800.0,39800.0,3722
m15-kis/031210/2026.csv:202610020915,42550.0,42550.0,41900.0,41900.0,2889
m15-kis/031210/2026.csv:202610020930,41900.0,42050.0,41900.0,42000.0,1255
m15-kis/031210/2026.csv:202610020945,41950.0,42050.0,41850.0,41900.0,1669
m15-kis/031210/2026.csv:202610021000,41900.0,42200.0,41850.0,41950.0,768
m15-kis/031210/2026.csv:202610021015,41950.0,42150.0,41950.0,42050.0,677
m15-kis/031210/2026.csv:202610021030,42050.0,42100.0,42050.0,42100.0,198
m15-kis/031210/2026.csv:202610021045,42100.0,42150.0,42000.0,42050.0,452
m15-kis/031210/2026.csv:202610021100,42050.0,42100.0,42000.0,42100.0,539
m15-kis/031210/2026.csv:202610021115,42100.0,42100.0,41900.0,41900.0,1787
m15-kis/031210/2026.csv:202610021130,41950.0,41950.0,41900.0,41900.0,783
m15-kis/031210/2026.csv:202610021145,41900.0,42100.0,41800.0,42100.0,1380
m15-kis/031210/2026.csv:202610021200,42000.0,42100.0,41900.0,41950.0,220
m15-kis/031210/2026.csv:202610021215,41950.0,42000.0,41900.0,41950.0,569
m15-kis/031210/2026.csv:202610021230,41950.0,42000.0,41900.0,41950.0,383
m15-kis/031210/2026.csv:202610021245,42000.0,42050.0,42000.0,42050.0,332
m15-kis/031210/2026.csv:202610021300,42050.0,42050.0,41950.0,41950.0,538
m15-kis/031210/2026.csv:202610021315,42000.0,42000.0,41950.0,42000.0,646
m15-kis/031210/2026.csv:202610021330,42000.0,42000.0,41950.0,42000.0,385
m15-kis/031210/2026.csv:202610021345,42000.0,42150.0,41900.0,42050.0,1130
m15-kis/031210/2026.csv:202610021400,42050.0,42100.0,42000.0,42050.0,691
m15-kis/031210/2026.csv:202610021415,42050.0,42600.0,42000.0,42050.0,1825
m15-kis/031210/2026.csv:202610021430,42100.0,42150.0,42050.0,42050.0,611
m15-kis/031210/2026.csv:202610021445,42100.0,42150.0,41900.0,42050.0,2632
m15-kis/031210/2026.csv:202610021500,42050.0,42200.0,42050.0,42100.0,1061
m15-kis/031210/2026.csv:202610021515,42100.0,42450.0,42000.0,42050.0,1678
m15-kis/031330/2026.csv:202610020900,8800.0,8910.0,8800.0,8820.0,40999
m15-kis/031330/2026.csv:202610020915,8820.0,8860.0,8750.0,8840.0,29438
m15-kis/031330/2026.csv:202610020930,8840.0,8860.0,8720.0,8830.0,25505
m15-kis/031330/2026.csv:202610020945,8830.0,8960.0,8820.0,8960.0,52962
m15-kis/031330/2026.csv:202610021000,8940.0,8980.0,8870.0,8980.0,32906
m15-kis/031330/2026.csv:202610021015,8980.0,9000.0,8890.0,8910.0,29338
m15-kis/031330/2026.csv:202610021030,8910.0,8910.0,8850.0,8860.0,11804
m15-kis/031330/2026.csv:202610021045,8860.0,8910.0,8860.0,8890.0,5088
m15-kis/031330/2026.csv:202610021100,8900.0,8910.0,8860.0,8870.0,2431
m15-kis/031330/2026.csv:202610021115,8870.0,8880.0,8830.0,8840.0,14651
m15-kis/031330/2026.csv:202610021130,8840.0,8870.0,8840.0,8870.0,6603
m15-kis/031330/2026.csv:202610021145,8870.0,8900.0,8870.0,8900.0,3593
m15-kis/031330/2026.csv:202610021200,8900.0,8910.0,8890.0,8890.0,6086
m15-kis/031330/2026.csv:202610021215,8900.0,8900.0,8870.0,8870.0,14178
m15-kis/031330/2026.csv:202610021230,8870.0,8880.0,8830.0,8840.0,6264
m15-kis/031330/2026.csv:202610021245,8840.0,8840.0,8770.0,8770.0,22344
m15-kis/031330/2026.csv:202610021300,8770.0,8790.0,8730.0,8780.0,10716
m15-kis/031330/2026.csv:202610021315,8770.0,8820.0,8770.0,8810.0,4087
m15-kis/031330/2026.csv:202610021330,8810.0,8820.0,8800.0,8820.0,4236
m15-kis/031330/2026.csv:202610021345,8800.0,8850.0,8800.0,8830.0,4325
m15-kis/031330/2026.csv:202610021400,8830.0,8860.0,8800.0,8830.0,12587
m15-kis/031330/2026.csv:202610021415,8840.0,8850.0,8810.0,8820.0,22591
m15-kis/031330/2026.csv:202610021430,8820.0,8830.0,8800.0,8820.0,11452
m15-kis/031330/2026.csv:202610021445,8820.0,8820.0,8770.0,8820.0,11109
m15-kis/031330/2026.csv:202610021500,8820.0,8830.0,8810.0,8820.0,16037
m15-kis/031330/2026.csv:202610021515,8830.0,8850.0,8810.0,8850.0,10993
m15-kis/031980/2026.csv:202610020900,190400.0,193000.0,189100.0,190600.0,10342
m15-kis/031980/2026.csv:202610020915,190600.0,192500.0,189100.0,190800.0,9067
m15-kis/031980/2026.csv:202610020930,190700.0,192000.0,189700.0,192000.0,6498
m15-kis/031980/2026.csv:202610020945,192000.0,195500.0,191900.0,194300.0,12190
m15-kis/031980/2026.csv:202610021000,194300.0,194300.0,190000.0,192700.0,9181
m15-kis/031980/2026.csv:202610021015,192000.0,192000.0,189500.0,189600.0,10285
m15-kis/031980/2026.csv:202610021030,189500.0,190900.0,189100.0,190300.0,7531
m15-kis/031980/2026.csv:202610021045,190200.0,190800.0,189800.0,190400.0,4980
m15-kis/031980/2026.csv:202610021100,190300.0,190400.0,189100.0,189100.0,5875
m15-kis/031980/2026.csv:202610021115,189100.0,189200.0,187700.0,187700.0,6494
m15-kis/031980/2026.csv:202610021130,187800.0,187800.0,185400.0,185400.0,7958
m15-kis/031980/2026.csv:202610021145,185400.0,186300.0,185100.0,185500.0,5508
m15-kis/031980/2026.csv:202610021200,185500.0,187600.0,185400.0,186500.0,5133
m15-kis/031980/2026.csv:202610021215,186600.0,186900.0,185300.0,185300.0,5949
m15-kis/031980/2026.csv:202610021230,185200.0,185300.0,184100.0,184300.0,6182
m15-kis/031980/2026.csv:202610021245,184200.0,184300.0,183500.0,184100.0,6312
m15-kis/031980/2026.csv:202610021300,184200.0,185900.0,183500.0,184800.0,7663
m15-kis/031980/2026.csv:202610021315,184700.0,184700.0,183500.0,184100.0,5620
m15-kis/031980/2026.csv:202610021330,184100.0,184700.0,183300.0,184200.0,6217
m15-kis/031980/2026.csv:202610021345,184200.0,188600.0,183500.0,188600.0,7670
m15-kis/031980/2026.csv:202610021400,188600.0,191500.0,188600.0,191100.0,12101
m15-kis/031980/2026.csv:202610021415,191100.0,191400.0,188600.0,188600.0,6242
m15-kis/031980/2026.csv:202610021430,188600.0,191400.0,187900.0,191100.0,5584
m15-kis/031980/2026.csv:202610021445,191100.0,192000.0,190400.0,192000.0,8485
m15-kis/031980/2026.csv:202610021500,192000.0,194500.0,191900.0,193100.0,13071
m15-kis/031980/2026.csv:202610021515,193500.0,193600.0,192200.0,193600.0,5625
m15-kis/032190/2026.csv:202610020900,19380.0,19520.0,19380.0,19480.0,1874
m15-kis/032190/2026.csv:202610020915,19490.0,19490.0,19270.0,19290.0,2070
m15-kis/032190/2026.csv:202610020930,19290.0,19300.0,19110.0,19160.0,4368
m15-kis/032190/2026.csv:202610020945,19160.0,19170.0,19090.0,19090.0,4794
m15-kis/032190/2026.csv:202610021000,19090.0,19090.0,18930.0,19040.0,8050
m15-kis/032190/2026.csv:202610021015,19040.0,19040.0,18950.0,18990.0,3438
m15-kis/032190/2026.csv:202610021030,18990.0,18990.0,18860.0,18890.0,12672
m15-kis/032190/2026.csv:202610021045,18890.0,18990.0,18880.0,18910.0,3373
m15-kis/032190/2026.csv:202610021100,18910.0,18920.0,18900.0,18910.0,901
m15-kis/032190/2026.csv:202610021115,18910.0,18910.0,18870.0,18870.0,2863
m15-kis/032190/2026.csv:202610021130,18870.0,18870.0,18860.0,18870.0,2097
m15-kis/032190/2026.csv:202610021145,18870.0,18910.0,18860.0,18910.0,2612
m15-kis/032190/2026.csv:202610021200,18910.0,18920.0,18870.0,18870.0,1643
m15-kis/032190/2026.csv:202610021215,18890.0,18890.0,18830.0,18830.0,7820
m15-kis/032190/2026.csv:202610021230,18840.0,18840.0,18800.0,18800.0,5592
m15-kis/032190/2026.csv:202610021245,18800.0,18800.0,18730.0,18760.0,8069
m15-kis/032190/2026.csv:202610021300,18750.0,18810.0,18740.0,18800.0,2610
m15-kis/032190/2026.csv:202610021315,18800.0,18870.0,18780.0,18850.0,2420
m15-kis/032190/2026.csv:202610021330,18850.0,18860.0,18800.0,18810.0,2167
m15-kis/032190/2026.csv:202610021345,18820.0,18890.0,18820.0,18880.0,2550
m15-kis/032190/2026.csv:202610021400,18890.0,18980.0,18880.0,18940.0,3501
m15-kis/032190/2026.csv:202610021415,18910.0,18950.0,18870.0,18890.0,2091
m15-kis/032190/2026.csv:202610021430,18890.0,18910.0,18840.0,18860.0,2003
m15-kis/032190/2026.csv:202610021445,18870.0,19000.0,18860.0,18930.0,4285
m15-kis/032190/2026.csv:202610021500,18920.0,18940.0,18890.0,18910.0,2240
m15-kis/032190/2026.csv:202610021515,18890.0,18920.0,18880.0,18920.0,1664
m15-kis/032350/2026.csv:202610020900,11400.0,11460.0,11070.0,11090.0,74623
m15-kis/032350/2026.csv:202610020915,11140.0,11140.0,10750.0,10940.0,96134
m15-kis/032350/2026.csv:202610020930,10940.0,11100.0,10930.0,10980.0,45527
m15-kis/032350/2026.csv:202610020945,10990.0,11480.0,10870.0,11020.0,148460
m15-kis/032350/2026.csv:202610021000,11020.0,11210.0,11000.0,11050.0,22742
m15-kis/032350/2026.csv:202610021015,11060.0,11130.0,10860.0,10900.0,64255
m15-kis/032350/2026.csv:202610021030,10900.0,11040.0,10830.0,10840.0,91291
m15-kis/032350/2026.csv:202610021045,10840.0,10840.0,10790.0,10810.0,55823
m15-kis/032350/2026.csv:202610021100,10810.0,10810.0,10730.0,10750.0,60498
m15-kis/032350/2026.csv:202610021115,10750.0,10870.0,10610.0,10640.0,78581
m15-kis/032350/2026.csv:202610021130,10630.0,10970.0,10620.0,10950.0,52973
m15-kis/032350/2026.csv:202610021145,10950.0,11030.0,10890.0,10980.0,37438
m15-kis/032350/2026.csv:202610021200,10930.0,10990.0,10890.0,10920.0,28196
m15-kis/032350/2026.csv:202610021215,10920.0,11040.0,10880.0,10960.0,35117
m15-kis/032350/2026.csv:202610021230,10960.0,11070.0,10910.0,10950.0,29449
m15-kis/032350/2026.csv:202610021245,10970.0,11070.0,10940.0,10980.0,34906
m15-kis/032350/2026.csv:202610021300,10970.0,10990.0,10940.0,10950.0,22050
m15-kis/032350/2026.csv:202610021315,10940.0,10990.0,10870.0,10880.0,39472
m15-kis/032350/2026.csv:202610021330,10890.0,11010.0,10870.0,11000.0,36619
m15-kis/032350/2026.csv:202610021345,11000.0,11010.0,10880.0,10940.0,39593
m15-kis/032350/2026.csv:202610021400,10930.0,10980.0,10900.0,10940.0,28719
m15-kis/032350/2026.csv:202610021415,10930.0,10980.0,10880.0,10910.0,32348
m15-kis/032350/2026.csv:202610021430,10910.0,10980.0,10880.0,10890.0,35154
m15-kis/032350/2026.csv:202610021445,10900.0,10980.0,10880.0,10910.0,33075
m15-kis/032350/2026.csv:202610021500,10910.0,10930.0,10850.0,10860.0,41334
m15-kis/032350/2026.csv:202610021515,10870.0,10920.0,10860.0,10880.0,14555
m15-kis/032640/2026.csv:202610020900,14485.0,14590.0,14470.0,14560.0,6191
m15-kis/032640/2026.csv:202610020915,14550.0,14560.0,14500.0,14500.0,12401
m15-kis/032640/2026.csv:202610020930,14500.0,14510.0,14450.0,14480.0,21625
m15-kis/032640/2026.csv:202610020945,14490.0,14510.0,14460.0,14500.0,16219
m15-kis/032640/2026.csv:202610021000,14500.0,14530.0,14470.0,14520.0,9551
m15-kis/032640/2026.csv:202610021015,14510.0,14550.0,14470.0,14510.0,8280
m15-kis/032640/2026.csv:202610021030,14515.0,14630.0,14490.0,14550.0,22926
m15-kis/032640/2026.csv:202610021045,14550.0,14600.0,14550.0,14570.0,9919
m15-kis/032640/2026.csv:202610021100,14570.0,14600.0,14550.0,14560.0,5566
m15-kis/032640/2026.csv:202610021115,14560.0,14570.0,14530.0,14550.0,8742
m15-kis/032640/2026.csv:202610021130,14540.0,14570.0,14540.0,14570.0,5480
m15-kis/032640/2026.csv:202610021145,14570.0,14590.0,14530.0,14540.0,10239
m15-kis/032640/2026.csv:202610021200,14530.0,14580.0,14520.0,14530.0,9643
m15-kis/032640/2026.csv:202610021215,14530.0,14570.0,14510.0,14520.0,8536
m15-kis/032640/2026.csv:202610021230,14520.0,14530.0,14510.0,14530.0,5566
m15-kis/032640/2026.csv:202610021245,14530.0,14530.0,14510.0,14515.0,3372
m15-kis/032640/2026.csv:202610021300,14520.0,14560.0,14515.0,14520.0,8751
m15-kis/032640/2026.csv:202610021315,14520.0,14560.0,14510.0,14510.0,6401
m15-kis/032640/2026.csv:202610021330,14520.0,14550.0,14490.0,14490.0,10205
m15-kis/032640/2026.csv:202610021345,14490.0,14540.0,14490.0,14530.0,8829
m15-kis/032640/2026.csv:202610021400,14530.0,14540.0,14510.0,14520.0,9504
m15-kis/032640/2026.csv:202610021415,14520.0,14560.0,14520.0,14540.0,11338
m15-kis/032640/2026.csv:202610021430,14530.0,14570.0,14490.0,14510.0,33189
m15-kis/032640/2026.csv:202610021445,14500.0,14570.0,14480.0,14540.0,37248
m15-kis/032640/2026.csv:202610021500,14530.0,14570.0,14500.0,14530.0,39212
m15-kis/032640/2026.csv:202610021515,14530.0,14560.0,14500.0,14550.0,39173
m15-kis/032820/2026.csv:202610020900,12400.0,12620.0,12380.0,12500.0,185817
m15-kis/032820/2026.csv:202610020915,12480.0,12590.0,12460.0,12550.0,90126
m15-kis/032820/2026.csv:202610020930,12550.0,12700.0,12540.0,12640.0,162579
m15-kis/032820/2026.csv:202610020945,12640.0,12660.0,12610.0,12620.0,85542
m15-kis/032820/2026.csv:202610021000,12620.0,12630.0,12540.0,12620.0,95941
m15-kis/032820/2026.csv:202610021015,12610.0,12620.0,12550.0,12570.0,58954
m15-kis/032820/2026.csv:202610021030,12570.0,12570.0,12460.0,12500.0,126630
m15-kis/032820/2026.csv:202610021045,12500.0,12600.0,12480.0,12570.0,52382
m15-kis/032820/2026.csv:202610021100,12570.0,12610.0,12560.0,12580.0,41770
m15-kis/032820/2026.csv:202610021115,12580.0,12630.0,12580.0,12600.0,61052
m15-kis/032820/2026.csv:202610021130,12600.0,12660.0,12590.0,12640.0,42314
m15-kis/032820/2026.csv:202610021145,12650.0,12750.0,12640.0,12740.0,111187
m15-kis/032820/2026.csv:202610021200,12740.0,12750.0,12680.0,12690.0,40750
m15-kis/032820/2026.csv:202610021215,12680.0,12700.0,12650.0,12670.0,50472
m15-kis/032820/2026.csv:202610021230,12660.0,12700.0,12630.0,12630.0,36222
m15-kis/032820/2026.csv:202610021245,12630.0,12650.0,12570.0,12630.0,51065
m15-kis/032820/2026.csv:202610021300,12630.0,12650.0,12570.0,12590.0,52199
m15-kis/032820/2026.csv:202610021315,12590.0,12600.0,12580.0,12600.0,33778
m15-kis/032820/2026.csv:202610021330,12600.0,12680.0,12600.0,12680.0,66441
m15-kis/032820/2026.csv:202610021345,12680.0,12730.0,12660.0,12710.0,68727
m15-kis/032820/2026.csv:202610021400,12700.0,12720.0,12680.0,12690.0,46261
m15-kis/032820/2026.csv:202610021415,12690.0,12700.0,12670.0,12670.0,40603
m15-kis/032820/2026.csv:202610021430,12675.0,12675.0,12620.0,12630.0,43864
m15-kis/032820/2026.csv:202610021445,12625.0,12700.0,12620.0,12700.0,40618
m15-kis/032820/2026.csv:202610021500,12700.0,12720.0,12670.0,12720.0,51694
m15-kis/032820/2026.csv:202610021515,12715.0,12720.0,12690.0,12700.0,60188
m15-kis/032830/2026.csv:202610020900,281500.0,286500.0,281000.0,285000.0,23754
m15-kis/032830/2026.csv:202610020915,285500.0,287000.0,284000.0,285000.0,10259
m15-kis/032830/2026.csv:202610020930,284500.0,284500.0,281500.0,282500.0,10010
m15-kis/032830/2026.csv:202610020945,282500.0,284000.0,282500.0,283500.0,4261
m15-kis/032830/2026.csv:202610021000,283500.0,284500.0,282000.0,284000.0,4523
m15-kis/032830/2026.csv:202610021015,284000.0,284500.0,282500.0,283000.0,3107
m15-kis/032830/2026.csv:202610021030,283000.0,283000.0,282500.0,282500.0,1779
m15-kis/032830/2026.csv:202610021045,282500.0,284500.0,282500.0,283000.0,4323
m15-kis/032830/2026.csv:202610021100,283000.0,284000.0,283000.0,283500.0,2268
m15-kis/032830/2026.csv:202610021115,283500.0,284500.0,282500.0,283500.0,3040
m15-kis/032830/2026.csv:202610021130,283500.0,284000.0,282500.0,283000.0,2558
m15-kis/032830/2026.csv:202610021145,282500.0,284000.0,282500.0,283500.0,2871
m15-kis/032830/2026.csv:202610021200,283000.0,284500.0,283000.0,283500.0,3218
m15-kis/032830/2026.csv:202610021215,283500.0,284500.0,283000.0,283000.0,2572
m15-kis/032830/2026.csv:202610021230,283000.0,286000.0,283000.0,285000.0,5685
m15-kis/032830/2026.csv:202610021245,285500.0,286500.0,284500.0,285500.0,6328
m15-kis/032830/2026.csv:202610021300,285500.0,287500.0,285500.0,286000.0,7417
m15-kis/032830/2026.csv:202610021315,286000.0,287500.0,285000.0,286000.0,5617
m15-kis/032830/2026.csv:202610021330,286000.0,286500.0,284500.0,285000.0,5601
m15-kis/032830/2026.csv:202610021345,285500.0,287500.0,285000.0,287000.0,5960
m15-kis/032830/2026.csv:202610021400,287000.0,287500.0,285500.0,285500.0,6052
m15-kis/032830/2026.csv:202610021415,285500.0,287500.0,285500.0,287000.0,6186
m15-kis/032830/2026.csv:202610021430,286500.0,288500.0,286500.0,287500.0,10744
m15-kis/032830/2026.csv:202610021445,287500.0,289000.0,287000.0,287500.0,10010
m15-kis/032830/2026.csv:202610021500,287500.0,289000.0,287500.0,289000.0,8297
m15-kis/032830/2026.csv:202610021515,289000.0,289000.0,287500.0,289000.0,19042
m15-kis/033100/2026.csv:202610020900,49200.0,49550.0,48800.0,48850.0,11102
m15-kis/033100/2026.csv:202610020915,48850.0,49250.0,48850.0,49250.0,4961
m15-kis/033100/2026.csv:202610020930,49300.0,49600.0,48900.0,49550.0,6932
m15-kis/033100/2026.csv:202610020945,49450.0,49700.0,49400.0,49450.0,8755
m15-kis/033100/2026.csv:202610021000,49450.0,49450.0,49100.0,49350.0,6242
m15-kis/033100/2026.csv:202610021015,49300.0,49450.0,49300.0,49400.0,2533
m15-kis/033100/2026.csv:202610021030,49400.0,49400.0,48900.0,48950.0,3615
m15-kis/033100/2026.csv:202610021045,48950.0,49300.0,48900.0,49250.0,1389
m15-kis/033100/2026.csv:202610021100,49225.0,49450.0,49200.0,49350.0,1345
m15-kis/033100/2026.csv:202610021115,49350.0,49350.0,49250.0,49300.0,637
m15-kis/033100/2026.csv:202610021130,49200.0,49600.0,49200.0,49550.0,3385
m15-kis/033100/2026.csv:202610021145,49550.0,49600.0,49450.0,49500.0,1597
m15-kis/033100/2026.csv:202610021200,49500.0,49600.0,49300.0,49300.0,1157
m15-kis/033100/2026.csv:202610021215,49325.0,49350.0,49100.0,49100.0,1644
m15-kis/033100/2026.csv:202610021230,49100.0,49250.0,49000.0,49050.0,1556
m15-kis/033100/2026.csv:202610021245,49050.0,49050.0,48900.0,49050.0,1892
m15-kis/033100/2026.csv:202610021300,49050.0,49050.0,48850.0,48950.0,1190
m15-kis/033100/2026.csv:202610021315,48950.0,49250.0,48950.0,49250.0,1752
m15-kis/033100/2026.csv:202610021330,49200.0,49250.0,49150.0,49200.0,825
m15-kis/033100/2026.csv:202610021345,49150.0,49250.0,49100.0,49200.0,758
m15-kis/033100/2026.csv:202610021400,49250.0,49600.0,49150.0,49550.0,5383
m15-kis/033100/2026.csv:202610021415,49550.0,49750.0,49450.0,49550.0,6646
m15-kis/033100/2026.csv:202610021430,49500.0,49650.0,49200.0,49600.0,7308
m15-kis/033100/2026.csv:202610021445,49600.0,49700.0,49550.0,49650.0,6466
m15-kis/033100/2026.csv:202610021500,49650.0,49650.0,49300.0,49500.0,4543
m15-kis/033100/2026.csv:202610021515,49450.0,49500.0,49300.0,49400.0,4077
m15-kis/033240/2026.csv:202610020900,27500.0,28300.0,27500.0,27950.0,6979
m15-kis/033240/2026.csv:202610020915,27900.0,28100.0,27750.0,27950.0,8613
m15-kis/033240/2026.csv:202610020930,27950.0,28250.0,27950.0,28150.0,3674
m15-kis/033240/2026.csv:202610020945,28150.0,28250.0,28100.0,28200.0,2973
m15-kis/033240/2026.csv:202610021000,28200.0,28200.0,27900.0,27950.0,3592
m15-kis/033240/2026.csv:202610021015,27950.0,28000.0,27750.0,27900.0,3326
m15-kis/033240/2026.csv:202610021030,27950.0,27950.0,27600.0,27750.0,2286
m15-kis/033240/2026.csv:202610021045,27700.0,27850.0,27650.0,27850.0,4740
m15-kis/033240/2026.csv:202610021100,27950.0,27950.0,27700.0,27800.0,1143
m15-kis/033240/2026.csv:202610021115,27775.0,27800.0,27650.0,27650.0,2188
m15-kis/033240/2026.csv:202610021130,27650.0,27700.0,27600.0,27600.0,900
m15-kis/033240/2026.csv:202610021145,27600.0,27600.0,27500.0,27600.0,2311
m15-kis/033240/2026.csv:202610021200,27650.0,27650.0,27500.0,27550.0,632
m15-kis/033240/2026.csv:202610021215,27500.0,27500.0,27400.0,27450.0,1985
m15-kis/033240/2026.csv:202610021230,27450.0,27450.0,27300.0,27300.0,1760
m15-kis/033240/2026.csv:202610021245,27350.0,27350.0,27250.0,27350.0,826
m15-kis/033240/2026.csv:202610021300,27400.0,27400.0,27100.0,27200.0,2065
m15-kis/033240/2026.csv:202610021315,27150.0,27250.0,27150.0,27250.0,667
m15-kis/033240/2026.csv:202610021330,27300.0,27300.0,27250.0,27250.0,258
m15-kis/033240/2026.csv:202610021345,27300.0,27300.0,27200.0,27300.0,266
m15-kis/033240/2026.csv:202610021400,27350.0,27500.0,27300.0,27400.0,295
m15-kis/033240/2026.csv:202610021415,27400.0,28300.0,27400.0,28050.0,19601
m15-kis/033240/2026.csv:202610021430,28050.0,28050.0,27800.0,27850.0,3586
m15-kis/033240/2026.csv:202610021445,27850.0,27900.0,27750.0,27850.0,6619
m15-kis/033240/2026.csv:202610021500,27900.0,28050.0,27850.0,28000.0,1606
m15-kis/033240/2026.csv:202610021515,28050.0,28100.0,27850.0,28050.0,2634
m15-kis/033500/2026.csv:202610020900,16060.0,16380.0,16060.0,16340.0,11236
m15-kis/033500/2026.csv:202610020915,16340.0,16340.0,16210.0,16320.0,3310
m15-kis/033500/2026.csv:202610020930,16320.0,16440.0,16320.0,16390.0,5179
m15-kis/033500/2026.csv:202610020945,16400.0,16400.0,16330.0,16370.0,2794
m15-kis/033500/2026.csv:202610021000,16370.0,16370.0,16290.0,16310.0,2147
m15-kis/033500/2026.csv:202610021015,16310.0,16370.0,16270.0,16280.0,2695
m15-kis/033500/2026.csv:202610021030,16280.0,16280.0,16210.0,16260.0,1590
m15-kis/033500/2026.csv:202610021045,16250.0,16320.0,16250.0,16310.0,852
m15-kis/033500/2026.csv:202610021100,16310.0,16360.0,16300.0,16330.0,2357
m15-kis/033500/2026.csv:202610021115,16330.0,16350.0,16310.0,16320.0,1375
m15-kis/033500/2026.csv:202610021130,16320.0,16360.0,16310.0,16350.0,1062
m15-kis/033500/2026.csv:202610021145,16350.0,16360.0,16340.0,16350.0,1566
m15-kis/033500/2026.csv:202610021200,16350.0,16360.0,16320.0,16330.0,1842
m15-kis/033500/2026.csv:202610021215,16340.0,16350.0,16290.0,16300.0,1664
m15-kis/033500/2026.csv:202610021230,16310.0,16320.0,16280.0,16310.0,2369
m15-kis/033500/2026.csv:202610021245,16300.0,16320.0,16260.0,16310.0,1053
m15-kis/033500/2026.csv:202610021300,16320.0,16350.0,16280.0,16300.0,1664
m15-kis/033500/2026.csv:202610021315,16290.0,16300.0,16280.0,16290.0,1529
m15-kis/033500/2026.csv:202610021330,16290.0,16300.0,16280.0,16290.0,1018
m15-kis/033500/2026.csv:202610021345,16300.0,16320.0,16280.0,16290.0,1430
m15-kis/033500/2026.csv:202610021400,16300.0,16340.0,16300.0,16330.0,1835
m15-kis/033500/2026.csv:202610021415,16340.0,16350.0,16300.0,16300.0,1627
m15-kis/033500/2026.csv:202610021430,16290.0,16340.0,16280.0,16320.0,1071
m15-kis/033500/2026.csv:202610021445,16320.0,16350.0,16310.0,16340.0,2510
m15-kis/033500/2026.csv:202610021500,16350.0,16360.0,16330.0,16340.0,2194
m15-kis/033500/2026.csv:202610021515,16340.0,16370.0,16300.0,16370.0,4340
m15-kis/033780/2026.csv:202610020900,175000.0,176000.0,174700.0,175700.0,4469
m15-kis/033780/2026.csv:202610020915,175500.0,176000.0,175000.0,175300.0,7592
m15-kis/033780/2026.csv:202610020930,175400.0,175900.0,175100.0,175100.0,7400
m15-kis/033780/2026.csv:202610020945,175300.0,175400.0,174700.0,175100.0,6101
m15-kis/033780/2026.csv:202610021000,174900.0,175400.0,174600.0,175400.0,4893
m15-kis/033780/2026.csv:202610021015,175400.0,175700.0,175300.0,175500.0,4151
m15-kis/033780/2026.csv:202610021030,175500.0,176400.0,175500.0,175800.0,7791
m15-kis/033780/2026.csv:202610021045,175900.0,176500.0,175800.0,176100.0,4686
m15-kis/033780/2026.csv:202610021100,176100.0,176400.0,176100.0,176400.0,3025
m15-kis/033780/2026.csv:202610021115,176500.0,176800.0,176100.0,176400.0,4639
m15-kis/033780/2026.csv:202610021130,176300.0,176800.0,176300.0,176700.0,4994
m15-kis/033780/2026.csv:202610021145,176700.0,176800.0,176300.0,176300.0,5647
m15-kis/033780/2026.csv:202610021200,176300.0,176500.0,176200.0,176500.0,3751
m15-kis/033780/2026.csv:202610021215,176500.0,176600.0,176200.0,176300.0,3878
m15-kis/033780/2026.csv:202610021230,176200.0,176700.0,176200.0,176500.0,2660
m15-kis/033780/2026.csv:202610021245,176600.0,176700.0,176500.0,176500.0,2867
m15-kis/033780/2026.csv:202610021300,176500.0,176700.0,176500.0,176600.0,2532
m15-kis/033780/2026.csv:202610021315,176700.0,176700.0,175800.0,176000.0,10484
m15-kis/033780/2026.csv:202610021330,175900.0,176200.0,175900.0,176000.0,4376
m15-kis/033780/2026.csv:202610021345,176000.0,176200.0,175700.0,176100.0,8047
m15-kis/033780/2026.csv:202610021400,176100.0,176200.0,175600.0,175700.0,4361
m15-kis/033780/2026.csv:202610021415,175700.0,176100.0,175600.0,175800.0,4596
m15-kis/033780/2026.csv:202610021430,175700.0,176500.0,175600.0,176300.0,6594
m15-kis/033780/2026.csv:202610021445,176300.0,176800.0,176200.0,176500.0,6219
m15-kis/033780/2026.csv:202610021500,176500.0,176900.0,176300.0,176700.0,7809
m15-kis/033780/2026.csv:202610021515,176700.0,176900.0,176500.0,176900.0,10478
m15-kis/033790/2026.csv:202610020900,9070.0,9340.0,9020.0,9280.0,234867
m15-kis/033790/2026.csv:202610020915,9270.0,9850.0,9200.0,9800.0,474481
m15-kis/033790/2026.csv:202610020930,9820.0,10070.0,9740.0,9860.0,522455
m15-kis/033790/2026.csv:202610020945,9860.0,10020.0,9800.0,9890.0,222673
m15-kis/033790/2026.csv:202610021000,9890.0,9960.0,9770.0,9780.0,125622
m15-kis/033790/2026.csv:202610021015,9780.0,9780.0,9550.0,9600.0,142704
m15-kis/033790/2026.csv:202610021030,9600.0,9630.0,9550.0,9600.0,59896
m15-kis/033790/2026.csv:202610021045,9620.0,9690.0,9600.0,9630.0,58630
m15-kis/033790/2026.csv:202610021100,9630.0,9670.0,9560.0,9570.0,54254
m15-kis/033790/2026.csv:202610021115,9580.0,9640.0,9580.0,9620.0,41167
m15-kis/033790/2026.csv:202610021130,9590.0,9650.0,9550.0,9570.0,49544
m15-kis/033790/2026.csv:202610021145,9570.0,9620.0,9530.0,9550.0,38401
m15-kis/033790/2026.csv:202610021200,9550.0,9580.0,9420.0,9430.0,60571
m15-kis/033790/2026.csv:202610021215,9450.0,9500.0,9450.0,9470.0,31242
m15-kis/033790/2026.csv:202610021230,9480.0,9490.0,9440.0,9470.0,35130
m15-kis/033790/2026.csv:202610021245,9470.0,9480.0,9410.0,9470.0,57358
m15-kis/033790/2026.csv:202610021300,9470.0,9520.0,9430.0,9470.0,36952
m15-kis/033790/2026.csv:202610021315,9470.0,9590.0,9460.0,9570.0,45086
m15-kis/033790/2026.csv:202610021330,9570.0,9600.0,9540.0,9540.0,37964
m15-kis/033790/2026.csv:202610021345,9550.0,9640.0,9520.0,9600.0,35251
m15-kis/033790/2026.csv:202610021400,9610.0,9730.0,9580.0,9710.0,54626
m15-kis/033790/2026.csv:202610021415,9710.0,9800.0,9700.0,9750.0,68590
m15-kis/033790/2026.csv:202610021430,9750.0,9780.0,9710.0,9770.0,50317
m15-kis/033790/2026.csv:202610021445,9770.0,9990.0,9760.0,9900.0,193175
m15-kis/033790/2026.csv:202610021500,9900.0,10190.0,9810.0,10160.0,363474
m15-kis/033790/2026.csv:202610021515,10160.0,10180.0,10120.0,10130.0,95411
m15-kis/034020/2026.csv:202610020900,81600.0,82300.0,81300.0,81800.0,122676
m15-kis/034020/2026.csv:202610020915,81800.0,82000.0,81200.0,81700.0,75113
m15-kis/034020/2026.csv:202610020930,81600.0,82000.0,81300.0,81700.0,46693
m15-kis/034020/2026.csv:202610020945,81700.0,81800.0,81400.0,81500.0,34199
m15-kis/034020/2026.csv:202610021000,81500.0,81500.0,81100.0,81300.0,83474
m15-kis/034020/2026.csv:202610021015,81300.0,81400.0,81000.0,81000.0,69814
m15-kis/034020/2026.csv:202610021030,81000.0,81050.0,80400.0,80600.0,172729
m15-kis/034020/2026.csv:202610021045,80600.0,81000.0,80500.0,80800.0,56598
m15-kis/034020/2026.csv:202610021100,80900.0,81000.0,80800.0,80900.0,34317
m15-kis/034020/2026.csv:202610021115,81000.0,81200.0,80800.0,80900.0,50156
m15-kis/034020/2026.csv:202610021130,80850.0,81100.0,80800.0,80900.0,42179
m15-kis/034020/2026.csv:202610021145,81000.0,81000.0,80900.0,81000.0,16080
m15-kis/034020/2026.csv:202610021200,80950.0,81200.0,80900.0,81000.0,51829
m15-kis/034020/2026.csv:202610021215,81100.0,81100.0,80900.0,80950.0,28900
m15-kis/034020/2026.csv:202610021230,80900.0,81000.0,80800.0,80800.0,34560
m15-kis/034020/2026.csv:202610021245,80800.0,80900.0,80500.0,80600.0,82784
m15-kis/034020/2026.csv:202610021300,80650.0,80800.0,80600.0,80700.0,50668
m15-kis/034020/2026.csv:202610021315,80600.0,80900.0,80600.0,80800.0,47359
m15-kis/034020/2026.csv:202610021330,80900.0,81200.0,80800.0,80800.0,54159
m15-kis/034020/2026.csv:202610021345,80800.0,81100.0,80800.0,81000.0,49285
m15-kis/034020/2026.csv:202610021400,81050.0,81200.0,80900.0,81000.0,48855
m15-kis/034020/2026.csv:202610021415,81100.0,81100.0,80900.0,81000.0,66828
m15-kis/034020/2026.csv:202610021430,81000.0,81200.0,80800.0,80900.0,66958
m15-kis/034020/2026.csv:202610021445,80900.0,81200.0,80900.0,81000.0,75624
m15-kis/034020/2026.csv:202610021500,81000.0,81200.0,80950.0,81200.0,130825
m15-kis/034020/2026.csv:202610021515,81100.0,81200.0,81000.0,81100.0,103038
m15-kis/034220/2026.csv:202610020900,8510.0,8580.0,8480.0,8500.0,122619
m15-kis/034220/2026.csv:202610020915,8500.0,8510.0,8480.0,8510.0,100142
m15-kis/034220/2026.csv:202610020930,8510.0,8560.0,8500.0,8550.0,65639
m15-kis/034220/2026.csv:202610020945,8550.0,8600.0,8540.0,8590.0,99873
m15-kis/034220/2026.csv:202610021000,8590.0,8590.0,8540.0,8580.0,66123
m15-kis/034220/2026.csv:202610021015,8580.0,8590.0,8550.0,8570.0,49820
m15-kis/034220/2026.csv:202610021030,8570.0,8570.0,8530.0,8550.0,46977
m15-kis/034220/2026.csv:202610021045,8540.0,8600.0,8530.0,8590.0,66739
m15-kis/034220/2026.csv:202610021100,8600.0,8610.0,8580.0,8610.0,73323
m15-kis/034220/2026.csv:202610021115,8610.0,8640.0,8580.0,8590.0,81880
m15-kis/034220/2026.csv:202610021130,8590.0,8590.0,8560.0,8570.0,46357
m15-kis/034220/2026.csv:202610021145,8560.0,8570.0,8540.0,8540.0,46224
m15-kis/034220/2026.csv:202610021200,8540.0,8550.0,8530.0,8530.0,47513
m15-kis/034220/2026.csv:202610021215,8540.0,8540.0,8510.0,8520.0,48967
m15-kis/034220/2026.csv:202610021230,8520.0,8520.0,8500.0,8510.0,70891
m15-kis/034220/2026.csv:202610021245,8500.0,8510.0,8500.0,8510.0,32529
m15-kis/034220/2026.csv:202610021300,8510.0,8510.0,8490.0,8500.0,118769
m15-kis/034220/2026.csv:202610021315,8510.0,8510.0,8500.0,8510.0,37323
m15-kis/034220/2026.csv:202610021330,8510.0,8510.0,8500.0,8500.0,32931
m15-kis/034220/2026.csv:202610021345,8500.0,8510.0,8490.0,8500.0,51677
m15-kis/034220/2026.csv:202610021400,8500.0,8530.0,8490.0,8520.0,135998
m15-kis/034220/2026.csv:202610021415,8520.0,8530.0,8510.0,8520.0,44873
m15-kis/034220/2026.csv:202610021430,8520.0,8570.0,8510.0,8550.0,115933
m15-kis/034220/2026.csv:202610021445,8560.0,8560.0,8520.0,8540.0,129769
m15-kis/034220/2026.csv:202610021500,8540.0,8570.0,8530.0,8570.0,133475
m15-kis/034220/2026.csv:202610021515,8560.0,8570.0,8530.0,8570.0,159098
m15-kis/034230/2026.csv:202610020900,9550.0,9550.0,9430.0,9440.0,16522
m15-kis/034230/2026.csv:202610020915,9440.0,9450.0,9280.0,9320.0,43709
m15-kis/034230/2026.csv:202610020930,9310.0,9350.0,9310.0,9340.0,10738
m15-kis/034230/2026.csv:202610020945,9340.0,9350.0,9310.0,9340.0,10054
m15-kis/034230/2026.csv:202610021000,9340.0,9350.0,9330.0,9350.0,6146
m15-kis/034230/2026.csv:202610021015,9350.0,9360.0,9300.0,9310.0,14270
m15-kis/034230/2026.csv:202610021030,9300.0,9320.0,9300.0,9315.0,4371
m15-kis/034230/2026.csv:202610021045,9315.0,9330.0,9290.0,9290.0,11959
m15-kis/034230/2026.csv:202610021100,9300.0,9300.0,9260.0,9270.0,19249
m15-kis/034230/2026.csv:202610021115,9270.0,9290.0,9260.0,9280.0,11434
m15-kis/034230/2026.csv:202610021130,9280.0,9290.0,9270.0,9280.0,13772
m15-kis/034230/2026.csv:202610021145,9285.0,9330.0,9270.0,9310.0,16282
m15-kis/034230/2026.csv:202610021200,9300.0,9340.0,9300.0,9310.0,5637
m15-kis/034230/2026.csv:202610021215,9315.0,9330.0,9310.0,9310.0,5331
m15-kis/034230/2026.csv:202610021230,9310.0,9320.0,9300.0,9300.0,6005
m15-kis/034230/2026.csv:202610021245,9300.0,9320.0,9300.0,9310.0,5524
m15-kis/034230/2026.csv:202610021300,9310.0,9320.0,9300.0,9310.0,6142
m15-kis/034230/2026.csv:202610021315,9310.0,9320.0,9300.0,9300.0,6109
m15-kis/034230/2026.csv:202610021330,9300.0,9320.0,9290.0,9300.0,7368
m15-kis/034230/2026.csv:202610021345,9290.0,9320.0,9290.0,9320.0,9273
m15-kis/034230/2026.csv:202610021400,9320.0,9330.0,9300.0,9310.0,10122
m15-kis/034230/2026.csv:202610021415,9310.0,9330.0,9310.0,9320.0,6193
m15-kis/034230/2026.csv:202610021430,9320.0,9340.0,9310.0,9320.0,6604
m15-kis/034230/2026.csv:202610021445,9320.0,9340.0,9300.0,9310.0,11601
m15-kis/034230/2026.csv:202610021500,9320.0,9330.0,9300.0,9330.0,7690
m15-kis/034230/2026.csv:202610021515,9320.0,9340.0,9320.0,9330.0,7404
m15-kis/035250/2026.csv:202610020900,14300.0,14300.0,14220.0,14220.0,12834
m15-kis/035250/2026.csv:202610020915,14230.0,14240.0,14200.0,14210.0,19430
m15-kis/035250/2026.csv:202610020930,14210.0,14240.0,14200.0,14230.0,5581
m15-kis/035250/2026.csv:202610020945,14230.0,14230.0,14210.0,14220.0,3450
m15-kis/035250/2026.csv:202610021000,14220.0,14250.0,14210.0,14240.0,5482
m15-kis/035250/2026.csv:202610021015,14250.0,14680.0,14220.0,14230.0,30201
m15-kis/035250/2026.csv:202610021030,14230.0,14330.0,14220.0,14310.0,8376
m15-kis/035250/2026.csv:202610021045,14270.0,14310.0,14260.0,14280.0,7035
m15-kis/035250/2026.csv:202610021100,14280.0,14300.0,14270.0,14290.0,3806
m15-kis/035250/2026.csv:202610021115,14290.0,14300.0,14240.0,14260.0,5916
m15-kis/035250/2026.csv:202610021130,14260.0,14300.0,14250.0,14300.0,4639
m15-kis/035250/2026.csv:202610021145,14290.0,14300.0,14260.0,14300.0,3398
m15-kis/035250/2026.csv:202610021200,14290.0,14300.0,14250.0,14290.0,4527
m15-kis/035250/2026.csv:202610021215,14280.0,14300.0,14250.0,14250.0,3414
m15-kis/035250/2026.csv:202610021230,14260.0,14310.0,14260.0,14310.0,3031
m15-kis/035250/2026.csv:202610021245,14290.0,14310.0,14270.0,14290.0,2793
m15-kis/035250/2026.csv:202610021300,14300.0,14310.0,14260.0,14290.0,3666
m15-kis/035250/2026.csv:202610021315,14300.0,14300.0,14260.0,14270.0,2551
m15-kis/035250/2026.csv:202610021330,14280.0,14300.0,14260.0,14290.0,2844
m15-kis/035250/2026.csv:202610021345,14280.0,14320.0,14250.0,14320.0,5641
m15-kis/035250/2026.csv:202610021400,14310.0,14320.0,14250.0,14280.0,7255
m15-kis/035250/2026.csv:202610021415,14270.0,14300.0,14250.0,14270.0,2426
m15-kis/035250/2026.csv:202610021430,14270.0,14300.0,14260.0,14280.0,3800
m15-kis/035250/2026.csv:202610021445,14280.0,14300.0,14270.0,14290.0,5086
m15-kis/035250/2026.csv:202610021500,14290.0,14300.0,14290.0,14290.0,3755
m15-kis/035250/2026.csv:202610021515,14300.0,14330.0,14280.0,14290.0,15229
m15-kis/035420/2026.csv:202610020900,192600.0,193100.0,191800.0,192200.0,35583
m15-kis/035420/2026.csv:202610020915,192100.0,192500.0,192000.0,192100.0,17986
m15-kis/035420/2026.csv:202610020930,192200.0,192400.0,192000.0,192100.0,17136
m15-kis/035420/2026.csv:202610020945,192100.0,192600.0,192000.0,192100.0,13702
m15-kis/035420/2026.csv:202610021000,192200.0,192300.0,191900.0,192000.0,18008
m15-kis/035420/2026.csv:202610021015,192000.0,192100.0,191400.0,191400.0,23209
m15-kis/035420/2026.csv:202610021030,191500.0,191500.0,191100.0,191200.0,20208
m15-kis/035420/2026.csv:202610021045,191300.0,191800.0,191000.0,191500.0,14746
m15-kis/035420/2026.csv:202610021100,191500.0,191800.0,191400.0,191700.0,7034
m15-kis/035420/2026.csv:202610021115,191700.0,191800.0,191200.0,191200.0,12665
m15-kis/035420/2026.csv:202610021130,191200.0,191500.0,191200.0,191200.0,9938
m15-kis/035420/2026.csv:202610021145,191300.0,191400.0,191200.0,191200.0,7441
m15-kis/035420/2026.csv:202610021200,191200.0,191500.0,191200.0,191300.0,11598
m15-kis/035420/2026.csv:202610021215,191300.0,191400.0,191100.0,191100.0,11583
m15-kis/035420/2026.csv:202610021230,191200.0,191300.0,191100.0,191200.0,6837
m15-kis/035420/2026.csv:202610021245,191200.0,191300.0,191000.0,191100.0,17372
m15-kis/035420/2026.csv:202610021300,191100.0,191500.0,191100.0,191300.0,17894
m15-kis/035420/2026.csv:202610021315,191400.0,191800.0,191300.0,191700.0,15983
m15-kis/035420/2026.csv:202610021330,191700.0,191900.0,191600.0,191800.0,9393
m15-kis/035420/2026.csv:202610021345,191700.0,192100.0,191700.0,192000.0,14652
m15-kis/035420/2026.csv:202610021400,192000.0,192100.0,191900.0,191900.0,12861
m15-kis/035420/2026.csv:202610021415,191900.0,192000.0,191700.0,191700.0,10561
m15-kis/035420/2026.csv:202610021430,191700.0,192000.0,191700.0,191900.0,12619
m15-kis/035420/2026.csv:202610021445,191900.0,192200.0,191900.0,192100.0,18119
m15-kis/035420/2026.csv:202610021500,192100.0,192400.0,192000.0,192300.0,18826
m15-kis/035420/2026.csv:202610021515,192300.0,192400.0,192100.0,192200.0,28876
m15-kis/035720/2026.csv:202610020900,33450.0,33600.0,33350.0,33450.0,62748
m15-kis/035720/2026.csv:202610020915,33400.0,33450.0,33300.0,33350.0,57414
m15-kis/035720/2026.csv:202610020930,33350.0,33400.0,33250.0,33300.0,53748
m15-kis/035720/2026.csv:202610020945,33300.0,33350.0,33250.0,33300.0,31134
m15-kis/035720/2026.csv:202610021000,33300.0,33350.0,33200.0,33300.0,53671
m15-kis/035720/2026.csv:202610021015,33300.0,33350.0,33150.0,33200.0,57905
m15-kis/035720/2026.csv:202610021030,33200.0,33200.0,33100.0,33100.0,59025
m15-kis/035720/2026.csv:202610021045,33150.0,33175.0,33050.0,33100.0,56921
m15-kis/035720/2026.csv:202610021100,33075.0,33200.0,33050.0,33200.0,27933
m15-kis/035720/2026.csv:202610021115,33200.0,33200.0,33050.0,33100.0,34309
m15-kis/035720/2026.csv:202610021130,33100.0,33150.0,33050.0,33100.0,26001
m15-kis/035720/2026.csv:202610021145,33100.0,33150.0,33100.0,33150.0,24025
m15-kis/035720/2026.csv:202610021200,33100.0,33200.0,33100.0,33150.0,37594
m15-kis/035720/2026.csv:202610021215,33150.0,33150.0,33050.0,33100.0,38138
m15-kis/035720/2026.csv:202610021230,33100.0,33150.0,33050.0,33150.0,21204
m15-kis/035720/2026.csv:202610021245,33100.0,33150.0,33050.0,33100.0,24337
m15-kis/035720/2026.csv:202610021300,33100.0,33150.0,33050.0,33100.0,29975
m15-kis/035720/2026.csv:202610021315,33100.0,33150.0,33100.0,33100.0,27586
m15-kis/035720/2026.csv:202610021330,33100.0,33150.0,33100.0,33100.0,19198
m15-kis/035720/2026.csv:202610021345,33150.0,33150.0,33100.0,33100.0,30600
m15-kis/035720/2026.csv:202610021400,33100.0,33150.0,33100.0,33100.0,17972
m15-kis/035720/2026.csv:202610021415,33100.0,33300.0,33100.0,33200.0,47347
m15-kis/035720/2026.csv:202610021430,33200.0,33300.0,33200.0,33300.0,26928
m15-kis/035720/2026.csv:202610021445,33250.0,33400.0,33250.0,33350.0,56801
m15-kis/035720/2026.csv:202610021500,33350.0,33400.0,33250.0,33400.0,65694
m15-kis/035720/2026.csv:202610021515,33400.0,33450.0,33350.0,33450.0,68140
m15-kis/035760/2026.csv:202610020900,35250.0,35800.0,35000.0,35250.0,4528
m15-kis/035760/2026.csv:202610020915,35100.0,35100.0,34700.0,34750.0,9582
m15-kis/035760/2026.csv:202610020930,34750.0,34850.0,34700.0,34700.0,3745
m15-kis/035760/2026.csv:202610020945,34700.0,34750.0,34600.0,34650.0,3910
m15-kis/035760/2026.csv:202610021000,34600.0,34600.0,34400.0,34400.0,5617
m15-kis/035760/2026.csv:202610021015,34400.0,34450.0,34300.0,34450.0,3673
m15-kis/035760/2026.csv:202610021030,34450.0,34850.0,34400.0,34700.0,3333
m15-kis/035760/2026.csv:202610021045,34700.0,34750.0,34600.0,34650.0,1777
m15-kis/035760/2026.csv:202610021100,34650.0,34900.0,34650.0,34750.0,3002
m15-kis/035760/2026.csv:202610021115,34750.0,34750.0,34650.0,34650.0,779
m15-kis/035760/2026.csv:202610021130,34700.0,34700.0,34650.0,34700.0,1318
m15-kis/035760/2026.csv:202610021145,34650.0,35000.0,34650.0,34950.0,4912
m15-kis/035760/2026.csv:202610021200,35000.0,35000.0,34900.0,34950.0,1416
m15-kis/035760/2026.csv:202610021215,34950.0,34950.0,34900.0,34900.0,1174
m15-kis/035760/2026.csv:202610021230,34950.0,34950.0,34850.0,34850.0,895
m15-kis/035760/2026.csv:202610021245,34900.0,35100.0,34750.0,35100.0,4348
m15-kis/035760/2026.csv:202610021300,35100.0,35150.0,34900.0,34950.0,396
m15-kis/035760/2026.csv:202610021315,34950.0,35100.0,34900.0,35000.0,2515
m15-kis/035760/2026.csv:202610021330,35000.0,35000.0,34900.0,34900.0,1312
m15-kis/035760/2026.csv:202610021345,34900.0,35150.0,34750.0,34900.0,2869
m15-kis/035760/2026.csv:202610021400,34900.0,34900.0,34850.0,34900.0,1679
m15-kis/035760/2026.csv:202610021415,34900.0,35150.0,34850.0,34900.0,2541
m15-kis/035760/2026.csv:202610021430,34900.0,35150.0,34850.0,35050.0,1684
m15-kis/035760/2026.csv:202610021445,35050.0,35050.0,34950.0,34950.0,2260
m15-kis/035760/2026.csv:202610021500,34950.0,35150.0,34950.0,35150.0,2701
m15-kis/035760/2026.csv:202610021515,35150.0,35200.0,35000.0,35200.0,3160
m15-kis/035890/2026.csv:202610020900,2195.0,2225.0,2180.0,2180.0,28021
m15-kis/035890/2026.csv:202610020915,2180.0,2195.0,2175.0,2195.0,2132
m15-kis/035890/2026.csv:202610020930,2200.0,2205.0,2195.0,2200.0,22590
m15-kis/035890/2026.csv:202610020945,2200.0,2260.0,2200.0,2235.0,28503
m15-kis/035890/2026.csv:202610021000,2260.0,2260.0,2220.0,2220.0,1549
m15-kis/035890/2026.csv:202610021015,2225.0,2250.0,2225.0,2230.0,1160
m15-kis/035890/2026.csv:202610021030,2230.0,2240.0,2225.0,2230.0,512
m15-kis/035890/2026.csv:202610021045,2230.0,2255.0,2220.0,2250.0,5185
m15-kis/035890/2026.csv:202610021100,2250.0,2260.0,2230.0,2260.0,5375
m15-kis/035890/2026.csv:202610021115,2250.0,2265.0,2240.0,2265.0,5882
m15-kis/035890/2026.csv:202610021130,2260.0,2270.0,2250.0,2265.0,22888
m15-kis/035890/2026.csv:202610021145,2260.0,2260.0,2245.0,2260.0,9711
m15-kis/035890/2026.csv:202610021200,2255.0,2260.0,2245.0,2250.0,3581
m15-kis/035890/2026.csv:202610021215,2245.0,2250.0,2240.0,2245.0,878
m15-kis/035890/2026.csv:202610021230,2250.0,2255.0,2245.0,2245.0,1145
m15-kis/035890/2026.csv:202610021245,2255.0,2260.0,2245.0,2260.0,1481
m15-kis/035890/2026.csv:202610021300,2260.0,2260.0,2245.0,2250.0,4603
m15-kis/035890/2026.csv:202610021315,2250.0,2250.0,2245.0,2245.0,502
m15-kis/035890/2026.csv:202610021330,2245.0,2250.0,2230.0,2240.0,20324
m15-kis/035890/2026.csv:202610021345,2245.0,2250.0,2235.0,2245.0,356
m15-kis/035890/2026.csv:202610021400,2240.0,2245.0,2235.0,2245.0,2912
m15-kis/035890/2026.csv:202610021415,2245.0,2245.0,2235.0,2240.0,1074
m15-kis/035890/2026.csv:202610021430,2235.0,2240.0,2230.0,2235.0,945
m15-kis/035890/2026.csv:202610021445,2230.0,2240.0,2220.0,2220.0,7024
m15-kis/035890/2026.csv:202610021500,2225.0,2235.0,2200.0,2200.0,18386
m15-kis/035890/2026.csv:202610021515,2210.0,2225.0,2205.0,2215.0,6973
m15-kis/035900/2026.csv:202610020900,37500.0,37650.0,37400.0,37450.0,8699
m15-kis/035900/2026.csv:202610020915,37450.0,37500.0,37300.0,37400.0,7762
m15-kis/035900/2026.csv:202610020930,37350.0,37500.0,37300.0,37300.0,11709
m15-kis/035900/2026.csv:202610020945,37325.0,37350.0,37200.0,37300.0,6846
m15-kis/035900/2026.csv:202610021000,37250.0,37350.0,37200.0,37350.0,5392
m15-kis/035900/2026.csv:202610021015,37300.0,37350.0,37050.0,37200.0,13982
m15-kis/035900/2026.csv:202610021030,37200.0,37200.0,37000.0,37050.0,9821
m15-kis/035900/2026.csv:202610021045,37100.0,37150.0,37000.0,37100.0,7921
m15-kis/035900/2026.csv:202610021100,37100.0,37150.0,37050.0,37150.0,2351
m15-kis/035900/2026.csv:202610021115,37150.0,37150.0,37050.0,37100.0,3072
m15-kis/035900/2026.csv:202610021130,37100.0,37100.0,37050.0,37050.0,2065
m15-kis/035900/2026.csv:202610021145,37100.0,37200.0,37050.0,37150.0,3073
m15-kis/035900/2026.csv:202610021200,37150.0,37200.0,37100.0,37150.0,2891
m15-kis/035900/2026.csv:202610021215,37200.0,37200.0,37100.0,37150.0,2620
m15-kis/035900/2026.csv:202610021230,37100.0,37250.0,37100.0,37200.0,5165
m15-kis/035900/2026.csv:202610021245,37200.0,37250.0,37150.0,37200.0,3528
m15-kis/035900/2026.csv:202610021300,37250.0,37300.0,37150.0,37300.0,4287
m15-kis/035900/2026.csv:202610021315,37300.0,37300.0,37200.0,37250.0,2417
m15-kis/035900/2026.csv:202610021330,37250.0,37375.0,37200.0,37300.0,2522
m15-kis/035900/2026.csv:202610021345,37350.0,37500.0,37250.0,37450.0,4784
m15-kis/035900/2026.csv:202610021400,37450.0,37500.0,37300.0,37450.0,4746
m15-kis/035900/2026.csv:202610021415,37350.0,37500.0,37300.0,37350.0,3386
m15-kis/035900/2026.csv:202610021430,37400.0,37450.0,37300.0,37400.0,2942
m15-kis/035900/2026.csv:202610021445,37450.0,37500.0,37350.0,37400.0,3441
m15-kis/035900/2026.csv:202610021500,37450.0,37450.0,37300.0,37350.0,12781
m15-kis/035900/2026.csv:202610021515,37350.0,37500.0,37350.0,37400.0,8165
m15-kis/036460/2026.csv:202610020900,35050.0,35050.0,34800.0,35000.0,5081
m15-kis/036460/2026.csv:202610020915,35050.0,35350.0,35000.0,35200.0,5214
m15-kis/036460/2026.csv:202610020930,35200.0,35500.0,35150.0,35200.0,12932
m15-kis/036460/2026.csv:202610020945,35250.0,35400.0,35150.0,35350.0,3691
m15-kis/036460/2026.csv:202610021000,35350.0,35450.0,35200.0,35450.0,5854
m15-kis/036460/2026.csv:202610021015,35450.0,35700.0,35350.0,35650.0,15031
m15-kis/036460/2026.csv:202610021030,35650.0,35900.0,35600.0,35700.0,16176
m15-kis/036460/2026.csv:202610021045,35700.0,35900.0,35650.0,35800.0,13198
m15-kis/036460/2026.csv:202610021100,35800.0,35850.0,35700.0,35850.0,3364
m15-kis/036460/2026.csv:202610021115,35850.0,35900.0,35750.0,35800.0,3553
m15-kis/036460/2026.csv:202610021130,35850.0,35950.0,35750.0,35850.0,8813
m15-kis/036460/2026.csv:202610021145,35850.0,36050.0,35850.0,36000.0,9768
m15-kis/036460/2026.csv:202610021200,36050.0,36050.0,35850.0,36000.0,3732
m15-kis/036460/2026.csv:202610021215,36000.0,36050.0,35850.0,35850.0,5377
m15-kis/036460/2026.csv:202610021230,35900.0,36000.0,35800.0,35900.0,5984
m15-kis/036460/2026.csv:202610021245,35950.0,36100.0,35850.0,36000.0,8968
m15-kis/036460/2026.csv:202610021300,36000.0,36000.0,35900.0,36000.0,3841
m15-kis/036460/2026.csv:202610021315,36000.0,36100.0,35950.0,36000.0,5043
m15-kis/036460/2026.csv:202610021330,35950.0,36100.0,35950.0,35950.0,10615
m15-kis/036460/2026.csv:202610021345,36000.0,36100.0,35900.0,36050.0,9520
m15-kis/036460/2026.csv:202610021400,36000.0,36050.0,35950.0,36050.0,3155
m15-kis/036460/2026.csv:202610021415,36050.0,36100.0,35900.0,35900.0,7304
m15-kis/036460/2026.csv:202610021430,35950.0,36050.0,35850.0,35900.0,8124
m15-kis/036460/2026.csv:202610021445,35850.0,35950.0,35800.0,35900.0,4768
m15-kis/036460/2026.csv:202610021500,35900.0,36000.0,35800.0,35950.0,3809
m15-kis/036460/2026.csv:202610021515,35950.0,36000.0,35900.0,36000.0,9449
m15-kis/036530/2026.csv:202610020900,45550.0,45600.0,45250.0,45500.0,791
m15-kis/036530/2026.csv:202610020915,45500.0,45500.0,45200.0,45200.0,741
m15-kis/036530/2026.csv:202610020930,45200.0,45300.0,45200.0,45200.0,106
m15-kis/036530/2026.csv:202610020945,45250.0,45400.0,45200.0,45300.0,200
m15-kis/036530/2026.csv:202610021000,45350.0,45350.0,45250.0,45300.0,83
m15-kis/036530/2026.csv:202610021015,45250.0,45350.0,45250.0,45300.0,82
m15-kis/036530/2026.csv:202610021030,45300.0,45400.0,45300.0,45300.0,144
m15-kis/036530/2026.csv:202610021045,45300.0,45450.0,45300.0,45300.0,119
m15-kis/036530/2026.csv:202610021100,45350.0,45400.0,45300.0,45300.0,51
m15-kis/036530/2026.csv:202610021115,45300.0,45500.0,45300.0,45300.0,96
m15-kis/036530/2026.csv:202610021130,45300.0,45650.0,45300.0,45500.0,123
m15-kis/036530/2026.csv:202610021145,45450.0,45650.0,45350.0,45350.0,85
m15-kis/036530/2026.csv:202610021200,45350.0,45500.0,45350.0,45350.0,107
m15-kis/036530/2026.csv:202610021215,45350.0,45400.0,45350.0,45350.0,58
m15-kis/036530/2026.csv:202610021230,45350.0,45400.0,45350.0,45350.0,72
m15-kis/036530/2026.csv:202610021245,45400.0,45500.0,45350.0,45400.0,110
m15-kis/036530/2026.csv:202610021300,45400.0,45400.0,45350.0,45350.0,79
m15-kis/036530/2026.csv:202610021315,45350.0,45450.0,45350.0,45400.0,153
m15-kis/036530/2026.csv:202610021330,45350.0,45400.0,45350.0,45400.0,93
m15-kis/036530/2026.csv:202610021345,45350.0,45500.0,45350.0,45400.0,126
m15-kis/036530/2026.csv:202610021400,45400.0,45450.0,45400.0,45400.0,155
m15-kis/036530/2026.csv:202610021415,45400.0,45500.0,45350.0,45350.0,196
m15-kis/036530/2026.csv:202610021430,45350.0,45400.0,45350.0,45400.0,114
m15-kis/036530/2026.csv:202610021445,45350.0,45400.0,45350.0,45350.0,190
m15-kis/036530/2026.csv:202610021500,45350.0,45450.0,45350.0,45450.0,273
m15-kis/036530/2026.csv:202610021515,45350.0,45500.0,45300.0,45300.0,231
m15-kis/036540/2026.csv:202610020900,11020.0,11410.0,10950.0,11210.0,845708
m15-kis/036540/2026.csv:202610020915,11210.0,11690.0,11150.0,11595.0,1223663
m15-kis/036540/2026.csv:202610020930,11600.0,11750.0,11500.0,11660.0,726449
m15-kis/036540/2026.csv:202610020945,11650.0,11740.0,11550.0,11640.0,393244
m15-kis/036540/2026.csv:202610021000,11640.0,11650.0,11480.0,11600.0,363442
m15-kis/036540/2026.csv:202610021015,11600.0,11690.0,11490.0,11500.0,285066
m15-kis/036540/2026.csv:202610021030,11500.0,11570.0,11400.0,11530.0,282913
m15-kis/036540/2026.csv:202610021045,11530.0,11580.0,11470.0,11580.0,265574
m15-kis/036540/2026.csv:202610021100,11580.0,11600.0,11500.0,11520.0,147622
m15-kis/036540/2026.csv:202610021115,11520.0,11560.0,11440.0,11460.0,123290
m15-kis/036540/2026.csv:202610021130,11460.0,11520.0,11440.0,11490.0,85796
m15-kis/036540/2026.csv:202610021145,11490.0,11550.0,11480.0,11540.0,94536
m15-kis/036540/2026.csv:202610021200,11550.0,11550.0,11490.0,11520.0,94379
m15-kis/036540/2026.csv:202610021215,11520.0,11540.0,11490.0,11530.0,89435
m15-kis/036540/2026.csv:202610021230,11510.0,11540.0,11440.0,11460.0,98550
m15-kis/036540/2026.csv:202610021245,11450.0,11480.0,11280.0,11360.0,262468
m15-kis/036540/2026.csv:202610021300,11360.0,11380.0,11290.0,11330.0,127408
m15-kis/036540/2026.csv:202610021315,11330.0,11400.0,11320.0,11380.0,88395
m15-kis/036540/2026.csv:202610021330,11380.0,11380.0,11310.0,11320.0,89066
m15-kis/036540/2026.csv:202610021345,11320.0,11390.0,11300.0,11340.0,115389
m15-kis/036540/2026.csv:202610021400,11340.0,11380.0,11290.0,11330.0,103557
m15-kis/036540/2026.csv:202610021415,11335.0,11390.0,11290.0,11300.0,112544
m15-kis/036540/2026.csv:202610021430,11300.0,11350.0,11280.0,11330.0,104996
m15-kis/036540/2026.csv:202610021445,11330.0,11370.0,11320.0,11320.0,111937
m15-kis/036540/2026.csv:202610021500,11330.0,11400.0,11310.0,11370.0,187416
m15-kis/036540/2026.csv:202610021515,11370.0,11390.0,11360.0,11370.0,114613
m15-kis/036570/2026.csv:202610020900,232000.0,234000.0,229000.0,233000.0,5584
m15-kis/036570/2026.csv:202610020915,233000.0,237000.0,232500.0,235500.0,11284
m15-kis/036570/2026.csv:202610020930,234500.0,239000.0,234500.0,236500.0,8983
m15-kis/036570/2026.csv:202610020945,237000.0,238000.0,235000.0,236000.0,4157
m15-kis/036570/2026.csv:202610021000,236000.0,240000.0,235500.0,238500.0,13677
m15-kis/036570/2026.csv:202610021015,238500.0,240000.0,238000.0,239000.0,8627
m15-kis/036570/2026.csv:202610021030,239500.0,240000.0,237500.0,239500.0,6470
m15-kis/036570/2026.csv:202610021045,239500.0,239500.0,237500.0,237500.0,5053
m15-kis/036570/2026.csv:202610021100,237500.0,239000.0,237500.0,238500.0,4812
m15-kis/036570/2026.csv:202610021115,238500.0,239250.0,238000.0,239000.0,4516
m15-kis/036570/2026.csv:202610021130,239000.0,239500.0,237500.0,239000.0,4228
m15-kis/036570/2026.csv:202610021145,239000.0,239000.0,237500.0,238500.0,3774
m15-kis/036570/2026.csv:202610021200,238500.0,238500.0,237000.0,238500.0,3844
m15-kis/036570/2026.csv:202610021215,238250.0,238500.0,237000.0,238500.0,3378
m15-kis/036570/2026.csv:202610021230,238500.0,239000.0,238000.0,238750.0,3545
m15-kis/036570/2026.csv:202610021245,238500.0,239000.0,238000.0,238750.0,3609
m15-kis/036570/2026.csv:202610021300,239000.0,241000.0,238500.0,240000.0,8419
m15-kis/036570/2026.csv:202610021315,240000.0,240500.0,238500.0,239000.0,4173
m15-kis/036570/2026.csv:202610021330,238500.0,239000.0,237500.0,238000.0,4725
m15-kis/036570/2026.csv:202610021345,238000.0,240500.0,237500.0,239500.0,8121
m15-kis/036570/2026.csv:202610021400,240000.0,240500.0,239000.0,239500.0,8518
m15-kis/036570/2026.csv:202610021415,239500.0,241000.0,239000.0,240500.0,9578
m15-kis/036570/2026.csv:202610021430,240000.0,242250.0,240000.0,241500.0,13308
m15-kis/036570/2026.csv:202610021445,241500.0,242500.0,240500.0,241500.0,13005
m15-kis/036570/2026.csv:202610021500,241500.0,242000.0,240500.0,242000.0,11822
m15-kis/036570/2026.csv:202610021515,242000.0,242500.0,240000.0,241000.0,7222
m15-kis/036810/2026.csv:202610020900,35200.0,36000.0,33500.0,35950.0,63061
m15-kis/036810/2026.csv:202610020915,35950.0,35950.0,35400.0,35850.0,17171
m15-kis/036810/2026.csv:202610020930,35800.0,35950.0,35500.0,35650.0,8576
m15-kis/036810/2026.csv:202610020945,35650.0,35750.0,35400.0,35450.0,10674
m15-kis/036810/2026.csv:202610021000,35500.0,35600.0,35250.0,35600.0,5638
m15-kis/036810/2026.csv:202610021015,35650.0,36200.0,35400.0,36150.0,21221
m15-kis/036810/2026.csv:202610021030,36150.0,36650.0,35675.0,36400.0,26666
m15-kis/036810/2026.csv:202610021045,36350.0,36500.0,36200.0,36450.0,10797
m15-kis/036810/2026.csv:202610021100,36500.0,36500.0,36050.0,36050.0,8441
m15-kis/036810/2026.csv:202610021115,36100.0,36150.0,35800.0,35850.0,4862
m15-kis/036810/2026.csv:202610021130,35800.0,36000.0,35650.0,35700.0,5116
m15-kis/036810/2026.csv:202610021145,35700.0,36400.0,35650.0,36350.0,7416
m15-kis/036810/2026.csv:202610021200,36200.0,36500.0,36050.0,36150.0,15992
m15-kis/036810/2026.csv:202610021215,36250.0,36650.0,35900.0,36350.0,36666
m15-kis/036810/2026.csv:202610021230,36300.0,36350.0,35800.0,35800.0,5794
m15-kis/036810/2026.csv:202610021245,35800.0,35900.0,35600.0,35850.0,6074
m15-kis/036810/2026.csv:202610021300,35850.0,35900.0,35500.0,35800.0,6403
m15-kis/036810/2026.csv:202610021315,35750.0,35900.0,35700.0,35800.0,3477
m15-kis/036810/2026.csv:202610021330,35850.0,36000.0,35700.0,35950.0,3788
m15-kis/036810/2026.csv:202610021345,35950.0,36050.0,35850.0,35900.0,4489
m15-kis/036810/2026.csv:202610021400,35950.0,36050.0,35900.0,35950.0,4401
m15-kis/036810/2026.csv:202610021415,36000.0,36050.0,35700.0,35700.0,4665
m15-kis/036810/2026.csv:202610021430,35700.0,35850.0,35450.0,35850.0,5336
m15-kis/036810/2026.csv:202610021445,35750.0,35775.0,35550.0,35550.0,4010
m15-kis/036810/2026.csv:202610021500,35550.0,35600.0,35500.0,35550.0,1623
m15-kis/036810/2026.csv:202610021515,35550.0,35700.0,35500.0,35700.0,3717
m15-kis/036930/2026.csv:202610020900,242500.0,254000.0,242500.0,246000.0,322044
m15-kis/036930/2026.csv:202610020915,246000.0,249250.0,244000.0,249000.0,95606
m15-kis/036930/2026.csv:202610020930,249000.0,250000.0,246500.0,248500.0,56242
m15-kis/036930/2026.csv:202610020945,248500.0,249500.0,246500.0,247500.0,46527
m15-kis/036930/2026.csv:202610021000,247000.0,248000.0,246000.0,248000.0,26902
m15-kis/036930/2026.csv:202610021015,248000.0,249000.0,246500.0,248000.0,30817
m15-kis/036930/2026.csv:202610021030,248000.0,249500.0,246500.0,248000.0,39061
m15-kis/036930/2026.csv:202610021045,248000.0,250000.0,247500.0,249500.0,31315
m15-kis/036930/2026.csv:202610021100,249500.0,250000.0,247500.0,248000.0,19629
m15-kis/036930/2026.csv:202610021115,248000.0,248500.0,244500.0,245000.0,39701
m15-kis/036930/2026.csv:202610021130,245000.0,245000.0,243000.0,244000.0,36671
m15-kis/036930/2026.csv:202610021145,244000.0,246000.0,244000.0,244500.0,18672
m15-kis/036930/2026.csv:202610021200,244500.0,245500.0,243500.0,243500.0,11393
m15-kis/036930/2026.csv:202610021215,243500.0,244000.0,241500.0,242500.0,32463
m15-kis/036930/2026.csv:202610021230,242500.0,242500.0,239000.0,239500.0,48483
m15-kis/036930/2026.csv:202610021245,240000.0,240500.0,236500.0,237000.0,52453
m15-kis/036930/2026.csv:202610021300,237000.0,241000.0,236000.0,239000.0,48852
m15-kis/036930/2026.csv:202610021315,239000.0,240000.0,238000.0,239000.0,18015
m15-kis/036930/2026.csv:202610021330,238500.0,239000.0,237500.0,238500.0,21407
m15-kis/036930/2026.csv:202610021345,238500.0,238500.0,237000.0,237500.0,22451
m15-kis/036930/2026.csv:202610021400,237500.0,239000.0,236500.0,238000.0,37825
m15-kis/036930/2026.csv:202610021415,237500.0,238000.0,235000.0,235000.0,30661
m15-kis/036930/2026.csv:202610021430,235000.0,236000.0,233500.0,235500.0,66992
m15-kis/036930/2026.csv:202610021445,235000.0,237000.0,235000.0,236000.0,34660
m15-kis/036930/2026.csv:202610021500,236000.0,237000.0,234500.0,236500.0,38250
m15-kis/036930/2026.csv:202610021515,236000.0,237000.0,235000.0,237000.0,27182
m15-kis/038500/2026.csv:202610020900,6730.0,6850.0,6730.0,6830.0,22133
m15-kis/038500/2026.csv:202610020915,6820.0,6830.0,6730.0,6770.0,12814
m15-kis/038500/2026.csv:202610020930,6780.0,6830.0,6750.0,6810.0,12112
m15-kis/038500/2026.csv:202610020945,6810.0,6825.0,6800.0,6810.0,5954
m15-kis/038500/2026.csv:202610021000,6810.0,6810.0,6770.0,6790.0,5956
m15-kis/038500/2026.csv:202610021015,6800.0,6800.0,6740.0,6760.0,5803
m15-kis/038500/2026.csv:202610021030,6750.0,6780.0,6710.0,6740.0,18138
m15-kis/038500/2026.csv:202610021045,6740.0,6790.0,6730.0,6760.0,1301
m15-kis/038500/2026.csv:202610021100,6760.0,6800.0,6750.0,6770.0,9534
m15-kis/038500/2026.csv:202610021115,6770.0,6780.0,6770.0,6770.0,1123
m15-kis/038500/2026.csv:202610021130,6770.0,6800.0,6760.0,6780.0,4833
m15-kis/038500/2026.csv:202610021145,6780.0,6800.0,6770.0,6800.0,9460
m15-kis/038500/2026.csv:202610021200,6800.0,6800.0,6790.0,6800.0,7312
m15-kis/038500/2026.csv:202610021215,6800.0,6820.0,6790.0,6820.0,10646
m15-kis/038500/2026.csv:202610021230,6820.0,6820.0,6800.0,6800.0,3505
m15-kis/038500/2026.csv:202610021245,6810.0,6810.0,6780.0,6790.0,4176
m15-kis/038500/2026.csv:202610021300,6800.0,6810.0,6790.0,6790.0,3870
m15-kis/038500/2026.csv:202610021315,6790.0,6800.0,6790.0,6800.0,1267
m15-kis/038500/2026.csv:202610021330,6800.0,6820.0,6790.0,6790.0,4533
m15-kis/038500/2026.csv:202610021345,6790.0,6800.0,6780.0,6790.0,1789
m15-kis/038500/2026.csv:202610021400,6800.0,6800.0,6790.0,6790.0,1480
m15-kis/038500/2026.csv:202610021415,6800.0,6810.0,6790.0,6800.0,2581
m15-kis/038500/2026.csv:202610021430,6790.0,6920.0,6760.0,6770.0,67593
m15-kis/038500/2026.csv:202610021445,6770.0,6810.0,6760.0,6780.0,5762
m15-kis/038500/2026.csv:202610021500,6790.0,6820.0,6770.0,6790.0,8554
m15-kis/038500/2026.csv:202610021515,6790.0,6790.0,6770.0,6780.0,7029
m15-kis/039030/2026.csv:202610020900,555000.0,560000.0,543000.0,548000.0,7945
m15-kis/039030/2026.csv:202610020915,548000.0,555000.0,545000.0,552000.0,5510
m15-kis/039030/2026.csv:202610020930,552000.0,555000.0,549000.0,553000.0,2413
m15-kis/039030/2026.csv:202610020945,552000.0,560000.0,552000.0,557000.0,5181
m15-kis/039030/2026.csv:202610021000,557000.0,558000.0,550000.0,552000.0,3701
m15-kis/039030/2026.csv:202610021015,551000.0,552000.0,545000.0,546000.0,5154
m15-kis/039030/2026.csv:202610021030,547000.0,548000.0,541000.0,544000.0,5398
m15-kis/039030/2026.csv:202610021045,545000.0,550000.0,541000.0,547000.0,2808
m15-kis/039030/2026.csv:202610021100,547000.0,549000.0,544000.0,546000.0,2534
m15-kis/039030/2026.csv:202610021115,545000.0,547000.0,540000.0,542000.0,2897
m15-kis/039030/2026.csv:202610021130,541000.0,546000.0,539000.0,539000.0,3369
m15-kis/039030/2026.csv:202610021145,540000.0,543000.0,538000.0,541000.0,2361
m15-kis/039030/2026.csv:202610021200,540000.0,543000.0,537000.0,538000.0,3450
m15-kis/039030/2026.csv:202610021215,538000.0,539000.0,535000.0,537000.0,2627
m15-kis/039030/2026.csv:202610021230,537000.0,538000.0,532000.0,534000.0,2453
m15-kis/039030/2026.csv:202610021245,533000.0,536000.0,530000.0,533000.0,4021
m15-kis/039030/2026.csv:202610021300,532000.0,535000.0,525000.0,533000.0,6551
m15-kis/039030/2026.csv:202610021315,532000.0,535000.0,530000.0,534000.0,2472
m15-kis/039030/2026.csv:202610021330,534000.0,538000.0,528000.0,529000.0,3780
m15-kis/039030/2026.csv:202610021345,529000.0,533000.0,526000.0,530000.0,4843
m15-kis/039030/2026.csv:202610021400,530000.0,534000.0,530000.0,531000.0,3223
m15-kis/039030/2026.csv:202610021415,531000.0,532000.0,527000.0,527000.0,2667
m15-kis/039030/2026.csv:202610021430,528000.0,531000.0,526000.0,531000.0,5238
m15-kis/039030/2026.csv:202610021445,530000.0,533000.0,529000.0,532000.0,5002
m15-kis/039030/2026.csv:202610021500,532000.0,535000.0,530000.0,534000.0,4030
m15-kis/039030/2026.csv:202610021515,534000.0,534000.0,530000.0,532000.0,5181
m15-kis/039130/2026.csv:202610020900,30100.0,30100.0,29800.0,29950.0,2950
m15-kis/039130/2026.csv:202610020915,29950.0,29950.0,29800.0,29900.0,1623
m15-kis/039130/2026.csv:202610020930,29900.0,29950.0,29850.0,29900.0,1045
m15-kis/039130/2026.csv:202610020945,29900.0,29900.0,29850.0,29850.0,675
m15-kis/039130/2026.csv:202610021000,29900.0,29950.0,29850.0,29900.0,488
m15-kis/039130/2026.csv:202610021015,29875.0,29950.0,29800.0,29850.0,1844
m15-kis/039130/2026.csv:202610021030,29850.0,29850.0,29800.0,29850.0,1576
m15-kis/039130/2026.csv:202610021045,29900.0,29900.0,29850.0,29850.0,79
m15-kis/039130/2026.csv:202610021100,29900.0,29900.0,29900.0,29900.0,30
m15-kis/039130/2026.csv:202610021115,29900.0,29900.0,29850.0,29900.0,612
m15-kis/039130/2026.csv:202610021130,29900.0,29950.0,29850.0,29950.0,178
m15-kis/039130/2026.csv:202610021145,29900.0,29950.0,29850.0,29900.0,495
m15-kis/039130/2026.csv:202610021200,29850.0,29950.0,29850.0,29900.0,298
m15-kis/039130/2026.csv:202610021215,29950.0,29950.0,29850.0,29850.0,225
m15-kis/039130/2026.csv:202610021230,29900.0,29950.0,29850.0,29850.0,308
m15-kis/039130/2026.csv:202610021245,29900.0,29950.0,29850.0,29900.0,229
m15-kis/039130/2026.csv:202610021300,29900.0,29900.0,29850.0,29850.0,188
m15-kis/039130/2026.csv:202610021315,29900.0,29950.0,29900.0,29950.0,134
m15-kis/039130/2026.csv:202610021330,29900.0,29950.0,29900.0,29900.0,31
m15-kis/039130/2026.csv:202610021345,29900.0,29950.0,29900.0,29950.0,74
m15-kis/039130/2026.csv:202610021400,29950.0,29950.0,29900.0,29900.0,141
m15-kis/039130/2026.csv:202610021415,29950.0,29950.0,29900.0,29950.0,104
m15-kis/039130/2026.csv:202610021430,29950.0,29950.0,29925.0,29950.0,36
m15-kis/039130/2026.csv:202610021445,29950.0,29950.0,29900.0,29900.0,46
m15-kis/039130/2026.csv:202610021500,29950.0,30000.0,29900.0,29950.0,447
m15-kis/039130/2026.csv:202610021515,30000.0,30000.0,29900.0,29900.0,731
m15-kis/039490/2026.csv:202610020900,259500.0,260000.0,255000.0,256000.0,5468
m15-kis/039490/2026.csv:202610020915,256000.0,256500.0,254500.0,256500.0,3427
m15-kis/039490/2026.csv:202610020930,256000.0,257500.0,255000.0,255000.0,2198
m15-kis/039490/2026.csv:202610020945,256000.0,257000.0,255500.0,256500.0,1613
m15-kis/039490/2026.csv:202610021000,256500.0,257500.0,256000.0,257000.0,1764
m15-kis/039490/2026.csv:202610021015,257000.0,257500.0,255500.0,256000.0,1846
m15-kis/039490/2026.csv:202610021030,256000.0,257500.0,256000.0,256500.0,3693
m15-kis/039490/2026.csv:202610021045,256500.0,258500.0,256500.0,258500.0,1052
m15-kis/039490/2026.csv:202610021100,258000.0,258000.0,256500.0,256500.0,1636
m15-kis/039490/2026.csv:202610021115,256500.0,258000.0,256500.0,258000.0,1509
m15-kis/039490/2026.csv:202610021130,257500.0,258000.0,257000.0,257500.0,769
m15-kis/039490/2026.csv:202610021145,257500.0,258000.0,257000.0,258000.0,764
m15-kis/039490/2026.csv:202610021200,258000.0,258500.0,257500.0,258500.0,808
m15-kis/039490/2026.csv:202610021215,258500.0,258500.0,257500.0,258000.0,2277
m15-kis/039490/2026.csv:202610021230,257500.0,258000.0,256500.0,257000.0,1547
m15-kis/039490/2026.csv:202610021245,256500.0,257000.0,255500.0,256500.0,2030
m15-kis/039490/2026.csv:202610021300,256000.0,257500.0,256000.0,256500.0,2048
m15-kis/039490/2026.csv:202610021315,256500.0,257000.0,256500.0,257000.0,638
m15-kis/039490/2026.csv:202610021330,256500.0,257000.0,256000.0,256000.0,2111
m15-kis/039490/2026.csv:202610021345,256000.0,258000.0,256000.0,258000.0,2331
m15-kis/039490/2026.csv:202610021400,258000.0,258500.0,257500.0,258500.0,1450
m15-kis/039490/2026.csv:202610021415,258500.0,258500.0,257500.0,258000.0,1934
m15-kis/039490/2026.csv:202610021430,258500.0,259000.0,257000.0,257500.0,3132
m15-kis/039490/2026.csv:202610021445,257500.0,259000.0,257000.0,258000.0,4367
m15-kis/039490/2026.csv:202610021500,258500.0,259000.0,257500.0,258500.0,4029
m15-kis/039490/2026.csv:202610021515,258500.0,259500.0,258000.0,259500.0,3544
m15-kis/041190/2026.csv:202610020900,6070.0,6530.0,6020.0,6360.0,2762489
m15-kis/041190/2026.csv:202610020915,6360.0,6600.0,6280.0,6470.0,1755709
m15-kis/041190/2026.csv:202610020930,6460.0,6480.0,6300.0,6320.0,744654
m15-kis/041190/2026.csv:202610020945,6310.0,6490.0,6310.0,6430.0,439536
m15-kis/041190/2026.csv:202610021000,6430.0,6435.0,6370.0,6390.0,173267
m15-kis/041190/2026.csv:202610021015,6390.0,6390.0,6280.0,6330.0,289698
m15-kis/041190/2026.csv:202610021030,6330.0,6340.0,6290.0,6300.0,91228
m15-kis/041190/2026.csv:202610021045,6300.0,6320.0,6280.0,6320.0,102191
m15-kis/041190/2026.csv:202610021100,6330.0,6360.0,6290.0,6340.0,146095
m15-kis/041190/2026.csv:202610021115,6350.0,6360.0,6320.0,6330.0,89739
m15-kis/041190/2026.csv:202610021130,6330.0,6350.0,6320.0,6350.0,52408
m15-kis/041190/2026.csv:202610021145,6340.0,6380.0,6330.0,6370.0,98169
m15-kis/041190/2026.csv:202610021200,6370.0,6390.0,6360.0,6370.0,51570
m15-kis/041190/2026.csv:202610021215,6370.0,6410.0,6365.0,6370.0,95886
m15-kis/041190/2026.csv:202610021230,6370.0,6400.0,6360.0,6370.0,84498
m15-kis/041190/2026.csv:202610021245,6370.0,6380.0,6330.0,6350.0,70156
m15-kis/041190/2026.csv:202610021300,6360.0,6380.0,6340.0,6350.0,45549
m15-kis/041190/2026.csv:202610021315,6350.0,6430.0,6340.0,6430.0,146892
m15-kis/041190/2026.csv:202610021330,6430.0,6450.0,6400.0,6410.0,218755
m15-kis/041190/2026.csv:202610021345,6410.0,6440.0,6390.0,6410.0,119705
m15-kis/041190/2026.csv:202610021400,6420.0,6500.0,6390.0,6465.0,273187
m15-kis/041190/2026.csv:202610021415,6465.0,6500.0,6420.0,6420.0,242065
m15-kis/041190/2026.csv:202610021430,6420.0,6430.0,6380.0,6410.0,174580
m15-kis/041190/2026.csv:202610021445,6410.0,6410.0,6360.0,6380.0,100906
m15-kis/041190/2026.csv:202610021500,6380.0,6390.0,6360.0,6370.0,112689
m15-kis/041190/2026.csv:202610021515,6370.0,6390.0,6330.0,6380.0,135589
m15-kis/041510/2026.csv:202610020900,77800.0,78200.0,76600.0,76900.0,5048
m15-kis/041510/2026.csv:202610020915,77000.0,77000.0,76600.0,76700.0,2985
m15-kis/041510/2026.csv:202610020930,76700.0,76700.0,76000.0,76100.0,4804
m15-kis/041510/2026.csv:202610020945,76100.0,76100.0,75600.0,75800.0,6588
m15-kis/041510/2026.csv:202610021000,75700.0,75900.0,75400.0,75500.0,4673
m15-kis/041510/2026.csv:202610021015,75500.0,75800.0,74700.0,75100.0,8260
m15-kis/041510/2026.csv:202610021030,75100.0,75200.0,74700.0,74900.0,5947
m15-kis/041510/2026.csv:202610021045,75000.0,75300.0,74800.0,75100.0,3104
m15-kis/041510/2026.csv:202610021100,75100.0,75300.0,74800.0,75100.0,3890
m15-kis/041510/2026.csv:202610021115,75200.0,75300.0,75000.0,75100.0,2966
m15-kis/041510/2026.csv:202610021130,75100.0,75300.0,75000.0,75200.0,4354
m15-kis/041510/2026.csv:202610021145,75100.0,75600.0,75000.0,75200.0,3225
m15-kis/041510/2026.csv:202610021200,75200.0,75500.0,75100.0,75200.0,2882
m15-kis/041510/2026.csv:202610021215,75300.0,75500.0,75100.0,75100.0,3153
m15-kis/041510/2026.csv:202610021230,75200.0,75400.0,75000.0,75200.0,3186
m15-kis/041510/2026.csv:202610021245,75200.0,75600.0,75100.0,75500.0,3594
m15-kis/041510/2026.csv:202610021300,75500.0,75600.0,75200.0,75300.0,3617
m15-kis/041510/2026.csv:202610021315,75400.0,75600.0,75300.0,75400.0,3224
m15-kis/041510/2026.csv:202610021330,75400.0,76600.0,75300.0,76400.0,6105
m15-kis/041510/2026.csv:202610021345,76500.0,79100.0,76200.0,79000.0,17869
m15-kis/041510/2026.csv:202610021400,78900.0,79200.0,78200.0,78800.0,14032
m15-kis/041510/2026.csv:202610021415,78800.0,79000.0,78500.0,78500.0,10479
m15-kis/041510/2026.csv:202610021430,78600.0,78900.0,78200.0,78300.0,11165
m15-kis/041510/2026.csv:202610021445,78300.0,79100.0,78300.0,78900.0,10160
m15-kis/041510/2026.csv:202610021500,78900.0,79700.0,78600.0,79300.0,9925
m15-kis/041510/2026.csv:202610021515,79400.0,79500.0,79100.0,79200.0,3988
m15-kis/041830/2026.csv:202610020900,53700.0,53900.0,52300.0,52400.0,2312
m15-kis/041830/2026.csv:202610020915,52300.0,52500.0,51500.0,51600.0,4317
m15-kis/041830/2026.csv:202610020930,51600.0,51700.0,51100.0,51100.0,3986
m15-kis/041830/2026.csv:202610020945,51300.0,51700.0,51100.0,51200.0,3183
m15-kis/041830/2026.csv:202610021000,51200.0,51600.0,51100.0,51100.0,3619
m15-kis/041830/2026.csv:202610021015,51200.0,51300.0,50800.0,50900.0,4888
m15-kis/041830/2026.csv:202610021030,50900.0,51600.0,50900.0,51000.0,3983
m15-kis/041830/2026.csv:202610021045,51100.0,51600.0,51100.0,51100.0,3456
m15-kis/041830/2026.csv:202610021100,51300.0,51600.0,51100.0,51500.0,3555
m15-kis/041830/2026.csv:202610021115,51500.0,51700.0,51300.0,51500.0,3339
m15-kis/041830/2026.csv:202610021130,51500.0,51800.0,51300.0,51400.0,3219
m15-kis/041830/2026.csv:202610021145,51400.0,51800.0,51300.0,51600.0,2842
m15-kis/041830/2026.csv:202610021200,51500.0,51600.0,51200.0,51400.0,2904
m15-kis/041830/2026.csv:202610021215,51300.0,51400.0,51100.0,51400.0,2551
m15-kis/041830/2026.csv:202610021230,51300.0,51500.0,51100.0,51400.0,2890
m15-kis/041830/2026.csv:202610021245,51200.0,51800.0,51100.0,51600.0,2700
m15-kis/041830/2026.csv:202610021300,51600.0,52000.0,51400.0,51900.0,3016
m15-kis/041830/2026.csv:202610021315,51900.0,52000.0,51500.0,51500.0,3460
m15-kis/041830/2026.csv:202610021330,51800.0,52000.0,51500.0,51900.0,3330
m15-kis/041830/2026.csv:202610021345,51900.0,52100.0,51700.0,51900.0,3614
m15-kis/041830/2026.csv:202610021400,52000.0,52700.0,51800.0,52200.0,5836
m15-kis/041830/2026.csv:202610021415,52200.0,52500.0,51700.0,52100.0,3938
m15-kis/041830/2026.csv:202610021430,52100.0,52300.0,51800.0,52000.0,3731
m15-kis/041830/2026.csv:202610021445,51800.0,52100.0,51600.0,51900.0,3818
m15-kis/041830/2026.csv:202610021500,51900.0,52200.0,51800.0,52100.0,2588
m15-kis/041830/2026.csv:202610021515,52000.0,52300.0,51900.0,52100.0,2355
m15-kis/042660/2026.csv:202610020900,78100.0,78700.0,78000.0,78600.0,21357
m15-kis/042660/2026.csv:202610020915,78600.0,78600.0,78000.0,78400.0,19915
m15-kis/042660/2026.csv:202610020930,78400.0,78800.0,78300.0,78600.0,18243
m15-kis/042660/2026.csv:202610020945,78600.0,78800.0,78400.0,78700.0,13501
m15-kis/042660/2026.csv:202610021000,78700.0,78700.0,78300.0,78300.0,12659
m15-kis/042660/2026.csv:202610021015,78300.0,78400.0,78100.0,78100.0,14734
m15-kis/042660/2026.csv:202610021030,78100.0,78200.0,77900.0,78000.0,38769
m15-kis/042660/2026.csv:202610021045,78000.0,78300.0,78000.0,78300.0,7952
m15-kis/042660/2026.csv:202610021100,78300.0,78800.0,78200.0,78400.0,23230
m15-kis/042660/2026.csv:202610021115,78300.0,78600.0,78200.0,78200.0,15294
m15-kis/042660/2026.csv:202610021130,78300.0,78300.0,78200.0,78200.0,6013
m15-kis/042660/2026.csv:202610021145,78200.0,78300.0,78000.0,78000.0,12160
m15-kis/042660/2026.csv:202610021200,78000.0,78100.0,78000.0,78000.0,11128
m15-kis/042660/2026.csv:202610021215,78000.0,78100.0,77900.0,77950.0,29672
m15-kis/042660/2026.csv:202610021230,77900.0,78000.0,77900.0,77900.0,18691
m15-kis/042660/2026.csv:202610021245,77900.0,78000.0,77800.0,77900.0,48688
m15-kis/042660/2026.csv:202610021300,77900.0,77900.0,77800.0,77850.0,5465
m15-kis/042660/2026.csv:202610021315,77900.0,77900.0,77800.0,77900.0,9857
m15-kis/042660/2026.csv:202610021330,77800.0,78000.0,77800.0,77900.0,16021
m15-kis/042660/2026.csv:202610021345,77900.0,78200.0,77900.0,78100.0,22861
m15-kis/042660/2026.csv:202610021400,78100.0,78300.0,78100.0,78200.0,10541
m15-kis/042660/2026.csv:202610021415,78300.0,78400.0,78100.0,78200.0,25242
m15-kis/042660/2026.csv:202610021430,78200.0,78300.0,78100.0,78200.0,20178
m15-kis/042660/2026.csv:202610021445,78200.0,78500.0,78100.0,78300.0,22855
m15-kis/042660/2026.csv:202610021500,78300.0,78600.0,78300.0,78500.0,20640
m15-kis/042660/2026.csv:202610021515,78500.0,78800.0,78500.0,78800.0,39863
m15-kis/042700/2026.csv:202610020900,274500.0,279000.0,272500.0,273250.0,76996
m15-kis/042700/2026.csv:202610020915,273250.0,279000.0,271500.0,278500.0,61010
m15-kis/042700/2026.csv:202610020930,278500.0,280000.0,277000.0,277750.0,53374
m15-kis/042700/2026.csv:202610020945,277500.0,279000.0,277500.0,277500.0,18005
m15-kis/042700/2026.csv:202610021000,277500.0,279000.0,276000.0,279000.0,20280
m15-kis/042700/2026.csv:202610021015,279000.0,281000.0,275500.0,277000.0,66452
m15-kis/042700/2026.csv:202610021030,276750.0,277500.0,274500.0,275500.0,19201
m15-kis/042700/2026.csv:202610021045,275000.0,278000.0,274500.0,278000.0,13929
m15-kis/042700/2026.csv:202610021100,278000.0,278000.0,276000.0,276000.0,12720
m15-kis/042700/2026.csv:202610021115,276000.0,276500.0,274000.0,274250.0,19130
m15-kis/042700/2026.csv:202610021130,274250.0,274500.0,272000.0,272500.0,19672
m15-kis/042700/2026.csv:202610021145,272500.0,274500.0,272000.0,273500.0,10413
m15-kis/042700/2026.csv:202610021200,273500.0,275500.0,273250.0,275000.0,9397
m15-kis/042700/2026.csv:202610021215,274500.0,275000.0,274000.0,274000.0,9149
m15-kis/042700/2026.csv:202610021230,274500.0,274500.0,272500.0,273000.0,7668
m15-kis/042700/2026.csv:202610021245,273000.0,273000.0,271500.0,272000.0,9237
m15-kis/042700/2026.csv:202610021300,272000.0,272500.0,270500.0,271000.0,17434
m15-kis/042700/2026.csv:202610021315,271500.0,273000.0,270500.0,273000.0,12349
m15-kis/042700/2026.csv:202610021330,273000.0,273000.0,272000.0,272250.0,6095
m15-kis/042700/2026.csv:202610021345,272000.0,272500.0,271000.0,271000.0,6565
m15-kis/042700/2026.csv:202610021400,271500.0,272000.0,271000.0,271500.0,10583
m15-kis/042700/2026.csv:202610021415,271000.0,272000.0,270000.0,270000.0,15770
m15-kis/042700/2026.csv:202610021430,270000.0,270500.0,267500.0,270000.0,35732
m15-kis/042700/2026.csv:202610021445,270000.0,270500.0,268500.0,269500.0,20807
m15-kis/042700/2026.csv:202610021500,270000.0,272000.0,269000.0,271000.0,28027
m15-kis/042700/2026.csv:202610021515,271000.0,272500.0,270500.0,272000.0,22370
m15-kis/043260/2026.csv:202610020900,30050.0,32600.0,29650.0,32200.0,2774641
m15-kis/043260/2026.csv:202610020915,32200.0,32900.0,31550.0,31600.0,1498403
m15-kis/043260/2026.csv:202610020930,31650.0,32150.0,31200.0,31600.0,748236
m15-kis/043260/2026.csv:202610020945,31600.0,32150.0,31500.0,31650.0,398256
m15-kis/043260/2026.csv:202610021000,31650.0,31700.0,31250.0,31450.0,332650
m15-kis/043260/2026.csv:202610021015,31450.0,31800.0,31400.0,31550.0,163965
m15-kis/043260/2026.csv:202610021030,31550.0,31600.0,31000.0,31500.0,286946
m15-kis/043260/2026.csv:202610021045,31500.0,31950.0,31400.0,31950.0,192404
m15-kis/043260/2026.csv:202610021100,31900.0,31950.0,31300.0,31350.0,140686
m15-kis/043260/2026.csv:202610021115,31350.0,31500.0,31150.0,31200.0,97026
m15-kis/043260/2026.csv:202610021130,31200.0,31350.0,30300.0,30700.0,468365
m15-kis/043260/2026.csv:202610021145,30750.0,30950.0,30700.0,30900.0,88272
m15-kis/043260/2026.csv:202610021200,30875.0,31200.0,30850.0,31050.0,94656
m15-kis/043260/2026.csv:202610021215,31050.0,31150.0,30775.0,30950.0,84346
m15-kis/043260/2026.csv:202610021230,31000.0,31000.0,30650.0,30750.0,68707
m15-kis/043260/2026.csv:202610021245,30750.0,30900.0,30500.0,30800.0,85906
m15-kis/043260/2026.csv:202610021300,30800.0,31100.0,30600.0,31000.0,111031
m15-kis/043260/2026.csv:202610021315,30950.0,31100.0,30850.0,30950.0,43795
m15-kis/043260/2026.csv:202610021330,31000.0,31350.0,31000.0,31300.0,128916
m15-kis/043260/2026.csv:202610021345,31300.0,31450.0,31050.0,31400.0,100867
m15-kis/043260/2026.csv:202610021400,31400.0,31400.0,31100.0,31100.0,75448
m15-kis/043260/2026.csv:202610021415,31100.0,31150.0,30950.0,31000.0,74586
m15-kis/043260/2026.csv:202610021430,31000.0,31050.0,30700.0,30900.0,95385
m15-kis/043260/2026.csv:202610021445,30900.0,31100.0,30850.0,31100.0,72457
m15-kis/043260/2026.csv:202610021500,31100.0,31150.0,30950.0,31000.0,86846
m15-kis/043260/2026.csv:202610021515,31000.0,31200.0,30950.0,31200.0,94464
m15-kis/044490/2026.csv:202610020900,37700.0,37900.0,37500.0,37700.0,8822
m15-kis/044490/2026.csv:202610020915,37650.0,38050.0,37650.0,37950.0,4139
m15-kis/044490/2026.csv:202610020930,37950.0,38400.0,37900.0,38250.0,6192
m15-kis/044490/2026.csv:202610020945,38250.0,38600.0,38250.0,38400.0,8107
m15-kis/044490/2026.csv:202610021000,38350.0,38400.0,38050.0,38300.0,3394
m15-kis/044490/2026.csv:202610021015,38300.0,38300.0,38000.0,38050.0,2865
m15-kis/044490/2026.csv:202610021030,38050.0,38100.0,37850.0,37950.0,4779
m15-kis/044490/2026.csv:202610021045,37950.0,38050.0,37900.0,37900.0,1466
m15-kis/044490/2026.csv:202610021100,38000.0,38100.0,37900.0,38000.0,1620
m15-kis/044490/2026.csv:202610021115,37950.0,38100.0,37950.0,37950.0,1810
m15-kis/044490/2026.csv:202610021130,37950.0,38150.0,37900.0,38050.0,1677
m15-kis/044490/2026.csv:202610021145,38000.0,38075.0,37900.0,38000.0,2184
m15-kis/044490/2026.csv:202610021200,37950.0,38000.0,37900.0,37950.0,911
m15-kis/044490/2026.csv:202610021215,37950.0,38000.0,37850.0,37900.0,2041
m15-kis/044490/2026.csv:202610021230,37950.0,37950.0,37750.0,37800.0,1545
m15-kis/044490/2026.csv:202610021245,37800.0,37850.0,37750.0,37750.0,1309
m15-kis/044490/2026.csv:202610021300,37750.0,37800.0,37750.0,37750.0,1598
m15-kis/044490/2026.csv:202610021315,37750.0,37750.0,37700.0,37750.0,2613
m15-kis/044490/2026.csv:202610021330,37750.0,37950.0,37700.0,37900.0,3228
m15-kis/044490/2026.csv:202610021345,37950.0,38100.0,37850.0,38000.0,5243
m15-kis/044490/2026.csv:202610021400,38050.0,38250.0,38000.0,38150.0,5309
m15-kis/044490/2026.csv:202610021415,38125.0,38150.0,37900.0,38000.0,3579
m15-kis/044490/2026.csv:202610021430,37950.0,38100.0,37900.0,37950.0,2731
m15-kis/044490/2026.csv:202610021445,37950.0,38100.0,37650.0,37950.0,3939
m15-kis/044490/2026.csv:202610021500,38000.0,38050.0,37900.0,37900.0,4086
m15-kis/044490/2026.csv:202610021515,37900.0,37950.0,37850.0,37950.0,3122
m15-kis/046890/2026.csv:202610020900,10890.0,11090.0,10840.0,11000.0,40821
m15-kis/046890/2026.csv:202610020915,11000.0,11050.0,10900.0,11020.0,26140
m15-kis/046890/2026.csv:202610020930,11020.0,11060.0,10960.0,10970.0,17056
m15-kis/046890/2026.csv:202610020945,10980.0,11060.0,10980.0,11040.0,13741
m15-kis/046890/2026.csv:202610021000,11040.0,11040.0,10920.0,10950.0,17085
m15-kis/046890/2026.csv:202610021015,10950.0,11030.0,10930.0,10950.0,15392
m15-kis/046890/2026.csv:202610021030,10950.0,10960.0,10860.0,10870.0,16605
m15-kis/046890/2026.csv:202610021045,10880.0,10960.0,10860.0,10960.0,7646
m15-kis/046890/2026.csv:202610021100,10970.0,10980.0,10900.0,10920.0,21701
m15-kis/046890/2026.csv:202610021115,10910.0,10940.0,10900.0,10910.0,4831
m15-kis/046890/2026.csv:202610021130,10910.0,10920.0,10860.0,10870.0,5868
m15-kis/046890/2026.csv:202610021145,10870.0,10910.0,10860.0,10910.0,4719
m15-kis/046890/2026.csv:202610021200,10910.0,10910.0,10860.0,10860.0,4389
m15-kis/046890/2026.csv:202610021215,10870.0,10870.0,10850.0,10860.0,3739
m15-kis/046890/2026.csv:202610021230,10860.0,10870.0,10810.0,10820.0,11852
m15-kis/046890/2026.csv:202610021245,10820.0,10850.0,10810.0,10830.0,3071
m15-kis/046890/2026.csv:202610021300,10830.0,10840.0,10760.0,10810.0,19770
m15-kis/046890/2026.csv:202610021315,10810.0,10870.0,10800.0,10870.0,5509
m15-kis/046890/2026.csv:202610021330,10870.0,10880.0,10850.0,10860.0,4517
m15-kis/046890/2026.csv:202610021345,10860.0,10890.0,10850.0,10890.0,2513
m15-kis/046890/2026.csv:202610021400,10890.0,10900.0,10880.0,10900.0,2604
m15-kis/046890/2026.csv:202610021415,10890.0,10920.0,10850.0,10870.0,4224
m15-kis/046890/2026.csv:202610021430,10870.0,10890.0,10860.0,10870.0,5010
m15-kis/046890/2026.csv:202610021445,10890.0,10900.0,10875.0,10890.0,3024
m15-kis/046890/2026.csv:202610021500,10900.0,10940.0,10900.0,10920.0,5710
m15-kis/046890/2026.csv:202610021515,10920.0,10920.0,10890.0,10890.0,6972
m15-kis/047040/2026.csv:202610020900,17510.0,17680.0,17450.0,17580.0,500366
m15-kis/047040/2026.csv:202610020915,17580.0,17650.0,17530.0,17610.0,236647
m15-kis/047040/2026.csv:202610020930,17610.0,17670.0,17560.0,17600.0,157297
m15-kis/047040/2026.csv:202610020945,17590.0,17740.0,17560.0,17660.0,234495
m15-kis/047040/2026.csv:202610021000,17665.0,17670.0,17580.0,17650.0,124167
m15-kis/047040/2026.csv:202610021015,17650.0,17670.0,17580.0,17580.0,92800
m15-kis/047040/2026.csv:202610021030,17580.0,17590.0,17530.0,17580.0,129257
m15-kis/047040/2026.csv:202610021045,17590.0,17640.0,17580.0,17610.0,77898
m15-kis/047040/2026.csv:202610021100,17620.0,17640.0,17590.0,17600.0,49849
m15-kis/047040/2026.csv:202610021115,17590.0,17640.0,17580.0,17600.0,72337
m15-kis/047040/2026.csv:202610021130,17600.0,17650.0,17580.0,17620.0,64973
m15-kis/047040/2026.csv:202610021145,17620.0,17630.0,17600.0,17620.0,40534
m15-kis/047040/2026.csv:202610021200,17610.0,17650.0,17610.0,17620.0,38519
m15-kis/047040/2026.csv:202610021215,17620.0,17625.0,17580.0,17590.0,61074
m15-kis/047040/2026.csv:202610021230,17580.0,17590.0,17570.0,17580.0,47409
m15-kis/047040/2026.csv:202610021245,17580.0,17580.0,17520.0,17540.0,153421
m15-kis/047040/2026.csv:202610021300,17540.0,17560.0,17530.0,17540.0,51049
m15-kis/047040/2026.csv:202610021315,17540.0,17630.0,17530.0,17620.0,76895
m15-kis/047040/2026.csv:202610021330,17620.0,17670.0,17620.0,17620.0,71018
m15-kis/047040/2026.csv:202610021345,17620.0,17640.0,17600.0,17630.0,67628
m15-kis/047040/2026.csv:202610021400,17630.0,17650.0,17580.0,17620.0,76414
m15-kis/047040/2026.csv:202610021415,17610.0,17630.0,17600.0,17600.0,48399
m15-kis/047040/2026.csv:202610021430,17610.0,17610.0,17550.0,17570.0,94605
m15-kis/047040/2026.csv:202610021445,17570.0,17610.0,17570.0,17590.0,48577
m15-kis/047040/2026.csv:202610021500,17600.0,17620.0,17590.0,17610.0,89475
m15-kis/047040/2026.csv:202610021515,17610.0,17620.0,17600.0,17610.0,76389
m15-kis/047050/2026.csv:202610020900,56200.0,56400.0,55700.0,56000.0,31808
m15-kis/047050/2026.csv:202610020915,56100.0,56300.0,55800.0,56000.0,17502
m15-kis/047050/2026.csv:202610020930,56000.0,57300.0,55900.0,56900.0,65873
m15-kis/047050/2026.csv:202610020945,56900.0,57000.0,56600.0,56900.0,13353
m15-kis/047050/2026.csv:202610021000,57000.0,57200.0,56800.0,57000.0,22331
m15-kis/047050/2026.csv:202610021015,57000.0,57000.0,56400.0,56400.0,13597
m15-kis/047050/2026.csv:202610021030,56400.0,57000.0,56300.0,56600.0,16821
m15-kis/047050/2026.csv:202610021045,56700.0,57000.0,56600.0,57000.0,8270
m15-kis/047050/2026.csv:202610021100,57000.0,57200.0,56900.0,56900.0,12893
m15-kis/047050/2026.csv:202610021115,57000.0,57200.0,56800.0,56900.0,15597
m15-kis/047050/2026.csv:202610021130,56800.0,57000.0,56600.0,56600.0,5795
m15-kis/047050/2026.csv:202610021145,56600.0,56700.0,56500.0,56500.0,6312
m15-kis/047050/2026.csv:202610021200,56500.0,56700.0,56400.0,56500.0,11047
m15-kis/047050/2026.csv:202610021215,56500.0,56600.0,56300.0,56400.0,5013
m15-kis/047050/2026.csv:202610021230,56300.0,56500.0,56200.0,56300.0,8957
m15-kis/047050/2026.csv:202610021245,56300.0,56600.0,56100.0,56600.0,10585
m15-kis/047050/2026.csv:202610021300,56600.0,56700.0,56300.0,56500.0,15784
m15-kis/047050/2026.csv:202610021315,56500.0,56700.0,56500.0,56500.0,5224
m15-kis/047050/2026.csv:202610021330,56500.0,56600.0,56300.0,56500.0,7927
m15-kis/047050/2026.csv:202610021345,56500.0,56700.0,56400.0,56700.0,8862
m15-kis/047050/2026.csv:202610021400,56600.0,56800.0,56500.0,56700.0,8894
m15-kis/047050/2026.csv:202610021415,56700.0,56800.0,56600.0,56700.0,6537
m15-kis/047050/2026.csv:202610021430,56700.0,56800.0,56600.0,56600.0,12166
m15-kis/047050/2026.csv:202610021445,56600.0,56900.0,56500.0,56500.0,18719
m15-kis/047050/2026.csv:202610021500,56500.0,56800.0,56500.0,56600.0,12746
m15-kis/047050/2026.csv:202610021515,56600.0,56700.0,56500.0,56600.0,18126
m15-kis/047810/2026.csv:202610020900,127200.0,128400.0,126900.0,128400.0,7111
m15-kis/047810/2026.csv:202610020915,128300.0,128700.0,127500.0,128700.0,6597
m15-kis/047810/2026.csv:202610020930,128600.0,129700.0,128300.0,129300.0,11436
m15-kis/047810/2026.csv:202610020945,129300.0,129700.0,129000.0,129700.0,6541
m15-kis/047810/2026.csv:202610021000,129600.0,129900.0,129300.0,129700.0,7140
m15-kis/047810/2026.csv:202610021015,129600.0,129800.0,129200.0,129700.0,7862
m15-kis/047810/2026.csv:202610021030,129800.0,130000.0,129400.0,129800.0,9399
m15-kis/047810/2026.csv:202610021045,129900.0,130900.0,129800.0,130900.0,16866
m15-kis/047810/2026.csv:202610021100,130900.0,131800.0,130850.0,131600.0,18209
m15-kis/047810/2026.csv:202610021115,131600.0,131900.0,131200.0,131300.0,11709
m15-kis/047810/2026.csv:202610021130,131400.0,131800.0,131300.0,131700.0,6488
m15-kis/047810/2026.csv:202610021145,131800.0,131800.0,131300.0,131400.0,4648
m15-kis/047810/2026.csv:202610021200,131500.0,131500.0,131300.0,131500.0,3543
m15-kis/047810/2026.csv:202610021215,131500.0,131500.0,130700.0,130900.0,5448
m15-kis/047810/2026.csv:202610021230,130900.0,131100.0,130500.0,130800.0,3354
m15-kis/047810/2026.csv:202610021245,130800.0,130900.0,130500.0,130900.0,2956
m15-kis/047810/2026.csv:202610021300,130900.0,131500.0,130900.0,131300.0,5931
m15-kis/047810/2026.csv:202610021315,131300.0,131900.0,131300.0,131800.0,9474
m15-kis/047810/2026.csv:202610021330,131800.0,131900.0,131600.0,131700.0,5122
m15-kis/047810/2026.csv:202610021345,131700.0,131800.0,131000.0,131600.0,6317
m15-kis/047810/2026.csv:202610021400,131500.0,132500.0,131400.0,132400.0,14670
m15-kis/047810/2026.csv:202610021415,132500.0,132800.0,132400.0,132500.0,12973
m15-kis/047810/2026.csv:202610021430,132500.0,132700.0,132000.0,132500.0,10325
m15-kis/047810/2026.csv:202610021445,132500.0,133000.0,132500.0,133000.0,13150
m15-kis/047810/2026.csv:202610021500,132900.0,133300.0,132700.0,133200.0,17056
m15-kis/047810/2026.csv:202610021515,133300.0,133500.0,133100.0,133500.0,25024
m15-kis/048410/2026.csv:202610020900,7100.0,7330.0,7070.0,7300.0,254049
m15-kis/048410/2026.csv:202610020915,7300.0,7300.0,7190.0,7250.0,84376
m15-kis/048410/2026.csv:202610020930,7240.0,7350.0,7210.0,7270.0,125751
m15-kis/048410/2026.csv:202610020945,7270.0,7370.0,7260.0,7260.0,119616
m15-kis/048410/2026.csv:202610021000,7270.0,7290.0,7190.0,7220.0,56219
m15-kis/048410/2026.csv:202610021015,7220.0,7230.0,7180.0,7180.0,35959
m15-kis/048410/2026.csv:202610021030,7190.0,7190.0,7060.0,7110.0,84983
m15-kis/048410/2026.csv:202610021045,7100.0,7130.0,7080.0,7100.0,44792
m15-kis/048410/2026.csv:202610021100,7090.0,7090.0,7060.0,7090.0,23430
m15-kis/048410/2026.csv:202610021115,7090.0,7100.0,7050.0,7090.0,22678
m15-kis/048410/2026.csv:202610021130,7080.0,7130.0,7080.0,7120.0,13460
m15-kis/048410/2026.csv:202610021145,7120.0,7180.0,7080.0,7175.0,30949
m15-kis/048410/2026.csv:202610021200,7175.0,7190.0,7150.0,7150.0,18862
m15-kis/048410/2026.csv:202610021215,7160.0,7160.0,7130.0,7160.0,13171
m15-kis/048410/2026.csv:202610021230,7160.0,7180.0,7150.0,7150.0,13196
m15-kis/048410/2026.csv:202610021245,7150.0,7160.0,7120.0,7160.0,13318
m15-kis/048410/2026.csv:202610021300,7160.0,7170.0,7120.0,7130.0,11674
m15-kis/048410/2026.csv:202610021315,7120.0,7160.0,7110.0,7150.0,15975
m15-kis/048410/2026.csv:202610021330,7150.0,7160.0,7120.0,7130.0,6261
m15-kis/048410/2026.csv:202610021345,7120.0,7140.0,7120.0,7140.0,8394
m15-kis/048410/2026.csv:202610021400,7140.0,7140.0,7110.0,7140.0,13938
m15-kis/048410/2026.csv:202610021415,7140.0,7140.0,7090.0,7110.0,14487
m15-kis/048410/2026.csv:202610021430,7110.0,7110.0,7080.0,7090.0,17855
m15-kis/048410/2026.csv:202610021445,7090.0,7120.0,7080.0,7110.0,23062
m15-kis/048410/2026.csv:202610021500,7110.0,7120.0,7050.0,7060.0,30844
m15-kis/048410/2026.csv:202610021515,7060.0,7060.0,7040.0,7050.0,53605
m15-kis/051600/2026.csv:202610020900,44000.0,44550.0,44000.0,44200.0,4185
m15-kis/051600/2026.csv:202610020915,44175.0,44450.0,44175.0,44450.0,4751
m15-kis/051600/2026.csv:202610020930,44450.0,44800.0,44350.0,44700.0,4809
m15-kis/051600/2026.csv:202610020945,44700.0,44750.0,44650.0,44750.0,1364
m15-kis/051600/2026.csv:202610021000,44750.0,44750.0,44600.0,44700.0,1685
m15-kis/051600/2026.csv:202610021015,44650.0,44700.0,44550.0,44600.0,1885
m15-kis/051600/2026.csv:202610021030,44650.0,44650.0,44450.0,44500.0,14562
m15-kis/051600/2026.csv:202610021045,44500.0,44700.0,44500.0,44550.0,6803
m15-kis/051600/2026.csv:202610021100,44600.0,44750.0,44600.0,44700.0,1508
m15-kis/051600/2026.csv:202610021115,44750.0,44800.0,44650.0,44750.0,3023
m15-kis/051600/2026.csv:202610021130,44700.0,44900.0,44650.0,44850.0,2923
m15-kis/051600/2026.csv:202610021145,44850.0,44900.0,44800.0,44900.0,1397
m15-kis/051600/2026.csv:202610021200,44900.0,44900.0,44800.0,44900.0,2043
m15-kis/051600/2026.csv:202610021215,44900.0,44900.0,44800.0,44900.0,1718
m15-kis/051600/2026.csv:202610021230,44850.0,44900.0,44800.0,44900.0,1156
m15-kis/051600/2026.csv:202610021245,44900.0,44950.0,44750.0,44750.0,1957
m15-kis/051600/2026.csv:202610021300,44750.0,44850.0,44750.0,44850.0,1545
m15-kis/051600/2026.csv:202610021315,44850.0,44900.0,44800.0,44800.0,1624
m15-kis/051600/2026.csv:202610021330,44800.0,45000.0,44800.0,44950.0,2672
m15-kis/051600/2026.csv:202610021345,44950.0,45050.0,44900.0,45050.0,3260
m15-kis/051600/2026.csv:202610021400,45050.0,45100.0,44950.0,45000.0,697
m15-kis/051600/2026.csv:202610021415,44950.0,45000.0,44950.0,45000.0,1819
m15-kis/051600/2026.csv:202610021430,45000.0,45000.0,44900.0,44950.0,1864
m15-kis/051600/2026.csv:202610021445,44950.0,45050.0,44900.0,45050.0,2854
m15-kis/051600/2026.csv:202610021500,45050.0,45100.0,45000.0,45000.0,2927
m15-kis/051600/2026.csv:202610021515,45000.0,45000.0,44850.0,44950.0,4837
m15-kis/051900/2026.csv:202610020900,272000.0,274000.0,268000.0,268500.0,3402
m15-kis/051900/2026.csv:202610020915,268500.0,269000.0,267000.0,267500.0,1885
m15-kis/051900/2026.csv:202610020930,267500.0,268000.0,265000.0,265500.0,4109
m15-kis/051900/2026.csv:202610020945,265500.0,265750.0,263500.0,264500.0,4381
m15-kis/051900/2026.csv:202610021000,264500.0,265500.0,263500.0,264500.0,3162
m15-kis/051900/2026.csv:202610021015,265000.0,265500.0,264000.0,264000.0,1616
m15-kis/051900/2026.csv:202610021030,264500.0,265500.0,263500.0,264500.0,2109
m15-kis/051900/2026.csv:202610021045,265000.0,265000.0,263500.0,264000.0,1708
m15-kis/051900/2026.csv:202610021100,265000.0,266000.0,264000.0,265000.0,1954
m15-kis/051900/2026.csv:202610021115,265500.0,265500.0,264000.0,265500.0,1542
m15-kis/051900/2026.csv:202610021130,265000.0,265500.0,264500.0,265000.0,1584
m15-kis/051900/2026.csv:202610021145,264500.0,265500.0,264500.0,264500.0,1616
m15-kis/051900/2026.csv:202610021200,265000.0,266500.0,264500.0,266000.0,2268
m15-kis/051900/2026.csv:202610021215,266000.0,266500.0,265000.0,266500.0,1595
m15-kis/051900/2026.csv:202610021230,266500.0,267500.0,266000.0,267000.0,2162
m15-kis/051900/2026.csv:202610021245,266500.0,267000.0,266000.0,267000.0,1633
m15-kis/051900/2026.csv:202610021300,266500.0,267000.0,266000.0,266000.0,1434
m15-kis/051900/2026.csv:202610021315,265500.0,267000.0,265500.0,266500.0,1543
m15-kis/051900/2026.csv:202610021330,266500.0,268000.0,266500.0,267500.0,1734
m15-kis/051900/2026.csv:202610021345,267000.0,268000.0,266500.0,267500.0,1743
m15-kis/051900/2026.csv:202610021400,267500.0,268500.0,267000.0,268000.0,1992
m15-kis/051900/2026.csv:202610021415,268000.0,269500.0,267500.0,269000.0,2337
m15-kis/051900/2026.csv:202610021430,269000.0,270500.0,269000.0,270500.0,2589
m15-kis/051900/2026.csv:202610021445,270000.0,271000.0,269000.0,271000.0,2092
m15-kis/051900/2026.csv:202610021500,270500.0,271500.0,270000.0,270500.0,1918
m15-kis/051900/2026.csv:202610021515,270500.0,271000.0,269500.0,271000.0,1597
m15-kis/051910/2026.csv:202610020900,254000.0,261000.0,253500.0,260000.0,17432
m15-kis/051910/2026.csv:202610020915,260000.0,261000.0,256000.0,258000.0,7343
m15-kis/051910/2026.csv:202610020930,258500.0,260000.0,257500.0,259500.0,4350
m15-kis/051910/2026.csv:202610020945,259750.0,262000.0,258500.0,261500.0,7978
m15-kis/051910/2026.csv:202610021000,261500.0,261500.0,260000.0,261500.0,3341
m15-kis/051910/2026.csv:202610021015,261500.0,261500.0,258500.0,259000.0,4034
m15-kis/051910/2026.csv:202610021030,259000.0,259000.0,257500.0,258500.0,2717
m15-kis/051910/2026.csv:202610021045,258500.0,259000.0,257500.0,259000.0,3460
m15-kis/051910/2026.csv:202610021100,258500.0,259500.0,258500.0,259000.0,1696
m15-kis/051910/2026.csv:202610021115,259500.0,260000.0,259000.0,259500.0,2553
m15-kis/051910/2026.csv:202610021130,259500.0,259500.0,258000.0,258000.0,2821
m15-kis/051910/2026.csv:202610021145,258000.0,259500.0,258000.0,259000.0,1583
m15-kis/051910/2026.csv:202610021200,259000.0,259500.0,258000.0,259000.0,2560
m15-kis/051910/2026.csv:202610021215,258500.0,259000.0,257000.0,258000.0,3062
m15-kis/051910/2026.csv:202610021230,258000.0,259000.0,258000.0,258500.0,1426
m15-kis/051910/2026.csv:202610021245,258000.0,259500.0,257500.0,259000.0,2055
m15-kis/051910/2026.csv:202610021300,258500.0,259500.0,258000.0,258500.0,2372
m15-kis/051910/2026.csv:202610021315,258500.0,259000.0,258500.0,259000.0,1630
m15-kis/051910/2026.csv:202610021330,258500.0,259000.0,258000.0,258000.0,2392
m15-kis/051910/2026.csv:202610021345,258000.0,259500.0,258000.0,259500.0,2627
m15-kis/051910/2026.csv:202610021400,259000.0,260500.0,259000.0,260000.0,4397
m15-kis/051910/2026.csv:202610021415,259500.0,260000.0,259500.0,259500.0,2109
m15-kis/051910/2026.csv:202610021430,259500.0,260500.0,259000.0,260000.0,4547
m15-kis/051910/2026.csv:202610021445,260000.0,262500.0,260000.0,262500.0,9132
m15-kis/051910/2026.csv:202610021500,262500.0,263000.0,262000.0,262500.0,14368
m15-kis/051910/2026.csv:202610021515,262500.0,263000.0,261500.0,262500.0,13517
m15-kis/052020/2026.csv:202610020900,8050.0,8220.0,8000.0,8000.0,14363
m15-kis/052020/2026.csv:202610020915,7990.0,8020.0,7910.0,7940.0,12482
m15-kis/052020/2026.csv:202610020930,7940.0,7940.0,7800.0,7910.0,8291
m15-kis/052020/2026.csv:202610020945,7920.0,7940.0,7890.0,7890.0,3692
m15-kis/052020/2026.csv:202610021000,7880.0,7900.0,7800.0,7800.0,2543
m15-kis/052020/2026.csv:202610021015,7820.0,7870.0,7780.0,7795.0,3689
m15-kis/052020/2026.csv:202610021030,7795.0,7795.0,7660.0,7690.0,23795
m15-kis/052020/2026.csv:202610021045,7690.0,7750.0,7680.0,7690.0,14289
m15-kis/052020/2026.csv:202610021100,7720.0,7790.0,7670.0,7730.0,5866
m15-kis/052020/2026.csv:202610021115,7690.0,7800.0,7670.0,7710.0,2688
m15-kis/052020/2026.csv:202610021130,7690.0,7720.0,7680.0,7680.0,1041
m15-kis/052020/2026.csv:202610021145,7680.0,7870.0,7660.0,7700.0,3399
m15-kis/052020/2026.csv:202610021200,7680.0,7850.0,7670.0,7710.0,8210
m15-kis/052020/2026.csv:202610021215,7700.0,7740.0,7700.0,7710.0,910
m15-kis/052020/2026.csv:202610021230,7710.0,7730.0,7690.0,7690.0,3901
m15-kis/052020/2026.csv:202610021245,7690.0,7690.0,7640.0,7690.0,8072
m15-kis/052020/2026.csv:202610021300,7680.0,7690.0,7640.0,7650.0,2817
m15-kis/052020/2026.csv:202610021315,7650.0,7790.0,7650.0,7720.0,2521
m15-kis/052020/2026.csv:202610021330,7680.0,7750.0,7680.0,7730.0,931
m15-kis/052020/2026.csv:202610021345,7730.0,7770.0,7730.0,7730.0,1079
m15-kis/052020/2026.csv:202610021400,7740.0,7800.0,7730.0,7750.0,2195
m15-kis/052020/2026.csv:202610021415,7750.0,7810.0,7750.0,7810.0,2106
m15-kis/052020/2026.csv:202610021430,7780.0,7820.0,7740.0,7760.0,4545
m15-kis/052020/2026.csv:202610021445,7760.0,7820.0,7740.0,7770.0,3700
m15-kis/052020/2026.csv:202610021500,7750.0,7860.0,7750.0,7850.0,8653
m15-kis/052020/2026.csv:202610021515,7810.0,7850.0,7760.0,7840.0,14300
m15-kis/052400/2026.csv:202610020900,38000.0,38650.0,38000.0,38250.0,1770
m15-kis/052400/2026.csv:202610020915,38250.0,38250.0,38000.0,38100.0,1743
m15-kis/052400/2026.csv:202610020930,38100.0,38200.0,37950.0,38150.0,1768
m15-kis/052400/2026.csv:202610020945,38100.0,38200.0,38050.0,38150.0,1196
m15-kis/052400/2026.csv:202610021000,38150.0,38150.0,37850.0,37950.0,3050
m15-kis/052400/2026.csv:202610021015,37950.0,38050.0,37750.0,37800.0,2259
m15-kis/052400/2026.csv:202610021030,37800.0,37800.0,37600.0,37600.0,2545
m15-kis/052400/2026.csv:202610021045,37600.0,37700.0,37550.0,37550.0,2071
m15-kis/052400/2026.csv:202610021100,37550.0,37800.0,37550.0,37700.0,677
m15-kis/052400/2026.csv:202610021115,37700.0,37900.0,37700.0,37700.0,882
m15-kis/052400/2026.csv:202610021130,37700.0,37800.0,37650.0,37700.0,538
m15-kis/052400/2026.csv:202610021145,37700.0,37900.0,37700.0,37750.0,714
m15-kis/052400/2026.csv:202610021200,37750.0,37950.0,37700.0,37700.0,575
m15-kis/052400/2026.csv:202610021215,37800.0,37900.0,37700.0,37750.0,652
m15-kis/052400/2026.csv:202610021230,37700.0,37750.0,37600.0,37650.0,1539
m15-kis/052400/2026.csv:202610021245,37650.0,37750.0,37600.0,37750.0,1709
m15-kis/052400/2026.csv:202610021300,37650.0,37900.0,37550.0,37600.0,1689
m15-kis/052400/2026.csv:202610021315,37600.0,37750.0,37600.0,37600.0,836
m15-kis/052400/2026.csv:202610021330,37700.0,37750.0,37550.0,37600.0,1249
m15-kis/052400/2026.csv:202610021345,37600.0,37700.0,37550.0,37700.0,1997
m15-kis/052400/2026.csv:202610021400,37650.0,37750.0,37600.0,37650.0,1111
m15-kis/052400/2026.csv:202610021415,37650.0,37750.0,37600.0,37650.0,1032
m15-kis/052400/2026.csv:202610021430,37700.0,37700.0,37550.0,37550.0,1505
m15-kis/052400/2026.csv:202610021445,37600.0,37750.0,37550.0,37700.0,762
m15-kis/052400/2026.csv:202610021500,37750.0,37800.0,37650.0,37700.0,897
m15-kis/052400/2026.csv:202610021515,37650.0,37750.0,37600.0,37700.0,3097
m15-kis/052690/2026.csv:202610020900,125000.0,126500.0,124400.0,125400.0,19510
m15-kis/052690/2026.csv:202610020915,125400.0,126300.0,124600.0,125600.0,17501
m15-kis/052690/2026.csv:202610020930,125500.0,126200.0,125000.0,125600.0,11080
m15-kis/052690/2026.csv:202610020945,125600.0,126100.0,125600.0,125800.0,4834
m15-kis/052690/2026.csv:202610021000,125800.0,125900.0,125100.0,125500.0,7204
m15-kis/052690/2026.csv:202610021015,125500.0,125800.0,124800.0,124800.0,5971
m15-kis/052690/2026.csv:202610021030,124800.0,124900.0,124200.0,124300.0,11704
m15-kis/052690/2026.csv:202610021045,124400.0,125200.0,124300.0,125000.0,4836
m15-kis/052690/2026.csv:202610021100,125000.0,125600.0,125000.0,125400.0,4028
m15-kis/052690/2026.csv:202610021115,125400.0,125900.0,125300.0,125700.0,5412
m15-kis/052690/2026.csv:202610021130,125700.0,126400.0,125500.0,126000.0,9444
m15-kis/052690/2026.csv:202610021145,126000.0,126300.0,125700.0,126200.0,3286
m15-kis/052690/2026.csv:202610021200,126300.0,126500.0,125900.0,125900.0,6007
m15-kis/052690/2026.csv:202610021215,125900.0,126000.0,125500.0,125600.0,3936
m15-kis/052690/2026.csv:202610021230,125700.0,125700.0,125600.0,125600.0,833
m15-kis/052690/2026.csv:202610021245,125600.0,125600.0,125000.0,125400.0,4752
m15-kis/052690/2026.csv:202610021300,125500.0,125600.0,125300.0,125400.0,2683
m15-kis/052690/2026.csv:202610021315,125300.0,126300.0,125200.0,126300.0,4994
m15-kis/052690/2026.csv:202610021330,126300.0,128400.0,126200.0,127300.0,39266
m15-kis/052690/2026.csv:202610021345,127200.0,127900.0,126700.0,127700.0,12567
m15-kis/052690/2026.csv:202610021400,127700.0,127800.0,127200.0,127500.0,6282
m15-kis/052690/2026.csv:202610021415,127500.0,127500.0,127000.0,127000.0,5238
m15-kis/052690/2026.csv:202610021430,127000.0,127000.0,126500.0,126700.0,10680
m15-kis/052690/2026.csv:202610021445,126600.0,127100.0,126600.0,127100.0,8364
m15-kis/052690/2026.csv:202610021500,127000.0,127200.0,126700.0,127200.0,7330
m15-kis/052690/2026.csv:202610021515,127100.0,127200.0,127000.0,127100.0,6089
m15-kis/053800/2026.csv:202610020900,77500.0,78100.0,77200.0,78000.0,3170
m15-kis/053800/2026.csv:202610020915,77900.0,77900.0,77000.0,77000.0,1308
m15-kis/053800/2026.csv:202610020930,76900.0,77500.0,76900.0,77200.0,659
m15-kis/053800/2026.csv:202610020945,77200.0,77600.0,77000.0,77200.0,1182
m15-kis/053800/2026.csv:202610021000,77100.0,77600.0,76700.0,77600.0,6027
m15-kis/053800/2026.csv:202610021015,77500.0,78100.0,77500.0,78000.0,3394
m15-kis/053800/2026.csv:202610021030,78000.0,78600.0,77300.0,77400.0,5302
m15-kis/053800/2026.csv:202610021045,77350.0,77600.0,77350.0,77500.0,687
m15-kis/053800/2026.csv:202610021100,77500.0,77600.0,77400.0,77500.0,324
m15-kis/053800/2026.csv:202610021115,77500.0,77500.0,77000.0,77000.0,1027
m15-kis/053800/2026.csv:202610021130,77000.0,77200.0,76900.0,77000.0,671
m15-kis/053800/2026.csv:202610021145,77000.0,77300.0,76900.0,77200.0,500
m15-kis/053800/2026.csv:202610021200,77100.0,77100.0,76800.0,76800.0,386
m15-kis/053800/2026.csv:202610021215,76900.0,77000.0,76800.0,76800.0,213
m15-kis/053800/2026.csv:202610021230,76800.0,76900.0,76700.0,76800.0,209
m15-kis/053800/2026.csv:202610021245,76800.0,76900.0,76600.0,76700.0,818
m15-kis/053800/2026.csv:202610021300,76700.0,77300.0,76500.0,77100.0,2065
m15-kis/053800/2026.csv:202610021315,77100.0,77300.0,76900.0,77300.0,1089
m15-kis/053800/2026.csv:202610021330,77300.0,77500.0,77200.0,77400.0,1036
m15-kis/053800/2026.csv:202610021345,77200.0,77600.0,77200.0,77600.0,1029
m15-kis/053800/2026.csv:202610021400,77500.0,77600.0,77300.0,77400.0,1655
m15-kis/053800/2026.csv:202610021415,77400.0,77400.0,77000.0,77200.0,879
m15-kis/053800/2026.csv:202610021430,77200.0,77200.0,76600.0,76700.0,1040
m15-kis/053800/2026.csv:202610021445,76800.0,76900.0,76600.0,76900.0,1171
m15-kis/053800/2026.csv:202610021500,76800.0,77000.0,76700.0,76700.0,1391
m15-kis/053800/2026.csv:202610021515,76800.0,77000.0,76500.0,77000.0,5876
m15-kis/055550/2026.csv:202610020900,103900.0,105300.0,103800.0,104800.0,36881
m15-kis/055550/2026.csv:202610020915,104700.0,104900.0,103900.0,104500.0,30743
m15-kis/055550/2026.csv:202610020930,104500.0,104600.0,103900.0,104000.0,23734
m15-kis/055550/2026.csv:202610020945,103900.0,104000.0,103700.0,103700.0,18360
m15-kis/055550/2026.csv:202610021000,103800.0,104600.0,103800.0,104300.0,37023
m15-kis/055550/2026.csv:202610021015,104300.0,104600.0,104000.0,104000.0,20964
m15-kis/055550/2026.csv:202610021030,104100.0,104300.0,103900.0,104100.0,24182
m15-kis/055550/2026.csv:202610021045,104100.0,104400.0,104000.0,104100.0,16121
m15-kis/055550/2026.csv:202610021100,104100.0,104500.0,104100.0,104500.0,11881
m15-kis/055550/2026.csv:202610021115,104500.0,104600.0,104300.0,104400.0,15247
m15-kis/055550/2026.csv:202610021130,104300.0,104400.0,104100.0,104150.0,17521
m15-kis/055550/2026.csv:202610021145,104200.0,104300.0,104000.0,104100.0,18412
m15-kis/055550/2026.csv:202610021200,104100.0,104400.0,104100.0,104400.0,13116
m15-kis/055550/2026.csv:202610021215,104400.0,104500.0,104200.0,104400.0,12044
m15-kis/055550/2026.csv:202610021230,104300.0,104600.0,104300.0,104500.0,10820
m15-kis/055550/2026.csv:202610021245,104500.0,104500.0,104300.0,104400.0,20651
m15-kis/055550/2026.csv:202610021300,104300.0,104800.0,104300.0,104700.0,21169
m15-kis/055550/2026.csv:202610021315,104600.0,104800.0,104600.0,104600.0,26218
m15-kis/055550/2026.csv:202610021330,104700.0,104900.0,104600.0,104800.0,14151
m15-kis/055550/2026.csv:202610021345,104700.0,105100.0,104700.0,105000.0,20390
m15-kis/055550/2026.csv:202610021400,104900.0,105000.0,104800.0,105000.0,12409
m15-kis/055550/2026.csv:202610021415,104900.0,105200.0,104800.0,104900.0,56273
m15-kis/055550/2026.csv:202610021430,104900.0,105200.0,104800.0,105000.0,21026
m15-kis/055550/2026.csv:202610021445,105000.0,105300.0,104900.0,105100.0,50344
m15-kis/055550/2026.csv:202610021500,105200.0,105300.0,104600.0,105000.0,38299
m15-kis/055550/2026.csv:202610021515,105000.0,105200.0,104700.0,104800.0,100897
m15-kis/056080/2026.csv:202610020900,12110.0,12600.0,12100.0,12520.0,63011
m15-kis/056080/2026.csv:202610020915,12520.0,12550.0,12380.0,12490.0,30854
m15-kis/056080/2026.csv:202610020930,12490.0,12690.0,12470.0,12620.0,45420
m15-kis/056080/2026.csv:202610020945,12630.0,12640.0,12500.0,12590.0,76081
m15-kis/056080/2026.csv:202610021000,12580.0,12650.0,12450.0,12580.0,16080
m15-kis/056080/2026.csv:202610021015,12580.0,12700.0,12570.0,12640.0,27803
m15-kis/056080/2026.csv:202610021030,12640.0,12640.0,12450.0,12480.0,15283
m15-kis/056080/2026.csv:202610021045,12460.0,12610.0,12460.0,12580.0,7056
m15-kis/056080/2026.csv:202610021100,12580.0,12690.0,12570.0,12620.0,10909
m15-kis/056080/2026.csv:202610021115,12630.0,12630.0,12530.0,12550.0,5772
m15-kis/056080/2026.csv:202610021130,12550.0,12600.0,12530.0,12570.0,3340
m15-kis/056080/2026.csv:202610021145,12550.0,12590.0,12500.0,12580.0,9307
m15-kis/056080/2026.csv:202610021200,12590.0,12600.0,12510.0,12530.0,2637
m15-kis/056080/2026.csv:202610021215,12550.0,12570.0,12410.0,12480.0,10337
m15-kis/056080/2026.csv:202610021230,12490.0,12520.0,12470.0,12480.0,3126
m15-kis/056080/2026.csv:202610021245,12480.0,12500.0,12400.0,12480.0,4974
m15-kis/056080/2026.csv:202610021300,12480.0,12500.0,12400.0,12410.0,6417
m15-kis/056080/2026.csv:202610021315,12410.0,12530.0,12410.0,12520.0,3703
m15-kis/056080/2026.csv:202610021330,12530.0,12570.0,12520.0,12540.0,5586
m15-kis/056080/2026.csv:202610021345,12530.0,12620.0,12530.0,12610.0,12980
m15-kis/056080/2026.csv:202610021400,12600.0,12640.0,12580.0,12620.0,9725
m15-kis/056080/2026.csv:202610021415,12620.0,12680.0,12600.0,12640.0,11168
m15-kis/056080/2026.csv:202610021430,12640.0,12640.0,12510.0,12610.0,8281
m15-kis/056080/2026.csv:202610021445,12620.0,12650.0,12610.0,12640.0,6842
m15-kis/056080/2026.csv:202610021500,12630.0,12660.0,12630.0,12650.0,8340
m15-kis/056080/2026.csv:202610021515,12660.0,12670.0,12640.0,12660.0,10977
m15-kis/056190/2026.csv:202610020900,30750.0,31650.0,30550.0,31150.0,69704
m15-kis/056190/2026.csv:202610020915,31150.0,31200.0,30800.0,31100.0,14693
m15-kis/056190/2026.csv:202610020930,31100.0,31400.0,31000.0,31250.0,13041
m15-kis/056190/2026.csv:202610020945,31250.0,32000.0,31250.0,31650.0,64984
m15-kis/056190/2026.csv:202610021000,31650.0,31800.0,31300.0,31750.0,16659
m15-kis/056190/2026.csv:202610021015,31750.0,31800.0,31350.0,31450.0,9855
m15-kis/056190/2026.csv:202610021030,31500.0,31550.0,31200.0,31400.0,16956
m15-kis/056190/2026.csv:202610021045,31450.0,31600.0,31350.0,31500.0,11445
m15-kis/056190/2026.csv:202610021100,31500.0,31600.0,31150.0,31200.0,9521
m15-kis/056190/2026.csv:202610021115,31200.0,31300.0,31000.0,31050.0,6690
m15-kis/056190/2026.csv:202610021130,31050.0,31400.0,31000.0,31050.0,7838
m15-kis/056190/2026.csv:202610021145,31100.0,31350.0,30950.0,31050.0,6833
m15-kis/056190/2026.csv:202610021200,31050.0,31350.0,30950.0,31100.0,9758
m15-kis/056190/2026.csv:202610021215,31100.0,31500.0,31050.0,31200.0,12612
m15-kis/056190/2026.csv:202610021230,31250.0,31350.0,31050.0,31100.0,6311
m15-kis/056190/2026.csv:202610021245,31150.0,31200.0,31000.0,31000.0,6410
m15-kis/056190/2026.csv:202610021300,31100.0,31200.0,30900.0,30950.0,7941
m15-kis/056190/2026.csv:202610021315,30900.0,31000.0,30750.0,30800.0,8886
m15-kis/056190/2026.csv:202610021330,30800.0,31050.0,30750.0,31000.0,8262
m15-kis/056190/2026.csv:202610021345,30950.0,31150.0,30900.0,31050.0,5507
m15-kis/056190/2026.csv:202610021400,31000.0,31200.0,30900.0,31050.0,9176
m15-kis/056190/2026.csv:202610021415,31100.0,31150.0,31000.0,31050.0,6435
m15-kis/056190/2026.csv:202610021430,31100.0,31200.0,30900.0,31050.0,5720
m15-kis/056190/2026.csv:202610021445,31100.0,31150.0,31050.0,31050.0,5310
m15-kis/056190/2026.csv:202610021500,31050.0,31100.0,31000.0,31000.0,3237
m15-kis/056190/2026.csv:202610021515,31050.0,31050.0,31000.0,31050.0,7264
m15-kis/058470/2026.csv:202610020900,81700.0,84900.0,81100.0,83100.0,280616
m15-kis/058470/2026.csv:202610020915,83200.0,84400.0,82200.0,83900.0,134418
m15-kis/058470/2026.csv:202610020930,83800.0,85000.0,83600.0,85000.0,117307
m15-kis/058470/2026.csv:202610020945,84900.0,86900.0,84700.0,86300.0,202828
m15-kis/058470/2026.csv:202610021000,86300.0,86900.0,85800.0,86800.0,138403
m15-kis/058470/2026.csv:202610021015,86800.0,86900.0,85000.0,85400.0,129151
m15-kis/058470/2026.csv:202610021030,85350.0,85600.0,84200.0,85000.0,119215
m15-kis/058470/2026.csv:202610021045,85000.0,86000.0,84600.0,85700.0,73367
m15-kis/058470/2026.csv:202610021100,85700.0,85900.0,84700.0,85300.0,71343
m15-kis/058470/2026.csv:202610021115,85300.0,85800.0,85100.0,85100.0,53051
m15-kis/058470/2026.csv:202610021130,85200.0,85700.0,84700.0,84800.0,59262
m15-kis/058470/2026.csv:202610021145,84800.0,85700.0,84700.0,85200.0,50983
m15-kis/058470/2026.csv:202610021200,85300.0,85700.0,85100.0,85300.0,48429
m15-kis/058470/2026.csv:202610021215,85300.0,85600.0,85100.0,85200.0,53455
m15-kis/058470/2026.csv:202610021230,85100.0,85400.0,84500.0,84800.0,50621
m15-kis/058470/2026.csv:202610021245,84800.0,85200.0,84500.0,84900.0,54252
m15-kis/058470/2026.csv:202610021300,84900.0,85100.0,84200.0,84700.0,58546
m15-kis/058470/2026.csv:202610021315,84800.0,84800.0,84100.0,84600.0,58211
m15-kis/058470/2026.csv:202610021330,84600.0,85000.0,84400.0,84500.0,51784
m15-kis/058470/2026.csv:202610021345,84600.0,85400.0,84400.0,84800.0,51223
m15-kis/058470/2026.csv:202610021400,84900.0,85000.0,84400.0,84500.0,37208
m15-kis/058470/2026.csv:202610021415,84600.0,84700.0,83700.0,83700.0,54310
m15-kis/058470/2026.csv:202610021430,83700.0,84100.0,83300.0,83900.0,59045
m15-kis/058470/2026.csv:202610021445,84000.0,84600.0,83700.0,84300.0,64208
m15-kis/058470/2026.csv:202610021500,84200.0,84900.0,84000.0,84700.0,68474
m15-kis/058470/2026.csv:202610021515,84700.0,84900.0,84300.0,84300.0,79683
m15-kis/058610/2026.csv:202610020900,99100.0,101900.0,99000.0,100800.0,25616
m15-kis/058610/2026.csv:202610020915,100800.0,102200.0,100400.0,101900.0,23693
m15-kis/058610/2026.csv:202610020930,101900.0,103600.0,101900.0,102800.0,32083
m15-kis/058610/2026.csv:202610020945,102700.0,102900.0,102100.0,102600.0,10989
m15-kis/058610/2026.csv:202610021000,102650.0,103000.0,101800.0,102900.0,12999
m15-kis/058610/2026.csv:202610021015,102900.0,104300.0,102800.0,103700.0,34102
m15-kis/058610/2026.csv:202610021030,103800.0,103800.0,102000.0,102300.0,14498
m15-kis/058610/2026.csv:202610021045,102300.0,103300.0,102200.0,103100.0,5605
m15-kis/058610/2026.csv:202610021100,103100.0,103600.0,102900.0,103500.0,10231
m15-kis/058610/2026.csv:202610021115,103500.0,103600.0,102900.0,102900.0,3918
m15-kis/058610/2026.csv:202610021130,102900.0,103000.0,102500.0,102900.0,3771
m15-kis/058610/2026.csv:202610021145,102900.0,103400.0,102700.0,103100.0,4127
m15-kis/058610/2026.csv:202610021200,103100.0,103400.0,102800.0,102800.0,2429
m15-kis/058610/2026.csv:202610021215,102800.0,102900.0,102400.0,102400.0,2454
m15-kis/058610/2026.csv:202610021230,102400.0,102500.0,102300.0,102300.0,1625
m15-kis/058610/2026.csv:202610021245,102350.0,102400.0,101700.0,102200.0,9144
m15-kis/058610/2026.csv:202610021300,102200.0,102300.0,101700.0,102000.0,4433
m15-kis/058610/2026.csv:202610021315,101900.0,102600.0,101800.0,102600.0,3721
m15-kis/058610/2026.csv:202610021330,102600.0,102800.0,102500.0,102600.0,3707
m15-kis/058610/2026.csv:202610021345,102600.0,103100.0,102500.0,103100.0,3240
m15-kis/058610/2026.csv:202610021400,103100.0,103100.0,102800.0,103100.0,2467
m15-kis/058610/2026.csv:202610021415,103000.0,103400.0,102900.0,102900.0,5418
m15-kis/058610/2026.csv:202610021430,102900.0,102900.0,102400.0,102900.0,4924
m15-kis/058610/2026.csv:202610021445,102800.0,103000.0,102700.0,102900.0,2093
m15-kis/058610/2026.csv:202610021500,102800.0,102900.0,102500.0,102700.0,4576
m15-kis/058610/2026.csv:202610021515,102600.0,102800.0,102500.0,102800.0,6872
m15-kis/060250/2026.csv:202610020900,13540.0,13850.0,13540.0,13750.0,19116
m15-kis/060250/2026.csv:202610020915,13750.0,13840.0,13710.0,13760.0,5205
m15-kis/060250/2026.csv:202610020930,13760.0,13790.0,13700.0,13730.0,7957
m15-kis/060250/2026.csv:202610020945,13740.0,13790.0,13700.0,13720.0,9274
m15-kis/060250/2026.csv:202610021000,13760.0,13770.0,13720.0,13740.0,3850
m15-kis/060250/2026.csv:202610021015,13730.0,13740.0,13640.0,13700.0,8611
m15-kis/060250/2026.csv:202610021030,13690.0,13690.0,13600.0,13610.0,3843
m15-kis/060250/2026.csv:202610021045,13600.0,13610.0,13570.0,13590.0,2723
m15-kis/060250/2026.csv:202610021100,13610.0,13650.0,13580.0,13630.0,2896
m15-kis/060250/2026.csv:202610021115,13640.0,13640.0,13610.0,13640.0,2045
m15-kis/060250/2026.csv:202610021130,13630.0,13640.0,13610.0,13620.0,1588
m15-kis/060250/2026.csv:202610021145,13610.0,13700.0,13610.0,13690.0,1774
m15-kis/060250/2026.csv:202610021200,13700.0,13750.0,13690.0,13710.0,2583
m15-kis/060250/2026.csv:202610021215,13710.0,13720.0,13690.0,13710.0,1426
m15-kis/060250/2026.csv:202610021230,13700.0,13720.0,13690.0,13690.0,1671
m15-kis/060250/2026.csv:202610021245,13690.0,13720.0,13670.0,13720.0,4891
m15-kis/060250/2026.csv:202610021300,13720.0,13790.0,13720.0,13750.0,4353
m15-kis/060250/2026.csv:202610021315,13750.0,13800.0,13740.0,13800.0,2204
m15-kis/060250/2026.csv:202610021330,13810.0,13890.0,13750.0,13750.0,8435
m15-kis/060250/2026.csv:202610021345,13750.0,13780.0,13740.0,13780.0,3764
m15-kis/060250/2026.csv:202610021400,13780.0,13810.0,13760.0,13790.0,3789
m15-kis/060250/2026.csv:202610021415,13790.0,13830.0,13770.0,13770.0,2426
m15-kis/060250/2026.csv:202610021430,13770.0,13780.0,13750.0,13750.0,5323
m15-kis/060250/2026.csv:202610021445,13755.0,13770.0,13750.0,13770.0,2049
m15-kis/060250/2026.csv:202610021500,13760.0,13780.0,13750.0,13770.0,3101
m15-kis/060250/2026.csv:202610021515,13770.0,13780.0,13750.0,13750.0,5605
m15-kis/060370/2026.csv:202610020900,32800.0,33150.0,32600.0,32600.0,5916
m15-kis/060370/2026.csv:202610020915,32600.0,32900.0,32550.0,32900.0,3563
m15-kis/060370/2026.csv:202610020930,32850.0,33100.0,32700.0,32850.0,7833
m15-kis/060370/2026.csv:202610020945,32850.0,32900.0,32650.0,32750.0,5917
m15-kis/060370/2026.csv:202610021000,32700.0,32750.0,32300.0,32450.0,8272
m15-kis/060370/2026.csv:202610021015,32450.0,32750.0,32450.0,32550.0,5716
m15-kis/060370/2026.csv:202610021030,32450.0,32700.0,32250.0,32500.0,4884
m15-kis/060370/2026.csv:202610021045,32500.0,32650.0,32450.0,32500.0,3796
m15-kis/060370/2026.csv:202610021100,32500.0,32750.0,32500.0,32700.0,1406
m15-kis/060370/2026.csv:202610021115,32650.0,32800.0,32600.0,32650.0,4430
m15-kis/060370/2026.csv:202610021130,32650.0,33050.0,32650.0,32950.0,5762
m15-kis/060370/2026.csv:202610021145,33000.0,33400.0,32950.0,33400.0,11116
m15-kis/060370/2026.csv:202610021200,33350.0,33400.0,33100.0,33150.0,2922
m15-kis/060370/2026.csv:202610021215,33200.0,33200.0,33100.0,33125.0,747
m15-kis/060370/2026.csv:202610021230,33125.0,33400.0,33125.0,33200.0,4213
m15-kis/060370/2026.csv:202610021245,33200.0,33200.0,33000.0,33050.0,3085
m15-kis/060370/2026.csv:202610021300,33050.0,33200.0,33050.0,33200.0,1299
m15-kis/060370/2026.csv:202610021315,33150.0,33350.0,33050.0,33350.0,2561
m15-kis/060370/2026.csv:202610021330,33350.0,33450.0,33350.0,33350.0,3456
m15-kis/060370/2026.csv:202610021345,33300.0,33400.0,33300.0,33350.0,2161
m15-kis/060370/2026.csv:202610021400,33400.0,33950.0,33300.0,33950.0,27555
m15-kis/060370/2026.csv:202610021415,33950.0,34000.0,33650.0,33850.0,6739
m15-kis/060370/2026.csv:202610021430,33850.0,34100.0,33650.0,34000.0,20406
m15-kis/060370/2026.csv:202610021445,34000.0,34300.0,33900.0,34000.0,18391
m15-kis/060370/2026.csv:202610021500,34000.0,34150.0,33950.0,33950.0,10665
m15-kis/060370/2026.csv:202610021515,33950.0,34100.0,33900.0,33900.0,9791
m15-kis/062040/2026.csv:202610020900,215000.0,215000.0,211500.0,214000.0,32219
m15-kis/062040/2026.csv:202610020915,213500.0,216750.0,213000.0,216500.0,11733
m15-kis/062040/2026.csv:202610020930,216500.0,218500.0,216500.0,217500.0,12321
m15-kis/062040/2026.csv:202610020945,217500.0,218500.0,216500.0,218500.0,12324
m15-kis/062040/2026.csv:202610021000,218000.0,222000.0,217000.0,220500.0,34264
m15-kis/062040/2026.csv:202610021015,220000.0,223000.0,219500.0,223000.0,24453
m15-kis/062040/2026.csv:202610021030,222500.0,223000.0,218500.0,220000.0,18298
m15-kis/062040/2026.csv:202610021045,220000.0,222000.0,219500.0,222000.0,9903
m15-kis/062040/2026.csv:202610021100,222000.0,222500.0,220000.0,220500.0,9519
m15-kis/062040/2026.csv:202610021115,221000.0,222000.0,220500.0,222000.0,10166
m15-kis/062040/2026.csv:202610021130,222000.0,226500.0,221500.0,225500.0,39519
m15-kis/062040/2026.csv:202610021145,225500.0,226500.0,224500.0,226000.0,17997
m15-kis/062040/2026.csv:202610021200,226000.0,227000.0,223500.0,223500.0,14024
m15-kis/062040/2026.csv:202610021215,223500.0,225000.0,223000.0,223500.0,9961
m15-kis/062040/2026.csv:202610021230,223500.0,224000.0,221500.0,222500.0,10923
m15-kis/062040/2026.csv:202610021245,223000.0,223000.0,221500.0,223000.0,10625
m15-kis/062040/2026.csv:202610021300,223000.0,223000.0,222000.0,222000.0,7715
m15-kis/062040/2026.csv:202610021315,222000.0,224500.0,222000.0,224500.0,12478
m15-kis/062040/2026.csv:202610021330,224500.0,225000.0,223500.0,224000.0,9860
m15-kis/062040/2026.csv:202610021345,224000.0,225000.0,223500.0,225000.0,9283
m15-kis/062040/2026.csv:202610021400,225000.0,226000.0,224000.0,226000.0,13606
m15-kis/062040/2026.csv:202610021415,226000.0,226500.0,225000.0,226250.0,14647
m15-kis/062040/2026.csv:202610021430,226250.0,226500.0,224500.0,226000.0,14649
m15-kis/062040/2026.csv:202610021445,226000.0,226000.0,225000.0,225500.0,17628
m15-kis/062040/2026.csv:202610021500,226000.0,226500.0,225000.0,226500.0,14621
m15-kis/062040/2026.csv:202610021515,226500.0,227000.0,226000.0,227000.0,15167
m15-kis/064350/2026.csv:202610020900,113100.0,114200.0,112300.0,113300.0,32058
m15-kis/064350/2026.csv:202610020915,113300.0,113900.0,112700.0,113500.0,16520
m15-kis/064350/2026.csv:202610020930,113500.0,114800.0,112900.0,114300.0,26328
m15-kis/064350/2026.csv:202610020945,114300.0,114800.0,113700.0,114500.0,11706
m15-kis/064350/2026.csv:202610021000,114500.0,114900.0,114200.0,114600.0,12311
m15-kis/064350/2026.csv:202610021015,114600.0,114900.0,114000.0,114800.0,7655
m15-kis/064350/2026.csv:202610021030,114900.0,115000.0,114200.0,114850.0,12454
m15-kis/064350/2026.csv:202610021045,114850.0,116200.0,114800.0,115400.0,25090
m15-kis/064350/2026.csv:202610021100,115400.0,116400.0,115300.0,115800.0,16964
m15-kis/064350/2026.csv:202610021115,115800.0,116300.0,115500.0,115800.0,12979
m15-kis/064350/2026.csv:202610021130,115800.0,116100.0,115600.0,115800.0,10052
m15-kis/064350/2026.csv:202610021145,115800.0,115900.0,115400.0,115800.0,9635
m15-kis/064350/2026.csv:202610021200,115700.0,115800.0,114800.0,114800.0,11001
m15-kis/064350/2026.csv:202610021215,114800.0,115000.0,114400.0,114400.0,7664
m15-kis/064350/2026.csv:202610021230,114400.0,115000.0,114300.0,114600.0,8217
m15-kis/064350/2026.csv:202610021245,114500.0,114900.0,114300.0,114900.0,7860
m15-kis/064350/2026.csv:202610021300,114800.0,115400.0,114600.0,114700.0,9326
m15-kis/064350/2026.csv:202610021315,114800.0,115200.0,114600.0,115100.0,10646
m15-kis/064350/2026.csv:202610021330,115100.0,115500.0,114600.0,114900.0,30461
m15-kis/064350/2026.csv:202610021345,115000.0,115200.0,114700.0,115100.0,14463
m15-kis/064350/2026.csv:202610021400,115100.0,115500.0,115000.0,115400.0,10859
m15-kis/064350/2026.csv:202610021415,115400.0,116000.0,115400.0,115500.0,19667
m15-kis/064350/2026.csv:202610021430,115500.0,115900.0,115300.0,115700.0,16206
m15-kis/064350/2026.csv:202610021445,115700.0,116100.0,115700.0,115900.0,21861
m15-kis/064350/2026.csv:202610021500,115900.0,116400.0,115900.0,116300.0,19924
m15-kis/064350/2026.csv:202610021515,116300.0,116500.0,116300.0,116500.0,41320
m15-kis/064400/2026.csv:202610020900,69800.0,70500.0,69800.0,70200.0,21739
m15-kis/064400/2026.csv:202610020915,70200.0,70500.0,70200.0,70300.0,9460
m15-kis/064400/2026.csv:202610020930,70300.0,70600.0,70100.0,70400.0,12945
m15-kis/064400/2026.csv:202610020945,70400.0,70700.0,70300.0,70700.0,12960
m15-kis/064400/2026.csv:202610021000,70700.0,71200.0,70600.0,71150.0,19831
m15-kis/064400/2026.csv:202610021015,71150.0,71200.0,70850.0,71000.0,12256
m15-kis/064400/2026.csv:202610021030,71000.0,71000.0,70500.0,70700.0,13828
m15-kis/064400/2026.csv:202610021045,70700.0,71100.0,70700.0,71100.0,15390
m15-kis/064400/2026.csv:202610021100,71000.0,71400.0,71000.0,71200.0,22953
m15-kis/064400/2026.csv:202610021115,71200.0,71300.0,71100.0,71200.0,9412
m15-kis/064400/2026.csv:202610021130,71200.0,71300.0,71000.0,71300.0,6938
m15-kis/064400/2026.csv:202610021145,71300.0,71300.0,71200.0,71300.0,5856
m15-kis/064400/2026.csv:202610021200,71300.0,71300.0,71200.0,71200.0,5515
m15-kis/064400/2026.csv:202610021215,71300.0,71400.0,71000.0,71100.0,14340
m15-kis/064400/2026.csv:202610021230,71100.0,71200.0,70900.0,71000.0,6544
m15-kis/064400/2026.csv:202610021245,71000.0,71100.0,70900.0,71000.0,7004
m15-kis/064400/2026.csv:202610021300,71000.0,71100.0,70900.0,71000.0,5477
m15-kis/064400/2026.csv:202610021315,71000.0,71200.0,70900.0,71100.0,7061
m15-kis/064400/2026.csv:202610021330,71200.0,71300.0,71100.0,71200.0,6791
m15-kis/064400/2026.csv:202610021345,71300.0,71300.0,71200.0,71300.0,5161
m15-kis/064400/2026.csv:202610021400,71250.0,71400.0,71200.0,71300.0,9922
m15-kis/064400/2026.csv:202610021415,71300.0,71400.0,71300.0,71300.0,5782
m15-kis/064400/2026.csv:202610021430,71300.0,71400.0,71200.0,71400.0,14922
m15-kis/064400/2026.csv:202610021445,71400.0,71700.0,71300.0,71700.0,27201
m15-kis/064400/2026.csv:202610021500,71700.0,71900.0,71600.0,71800.0,22023
m15-kis/064400/2026.csv:202610021515,71800.0,71900.0,71700.0,71900.0,15273
m15-kis/064760/2026.csv:202610020900,314000.0,316000.0,308000.0,309500.0,3297
m15-kis/064760/2026.csv:202610020915,308000.0,309000.0,303500.0,305000.0,2571
m15-kis/064760/2026.csv:202610020930,305000.0,309500.0,304500.0,308000.0,2387
m15-kis/064760/2026.csv:202610020945,309000.0,310000.0,304000.0,305000.0,2918
m15-kis/064760/2026.csv:202610021000,305000.0,305000.0,299500.0,304000.0,4363
m15-kis/064760/2026.csv:202610021015,304500.0,304500.0,299500.0,299500.0,2945
m15-kis/064760/2026.csv:202610021030,299500.0,301500.0,298000.0,298500.0,2624
m15-kis/064760/2026.csv:202610021045,299000.0,302500.0,298000.0,301500.0,2354
m15-kis/064760/2026.csv:202610021100,301000.0,301000.0,299000.0,300500.0,1600
m15-kis/064760/2026.csv:202610021115,300500.0,300500.0,298500.0,299000.0,1620
m15-kis/064760/2026.csv:202610021130,299000.0,299500.0,297000.0,297000.0,2307
m15-kis/064760/2026.csv:202610021145,297000.0,298500.0,296000.0,296500.0,2203
m15-kis/064760/2026.csv:202610021200,296750.0,298000.0,296000.0,296000.0,1611
m15-kis/064760/2026.csv:202610021215,296000.0,297000.0,295500.0,296000.0,1616
m15-kis/064760/2026.csv:202610021230,296000.0,296000.0,295000.0,295000.0,1584
m15-kis/064760/2026.csv:202610021245,295000.0,295500.0,293000.0,294000.0,2543
m15-kis/064760/2026.csv:202610021300,294000.0,295000.0,290500.0,293000.0,3716
m15-kis/064760/2026.csv:202610021315,293000.0,294000.0,291500.0,293000.0,2631
m15-kis/064760/2026.csv:202610021330,293000.0,294000.0,292000.0,292500.0,2604
m15-kis/064760/2026.csv:202610021345,292500.0,293500.0,291500.0,293500.0,3061
m15-kis/064760/2026.csv:202610021400,293500.0,295500.0,293500.0,294500.0,3052
m15-kis/064760/2026.csv:202610021415,294000.0,295500.0,292500.0,292500.0,2885
m15-kis/064760/2026.csv:202610021430,292500.0,295500.0,292500.0,294000.0,2675
m15-kis/064760/2026.csv:202610021445,294000.0,295500.0,293000.0,294000.0,3152
m15-kis/064760/2026.csv:202610021500,294000.0,296500.0,293500.0,295000.0,2795
m15-kis/064760/2026.csv:202610021515,295000.0,296500.0,295000.0,296000.0,2378
m15-kis/065350/2026.csv:202610020900,32000.0,33500.0,31900.0,32950.0,27224
m15-kis/065350/2026.csv:202610020915,32900.0,33000.0,32400.0,32900.0,8794
m15-kis/065350/2026.csv:202610020930,32900.0,33000.0,32600.0,33000.0,5473
m15-kis/065350/2026.csv:202610020945,33000.0,33050.0,32750.0,32800.0,3675
m15-kis/065350/2026.csv:202610021000,32850.0,32850.0,32350.0,32450.0,6338
m15-kis/065350/2026.csv:202610021015,32450.0,32500.0,32350.0,32450.0,1622
m15-kis/065350/2026.csv:202610021030,32450.0,32500.0,32250.0,32450.0,3182
m15-kis/065350/2026.csv:202610021045,32400.0,32600.0,32300.0,32600.0,1954
m15-kis/065350/2026.csv:202610021100,32550.0,32800.0,32400.0,32450.0,1754
m15-kis/065350/2026.csv:202610021115,32475.0,32500.0,32350.0,32400.0,893
m15-kis/065350/2026.csv:202610021130,32400.0,32500.0,32300.0,32500.0,1363
m15-kis/065350/2026.csv:202610021145,32500.0,32650.0,32450.0,32600.0,1433
m15-kis/065350/2026.csv:202610021200,32650.0,32650.0,32450.0,32450.0,832
m15-kis/065350/2026.csv:202610021215,32450.0,32550.0,32350.0,32450.0,1003
m15-kis/065350/2026.csv:202610021230,32450.0,32500.0,32350.0,32400.0,569
m15-kis/065350/2026.csv:202610021245,32350.0,32400.0,32250.0,32400.0,1215
m15-kis/065350/2026.csv:202610021300,32350.0,32550.0,32250.0,32350.0,2540
m15-kis/065350/2026.csv:202610021315,32350.0,32400.0,32200.0,32350.0,1375
m15-kis/065350/2026.csv:202610021330,32400.0,32450.0,32300.0,32450.0,1020
m15-kis/065350/2026.csv:202610021345,32400.0,32450.0,32400.0,32450.0,419
m15-kis/065350/2026.csv:202610021400,32450.0,32650.0,32450.0,32600.0,6116
m15-kis/065350/2026.csv:202610021415,32550.0,32750.0,32500.0,32550.0,3061
m15-kis/065350/2026.csv:202610021430,32550.0,32650.0,32500.0,32600.0,1649
m15-kis/065350/2026.csv:202610021445,32600.0,32700.0,32550.0,32700.0,1421
m15-kis/065350/2026.csv:202610021500,32650.0,32800.0,32650.0,32700.0,2718
m15-kis/065350/2026.csv:202610021515,32700.0,32700.0,32550.0,32550.0,5834
m15-kis/066570/2026.csv:202610020900,210000.0,211000.0,209500.0,210000.0,20296
m15-kis/066570/2026.csv:202610020915,210500.0,212000.0,210000.0,211500.0,11479
m15-kis/066570/2026.csv:202610020930,211500.0,212000.0,210500.0,211000.0,12599
m15-kis/066570/2026.csv:202610020945,211000.0,211500.0,210500.0,211500.0,6258
m15-kis/066570/2026.csv:202610021000,211500.0,211500.0,210000.0,211500.0,14602
m15-kis/066570/2026.csv:202610021015,211500.0,212000.0,210500.0,212000.0,11078
m15-kis/066570/2026.csv:202610021030,212000.0,212000.0,210500.0,211000.0,7643
m15-kis/066570/2026.csv:202610021045,211000.0,212500.0,210500.0,212000.0,11402
m15-kis/066570/2026.csv:202610021100,211500.0,213500.0,211500.0,213500.0,9601
m15-kis/066570/2026.csv:202610021115,213500.0,214000.0,212500.0,213000.0,15225
m15-kis/066570/2026.csv:202610021130,213500.0,213500.0,212500.0,213000.0,7124
m15-kis/066570/2026.csv:202610021145,213000.0,213500.0,212500.0,213500.0,6937
m15-kis/066570/2026.csv:202610021200,213250.0,213500.0,213000.0,213500.0,6075
m15-kis/066570/2026.csv:202610021215,213500.0,213500.0,212250.0,213000.0,6282
m15-kis/066570/2026.csv:202610021230,212750.0,213500.0,212000.0,213500.0,14936
m15-kis/066570/2026.csv:202610021245,213000.0,213500.0,212000.0,213500.0,12774
m15-kis/066570/2026.csv:202610021300,213500.0,214000.0,212500.0,214000.0,14600
m15-kis/066570/2026.csv:202610021315,213500.0,214000.0,213000.0,213250.0,5271
m15-kis/066570/2026.csv:202610021330,213500.0,214000.0,213000.0,213500.0,6924
m15-kis/066570/2026.csv:202610021345,213750.0,214500.0,213500.0,214500.0,13506
m15-kis/066570/2026.csv:202610021400,214500.0,215500.0,214000.0,214000.0,27648
m15-kis/066570/2026.csv:202610021415,214500.0,215000.0,214000.0,214500.0,12860
m15-kis/066570/2026.csv:202610021430,214500.0,215500.0,214250.0,215500.0,27725
m15-kis/066570/2026.csv:202610021445,215000.0,216000.0,215000.0,215500.0,19167
m15-kis/066570/2026.csv:202610021500,216000.0,216500.0,215500.0,216500.0,31452
m15-kis/066570/2026.csv:202610021515,216500.0,216500.0,215500.0,216000.0,28974
m15-kis/066970/2026.csv:202610020900,110800.0,114400.0,110800.0,113700.0,40331
m15-kis/066970/2026.csv:202610020915,113700.0,113800.0,111900.0,113600.0,21099
m15-kis/066970/2026.csv:202610020930,113600.0,115200.0,113300.0,115050.0,33942
m15-kis/066970/2026.csv:202610020945,115050.0,115800.0,114300.0,115200.0,27631
m15-kis/066970/2026.csv:202610021000,115200.0,115200.0,113700.0,114200.0,19092
m15-kis/066970/2026.csv:202610021015,114100.0,114200.0,112600.0,113000.0,15561
m15-kis/066970/2026.csv:202610021030,113000.0,113100.0,111700.0,111800.0,19440
m15-kis/066970/2026.csv:202610021045,111800.0,112500.0,111200.0,112500.0,18190
m15-kis/066970/2026.csv:202610021100,112500.0,112900.0,112300.0,112600.0,7393
m15-kis/066970/2026.csv:202610021115,112600.0,112900.0,112400.0,112400.0,4129
m15-kis/066970/2026.csv:202610021130,112500.0,112500.0,111900.0,111950.0,9578
m15-kis/066970/2026.csv:202610021145,111900.0,112200.0,111900.0,112200.0,2922
m15-kis/066970/2026.csv:202610021200,112200.0,112400.0,111900.0,112000.0,8807
m15-kis/066970/2026.csv:202610021215,112000.0,112100.0,111600.0,112000.0,9028
m15-kis/066970/2026.csv:202610021230,111950.0,112000.0,111400.0,111400.0,7252
m15-kis/066970/2026.csv:202610021245,111400.0,111800.0,111100.0,111800.0,9226
m15-kis/066970/2026.csv:202610021300,111800.0,112000.0,111500.0,111600.0,4954
m15-kis/066970/2026.csv:202610021315,111600.0,112100.0,111600.0,112100.0,4999
m15-kis/066970/2026.csv:202610021330,112000.0,112400.0,112000.0,112200.0,5710
m15-kis/066970/2026.csv:202610021345,112200.0,112700.0,112100.0,112700.0,6299
m15-kis/066970/2026.csv:202610021400,112700.0,113400.0,112500.0,113200.0,11425
m15-kis/066970/2026.csv:202610021415,113200.0,113300.0,113000.0,113100.0,8369
m15-kis/066970/2026.csv:202610021430,113100.0,113600.0,112800.0,113300.0,13051
m15-kis/066970/2026.csv:202610021445,113300.0,114200.0,113300.0,114100.0,13844
m15-kis/066970/2026.csv:202610021500,114000.0,114200.0,113600.0,114100.0,10919
m15-kis/066970/2026.csv:202610021515,114000.0,114100.0,113800.0,113900.0,9707
m15-kis/067310/2026.csv:202610020900,51700.0,54200.0,51500.0,53300.0,400990
m15-kis/067310/2026.csv:202610020915,53300.0,53700.0,52200.0,53200.0,192714
m15-kis/067310/2026.csv:202610020930,53100.0,54000.0,52800.0,53800.0,160304
m15-kis/067310/2026.csv:202610020945,53800.0,54400.0,53500.0,53800.0,134826
m15-kis/067310/2026.csv:202610021000,53800.0,53800.0,52700.0,53200.0,89940
m15-kis/067310/2026.csv:202610021015,53100.0,53400.0,52500.0,52900.0,65923
m15-kis/067310/2026.csv:202610021030,52900.0,53500.0,52500.0,53300.0,66834
m15-kis/067310/2026.csv:202610021045,53300.0,53500.0,53000.0,53400.0,48198
m15-kis/067310/2026.csv:202610021100,53300.0,53500.0,52700.0,52800.0,32392
m15-kis/067310/2026.csv:202610021115,52800.0,53200.0,52800.0,53100.0,21310
m15-kis/067310/2026.csv:202610021130,53100.0,53200.0,52600.0,52600.0,26343
m15-kis/067310/2026.csv:202610021145,52600.0,52800.0,52500.0,52700.0,28792
m15-kis/067310/2026.csv:202610021200,52700.0,52800.0,52500.0,52600.0,17109
m15-kis/067310/2026.csv:202610021215,52600.0,52800.0,52500.0,52600.0,23019
m15-kis/067310/2026.csv:202610021230,52600.0,52700.0,52300.0,52400.0,29216
m15-kis/067310/2026.csv:202610021245,52500.0,52500.0,51700.0,51800.0,76174
m15-kis/067310/2026.csv:202610021300,51900.0,52200.0,51400.0,51700.0,78298
m15-kis/067310/2026.csv:202610021315,51800.0,52200.0,51500.0,52200.0,61997
m15-kis/067310/2026.csv:202610021330,52100.0,52300.0,51700.0,51800.0,36721
m15-kis/067310/2026.csv:202610021345,51800.0,52300.0,51700.0,52200.0,28100
m15-kis/067310/2026.csv:202610021400,52200.0,52400.0,52000.0,52100.0,32417
m15-kis/067310/2026.csv:202610021415,52100.0,52300.0,51600.0,51600.0,34513
m15-kis/067310/2026.csv:202610021430,51700.0,51700.0,50800.0,51400.0,114311
m15-kis/067310/2026.csv:202610021445,51300.0,51400.0,50900.0,51000.0,86149
m15-kis/067310/2026.csv:202610021500,51100.0,51400.0,50800.0,51300.0,94854
m15-kis/067310/2026.csv:202610021515,51200.0,51500.0,51100.0,51500.0,56296
m15-kis/068270/2026.csv:202610020900,182700.0,183750.0,182500.0,182800.0,18012
m15-kis/068270/2026.csv:202610020915,182900.0,183200.0,181600.0,182200.0,27548
m15-kis/068270/2026.csv:202610020930,182200.0,182500.0,181500.0,181600.0,19505
m15-kis/068270/2026.csv:202610020945,181600.0,182500.0,180800.0,180900.0,22487
m15-kis/068270/2026.csv:202610021000,180900.0,182200.0,180600.0,182000.0,17607
m15-kis/068270/2026.csv:202610021015,182000.0,182500.0,181200.0,181300.0,9044
m15-kis/068270/2026.csv:202610021030,181200.0,181400.0,180600.0,181200.0,11225
m15-kis/068270/2026.csv:202610021045,181200.0,181900.0,180900.0,181400.0,10900
m15-kis/068270/2026.csv:202610021100,181500.0,182300.0,181100.0,182300.0,5890
m15-kis/068270/2026.csv:202610021115,182300.0,182350.0,181900.0,182000.0,6069
m15-kis/068270/2026.csv:202610021130,182000.0,182200.0,181700.0,182000.0,5375
m15-kis/068270/2026.csv:202610021145,182000.0,182100.0,181700.0,181900.0,4261
m15-kis/068270/2026.csv:202610021200,181900.0,182200.0,181500.0,182100.0,6556
m15-kis/068270/2026.csv:202610021215,182000.0,182400.0,181900.0,182300.0,6978
m15-kis/068270/2026.csv:202610021230,182300.0,182300.0,182000.0,182100.0,3016
m15-kis/068270/2026.csv:202610021245,182100.0,182300.0,181800.0,182200.0,5068
m15-kis/068270/2026.csv:202610021300,182300.0,182600.0,182000.0,182500.0,9696
m15-kis/068270/2026.csv:202610021315,182500.0,182600.0,181700.0,181700.0,4955
m15-kis/068270/2026.csv:202610021330,181700.0,182000.0,181500.0,181700.0,4700
m15-kis/068270/2026.csv:202610021345,181800.0,181950.0,181300.0,181600.0,9360
m15-kis/068270/2026.csv:202610021400,181700.0,182400.0,181600.0,182400.0,9661
m15-kis/068270/2026.csv:202610021415,182400.0,182500.0,181900.0,182100.0,7591
m15-kis/068270/2026.csv:202610021430,182100.0,182500.0,182000.0,182300.0,8859
m15-kis/068270/2026.csv:202610021445,182400.0,182800.0,182200.0,182600.0,14899
m15-kis/068270/2026.csv:202610021500,182600.0,182700.0,182200.0,182500.0,16593
m15-kis/068270/2026.csv:202610021515,182600.0,182700.0,182300.0,182600.0,27321
m15-kis/068760/2026.csv:202610020900,39600.0,39750.0,39100.0,39150.0,5745
m15-kis/068760/2026.csv:202610020915,39150.0,39200.0,38750.0,38800.0,7055
m15-kis/068760/2026.csv:202610020930,38800.0,38900.0,38600.0,38750.0,4080
m15-kis/068760/2026.csv:202610020945,38750.0,38850.0,38650.0,38750.0,4594
m15-kis/068760/2026.csv:202610021000,38750.0,38750.0,38550.0,38600.0,6477
m15-kis/068760/2026.csv:202610021015,38600.0,38650.0,38400.0,38450.0,7257
m15-kis/068760/2026.csv:202610021030,38400.0,38550.0,38300.0,38350.0,6855
m15-kis/068760/2026.csv:202610021045,38350.0,38450.0,38300.0,38400.0,3239
m15-kis/068760/2026.csv:202610021100,38400.0,38450.0,38300.0,38400.0,5101
m15-kis/068760/2026.csv:202610021115,38400.0,38500.0,38350.0,38350.0,3474
m15-kis/068760/2026.csv:202610021130,38350.0,38500.0,38300.0,38350.0,3497
m15-kis/068760/2026.csv:202610021145,38300.0,38500.0,38300.0,38400.0,5686
m15-kis/068760/2026.csv:202610021200,38400.0,38450.0,38300.0,38350.0,4377
m15-kis/068760/2026.csv:202610021215,38300.0,38400.0,38250.0,38350.0,3839
m15-kis/068760/2026.csv:202610021230,38250.0,38350.0,38250.0,38300.0,3386
m15-kis/068760/2026.csv:202610021245,38300.0,38350.0,38250.0,38350.0,2063
m15-kis/068760/2026.csv:202610021300,38300.0,38500.0,38300.0,38400.0,1159
m15-kis/068760/2026.csv:202610021315,38350.0,38400.0,38300.0,38350.0,1008
m15-kis/068760/2026.csv:202610021330,38350.0,38400.0,38350.0,38350.0,1436
m15-kis/068760/2026.csv:202610021345,38350.0,38400.0,38250.0,38350.0,2232
m15-kis/068760/2026.csv:202610021400,38300.0,38350.0,38300.0,38350.0,1211
m15-kis/068760/2026.csv:202610021415,38300.0,38400.0,38300.0,38350.0,1660
m15-kis/068760/2026.csv:202610021430,38350.0,38400.0,38350.0,38350.0,3177
m15-kis/068760/2026.csv:202610021445,38350.0,38600.0,38350.0,38350.0,2089
m15-kis/068760/2026.csv:202610021500,38400.0,38450.0,38350.0,38450.0,1555
m15-kis/068760/2026.csv:202610021515,38450.0,38450.0,38350.0,38400.0,3136
m15-kis/069260/2026.csv:202610020900,15730.0,15900.0,15730.0,15860.0,1456
m15-kis/069260/2026.csv:202610020915,15870.0,15920.0,15840.0,15890.0,3131
m15-kis/069260/2026.csv:202610020930,15890.0,15900.0,15870.0,15900.0,891
m15-kis/069260/2026.csv:202610020945,15890.0,15910.0,15850.0,15910.0,1025
m15-kis/069260/2026.csv:202610021000,15900.0,15950.0,15870.0,15950.0,971
m15-kis/069260/2026.csv:202610021015,15920.0,15930.0,15870.0,15890.0,855
m15-kis/069260/2026.csv:202610021030,15890.0,15890.0,15850.0,15880.0,237
m15-kis/069260/2026.csv:202610021045,15890.0,15920.0,15880.0,15920.0,539
m15-kis/069260/2026.csv:202610021100,15920.0,15960.0,15915.0,15960.0,864
m15-kis/069260/2026.csv:202610021115,15960.0,15970.0,15880.0,15930.0,1339
m15-kis/069260/2026.csv:202610021130,15920.0,15960.0,15920.0,15940.0,416
m15-kis/069260/2026.csv:202610021145,15930.0,15970.0,15900.0,15930.0,2505
m15-kis/069260/2026.csv:202610021200,15920.0,15970.0,15920.0,15930.0,953
m15-kis/069260/2026.csv:202610021215,15940.0,15950.0,15910.0,15940.0,934
m15-kis/069260/2026.csv:202610021230,15930.0,15940.0,15890.0,15910.0,500
m15-kis/069260/2026.csv:202610021245,15910.0,15910.0,15860.0,15890.0,276
m15-kis/069260/2026.csv:202610021300,15900.0,15960.0,15890.0,15930.0,843
m15-kis/069260/2026.csv:202610021315,15950.0,15960.0,15890.0,15900.0,454
m15-kis/069260/2026.csv:202610021330,15880.0,15910.0,15870.0,15900.0,173
m15-kis/069260/2026.csv:202610021345,15900.0,15940.0,15870.0,15940.0,1021
m15-kis/069260/2026.csv:202610021400,15940.0,15950.0,15930.0,15940.0,1175
m15-kis/069260/2026.csv:202610021415,15930.0,15950.0,15930.0,15940.0,422
m15-kis/069260/2026.csv:202610021430,15940.0,15940.0,15930.0,15940.0,167
m15-kis/069260/2026.csv:202610021445,15940.0,15970.0,15940.0,15960.0,1792
m15-kis/069260/2026.csv:202610021500,15970.0,15970.0,15890.0,15890.0,2051
m15-kis/069260/2026.csv:202610021515,15900.0,15990.0,15900.0,15990.0,3183
m15-kis/069620/2026.csv:202610020900,109500.0,110400.0,108600.0,108800.0,282
m15-kis/069620/2026.csv:202610020915,108800.0,108900.0,108100.0,108500.0,326
m15-kis/069620/2026.csv:202610020930,108500.0,108700.0,108000.0,108200.0,829
m15-kis/069620/2026.csv:202610020945,108200.0,108200.0,107800.0,107800.0,340
m15-kis/069620/2026.csv:202610021000,107800.0,108000.0,107500.0,107900.0,441
m15-kis/069620/2026.csv:202610021015,107900.0,108100.0,107500.0,107500.0,735
m15-kis/069620/2026.csv:202610021030,107500.0,107900.0,107400.0,107500.0,451
m15-kis/069620/2026.csv:202610021045,107400.0,108200.0,107100.0,107400.0,626
m15-kis/069620/2026.csv:202610021100,107400.0,108000.0,107300.0,108000.0,198
m15-kis/069620/2026.csv:202610021115,108000.0,108300.0,107600.0,107900.0,247
m15-kis/069620/2026.csv:202610021130,107900.0,108100.0,107600.0,107600.0,148
m15-kis/069620/2026.csv:202610021145,107600.0,107800.0,107400.0,107400.0,270
m15-kis/069620/2026.csv:202610021200,107400.0,107600.0,107000.0,107100.0,923
m15-kis/069620/2026.csv:202610021215,107100.0,107500.0,106900.0,107100.0,401
m15-kis/069620/2026.csv:202610021230,107100.0,107400.0,107100.0,107200.0,219
m15-kis/069620/2026.csv:202610021245,107200.0,107500.0,107200.0,107300.0,282
m15-kis/069620/2026.csv:202610021300,107300.0,108300.0,107200.0,108300.0,421
m15-kis/069620/2026.csv:202610021315,108200.0,108500.0,107800.0,108500.0,651
m15-kis/069620/2026.csv:202610021330,108400.0,108500.0,107900.0,108400.0,721
m15-kis/069620/2026.csv:202610021345,108300.0,108300.0,107900.0,108200.0,669
m15-kis/069620/2026.csv:202610021400,108300.0,108300.0,107900.0,108000.0,717
m15-kis/069620/2026.csv:202610021415,108000.0,108800.0,108000.0,108700.0,948
m15-kis/069620/2026.csv:202610021430,108800.0,108900.0,108600.0,108800.0,1110
m15-kis/069620/2026.csv:202610021445,108800.0,109200.0,108700.0,108900.0,1103
m15-kis/069620/2026.csv:202610021500,108900.0,109500.0,108600.0,108900.0,1124
m15-kis/069620/2026.csv:202610021515,108900.0,109300.0,108700.0,109000.0,447
m15-kis/069960/2026.csv:202610020900,88700.0,89000.0,88000.0,88300.0,2890
m15-kis/069960/2026.csv:202610020915,88300.0,88600.0,88100.0,88200.0,1554
m15-kis/069960/2026.csv:202610020930,88200.0,88400.0,88100.0,88200.0,1331
m15-kis/069960/2026.csv:202610020945,88300.0,88600.0,88100.0,88400.0,1538
m15-kis/069960/2026.csv:202610021000,88500.0,88900.0,88400.0,88600.0,1751
m15-kis/069960/2026.csv:202610021015,88700.0,89000.0,88500.0,88500.0,1660
m15-kis/069960/2026.csv:202610021030,88500.0,88600.0,88100.0,88500.0,1837
m15-kis/069960/2026.csv:202610021045,88500.0,89800.0,88400.0,89100.0,3516
m15-kis/069960/2026.csv:202610021100,89300.0,89500.0,89100.0,89400.0,838
m15-kis/069960/2026.csv:202610021115,89400.0,89500.0,89200.0,89200.0,1545
m15-kis/069960/2026.csv:202610021130,89200.0,89400.0,88600.0,89000.0,6343
m15-kis/069960/2026.csv:202610021145,88900.0,89400.0,88900.0,89000.0,1626
m15-kis/069960/2026.csv:202610021200,89100.0,89200.0,88900.0,89000.0,1306
m15-kis/069960/2026.csv:202610021215,89200.0,89200.0,88800.0,88800.0,1242
m15-kis/069960/2026.csv:202610021230,88900.0,88900.0,88600.0,88800.0,1234
m15-kis/069960/2026.csv:202610021245,88700.0,88900.0,88600.0,88800.0,1333
m15-kis/069960/2026.csv:202610021300,88900.0,88900.0,88600.0,88800.0,1121
m15-kis/069960/2026.csv:202610021315,88800.0,88800.0,88500.0,88600.0,1180
m15-kis/069960/2026.csv:202610021330,88500.0,88600.0,88400.0,88400.0,1189
m15-kis/069960/2026.csv:202610021345,88500.0,89100.0,88400.0,89100.0,1725
m15-kis/069960/2026.csv:202610021400,89100.0,89200.0,88600.0,88700.0,1253
m15-kis/069960/2026.csv:202610021415,88800.0,89000.0,88600.0,88600.0,1516
m15-kis/069960/2026.csv:202610021430,88600.0,88700.0,88500.0,88700.0,2625
m15-kis/069960/2026.csv:202610021445,88700.0,88700.0,88400.0,88700.0,4604
m15-kis/069960/2026.csv:202610021500,88600.0,88900.0,88600.0,88800.0,2718
m15-kis/069960/2026.csv:202610021515,88800.0,88800.0,88700.0,88800.0,3281
m15-kis/071050/2026.csv:202610020900,177800.0,179200.0,176100.0,178400.0,7980
m15-kis/071050/2026.csv:202610020915,178500.0,178500.0,177400.0,177400.0,5351
m15-kis/071050/2026.csv:202610020930,177400.0,177900.0,177100.0,177600.0,4499
m15-kis/071050/2026.csv:202610020945,177600.0,178900.0,177500.0,178800.0,4587
m15-kis/071050/2026.csv:202610021000,178600.0,179100.0,178000.0,178800.0,4834
m15-kis/071050/2026.csv:202610021015,178800.0,179100.0,177600.0,178700.0,4382
m15-kis/071050/2026.csv:202610021030,178700.0,179200.0,178400.0,179000.0,7583
m15-kis/071050/2026.csv:202610021045,179200.0,179700.0,179000.0,179300.0,8630
m15-kis/071050/2026.csv:202610021100,179300.0,179600.0,179100.0,179600.0,5669
m15-kis/071050/2026.csv:202610021115,179600.0,179800.0,179500.0,179800.0,4292
m15-kis/071050/2026.csv:202610021130,179800.0,179800.0,179300.0,179400.0,3694
m15-kis/071050/2026.csv:202610021145,179400.0,179600.0,179000.0,179500.0,3278
m15-kis/071050/2026.csv:202610021200,179500.0,179800.0,179500.0,179700.0,3203
m15-kis/071050/2026.csv:202610021215,179700.0,179800.0,179400.0,179500.0,2685
m15-kis/071050/2026.csv:202610021230,179400.0,179700.0,179300.0,179300.0,3705
m15-kis/071050/2026.csv:202610021245,179300.0,179700.0,179200.0,179500.0,10799
m15-kis/071050/2026.csv:202610021300,179400.0,179700.0,179300.0,179300.0,4247
m15-kis/071050/2026.csv:202610021315,179300.0,179600.0,179300.0,179500.0,1709
m15-kis/071050/2026.csv:202610021330,179500.0,179700.0,179500.0,179500.0,1967
m15-kis/071050/2026.csv:202610021345,179600.0,179800.0,179500.0,179800.0,2882
m15-kis/071050/2026.csv:202610021400,179700.0,179900.0,179700.0,179800.0,3385
m15-kis/071050/2026.csv:202610021415,179800.0,180200.0,179800.0,179900.0,5330
m15-kis/071050/2026.csv:202610021430,179900.0,180200.0,179800.0,180100.0,4854
m15-kis/071050/2026.csv:202610021445,180100.0,180900.0,179900.0,180800.0,9207
m15-kis/071050/2026.csv:202610021500,180600.0,180700.0,180100.0,180500.0,5040
m15-kis/071050/2026.csv:202610021515,180600.0,181200.0,180500.0,181200.0,11066
m15-kis/071320/2026.csv:202610020900,78600.0,79100.0,78600.0,78800.0,125
m15-kis/071320/2026.csv:202610020915,78800.0,78800.0,78400.0,78800.0,1410
m15-kis/071320/2026.csv:202610020930,78800.0,78800.0,78300.0,78600.0,158
m15-kis/071320/2026.csv:202610020945,78600.0,78800.0,78500.0,78500.0,359
m15-kis/071320/2026.csv:202610021000,78400.0,79100.0,78300.0,79100.0,1523
m15-kis/071320/2026.csv:202610021015,78900.0,78900.0,78500.0,78800.0,107
m15-kis/071320/2026.csv:202610021030,78600.0,78900.0,78400.0,78700.0,646
m15-kis/071320/2026.csv:202610021045,78700.0,78900.0,78700.0,78800.0,178
m15-kis/071320/2026.csv:202610021100,78800.0,78800.0,78700.0,78800.0,443
m15-kis/071320/2026.csv:202610021115,78800.0,78800.0,78700.0,78800.0,59
m15-kis/071320/2026.csv:202610021130,78800.0,79400.0,78700.0,79100.0,757
m15-kis/071320/2026.csv:202610021145,79100.0,79200.0,78900.0,78900.0,129
m15-kis/071320/2026.csv:202610021200,79000.0,79000.0,78900.0,78900.0,76
m15-kis/071320/2026.csv:202610021215,78900.0,78900.0,78600.0,78800.0,472
m15-kis/071320/2026.csv:202610021230,78800.0,78900.0,78800.0,78900.0,165
m15-kis/071320/2026.csv:202610021245,78900.0,79100.0,78900.0,79000.0,235
m15-kis/071320/2026.csv:202610021300,79000.0,79000.0,78900.0,78900.0,113
m15-kis/071320/2026.csv:202610021315,78900.0,78900.0,78900.0,78900.0,73
m15-kis/071320/2026.csv:202610021330,78900.0,79000.0,78800.0,79000.0,383
m15-kis/071320/2026.csv:202610021345,79000.0,79000.0,78900.0,79000.0,360
m15-kis/071320/2026.csv:202610021400,78900.0,79300.0,78900.0,79100.0,486
m15-kis/071320/2026.csv:202610021415,79000.0,79300.0,79000.0,79200.0,548
m15-kis/071320/2026.csv:202610021430,79200.0,79400.0,79100.0,79200.0,191
m15-kis/071320/2026.csv:202610021445,79200.0,79400.0,79100.0,79400.0,248
m15-kis/071320/2026.csv:202610021500,79400.0,79500.0,79100.0,79200.0,281
m15-kis/071320/2026.csv:202610021515,79300.0,79500.0,79300.0,79500.0,502
m15-kis/071970/2026.csv:202610020900,48100.0,48500.0,48050.0,48300.0,4601
m15-kis/071970/2026.csv:202610020915,48350.0,48400.0,48100.0,48350.0,3113
m15-kis/071970/2026.csv:202610020930,48400.0,48850.0,48250.0,48750.0,7431
m15-kis/071970/2026.csv:202610020945,48750.0,48950.0,48500.0,48800.0,4678
m15-kis/071970/2026.csv:202610021000,48750.0,48800.0,48400.0,48600.0,3850
m15-kis/071970/2026.csv:202610021015,48600.0,48600.0,48300.0,48350.0,2144
m15-kis/071970/2026.csv:202610021030,48300.0,48350.0,48100.0,48150.0,4745
m15-kis/071970/2026.csv:202610021045,48150.0,48500.0,48150.0,48450.0,1722
m15-kis/071970/2026.csv:202610021100,48450.0,48750.0,48400.0,48600.0,3189
m15-kis/071970/2026.csv:202610021115,48600.0,48700.0,48500.0,48500.0,1564
m15-kis/071970/2026.csv:202610021130,48550.0,48600.0,48400.0,48550.0,2249
m15-kis/071970/2026.csv:202610021145,48550.0,48600.0,48400.0,48450.0,1257
m15-kis/071970/2026.csv:202610021200,48500.0,48550.0,48400.0,48400.0,1483
m15-kis/071970/2026.csv:202610021215,48350.0,48500.0,48200.0,48500.0,4957
m15-kis/071970/2026.csv:202610021230,48500.0,48700.0,48250.0,48600.0,5927
m15-kis/071970/2026.csv:202610021245,48700.0,48850.0,48450.0,48850.0,4400
m15-kis/071970/2026.csv:202610021300,48900.0,48900.0,48600.0,48650.0,2336
m15-kis/071970/2026.csv:202610021315,48650.0,48900.0,48550.0,48850.0,2575
m15-kis/071970/2026.csv:202610021330,48850.0,49050.0,48850.0,48850.0,3341
m15-kis/071970/2026.csv:202610021345,48850.0,48950.0,48850.0,48950.0,3196
m15-kis/071970/2026.csv:202610021400,48950.0,49000.0,48800.0,49000.0,2311
m15-kis/071970/2026.csv:202610021415,49000.0,49100.0,49000.0,49050.0,2081
m15-kis/071970/2026.csv:202610021430,49050.0,49050.0,48750.0,48850.0,1985
m15-kis/071970/2026.csv:202610021445,48850.0,48950.0,48800.0,48950.0,1918
m15-kis/071970/2026.csv:202610021500,48950.0,49200.0,48950.0,49150.0,6795
m15-kis/071970/2026.csv:202610021515,49150.0,49150.0,49050.0,49100.0,4291
m15-kis/073240/2026.csv:202610020900,6890.0,6940.0,6870.0,6900.0,18170
m15-kis/073240/2026.csv:202610020915,6910.0,6920.0,6890.0,6910.0,17133
m15-kis/073240/2026.csv:202610020930,6910.0,6950.0,6900.0,6920.0,21494
m15-kis/073240/2026.csv:202610020945,6910.0,6940.0,6910.0,6920.0,19203
m15-kis/073240/2026.csv:202610021000,6930.0,6980.0,6910.0,6950.0,30607
m15-kis/073240/2026.csv:202610021015,6950.0,6950.0,6910.0,6920.0,17506
m15-kis/073240/2026.csv:202610021030,6920.0,6920.0,6890.0,6910.0,13763
m15-kis/073240/2026.csv:202610021045,6910.0,6920.0,6890.0,6910.0,6447
m15-kis/073240/2026.csv:202610021100,6910.0,6940.0,6890.0,6940.0,13084
m15-kis/073240/2026.csv:202610021115,6940.0,6950.0,6930.0,6950.0,14476
m15-kis/073240/2026.csv:202610021130,6950.0,6970.0,6930.0,6960.0,22747
m15-kis/073240/2026.csv:202610021145,6970.0,6970.0,6960.0,6970.0,10123
m15-kis/073240/2026.csv:202610021200,6970.0,6980.0,6950.0,6960.0,34133
m15-kis/073240/2026.csv:202610021215,6950.0,6960.0,6920.0,6930.0,9240
m15-kis/073240/2026.csv:202610021230,6930.0,6950.0,6920.0,6930.0,7339
m15-kis/073240/2026.csv:202610021245,6930.0,6940.0,6900.0,6940.0,13097
m15-kis/073240/2026.csv:202610021300,6930.0,6940.0,6910.0,6910.0,5463
m15-kis/073240/2026.csv:202610021315,6910.0,6940.0,6910.0,6920.0,9636
m15-kis/073240/2026.csv:202610021330,6920.0,6930.0,6910.0,6930.0,8527
m15-kis/073240/2026.csv:202610021345,6920.0,6920.0,6860.0,6900.0,49991
m15-kis/073240/2026.csv:202610021400,6900.0,6920.0,6880.0,6880.0,10617
m15-kis/073240/2026.csv:202610021415,6890.0,6910.0,6880.0,6890.0,18318
m15-kis/073240/2026.csv:202610021430,6890.0,6890.0,6870.0,6880.0,20357
m15-kis/073240/2026.csv:202610021445,6880.0,6890.0,6870.0,6880.0,16906
m15-kis/073240/2026.csv:202610021500,6890.0,6900.0,6870.0,6890.0,28846
m15-kis/073240/2026.csv:202610021515,6890.0,6890.0,6860.0,6870.0,28073
m15-kis/074600/2026.csv:202610020900,32450.0,33000.0,32400.0,32400.0,15663
m15-kis/074600/2026.csv:202610020915,32400.0,32600.0,32150.0,32550.0,15152
m15-kis/074600/2026.csv:202610020930,32550.0,32700.0,32550.0,32700.0,10801
m15-kis/074600/2026.csv:202610020945,32750.0,33050.0,32700.0,32950.0,9329
m15-kis/074600/2026.csv:202610021000,32950.0,32950.0,32650.0,32800.0,9234
m15-kis/074600/2026.csv:202610021015,32800.0,32950.0,32600.0,32700.0,6596
m15-kis/074600/2026.csv:202610021030,32700.0,32750.0,32450.0,32700.0,13998
m15-kis/074600/2026.csv:202610021045,32650.0,32850.0,32600.0,32850.0,4393
m15-kis/074600/2026.csv:202610021100,32800.0,32850.0,32600.0,32750.0,5493
m15-kis/074600/2026.csv:202610021115,32750.0,32850.0,32550.0,32600.0,6138
m15-kis/074600/2026.csv:202610021130,32600.0,32800.0,32450.0,32450.0,6477
m15-kis/074600/2026.csv:202610021145,32450.0,32750.0,32400.0,32650.0,7238
m15-kis/074600/2026.csv:202610021200,32600.0,32750.0,32450.0,32450.0,6492
m15-kis/074600/2026.csv:202610021215,32500.0,32700.0,32400.0,32500.0,4649
m15-kis/074600/2026.csv:202610021230,32500.0,32600.0,32200.0,32350.0,6553
m15-kis/074600/2026.csv:202610021245,32250.0,32450.0,32100.0,32200.0,6468
m15-kis/074600/2026.csv:202610021300,32150.0,32400.0,31950.0,32150.0,10145
m15-kis/074600/2026.csv:202610021315,32100.0,32450.0,32050.0,32450.0,6818
m15-kis/074600/2026.csv:202610021330,32400.0,32500.0,32250.0,32450.0,7480
m15-kis/074600/2026.csv:202610021345,32500.0,32500.0,32200.0,32450.0,5259
m15-kis/074600/2026.csv:202610021400,32300.0,32500.0,32300.0,32400.0,5981
m15-kis/074600/2026.csv:202610021415,32300.0,32500.0,32200.0,32250.0,6073
m15-kis/074600/2026.csv:202610021430,32250.0,32400.0,32150.0,32350.0,10607
m15-kis/074600/2026.csv:202610021445,32350.0,32400.0,32200.0,32350.0,3664
m15-kis/074600/2026.csv:202610021500,32300.0,32550.0,32250.0,32400.0,12760
m15-kis/074600/2026.csv:202610021515,32350.0,32500.0,32300.0,32300.0,7361
m15-kis/075580/2026.csv:202610020900,10020.0,10060.0,9910.0,10020.0,5728
m15-kis/075580/2026.csv:202610020915,10010.0,10010.0,9930.0,10010.0,2960
m15-kis/075580/2026.csv:202610020930,10010.0,10060.0,9980.0,10040.0,5821
m15-kis/075580/2026.csv:202610020945,10040.0,10040.0,10010.0,10030.0,1273
m15-kis/075580/2026.csv:202610021000,10030.0,10040.0,9990.0,10030.0,1831
m15-kis/075580/2026.csv:202610021015,10020.0,10030.0,9990.0,10010.0,948
m15-kis/075580/2026.csv:202610021030,10000.0,10010.0,9950.0,9980.0,2300
m15-kis/075580/2026.csv:202610021045,9980.0,10020.0,9970.0,10000.0,992
m15-kis/075580/2026.csv:202610021100,10000.0,10060.0,10000.0,10030.0,5138
m15-kis/075580/2026.csv:202610021115,10030.0,10040.0,10010.0,10010.0,799
m15-kis/075580/2026.csv:202610021130,10010.0,10030.0,10010.0,10020.0,1285
m15-kis/075580/2026.csv:202610021145,10020.0,10040.0,9980.0,9980.0,3471
m15-kis/075580/2026.csv:202610021200,9980.0,9990.0,9970.0,9970.0,2941
m15-kis/075580/2026.csv:202610021215,9970.0,9980.0,9950.0,9960.0,3526
m15-kis/075580/2026.csv:202610021230,9970.0,9970.0,9940.0,9940.0,2076
m15-kis/075580/2026.csv:202610021245,9940.0,9950.0,9920.0,9940.0,2086
m15-kis/075580/2026.csv:202610021300,9930.0,9950.0,9930.0,9950.0,2032
m15-kis/075580/2026.csv:202610021315,9950.0,9960.0,9920.0,9950.0,1615
m15-kis/075580/2026.csv:202610021330,9920.0,9950.0,9920.0,9940.0,1073
m15-kis/075580/2026.csv:202610021345,9940.0,9970.0,9930.0,9970.0,835
m15-kis/075580/2026.csv:202610021400,9980.0,9990.0,9970.0,9990.0,11660
m15-kis/075580/2026.csv:202610021415,9990.0,9990.0,9980.0,9990.0,4329
m15-kis/075580/2026.csv:202610021430,9990.0,9990.0,9940.0,9950.0,1746
m15-kis/075580/2026.csv:202610021445,9960.0,9990.0,9960.0,9970.0,2457
m15-kis/075580/2026.csv:202610021500,9980.0,9990.0,9980.0,9990.0,7070
m15-kis/075580/2026.csv:202610021515,9980.0,10030.0,9980.0,10020.0,30827
m15-kis/077970/2026.csv:202610020900,22400.0,22500.0,22350.0,22450.0,5674
m15-kis/077970/2026.csv:202610020915,22500.0,22600.0,22400.0,22600.0,3285
m15-kis/077970/2026.csv:202610020930,22550.0,22900.0,22550.0,22800.0,14289
m15-kis/077970/2026.csv:202610020945,22800.0,22900.0,22750.0,22750.0,4534
m15-kis/077970/2026.csv:202610021000,22750.0,22800.0,22600.0,22700.0,4209
m15-kis/077970/2026.csv:202610021015,22700.0,22750.0,22550.0,22600.0,2176
m15-kis/077970/2026.csv:202610021030,22550.0,22550.0,22450.0,22550.0,1839
m15-kis/077970/2026.csv:202610021045,22500.0,22700.0,22500.0,22700.0,842
m15-kis/077970/2026.csv:202610021100,22650.0,22850.0,22400.0,22700.0,5241
m15-kis/077970/2026.csv:202610021115,22700.0,22700.0,22650.0,22650.0,1208
m15-kis/077970/2026.csv:202610021130,22700.0,22700.0,22600.0,22650.0,1392
m15-kis/077970/2026.csv:202610021145,22650.0,22650.0,22550.0,22600.0,645
m15-kis/077970/2026.csv:202610021200,22600.0,22650.0,22550.0,22600.0,1657
m15-kis/077970/2026.csv:202610021215,22600.0,22600.0,22500.0,22500.0,1008
m15-kis/077970/2026.csv:202610021230,22500.0,22550.0,22500.0,22500.0,901
m15-kis/077970/2026.csv:202610021245,22500.0,22500.0,22450.0,22500.0,1252
m15-kis/077970/2026.csv:202610021300,22500.0,22500.0,22450.0,22500.0,505
m15-kis/077970/2026.csv:202610021315,22500.0,22600.0,22500.0,22600.0,899
m15-kis/077970/2026.csv:202610021330,22600.0,22600.0,22550.0,22550.0,800
m15-kis/077970/2026.csv:202610021345,22600.0,22650.0,22550.0,22600.0,2282
m15-kis/077970/2026.csv:202610021400,22600.0,22650.0,22550.0,22600.0,1332
m15-kis/077970/2026.csv:202610021415,22600.0,22650.0,22550.0,22600.0,1372
m15-kis/077970/2026.csv:202610021430,22600.0,22650.0,22550.0,22600.0,1661
m15-kis/077970/2026.csv:202610021445,22600.0,22750.0,22550.0,22700.0,5131
m15-kis/077970/2026.csv:202610021500,22700.0,22750.0,22650.0,22700.0,2892
m15-kis/077970/2026.csv:202610021515,22700.0,22750.0,22650.0,22650.0,3985
m15-kis/078600/2026.csv:202610020900,98200.0,105300.0,98200.0,105000.0,102608
m15-kis/078600/2026.csv:202610020915,105100.0,108600.0,104900.0,108300.0,87893
m15-kis/078600/2026.csv:202610020930,108400.0,108500.0,106600.0,107600.0,34331
m15-kis/078600/2026.csv:202610020945,107700.0,110000.0,107300.0,109000.0,47667
m15-kis/078600/2026.csv:202610021000,109200.0,110400.0,108300.0,109800.0,44605
m15-kis/078600/2026.csv:202610021015,109800.0,110200.0,108000.0,108200.0,30334
m15-kis/078600/2026.csv:202610021030,108300.0,108300.0,106700.0,107000.0,23421
m15-kis/078600/2026.csv:202610021045,107000.0,108100.0,107000.0,108000.0,16256
m15-kis/078600/2026.csv:202610021100,108000.0,108800.0,107800.0,108100.0,11296
m15-kis/078600/2026.csv:202610021115,108100.0,108200.0,107500.0,107700.0,5704
m15-kis/078600/2026.csv:202610021130,107700.0,107800.0,106700.0,107000.0,8723
m15-kis/078600/2026.csv:202610021145,107000.0,107800.0,106900.0,107500.0,6794
m15-kis/078600/2026.csv:202610021200,107500.0,107800.0,106800.0,106900.0,6026
m15-kis/078600/2026.csv:202610021215,106800.0,107100.0,106300.0,106700.0,5903
m15-kis/078600/2026.csv:202610021230,106700.0,106700.0,106200.0,106300.0,5930
m15-kis/078600/2026.csv:202610021245,106200.0,106800.0,106100.0,106800.0,4182
m15-kis/078600/2026.csv:202610021300,106700.0,107000.0,106500.0,107000.0,6823
m15-kis/078600/2026.csv:202610021315,107000.0,107200.0,106700.0,107200.0,5984
m15-kis/078600/2026.csv:202610021330,107200.0,107700.0,106900.0,107600.0,4941
m15-kis/078600/2026.csv:202610021345,107600.0,108000.0,107500.0,108000.0,7795
m15-kis/078600/2026.csv:202610021400,108000.0,109000.0,107900.0,108500.0,13198
m15-kis/078600/2026.csv:202610021415,108500.0,108700.0,107800.0,108000.0,12339
m15-kis/078600/2026.csv:202610021430,107900.0,108200.0,106700.0,107900.0,15818
m15-kis/078600/2026.csv:202610021445,107900.0,108700.0,107700.0,108200.0,10404
m15-kis/078600/2026.csv:202610021500,108300.0,108900.0,107900.0,108800.0,12376
m15-kis/078600/2026.csv:202610021515,108700.0,108800.0,107900.0,108300.0,14522
m15-kis/078930/2026.csv:202610020900,105000.0,107000.0,104700.0,105500.0,31370
m15-kis/078930/2026.csv:202610020915,105600.0,106400.0,103700.0,104900.0,21824
m15-kis/078930/2026.csv:202610020930,104700.0,106000.0,104500.0,105000.0,16060
m15-kis/078930/2026.csv:202610020945,105100.0,105400.0,104500.0,105200.0,21041
m15-kis/078930/2026.csv:202610021000,105200.0,105500.0,104500.0,105300.0,16453
m15-kis/078930/2026.csv:202610021015,105300.0,105900.0,104600.0,104800.0,19510
m15-kis/078930/2026.csv:202610021030,104800.0,105600.0,104800.0,105300.0,16257
m15-kis/078930/2026.csv:202610021045,105300.0,105700.0,104700.0,105200.0,9758
m15-kis/078930/2026.csv:202610021100,105200.0,106300.0,104900.0,105800.0,15068
m15-kis/078930/2026.csv:202610021115,105900.0,106200.0,105100.0,105700.0,10608
m15-kis/078930/2026.csv:202610021130,105600.0,105700.0,104700.0,105200.0,9602
m15-kis/078930/2026.csv:202610021145,105200.0,105700.0,104900.0,105600.0,9068
m15-kis/078930/2026.csv:202610021200,105600.0,105600.0,104900.0,105000.0,7322
m15-kis/078930/2026.csv:202610021215,105000.0,105100.0,103800.0,104300.0,13903
m15-kis/078930/2026.csv:202610021230,104300.0,105300.0,103900.0,105100.0,18174
m15-kis/078930/2026.csv:202610021245,105200.0,105200.0,104700.0,105100.0,9843
m15-kis/078930/2026.csv:202610021300,105100.0,105300.0,104600.0,105000.0,13673
m15-kis/078930/2026.csv:202610021315,104900.0,105300.0,104600.0,105000.0,11308
m15-kis/078930/2026.csv:202610021330,105000.0,105200.0,104700.0,104800.0,7766
m15-kis/078930/2026.csv:202610021345,104700.0,105300.0,104600.0,105200.0,11348
m15-kis/078930/2026.csv:202610021400,105000.0,105600.0,104800.0,105100.0,9414
m15-kis/078930/2026.csv:202610021415,105100.0,105300.0,104500.0,104800.0,10452
m15-kis/078930/2026.csv:202610021430,104800.0,105000.0,104300.0,104900.0,12484
m15-kis/078930/2026.csv:202610021445,104800.0,105400.0,104700.0,105300.0,16296
m15-kis/078930/2026.csv:202610021500,105400.0,106300.0,105200.0,105700.0,20820
m15-kis/078930/2026.csv:202610021515,105600.0,106800.0,105500.0,106400.0,18874
m15-kis/079550/2026.csv:202610020900,725000.0,732000.0,722000.0,729000.0,3119
m15-kis/079550/2026.csv:202610020915,729000.0,732000.0,724000.0,732000.0,1810
m15-kis/079550/2026.csv:202610020930,731000.0,740000.0,728000.0,738000.0,2823
m15-kis/079550/2026.csv:202610020945,738000.0,739000.0,732000.0,734000.0,2796
m15-kis/079550/2026.csv:202610021000,734000.0,737000.0,731000.0,735000.0,1117
m15-kis/079550/2026.csv:202610021015,736000.0,741000.0,732000.0,740000.0,2884
m15-kis/079550/2026.csv:202610021030,739000.0,751000.0,738000.0,747000.0,10727
m15-kis/079550/2026.csv:202610021045,748000.0,755000.0,747000.0,752000.0,4270
m15-kis/079550/2026.csv:202610021100,752000.0,754000.0,750000.0,752000.0,2315
m15-kis/079550/2026.csv:202610021115,752000.0,753000.0,748000.0,750000.0,1948
m15-kis/079550/2026.csv:202610021130,751000.0,754000.0,749000.0,753500.0,1664
m15-kis/079550/2026.csv:202610021145,753500.0,754000.0,750000.0,750000.0,2957
m15-kis/079550/2026.csv:202610021200,751000.0,753000.0,749000.0,750000.0,1537
m15-kis/079550/2026.csv:202610021215,750000.0,751000.0,746000.0,747000.0,2022
m15-kis/079550/2026.csv:202610021230,747000.0,750000.0,746000.0,749000.0,1630
m15-kis/079550/2026.csv:202610021245,749000.0,753000.0,747000.0,753000.0,2692
m15-kis/079550/2026.csv:202610021300,753000.0,758000.0,752000.0,757000.0,9478
m15-kis/079550/2026.csv:202610021315,757000.0,758000.0,754000.0,757000.0,3176
m15-kis/079550/2026.csv:202610021330,757000.0,758000.0,755000.0,757000.0,1768
m15-kis/079550/2026.csv:202610021345,757000.0,757000.0,753000.0,755000.0,2357
m15-kis/079550/2026.csv:202610021400,755000.0,762000.0,755000.0,761000.0,6122
m15-kis/079550/2026.csv:202610021415,762000.0,765000.0,757000.0,758000.0,5557
m15-kis/079550/2026.csv:202610021430,757000.0,757000.0,752000.0,755000.0,4391
m15-kis/079550/2026.csv:202610021445,755000.0,759000.0,754000.0,757000.0,2893
m15-kis/079550/2026.csv:202610021500,757000.0,760000.0,756000.0,758000.0,3332
m15-kis/079550/2026.csv:202610021515,759000.0,762000.0,758000.0,762000.0,6551
m15-kis/079900/2026.csv:202610020900,40450.0,40450.0,40150.0,40300.0,1271
m15-kis/079900/2026.csv:202610020915,40300.0,40500.0,40100.0,40400.0,1756
m15-kis/079900/2026.csv:202610020930,40400.0,40600.0,40200.0,40600.0,1090
m15-kis/079900/2026.csv:202610020945,40550.0,40700.0,40450.0,40600.0,1345
m15-kis/079900/2026.csv:202610021000,40600.0,40600.0,40450.0,40600.0,346
m15-kis/079900/2026.csv:202610021015,40600.0,40600.0,40400.0,40400.0,513
m15-kis/079900/2026.csv:202610021030,40400.0,40450.0,40200.0,40200.0,1452
m15-kis/079900/2026.csv:202610021045,40250.0,40500.0,40250.0,40450.0,329
m15-kis/079900/2026.csv:202610021100,40400.0,40450.0,40400.0,40400.0,41
m15-kis/079900/2026.csv:202610021115,40400.0,40400.0,40250.0,40250.0,731
m15-kis/079900/2026.csv:202610021130,40300.0,40300.0,40200.0,40250.0,958
m15-kis/079900/2026.csv:202610021145,40300.0,40300.0,40300.0,40300.0,172
m15-kis/079900/2026.csv:202610021200,40250.0,40300.0,40200.0,40300.0,331
m15-kis/079900/2026.csv:202610021215,40300.0,40300.0,40150.0,40150.0,438
m15-kis/079900/2026.csv:202610021230,40150.0,40200.0,40150.0,40150.0,609
m15-kis/079900/2026.csv:202610021245,40150.0,40150.0,40050.0,40100.0,1613
m15-kis/079900/2026.csv:202610021300,40050.0,40100.0,39950.0,40000.0,1228
m15-kis/079900/2026.csv:202610021315,40000.0,40050.0,40000.0,40050.0,1113
m15-kis/079900/2026.csv:202610021330,40050.0,40150.0,40050.0,40150.0,712
m15-kis/079900/2026.csv:202610021345,40150.0,40250.0,40150.0,40250.0,384
m15-kis/079900/2026.csv:202610021400,40250.0,40300.0,40250.0,40300.0,634
m15-kis/079900/2026.csv:202610021415,40250.0,40300.0,40250.0,40250.0,930
m15-kis/079900/2026.csv:202610021430,40250.0,40350.0,40250.0,40300.0,817
m15-kis/079900/2026.csv:202610021445,40350.0,40400.0,40350.0,40350.0,379
m15-kis/079900/2026.csv:202610021500,40300.0,40450.0,40300.0,40400.0,740
m15-kis/079900/2026.csv:202610021515,40350.0,40400.0,40200.0,40200.0,1206
m15-kis/080220/2026.csv:202610020900,87900.0,90500.0,87500.0,88500.0,455326
m15-kis/080220/2026.csv:202610020915,88500.0,89800.0,87400.0,89500.0,225649
m15-kis/080220/2026.csv:202610020930,89500.0,91700.0,89100.0,91600.0,325719
m15-kis/080220/2026.csv:202610020945,91700.0,94400.0,91400.0,94200.0,582348
m15-kis/080220/2026.csv:202610021000,94100.0,94800.0,92700.0,94200.0,393291
m15-kis/080220/2026.csv:202610021015,94200.0,94400.0,92100.0,92700.0,180467
m15-kis/080220/2026.csv:202610021030,92700.0,92850.0,91300.0,92700.0,184385
m15-kis/080220/2026.csv:202610021045,92700.0,94500.0,92700.0,94300.0,190422
m15-kis/080220/2026.csv:202610021100,94400.0,95500.0,93700.0,94500.0,344909
m15-kis/080220/2026.csv:202610021115,94500.0,95500.0,93800.0,94000.0,123720
m15-kis/080220/2026.csv:202610021130,94000.0,94300.0,93000.0,93700.0,112201
m15-kis/080220/2026.csv:202610021145,93600.0,93900.0,93200.0,93800.0,39604
m15-kis/080220/2026.csv:202610021200,93800.0,93800.0,93200.0,93800.0,37132
m15-kis/080220/2026.csv:202610021215,93800.0,93800.0,93000.0,93200.0,43335
m15-kis/080220/2026.csv:202610021230,93500.0,93600.0,92500.0,92700.0,84203
m15-kis/080220/2026.csv:202610021245,92700.0,92700.0,92000.0,92100.0,76820
m15-kis/080220/2026.csv:202610021300,92100.0,92600.0,91300.0,92000.0,128518
m15-kis/080220/2026.csv:202610021315,92000.0,92600.0,91700.0,92400.0,53531
m15-kis/080220/2026.csv:202610021330,92500.0,92700.0,92200.0,92600.0,44683
m15-kis/080220/2026.csv:202610021345,92500.0,92600.0,92100.0,92300.0,31536
m15-kis/080220/2026.csv:202610021400,92300.0,92500.0,91800.0,92000.0,46064
m15-kis/080220/2026.csv:202610021415,92000.0,92400.0,91400.0,91600.0,55785
m15-kis/080220/2026.csv:202610021430,91600.0,92300.0,90600.0,92200.0,110213
m15-kis/080220/2026.csv:202610021445,92000.0,92300.0,91600.0,92100.0,62234
m15-kis/080220/2026.csv:202610021500,92100.0,92600.0,92100.0,92400.0,71002
m15-kis/080220/2026.csv:202610021515,92300.0,92600.0,92300.0,92400.0,40376
m15-kis/081660/2026.csv:202610020900,37650.0,37900.0,37550.0,37700.0,1785
m15-kis/081660/2026.csv:202610020915,37600.0,38000.0,37350.0,37450.0,3731
m15-kis/081660/2026.csv:202610020930,37450.0,37700.0,37400.0,37600.0,2350
m15-kis/081660/2026.csv:202610020945,37550.0,37600.0,37450.0,37600.0,1182
m15-kis/081660/2026.csv:202610021000,37600.0,37600.0,37450.0,37600.0,1746
m15-kis/081660/2026.csv:202610021015,37600.0,37800.0,37500.0,37750.0,3649
m15-kis/081660/2026.csv:202610021030,37750.0,39700.0,37750.0,38000.0,11863
m15-kis/081660/2026.csv:202610021045,38050.0,38900.0,38000.0,38350.0,5382
m15-kis/081660/2026.csv:202610021100,38400.0,38650.0,38300.0,38550.0,2066
m15-kis/081660/2026.csv:202610021115,38550.0,38600.0,38400.0,38550.0,2404
m15-kis/081660/2026.csv:202610021130,38550.0,38600.0,38450.0,38450.0,2068
m15-kis/081660/2026.csv:202610021145,38400.0,38550.0,38400.0,38400.0,2293
m15-kis/081660/2026.csv:202610021200,38500.0,38550.0,38400.0,38500.0,2251
m15-kis/081660/2026.csv:202610021215,38500.0,38550.0,38400.0,38450.0,1973
m15-kis/081660/2026.csv:202610021230,38450.0,38500.0,38400.0,38400.0,1834
m15-kis/081660/2026.csv:202610021245,38400.0,38550.0,38400.0,38500.0,2300
m15-kis/081660/2026.csv:202610021300,38500.0,38650.0,38450.0,38500.0,2428
m15-kis/081660/2026.csv:202610021315,38550.0,38600.0,38300.0,38350.0,2873
m15-kis/081660/2026.csv:202610021330,38350.0,38650.0,38350.0,38600.0,3677
m15-kis/081660/2026.csv:202610021345,38600.0,39350.0,38550.0,39300.0,7344
m15-kis/081660/2026.csv:202610021400,39300.0,39350.0,39050.0,39150.0,8179
m15-kis/081660/2026.csv:202610021415,39150.0,39200.0,38950.0,39050.0,7289
m15-kis/081660/2026.csv:202610021430,39050.0,39150.0,38600.0,38750.0,8518
m15-kis/081660/2026.csv:202610021445,38750.0,39100.0,38600.0,39000.0,8395
m15-kis/081660/2026.csv:202610021500,39050.0,39100.0,38650.0,38950.0,6214
m15-kis/081660/2026.csv:202610021515,38950.0,39100.0,38900.0,38950.0,5653
m15-kis/082270/2026.csv:202610020900,11290.0,11730.0,11290.0,11500.0,26296
m15-kis/082270/2026.csv:202610020915,11510.0,11530.0,11380.0,11490.0,4610
m15-kis/082270/2026.csv:202610020930,11490.0,11560.0,11450.0,11480.0,3251
m15-kis/082270/2026.csv:202610020945,11480.0,11490.0,11400.0,11460.0,17420
m15-kis/082270/2026.csv:202610021000,11450.0,11460.0,11310.0,11400.0,5347
m15-kis/082270/2026.csv:202610021015,11430.0,11440.0,11220.0,11250.0,5590
m15-kis/082270/2026.csv:202610021030,11240.0,11290.0,11120.0,11210.0,4388
m15-kis/082270/2026.csv:202610021045,11200.0,11270.0,11180.0,11230.0,1548
m15-kis/082270/2026.csv:202610021100,11230.0,11240.0,11210.0,11220.0,604
m15-kis/082270/2026.csv:202610021115,11220.0,11240.0,11190.0,11210.0,505
m15-kis/082270/2026.csv:202610021130,11200.0,11210.0,11170.0,11170.0,866
m15-kis/082270/2026.csv:202610021145,11170.0,11280.0,11160.0,11270.0,1310
m15-kis/082270/2026.csv:202610021200,11270.0,11320.0,11270.0,11290.0,1529
m15-kis/082270/2026.csv:202610021215,11300.0,11320.0,11260.0,11280.0,1067
m15-kis/082270/2026.csv:202610021230,11280.0,11410.0,11280.0,11300.0,1798
m15-kis/082270/2026.csv:202610021245,11310.0,11330.0,11270.0,11330.0,2496
m15-kis/082270/2026.csv:202610021300,11320.0,11370.0,11280.0,11340.0,1290
m15-kis/082270/2026.csv:202610021315,11340.0,11350.0,11310.0,11330.0,563
m15-kis/082270/2026.csv:202610021330,11340.0,11400.0,11340.0,11350.0,1986
m15-kis/082270/2026.csv:202610021345,11350.0,11350.0,11300.0,11310.0,1247
m15-kis/082270/2026.csv:202610021400,11310.0,11320.0,11300.0,11320.0,303
m15-kis/082270/2026.csv:202610021415,11320.0,11330.0,11240.0,11240.0,2414
m15-kis/082270/2026.csv:202610021430,11260.0,11260.0,11210.0,11240.0,1943
m15-kis/082270/2026.csv:202610021445,11250.0,11250.0,11190.0,11220.0,2555
m15-kis/082270/2026.csv:202610021500,11220.0,11240.0,11180.0,11190.0,3110
m15-kis/082270/2026.csv:202610021515,11200.0,11230.0,11140.0,11150.0,5417
m15-kis/082740/2026.csv:202610020900,48450.0,48550.0,48000.0,48550.0,31476
m15-kis/082740/2026.csv:202610020915,48450.0,48600.0,48150.0,48400.0,23935
m15-kis/082740/2026.csv:202610020930,48500.0,49000.0,48400.0,48800.0,21129
m15-kis/082740/2026.csv:202610020945,48800.0,49350.0,48700.0,49100.0,25876
m15-kis/082740/2026.csv:202610021000,49150.0,49200.0,48700.0,48850.0,16771
m15-kis/082740/2026.csv:202610021015,48850.0,48950.0,48400.0,48500.0,17458
m15-kis/082740/2026.csv:202610021030,48450.0,48500.0,48150.0,48300.0,13667
m15-kis/082740/2026.csv:202610021045,48350.0,48750.0,48300.0,48750.0,21237
m15-kis/082740/2026.csv:202610021100,48750.0,49100.0,48650.0,48700.0,16529
m15-kis/082740/2026.csv:202610021115,48650.0,48850.0,48600.0,48800.0,7638
m15-kis/082740/2026.csv:202610021130,48800.0,48900.0,48700.0,48750.0,9384
m15-kis/082740/2026.csv:202610021145,48750.0,48850.0,48450.0,48500.0,11536
m15-kis/082740/2026.csv:202610021200,48500.0,48600.0,48450.0,48600.0,11158
m15-kis/082740/2026.csv:202610021215,48550.0,48600.0,48350.0,48350.0,11835
m15-kis/082740/2026.csv:202610021230,48350.0,48500.0,48350.0,48450.0,7224
m15-kis/082740/2026.csv:202610021245,48400.0,48450.0,48350.0,48400.0,6396
m15-kis/082740/2026.csv:202610021300,48350.0,48450.0,48250.0,48300.0,9446
m15-kis/082740/2026.csv:202610021315,48300.0,48400.0,48250.0,48250.0,5837
m15-kis/082740/2026.csv:202610021330,48250.0,48450.0,48250.0,48350.0,8061
m15-kis/082740/2026.csv:202610021345,48400.0,48450.0,48300.0,48450.0,8003
m15-kis/082740/2026.csv:202610021400,48400.0,48500.0,48350.0,48450.0,7797
m15-kis/082740/2026.csv:202610021415,48400.0,48600.0,48400.0,48600.0,7200
m15-kis/082740/2026.csv:202610021430,48550.0,48600.0,48350.0,48350.0,12480
m15-kis/082740/2026.csv:202610021445,48400.0,48650.0,48350.0,48600.0,10889
m15-kis/082740/2026.csv:202610021500,48600.0,48650.0,48450.0,48550.0,13337
m15-kis/082740/2026.csv:202610021515,48550.0,48600.0,48550.0,48600.0,16055
m15-kis/082920/2026.csv:202610020900,28950.0,29450.0,28950.0,29250.0,10963
m15-kis/082920/2026.csv:202610020915,29250.0,29450.0,29150.0,29400.0,6826
m15-kis/082920/2026.csv:202610020930,29400.0,29800.0,29300.0,29650.0,19121
m15-kis/082920/2026.csv:202610020945,29650.0,29850.0,29500.0,29500.0,20828
m15-kis/082920/2026.csv:202610021000,29550.0,29725.0,29300.0,29600.0,12864
m15-kis/082920/2026.csv:202610021015,29650.0,29650.0,29250.0,29450.0,7848
m15-kis/082920/2026.csv:202610021030,29400.0,29500.0,29050.0,29400.0,17799
m15-kis/082920/2026.csv:202610021045,29400.0,29600.0,29350.0,29600.0,6162
m15-kis/082920/2026.csv:202610021100,29600.0,29650.0,29350.0,29450.0,6401
m15-kis/082920/2026.csv:202610021115,29450.0,29500.0,29350.0,29400.0,3828
m15-kis/082920/2026.csv:202610021130,29400.0,29500.0,29350.0,29400.0,2704
m15-kis/082920/2026.csv:202610021145,29400.0,29450.0,29350.0,29450.0,3388
m15-kis/082920/2026.csv:202610021200,29450.0,29500.0,29300.0,29350.0,2787
m15-kis/082920/2026.csv:202610021215,29350.0,29350.0,29250.0,29300.0,2014
m15-kis/082920/2026.csv:202610021230,29250.0,29300.0,29200.0,29250.0,2944
m15-kis/082920/2026.csv:202610021245,29250.0,29250.0,29150.0,29250.0,3691
m15-kis/082920/2026.csv:202610021300,29250.0,29300.0,29000.0,29150.0,7131
m15-kis/082920/2026.csv:202610021315,29150.0,29250.0,29150.0,29150.0,3186
m15-kis/082920/2026.csv:202610021330,29250.0,29450.0,29200.0,29400.0,6355
m15-kis/082920/2026.csv:202610021345,29400.0,29400.0,29250.0,29400.0,2612
m15-kis/082920/2026.csv:202610021400,29350.0,29500.0,29300.0,29450.0,4202
m15-kis/082920/2026.csv:202610021415,29450.0,29600.0,29400.0,29450.0,11807
m15-kis/082920/2026.csv:202610021430,29450.0,29550.0,29350.0,29550.0,4988
m15-kis/082920/2026.csv:202610021445,29500.0,29600.0,29450.0,29600.0,3183
m15-kis/082920/2026.csv:202610021500,29600.0,29700.0,29550.0,29600.0,6266
m15-kis/082920/2026.csv:202610021515,29550.0,29650.0,29500.0,29600.0,7757
m15-kis/083450/2026.csv:202610020900,54200.0,54900.0,53800.0,53800.0,11792
m15-kis/083450/2026.csv:202610020915,53900.0,54500.0,53400.0,54400.0,11002
m15-kis/083450/2026.csv:202610020930,54500.0,54800.0,54000.0,54300.0,14174
m15-kis/083450/2026.csv:202610020945,54300.0,54800.0,54100.0,54400.0,5969
m15-kis/083450/2026.csv:202610021000,54300.0,54400.0,53700.0,54000.0,10831
m15-kis/083450/2026.csv:202610021015,54000.0,54300.0,53600.0,53600.0,8416
m15-kis/083450/2026.csv:202610021030,53600.0,53700.0,53000.0,53500.0,14615
m15-kis/083450/2026.csv:202610021045,53500.0,54000.0,53400.0,53800.0,5395
m15-kis/083450/2026.csv:202610021100,53900.0,54000.0,53300.0,53300.0,7344
m15-kis/083450/2026.csv:202610021115,53300.0,53600.0,53200.0,53200.0,6219
m15-kis/083450/2026.csv:202610021130,53300.0,53300.0,53000.0,53000.0,10391
m15-kis/083450/2026.csv:202610021145,53100.0,53300.0,52800.0,53200.0,7622
m15-kis/083450/2026.csv:202610021200,53200.0,53400.0,53000.0,53200.0,5120
m15-kis/083450/2026.csv:202610021215,53000.0,53300.0,52900.0,53000.0,5159
m15-kis/083450/2026.csv:202610021230,52900.0,53200.0,52800.0,52900.0,6655
m15-kis/083450/2026.csv:202610021245,52900.0,52900.0,52600.0,52600.0,8246
m15-kis/083450/2026.csv:202610021300,52600.0,52900.0,52500.0,52800.0,9436
m15-kis/083450/2026.csv:202610021315,52800.0,53100.0,52700.0,53100.0,5377
m15-kis/083450/2026.csv:202610021330,53000.0,53400.0,52800.0,53300.0,6221
m15-kis/083450/2026.csv:202610021345,53400.0,53700.0,53300.0,53600.0,6601
m15-kis/083450/2026.csv:202610021400,53600.0,53700.0,53300.0,53600.0,12801
m15-kis/083450/2026.csv:202610021415,53600.0,53800.0,53400.0,53400.0,8195
m15-kis/083450/2026.csv:202610021430,53500.0,53700.0,53300.0,53600.0,6975
m15-kis/083450/2026.csv:202610021445,53600.0,53700.0,53400.0,53600.0,5059
m15-kis/083450/2026.csv:202610021500,53500.0,53900.0,53400.0,53800.0,6674
m15-kis/083450/2026.csv:202610021515,53800.0,53900.0,53600.0,53600.0,4600
m15-kis/083650/2026.csv:202610020900,59800.0,60300.0,59300.0,59500.0,19998
m15-kis/083650/2026.csv:202610020915,59500.0,59800.0,59100.0,59400.0,14294
m15-kis/083650/2026.csv:202610020930,59400.0,59800.0,59300.0,59600.0,8033
m15-kis/083650/2026.csv:202610020945,59600.0,59700.0,59400.0,59500.0,9276
m15-kis/083650/2026.csv:202610021000,59500.0,59500.0,59200.0,59300.0,14695
m15-kis/083650/2026.csv:202610021015,59300.0,59300.0,59000.0,59000.0,9205
m15-kis/083650/2026.csv:202610021030,59000.0,59100.0,58700.0,58800.0,13250
m15-kis/083650/2026.csv:202610021045,58800.0,59100.0,58700.0,59000.0,7189
m15-kis/083650/2026.csv:202610021100,59000.0,59200.0,58900.0,59100.0,6478
m15-kis/083650/2026.csv:202610021115,59100.0,59150.0,58900.0,59000.0,4165
m15-kis/083650/2026.csv:202610021130,58900.0,59300.0,58800.0,59100.0,6304
m15-kis/083650/2026.csv:202610021145,59100.0,59300.0,59000.0,59100.0,3396
m15-kis/083650/2026.csv:202610021200,59100.0,59200.0,59000.0,59000.0,3240
m15-kis/083650/2026.csv:202610021215,59000.0,59100.0,58800.0,58900.0,2436
m15-kis/083650/2026.csv:202610021230,59000.0,59100.0,58900.0,58900.0,2140
m15-kis/083650/2026.csv:202610021245,59000.0,59000.0,58800.0,58900.0,4535
m15-kis/083650/2026.csv:202610021300,58900.0,59000.0,58800.0,58900.0,2390
m15-kis/083650/2026.csv:202610021315,58900.0,59100.0,58800.0,59100.0,5287
m15-kis/083650/2026.csv:202610021330,59100.0,59600.0,59100.0,59400.0,7618
m15-kis/083650/2026.csv:202610021345,59300.0,59500.0,59100.0,59400.0,3439
m15-kis/083650/2026.csv:202610021400,59400.0,59600.0,59300.0,59500.0,3485
m15-kis/083650/2026.csv:202610021415,59500.0,59600.0,59200.0,59200.0,3931
m15-kis/083650/2026.csv:202610021430,59200.0,59300.0,59100.0,59200.0,3598
m15-kis/083650/2026.csv:202610021445,59200.0,59400.0,59200.0,59300.0,5129
m15-kis/083650/2026.csv:202610021500,59300.0,59500.0,59300.0,59400.0,2942
m15-kis/083650/2026.csv:202610021515,59500.0,59500.0,59400.0,59500.0,4861
m15-kis/084370/2026.csv:202610020900,183800.0,186200.0,181200.0,181300.0,16118
m15-kis/084370/2026.csv:202610020915,181600.0,183400.0,180300.0,182600.0,8538
m15-kis/084370/2026.csv:202610020930,182600.0,186200.0,182500.0,184900.0,8547
m15-kis/084370/2026.csv:202610020945,184800.0,186000.0,183700.0,185600.0,5083
m15-kis/084370/2026.csv:202610021000,185500.0,185500.0,183300.0,183900.0,4694
m15-kis/084370/2026.csv:202610021015,183800.0,184100.0,181500.0,181550.0,4601
m15-kis/084370/2026.csv:202610021030,181550.0,182400.0,179000.0,179400.0,8294
m15-kis/084370/2026.csv:202610021045,179400.0,181700.0,179100.0,181200.0,4676
m15-kis/084370/2026.csv:202610021100,181200.0,181200.0,178300.0,178600.0,4606
m15-kis/084370/2026.csv:202610021115,178600.0,178900.0,176200.0,177700.0,9220
m15-kis/084370/2026.csv:202610021130,177700.0,178800.0,176000.0,176100.0,6967
m15-kis/084370/2026.csv:202610021145,176200.0,177000.0,175700.0,176600.0,3887
m15-kis/084370/2026.csv:202610021200,176500.0,176500.0,176000.0,176200.0,3118
m15-kis/084370/2026.csv:202610021215,176200.0,176400.0,175600.0,175600.0,5492
m15-kis/084370/2026.csv:202610021230,175600.0,175600.0,174200.0,174500.0,5179
m15-kis/084370/2026.csv:202610021245,174500.0,174600.0,173300.0,174200.0,5558
m15-kis/084370/2026.csv:202610021300,174200.0,175300.0,173100.0,175300.0,7227
m15-kis/084370/2026.csv:202610021315,175400.0,178400.0,175300.0,178400.0,7799
m15-kis/084370/2026.csv:202610021330,178400.0,178400.0,177000.0,177100.0,5035
m15-kis/084370/2026.csv:202610021345,177200.0,177800.0,177000.0,177500.0,4527
m15-kis/084370/2026.csv:202610021400,177600.0,178400.0,177200.0,177900.0,7128
m15-kis/084370/2026.csv:202610021415,177900.0,177900.0,176100.0,176200.0,5766
m15-kis/084370/2026.csv:202610021430,176200.0,177100.0,175700.0,176500.0,8317
m15-kis/084370/2026.csv:202610021445,176500.0,176800.0,175700.0,176200.0,8427
m15-kis/084370/2026.csv:202610021500,176200.0,177600.0,175500.0,177000.0,9732
m15-kis/084370/2026.csv:202610021515,177000.0,177500.0,176600.0,176800.0,7429
m15-kis/085620/2026.csv:202610020900,19390.0,19600.0,19050.0,19600.0,3377
m15-kis/085620/2026.csv:202610020915,19650.0,19650.0,19460.0,19550.0,1226
m15-kis/085620/2026.csv:202610020930,19490.0,19590.0,19430.0,19450.0,2542
m15-kis/085620/2026.csv:202610020945,19450.0,19450.0,19380.0,19430.0,2290
m15-kis/085620/2026.csv:202610021000,19440.0,19680.0,19430.0,19670.0,3415
m15-kis/085620/2026.csv:202610021015,19630.0,19650.0,19500.0,19500.0,2345
m15-kis/085620/2026.csv:202610021030,19500.0,19560.0,19420.0,19540.0,4791
m15-kis/085620/2026.csv:202610021045,19540.0,19540.0,19420.0,19500.0,2580
m15-kis/085620/2026.csv:202610021100,19440.0,19520.0,19420.0,19470.0,1069
m15-kis/085620/2026.csv:202610021115,19470.0,19470.0,19420.0,19450.0,1129
m15-kis/085620/2026.csv:202610021130,19420.0,19420.0,19320.0,19370.0,2044
m15-kis/085620/2026.csv:202610021145,19370.0,19450.0,19100.0,19380.0,1972
m15-kis/085620/2026.csv:202610021200,19370.0,19380.0,19310.0,19380.0,1117
m15-kis/085620/2026.csv:202610021215,19390.0,19410.0,19380.0,19390.0,431
m15-kis/085620/2026.csv:202610021230,19390.0,19390.0,19360.0,19360.0,694
m15-kis/085620/2026.csv:202610021245,19360.0,19370.0,19340.0,19370.0,1175
m15-kis/085620/2026.csv:202610021300,19390.0,19450.0,19330.0,19450.0,2376
m15-kis/085620/2026.csv:202610021315,19450.0,19500.0,19380.0,19490.0,3146
m15-kis/085620/2026.csv:202610021330,19490.0,19510.0,19450.0,19450.0,1421
m15-kis/085620/2026.csv:202610021345,19450.0,19510.0,19430.0,19510.0,214
m15-kis/085620/2026.csv:202610021400,19510.0,19550.0,19500.0,19500.0,785
m15-kis/085620/2026.csv:202610021415,19500.0,19540.0,19500.0,19530.0,403
m15-kis/085620/2026.csv:202610021430,19530.0,19530.0,19310.0,19480.0,1304
m15-kis/085620/2026.csv:202610021445,19480.0,19520.0,19310.0,19440.0,1155
m15-kis/085620/2026.csv:202610021500,19460.0,19590.0,19460.0,19540.0,2457
m15-kis/085620/2026.csv:202610021515,19540.0,19560.0,19500.0,19500.0,1051
m15-kis/085660/2026.csv:202610020900,8650.0,8720.0,8630.0,8670.0,13867
m15-kis/085660/2026.csv:202610020915,8670.0,8670.0,8530.0,8550.0,9545
m15-kis/085660/2026.csv:202610020930,8550.0,8570.0,8520.0,8540.0,3323
m15-kis/085660/2026.csv:202610020945,8540.0,8560.0,8530.0,8540.0,3130
m15-kis/085660/2026.csv:202610021000,8540.0,8550.0,8480.0,8510.0,10339
m15-kis/085660/2026.csv:202610021015,8510.0,8520.0,8470.0,8510.0,5642
m15-kis/085660/2026.csv:202610021030,8500.0,8510.0,8410.0,8450.0,11049
m15-kis/085660/2026.csv:202610021045,8440.0,8480.0,8440.0,8470.0,2493
m15-kis/085660/2026.csv:202610021100,8480.0,8480.0,8450.0,8460.0,3358
m15-kis/085660/2026.csv:202610021115,8460.0,8460.0,8430.0,8440.0,3577
m15-kis/085660/2026.csv:202610021130,8440.0,8460.0,8420.0,8440.0,3289
m15-kis/085660/2026.csv:202610021145,8440.0,8500.0,8440.0,8490.0,5042
m15-kis/085660/2026.csv:202610021200,8490.0,8500.0,8450.0,8450.0,2699
m15-kis/085660/2026.csv:202610021215,8460.0,8470.0,8440.0,8450.0,1833
m15-kis/085660/2026.csv:202610021230,8455.0,8460.0,8430.0,8440.0,2237
m15-kis/085660/2026.csv:202610021245,8440.0,8460.0,8430.0,8460.0,1659
m15-kis/085660/2026.csv:202610021300,8460.0,8480.0,8450.0,8470.0,3191
m15-kis/085660/2026.csv:202610021315,8470.0,8480.0,8460.0,8480.0,1645
m15-kis/085660/2026.csv:202610021330,8470.0,8510.0,8470.0,8500.0,2979
m15-kis/085660/2026.csv:202610021345,8490.0,8540.0,8480.0,8520.0,2386
m15-kis/085660/2026.csv:202610021400,8520.0,8520.0,8500.0,8510.0,1746
m15-kis/085660/2026.csv:202610021415,8510.0,8540.0,8480.0,8480.0,4088
m15-kis/085660/2026.csv:202610021430,8470.0,8480.0,8460.0,8470.0,2371
m15-kis/085660/2026.csv:202610021445,8480.0,8490.0,8470.0,8490.0,847
m15-kis/085660/2026.csv:202610021500,8490.0,8500.0,8470.0,8470.0,5409
m15-kis/085660/2026.csv:202610021515,8480.0,8490.0,8450.0,8460.0,9769
m15-kis/086280/2026.csv:202610020900,197200.0,199200.0,196900.0,198600.0,4654
m15-kis/086280/2026.csv:202610020915,198600.0,199000.0,197950.0,198700.0,1980
m15-kis/086280/2026.csv:202610020930,198700.0,201000.0,198700.0,200000.0,5336
m15-kis/086280/2026.csv:202610020945,199900.0,200500.0,199900.0,200000.0,1611
m15-kis/086280/2026.csv:202610021000,200500.0,200500.0,199500.0,200250.0,2128
m15-kis/086280/2026.csv:202610021015,200000.0,200500.0,199900.0,200000.0,1548
m15-kis/086280/2026.csv:202610021030,200000.0,200250.0,199400.0,199900.0,3081
m15-kis/086280/2026.csv:202610021045,199850.0,199900.0,198700.0,199100.0,3221
m15-kis/086280/2026.csv:202610021100,199000.0,199700.0,198900.0,199700.0,1967
m15-kis/086280/2026.csv:202610021115,199600.0,199900.0,199150.0,199350.0,1890
m15-kis/086280/2026.csv:202610021130,199300.0,199500.0,199100.0,199200.0,1803
m15-kis/086280/2026.csv:202610021145,199200.0,199300.0,199000.0,199200.0,1852
m15-kis/086280/2026.csv:202610021200,199200.0,199700.0,199100.0,199400.0,1761
m15-kis/086280/2026.csv:202610021215,199350.0,199400.0,198600.0,198700.0,2599
m15-kis/086280/2026.csv:202610021230,198700.0,198900.0,198650.0,198700.0,1682
m15-kis/086280/2026.csv:202610021245,198750.0,198800.0,198300.0,198500.0,2372
m15-kis/086280/2026.csv:202610021300,198500.0,199000.0,198400.0,198600.0,2711
m15-kis/086280/2026.csv:202610021315,198650.0,198800.0,198600.0,198600.0,2277
m15-kis/086280/2026.csv:202610021330,198650.0,199300.0,198650.0,198850.0,2688
m15-kis/086280/2026.csv:202610021345,198850.0,199300.0,198800.0,199200.0,2353
m15-kis/086280/2026.csv:202610021400,199250.0,199300.0,198800.0,199100.0,2747
m15-kis/086280/2026.csv:202610021415,199100.0,199200.0,198800.0,198900.0,2758
m15-kis/086280/2026.csv:202610021430,199000.0,199700.0,198800.0,199600.0,4195
m15-kis/086280/2026.csv:202610021445,199700.0,201000.0,199600.0,200500.0,6694
m15-kis/086280/2026.csv:202610021500,201000.0,201500.0,200000.0,200500.0,8945
m15-kis/086280/2026.csv:202610021515,200750.0,201500.0,200500.0,201500.0,12384
m15-kis/086450/2026.csv:202610020900,23050.0,23300.0,22650.0,22750.0,107631
m15-kis/086450/2026.csv:202610020915,22800.0,23050.0,22650.0,23050.0,55279
m15-kis/086450/2026.csv:202610020930,23050.0,23150.0,22800.0,22900.0,41502
m15-kis/086450/2026.csv:202610020945,22900.0,22900.0,22650.0,22750.0,21764
m15-kis/086450/2026.csv:202610021000,22800.0,23100.0,22750.0,23100.0,32571
m15-kis/086450/2026.csv:202610021015,23100.0,23100.0,22900.0,22950.0,18720
m15-kis/086450/2026.csv:202610021030,22950.0,22950.0,22700.0,22850.0,20733
m15-kis/086450/2026.csv:202610021045,22850.0,23050.0,22800.0,23000.0,22571
m15-kis/086450/2026.csv:202610021100,23050.0,23100.0,22950.0,23100.0,16814
m15-kis/086450/2026.csv:202610021115,23050.0,23100.0,22950.0,23000.0,17991
m15-kis/086450/2026.csv:202610021130,23050.0,23100.0,23000.0,23050.0,15294
m15-kis/086450/2026.csv:202610021145,23050.0,23100.0,22900.0,23000.0,21290
m15-kis/086450/2026.csv:202610021200,23000.0,23100.0,22900.0,22950.0,14417
m15-kis/086450/2026.csv:202610021215,22950.0,23000.0,22850.0,22950.0,16423
m15-kis/086450/2026.csv:202610021230,22950.0,23000.0,22850.0,22950.0,14696
m15-kis/086450/2026.csv:202610021245,22900.0,23000.0,22850.0,22900.0,16545
m15-kis/086450/2026.csv:202610021300,22900.0,23050.0,22800.0,22900.0,29981
m15-kis/086450/2026.csv:202610021315,22900.0,23000.0,22800.0,22950.0,16526
m15-kis/086450/2026.csv:202610021330,23000.0,23000.0,22900.0,23000.0,20428
m15-kis/086450/2026.csv:202610021345,23000.0,23100.0,22900.0,23050.0,21876
m15-kis/086450/2026.csv:202610021400,23050.0,23100.0,22750.0,22800.0,27904
m15-kis/086450/2026.csv:202610021415,22800.0,22900.0,22750.0,22750.0,23226
m15-kis/086450/2026.csv:202610021430,22850.0,22900.0,22750.0,22800.0,19308
m15-kis/086450/2026.csv:202610021445,22850.0,22850.0,22700.0,22750.0,25373
m15-kis/086450/2026.csv:202610021500,22750.0,22800.0,22600.0,22650.0,18597
m15-kis/086450/2026.csv:202610021515,22700.0,22750.0,22600.0,22750.0,16216
m15-kis/086520/2026.csv:202610020900,85400.0,89200.0,85300.0,89100.0,195907
m15-kis/086520/2026.csv:202610020915,89100.0,89600.0,87300.0,89000.0,116139
m15-kis/086520/2026.csv:202610020930,88900.0,89800.0,88700.0,89200.0,79782
m15-kis/086520/2026.csv:202610020945,89300.0,90400.0,88900.0,90100.0,97046
m15-kis/086520/2026.csv:202610021000,90100.0,90100.0,88700.0,88800.0,50918
m15-kis/086520/2026.csv:202610021015,88800.0,88900.0,87800.0,88300.0,49948
m15-kis/086520/2026.csv:202610021030,88250.0,88300.0,87100.0,87500.0,43722
m15-kis/086520/2026.csv:202610021045,87500.0,87800.0,86900.0,87700.0,43201
m15-kis/086520/2026.csv:202610021100,87600.0,88000.0,87500.0,87800.0,23453
m15-kis/086520/2026.csv:202610021115,87800.0,88000.0,87600.0,87800.0,17957
m15-kis/086520/2026.csv:202610021130,87800.0,88000.0,87600.0,87800.0,12939
m15-kis/086520/2026.csv:202610021145,87800.0,88400.0,87800.0,87900.0,19222
m15-kis/086520/2026.csv:202610021200,88000.0,88300.0,87700.0,87900.0,15947
m15-kis/086520/2026.csv:202610021215,87900.0,88000.0,87500.0,87800.0,13263
m15-kis/086520/2026.csv:202610021230,87750.0,88100.0,87600.0,87600.0,16202
m15-kis/086520/2026.csv:202610021245,87600.0,87900.0,87300.0,87600.0,19475
m15-kis/086520/2026.csv:202610021300,87700.0,88200.0,87600.0,88000.0,20884
m15-kis/086520/2026.csv:202610021315,88000.0,88500.0,87900.0,88500.0,18110
m15-kis/086520/2026.csv:202610021330,88500.0,88600.0,88300.0,88400.0,17134
m15-kis/086520/2026.csv:202610021345,88400.0,88700.0,88300.0,88600.0,14149
m15-kis/086520/2026.csv:202610021400,88600.0,89000.0,88600.0,88800.0,35921
m15-kis/086520/2026.csv:202610021415,88900.0,89000.0,88600.0,88600.0,19331
m15-kis/086520/2026.csv:202610021430,88700.0,88800.0,88250.0,88600.0,17970
m15-kis/086520/2026.csv:202610021445,88500.0,89100.0,88500.0,89000.0,35169
m15-kis/086520/2026.csv:202610021500,89000.0,89100.0,88600.0,89000.0,33108
m15-kis/086520/2026.csv:202610021515,88900.0,89100.0,88700.0,88900.0,37763
m15-kis/086790/2026.csv:202610020900,128100.0,130000.0,127200.0,128900.0,30151
m15-kis/086790/2026.csv:202610020915,128900.0,129000.0,128300.0,128500.0,21019
m15-kis/086790/2026.csv:202610020930,128600.0,129300.0,128400.0,128500.0,16626
m15-kis/086790/2026.csv:202610020945,128600.0,128600.0,128000.0,128400.0,17147
m15-kis/086790/2026.csv:202610021000,128300.0,128800.0,128300.0,128500.0,12530
m15-kis/086790/2026.csv:202610021015,128500.0,128900.0,128400.0,128500.0,7770
m15-kis/086790/2026.csv:202610021030,128500.0,128900.0,128400.0,128900.0,17817
m15-kis/086790/2026.csv:202610021045,128800.0,129100.0,128700.0,128700.0,8759
m15-kis/086790/2026.csv:202610021100,128800.0,129100.0,128700.0,129000.0,5685
m15-kis/086790/2026.csv:202610021115,129000.0,129400.0,128900.0,129300.0,9005
m15-kis/086790/2026.csv:202610021130,129300.0,129300.0,128600.0,128900.0,7491
m15-kis/086790/2026.csv:202610021145,128800.0,128900.0,128600.0,128600.0,13281
m15-kis/086790/2026.csv:202610021200,128600.0,128900.0,128400.0,128800.0,9626
m15-kis/086790/2026.csv:202610021215,128900.0,129000.0,128600.0,128600.0,9336
m15-kis/086790/2026.csv:202610021230,128600.0,128900.0,128600.0,128900.0,5745
m15-kis/086790/2026.csv:202610021245,128800.0,128900.0,128500.0,128500.0,5538
m15-kis/086790/2026.csv:202610021300,128600.0,128800.0,128500.0,128800.0,11445
m15-kis/086790/2026.csv:202610021315,128800.0,128800.0,128400.0,128500.0,9047
m15-kis/086790/2026.csv:202610021330,128500.0,128800.0,128500.0,128600.0,8176
m15-kis/086790/2026.csv:202610021345,128600.0,128900.0,128600.0,128800.0,12263
m15-kis/086790/2026.csv:202610021400,128800.0,128900.0,128700.0,128900.0,12201
m15-kis/086790/2026.csv:202610021415,128800.0,128900.0,128600.0,128800.0,8226
m15-kis/086790/2026.csv:202610021430,128700.0,128800.0,128700.0,128700.0,8296
m15-kis/086790/2026.csv:202610021445,128800.0,129000.0,128700.0,129000.0,16030
m15-kis/086790/2026.csv:202610021500,129000.0,129300.0,128700.0,128900.0,24435
m15-kis/086790/2026.csv:202610021515,128800.0,129100.0,128800.0,129100.0,54623
m15-kis/086900/2026.csv:202610020900,67100.0,67400.0,66800.0,67100.0,1634
m15-kis/086900/2026.csv:202610020915,67100.0,67200.0,66600.0,67100.0,1646
m15-kis/086900/2026.csv:202610020930,67200.0,67200.0,66700.0,67000.0,546
m15-kis/086900/2026.csv:202610020945,67000.0,67200.0,67000.0,67000.0,391
m15-kis/086900/2026.csv:202610021000,67000.0,67200.0,66900.0,67000.0,212
m15-kis/086900/2026.csv:202610021015,67000.0,67300.0,66900.0,67200.0,348
m15-kis/086900/2026.csv:202610021030,67100.0,67200.0,66800.0,66900.0,771
m15-kis/086900/2026.csv:202610021045,66800.0,66900.0,66700.0,66900.0,823
m15-kis/086900/2026.csv:202610021100,66800.0,67000.0,66800.0,67000.0,155
m15-kis/086900/2026.csv:202610021115,67000.0,67100.0,66900.0,66900.0,361
m15-kis/086900/2026.csv:202610021130,66900.0,67000.0,66800.0,66900.0,169
m15-kis/086900/2026.csv:202610021145,66900.0,67100.0,66700.0,66800.0,502
m15-kis/086900/2026.csv:202610021200,66800.0,67000.0,66800.0,66800.0,160
m15-kis/086900/2026.csv:202610021215,67000.0,67000.0,66700.0,66900.0,153
m15-kis/086900/2026.csv:202610021230,66800.0,66900.0,66700.0,66800.0,285
m15-kis/086900/2026.csv:202610021245,66700.0,66900.0,66700.0,66800.0,830
m15-kis/086900/2026.csv:202610021300,66800.0,66900.0,66600.0,66700.0,959
m15-kis/086900/2026.csv:202610021315,66700.0,67200.0,66700.0,67000.0,502
m15-kis/086900/2026.csv:202610021330,66700.0,67000.0,66700.0,66800.0,324
m15-kis/086900/2026.csv:202610021345,66900.0,66900.0,66800.0,66800.0,195
m15-kis/086900/2026.csv:202610021400,66800.0,67000.0,66800.0,66800.0,392
m15-kis/086900/2026.csv:202610021415,67000.0,67000.0,66800.0,66900.0,405
m15-kis/086900/2026.csv:202610021430,66900.0,66900.0,66600.0,66700.0,1569
m15-kis/086900/2026.csv:202610021445,66700.0,66700.0,66600.0,66700.0,2421
m15-kis/086900/2026.csv:202610021500,66700.0,66800.0,66600.0,66700.0,383
m15-kis/086900/2026.csv:202610021515,66700.0,66900.0,66600.0,66600.0,1087
m15-kis/087010/2026.csv:202610020900,142100.0,145200.0,140100.0,140900.0,12707
m15-kis/087010/2026.csv:202610020915,140500.0,140500.0,134300.0,135000.0,15170
m15-kis/087010/2026.csv:202610020930,135000.0,135000.0,132400.0,133800.0,15018
m15-kis/087010/2026.csv:202610020945,133800.0,135000.0,133400.0,134800.0,5098
m15-kis/087010/2026.csv:202610021000,134700.0,134700.0,133300.0,133800.0,6759
m15-kis/087010/2026.csv:202610021015,133800.0,134300.0,133200.0,133300.0,5470
m15-kis/087010/2026.csv:202610021030,133300.0,133900.0,132000.0,132100.0,14994
m15-kis/087010/2026.csv:202610021045,132000.0,132300.0,130800.0,131300.0,11672
m15-kis/087010/2026.csv:202610021100,131300.0,131600.0,130900.0,131300.0,6986
m15-kis/087010/2026.csv:202610021115,131400.0,132600.0,131400.0,132000.0,6352
m15-kis/087010/2026.csv:202610021130,132100.0,132600.0,131500.0,131900.0,3039
m15-kis/087010/2026.csv:202610021145,132000.0,132500.0,131800.0,132400.0,2533
m15-kis/087010/2026.csv:202610021200,132300.0,132600.0,131700.0,131800.0,4150
m15-kis/087010/2026.csv:202610021215,131800.0,132400.0,131800.0,132200.0,2219
m15-kis/087010/2026.csv:202610021230,132200.0,132600.0,131900.0,132300.0,6693
m15-kis/087010/2026.csv:202610021245,132300.0,132400.0,131600.0,132100.0,3340
m15-kis/087010/2026.csv:202610021300,132100.0,132400.0,131100.0,131300.0,4009
m15-kis/087010/2026.csv:202610021315,131300.0,131600.0,130800.0,130800.0,5726
m15-kis/087010/2026.csv:202610021330,130800.0,131900.0,130800.0,131500.0,4785
m15-kis/087010/2026.csv:202610021345,131400.0,131900.0,131300.0,131400.0,4552
m15-kis/087010/2026.csv:202610021400,131400.0,131600.0,131000.0,131000.0,5353
m15-kis/087010/2026.csv:202610021415,131100.0,131300.0,131000.0,131100.0,4643
m15-kis/087010/2026.csv:202610021430,131100.0,131100.0,130000.0,130100.0,15302
m15-kis/087010/2026.csv:202610021445,130100.0,130400.0,129400.0,130200.0,10175
m15-kis/087010/2026.csv:202610021500,130100.0,130200.0,129600.0,130000.0,11286
m15-kis/087010/2026.csv:202610021515,130000.0,130100.0,129500.0,129500.0,7409
m15-kis/088350/2026.csv:202610020900,5270.0,5300.0,5260.0,5300.0,82917
m15-kis/088350/2026.csv:202610020915,5300.0,5320.0,5260.0,5270.0,174894
m15-kis/088350/2026.csv:202610020930,5270.0,5270.0,5250.0,5260.0,66299
m15-kis/088350/2026.csv:202610020945,5260.0,5260.0,5230.0,5260.0,88314
m15-kis/088350/2026.csv:202610021000,5250.0,5270.0,5240.0,5260.0,56138
m15-kis/088350/2026.csv:202610021015,5265.0,5270.0,5230.0,5240.0,53149
m15-kis/088350/2026.csv:202610021030,5230.0,5240.0,5230.0,5235.0,59797
m15-kis/088350/2026.csv:202610021045,5240.0,5250.0,5220.0,5230.0,62714
m15-kis/088350/2026.csv:202610021100,5230.0,5230.0,5200.0,5210.0,131773
m15-kis/088350/2026.csv:202610021115,5220.0,5240.0,5210.0,5210.0,49549
m15-kis/088350/2026.csv:202610021130,5210.0,5215.0,5190.0,5200.0,67420
m15-kis/088350/2026.csv:202610021145,5190.0,5210.0,5190.0,5210.0,54062
m15-kis/088350/2026.csv:202610021200,5200.0,5250.0,5200.0,5250.0,225357
m15-kis/088350/2026.csv:202610021215,5240.0,5240.0,5210.0,5220.0,29237
m15-kis/088350/2026.csv:202610021230,5220.0,5240.0,5210.0,5240.0,73111
m15-kis/088350/2026.csv:202610021245,5240.0,5250.0,5230.0,5250.0,36883
m15-kis/088350/2026.csv:202610021300,5240.0,5260.0,5230.0,5260.0,34554
m15-kis/088350/2026.csv:202610021315,5260.0,5260.0,5240.0,5260.0,33957
m15-kis/088350/2026.csv:202610021330,5250.0,5260.0,5240.0,5250.0,17578
m15-kis/088350/2026.csv:202610021345,5240.0,5260.0,5230.0,5260.0,55068
m15-kis/088350/2026.csv:202610021400,5260.0,5290.0,5260.0,5290.0,56031
m15-kis/088350/2026.csv:202610021415,5290.0,5300.0,5260.0,5280.0,68029
m15-kis/088350/2026.csv:202610021430,5290.0,5310.0,5270.0,5300.0,60753
m15-kis/088350/2026.csv:202610021445,5300.0,5310.0,5290.0,5310.0,111270
m15-kis/088350/2026.csv:202610021500,5300.0,5320.0,5300.0,5310.0,101623
m15-kis/088350/2026.csv:202610021515,5310.0,5330.0,5310.0,5330.0,100459
m15-kis/089030/2026.csv:202610020900,57400.0,57900.0,56300.0,57200.0,117384
m15-kis/089030/2026.csv:202610020915,57300.0,57300.0,56500.0,56900.0,67105
m15-kis/089030/2026.csv:202610020930,57000.0,57200.0,56600.0,56600.0,37918
m15-kis/089030/2026.csv:202610020945,56600.0,57100.0,56300.0,57000.0,57599
m15-kis/089030/2026.csv:202610021000,56800.0,56900.0,56200.0,56600.0,37739
m15-kis/089030/2026.csv:202610021015,56650.0,56800.0,56200.0,56300.0,22617
m15-kis/089030/2026.csv:202610021030,56300.0,56400.0,55400.0,55700.0,60040
m15-kis/089030/2026.csv:202610021045,55700.0,56350.0,55600.0,56100.0,20279
m15-kis/089030/2026.csv:202610021100,56100.0,56150.0,55600.0,55900.0,24909
m15-kis/089030/2026.csv:202610021115,55900.0,55900.0,55500.0,55600.0,19886
m15-kis/089030/2026.csv:202610021130,55600.0,55700.0,55100.0,55200.0,25389
m15-kis/089030/2026.csv:202610021145,55200.0,55500.0,55100.0,55450.0,19781
m15-kis/089030/2026.csv:202610021200,55450.0,55700.0,55300.0,55400.0,16598
m15-kis/089030/2026.csv:202610021215,55500.0,55550.0,55300.0,55400.0,12948
m15-kis/089030/2026.csv:202610021230,55400.0,55400.0,55100.0,55200.0,20163
m15-kis/089030/2026.csv:202610021245,55150.0,55200.0,54600.0,54600.0,46530
m15-kis/089030/2026.csv:202610021300,54700.0,54800.0,54200.0,54650.0,33980
m15-kis/089030/2026.csv:202610021315,54700.0,55000.0,54500.0,55000.0,15257
m15-kis/089030/2026.csv:202610021330,55000.0,55300.0,54900.0,55100.0,24598
m15-kis/089030/2026.csv:202610021345,55000.0,55200.0,55000.0,55000.0,13337
m15-kis/089030/2026.csv:202610021400,55000.0,55300.0,55000.0,55100.0,20802
m15-kis/089030/2026.csv:202610021415,55100.0,55100.0,54500.0,54550.0,23611
m15-kis/089030/2026.csv:202610021430,54500.0,54800.0,54300.0,54700.0,34231
m15-kis/089030/2026.csv:202610021445,54700.0,54800.0,54400.0,54700.0,19682
m15-kis/089030/2026.csv:202610021500,54700.0,55100.0,54600.0,55000.0,26230
m15-kis/089030/2026.csv:202610021515,55000.0,55100.0,54900.0,54900.0,30543
m15-kis/089860/2026.csv:202610020900,50800.0,50800.0,49850.0,49900.0,10933
m15-kis/089860/2026.csv:202610020915,49900.0,50400.0,49900.0,50400.0,18923
m15-kis/089860/2026.csv:202610020930,50400.0,50700.0,50300.0,50500.0,4214
m15-kis/089860/2026.csv:202610020945,50400.0,50500.0,50000.0,50000.0,2140
m15-kis/089860/2026.csv:202610021000,50000.0,50500.0,50000.0,50300.0,1340
m15-kis/089860/2026.csv:202610021015,50400.0,50500.0,50100.0,50200.0,2232
m15-kis/089860/2026.csv:202610021030,50100.0,50300.0,50000.0,50100.0,3852
m15-kis/089860/2026.csv:202610021045,50000.0,50200.0,49800.0,50000.0,12081
m15-kis/089860/2026.csv:202610021100,50100.0,50400.0,50000.0,50300.0,2399
m15-kis/089860/2026.csv:202610021115,50300.0,50400.0,50100.0,50200.0,2402
m15-kis/089860/2026.csv:202610021130,50200.0,50300.0,50100.0,50100.0,2745
m15-kis/089860/2026.csv:202610021145,50200.0,50300.0,50000.0,50200.0,2339
m15-kis/089860/2026.csv:202610021200,50200.0,50500.0,50000.0,50300.0,2728
m15-kis/089860/2026.csv:202610021215,50400.0,50600.0,50200.0,50400.0,2402
m15-kis/089860/2026.csv:202610021230,50200.0,50600.0,50200.0,50400.0,2095
m15-kis/089860/2026.csv:202610021245,50400.0,50700.0,50300.0,50400.0,2483
m15-kis/089860/2026.csv:202610021300,50400.0,50800.0,50400.0,50400.0,2504
m15-kis/089860/2026.csv:202610021315,50400.0,51100.0,50400.0,51000.0,4463
m15-kis/089860/2026.csv:202610021330,50900.0,51100.0,50700.0,51100.0,3467
m15-kis/089860/2026.csv:202610021345,51100.0,51200.0,50700.0,51000.0,3052
m15-kis/089860/2026.csv:202610021400,51000.0,51300.0,50900.0,51300.0,1848
m15-kis/089860/2026.csv:202610021415,51300.0,51300.0,51000.0,51200.0,2559
m15-kis/089860/2026.csv:202610021430,51100.0,51500.0,51100.0,51500.0,3655
m15-kis/089860/2026.csv:202610021445,51500.0,51600.0,51300.0,51600.0,5299
m15-kis/089860/2026.csv:202610021500,51500.0,51800.0,51400.0,51800.0,5218
m15-kis/089860/2026.csv:202610021515,51800.0,51800.0,51600.0,51600.0,3832
m15-kis/089970/2026.csv:202610020900,70500.0,72000.0,70000.0,70100.0,67268
m15-kis/089970/2026.csv:202610020915,70100.0,70800.0,68900.0,70400.0,45543
m15-kis/089970/2026.csv:202610020930,70400.0,71300.0,70200.0,70900.0,29192
m15-kis/089970/2026.csv:202610020945,70800.0,71300.0,70200.0,71100.0,22239
m15-kis/089970/2026.csv:202610021000,71100.0,71100.0,70000.0,70600.0,25721
m15-kis/089970/2026.csv:202610021015,70500.0,70900.0,69700.0,70000.0,30827
m15-kis/089970/2026.csv:202610021030,70100.0,70300.0,69000.0,69200.0,30765
m15-kis/089970/2026.csv:202610021045,69300.0,69800.0,69100.0,69600.0,19644
m15-kis/089970/2026.csv:202610021100,69600.0,69600.0,68900.0,69000.0,21309
m15-kis/089970/2026.csv:202610021115,69000.0,69200.0,68300.0,68300.0,26854
m15-kis/089970/2026.csv:202610021130,68300.0,68400.0,67600.0,67800.0,29108
m15-kis/089970/2026.csv:202610021145,67800.0,68300.0,67700.0,68100.0,19109
m15-kis/089970/2026.csv:202610021200,68100.0,68300.0,67900.0,67900.0,18245
m15-kis/089970/2026.csv:202610021215,68000.0,68100.0,67600.0,67800.0,24779
m15-kis/089970/2026.csv:202610021230,67800.0,67800.0,66900.0,67100.0,29965
m15-kis/089970/2026.csv:202610021245,67200.0,67300.0,66500.0,66600.0,32860
m15-kis/089970/2026.csv:202610021300,66500.0,66700.0,65700.0,66500.0,50324
m15-kis/089970/2026.csv:202610021315,66500.0,66900.0,66200.0,66600.0,33458
m15-kis/089970/2026.csv:202610021330,66700.0,67000.0,66500.0,66700.0,26700
m15-kis/089970/2026.csv:202610021345,66600.0,66800.0,66400.0,66500.0,21616
m15-kis/089970/2026.csv:202610021400,66500.0,66800.0,66200.0,66200.0,30378
m15-kis/089970/2026.csv:202610021415,66300.0,66400.0,65800.0,66000.0,40219
m15-kis/089970/2026.csv:202610021430,66000.0,66100.0,65600.0,66000.0,29869
m15-kis/089970/2026.csv:202610021445,66000.0,66100.0,65800.0,66000.0,26347
m15-kis/089970/2026.csv:202610021500,66000.0,66400.0,65700.0,66300.0,29404
m15-kis/089970/2026.csv:202610021515,66300.0,66400.0,66100.0,66100.0,20143
m15-kis/090430/2026.csv:202610020900,136000.0,136800.0,132500.0,133100.0,15195
m15-kis/090430/2026.csv:202610020915,133100.0,133800.0,132400.0,132800.0,9354
m15-kis/090430/2026.csv:202610020930,132800.0,133100.0,130500.0,130800.0,16750
m15-kis/090430/2026.csv:202610020945,130800.0,130900.0,129300.0,130500.0,17134
m15-kis/090430/2026.csv:202610021000,130500.0,131500.0,130300.0,130900.0,5503
m15-kis/090430/2026.csv:202610021015,131000.0,131200.0,130000.0,130200.0,7863
m15-kis/090430/2026.csv:202610021030,130300.0,132900.0,130100.0,130200.0,13879
m15-kis/090430/2026.csv:202610021045,130250.0,131000.0,130100.0,130800.0,7351
m15-kis/090430/2026.csv:202610021100,130800.0,131300.0,130700.0,131200.0,5264
m15-kis/090430/2026.csv:202610021115,131200.0,131500.0,130900.0,131350.0,3795
m15-kis/090430/2026.csv:202610021130,131300.0,131500.0,131200.0,131400.0,4189
m15-kis/090430/2026.csv:202610021145,131400.0,132000.0,131400.0,131700.0,4452
m15-kis/090430/2026.csv:202610021200,131600.0,131900.0,131100.0,131400.0,4024
m15-kis/090430/2026.csv:202610021215,131500.0,131800.0,131400.0,131800.0,4860
m15-kis/090430/2026.csv:202610021230,131800.0,132000.0,131600.0,131700.0,2710
m15-kis/090430/2026.csv:202610021245,131750.0,132300.0,131500.0,132200.0,4364
m15-kis/090430/2026.csv:202610021300,132200.0,132300.0,131700.0,131800.0,4403
m15-kis/090430/2026.csv:202610021315,131800.0,132200.0,131700.0,131700.0,4521
m15-kis/090430/2026.csv:202610021330,131800.0,132900.0,131700.0,132600.0,8917
m15-kis/090430/2026.csv:202610021345,132600.0,132800.0,132100.0,132400.0,6184
m15-kis/090430/2026.csv:202610021400,132400.0,132600.0,131900.0,132100.0,6277
m15-kis/090430/2026.csv:202610021415,132100.0,132500.0,131900.0,132200.0,5729
m15-kis/090430/2026.csv:202610021430,132300.0,132600.0,132000.0,132200.0,6546
m15-kis/090430/2026.csv:202610021445,132200.0,132500.0,132100.0,132400.0,6364
m15-kis/090430/2026.csv:202610021500,132400.0,132700.0,132100.0,132300.0,6445
m15-kis/090430/2026.csv:202610021515,132300.0,132700.0,132200.0,132700.0,7118
m15-kis/090460/2026.csv:202610020900,20500.0,20750.0,20450.0,20600.0,62311
m15-kis/090460/2026.csv:202610020915,20600.0,20650.0,20300.0,20450.0,46895
m15-kis/090460/2026.csv:202610020930,20450.0,21000.0,20425.0,21000.0,79624
m15-kis/090460/2026.csv:202610020945,21000.0,21050.0,20850.0,20900.0,38626
m15-kis/090460/2026.csv:202610021000,20875.0,21000.0,20825.0,20900.0,26479
m15-kis/090460/2026.csv:202610021015,20900.0,20950.0,20800.0,20850.0,20068
m15-kis/090460/2026.csv:202610021030,20800.0,20900.0,20650.0,20750.0,16433
m15-kis/090460/2026.csv:202610021045,20750.0,21000.0,20700.0,20950.0,28736
m15-kis/090460/2026.csv:202610021100,20950.0,21000.0,20900.0,20900.0,16193
m15-kis/090460/2026.csv:202610021115,20950.0,21000.0,20900.0,20950.0,10603
m15-kis/090460/2026.csv:202610021130,20950.0,20950.0,20850.0,20850.0,6723
m15-kis/090460/2026.csv:202610021145,20850.0,21000.0,20850.0,20950.0,8272
m15-kis/090460/2026.csv:202610021200,20950.0,21000.0,20900.0,20925.0,7763
m15-kis/090460/2026.csv:202610021215,20950.0,20950.0,20800.0,20850.0,8688
m15-kis/090460/2026.csv:202610021230,20850.0,20900.0,20700.0,20750.0,11648
m15-kis/090460/2026.csv:202610021245,20750.0,20750.0,20600.0,20650.0,15527
m15-kis/090460/2026.csv:202610021300,20650.0,20700.0,20600.0,20600.0,9483
m15-kis/090460/2026.csv:202610021315,20600.0,20700.0,20600.0,20700.0,4070
m15-kis/090460/2026.csv:202610021330,20700.0,20750.0,20600.0,20750.0,3792
m15-kis/090460/2026.csv:202610021345,20750.0,20800.0,20700.0,20750.0,6347
m15-kis/090460/2026.csv:202610021400,20800.0,20800.0,20750.0,20800.0,5002
m15-kis/090460/2026.csv:202610021415,20800.0,20900.0,20750.0,20850.0,9868
m15-kis/090460/2026.csv:202610021430,20850.0,20850.0,20700.0,20750.0,9345
m15-kis/090460/2026.csv:202610021445,20750.0,20800.0,20750.0,20800.0,7578
m15-kis/090460/2026.csv:202610021500,20800.0,20850.0,20700.0,20800.0,10184
m15-kis/090460/2026.csv:202610021515,20800.0,20800.0,20750.0,20800.0,18176
m15-kis/090710/2026.csv:202610020900,6350.0,6550.0,6350.0,6480.0,218939
m15-kis/090710/2026.csv:202610020915,6480.0,6480.0,6420.0,6470.0,140461
m15-kis/090710/2026.csv:202610020930,6470.0,6510.0,6440.0,6490.0,82675
m15-kis/090710/2026.csv:202610020945,6490.0,6510.0,6470.0,6485.0,47436
m15-kis/090710/2026.csv:202610021000,6485.0,6495.0,6420.0,6480.0,76528
m15-kis/090710/2026.csv:202610021015,6470.0,6520.0,6460.0,6480.0,76581
m15-kis/090710/2026.csv:202610021030,6480.0,6480.0,6400.0,6410.0,62099
m15-kis/090710/2026.csv:202610021045,6420.0,6470.0,6410.0,6470.0,28702
m15-kis/090710/2026.csv:202610021100,6465.0,6480.0,6450.0,6460.0,24048
m15-kis/090710/2026.csv:202610021115,6460.0,6470.0,6440.0,6440.0,15744
m15-kis/090710/2026.csv:202610021130,6445.0,6450.0,6430.0,6450.0,16979
m15-kis/090710/2026.csv:202610021145,6440.0,6460.0,6440.0,6460.0,17837
m15-kis/090710/2026.csv:202610021200,6455.0,6460.0,6420.0,6425.0,19570
m15-kis/090710/2026.csv:202610021215,6420.0,6430.0,6410.0,6420.0,15922
m15-kis/090710/2026.csv:202610021230,6420.0,6420.0,6400.0,6410.0,30863
m15-kis/090710/2026.csv:202610021245,6410.0,6420.0,6390.0,6410.0,37664
m15-kis/090710/2026.csv:202610021300,6420.0,6430.0,6390.0,6410.0,18746
m15-kis/090710/2026.csv:202610021315,6410.0,6410.0,6400.0,6410.0,11122
m15-kis/090710/2026.csv:202610021330,6410.0,6440.0,6410.0,6440.0,28259
m15-kis/090710/2026.csv:202610021345,6440.0,6460.0,6420.0,6460.0,27737
m15-kis/090710/2026.csv:202610021400,6460.0,6470.0,6430.0,6460.0,23759
m15-kis/090710/2026.csv:202610021415,6460.0,6480.0,6450.0,6460.0,35549
m15-kis/090710/2026.csv:202610021430,6460.0,6460.0,6420.0,6440.0,23514
m15-kis/090710/2026.csv:202610021445,6430.0,6460.0,6430.0,6455.0,35017
m15-kis/090710/2026.csv:202610021500,6455.0,6470.0,6440.0,6460.0,25173
m15-kis/090710/2026.csv:202610021515,6470.0,6470.0,6440.0,6450.0,34011
m15-kis/093320/2026.csv:202610020900,125100.0,125600.0,124500.0,124600.0,604
m15-kis/093320/2026.csv:202610020915,124600.0,125500.0,124600.0,125400.0,264
m15-kis/093320/2026.csv:202610020930,125500.0,125600.0,124400.0,124600.0,491
m15-kis/093320/2026.csv:202610020945,124600.0,125000.0,124600.0,125000.0,159
m15-kis/093320/2026.csv:202610021000,124600.0,125000.0,124000.0,124500.0,104
m15-kis/093320/2026.csv:202610021015,124800.0,124900.0,123600.0,124200.0,203
m15-kis/093320/2026.csv:202610021030,124100.0,124100.0,123000.0,123600.0,362
m15-kis/093320/2026.csv:202610021045,123600.0,123800.0,123600.0,123800.0,41
m15-kis/093320/2026.csv:202610021100,123900.0,124200.0,123900.0,124100.0,96
m15-kis/093320/2026.csv:202610021115,124100.0,124200.0,124000.0,124000.0,62
m15-kis/093320/2026.csv:202610021130,123900.0,123900.0,123900.0,123900.0,6
m15-kis/093320/2026.csv:202610021145,124000.0,124000.0,123900.0,123900.0,11
m15-kis/093320/2026.csv:202610021200,123900.0,124000.0,123700.0,123800.0,95
m15-kis/093320/2026.csv:202610021215,123700.0,124000.0,123700.0,124000.0,54
m15-kis/093320/2026.csv:202610021230,123800.0,124200.0,123700.0,124200.0,585
m15-kis/093320/2026.csv:202610021245,124000.0,124800.0,124000.0,124800.0,46
m15-kis/093320/2026.csv:202610021300,124800.0,124900.0,124000.0,124600.0,41
m15-kis/093320/2026.csv:202610021315,124100.0,124900.0,124100.0,124900.0,36
m15-kis/093320/2026.csv:202610021330,124600.0,124900.0,124500.0,124500.0,74
m15-kis/093320/2026.csv:202610021345,124500.0,124700.0,124400.0,124700.0,27
m15-kis/093320/2026.csv:202610021400,124800.0,124800.0,124600.0,124800.0,32
m15-kis/093320/2026.csv:202610021415,124600.0,124600.0,124400.0,124400.0,30
m15-kis/093320/2026.csv:202610021430,124700.0,124700.0,124300.0,124500.0,49
m15-kis/093320/2026.csv:202610021445,124500.0,124700.0,124500.0,124700.0,56
m15-kis/093320/2026.csv:202610021500,124700.0,125000.0,124600.0,124900.0,146
m15-kis/093320/2026.csv:202610021515,124900.0,126000.0,124800.0,126000.0,297
m15-kis/095340/2026.csv:202610020900,223000.0,225000.0,218000.0,218500.0,8274
m15-kis/095340/2026.csv:202610020915,218500.0,219000.0,215500.0,216000.0,12016
m15-kis/095340/2026.csv:202610020930,216000.0,216500.0,213500.0,213500.0,12578
m15-kis/095340/2026.csv:202610020945,213500.0,214500.0,211500.0,212500.0,16387
m15-kis/095340/2026.csv:202610021000,213000.0,213000.0,210500.0,212000.0,11896
m15-kis/095340/2026.csv:202610021015,212000.0,213000.0,209000.0,209000.0,17478
m15-kis/095340/2026.csv:202610021030,209000.0,209500.0,207000.0,207500.0,12597
m15-kis/095340/2026.csv:202610021045,207500.0,211000.0,207500.0,210000.0,9373
m15-kis/095340/2026.csv:202610021100,210000.0,210000.0,208000.0,208000.0,7325
m15-kis/095340/2026.csv:202610021115,208000.0,210000.0,208000.0,209000.0,5048
m15-kis/095340/2026.csv:202610021130,209000.0,210500.0,208500.0,208500.0,5921
m15-kis/095340/2026.csv:202610021145,208500.0,209500.0,208500.0,209000.0,4267
m15-kis/095340/2026.csv:202610021200,209000.0,209500.0,208000.0,208500.0,4513
m15-kis/095340/2026.csv:202610021215,208000.0,209000.0,208000.0,208500.0,4734
m15-kis/095340/2026.csv:202610021230,208000.0,208500.0,207000.0,207500.0,6278
m15-kis/095340/2026.csv:202610021245,207500.0,207500.0,206000.0,206500.0,8955
m15-kis/095340/2026.csv:202610021300,207000.0,207000.0,204500.0,206500.0,9861
m15-kis/095340/2026.csv:202610021315,206500.0,207500.0,206000.0,207000.0,4638
m15-kis/095340/2026.csv:202610021330,207250.0,208000.0,206500.0,206500.0,4334
m15-kis/095340/2026.csv:202610021345,206750.0,208000.0,206000.0,207000.0,4473
m15-kis/095340/2026.csv:202610021400,207250.0,207500.0,206000.0,206000.0,4707
m15-kis/095340/2026.csv:202610021415,206500.0,207000.0,205500.0,205500.0,5718
m15-kis/095340/2026.csv:202610021430,205500.0,206000.0,205000.0,206000.0,6318
m15-kis/095340/2026.csv:202610021445,205500.0,206000.0,205000.0,205250.0,8200
m15-kis/095340/2026.csv:202610021500,205250.0,207000.0,205000.0,206500.0,11505
m15-kis/095340/2026.csv:202610021515,207000.0,207500.0,206000.0,206000.0,10789
m15-kis/095610/2026.csv:202610020900,182700.0,187400.0,181800.0,182200.0,19942
m15-kis/095610/2026.csv:202610020915,182300.0,183500.0,180700.0,182700.0,12775
m15-kis/095610/2026.csv:202610020930,182700.0,185000.0,182200.0,184700.0,6985
m15-kis/095610/2026.csv:202610020945,184700.0,186500.0,184700.0,185900.0,6973
m15-kis/095610/2026.csv:202610021000,185900.0,185900.0,184200.0,185100.0,5038
m15-kis/095610/2026.csv:202610021015,185100.0,186300.0,183900.0,184700.0,9120
m15-kis/095610/2026.csv:202610021030,184700.0,185400.0,183700.0,184100.0,6473
m15-kis/095610/2026.csv:202610021045,184100.0,185300.0,184100.0,185200.0,3738
m15-kis/095610/2026.csv:202610021100,185200.0,185200.0,184100.0,184400.0,2611
m15-kis/095610/2026.csv:202610021115,184500.0,184600.0,182000.0,182400.0,5883
m15-kis/095610/2026.csv:202610021130,182400.0,182700.0,181100.0,181200.0,5357
m15-kis/095610/2026.csv:202610021145,181300.0,182400.0,181100.0,181800.0,3939
m15-kis/095610/2026.csv:202610021200,181800.0,182400.0,181800.0,181800.0,4159
m15-kis/095610/2026.csv:202610021215,181900.0,182900.0,181300.0,181400.0,4845
m15-kis/095610/2026.csv:202610021230,181400.0,181400.0,178300.0,178800.0,10333
m15-kis/095610/2026.csv:202610021245,178800.0,178800.0,177200.0,177200.0,8916
m15-kis/095610/2026.csv:202610021300,177200.0,177300.0,175000.0,176400.0,12741
m15-kis/095610/2026.csv:202610021315,176400.0,178900.0,176100.0,178500.0,9199
m15-kis/095610/2026.csv:202610021330,178500.0,179200.0,177000.0,177000.0,8513
m15-kis/095610/2026.csv:202610021345,177100.0,177700.0,176500.0,177200.0,11009
m15-kis/095610/2026.csv:202610021400,177200.0,178300.0,176600.0,176900.0,11388
m15-kis/095610/2026.csv:202610021415,176900.0,177700.0,176000.0,176000.0,10816
m15-kis/095610/2026.csv:202610021430,176100.0,176800.0,175200.0,176200.0,14468
m15-kis/095610/2026.csv:202610021445,176200.0,176600.0,175200.0,176000.0,12680
m15-kis/095610/2026.csv:202610021500,176100.0,177700.0,176000.0,177000.0,10513
m15-kis/095610/2026.csv:202610021515,176900.0,177600.0,176800.0,177400.0,5499
m15-kis/096530/2026.csv:202610020900,37450.0,37650.0,36900.0,36950.0,20445
m15-kis/096530/2026.csv:202610020915,36950.0,37250.0,36700.0,36900.0,14530
m15-kis/096530/2026.csv:202610020930,36850.0,36900.0,36350.0,36550.0,28115
m15-kis/096530/2026.csv:202610020945,36600.0,36950.0,36550.0,36850.0,10484
m15-kis/096530/2026.csv:202610021000,36800.0,37000.0,36700.0,37000.0,11662
m15-kis/096530/2026.csv:202610021015,37000.0,37150.0,36850.0,36950.0,11210
m15-kis/096530/2026.csv:202610021030,36950.0,36950.0,36800.0,36900.0,12509
m15-kis/096530/2026.csv:202610021045,36850.0,36950.0,36850.0,36950.0,6105
m15-kis/096530/2026.csv:202610021100,36900.0,37000.0,36800.0,36900.0,4386
m15-kis/096530/2026.csv:202610021115,36850.0,37000.0,36800.0,36850.0,5309
m15-kis/096530/2026.csv:202610021130,36800.0,36900.0,36750.0,36850.0,3761
m15-kis/096530/2026.csv:202610021145,36850.0,37050.0,36800.0,37050.0,4548
m15-kis/096530/2026.csv:202610021200,37050.0,37050.0,36900.0,36950.0,2753
m15-kis/096530/2026.csv:202610021215,36950.0,37100.0,36900.0,37000.0,5143
m15-kis/096530/2026.csv:202610021230,37000.0,37150.0,36950.0,37150.0,4812
m15-kis/096530/2026.csv:202610021245,37150.0,37150.0,36950.0,37050.0,5327
m15-kis/096530/2026.csv:202610021300,37000.0,37150.0,36900.0,37150.0,8118
m15-kis/096530/2026.csv:202610021315,37150.0,37200.0,37050.0,37150.0,5392
m15-kis/096530/2026.csv:202610021330,37150.0,37200.0,37100.0,37100.0,4866
m15-kis/096530/2026.csv:202610021345,37100.0,37200.0,37100.0,37150.0,4480
m15-kis/096530/2026.csv:202610021400,37100.0,37200.0,36800.0,36850.0,8941
m15-kis/096530/2026.csv:202610021415,36850.0,36900.0,36700.0,36750.0,8387
m15-kis/096530/2026.csv:202610021430,36750.0,36800.0,36600.0,36650.0,8046
m15-kis/096530/2026.csv:202610021445,36650.0,36850.0,36600.0,36800.0,5438
m15-kis/096530/2026.csv:202610021500,36750.0,36800.0,36600.0,36750.0,5164
m15-kis/096530/2026.csv:202610021515,36700.0,36900.0,36700.0,36900.0,22718
m15-kis/096770/2026.csv:202610020900,143100.0,147200.0,142800.0,145900.0,175410
m15-kis/096770/2026.csv:202610020915,145900.0,146900.0,144300.0,145900.0,70129
m15-kis/096770/2026.csv:202610020930,145900.0,147400.0,145800.0,146400.0,89006
m15-kis/096770/2026.csv:202610020945,146300.0,147900.0,145700.0,147600.0,51282
m15-kis/096770/2026.csv:202610021000,147500.0,148000.0,146700.0,147800.0,34882
m15-kis/096770/2026.csv:202610021015,147800.0,148300.0,147100.0,147900.0,39743
m15-kis/096770/2026.csv:202610021030,148000.0,148800.0,147200.0,148300.0,36831
m15-kis/096770/2026.csv:202610021045,148400.0,148900.0,147800.0,148700.0,27644
m15-kis/096770/2026.csv:202610021100,148700.0,149500.0,148600.0,149400.0,30614
m15-kis/096770/2026.csv:202610021115,149500.0,150000.0,149200.0,149800.0,28694
m15-kis/096770/2026.csv:202610021130,149900.0,149900.0,148700.0,149100.0,23783
m15-kis/096770/2026.csv:202610021145,149100.0,149500.0,148800.0,149300.0,16298
m15-kis/096770/2026.csv:202610021200,149400.0,149800.0,149300.0,149400.0,13146
m15-kis/096770/2026.csv:202610021215,149400.0,150000.0,149300.0,150000.0,19640
m15-kis/096770/2026.csv:202610021230,149900.0,151300.0,149800.0,150800.0,58597
m15-kis/096770/2026.csv:202610021245,150800.0,151600.0,150300.0,151600.0,32608
m15-kis/096770/2026.csv:202610021300,151600.0,151700.0,150700.0,151600.0,31038
m15-kis/096770/2026.csv:202610021315,151600.0,152200.0,151500.0,152100.0,36476
m15-kis/096770/2026.csv:202610021330,152100.0,152200.0,151400.0,151500.0,26361
m15-kis/096770/2026.csv:202610021345,151500.0,152300.0,151300.0,152200.0,30063
m15-kis/096770/2026.csv:202610021400,152200.0,152800.0,152000.0,152600.0,35277
m15-kis/096770/2026.csv:202610021415,152500.0,152600.0,151700.0,152200.0,28709
m15-kis/096770/2026.csv:202610021430,152200.0,153300.0,152000.0,153100.0,42155
m15-kis/096770/2026.csv:202610021445,153200.0,154700.0,153100.0,154300.0,64449
m15-kis/096770/2026.csv:202610021500,154300.0,154400.0,153300.0,153700.0,48768
m15-kis/096770/2026.csv:202610021515,153600.0,154000.0,153500.0,154000.0,42801
m15-kis/097950/2026.csv:202610020900,178800.0,179000.0,177700.0,177800.0,945
m15-kis/097950/2026.csv:202610020915,177800.0,178500.0,177700.0,177700.0,793
m15-kis/097950/2026.csv:202610020930,177800.0,177900.0,177400.0,177600.0,1335
m15-kis/097950/2026.csv:202610020945,177600.0,177900.0,177100.0,177900.0,1011
m15-kis/097950/2026.csv:202610021000,177800.0,177900.0,177400.0,177600.0,708
m15-kis/097950/2026.csv:202610021015,177550.0,177600.0,177200.0,177300.0,596
m15-kis/097950/2026.csv:202610021030,177300.0,178400.0,177300.0,177600.0,1198
m15-kis/097950/2026.csv:202610021045,177800.0,178400.0,177800.0,178100.0,912
m15-kis/097950/2026.csv:202610021100,178000.0,178100.0,177900.0,178000.0,393
m15-kis/097950/2026.csv:202610021115,178100.0,178100.0,177500.0,177700.0,850
m15-kis/097950/2026.csv:202610021130,177600.0,178100.0,177600.0,178000.0,353
m15-kis/097950/2026.csv:202610021145,178000.0,178100.0,177700.0,177700.0,390
m15-kis/097950/2026.csv:202610021200,177700.0,178000.0,177700.0,178000.0,343
m15-kis/097950/2026.csv:202610021215,178000.0,178100.0,177900.0,177900.0,289
m15-kis/097950/2026.csv:202610021230,177900.0,178400.0,177900.0,178100.0,366
m15-kis/097950/2026.csv:202610021245,178200.0,178500.0,178000.0,178300.0,346
m15-kis/097950/2026.csv:202610021300,178300.0,179100.0,178300.0,179100.0,1052
m15-kis/097950/2026.csv:202610021315,179100.0,179300.0,179000.0,179100.0,752
m15-kis/097950/2026.csv:202610021330,179200.0,179300.0,178900.0,178900.0,853
m15-kis/097950/2026.csv:202610021345,178900.0,179100.0,178600.0,179100.0,832
m15-kis/097950/2026.csv:202610021400,179000.0,179100.0,178600.0,178800.0,1044
m15-kis/097950/2026.csv:202610021415,178800.0,179100.0,178800.0,179000.0,637
m15-kis/097950/2026.csv:202610021430,179000.0,179400.0,178800.0,179300.0,1400
m15-kis/097950/2026.csv:202610021445,179100.0,179400.0,179000.0,179300.0,1556
m15-kis/097950/2026.csv:202610021500,179200.0,179400.0,179000.0,179100.0,919
m15-kis/097950/2026.csv:202610021515,179100.0,179400.0,179100.0,179300.0,1197
m15-kis/098460/2026.csv:202610020900,33600.0,34050.0,33150.0,33750.0,211992
m15-kis/098460/2026.csv:202610020915,33750.0,34100.0,33350.0,34050.0,136276
m15-kis/098460/2026.csv:202610020930,34050.0,34425.0,34000.0,34100.0,116742
m15-kis/098460/2026.csv:202610020945,34150.0,34250.0,34000.0,34150.0,99364
m15-kis/098460/2026.csv:202610021000,34125.0,34200.0,33850.0,34150.0,61888
m15-kis/098460/2026.csv:202610021015,34150.0,34500.0,34125.0,34400.0,101588
m15-kis/098460/2026.csv:202610021030,34450.0,34450.0,33800.0,34000.0,79925
m15-kis/098460/2026.csv:202610021045,34000.0,34350.0,34000.0,34250.0,35145
m15-kis/098460/2026.csv:202610021100,34300.0,34300.0,34100.0,34150.0,23073
m15-kis/098460/2026.csv:202610021115,34100.0,34150.0,33850.0,33850.0,36565
m15-kis/098460/2026.csv:202610021130,33900.0,34000.0,33650.0,33700.0,41406
m15-kis/098460/2026.csv:202610021145,33700.0,33975.0,33650.0,33850.0,36614
m15-kis/098460/2026.csv:202610021200,33800.0,34150.0,33800.0,34100.0,34221
m15-kis/098460/2026.csv:202610021215,34100.0,34150.0,34000.0,34075.0,21140
m15-kis/098460/2026.csv:202610021230,34075.0,34100.0,33900.0,34025.0,20760
m15-kis/098460/2026.csv:202610021245,34025.0,34050.0,33700.0,33750.0,28365
m15-kis/098460/2026.csv:202610021300,33750.0,33800.0,33500.0,33600.0,64115
m15-kis/098460/2026.csv:202610021315,33600.0,33750.0,33600.0,33650.0,27748
m15-kis/098460/2026.csv:202610021330,33675.0,33750.0,33600.0,33650.0,31880
m15-kis/098460/2026.csv:202610021345,33650.0,33850.0,33650.0,33850.0,19823
m15-kis/098460/2026.csv:202610021400,33850.0,33950.0,33850.0,33950.0,15007
m15-kis/098460/2026.csv:202610021415,33950.0,34000.0,33750.0,33775.0,41857
m15-kis/098460/2026.csv:202610021430,33800.0,33875.0,33700.0,33850.0,26133
m15-kis/098460/2026.csv:202610021445,33825.0,34000.0,33825.0,33925.0,28939
m15-kis/098460/2026.csv:202610021500,33925.0,34100.0,33925.0,34075.0,47759
m15-kis/098460/2026.csv:202610021515,34100.0,34100.0,33950.0,34100.0,53027
m15-kis/099190/2026.csv:202610020900,17190.0,17430.0,17190.0,17290.0,1447
m15-kis/099190/2026.csv:202610020915,17330.0,17380.0,17140.0,17210.0,566
m15-kis/099190/2026.csv:202610020930,17240.0,17270.0,17080.0,17180.0,638
m15-kis/099190/2026.csv:202610020945,17180.0,17180.0,17080.0,17180.0,266
m15-kis/099190/2026.csv:202610021000,17120.0,17130.0,17000.0,17010.0,1064
m15-kis/099190/2026.csv:202610021015,17110.0,17190.0,17030.0,17050.0,363
m15-kis/099190/2026.csv:202610021030,17030.0,17050.0,16820.0,16820.0,3050
m15-kis/099190/2026.csv:202610021045,16930.0,17050.0,16830.0,17030.0,862
m15-kis/099190/2026.csv:202610021100,17030.0,17050.0,16990.0,17020.0,695
m15-kis/099190/2026.csv:202610021115,17020.0,17020.0,16920.0,16970.0,1161
m15-kis/099190/2026.csv:202610021130,16980.0,16980.0,16880.0,16890.0,266
m15-kis/099190/2026.csv:202610021145,16910.0,16920.0,16870.0,16870.0,297
m15-kis/099190/2026.csv:202610021200,16870.0,16870.0,16800.0,16800.0,1533
m15-kis/099190/2026.csv:202610021215,16830.0,16870.0,16800.0,16870.0,1052
m15-kis/099190/2026.csv:202610021230,16860.0,16920.0,16850.0,16850.0,324
m15-kis/099190/2026.csv:202610021245,16890.0,16900.0,16820.0,16900.0,574
m15-kis/099190/2026.csv:202610021300,16820.0,16870.0,16790.0,16850.0,1177
m15-kis/099190/2026.csv:202610021315,16850.0,16920.0,16790.0,16880.0,993
m15-kis/099190/2026.csv:202610021330,16880.0,16930.0,16870.0,16900.0,332
m15-kis/099190/2026.csv:202610021345,16890.0,16890.0,16820.0,16860.0,2926
m15-kis/099190/2026.csv:202610021400,16850.0,16850.0,16790.0,16790.0,1199
m15-kis/099190/2026.csv:202610021415,16790.0,16790.0,16740.0,16750.0,1176
m15-kis/099190/2026.csv:202610021430,16750.0,16930.0,16750.0,16900.0,816
m15-kis/099190/2026.csv:202610021445,16840.0,16880.0,16770.0,16850.0,1056
m15-kis/099190/2026.csv:202610021500,16870.0,16920.0,16780.0,16790.0,922
m15-kis/099190/2026.csv:202610021515,16790.0,16820.0,16790.0,16790.0,1270
m15-kis/099320/2026.csv:202610020900,79800.0,82500.0,79800.0,81100.0,8436
m15-kis/099320/2026.csv:202610020915,81000.0,81100.0,80100.0,80600.0,3044
m15-kis/099320/2026.csv:202610020930,80500.0,82200.0,80400.0,81800.0,6527
m15-kis/099320/2026.csv:202610020945,81800.0,82500.0,81300.0,81400.0,4134
m15-kis/099320/2026.csv:202610021000,81400.0,81400.0,80700.0,81400.0,2084
m15-kis/099320/2026.csv:202610021015,81300.0,81500.0,80500.0,81000.0,2703
m15-kis/099320/2026.csv:202610021030,81000.0,81600.0,80200.0,80300.0,2183
m15-kis/099320/2026.csv:202610021045,80500.0,81400.0,80500.0,81200.0,1791
m15-kis/099320/2026.csv:202610021100,81250.0,82600.0,81100.0,81100.0,5621
m15-kis/099320/2026.csv:202610021115,81200.0,81700.0,81100.0,81400.0,1275
m15-kis/099320/2026.csv:202610021130,81400.0,82300.0,81400.0,82000.0,1583
m15-kis/099320/2026.csv:202610021145,82000.0,82300.0,81900.0,82000.0,2172
m15-kis/099320/2026.csv:202610021200,82000.0,82050.0,81300.0,81800.0,1409
m15-kis/099320/2026.csv:202610021215,81900.0,82000.0,81300.0,81300.0,557
m15-kis/099320/2026.csv:202610021230,81300.0,81300.0,81000.0,81200.0,1233
m15-kis/099320/2026.csv:202610021245,81200.0,82400.0,81100.0,82400.0,2167
m15-kis/099320/2026.csv:202610021300,82300.0,82500.0,81800.0,82100.0,2923
m15-kis/099320/2026.csv:202610021315,82200.0,82200.0,81300.0,81800.0,1917
m15-kis/099320/2026.csv:202610021330,81800.0,82100.0,81600.0,81600.0,1559
m15-kis/099320/2026.csv:202610021345,81600.0,81900.0,80400.0,81800.0,2101
m15-kis/099320/2026.csv:202610021400,81900.0,82400.0,81700.0,82300.0,2775
m15-kis/099320/2026.csv:202610021415,82300.0,83700.0,82100.0,82600.0,12747
m15-kis/099320/2026.csv:202610021430,82600.0,82600.0,81800.0,81900.0,3234
m15-kis/099320/2026.csv:202610021445,81800.0,82200.0,81600.0,81900.0,4807
m15-kis/099320/2026.csv:202610021500,81800.0,81950.0,81600.0,81800.0,1789
m15-kis/099320/2026.csv:202610021515,81800.0,81900.0,81500.0,81800.0,2828
m15-kis/100090/2026.csv:202610020900,12000.0,12090.0,11940.0,12050.0,38065
m15-kis/100090/2026.csv:202610020915,12050.0,12050.0,11970.0,12050.0,22862
m15-kis/100090/2026.csv:202610020930,12050.0,12110.0,12030.0,12110.0,35116
m15-kis/100090/2026.csv:202610020945,12110.0,12120.0,12050.0,12060.0,18899
m15-kis/100090/2026.csv:202610021000,12070.0,12080.0,12030.0,12070.0,13191
m15-kis/100090/2026.csv:202610021015,12070.0,12070.0,12020.0,12030.0,9365
m15-kis/100090/2026.csv:202610021030,12030.0,12030.0,11950.0,11970.0,20543
m15-kis/100090/2026.csv:202610021045,11970.0,12020.0,11960.0,12020.0,7900
m15-kis/100090/2026.csv:202610021100,12010.0,12030.0,12010.0,12030.0,4605
m15-kis/100090/2026.csv:202610021115,12030.0,12040.0,12000.0,12040.0,3277
m15-kis/100090/2026.csv:202610021130,12040.0,12050.0,11980.0,11980.0,10944
m15-kis/100090/2026.csv:202610021145,11980.0,12020.0,11980.0,12020.0,6995
m15-kis/100090/2026.csv:202610021200,12000.0,12010.0,11960.0,11970.0,13042
m15-kis/100090/2026.csv:202610021215,11970.0,11970.0,11900.0,11940.0,9506
m15-kis/100090/2026.csv:202610021230,11930.0,11940.0,11910.0,11930.0,5128
m15-kis/100090/2026.csv:202610021245,11930.0,11960.0,11880.0,11950.0,12278
m15-kis/100090/2026.csv:202610021300,11950.0,11950.0,11890.0,11910.0,4971
m15-kis/100090/2026.csv:202610021315,11910.0,11960.0,11880.0,11950.0,6947
m15-kis/100090/2026.csv:202610021330,11950.0,12030.0,11940.0,11960.0,3917
m15-kis/100090/2026.csv:202610021345,11950.0,11980.0,11950.0,11980.0,2689
m15-kis/100090/2026.csv:202610021400,11980.0,12010.0,11970.0,12000.0,4086
m15-kis/100090/2026.csv:202610021415,12000.0,12020.0,11990.0,12010.0,2882
m15-kis/100090/2026.csv:202610021430,12000.0,12020.0,11970.0,11980.0,5991
m15-kis/100090/2026.csv:202610021445,11980.0,12010.0,11950.0,11990.0,8443
m15-kis/100090/2026.csv:202610021500,12000.0,12000.0,11980.0,11980.0,5496
m15-kis/100090/2026.csv:202610021515,11990.0,12000.0,11980.0,11990.0,11600
m15-kis/100790/2026.csv:202610020900,17840.0,18320.0,17690.0,18020.0,89521
m15-kis/100790/2026.csv:202610020915,18020.0,18090.0,17940.0,18090.0,51610
m15-kis/100790/2026.csv:202610020930,18090.0,18190.0,17980.0,18140.0,22686
m15-kis/100790/2026.csv:202610020945,18140.0,18330.0,18130.0,18190.0,45928
m15-kis/100790/2026.csv:202610021000,18180.0,18190.0,18070.0,18160.0,17796
m15-kis/100790/2026.csv:202610021015,18160.0,18220.0,18060.0,18190.0,12823
m15-kis/100790/2026.csv:202610021030,18190.0,18200.0,17880.0,17930.0,26221
m15-kis/100790/2026.csv:202610021045,17930.0,17990.0,17880.0,17970.0,8727
m15-kis/100790/2026.csv:202610021100,17970.0,17990.0,17900.0,17970.0,9696
m15-kis/100790/2026.csv:202610021115,17990.0,18100.0,17970.0,17980.0,4446
m15-kis/100790/2026.csv:202610021130,17970.0,18010.0,17900.0,17910.0,6830
m15-kis/100790/2026.csv:202610021145,17910.0,18070.0,17880.0,18050.0,13034
m15-kis/100790/2026.csv:202610021200,18030.0,18080.0,18030.0,18060.0,3523
m15-kis/100790/2026.csv:202610021215,18070.0,18080.0,18030.0,18050.0,3388
m15-kis/100790/2026.csv:202610021230,18050.0,18050.0,17990.0,17990.0,5938
m15-kis/100790/2026.csv:202610021245,17990.0,17990.0,17900.0,17930.0,6416
m15-kis/100790/2026.csv:202610021300,17910.0,18110.0,17900.0,17950.0,13998
m15-kis/100790/2026.csv:202610021315,17940.0,18040.0,17940.0,18020.0,4340
m15-kis/100790/2026.csv:202610021330,18000.0,18020.0,17950.0,18020.0,4789
m15-kis/100790/2026.csv:202610021345,18020.0,18080.0,18010.0,18030.0,3985
m15-kis/100790/2026.csv:202610021400,18040.0,18140.0,18010.0,18130.0,8641
m15-kis/100790/2026.csv:202610021415,18130.0,18190.0,18040.0,18070.0,13154
m15-kis/100790/2026.csv:202610021430,18070.0,18070.0,18010.0,18070.0,6732
m15-kis/100790/2026.csv:202610021445,18060.0,18070.0,17920.0,17990.0,10221
m15-kis/100790/2026.csv:202610021500,18000.0,18040.0,17950.0,18020.0,11279
m15-kis/100790/2026.csv:202610021515,18020.0,18040.0,17900.0,17900.0,12193
m15-kis/100840/2026.csv:202610020900,36300.0,36450.0,35950.0,36000.0,11006
m15-kis/100840/2026.csv:202610020915,36000.0,36225.0,35900.0,36150.0,8580
m15-kis/100840/2026.csv:202610020930,36100.0,36350.0,36000.0,36200.0,4592
m15-kis/100840/2026.csv:202610020945,36200.0,36300.0,36150.0,36200.0,2760
m15-kis/100840/2026.csv:202610021000,36250.0,36300.0,36000.0,36100.0,5340
m15-kis/100840/2026.csv:202610021015,36100.0,36150.0,35800.0,35900.0,8279
m15-kis/100840/2026.csv:202610021030,35900.0,35900.0,35750.0,35850.0,8159
m15-kis/100840/2026.csv:202610021045,35850.0,36100.0,35800.0,36050.0,3781
m15-kis/100840/2026.csv:202610021100,36050.0,36100.0,36000.0,36050.0,1391
m15-kis/100840/2026.csv:202610021115,36050.0,36050.0,36000.0,36000.0,1206
m15-kis/100840/2026.csv:202610021130,36050.0,36050.0,36000.0,36050.0,1314
m15-kis/100840/2026.csv:202610021145,36050.0,36100.0,36000.0,36050.0,1543
m15-kis/100840/2026.csv:202610021200,36050.0,36100.0,36000.0,36100.0,3175
m15-kis/100840/2026.csv:202610021215,36050.0,36100.0,36000.0,36000.0,1201
m15-kis/100840/2026.csv:202610021230,36000.0,36050.0,35950.0,35950.0,1974
m15-kis/100840/2026.csv:202610021245,35975.0,36000.0,35950.0,35950.0,2182
m15-kis/100840/2026.csv:202610021300,35950.0,36050.0,35950.0,35950.0,1080
m15-kis/100840/2026.csv:202610021315,36000.0,36100.0,35950.0,36075.0,1674
m15-kis/100840/2026.csv:202610021330,36100.0,36450.0,36100.0,36250.0,6745
m15-kis/100840/2026.csv:202610021345,36250.0,36350.0,36200.0,36300.0,2139
m15-kis/100840/2026.csv:202610021400,36350.0,36450.0,36250.0,36300.0,3284
m15-kis/100840/2026.csv:202610021415,36350.0,36375.0,36200.0,36200.0,4749
m15-kis/100840/2026.csv:202610021430,36200.0,36250.0,36150.0,36200.0,2042
m15-kis/100840/2026.csv:202610021445,36200.0,36300.0,36200.0,36200.0,3109
m15-kis/100840/2026.csv:202610021500,36250.0,36350.0,36150.0,36300.0,3777
m15-kis/100840/2026.csv:202610021515,36300.0,36400.0,36200.0,36300.0,2599
m15-kis/101490/2026.csv:202610020900,52600.0,54000.0,52500.0,53400.0,80502
m15-kis/101490/2026.csv:202610020915,53400.0,54200.0,52900.0,53800.0,36182
m15-kis/101490/2026.csv:202610020930,53800.0,53800.0,53000.0,53100.0,27143
m15-kis/101490/2026.csv:202610020945,53200.0,53400.0,52900.0,53200.0,14169
m15-kis/101490/2026.csv:202610021000,53200.0,53200.0,52600.0,53000.0,16788
m15-kis/101490/2026.csv:202610021015,53000.0,53100.0,52350.0,52400.0,23390
m15-kis/101490/2026.csv:202610021030,52500.0,52600.0,51900.0,52400.0,21918
m15-kis/101490/2026.csv:202610021045,52400.0,52900.0,52200.0,52800.0,13951
m15-kis/101490/2026.csv:202610021100,52800.0,53300.0,52300.0,53200.0,20182
m15-kis/101490/2026.csv:202610021115,53200.0,53400.0,53000.0,53300.0,12487
m15-kis/101490/2026.csv:202610021130,53300.0,53500.0,52900.0,53000.0,11704
m15-kis/101490/2026.csv:202610021145,53000.0,53100.0,52900.0,53100.0,5395
m15-kis/101490/2026.csv:202610021200,53000.0,53200.0,52800.0,52900.0,4738
m15-kis/101490/2026.csv:202610021215,52800.0,52900.0,52700.0,52700.0,4627
m15-kis/101490/2026.csv:202610021230,52700.0,52800.0,52200.0,52300.0,13231
m15-kis/101490/2026.csv:202610021245,52300.0,52500.0,52000.0,52200.0,14771
m15-kis/101490/2026.csv:202610021300,52300.0,52400.0,51700.0,52300.0,14633
m15-kis/101490/2026.csv:202610021315,52300.0,52500.0,52100.0,52500.0,7150
m15-kis/101490/2026.csv:202610021330,52500.0,52600.0,52300.0,52500.0,6588
m15-kis/101490/2026.csv:202610021345,52600.0,53000.0,52400.0,52900.0,7724
m15-kis/101490/2026.csv:202610021400,52900.0,53000.0,52500.0,52700.0,7771
m15-kis/101490/2026.csv:202610021415,52700.0,52800.0,52300.0,52400.0,8595
m15-kis/101490/2026.csv:202610021430,52300.0,52500.0,52200.0,52400.0,6628
m15-kis/101490/2026.csv:202610021445,52400.0,52600.0,52300.0,52400.0,8549
m15-kis/101490/2026.csv:202610021500,52500.0,53200.0,52200.0,52800.0,26836
m15-kis/101490/2026.csv:202610021515,53100.0,53100.0,52800.0,53000.0,19450
m15-kis/102710/2026.csv:202610020900,49200.0,49800.0,48850.0,48900.0,4993
m15-kis/102710/2026.csv:202610020915,48900.0,49100.0,48650.0,49100.0,3248
m15-kis/102710/2026.csv:202610020930,49050.0,49350.0,49050.0,49100.0,3359
m15-kis/102710/2026.csv:202610020945,49150.0,49400.0,49000.0,49250.0,3361
m15-kis/102710/2026.csv:202610021000,49250.0,49250.0,48925.0,49200.0,2279
m15-kis/102710/2026.csv:202610021015,49200.0,49450.0,48900.0,49050.0,4719
m15-kis/102710/2026.csv:202610021030,49050.0,49050.0,48800.0,48850.0,1794
m15-kis/102710/2026.csv:202610021045,48850.0,49200.0,48850.0,49200.0,1994
m15-kis/102710/2026.csv:202610021100,49200.0,49200.0,48900.0,48900.0,898
m15-kis/102710/2026.csv:202610021115,49050.0,49050.0,48800.0,48850.0,1883
m15-kis/102710/2026.csv:202610021130,48850.0,48900.0,48700.0,48700.0,1222
m15-kis/102710/2026.csv:202610021145,48700.0,48700.0,48600.0,48650.0,880
m15-kis/102710/2026.csv:202610021200,48700.0,48750.0,48600.0,48650.0,2608
m15-kis/102710/2026.csv:202610021215,48650.0,48650.0,48450.0,48450.0,1742
m15-kis/102710/2026.csv:202610021230,48500.0,48500.0,48100.0,48150.0,1478
m15-kis/102710/2026.csv:202610021245,48100.0,48200.0,48050.0,48200.0,1253
m15-kis/102710/2026.csv:202610021300,48200.0,48300.0,47050.0,48100.0,4715
m15-kis/102710/2026.csv:202610021315,48050.0,48500.0,48000.0,48450.0,4436
m15-kis/102710/2026.csv:202610021330,48450.0,48450.0,48300.0,48350.0,1080
m15-kis/102710/2026.csv:202610021345,48350.0,48550.0,48300.0,48550.0,3188
m15-kis/102710/2026.csv:202610021400,48550.0,48650.0,48500.0,48500.0,2509
m15-kis/102710/2026.csv:202610021415,48500.0,48550.0,48250.0,48250.0,2395
m15-kis/102710/2026.csv:202610021430,48200.0,48450.0,48200.0,48450.0,2480
m15-kis/102710/2026.csv:202610021445,48450.0,48450.0,48350.0,48400.0,1801
m15-kis/102710/2026.csv:202610021500,48400.0,48550.0,48350.0,48550.0,2808
m15-kis/102710/2026.csv:202610021515,48550.0,48850.0,48500.0,48850.0,3127
m15-kis/103140/2026.csv:202610020900,77600.0,77800.0,77200.0,77400.0,1699
m15-kis/103140/2026.csv:202610020915,77400.0,77700.0,77100.0,77400.0,2554
m15-kis/103140/2026.csv:202610020930,77400.0,78000.0,77300.0,77800.0,2939
m15-kis/103140/2026.csv:202610020945,78000.0,78200.0,77600.0,78100.0,2707
m15-kis/103140/2026.csv:202610021000,78000.0,78100.0,77800.0,78000.0,1184
m15-kis/103140/2026.csv:202610021015,78000.0,78100.0,77400.0,77500.0,2179
m15-kis/103140/2026.csv:202610021030,77500.0,77800.0,77300.0,77700.0,2014
m15-kis/103140/2026.csv:202610021045,77700.0,78500.0,77600.0,78200.0,7013
m15-kis/103140/2026.csv:202610021100,78200.0,78700.0,78200.0,78400.0,2714
m15-kis/103140/2026.csv:202610021115,78400.0,78500.0,78200.0,78300.0,1892
m15-kis/103140/2026.csv:202610021130,78400.0,78500.0,78200.0,78300.0,1656
m15-kis/103140/2026.csv:202610021145,78300.0,78500.0,78200.0,78300.0,1987
m15-kis/103140/2026.csv:202610021200,78300.0,78500.0,78200.0,78300.0,2003
m15-kis/103140/2026.csv:202610021215,78300.0,78400.0,78100.0,78300.0,1771
m15-kis/103140/2026.csv:202610021230,78300.0,78400.0,78000.0,78100.0,1341
m15-kis/103140/2026.csv:202610021245,78100.0,78400.0,78000.0,78300.0,1846
m15-kis/103140/2026.csv:202610021300,78300.0,78600.0,78300.0,78400.0,3323
m15-kis/103140/2026.csv:202610021315,78400.0,78700.0,78300.0,78600.0,1952
m15-kis/103140/2026.csv:202610021330,78600.0,78700.0,78500.0,78600.0,1504
m15-kis/103140/2026.csv:202610021345,78600.0,78700.0,78400.0,78700.0,1706
m15-kis/103140/2026.csv:202610021400,78700.0,79300.0,78400.0,79100.0,6237
m15-kis/103140/2026.csv:202610021415,79100.0,79200.0,78800.0,78900.0,2231
m15-kis/103140/2026.csv:202610021430,78900.0,79100.0,78700.0,78900.0,1963
m15-kis/103140/2026.csv:202610021445,78900.0,79200.0,78900.0,79200.0,3568
m15-kis/103140/2026.csv:202610021500,79200.0,79700.0,79200.0,79500.0,4485
m15-kis/103140/2026.csv:202610021515,79600.0,79800.0,79300.0,79800.0,17184
m15-kis/103590/2026.csv:202610020900,87700.0,87800.0,85500.0,86000.0,160778
m15-kis/103590/2026.csv:202610020915,86000.0,87100.0,85700.0,86700.0,53507
m15-kis/103590/2026.csv:202610020930,86600.0,86800.0,85700.0,86200.0,39815
m15-kis/103590/2026.csv:202610020945,86300.0,86300.0,85800.0,85900.0,21936
m15-kis/103590/2026.csv:202610021000,85800.0,86700.0,85600.0,86500.0,21462
m15-kis/103590/2026.csv:202610021015,86500.0,86600.0,86100.0,86300.0,8802
m15-kis/103590/2026.csv:202610021030,86300.0,86300.0,85600.0,85800.0,14143
m15-kis/103590/2026.csv:202610021045,85800.0,86600.0,85700.0,86400.0,10125
m15-kis/103590/2026.csv:202610021100,86400.0,86800.0,86200.0,86300.0,12715
m15-kis/103590/2026.csv:202610021115,86350.0,86600.0,86200.0,86500.0,6476
m15-kis/103590/2026.csv:202610021130,86500.0,87200.0,86300.0,87000.0,23062
m15-kis/103590/2026.csv:202610021145,87000.0,87300.0,86500.0,86500.0,16420
m15-kis/103590/2026.csv:202610021200,86600.0,86800.0,86100.0,86400.0,8390
m15-kis/103590/2026.csv:202610021215,86300.0,86500.0,85600.0,85800.0,17589
m15-kis/103590/2026.csv:202610021230,85700.0,86100.0,85300.0,85500.0,18111
m15-kis/103590/2026.csv:202610021245,85500.0,85600.0,85100.0,85600.0,19462
m15-kis/103590/2026.csv:202610021300,85500.0,86000.0,85300.0,85900.0,10923
m15-kis/103590/2026.csv:202610021315,85800.0,86400.0,85800.0,86400.0,8082
m15-kis/103590/2026.csv:202610021330,86350.0,86400.0,85800.0,85900.0,8947
m15-kis/103590/2026.csv:202610021345,85900.0,86300.0,85600.0,86200.0,9383
m15-kis/103590/2026.csv:202610021400,86300.0,86600.0,86200.0,86600.0,12097
m15-kis/103590/2026.csv:202610021415,86600.0,86700.0,86300.0,86500.0,11652
m15-kis/103590/2026.csv:202610021430,86500.0,86700.0,86300.0,86500.0,17126
m15-kis/103590/2026.csv:202610021445,86600.0,86700.0,86100.0,86400.0,21804
m15-kis/103590/2026.csv:202610021500,86400.0,86500.0,85900.0,86400.0,22576
m15-kis/103590/2026.csv:202610021515,86400.0,86400.0,86000.0,86200.0,14353
m15-kis/105560/2026.csv:202610020900,167100.0,170100.0,167100.0,168400.0,44647
m15-kis/105560/2026.csv:202610020915,168400.0,168400.0,167300.0,167300.0,34130
m15-kis/105560/2026.csv:202610020930,167300.0,167900.0,166800.0,167100.0,28192
m15-kis/105560/2026.csv:202610020945,167100.0,167200.0,166400.0,166900.0,38809
m15-kis/105560/2026.csv:202610021000,167000.0,167300.0,166700.0,167000.0,16757
m15-kis/105560/2026.csv:202610021015,167050.0,167400.0,166450.0,166600.0,21703
m15-kis/105560/2026.csv:202610021030,166600.0,167200.0,166400.0,167000.0,14960
m15-kis/105560/2026.csv:202610021045,166900.0,167400.0,166900.0,166900.0,14953
m15-kis/105560/2026.csv:202610021100,166900.0,167200.0,166600.0,166900.0,13170
m15-kis/105560/2026.csv:202610021115,166900.0,167300.0,166800.0,167200.0,14654
m15-kis/105560/2026.csv:202610021130,167100.0,167300.0,166700.0,166800.0,10725
m15-kis/105560/2026.csv:202610021145,166900.0,167000.0,166600.0,166800.0,13601
m15-kis/105560/2026.csv:202610021200,166800.0,167100.0,166600.0,167000.0,14157
m15-kis/105560/2026.csv:202610021215,167000.0,167100.0,166700.0,166700.0,11293
m15-kis/105560/2026.csv:202610021230,166700.0,167100.0,166700.0,167100.0,9162
m15-kis/105560/2026.csv:202610021245,167000.0,167200.0,166500.0,166700.0,12779
m15-kis/105560/2026.csv:202610021300,166700.0,167100.0,166650.0,166900.0,14296
m15-kis/105560/2026.csv:202610021315,167000.0,167000.0,166400.0,166500.0,13360
m15-kis/105560/2026.csv:202610021330,166500.0,166900.0,166400.0,166800.0,8288
m15-kis/105560/2026.csv:202610021345,166900.0,167200.0,166700.0,167100.0,17423
m15-kis/105560/2026.csv:202610021400,167100.0,167300.0,167000.0,167050.0,14011
m15-kis/105560/2026.csv:202610021415,167000.0,167200.0,166800.0,166900.0,15764
m15-kis/105560/2026.csv:202610021430,166900.0,167200.0,166900.0,167000.0,8656
m15-kis/105560/2026.csv:202610021445,167100.0,167400.0,167000.0,167300.0,19691
m15-kis/105560/2026.csv:202610021500,167300.0,167700.0,167100.0,167600.0,27509
m15-kis/105560/2026.csv:202610021515,167700.0,167700.0,167400.0,167400.0,86846
m15-kis/108320/2026.csv:202610020900,37850.0,38350.0,37800.0,38150.0,2827
m15-kis/108320/2026.csv:202610020915,38100.0,38300.0,38050.0,38250.0,1279
m15-kis/108320/2026.csv:202610020930,38250.0,38300.0,38050.0,38100.0,781
m15-kis/108320/2026.csv:202610020945,38100.0,38250.0,38050.0,38200.0,492
m15-kis/108320/2026.csv:202610021000,38100.0,38150.0,37950.0,38000.0,1235
m15-kis/108320/2026.csv:202610021015,38050.0,38050.0,37650.0,37750.0,3744
m15-kis/108320/2026.csv:202610021030,37800.0,37800.0,37600.0,37800.0,1770
m15-kis/108320/2026.csv:202610021045,37850.0,38100.0,37750.0,38100.0,861
m15-kis/108320/2026.csv:202610021100,38100.0,38200.0,37900.0,38000.0,519
m15-kis/108320/2026.csv:202610021115,38000.0,38000.0,37800.0,37850.0,594
m15-kis/108320/2026.csv:202610021130,37850.0,37900.0,37700.0,37700.0,732
m15-kis/108320/2026.csv:202610021145,37750.0,37900.0,37700.0,37750.0,748
m15-kis/108320/2026.csv:202610021200,37800.0,37850.0,37600.0,37700.0,993
m15-kis/108320/2026.csv:202610021215,37700.0,37750.0,37600.0,37650.0,610
m15-kis/108320/2026.csv:202610021230,37600.0,37650.0,37350.0,37400.0,2923
m15-kis/108320/2026.csv:202610021245,37400.0,37450.0,37300.0,37400.0,1779
m15-kis/108320/2026.csv:202610021300,37350.0,37450.0,37300.0,37400.0,910
m15-kis/108320/2026.csv:202610021315,37450.0,37550.0,37450.0,37550.0,481
m15-kis/108320/2026.csv:202610021330,37550.0,37600.0,37500.0,37600.0,551
m15-kis/108320/2026.csv:202610021345,37550.0,37550.0,37400.0,37500.0,1179
m15-kis/108320/2026.csv:202610021400,37500.0,37650.0,37500.0,37600.0,674
m15-kis/108320/2026.csv:202610021415,37600.0,37650.0,37500.0,37500.0,891
m15-kis/108320/2026.csv:202610021430,37500.0,37500.0,37250.0,37400.0,3905
m15-kis/108320/2026.csv:202610021445,37400.0,37450.0,37300.0,37400.0,1154
m15-kis/108320/2026.csv:202610021500,37350.0,37450.0,37350.0,37450.0,1049
m15-kis/108320/2026.csv:202610021515,37450.0,37450.0,37300.0,37400.0,2631
m15-kis/108490/2026.csv:202610020900,296000.0,305500.0,296000.0,302500.0,29033
m15-kis/108490/2026.csv:202610020915,302500.0,307500.0,300500.0,306000.0,27613
m15-kis/108490/2026.csv:202610020930,306000.0,310000.0,306000.0,307500.0,26254
m15-kis/108490/2026.csv:202610020945,307750.0,309000.0,306000.0,308500.0,12190
m15-kis/108490/2026.csv:202610021000,308500.0,309500.0,306000.0,309000.0,13018
m15-kis/108490/2026.csv:202610021015,309000.0,316000.0,308250.0,313000.0,49090
m15-kis/108490/2026.csv:202610021030,313000.0,313500.0,307000.0,309000.0,19946
m15-kis/108490/2026.csv:202610021045,309000.0,312000.0,308000.0,311500.0,7464
m15-kis/108490/2026.csv:202610021100,311500.0,311500.0,310000.0,310500.0,5085
m15-kis/108490/2026.csv:202610021115,311000.0,311000.0,309000.0,309000.0,4801
m15-kis/108490/2026.csv:202610021130,309000.0,310500.0,308500.0,309500.0,4332
m15-kis/108490/2026.csv:202610021145,310000.0,311500.0,309500.0,311500.0,5112
m15-kis/108490/2026.csv:202610021200,311500.0,311500.0,309500.0,310000.0,4498
m15-kis/108490/2026.csv:202610021215,310000.0,310000.0,308500.0,309500.0,3803
m15-kis/108490/2026.csv:202610021230,309000.0,309500.0,308000.0,308000.0,2691
m15-kis/108490/2026.csv:202610021245,308250.0,309500.0,307000.0,309500.0,4914
m15-kis/108490/2026.csv:202610021300,309500.0,309500.0,307500.0,308000.0,3661
m15-kis/108490/2026.csv:202610021315,308500.0,310500.0,308000.0,309500.0,5112
m15-kis/108490/2026.csv:202610021330,309500.0,311000.0,309500.0,310000.0,4185
m15-kis/108490/2026.csv:202610021345,310500.0,312000.0,309500.0,311500.0,6629
m15-kis/108490/2026.csv:202610021400,311500.0,311500.0,310000.0,310500.0,2532
m15-kis/108490/2026.csv:202610021415,310500.0,312000.0,310500.0,310500.0,5993
m15-kis/108490/2026.csv:202610021430,310500.0,310500.0,308500.0,309500.0,4561
m15-kis/108490/2026.csv:202610021445,309500.0,311000.0,309000.0,310500.0,4754
m15-kis/108490/2026.csv:202610021500,310500.0,311500.0,309500.0,311000.0,6467
m15-kis/108490/2026.csv:202610021515,311000.0,311500.0,310000.0,311000.0,7016
m15-kis/111770/2026.csv:202610020900,69100.0,69100.0,67500.0,67600.0,3232
m15-kis/111770/2026.csv:202610020915,67600.0,67700.0,67100.0,67200.0,4141
m15-kis/111770/2026.csv:202610020930,67200.0,67600.0,66700.0,66900.0,4547
m15-kis/111770/2026.csv:202610020945,66900.0,66900.0,66200.0,66500.0,4774
m15-kis/111770/2026.csv:202610021000,66500.0,66700.0,66100.0,66200.0,3079
m15-kis/111770/2026.csv:202610021015,66200.0,66500.0,66100.0,66200.0,2669
m15-kis/111770/2026.csv:202610021030,66200.0,69700.0,66100.0,66800.0,6997
m15-kis/111770/2026.csv:202610021045,66800.0,67400.0,66700.0,66900.0,2262
m15-kis/111770/2026.csv:202610021100,66900.0,67400.0,66800.0,67300.0,1804
m15-kis/111770/2026.csv:202610021115,67400.0,67500.0,66900.0,67050.0,2040
m15-kis/111770/2026.csv:202610021130,67000.0,67400.0,66800.0,67300.0,1750
m15-kis/111770/2026.csv:202610021145,67200.0,67500.0,67150.0,67500.0,1009
m15-kis/111770/2026.csv:202610021200,67500.0,67500.0,67400.0,67500.0,558
m15-kis/111770/2026.csv:202610021215,67400.0,67700.0,67300.0,67300.0,1017
m15-kis/111770/2026.csv:202610021230,67400.0,67400.0,67000.0,67400.0,939
m15-kis/111770/2026.csv:202610021245,67400.0,67500.0,67200.0,67450.0,661
m15-kis/111770/2026.csv:202610021300,67400.0,67600.0,67100.0,67100.0,1182
m15-kis/111770/2026.csv:202610021315,67100.0,67200.0,66800.0,67000.0,1678
m15-kis/111770/2026.csv:202610021330,67000.0,67100.0,66800.0,66900.0,1348
m15-kis/111770/2026.csv:202610021345,66900.0,67400.0,66750.0,67400.0,1774
m15-kis/111770/2026.csv:202610021400,67400.0,67400.0,66950.0,67100.0,1483
m15-kis/111770/2026.csv:202610021415,67050.0,67200.0,66600.0,66900.0,1948
m15-kis/111770/2026.csv:202610021430,66900.0,67100.0,66500.0,66800.0,2362
m15-kis/111770/2026.csv:202610021445,66700.0,66900.0,66550.0,66800.0,2912
m15-kis/111770/2026.csv:202610021500,66700.0,67000.0,66600.0,66800.0,2199
m15-kis/111770/2026.csv:202610021515,66800.0,67000.0,66700.0,66800.0,3241
m15-kis/112040/2026.csv:202610020900,15720.0,15850.0,15710.0,15840.0,5894
m15-kis/112040/2026.csv:202610020915,15830.0,15830.0,15670.0,15740.0,7483
m15-kis/112040/2026.csv:202610020930,15740.0,15750.0,15680.0,15680.0,4110
m15-kis/112040/2026.csv:202610020945,15700.0,15760.0,15700.0,15710.0,2024
m15-kis/112040/2026.csv:202610021000,15710.0,15720.0,15640.0,15660.0,1567
m15-kis/112040/2026.csv:202610021015,15650.0,15660.0,15540.0,15550.0,1957
m15-kis/112040/2026.csv:202610021030,15550.0,15580.0,15500.0,15530.0,2044
m15-kis/112040/2026.csv:202610021045,15540.0,15550.0,15490.0,15490.0,3168
m15-kis/112040/2026.csv:202610021100,15500.0,15550.0,15500.0,15530.0,2694
m15-kis/112040/2026.csv:202610021115,15520.0,15530.0,15490.0,15510.0,1347
m15-kis/112040/2026.csv:202610021130,15500.0,15520.0,15460.0,15470.0,1249
m15-kis/112040/2026.csv:202610021145,15470.0,15520.0,15470.0,15490.0,1191
m15-kis/112040/2026.csv:202610021200,15510.0,15520.0,15490.0,15510.0,595
m15-kis/112040/2026.csv:202610021215,15500.0,15560.0,15500.0,15530.0,1512
m15-kis/112040/2026.csv:202610021230,15540.0,15540.0,15500.0,15520.0,624
m15-kis/112040/2026.csv:202610021245,15510.0,15520.0,15480.0,15510.0,745
m15-kis/112040/2026.csv:202610021300,15510.0,15560.0,15480.0,15490.0,1483
m15-kis/112040/2026.csv:202610021315,15490.0,15560.0,15480.0,15560.0,1247
m15-kis/112040/2026.csv:202610021330,15550.0,15550.0,15510.0,15530.0,506
m15-kis/112040/2026.csv:202610021345,15530.0,15635.0,15530.0,15600.0,2730
m15-kis/112040/2026.csv:202610021400,15580.0,15640.0,15580.0,15620.0,1771
m15-kis/112040/2026.csv:202610021415,15620.0,15630.0,15500.0,15560.0,3208
m15-kis/112040/2026.csv:202610021430,15560.0,15580.0,15530.0,15570.0,859
m15-kis/112040/2026.csv:202610021445,15560.0,15600.0,15540.0,15590.0,3656
m15-kis/112040/2026.csv:202610021500,15590.0,15600.0,15590.0,15600.0,3256
m15-kis/112040/2026.csv:202610021515,15580.0,15600.0,15570.0,15600.0,4292
m15-kis/112610/2026.csv:202610020900,54400.0,56800.0,54300.0,56450.0,74302
m15-kis/112610/2026.csv:202610020915,56450.0,56500.0,55600.0,56000.0,42837
m15-kis/112610/2026.csv:202610020930,56000.0,56300.0,55900.0,56100.0,22268
m15-kis/112610/2026.csv:202610020945,56200.0,56300.0,55400.0,55700.0,19161
m15-kis/112610/2026.csv:202610021000,55600.0,55700.0,55300.0,55400.0,14449
m15-kis/112610/2026.csv:202610021015,55500.0,55600.0,55200.0,55400.0,13980
m15-kis/112610/2026.csv:202610021030,55400.0,55500.0,55000.0,55300.0,16554
m15-kis/112610/2026.csv:202610021045,55250.0,55600.0,54900.0,55500.0,10229
m15-kis/112610/2026.csv:202610021100,55600.0,55800.0,55400.0,55700.0,9188
m15-kis/112610/2026.csv:202610021115,55700.0,55900.0,55500.0,55900.0,10359
m15-kis/112610/2026.csv:202610021130,55800.0,55900.0,55700.0,55700.0,8892
m15-kis/112610/2026.csv:202610021145,55800.0,55900.0,55600.0,55900.0,9052
m15-kis/112610/2026.csv:202610021200,55900.0,55900.0,55600.0,55700.0,6487
m15-kis/112610/2026.csv:202610021215,55700.0,55800.0,55500.0,55700.0,8075
m15-kis/112610/2026.csv:202610021230,55700.0,55800.0,55500.0,55700.0,6634
m15-kis/112610/2026.csv:202610021245,55600.0,55700.0,55300.0,55700.0,7527
m15-kis/112610/2026.csv:202610021300,55600.0,55800.0,55500.0,55600.0,7908
m15-kis/112610/2026.csv:202610021315,55500.0,55800.0,55500.0,55700.0,8129
m15-kis/112610/2026.csv:202610021330,55700.0,55800.0,55200.0,55300.0,11561
m15-kis/112610/2026.csv:202610021345,55200.0,55400.0,54900.0,55300.0,15600
m15-kis/112610/2026.csv:202610021400,55200.0,55400.0,55000.0,55200.0,9571
m15-kis/112610/2026.csv:202610021415,55300.0,55400.0,54800.0,55000.0,14081
m15-kis/112610/2026.csv:202610021430,55000.0,55300.0,54900.0,55200.0,10928
m15-kis/112610/2026.csv:202610021445,55300.0,55400.0,55100.0,55200.0,11178
m15-kis/112610/2026.csv:202610021500,55300.0,55500.0,55100.0,55300.0,11419
m15-kis/112610/2026.csv:202610021515,55300.0,55400.0,55200.0,55400.0,7131
m15-kis/114090/2026.csv:202610020900,8710.0,8710.0,8660.0,8660.0,3533
m15-kis/114090/2026.csv:202610020915,8670.0,8670.0,8610.0,8630.0,4322
m15-kis/114090/2026.csv:202610020930,8630.0,8640.0,8610.0,8620.0,4593
m15-kis/114090/2026.csv:202610020945,8620.0,8620.0,8550.0,8550.0,19862
m15-kis/114090/2026.csv:202610021000,8560.0,8570.0,8510.0,8570.0,34943
m15-kis/114090/2026.csv:202610021015,8570.0,8580.0,8510.0,8520.0,11233
m15-kis/114090/2026.csv:202610021030,8520.0,8550.0,8500.0,8550.0,15320
m15-kis/114090/2026.csv:202610021045,8540.0,8540.0,8490.0,8500.0,10110
m15-kis/114090/2026.csv:202610021100,8500.0,8510.0,8490.0,8500.0,5506
m15-kis/114090/2026.csv:202610021115,8500.0,8510.0,8480.0,8480.0,5405
m15-kis/114090/2026.csv:202610021130,8490.0,8510.0,8480.0,8490.0,2641
m15-kis/114090/2026.csv:202610021145,8490.0,8510.0,8490.0,8500.0,1908
m15-kis/114090/2026.csv:202610021200,8490.0,8510.0,8490.0,8500.0,1918
m15-kis/114090/2026.csv:202610021215,8490.0,8510.0,8490.0,8490.0,1447
m15-kis/114090/2026.csv:202610021230,8490.0,8510.0,8490.0,8510.0,1892
m15-kis/114090/2026.csv:202610021245,8500.0,8510.0,8500.0,8500.0,1752
m15-kis/114090/2026.csv:202610021300,8500.0,8510.0,8500.0,8500.0,1130
m15-kis/114090/2026.csv:202610021315,8510.0,8520.0,8500.0,8510.0,2959
m15-kis/114090/2026.csv:202610021330,8510.0,8520.0,8500.0,8510.0,2055
m15-kis/114090/2026.csv:202610021345,8510.0,8530.0,8500.0,8520.0,1768
m15-kis/114090/2026.csv:202610021400,8520.0,8530.0,8510.0,8530.0,2377
m15-kis/114090/2026.csv:202610021415,8520.0,8530.0,8500.0,8520.0,4257
m15-kis/114090/2026.csv:202610021430,8510.0,8530.0,8510.0,8510.0,1877
m15-kis/114090/2026.csv:202610021445,8520.0,8530.0,8510.0,8530.0,3554
m15-kis/114090/2026.csv:202610021500,8510.0,8530.0,8500.0,8500.0,2368
m15-kis/114090/2026.csv:202610021515,8500.0,8510.0,8500.0,8500.0,4349
m15-kis/115180/2026.csv:202610020900,24700.0,25200.0,24600.0,24600.0,3417
m15-kis/115180/2026.csv:202610020915,24600.0,24950.0,24500.0,24500.0,3851
m15-kis/115180/2026.csv:202610020930,24500.0,24650.0,24200.0,24550.0,3521
m15-kis/115180/2026.csv:202610020945,24600.0,24750.0,24600.0,24750.0,1914
m15-kis/115180/2026.csv:202610021000,24700.0,24750.0,24550.0,24700.0,3567
m15-kis/115180/2026.csv:202610021015,24650.0,24800.0,24600.0,24700.0,1450
m15-kis/115180/2026.csv:202610021030,24700.0,24700.0,24450.0,24550.0,2123
m15-kis/115180/2026.csv:202610021045,24550.0,24550.0,24350.0,24450.0,2134
m15-kis/115180/2026.csv:202610021100,24450.0,24450.0,24400.0,24450.0,1185
m15-kis/115180/2026.csv:202610021115,24450.0,24600.0,24450.0,24550.0,1546
m15-kis/115180/2026.csv:202610021130,24550.0,24550.0,24500.0,24550.0,865
m15-kis/115180/2026.csv:202610021145,24500.0,24600.0,24400.0,24600.0,2050
m15-kis/115180/2026.csv:202610021200,24500.0,24650.0,24450.0,24600.0,2148
m15-kis/115180/2026.csv:202610021215,24500.0,24500.0,24300.0,24500.0,2790
m15-kis/115180/2026.csv:202610021230,24500.0,24550.0,24500.0,24550.0,477
m15-kis/115180/2026.csv:202610021245,24500.0,24500.0,24300.0,24450.0,1834
m15-kis/115180/2026.csv:202610021300,24400.0,24400.0,24200.0,24300.0,1930
m15-kis/115180/2026.csv:202610021315,24300.0,24300.0,24150.0,24250.0,1786
m15-kis/115180/2026.csv:202610021330,24250.0,24500.0,24150.0,24500.0,1864
m15-kis/115180/2026.csv:202610021345,24500.0,24650.0,24500.0,24650.0,1247
m15-kis/115180/2026.csv:202610021400,24550.0,24750.0,24500.0,24700.0,1661
m15-kis/115180/2026.csv:202610021415,24600.0,24700.0,24500.0,24500.0,2815
m15-kis/115180/2026.csv:202610021430,24500.0,24550.0,24400.0,24550.0,4239
m15-kis/115180/2026.csv:202610021445,24550.0,24700.0,24500.0,24700.0,1134
m15-kis/115180/2026.csv:202610021500,24550.0,24550.0,24475.0,24550.0,1594
m15-kis/115180/2026.csv:202610021515,24500.0,24750.0,24500.0,24750.0,2132
m15-kis/119850/2026.csv:202610020900,54300.0,54600.0,53000.0,54000.0,33222
m15-kis/119850/2026.csv:202610020915,54000.0,54200.0,53100.0,53600.0,34509
m15-kis/119850/2026.csv:202610020930,53500.0,53700.0,53000.0,53700.0,25736
m15-kis/119850/2026.csv:202610020945,53500.0,54000.0,53300.0,53600.0,15093
m15-kis/119850/2026.csv:202610021000,53600.0,53600.0,52400.0,52700.0,48523
m15-kis/119850/2026.csv:202610021015,52700.0,52800.0,52100.0,52400.0,30058
m15-kis/119850/2026.csv:202610021030,52400.0,52500.0,52000.0,52200.0,21733
m15-kis/119850/2026.csv:202610021045,52200.0,52700.0,52000.0,52500.0,17543
m15-kis/119850/2026.csv:202610021100,52600.0,52800.0,52300.0,52600.0,17918
m15-kis/119850/2026.csv:202610021115,52400.0,52700.0,52300.0,52400.0,12986
m15-kis/119850/2026.csv:202610021130,52400.0,52900.0,52200.0,52700.0,17737
m15-kis/119850/2026.csv:202610021145,52600.0,52800.0,52400.0,52800.0,13530
m15-kis/119850/2026.csv:202610021200,52800.0,52900.0,52500.0,52500.0,13889
m15-kis/119850/2026.csv:202610021215,52500.0,52900.0,52400.0,52500.0,13556
m15-kis/119850/2026.csv:202610021230,52500.0,52700.0,52200.0,52600.0,15057
m15-kis/119850/2026.csv:202610021245,52600.0,52600.0,52200.0,52300.0,12653
m15-kis/119850/2026.csv:202610021300,52300.0,52500.0,52000.0,52400.0,31470
m15-kis/119850/2026.csv:202610021315,52200.0,52600.0,52100.0,52300.0,20259
m15-kis/119850/2026.csv:202610021330,52200.0,52600.0,52200.0,52300.0,18754
m15-kis/119850/2026.csv:202610021345,52400.0,52800.0,52200.0,52800.0,17992
m15-kis/119850/2026.csv:202610021400,52800.0,53700.0,52500.0,53300.0,28185
m15-kis/119850/2026.csv:202610021415,53300.0,53900.0,53200.0,53300.0,25470
m15-kis/119850/2026.csv:202610021430,53500.0,53600.0,53100.0,53600.0,18981
m15-kis/119850/2026.csv:202610021445,53600.0,53700.0,53200.0,53200.0,13368
m15-kis/119850/2026.csv:202610021500,53300.0,53800.0,53100.0,53500.0,14455
m15-kis/119850/2026.csv:202610021515,53400.0,53600.0,53300.0,53500.0,10432
m15-kis/120110/2026.csv:202610020900,54800.0,55300.0,54600.0,55100.0,5373
m15-kis/120110/2026.csv:202610020915,55200.0,55200.0,54700.0,55000.0,3250
m15-kis/120110/2026.csv:202610020930,55000.0,56000.0,54900.0,55700.0,8903
m15-kis/120110/2026.csv:202610020945,55700.0,56100.0,55600.0,55900.0,7557
m15-kis/120110/2026.csv:202610021000,55900.0,55900.0,55600.0,55800.0,3967
m15-kis/120110/2026.csv:202610021015,55800.0,56000.0,55600.0,55600.0,3133
m15-kis/120110/2026.csv:202610021030,55700.0,55800.0,55400.0,55500.0,3402
m15-kis/120110/2026.csv:202610021045,55500.0,56000.0,55500.0,55900.0,3623
m15-kis/120110/2026.csv:202610021100,55900.0,56300.0,55900.0,56100.0,4338
m15-kis/120110/2026.csv:202610021115,56200.0,56200.0,56000.0,56100.0,1862
m15-kis/120110/2026.csv:202610021130,56100.0,56200.0,56000.0,56100.0,2765
m15-kis/120110/2026.csv:202610021145,56200.0,56300.0,56000.0,56100.0,2190
m15-kis/120110/2026.csv:202610021200,56100.0,56200.0,56000.0,56000.0,1743
m15-kis/120110/2026.csv:202610021215,56000.0,56000.0,55700.0,55800.0,2156
m15-kis/120110/2026.csv:202610021230,55800.0,55800.0,55600.0,55700.0,1121
m15-kis/120110/2026.csv:202610021245,55700.0,55900.0,55600.0,55700.0,2108
m15-kis/120110/2026.csv:202610021300,55700.0,55800.0,55600.0,55700.0,2491
m15-kis/120110/2026.csv:202610021315,55700.0,55900.0,55600.0,55700.0,1376
m15-kis/120110/2026.csv:202610021330,55700.0,55800.0,55500.0,55600.0,2057
m15-kis/120110/2026.csv:202610021345,55600.0,55800.0,55500.0,55800.0,2426
m15-kis/120110/2026.csv:202610021400,55800.0,56000.0,55600.0,55800.0,1793
m15-kis/120110/2026.csv:202610021415,55800.0,55900.0,55700.0,55700.0,1016
m15-kis/120110/2026.csv:202610021430,55800.0,56000.0,55600.0,55800.0,2752
m15-kis/120110/2026.csv:202610021445,55800.0,56200.0,55800.0,56000.0,2475
m15-kis/120110/2026.csv:202610021500,56000.0,56300.0,56000.0,56200.0,3913
m15-kis/120110/2026.csv:202610021515,56200.0,56400.0,56100.0,56200.0,3711
m15-kis/121600/2026.csv:202610020900,57400.0,58800.0,56900.0,58400.0,10187
m15-kis/121600/2026.csv:202610020915,58300.0,58900.0,58100.0,58900.0,6573
m15-kis/121600/2026.csv:202610020930,58900.0,59200.0,58700.0,59000.0,7930
m15-kis/121600/2026.csv:202610020945,59000.0,59300.0,58700.0,59100.0,5151
m15-kis/121600/2026.csv:202610021000,59100.0,59100.0,58500.0,59000.0,3334
m15-kis/121600/2026.csv:202610021015,59000.0,59100.0,58500.0,58500.0,1971
m15-kis/121600/2026.csv:202610021030,58500.0,59200.0,58300.0,58900.0,7433
m15-kis/121600/2026.csv:202610021045,58900.0,59300.0,58900.0,58900.0,4748
m15-kis/121600/2026.csv:202610021100,59000.0,59300.0,58900.0,59200.0,1371
m15-kis/121600/2026.csv:202610021115,59200.0,59300.0,59000.0,59200.0,1526
m15-kis/121600/2026.csv:202610021130,59200.0,59200.0,58900.0,58900.0,1427
m15-kis/121600/2026.csv:202610021145,59000.0,59100.0,58900.0,58900.0,1250
m15-kis/121600/2026.csv:202610021200,59100.0,59100.0,58800.0,59000.0,1046
m15-kis/121600/2026.csv:202610021215,59000.0,59100.0,58600.0,58900.0,1648
m15-kis/121600/2026.csv:202610021230,58900.0,59000.0,58700.0,58800.0,1141
m15-kis/121600/2026.csv:202610021245,58700.0,58900.0,58500.0,58800.0,1398
m15-kis/121600/2026.csv:202610021300,58900.0,59000.0,58500.0,58800.0,1815
m15-kis/121600/2026.csv:202610021315,58700.0,59000.0,58700.0,58800.0,1036
m15-kis/121600/2026.csv:202610021330,58800.0,59000.0,58800.0,58900.0,1532
m15-kis/121600/2026.csv:202610021345,58800.0,59100.0,58800.0,59000.0,1532
m15-kis/121600/2026.csv:202610021400,59000.0,59200.0,58900.0,59200.0,1862
m15-kis/121600/2026.csv:202610021415,59200.0,59300.0,59000.0,59300.0,3691
m15-kis/121600/2026.csv:202610021430,59100.0,59300.0,59100.0,59100.0,2114
m15-kis/121600/2026.csv:202610021445,59200.0,59700.0,59200.0,59700.0,8269
m15-kis/121600/2026.csv:202610021500,59700.0,59800.0,59500.0,59800.0,5667
m15-kis/121600/2026.csv:202610021515,59800.0,59800.0,59400.0,59500.0,7523
m15-kis/122870/2026.csv:202610020900,41400.0,41600.0,41150.0,41200.0,2528
m15-kis/122870/2026.csv:202610020915,41250.0,41300.0,41050.0,41100.0,3216
m15-kis/122870/2026.csv:202610020930,41100.0,41100.0,40650.0,40650.0,4664
m15-kis/122870/2026.csv:202610020945,40700.0,40700.0,40300.0,40350.0,5996
m15-kis/122870/2026.csv:202610021000,40350.0,40400.0,40200.0,40300.0,5076
m15-kis/122870/2026.csv:202610021015,40300.0,40350.0,39900.0,40050.0,6485
m15-kis/122870/2026.csv:202610021030,40100.0,40250.0,40000.0,40150.0,3435
m15-kis/122870/2026.csv:202610021045,40150.0,40200.0,40000.0,40100.0,2766
m15-kis/122870/2026.csv:202610021100,40050.0,40250.0,40050.0,40150.0,1641
m15-kis/122870/2026.csv:202610021115,40200.0,40250.0,40100.0,40200.0,1739
m15-kis/122870/2026.csv:202610021130,40200.0,40250.0,40050.0,40200.0,1570
m15-kis/122870/2026.csv:202610021145,40200.0,40400.0,40100.0,40250.0,2322
m15-kis/122870/2026.csv:202610021200,40200.0,40250.0,40100.0,40100.0,1129
m15-kis/122870/2026.csv:202610021215,40150.0,40250.0,40100.0,40150.0,1432
m15-kis/122870/2026.csv:202610021230,40100.0,40150.0,40050.0,40100.0,1616
m15-kis/122870/2026.csv:202610021245,40150.0,40200.0,40050.0,40150.0,2208
m15-kis/122870/2026.csv:202610021300,40100.0,40250.0,40100.0,40200.0,2642
m15-kis/122870/2026.csv:202610021315,40250.0,40250.0,40150.0,40150.0,1517
m15-kis/122870/2026.csv:202610021330,40150.0,40425.0,40150.0,40350.0,2857
m15-kis/122870/2026.csv:202610021345,40350.0,40850.0,40250.0,40750.0,5242
m15-kis/122870/2026.csv:202610021400,40750.0,40850.0,40500.0,40600.0,3686
m15-kis/122870/2026.csv:202610021415,40550.0,40700.0,40450.0,40500.0,3220
m15-kis/122870/2026.csv:202610021430,40500.0,40600.0,40450.0,40500.0,2355
m15-kis/122870/2026.csv:202610021445,40500.0,40700.0,40500.0,40650.0,3901
m15-kis/122870/2026.csv:202610021500,40600.0,40900.0,40600.0,40800.0,4332
m15-kis/122870/2026.csv:202610021515,40800.0,40850.0,40650.0,40650.0,5492
m15-kis/124500/2026.csv:202610020900,29550.0,30000.0,29550.0,29800.0,14272
m15-kis/124500/2026.csv:202610020915,29700.0,29800.0,29450.0,29600.0,7955
m15-kis/124500/2026.csv:202610020930,29650.0,29700.0,29500.0,29525.0,2339
m15-kis/124500/2026.csv:202610020945,29525.0,29550.0,29400.0,29450.0,5375
m15-kis/124500/2026.csv:202610021000,29500.0,29500.0,29050.0,29100.0,5946
m15-kis/124500/2026.csv:202610021015,29100.0,29200.0,28750.0,28850.0,8826
m15-kis/124500/2026.csv:202610021030,28800.0,28850.0,28650.0,28750.0,5813
m15-kis/124500/2026.csv:202610021045,28700.0,28900.0,28700.0,28750.0,2933
m15-kis/124500/2026.csv:202610021100,28750.0,28900.0,28700.0,28700.0,4248
m15-kis/124500/2026.csv:202610021115,28700.0,28850.0,28700.0,28750.0,3172
m15-kis/124500/2026.csv:202610021130,28700.0,28850.0,28650.0,28700.0,2893
m15-kis/124500/2026.csv:202610021145,28700.0,28850.0,28700.0,28750.0,2951
m15-kis/124500/2026.csv:202610021200,28750.0,28850.0,28700.0,28750.0,2171
m15-kis/124500/2026.csv:202610021215,28750.0,28850.0,28700.0,28800.0,2452
m15-kis/124500/2026.csv:202610021230,28800.0,28900.0,28750.0,28800.0,2380
m15-kis/124500/2026.csv:202610021245,28800.0,28850.0,28750.0,28750.0,3726
m15-kis/124500/2026.csv:202610021300,28750.0,28900.0,28650.0,28750.0,3079
m15-kis/124500/2026.csv:202610021315,28650.0,29400.0,28650.0,29400.0,24735
m15-kis/124500/2026.csv:202610021330,29450.0,29450.0,29150.0,29300.0,6258
m15-kis/124500/2026.csv:202610021345,29300.0,29450.0,29200.0,29350.0,4891
m15-kis/124500/2026.csv:202610021400,29350.0,29400.0,29100.0,29150.0,6276
m15-kis/124500/2026.csv:202610021415,29100.0,29250.0,28950.0,29050.0,7741
m15-kis/124500/2026.csv:202610021430,29050.0,29200.0,29050.0,29100.0,3027
m15-kis/124500/2026.csv:202610021445,29100.0,29150.0,29050.0,29050.0,6342
m15-kis/124500/2026.csv:202610021500,29050.0,29250.0,29050.0,29200.0,1877
m15-kis/124500/2026.csv:202610021515,29250.0,29250.0,29150.0,29250.0,6501
m15-kis/127120/2026.csv:202610020900,30050.0,30350.0,29900.0,29950.0,10990
m15-kis/127120/2026.csv:202610020915,29900.0,30150.0,29750.0,29850.0,7623
m15-kis/127120/2026.csv:202610020930,29850.0,30100.0,29850.0,30050.0,3075
m15-kis/127120/2026.csv:202610020945,30000.0,30100.0,29800.0,29950.0,4114
m15-kis/127120/2026.csv:202610021000,29950.0,29950.0,29800.0,29800.0,4011
m15-kis/127120/2026.csv:202610021015,29850.0,29850.0,29750.0,29800.0,4648
m15-kis/127120/2026.csv:202610021030,29800.0,29800.0,29550.0,29550.0,8814
m15-kis/127120/2026.csv:202610021045,29550.0,29600.0,29450.0,29500.0,14099
m15-kis/127120/2026.csv:202610021100,29500.0,29550.0,29400.0,29450.0,12491
m15-kis/127120/2026.csv:202610021115,29450.0,29600.0,29450.0,29550.0,2920
m15-kis/127120/2026.csv:202610021130,29500.0,29600.0,29450.0,29450.0,4082
m15-kis/127120/2026.csv:202610021145,29500.0,29500.0,29400.0,29400.0,6291
m15-kis/127120/2026.csv:202610021200,29450.0,29450.0,29250.0,29300.0,5909
m15-kis/127120/2026.csv:202610021215,29300.0,29300.0,29250.0,29300.0,2107
m15-kis/127120/2026.csv:202610021230,29300.0,29350.0,29250.0,29300.0,4697
m15-kis/127120/2026.csv:202610021245,29300.0,29350.0,29200.0,29250.0,9507
m15-kis/127120/2026.csv:202610021300,29250.0,29300.0,29100.0,29150.0,6650
m15-kis/127120/2026.csv:202610021315,29150.0,29350.0,29100.0,29200.0,10530
m15-kis/127120/2026.csv:202610021330,29250.0,29350.0,29200.0,29350.0,1336
m15-kis/127120/2026.csv:202610021345,29350.0,29400.0,29350.0,29400.0,853
m15-kis/127120/2026.csv:202610021400,29350.0,29400.0,29350.0,29400.0,1171
m15-kis/127120/2026.csv:202610021415,29400.0,29400.0,29350.0,29350.0,972
m15-kis/127120/2026.csv:202610021430,29400.0,29400.0,29300.0,29350.0,1495
m15-kis/127120/2026.csv:202610021445,29350.0,29350.0,29000.0,29050.0,20659
m15-kis/127120/2026.csv:202610021500,29050.0,29150.0,29000.0,29150.0,6355
m15-kis/127120/2026.csv:202610021515,29150.0,29250.0,29100.0,29200.0,2562
m15-kis/128940/2026.csv:202610020900,498000.0,506000.0,497000.0,498000.0,2758
m15-kis/128940/2026.csv:202610020915,498000.0,499000.0,495000.0,497000.0,3211
m15-kis/128940/2026.csv:202610020930,496500.0,499000.0,495000.0,496500.0,2792
m15-kis/128940/2026.csv:202610020945,496000.0,498000.0,495000.0,496500.0,2830
m15-kis/128940/2026.csv:202610021000,496500.0,497500.0,496000.0,497000.0,1008
m15-kis/128940/2026.csv:202610021015,497500.0,498000.0,496000.0,496500.0,1568
m15-kis/128940/2026.csv:202610021030,496000.0,496000.0,492500.0,494500.0,2738
m15-kis/128940/2026.csv:202610021045,494500.0,501000.0,493500.0,499500.0,1930
m15-kis/128940/2026.csv:202610021100,499500.0,504000.0,498000.0,502000.0,2274
m15-kis/128940/2026.csv:202610021115,502000.0,503000.0,500000.0,503000.0,1121
m15-kis/128940/2026.csv:202610021130,503000.0,503000.0,500000.0,502000.0,1593
m15-kis/128940/2026.csv:202610021145,502000.0,504000.0,501000.0,503000.0,1876
m15-kis/128940/2026.csv:202610021200,502000.0,503000.0,501000.0,502000.0,1205
m15-kis/128940/2026.csv:202610021215,502000.0,503000.0,500000.0,501000.0,873
m15-kis/128940/2026.csv:202610021230,501000.0,502000.0,500000.0,500000.0,785
m15-kis/128940/2026.csv:202610021245,501000.0,502000.0,499500.0,501000.0,666
m15-kis/128940/2026.csv:202610021300,501000.0,502000.0,498500.0,498500.0,1531
m15-kis/128940/2026.csv:202610021315,498500.0,500000.0,497500.0,497500.0,2048
m15-kis/128940/2026.csv:202610021330,498500.0,504000.0,497500.0,503000.0,2270
m15-kis/128940/2026.csv:202610021345,504000.0,504000.0,500000.0,501000.0,1395
m15-kis/128940/2026.csv:202610021400,502000.0,503000.0,500000.0,501000.0,926
m15-kis/128940/2026.csv:202610021415,502000.0,507000.0,500000.0,504000.0,5623
m15-kis/128940/2026.csv:202610021430,504000.0,505000.0,503000.0,504000.0,1625
m15-kis/128940/2026.csv:202610021445,504000.0,507000.0,503000.0,505000.0,2772
m15-kis/128940/2026.csv:202610021500,505000.0,506000.0,502000.0,505000.0,3543
m15-kis/128940/2026.csv:202610021515,506000.0,506000.0,504000.0,506000.0,2038
m15-kis/131290/2026.csv:202610020900,298000.0,302000.0,292000.0,296000.0,9305
m15-kis/131290/2026.csv:202610020915,296000.0,303500.0,295000.0,302500.0,3598
m15-kis/131290/2026.csv:202610020930,302500.0,302500.0,297500.0,301500.0,4472
m15-kis/131290/2026.csv:202610020945,302000.0,305000.0,297500.0,297500.0,5025
m15-kis/131290/2026.csv:202610021000,297000.0,297000.0,293000.0,294500.0,8234
m15-kis/131290/2026.csv:202610021015,294500.0,295500.0,290500.0,291500.0,6592
m15-kis/131290/2026.csv:202610021030,291500.0,292000.0,289000.0,290500.0,8053
m15-kis/131290/2026.csv:202610021045,290000.0,294000.0,289500.0,293000.0,5322
m15-kis/131290/2026.csv:202610021100,293500.0,296000.0,291000.0,294500.0,4631
m15-kis/131290/2026.csv:202610021115,295000.0,295500.0,292000.0,293500.0,2744
m15-kis/131290/2026.csv:202610021130,293500.0,293500.0,290500.0,292000.0,3919
m15-kis/131290/2026.csv:202610021145,292000.0,294000.0,290000.0,293000.0,3172
m15-kis/131290/2026.csv:202610021200,293000.0,293500.0,290500.0,292000.0,3499
m15-kis/131290/2026.csv:202610021215,292000.0,293500.0,291000.0,292500.0,2420
m15-kis/131290/2026.csv:202610021230,292500.0,293000.0,290000.0,291500.0,3496
m15-kis/131290/2026.csv:202610021245,291000.0,291500.0,288500.0,289000.0,4527
m15-kis/131290/2026.csv:202610021300,289000.0,290000.0,286000.0,288500.0,5784
m15-kis/131290/2026.csv:202610021315,288500.0,290000.0,287000.0,289500.0,3352
m15-kis/131290/2026.csv:202610021330,289000.0,291000.0,287500.0,289000.0,4366
m15-kis/131290/2026.csv:202610021345,289500.0,290500.0,288000.0,290000.0,2948
m15-kis/131290/2026.csv:202610021400,290500.0,290500.0,288000.0,289500.0,4256
m15-kis/131290/2026.csv:202610021415,289500.0,289500.0,287500.0,287500.0,2453
m15-kis/131290/2026.csv:202610021430,288000.0,288500.0,286500.0,288000.0,3665
m15-kis/131290/2026.csv:202610021445,288000.0,288500.0,287000.0,287500.0,3357
m15-kis/131290/2026.csv:202610021500,287500.0,290000.0,287500.0,289500.0,3265
m15-kis/131290/2026.csv:202610021515,289000.0,290500.0,289000.0,290500.0,2620
m15-kis/131970/2026.csv:202610020900,107800.0,111500.0,107200.0,109900.0,70356
m15-kis/131970/2026.csv:202610020915,109800.0,110300.0,108200.0,109100.0,29445
m15-kis/131970/2026.csv:202610020930,109100.0,109600.0,108700.0,109000.0,11255
m15-kis/131970/2026.csv:202610020945,109000.0,110100.0,109000.0,110000.0,10720
m15-kis/131970/2026.csv:202610021000,109800.0,109900.0,108700.0,109600.0,9287
m15-kis/131970/2026.csv:202610021015,109600.0,110350.0,108700.0,108800.0,11699
m15-kis/131970/2026.csv:202610021030,108700.0,109000.0,107500.0,108200.0,13067
m15-kis/131970/2026.csv:202610021045,108100.0,109500.0,108000.0,109400.0,5980
m15-kis/131970/2026.csv:202610021100,109300.0,109400.0,108700.0,108950.0,4027
m15-kis/131970/2026.csv:202610021115,108900.0,110050.0,108900.0,109300.0,8022
m15-kis/131970/2026.csv:202610021130,109300.0,109500.0,108200.0,108300.0,5236
m15-kis/131970/2026.csv:202610021145,108300.0,108800.0,108100.0,108400.0,3339
m15-kis/131970/2026.csv:202610021200,108400.0,109000.0,108300.0,108500.0,3853
m15-kis/131970/2026.csv:202610021215,108300.0,108600.0,107600.0,107700.0,6603
m15-kis/131970/2026.csv:202610021230,107700.0,107700.0,106900.0,107100.0,8124
m15-kis/131970/2026.csv:202610021245,107200.0,107600.0,106700.0,106800.0,8694
m15-kis/131970/2026.csv:202610021300,106800.0,107400.0,106000.0,106900.0,13868
m15-kis/131970/2026.csv:202610021315,106900.0,107900.0,106900.0,107800.0,5238
m15-kis/131970/2026.csv:202610021330,107900.0,107900.0,107500.0,107800.0,4368
m15-kis/131970/2026.csv:202610021345,107800.0,108000.0,107400.0,107900.0,4918
m15-kis/131970/2026.csv:202610021400,107900.0,108300.0,107000.0,107200.0,8993
m15-kis/131970/2026.csv:202610021415,107200.0,107400.0,106400.0,106400.0,7844
m15-kis/131970/2026.csv:202610021430,106400.0,106600.0,105200.0,105700.0,16129
m15-kis/131970/2026.csv:202610021445,105700.0,106400.0,105400.0,105800.0,13134
m15-kis/131970/2026.csv:202610021500,105800.0,106600.0,105600.0,106000.0,15742
m15-kis/131970/2026.csv:202610021515,106000.0,106900.0,106000.0,106900.0,11431
m15-kis/137310/2026.csv:202610020900,6290.0,6330.0,6280.0,6300.0,2737
m15-kis/137310/2026.csv:202610020915,6290.0,6295.0,6240.0,6270.0,1517
m15-kis/137310/2026.csv:202610020930,6270.0,6300.0,6260.0,6270.0,1540
m15-kis/137310/2026.csv:202610020945,6280.0,6290.0,6250.0,6260.0,3038
m15-kis/137310/2026.csv:202610021000,6250.0,6270.0,6230.0,6270.0,2429
m15-kis/137310/2026.csv:202610021015,6270.0,6270.0,6230.0,6240.0,6156
m15-kis/137310/2026.csv:202610021030,6230.0,6260.0,6230.0,6250.0,1977
m15-kis/137310/2026.csv:202610021045,6250.0,6270.0,6230.0,6260.0,1149
m15-kis/137310/2026.csv:202610021100,6260.0,6280.0,6250.0,6260.0,1008
m15-kis/137310/2026.csv:202610021115,6270.0,6290.0,6250.0,6270.0,1418
m15-kis/137310/2026.csv:202610021130,6270.0,6290.0,6240.0,6290.0,1348
m15-kis/137310/2026.csv:202610021145,6290.0,6300.0,6290.0,6300.0,1844
m15-kis/137310/2026.csv:202610021200,6300.0,6310.0,6290.0,6300.0,2170
m15-kis/137310/2026.csv:202610021215,6310.0,6310.0,6300.0,6310.0,1176
m15-kis/137310/2026.csv:202610021230,6310.0,6310.0,6300.0,6310.0,2345
m15-kis/137310/2026.csv:202610021245,6300.0,6310.0,6290.0,6290.0,1596
m15-kis/137310/2026.csv:202610021300,6320.0,6320.0,6300.0,6300.0,2544
m15-kis/137310/2026.csv:202610021315,6300.0,6320.0,6300.0,6320.0,2254
m15-kis/137310/2026.csv:202610021330,6320.0,6330.0,6290.0,6320.0,4536
m15-kis/137310/2026.csv:202610021345,6310.0,6330.0,6310.0,6330.0,2326
m15-kis/137310/2026.csv:202610021400,6320.0,6330.0,6310.0,6330.0,1712
m15-kis/137310/2026.csv:202610021415,6330.0,6330.0,6300.0,6310.0,1558
m15-kis/137310/2026.csv:202610021430,6310.0,6340.0,6300.0,6330.0,1901
m15-kis/137310/2026.csv:202610021445,6330.0,6330.0,6300.0,6330.0,2789
m15-kis/137310/2026.csv:202610021500,6330.0,6340.0,6310.0,6320.0,4151
m15-kis/137310/2026.csv:202610021515,6320.0,6340.0,6310.0,6340.0,3398
m15-kis/137400/2026.csv:202610020900,31250.0,32400.0,31250.0,32250.0,32843
m15-kis/137400/2026.csv:202610020915,32250.0,32300.0,31750.0,32200.0,11216
m15-kis/137400/2026.csv:202610020930,32150.0,32200.0,32000.0,32050.0,26689
m15-kis/137400/2026.csv:202610020945,32050.0,32250.0,31900.0,32150.0,17769
m15-kis/137400/2026.csv:202610021000,32150.0,32150.0,31700.0,31950.0,9481
m15-kis/137400/2026.csv:202610021015,31950.0,31950.0,31550.0,31850.0,5704
m15-kis/137400/2026.csv:202610021030,31850.0,31950.0,31450.0,31600.0,12358
m15-kis/137400/2026.csv:202610021045,31600.0,31900.0,31475.0,31800.0,3519
m15-kis/137400/2026.csv:202610021100,31850.0,31950.0,31800.0,31900.0,3329
m15-kis/137400/2026.csv:202610021115,31900.0,31900.0,31800.0,31850.0,2140
m15-kis/137400/2026.csv:202610021130,31900.0,31950.0,31850.0,31950.0,2412
m15-kis/137400/2026.csv:202610021145,31950.0,32000.0,31900.0,32000.0,2530
m15-kis/137400/2026.csv:202610021200,32000.0,32000.0,31850.0,31900.0,2219
m15-kis/137400/2026.csv:202610021215,31900.0,32050.0,31750.0,32000.0,6051
m15-kis/137400/2026.csv:202610021230,32000.0,32050.0,31900.0,31900.0,2365
m15-kis/137400/2026.csv:202610021245,31900.0,31950.0,31700.0,31900.0,4319
m15-kis/137400/2026.csv:202610021300,31900.0,32050.0,31750.0,31900.0,3560
m15-kis/137400/2026.csv:202610021315,31900.0,32000.0,31900.0,32000.0,1053
m15-kis/137400/2026.csv:202610021330,32000.0,32100.0,31950.0,32050.0,2933
m15-kis/137400/2026.csv:202610021345,32050.0,32250.0,32050.0,32250.0,4278
m15-kis/137400/2026.csv:202610021400,32250.0,32350.0,32200.0,32350.0,3808
m15-kis/137400/2026.csv:202610021415,32350.0,32400.0,32200.0,32250.0,4859
m15-kis/137400/2026.csv:202610021430,32250.0,32350.0,32200.0,32250.0,3546
m15-kis/137400/2026.csv:202610021445,32250.0,32450.0,32250.0,32450.0,7141
m15-kis/137400/2026.csv:202610021500,32450.0,32500.0,32350.0,32500.0,7670
m15-kis/137400/2026.csv:202610021515,32500.0,32500.0,32300.0,32400.0,9393
m15-kis/138040/2026.csv:202610020900,127700.0,129800.0,127200.0,129200.0,6149
m15-kis/138040/2026.csv:202610020915,129200.0,129900.0,128200.0,128500.0,6820
m15-kis/138040/2026.csv:202610020930,128600.0,129000.0,127800.0,127800.0,4166
m15-kis/138040/2026.csv:202610020945,127800.0,128200.0,127600.0,128200.0,3395
m15-kis/138040/2026.csv:202610021000,128300.0,128300.0,127500.0,128000.0,4028
m15-kis/138040/2026.csv:202610021015,128100.0,128800.0,127900.0,128200.0,3338
m15-kis/138040/2026.csv:202610021030,128200.0,129000.0,128000.0,128300.0,3122
m15-kis/138040/2026.csv:202610021045,128300.0,128800.0,128100.0,128300.0,3333
m15-kis/138040/2026.csv:202610021100,128300.0,128700.0,128200.0,128400.0,2588
m15-kis/138040/2026.csv:202610021115,128600.0,128700.0,128200.0,128500.0,3068
m15-kis/138040/2026.csv:202610021130,128600.0,128600.0,128200.0,128500.0,3360
m15-kis/138040/2026.csv:202610021145,128200.0,128600.0,128200.0,128300.0,2574
m15-kis/138040/2026.csv:202610021200,128300.0,128600.0,128200.0,128500.0,2938
m15-kis/138040/2026.csv:202610021215,128500.0,128600.0,128300.0,128300.0,2650
m15-kis/138040/2026.csv:202610021230,128300.0,128600.0,128300.0,128600.0,2189
m15-kis/138040/2026.csv:202610021245,128400.0,128500.0,128100.0,128400.0,2495
m15-kis/138040/2026.csv:202610021300,128200.0,128500.0,128200.0,128400.0,2827
m15-kis/138040/2026.csv:202610021315,128400.0,128600.0,128300.0,128400.0,2357
m15-kis/138040/2026.csv:202610021330,128400.0,128400.0,127900.0,127900.0,2858
m15-kis/138040/2026.csv:202610021345,127900.0,128200.0,127900.0,128100.0,2672
m15-kis/138040/2026.csv:202610021400,128100.0,128200.0,127700.0,128000.0,3374
m15-kis/138040/2026.csv:202610021415,128000.0,128100.0,127800.0,127900.0,3079
m15-kis/138040/2026.csv:202610021430,127900.0,128500.0,127900.0,128300.0,3544
m15-kis/138040/2026.csv:202610021445,128300.0,128500.0,128000.0,128500.0,2953
m15-kis/138040/2026.csv:202610021500,128500.0,128800.0,128200.0,128600.0,6749
m15-kis/138040/2026.csv:202610021515,128500.0,128900.0,128500.0,128800.0,5850
m15-kis/138930/2026.csv:202610020900,15810.0,16000.0,15800.0,15960.0,28402
m15-kis/138930/2026.csv:202610020915,15950.0,15960.0,15820.0,15920.0,10617
m15-kis/138930/2026.csv:202610020930,15860.0,15940.0,15840.0,15920.0,23349
m15-kis/138930/2026.csv:202610020945,15920.0,15980.0,15910.0,15950.0,14542
m15-kis/138930/2026.csv:202610021000,15950.0,16020.0,15930.0,16020.0,23781
m15-kis/138930/2026.csv:202610021015,16010.0,16030.0,15940.0,15960.0,21065
m15-kis/138930/2026.csv:202610021030,15960.0,16180.0,15950.0,16090.0,98007
m15-kis/138930/2026.csv:202610021045,16050.0,16090.0,15990.0,16050.0,16534
m15-kis/138930/2026.csv:202610021100,16050.0,16090.0,16010.0,16050.0,10286
m15-kis/138930/2026.csv:202610021115,16070.0,16080.0,16020.0,16080.0,11092
m15-kis/138930/2026.csv:202610021130,16070.0,16080.0,15990.0,16010.0,14454
m15-kis/138930/2026.csv:202610021145,16010.0,16060.0,16000.0,16060.0,9434
m15-kis/138930/2026.csv:202610021200,16050.0,16090.0,16020.0,16040.0,11161
m15-kis/138930/2026.csv:202610021215,16090.0,16100.0,16040.0,16050.0,8603
m15-kis/138930/2026.csv:202610021230,16050.0,16070.0,16000.0,16040.0,10615
m15-kis/138930/2026.csv:202610021245,16040.0,16060.0,16000.0,16010.0,9332
m15-kis/138930/2026.csv:202610021300,16010.0,16070.0,15980.0,16020.0,16285
m15-kis/138930/2026.csv:202610021315,16040.0,16060.0,15960.0,15960.0,12973
m15-kis/138930/2026.csv:202610021330,15960.0,16000.0,15930.0,15940.0,13482
m15-kis/138930/2026.csv:202610021345,15940.0,16020.0,15940.0,15960.0,16015
m15-kis/138930/2026.csv:202610021400,15970.0,15990.0,15940.0,15960.0,13034
m15-kis/138930/2026.csv:202610021415,15950.0,16000.0,15920.0,15920.0,12334
m15-kis/138930/2026.csv:202610021430,15930.0,16000.0,15910.0,15940.0,15749
m15-kis/138930/2026.csv:202610021445,15940.0,15990.0,15930.0,15960.0,15360
m15-kis/138930/2026.csv:202610021500,15950.0,15980.0,15920.0,15920.0,26625
m15-kis/138930/2026.csv:202610021515,15930.0,15990.0,15920.0,15940.0,46166
m15-kis/139130/2026.csv:202610020900,18300.0,18470.0,18290.0,18420.0,5774
m15-kis/139130/2026.csv:202610020915,18420.0,18490.0,18330.0,18410.0,7216
m15-kis/139130/2026.csv:202610020930,18410.0,18480.0,18390.0,18410.0,5182
m15-kis/139130/2026.csv:202610020945,18420.0,18420.0,18320.0,18370.0,5185
m15-kis/139130/2026.csv:202610021000,18360.0,18400.0,18320.0,18400.0,7384
m15-kis/139130/2026.csv:202610021015,18380.0,18450.0,18330.0,18420.0,8004
m15-kis/139130/2026.csv:202610021030,18420.0,18550.0,18390.0,18480.0,11452
m15-kis/139130/2026.csv:202610021045,18480.0,18530.0,18480.0,18520.0,5987
m15-kis/139130/2026.csv:202610021100,18520.0,18640.0,18500.0,18630.0,10792
m15-kis/139130/2026.csv:202610021115,18640.0,18690.0,18630.0,18670.0,12706
m15-kis/139130/2026.csv:202610021130,18680.0,18700.0,18630.0,18640.0,7617
m15-kis/139130/2026.csv:202610021145,18650.0,18660.0,18640.0,18660.0,3952
m15-kis/139130/2026.csv:202610021200,18660.0,18690.0,18660.0,18670.0,5466
m15-kis/139130/2026.csv:202610021215,18670.0,18690.0,18650.0,18650.0,10052
m15-kis/139130/2026.csv:202610021230,18660.0,18660.0,18560.0,18630.0,10789
m15-kis/139130/2026.csv:202610021245,18630.0,18650.0,18590.0,18590.0,8203
m15-kis/139130/2026.csv:202610021300,18590.0,18600.0,18560.0,18600.0,11687
m15-kis/139130/2026.csv:202610021315,18600.0,18630.0,18570.0,18570.0,9710
m15-kis/139130/2026.csv:202610021330,18570.0,18580.0,18570.0,18570.0,2517
m15-kis/139130/2026.csv:202610021345,18570.0,18590.0,18570.0,18590.0,6002
m15-kis/139130/2026.csv:202610021400,18590.0,18620.0,18550.0,18560.0,14146
m15-kis/139130/2026.csv:202610021415,18550.0,18600.0,18550.0,18570.0,7025
m15-kis/139130/2026.csv:202610021430,18580.0,18580.0,18570.0,18580.0,3889
m15-kis/139130/2026.csv:202610021445,18570.0,18630.0,18570.0,18600.0,11178
m15-kis/139130/2026.csv:202610021500,18600.0,18630.0,18520.0,18600.0,14100
m15-kis/139130/2026.csv:202610021515,18610.0,18650.0,18600.0,18640.0,11571
m15-kis/139480/2026.csv:202610020900,71000.0,71300.0,70900.0,70900.0,4169
m15-kis/139480/2026.csv:202610020915,70900.0,71000.0,70500.0,70800.0,3504
m15-kis/139480/2026.csv:202610020930,70800.0,70900.0,70700.0,70800.0,1045
m15-kis/139480/2026.csv:202610020945,70900.0,70900.0,70800.0,70900.0,776
m15-kis/139480/2026.csv:202610021000,70800.0,71100.0,70800.0,71000.0,2174
m15-kis/139480/2026.csv:202610021015,70900.0,71000.0,70800.0,70900.0,2341
m15-kis/139480/2026.csv:202610021030,70900.0,71300.0,70800.0,71100.0,5019
m15-kis/139480/2026.csv:202610021045,71100.0,71500.0,71000.0,71400.0,3235
m15-kis/139480/2026.csv:202610021100,71400.0,71600.0,71300.0,71600.0,3134
m15-kis/139480/2026.csv:202610021115,71600.0,71800.0,71500.0,71800.0,2133
m15-kis/139480/2026.csv:202610021130,71800.0,71800.0,71600.0,71800.0,914
m15-kis/139480/2026.csv:202610021145,71800.0,71800.0,71600.0,71800.0,2337
m15-kis/139480/2026.csv:202610021200,71800.0,71900.0,71700.0,71850.0,1118
m15-kis/139480/2026.csv:202610021215,71850.0,71900.0,71700.0,71800.0,1384
m15-kis/139480/2026.csv:202610021230,71800.0,72000.0,71700.0,72000.0,2123
m15-kis/139480/2026.csv:202610021245,72000.0,72000.0,71800.0,71900.0,3131
m15-kis/139480/2026.csv:202610021300,71900.0,72000.0,71800.0,71900.0,1576
m15-kis/139480/2026.csv:202610021315,71900.0,72000.0,71800.0,71900.0,2031
m15-kis/139480/2026.csv:202610021330,71900.0,72000.0,71800.0,71900.0,4114
m15-kis/139480/2026.csv:202610021345,71800.0,72000.0,71700.0,72000.0,3971
m15-kis/139480/2026.csv:202610021400,71900.0,72000.0,71800.0,71900.0,2387
m15-kis/139480/2026.csv:202610021415,71900.0,71900.0,71700.0,71900.0,1972
m15-kis/139480/2026.csv:202610021430,71900.0,71900.0,71700.0,71900.0,1894
m15-kis/139480/2026.csv:202610021445,71900.0,72000.0,71700.0,72000.0,4558
m15-kis/139480/2026.csv:202610021500,72000.0,72000.0,71800.0,71800.0,2529
m15-kis/139480/2026.csv:202610021515,71900.0,72000.0,71700.0,71900.0,3093
m15-kis/140410/2026.csv:202610020900,73300.0,74900.0,73100.0,73800.0,6619
m15-kis/140410/2026.csv:202610020915,73700.0,73700.0,72000.0,72400.0,7531
m15-kis/140410/2026.csv:202610020930,72400.0,72400.0,71600.0,71600.0,4289
m15-kis/140410/2026.csv:202610020945,71700.0,71700.0,70600.0,71200.0,10707
m15-kis/140410/2026.csv:202610021000,71100.0,71300.0,70700.0,71200.0,2452
m15-kis/140410/2026.csv:202610021015,71200.0,71300.0,70600.0,70600.0,4623
m15-kis/140410/2026.csv:202610021030,70600.0,70600.0,69600.0,70300.0,14336
m15-kis/140410/2026.csv:202610021045,70300.0,70500.0,70100.0,70400.0,2447
m15-kis/140410/2026.csv:202610021100,70400.0,70700.0,70300.0,70500.0,2378
m15-kis/140410/2026.csv:202610021115,70500.0,71000.0,70300.0,70300.0,2747
m15-kis/140410/2026.csv:202610021130,70300.0,70400.0,69900.0,69900.0,4402
m15-kis/140410/2026.csv:202610021145,69900.0,70300.0,69400.0,70100.0,9720
m15-kis/140410/2026.csv:202610021200,70200.0,70200.0,69900.0,69900.0,2713
m15-kis/140410/2026.csv:202610021215,69900.0,70000.0,69800.0,69800.0,2261
m15-kis/140410/2026.csv:202610021230,69900.0,70400.0,69800.0,70000.0,2260
m15-kis/140410/2026.csv:202610021245,70000.0,70000.0,69700.0,69700.0,3660
m15-kis/140410/2026.csv:202610021300,69700.0,70000.0,69700.0,69800.0,1878
m15-kis/140410/2026.csv:202610021315,69900.0,70000.0,69600.0,69600.0,2582
m15-kis/140410/2026.csv:202610021330,69600.0,70000.0,69600.0,69900.0,647
m15-kis/140410/2026.csv:202610021345,70000.0,70000.0,69400.0,69400.0,8305
m15-kis/140410/2026.csv:202610021400,69500.0,69600.0,68600.0,68600.0,12709
m15-kis/140410/2026.csv:202610021415,68600.0,69000.0,68000.0,68700.0,11149
m15-kis/140410/2026.csv:202610021430,68700.0,68800.0,68400.0,68400.0,5794
m15-kis/140410/2026.csv:202610021445,68400.0,68500.0,67600.0,68200.0,16091
m15-kis/140410/2026.csv:202610021500,68300.0,68300.0,67800.0,68000.0,9042
m15-kis/140410/2026.csv:202610021515,67900.0,68100.0,67900.0,68000.0,4317
m15-kis/140860/2026.csv:202610020900,296000.0,300000.0,296000.0,297000.0,1132
m15-kis/140860/2026.csv:202610020915,297500.0,298000.0,292500.0,295500.0,2702
m15-kis/140860/2026.csv:202610020930,295500.0,299000.0,294000.0,299000.0,1585
m15-kis/140860/2026.csv:202610020945,299000.0,302500.0,298500.0,301000.0,1178
m15-kis/140860/2026.csv:202610021000,302000.0,307000.0,301000.0,305000.0,2314
m15-kis/140860/2026.csv:202610021015,305000.0,305000.0,301500.0,302500.0,1211
m15-kis/140860/2026.csv:202610021030,303500.0,303500.0,300000.0,301000.0,743
m15-kis/140860/2026.csv:202610021045,301000.0,304500.0,300500.0,302500.0,1459
m15-kis/140860/2026.csv:202610021100,303000.0,303500.0,299000.0,301500.0,1169
m15-kis/140860/2026.csv:202610021115,300500.0,302000.0,298500.0,299000.0,824
m15-kis/140860/2026.csv:202610021130,299000.0,301000.0,298500.0,299500.0,699
m15-kis/140860/2026.csv:202610021145,299500.0,300500.0,299000.0,299500.0,745
m15-kis/140860/2026.csv:202610021200,299500.0,301000.0,298500.0,298500.0,811
m15-kis/140860/2026.csv:202610021215,298500.0,300500.0,298500.0,299000.0,621
m15-kis/140860/2026.csv:202610021230,299000.0,300000.0,297500.0,297500.0,758
m15-kis/140860/2026.csv:202610021245,297500.0,300000.0,297500.0,298500.0,869
m15-kis/140860/2026.csv:202610021300,298000.0,299500.0,297000.0,297000.0,999
m15-kis/140860/2026.csv:202610021315,297000.0,299000.0,297000.0,297000.0,625
m15-kis/140860/2026.csv:202610021330,297500.0,298500.0,297000.0,297500.0,711
m15-kis/140860/2026.csv:202610021345,297500.0,298500.0,297000.0,298000.0,662
m15-kis/140860/2026.csv:202610021400,298500.0,299500.0,297500.0,298000.0,831
m15-kis/140860/2026.csv:202610021415,298000.0,299500.0,297000.0,297500.0,870
m15-kis/140860/2026.csv:202610021430,297500.0,299000.0,296500.0,297500.0,718
m15-kis/140860/2026.csv:202610021445,297500.0,299500.0,297000.0,299000.0,766
m15-kis/140860/2026.csv:202610021500,298000.0,299500.0,297000.0,298500.0,831
m15-kis/140860/2026.csv:202610021515,298500.0,299000.0,296500.0,298000.0,1304
m15-kis/141080/2026.csv:202610020900,85700.0,87800.0,84600.0,84600.0,28136
m15-kis/141080/2026.csv:202610020915,84800.0,84800.0,82900.0,83300.0,25074
m15-kis/141080/2026.csv:202610020930,83250.0,83900.0,82600.0,83000.0,15784
m15-kis/141080/2026.csv:202610020945,83100.0,83600.0,82700.0,83300.0,10506
m15-kis/141080/2026.csv:202610021000,83200.0,83300.0,82600.0,83300.0,9021
m15-kis/141080/2026.csv:202610021015,83200.0,83500.0,82700.0,82900.0,5634
m15-kis/141080/2026.csv:202610021030,82900.0,82900.0,81800.0,81900.0,19845
m15-kis/141080/2026.csv:202610021045,81900.0,82400.0,81700.0,82100.0,6963
m15-kis/141080/2026.csv:202610021100,82200.0,82600.0,82000.0,82200.0,3806
m15-kis/141080/2026.csv:202610021115,82100.0,82500.0,82100.0,82300.0,2817
m15-kis/141080/2026.csv:202610021130,82300.0,82700.0,82200.0,82500.0,2012
m15-kis/141080/2026.csv:202610021145,82400.0,82700.0,82200.0,82500.0,3344
m15-kis/141080/2026.csv:202610021200,82400.0,82600.0,81900.0,81900.0,5316
m15-kis/141080/2026.csv:202610021215,82000.0,82100.0,81800.0,82100.0,3774
m15-kis/141080/2026.csv:202610021230,82000.0,82400.0,82000.0,82100.0,3982
m15-kis/141080/2026.csv:202610021245,82100.0,82400.0,81800.0,81900.0,4154
m15-kis/141080/2026.csv:202610021300,82100.0,82400.0,81900.0,82100.0,4040
m15-kis/141080/2026.csv:202610021315,82100.0,82400.0,82100.0,82400.0,3032
m15-kis/141080/2026.csv:202610021330,82400.0,82800.0,82300.0,82700.0,4744
m15-kis/141080/2026.csv:202610021345,82700.0,82800.0,82500.0,82600.0,3970
m15-kis/141080/2026.csv:202610021400,82700.0,82800.0,82200.0,82400.0,6986
m15-kis/141080/2026.csv:202610021415,82400.0,82500.0,82100.0,82200.0,5148
m15-kis/141080/2026.csv:202610021430,82200.0,82300.0,82000.0,82100.0,6954
m15-kis/141080/2026.csv:202610021445,82100.0,82500.0,81800.0,82400.0,9131
m15-kis/141080/2026.csv:202610021500,82300.0,82500.0,82200.0,82300.0,4017
m15-kis/141080/2026.csv:202610021515,82300.0,82500.0,82200.0,82300.0,7725
m15-kis/145020/2026.csv:202610020900,182100.0,183100.0,180000.0,180200.0,2151
m15-kis/145020/2026.csv:202610020915,180100.0,180500.0,179800.0,180500.0,2676
m15-kis/145020/2026.csv:202610020930,180600.0,180800.0,180000.0,180000.0,1492
m15-kis/145020/2026.csv:202610020945,180100.0,180500.0,179700.0,180500.0,1230
m15-kis/145020/2026.csv:202610021000,180400.0,180500.0,180000.0,180400.0,482
m15-kis/145020/2026.csv:202610021015,180400.0,180500.0,179500.0,180100.0,3115
m15-kis/145020/2026.csv:202610021030,180000.0,180500.0,179400.0,180000.0,9002
m15-kis/145020/2026.csv:202610021045,180000.0,180600.0,180000.0,180500.0,2371
m15-kis/145020/2026.csv:202610021100,180600.0,180800.0,180400.0,180600.0,288
m15-kis/145020/2026.csv:202610021115,180600.0,181000.0,180600.0,180800.0,210
m15-kis/145020/2026.csv:202610021130,180900.0,180900.0,180700.0,180800.0,284
m15-kis/145020/2026.csv:202610021145,180700.0,181800.0,180000.0,180700.0,2732
m15-kis/145020/2026.csv:202610021200,180700.0,181000.0,180700.0,180900.0,281
m15-kis/145020/2026.csv:202610021215,180900.0,181100.0,180600.0,180900.0,505
m15-kis/145020/2026.csv:202610021230,180800.0,181900.0,180800.0,181600.0,1118
m15-kis/145020/2026.csv:202610021245,181700.0,181700.0,181200.0,181600.0,730
m15-kis/145020/2026.csv:202610021300,181600.0,181900.0,181200.0,181500.0,667
m15-kis/145020/2026.csv:202610021315,181400.0,181400.0,181200.0,181400.0,589
m15-kis/145020/2026.csv:202610021330,181400.0,181400.0,181200.0,181200.0,767
m15-kis/145020/2026.csv:202610021345,181100.0,181100.0,180500.0,180500.0,822
m15-kis/145020/2026.csv:202610021400,180600.0,181000.0,180500.0,180600.0,663
m15-kis/145020/2026.csv:202610021415,180600.0,180600.0,179900.0,179900.0,1168
m15-kis/145020/2026.csv:202610021430,180000.0,180200.0,180000.0,180100.0,1125
m15-kis/145020/2026.csv:202610021445,180100.0,180200.0,180000.0,180000.0,736
m15-kis/145020/2026.csv:202610021500,180000.0,180200.0,180000.0,180200.0,1040
m15-kis/145020/2026.csv:202610021515,180200.0,180400.0,180000.0,180100.0,1564
m15-kis/160190/2026.csv:202610020900,28350.0,28800.0,28200.0,28450.0,9441
m15-kis/160190/2026.csv:202610020915,28450.0,28900.0,28250.0,28900.0,7794
m15-kis/160190/2026.csv:202610020930,28900.0,29200.0,28800.0,29000.0,9481
m15-kis/160190/2026.csv:202610020945,29000.0,29150.0,28800.0,28800.0,5045
m15-kis/160190/2026.csv:202610021000,28800.0,29000.0,28600.0,28750.0,6440
m15-kis/160190/2026.csv:202610021015,28800.0,29100.0,28750.0,29050.0,7163
m15-kis/160190/2026.csv:202610021030,29050.0,29100.0,28550.0,28700.0,4937
m15-kis/160190/2026.csv:202610021045,28650.0,28850.0,28600.0,28800.0,3736
m15-kis/160190/2026.csv:202610021100,28800.0,28900.0,28700.0,28700.0,2457
m15-kis/160190/2026.csv:202610021115,28700.0,29000.0,28600.0,28800.0,5038
m15-kis/160190/2026.csv:202610021130,28800.0,28850.0,28500.0,28650.0,3396
m15-kis/160190/2026.csv:202610021145,28650.0,28850.0,28650.0,28850.0,1249
m15-kis/160190/2026.csv:202610021200,28800.0,28800.0,28600.0,28600.0,2516
m15-kis/160190/2026.csv:202610021215,28600.0,28650.0,28550.0,28600.0,1453
m15-kis/160190/2026.csv:202610021230,28600.0,28600.0,28450.0,28500.0,3994
m15-kis/160190/2026.csv:202610021245,28450.0,28450.0,28250.0,28300.0,3091
m15-kis/160190/2026.csv:202610021300,28300.0,28400.0,28250.0,28400.0,1912
m15-kis/160190/2026.csv:202610021315,28350.0,28600.0,28300.0,28600.0,3738
m15-kis/160190/2026.csv:202610021330,28650.0,28725.0,28550.0,28600.0,1697
m15-kis/160190/2026.csv:202610021345,28550.0,28700.0,28550.0,28650.0,2895
m15-kis/160190/2026.csv:202610021400,28700.0,28850.0,28700.0,28850.0,3402
m15-kis/160190/2026.csv:202610021415,28850.0,28900.0,28800.0,28850.0,1847
m15-kis/160190/2026.csv:202610021430,28850.0,28850.0,28650.0,28800.0,2451
m15-kis/160190/2026.csv:202610021445,28850.0,28850.0,28700.0,28850.0,1280
m15-kis/160190/2026.csv:202610021500,28850.0,28850.0,28650.0,28750.0,3561
m15-kis/160190/2026.csv:202610021515,28850.0,28950.0,28700.0,28700.0,4208
m15-kis/161000/2026.csv:202610020900,10800.0,10850.0,10680.0,10820.0,87957
m15-kis/161000/2026.csv:202610020915,10820.0,10990.0,10760.0,10980.0,45907
m15-kis/161000/2026.csv:202610020930,10980.0,11040.0,10900.0,10950.0,43544
m15-kis/161000/2026.csv:202610020945,10950.0,11020.0,10870.0,10900.0,27357
m15-kis/161000/2026.csv:202610021000,10890.0,10940.0,10840.0,10890.0,12201
m15-kis/161000/2026.csv:202610021015,10880.0,10900.0,10820.0,10840.0,10616
m15-kis/161000/2026.csv:202610021030,10830.0,10840.0,10730.0,10820.0,15559
m15-kis/161000/2026.csv:202610021045,10820.0,10840.0,10740.0,10810.0,6491
m15-kis/161000/2026.csv:202610021100,10810.0,10880.0,10810.0,10840.0,6644
m15-kis/161000/2026.csv:202610021115,10850.0,10860.0,10820.0,10860.0,4249
m15-kis/161000/2026.csv:202610021130,10860.0,10880.0,10820.0,10880.0,4274
m15-kis/161000/2026.csv:202610021145,10860.0,10890.0,10850.0,10860.0,3624
m15-kis/161000/2026.csv:202610021200,10870.0,10880.0,10820.0,10820.0,4108
m15-kis/161000/2026.csv:202610021215,10840.0,10840.0,10770.0,10800.0,8739
m15-kis/161000/2026.csv:202610021230,10810.0,10820.0,10790.0,10800.0,7938
m15-kis/161000/2026.csv:202610021245,10790.0,10790.0,10730.0,10760.0,10198
m15-kis/161000/2026.csv:202610021300,10760.0,10790.0,10720.0,10750.0,5228
m15-kis/161000/2026.csv:202610021315,10750.0,10820.0,10720.0,10810.0,4530
m15-kis/161000/2026.csv:202610021330,10800.0,10820.0,10770.0,10800.0,2250
m15-kis/161000/2026.csv:202610021345,10800.0,10830.0,10790.0,10820.0,6288
m15-kis/161000/2026.csv:202610021400,10800.0,10880.0,10800.0,10870.0,5967
m15-kis/161000/2026.csv:202610021415,10850.0,10890.0,10830.0,10850.0,5357
m15-kis/161000/2026.csv:202610021430,10850.0,10940.0,10850.0,10900.0,13949
m15-kis/161000/2026.csv:202610021445,10890.0,10950.0,10890.0,10940.0,11958
m15-kis/161000/2026.csv:202610021500,10930.0,10940.0,10880.0,10920.0,8879
m15-kis/161000/2026.csv:202610021515,10915.0,10920.0,10890.0,10890.0,11842
m15-kis/161390/2026.csv:202610020900,58500.0,59200.0,58500.0,59200.0,4643
m15-kis/161390/2026.csv:202610020915,59200.0,59400.0,58800.0,59300.0,4977
m15-kis/161390/2026.csv:202610020930,59200.0,59400.0,59100.0,59200.0,3197
m15-kis/161390/2026.csv:202610020945,59300.0,59600.0,59200.0,59400.0,2881
m15-kis/161390/2026.csv:202610021000,59500.0,59900.0,59200.0,59900.0,5430
m15-kis/161390/2026.csv:202610021015,59900.0,60000.0,59300.0,59400.0,7146
m15-kis/161390/2026.csv:202610021030,59300.0,60100.0,59300.0,59900.0,7888
m15-kis/161390/2026.csv:202610021045,59900.0,60000.0,59800.0,59900.0,3679
m15-kis/161390/2026.csv:202610021100,59900.0,60100.0,59800.0,59900.0,2270
m15-kis/161390/2026.csv:202610021115,59900.0,60000.0,59800.0,59900.0,3620
m15-kis/161390/2026.csv:202610021130,59900.0,60100.0,59800.0,59800.0,2878
m15-kis/161390/2026.csv:202610021145,59900.0,60000.0,59600.0,59800.0,4548
m15-kis/161390/2026.csv:202610021200,59800.0,59900.0,59600.0,59800.0,2355
m15-kis/161390/2026.csv:202610021215,59800.0,60000.0,59600.0,59700.0,2857
m15-kis/161390/2026.csv:202610021230,59700.0,59800.0,59500.0,59500.0,3356
m15-kis/161390/2026.csv:202610021245,59600.0,59700.0,59500.0,59700.0,2797
m15-kis/161390/2026.csv:202610021300,59500.0,59800.0,59300.0,59300.0,4451
m15-kis/161390/2026.csv:202610021315,59300.0,59600.0,59300.0,59600.0,2814
m15-kis/161390/2026.csv:202610021330,59500.0,59600.0,59200.0,59200.0,4617
m15-kis/161390/2026.csv:202610021345,59200.0,59600.0,59200.0,59500.0,4386
m15-kis/161390/2026.csv:202610021400,59500.0,59600.0,59300.0,59300.0,2662
m15-kis/161390/2026.csv:202610021415,59300.0,59400.0,59300.0,59400.0,3585
m15-kis/161390/2026.csv:202610021430,59400.0,59900.0,59300.0,59600.0,6492
m15-kis/161390/2026.csv:202610021445,59600.0,59900.0,59500.0,59600.0,6842
m15-kis/161390/2026.csv:202610021500,59600.0,60000.0,59600.0,59800.0,6593
m15-kis/161390/2026.csv:202610021515,59900.0,60000.0,59800.0,59900.0,15959
m15-kis/161580/2026.csv:202610020900,39750.0,42250.0,39750.0,41850.0,130635
m15-kis/161580/2026.csv:202610020915,41800.0,42000.0,40700.0,41650.0,103878
m15-kis/161580/2026.csv:202610020930,41650.0,41900.0,41400.0,41550.0,44402
m15-kis/161580/2026.csv:202610020945,41650.0,41750.0,41250.0,41750.0,20782
m15-kis/161580/2026.csv:202610021000,41750.0,41900.0,41150.0,41450.0,25990
m15-kis/161580/2026.csv:202610021015,41425.0,41500.0,40900.0,41000.0,29802
m15-kis/161580/2026.csv:202610021030,41050.0,41200.0,40600.0,40950.0,35396
m15-kis/161580/2026.csv:202610021045,40900.0,41300.0,40850.0,41300.0,15805
m15-kis/161580/2026.csv:202610021100,41300.0,41350.0,40900.0,40950.0,13347
m15-kis/161580/2026.csv:202610021115,40950.0,41150.0,40900.0,40950.0,8131
m15-kis/161580/2026.csv:202610021130,40950.0,41000.0,40900.0,40950.0,6507
m15-kis/161580/2026.csv:202610021145,40950.0,41050.0,40900.0,41000.0,7601
m15-kis/161580/2026.csv:202610021200,40950.0,41050.0,40900.0,40950.0,5111
m15-kis/161580/2026.csv:202610021215,40950.0,41100.0,40925.0,40950.0,6063
m15-kis/161580/2026.csv:202610021230,41000.0,41100.0,40700.0,40750.0,11157
m15-kis/161580/2026.csv:202610021245,40750.0,40800.0,40450.0,40550.0,16037
m15-kis/161580/2026.csv:202610021300,40500.0,40600.0,40100.0,40350.0,13037
m15-kis/161580/2026.csv:202610021315,40350.0,40500.0,40200.0,40500.0,7172
m15-kis/161580/2026.csv:202610021330,40500.0,40600.0,40400.0,40450.0,7820
m15-kis/161580/2026.csv:202610021345,40450.0,40700.0,40400.0,40700.0,5240
m15-kis/161580/2026.csv:202610021400,40650.0,40950.0,40600.0,40800.0,9531
m15-kis/161580/2026.csv:202610021415,40800.0,40800.0,40500.0,40550.0,12182
m15-kis/161580/2026.csv:202610021430,40500.0,40600.0,40400.0,40550.0,11075
m15-kis/161580/2026.csv:202610021445,40550.0,40850.0,40500.0,40800.0,8204
m15-kis/161580/2026.csv:202610021500,40850.0,40950.0,40750.0,40850.0,18124
m15-kis/161580/2026.csv:202610021515,40900.0,40950.0,40800.0,40950.0,13998
m15-kis/161890/2026.csv:202610020900,147000.0,148700.0,141700.0,141900.0,30087
m15-kis/161890/2026.csv:202610020915,141900.0,142200.0,140500.0,140800.0,25978
m15-kis/161890/2026.csv:202610020930,140800.0,140900.0,133400.0,133600.0,70225
m15-kis/161890/2026.csv:202610020945,133700.0,135300.0,132000.0,134500.0,72485
m15-kis/161890/2026.csv:202610021000,134500.0,139400.0,134500.0,137300.0,75831
m15-kis/161890/2026.csv:202610021015,137300.0,138000.0,134600.0,135200.0,34140
m15-kis/161890/2026.csv:202610021030,135200.0,135800.0,134200.0,134800.0,30487
m15-kis/161890/2026.csv:202610021045,134600.0,135400.0,134600.0,135100.0,22751
m15-kis/161890/2026.csv:202610021100,135000.0,135600.0,134600.0,134700.0,17724
m15-kis/161890/2026.csv:202610021115,134700.0,135700.0,134500.0,135400.0,23983
m15-kis/161890/2026.csv:202610021130,135100.0,137400.0,135000.0,137100.0,22002
m15-kis/161890/2026.csv:202610021145,137000.0,137700.0,136600.0,136700.0,15460
m15-kis/161890/2026.csv:202610021200,136700.0,136800.0,135600.0,136300.0,14988
m15-kis/161890/2026.csv:202610021215,136300.0,138400.0,136100.0,137700.0,16126
m15-kis/161890/2026.csv:202610021230,137700.0,138600.0,137200.0,137400.0,21313
m15-kis/161890/2026.csv:202610021245,137400.0,137700.0,137000.0,137100.0,12584
m15-kis/161890/2026.csv:202610021300,137200.0,137900.0,136700.0,137400.0,12918
m15-kis/161890/2026.csv:202610021315,137400.0,138100.0,137200.0,137900.0,14959
m15-kis/161890/2026.csv:202610021330,137900.0,138800.0,137600.0,137800.0,20143
m15-kis/161890/2026.csv:202610021345,137900.0,138400.0,137600.0,138000.0,16613
m15-kis/161890/2026.csv:202610021400,138000.0,138200.0,137600.0,137600.0,15504
m15-kis/161890/2026.csv:202610021415,137650.0,137900.0,136600.0,136800.0,23245
m15-kis/161890/2026.csv:202610021430,136800.0,137400.0,136500.0,136500.0,20106
m15-kis/161890/2026.csv:202610021445,136500.0,137000.0,136300.0,136700.0,17216
m15-kis/161890/2026.csv:202610021500,136600.0,136900.0,136500.0,136700.0,14332
m15-kis/161890/2026.csv:202610021515,136700.0,136800.0,136500.0,136600.0,10977
m15-kis/166090/2026.csv:202610020900,63400.0,64200.0,62800.0,62800.0,10103
m15-kis/166090/2026.csv:202610020915,63000.0,63900.0,62400.0,63650.0,11400
m15-kis/166090/2026.csv:202610020930,63600.0,64800.0,63600.0,64400.0,9047
m15-kis/166090/2026.csv:202610020945,64500.0,64900.0,64450.0,64900.0,6456
m15-kis/166090/2026.csv:202610021000,64900.0,65000.0,64100.0,64400.0,5062
m15-kis/166090/2026.csv:202610021015,64400.0,64500.0,63700.0,63800.0,4441
m15-kis/166090/2026.csv:202610021030,63800.0,64000.0,63500.0,63900.0,4259
m15-kis/166090/2026.csv:202610021045,63900.0,64400.0,63800.0,64300.0,2125
m15-kis/166090/2026.csv:202610021100,64300.0,64400.0,63900.0,64000.0,2138
m15-kis/166090/2026.csv:202610021115,64000.0,64100.0,63800.0,63800.0,2627
m15-kis/166090/2026.csv:202610021130,63900.0,64000.0,63400.0,63500.0,3632
m15-kis/166090/2026.csv:202610021145,63500.0,64000.0,63500.0,64000.0,2321
m15-kis/166090/2026.csv:202610021200,64000.0,64000.0,63500.0,63600.0,2419
m15-kis/166090/2026.csv:202610021215,63800.0,63900.0,63400.0,63500.0,2681
m15-kis/166090/2026.csv:202610021230,63500.0,63700.0,63100.0,63100.0,3088
m15-kis/166090/2026.csv:202610021245,63100.0,63300.0,63000.0,63100.0,3107
m15-kis/166090/2026.csv:202610021300,63100.0,63500.0,62900.0,63300.0,3324
m15-kis/166090/2026.csv:202610021315,63300.0,63600.0,63200.0,63300.0,1855
m15-kis/166090/2026.csv:202610021330,63700.0,63700.0,63300.0,63400.0,2560
m15-kis/166090/2026.csv:202610021345,63400.0,63500.0,63100.0,63100.0,4179
m15-kis/166090/2026.csv:202610021400,63200.0,63300.0,63000.0,63100.0,3866
m15-kis/166090/2026.csv:202610021415,63100.0,63100.0,62800.0,63000.0,5260
m15-kis/166090/2026.csv:202610021430,62900.0,63000.0,62600.0,62800.0,4388
m15-kis/166090/2026.csv:202610021445,62800.0,62900.0,62600.0,62700.0,3566
m15-kis/166090/2026.csv:202610021500,62700.0,63300.0,62700.0,62900.0,5566
m15-kis/166090/2026.csv:202610021515,62900.0,63100.0,62800.0,63100.0,5868
m15-kis/171090/2026.csv:202610020900,72400.0,73900.0,72400.0,73500.0,2534
m15-kis/171090/2026.csv:202610020915,73300.0,76600.0,72900.0,76500.0,12225
m15-kis/171090/2026.csv:202610020930,76600.0,78200.0,76200.0,77100.0,15067
m15-kis/171090/2026.csv:202610020945,77200.0,77600.0,76400.0,77400.0,6922
m15-kis/171090/2026.csv:202610021000,77400.0,77400.0,76500.0,77100.0,2395
m15-kis/171090/2026.csv:202610021015,77050.0,77050.0,75500.0,75900.0,4158
m15-kis/171090/2026.csv:202610021030,75800.0,76200.0,75200.0,75900.0,2579
m15-kis/171090/2026.csv:202610021045,76000.0,76300.0,75600.0,76000.0,1028
m15-kis/171090/2026.csv:202610021100,76000.0,76300.0,75800.0,75800.0,1461
m15-kis/171090/2026.csv:202610021115,75800.0,76400.0,75400.0,75600.0,3019
m15-kis/171090/2026.csv:202610021130,75400.0,75800.0,75300.0,75300.0,845
m15-kis/171090/2026.csv:202610021145,75200.0,75600.0,75100.0,75500.0,559
m15-kis/171090/2026.csv:202610021200,75500.0,75900.0,75400.0,75600.0,1195
m15-kis/171090/2026.csv:202610021215,75800.0,75800.0,75300.0,75400.0,1175
m15-kis/171090/2026.csv:202610021230,75400.0,75700.0,75300.0,75400.0,993
m15-kis/171090/2026.csv:202610021245,75400.0,75400.0,74900.0,75000.0,1455
m15-kis/171090/2026.csv:202610021300,75050.0,75200.0,74700.0,75000.0,986
m15-kis/171090/2026.csv:202610021315,75000.0,75250.0,75000.0,75200.0,569
m15-kis/171090/2026.csv:202610021330,75200.0,75500.0,75200.0,75500.0,719
m15-kis/171090/2026.csv:202610021345,75500.0,75700.0,75300.0,75500.0,749
m15-kis/171090/2026.csv:202610021400,75500.0,76400.0,75400.0,76300.0,2409
m15-kis/171090/2026.csv:202610021415,76300.0,76400.0,75800.0,75900.0,1500
m15-kis/171090/2026.csv:202610021430,75900.0,76000.0,75600.0,75800.0,1598
m15-kis/171090/2026.csv:202610021445,75700.0,76100.0,75700.0,76100.0,1545
m15-kis/171090/2026.csv:202610021500,75900.0,76100.0,75700.0,75900.0,2936
m15-kis/171090/2026.csv:202610021515,75900.0,76100.0,75800.0,76100.0,2100
m15-kis/175330/2026.csv:202610020900,28400.0,28950.0,28350.0,28750.0,23736
m15-kis/175330/2026.csv:202610020915,28750.0,28750.0,28450.0,28600.0,8294
m15-kis/175330/2026.csv:202610020930,28650.0,28750.0,28550.0,28700.0,12888
m15-kis/175330/2026.csv:202610020945,28700.0,28750.0,28600.0,28650.0,9733
m15-kis/175330/2026.csv:202610021000,28600.0,28900.0,28600.0,28900.0,10273
m15-kis/175330/2026.csv:202610021015,28850.0,29000.0,28750.0,28850.0,13217
m15-kis/175330/2026.csv:202610021030,28850.0,29000.0,28750.0,28900.0,9264
m15-kis/175330/2026.csv:202610021045,28950.0,29050.0,28900.0,29000.0,8141
m15-kis/175330/2026.csv:202610021100,29000.0,29100.0,28950.0,29050.0,5403
m15-kis/175330/2026.csv:202610021115,29050.0,29200.0,29050.0,29100.0,12098
m15-kis/175330/2026.csv:202610021130,29100.0,29150.0,28850.0,28850.0,7291
m15-kis/175330/2026.csv:202610021145,28900.0,29000.0,28850.0,28950.0,8403
m15-kis/175330/2026.csv:202610021200,28950.0,29050.0,28900.0,28950.0,11224
m15-kis/175330/2026.csv:202610021215,28950.0,29000.0,28850.0,28850.0,10640
m15-kis/175330/2026.csv:202610021230,28900.0,28975.0,28850.0,28850.0,6520
m15-kis/175330/2026.csv:202610021245,28850.0,28900.0,28750.0,28800.0,8230
m15-kis/175330/2026.csv:202610021300,28800.0,28850.0,28750.0,28800.0,6824
m15-kis/175330/2026.csv:202610021315,28800.0,28850.0,28700.0,28750.0,6804
m15-kis/175330/2026.csv:202610021330,28750.0,28750.0,28700.0,28700.0,5193
m15-kis/175330/2026.csv:202610021345,28700.0,28900.0,28700.0,28850.0,8944
m15-kis/175330/2026.csv:202610021400,28800.0,28900.0,28800.0,28900.0,5624
m15-kis/175330/2026.csv:202610021415,28900.0,28950.0,28800.0,28850.0,11056
m15-kis/175330/2026.csv:202610021430,28900.0,28950.0,28800.0,28900.0,10272
m15-kis/175330/2026.csv:202610021445,28900.0,29000.0,28850.0,28950.0,9064
m15-kis/175330/2026.csv:202610021500,28900.0,29050.0,28850.0,29000.0,14396
m15-kis/175330/2026.csv:202610021515,28900.0,29050.0,28900.0,29000.0,19822
m15-kis/178320/2026.csv:202610020900,40500.0,41650.0,39700.0,41425.0,204789
m15-kis/178320/2026.csv:202610020915,41450.0,41850.0,41200.0,41600.0,207666
m15-kis/178320/2026.csv:202610020930,41550.0,42250.0,41450.0,42050.0,126019
m15-kis/178320/2026.csv:202610020945,42050.0,42100.0,41600.0,41800.0,61506
m15-kis/178320/2026.csv:202610021000,41800.0,41800.0,41100.0,41500.0,90609
m15-kis/178320/2026.csv:202610021015,41500.0,42750.0,41450.0,42700.0,150217
m15-kis/178320/2026.csv:202610021030,42750.0,42750.0,41800.0,42050.0,111109
m15-kis/178320/2026.csv:202610021045,42000.0,42800.0,41950.0,42550.0,93577
m15-kis/178320/2026.csv:202610021100,42500.0,43150.0,42450.0,43100.0,121836
m15-kis/178320/2026.csv:202610021115,43050.0,43100.0,42450.0,43000.0,102261
m15-kis/178320/2026.csv:202610021130,43000.0,43100.0,42750.0,42975.0,43131
m15-kis/178320/2026.csv:202610021145,43000.0,43200.0,43000.0,43050.0,48300
m15-kis/178320/2026.csv:202610021200,43100.0,43200.0,42850.0,42850.0,39630
m15-kis/178320/2026.csv:202610021215,42900.0,42900.0,42500.0,42750.0,32094
m15-kis/178320/2026.csv:202610021230,42750.0,42900.0,42450.0,42500.0,29389
m15-kis/178320/2026.csv:202610021245,42500.0,42650.0,42100.0,42150.0,49602
m15-kis/178320/2026.csv:202610021300,42350.0,42350.0,41800.0,42050.0,65206
m15-kis/178320/2026.csv:202610021315,42050.0,42250.0,41750.0,41850.0,35724
m15-kis/178320/2026.csv:202610021330,41800.0,42100.0,41700.0,41950.0,39210
m15-kis/178320/2026.csv:202610021345,42000.0,42200.0,41850.0,42050.0,22202
m15-kis/178320/2026.csv:202610021400,42050.0,42100.0,41950.0,42000.0,19756
m15-kis/178320/2026.csv:202610021415,42000.0,42150.0,41450.0,41450.0,67248
m15-kis/178320/2026.csv:202610021430,41450.0,41500.0,41250.0,41400.0,50295
m15-kis/178320/2026.csv:202610021445,41450.0,41650.0,41350.0,41600.0,42798
m15-kis/178320/2026.csv:202610021500,41600.0,41650.0,41500.0,41500.0,31610
m15-kis/178320/2026.csv:202610021515,41450.0,41550.0,41350.0,41500.0,24503
m15-kis/180640/2026.csv:202610020900,132800.0,133200.0,131600.0,132200.0,1014
m15-kis/180640/2026.csv:202610020915,132100.0,132300.0,130800.0,131100.0,2804
m15-kis/180640/2026.csv:202610020930,131300.0,131600.0,130100.0,130400.0,3355
m15-kis/180640/2026.csv:202610020945,130400.0,130700.0,129600.0,130400.0,3763
m15-kis/180640/2026.csv:202610021000,130200.0,130500.0,129700.0,130100.0,2480
m15-kis/180640/2026.csv:202610021015,130100.0,130400.0,129600.0,129700.0,1691
m15-kis/180640/2026.csv:202610021030,129800.0,129900.0,129500.0,129600.0,1755
m15-kis/180640/2026.csv:202610021045,129600.0,131100.0,129500.0,129900.0,1696
m15-kis/180640/2026.csv:202610021100,130000.0,130800.0,129900.0,130800.0,1106
m15-kis/180640/2026.csv:202610021115,130800.0,131100.0,130100.0,130700.0,1674
m15-kis/180640/2026.csv:202610021130,130600.0,131100.0,130400.0,131000.0,1348
m15-kis/180640/2026.csv:202610021145,131100.0,131300.0,130600.0,130700.0,1364
m15-kis/180640/2026.csv:202610021200,130800.0,131300.0,130600.0,131300.0,1571
m15-kis/180640/2026.csv:202610021215,131100.0,131200.0,130400.0,130900.0,1460
m15-kis/180640/2026.csv:202610021230,130600.0,130800.0,130300.0,130600.0,1324
m15-kis/180640/2026.csv:202610021245,130600.0,130900.0,130400.0,130900.0,1370
m15-kis/180640/2026.csv:202610021300,130700.0,131200.0,130400.0,131000.0,2358
m15-kis/180640/2026.csv:202610021315,131000.0,131000.0,130300.0,130800.0,1567
m15-kis/180640/2026.csv:202610021330,130700.0,131000.0,130300.0,130300.0,1599
m15-kis/180640/2026.csv:202610021345,130600.0,131100.0,130100.0,130700.0,1988
m15-kis/180640/2026.csv:202610021400,131100.0,131300.0,130700.0,131100.0,1544
m15-kis/180640/2026.csv:202610021415,131100.0,131400.0,130600.0,131200.0,2046
m15-kis/180640/2026.csv:202610021430,131200.0,131700.0,131000.0,131500.0,2360
m15-kis/180640/2026.csv:202610021445,131600.0,132500.0,131500.0,132100.0,2425
m15-kis/180640/2026.csv:202610021500,132200.0,132300.0,131400.0,131500.0,3008
m15-kis/180640/2026.csv:202610021515,132100.0,132300.0,131400.0,132300.0,3291
m15-kis/181710/2026.csv:202610020900,57100.0,58000.0,56900.0,57600.0,13006
m15-kis/181710/2026.csv:202610020915,57600.0,57800.0,56700.0,56900.0,6964
m15-kis/181710/2026.csv:202610020930,56900.0,57100.0,56400.0,56500.0,5794
m15-kis/181710/2026.csv:202610020945,56500.0,57800.0,56100.0,57300.0,8528
m15-kis/181710/2026.csv:202610021000,57300.0,57400.0,56900.0,57200.0,4790
m15-kis/181710/2026.csv:202610021015,57300.0,57300.0,56200.0,56900.0,7226
m15-kis/181710/2026.csv:202610021030,56900.0,57100.0,56600.0,56800.0,4196
m15-kis/181710/2026.csv:202610021045,56800.0,57600.0,56600.0,57400.0,5519
m15-kis/181710/2026.csv:202610021100,57400.0,57700.0,57300.0,57500.0,3159
m15-kis/181710/2026.csv:202610021115,57500.0,57500.0,57300.0,57400.0,3196
m15-kis/181710/2026.csv:202610021130,57400.0,57400.0,57000.0,57200.0,3380
m15-kis/181710/2026.csv:202610021145,57200.0,57400.0,57100.0,57200.0,3829
m15-kis/181710/2026.csv:202610021200,57300.0,57400.0,57200.0,57200.0,3248
m15-kis/181710/2026.csv:202610021215,57300.0,57400.0,57100.0,57300.0,3370
m15-kis/181710/2026.csv:202610021230,57300.0,57400.0,57100.0,57300.0,2663
m15-kis/181710/2026.csv:202610021245,57300.0,57400.0,56900.0,57300.0,4041
m15-kis/181710/2026.csv:202610021300,57300.0,57400.0,57200.0,57400.0,2643
m15-kis/181710/2026.csv:202610021315,57400.0,57400.0,57200.0,57400.0,3651
m15-kis/181710/2026.csv:202610021330,57400.0,57500.0,57000.0,57100.0,4834
m15-kis/181710/2026.csv:202610021345,57200.0,57200.0,56700.0,56800.0,4418
m15-kis/181710/2026.csv:202610021400,56600.0,56900.0,56600.0,56600.0,1826
m15-kis/181710/2026.csv:202610021415,56700.0,56700.0,56500.0,56600.0,3029
m15-kis/181710/2026.csv:202610021430,56700.0,57400.0,56600.0,57400.0,5751
m15-kis/181710/2026.csv:202610021445,57400.0,57500.0,57200.0,57400.0,8421
m15-kis/181710/2026.csv:202610021500,57400.0,57400.0,57000.0,57300.0,8444
m15-kis/181710/2026.csv:202610021515,57300.0,57400.0,57000.0,57100.0,3212
m15-kis/185750/2026.csv:202610020900,65100.0,65400.0,64800.0,64800.0,305
m15-kis/185750/2026.csv:202610020915,64800.0,65100.0,64500.0,64800.0,1562
m15-kis/185750/2026.csv:202610020930,65000.0,65200.0,64600.0,64600.0,927
m15-kis/185750/2026.csv:202610020945,64700.0,65000.0,64600.0,64800.0,897
m15-kis/185750/2026.csv:202610021000,64800.0,65000.0,64700.0,64900.0,373
m15-kis/185750/2026.csv:202610021015,64900.0,65000.0,64600.0,64900.0,370
m15-kis/185750/2026.csv:202610021030,64900.0,64900.0,64500.0,64600.0,403
m15-kis/185750/2026.csv:202610021045,64600.0,64900.0,64600.0,64600.0,312
m15-kis/185750/2026.csv:202610021100,64600.0,64900.0,64600.0,64900.0,108
m15-kis/185750/2026.csv:202610021115,64900.0,65000.0,64800.0,64900.0,273
m15-kis/185750/2026.csv:202610021130,65000.0,65000.0,64900.0,64900.0,118
m15-kis/185750/2026.csv:202610021145,65000.0,65200.0,64800.0,64900.0,510
m15-kis/185750/2026.csv:202610021200,64900.0,65100.0,64900.0,65000.0,218
m15-kis/185750/2026.csv:202610021215,65000.0,65000.0,64800.0,65000.0,344
m15-kis/185750/2026.csv:202610021230,65000.0,65100.0,64900.0,65100.0,118
m15-kis/185750/2026.csv:202610021245,65100.0,65200.0,65100.0,65150.0,136
m15-kis/185750/2026.csv:202610021300,65150.0,65200.0,65000.0,65100.0,238
m15-kis/185750/2026.csv:202610021315,65100.0,65100.0,65000.0,65100.0,421
m15-kis/185750/2026.csv:202610021330,65100.0,65200.0,65000.0,65100.0,535
m15-kis/185750/2026.csv:202610021345,65100.0,65200.0,65100.0,65200.0,101
m15-kis/185750/2026.csv:202610021400,65200.0,65200.0,65100.0,65200.0,141
m15-kis/185750/2026.csv:202610021415,65200.0,65200.0,65100.0,65200.0,61
m15-kis/185750/2026.csv:202610021430,65200.0,65200.0,65100.0,65200.0,224
m15-kis/185750/2026.csv:202610021445,65200.0,65300.0,64900.0,65200.0,1634
m15-kis/185750/2026.csv:202610021500,65200.0,65200.0,65000.0,65100.0,383
m15-kis/185750/2026.csv:202610021515,65100.0,65200.0,65000.0,65200.0,950
m15-kis/189300/2026.csv:202610020900,68500.0,71800.0,68500.0,70900.0,15243
m15-kis/189300/2026.csv:202610020915,70600.0,71000.0,70100.0,70500.0,3863
m15-kis/189300/2026.csv:202610020930,70600.0,71600.0,70600.0,71500.0,3920
m15-kis/189300/2026.csv:202610020945,71500.0,72300.0,71100.0,71100.0,7283
m15-kis/189300/2026.csv:202610021000,71300.0,71400.0,70800.0,71400.0,3411
m15-kis/189300/2026.csv:202610021015,71400.0,71900.0,70700.0,71000.0,4196
m15-kis/189300/2026.csv:202610021030,71000.0,71700.0,70100.0,71500.0,6901
m15-kis/189300/2026.csv:202610021045,71500.0,71600.0,71200.0,71500.0,1769
m15-kis/189300/2026.csv:202610021100,71500.0,72000.0,71300.0,71800.0,2984
m15-kis/189300/2026.csv:202610021115,71800.0,72300.0,71800.0,72200.0,5016
m15-kis/189300/2026.csv:202610021130,72200.0,73100.0,72000.0,73100.0,11877
m15-kis/189300/2026.csv:202610021145,73000.0,73800.0,72900.0,73300.0,8395
m15-kis/189300/2026.csv:202610021200,73300.0,73400.0,72900.0,73100.0,5355
m15-kis/189300/2026.csv:202610021215,73200.0,73300.0,72700.0,73000.0,2905
m15-kis/189300/2026.csv:202610021230,73000.0,73100.0,72600.0,72700.0,2359
m15-kis/189300/2026.csv:202610021245,72700.0,73100.0,72600.0,73100.0,2211
m15-kis/189300/2026.csv:202610021300,73100.0,73200.0,72700.0,73000.0,2673
m15-kis/189300/2026.csv:202610021315,72900.0,73100.0,72900.0,73100.0,1610
m15-kis/189300/2026.csv:202610021330,73100.0,73200.0,72800.0,73100.0,2190
m15-kis/189300/2026.csv:202610021345,73200.0,73200.0,72900.0,73100.0,1571
m15-kis/189300/2026.csv:202610021400,73100.0,73600.0,73000.0,73300.0,3284
m15-kis/189300/2026.csv:202610021415,73400.0,73600.0,73100.0,73300.0,3593
m15-kis/189300/2026.csv:202610021430,73300.0,73300.0,72800.0,73100.0,2350
m15-kis/189300/2026.csv:202610021445,73000.0,73000.0,72500.0,72800.0,2724
m15-kis/189300/2026.csv:202610021500,72800.0,72800.0,72600.0,72800.0,1605
m15-kis/189300/2026.csv:202610021515,72800.0,72800.0,72500.0,72700.0,5228
m15-kis/192080/2026.csv:202610020900,58500.0,59000.0,58300.0,58300.0,722
m15-kis/192080/2026.csv:202610020915,58300.0,58400.0,57800.0,57900.0,1388
m15-kis/192080/2026.csv:202610020930,58000.0,58200.0,57850.0,58200.0,524
m15-kis/192080/2026.csv:202610020945,58100.0,58200.0,57900.0,58000.0,347
m15-kis/192080/2026.csv:202610021000,58000.0,58200.0,57900.0,58100.0,442
m15-kis/192080/2026.csv:202610021015,58100.0,58200.0,57800.0,57800.0,1036
m15-kis/192080/2026.csv:202610021030,57800.0,58200.0,57600.0,57700.0,1163
m15-kis/192080/2026.csv:202610021045,57900.0,58200.0,57700.0,58000.0,751
m15-kis/192080/2026.csv:202610021100,57850.0,58200.0,57850.0,58100.0,313
m15-kis/192080/2026.csv:202610021115,58100.0,58300.0,57900.0,58100.0,365
m15-kis/192080/2026.csv:202610021130,58100.0,58500.0,58000.0,58300.0,1716
m15-kis/192080/2026.csv:202610021145,58350.0,58400.0,58300.0,58350.0,117
m15-kis/192080/2026.csv:202610021200,58350.0,58500.0,58300.0,58400.0,642
m15-kis/192080/2026.csv:202610021215,58500.0,58500.0,58250.0,58400.0,1056
m15-kis/192080/2026.csv:202610021230,58300.0,58400.0,58300.0,58300.0,200
m15-kis/192080/2026.csv:202610021245,58300.0,58400.0,58200.0,58350.0,473
m15-kis/192080/2026.csv:202610021300,58300.0,58400.0,58300.0,58300.0,223
m15-kis/192080/2026.csv:202610021315,58400.0,58400.0,58300.0,58300.0,865
m15-kis/192080/2026.csv:202610021330,58400.0,58400.0,58300.0,58300.0,148
m15-kis/192080/2026.csv:202610021345,58250.0,58500.0,58200.0,58500.0,2773
m15-kis/192080/2026.csv:202610021400,58500.0,58500.0,58350.0,58400.0,228
m15-kis/192080/2026.csv:202610021415,58400.0,58500.0,58300.0,58500.0,403
m15-kis/192080/2026.csv:202610021430,58450.0,58500.0,58400.0,58500.0,128
m15-kis/192080/2026.csv:202610021445,58450.0,58500.0,58400.0,58500.0,494
m15-kis/192080/2026.csv:202610021500,58500.0,58700.0,58500.0,58600.0,1624
m15-kis/192080/2026.csv:202610021515,58700.0,58800.0,58500.0,58500.0,993
m15-kis/192400/2026.csv:202610020900,26950.0,27050.0,26900.0,26900.0,46
m15-kis/192400/2026.csv:202610020915,26900.0,27000.0,26750.0,26900.0,284
m15-kis/192400/2026.csv:202610020930,26950.0,27000.0,26900.0,26950.0,257
m15-kis/192400/2026.csv:202610020945,27000.0,27150.0,26950.0,27000.0,503
m15-kis/192400/2026.csv:202610021000,27000.0,27100.0,27000.0,27050.0,186
m15-kis/192400/2026.csv:202610021015,27050.0,27100.0,27000.0,27000.0,73
m15-kis/192400/2026.csv:202610021030,27000.0,27050.0,26950.0,26950.0,249
m15-kis/192400/2026.csv:202610021045,27050.0,27050.0,26950.0,26950.0,70
m15-kis/192400/2026.csv:202610021100,26950.0,27050.0,26950.0,27050.0,12
m15-kis/192400/2026.csv:202610021115,26950.0,27100.0,26950.0,26950.0,820
m15-kis/192400/2026.csv:202610021130,26950.0,27000.0,26950.0,26950.0,68
m15-kis/192400/2026.csv:202610021145,27000.0,27050.0,26950.0,26950.0,97
m15-kis/192400/2026.csv:202610021200,27000.0,27050.0,26950.0,26950.0,207
m15-kis/192400/2026.csv:202610021215,26950.0,27050.0,26950.0,27000.0,139
m15-kis/192400/2026.csv:202610021230,26950.0,27050.0,26950.0,26950.0,120
m15-kis/192400/2026.csv:202610021245,26950.0,27000.0,26900.0,27000.0,361
m15-kis/192400/2026.csv:202610021300,26950.0,27000.0,26950.0,26950.0,132
m15-kis/192400/2026.csv:202610021315,26950.0,27000.0,26950.0,26950.0,79
m15-kis/192400/2026.csv:202610021330,26950.0,27000.0,26950.0,26950.0,94
m15-kis/192400/2026.csv:202610021345,26950.0,26950.0,26850.0,26950.0,419
m15-kis/192400/2026.csv:202610021400,26950.0,27000.0,26850.0,26850.0,372
m15-kis/192400/2026.csv:202610021415,26850.0,26950.0,26850.0,26900.0,231
m15-kis/192400/2026.csv:202610021430,26950.0,26950.0,26850.0,26850.0,267
m15-kis/192400/2026.csv:202610021445,26850.0,26950.0,26850.0,26900.0,205
m15-kis/192400/2026.csv:202610021500,26900.0,27050.0,26900.0,27000.0,254
m15-kis/192400/2026.csv:202610021515,26950.0,27150.0,26900.0,26900.0,629
m15-kis/192650/2026.csv:202610020900,9050.0,9180.0,9010.0,9010.0,110547
m15-kis/192650/2026.csv:202610020915,9010.0,9070.0,8980.0,9020.0,41616
m15-kis/192650/2026.csv:202610020930,9020.0,9350.0,9020.0,9310.0,59697
m15-kis/192650/2026.csv:202610020945,9300.0,9450.0,9200.0,9320.0,197726
m15-kis/192650/2026.csv:202610021000,9310.0,9320.0,9220.0,9270.0,48167
m15-kis/192650/2026.csv:202610021015,9270.0,9280.0,9180.0,9280.0,68623
m15-kis/192650/2026.csv:202610021030,9270.0,9280.0,9170.0,9210.0,27194
m15-kis/192650/2026.csv:202610021045,9210.0,9290.0,9210.0,9290.0,28102
m15-kis/192650/2026.csv:202610021100,9290.0,9300.0,9270.0,9290.0,38614
m15-kis/192650/2026.csv:202610021115,9290.0,9300.0,9270.0,9280.0,17908
m15-kis/192650/2026.csv:202610021130,9280.0,9290.0,9270.0,9280.0,17167
m15-kis/192650/2026.csv:202610021145,9290.0,9300.0,9270.0,9290.0,18209
m15-kis/192650/2026.csv:202610021200,9300.0,9330.0,9280.0,9320.0,22957
m15-kis/192650/2026.csv:202610021215,9330.0,9380.0,9320.0,9380.0,41817
m15-kis/192650/2026.csv:202610021230,9375.0,9380.0,9360.0,9370.0,24270
m15-kis/192650/2026.csv:202610021245,9370.0,9390.0,9310.0,9380.0,49683
m15-kis/192650/2026.csv:202610021300,9390.0,9390.0,9340.0,9340.0,38267
m15-kis/192650/2026.csv:202610021315,9350.0,9390.0,9340.0,9370.0,37963
m15-kis/192650/2026.csv:202610021330,9360.0,9380.0,9350.0,9380.0,28361
m15-kis/192650/2026.csv:202610021345,9370.0,9390.0,9370.0,9370.0,24457
m15-kis/192650/2026.csv:202610021400,9370.0,9390.0,9360.0,9380.0,21312
m15-kis/192650/2026.csv:202610021415,9370.0,9410.0,9370.0,9410.0,46020
m15-kis/192650/2026.csv:202610021430,9410.0,9470.0,9400.0,9450.0,62216
m15-kis/192650/2026.csv:202610021445,9460.0,9470.0,9360.0,9360.0,50436
m15-kis/192650/2026.csv:202610021500,9360.0,9400.0,9330.0,9390.0,32392
m15-kis/192650/2026.csv:202610021515,9400.0,9410.0,9370.0,9380.0,31086
m15-kis/192820/2026.csv:202610020900,281500.0,285000.0,270000.0,271500.0,7149
m15-kis/192820/2026.csv:202610020915,271500.0,274500.0,268500.0,270500.0,5997
m15-kis/192820/2026.csv:202610020930,270000.0,271000.0,263500.0,263500.0,6838
m15-kis/192820/2026.csv:202610020945,263500.0,264500.0,257000.0,263500.0,15479
m15-kis/192820/2026.csv:202610021000,263500.0,269000.0,262000.0,266500.0,9792
m15-kis/192820/2026.csv:202610021015,267000.0,267500.0,261500.0,262000.0,6688
m15-kis/192820/2026.csv:202610021030,262000.0,266000.0,261000.0,262500.0,5809
m15-kis/192820/2026.csv:202610021045,263000.0,266000.0,262000.0,264500.0,3780
m15-kis/192820/2026.csv:202610021100,264500.0,268000.0,263500.0,267000.0,3780
m15-kis/192820/2026.csv:202610021115,267000.0,268500.0,266000.0,267500.0,3337
m15-kis/192820/2026.csv:202610021130,267500.0,269000.0,266500.0,267500.0,3785
m15-kis/192820/2026.csv:202610021145,268500.0,269500.0,267500.0,268500.0,2582
m15-kis/192820/2026.csv:202610021200,269000.0,269000.0,266500.0,267000.0,3723
m15-kis/192820/2026.csv:202610021215,267500.0,269000.0,266500.0,269000.0,2866
m15-kis/192820/2026.csv:202610021230,268500.0,269000.0,267000.0,267000.0,3176
m15-kis/192820/2026.csv:202610021245,268000.0,269500.0,267000.0,269000.0,2520
m15-kis/192820/2026.csv:202610021300,269500.0,269500.0,267500.0,268500.0,3691
m15-kis/192820/2026.csv:202610021315,268500.0,270500.0,268000.0,269500.0,3631
m15-kis/192820/2026.csv:202610021330,269000.0,271000.0,268500.0,270500.0,4142
m15-kis/192820/2026.csv:202610021345,270500.0,272500.0,270500.0,272000.0,3780
m15-kis/192820/2026.csv:202610021400,272000.0,272500.0,270500.0,270500.0,4894
m15-kis/192820/2026.csv:202610021415,270500.0,272000.0,269000.0,271000.0,4086
m15-kis/192820/2026.csv:202610021430,270500.0,272000.0,269500.0,271500.0,4718
m15-kis/192820/2026.csv:202610021445,271500.0,272000.0,269000.0,270500.0,4312
m15-kis/192820/2026.csv:202610021500,270500.0,271500.0,269500.0,270500.0,4052
m15-kis/192820/2026.csv:202610021515,270500.0,271000.0,269500.0,270000.0,2037
m15-kis/195870/2026.csv:202610020900,66500.0,69200.0,66000.0,67400.0,38516
m15-kis/195870/2026.csv:202610020915,67300.0,67900.0,66300.0,67300.0,6309
m15-kis/195870/2026.csv:202610020930,67400.0,68000.0,67200.0,67500.0,2784
m15-kis/195870/2026.csv:202610020945,67600.0,68400.0,67300.0,68300.0,9180
m15-kis/195870/2026.csv:202610021000,68300.0,68300.0,67100.0,67500.0,5164
m15-kis/195870/2026.csv:202610021015,67500.0,68300.0,66500.0,67000.0,9031
m15-kis/195870/2026.csv:202610021030,67000.0,67300.0,66100.0,66800.0,13655
m15-kis/195870/2026.csv:202610021045,66800.0,67300.0,66500.0,67000.0,3093
m15-kis/195870/2026.csv:202610021100,67200.0,67300.0,66600.0,66700.0,2089
m15-kis/195870/2026.csv:202610021115,66600.0,66800.0,66300.0,66500.0,2917
m15-kis/195870/2026.csv:202610021130,66400.0,66500.0,66100.0,66100.0,3907
m15-kis/195870/2026.csv:202610021145,66100.0,66300.0,65900.0,65900.0,6490
m15-kis/195870/2026.csv:202610021200,65900.0,66000.0,65600.0,65700.0,3754
m15-kis/195870/2026.csv:202610021215,65600.0,65700.0,65300.0,65500.0,3097
m15-kis/195870/2026.csv:202610021230,65500.0,65700.0,64800.0,64800.0,6208
m15-kis/195870/2026.csv:202610021245,64800.0,64900.0,64300.0,64700.0,9059
m15-kis/195870/2026.csv:202610021300,64700.0,64800.0,63900.0,64700.0,6781
m15-kis/195870/2026.csv:202610021315,64600.0,64800.0,64400.0,64700.0,3671
m15-kis/195870/2026.csv:202610021330,64800.0,64900.0,64500.0,64700.0,2726
m15-kis/195870/2026.csv:202610021345,64700.0,64800.0,64300.0,64600.0,4391
m15-kis/195870/2026.csv:202610021400,64600.0,64900.0,64400.0,64600.0,5918
m15-kis/195870/2026.csv:202610021415,64800.0,64900.0,64400.0,64400.0,5771
m15-kis/195870/2026.csv:202610021430,64400.0,64600.0,63900.0,64400.0,9078
m15-kis/195870/2026.csv:202610021445,64400.0,64900.0,64200.0,64700.0,5003
m15-kis/195870/2026.csv:202610021500,64700.0,65400.0,64600.0,65000.0,6048
m15-kis/195870/2026.csv:202610021515,65000.0,65400.0,65000.0,65300.0,4535
m15-kis/195940/2026.csv:202610020900,40500.0,40750.0,40400.0,40500.0,2918
m15-kis/195940/2026.csv:202610020915,40450.0,40500.0,40150.0,40350.0,2095
m15-kis/195940/2026.csv:202610020930,40300.0,40350.0,40050.0,40075.0,2556
m15-kis/195940/2026.csv:202610020945,40100.0,40200.0,40000.0,40000.0,1296
m15-kis/195940/2026.csv:202610021000,40050.0,40100.0,39950.0,40050.0,1430
m15-kis/195940/2026.csv:202610021015,40050.0,40150.0,39900.0,40000.0,2320
m15-kis/195940/2026.csv:202610021030,40000.0,40050.0,39700.0,39850.0,3803
m15-kis/195940/2026.csv:202610021045,39850.0,40100.0,39800.0,40000.0,1064
m15-kis/195940/2026.csv:202610021100,40000.0,40100.0,39950.0,40000.0,798
m15-kis/195940/2026.csv:202610021115,40000.0,40100.0,39950.0,40050.0,661
m15-kis/195940/2026.csv:202610021130,40100.0,40150.0,40050.0,40150.0,1062
m15-kis/195940/2026.csv:202610021145,40150.0,40300.0,40150.0,40150.0,1079
m15-kis/195940/2026.csv:202610021200,40200.0,40250.0,40050.0,40050.0,854
m15-kis/195940/2026.csv:202610021215,40100.0,40150.0,40000.0,40050.0,477
m15-kis/195940/2026.csv:202610021230,40050.0,40100.0,40050.0,40100.0,513
m15-kis/195940/2026.csv:202610021245,40050.0,40250.0,40000.0,40250.0,1786
m15-kis/195940/2026.csv:202610021300,40250.0,40400.0,40150.0,40300.0,2497
m15-kis/195940/2026.csv:202610021315,40350.0,40350.0,40200.0,40250.0,1196
m15-kis/195940/2026.csv:202610021330,40200.0,40450.0,40200.0,40300.0,1446
m15-kis/195940/2026.csv:202610021345,40300.0,40400.0,40250.0,40350.0,623
m15-kis/195940/2026.csv:202610021400,40350.0,40400.0,40250.0,40250.0,1195
m15-kis/195940/2026.csv:202610021415,40300.0,40350.0,40200.0,40200.0,1163
m15-kis/195940/2026.csv:202610021430,40200.0,40300.0,40150.0,40200.0,1519
m15-kis/195940/2026.csv:202610021445,40200.0,40350.0,40150.0,40200.0,1000
m15-kis/195940/2026.csv:202610021500,40200.0,40300.0,40150.0,40150.0,974
m15-kis/195940/2026.csv:202610021515,40150.0,40300.0,40150.0,40150.0,2463
m15-kis/196170/2026.csv:202610020900,263500.0,268000.0,263500.0,266500.0,23017
m15-kis/196170/2026.csv:202610020915,266000.0,266500.0,262000.0,262500.0,17452
m15-kis/196170/2026.csv:202610020930,262750.0,263000.0,260000.0,260500.0,18210
m15-kis/196170/2026.csv:202610020945,260500.0,262500.0,260500.0,262500.0,8782
m15-kis/196170/2026.csv:202610021000,262000.0,262000.0,260500.0,261500.0,7883
m15-kis/196170/2026.csv:202610021015,262000.0,262500.0,260500.0,261000.0,11205
m15-kis/196170/2026.csv:202610021030,261000.0,261000.0,257500.0,258000.0,19168
m15-kis/196170/2026.csv:202610021045,258000.0,259000.0,257500.0,258500.0,5759
m15-kis/196170/2026.csv:202610021100,259000.0,259000.0,258000.0,258500.0,5245
m15-kis/196170/2026.csv:202610021115,259000.0,259000.0,258000.0,259000.0,3226
m15-kis/196170/2026.csv:202610021130,258500.0,259500.0,258500.0,259000.0,2657
m15-kis/196170/2026.csv:202610021145,259000.0,260000.0,258500.0,260000.0,3412
m15-kis/196170/2026.csv:202610021200,259750.0,260000.0,258500.0,259000.0,3736
m15-kis/196170/2026.csv:202610021215,259000.0,259500.0,258500.0,259000.0,2223
m15-kis/196170/2026.csv:202610021230,259500.0,259500.0,258500.0,258500.0,1851
m15-kis/196170/2026.csv:202610021245,259000.0,259500.0,257500.0,258500.0,8453
m15-kis/196170/2026.csv:202610021300,258500.0,259000.0,257500.0,258500.0,5610
m15-kis/196170/2026.csv:202610021315,258000.0,259500.0,258000.0,259000.0,10391
m15-kis/196170/2026.csv:202610021330,258500.0,259500.0,258500.0,258500.0,2540
m15-kis/196170/2026.csv:202610021345,258500.0,259000.0,258000.0,259000.0,2835
m15-kis/196170/2026.csv:202610021400,259000.0,259500.0,258000.0,258500.0,4237
m15-kis/196170/2026.csv:202610021415,258500.0,258500.0,257500.0,258500.0,5679
m15-kis/196170/2026.csv:202610021430,258500.0,258500.0,257500.0,258500.0,2745
m15-kis/196170/2026.csv:202610021445,258000.0,259500.0,257000.0,259000.0,14069
m15-kis/196170/2026.csv:202610021500,259000.0,260000.0,258000.0,258500.0,11849
m15-kis/196170/2026.csv:202610021515,258000.0,259500.0,258000.0,259500.0,20292
m15-kis/204270/2026.csv:202610020900,21400.0,22450.0,21400.0,22250.0,114174
m15-kis/204270/2026.csv:202610020915,22300.0,22350.0,21850.0,22200.0,62563
m15-kis/204270/2026.csv:202610020930,22150.0,22900.0,22050.0,22650.0,145475
m15-kis/204270/2026.csv:202610020945,22750.0,22800.0,22400.0,22650.0,42847
m15-kis/204270/2026.csv:202610021000,22700.0,22750.0,22400.0,22500.0,41764
m15-kis/204270/2026.csv:202610021015,22550.0,22600.0,22350.0,22350.0,32520
m15-kis/204270/2026.csv:202610021030,22350.0,22400.0,22050.0,22200.0,29515
m15-kis/204270/2026.csv:202610021045,22200.0,22400.0,22200.0,22400.0,15277
m15-kis/204270/2026.csv:202610021100,22400.0,22400.0,22100.0,22200.0,12869
m15-kis/204270/2026.csv:202610021115,22200.0,22350.0,22200.0,22300.0,14240
m15-kis/204270/2026.csv:202610021130,22300.0,22300.0,22150.0,22200.0,13580
m15-kis/204270/2026.csv:202610021145,22200.0,22300.0,22200.0,22250.0,8038
m15-kis/204270/2026.csv:202610021200,22250.0,22300.0,22200.0,22200.0,9189
m15-kis/204270/2026.csv:202610021215,22200.0,22250.0,22100.0,22150.0,10363
m15-kis/204270/2026.csv:202610021230,22150.0,22150.0,21700.0,21700.0,47215
m15-kis/204270/2026.csv:202610021245,21650.0,21700.0,21500.0,21700.0,34449
m15-kis/204270/2026.csv:202610021300,21700.0,21800.0,21500.0,21650.0,36940
m15-kis/204270/2026.csv:202610021315,21700.0,22200.0,21650.0,22000.0,21008
m15-kis/204270/2026.csv:202610021330,21950.0,22000.0,21900.0,21900.0,10009
m15-kis/204270/2026.csv:202610021345,21900.0,21950.0,21850.0,21850.0,5774
m15-kis/204270/2026.csv:202610021400,21850.0,21900.0,21800.0,21850.0,8474
m15-kis/204270/2026.csv:202610021415,21850.0,21900.0,21650.0,21700.0,18063
m15-kis/204270/2026.csv:202610021430,21650.0,21700.0,21600.0,21700.0,10874
m15-kis/204270/2026.csv:202610021445,21700.0,21750.0,21650.0,21700.0,9150
m15-kis/204270/2026.csv:202610021500,21750.0,21750.0,21675.0,21750.0,10669
m15-kis/204270/2026.csv:202610021515,21750.0,21850.0,21700.0,21850.0,16816
m15-kis/204320/2026.csv:202610020900,46200.0,46800.0,46200.0,46650.0,7754
m15-kis/204320/2026.csv:202610020915,46650.0,46700.0,46450.0,46550.0,4055
m15-kis/204320/2026.csv:202610020930,46550.0,47100.0,46550.0,46900.0,13738
m15-kis/204320/2026.csv:202610020945,46950.0,47300.0,46900.0,47200.0,13969
m15-kis/204320/2026.csv:202610021000,47250.0,47250.0,46900.0,47150.0,7982
m15-kis/204320/2026.csv:202610021015,47150.0,47200.0,47000.0,47050.0,5242
m15-kis/204320/2026.csv:202610021030,47050.0,47050.0,46750.0,46850.0,7202
m15-kis/204320/2026.csv:202610021045,46850.0,47000.0,46800.0,46950.0,4456
m15-kis/204320/2026.csv:202610021100,47000.0,47150.0,46950.0,47100.0,5829
m15-kis/204320/2026.csv:202610021115,47150.0,47200.0,47000.0,47100.0,3444
m15-kis/204320/2026.csv:202610021130,47100.0,47100.0,47000.0,47100.0,2907
m15-kis/204320/2026.csv:202610021145,47100.0,47100.0,47050.0,47100.0,1620
m15-kis/204320/2026.csv:202610021200,47100.0,47150.0,47050.0,47150.0,1704
m15-kis/204320/2026.csv:202610021215,47100.0,47150.0,47050.0,47100.0,2230
m15-kis/204320/2026.csv:202610021230,47100.0,47100.0,46950.0,46950.0,5489
m15-kis/204320/2026.csv:202610021245,46950.0,46950.0,46850.0,46900.0,1335
m15-kis/204320/2026.csv:202610021300,46850.0,47000.0,46800.0,46850.0,4102
m15-kis/204320/2026.csv:202610021315,46800.0,46950.0,46800.0,46950.0,1547
m15-kis/204320/2026.csv:202610021330,46950.0,47000.0,46850.0,46950.0,3745
m15-kis/204320/2026.csv:202610021345,46950.0,46950.0,46900.0,46950.0,2308
m15-kis/204320/2026.csv:202610021400,46950.0,47050.0,46950.0,47000.0,3039
m15-kis/204320/2026.csv:202610021415,47025.0,47150.0,46950.0,46950.0,5951
m15-kis/204320/2026.csv:202610021430,47000.0,47000.0,46900.0,46950.0,5062
m15-kis/204320/2026.csv:202610021445,46950.0,47050.0,46900.0,47000.0,4867
m15-kis/204320/2026.csv:202610021500,47000.0,47150.0,46950.0,47150.0,5231
m15-kis/204320/2026.csv:202610021515,47100.0,47150.0,47000.0,47150.0,6720
m15-kis/207940/2026.csv:202610020900,1421000.0,1429000.0,1412000.0,1417000.0,842
m15-kis/207940/2026.csv:202610020915,1414000.0,1417000.0,1397000.0,1406000.0,1368
m15-kis/207940/2026.csv:202610020930,1406000.0,1407000.0,1396000.0,1397000.0,823
m15-kis/207940/2026.csv:202610020945,1397000.0,1397000.0,1381000.0,1389000.0,2171
m15-kis/207940/2026.csv:202610021000,1389000.0,1391000.0,1383000.0,1388000.0,983
m15-kis/207940/2026.csv:202610021015,1388000.0,1388000.0,1381000.0,1382000.0,1490
m15-kis/207940/2026.csv:202610021030,1382000.0,1382000.0,1377000.0,1379000.0,1744
m15-kis/207940/2026.csv:202610021045,1379000.0,1379000.0,1369000.0,1371000.0,3045
m15-kis/207940/2026.csv:202610021100,1371000.0,1376000.0,1369000.0,1375000.0,1607
m15-kis/207940/2026.csv:202610021115,1375000.0,1376000.0,1368000.0,1370000.0,1756
m15-kis/207940/2026.csv:202610021130,1370000.0,1371000.0,1368000.0,1370000.0,1104
m15-kis/207940/2026.csv:202610021145,1370000.0,1371000.0,1369000.0,1370000.0,820
m15-kis/207940/2026.csv:202610021200,1371000.0,1371000.0,1368000.0,1369000.0,1305
m15-kis/207940/2026.csv:202610021215,1369000.0,1369000.0,1366000.0,1368000.0,1942
m15-kis/207940/2026.csv:202610021230,1368000.0,1369000.0,1368000.0,1369000.0,325
m15-kis/207940/2026.csv:202610021245,1368000.0,1369000.0,1367000.0,1368000.0,858
m15-kis/207940/2026.csv:202610021300,1368000.0,1368000.0,1365000.0,1366000.0,1455
m15-kis/207940/2026.csv:202610021315,1365000.0,1366000.0,1362000.0,1363000.0,2179
m15-kis/207940/2026.csv:202610021330,1363000.0,1363000.0,1356000.0,1358000.0,4582
m15-kis/207940/2026.csv:202610021345,1358000.0,1358000.0,1350000.0,1351000.0,2997
m15-kis/207940/2026.csv:202610021400,1350000.0,1352000.0,1350000.0,1351000.0,3692
m15-kis/207940/2026.csv:202610021415,1351000.0,1357000.0,1350000.0,1354000.0,2033
m15-kis/207940/2026.csv:202610021430,1354000.0,1358000.0,1353000.0,1354000.0,1911
m15-kis/207940/2026.csv:202610021445,1354000.0,1355000.0,1351000.0,1351000.0,1975
m15-kis/207940/2026.csv:202610021500,1351000.0,1354000.0,1351000.0,1353000.0,3148
m15-kis/207940/2026.csv:202610021515,1353000.0,1355000.0,1352000.0,1354000.0,3180
m15-kis/213420/2026.csv:202610020900,30100.0,30600.0,30100.0,30250.0,4241
m15-kis/213420/2026.csv:202610020915,30150.0,30300.0,30000.0,30300.0,1411
m15-kis/213420/2026.csv:202610020930,30250.0,30350.0,30200.0,30250.0,1318
m15-kis/213420/2026.csv:202610020945,30250.0,30350.0,30200.0,30300.0,1444
m15-kis/213420/2026.csv:202610021000,30300.0,30300.0,30100.0,30200.0,2750
m15-kis/213420/2026.csv:202610021015,30300.0,30350.0,29850.0,29900.0,6497
m15-kis/213420/2026.csv:202610021030,29900.0,29900.0,29650.0,29700.0,7782
m15-kis/213420/2026.csv:202610021045,29700.0,30000.0,29650.0,29800.0,4469
m15-kis/213420/2026.csv:202610021100,29800.0,29900.0,29750.0,29800.0,2112
m15-kis/213420/2026.csv:202610021115,29800.0,29800.0,29700.0,29750.0,2152
m15-kis/213420/2026.csv:202610021130,29700.0,29850.0,29700.0,29700.0,2554
m15-kis/213420/2026.csv:202610021145,29700.0,29850.0,29700.0,29750.0,2224
m15-kis/213420/2026.csv:202610021200,29750.0,29750.0,29600.0,29650.0,3596
m15-kis/213420/2026.csv:202610021215,29600.0,29700.0,29550.0,29550.0,5977
m15-kis/213420/2026.csv:202610021230,29550.0,29650.0,29500.0,29550.0,2209
m15-kis/213420/2026.csv:202610021245,29550.0,29650.0,29500.0,29650.0,3907
m15-kis/213420/2026.csv:202610021300,29550.0,29750.0,29500.0,29600.0,2745
m15-kis/213420/2026.csv:202610021315,29600.0,29800.0,29600.0,29800.0,1689
m15-kis/213420/2026.csv:202610021330,29700.0,29850.0,29650.0,29800.0,2606
m15-kis/213420/2026.csv:202610021345,29750.0,30000.0,29700.0,30000.0,4116
m15-kis/213420/2026.csv:202610021400,30000.0,30200.0,29900.0,30150.0,7003
m15-kis/213420/2026.csv:202610021415,30150.0,30250.0,30050.0,30200.0,6083
m15-kis/213420/2026.csv:202610021430,30200.0,30300.0,30100.0,30250.0,5514
m15-kis/213420/2026.csv:202610021445,30250.0,30350.0,30150.0,30200.0,5887
m15-kis/213420/2026.csv:202610021500,30250.0,30350.0,29950.0,30050.0,11439
m15-kis/213420/2026.csv:202610021515,30000.0,30050.0,29900.0,30050.0,3366
m15-kis/214150/2026.csv:202610020900,31400.0,31600.0,30950.0,31000.0,11015
m15-kis/214150/2026.csv:202610020915,31000.0,31100.0,30700.0,30950.0,17202
m15-kis/214150/2026.csv:202610020930,30900.0,31000.0,30800.0,30800.0,12370
m15-kis/214150/2026.csv:202610020945,30800.0,31050.0,30800.0,30950.0,11881
m15-kis/214150/2026.csv:202610021000,30950.0,30950.0,30800.0,30900.0,3328
m15-kis/214150/2026.csv:202610021015,30900.0,30950.0,30650.0,30700.0,5495
m15-kis/214150/2026.csv:202610021030,30750.0,30850.0,30600.0,30800.0,5473
m15-kis/214150/2026.csv:202610021045,30800.0,30800.0,30750.0,30750.0,1765
m15-kis/214150/2026.csv:202610021100,30800.0,30900.0,30750.0,30850.0,3119
m15-kis/214150/2026.csv:202610021115,30850.0,31000.0,30800.0,30850.0,3037
m15-kis/214150/2026.csv:202610021130,30900.0,30900.0,30650.0,30700.0,5535
m15-kis/214150/2026.csv:202610021145,30700.0,30900.0,30650.0,30825.0,7229
m15-kis/214150/2026.csv:202610021200,30825.0,30825.0,30700.0,30750.0,2463
m15-kis/214150/2026.csv:202610021215,30750.0,30750.0,30650.0,30700.0,2293
m15-kis/214150/2026.csv:202610021230,30700.0,30750.0,30650.0,30750.0,6781
m15-kis/214150/2026.csv:202610021245,30750.0,30750.0,30200.0,30650.0,13554
m15-kis/214150/2026.csv:202610021300,30600.0,30800.0,30550.0,30550.0,8084
m15-kis/214150/2026.csv:202610021315,30600.0,30750.0,30600.0,30600.0,2877
m15-kis/214150/2026.csv:202610021330,30650.0,30650.0,30600.0,30600.0,814
m15-kis/214150/2026.csv:202610021345,30600.0,30650.0,30550.0,30600.0,1712
m15-kis/214150/2026.csv:202610021400,30600.0,30950.0,30550.0,30700.0,15771
m15-kis/214150/2026.csv:202610021415,30700.0,30750.0,30700.0,30700.0,2383
m15-kis/214150/2026.csv:202610021430,30700.0,30700.0,30650.0,30675.0,1007
m15-kis/214150/2026.csv:202610021445,30700.0,31050.0,30650.0,30850.0,15002
m15-kis/214150/2026.csv:202610021500,30850.0,30850.0,30650.0,30700.0,6594
m15-kis/214150/2026.csv:202610021515,30700.0,30700.0,30600.0,30650.0,9124
m15-kis/214320/2026.csv:202610020900,18190.0,18190.0,18090.0,18090.0,2363
m15-kis/214320/2026.csv:202610020915,18090.0,18140.0,18090.0,18140.0,1231
m15-kis/214320/2026.csv:202610020930,18140.0,18150.0,18110.0,18150.0,1883
m15-kis/214320/2026.csv:202610020945,18140.0,18150.0,18120.0,18130.0,391
m15-kis/214320/2026.csv:202610021000,18140.0,18150.0,18130.0,18150.0,449
m15-kis/214320/2026.csv:202610021015,18130.0,18140.0,18120.0,18140.0,6425
m15-kis/214320/2026.csv:202610021030,18140.0,18150.0,18120.0,18150.0,2373
m15-kis/214320/2026.csv:202610021045,18150.0,18150.0,18120.0,18130.0,715
m15-kis/214320/2026.csv:202610021100,18130.0,18150.0,18120.0,18140.0,577
m15-kis/214320/2026.csv:202610021115,18140.0,18140.0,18120.0,18130.0,1893
m15-kis/214320/2026.csv:202610021130,18130.0,18140.0,18120.0,18130.0,1692
m15-kis/214320/2026.csv:202610021145,18130.0,18150.0,18130.0,18150.0,434
m15-kis/214320/2026.csv:202610021200,18140.0,18150.0,18130.0,18140.0,615
m15-kis/214320/2026.csv:202610021215,18140.0,18140.0,18130.0,18130.0,498
m15-kis/214320/2026.csv:202610021230,18130.0,18140.0,18120.0,18130.0,486
m15-kis/214320/2026.csv:202610021245,18130.0,18150.0,18130.0,18130.0,587
m15-kis/214320/2026.csv:202610021300,18140.0,18140.0,18120.0,18130.0,398
m15-kis/214320/2026.csv:202610021315,18130.0,18140.0,18130.0,18140.0,472
m15-kis/214320/2026.csv:202610021330,18140.0,18140.0,18120.0,18140.0,480
m15-kis/214320/2026.csv:202610021345,18130.0,18140.0,18120.0,18140.0,2165
m15-kis/214320/2026.csv:202610021400,18140.0,18140.0,18120.0,18130.0,950
m15-kis/214320/2026.csv:202610021415,18130.0,18140.0,18120.0,18130.0,1198
m15-kis/214320/2026.csv:202610021430,18130.0,18130.0,18120.0,18130.0,1407
m15-kis/214320/2026.csv:202610021445,18130.0,18130.0,18110.0,18120.0,1833
m15-kis/214320/2026.csv:202610021500,18120.0,18130.0,18110.0,18120.0,1317
m15-kis/214320/2026.csv:202610021515,18120.0,18130.0,18110.0,18110.0,2103
m15-kis/214370/2026.csv:202610020900,42950.0,43700.0,42600.0,42850.0,4877
m15-kis/214370/2026.csv:202610020915,42850.0,43100.0,42450.0,42950.0,3971
m15-kis/214370/2026.csv:202610020930,42950.0,43300.0,42600.0,43200.0,2276
m15-kis/214370/2026.csv:202610020945,43100.0,43650.0,43050.0,43500.0,2195
m15-kis/214370/2026.csv:202610021000,43500.0,43600.0,43200.0,43500.0,1704
m15-kis/214370/2026.csv:202610021015,43350.0,43550.0,43000.0,43150.0,2829
m15-kis/214370/2026.csv:202610021030,43100.0,43150.0,42650.0,42750.0,2051
m15-kis/214370/2026.csv:202610021045,42750.0,43200.0,42650.0,43000.0,1606
m15-kis/214370/2026.csv:202610021100,42900.0,43200.0,42700.0,42850.0,777
m15-kis/214370/2026.csv:202610021115,42850.0,43100.0,42700.0,42900.0,944
m15-kis/214370/2026.csv:202610021130,42900.0,43250.0,42900.0,43100.0,872
m15-kis/214370/2026.csv:202610021145,43100.0,43350.0,43050.0,43250.0,1392
m15-kis/214370/2026.csv:202610021200,43200.0,43300.0,42850.0,42950.0,1262
m15-kis/214370/2026.csv:202610021215,42850.0,43100.0,42800.0,42850.0,1356
m15-kis/214370/2026.csv:202610021230,42850.0,43000.0,42750.0,42900.0,1309
m15-kis/214370/2026.csv:202610021245,42850.0,43100.0,42750.0,42950.0,1495
m15-kis/214370/2026.csv:202610021300,42950.0,43200.0,42750.0,42950.0,2276
m15-kis/214370/2026.csv:202610021315,42950.0,43100.0,42750.0,42950.0,1492
m15-kis/214370/2026.csv:202610021330,42950.0,43000.0,42750.0,42950.0,1072
m15-kis/214370/2026.csv:202610021345,42950.0,43050.0,42850.0,43050.0,1656
m15-kis/214370/2026.csv:202610021400,43050.0,43300.0,42900.0,42950.0,1231
m15-kis/214370/2026.csv:202610021415,42950.0,43200.0,42750.0,42900.0,2181
m15-kis/214370/2026.csv:202610021430,42750.0,42950.0,42500.0,42500.0,2622
m15-kis/214370/2026.csv:202610021445,42500.0,42650.0,42400.0,42600.0,2610
m15-kis/214370/2026.csv:202610021500,42600.0,42650.0,42450.0,42500.0,970
m15-kis/214370/2026.csv:202610021515,42500.0,42600.0,42350.0,42550.0,3250
m15-kis/214430/2026.csv:202610020900,78200.0,79300.0,77000.0,77100.0,11480
m15-kis/214430/2026.csv:202610020915,77300.0,77300.0,76200.0,76700.0,5460
m15-kis/214430/2026.csv:202610020930,76700.0,76700.0,75500.0,75500.0,3782
m15-kis/214430/2026.csv:202610020945,75500.0,76500.0,75200.0,75400.0,3059
m15-kis/214430/2026.csv:202610021000,75300.0,75500.0,74200.0,75100.0,9927
m15-kis/214430/2026.csv:202610021015,75100.0,75400.0,74400.0,75000.0,2384
m15-kis/214430/2026.csv:202610021030,74900.0,75100.0,74100.0,74500.0,2284
m15-kis/214430/2026.csv:202610021045,74700.0,75500.0,74400.0,75100.0,1583
m15-kis/214430/2026.csv:202610021100,75100.0,75300.0,74400.0,75100.0,1131
m15-kis/214430/2026.csv:202610021115,75100.0,75900.0,75100.0,75800.0,1526
m15-kis/214430/2026.csv:202610021130,75800.0,76900.0,75800.0,76600.0,2683
m15-kis/214430/2026.csv:202610021145,76600.0,77000.0,76100.0,76100.0,1789
m15-kis/214430/2026.csv:202610021200,76200.0,76700.0,75300.0,76100.0,2234
m15-kis/214430/2026.csv:202610021215,76100.0,77000.0,75800.0,76800.0,1193
m15-kis/214430/2026.csv:202610021230,76900.0,77000.0,76800.0,76900.0,921
m15-kis/214430/2026.csv:202610021245,77000.0,77100.0,76500.0,77000.0,1532
m15-kis/214430/2026.csv:202610021300,76900.0,77100.0,76600.0,77000.0,1175
m15-kis/214430/2026.csv:202610021315,77000.0,77400.0,76900.0,77000.0,2205
m15-kis/214430/2026.csv:202610021330,77000.0,77600.0,76900.0,77400.0,1405
m15-kis/214430/2026.csv:202610021345,77400.0,77400.0,77000.0,77000.0,1301
m15-kis/214430/2026.csv:202610021400,77100.0,77300.0,77000.0,77000.0,1049
m15-kis/214430/2026.csv:202610021415,77100.0,77200.0,76500.0,76600.0,1744
m15-kis/214430/2026.csv:202610021430,76600.0,78200.0,76400.0,78100.0,3700
m15-kis/214430/2026.csv:202610021445,78200.0,78800.0,78000.0,78100.0,4132
m15-kis/214430/2026.csv:202610021500,78300.0,79200.0,78200.0,79000.0,6536
m15-kis/214430/2026.csv:202610021515,79000.0,79000.0,78500.0,78600.0,1438
m15-kis/214450/2026.csv:202610020900,323500.0,325500.0,316500.0,318500.0,12990
m15-kis/214450/2026.csv:202610020915,318500.0,319500.0,315000.0,318500.0,8691
m15-kis/214450/2026.csv:202610020930,318500.0,319500.0,311500.0,313000.0,9244
m15-kis/214450/2026.csv:202610020945,313500.0,314000.0,311500.0,313500.0,3157
m15-kis/214450/2026.csv:202610021000,313000.0,314500.0,312500.0,313500.0,2600
m15-kis/214450/2026.csv:202610021015,313250.0,315000.0,311500.0,312000.0,3139
m15-kis/214450/2026.csv:202610021030,312250.0,312250.0,308000.0,308250.0,6091
m15-kis/214450/2026.csv:202610021045,308250.0,308500.0,306000.0,306500.0,5453
m15-kis/214450/2026.csv:202610021100,306500.0,309500.0,306000.0,308000.0,4772
m15-kis/214450/2026.csv:202610021115,308000.0,310000.0,308000.0,309500.0,1925
m15-kis/214450/2026.csv:202610021130,309500.0,310000.0,308500.0,309000.0,1479
m15-kis/214450/2026.csv:202610021145,309000.0,310500.0,308500.0,309500.0,2057
m15-kis/214450/2026.csv:202610021200,309500.0,310500.0,308500.0,308500.0,1490
m15-kis/214450/2026.csv:202610021215,309000.0,310000.0,308000.0,309000.0,1542
m15-kis/214450/2026.csv:202610021230,309000.0,309750.0,308500.0,309000.0,1805
m15-kis/214450/2026.csv:202610021245,309000.0,313000.0,308500.0,312000.0,2854
m15-kis/214450/2026.csv:202610021300,312000.0,312500.0,310500.0,311000.0,2301
m15-kis/214450/2026.csv:202610021315,311250.0,312500.0,310500.0,311500.0,2026
m15-kis/214450/2026.csv:202610021330,311500.0,312500.0,310500.0,310750.0,1959
m15-kis/214450/2026.csv:202610021345,310500.0,310750.0,309500.0,309500.0,2406
m15-kis/214450/2026.csv:202610021400,309500.0,309750.0,308000.0,308500.0,4226
m15-kis/214450/2026.csv:202610021415,308500.0,309000.0,306000.0,306000.0,6294
m15-kis/214450/2026.csv:202610021430,306000.0,307000.0,304500.0,305000.0,14409
m15-kis/214450/2026.csv:202610021445,305000.0,306000.0,304500.0,306000.0,5599
m15-kis/214450/2026.csv:202610021500,305500.0,306000.0,304000.0,305000.0,7112
m15-kis/214450/2026.csv:202610021515,305000.0,306000.0,305000.0,306000.0,3289
m15-kis/218410/2026.csv:202610020900,61100.0,62600.0,61000.0,62000.0,108291
m15-kis/218410/2026.csv:202610020915,62000.0,62600.0,61700.0,61700.0,58883
m15-kis/218410/2026.csv:202610020930,61700.0,62900.0,61600.0,62600.0,57941
m15-kis/218410/2026.csv:202610020945,62600.0,63200.0,62500.0,62800.0,68043
m15-kis/218410/2026.csv:202610021000,62700.0,63100.0,62300.0,63100.0,33938
m15-kis/218410/2026.csv:202610021015,63100.0,63200.0,62100.0,62400.0,25042
m15-kis/218410/2026.csv:202610021030,62400.0,62500.0,61700.0,62050.0,26840
m15-kis/218410/2026.csv:202610021045,62000.0,63000.0,62000.0,62900.0,30006
m15-kis/218410/2026.csv:202610021100,62900.0,63200.0,62600.0,62900.0,28072
m15-kis/218410/2026.csv:202610021115,62800.0,63200.0,62700.0,62900.0,27996
m15-kis/218410/2026.csv:202610021130,62800.0,62900.0,62500.0,62600.0,19504
m15-kis/218410/2026.csv:202610021145,62500.0,62900.0,62400.0,62400.0,16871
m15-kis/218410/2026.csv:202610021200,62500.0,62800.0,62400.0,62400.0,10168
m15-kis/218410/2026.csv:202610021215,62400.0,62700.0,61950.0,62200.0,18315
m15-kis/218410/2026.csv:202610021230,62200.0,62400.0,61800.0,62200.0,17853
m15-kis/218410/2026.csv:202610021245,62300.0,62400.0,61900.0,62200.0,12428
m15-kis/218410/2026.csv:202610021300,62200.0,62200.0,61500.0,61900.0,28384
m15-kis/218410/2026.csv:202610021315,62000.0,62100.0,61800.0,62000.0,12306
m15-kis/218410/2026.csv:202610021330,62000.0,62400.0,61900.0,62100.0,15374
m15-kis/218410/2026.csv:202610021345,62200.0,62400.0,62100.0,62300.0,8606
m15-kis/218410/2026.csv:202610021400,62300.0,62400.0,62100.0,62200.0,10230
m15-kis/218410/2026.csv:202610021415,62200.0,62300.0,61700.0,61800.0,15405
m15-kis/218410/2026.csv:202610021430,61700.0,61800.0,61500.0,61700.0,14998
m15-kis/218410/2026.csv:202610021445,61700.0,62100.0,61600.0,62100.0,15103
m15-kis/218410/2026.csv:202610021500,62000.0,62300.0,61900.0,62200.0,16588
m15-kis/218410/2026.csv:202610021515,62100.0,62100.0,61800.0,62000.0,20339
m15-kis/222080/2026.csv:202610020900,8040.0,8330.0,8040.0,8330.0,125840
m15-kis/222080/2026.csv:202610020915,8330.0,8350.0,8190.0,8280.0,68019
m15-kis/222080/2026.csv:202610020930,8300.0,8380.0,8300.0,8360.0,48058
m15-kis/222080/2026.csv:202610020945,8360.0,8400.0,8310.0,8380.0,52482
m15-kis/222080/2026.csv:202610021000,8390.0,8390.0,8290.0,8340.0,37216
m15-kis/222080/2026.csv:202610021015,8340.0,8370.0,8250.0,8320.0,43044
m15-kis/222080/2026.csv:202610021030,8310.0,8310.0,8200.0,8210.0,30687
m15-kis/222080/2026.csv:202610021045,8210.0,8290.0,8200.0,8290.0,10520
m15-kis/222080/2026.csv:202610021100,8260.0,8340.0,8250.0,8310.0,10812
m15-kis/222080/2026.csv:202610021115,8300.0,8330.0,8280.0,8290.0,7654
m15-kis/222080/2026.csv:202610021130,8290.0,8300.0,8270.0,8280.0,3035
m15-kis/222080/2026.csv:202610021145,8270.0,8300.0,8250.0,8300.0,6258
m15-kis/222080/2026.csv:202610021200,8300.0,8300.0,8230.0,8250.0,8561
m15-kis/222080/2026.csv:202610021215,8230.0,8280.0,8200.0,8230.0,13917
m15-kis/222080/2026.csv:202610021230,8240.0,8260.0,8195.0,8200.0,13331
m15-kis/222080/2026.csv:202610021245,8210.0,8255.0,8180.0,8250.0,16528
m15-kis/222080/2026.csv:202610021300,8260.0,8270.0,8200.0,8240.0,9367
m15-kis/222080/2026.csv:202610021315,8240.0,8280.0,8210.0,8250.0,10109
m15-kis/222080/2026.csv:202610021330,8255.0,8270.0,8240.0,8250.0,6458
m15-kis/222080/2026.csv:202610021345,8250.0,8290.0,8240.0,8270.0,6863
m15-kis/222080/2026.csv:202610021400,8270.0,8290.0,8270.0,8280.0,8964
m15-kis/222080/2026.csv:202610021415,8280.0,8310.0,8260.0,8260.0,10740
m15-kis/222080/2026.csv:202610021430,8270.0,8280.0,8240.0,8270.0,8076
m15-kis/222080/2026.csv:202610021445,8270.0,8350.0,8250.0,8350.0,20604
m15-kis/222080/2026.csv:202610021500,8350.0,8380.0,8320.0,8350.0,46672
m15-kis/222080/2026.csv:202610021515,8320.0,8350.0,8300.0,8350.0,21266
m15-kis/222800/2026.csv:202610020900,162000.0,165900.0,159100.0,160700.0,114573
m15-kis/222800/2026.csv:202610020915,160700.0,167000.0,159500.0,166200.0,90574
m15-kis/222800/2026.csv:202610020930,166200.0,168300.0,165300.0,166500.0,93422
m15-kis/222800/2026.csv:202610020945,166500.0,169000.0,166000.0,168700.0,57866
m15-kis/222800/2026.csv:202610021000,168700.0,168900.0,166600.0,168200.0,42194
m15-kis/222800/2026.csv:202610021015,168100.0,169200.0,166200.0,167200.0,47196
m15-kis/222800/2026.csv:202610021030,167300.0,168300.0,165900.0,166600.0,43499
m15-kis/222800/2026.csv:202610021045,166600.0,171000.0,166600.0,170700.0,60846
m15-kis/222800/2026.csv:202610021100,170600.0,170900.0,167800.0,168100.0,40388
m15-kis/222800/2026.csv:202610021115,168200.0,168400.0,166300.0,166400.0,34596
m15-kis/222800/2026.csv:202610021130,166500.0,166800.0,166000.0,166100.0,21953
m15-kis/222800/2026.csv:202610021145,166100.0,167000.0,165900.0,166300.0,17880
m15-kis/222800/2026.csv:202610021200,166100.0,167000.0,166100.0,166800.0,12135
m15-kis/222800/2026.csv:202610021215,166700.0,167200.0,166300.0,167100.0,11201
m15-kis/222800/2026.csv:202610021230,167100.0,167400.0,164600.0,164600.0,37918
m15-kis/222800/2026.csv:202610021245,164500.0,164600.0,162100.0,162700.0,40582
m15-kis/222800/2026.csv:202610021300,162650.0,164500.0,162000.0,164400.0,36116
m15-kis/222800/2026.csv:202610021315,164400.0,165200.0,163600.0,165000.0,17282
m15-kis/222800/2026.csv:202610021330,165000.0,166300.0,164900.0,165600.0,20460
m15-kis/222800/2026.csv:202610021345,165600.0,167500.0,165300.0,167200.0,25817
m15-kis/222800/2026.csv:202610021400,167200.0,167700.0,166700.0,167300.0,26111
m15-kis/222800/2026.csv:202610021415,167300.0,168200.0,166800.0,167000.0,29973
m15-kis/222800/2026.csv:202610021430,166800.0,167700.0,165700.0,166700.0,28901
m15-kis/222800/2026.csv:202610021445,166700.0,167000.0,166100.0,166200.0,22478
m15-kis/222800/2026.csv:202610021500,166200.0,167500.0,166100.0,167100.0,36846
m15-kis/222800/2026.csv:202610021515,167000.0,167200.0,166800.0,167200.0,27546
m15-kis/225570/2026.csv:202610020900,10820.0,10990.0,10800.0,10990.0,6187
m15-kis/225570/2026.csv:202610020915,10990.0,10990.0,10820.0,10910.0,4584
m15-kis/225570/2026.csv:202610020930,10920.0,10970.0,10800.0,10870.0,5979
m15-kis/225570/2026.csv:202610020945,10860.0,10860.0,10750.0,10780.0,4782
m15-kis/225570/2026.csv:202610021000,10790.0,10810.0,10760.0,10790.0,1164
m15-kis/225570/2026.csv:202610021015,10790.0,10800.0,10740.0,10750.0,1342
m15-kis/225570/2026.csv:202610021030,10740.0,10750.0,10720.0,10730.0,2551
m15-kis/225570/2026.csv:202610021045,10730.0,10740.0,10720.0,10720.0,2015
m15-kis/225570/2026.csv:202610021100,10720.0,10730.0,10690.0,10730.0,1861
m15-kis/225570/2026.csv:202610021115,10730.0,10730.0,10710.0,10720.0,863
m15-kis/225570/2026.csv:202610021130,10730.0,10780.0,10720.0,10760.0,1318
m15-kis/225570/2026.csv:202610021145,10770.0,10780.0,10730.0,10740.0,1525
m15-kis/225570/2026.csv:202610021200,10740.0,10770.0,10740.0,10740.0,1669
m15-kis/225570/2026.csv:202610021215,10750.0,10780.0,10730.0,10730.0,1908
m15-kis/225570/2026.csv:202610021230,10730.0,10770.0,10730.0,10750.0,1722
m15-kis/225570/2026.csv:202610021245,10750.0,10790.0,10740.0,10790.0,2599
m15-kis/225570/2026.csv:202610021300,10790.0,10850.0,10760.0,10760.0,1628
m15-kis/225570/2026.csv:202610021315,10770.0,10770.0,10740.0,10750.0,1105
m15-kis/225570/2026.csv:202610021330,10760.0,10790.0,10760.0,10780.0,1065
m15-kis/225570/2026.csv:202610021345,10760.0,10760.0,10710.0,10740.0,2101
m15-kis/225570/2026.csv:202610021400,10740.0,10740.0,10700.0,10710.0,1457
m15-kis/225570/2026.csv:202610021415,10710.0,10710.0,10670.0,10670.0,2041
m15-kis/225570/2026.csv:202610021430,10670.0,10700.0,10650.0,10700.0,1406
m15-kis/225570/2026.csv:202610021445,10700.0,10700.0,10680.0,10690.0,1623
m15-kis/225570/2026.csv:202610021500,10700.0,10700.0,10670.0,10680.0,275
m15-kis/225570/2026.csv:202610021515,10670.0,10850.0,10670.0,10850.0,4231
m15-kis/226950/2026.csv:202610020900,116800.0,119200.0,115200.0,115500.0,22745
m15-kis/226950/2026.csv:202610020915,115500.0,116100.0,113800.0,114300.0,11668
m15-kis/226950/2026.csv:202610020930,114200.0,115100.0,113100.0,114300.0,8057
m15-kis/226950/2026.csv:202610020945,114300.0,116200.0,114300.0,115500.0,5770
m15-kis/226950/2026.csv:202610021000,115500.0,116000.0,114500.0,115500.0,4825
m15-kis/226950/2026.csv:202610021015,115600.0,116800.0,115300.0,116500.0,12980
m15-kis/226950/2026.csv:202610021030,116500.0,116500.0,113600.0,114600.0,8162
m15-kis/226950/2026.csv:202610021045,114500.0,114800.0,113900.0,114700.0,4651
m15-kis/226950/2026.csv:202610021100,114700.0,115400.0,114200.0,114900.0,5285
m15-kis/226950/2026.csv:202610021115,114900.0,115500.0,114900.0,115400.0,3459
m15-kis/226950/2026.csv:202610021130,115200.0,115500.0,114800.0,115000.0,4144
m15-kis/226950/2026.csv:202610021145,115000.0,115400.0,114900.0,115000.0,3644
m15-kis/226950/2026.csv:202610021200,115000.0,115100.0,114300.0,114600.0,3741
m15-kis/226950/2026.csv:202610021215,114700.0,115000.0,114500.0,115000.0,2905
m15-kis/226950/2026.csv:202610021230,114900.0,115000.0,114100.0,114200.0,3064
m15-kis/226950/2026.csv:202610021245,114200.0,114800.0,113200.0,114500.0,5030
m15-kis/226950/2026.csv:202610021300,114600.0,114800.0,113900.0,114700.0,4259
m15-kis/226950/2026.csv:202610021315,114700.0,115100.0,114000.0,114200.0,4748
m15-kis/226950/2026.csv:202610021330,114100.0,116100.0,114100.0,115700.0,6128
m15-kis/226950/2026.csv:202610021345,115700.0,117800.0,115300.0,117200.0,10794
m15-kis/226950/2026.csv:202610021400,117200.0,117400.0,116300.0,116500.0,7468
m15-kis/226950/2026.csv:202610021415,116400.0,117400.0,116300.0,116300.0,7199
m15-kis/226950/2026.csv:202610021430,116400.0,116600.0,115700.0,115900.0,6643
m15-kis/226950/2026.csv:202610021445,115900.0,116600.0,115400.0,116500.0,7025
m15-kis/226950/2026.csv:202610021500,116500.0,116900.0,115300.0,116400.0,7134
m15-kis/226950/2026.csv:202610021515,116500.0,117100.0,116300.0,116800.0,6107
m15-kis/229640/2026.csv:202610020900,65800.0,65900.0,64600.0,64900.0,38215
m15-kis/229640/2026.csv:202610020915,64700.0,65400.0,64600.0,65400.0,13518
m15-kis/229640/2026.csv:202610020930,65300.0,66600.0,65000.0,66300.0,22925
m15-kis/229640/2026.csv:202610020945,66300.0,66900.0,66200.0,66300.0,15168
m15-kis/229640/2026.csv:202610021000,66300.0,66800.0,66000.0,66800.0,8277
m15-kis/229640/2026.csv:202610021015,66800.0,67400.0,66400.0,66600.0,19845
m15-kis/229640/2026.csv:202610021030,66500.0,66600.0,65700.0,65700.0,9303
m15-kis/229640/2026.csv:202610021045,65800.0,66200.0,65700.0,66000.0,5205
m15-kis/229640/2026.csv:202610021100,66000.0,66400.0,65900.0,65900.0,3100
m15-kis/229640/2026.csv:202610021115,66000.0,66600.0,65900.0,66500.0,4530
m15-kis/229640/2026.csv:202610021130,66500.0,67200.0,66500.0,66800.0,9737
m15-kis/229640/2026.csv:202610021145,66700.0,66900.0,66200.0,66700.0,4151
m15-kis/229640/2026.csv:202610021200,66700.0,67000.0,66700.0,66900.0,3630
m15-kis/229640/2026.csv:202610021215,66900.0,67000.0,66600.0,66600.0,3294
m15-kis/229640/2026.csv:202610021230,66700.0,66800.0,66500.0,66700.0,2906
m15-kis/229640/2026.csv:202610021245,66700.0,66700.0,66100.0,66500.0,4779
m15-kis/229640/2026.csv:202610021300,66400.0,66700.0,66100.0,66600.0,4749
m15-kis/229640/2026.csv:202610021315,66700.0,66800.0,66500.0,66800.0,1887
m15-kis/229640/2026.csv:202610021330,66700.0,66800.0,65700.0,66500.0,5891
m15-kis/229640/2026.csv:202610021345,66600.0,66900.0,66500.0,66900.0,3059
m15-kis/229640/2026.csv:202610021400,66800.0,67100.0,66600.0,67100.0,5566
m15-kis/229640/2026.csv:202610021415,67100.0,67200.0,66800.0,66900.0,4148
m15-kis/229640/2026.csv:202610021430,66900.0,67000.0,66500.0,66600.0,4184
m15-kis/229640/2026.csv:202610021445,66700.0,66900.0,66600.0,66800.0,3786
m15-kis/229640/2026.csv:202610021500,66800.0,66800.0,66300.0,66400.0,5744
m15-kis/229640/2026.csv:202610021515,66500.0,66600.0,66300.0,66400.0,5640
m15-kis/232140/2026.csv:202610020900,16010.0,16850.0,15950.0,16160.0,724524
m15-kis/232140/2026.csv:202610020915,16170.0,16320.0,16020.0,16210.0,251359
m15-kis/232140/2026.csv:202610020930,16210.0,16310.0,16120.0,16300.0,110300
m15-kis/232140/2026.csv:202610020945,16300.0,16740.0,16300.0,16600.0,234232
m15-kis/232140/2026.csv:202610021000,16600.0,16700.0,16510.0,16590.0,76104
m15-kis/232140/2026.csv:202610021015,16580.0,16830.0,16550.0,16710.0,137219
m15-kis/232140/2026.csv:202610021030,16710.0,16730.0,16450.0,16650.0,144733
m15-kis/232140/2026.csv:202610021045,16660.0,17330.0,16600.0,17250.0,698682
m15-kis/232140/2026.csv:202610021100,17240.0,17260.0,16890.0,16960.0,228585
m15-kis/232140/2026.csv:202610021115,16960.0,17030.0,16820.0,16830.0,134181
m15-kis/232140/2026.csv:202610021130,16830.0,17000.0,16730.0,16780.0,87796
m15-kis/232140/2026.csv:202610021145,16780.0,16880.0,16760.0,16820.0,45545
m15-kis/232140/2026.csv:202610021200,16820.0,16930.0,16800.0,16900.0,42819
m15-kis/232140/2026.csv:202610021215,16900.0,16960.0,16830.0,16940.0,41535
m15-kis/232140/2026.csv:202610021230,16940.0,16960.0,16770.0,16780.0,64160
m15-kis/232140/2026.csv:202610021245,16780.0,16780.0,16620.0,16630.0,75029
m15-kis/232140/2026.csv:202610021300,16630.0,16720.0,16510.0,16680.0,74007
m15-kis/232140/2026.csv:202610021315,16680.0,16750.0,16590.0,16660.0,47580
m15-kis/232140/2026.csv:202610021330,16680.0,16770.0,16590.0,16720.0,51925
m15-kis/232140/2026.csv:202610021345,16710.0,16800.0,16700.0,16740.0,36642
m15-kis/232140/2026.csv:202610021400,16740.0,16810.0,16560.0,16730.0,56527
m15-kis/232140/2026.csv:202610021415,16720.0,16780.0,16580.0,16580.0,41020
m15-kis/232140/2026.csv:202610021430,16580.0,16790.0,16500.0,16760.0,86604
m15-kis/232140/2026.csv:202610021445,16750.0,16890.0,16600.0,16830.0,90639
m15-kis/232140/2026.csv:202610021500,16830.0,16970.0,16800.0,16960.0,112474
m15-kis/232140/2026.csv:202610021515,16970.0,16980.0,16810.0,16890.0,66797
m15-kis/237690/2026.csv:202610020900,95100.0,96000.0,94600.0,94800.0,3732
m15-kis/237690/2026.csv:202610020915,94800.0,95300.0,93700.0,94200.0,3623
m15-kis/237690/2026.csv:202610020930,94200.0,94300.0,93300.0,93700.0,3884
m15-kis/237690/2026.csv:202610020945,93800.0,94500.0,93500.0,94100.0,3071
m15-kis/237690/2026.csv:202610021000,94100.0,94200.0,93500.0,93700.0,2423
m15-kis/237690/2026.csv:202610021015,93700.0,93900.0,93200.0,93500.0,2834
m15-kis/237690/2026.csv:202610021030,93700.0,93700.0,92400.0,92800.0,5945
m15-kis/237690/2026.csv:202610021045,92900.0,93400.0,92600.0,93200.0,1783
m15-kis/237690/2026.csv:202610021100,93100.0,93400.0,92800.0,93200.0,1690
m15-kis/237690/2026.csv:202610021115,93200.0,93400.0,92900.0,92900.0,1151
m15-kis/237690/2026.csv:202610021130,92900.0,93300.0,92800.0,93000.0,1395
m15-kis/237690/2026.csv:202610021145,93000.0,93400.0,92900.0,93300.0,1871
m15-kis/237690/2026.csv:202610021200,93100.0,93500.0,93000.0,93100.0,1050
m15-kis/237690/2026.csv:202610021215,93100.0,93300.0,92800.0,93000.0,2383
m15-kis/237690/2026.csv:202610021230,92900.0,93200.0,92800.0,92900.0,1208
m15-kis/237690/2026.csv:202610021245,92900.0,93200.0,92700.0,93200.0,1629
m15-kis/237690/2026.csv:202610021300,93100.0,93400.0,92800.0,93100.0,1928
m15-kis/237690/2026.csv:202610021315,93000.0,93500.0,92800.0,93500.0,1826
m15-kis/237690/2026.csv:202610021330,93300.0,93500.0,92800.0,93200.0,1865
m15-kis/237690/2026.csv:202610021345,93100.0,93400.0,93000.0,93300.0,1527
m15-kis/237690/2026.csv:202610021400,93400.0,93500.0,92900.0,93100.0,1690
m15-kis/237690/2026.csv:202610021415,93100.0,93400.0,92900.0,93000.0,1778
m15-kis/237690/2026.csv:202610021430,93000.0,93300.0,92700.0,92800.0,3086
m15-kis/237690/2026.csv:202610021445,92800.0,93400.0,92600.0,93400.0,2638
m15-kis/237690/2026.csv:202610021500,93300.0,93400.0,93100.0,93300.0,1689
m15-kis/237690/2026.csv:202610021515,93300.0,93400.0,93000.0,93300.0,2610
m15-kis/240810/2026.csv:202610020900,142200.0,145900.0,141500.0,142600.0,155094
m15-kis/240810/2026.csv:202610020915,142600.0,143000.0,140600.0,143000.0,87133
m15-kis/240810/2026.csv:202610020930,142900.0,144800.0,142700.0,143900.0,50909
m15-kis/240810/2026.csv:202610020945,143900.0,144800.0,143500.0,144300.0,33914
m15-kis/240810/2026.csv:202610021000,144300.0,144350.0,142500.0,143600.0,46784
m15-kis/240810/2026.csv:202610021015,143600.0,144100.0,142000.0,142200.0,41255
m15-kis/240810/2026.csv:202610021030,142200.0,142700.0,140500.0,140500.0,68877
m15-kis/240810/2026.csv:202610021045,140500.0,141700.0,140300.0,141250.0,32591
m15-kis/240810/2026.csv:202610021100,141250.0,141250.0,139500.0,139900.0,73777
m15-kis/240810/2026.csv:202610021115,139900.0,140200.0,138800.0,138800.0,39749
m15-kis/240810/2026.csv:202610021130,138800.0,139400.0,137900.0,137900.0,50450
m15-kis/240810/2026.csv:202610021145,137900.0,139150.0,137800.0,138800.0,27821
m15-kis/240810/2026.csv:202610021200,138800.0,139200.0,138300.0,138300.0,27057
m15-kis/240810/2026.csv:202610021215,138300.0,138500.0,138000.0,138100.0,26286
m15-kis/240810/2026.csv:202610021230,138100.0,138200.0,137200.0,137200.0,44479
m15-kis/240810/2026.csv:202610021245,137300.0,137300.0,136200.0,136700.0,53277
m15-kis/240810/2026.csv:202610021300,136700.0,137300.0,135200.0,137100.0,66561
m15-kis/240810/2026.csv:202610021315,137000.0,138100.0,136900.0,137700.0,30993
m15-kis/240810/2026.csv:202610021330,137700.0,138000.0,137400.0,137600.0,42107
m15-kis/240810/2026.csv:202610021345,137500.0,137900.0,137400.0,137700.0,19872
m15-kis/240810/2026.csv:202610021400,137700.0,137900.0,137500.0,137700.0,29694
m15-kis/240810/2026.csv:202610021415,137600.0,137900.0,136600.0,136600.0,41099
m15-kis/240810/2026.csv:202610021430,136600.0,137300.0,136400.0,137200.0,36316
m15-kis/240810/2026.csv:202610021445,137100.0,137600.0,136600.0,137200.0,31421
m15-kis/240810/2026.csv:202610021500,137300.0,138300.0,137000.0,138300.0,39127
m15-kis/240810/2026.csv:202610021515,138200.0,138400.0,138100.0,138200.0,28729
m15-kis/241560/2026.csv:202610020900,55100.0,55100.0,54600.0,54900.0,4195
m15-kis/241560/2026.csv:202610020915,54900.0,55200.0,54500.0,54600.0,5031
m15-kis/241560/2026.csv:202610020930,54600.0,55100.0,54600.0,55000.0,3153
m15-kis/241560/2026.csv:202610020945,55000.0,55100.0,54900.0,54900.0,2691
m15-kis/241560/2026.csv:202610021000,54900.0,55100.0,54700.0,55100.0,3791
m15-kis/241560/2026.csv:202610021015,55100.0,55100.0,54600.0,54700.0,3212
m15-kis/241560/2026.csv:202610021030,54600.0,54700.0,54600.0,54700.0,2006
m15-kis/241560/2026.csv:202610021045,54700.0,55000.0,54600.0,54800.0,2523
m15-kis/241560/2026.csv:202610021100,55000.0,55000.0,54800.0,55000.0,1564
m15-kis/241560/2026.csv:202610021115,54900.0,55200.0,54900.0,55100.0,3696
m15-kis/241560/2026.csv:202610021130,55100.0,55100.0,54900.0,55000.0,2053
m15-kis/241560/2026.csv:202610021145,55000.0,55100.0,54700.0,55000.0,2421
m15-kis/241560/2026.csv:202610021200,55000.0,55100.0,54900.0,55000.0,2646
m15-kis/241560/2026.csv:202610021215,55000.0,55000.0,54800.0,54800.0,1738
m15-kis/241560/2026.csv:202610021230,54800.0,54900.0,54800.0,54900.0,650
m15-kis/241560/2026.csv:202610021245,54800.0,54900.0,54600.0,54800.0,4545
m15-kis/241560/2026.csv:202610021300,54700.0,54900.0,54700.0,54900.0,2742
m15-kis/241560/2026.csv:202610021315,54900.0,54900.0,54800.0,54900.0,894
m15-kis/241560/2026.csv:202610021330,54900.0,54900.0,54800.0,54900.0,1279
m15-kis/241560/2026.csv:202610021345,54800.0,55000.0,54800.0,55000.0,2417
m15-kis/241560/2026.csv:202610021400,55000.0,55100.0,54900.0,55000.0,2755
m15-kis/241560/2026.csv:202610021415,54900.0,55000.0,54900.0,55000.0,1783
m15-kis/241560/2026.csv:202610021430,54900.0,55000.0,54900.0,55000.0,2151
m15-kis/241560/2026.csv:202610021445,55000.0,55100.0,54900.0,55100.0,1977
m15-kis/241560/2026.csv:202610021500,55100.0,55200.0,54900.0,55100.0,8292
m15-kis/241560/2026.csv:202610021515,55100.0,55200.0,55000.0,55200.0,9270
m15-kis/241710/2026.csv:202610020900,115900.0,116800.0,110400.0,111900.0,9448
m15-kis/241710/2026.csv:202610020915,111900.0,112600.0,110600.0,111300.0,6111
m15-kis/241710/2026.csv:202610020930,111200.0,111400.0,109000.0,109400.0,10047
m15-kis/241710/2026.csv:202610020945,109500.0,110900.0,109000.0,110200.0,9877
m15-kis/241710/2026.csv:202610021000,110200.0,113400.0,110100.0,111900.0,7514
m15-kis/241710/2026.csv:202610021015,112000.0,112400.0,109600.0,110300.0,10169
m15-kis/241710/2026.csv:202610021030,110200.0,111000.0,109500.0,109800.0,11252
m15-kis/241710/2026.csv:202610021045,109900.0,110400.0,109500.0,110200.0,10299
m15-kis/241710/2026.csv:202610021100,110200.0,110900.0,109800.0,110500.0,9836
m15-kis/241710/2026.csv:202610021115,110500.0,110800.0,109900.0,110400.0,8781
m15-kis/241710/2026.csv:202610021130,110400.0,111200.0,110000.0,110800.0,8795
m15-kis/241710/2026.csv:202610021145,110800.0,111300.0,110500.0,110800.0,6563
m15-kis/241710/2026.csv:202610021200,110800.0,111400.0,110700.0,110800.0,4178
m15-kis/241710/2026.csv:202610021215,110800.0,111200.0,110500.0,110900.0,3750
m15-kis/241710/2026.csv:202610021230,110900.0,111300.0,110600.0,111100.0,3792
m15-kis/241710/2026.csv:202610021245,111000.0,111600.0,110900.0,111500.0,3717
m15-kis/241710/2026.csv:202610021300,111500.0,111700.0,111000.0,111400.0,3853
m15-kis/241710/2026.csv:202610021315,111500.0,111700.0,111000.0,111300.0,4055
m15-kis/241710/2026.csv:202610021330,111300.0,111700.0,111000.0,111300.0,4126
m15-kis/241710/2026.csv:202610021345,111200.0,111600.0,111000.0,111400.0,4957
m15-kis/241710/2026.csv:202610021400,111500.0,111500.0,110700.0,111200.0,5283
m15-kis/241710/2026.csv:202610021415,111100.0,111300.0,110600.0,110900.0,6479
m15-kis/241710/2026.csv:202610021430,111000.0,111500.0,110700.0,111300.0,5700
m15-kis/241710/2026.csv:202610021445,111300.0,111400.0,110600.0,110900.0,6137
m15-kis/241710/2026.csv:202610021500,111000.0,111000.0,110200.0,110700.0,5484
m15-kis/241710/2026.csv:202610021515,110300.0,110800.0,110000.0,110000.0,3240
m15-kis/247540/2026.csv:202610020900,113300.0,117800.0,113300.0,117700.0,39810
m15-kis/247540/2026.csv:202610020915,117700.0,117700.0,114900.0,116000.0,27431
m15-kis/247540/2026.csv:202610020930,116100.0,117000.0,115800.0,116600.0,13353
m15-kis/247540/2026.csv:202610020945,116500.0,117800.0,116100.0,117600.0,15577
m15-kis/247540/2026.csv:202610021000,117600.0,117700.0,116300.0,116500.0,10868
m15-kis/247540/2026.csv:202610021015,116500.0,116700.0,115500.0,115700.0,12234
m15-kis/247540/2026.csv:202610021030,115700.0,115800.0,114700.0,114900.0,14134
m15-kis/247540/2026.csv:202610021045,114900.0,115000.0,113400.0,114400.0,21676
m15-kis/247540/2026.csv:202610021100,114400.0,114800.0,114100.0,114400.0,7804
m15-kis/247540/2026.csv:202610021115,114400.0,114700.0,114300.0,114500.0,3106
m15-kis/247540/2026.csv:202610021130,114400.0,114600.0,114200.0,114300.0,6195
m15-kis/247540/2026.csv:202610021145,114400.0,114900.0,114300.0,114500.0,5205
m15-kis/247540/2026.csv:202610021200,114600.0,114900.0,114200.0,114300.0,4379
m15-kis/247540/2026.csv:202610021215,114300.0,114600.0,113900.0,114100.0,6955
m15-kis/247540/2026.csv:202610021230,114100.0,114300.0,113950.0,113950.0,4039
m15-kis/247540/2026.csv:202610021245,114000.0,114300.0,113500.0,114200.0,11993
m15-kis/247540/2026.csv:202610021300,114300.0,114400.0,113900.0,114200.0,8005
m15-kis/247540/2026.csv:202610021315,114300.0,114800.0,114200.0,114700.0,8033
m15-kis/247540/2026.csv:202610021330,114800.0,114800.0,114400.0,114600.0,10302
m15-kis/247540/2026.csv:202610021345,114700.0,115000.0,114400.0,114900.0,4487
m15-kis/247540/2026.csv:202610021400,114900.0,115400.0,114800.0,115200.0,8752
m15-kis/247540/2026.csv:202610021415,115300.0,115500.0,114800.0,115000.0,9707
m15-kis/247540/2026.csv:202610021430,115000.0,115200.0,114500.0,114700.0,11891
m15-kis/247540/2026.csv:202610021445,114700.0,115600.0,114600.0,115500.0,18411
m15-kis/247540/2026.csv:202610021500,115600.0,115600.0,115100.0,115500.0,14617
m15-kis/247540/2026.csv:202610021515,115400.0,115700.0,115200.0,115700.0,19848
m15-kis/248070/2026.csv:202610020900,16040.0,17090.0,16020.0,16370.0,326971
m15-kis/248070/2026.csv:202610020915,16370.0,16890.0,16360.0,16740.0,97024
m15-kis/248070/2026.csv:202610020930,16730.0,17190.0,16630.0,17180.0,95215
m15-kis/248070/2026.csv:202610020945,17150.0,17200.0,16840.0,17010.0,56347
m15-kis/248070/2026.csv:202610021000,17020.0,17140.0,16600.0,16620.0,26757
m15-kis/248070/2026.csv:202610021015,16610.0,16650.0,16390.0,16610.0,50923
m15-kis/248070/2026.csv:202610021030,16610.0,17000.0,16610.0,16740.0,46211
m15-kis/248070/2026.csv:202610021045,16740.0,16790.0,16640.0,16680.0,21140
m15-kis/248070/2026.csv:202610021100,16690.0,16730.0,16660.0,16700.0,15121
m15-kis/248070/2026.csv:202610021115,16690.0,16830.0,16690.0,16820.0,14042
m15-kis/248070/2026.csv:202610021130,16820.0,17100.0,16770.0,17100.0,21711
m15-kis/248070/2026.csv:202610021145,17090.0,17240.0,17000.0,17230.0,68011
m15-kis/248070/2026.csv:202610021200,17230.0,17290.0,17060.0,17090.0,46731
m15-kis/248070/2026.csv:202610021215,17080.0,17080.0,16960.0,17060.0,28467
m15-kis/248070/2026.csv:202610021230,17060.0,17080.0,16980.0,17020.0,22644
m15-kis/248070/2026.csv:202610021245,17020.0,17050.0,16930.0,17020.0,30867
m15-kis/248070/2026.csv:202610021300,17010.0,17030.0,16790.0,16850.0,37260
m15-kis/248070/2026.csv:202610021315,16855.0,16860.0,16750.0,16810.0,16747
m15-kis/248070/2026.csv:202610021330,16810.0,16810.0,16720.0,16770.0,19145
m15-kis/248070/2026.csv:202610021345,16770.0,16770.0,16650.0,16700.0,19933
m15-kis/248070/2026.csv:202610021400,16700.0,16840.0,16690.0,16810.0,13139
m15-kis/248070/2026.csv:202610021415,16820.0,16880.0,16690.0,16810.0,17031
m15-kis/248070/2026.csv:202610021430,16820.0,16840.0,16730.0,16735.0,20870
m15-kis/248070/2026.csv:202610021445,16735.0,16790.0,16650.0,16720.0,21012
m15-kis/248070/2026.csv:202610021500,16720.0,16820.0,16700.0,16780.0,17401
m15-kis/248070/2026.csv:202610021515,16780.0,16780.0,16700.0,16700.0,27358
m15-kis/249420/2026.csv:202610020900,14760.0,14970.0,14670.0,14700.0,29255
m15-kis/249420/2026.csv:202610020915,14700.0,14750.0,14570.0,14630.0,10713
m15-kis/249420/2026.csv:202610020930,14630.0,14640.0,14580.0,14600.0,5965
m15-kis/249420/2026.csv:202610020945,14600.0,14740.0,14550.0,14690.0,9771
m15-kis/249420/2026.csv:202610021000,14660.0,14670.0,14580.0,14580.0,7991
m15-kis/249420/2026.csv:202610021015,14640.0,14650.0,14540.0,14560.0,3548
m15-kis/249420/2026.csv:202610021030,14560.0,14590.0,14440.0,14490.0,13311
m15-kis/249420/2026.csv:202610021045,14490.0,14500.0,14430.0,14460.0,2407
m15-kis/249420/2026.csv:202610021100,14470.0,14530.0,14440.0,14520.0,4364
m15-kis/249420/2026.csv:202610021115,14520.0,14520.0,14490.0,14500.0,2974
m15-kis/249420/2026.csv:202610021130,14520.0,14520.0,14480.0,14480.0,2238
m15-kis/249420/2026.csv:202610021145,14480.0,14560.0,14480.0,14560.0,1499
m15-kis/249420/2026.csv:202610021200,14560.0,14560.0,14480.0,14500.0,1477
m15-kis/249420/2026.csv:202610021215,14470.0,14500.0,14460.0,14500.0,1447
m15-kis/249420/2026.csv:202610021230,14500.0,14540.0,14490.0,14500.0,560
m15-kis/249420/2026.csv:202610021245,14490.0,14530.0,14440.0,14480.0,5164
m15-kis/249420/2026.csv:202610021300,14480.0,14490.0,14460.0,14460.0,413
m15-kis/249420/2026.csv:202610021315,14450.0,14480.0,14440.0,14470.0,1030
m15-kis/249420/2026.csv:202610021330,14470.0,14530.0,14460.0,14530.0,1083
m15-kis/249420/2026.csv:202610021345,14530.0,14560.0,14520.0,14520.0,1623
m15-kis/249420/2026.csv:202610021400,14520.0,14570.0,14510.0,14570.0,2311
m15-kis/249420/2026.csv:202610021415,14570.0,14580.0,14550.0,14580.0,2246
m15-kis/249420/2026.csv:202610021430,14560.0,14580.0,14520.0,14540.0,2145
m15-kis/249420/2026.csv:202610021445,14530.0,14540.0,14490.0,14510.0,3371
m15-kis/249420/2026.csv:202610021500,14520.0,14540.0,14500.0,14520.0,2817
m15-kis/249420/2026.csv:202610021515,14520.0,14530.0,14500.0,14510.0,3982
m15-kis/251270/2026.csv:202610020900,35000.0,35250.0,34600.0,34600.0,4279
m15-kis/251270/2026.csv:202610020915,34650.0,34750.0,34600.0,34700.0,3400
m15-kis/251270/2026.csv:202610020930,34700.0,34850.0,34600.0,34650.0,5682
m15-kis/251270/2026.csv:202610020945,34650.0,34700.0,34600.0,34650.0,2113
m15-kis/251270/2026.csv:202610021000,34650.0,34800.0,34600.0,34750.0,5857
m15-kis/251270/2026.csv:202610021015,34750.0,34750.0,34550.0,34600.0,5122
m15-kis/251270/2026.csv:202610021030,34600.0,34800.0,34550.0,34700.0,5627
m15-kis/251270/2026.csv:202610021045,34750.0,34850.0,34650.0,34800.0,4206
m15-kis/251270/2026.csv:202610021100,34800.0,35100.0,34800.0,35000.0,3826
m15-kis/251270/2026.csv:202610021115,35000.0,35050.0,34850.0,34900.0,2126
m15-kis/251270/2026.csv:202610021130,34900.0,35050.0,34850.0,35000.0,4017
m15-kis/251270/2026.csv:202610021145,35050.0,35100.0,34950.0,35050.0,4267
m15-kis/251270/2026.csv:202610021200,35000.0,35150.0,34900.0,35050.0,5647
m15-kis/251270/2026.csv:202610021215,35050.0,35200.0,34850.0,35000.0,5043
m15-kis/251270/2026.csv:202610021230,35000.0,35100.0,35000.0,35100.0,2851
m15-kis/251270/2026.csv:202610021245,35100.0,35250.0,35000.0,35200.0,7625
m15-kis/251270/2026.csv:202610021300,35200.0,35200.0,35050.0,35100.0,3493
m15-kis/251270/2026.csv:202610021315,35100.0,35150.0,35000.0,35100.0,3901
m15-kis/251270/2026.csv:202610021330,35100.0,35100.0,35050.0,35100.0,1769
m15-kis/251270/2026.csv:202610021345,35100.0,35150.0,35000.0,35100.0,5935
m15-kis/251270/2026.csv:202610021400,35100.0,35300.0,35050.0,35050.0,11819
m15-kis/251270/2026.csv:202610021415,35050.0,35200.0,35000.0,35150.0,2933
m15-kis/251270/2026.csv:202610021430,35100.0,35250.0,35100.0,35100.0,5511
m15-kis/251270/2026.csv:202610021445,35150.0,35350.0,35150.0,35300.0,7633
m15-kis/251270/2026.csv:202610021500,35250.0,35300.0,35200.0,35250.0,4367
m15-kis/251270/2026.csv:202610021515,35250.0,35400.0,35150.0,35350.0,25615
m15-kis/251970/2026.csv:202610020900,63900.0,64500.0,62300.0,62400.0,12682
m15-kis/251970/2026.csv:202610020915,62300.0,62500.0,61500.0,61700.0,3572
m15-kis/251970/2026.csv:202610020930,61700.0,61700.0,59900.0,59900.0,9392
m15-kis/251970/2026.csv:202610020945,59800.0,60200.0,59000.0,59300.0,5083
m15-kis/251970/2026.csv:202610021000,59200.0,60700.0,59200.0,60100.0,6591
m15-kis/251970/2026.csv:202610021015,60100.0,60200.0,59500.0,59700.0,4794
m15-kis/251970/2026.csv:202610021030,59700.0,59800.0,59300.0,59500.0,3332
m15-kis/251970/2026.csv:202610021045,59500.0,60500.0,59300.0,60300.0,10133
m15-kis/251970/2026.csv:202610021100,60300.0,60300.0,59900.0,59900.0,7070
m15-kis/251970/2026.csv:202610021115,60100.0,60200.0,59800.0,60000.0,3858
m15-kis/251970/2026.csv:202610021130,60000.0,60200.0,59800.0,60100.0,3928
m15-kis/251970/2026.csv:202610021145,60100.0,60100.0,59700.0,59900.0,3263
m15-kis/251970/2026.csv:202610021200,59900.0,60100.0,59600.0,59700.0,3013
m15-kis/251970/2026.csv:202610021215,59900.0,60000.0,59700.0,59900.0,3141
m15-kis/251970/2026.csv:202610021230,60000.0,60100.0,59700.0,59800.0,3402
m15-kis/251970/2026.csv:202610021245,59900.0,60500.0,59700.0,60500.0,4063
m15-kis/251970/2026.csv:202610021300,60500.0,60700.0,59800.0,60000.0,4602
m15-kis/251970/2026.csv:202610021315,60100.0,60300.0,59900.0,60300.0,3526
m15-kis/251970/2026.csv:202610021330,60200.0,60500.0,59800.0,60000.0,10837
m15-kis/251970/2026.csv:202610021345,60000.0,60400.0,59900.0,60100.0,7588
m15-kis/251970/2026.csv:202610021400,60200.0,60500.0,59900.0,60000.0,12039
m15-kis/251970/2026.csv:202610021415,60000.0,60500.0,60000.0,60400.0,7643
m15-kis/251970/2026.csv:202610021430,60500.0,61200.0,60000.0,61000.0,8658
m15-kis/251970/2026.csv:202610021445,61000.0,61200.0,60800.0,61000.0,3862
m15-kis/251970/2026.csv:202610021500,61000.0,61100.0,60600.0,60900.0,1849
m15-kis/251970/2026.csv:202610021515,60900.0,60900.0,60500.0,60500.0,1496
m15-kis/252990/2026.csv:202610020900,19840.0,20100.0,19750.0,19810.0,32324
m15-kis/252990/2026.csv:202610020915,19820.0,20100.0,19630.0,19950.0,28233
m15-kis/252990/2026.csv:202610020930,19960.0,20250.0,19950.0,19990.0,24854
m15-kis/252990/2026.csv:202610020945,19990.0,20300.0,19950.0,20100.0,20442
m15-kis/252990/2026.csv:202610021000,20100.0,20400.0,19930.0,20350.0,26497
m15-kis/252990/2026.csv:202610021015,20400.0,20400.0,20050.0,20250.0,21020
m15-kis/252990/2026.csv:202610021030,20200.0,20250.0,20000.0,20100.0,14004
m15-kis/252990/2026.csv:202610021045,20100.0,20200.0,20000.0,20050.0,15565
m15-kis/252990/2026.csv:202610021100,20100.0,20100.0,19810.0,19850.0,22577
m15-kis/252990/2026.csv:202610021115,19850.0,19890.0,19750.0,19800.0,22246
m15-kis/252990/2026.csv:202610021130,19800.0,19960.0,19790.0,19820.0,23381
m15-kis/252990/2026.csv:202610021145,19820.0,19920.0,19800.0,19900.0,17202
m15-kis/252990/2026.csv:202610021200,19890.0,19900.0,19730.0,19750.0,16620
m15-kis/252990/2026.csv:202610021215,19740.0,19850.0,19670.0,19730.0,18984
m15-kis/252990/2026.csv:202610021230,19730.0,19760.0,19600.0,19600.0,38180
m15-kis/252990/2026.csv:202610021245,19600.0,19680.0,19550.0,19610.0,29721
m15-kis/252990/2026.csv:202610021300,19610.0,19720.0,19510.0,19610.0,25655
m15-kis/252990/2026.csv:202610021315,19610.0,19680.0,19560.0,19590.0,20926
m15-kis/252990/2026.csv:202610021330,19590.0,19610.0,19500.0,19550.0,38401
m15-kis/252990/2026.csv:202610021345,19555.0,19730.0,19530.0,19630.0,25205
m15-kis/252990/2026.csv:202610021400,19620.0,19660.0,19520.0,19550.0,25228
m15-kis/252990/2026.csv:202610021415,19550.0,19680.0,19530.0,19590.0,29068
m15-kis/252990/2026.csv:202610021430,19590.0,19620.0,19490.0,19530.0,39940
m15-kis/252990/2026.csv:202610021445,19530.0,19630.0,19510.0,19590.0,24210
m15-kis/252990/2026.csv:202610021500,19590.0,19700.0,19570.0,19660.0,14681
m15-kis/252990/2026.csv:202610021515,19630.0,19800.0,19630.0,19790.0,11784
m15-kis/253450/2026.csv:202610020900,20600.0,20800.0,20500.0,20600.0,2577
m15-kis/253450/2026.csv:202610020915,20600.0,20600.0,20400.0,20600.0,828
m15-kis/253450/2026.csv:202610020930,20600.0,20650.0,20500.0,20550.0,962
m15-kis/253450/2026.csv:202610020945,20500.0,20650.0,20400.0,20500.0,2604
m15-kis/253450/2026.csv:202610021000,20550.0,20650.0,20450.0,20550.0,1017
m15-kis/253450/2026.csv:202610021015,20550.0,20550.0,20400.0,20450.0,1092
m15-kis/253450/2026.csv:202610021030,20450.0,20450.0,20350.0,20400.0,775
m15-kis/253450/2026.csv:202610021045,20400.0,20400.0,20300.0,20350.0,1267
m15-kis/253450/2026.csv:202610021100,20350.0,20400.0,20300.0,20350.0,408
m15-kis/253450/2026.csv:202610021115,20400.0,20450.0,20350.0,20450.0,741
m15-kis/253450/2026.csv:202610021130,20450.0,20550.0,20400.0,20550.0,569
m15-kis/253450/2026.csv:202610021145,20450.0,20600.0,20400.0,20550.0,915
m15-kis/253450/2026.csv:202610021200,20500.0,20550.0,20450.0,20550.0,786
m15-kis/253450/2026.csv:202610021215,20550.0,20550.0,20450.0,20500.0,719
m15-kis/253450/2026.csv:202610021230,20550.0,20550.0,20450.0,20500.0,1276
m15-kis/253450/2026.csv:202610021245,20450.0,20500.0,20400.0,20450.0,911
m15-kis/253450/2026.csv:202610021300,20500.0,20550.0,20400.0,20500.0,1253
m15-kis/253450/2026.csv:202610021315,20550.0,20550.0,20450.0,20500.0,641
m15-kis/253450/2026.csv:202610021330,20500.0,20500.0,20450.0,20450.0,610
m15-kis/253450/2026.csv:202610021345,20450.0,20550.0,20450.0,20550.0,1025
m15-kis/253450/2026.csv:202610021400,20550.0,20600.0,20500.0,20550.0,535
m15-kis/253450/2026.csv:202610021415,20550.0,20650.0,20500.0,20600.0,1289
m15-kis/253450/2026.csv:202610021430,20600.0,20650.0,20500.0,20550.0,574
m15-kis/253450/2026.csv:202610021445,20600.0,20650.0,20600.0,20650.0,941
m15-kis/253450/2026.csv:202610021500,20600.0,20650.0,20550.0,20600.0,800
m15-kis/253450/2026.csv:202610021515,20600.0,20600.0,20400.0,20400.0,3516
m15-kis/253590/2026.csv:202610020900,14500.0,15590.0,14380.0,15380.0,457447
m15-kis/253590/2026.csv:202610020915,15380.0,15730.0,15250.0,15610.0,368392
m15-kis/253590/2026.csv:202610020930,15610.0,15750.0,15450.0,15750.0,208922
m15-kis/253590/2026.csv:202610020945,15750.0,15840.0,15590.0,15740.0,135561
m15-kis/253590/2026.csv:202610021000,15800.0,16030.0,15680.0,15870.0,362303
m15-kis/253590/2026.csv:202610021015,15850.0,15930.0,15650.0,15700.0,82598
m15-kis/253590/2026.csv:202610021030,15680.0,15800.0,15530.0,15670.0,115279
m15-kis/253590/2026.csv:202610021045,15670.0,15800.0,15580.0,15750.0,39147
m15-kis/253590/2026.csv:202610021100,15740.0,15780.0,15500.0,15550.0,50981
m15-kis/253590/2026.csv:202610021115,15560.0,15680.0,15470.0,15480.0,45156
m15-kis/253590/2026.csv:202610021130,15470.0,15520.0,15450.0,15510.0,45757
m15-kis/253590/2026.csv:202610021145,15480.0,15530.0,15410.0,15500.0,33974
m15-kis/253590/2026.csv:202610021200,15490.0,15490.0,15420.0,15440.0,17223
m15-kis/253590/2026.csv:202610021215,15460.0,15570.0,15440.0,15560.0,18262
m15-kis/253590/2026.csv:202610021230,15540.0,15590.0,15370.0,15560.0,38279
m15-kis/253590/2026.csv:202610021245,15560.0,15580.0,15300.0,15320.0,31918
m15-kis/253590/2026.csv:202610021300,15320.0,15450.0,15190.0,15390.0,39200
m15-kis/253590/2026.csv:202610021315,15380.0,15490.0,15350.0,15490.0,20175
m15-kis/253590/2026.csv:202610021330,15490.0,15490.0,15360.0,15410.0,21144
m15-kis/253590/2026.csv:202610021345,15400.0,15490.0,15350.0,15480.0,18630
m15-kis/253590/2026.csv:202610021400,15490.0,15500.0,15410.0,15410.0,15296
m15-kis/253590/2026.csv:202610021415,15410.0,15450.0,15350.0,15390.0,34346
m15-kis/253590/2026.csv:202610021430,15410.0,15670.0,15390.0,15620.0,58918
m15-kis/253590/2026.csv:202610021445,15620.0,15670.0,15420.0,15530.0,35232
m15-kis/253590/2026.csv:202610021500,15530.0,15640.0,15510.0,15570.0,37474
m15-kis/253590/2026.csv:202610021515,15570.0,15580.0,15560.0,15580.0,24889
m15-kis/257720/2026.csv:202610020900,38800.0,39100.0,38350.0,38400.0,65731
m15-kis/257720/2026.csv:202610020915,38400.0,38450.0,37900.0,38000.0,49181
m15-kis/257720/2026.csv:202610020930,38000.0,38100.0,37500.0,37600.0,54210
m15-kis/257720/2026.csv:202610020945,37600.0,37650.0,37300.0,37550.0,68793
m15-kis/257720/2026.csv:202610021000,37500.0,37850.0,37500.0,37700.0,32729
m15-kis/257720/2026.csv:202610021015,37650.0,37700.0,37300.0,37350.0,28341
m15-kis/257720/2026.csv:202610021030,37350.0,37400.0,36950.0,37150.0,69565
m15-kis/257720/2026.csv:202610021045,37100.0,37350.0,37050.0,37300.0,18208
m15-kis/257720/2026.csv:202610021100,37300.0,37450.0,37000.0,37175.0,61376
m15-kis/257720/2026.csv:202610021115,37150.0,37200.0,37050.0,37150.0,16428
m15-kis/257720/2026.csv:202610021130,37150.0,37300.0,37100.0,37250.0,14950
m15-kis/257720/2026.csv:202610021145,37250.0,37450.0,37150.0,37300.0,18374
m15-kis/257720/2026.csv:202610021200,37300.0,37400.0,37150.0,37150.0,13394
m15-kis/257720/2026.csv:202610021215,37150.0,37350.0,37100.0,37350.0,11523
m15-kis/257720/2026.csv:202610021230,37250.0,37350.0,37100.0,37200.0,13866
m15-kis/257720/2026.csv:202610021245,37150.0,37300.0,37100.0,37200.0,14861
m15-kis/257720/2026.csv:202610021300,37200.0,37300.0,37100.0,37200.0,14416
m15-kis/257720/2026.csv:202610021315,37250.0,37450.0,37150.0,37200.0,17815
m15-kis/257720/2026.csv:202610021330,37200.0,37350.0,37150.0,37200.0,15581
m15-kis/257720/2026.csv:202610021345,37200.0,37350.0,37150.0,37250.0,16642
m15-kis/257720/2026.csv:202610021400,37300.0,37400.0,37150.0,37250.0,16123
m15-kis/257720/2026.csv:202610021415,37250.0,37300.0,37150.0,37200.0,18867
m15-kis/257720/2026.csv:202610021430,37250.0,37350.0,37075.0,37200.0,35008
m15-kis/257720/2026.csv:202610021445,37200.0,37200.0,37050.0,37100.0,21034
m15-kis/257720/2026.csv:202610021500,37125.0,37250.0,37100.0,37150.0,14131
m15-kis/257720/2026.csv:202610021515,37200.0,37200.0,37100.0,37100.0,17510
m15-kis/259960/2026.csv:202610020900,197800.0,199500.0,197500.0,197700.0,5929
m15-kis/259960/2026.csv:202610020915,197700.0,198300.0,196500.0,196600.0,3512
m15-kis/259960/2026.csv:202610020930,196600.0,197300.0,196500.0,197100.0,2561
m15-kis/259960/2026.csv:202610020945,197100.0,197200.0,196600.0,196900.0,1905
m15-kis/259960/2026.csv:202610021000,196900.0,197800.0,196800.0,197800.0,1862
m15-kis/259960/2026.csv:202610021015,197700.0,197900.0,196900.0,197000.0,1465
m15-kis/259960/2026.csv:202610021030,197100.0,198300.0,196900.0,197000.0,5725
m15-kis/259960/2026.csv:202610021045,197100.0,197200.0,195800.0,196100.0,3906
m15-kis/259960/2026.csv:202610021100,196100.0,197000.0,196100.0,197000.0,1128
m15-kis/259960/2026.csv:202610021115,197000.0,197400.0,196800.0,197100.0,3228
m15-kis/259960/2026.csv:202610021130,197000.0,197200.0,196900.0,197100.0,1359
m15-kis/259960/2026.csv:202610021145,197100.0,197400.0,196800.0,196800.0,1592
m15-kis/259960/2026.csv:202610021200,196900.0,197300.0,196600.0,196800.0,2001
m15-kis/259960/2026.csv:202610021215,196900.0,196900.0,196500.0,196700.0,1176
m15-kis/259960/2026.csv:202610021230,196700.0,197400.0,196500.0,196900.0,1657
m15-kis/259960/2026.csv:202610021245,197000.0,197400.0,196800.0,197000.0,1476
m15-kis/259960/2026.csv:202610021300,197000.0,197500.0,196900.0,197300.0,1801
m15-kis/259960/2026.csv:202610021315,197200.0,197500.0,197100.0,197200.0,1540
m15-kis/259960/2026.csv:202610021330,197200.0,197800.0,197200.0,197400.0,1404
m15-kis/259960/2026.csv:202610021345,197400.0,197700.0,196900.0,197700.0,1976
m15-kis/259960/2026.csv:202610021400,197700.0,197700.0,197200.0,197400.0,1915
m15-kis/259960/2026.csv:202610021415,197400.0,197700.0,197400.0,197500.0,1749
m15-kis/259960/2026.csv:202610021430,197500.0,197800.0,197400.0,197800.0,1541
m15-kis/259960/2026.csv:202610021445,197700.0,198200.0,197600.0,198200.0,3375
m15-kis/259960/2026.csv:202610021500,198200.0,198300.0,198000.0,198300.0,4213
m15-kis/259960/2026.csv:202610021515,198200.0,199100.0,198100.0,199100.0,5981
m15-kis/263750/2026.csv:202610020900,33500.0,33800.0,33500.0,33700.0,8665
m15-kis/263750/2026.csv:202610020915,33650.0,33800.0,33400.0,33550.0,7363
m15-kis/263750/2026.csv:202610020930,33650.0,33650.0,33500.0,33550.0,3040
m15-kis/263750/2026.csv:202610020945,33550.0,33550.0,33400.0,33450.0,3315
m15-kis/263750/2026.csv:202610021000,33450.0,33500.0,33300.0,33350.0,4666
m15-kis/263750/2026.csv:202610021015,33350.0,33400.0,33200.0,33350.0,5169
m15-kis/263750/2026.csv:202610021030,33350.0,33400.0,33250.0,33300.0,2365
m15-kis/263750/2026.csv:202610021045,33300.0,33400.0,33250.0,33300.0,941
m15-kis/263750/2026.csv:202610021100,33300.0,33450.0,33250.0,33400.0,1411
m15-kis/263750/2026.csv:202610021115,33450.0,33500.0,33400.0,33450.0,613
m15-kis/263750/2026.csv:202610021130,33450.0,33450.0,33350.0,33400.0,930
m15-kis/263750/2026.csv:202610021145,33350.0,33650.0,33350.0,33600.0,3245
m15-kis/263750/2026.csv:202610021200,33600.0,33700.0,33400.0,33500.0,5663
m15-kis/263750/2026.csv:202610021215,33500.0,33500.0,33350.0,33400.0,1019
m15-kis/263750/2026.csv:202610021230,33350.0,33500.0,33350.0,33450.0,1557
m15-kis/263750/2026.csv:202610021245,33400.0,33500.0,33350.0,33400.0,1914
m15-kis/263750/2026.csv:202610021300,33400.0,33550.0,33400.0,33450.0,2217
m15-kis/263750/2026.csv:202610021315,33400.0,33450.0,33350.0,33400.0,3487
m15-kis/263750/2026.csv:202610021330,33350.0,33450.0,33350.0,33350.0,2558
m15-kis/263750/2026.csv:202610021345,33350.0,33500.0,33350.0,33400.0,1646
m15-kis/263750/2026.csv:202610021400,33400.0,33400.0,33300.0,33350.0,1278
m15-kis/263750/2026.csv:202610021415,33350.0,33550.0,33200.0,33200.0,12537
m15-kis/263750/2026.csv:202610021430,33200.0,33300.0,33200.0,33200.0,2184
m15-kis/263750/2026.csv:202610021445,33250.0,33300.0,33200.0,33300.0,1586
m15-kis/263750/2026.csv:202610021500,33300.0,33700.0,33250.0,33550.0,17436
m15-kis/263750/2026.csv:202610021515,33400.0,33500.0,33300.0,33400.0,6742
m15-kis/267250/2026.csv:202610020900,199900.0,201000.0,199300.0,200000.0,10404
m15-kis/267250/2026.csv:202610020915,200000.0,201000.0,198500.0,200500.0,6844
m15-kis/267250/2026.csv:202610020930,200000.0,201500.0,200000.0,201500.0,6156
m15-kis/267250/2026.csv:202610020945,201500.0,201500.0,199900.0,200000.0,3644
m15-kis/267250/2026.csv:202610021000,200000.0,201000.0,199700.0,200500.0,3702
m15-kis/267250/2026.csv:202610021015,201000.0,201000.0,198200.0,198400.0,5758
m15-kis/267250/2026.csv:202610021030,198500.0,198800.0,198000.0,198500.0,4443
m15-kis/267250/2026.csv:202610021045,198500.0,199300.0,198200.0,198400.0,3458
m15-kis/267250/2026.csv:202610021100,198300.0,199700.0,198300.0,199200.0,3097
m15-kis/267250/2026.csv:202610021115,199200.0,199700.0,198900.0,199000.0,4712
m15-kis/267250/2026.csv:202610021130,199000.0,199200.0,198300.0,198800.0,3062
m15-kis/267250/2026.csv:202610021145,198500.0,198900.0,198000.0,198000.0,2597
m15-kis/267250/2026.csv:202610021200,198100.0,199000.0,198000.0,198900.0,4444
m15-kis/267250/2026.csv:202610021215,198800.0,198800.0,198000.0,198100.0,3642
m15-kis/267250/2026.csv:202610021230,198100.0,198900.0,198000.0,198600.0,4106
m15-kis/267250/2026.csv:202610021245,198500.0,198500.0,198100.0,198400.0,4308
m15-kis/267250/2026.csv:202610021300,198400.0,198700.0,198100.0,198600.0,4094
m15-kis/267250/2026.csv:202610021315,198600.0,199000.0,198200.0,198400.0,4704
m15-kis/267250/2026.csv:202610021330,198400.0,198900.0,198200.0,198500.0,3828
m15-kis/267250/2026.csv:202610021345,198500.0,199400.0,198100.0,199200.0,4629
m15-kis/267250/2026.csv:202610021400,199200.0,199500.0,198500.0,198600.0,5174
m15-kis/267250/2026.csv:202610021415,198600.0,199400.0,198200.0,199100.0,5559
m15-kis/267250/2026.csv:202610021430,199100.0,199500.0,198600.0,199100.0,6121
m15-kis/267250/2026.csv:202610021445,199100.0,200500.0,198700.0,200000.0,10868
m15-kis/267250/2026.csv:202610021500,200000.0,201000.0,199500.0,200500.0,9395
m15-kis/267250/2026.csv:202610021515,200000.0,201000.0,199900.0,201000.0,17104
m15-kis/267260/2026.csv:202610020900,662000.0,667000.0,660000.0,662000.0,8843
m15-kis/267260/2026.csv:202610020915,663000.0,666000.0,662000.0,666000.0,6474
m15-kis/267260/2026.csv:202610020930,666000.0,670000.0,665000.0,668000.0,2894
m15-kis/267260/2026.csv:202610020945,668000.0,674000.0,668000.0,674000.0,3347
m15-kis/267260/2026.csv:202610021000,674000.0,674000.0,670000.0,672000.0,3345
m15-kis/267260/2026.csv:202610021015,672000.0,673000.0,670000.0,670000.0,2155
m15-kis/267260/2026.csv:202610021030,670000.0,671000.0,667000.0,668000.0,3492
m15-kis/267260/2026.csv:202610021045,668000.0,673000.0,668000.0,671000.0,2853
m15-kis/267260/2026.csv:202610021100,672000.0,675000.0,670000.0,674000.0,2871
m15-kis/267260/2026.csv:202610021115,674000.0,677000.0,673000.0,674000.0,3262
m15-kis/267260/2026.csv:202610021130,675000.0,678000.0,674000.0,676000.0,2401
m15-kis/267260/2026.csv:202610021145,675000.0,678000.0,675000.0,678000.0,2095
m15-kis/267260/2026.csv:202610021200,678000.0,679000.0,676000.0,677000.0,3905
m15-kis/267260/2026.csv:202610021215,677000.0,677000.0,673000.0,674000.0,2239
m15-kis/267260/2026.csv:202610021230,674000.0,674000.0,671000.0,671000.0,2521
m15-kis/267260/2026.csv:202610021245,671000.0,672000.0,667000.0,669000.0,3160
m15-kis/267260/2026.csv:202610021300,670000.0,670000.0,667000.0,670000.0,2546
m15-kis/267260/2026.csv:202610021315,670000.0,671000.0,668000.0,670000.0,2563
m15-kis/267260/2026.csv:202610021330,671000.0,671000.0,668000.0,668000.0,2268
m15-kis/267260/2026.csv:202610021345,668000.0,671000.0,668000.0,671000.0,3276
m15-kis/267260/2026.csv:202610021400,671000.0,673000.0,670000.0,671000.0,3836
m15-kis/267260/2026.csv:202610021415,671000.0,672000.0,671000.0,671000.0,1383
m15-kis/267260/2026.csv:202610021430,671500.0,674000.0,670000.0,672000.0,5089
m15-kis/267260/2026.csv:202610021445,672000.0,676000.0,672000.0,675000.0,5375
m15-kis/267260/2026.csv:202610021500,674000.0,677000.0,672000.0,676000.0,4587
m15-kis/267260/2026.csv:202610021515,676000.0,678000.0,675000.0,678000.0,9969
m15-kis/267270/2026.csv:202610020900,116800.0,117400.0,116300.0,116800.0,18540
m15-kis/267270/2026.csv:202610020915,116800.0,117900.0,116800.0,117400.0,12939
m15-kis/267270/2026.csv:202610020930,117400.0,118300.0,117100.0,118300.0,11899
m15-kis/267270/2026.csv:202610020945,118300.0,118900.0,117900.0,118800.0,11735
m15-kis/267270/2026.csv:202610021000,118700.0,118800.0,117400.0,117600.0,11491
m15-kis/267270/2026.csv:202610021015,117650.0,118000.0,117500.0,117500.0,7142
m15-kis/267270/2026.csv:202610021030,117600.0,117600.0,117000.0,117000.0,9807
m15-kis/267270/2026.csv:202610021045,117000.0,117100.0,116800.0,117000.0,9752
m15-kis/267270/2026.csv:202610021100,117000.0,117700.0,116900.0,117300.0,18748
m15-kis/267270/2026.csv:202610021115,117300.0,117600.0,117000.0,117400.0,7454
m15-kis/267270/2026.csv:202610021130,117400.0,117800.0,117400.0,117700.0,11434
m15-kis/267270/2026.csv:202610021145,117700.0,117900.0,117600.0,117800.0,7554
m15-kis/267270/2026.csv:202610021200,117800.0,118100.0,117600.0,117800.0,9868
m15-kis/267270/2026.csv:202610021215,117900.0,117900.0,117300.0,117300.0,4740
m15-kis/267270/2026.csv:202610021230,117300.0,117600.0,117200.0,117400.0,7235
m15-kis/267270/2026.csv:202610021245,117300.0,117500.0,117100.0,117300.0,6921
m15-kis/267270/2026.csv:202610021300,117350.0,117500.0,117000.0,117000.0,10613
m15-kis/267270/2026.csv:202610021315,117000.0,117100.0,116700.0,116800.0,11551
m15-kis/267270/2026.csv:202610021330,116800.0,117000.0,116700.0,116700.0,12862
m15-kis/267270/2026.csv:202610021345,116700.0,116800.0,116500.0,116600.0,14745
m15-kis/267270/2026.csv:202610021400,116600.0,116800.0,116300.0,116600.0,21645
m15-kis/267270/2026.csv:202610021415,116600.0,116800.0,116300.0,116300.0,16964
m15-kis/267270/2026.csv:202610021430,116300.0,116400.0,116000.0,116100.0,27644
m15-kis/267270/2026.csv:202610021445,116100.0,117100.0,116100.0,117100.0,20953
m15-kis/267270/2026.csv:202610021500,117000.0,117500.0,116900.0,117000.0,15326
m15-kis/267270/2026.csv:202610021515,117200.0,117900.0,117000.0,117900.0,13983
m15-kis/268280/2026.csv:202610020900,127400.0,127400.0,126200.0,126500.0,8
m15-kis/268280/2026.csv:202610020915,126500.0,126500.0,125100.0,125300.0,129
m15-kis/268280/2026.csv:202610020930,125900.0,125900.0,125400.0,125900.0,9
m15-kis/268280/2026.csv:202610020945,125600.0,125600.0,124500.0,124500.0,18
m15-kis/268280/2026.csv:202610021000,125000.0,125000.0,124600.0,124800.0,19
m15-kis/268280/2026.csv:202610021015,124800.0,125100.0,124500.0,125100.0,217
m15-kis/268280/2026.csv:202610021030,124800.0,126000.0,124800.0,126000.0,45
m15-kis/268280/2026.csv:202610021045,126000.0,126400.0,125900.0,126200.0,11
m15-kis/268280/2026.csv:202610021100,126200.0,126300.0,126200.0,126200.0,4
m15-kis/268280/2026.csv:202610021115,126300.0,126300.0,126000.0,126000.0,3
m15-kis/268280/2026.csv:202610021145,125700.0,126000.0,125600.0,126000.0,3
m15-kis/268280/2026.csv:202610021200,126000.0,126400.0,125900.0,126400.0,13
m15-kis/268280/2026.csv:202610021215,125800.0,125900.0,125700.0,125900.0,4
m15-kis/268280/2026.csv:202610021230,125900.0,125900.0,125700.0,125700.0,18
m15-kis/268280/2026.csv:202610021245,126300.0,126300.0,126100.0,126100.0,2
m15-kis/268280/2026.csv:202610021300,126100.0,126400.0,126100.0,126200.0,5
m15-kis/268280/2026.csv:202610021315,126200.0,126200.0,126100.0,126100.0,3
m15-kis/268280/2026.csv:202610021330,125900.0,125900.0,125900.0,125900.0,1
m15-kis/268280/2026.csv:202610021345,125900.0,125900.0,125900.0,125900.0,2
m15-kis/268280/2026.csv:202610021400,126300.0,126500.0,125900.0,125900.0,24
m15-kis/268280/2026.csv:202610021415,126100.0,127200.0,125900.0,127200.0,131
m15-kis/268280/2026.csv:202610021430,127100.0,127300.0,127000.0,127300.0,26
m15-kis/268280/2026.csv:202610021445,127200.0,127400.0,126900.0,126900.0,18
m15-kis/268280/2026.csv:202610021500,127300.0,127500.0,127100.0,127500.0,12
m15-kis/268280/2026.csv:202610021515,127500.0,127700.0,127100.0,127600.0,82
m15-kis/271560/2026.csv:202610020900,106100.0,106400.0,105400.0,105500.0,2253
m15-kis/271560/2026.csv:202610020915,105500.0,105600.0,104900.0,105200.0,3136
m15-kis/271560/2026.csv:202610020930,105200.0,105700.0,105100.0,105300.0,1051
m15-kis/271560/2026.csv:202610020945,105300.0,105700.0,105100.0,105400.0,1255
m15-kis/271560/2026.csv:202610021000,105200.0,106000.0,105100.0,105800.0,1035
m15-kis/271560/2026.csv:202610021015,105600.0,105900.0,104600.0,104650.0,3698
m15-kis/271560/2026.csv:202610021030,104700.0,107500.0,104550.0,104700.0,5489
m15-kis/271560/2026.csv:202610021045,104700.0,105700.0,104600.0,105000.0,3197
m15-kis/271560/2026.csv:202610021100,105000.0,105300.0,104750.0,105000.0,2684
m15-kis/271560/2026.csv:202610021115,105100.0,105200.0,104600.0,105000.0,7721
m15-kis/271560/2026.csv:202610021130,104900.0,105400.0,104700.0,105300.0,3415
m15-kis/271560/2026.csv:202610021145,105400.0,105600.0,105000.0,105100.0,2943
m15-kis/271560/2026.csv:202610021200,105100.0,105400.0,104800.0,105100.0,3421
m15-kis/271560/2026.csv:202610021215,105100.0,105400.0,104800.0,105100.0,5271
m15-kis/271560/2026.csv:202610021230,105200.0,105400.0,105000.0,105400.0,7036
m15-kis/271560/2026.csv:202610021245,105400.0,105500.0,105000.0,105400.0,4235
m15-kis/271560/2026.csv:202610021300,105300.0,105400.0,105000.0,105300.0,3392
m15-kis/271560/2026.csv:202610021315,105300.0,105400.0,105000.0,105100.0,3112
m15-kis/271560/2026.csv:202610021330,105000.0,105500.0,105000.0,105100.0,3465
m15-kis/271560/2026.csv:202610021345,105100.0,105300.0,105000.0,105300.0,3900
m15-kis/271560/2026.csv:202610021400,105300.0,105400.0,105000.0,105000.0,4009
m15-kis/271560/2026.csv:202610021415,105100.0,105300.0,104800.0,104900.0,5064
m15-kis/271560/2026.csv:202610021430,105000.0,105100.0,104800.0,105000.0,4820
m15-kis/271560/2026.csv:202610021445,105000.0,105300.0,104800.0,105200.0,5112
m15-kis/271560/2026.csv:202610021500,105200.0,105300.0,104900.0,105100.0,5169
m15-kis/271560/2026.csv:202610021515,105100.0,105300.0,105000.0,105300.0,8035
m15-kis/272210/2026.csv:202610020900,77150.0,78900.0,77100.0,78800.0,32246
m15-kis/272210/2026.csv:202610020915,78800.0,79000.0,77700.0,78500.0,21199
m15-kis/272210/2026.csv:202610020930,78500.0,79000.0,77900.0,78400.0,27562
m15-kis/272210/2026.csv:202610020945,78400.0,79600.0,78100.0,79000.0,43014
m15-kis/272210/2026.csv:202610021000,79000.0,79200.0,78300.0,79200.0,31235
m15-kis/272210/2026.csv:202610021015,79200.0,80000.0,79100.0,79800.0,51406
m15-kis/272210/2026.csv:202610021030,79900.0,79900.0,78900.0,79600.0,25607
m15-kis/272210/2026.csv:202610021045,79500.0,81100.0,79500.0,81100.0,61303
m15-kis/272210/2026.csv:202610021100,81000.0,81700.0,80350.0,80600.0,43630
m15-kis/272210/2026.csv:202610021115,80700.0,80800.0,80000.0,80100.0,20097
m15-kis/272210/2026.csv:202610021130,80300.0,80800.0,80300.0,80800.0,12914
m15-kis/272210/2026.csv:202610021145,80800.0,80800.0,80000.0,80200.0,15391
m15-kis/272210/2026.csv:202610021200,80100.0,80400.0,79700.0,80300.0,15627
m15-kis/272210/2026.csv:202610021215,80300.0,80300.0,79900.0,80000.0,12752
m15-kis/272210/2026.csv:202610021230,80000.0,80200.0,79700.0,79900.0,14057
m15-kis/272210/2026.csv:202610021245,79800.0,79900.0,79400.0,79700.0,15413
m15-kis/272210/2026.csv:202610021300,79700.0,80500.0,79600.0,80400.0,29288
m15-kis/272210/2026.csv:202610021315,80300.0,81100.0,80300.0,80900.0,31085
m15-kis/272210/2026.csv:202610021330,80800.0,81300.0,80600.0,81300.0,24954
m15-kis/272210/2026.csv:202610021345,81200.0,81400.0,80600.0,81000.0,27697
m15-kis/272210/2026.csv:202610021400,81100.0,81700.0,80800.0,81600.0,36518
m15-kis/272210/2026.csv:202610021415,81600.0,83000.0,81600.0,82400.0,97766
m15-kis/272210/2026.csv:202610021430,82300.0,82650.0,82100.0,82400.0,64331
m15-kis/272210/2026.csv:202610021445,82300.0,82900.0,82200.0,82400.0,67528
m15-kis/272210/2026.csv:202610021500,82400.0,82900.0,82400.0,82800.0,47759
m15-kis/272210/2026.csv:202610021515,82800.0,82900.0,82500.0,82900.0,41841
m15-kis/277810/2026.csv:202610020900,434500.0,447000.0,433500.0,443000.0,6634
m15-kis/277810/2026.csv:202610020915,442000.0,445000.0,438500.0,441000.0,3103
m15-kis/277810/2026.csv:202610020930,441000.0,445000.0,441000.0,444500.0,2047
m15-kis/277810/2026.csv:202610020945,444000.0,444500.0,442000.0,444000.0,1402
m15-kis/277810/2026.csv:202610021000,443500.0,444000.0,440500.0,443000.0,1097
m15-kis/277810/2026.csv:202610021015,442500.0,450000.0,442500.0,449000.0,7127
m15-kis/277810/2026.csv:202610021030,448750.0,448750.0,443000.0,444500.0,1894
m15-kis/277810/2026.csv:202610021045,444500.0,451500.0,444000.0,449500.0,6635
m15-kis/277810/2026.csv:202610021100,450000.0,451000.0,448500.0,448500.0,1670
m15-kis/277810/2026.csv:202610021115,449000.0,450000.0,447500.0,448000.0,1360
m15-kis/277810/2026.csv:202610021130,448000.0,449000.0,447000.0,447500.0,976
m15-kis/277810/2026.csv:202610021145,448000.0,450000.0,447500.0,449500.0,1633
m15-kis/277810/2026.csv:202610021200,449500.0,450000.0,448000.0,448500.0,1100
m15-kis/277810/2026.csv:202610021215,448500.0,449000.0,446500.0,447000.0,837
m15-kis/277810/2026.csv:202610021230,447000.0,449000.0,446000.0,447000.0,2135
m15-kis/277810/2026.csv:202610021245,446500.0,447500.0,445000.0,447500.0,1161
m15-kis/277810/2026.csv:202610021300,447000.0,448000.0,446000.0,447500.0,1325
m15-kis/277810/2026.csv:202610021315,448000.0,449500.0,447000.0,449500.0,1030
m15-kis/277810/2026.csv:202610021330,449500.0,449500.0,448500.0,449000.0,896
m15-kis/277810/2026.csv:202610021345,449000.0,449500.0,448500.0,449500.0,1380
m15-kis/277810/2026.csv:202610021400,449500.0,450000.0,449000.0,449000.0,1961
m15-kis/277810/2026.csv:202610021415,449500.0,452000.0,449000.0,449000.0,5268
m15-kis/277810/2026.csv:202610021430,449000.0,449500.0,447500.0,448000.0,2844
m15-kis/277810/2026.csv:202610021445,448500.0,450000.0,447500.0,448500.0,2213
m15-kis/277810/2026.csv:202610021500,449000.0,450000.0,448000.0,449500.0,2201
m15-kis/277810/2026.csv:202610021515,449500.0,450000.0,447500.0,449500.0,2207
m15-kis/278470/2026.csv:202610020900,373500.0,376000.0,365500.0,366500.0,18519
m15-kis/278470/2026.csv:202610020915,366500.0,370000.0,365000.0,369000.0,10847
m15-kis/278470/2026.csv:202610020930,369500.0,370000.0,365000.0,366000.0,10279
m15-kis/278470/2026.csv:202610020945,365500.0,367000.0,363500.0,365500.0,8607
m15-kis/278470/2026.csv:202610021000,365500.0,369500.0,365500.0,368000.0,8496
m15-kis/278470/2026.csv:202610021015,368000.0,368500.0,365500.0,366500.0,8034
m15-kis/278470/2026.csv:202610021030,366500.0,367000.0,365000.0,365500.0,6046
m15-kis/278470/2026.csv:202610021045,366000.0,369000.0,365500.0,368500.0,5930
m15-kis/278470/2026.csv:202610021100,369000.0,369000.0,367000.0,369000.0,3777
m15-kis/278470/2026.csv:202610021115,368500.0,369000.0,368000.0,368500.0,3751
m15-kis/278470/2026.csv:202610021130,369000.0,370000.0,368500.0,369500.0,5456
m15-kis/278470/2026.csv:202610021145,369500.0,370000.0,369000.0,369000.0,4022
m15-kis/278470/2026.csv:202610021200,369000.0,369000.0,367000.0,368000.0,4153
m15-kis/278470/2026.csv:202610021215,368000.0,369500.0,367500.0,368000.0,3313
m15-kis/278470/2026.csv:202610021230,367500.0,368000.0,366000.0,366250.0,3355
m15-kis/278470/2026.csv:202610021245,366250.0,368500.0,366000.0,367000.0,4252
m15-kis/278470/2026.csv:202610021300,367500.0,367500.0,366000.0,367000.0,4138
m15-kis/278470/2026.csv:202610021315,367000.0,368500.0,366500.0,368000.0,5193
m15-kis/278470/2026.csv:202610021330,368000.0,369000.0,367500.0,368000.0,4152
m15-kis/278470/2026.csv:202610021345,368000.0,368000.0,366500.0,367000.0,4337
m15-kis/278470/2026.csv:202610021400,367000.0,367000.0,365500.0,365500.0,5969
m15-kis/278470/2026.csv:202610021415,365500.0,367500.0,364500.0,364500.0,7311
m15-kis/278470/2026.csv:202610021430,365000.0,367500.0,364500.0,365500.0,6321
m15-kis/278470/2026.csv:202610021445,365500.0,367500.0,365500.0,366500.0,4995
m15-kis/278470/2026.csv:202610021500,366000.0,367000.0,365000.0,366000.0,4706
m15-kis/278470/2026.csv:202610021515,366000.0,366000.0,365000.0,366000.0,9894
m15-kis/280360/2026.csv:202610020900,121200.0,122400.0,121200.0,121200.0,188
m15-kis/280360/2026.csv:202610020915,121300.0,121300.0,119100.0,119900.0,765
m15-kis/280360/2026.csv:202610020930,119800.0,119900.0,118400.0,118800.0,1134
m15-kis/280360/2026.csv:202610020945,118800.0,118800.0,118200.0,118400.0,1653
m15-kis/280360/2026.csv:202610021000,118500.0,119300.0,118300.0,119200.0,360
m15-kis/280360/2026.csv:202610021015,119200.0,119400.0,118300.0,118800.0,361
m15-kis/280360/2026.csv:202610021030,118600.0,119100.0,118400.0,118800.0,289
m15-kis/280360/2026.csv:202610021045,119000.0,119100.0,118400.0,118600.0,280
m15-kis/280360/2026.csv:202610021100,118600.0,119100.0,118500.0,119100.0,352
m15-kis/280360/2026.csv:202610021115,119000.0,119100.0,118500.0,118700.0,454
m15-kis/280360/2026.csv:202610021130,118600.0,119100.0,118500.0,118600.0,326
m15-kis/280360/2026.csv:202610021145,118800.0,119100.0,118500.0,118800.0,336
m15-kis/280360/2026.csv:202610021200,118500.0,118900.0,118400.0,118600.0,332
m15-kis/280360/2026.csv:202610021215,118600.0,119000.0,118400.0,118700.0,419
m15-kis/280360/2026.csv:202610021230,118600.0,119000.0,118400.0,118600.0,414
m15-kis/280360/2026.csv:202610021245,118600.0,118900.0,118400.0,118800.0,389
m15-kis/280360/2026.csv:202610021300,118600.0,119400.0,118400.0,119000.0,453
m15-kis/280360/2026.csv:202610021315,118700.0,119100.0,118400.0,118800.0,423
m15-kis/280360/2026.csv:202610021330,118400.0,118900.0,118400.0,118800.0,384
m15-kis/280360/2026.csv:202610021345,118800.0,118900.0,118300.0,118800.0,404
m15-kis/280360/2026.csv:202610021400,118900.0,119100.0,118600.0,118600.0,441
m15-kis/280360/2026.csv:202610021415,118800.0,119000.0,118500.0,118500.0,362
m15-kis/280360/2026.csv:202610021430,118500.0,119000.0,118400.0,118600.0,401
m15-kis/280360/2026.csv:202610021445,118600.0,118800.0,118400.0,118500.0,476
m15-kis/280360/2026.csv:202610021500,118600.0,119900.0,118400.0,119800.0,1493
m15-kis/280360/2026.csv:202610021515,119800.0,119800.0,118700.0,119400.0,496
m15-kis/281740/2026.csv:202610020900,12180.0,12710.0,12180.0,12600.0,153312
m15-kis/281740/2026.csv:202610020915,12605.0,12780.0,12490.0,12770.0,108488
m15-kis/281740/2026.csv:202610020930,12770.0,12950.0,12760.0,12930.0,132388
m15-kis/281740/2026.csv:202610020945,12930.0,13030.0,12850.0,12940.0,92211
m15-kis/281740/2026.csv:202610021000,12950.0,12960.0,12720.0,12870.0,52968
m15-kis/281740/2026.csv:202610021015,12850.0,12860.0,12595.0,12650.0,45583
m15-kis/281740/2026.csv:202610021030,12650.0,12690.0,12520.0,12580.0,41108
m15-kis/281740/2026.csv:202610021045,12580.0,12610.0,12520.0,12590.0,23023
m15-kis/281740/2026.csv:202610021100,12590.0,12630.0,12550.0,12580.0,7508
m15-kis/281740/2026.csv:202610021115,12590.0,12650.0,12570.0,12570.0,10768
m15-kis/281740/2026.csv:202610021130,12570.0,12580.0,12510.0,12520.0,10186
m15-kis/281740/2026.csv:202610021145,12520.0,12570.0,12510.0,12570.0,6320
m15-kis/281740/2026.csv:202610021200,12560.0,12580.0,12450.0,12470.0,22890
m15-kis/281740/2026.csv:202610021215,12480.0,12490.0,12420.0,12480.0,14204
m15-kis/281740/2026.csv:202610021230,12480.0,12490.0,12460.0,12480.0,6266
m15-kis/281740/2026.csv:202610021245,12470.0,12490.0,12420.0,12490.0,6668
m15-kis/281740/2026.csv:202610021300,12500.0,12550.0,12420.0,12480.0,8879
m15-kis/281740/2026.csv:202610021315,12480.0,12490.0,12440.0,12480.0,5374
m15-kis/281740/2026.csv:202610021330,12480.0,12490.0,12420.0,12450.0,4702
m15-kis/281740/2026.csv:202610021345,12440.0,12500.0,12430.0,12480.0,8962
m15-kis/281740/2026.csv:202610021400,12490.0,12570.0,12470.0,12530.0,11273
m15-kis/281740/2026.csv:202610021415,12525.0,12530.0,12490.0,12500.0,12943
m15-kis/281740/2026.csv:202610021430,12510.0,12510.0,12430.0,12480.0,9866
m15-kis/281740/2026.csv:202610021445,12480.0,12550.0,12470.0,12545.0,10584
m15-kis/281740/2026.csv:202610021500,12545.0,12570.0,12520.0,12540.0,12521
m15-kis/281740/2026.csv:202610021515,12540.0,12560.0,12530.0,12550.0,12061
m15-kis/282330/2026.csv:202610020900,126600.0,127700.0,125900.0,126500.0,1581
m15-kis/282330/2026.csv:202610020915,126500.0,126700.0,126100.0,126300.0,621
m15-kis/282330/2026.csv:202610020930,126300.0,126400.0,125900.0,126100.0,1327
m15-kis/282330/2026.csv:202610020945,126200.0,126300.0,125500.0,126100.0,986
m15-kis/282330/2026.csv:202610021000,126100.0,126900.0,125700.0,126800.0,1042
m15-kis/282330/2026.csv:202610021015,126800.0,127100.0,125900.0,126500.0,941
m15-kis/282330/2026.csv:202610021030,126500.0,130500.0,126500.0,128100.0,4964
m15-kis/282330/2026.csv:202610021045,128100.0,128500.0,127500.0,128100.0,3013
m15-kis/282330/2026.csv:202610021100,128200.0,128300.0,127400.0,128000.0,1037
m15-kis/282330/2026.csv:202610021115,128100.0,128300.0,127600.0,128000.0,818
m15-kis/282330/2026.csv:202610021130,127900.0,128900.0,127600.0,128800.0,614
m15-kis/282330/2026.csv:202610021145,128800.0,129000.0,128100.0,128500.0,977
m15-kis/282330/2026.csv:202610021200,128500.0,128500.0,127900.0,128100.0,705
m15-kis/282330/2026.csv:202610021215,128100.0,128100.0,127200.0,127600.0,661
m15-kis/282330/2026.csv:202610021230,127600.0,127900.0,127400.0,127600.0,755
m15-kis/282330/2026.csv:202610021245,127500.0,128050.0,127500.0,127700.0,821
m15-kis/282330/2026.csv:202610021300,127700.0,127900.0,127600.0,127600.0,644
m15-kis/282330/2026.csv:202610021315,127700.0,127900.0,127400.0,127500.0,859
m15-kis/282330/2026.csv:202610021330,127600.0,127900.0,127500.0,127600.0,774
m15-kis/282330/2026.csv:202610021345,127600.0,127900.0,127300.0,127900.0,1146
m15-kis/282330/2026.csv:202610021400,127800.0,128300.0,127800.0,127900.0,1075
m15-kis/282330/2026.csv:202610021415,127800.0,128100.0,127800.0,128100.0,527
m15-kis/282330/2026.csv:202610021430,128100.0,128300.0,127900.0,127900.0,683
m15-kis/282330/2026.csv:202610021445,127900.0,128100.0,127800.0,128000.0,648
m15-kis/282330/2026.csv:202610021500,128000.0,128100.0,127300.0,127300.0,1807
m15-kis/282330/2026.csv:202610021515,127400.0,127900.0,127000.0,127900.0,3499
m15-kis/284740/2026.csv:202610020900,24800.0,24900.0,24750.0,24750.0,1228
m15-kis/284740/2026.csv:202610020915,24700.0,24800.0,24650.0,24750.0,428
m15-kis/284740/2026.csv:202610020930,24700.0,24750.0,24650.0,24650.0,267
m15-kis/284740/2026.csv:202610020945,24650.0,24700.0,24550.0,24550.0,252
m15-kis/284740/2026.csv:202610021000,24650.0,24700.0,24600.0,24650.0,65
m15-kis/284740/2026.csv:202610021015,24650.0,24750.0,24600.0,24750.0,254
m15-kis/284740/2026.csv:202610021030,24700.0,24700.0,24600.0,24600.0,278
m15-kis/284740/2026.csv:202610021045,24750.0,24750.0,24750.0,24750.0,6
m15-kis/284740/2026.csv:202610021100,24750.0,24750.0,24600.0,24700.0,236
m15-kis/284740/2026.csv:202610021115,24700.0,24700.0,24650.0,24650.0,103
m15-kis/284740/2026.csv:202610021130,24650.0,24700.0,24600.0,24600.0,183
m15-kis/284740/2026.csv:202610021145,24600.0,24650.0,24600.0,24650.0,131
m15-kis/284740/2026.csv:202610021200,24650.0,24700.0,24650.0,24650.0,342
m15-kis/284740/2026.csv:202610021215,24650.0,24700.0,24600.0,24700.0,370
m15-kis/284740/2026.csv:202610021230,24650.0,24700.0,24550.0,24600.0,729
m15-kis/284740/2026.csv:202610021245,24550.0,24600.0,24550.0,24550.0,129
m15-kis/284740/2026.csv:202610021300,24550.0,24650.0,24550.0,24600.0,170
m15-kis/284740/2026.csv:202610021315,24600.0,24650.0,24600.0,24600.0,126
m15-kis/284740/2026.csv:202610021330,24600.0,24650.0,24600.0,24650.0,234
m15-kis/284740/2026.csv:202610021345,24600.0,24650.0,24600.0,24600.0,288
m15-kis/284740/2026.csv:202610021400,24600.0,24650.0,24600.0,24650.0,87
m15-kis/284740/2026.csv:202610021415,24600.0,24650.0,24600.0,24650.0,166
m15-kis/284740/2026.csv:202610021430,24650.0,24700.0,24400.0,24600.0,2169
m15-kis/284740/2026.csv:202610021445,24600.0,24700.0,24600.0,24700.0,279
m15-kis/284740/2026.csv:202610021500,24650.0,24700.0,24600.0,24700.0,661
m15-kis/284740/2026.csv:202610021515,24650.0,24700.0,24650.0,24700.0,529
m15-kis/285130/2026.csv:202610020900,51100.0,51600.0,51000.0,51300.0,644
m15-kis/285130/2026.csv:202610020915,51200.0,51300.0,50800.0,51200.0,360
m15-kis/285130/2026.csv:202610020930,51200.0,51300.0,51100.0,51100.0,393
m15-kis/285130/2026.csv:202610020945,51200.0,51200.0,50900.0,51200.0,742
m15-kis/285130/2026.csv:202610021000,51100.0,51200.0,50900.0,51000.0,427
m15-kis/285130/2026.csv:202610021015,50900.0,51100.0,50700.0,50800.0,637
m15-kis/285130/2026.csv:202610021030,50800.0,51000.0,50700.0,50700.0,336
m15-kis/285130/2026.csv:202610021045,50800.0,51000.0,50600.0,50900.0,772
m15-kis/285130/2026.csv:202610021100,51000.0,51700.0,50800.0,51700.0,2622
m15-kis/285130/2026.csv:202610021115,51700.0,51900.0,51500.0,51700.0,1834
m15-kis/285130/2026.csv:202610021130,51800.0,51800.0,51600.0,51800.0,1598
m15-kis/285130/2026.csv:202610021145,51800.0,51800.0,51600.0,51600.0,1471
m15-kis/285130/2026.csv:202610021200,51700.0,51700.0,51000.0,51200.0,890
m15-kis/285130/2026.csv:202610021215,51300.0,51300.0,51000.0,51100.0,710
m15-kis/285130/2026.csv:202610021230,51100.0,51100.0,50800.0,50900.0,564
m15-kis/285130/2026.csv:202610021245,51000.0,51200.0,50800.0,51200.0,969
m15-kis/285130/2026.csv:202610021300,51200.0,51400.0,51000.0,51200.0,734
m15-kis/285130/2026.csv:202610021315,51200.0,52000.0,51000.0,51900.0,3380
m15-kis/285130/2026.csv:202610021330,51900.0,52000.0,51300.0,51500.0,2297
m15-kis/285130/2026.csv:202610021345,51400.0,51500.0,51300.0,51400.0,540
m15-kis/285130/2026.csv:202610021400,51500.0,51700.0,51400.0,51600.0,1219
m15-kis/285130/2026.csv:202610021415,51600.0,51800.0,51400.0,51500.0,730
m15-kis/285130/2026.csv:202610021430,51600.0,51600.0,51300.0,51500.0,622
m15-kis/285130/2026.csv:202610021445,51500.0,51700.0,51400.0,51700.0,862
m15-kis/285130/2026.csv:202610021500,51500.0,51700.0,51500.0,51700.0,823
m15-kis/285130/2026.csv:202610021515,51700.0,51800.0,51600.0,51800.0,1663
m15-kis/290650/2026.csv:202610020900,55300.0,55700.0,53300.0,53400.0,13072
m15-kis/290650/2026.csv:202610020915,53500.0,53900.0,53000.0,53500.0,12044
m15-kis/290650/2026.csv:202610020930,53600.0,54300.0,53300.0,53900.0,10887
m15-kis/290650/2026.csv:202610020945,54000.0,54400.0,53800.0,54000.0,10464
m15-kis/290650/2026.csv:202610021000,54100.0,54400.0,53400.0,54000.0,11277
m15-kis/290650/2026.csv:202610021015,54000.0,54800.0,53800.0,54600.0,20229
m15-kis/290650/2026.csv:202610021030,54300.0,54900.0,53900.0,54400.0,13180
m15-kis/290650/2026.csv:202610021045,54600.0,55400.0,54000.0,55300.0,13576
m15-kis/290650/2026.csv:202610021100,55100.0,55800.0,54500.0,54600.0,12440
m15-kis/290650/2026.csv:202610021115,54800.0,55800.0,54600.0,54700.0,18266
m15-kis/290650/2026.csv:202610021130,54900.0,56200.0,54800.0,56100.0,14840
m15-kis/290650/2026.csv:202610021145,55900.0,56600.0,55800.0,56600.0,14655
m15-kis/290650/2026.csv:202610021200,56300.0,56600.0,55700.0,56300.0,13208
m15-kis/290650/2026.csv:202610021215,56200.0,56500.0,55800.0,56300.0,10892
m15-kis/290650/2026.csv:202610021230,56200.0,56600.0,56000.0,56500.0,14189
m15-kis/290650/2026.csv:202610021245,56200.0,56500.0,55900.0,56300.0,16140
m15-kis/290650/2026.csv:202610021300,56200.0,56500.0,55600.0,55600.0,12902
m15-kis/290650/2026.csv:202610021315,55600.0,55700.0,55000.0,55100.0,10902
m15-kis/290650/2026.csv:202610021330,55100.0,55200.0,54700.0,54800.0,6526
m15-kis/290650/2026.csv:202610021345,55000.0,55900.0,54400.0,54800.0,12824
m15-kis/290650/2026.csv:202610021400,54900.0,55800.0,54600.0,54600.0,4963
m15-kis/290650/2026.csv:202610021415,54700.0,54900.0,54300.0,54300.0,4682
m15-kis/290650/2026.csv:202610021430,54300.0,54500.0,54000.0,54400.0,5484
m15-kis/290650/2026.csv:202610021445,54300.0,54500.0,53900.0,54200.0,6500
m15-kis/290650/2026.csv:202610021500,54200.0,54400.0,54000.0,54200.0,3817
m15-kis/290650/2026.csv:202610021515,54100.0,54300.0,53700.0,53700.0,4475
m15-kis/293490/2026.csv:202610020900,9950.0,10170.0,9920.0,9970.0,58708
m15-kis/293490/2026.csv:202610020915,9960.0,9970.0,9800.0,9890.0,22340
m15-kis/293490/2026.csv:202610020930,9890.0,9950.0,9860.0,9920.0,14998
m15-kis/293490/2026.csv:202610020945,9930.0,9950.0,9900.0,9910.0,12649
m15-kis/293490/2026.csv:202610021000,9910.0,9920.0,9870.0,9870.0,14798
m15-kis/293490/2026.csv:202610021015,9880.0,9890.0,9810.0,9840.0,20601
m15-kis/293490/2026.csv:202610021030,9860.0,9860.0,9750.0,9800.0,15731
m15-kis/293490/2026.csv:202610021045,9790.0,9800.0,9760.0,9770.0,8754
m15-kis/293490/2026.csv:202610021100,9770.0,9890.0,9770.0,9890.0,8118
m15-kis/293490/2026.csv:202610021115,9890.0,9910.0,9860.0,9880.0,4063
m15-kis/293490/2026.csv:202610021130,9890.0,9900.0,9840.0,9870.0,7155
m15-kis/293490/2026.csv:202610021145,9870.0,9910.0,9860.0,9900.0,9220
m15-kis/293490/2026.csv:202610021200,9900.0,9900.0,9850.0,9870.0,3444
m15-kis/293490/2026.csv:202610021215,9870.0,9885.0,9860.0,9880.0,4592
m15-kis/293490/2026.csv:202610021230,9880.0,9980.0,9860.0,9980.0,11895
m15-kis/293490/2026.csv:202610021245,9990.0,10060.0,9960.0,10060.0,26383
m15-kis/293490/2026.csv:202610021300,10050.0,10100.0,10010.0,10070.0,20453
m15-kis/293490/2026.csv:202610021315,10080.0,10170.0,10050.0,10170.0,53776
m15-kis/293490/2026.csv:202610021330,10180.0,10270.0,10170.0,10240.0,59070
m15-kis/293490/2026.csv:202610021345,10240.0,10280.0,10230.0,10240.0,33897
m15-kis/293490/2026.csv:202610021400,10240.0,10270.0,10200.0,10200.0,40781
m15-kis/293490/2026.csv:202610021415,10200.0,10240.0,10120.0,10140.0,29237
m15-kis/293490/2026.csv:202610021430,10130.0,10250.0,10130.0,10250.0,24041
m15-kis/293490/2026.csv:202610021445,10240.0,10250.0,10150.0,10190.0,24155
m15-kis/293490/2026.csv:202610021500,10190.0,10210.0,10130.0,10130.0,15494
m15-kis/293490/2026.csv:202610021515,10140.0,10220.0,10110.0,10140.0,13485
m15-kis/293940/2026.csv:202610020900,5560.0,5570.0,5560.0,5570.0,1203
m15-kis/293940/2026.csv:202610020915,5570.0,5590.0,5560.0,5570.0,3771
m15-kis/293940/2026.csv:202610020930,5570.0,5570.0,5530.0,5530.0,2543
m15-kis/293940/2026.csv:202610020945,5520.0,5520.0,5500.0,5520.0,8209
m15-kis/293940/2026.csv:202610021000,5530.0,5530.0,5500.0,5510.0,6529
m15-kis/293940/2026.csv:202610021015,5500.0,5520.0,5500.0,5510.0,2640
m15-kis/293940/2026.csv:202610021030,5510.0,5540.0,5500.0,5530.0,12312
m15-kis/293940/2026.csv:202610021045,5520.0,5550.0,5520.0,5540.0,5127
m15-kis/293940/2026.csv:202610021100,5540.0,5540.0,5530.0,5540.0,1607
m15-kis/293940/2026.csv:202610021115,5540.0,5540.0,5530.0,5540.0,725
m15-kis/293940/2026.csv:202610021130,5540.0,5540.0,5530.0,5540.0,1279
m15-kis/293940/2026.csv:202610021145,5540.0,5550.0,5530.0,5540.0,1523
m15-kis/293940/2026.csv:202610021200,5540.0,5540.0,5530.0,5530.0,1312
m15-kis/293940/2026.csv:202610021215,5530.0,5530.0,5520.0,5530.0,388
m15-kis/293940/2026.csv:202610021230,5530.0,5540.0,5520.0,5530.0,2008
m15-kis/293940/2026.csv:202610021245,5530.0,5530.0,5520.0,5525.0,2586
m15-kis/293940/2026.csv:202610021300,5520.0,5525.0,5510.0,5520.0,6690
m15-kis/293940/2026.csv:202610021315,5510.0,5510.0,5500.0,5510.0,5604
m15-kis/293940/2026.csv:202610021330,5510.0,5510.0,5500.0,5510.0,1560
m15-kis/293940/2026.csv:202610021345,5500.0,5510.0,5500.0,5510.0,1720
m15-kis/293940/2026.csv:202610021400,5500.0,5510.0,5500.0,5510.0,468
m15-kis/293940/2026.csv:202610021415,5510.0,5510.0,5500.0,5510.0,532
m15-kis/293940/2026.csv:202610021430,5500.0,5510.0,5500.0,5510.0,4460
m15-kis/293940/2026.csv:202610021445,5510.0,5510.0,5500.0,5500.0,1258
m15-kis/293940/2026.csv:202610021500,5510.0,5510.0,5500.0,5510.0,3994
m15-kis/293940/2026.csv:202610021515,5500.0,5540.0,5490.0,5540.0,24570
m15-kis/294870/2026.csv:202610020900,22550.0,22600.0,22350.0,22350.0,3938
m15-kis/294870/2026.csv:202610020915,22350.0,22500.0,22350.0,22400.0,1457
m15-kis/294870/2026.csv:202610020930,22400.0,22450.0,22350.0,22400.0,1494
m15-kis/294870/2026.csv:202610020945,22400.0,22450.0,22350.0,22350.0,1815
m15-kis/294870/2026.csv:202610021000,22400.0,22450.0,22350.0,22350.0,1817
m15-kis/294870/2026.csv:202610021015,22350.0,22400.0,22250.0,22300.0,4822
m15-kis/294870/2026.csv:202610021030,22300.0,22350.0,22250.0,22300.0,2382
m15-kis/294870/2026.csv:202610021045,22300.0,22350.0,22250.0,22350.0,963
m15-kis/294870/2026.csv:202610021100,22350.0,22350.0,22300.0,22300.0,717
m15-kis/294870/2026.csv:202610021115,22350.0,22350.0,22300.0,22350.0,2216
m15-kis/294870/2026.csv:202610021130,22300.0,22400.0,22300.0,22350.0,1406
m15-kis/294870/2026.csv:202610021145,22350.0,22400.0,22300.0,22350.0,1608
m15-kis/294870/2026.csv:202610021200,22300.0,22400.0,22300.0,22350.0,1207
m15-kis/294870/2026.csv:202610021215,22350.0,22350.0,22300.0,22350.0,1138
m15-kis/294870/2026.csv:202610021230,22300.0,22350.0,22300.0,22350.0,1137
m15-kis/294870/2026.csv:202610021245,22300.0,22350.0,22200.0,22300.0,7879
m15-kis/294870/2026.csv:202610021300,22300.0,22300.0,22250.0,22250.0,1132
m15-kis/294870/2026.csv:202610021315,22250.0,22300.0,22250.0,22250.0,994
m15-kis/294870/2026.csv:202610021330,22250.0,22300.0,22250.0,22300.0,2451
m15-kis/294870/2026.csv:202610021345,22250.0,22300.0,22250.0,22250.0,1365
m15-kis/294870/2026.csv:202610021400,22250.0,22400.0,22250.0,22350.0,6022
m15-kis/294870/2026.csv:202610021415,22300.0,22350.0,22200.0,22300.0,3949
m15-kis/294870/2026.csv:202610021430,22200.0,22300.0,22200.0,22250.0,909
m15-kis/294870/2026.csv:202610021445,22250.0,22300.0,22250.0,22250.0,1439
m15-kis/294870/2026.csv:202610021500,22300.0,22400.0,22250.0,22300.0,4199
m15-kis/294870/2026.csv:202610021515,22300.0,22350.0,22300.0,22350.0,4269
m15-kis/295310/2026.csv:202610020900,64100.0,66700.0,64100.0,66700.0,22857
m15-kis/295310/2026.csv:202610020915,66700.0,67700.0,66300.0,67300.0,17693
m15-kis/295310/2026.csv:202610020930,67100.0,68000.0,67000.0,67900.0,10221
m15-kis/295310/2026.csv:202610020945,67900.0,69900.0,67600.0,69000.0,29577
m15-kis/295310/2026.csv:202610021000,69000.0,69500.0,68600.0,69500.0,10786
m15-kis/295310/2026.csv:202610021015,69500.0,69500.0,68300.0,69300.0,9968
m15-kis/295310/2026.csv:202610021030,69300.0,69300.0,68300.0,68500.0,7859
m15-kis/295310/2026.csv:202610021045,68500.0,69300.0,68100.0,69200.0,13575
m15-kis/295310/2026.csv:202610021100,69200.0,69400.0,69000.0,69000.0,6304
m15-kis/295310/2026.csv:202610021115,69100.0,69400.0,68800.0,68900.0,8640
m15-kis/295310/2026.csv:202610021130,69000.0,69300.0,68800.0,69000.0,5557
m15-kis/295310/2026.csv:202610021145,68800.0,69500.0,68800.0,69500.0,6724
m15-kis/295310/2026.csv:202610021200,69400.0,69500.0,68900.0,69000.0,5288
m15-kis/295310/2026.csv:202610021215,69000.0,69300.0,68800.0,69000.0,5360
m15-kis/295310/2026.csv:202610021230,69000.0,69100.0,68700.0,69000.0,5225
m15-kis/295310/2026.csv:202610021245,69000.0,69200.0,68600.0,68900.0,6115
m15-kis/295310/2026.csv:202610021300,68900.0,69200.0,68600.0,68800.0,5716
m15-kis/295310/2026.csv:202610021315,68800.0,68900.0,68400.0,68600.0,5523
m15-kis/295310/2026.csv:202610021330,68600.0,69100.0,68300.0,69100.0,5587
m15-kis/295310/2026.csv:202610021345,69100.0,69300.0,68800.0,68900.0,7399
m15-kis/295310/2026.csv:202610021400,69000.0,69500.0,68500.0,69500.0,9267
m15-kis/295310/2026.csv:202610021415,69500.0,70000.0,69300.0,69900.0,14296
m15-kis/295310/2026.csv:202610021430,69900.0,70000.0,68600.0,69600.0,14796
m15-kis/295310/2026.csv:202610021445,69800.0,69900.0,69200.0,69600.0,11248
m15-kis/295310/2026.csv:202610021500,69600.0,70000.0,69600.0,69900.0,6780
m15-kis/295310/2026.csv:202610021515,69800.0,70200.0,69500.0,70200.0,8510
m15-kis/298020/2026.csv:202610020900,273000.0,276000.0,273000.0,274000.0,257
m15-kis/298020/2026.csv:202610020915,274500.0,275000.0,273000.0,273500.0,422
m15-kis/298020/2026.csv:202610020930,274500.0,275500.0,273500.0,274000.0,375
m15-kis/298020/2026.csv:202610020945,274500.0,274500.0,272500.0,273000.0,635
m15-kis/298020/2026.csv:202610021000,273000.0,273500.0,272000.0,272500.0,808
m15-kis/298020/2026.csv:202610021015,272500.0,273000.0,271000.0,271000.0,587
m15-kis/298020/2026.csv:202610021030,271000.0,271500.0,270000.0,270500.0,958
m15-kis/298020/2026.csv:202610021045,270500.0,272500.0,270000.0,271000.0,576
m15-kis/298020/2026.csv:202610021100,271000.0,272000.0,270500.0,271500.0,570
m15-kis/298020/2026.csv:202610021115,271500.0,272500.0,270500.0,272000.0,654
m15-kis/298020/2026.csv:202610021130,271500.0,272500.0,270500.0,271500.0,578
m15-kis/298020/2026.csv:202610021145,272000.0,273000.0,271500.0,272500.0,547
m15-kis/298020/2026.csv:202610021200,272000.0,273000.0,271500.0,271500.0,534
m15-kis/298020/2026.csv:202610021215,272500.0,272500.0,271000.0,272000.0,530
m15-kis/298020/2026.csv:202610021230,272000.0,273000.0,271000.0,273000.0,694
m15-kis/298020/2026.csv:202610021245,273000.0,273000.0,271500.0,272500.0,621
m15-kis/298020/2026.csv:202610021300,272500.0,273000.0,271000.0,272500.0,517
m15-kis/298020/2026.csv:202610021315,272000.0,272500.0,271000.0,271500.0,585
m15-kis/298020/2026.csv:202610021330,272000.0,272500.0,271000.0,271500.0,976
m15-kis/298020/2026.csv:202610021345,271000.0,272500.0,271000.0,272000.0,855
m15-kis/298020/2026.csv:202610021400,271500.0,273500.0,271500.0,272500.0,837
m15-kis/298020/2026.csv:202610021415,273000.0,273500.0,271500.0,272000.0,726
m15-kis/298020/2026.csv:202610021430,271500.0,273000.0,270500.0,270500.0,1905
m15-kis/298020/2026.csv:202610021445,271000.0,272000.0,270500.0,272000.0,2086
m15-kis/298020/2026.csv:202610021500,271500.0,273500.0,271000.0,272000.0,2073
m15-kis/298020/2026.csv:202610021515,271500.0,273500.0,271000.0,273500.0,794
m15-kis/298040/2026.csv:202610020900,2779000.0,2792000.0,2765000.0,2773000.0,2878
m15-kis/298040/2026.csv:202610020915,2772000.0,2798000.0,2772000.0,2780000.0,1453
m15-kis/298040/2026.csv:202610020930,2781000.0,2786000.0,2776000.0,2779000.0,1261
m15-kis/298040/2026.csv:202610020945,2779000.0,2789000.0,2776000.0,2786000.0,652
m15-kis/298040/2026.csv:202610021000,2787000.0,2787000.0,2776000.0,2780000.0,837
m15-kis/298040/2026.csv:202610021015,2781000.0,2781000.0,2777000.0,2777000.0,564
m15-kis/298040/2026.csv:202610021030,2778000.0,2780000.0,2773000.0,2776000.0,814
m15-kis/298040/2026.csv:202610021045,2776000.0,2787000.0,2775000.0,2785000.0,504
m15-kis/298040/2026.csv:202610021100,2785000.0,2792000.0,2781000.0,2785000.0,402
m15-kis/298040/2026.csv:202610021115,2784000.0,2789000.0,2784000.0,2787000.0,417
m15-kis/298040/2026.csv:202610021130,2787000.0,2806000.0,2785000.0,2795000.0,600
m15-kis/298040/2026.csv:202610021145,2794000.0,2808000.0,2793000.0,2807000.0,705
m15-kis/298040/2026.csv:202610021200,2807000.0,2810000.0,2798000.0,2801000.0,474
m15-kis/298040/2026.csv:202610021215,2800000.0,2801000.0,2790000.0,2790000.0,338
m15-kis/298040/2026.csv:202610021230,2789000.0,2789000.0,2782000.0,2782000.0,469
m15-kis/298040/2026.csv:202610021245,2782000.0,2783000.0,2777000.0,2780000.0,977
m15-kis/298040/2026.csv:202610021300,2780000.0,2785000.0,2780000.0,2781000.0,388
m15-kis/298040/2026.csv:202610021315,2781000.0,2792000.0,2779000.0,2781000.0,698
m15-kis/298040/2026.csv:202610021330,2781000.0,2783000.0,2775000.0,2776000.0,998
m15-kis/298040/2026.csv:202610021345,2776000.0,2776000.0,2773000.0,2774000.0,1373
m15-kis/298040/2026.csv:202610021400,2775000.0,2778000.0,2773000.0,2774000.0,998
m15-kis/298040/2026.csv:202610021415,2774000.0,2777000.0,2772000.0,2773000.0,1001
m15-kis/298040/2026.csv:202610021430,2772000.0,2773000.0,2770000.0,2771000.0,1208
m15-kis/298040/2026.csv:202610021445,2771000.0,2779000.0,2770000.0,2776000.0,1257
m15-kis/298040/2026.csv:202610021500,2776000.0,2788000.0,2775000.0,2785000.0,800
m15-kis/298040/2026.csv:202610021515,2785000.0,2786000.0,2780000.0,2785000.0,1230
m15-kis/298050/2026.csv:202610020900,161400.0,162800.0,160700.0,162200.0,138
m15-kis/298050/2026.csv:202610020915,162100.0,162400.0,161100.0,162200.0,263
m15-kis/298050/2026.csv:202610020930,162300.0,162900.0,161700.0,162100.0,981
m15-kis/298050/2026.csv:202610020945,162000.0,162000.0,161400.0,161700.0,276
m15-kis/298050/2026.csv:202610021000,161500.0,161800.0,161000.0,161400.0,343
m15-kis/298050/2026.csv:202610021015,161400.0,161400.0,160500.0,160900.0,171
m15-kis/298050/2026.csv:202610021030,160600.0,161200.0,160600.0,160800.0,155
m15-kis/298050/2026.csv:202610021045,160900.0,161900.0,160800.0,161400.0,198
m15-kis/298050/2026.csv:202610021100,161300.0,161500.0,161200.0,161500.0,65
m15-kis/298050/2026.csv:202610021115,161500.0,162000.0,161200.0,161500.0,251
m15-kis/298050/2026.csv:202610021130,161600.0,161900.0,161600.0,161800.0,84
m15-kis/298050/2026.csv:202610021145,161800.0,161800.0,161700.0,161700.0,50
m15-kis/298050/2026.csv:202610021200,161500.0,161600.0,161400.0,161500.0,47
m15-kis/298050/2026.csv:202610021215,161400.0,161500.0,161300.0,161300.0,32
m15-kis/298050/2026.csv:202610021230,161300.0,161400.0,160900.0,160900.0,52
m15-kis/298050/2026.csv:202610021245,160900.0,161100.0,160900.0,161100.0,238
m15-kis/298050/2026.csv:202610021300,161300.0,161300.0,161000.0,161000.0,47
m15-kis/298050/2026.csv:202610021315,161000.0,161500.0,160900.0,161400.0,196
m15-kis/298050/2026.csv:202610021330,161500.0,161500.0,161400.0,161400.0,123
m15-kis/298050/2026.csv:202610021345,161500.0,161500.0,161200.0,161500.0,110
m15-kis/298050/2026.csv:202610021400,161500.0,162100.0,161500.0,162000.0,316
m15-kis/298050/2026.csv:202610021415,161900.0,162100.0,161300.0,161700.0,242
m15-kis/298050/2026.csv:202610021430,161900.0,162400.0,161800.0,162300.0,239
m15-kis/298050/2026.csv:202610021445,162300.0,162500.0,162200.0,162500.0,251
m15-kis/298050/2026.csv:202610021500,162500.0,162700.0,162400.0,162400.0,286
m15-kis/298050/2026.csv:202610021515,162500.0,162800.0,162300.0,162800.0,264
m15-kis/298380/2026.csv:202610020900,53500.0,54700.0,52700.0,52900.0,48809
m15-kis/298380/2026.csv:202610020915,52900.0,53200.0,52400.0,52600.0,17124
m15-kis/298380/2026.csv:202610020930,52500.0,52600.0,51700.0,52100.0,20537
m15-kis/298380/2026.csv:202610020945,52100.0,52600.0,52000.0,52500.0,7728
m15-kis/298380/2026.csv:202610021000,52500.0,52600.0,52000.0,52300.0,6412
m15-kis/298380/2026.csv:202610021015,52300.0,52400.0,51700.0,51800.0,9674
m15-kis/298380/2026.csv:202610021030,51800.0,51900.0,50900.0,51000.0,24154
m15-kis/298380/2026.csv:202610021045,51100.0,51100.0,50000.0,51000.0,19152
m15-kis/298380/2026.csv:202610021100,51100.0,51300.0,50950.0,51100.0,5641
m15-kis/298380/2026.csv:202610021115,51100.0,51300.0,51000.0,51100.0,4062
m15-kis/298380/2026.csv:202610021130,51100.0,51400.0,51000.0,51000.0,3340
m15-kis/298380/2026.csv:202610021145,51000.0,51300.0,51000.0,51200.0,5120
m15-kis/298380/2026.csv:202610021200,51200.0,51400.0,50800.0,50800.0,6668
m15-kis/298380/2026.csv:202610021215,50900.0,50900.0,50700.0,50900.0,5216
m15-kis/298380/2026.csv:202610021230,50900.0,51100.0,50700.0,51000.0,3331
m15-kis/298380/2026.csv:202610021245,51000.0,51100.0,50700.0,51000.0,6778
m15-kis/298380/2026.csv:202610021300,51000.0,51100.0,50700.0,50900.0,7306
m15-kis/298380/2026.csv:202610021315,51000.0,51100.0,50900.0,51100.0,4178
m15-kis/298380/2026.csv:202610021330,51100.0,51300.0,51000.0,51200.0,5254
m15-kis/298380/2026.csv:202610021345,51200.0,51400.0,51100.0,51300.0,4055
m15-kis/298380/2026.csv:202610021400,51300.0,51400.0,51100.0,51100.0,5050
m15-kis/298380/2026.csv:202610021415,51200.0,51300.0,51000.0,51200.0,6002
m15-kis/298380/2026.csv:202610021430,51200.0,51200.0,51000.0,51100.0,6363
m15-kis/298380/2026.csv:202610021445,51100.0,51400.0,50900.0,51400.0,5457
m15-kis/298380/2026.csv:202610021500,51400.0,51400.0,51200.0,51300.0,5429
m15-kis/298380/2026.csv:202610021515,51300.0,51400.0,51100.0,51400.0,8748
m15-kis/300720/2026.csv:202610020900,16120.0,16190.0,16070.0,16110.0,335
m15-kis/300720/2026.csv:202610020915,16110.0,16130.0,16030.0,16050.0,2172
m15-kis/300720/2026.csv:202610020930,16090.0,16140.0,16040.0,16070.0,475
m15-kis/300720/2026.csv:202610020945,16070.0,16130.0,16040.0,16110.0,831
m15-kis/300720/2026.csv:202610021000,16100.0,16150.0,16030.0,16150.0,1453
m15-kis/300720/2026.csv:202610021015,16150.0,16160.0,16040.0,16050.0,1678
m15-kis/300720/2026.csv:202610021030,16040.0,16130.0,16040.0,16100.0,493
m15-kis/300720/2026.csv:202610021045,16100.0,16150.0,16050.0,16070.0,1080
m15-kis/300720/2026.csv:202610021100,16060.0,16130.0,16060.0,16130.0,1053
m15-kis/300720/2026.csv:202610021115,16130.0,16130.0,16070.0,16120.0,1567
m15-kis/300720/2026.csv:202610021130,16110.0,16120.0,16070.0,16080.0,379
m15-kis/300720/2026.csv:202610021145,16080.0,16080.0,16070.0,16080.0,449
m15-kis/300720/2026.csv:202610021200,16080.0,16080.0,16050.0,16060.0,776
m15-kis/300720/2026.csv:202610021215,16070.0,16070.0,16030.0,16040.0,779
m15-kis/300720/2026.csv:202610021230,16040.0,16070.0,16030.0,16070.0,1502
m15-kis/300720/2026.csv:202610021245,16060.0,16060.0,16020.0,16020.0,1293
m15-kis/300720/2026.csv:202610021300,16030.0,16070.0,16020.0,16030.0,769
m15-kis/300720/2026.csv:202610021315,16030.0,16040.0,16020.0,16040.0,1129
m15-kis/300720/2026.csv:202610021330,16030.0,16070.0,16020.0,16070.0,254
m15-kis/300720/2026.csv:202610021345,16060.0,16070.0,16030.0,16040.0,1146
m15-kis/300720/2026.csv:202610021400,16050.0,16050.0,16030.0,16030.0,647
m15-kis/300720/2026.csv:202610021415,16020.0,16040.0,16020.0,16030.0,277
m15-kis/300720/2026.csv:202610021430,16040.0,16050.0,16030.0,16050.0,322
m15-kis/300720/2026.csv:202610021445,16050.0,16080.0,16040.0,16080.0,635
m15-kis/300720/2026.csv:202610021500,16070.0,16090.0,16020.0,16020.0,1274
m15-kis/300720/2026.csv:202610021515,16040.0,16050.0,16040.0,16050.0,1586
m15-kis/302440/2026.csv:202610020900,36800.0,37100.0,36450.0,36500.0,2369
m15-kis/302440/2026.csv:202610020915,36500.0,36500.0,36150.0,36250.0,3867
m15-kis/302440/2026.csv:202610020930,36350.0,36450.0,36150.0,36300.0,3088
m15-kis/302440/2026.csv:202610020945,36350.0,36450.0,36250.0,36400.0,3104
m15-kis/302440/2026.csv:202610021000,36400.0,36450.0,36300.0,36300.0,1085
m15-kis/302440/2026.csv:202610021015,36300.0,36400.0,36200.0,36250.0,2514
m15-kis/302440/2026.csv:202610021030,36200.0,36250.0,36100.0,36200.0,1454
m15-kis/302440/2026.csv:202610021045,36200.0,36300.0,36150.0,36200.0,937
m15-kis/302440/2026.csv:202610021100,36200.0,36250.0,36200.0,36200.0,247
m15-kis/302440/2026.csv:202610021115,36225.0,36250.0,36150.0,36150.0,1683
m15-kis/302440/2026.csv:202610021130,36200.0,36250.0,36150.0,36250.0,1017
m15-kis/302440/2026.csv:202610021145,36250.0,36350.0,36250.0,36350.0,1131
m15-kis/302440/2026.csv:202610021200,36350.0,36400.0,36300.0,36300.0,1997
m15-kis/302440/2026.csv:202610021215,36300.0,36450.0,36300.0,36450.0,667
m15-kis/302440/2026.csv:202610021230,36400.0,36450.0,36350.0,36400.0,495
m15-kis/302440/2026.csv:202610021245,36450.0,36450.0,36350.0,36400.0,294
m15-kis/302440/2026.csv:202610021300,36400.0,36500.0,36150.0,36350.0,2061
m15-kis/302440/2026.csv:202610021315,36350.0,36450.0,36350.0,36400.0,1104
m15-kis/302440/2026.csv:202610021330,36400.0,36450.0,36300.0,36450.0,551
m15-kis/302440/2026.csv:202610021345,36450.0,36450.0,36250.0,36350.0,1202
m15-kis/302440/2026.csv:202610021400,36300.0,36350.0,36050.0,36150.0,3756
m15-kis/302440/2026.csv:202610021415,36150.0,36300.0,36150.0,36300.0,1646
m15-kis/302440/2026.csv:202610021430,36300.0,36300.0,36150.0,36300.0,1395
m15-kis/302440/2026.csv:202610021445,36300.0,36450.0,36250.0,36450.0,1671
m15-kis/302440/2026.csv:202610021500,36400.0,36450.0,36350.0,36450.0,2186
m15-kis/302440/2026.csv:202610021515,36400.0,36500.0,36350.0,36500.0,2550
m15-kis/307950/2026.csv:202610020900,375000.0,383000.0,375000.0,381500.0,2420
m15-kis/307950/2026.csv:202610020915,381500.0,385500.0,378500.0,378500.0,3984
m15-kis/307950/2026.csv:202610020930,378500.0,382000.0,378500.0,381000.0,1324
m15-kis/307950/2026.csv:202610020945,381000.0,383500.0,380000.0,381500.0,1292
m15-kis/307950/2026.csv:202610021000,381500.0,382500.0,379000.0,381500.0,1566
m15-kis/307950/2026.csv:202610021015,381500.0,381500.0,378000.0,379000.0,1350
m15-kis/307950/2026.csv:202610021030,379000.0,380000.0,377000.0,377500.0,2340
m15-kis/307950/2026.csv:202610021045,377000.0,380500.0,377000.0,379500.0,755
m15-kis/307950/2026.csv:202610021100,380000.0,381500.0,379000.0,380000.0,660
m15-kis/307950/2026.csv:202610021115,380000.0,381000.0,379500.0,379500.0,617
m15-kis/307950/2026.csv:202610021130,379500.0,380000.0,378500.0,379500.0,692
m15-kis/307950/2026.csv:202610021145,379500.0,380500.0,378500.0,380500.0,598
m15-kis/307950/2026.csv:202610021200,380500.0,380500.0,379500.0,380000.0,744
m15-kis/307950/2026.csv:202610021215,379500.0,380000.0,379000.0,379000.0,373
m15-kis/307950/2026.csv:202610021230,379000.0,379500.0,378000.0,378500.0,727
m15-kis/307950/2026.csv:202610021245,378500.0,379000.0,377500.0,378500.0,635
m15-kis/307950/2026.csv:202610021300,378500.0,380000.0,377500.0,378000.0,801
m15-kis/307950/2026.csv:202610021315,378000.0,379500.0,377500.0,379000.0,744
m15-kis/307950/2026.csv:202610021330,379000.0,379500.0,378500.0,378500.0,634
m15-kis/307950/2026.csv:202610021345,378000.0,382500.0,378000.0,382500.0,1136
m15-kis/307950/2026.csv:202610021400,382500.0,385000.0,379500.0,383000.0,3308
m15-kis/307950/2026.csv:202610021415,383500.0,384000.0,380000.0,381000.0,2045
m15-kis/307950/2026.csv:202610021430,380500.0,381000.0,380000.0,381000.0,667
m15-kis/307950/2026.csv:202610021445,380500.0,381500.0,380000.0,381000.0,733
m15-kis/307950/2026.csv:202610021500,381000.0,383000.0,380500.0,381500.0,1173
m15-kis/307950/2026.csv:202610021515,381500.0,382500.0,380500.0,382500.0,1467
m15-kis/310210/2026.csv:202610020900,150500.0,154000.0,150300.0,150600.0,5595
m15-kis/310210/2026.csv:202610020915,150700.0,150800.0,146600.0,148700.0,5580
m15-kis/310210/2026.csv:202610020930,148900.0,148900.0,146600.0,146800.0,2856
m15-kis/310210/2026.csv:202610020945,146700.0,148300.0,146700.0,147400.0,1014
m15-kis/310210/2026.csv:202610021000,147400.0,147500.0,145600.0,146500.0,2479
m15-kis/310210/2026.csv:202610021015,146400.0,147400.0,144900.0,145200.0,2533
m15-kis/310210/2026.csv:202610021030,145200.0,145300.0,142700.0,142700.0,4099
m15-kis/310210/2026.csv:202610021045,142700.0,143400.0,142000.0,142900.0,2626
m15-kis/310210/2026.csv:202610021100,142900.0,143100.0,142000.0,142500.0,1604
m15-kis/310210/2026.csv:202610021115,142500.0,144000.0,142500.0,143200.0,1007
m15-kis/310210/2026.csv:202610021130,143200.0,144000.0,142600.0,142800.0,922
m15-kis/310210/2026.csv:202610021145,142800.0,143600.0,142600.0,143500.0,994
m15-kis/310210/2026.csv:202610021200,143300.0,143500.0,141900.0,142000.0,1590
m15-kis/310210/2026.csv:202610021215,142000.0,142300.0,141700.0,141800.0,1196
m15-kis/310210/2026.csv:202610021230,141800.0,142400.0,141700.0,142000.0,696
m15-kis/310210/2026.csv:202610021245,141900.0,141900.0,141100.0,141900.0,1371
m15-kis/310210/2026.csv:202610021300,141500.0,142300.0,141200.0,141500.0,1091
m15-kis/310210/2026.csv:202610021315,141500.0,141800.0,141100.0,141400.0,996
m15-kis/310210/2026.csv:202610021330,141400.0,142300.0,141300.0,141500.0,1370
m15-kis/310210/2026.csv:202610021345,141600.0,143200.0,141400.0,142900.0,1291
m15-kis/310210/2026.csv:202610021400,142800.0,143600.0,142500.0,143600.0,1239
m15-kis/310210/2026.csv:202610021415,143500.0,144600.0,143300.0,143500.0,2288
m15-kis/310210/2026.csv:202610021430,143400.0,144800.0,143100.0,144400.0,1901
m15-kis/310210/2026.csv:202610021445,144100.0,145500.0,143800.0,145400.0,2670
m15-kis/310210/2026.csv:202610021500,145300.0,145400.0,144200.0,144800.0,2436
m15-kis/310210/2026.csv:202610021515,144600.0,145200.0,143900.0,144100.0,1730
m15-kis/316140/2026.csv:202610020900,33100.0,33550.0,33100.0,33300.0,193580
m15-kis/316140/2026.csv:202610020915,33250.0,33400.0,33200.0,33250.0,144196
m15-kis/316140/2026.csv:202610020930,33300.0,33400.0,33250.0,33350.0,81762
m15-kis/316140/2026.csv:202610020945,33350.0,33400.0,33300.0,33350.0,54292
m15-kis/316140/2026.csv:202610021000,33350.0,33550.0,33350.0,33450.0,235443
m15-kis/316140/2026.csv:202610021015,33500.0,33600.0,33450.0,33500.0,129422
m15-kis/316140/2026.csv:202610021030,33550.0,33650.0,33500.0,33550.0,99371
m15-kis/316140/2026.csv:202610021045,33600.0,33650.0,33500.0,33550.0,108878
m15-kis/316140/2026.csv:202610021100,33600.0,33650.0,33500.0,33650.0,68006
m15-kis/316140/2026.csv:202610021115,33650.0,33750.0,33600.0,33700.0,96906
m15-kis/316140/2026.csv:202610021130,33700.0,33700.0,33600.0,33625.0,51447
m15-kis/316140/2026.csv:202610021145,33650.0,33700.0,33600.0,33650.0,72809
m15-kis/316140/2026.csv:202610021200,33700.0,33700.0,33600.0,33700.0,85000
m15-kis/316140/2026.csv:202610021215,33700.0,33700.0,33650.0,33650.0,38600
m15-kis/316140/2026.csv:202610021230,33650.0,33700.0,33550.0,33700.0,98558
m15-kis/316140/2026.csv:202610021245,33700.0,33700.0,33550.0,33600.0,51344
m15-kis/316140/2026.csv:202610021300,33575.0,33650.0,33550.0,33600.0,95609
m15-kis/316140/2026.csv:202610021315,33600.0,33700.0,33550.0,33575.0,66000
m15-kis/316140/2026.csv:202610021330,33575.0,33650.0,33550.0,33575.0,75022
m15-kis/316140/2026.csv:202610021345,33600.0,33625.0,33550.0,33550.0,49336
m15-kis/316140/2026.csv:202610021400,33550.0,33600.0,33500.0,33550.0,85874
m15-kis/316140/2026.csv:202610021415,33500.0,33550.0,33500.0,33500.0,55048
m15-kis/316140/2026.csv:202610021430,33500.0,33550.0,33400.0,33500.0,198420
m15-kis/316140/2026.csv:202610021445,33475.0,33650.0,33450.0,33600.0,110693
m15-kis/316140/2026.csv:202610021500,33575.0,33650.0,33450.0,33550.0,189562
m15-kis/316140/2026.csv:202610021515,33550.0,33550.0,33500.0,33500.0,297442
m15-kis/319400/2026.csv:202610020900,20500.0,20850.0,20500.0,20750.0,59493
m15-kis/319400/2026.csv:202610020915,20750.0,20775.0,20550.0,20750.0,39607
m15-kis/319400/2026.csv:202610020930,20725.0,20850.0,20700.0,20850.0,48507
m15-kis/319400/2026.csv:202610020945,20800.0,20900.0,20750.0,20850.0,41337
m15-kis/319400/2026.csv:202610021000,20850.0,20850.0,20650.0,20850.0,29963
m15-kis/319400/2026.csv:202610021015,20800.0,20950.0,20750.0,20900.0,52381
m15-kis/319400/2026.csv:202610021030,20925.0,20950.0,20700.0,20750.0,48049
m15-kis/319400/2026.csv:202610021045,20750.0,20900.0,20650.0,20875.0,22293
m15-kis/319400/2026.csv:202610021100,20875.0,20900.0,20750.0,20750.0,14366
m15-kis/319400/2026.csv:202610021115,20750.0,20850.0,20700.0,20700.0,17085
m15-kis/319400/2026.csv:202610021130,20750.0,20800.0,20700.0,20700.0,8041
m15-kis/319400/2026.csv:202610021145,20750.0,20800.0,20700.0,20750.0,6322
m15-kis/319400/2026.csv:202610021200,20800.0,20800.0,20700.0,20750.0,8370
m15-kis/319400/2026.csv:202610021215,20750.0,20750.0,20650.0,20700.0,17079
m15-kis/319400/2026.csv:202610021230,20700.0,20700.0,20600.0,20600.0,13809
m15-kis/319400/2026.csv:202610021245,20600.0,20650.0,20600.0,20600.0,19846
m15-kis/319400/2026.csv:202610021300,20650.0,20650.0,20550.0,20650.0,14061
m15-kis/319400/2026.csv:202610021315,20650.0,20650.0,20600.0,20650.0,8866
m15-kis/319400/2026.csv:202610021330,20650.0,20700.0,20600.0,20600.0,11069
m15-kis/319400/2026.csv:202610021345,20650.0,20650.0,20550.0,20650.0,18398
m15-kis/319400/2026.csv:202610021400,20650.0,20750.0,20600.0,20700.0,14653
m15-kis/319400/2026.csv:202610021415,20700.0,20800.0,20700.0,20700.0,18961
m15-kis/319400/2026.csv:202610021430,20700.0,20750.0,20600.0,20700.0,21652
m15-kis/319400/2026.csv:202610021445,20750.0,20800.0,20650.0,20800.0,15965
m15-kis/319400/2026.csv:202610021500,20800.0,20850.0,20725.0,20850.0,30885
m15-kis/319400/2026.csv:202610021515,20850.0,20900.0,20750.0,20800.0,33908
m15-kis/322000/2026.csv:202610020900,131100.0,137200.0,131100.0,137000.0,44752
m15-kis/322000/2026.csv:202610020915,136900.0,137900.0,135600.0,136600.0,38473
m15-kis/322000/2026.csv:202610020930,136600.0,141100.0,136100.0,140100.0,72659
m15-kis/322000/2026.csv:202610020945,140000.0,140400.0,138700.0,139700.0,23380
m15-kis/322000/2026.csv:202610021000,139700.0,139700.0,137300.0,138300.0,16460
m15-kis/322000/2026.csv:202610021015,138300.0,140100.0,137500.0,138900.0,19321
m15-kis/322000/2026.csv:202610021030,138900.0,139100.0,137500.0,138400.0,7716
m15-kis/322000/2026.csv:202610021045,138400.0,140900.0,138400.0,140900.0,29723
m15-kis/322000/2026.csv:202610021100,140900.0,141600.0,140200.0,140300.0,22942
m15-kis/322000/2026.csv:202610021115,140400.0,141000.0,140000.0,140200.0,8260
m15-kis/322000/2026.csv:202610021130,140200.0,140500.0,139500.0,139900.0,4775
m15-kis/322000/2026.csv:202610021145,139900.0,140100.0,139400.0,139600.0,4972
m15-kis/322000/2026.csv:202610021200,139600.0,140400.0,139500.0,140200.0,4090
m15-kis/322000/2026.csv:202610021215,140200.0,140200.0,139500.0,139800.0,3453
m15-kis/322000/2026.csv:202610021230,139700.0,139900.0,138500.0,138600.0,5602
m15-kis/322000/2026.csv:202610021245,138600.0,139000.0,138300.0,139000.0,4607
m15-kis/322000/2026.csv:202610021300,139000.0,139500.0,138400.0,138600.0,3922
m15-kis/322000/2026.csv:202610021315,138550.0,141000.0,138500.0,140600.0,21315
m15-kis/322000/2026.csv:202610021330,140400.0,140800.0,140000.0,140100.0,5619
m15-kis/322000/2026.csv:202610021345,140000.0,140500.0,139500.0,139700.0,4440
m15-kis/322000/2026.csv:202610021400,139800.0,139800.0,138800.0,139100.0,4426
m15-kis/322000/2026.csv:202610021415,139200.0,139300.0,138400.0,138800.0,6739
m15-kis/322000/2026.csv:202610021430,138800.0,139300.0,138500.0,139100.0,5901
m15-kis/322000/2026.csv:202610021445,139100.0,139900.0,138900.0,139700.0,7912
m15-kis/322000/2026.csv:202610021500,139400.0,139600.0,139000.0,139200.0,5403
m15-kis/322000/2026.csv:202610021515,139200.0,139400.0,139100.0,139300.0,5891
m15-kis/323280/2026.csv:202610020900,60800.0,61400.0,59600.0,59700.0,50758
m15-kis/323280/2026.csv:202610020915,59800.0,59900.0,59000.0,59700.0,41586
m15-kis/323280/2026.csv:202610020930,59700.0,60400.0,59500.0,60300.0,21880
m15-kis/323280/2026.csv:202610020945,60300.0,60500.0,59900.0,60200.0,13633
m15-kis/323280/2026.csv:202610021000,60200.0,60200.0,59700.0,59900.0,9287
m15-kis/323280/2026.csv:202610021015,59900.0,60200.0,59600.0,59650.0,10581
m15-kis/323280/2026.csv:202610021030,59650.0,59700.0,59000.0,59400.0,27094
m15-kis/323280/2026.csv:202610021045,59400.0,59800.0,59200.0,59700.0,8112
m15-kis/323280/2026.csv:202610021100,59700.0,60100.0,59600.0,59800.0,9875
m15-kis/323280/2026.csv:202610021115,59800.0,60000.0,59600.0,59700.0,2317
m15-kis/323280/2026.csv:202610021130,59700.0,59700.0,59400.0,59400.0,3723
m15-kis/323280/2026.csv:202610021145,59400.0,59600.0,59300.0,59400.0,5553
m15-kis/323280/2026.csv:202610021200,59400.0,59700.0,59400.0,59700.0,2066
m15-kis/323280/2026.csv:202610021215,59600.0,59700.0,59500.0,59600.0,2011
m15-kis/323280/2026.csv:202610021230,59700.0,59700.0,59000.0,59000.0,12285
m15-kis/323280/2026.csv:202610021245,59050.0,59100.0,58600.0,58800.0,27361
m15-kis/323280/2026.csv:202610021300,58900.0,58900.0,58500.0,58900.0,11764
m15-kis/323280/2026.csv:202610021315,58800.0,59200.0,58800.0,59200.0,4039
m15-kis/323280/2026.csv:202610021330,59200.0,59800.0,59000.0,59600.0,12965
m15-kis/323280/2026.csv:202610021345,59500.0,59600.0,59100.0,59500.0,6953
m15-kis/323280/2026.csv:202610021400,59500.0,59700.0,59500.0,59700.0,4009
m15-kis/323280/2026.csv:202610021415,59600.0,59700.0,59400.0,59400.0,4966
m15-kis/323280/2026.csv:202610021430,59500.0,59500.0,59000.0,59200.0,6237
m15-kis/323280/2026.csv:202610021445,59200.0,59300.0,59100.0,59200.0,3521
m15-kis/323280/2026.csv:202610021500,59200.0,59500.0,59200.0,59500.0,5535
m15-kis/323280/2026.csv:202610021515,59400.0,59600.0,59300.0,59500.0,9822
m15-kis/323410/2026.csv:202610020900,19790.0,19820.0,19760.0,19770.0,15913
m15-kis/323410/2026.csv:202610020915,19770.0,19790.0,19710.0,19750.0,28565
m15-kis/323410/2026.csv:202610020930,19750.0,19790.0,19710.0,19720.0,25944
m15-kis/323410/2026.csv:202610020945,19720.0,19750.0,19700.0,19740.0,48637
m15-kis/323410/2026.csv:202610021000,19730.0,19730.0,19630.0,19710.0,47567
m15-kis/323410/2026.csv:202610021015,19710.0,19710.0,19650.0,19660.0,18477
m15-kis/323410/2026.csv:202610021030,19660.0,19660.0,19610.0,19650.0,34613
m15-kis/323410/2026.csv:202610021045,19650.0,19700.0,19640.0,19680.0,24162
m15-kis/323410/2026.csv:202610021100,19680.0,19710.0,19670.0,19700.0,14702
m15-kis/323410/2026.csv:202610021115,19700.0,19710.0,19670.0,19680.0,10638
m15-kis/323410/2026.csv:202610021130,19680.0,19680.0,19660.0,19670.0,13011
m15-kis/323410/2026.csv:202610021145,19670.0,19670.0,19650.0,19660.0,12449
m15-kis/323410/2026.csv:202610021200,19660.0,19660.0,19640.0,19640.0,17906
m15-kis/323410/2026.csv:202610021215,19650.0,19650.0,19630.0,19630.0,7742
m15-kis/323410/2026.csv:202610021230,19640.0,19690.0,19630.0,19690.0,44428
m15-kis/323410/2026.csv:202610021245,19690.0,19690.0,19670.0,19680.0,6358
m15-kis/323410/2026.csv:202610021300,19680.0,19680.0,19660.0,19670.0,11838
m15-kis/323410/2026.csv:202610021315,19670.0,19680.0,19660.0,19670.0,15502
m15-kis/323410/2026.csv:202610021330,19670.0,19670.0,19650.0,19650.0,8265
m15-kis/323410/2026.csv:202610021345,19660.0,19660.0,19640.0,19650.0,16618
m15-kis/323410/2026.csv:202610021400,19650.0,19670.0,19645.0,19660.0,31879
m15-kis/323410/2026.csv:202610021415,19660.0,19690.0,19650.0,19690.0,23188
m15-kis/323410/2026.csv:202610021430,19690.0,19690.0,19670.0,19675.0,11786
m15-kis/323410/2026.csv:202610021445,19675.0,19690.0,19675.0,19690.0,31041
m15-kis/323410/2026.csv:202610021500,19685.0,19700.0,19660.0,19660.0,31806
m15-kis/323410/2026.csv:202610021515,19670.0,19720.0,19660.0,19700.0,55398
m15-kis/328130/2026.csv:202610020900,10900.0,11040.0,10840.0,10840.0,38141
m15-kis/328130/2026.csv:202610020915,10860.0,10900.0,10750.0,10830.0,39321
m15-kis/328130/2026.csv:202610020930,10830.0,10860.0,10750.0,10820.0,27661
m15-kis/328130/2026.csv:202610020945,10820.0,10860.0,10800.0,10830.0,18243
m15-kis/328130/2026.csv:202610021000,10830.0,10830.0,10750.0,10770.0,22898
m15-kis/328130/2026.csv:202610021015,10770.0,10910.0,10690.0,10740.0,34217
m15-kis/328130/2026.csv:202610021030,10740.0,10740.0,10600.0,10640.0,37376
m15-kis/328130/2026.csv:202610021045,10640.0,10670.0,10620.0,10660.0,26301
m15-kis/328130/2026.csv:202610021100,10660.0,10660.0,10590.0,10620.0,33007
m15-kis/328130/2026.csv:202610021115,10610.0,10620.0,10550.0,10550.0,22701
m15-kis/328130/2026.csv:202610021130,10550.0,10610.0,10530.0,10610.0,22003
m15-kis/328130/2026.csv:202610021145,10600.0,10650.0,10590.0,10620.0,11598
m15-kis/328130/2026.csv:202610021200,10630.0,10630.0,10560.0,10560.0,14422
m15-kis/328130/2026.csv:202610021215,10565.0,10590.0,10560.0,10590.0,11014
m15-kis/328130/2026.csv:202610021230,10580.0,10590.0,10540.0,10540.0,12266
m15-kis/328130/2026.csv:202610021245,10540.0,10550.0,10520.0,10550.0,19976
m15-kis/328130/2026.csv:202610021300,10550.0,10570.0,10520.0,10530.0,20305
m15-kis/328130/2026.csv:202610021315,10530.0,10580.0,10520.0,10570.0,13758
m15-kis/328130/2026.csv:202610021330,10580.0,10610.0,10570.0,10580.0,13556
m15-kis/328130/2026.csv:202610021345,10580.0,10630.0,10550.0,10620.0,13331
m15-kis/328130/2026.csv:202610021400,10630.0,10630.0,10580.0,10600.0,8806
m15-kis/328130/2026.csv:202610021415,10610.0,10620.0,10600.0,10610.0,11643
m15-kis/328130/2026.csv:202610021430,10610.0,10610.0,10550.0,10580.0,11643
m15-kis/328130/2026.csv:202610021445,10580.0,10610.0,10570.0,10590.0,12779
m15-kis/328130/2026.csv:202610021500,10590.0,10600.0,10580.0,10600.0,9869
m15-kis/328130/2026.csv:202610021515,10600.0,10600.0,10560.0,10570.0,13730
m15-kis/329180/2026.csv:202610020900,427500.0,429000.0,427000.0,428000.0,5961
m15-kis/329180/2026.csv:202610020915,428000.0,429000.0,424000.0,426250.0,19293
m15-kis/329180/2026.csv:202610020930,426250.0,428500.0,425500.0,426500.0,5768
m15-kis/329180/2026.csv:202610020945,426000.0,429000.0,425500.0,428000.0,7537
m15-kis/329180/2026.csv:202610021000,428000.0,428000.0,425000.0,427000.0,8638
m15-kis/329180/2026.csv:202610021015,427500.0,427500.0,425000.0,425500.0,7875
m15-kis/329180/2026.csv:202610021030,425500.0,426000.0,424000.0,424500.0,9275
m15-kis/329180/2026.csv:202610021045,424500.0,427000.0,424500.0,425500.0,6508
m15-kis/329180/2026.csv:202610021100,425500.0,427500.0,425000.0,425500.0,5655
m15-kis/329180/2026.csv:202610021115,425500.0,427000.0,425000.0,425500.0,6968
m15-kis/329180/2026.csv:202610021130,425500.0,427000.0,425500.0,426000.0,5961
m15-kis/329180/2026.csv:202610021145,426000.0,426500.0,425000.0,425500.0,4274
m15-kis/329180/2026.csv:202610021200,425750.0,426000.0,425000.0,425000.0,4853
m15-kis/329180/2026.csv:202610021215,425000.0,425500.0,424500.0,424500.0,5619
m15-kis/329180/2026.csv:202610021230,424500.0,426000.0,424500.0,424500.0,8948
m15-kis/329180/2026.csv:202610021245,424500.0,425000.0,424000.0,424000.0,6828
m15-kis/329180/2026.csv:202610021300,424500.0,425500.0,420500.0,423750.0,24537
m15-kis/329180/2026.csv:202610021315,423500.0,424000.0,423500.0,423500.0,3644
m15-kis/329180/2026.csv:202610021330,423500.0,424500.0,423500.0,423500.0,4771
m15-kis/329180/2026.csv:202610021345,423500.0,424000.0,423000.0,423000.0,4535
m15-kis/329180/2026.csv:202610021400,423500.0,425000.0,423000.0,423500.0,5439
m15-kis/329180/2026.csv:202610021415,423500.0,425000.0,423500.0,423500.0,6027
m15-kis/329180/2026.csv:202610021430,424000.0,424500.0,423000.0,423500.0,8007
m15-kis/329180/2026.csv:202610021445,423500.0,424500.0,423000.0,424250.0,6637
m15-kis/329180/2026.csv:202610021500,424000.0,426000.0,423500.0,425500.0,7245
m15-kis/329180/2026.csv:202610021515,425000.0,426000.0,425000.0,426000.0,12495
m15-kis/330590/2026.csv:202610020900,4010.0,4010.0,3990.0,3995.0,12328
m15-kis/330590/2026.csv:202610020915,3995.0,4060.0,3960.0,4000.0,45279
m15-kis/330590/2026.csv:202610020930,3995.0,4000.0,3975.0,3990.0,6473
m15-kis/330590/2026.csv:202610020945,3990.0,3995.0,3985.0,3985.0,3778
m15-kis/330590/2026.csv:202610021000,3980.0,4010.0,3980.0,4010.0,6434
m15-kis/330590/2026.csv:202610021015,4010.0,4010.0,4005.0,4010.0,2891
m15-kis/330590/2026.csv:202610021030,4010.0,4010.0,4005.0,4005.0,2836
m15-kis/330590/2026.csv:202610021045,4005.0,4035.0,4000.0,4025.0,7019
m15-kis/330590/2026.csv:202610021100,4025.0,4030.0,3995.0,4020.0,4093
m15-kis/330590/2026.csv:202610021115,4025.0,4025.0,4015.0,4020.0,308
m15-kis/330590/2026.csv:202610021130,4020.0,4020.0,4015.0,4020.0,1800
m15-kis/330590/2026.csv:202610021145,4020.0,4020.0,4015.0,4015.0,1250
m15-kis/330590/2026.csv:202610021200,4020.0,4020.0,4020.0,4020.0,395
m15-kis/330590/2026.csv:202610021215,4020.0,4030.0,4020.0,4025.0,3662
m15-kis/330590/2026.csv:202610021230,4030.0,4030.0,4015.0,4020.0,4911
m15-kis/330590/2026.csv:202610021245,4020.0,4025.0,4020.0,4025.0,227
m15-kis/330590/2026.csv:202610021300,4020.0,4025.0,4020.0,4025.0,1131
m15-kis/330590/2026.csv:202610021315,4025.0,4025.0,4015.0,4020.0,3733
m15-kis/330590/2026.csv:202610021330,4020.0,4020.0,4015.0,4020.0,3895
m15-kis/330590/2026.csv:202610021345,4020.0,4025.0,4015.0,4020.0,4865
m15-kis/330590/2026.csv:202610021400,4020.0,4030.0,4020.0,4030.0,3528
m15-kis/330590/2026.csv:202610021415,4030.0,4040.0,4030.0,4040.0,5437
m15-kis/330590/2026.csv:202610021430,4035.0,4040.0,4035.0,4040.0,2301
m15-kis/330590/2026.csv:202610021445,4040.0,4045.0,4040.0,4045.0,2598
m15-kis/330590/2026.csv:202610021500,4040.0,4045.0,4040.0,4045.0,3781
m15-kis/330590/2026.csv:202610021515,4045.0,4065.0,4040.0,4065.0,15210
m15-kis/336260/2026.csv:202610020900,44300.0,44950.0,44300.0,44950.0,22405
m15-kis/336260/2026.csv:202610020915,44900.0,45150.0,44750.0,45000.0,18593
m15-kis/336260/2026.csv:202610020930,45000.0,45700.0,44875.0,45550.0,39974
m15-kis/336260/2026.csv:202610020945,45600.0,45600.0,45350.0,45400.0,18673
m15-kis/336260/2026.csv:202610021000,45400.0,45600.0,45150.0,45600.0,20158
m15-kis/336260/2026.csv:202610021015,45550.0,45700.0,45200.0,45300.0,12219
m15-kis/336260/2026.csv:202610021030,45300.0,45325.0,44750.0,44850.0,11753
m15-kis/336260/2026.csv:202610021045,44850.0,45200.0,44750.0,45200.0,12471
m15-kis/336260/2026.csv:202610021100,45150.0,46000.0,45100.0,45600.0,35931
m15-kis/336260/2026.csv:202610021115,45600.0,45700.0,45400.0,45500.0,9976
m15-kis/336260/2026.csv:202610021130,45450.0,45650.0,45400.0,45600.0,8828
m15-kis/336260/2026.csv:202610021145,45550.0,45800.0,45550.0,45775.0,12342
m15-kis/336260/2026.csv:202610021200,45775.0,46000.0,45750.0,45950.0,13445
m15-kis/336260/2026.csv:202610021215,45950.0,45950.0,45750.0,45850.0,13394
m15-kis/336260/2026.csv:202610021230,45850.0,45900.0,45450.0,45500.0,13943
m15-kis/336260/2026.csv:202610021245,45500.0,45650.0,45450.0,45600.0,9094
m15-kis/336260/2026.csv:202610021300,45600.0,45600.0,45200.0,45400.0,10888
m15-kis/336260/2026.csv:202610021315,45400.0,45750.0,45350.0,45750.0,6952
m15-kis/336260/2026.csv:202610021330,45700.0,45800.0,45400.0,45500.0,5795
m15-kis/336260/2026.csv:202610021345,45400.0,45700.0,45400.0,45650.0,7030
m15-kis/336260/2026.csv:202610021400,45650.0,45850.0,45400.0,45850.0,13088
m15-kis/336260/2026.csv:202610021415,45800.0,45950.0,45700.0,45700.0,12704
m15-kis/336260/2026.csv:202610021430,45700.0,45800.0,45600.0,45650.0,11016
m15-kis/336260/2026.csv:202610021445,45650.0,45850.0,45650.0,45800.0,12273
m15-kis/336260/2026.csv:202610021500,45800.0,45900.0,45750.0,45800.0,12510
m15-kis/336260/2026.csv:202610021515,45850.0,45900.0,45800.0,45850.0,13636
m15-kis/336370/2026.csv:202610020900,8110.0,8520.0,8090.0,8510.0,32759
m15-kis/336370/2026.csv:202610020915,8520.0,8690.0,8330.0,8630.0,35942
m15-kis/336370/2026.csv:202610020930,8640.0,8880.0,8570.0,8820.0,57416
m15-kis/336370/2026.csv:202610020945,8810.0,8840.0,8650.0,8760.0,24792
m15-kis/336370/2026.csv:202610021000,8770.0,8840.0,8680.0,8710.0,16985
m15-kis/336370/2026.csv:202610021015,8700.0,8790.0,8610.0,8680.0,21381
m15-kis/336370/2026.csv:202610021030,8660.0,8680.0,8570.0,8630.0,8629
m15-kis/336370/2026.csv:202610021045,8630.0,8740.0,8610.0,8700.0,11416
m15-kis/336370/2026.csv:202610021100,8700.0,8730.0,8660.0,8720.0,5339
m15-kis/336370/2026.csv:202610021115,8730.0,8730.0,8660.0,8660.0,4543
m15-kis/336370/2026.csv:202610021130,8660.0,8700.0,8630.0,8660.0,6009
m15-kis/336370/2026.csv:202610021145,8660.0,8680.0,8650.0,8660.0,1996
m15-kis/336370/2026.csv:202610021200,8670.0,8680.0,8650.0,8670.0,6526
m15-kis/336370/2026.csv:202610021215,8670.0,8670.0,8620.0,8670.0,2731
m15-kis/336370/2026.csv:202610021230,8660.0,8670.0,8610.0,8630.0,2828
m15-kis/336370/2026.csv:202610021245,8620.0,8640.0,8570.0,8630.0,11986
m15-kis/336370/2026.csv:202610021300,8630.0,8650.0,8590.0,8610.0,4508
m15-kis/336370/2026.csv:202610021315,8610.0,8650.0,8590.0,8640.0,3024
m15-kis/336370/2026.csv:202610021330,8640.0,8650.0,8620.0,8650.0,2825
m15-kis/336370/2026.csv:202610021345,8640.0,8650.0,8620.0,8650.0,3187
m15-kis/336370/2026.csv:202610021400,8640.0,8700.0,8640.0,8700.0,4754
m15-kis/336370/2026.csv:202610021415,8700.0,8700.0,8660.0,8690.0,4180
m15-kis/336370/2026.csv:202610021430,8690.0,8710.0,8650.0,8680.0,6833
m15-kis/336370/2026.csv:202610021445,8680.0,8810.0,8680.0,8800.0,17188
m15-kis/336370/2026.csv:202610021500,8810.0,8820.0,8710.0,8770.0,12636
m15-kis/336370/2026.csv:202610021515,8770.0,8780.0,8740.0,8740.0,17180
m15-kis/336570/2026.csv:202610020900,5020.0,5070.0,5000.0,5070.0,51600
m15-kis/336570/2026.csv:202610020915,5060.0,5090.0,5030.0,5070.0,32729
m15-kis/336570/2026.csv:202610020930,5070.0,5150.0,5060.0,5130.0,74564
m15-kis/336570/2026.csv:202610020945,5120.0,5130.0,5100.0,5120.0,19972
m15-kis/336570/2026.csv:202610021000,5120.0,5120.0,5090.0,5110.0,19322
m15-kis/336570/2026.csv:202610021015,5120.0,5130.0,5090.0,5120.0,10309
m15-kis/336570/2026.csv:202610021030,5120.0,5120.0,5060.0,5070.0,19551
m15-kis/336570/2026.csv:202610021045,5060.0,5080.0,5050.0,5070.0,13893
m15-kis/336570/2026.csv:202610021100,5070.0,5080.0,5060.0,5080.0,5675
m15-kis/336570/2026.csv:202610021115,5080.0,5090.0,5060.0,5070.0,12426
m15-kis/336570/2026.csv:202610021130,5070.0,5080.0,5060.0,5080.0,2755
m15-kis/336570/2026.csv:202610021145,5075.0,5100.0,5070.0,5090.0,5578
m15-kis/336570/2026.csv:202610021200,5100.0,5100.0,5060.0,5070.0,12481
m15-kis/336570/2026.csv:202610021215,5070.0,5080.0,5050.0,5060.0,10227
m15-kis/336570/2026.csv:202610021230,5060.0,5090.0,5050.0,5060.0,9579
m15-kis/336570/2026.csv:202610021245,5040.0,5060.0,5030.0,5030.0,8086
m15-kis/336570/2026.csv:202610021300,5030.0,5050.0,5020.0,5050.0,4527
m15-kis/336570/2026.csv:202610021315,5050.0,5050.0,5020.0,5040.0,5188
m15-kis/336570/2026.csv:202610021330,5050.0,5060.0,5040.0,5040.0,4784
m15-kis/336570/2026.csv:202610021345,5040.0,5050.0,5030.0,5040.0,3337
m15-kis/336570/2026.csv:202610021400,5040.0,5050.0,5020.0,5030.0,5279
m15-kis/336570/2026.csv:202610021415,5030.0,5040.0,5020.0,5030.0,24415
m15-kis/336570/2026.csv:202610021430,5030.0,5040.0,5010.0,5030.0,30567
m15-kis/336570/2026.csv:202610021445,5030.0,5030.0,4985.0,5000.0,43704
m15-kis/336570/2026.csv:202610021500,5010.0,5020.0,4997.0,5020.0,6518
m15-kis/336570/2026.csv:202610021515,5020.0,5020.0,4995.0,5010.0,11965
m15-kis/347700/2026.csv:202610020900,22700.0,23550.0,22600.0,23550.0,138281
m15-kis/347700/2026.csv:202610020915,23550.0,24150.0,23450.0,24100.0,236388
m15-kis/347700/2026.csv:202610020930,24150.0,24850.0,24000.0,24750.0,288362
m15-kis/347700/2026.csv:202610020945,24700.0,25600.0,24500.0,24600.0,486433
m15-kis/347700/2026.csv:202610021000,24625.0,25100.0,24450.0,24850.0,145828
m15-kis/347700/2026.csv:202610021015,24850.0,24900.0,24600.0,24700.0,52128
m15-kis/347700/2026.csv:202610021030,24750.0,24850.0,24400.0,24800.0,80863
m15-kis/347700/2026.csv:202610021045,24850.0,24900.0,24700.0,24850.0,45816
m15-kis/347700/2026.csv:202610021100,24850.0,24950.0,24700.0,24850.0,36132
m15-kis/347700/2026.csv:202610021115,24750.0,24900.0,24700.0,24800.0,24767
m15-kis/347700/2026.csv:202610021130,24800.0,24900.0,24700.0,24800.0,28876
m15-kis/347700/2026.csv:202610021145,24800.0,24950.0,24750.0,24950.0,21384
m15-kis/347700/2026.csv:202610021200,24900.0,25000.0,24850.0,25000.0,29230
m15-kis/347700/2026.csv:202610021215,25000.0,25000.0,24700.0,24750.0,33816
m15-kis/347700/2026.csv:202610021230,24750.0,24850.0,24700.0,24800.0,26694
m15-kis/347700/2026.csv:202610021245,24800.0,24900.0,24700.0,24900.0,36503
m15-kis/347700/2026.csv:202610021300,24900.0,24950.0,24750.0,24800.0,40146
m15-kis/347700/2026.csv:202610021315,24750.0,24850.0,24750.0,24850.0,36753
m15-kis/347700/2026.csv:202610021330,24750.0,24850.0,24750.0,24800.0,26103
m15-kis/347700/2026.csv:202610021345,24800.0,24900.0,24750.0,24850.0,39448
m15-kis/347700/2026.csv:202610021400,24850.0,24850.0,24650.0,24800.0,27511
m15-kis/347700/2026.csv:202610021415,24750.0,24850.0,24700.0,24750.0,24289
m15-kis/347700/2026.csv:202610021430,24750.0,24850.0,24600.0,24600.0,48293
m15-kis/347700/2026.csv:202610021445,24600.0,24650.0,24350.0,24450.0,76156
m15-kis/347700/2026.csv:202610021500,24500.0,24550.0,24300.0,24500.0,73239
m15-kis/347700/2026.csv:202610021515,24500.0,24600.0,24450.0,24600.0,36073
m15-kis/347850/2026.csv:202610020900,45000.0,45800.0,44400.0,44600.0,42635
m15-kis/347850/2026.csv:202610020915,44500.0,44600.0,43700.0,43850.0,41043
m15-kis/347850/2026.csv:202610020930,43850.0,43900.0,43400.0,43700.0,27625
m15-kis/347850/2026.csv:202610020945,43650.0,44000.0,43600.0,43850.0,16441
m15-kis/347850/2026.csv:202610021000,43850.0,43850.0,43450.0,43700.0,20887
m15-kis/347850/2026.csv:202610021015,43750.0,43850.0,43400.0,43500.0,22088
m15-kis/347850/2026.csv:202610021030,43500.0,43500.0,42800.0,42800.0,42988
m15-kis/347850/2026.csv:202610021045,42800.0,42950.0,42750.0,42850.0,16957
m15-kis/347850/2026.csv:202610021100,42850.0,43100.0,42800.0,43050.0,6836
m15-kis/347850/2026.csv:202610021115,43050.0,43400.0,43050.0,43300.0,7905
m15-kis/347850/2026.csv:202610021130,43300.0,43475.0,43150.0,43250.0,8631
m15-kis/347850/2026.csv:202610021145,43200.0,43350.0,43150.0,43200.0,4587
m15-kis/347850/2026.csv:202610021200,43250.0,43450.0,43200.0,43250.0,7423
m15-kis/347850/2026.csv:202610021215,43200.0,43300.0,43100.0,43150.0,6514
m15-kis/347850/2026.csv:202610021230,43150.0,43250.0,43100.0,43150.0,3595
m15-kis/347850/2026.csv:202610021245,43100.0,43150.0,42850.0,43000.0,17788
m15-kis/347850/2026.csv:202610021300,43000.0,43100.0,42900.0,43000.0,7010
m15-kis/347850/2026.csv:202610021315,43000.0,43150.0,42850.0,43000.0,9694
m15-kis/347850/2026.csv:202610021330,43050.0,43300.0,42950.0,43250.0,9057
m15-kis/347850/2026.csv:202610021345,43150.0,43250.0,43100.0,43200.0,4308
m15-kis/347850/2026.csv:202610021400,43250.0,43300.0,43150.0,43150.0,5543
m15-kis/347850/2026.csv:202610021415,43200.0,43250.0,43050.0,43050.0,7170
m15-kis/347850/2026.csv:202610021430,43050.0,43100.0,42900.0,42950.0,10369
m15-kis/347850/2026.csv:202610021445,42950.0,43000.0,42850.0,42900.0,16094
m15-kis/347850/2026.csv:202610021500,42900.0,43050.0,42850.0,42900.0,16424
m15-kis/347850/2026.csv:202610021515,42950.0,43050.0,42900.0,43000.0,13740
m15-kis/348370/2026.csv:202610020900,21650.0,22900.0,21650.0,22650.0,42292
m15-kis/348370/2026.csv:202610020915,22650.0,23000.0,22350.0,23000.0,32922
m15-kis/348370/2026.csv:202610020930,23000.0,23250.0,22800.0,23050.0,31535
m15-kis/348370/2026.csv:202610020945,23000.0,23350.0,22900.0,23200.0,20479
m15-kis/348370/2026.csv:202610021000,23200.0,23200.0,22750.0,22850.0,11575
m15-kis/348370/2026.csv:202610021015,22850.0,22850.0,22500.0,22600.0,8671
m15-kis/348370/2026.csv:202610021030,22600.0,22600.0,22350.0,22450.0,11671
m15-kis/348370/2026.csv:202610021045,22450.0,22700.0,22400.0,22650.0,7258
m15-kis/348370/2026.csv:202610021100,22650.0,22750.0,22650.0,22700.0,4332
m15-kis/348370/2026.csv:202610021115,22700.0,22750.0,22650.0,22650.0,1574
m15-kis/348370/2026.csv:202610021130,22650.0,22700.0,22600.0,22600.0,2044
m15-kis/348370/2026.csv:202610021145,22650.0,22700.0,22550.0,22700.0,3604
m15-kis/348370/2026.csv:202610021200,22700.0,22700.0,22500.0,22500.0,1654
m15-kis/348370/2026.csv:202610021215,22550.0,22550.0,22450.0,22500.0,1899
m15-kis/348370/2026.csv:202610021230,22500.0,22550.0,22450.0,22500.0,3085
m15-kis/348370/2026.csv:202610021245,22500.0,22500.0,22350.0,22500.0,3035
m15-kis/348370/2026.csv:202610021300,22500.0,22600.0,22400.0,22450.0,3331
m15-kis/348370/2026.csv:202610021315,22500.0,22750.0,22450.0,22750.0,3298
m15-kis/348370/2026.csv:202610021330,22750.0,22750.0,22500.0,22700.0,3058
m15-kis/348370/2026.csv:202610021345,22650.0,22700.0,22600.0,22650.0,4101
m15-kis/348370/2026.csv:202610021400,22650.0,22650.0,22550.0,22550.0,2393
m15-kis/348370/2026.csv:202610021415,22550.0,22600.0,22450.0,22500.0,4081
m15-kis/348370/2026.csv:202610021430,22450.0,22550.0,22400.0,22500.0,4358
m15-kis/348370/2026.csv:202610021445,22500.0,22750.0,22450.0,22750.0,8826
m15-kis/348370/2026.csv:202610021500,22750.0,22750.0,22600.0,22750.0,9923
m15-kis/348370/2026.csv:202610021515,22750.0,22750.0,22600.0,22600.0,17420
m15-kis/352820/2026.csv:202610020900,156700.0,157600.0,155600.0,155900.0,15629
m15-kis/352820/2026.csv:202610020915,155950.0,156200.0,155000.0,155400.0,7978
m15-kis/352820/2026.csv:202610020930,155400.0,155500.0,154800.0,155000.0,6791
m15-kis/352820/2026.csv:202610020945,155100.0,155100.0,154600.0,154800.0,9116
m15-kis/352820/2026.csv:202610021000,154800.0,155000.0,154200.0,154800.0,7155
m15-kis/352820/2026.csv:202610021015,154700.0,154800.0,153600.0,154000.0,13606
m15-kis/352820/2026.csv:202610021030,154000.0,154000.0,153600.0,153700.0,6369
m15-kis/352820/2026.csv:202610021045,153700.0,154100.0,153300.0,153900.0,7729
m15-kis/352820/2026.csv:202610021100,153900.0,154200.0,153800.0,154100.0,2933
m15-kis/352820/2026.csv:202610021115,154100.0,154200.0,153900.0,154000.0,2655
m15-kis/352820/2026.csv:202610021130,154000.0,154100.0,153800.0,154000.0,3083
m15-kis/352820/2026.csv:202610021145,153900.0,154200.0,153800.0,154000.0,2633
m15-kis/352820/2026.csv:202610021200,154000.0,154100.0,153800.0,153800.0,3346
m15-kis/352820/2026.csv:202610021215,153900.0,153900.0,153700.0,153800.0,3181
m15-kis/352820/2026.csv:202610021230,153800.0,153900.0,153700.0,153800.0,2933
m15-kis/352820/2026.csv:202610021245,153800.0,154000.0,153600.0,153700.0,2992
m15-kis/352820/2026.csv:202610021300,153700.0,153900.0,153600.0,153800.0,3298
m15-kis/352820/2026.csv:202610021315,153800.0,154000.0,153600.0,153700.0,3902
m15-kis/352820/2026.csv:202610021330,153800.0,154600.0,153700.0,154400.0,4627
m15-kis/352820/2026.csv:202610021345,154400.0,155400.0,154300.0,155300.0,6852
m15-kis/352820/2026.csv:202610021400,155300.0,155400.0,154800.0,154900.0,4245
m15-kis/352820/2026.csv:202610021415,155000.0,155200.0,154700.0,154700.0,3050
m15-kis/352820/2026.csv:202610021430,154700.0,154900.0,154500.0,154700.0,4111
m15-kis/352820/2026.csv:202610021445,154700.0,155000.0,154600.0,154900.0,3668
m15-kis/352820/2026.csv:202610021500,154800.0,155400.0,154800.0,155400.0,3475
m15-kis/352820/2026.csv:202610021515,155300.0,155400.0,154800.0,155300.0,5350
m15-kis/353200/2026.csv:202610020900,150600.0,154200.0,149000.0,149700.0,162560
m15-kis/353200/2026.csv:202610020915,149600.0,151500.0,148100.0,150100.0,69722
m15-kis/353200/2026.csv:202610020930,150100.0,151700.0,149600.0,149900.0,55026
m15-kis/353200/2026.csv:202610020945,149900.0,151000.0,149800.0,150200.0,29755
m15-kis/353200/2026.csv:202610021000,150300.0,150300.0,149000.0,149600.0,44337
m15-kis/353200/2026.csv:202610021015,149700.0,150000.0,148500.0,148700.0,40851
m15-kis/353200/2026.csv:202610021030,148700.0,149200.0,147000.0,147200.0,62636
m15-kis/353200/2026.csv:202610021045,147200.0,149100.0,147000.0,148700.0,46315
m15-kis/353200/2026.csv:202610021100,148700.0,149200.0,147400.0,147600.0,26793
m15-kis/353200/2026.csv:202610021115,147500.0,148200.0,147200.0,147200.0,24221
m15-kis/353200/2026.csv:202610021130,147300.0,147300.0,146300.0,146400.0,31434
m15-kis/353200/2026.csv:202610021145,146400.0,147100.0,146100.0,146900.0,19321
m15-kis/353200/2026.csv:202610021200,146800.0,147600.0,146700.0,147150.0,18919
m15-kis/353200/2026.csv:202610021215,147100.0,147500.0,147000.0,147300.0,9882
m15-kis/353200/2026.csv:202610021230,147400.0,147500.0,146200.0,146300.0,23862
m15-kis/353200/2026.csv:202610021245,146300.0,146400.0,144350.0,145000.0,52559
m15-kis/353200/2026.csv:202610021300,145050.0,145500.0,143500.0,145000.0,50436
m15-kis/353200/2026.csv:202610021315,145000.0,145500.0,144500.0,145500.0,21101
m15-kis/353200/2026.csv:202610021330,145400.0,147400.0,145400.0,146500.0,31014
m15-kis/353200/2026.csv:202610021345,146600.0,148200.0,146100.0,148100.0,24146
m15-kis/353200/2026.csv:202610021400,148000.0,148200.0,147600.0,147900.0,20970
m15-kis/353200/2026.csv:202610021415,147900.0,148900.0,147700.0,148000.0,29563
m15-kis/353200/2026.csv:202610021430,148000.0,148100.0,147000.0,147300.0,24808
m15-kis/353200/2026.csv:202610021445,147400.0,147400.0,146300.0,146400.0,27698
m15-kis/353200/2026.csv:202610021500,146400.0,147300.0,145800.0,147100.0,44043
m15-kis/353200/2026.csv:202610021515,147100.0,147800.0,146800.0,147800.0,21008
m15-kis/357780/2026.csv:202610020900,429000.0,433500.0,426000.0,427500.0,1940
m15-kis/357780/2026.csv:202610020915,427500.0,428500.0,423500.0,426000.0,1126
m15-kis/357780/2026.csv:202610020930,426500.0,429000.0,423500.0,428000.0,962
m15-kis/357780/2026.csv:202610020945,428500.0,430500.0,427500.0,428000.0,911
m15-kis/357780/2026.csv:202610021000,428000.0,428500.0,423000.0,424500.0,2308
m15-kis/357780/2026.csv:202610021015,424500.0,427000.0,423000.0,424000.0,1181
m15-kis/357780/2026.csv:202610021030,424500.0,425500.0,420500.0,423000.0,1872
m15-kis/357780/2026.csv:202610021045,423000.0,429000.0,423000.0,428000.0,947
m15-kis/357780/2026.csv:202610021100,427000.0,427000.0,421500.0,422000.0,791
m15-kis/357780/2026.csv:202610021115,422000.0,423000.0,421500.0,421500.0,590
m15-kis/357780/2026.csv:202610021130,421500.0,422500.0,420000.0,420000.0,727
m15-kis/357780/2026.csv:202610021145,421000.0,421500.0,419500.0,421500.0,640
m15-kis/357780/2026.csv:202610021200,421000.0,422000.0,419000.0,419500.0,648
m15-kis/357780/2026.csv:202610021215,419500.0,420500.0,417000.0,418500.0,817
m15-kis/357780/2026.csv:202610021230,418500.0,419000.0,416000.0,416000.0,821
m15-kis/357780/2026.csv:202610021245,416500.0,417500.0,415000.0,416000.0,795
m15-kis/357780/2026.csv:202610021300,416000.0,416500.0,412000.0,414500.0,1720
m15-kis/357780/2026.csv:202610021315,415000.0,420500.0,414500.0,419500.0,983
m15-kis/357780/2026.csv:202610021330,419500.0,421500.0,418500.0,420000.0,794
m15-kis/357780/2026.csv:202610021345,420000.0,422000.0,418000.0,421000.0,1057
m15-kis/357780/2026.csv:202610021400,422000.0,423000.0,420500.0,420500.0,1370
m15-kis/357780/2026.csv:202610021415,420500.0,421000.0,416500.0,416500.0,887
m15-kis/357780/2026.csv:202610021430,418000.0,419500.0,415500.0,418500.0,1515
m15-kis/357780/2026.csv:202610021445,418000.0,420500.0,417500.0,419000.0,983
m15-kis/357780/2026.csv:202610021500,419000.0,420500.0,418000.0,419500.0,1031
m15-kis/357780/2026.csv:202610021515,420000.0,420000.0,419500.0,420000.0,1611
m15-kis/361610/2026.csv:202610020900,16480.0,17020.0,16480.0,16910.0,100256
m15-kis/361610/2026.csv:202610020915,16910.0,16950.0,16660.0,16860.0,27907
m15-kis/361610/2026.csv:202610020930,16880.0,17030.0,16810.0,16870.0,29233
m15-kis/361610/2026.csv:202610020945,16920.0,17020.0,16820.0,17010.0,24844
m15-kis/361610/2026.csv:202610021000,17010.0,17090.0,16880.0,16990.0,37783
m15-kis/361610/2026.csv:202610021015,16980.0,17130.0,16930.0,17010.0,31720
m15-kis/361610/2026.csv:202610021030,17010.0,17160.0,16940.0,17070.0,27403
m15-kis/361610/2026.csv:202610021045,17060.0,17120.0,17050.0,17120.0,12395
m15-kis/361610/2026.csv:202610021100,17110.0,17190.0,17100.0,17170.0,16589
m15-kis/361610/2026.csv:202610021115,17170.0,17280.0,17170.0,17260.0,16117
m15-kis/361610/2026.csv:202610021130,17260.0,17260.0,17110.0,17130.0,7967
m15-kis/361610/2026.csv:202610021145,17130.0,17170.0,17110.0,17150.0,5733
m15-kis/361610/2026.csv:202610021200,17150.0,17220.0,17140.0,17160.0,6199
m15-kis/361610/2026.csv:202610021215,17160.0,17250.0,17090.0,17240.0,14927
m15-kis/361610/2026.csv:202610021230,17240.0,17390.0,17240.0,17390.0,21967
m15-kis/361610/2026.csv:202610021245,17380.0,17480.0,17310.0,17470.0,25181
m15-kis/361610/2026.csv:202610021300,17470.0,17470.0,17300.0,17410.0,12383
m15-kis/361610/2026.csv:202610021315,17420.0,17510.0,17420.0,17490.0,19196
m15-kis/361610/2026.csv:202610021330,17490.0,17510.0,17450.0,17460.0,6692
m15-kis/361610/2026.csv:202610021345,17460.0,17500.0,17380.0,17490.0,13979
m15-kis/361610/2026.csv:202610021400,17490.0,17560.0,17460.0,17520.0,24614
m15-kis/361610/2026.csv:202610021415,17520.0,17550.0,17450.0,17510.0,17189
m15-kis/361610/2026.csv:202610021430,17500.0,17630.0,17480.0,17610.0,50040
m15-kis/361610/2026.csv:202610021445,17600.0,17790.0,17600.0,17740.0,35348
m15-kis/361610/2026.csv:202610021500,17750.0,17760.0,17620.0,17660.0,21343
m15-kis/361610/2026.csv:202610021515,17680.0,17680.0,17620.0,17680.0,19078
m15-kis/365340/2026.csv:202610020900,36750.0,38300.0,36600.0,38050.0,6841
m15-kis/365340/2026.csv:202610020915,38050.0,38100.0,37300.0,38050.0,2825
m15-kis/365340/2026.csv:202610020930,38050.0,38300.0,37950.0,38250.0,3439
m15-kis/365340/2026.csv:202610020945,38250.0,38750.0,38100.0,38600.0,7541
m15-kis/365340/2026.csv:202610021000,38600.0,38650.0,38000.0,38200.0,3266
m15-kis/365340/2026.csv:202610021015,38200.0,38300.0,37700.0,37750.0,3167
m15-kis/365340/2026.csv:202610021030,37750.0,37800.0,37500.0,37550.0,1313
m15-kis/365340/2026.csv:202610021045,37550.0,37750.0,37400.0,37600.0,1735
m15-kis/365340/2026.csv:202610021100,37600.0,37700.0,37500.0,37550.0,1596
m15-kis/365340/2026.csv:202610021115,37550.0,37600.0,37400.0,37400.0,1002
m15-kis/365340/2026.csv:202610021130,37400.0,37550.0,37350.0,37450.0,779
m15-kis/365340/2026.csv:202610021145,37450.0,37550.0,37400.0,37500.0,713
m15-kis/365340/2026.csv:202610021200,37500.0,37550.0,37200.0,37200.0,1403
m15-kis/365340/2026.csv:202610021215,37300.0,37300.0,37150.0,37200.0,815
m15-kis/365340/2026.csv:202610021230,37200.0,37400.0,37150.0,37400.0,816
m15-kis/365340/2026.csv:202610021245,37400.0,37400.0,37200.0,37200.0,980
m15-kis/365340/2026.csv:202610021300,37200.0,37350.0,37100.0,37200.0,873
m15-kis/365340/2026.csv:202610021315,37200.0,37450.0,37200.0,37450.0,916
m15-kis/365340/2026.csv:202610021330,37500.0,37550.0,37300.0,37400.0,627
m15-kis/365340/2026.csv:202610021345,37400.0,37600.0,37400.0,37600.0,746
m15-kis/365340/2026.csv:202610021400,37600.0,37700.0,37500.0,37650.0,884
m15-kis/365340/2026.csv:202610021415,37600.0,37700.0,37500.0,37500.0,950
m15-kis/365340/2026.csv:202610021430,37550.0,37750.0,37450.0,37650.0,922
m15-kis/365340/2026.csv:202610021445,37650.0,37850.0,37650.0,37750.0,1080
m15-kis/365340/2026.csv:202610021500,37700.0,37750.0,37600.0,37700.0,989
m15-kis/365340/2026.csv:202610021515,37700.0,37750.0,37500.0,37700.0,1710
m15-kis/365550/2026.csv:202610020900,3090.0,3090.0,3060.0,3060.0,1348
m15-kis/365550/2026.csv:202610020915,3065.0,3105.0,3065.0,3080.0,12987
m15-kis/365550/2026.csv:202610020930,3080.0,3085.0,3070.0,3080.0,4615
m15-kis/365550/2026.csv:202610020945,3080.0,3085.0,3075.0,3075.0,4539
m15-kis/365550/2026.csv:202610021000,3080.0,3090.0,3080.0,3085.0,6682
m15-kis/365550/2026.csv:202610021015,3090.0,3100.0,3090.0,3095.0,4167
m15-kis/365550/2026.csv:202610021030,3100.0,3100.0,3080.0,3095.0,2517
m15-kis/365550/2026.csv:202610021045,3090.0,3090.0,3080.0,3090.0,2306
m15-kis/365550/2026.csv:202610021100,3090.0,3095.0,3080.0,3080.0,2409
m15-kis/365550/2026.csv:202610021115,3085.0,3085.0,3070.0,3075.0,2634
m15-kis/365550/2026.csv:202610021130,3075.0,3090.0,3070.0,3090.0,2877
m15-kis/365550/2026.csv:202610021145,3090.0,3095.0,3085.0,3090.0,4413
m15-kis/365550/2026.csv:202610021200,3090.0,3095.0,3090.0,3090.0,10811
m15-kis/365550/2026.csv:202610021215,3090.0,3090.0,3080.0,3080.0,1475
m15-kis/365550/2026.csv:202610021230,3080.0,3085.0,3080.0,3080.0,3836
m15-kis/365550/2026.csv:202610021245,3085.0,3090.0,3080.0,3090.0,770
m15-kis/365550/2026.csv:202610021300,3085.0,3090.0,3085.0,3090.0,718
m15-kis/365550/2026.csv:202610021315,3090.0,3095.0,3090.0,3095.0,2756
m15-kis/365550/2026.csv:202610021330,3095.0,3095.0,3075.0,3080.0,7742
m15-kis/365550/2026.csv:202610021345,3080.0,3090.0,3080.0,3090.0,4572
m15-kis/365550/2026.csv:202610021400,3090.0,3090.0,3085.0,3090.0,3130
m15-kis/365550/2026.csv:202610021415,3090.0,3090.0,3080.0,3085.0,4236
m15-kis/365550/2026.csv:202610021430,3085.0,3085.0,3080.0,3085.0,979
m15-kis/365550/2026.csv:202610021445,3085.0,3090.0,3085.0,3090.0,1782
m15-kis/365550/2026.csv:202610021500,3090.0,3090.0,3080.0,3085.0,5176
m15-kis/365550/2026.csv:202610021515,3085.0,3100.0,3080.0,3100.0,19754
m15-kis/373220/2026.csv:202610020900,360000.0,367000.0,359500.0,366500.0,22039
m15-kis/373220/2026.csv:202610020915,366500.0,367000.0,360500.0,363500.0,12800
m15-kis/373220/2026.csv:202610020930,363500.0,365500.0,362500.0,364500.0,9536
m15-kis/373220/2026.csv:202610020945,365000.0,366500.0,364250.0,365500.0,8543
m15-kis/373220/2026.csv:202610021000,366000.0,366000.0,364500.0,366000.0,4883
m15-kis/373220/2026.csv:202610021015,365500.0,366000.0,363000.0,364000.0,6273
m15-kis/373220/2026.csv:202610021030,364000.0,364000.0,362500.0,363000.0,3710
m15-kis/373220/2026.csv:202610021045,363500.0,364500.0,363000.0,363500.0,2217
m15-kis/373220/2026.csv:202610021100,364000.0,364500.0,363500.0,363500.0,3161
m15-kis/373220/2026.csv:202610021115,363500.0,365000.0,363500.0,365000.0,4717
m15-kis/373220/2026.csv:202610021130,364500.0,365000.0,363000.0,363500.0,4736
m15-kis/373220/2026.csv:202610021145,363500.0,364000.0,363000.0,363500.0,2335
m15-kis/373220/2026.csv:202610021200,363500.0,364500.0,363000.0,363500.0,4611
m15-kis/373220/2026.csv:202610021215,364000.0,364000.0,363000.0,363500.0,1947
m15-kis/373220/2026.csv:202610021230,363500.0,364000.0,363500.0,364000.0,2381
m15-kis/373220/2026.csv:202610021245,364000.0,364500.0,363000.0,364500.0,4131
m15-kis/373220/2026.csv:202610021300,364500.0,364500.0,363500.0,364500.0,3688
m15-kis/373220/2026.csv:202610021315,364500.0,365000.0,364000.0,365000.0,2016
m15-kis/373220/2026.csv:202610021330,365000.0,365500.0,364500.0,365500.0,4090
m15-kis/373220/2026.csv:202610021345,365500.0,367000.0,365250.0,367000.0,11675
m15-kis/373220/2026.csv:202610021400,367000.0,367000.0,366500.0,366500.0,4271
m15-kis/373220/2026.csv:202610021415,366750.0,368000.0,366500.0,367000.0,11152
m15-kis/373220/2026.csv:202610021430,366500.0,369500.0,366500.0,369500.0,12761
m15-kis/373220/2026.csv:202610021445,369500.0,372000.0,369000.0,371500.0,24205
m15-kis/373220/2026.csv:202610021500,371000.0,372000.0,369500.0,370500.0,17642
m15-kis/373220/2026.csv:202610021515,370500.0,371500.0,369000.0,371000.0,15073
m15-kis/375500/2026.csv:202610020900,75100.0,75700.0,73700.0,74000.0,26227
m15-kis/375500/2026.csv:202610020915,74000.0,74450.0,73700.0,74300.0,15486
m15-kis/375500/2026.csv:202610020930,74200.0,74800.0,74000.0,74400.0,9942
m15-kis/375500/2026.csv:202610020945,74400.0,75100.0,74300.0,74900.0,9696
m15-kis/375500/2026.csv:202610021000,74800.0,75000.0,74500.0,74900.0,12200
m15-kis/375500/2026.csv:202610021015,74900.0,74900.0,74500.0,74600.0,6350
m15-kis/375500/2026.csv:202610021030,74600.0,75200.0,74600.0,74900.0,6607
m15-kis/375500/2026.csv:202610021045,74900.0,75300.0,74900.0,75100.0,6328
m15-kis/375500/2026.csv:202610021100,75100.0,75400.0,75000.0,75300.0,6182
m15-kis/375500/2026.csv:202610021115,75300.0,75400.0,75200.0,75200.0,4873
m15-kis/375500/2026.csv:202610021130,75200.0,75800.0,75200.0,75700.0,6086
m15-kis/375500/2026.csv:202610021145,75700.0,75700.0,75400.0,75600.0,4259
m15-kis/375500/2026.csv:202610021200,75600.0,75700.0,75300.0,75300.0,6309
m15-kis/375500/2026.csv:202610021215,75400.0,75500.0,74900.0,74900.0,4278
m15-kis/375500/2026.csv:202610021230,74900.0,75200.0,74900.0,75100.0,4420
m15-kis/375500/2026.csv:202610021245,75100.0,75200.0,74600.0,74800.0,8115
m15-kis/375500/2026.csv:202610021300,74800.0,75000.0,74700.0,74900.0,4170
m15-kis/375500/2026.csv:202610021315,74900.0,75000.0,74700.0,74900.0,5847
m15-kis/375500/2026.csv:202610021330,74900.0,75000.0,74700.0,74700.0,4495
m15-kis/375500/2026.csv:202610021345,74800.0,74800.0,74400.0,74700.0,14429
m15-kis/375500/2026.csv:202610021400,74750.0,75100.0,74700.0,74900.0,9632
m15-kis/375500/2026.csv:202610021415,74800.0,75000.0,74700.0,74700.0,5538
m15-kis/375500/2026.csv:202610021430,74700.0,74800.0,74600.0,74600.0,8153
m15-kis/375500/2026.csv:202610021445,74600.0,75000.0,74600.0,75000.0,14852
m15-kis/375500/2026.csv:202610021500,74900.0,75100.0,74800.0,75000.0,7908
m15-kis/375500/2026.csv:202610021515,74900.0,75000.0,74700.0,75000.0,10039
m15-kis/376900/2026.csv:202610020900,28800.0,29600.0,28800.0,28900.0,13211
m15-kis/376900/2026.csv:202610020915,28900.0,28950.0,28300.0,28500.0,5128
m15-kis/376900/2026.csv:202610020930,28450.0,28500.0,28200.0,28450.0,6645
m15-kis/376900/2026.csv:202610020945,28400.0,28600.0,28300.0,28500.0,1829
m15-kis/376900/2026.csv:202610021000,28450.0,28700.0,28450.0,28700.0,1677
m15-kis/376900/2026.csv:202610021015,28700.0,28750.0,28350.0,28350.0,2518
m15-kis/376900/2026.csv:202610021030,28350.0,28350.0,27900.0,28000.0,5838
m15-kis/376900/2026.csv:202610021045,28000.0,28100.0,27800.0,28050.0,2368
m15-kis/376900/2026.csv:202610021100,28050.0,28050.0,27850.0,27950.0,3049
m15-kis/376900/2026.csv:202610021115,27950.0,27950.0,27850.0,27850.0,1730
m15-kis/376900/2026.csv:202610021130,27900.0,28050.0,27850.0,27950.0,2588
m15-kis/376900/2026.csv:202610021145,27950.0,28050.0,27900.0,27950.0,665
m15-kis/376900/2026.csv:202610021200,27950.0,28050.0,27900.0,28000.0,1707
m15-kis/376900/2026.csv:202610021215,27900.0,27950.0,27800.0,27950.0,2111
m15-kis/376900/2026.csv:202610021230,27950.0,27950.0,27750.0,27800.0,2883
m15-kis/376900/2026.csv:202610021245,27800.0,27800.0,27550.0,27650.0,3859
m15-kis/376900/2026.csv:202610021300,27700.0,27700.0,27600.0,27700.0,2465
m15-kis/376900/2026.csv:202610021315,27650.0,27700.0,27650.0,27700.0,832
m15-kis/376900/2026.csv:202610021330,27700.0,27850.0,27650.0,27850.0,771
m15-kis/376900/2026.csv:202610021345,27850.0,27850.0,27800.0,27850.0,432
m15-kis/376900/2026.csv:202610021400,27850.0,28000.0,27800.0,27950.0,1650
m15-kis/376900/2026.csv:202610021415,27950.0,28000.0,27800.0,27850.0,1317
m15-kis/376900/2026.csv:202610021430,27850.0,27850.0,27700.0,27750.0,2376
m15-kis/376900/2026.csv:202610021445,27700.0,27750.0,27650.0,27750.0,2183
m15-kis/376900/2026.csv:202610021500,27750.0,27900.0,27750.0,27800.0,1610
m15-kis/376900/2026.csv:202610021515,27750.0,27850.0,27750.0,27750.0,998
m15-kis/377300/2026.csv:202610020900,40000.0,40450.0,40000.0,40300.0,9730
m15-kis/377300/2026.csv:202610020915,40300.0,40300.0,40000.0,40200.0,4104
m15-kis/377300/2026.csv:202610020930,40200.0,40200.0,40050.0,40050.0,4337
m15-kis/377300/2026.csv:202610020945,40100.0,40200.0,40050.0,40150.0,4064
m15-kis/377300/2026.csv:202610021000,40100.0,40150.0,40025.0,40150.0,2676
m15-kis/377300/2026.csv:202610021015,40150.0,40250.0,39850.0,39900.0,5358
m15-kis/377300/2026.csv:202610021030,39900.0,39950.0,39700.0,39850.0,4869
m15-kis/377300/2026.csv:202610021045,39850.0,40000.0,39850.0,40000.0,1115
m15-kis/377300/2026.csv:202610021100,40000.0,40000.0,39950.0,39950.0,766
m15-kis/377300/2026.csv:202610021115,40000.0,40000.0,39950.0,40000.0,2820
m15-kis/377300/2026.csv:202610021130,40000.0,40000.0,39950.0,40000.0,289
m15-kis/377300/2026.csv:202610021145,39950.0,40100.0,39950.0,40050.0,1304
m15-kis/377300/2026.csv:202610021200,40050.0,40100.0,40000.0,40000.0,640
m15-kis/377300/2026.csv:202610021215,40000.0,40000.0,39900.0,40000.0,1963
m15-kis/377300/2026.csv:202610021230,40000.0,40000.0,39850.0,39850.0,2098
m15-kis/377300/2026.csv:202610021245,39950.0,39950.0,39850.0,39900.0,314
m15-kis/377300/2026.csv:202610021300,39900.0,39925.0,39850.0,39850.0,2032
m15-kis/377300/2026.csv:202610021315,39900.0,40150.0,39850.0,40150.0,2534
m15-kis/377300/2026.csv:202610021330,40125.0,40200.0,40000.0,40100.0,5406
m15-kis/377300/2026.csv:202610021345,40050.0,40150.0,39900.0,39950.0,4292
m15-kis/377300/2026.csv:202610021400,39950.0,40050.0,39875.0,39950.0,6180
m15-kis/377300/2026.csv:202610021415,39975.0,40100.0,39950.0,40000.0,2422
m15-kis/377300/2026.csv:202610021430,40000.0,40150.0,39950.0,40050.0,5754
m15-kis/377300/2026.csv:202610021445,40075.0,40150.0,40000.0,40100.0,4458
m15-kis/377300/2026.csv:202610021500,40100.0,40150.0,40000.0,40150.0,5390
m15-kis/377300/2026.csv:202610021515,40150.0,40200.0,40000.0,40150.0,7336
m15-kis/383220/2026.csv:202610020900,69000.0,69600.0,68900.0,69000.0,1451
m15-kis/383220/2026.csv:202610020915,68900.0,69100.0,68600.0,69000.0,664
m15-kis/383220/2026.csv:202610020930,69000.0,69100.0,68600.0,69000.0,824
m15-kis/383220/2026.csv:202610020945,69000.0,69200.0,68800.0,69100.0,893
m15-kis/383220/2026.csv:202610021000,68900.0,69400.0,68900.0,69400.0,702
m15-kis/383220/2026.csv:202610021015,69400.0,69500.0,69000.0,69100.0,784
m15-kis/383220/2026.csv:202610021030,69100.0,69300.0,69000.0,69200.0,816
m15-kis/383220/2026.csv:202610021045,69300.0,69800.0,69000.0,69500.0,796
m15-kis/383220/2026.csv:202610021100,69500.0,69600.0,69400.0,69500.0,564
m15-kis/383220/2026.csv:202610021115,69600.0,69700.0,68900.0,69200.0,859
m15-kis/383220/2026.csv:202610021130,69200.0,69500.0,69100.0,69300.0,703
m15-kis/383220/2026.csv:202610021145,69400.0,69400.0,69000.0,69100.0,717
m15-kis/383220/2026.csv:202610021200,69100.0,69400.0,69000.0,69200.0,804
m15-kis/383220/2026.csv:202610021215,69100.0,69200.0,68900.0,68900.0,610
m15-kis/383220/2026.csv:202610021230,69000.0,69300.0,68900.0,69300.0,669
m15-kis/383220/2026.csv:202610021245,69200.0,69300.0,69000.0,69200.0,591
m15-kis/383220/2026.csv:202610021300,69150.0,69500.0,69000.0,69300.0,1016
m15-kis/383220/2026.csv:202610021315,69300.0,69500.0,69100.0,69100.0,562
m15-kis/383220/2026.csv:202610021330,69200.0,69200.0,68900.0,69000.0,1933
m15-kis/383220/2026.csv:202610021345,68900.0,69200.0,68900.0,69200.0,1018
m15-kis/383220/2026.csv:202610021400,69100.0,69400.0,69000.0,69300.0,2192
m15-kis/383220/2026.csv:202610021415,69300.0,69500.0,69200.0,69500.0,763
m15-kis/383220/2026.csv:202610021430,69500.0,69600.0,69100.0,69400.0,728
m15-kis/383220/2026.csv:202610021445,69400.0,69600.0,69200.0,69500.0,719
m15-kis/383220/2026.csv:202610021500,69500.0,69700.0,69300.0,69600.0,1186
m15-kis/383220/2026.csv:202610021515,69600.0,69800.0,69500.0,69700.0,1306
m15-kis/383310/2026.csv:202610020900,24950.0,25750.0,24850.0,25550.0,101834
m15-kis/383310/2026.csv:202610020915,25550.0,25600.0,24950.0,25300.0,24404
m15-kis/383310/2026.csv:202610020930,25300.0,25550.0,25250.0,25450.0,16184
m15-kis/383310/2026.csv:202610020945,25475.0,26200.0,25400.0,25800.0,42359
m15-kis/383310/2026.csv:202610021000,25800.0,25850.0,25500.0,25600.0,11534
m15-kis/383310/2026.csv:202610021015,25550.0,25650.0,25350.0,25400.0,11195
m15-kis/383310/2026.csv:202610021030,25400.0,25450.0,25200.0,25200.0,10472
m15-kis/383310/2026.csv:202610021045,25200.0,25450.0,25100.0,25350.0,6579
m15-kis/383310/2026.csv:202610021100,25300.0,25350.0,25000.0,25100.0,8704
m15-kis/383310/2026.csv:202610021115,25100.0,25200.0,24950.0,25000.0,10632
m15-kis/383310/2026.csv:202610021130,25000.0,25500.0,24950.0,25150.0,7644
m15-kis/383310/2026.csv:202610021145,25150.0,25250.0,24850.0,25000.0,7694
m15-kis/383310/2026.csv:202610021200,25000.0,25100.0,24850.0,25050.0,5323
m15-kis/383310/2026.csv:202610021215,25050.0,25050.0,24850.0,24850.0,4832
m15-kis/383310/2026.csv:202610021230,24900.0,25000.0,24850.0,24850.0,3546
m15-kis/383310/2026.csv:202610021245,24900.0,25000.0,24700.0,24900.0,8972
m15-kis/383310/2026.csv:202610021300,25000.0,25050.0,24950.0,25050.0,3477
m15-kis/383310/2026.csv:202610021315,25050.0,25100.0,25000.0,25000.0,4627
m15-kis/383310/2026.csv:202610021330,25100.0,25100.0,24950.0,24950.0,4834
m15-kis/383310/2026.csv:202610021345,25000.0,25000.0,24750.0,24950.0,4799
m15-kis/383310/2026.csv:202610021400,24950.0,25300.0,24950.0,25250.0,6306
m15-kis/383310/2026.csv:202610021415,25250.0,25250.0,24950.0,25000.0,5231
m15-kis/383310/2026.csv:202610021430,25000.0,25000.0,24850.0,24900.0,10666
m15-kis/383310/2026.csv:202610021445,24950.0,25000.0,24750.0,24800.0,8573
m15-kis/383310/2026.csv:202610021500,24800.0,24850.0,24750.0,24850.0,5669
m15-kis/383310/2026.csv:202610021515,24850.0,24900.0,24800.0,24900.0,4780
m15-kis/383800/2026.csv:202610020900,8040.0,8080.0,8030.0,8060.0,2394
m15-kis/383800/2026.csv:202610020915,8070.0,8090.0,8020.0,8050.0,5647
m15-kis/383800/2026.csv:202610020930,8040.0,8080.0,8040.0,8060.0,482
m15-kis/383800/2026.csv:202610020945,8050.0,8060.0,8040.0,8060.0,1697
m15-kis/383800/2026.csv:202610021000,8060.0,8060.0,8040.0,8060.0,1507
m15-kis/383800/2026.csv:202610021015,8040.0,8060.0,8040.0,8060.0,4763
m15-kis/383800/2026.csv:202610021030,8040.0,8060.0,8040.0,8060.0,303
m15-kis/383800/2026.csv:202610021045,8060.0,8080.0,8050.0,8060.0,748
m15-kis/383800/2026.csv:202610021100,8060.0,8060.0,8040.0,8040.0,596
m15-kis/383800/2026.csv:202610021115,8040.0,8060.0,8040.0,8050.0,515
m15-kis/383800/2026.csv:202610021130,8040.0,8060.0,8040.0,8050.0,913
m15-kis/383800/2026.csv:202610021145,8050.0,8050.0,8040.0,8040.0,609
m15-kis/383800/2026.csv:202610021200,8040.0,8060.0,8030.0,8030.0,2881
m15-kis/383800/2026.csv:202610021215,8030.0,8050.0,8030.0,8050.0,517
m15-kis/383800/2026.csv:202610021230,8050.0,8050.0,8030.0,8030.0,435
m15-kis/383800/2026.csv:202610021245,8040.0,8050.0,8020.0,8040.0,2233
m15-kis/383800/2026.csv:202610021300,8040.0,8050.0,8030.0,8030.0,1098
m15-kis/383800/2026.csv:202610021315,8030.0,8060.0,8030.0,8040.0,1035
m15-kis/383800/2026.csv:202610021330,8050.0,8060.0,8030.0,8050.0,2072
m15-kis/383800/2026.csv:202610021345,8050.0,8070.0,8030.0,8030.0,1207
m15-kis/383800/2026.csv:202610021400,8040.0,8060.0,8030.0,8030.0,4279
m15-kis/383800/2026.csv:202610021415,8030.0,8050.0,8000.0,8020.0,13923
m15-kis/383800/2026.csv:202610021430,8050.0,8050.0,8030.0,8030.0,620
m15-kis/383800/2026.csv:202610021445,8040.0,8060.0,8030.0,8060.0,2380
m15-kis/383800/2026.csv:202610021500,8060.0,8060.0,8020.0,8040.0,2940
m15-kis/383800/2026.csv:202610021515,8040.0,8080.0,8030.0,8080.0,4642
m15-kis/388210/2026.csv:202610020900,93700.0,94700.0,93300.0,93500.0,4303
m15-kis/388210/2026.csv:202610020915,93500.0,94400.0,92600.0,93900.0,3951
m15-kis/388210/2026.csv:202610020930,93800.0,94700.0,93300.0,94100.0,4153
m15-kis/388210/2026.csv:202610020945,94100.0,94500.0,93500.0,94000.0,2156
m15-kis/388210/2026.csv:202610021000,93900.0,96700.0,93400.0,96300.0,17749
m15-kis/388210/2026.csv:202610021015,96300.0,97900.0,95500.0,97000.0,20053
m15-kis/388210/2026.csv:202610021030,96900.0,98600.0,96300.0,98300.0,16124
m15-kis/388210/2026.csv:202610021045,98250.0,98400.0,96900.0,97600.0,8728
m15-kis/388210/2026.csv:202610021100,97600.0,98300.0,96600.0,97000.0,8360
m15-kis/388210/2026.csv:202610021115,97100.0,97800.0,96900.0,97600.0,6128
m15-kis/388210/2026.csv:202610021130,97700.0,98300.0,96100.0,96100.0,10617
m15-kis/388210/2026.csv:202610021145,96000.0,98300.0,96000.0,97400.0,2359
m15-kis/388210/2026.csv:202610021200,97500.0,97900.0,97100.0,97200.0,2980
m15-kis/388210/2026.csv:202610021215,97100.0,97800.0,96700.0,96900.0,1799
m15-kis/388210/2026.csv:202610021230,96800.0,97200.0,95900.0,95900.0,3889
m15-kis/388210/2026.csv:202610021245,95900.0,96200.0,95000.0,95800.0,3042
m15-kis/388210/2026.csv:202610021300,95400.0,96500.0,94500.0,95500.0,4013
m15-kis/388210/2026.csv:202610021315,95400.0,96400.0,95400.0,95400.0,1952
m15-kis/388210/2026.csv:202610021330,95400.0,97000.0,95300.0,95700.0,8365
m15-kis/388210/2026.csv:202610021345,95700.0,96800.0,95100.0,95600.0,3097
m15-kis/388210/2026.csv:202610021400,95600.0,96800.0,94100.0,94100.0,3175
m15-kis/388210/2026.csv:202610021415,94100.0,94500.0,93800.0,94000.0,3039
m15-kis/388210/2026.csv:202610021430,93800.0,94000.0,93100.0,93400.0,4487
m15-kis/388210/2026.csv:202610021445,93400.0,94100.0,93100.0,93200.0,4306
m15-kis/388210/2026.csv:202610021500,93300.0,93600.0,93000.0,93200.0,5226
m15-kis/388210/2026.csv:202610021515,93500.0,94400.0,93300.0,93600.0,3610
m15-kis/388720/2026.csv:202610020900,69400.0,70700.0,69400.0,70100.0,2230
m15-kis/388720/2026.csv:202610020915,70100.0,70800.0,69900.0,70600.0,1356
m15-kis/388720/2026.csv:202610020930,70400.0,70700.0,70300.0,70500.0,1409
m15-kis/388720/2026.csv:202610020945,70500.0,70600.0,70150.0,70400.0,821
m15-kis/388720/2026.csv:202610021000,70400.0,70400.0,69800.0,70100.0,827
m15-kis/388720/2026.csv:202610021015,70300.0,70800.0,70300.0,70750.0,1229
m15-kis/388720/2026.csv:202610021030,70750.0,70750.0,70000.0,70000.0,550
m15-kis/388720/2026.csv:202610021045,70100.0,70500.0,70000.0,70500.0,391
m15-kis/388720/2026.csv:202610021100,70500.0,70700.0,70400.0,70600.0,212
m15-kis/388720/2026.csv:202610021115,70500.0,70600.0,70300.0,70300.0,235
m15-kis/388720/2026.csv:202610021130,70200.0,70600.0,70200.0,70500.0,229
m15-kis/388720/2026.csv:202610021145,70600.0,70600.0,70400.0,70600.0,411
m15-kis/388720/2026.csv:202610021200,70600.0,70700.0,70400.0,70400.0,186
m15-kis/388720/2026.csv:202610021215,70400.0,70400.0,70200.0,70200.0,149
m15-kis/388720/2026.csv:202610021230,70200.0,70200.0,70100.0,70100.0,229
m15-kis/388720/2026.csv:202610021245,70000.0,70000.0,69900.0,70000.0,434
m15-kis/388720/2026.csv:202610021300,70000.0,70200.0,69700.0,70100.0,1117
m15-kis/388720/2026.csv:202610021315,70100.0,70200.0,70000.0,70200.0,253
m15-kis/388720/2026.csv:202610021330,70200.0,70500.0,70200.0,70400.0,1130
m15-kis/388720/2026.csv:202610021345,70300.0,70750.0,70100.0,70700.0,1163
m15-kis/388720/2026.csv:202610021400,70800.0,70800.0,70600.0,70700.0,557
m15-kis/388720/2026.csv:202610021415,70700.0,71000.0,70500.0,70600.0,1858
m15-kis/388720/2026.csv:202610021430,70600.0,70600.0,70200.0,70300.0,306
m15-kis/388720/2026.csv:202610021445,70300.0,70800.0,70200.0,70700.0,683
m15-kis/388720/2026.csv:202610021500,70700.0,70800.0,70400.0,70400.0,515
m15-kis/388720/2026.csv:202610021515,70400.0,70900.0,70300.0,70900.0,1642
m15-kis/395400/2026.csv:202610020900,5250.0,5270.0,5220.0,5260.0,450
m15-kis/395400/2026.csv:202610020915,5260.0,5280.0,5240.0,5280.0,4927
m15-kis/395400/2026.csv:202610020930,5280.0,5290.0,5280.0,5290.0,4811
m15-kis/395400/2026.csv:202610020945,5290.0,5320.0,5280.0,5280.0,21899
m15-kis/395400/2026.csv:202610021000,5280.0,5290.0,5250.0,5260.0,4549
m15-kis/395400/2026.csv:202610021015,5250.0,5260.0,5250.0,5250.0,2809
m15-kis/395400/2026.csv:202610021030,5250.0,5250.0,5240.0,5250.0,452
m15-kis/395400/2026.csv:202610021045,5250.0,5250.0,5240.0,5250.0,326
m15-kis/395400/2026.csv:202610021100,5240.0,5250.0,5240.0,5250.0,345
m15-kis/395400/2026.csv:202610021115,5250.0,5300.0,5240.0,5290.0,28015
m15-kis/395400/2026.csv:202610021130,5290.0,5290.0,5280.0,5290.0,5244
m15-kis/395400/2026.csv:202610021145,5290.0,5290.0,5260.0,5270.0,2632
m15-kis/395400/2026.csv:202610021200,5280.0,5290.0,5270.0,5280.0,3844
m15-kis/395400/2026.csv:202610021215,5280.0,5290.0,5270.0,5280.0,4323
m15-kis/395400/2026.csv:202610021230,5280.0,5280.0,5270.0,5280.0,4053
m15-kis/395400/2026.csv:202610021245,5280.0,5290.0,5270.0,5280.0,2756
m15-kis/395400/2026.csv:202610021300,5270.0,5290.0,5260.0,5280.0,3978
m15-kis/395400/2026.csv:202610021315,5280.0,5290.0,5270.0,5280.0,5449
m15-kis/395400/2026.csv:202610021330,5290.0,5290.0,5270.0,5290.0,6726
m15-kis/395400/2026.csv:202610021345,5290.0,5290.0,5280.0,5290.0,5739
m15-kis/395400/2026.csv:202610021400,5280.0,5290.0,5270.0,5280.0,8430
m15-kis/395400/2026.csv:202610021415,5280.0,5290.0,5270.0,5290.0,7009
m15-kis/395400/2026.csv:202610021430,5280.0,5280.0,5260.0,5260.0,4548
m15-kis/395400/2026.csv:202610021445,5270.0,5280.0,5250.0,5270.0,5244
m15-kis/395400/2026.csv:202610021500,5270.0,5280.0,5250.0,5280.0,9148
m15-kis/395400/2026.csv:202610021515,5280.0,5330.0,5270.0,5330.0,20832
m15-kis/397030/2026.csv:202610020900,19210.0,19380.0,18800.0,18840.0,165826
m15-kis/397030/2026.csv:202610020915,18830.0,18930.0,18260.0,18270.0,137703
m15-kis/397030/2026.csv:202610020930,18270.0,18320.0,17880.0,17890.0,172366
m15-kis/397030/2026.csv:202610020945,17880.0,18100.0,17720.0,17910.0,107733
m15-kis/397030/2026.csv:202610021000,17910.0,18050.0,17900.0,18050.0,43178
m15-kis/397030/2026.csv:202610021015,18050.0,18140.0,17860.0,17870.0,57037
m15-kis/397030/2026.csv:202610021030,17870.0,17870.0,17680.0,17710.0,76879
m15-kis/397030/2026.csv:202610021045,17710.0,17840.0,17610.0,17840.0,50623
m15-kis/397030/2026.csv:202610021100,17840.0,17950.0,17710.0,17750.0,40595
m15-kis/397030/2026.csv:202610021115,17750.0,17760.0,17670.0,17710.0,27782
m15-kis/397030/2026.csv:202610021130,17710.0,17710.0,17630.0,17660.0,30373
m15-kis/397030/2026.csv:202610021145,17660.0,17680.0,17640.0,17650.0,20670
m15-kis/397030/2026.csv:202610021200,17660.0,17660.0,17600.0,17610.0,38796
m15-kis/397030/2026.csv:202610021215,17610.0,17610.0,17500.0,17540.0,39115
m15-kis/397030/2026.csv:202610021230,17540.0,17550.0,17500.0,17520.0,30212
m15-kis/397030/2026.csv:202610021245,17520.0,17530.0,17370.0,17410.0,48169
m15-kis/397030/2026.csv:202610021300,17420.0,17420.0,17320.0,17360.0,32916
m15-kis/397030/2026.csv:202610021315,17360.0,17380.0,17090.0,17180.0,73754
m15-kis/397030/2026.csv:202610021330,17180.0,17220.0,17120.0,17140.0,42309
m15-kis/397030/2026.csv:202610021345,17140.0,17210.0,17050.0,17050.0,39175
m15-kis/397030/2026.csv:202610021400,17050.0,17330.0,17050.0,17130.0,49895
m15-kis/397030/2026.csv:202610021415,17130.0,17140.0,17050.0,17070.0,39194
m15-kis/397030/2026.csv:202610021430,17060.0,17065.0,17000.0,17010.0,43409
m15-kis/397030/2026.csv:202610021445,17000.0,17100.0,16925.0,17080.0,53335
m15-kis/397030/2026.csv:202610021500,17070.0,17070.0,16980.0,17020.0,51364
m15-kis/397030/2026.csv:202610021515,17020.0,17090.0,17010.0,17020.0,34442
m15-kis/399720/2026.csv:202610020900,48200.0,49400.0,48200.0,49000.0,16645
m15-kis/399720/2026.csv:202610020915,49000.0,49300.0,48550.0,49250.0,17246
m15-kis/399720/2026.csv:202610020930,49250.0,49450.0,49050.0,49200.0,8176
m15-kis/399720/2026.csv:202610020945,49200.0,49300.0,49000.0,49050.0,6835
m15-kis/399720/2026.csv:202610021000,49100.0,49100.0,48600.0,48950.0,5812
m15-kis/399720/2026.csv:202610021015,49000.0,49000.0,48450.0,48500.0,5078
m15-kis/399720/2026.csv:202610021030,48500.0,48500.0,48100.0,48300.0,5857
m15-kis/399720/2026.csv:202610021045,48350.0,48700.0,48275.0,48650.0,3748
m15-kis/399720/2026.csv:202610021100,48700.0,48750.0,48250.0,48300.0,1754
m15-kis/399720/2026.csv:202610021115,48300.0,48450.0,48200.0,48200.0,2805
m15-kis/399720/2026.csv:202610021130,48200.0,48300.0,48000.0,48050.0,2996
m15-kis/399720/2026.csv:202610021145,48000.0,48300.0,48000.0,48150.0,2300
m15-kis/399720/2026.csv:202610021200,48150.0,48250.0,48050.0,48075.0,1497
m15-kis/399720/2026.csv:202610021215,48100.0,48225.0,47900.0,48000.0,5479
m15-kis/399720/2026.csv:202610021230,48000.0,48050.0,47750.0,47800.0,2556
m15-kis/399720/2026.csv:202610021245,47800.0,47800.0,47600.0,47600.0,2369
m15-kis/399720/2026.csv:202610021300,47600.0,47800.0,47450.0,47750.0,3332
m15-kis/399720/2026.csv:202610021315,47700.0,48300.0,47700.0,48100.0,980
m15-kis/399720/2026.csv:202610021330,48100.0,48150.0,47850.0,48100.0,2981
m15-kis/399720/2026.csv:202610021345,48100.0,48350.0,48050.0,48200.0,3231
m15-kis/399720/2026.csv:202610021400,48250.0,48300.0,48100.0,48250.0,2133
m15-kis/399720/2026.csv:202610021415,48250.0,48300.0,47900.0,47900.0,5187
m15-kis/399720/2026.csv:202610021430,47900.0,48150.0,47850.0,48150.0,2564
m15-kis/399720/2026.csv:202610021445,48100.0,48200.0,48000.0,48100.0,1543
m15-kis/399720/2026.csv:202610021500,48200.0,48300.0,48100.0,48250.0,2069
m15-kis/399720/2026.csv:202610021515,48200.0,48250.0,48100.0,48200.0,2277
m15-kis/402340/2026.csv:202610020900,1148000.0,1158000.0,1142000.0,1149000.0,28706
m15-kis/402340/2026.csv:202610020915,1149000.0,1164000.0,1146000.0,1150000.0,25533
m15-kis/402340/2026.csv:202610020930,1150000.0,1153000.0,1145000.0,1145000.0,13939
m15-kis/402340/2026.csv:202610020945,1146000.0,1151000.0,1145000.0,1148000.0,16697
m15-kis/402340/2026.csv:202610021000,1148000.0,1151000.0,1142000.0,1149000.0,16281
m15-kis/402340/2026.csv:202610021015,1148000.0,1151000.0,1144000.0,1148000.0,13820
m15-kis/402340/2026.csv:202610021030,1148000.0,1149000.0,1143000.0,1145000.0,7330
m15-kis/402340/2026.csv:202610021045,1145000.0,1153000.0,1144000.0,1151000.0,11283
m15-kis/402340/2026.csv:202610021100,1151000.0,1152000.0,1146000.0,1148000.0,6577
m15-kis/402340/2026.csv:202610021115,1149000.0,1151000.0,1143000.0,1145000.0,10420
m15-kis/402340/2026.csv:202610021130,1145000.0,1149000.0,1144000.0,1149000.0,5346
m15-kis/402340/2026.csv:202610021145,1149000.0,1155000.0,1147000.0,1154000.0,8513
m15-kis/402340/2026.csv:202610021200,1155000.0,1157000.0,1153000.0,1155000.0,8038
m15-kis/402340/2026.csv:202610021215,1155000.0,1156000.0,1151000.0,1153000.0,6628
m15-kis/402340/2026.csv:202610021230,1152000.0,1154000.0,1150000.0,1151000.0,4959
m15-kis/402340/2026.csv:202610021245,1152000.0,1153000.0,1148000.0,1152000.0,7233
m15-kis/402340/2026.csv:202610021300,1152000.0,1158000.0,1151000.0,1154000.0,9677
m15-kis/402340/2026.csv:202610021315,1154000.0,1158000.0,1152000.0,1157000.0,8957
m15-kis/402340/2026.csv:202610021330,1157000.0,1158000.0,1153000.0,1154000.0,6678
m15-kis/402340/2026.csv:202610021345,1154000.0,1159000.0,1152000.0,1159000.0,11970
m15-kis/402340/2026.csv:202610021400,1159000.0,1162000.0,1154000.0,1155000.0,11757
m15-kis/402340/2026.csv:202610021415,1156000.0,1160000.0,1155000.0,1157000.0,10988
m15-kis/402340/2026.csv:202610021430,1157000.0,1159000.0,1153000.0,1155000.0,11621
m15-kis/402340/2026.csv:202610021445,1155000.0,1159000.0,1154000.0,1158000.0,11270
m15-kis/402340/2026.csv:202610021500,1157000.0,1163000.0,1156000.0,1160000.0,22131
m15-kis/402340/2026.csv:202610021515,1159000.0,1161000.0,1158000.0,1160000.0,23914
m15-kis/403870/2026.csv:202610020900,68350.0,69000.0,66000.0,66100.0,564465
m15-kis/403870/2026.csv:202610020915,66100.0,67400.0,65800.0,66900.0,273658
m15-kis/403870/2026.csv:202610020930,66800.0,68300.0,66800.0,68200.0,193910
m15-kis/403870/2026.csv:202610020945,68200.0,68900.0,67800.0,68700.0,176960
m15-kis/403870/2026.csv:202610021000,68700.0,68800.0,67700.0,68400.0,112402
m15-kis/403870/2026.csv:202610021015,68450.0,68700.0,67900.0,68000.0,76190
m15-kis/403870/2026.csv:202610021030,68100.0,68200.0,67100.0,67200.0,107806
m15-kis/403870/2026.csv:202610021045,67250.0,67900.0,67200.0,67700.0,65877
m15-kis/403870/2026.csv:202610021100,67800.0,67800.0,67000.0,67000.0,74486
m15-kis/403870/2026.csv:202610021115,67050.0,67200.0,66800.0,66800.0,74279
m15-kis/403870/2026.csv:202610021130,66800.0,66900.0,66500.0,66700.0,87223
m15-kis/403870/2026.csv:202610021145,66600.0,66800.0,66500.0,66600.0,55984
m15-kis/403870/2026.csv:202610021200,66700.0,66900.0,66300.0,66400.0,53997
m15-kis/403870/2026.csv:202610021215,66400.0,66500.0,66000.0,66000.0,81638
m15-kis/403870/2026.csv:202610021230,66100.0,66300.0,65200.0,65400.0,198695
m15-kis/403870/2026.csv:202610021245,65400.0,65500.0,64700.0,65000.0,168555
m15-kis/403870/2026.csv:202610021300,65000.0,65200.0,64300.0,65100.0,177412
m15-kis/403870/2026.csv:202610021315,65000.0,65450.0,64800.0,65400.0,88966
m15-kis/403870/2026.csv:202610021330,65400.0,65700.0,65200.0,65300.0,98562
m15-kis/403870/2026.csv:202610021345,65300.0,65700.0,65200.0,65500.0,53076
m15-kis/403870/2026.csv:202610021400,65500.0,65700.0,65300.0,65300.0,63889
m15-kis/403870/2026.csv:202610021415,65300.0,65400.0,64700.0,64700.0,95134
m15-kis/403870/2026.csv:202610021430,64750.0,65300.0,64700.0,65300.0,94538
m15-kis/403870/2026.csv:202610021445,65300.0,65500.0,65000.0,65400.0,66793
m15-kis/403870/2026.csv:202610021500,65400.0,65800.0,65100.0,65500.0,93385
m15-kis/403870/2026.csv:202610021515,65600.0,65700.0,65500.0,65500.0,76017
m15-kis/417200/2026.csv:202610020900,14060.0,14290.0,14000.0,14290.0,247966
m15-kis/417200/2026.csv:202610020915,14280.0,14320.0,14190.0,14280.0,137410
m15-kis/417200/2026.csv:202610020930,14270.0,14460.0,14210.0,14420.0,129586
m15-kis/417200/2026.csv:202610020945,14420.0,14550.0,14390.0,14520.0,125492
m15-kis/417200/2026.csv:202610021000,14550.0,14610.0,14390.0,14540.0,116035
m15-kis/417200/2026.csv:202610021015,14540.0,14800.0,14530.0,14610.0,223751
m15-kis/417200/2026.csv:202610021030,14620.0,14620.0,14420.0,14460.0,85575
m15-kis/417200/2026.csv:202610021045,14460.0,14560.0,14450.0,14560.0,30845
m15-kis/417200/2026.csv:202610021100,14560.0,14660.0,14540.0,14630.0,55773
m15-kis/417200/2026.csv:202610021115,14630.0,14650.0,14510.0,14590.0,43994
m15-kis/417200/2026.csv:202610021130,14580.0,14690.0,14550.0,14660.0,40750
m15-kis/417200/2026.csv:202610021145,14670.0,14700.0,14640.0,14685.0,19934
m15-kis/417200/2026.csv:202610021200,14680.0,14710.0,14580.0,14580.0,25387
m15-kis/417200/2026.csv:202610021215,14590.0,14610.0,14510.0,14520.0,26886
m15-kis/417200/2026.csv:202610021230,14520.0,14550.0,14470.0,14490.0,32167
m15-kis/417200/2026.csv:202610021245,14490.0,14490.0,14410.0,14490.0,38891
m15-kis/417200/2026.csv:202610021300,14490.0,14490.0,14360.0,14410.0,48708
m15-kis/417200/2026.csv:202610021315,14410.0,14490.0,14400.0,14460.0,16409
m15-kis/417200/2026.csv:202610021330,14470.0,14770.0,14430.0,14720.0,70379
m15-kis/417200/2026.csv:202610021345,14720.0,14860.0,14660.0,14820.0,123892
m15-kis/417200/2026.csv:202610021400,14820.0,14970.0,14780.0,14910.0,131098
m15-kis/417200/2026.csv:202610021415,14920.0,15200.0,14870.0,15150.0,299451
m15-kis/417200/2026.csv:202610021430,15150.0,15210.0,15050.0,15100.0,151995
m15-kis/417200/2026.csv:202610021445,15090.0,15120.0,14970.0,15090.0,104449
m15-kis/417200/2026.csv:202610021500,15090.0,15320.0,15050.0,15180.0,182489
m15-kis/417200/2026.csv:202610021515,15180.0,15190.0,15090.0,15130.0,61953
m15-kis/420770/2026.csv:202610020900,134100.0,139700.0,130800.0,134800.0,6748
m15-kis/420770/2026.csv:202610020915,134800.0,135900.0,134000.0,135300.0,4414
m15-kis/420770/2026.csv:202610020930,135400.0,136700.0,134500.0,136300.0,6180
m15-kis/420770/2026.csv:202610020945,136300.0,137200.0,136000.0,136300.0,5271
m15-kis/420770/2026.csv:202610021000,136200.0,136300.0,134500.0,136200.0,4143
m15-kis/420770/2026.csv:202610021015,136200.0,137000.0,134800.0,136800.0,4094
m15-kis/420770/2026.csv:202610021030,136700.0,136800.0,134500.0,134800.0,4824
m15-kis/420770/2026.csv:202610021045,134800.0,135900.0,134700.0,135400.0,3353
m15-kis/420770/2026.csv:202610021100,135600.0,136400.0,134700.0,134800.0,3696
m15-kis/420770/2026.csv:202610021115,134800.0,135100.0,134300.0,134500.0,2473
m15-kis/420770/2026.csv:202610021130,134400.0,134500.0,132300.0,132650.0,2282
m15-kis/420770/2026.csv:202610021145,132500.0,134500.0,132400.0,134400.0,1842
m15-kis/420770/2026.csv:202610021200,134400.0,135400.0,133500.0,133500.0,1362
m15-kis/420770/2026.csv:202610021215,133500.0,133700.0,133000.0,133300.0,2488
m15-kis/420770/2026.csv:202610021230,133400.0,133500.0,131100.0,131400.0,3597
m15-kis/420770/2026.csv:202610021245,131300.0,132000.0,128600.0,129200.0,7843
m15-kis/420770/2026.csv:202610021300,129400.0,130000.0,127700.0,128000.0,5634
m15-kis/420770/2026.csv:202610021315,128000.0,128900.0,127600.0,127900.0,5301
m15-kis/420770/2026.csv:202610021330,127800.0,129700.0,127800.0,128500.0,4719
m15-kis/420770/2026.csv:202610021345,128500.0,128900.0,127700.0,128000.0,5203
m15-kis/420770/2026.csv:202610021400,128000.0,128900.0,127700.0,128600.0,4133
m15-kis/420770/2026.csv:202610021415,128600.0,129900.0,128300.0,128300.0,4341
m15-kis/420770/2026.csv:202610021430,128300.0,128700.0,127500.0,128600.0,6615
m15-kis/420770/2026.csv:202610021445,128600.0,128600.0,126900.0,127000.0,7466
m15-kis/420770/2026.csv:202610021500,126900.0,128400.0,126800.0,128400.0,3882
m15-kis/420770/2026.csv:202610021515,128200.0,129300.0,128200.0,129300.0,2039
m15-kis/437730/2026.csv:202610020900,50000.0,51500.0,49850.0,50700.0,36078
m15-kis/437730/2026.csv:202610020915,50900.0,51400.0,50500.0,51300.0,17923
m15-kis/437730/2026.csv:202610020930,51300.0,51900.0,51200.0,51600.0,24182
m15-kis/437730/2026.csv:202610020945,51500.0,51700.0,51200.0,51400.0,14106
m15-kis/437730/2026.csv:202610021000,51400.0,51600.0,51000.0,51600.0,10621
m15-kis/437730/2026.csv:202610021015,51600.0,52300.0,51500.0,52100.0,37297
m15-kis/437730/2026.csv:202610021030,52000.0,52200.0,51300.0,51600.0,21301
m15-kis/437730/2026.csv:202610021045,51600.0,52200.0,51500.0,52100.0,13426
m15-kis/437730/2026.csv:202610021100,52100.0,52300.0,51900.0,51900.0,8465
m15-kis/437730/2026.csv:202610021115,51900.0,52000.0,51400.0,51400.0,5501
m15-kis/437730/2026.csv:202610021130,51700.0,51800.0,51400.0,51700.0,3897
m15-kis/437730/2026.csv:202610021145,51700.0,52000.0,51500.0,52000.0,3289
m15-kis/437730/2026.csv:202610021200,52000.0,52100.0,51700.0,51800.0,6558
m15-kis/437730/2026.csv:202610021215,51900.0,52000.0,51500.0,51550.0,3259
m15-kis/437730/2026.csv:202610021230,51550.0,51600.0,51000.0,51300.0,10181
m15-kis/437730/2026.csv:202610021245,51300.0,51400.0,50900.0,51300.0,6675
m15-kis/437730/2026.csv:202610021300,51300.0,51400.0,50900.0,51200.0,6250
m15-kis/437730/2026.csv:202610021315,51300.0,51600.0,51000.0,51500.0,4501
m15-kis/437730/2026.csv:202610021330,51600.0,51700.0,51100.0,51600.0,6075
m15-kis/437730/2026.csv:202610021345,51600.0,52000.0,51500.0,51900.0,3843
m15-kis/437730/2026.csv:202610021400,52000.0,52100.0,51800.0,52000.0,8308
m15-kis/437730/2026.csv:202610021415,52000.0,52100.0,51800.0,51800.0,5986
m15-kis/437730/2026.csv:202610021430,51900.0,51900.0,51500.0,51700.0,9584
m15-kis/437730/2026.csv:202610021445,51700.0,52000.0,51700.0,51800.0,5159
m15-kis/437730/2026.csv:202610021500,51900.0,52000.0,51800.0,51950.0,3205
m15-kis/437730/2026.csv:202610021515,52000.0,52000.0,51800.0,51800.0,4819
m15-kis/439260/2026.csv:202610020900,46050.0,46450.0,46050.0,46100.0,729
m15-kis/439260/2026.csv:202610020915,46100.0,46150.0,45850.0,46000.0,1060
m15-kis/439260/2026.csv:202610020930,46000.0,46100.0,45950.0,46050.0,1347
m15-kis/439260/2026.csv:202610020945,46100.0,46200.0,46100.0,46150.0,501
m15-kis/439260/2026.csv:202610021000,46200.0,46200.0,46100.0,46100.0,806
m15-kis/439260/2026.csv:202610021015,46100.0,46150.0,46000.0,46000.0,556
m15-kis/439260/2026.csv:202610021030,46000.0,46050.0,45950.0,46000.0,652
m15-kis/439260/2026.csv:202610021045,46000.0,46050.0,45950.0,45950.0,990
m15-kis/439260/2026.csv:202610021100,46000.0,46100.0,45950.0,46100.0,481
m15-kis/439260/2026.csv:202610021115,46100.0,46100.0,45950.0,45950.0,638
m15-kis/439260/2026.csv:202610021130,45950.0,46050.0,45900.0,46050.0,428
m15-kis/439260/2026.csv:202610021145,46000.0,46000.0,45850.0,45850.0,465
m15-kis/439260/2026.csv:202610021200,45850.0,45900.0,45800.0,45850.0,540
m15-kis/439260/2026.csv:202610021215,45850.0,45900.0,45650.0,45700.0,1059
m15-kis/439260/2026.csv:202610021230,45750.0,45750.0,45650.0,45650.0,387
m15-kis/439260/2026.csv:202610021245,45650.0,45700.0,45600.0,45650.0,639
m15-kis/439260/2026.csv:202610021300,45700.0,45750.0,45650.0,45750.0,458
m15-kis/439260/2026.csv:202610021315,45700.0,45750.0,45650.0,45650.0,403
m15-kis/439260/2026.csv:202610021330,45650.0,45750.0,45650.0,45750.0,546
m15-kis/439260/2026.csv:202610021345,45750.0,45750.0,45650.0,45700.0,366
m15-kis/439260/2026.csv:202610021400,45650.0,45750.0,45650.0,45750.0,666
m15-kis/439260/2026.csv:202610021415,45750.0,45850.0,45750.0,45850.0,634
m15-kis/439260/2026.csv:202610021430,45800.0,45950.0,45800.0,45950.0,905
m15-kis/439260/2026.csv:202610021445,45950.0,46000.0,45900.0,45950.0,374
m15-kis/439260/2026.csv:202610021500,45950.0,46150.0,45900.0,46000.0,1028
m15-kis/439260/2026.csv:202610021515,46000.0,46100.0,45850.0,45850.0,1447
m15-kis/440110/2026.csv:202610020900,89400.0,90700.0,87200.0,87900.0,51561
m15-kis/440110/2026.csv:202610020915,87700.0,88400.0,87100.0,87700.0,47184
m15-kis/440110/2026.csv:202610020930,87800.0,88100.0,86900.0,87800.0,33864
m15-kis/440110/2026.csv:202610020945,87800.0,88800.0,87300.0,87800.0,25028
m15-kis/440110/2026.csv:202610021000,87700.0,87800.0,86500.0,87400.0,44173
m15-kis/440110/2026.csv:202610021015,87400.0,88200.0,87000.0,87400.0,17690
m15-kis/440110/2026.csv:202610021030,87400.0,87400.0,85700.0,86200.0,43373
m15-kis/440110/2026.csv:202610021045,86200.0,87500.0,86000.0,87400.0,15423
m15-kis/440110/2026.csv:202610021100,87300.0,87500.0,86500.0,86800.0,18047
m15-kis/440110/2026.csv:202610021115,86900.0,87400.0,86400.0,86700.0,13205
m15-kis/440110/2026.csv:202610021130,86700.0,87100.0,86300.0,86500.0,16869
m15-kis/440110/2026.csv:202610021145,86500.0,86900.0,86300.0,86600.0,8919
m15-kis/440110/2026.csv:202610021200,86700.0,86700.0,86200.0,86600.0,15877
m15-kis/440110/2026.csv:202610021215,86500.0,86800.0,86200.0,86300.0,14387
m15-kis/440110/2026.csv:202610021230,86400.0,86400.0,85800.0,85900.0,28059
m15-kis/440110/2026.csv:202610021245,85900.0,86500.0,85800.0,86400.0,24364
m15-kis/440110/2026.csv:202610021300,86300.0,86500.0,85700.0,86300.0,25310
m15-kis/440110/2026.csv:202610021315,86400.0,87000.0,86000.0,86800.0,12895
m15-kis/440110/2026.csv:202610021330,86800.0,86900.0,85800.0,86000.0,22071
m15-kis/440110/2026.csv:202610021345,86000.0,86200.0,85700.0,85800.0,18240
m15-kis/440110/2026.csv:202610021400,85800.0,86300.0,85600.0,85900.0,21725
m15-kis/440110/2026.csv:202610021415,85900.0,85900.0,85400.0,85400.0,20905
m15-kis/440110/2026.csv:202610021430,85500.0,85500.0,85100.0,85300.0,26888
m15-kis/440110/2026.csv:202610021445,85300.0,85500.0,85200.0,85300.0,19788
m15-kis/440110/2026.csv:202610021500,85300.0,86100.0,85200.0,86000.0,22555
m15-kis/440110/2026.csv:202610021515,86000.0,86000.0,85800.0,85900.0,17893
m15-kis/443060/2026.csv:202610020900,235500.0,238500.0,234000.0,236250.0,1893
m15-kis/443060/2026.csv:202610020915,236250.0,237500.0,232000.0,233500.0,4697
m15-kis/443060/2026.csv:202610020930,233500.0,236000.0,233500.0,234000.0,1261
m15-kis/443060/2026.csv:202610020945,234000.0,234500.0,232000.0,234000.0,2966
m15-kis/443060/2026.csv:202610021000,233000.0,234000.0,231000.0,233000.0,6130
m15-kis/443060/2026.csv:202610021015,232500.0,233500.0,232000.0,233000.0,3530
m15-kis/443060/2026.csv:202610021030,233000.0,237500.0,232000.0,233000.0,2413
m15-kis/443060/2026.csv:202610021045,233000.0,234500.0,232000.0,234000.0,2463
m15-kis/443060/2026.csv:202610021100,234000.0,235500.0,233500.0,235000.0,2014
m15-kis/443060/2026.csv:202610021115,235500.0,235500.0,233500.0,233500.0,909
m15-kis/443060/2026.csv:202610021130,233500.0,235000.0,233500.0,234000.0,744
m15-kis/443060/2026.csv:202610021145,234000.0,235000.0,233500.0,234000.0,718
m15-kis/443060/2026.csv:202610021200,234000.0,234500.0,231500.0,232500.0,5965
m15-kis/443060/2026.csv:202610021215,233000.0,233000.0,231500.0,232500.0,1963
m15-kis/443060/2026.csv:202610021230,232000.0,233000.0,232000.0,232000.0,895
m15-kis/443060/2026.csv:202610021245,232500.0,232500.0,231500.0,232500.0,809
m15-kis/443060/2026.csv:202610021300,232500.0,233500.0,232000.0,232000.0,1928
m15-kis/443060/2026.csv:202610021315,232500.0,233000.0,231000.0,231500.0,1815
m15-kis/443060/2026.csv:202610021330,231500.0,233000.0,231500.0,231500.0,951
m15-kis/443060/2026.csv:202610021345,231500.0,233000.0,231000.0,233000.0,1859
m15-kis/443060/2026.csv:202610021400,232500.0,234000.0,232000.0,233000.0,1286
m15-kis/443060/2026.csv:202610021415,233000.0,233500.0,232000.0,233000.0,1680
m15-kis/443060/2026.csv:202610021430,232500.0,234000.0,232000.0,232500.0,1390
m15-kis/443060/2026.csv:202610021445,233000.0,234000.0,232000.0,233500.0,3500
m15-kis/443060/2026.csv:202610021500,233000.0,234000.0,232500.0,233500.0,4401
m15-kis/443060/2026.csv:202610021515,233000.0,234000.0,232500.0,233500.0,3029
m15-kis/445680/2026.csv:202610020900,59400.0,60800.0,59400.0,59900.0,6551
m15-kis/445680/2026.csv:202610020915,59900.0,59900.0,58700.0,59000.0,2793
m15-kis/445680/2026.csv:202610020930,59000.0,59700.0,58800.0,59700.0,750
m15-kis/445680/2026.csv:202610020945,59700.0,60000.0,59500.0,60000.0,2421
m15-kis/445680/2026.csv:202610021000,60000.0,60000.0,59700.0,59800.0,2144
m15-kis/445680/2026.csv:202610021015,59800.0,59900.0,59400.0,59700.0,1130
m15-kis/445680/2026.csv:202610021030,59600.0,59700.0,58900.0,59600.0,1448
m15-kis/445680/2026.csv:202610021045,59200.0,59300.0,58100.0,58100.0,2519
m15-kis/445680/2026.csv:202610021100,58300.0,58500.0,58100.0,58300.0,1476
m15-kis/445680/2026.csv:202610021115,58400.0,58700.0,58300.0,58500.0,3080
m15-kis/445680/2026.csv:202610021130,58600.0,58800.0,58300.0,58300.0,826
m15-kis/445680/2026.csv:202610021145,58400.0,58700.0,58300.0,58300.0,1457
m15-kis/445680/2026.csv:202610021200,58700.0,58700.0,57900.0,58300.0,1520
m15-kis/445680/2026.csv:202610021215,58300.0,58600.0,58200.0,58500.0,665
m15-kis/445680/2026.csv:202610021230,58500.0,59000.0,58400.0,58400.0,1456
m15-kis/445680/2026.csv:202610021245,58400.0,58900.0,58400.0,58700.0,554
m15-kis/445680/2026.csv:202610021300,58700.0,58900.0,58500.0,58500.0,1093
m15-kis/445680/2026.csv:202610021315,58400.0,58700.0,58400.0,58600.0,820
m15-kis/445680/2026.csv:202610021330,58600.0,58700.0,58500.0,58600.0,1006
m15-kis/445680/2026.csv:202610021345,58600.0,59000.0,58600.0,58800.0,782
m15-kis/445680/2026.csv:202610021400,58800.0,59000.0,58600.0,58900.0,1057
m15-kis/445680/2026.csv:202610021415,58800.0,58900.0,58400.0,58400.0,1973
m15-kis/445680/2026.csv:202610021430,58500.0,58800.0,58300.0,58500.0,1043
m15-kis/445680/2026.csv:202610021445,58500.0,58500.0,58200.0,58400.0,1681
m15-kis/445680/2026.csv:202610021500,58500.0,58600.0,58300.0,58400.0,1206
m15-kis/445680/2026.csv:202610021515,58400.0,58600.0,58100.0,58200.0,3048
m15-kis/450080/2026.csv:202610020900,36650.0,38100.0,36650.0,38000.0,82751
m15-kis/450080/2026.csv:202610020915,38050.0,38400.0,37350.0,38250.0,61014
m15-kis/450080/2026.csv:202610020930,38250.0,38850.0,38200.0,38600.0,50028
m15-kis/450080/2026.csv:202610020945,38650.0,39100.0,38400.0,38900.0,43260
m15-kis/450080/2026.csv:202610021000,38900.0,39000.0,38250.0,38300.0,24068
m15-kis/450080/2026.csv:202610021015,38300.0,38450.0,37700.0,37800.0,26992
m15-kis/450080/2026.csv:202610021030,37800.0,37850.0,37400.0,37400.0,16067
m15-kis/450080/2026.csv:202610021045,37450.0,37650.0,37400.0,37600.0,18195
m15-kis/450080/2026.csv:202610021100,37600.0,37850.0,37500.0,37650.0,12580
m15-kis/450080/2026.csv:202610021115,37700.0,37750.0,37650.0,37700.0,6048
m15-kis/450080/2026.csv:202610021130,37700.0,37700.0,37450.0,37550.0,11679
m15-kis/450080/2026.csv:202610021145,37550.0,37600.0,37425.0,37500.0,7209
m15-kis/450080/2026.csv:202610021200,37500.0,37550.0,37350.0,37400.0,6018
m15-kis/450080/2026.csv:202610021215,37400.0,37400.0,37200.0,37350.0,8888
m15-kis/450080/2026.csv:202610021230,37350.0,37400.0,37250.0,37250.0,6679
m15-kis/450080/2026.csv:202610021245,37250.0,37400.0,37150.0,37400.0,6582
m15-kis/450080/2026.csv:202610021300,37400.0,37450.0,37225.0,37350.0,6927
m15-kis/450080/2026.csv:202610021315,37350.0,37600.0,37350.0,37600.0,5725
m15-kis/450080/2026.csv:202610021330,37600.0,37750.0,37550.0,37600.0,8501
m15-kis/450080/2026.csv:202610021345,37600.0,37750.0,37600.0,37750.0,7085
m15-kis/450080/2026.csv:202610021400,37750.0,37900.0,37700.0,37850.0,9409
m15-kis/450080/2026.csv:202610021415,37850.0,37950.0,37800.0,37800.0,9190
m15-kis/450080/2026.csv:202610021430,37800.0,37950.0,37700.0,37900.0,11498
m15-kis/450080/2026.csv:202610021445,37900.0,38100.0,37850.0,38050.0,20781
m15-kis/450080/2026.csv:202610021500,38100.0,38150.0,37950.0,38000.0,14836
m15-kis/450080/2026.csv:202610021515,38000.0,38000.0,37900.0,38000.0,18095
m15-kis/451800/2026.csv:202610020900,5240.0,5320.0,5240.0,5300.0,26
m15-kis/451800/2026.csv:202610020915,5310.0,5640.0,5300.0,5310.0,15387
m15-kis/451800/2026.csv:202610020930,5310.0,5330.0,5300.0,5330.0,3960
m15-kis/451800/2026.csv:202610020945,5320.0,5330.0,5300.0,5300.0,1456
m15-kis/451800/2026.csv:202610021000,5300.0,5350.0,5300.0,5300.0,4815
m15-kis/451800/2026.csv:202610021015,5300.0,5300.0,5300.0,5300.0,469
m15-kis/451800/2026.csv:202610021030,5300.0,5330.0,5300.0,5300.0,2122
m15-kis/451800/2026.csv:202610021045,5300.0,5330.0,5300.0,5330.0,1444
m15-kis/451800/2026.csv:202610021100,5330.0,5340.0,5320.0,5330.0,793
m15-kis/451800/2026.csv:202610021115,5330.0,5340.0,5320.0,5320.0,1025
m15-kis/451800/2026.csv:202610021130,5330.0,5340.0,5320.0,5340.0,1349
m15-kis/451800/2026.csv:202610021145,5330.0,5340.0,5320.0,5320.0,845
m15-kis/451800/2026.csv:202610021200,5330.0,5340.0,5320.0,5340.0,1144
m15-kis/451800/2026.csv:202610021215,5330.0,5340.0,5330.0,5340.0,345
m15-kis/451800/2026.csv:202610021230,5330.0,5340.0,5330.0,5330.0,962
m15-kis/451800/2026.csv:202610021245,5330.0,5350.0,5330.0,5340.0,2347
m15-kis/451800/2026.csv:202610021300,5330.0,5340.0,5320.0,5330.0,1097
m15-kis/451800/2026.csv:202610021315,5340.0,5350.0,5330.0,5340.0,932
m15-kis/451800/2026.csv:202610021330,5340.0,5350.0,5330.0,5350.0,1831
m15-kis/451800/2026.csv:202610021345,5340.0,5350.0,5340.0,5350.0,797
m15-kis/451800/2026.csv:202610021400,5340.0,5360.0,5320.0,5330.0,5188
m15-kis/451800/2026.csv:202610021415,5330.0,5350.0,5330.0,5340.0,2061
m15-kis/451800/2026.csv:202610021430,5340.0,5360.0,5340.0,5350.0,2597
m15-kis/451800/2026.csv:202610021445,5340.0,5350.0,5340.0,5340.0,1176
m15-kis/451800/2026.csv:202610021500,5350.0,5360.0,5315.0,5315.0,3021
m15-kis/451800/2026.csv:202610021515,5315.0,5370.0,5295.0,5370.0,14467
m15-kis/454910/2026.csv:202610020900,71300.0,72700.0,70900.0,72000.0,41051
m15-kis/454910/2026.csv:202610020915,71900.0,72500.0,71500.0,72500.0,21419
m15-kis/454910/2026.csv:202610020930,72500.0,73400.0,72400.0,73000.0,42029
m15-kis/454910/2026.csv:202610020945,72900.0,73300.0,72600.0,73000.0,21439
m15-kis/454910/2026.csv:202610021000,73000.0,73100.0,72600.0,72900.0,13053
m15-kis/454910/2026.csv:202610021015,72900.0,73400.0,72800.0,73200.0,21907
m15-kis/454910/2026.csv:202610021030,73200.0,73300.0,72300.0,72500.0,20085
m15-kis/454910/2026.csv:202610021045,72500.0,73200.0,72400.0,73100.0,11005
m15-kis/454910/2026.csv:202610021100,73200.0,73300.0,73000.0,73100.0,14076
m15-kis/454910/2026.csv:202610021115,73200.0,73300.0,72800.0,72900.0,14012
m15-kis/454910/2026.csv:202610021130,72900.0,73000.0,72800.0,72900.0,5676
m15-kis/454910/2026.csv:202610021145,72800.0,73000.0,72700.0,72900.0,4953
m15-kis/454910/2026.csv:202610021200,72800.0,73000.0,72600.0,72700.0,4589
m15-kis/454910/2026.csv:202610021215,72700.0,72700.0,72400.0,72700.0,5094
m15-kis/454910/2026.csv:202610021230,72700.0,72700.0,72300.0,72350.0,3155
m15-kis/454910/2026.csv:202610021245,72300.0,72400.0,72000.0,72100.0,6588
m15-kis/454910/2026.csv:202610021300,72100.0,72200.0,71900.0,72000.0,8240
m15-kis/454910/2026.csv:202610021315,72000.0,72350.0,71900.0,72350.0,3713
m15-kis/454910/2026.csv:202610021330,72400.0,72500.0,72300.0,72300.0,3865
m15-kis/454910/2026.csv:202610021345,72300.0,72800.0,72200.0,72700.0,7517
m15-kis/454910/2026.csv:202610021400,72700.0,72700.0,72500.0,72600.0,3928
m15-kis/454910/2026.csv:202610021415,72600.0,73100.0,72600.0,72900.0,14109
m15-kis/454910/2026.csv:202610021430,72900.0,72900.0,72700.0,72800.0,7824
m15-kis/454910/2026.csv:202610021445,72800.0,73000.0,72800.0,72900.0,12943
m15-kis/454910/2026.csv:202610021500,72900.0,73100.0,72850.0,73100.0,12716
m15-kis/454910/2026.csv:202610021515,73100.0,73100.0,73000.0,73100.0,9008
m15-kis/456040/2026.csv:202610020900,73000.0,74000.0,73000.0,74000.0,2313
m15-kis/456040/2026.csv:202610020915,74000.0,74600.0,73500.0,73700.0,3797
m15-kis/456040/2026.csv:202610020930,74000.0,74400.0,74000.0,74100.0,1675
m15-kis/456040/2026.csv:202610020945,74200.0,74200.0,73600.0,73800.0,1818
m15-kis/456040/2026.csv:202610021000,73700.0,73800.0,73300.0,73500.0,3373
m15-kis/456040/2026.csv:202610021015,73400.0,73600.0,72800.0,72900.0,2406
m15-kis/456040/2026.csv:202610021030,72800.0,72900.0,72700.0,72800.0,1511
m15-kis/456040/2026.csv:202610021045,72800.0,73200.0,72700.0,73100.0,847
m15-kis/456040/2026.csv:202610021100,73200.0,73400.0,73000.0,73100.0,736
m15-kis/456040/2026.csv:202610021115,73200.0,73600.0,73200.0,73200.0,769
m15-kis/456040/2026.csv:202610021130,73200.0,73300.0,73100.0,73100.0,535
m15-kis/456040/2026.csv:202610021145,73100.0,73300.0,72900.0,73000.0,666
m15-kis/456040/2026.csv:202610021200,73000.0,73100.0,73000.0,73000.0,713
m15-kis/456040/2026.csv:202610021215,73000.0,73100.0,72900.0,73000.0,980
m15-kis/456040/2026.csv:202610021230,73000.0,73000.0,72800.0,72800.0,622
m15-kis/456040/2026.csv:202610021245,72800.0,73100.0,72800.0,73100.0,920
m15-kis/456040/2026.csv:202610021300,73000.0,73300.0,72900.0,73000.0,670
m15-kis/456040/2026.csv:202610021315,73000.0,73600.0,72900.0,73400.0,1277
m15-kis/456040/2026.csv:202610021330,73400.0,73900.0,73400.0,73600.0,1694
m15-kis/456040/2026.csv:202610021345,73600.0,73700.0,73500.0,73600.0,900
m15-kis/456040/2026.csv:202610021400,73700.0,74100.0,73700.0,74000.0,1775
m15-kis/456040/2026.csv:202610021415,74000.0,74100.0,73800.0,73800.0,202
m15-kis/456040/2026.csv:202610021430,73900.0,74000.0,73500.0,73900.0,1045
m15-kis/456040/2026.csv:202610021445,73900.0,74200.0,73900.0,74100.0,806
m15-kis/456040/2026.csv:202610021500,74000.0,74100.0,73700.0,73900.0,605
m15-kis/456040/2026.csv:202610021515,73900.0,74000.0,73700.0,74000.0,1164
m15-kis/456160/2026.csv:202610020900,42950.0,44250.0,42850.0,43600.0,42906
m15-kis/456160/2026.csv:202610020915,43650.0,43650.0,42900.0,43450.0,14141
m15-kis/456160/2026.csv:202610020930,43450.0,43900.0,43150.0,43500.0,13815
m15-kis/456160/2026.csv:202610020945,43500.0,43650.0,43350.0,43400.0,10825
m15-kis/456160/2026.csv:202610021000,43400.0,44000.0,43150.0,43950.0,12492
m15-kis/456160/2026.csv:202610021015,44000.0,44100.0,43600.0,43750.0,11349
m15-kis/456160/2026.csv:202610021030,43750.0,43800.0,43050.0,43300.0,11373
m15-kis/456160/2026.csv:202610021045,43300.0,43900.0,43300.0,43850.0,7603
m15-kis/456160/2026.csv:202610021100,43850.0,43900.0,43650.0,43800.0,8583
m15-kis/456160/2026.csv:202610021115,43850.0,43850.0,43500.0,43500.0,7773
m15-kis/456160/2026.csv:202610021130,43500.0,43700.0,43450.0,43450.0,4830
m15-kis/456160/2026.csv:202610021145,43500.0,43500.0,43350.0,43500.0,4404
m15-kis/456160/2026.csv:202610021200,43500.0,43500.0,43350.0,43400.0,4615
m15-kis/456160/2026.csv:202610021215,43350.0,43500.0,43300.0,43350.0,3545
m15-kis/456160/2026.csv:202610021230,43450.0,43500.0,43300.0,43500.0,4022
m15-kis/456160/2026.csv:202610021245,43450.0,43500.0,43200.0,43300.0,5060
m15-kis/456160/2026.csv:202610021300,43300.0,43800.0,43250.0,43750.0,8347
m15-kis/456160/2026.csv:202610021315,43750.0,43950.0,43650.0,43900.0,11917
m15-kis/456160/2026.csv:202610021330,43900.0,43900.0,43650.0,43850.0,6400
m15-kis/456160/2026.csv:202610021345,43800.0,44050.0,43500.0,44000.0,13776
m15-kis/456160/2026.csv:202610021400,44000.0,44150.0,43900.0,43950.0,10881
m15-kis/456160/2026.csv:202610021415,43900.0,44050.0,43750.0,43750.0,4741
m15-kis/456160/2026.csv:202610021430,43800.0,43900.0,43500.0,43600.0,8660
m15-kis/456160/2026.csv:202610021445,43500.0,43850.0,43350.0,43850.0,12784
m15-kis/456160/2026.csv:202610021500,43850.0,43900.0,43650.0,43650.0,10768
m15-kis/456160/2026.csv:202610021515,43650.0,43700.0,43550.0,43600.0,3965
m15-kis/457190/2026.csv:202610020900,79200.0,80100.0,77400.0,79900.0,66981
m15-kis/457190/2026.csv:202610020915,79900.0,80300.0,78900.0,80300.0,26874
m15-kis/457190/2026.csv:202610020930,80200.0,81000.0,79900.0,80500.0,26456
m15-kis/457190/2026.csv:202610020945,80600.0,81700.0,80300.0,81400.0,30682
m15-kis/457190/2026.csv:202610021000,81300.0,81300.0,80000.0,80700.0,17330
m15-kis/457190/2026.csv:202610021015,80600.0,81000.0,79600.0,80000.0,13389
m15-kis/457190/2026.csv:202610021030,80000.0,80100.0,79500.0,79800.0,9344
m15-kis/457190/2026.csv:202610021045,79800.0,80400.0,79600.0,80400.0,7436
m15-kis/457190/2026.csv:202610021100,80400.0,80500.0,80100.0,80300.0,5802
m15-kis/457190/2026.csv:202610021115,80300.0,80400.0,80100.0,80300.0,3808
m15-kis/457190/2026.csv:202610021130,80400.0,80500.0,79900.0,80000.0,16231
m15-kis/457190/2026.csv:202610021145,79950.0,80300.0,79900.0,80100.0,3790
m15-kis/457190/2026.csv:202610021200,80100.0,80200.0,79700.0,79800.0,3985
m15-kis/457190/2026.csv:202610021215,79800.0,79800.0,79600.0,79700.0,3805
m15-kis/457190/2026.csv:202610021230,79750.0,80500.0,79600.0,79800.0,9245
m15-kis/457190/2026.csv:202610021245,79800.0,80700.0,79700.0,80600.0,8781
m15-kis/457190/2026.csv:202610021300,80600.0,80700.0,80000.0,80500.0,7150
m15-kis/457190/2026.csv:202610021315,80500.0,80600.0,80300.0,80400.0,4104
m15-kis/457190/2026.csv:202610021330,80400.0,80500.0,80000.0,80200.0,6139
m15-kis/457190/2026.csv:202610021345,80200.0,80400.0,80000.0,80200.0,3855
m15-kis/457190/2026.csv:202610021400,80200.0,80300.0,80000.0,80000.0,2004
m15-kis/457190/2026.csv:202610021415,80000.0,80200.0,79900.0,80100.0,2919
m15-kis/457190/2026.csv:202610021430,80050.0,80100.0,79800.0,80000.0,4428
m15-kis/457190/2026.csv:202610021445,80200.0,80900.0,80100.0,80800.0,11808
m15-kis/457190/2026.csv:202610021500,80800.0,81200.0,80800.0,80900.0,14519
m15-kis/457190/2026.csv:202610021515,81000.0,81200.0,80900.0,81100.0,15936
m15-kis/458870/2026.csv:202610020900,27800.0,27900.0,26850.0,26950.0,31735
m15-kis/458870/2026.csv:202610020915,26950.0,27750.0,26500.0,26900.0,18044
m15-kis/458870/2026.csv:202610020930,26850.0,27000.0,26600.0,26700.0,10309
m15-kis/458870/2026.csv:202610020945,26700.0,27250.0,26650.0,27050.0,8922
m15-kis/458870/2026.csv:202610021000,27000.0,27350.0,26950.0,27200.0,17361
m15-kis/458870/2026.csv:202610021015,27200.0,27300.0,26900.0,27000.0,7015
m15-kis/458870/2026.csv:202610021030,27000.0,27050.0,26700.0,26850.0,6939
m15-kis/458870/2026.csv:202610021045,26850.0,26900.0,26700.0,26800.0,4281
m15-kis/458870/2026.csv:202610021100,26850.0,27300.0,26800.0,26950.0,9808
m15-kis/458870/2026.csv:202610021115,26950.0,27150.0,26900.0,26950.0,6549
m15-kis/458870/2026.csv:202610021130,26950.0,27100.0,26900.0,27000.0,7009
m15-kis/458870/2026.csv:202610021145,26950.0,27050.0,26900.0,27050.0,3318
m15-kis/458870/2026.csv:202610021200,26950.0,27100.0,26900.0,27050.0,3231
m15-kis/458870/2026.csv:202610021215,27000.0,27050.0,26900.0,27050.0,3404
m15-kis/458870/2026.csv:202610021230,27000.0,27100.0,26900.0,26900.0,5142
m15-kis/458870/2026.csv:202610021245,27050.0,27100.0,26850.0,26950.0,5809
m15-kis/458870/2026.csv:202610021300,27000.0,27100.0,26900.0,27050.0,7029
m15-kis/458870/2026.csv:202610021315,27050.0,27100.0,26900.0,27000.0,6262
m15-kis/458870/2026.csv:202610021330,27000.0,27100.0,26900.0,27050.0,6622
m15-kis/458870/2026.csv:202610021345,26900.0,27350.0,26900.0,27100.0,9354
m15-kis/458870/2026.csv:202610021400,27100.0,27200.0,26950.0,27000.0,6450
m15-kis/458870/2026.csv:202610021415,27000.0,27150.0,26950.0,27050.0,5149
m15-kis/458870/2026.csv:202610021430,27050.0,27100.0,26900.0,26950.0,5358
m15-kis/458870/2026.csv:202610021445,26950.0,27050.0,26800.0,26950.0,7769
m15-kis/458870/2026.csv:202610021500,26950.0,27100.0,26900.0,26950.0,5901
m15-kis/458870/2026.csv:202610021515,26950.0,27100.0,26850.0,27000.0,2350
m15-kis/460860/2026.csv:202610020900,9650.0,9820.0,9540.0,9780.0,72526
m15-kis/460860/2026.csv:202610020915,9770.0,9860.0,9720.0,9810.0,38458
m15-kis/460860/2026.csv:202610020930,9800.0,9860.0,9780.0,9830.0,20871
m15-kis/460860/2026.csv:202610020945,9830.0,9880.0,9810.0,9860.0,17588
m15-kis/460860/2026.csv:202610021000,9870.0,9910.0,9850.0,9890.0,18721
m15-kis/460860/2026.csv:202610021015,9880.0,9880.0,9810.0,9810.0,10653
m15-kis/460860/2026.csv:202610021030,9810.0,9990.0,9800.0,9940.0,39185
m15-kis/460860/2026.csv:202610021045,9940.0,9970.0,9920.0,9930.0,15026
m15-kis/460860/2026.csv:202610021100,9930.0,9940.0,9860.0,9930.0,13079
m15-kis/460860/2026.csv:202610021115,9940.0,9950.0,9910.0,9930.0,6772
m15-kis/460860/2026.csv:202610021130,9930.0,9930.0,9820.0,9880.0,9142
m15-kis/460860/2026.csv:202610021145,9870.0,9880.0,9860.0,9870.0,5648
m15-kis/460860/2026.csv:202610021200,9870.0,9870.0,9840.0,9840.0,4960
m15-kis/460860/2026.csv:202610021215,9850.0,9850.0,9810.0,9830.0,6762
m15-kis/460860/2026.csv:202610021230,9830.0,9870.0,9820.0,9860.0,4218
m15-kis/460860/2026.csv:202610021245,9860.0,9890.0,9820.0,9870.0,4176
m15-kis/460860/2026.csv:202610021300,9870.0,9870.0,9810.0,9830.0,5919
m15-kis/460860/2026.csv:202610021315,9830.0,9880.0,9830.0,9880.0,8520
m15-kis/460860/2026.csv:202610021330,9870.0,9910.0,9870.0,9870.0,4546
m15-kis/460860/2026.csv:202610021345,9890.0,9900.0,9880.0,9880.0,5871
m15-kis/460860/2026.csv:202610021400,9890.0,9910.0,9890.0,9910.0,5108
m15-kis/460860/2026.csv:202610021415,9910.0,9920.0,9890.0,9910.0,6779
m15-kis/460860/2026.csv:202610021430,9910.0,9960.0,9900.0,9960.0,14307
m15-kis/460860/2026.csv:202610021445,9960.0,9970.0,9930.0,9950.0,11259
m15-kis/460860/2026.csv:202610021500,9950.0,9950.0,9880.0,9890.0,15105
m15-kis/460860/2026.csv:202610021515,9890.0,9900.0,9880.0,9880.0,8874
m15-kis/460930/2026.csv:202610020900,13070.0,13130.0,13050.0,13080.0,2086
m15-kis/460930/2026.csv:202610020915,13090.0,13090.0,13000.0,13060.0,2978
m15-kis/460930/2026.csv:202610020930,13060.0,13170.0,13060.0,13160.0,4975
m15-kis/460930/2026.csv:202610020945,13155.0,13180.0,13130.0,13140.0,5251
m15-kis/460930/2026.csv:202610021000,13150.0,13150.0,13110.0,13140.0,1297
m15-kis/460930/2026.csv:202610021015,13130.0,13130.0,13040.0,13110.0,2775
m15-kis/460930/2026.csv:202610021030,13120.0,13120.0,13030.0,13050.0,2035
m15-kis/460930/2026.csv:202610021045,13050.0,13100.0,13050.0,13100.0,1220
m15-kis/460930/2026.csv:202610021100,13100.0,13130.0,13100.0,13130.0,982
m15-kis/460930/2026.csv:202610021115,13120.0,13150.0,13090.0,13110.0,2056
m15-kis/460930/2026.csv:202610021130,13100.0,13120.0,13100.0,13110.0,824
m15-kis/460930/2026.csv:202610021145,13120.0,13130.0,13050.0,13110.0,2877
m15-kis/460930/2026.csv:202610021200,13110.0,13110.0,13080.0,13080.0,681
m15-kis/460930/2026.csv:202610021215,13080.0,13120.0,13050.0,13100.0,1398
m15-kis/460930/2026.csv:202610021230,13060.0,13090.0,13030.0,13030.0,942
m15-kis/460930/2026.csv:202610021245,13030.0,13040.0,13010.0,13030.0,1871
m15-kis/460930/2026.csv:202610021300,13020.0,13040.0,13010.0,13040.0,374
m15-kis/460930/2026.csv:202610021315,13020.0,13060.0,13010.0,13060.0,900
m15-kis/460930/2026.csv:202610021330,13030.0,13120.0,13030.0,13100.0,307
m15-kis/460930/2026.csv:202610021345,13090.0,13110.0,13070.0,13070.0,1421
m15-kis/460930/2026.csv:202610021400,13070.0,13130.0,13070.0,13110.0,287
m15-kis/460930/2026.csv:202610021415,13110.0,13130.0,13050.0,13100.0,1299
m15-kis/460930/2026.csv:202610021430,13080.0,13110.0,13040.0,13100.0,5268
m15-kis/460930/2026.csv:202610021445,13110.0,13110.0,13080.0,13090.0,2020
m15-kis/460930/2026.csv:202610021500,13090.0,13110.0,13080.0,13090.0,800
m15-kis/460930/2026.csv:202610021515,13090.0,13110.0,13090.0,13110.0,1108
m15-kis/462870/2026.csv:202610020900,31000.0,31100.0,30850.0,30950.0,521
m15-kis/462870/2026.csv:202610020915,31000.0,31050.0,30800.0,30850.0,517
m15-kis/462870/2026.csv:202610020930,30950.0,31200.0,30800.0,30950.0,1426
m15-kis/462870/2026.csv:202610020945,30950.0,31000.0,30900.0,30900.0,231
m15-kis/462870/2026.csv:202610021000,30950.0,30950.0,30900.0,30950.0,371
m15-kis/462870/2026.csv:202610021015,30900.0,30950.0,30650.0,30700.0,1393
m15-kis/462870/2026.csv:202610021030,30700.0,30850.0,30650.0,30700.0,683
m15-kis/462870/2026.csv:202610021045,30700.0,30800.0,30650.0,30700.0,492
m15-kis/462870/2026.csv:202610021100,30750.0,31150.0,30700.0,31150.0,1188
m15-kis/462870/2026.csv:202610021115,31150.0,31250.0,31050.0,31200.0,1073
m15-kis/462870/2026.csv:202610021130,31200.0,31300.0,31050.0,31300.0,841
m15-kis/462870/2026.csv:202610021145,31300.0,31300.0,31150.0,31250.0,783
m15-kis/462870/2026.csv:202610021200,31250.0,31300.0,31150.0,31300.0,916
m15-kis/462870/2026.csv:202610021215,31300.0,31300.0,31150.0,31300.0,803
m15-kis/462870/2026.csv:202610021230,31300.0,31300.0,31100.0,31250.0,971
m15-kis/462870/2026.csv:202610021245,31150.0,31250.0,31050.0,31150.0,769
m15-kis/462870/2026.csv:202610021300,31150.0,31250.0,31050.0,31150.0,1063
m15-kis/462870/2026.csv:202610021315,31150.0,31300.0,31000.0,31150.0,977
m15-kis/462870/2026.csv:202610021330,31100.0,31300.0,31050.0,31100.0,879
m15-kis/462870/2026.csv:202610021345,31100.0,31250.0,31000.0,31200.0,1280
m15-kis/462870/2026.csv:202610021400,31150.0,31250.0,30900.0,31000.0,1619
m15-kis/462870/2026.csv:202610021415,31050.0,31200.0,30950.0,31200.0,978
m15-kis/462870/2026.csv:202610021430,31100.0,31200.0,30900.0,31150.0,1446
m15-kis/462870/2026.csv:202610021445,31050.0,31200.0,30900.0,31100.0,1394
m15-kis/462870/2026.csv:202610021500,31200.0,31200.0,31050.0,31100.0,460
m15-kis/462870/2026.csv:202610021515,31100.0,31100.0,31000.0,31000.0,761
m15-kis/466100/2026.csv:202610020900,23050.0,23750.0,23050.0,23600.0,42718
m15-kis/466100/2026.csv:202610020915,23600.0,23700.0,23400.0,23550.0,8889
m15-kis/466100/2026.csv:202610020930,23550.0,23700.0,23550.0,23550.0,16013
m15-kis/466100/2026.csv:202610020945,23550.0,23750.0,23550.0,23700.0,11159
m15-kis/466100/2026.csv:202610021000,23700.0,23700.0,23550.0,23650.0,7527
m15-kis/466100/2026.csv:202610021015,23650.0,23950.0,23600.0,23900.0,19215
m15-kis/466100/2026.csv:202610021030,23900.0,23900.0,23550.0,23550.0,12619
m15-kis/466100/2026.csv:202610021045,23550.0,23800.0,23500.0,23800.0,6991
m15-kis/466100/2026.csv:202610021100,23750.0,23800.0,23650.0,23700.0,3739
m15-kis/466100/2026.csv:202610021115,23700.0,23700.0,23600.0,23600.0,2476
m15-kis/466100/2026.csv:202610021130,23600.0,23700.0,23550.0,23650.0,2844
m15-kis/466100/2026.csv:202610021145,23650.0,23800.0,23650.0,23800.0,2330
m15-kis/466100/2026.csv:202610021200,23750.0,23800.0,23650.0,23700.0,3886
m15-kis/466100/2026.csv:202610021215,23700.0,23700.0,23550.0,23600.0,4514
m15-kis/466100/2026.csv:202610021230,23650.0,23650.0,23550.0,23600.0,2367
m15-kis/466100/2026.csv:202610021245,23550.0,23600.0,23450.0,23550.0,5929
m15-kis/466100/2026.csv:202610021300,23550.0,23600.0,23450.0,23500.0,4825
m15-kis/466100/2026.csv:202610021315,23500.0,23650.0,23450.0,23650.0,3414
m15-kis/466100/2026.csv:202610021330,23650.0,23700.0,23600.0,23650.0,2059
m15-kis/466100/2026.csv:202610021345,23650.0,23700.0,23600.0,23700.0,1705
m15-kis/466100/2026.csv:202610021400,23700.0,23750.0,23650.0,23750.0,4623
m15-kis/466100/2026.csv:202610021415,23700.0,23850.0,23700.0,23750.0,7589
m15-kis/466100/2026.csv:202610021430,23700.0,23750.0,23650.0,23750.0,5385
m15-kis/466100/2026.csv:202610021445,23750.0,23800.0,23700.0,23800.0,8273
m15-kis/466100/2026.csv:202610021500,23750.0,23800.0,23650.0,23750.0,5304
m15-kis/466100/2026.csv:202610021515,23750.0,23800.0,23700.0,23750.0,18742
m15-kis/475150/2026.csv:202610020900,49200.0,50200.0,49150.0,50000.0,83672
m15-kis/475150/2026.csv:202610020915,50000.0,50300.0,49750.0,49900.0,72821
m15-kis/475150/2026.csv:202610020930,49900.0,50200.0,49800.0,50100.0,41938
m15-kis/475150/2026.csv:202610020945,50100.0,50200.0,49850.0,49950.0,30715
m15-kis/475150/2026.csv:202610021000,49950.0,49950.0,49650.0,49800.0,25735
m15-kis/475150/2026.csv:202610021015,49800.0,49850.0,49525.0,49600.0,26438
m15-kis/475150/2026.csv:202610021030,49600.0,49650.0,49450.0,49650.0,20535
m15-kis/475150/2026.csv:202610021045,49600.0,49800.0,49550.0,49750.0,8377
m15-kis/475150/2026.csv:202610021100,49750.0,50000.0,49750.0,49800.0,17337
m15-kis/475150/2026.csv:202610021115,49800.0,49850.0,49750.0,49750.0,6086
m15-kis/475150/2026.csv:202610021130,49775.0,49800.0,49700.0,49700.0,5911
m15-kis/475150/2026.csv:202610021145,49700.0,49750.0,49650.0,49650.0,7005
m15-kis/475150/2026.csv:202610021200,49650.0,49700.0,49650.0,49700.0,3859
m15-kis/475150/2026.csv:202610021215,49700.0,49700.0,49500.0,49500.0,14365
m15-kis/475150/2026.csv:202610021230,49500.0,49550.0,49400.0,49500.0,9874
m15-kis/475150/2026.csv:202610021245,49500.0,49500.0,49300.0,49400.0,13068
m15-kis/475150/2026.csv:202610021300,49400.0,49550.0,49400.0,49500.0,6808
m15-kis/475150/2026.csv:202610021315,49500.0,49500.0,49400.0,49450.0,5487
m15-kis/475150/2026.csv:202610021330,49450.0,49600.0,49450.0,49600.0,7535
m15-kis/475150/2026.csv:202610021345,49600.0,49650.0,49550.0,49550.0,6660
m15-kis/475150/2026.csv:202610021400,49550.0,49600.0,49450.0,49500.0,16508
m15-kis/475150/2026.csv:202610021415,49500.0,49600.0,49450.0,49500.0,7950
m15-kis/475150/2026.csv:202610021430,49450.0,49500.0,49200.0,49450.0,31306
m15-kis/475150/2026.csv:202610021445,49425.0,49550.0,49350.0,49400.0,20947
m15-kis/475150/2026.csv:202610021500,49400.0,49500.0,49350.0,49500.0,19105
m15-kis/475150/2026.csv:202610021515,49500.0,49700.0,49450.0,49700.0,12106
m15-kis/475830/2026.csv:202610020900,23150.0,23550.0,22850.0,23000.0,18341
m15-kis/475830/2026.csv:202610020915,22950.0,23000.0,22250.0,22300.0,29531
m15-kis/475830/2026.csv:202610020930,22350.0,22350.0,22000.0,22200.0,39184
m15-kis/475830/2026.csv:202610020945,22250.0,22350.0,22100.0,22200.0,18219
m15-kis/475830/2026.csv:202610021000,22150.0,22250.0,21950.0,22250.0,18848
m15-kis/475830/2026.csv:202610021015,22300.0,22350.0,21850.0,21900.0,20729
m15-kis/475830/2026.csv:202610021030,21900.0,21900.0,21450.0,21450.0,46574
m15-kis/475830/2026.csv:202610021045,21500.0,21700.0,21400.0,21500.0,17285
m15-kis/475830/2026.csv:202610021100,21550.0,21550.0,21300.0,21400.0,24875
m15-kis/475830/2026.csv:202610021115,21400.0,21550.0,21350.0,21500.0,9587
m15-kis/475830/2026.csv:202610021130,21500.0,21500.0,21350.0,21400.0,12742
m15-kis/475830/2026.csv:202610021145,21400.0,21700.0,21350.0,21550.0,10727
m15-kis/475830/2026.csv:202610021200,21550.0,21550.0,21250.0,21350.0,16494
m15-kis/475830/2026.csv:202610021215,21350.0,21450.0,21300.0,21350.0,11197
m15-kis/475830/2026.csv:202610021230,21350.0,21400.0,21200.0,21300.0,13648
m15-kis/475830/2026.csv:202610021245,21300.0,21350.0,21200.0,21300.0,10162
m15-kis/475830/2026.csv:202610021300,21300.0,21300.0,21100.0,21150.0,18232
m15-kis/475830/2026.csv:202610021315,21200.0,21250.0,21050.0,21150.0,15337
m15-kis/475830/2026.csv:202610021330,21150.0,21250.0,21100.0,21150.0,11911
m15-kis/475830/2026.csv:202610021345,21200.0,21250.0,21100.0,21150.0,11124
m15-kis/475830/2026.csv:202610021400,21150.0,21250.0,21150.0,21200.0,8304
m15-kis/475830/2026.csv:202610021415,21200.0,21250.0,21100.0,21150.0,15212
m15-kis/475830/2026.csv:202610021430,21150.0,21200.0,21000.0,21000.0,59977
m15-kis/475830/2026.csv:202610021445,20950.0,21150.0,20950.0,21050.0,23570
m15-kis/475830/2026.csv:202610021500,21050.0,21150.0,20950.0,21150.0,13296
m15-kis/475830/2026.csv:202610021515,21150.0,21200.0,21100.0,21150.0,7569
m15-kis/476060/2026.csv:202610020900,16050.0,16160.0,15830.0,15870.0,27049
m15-kis/476060/2026.csv:202610020915,15880.0,15920.0,15800.0,15840.0,9648
m15-kis/476060/2026.csv:202610020930,15840.0,15850.0,15670.0,15810.0,18632
m15-kis/476060/2026.csv:202610020945,15820.0,15920.0,15750.0,15820.0,8914
m15-kis/476060/2026.csv:202610021000,15820.0,15820.0,15740.0,15760.0,4385
m15-kis/476060/2026.csv:202610021015,15770.0,15820.0,15760.0,15790.0,2820
m15-kis/476060/2026.csv:202610021030,15780.0,15780.0,15610.0,15690.0,15704
m15-kis/476060/2026.csv:202610021045,15690.0,15700.0,15620.0,15680.0,7267
m15-kis/476060/2026.csv:202610021100,15680.0,15800.0,15660.0,15680.0,2433
m15-kis/476060/2026.csv:202610021115,15680.0,15740.0,15680.0,15690.0,4147
m15-kis/476060/2026.csv:202610021130,15690.0,15730.0,15670.0,15720.0,2169
m15-kis/476060/2026.csv:202610021145,15720.0,15740.0,15700.0,15740.0,1674
m15-kis/476060/2026.csv:202610021200,15740.0,15780.0,15700.0,15710.0,3544
m15-kis/476060/2026.csv:202610021215,15710.0,15710.0,15690.0,15700.0,1837
m15-kis/476060/2026.csv:202610021230,15695.0,15710.0,15670.0,15690.0,2548
m15-kis/476060/2026.csv:202610021245,15690.0,15700.0,15600.0,15650.0,9455
m15-kis/476060/2026.csv:202610021300,15650.0,15650.0,15580.0,15600.0,7595
m15-kis/476060/2026.csv:202610021315,15600.0,15630.0,15590.0,15610.0,2778
m15-kis/476060/2026.csv:202610021330,15620.0,15690.0,15620.0,15670.0,908
m15-kis/476060/2026.csv:202610021345,15670.0,15690.0,15660.0,15670.0,585
m15-kis/476060/2026.csv:202610021400,15670.0,15700.0,15650.0,15680.0,1036
m15-kis/476060/2026.csv:202610021415,15690.0,15710.0,15640.0,15660.0,4272
m15-kis/476060/2026.csv:202610021430,15640.0,15670.0,15540.0,15605.0,12354
m15-kis/476060/2026.csv:202610021445,15600.0,15630.0,15570.0,15630.0,1512
m15-kis/476060/2026.csv:202610021500,15660.0,15700.0,15630.0,15660.0,4760
m15-kis/476060/2026.csv:202610021515,15660.0,15710.0,15660.0,15710.0,3678
m15-kis/476830/2026.csv:202610020900,29850.0,30800.0,29050.0,29250.0,62949
m15-kis/476830/2026.csv:202610020915,29200.0,29300.0,28300.0,28550.0,68261
m15-kis/476830/2026.csv:202610020930,28500.0,28900.0,28350.0,28700.0,19138
m15-kis/476830/2026.csv:202610020945,28700.0,28850.0,28500.0,28650.0,13078
m15-kis/476830/2026.csv:202610021000,28600.0,28650.0,28200.0,28650.0,14943
m15-kis/476830/2026.csv:202610021015,28650.0,28750.0,28250.0,28250.0,7415
m15-kis/476830/2026.csv:202610021030,28275.0,28300.0,27750.0,27850.0,26837
m15-kis/476830/2026.csv:202610021045,27850.0,27900.0,27700.0,27850.0,9463
m15-kis/476830/2026.csv:202610021100,27800.0,28000.0,27650.0,27700.0,12776
m15-kis/476830/2026.csv:202610021115,27700.0,27800.0,27650.0,27800.0,4901
m15-kis/476830/2026.csv:202610021130,27750.0,27800.0,27700.0,27700.0,5051
m15-kis/476830/2026.csv:202610021145,27750.0,27900.0,27700.0,27850.0,7111
m15-kis/476830/2026.csv:202610021200,27850.0,27900.0,27700.0,27700.0,11676
m15-kis/476830/2026.csv:202610021215,27750.0,27750.0,27600.0,27650.0,5742
m15-kis/476830/2026.csv:202610021230,27700.0,27750.0,27600.0,27650.0,6053
m15-kis/476830/2026.csv:202610021245,27600.0,27600.0,27350.0,27600.0,13414
m15-kis/476830/2026.csv:202610021300,27600.0,27650.0,27450.0,27550.0,9131
m15-kis/476830/2026.csv:202610021315,27550.0,27600.0,27450.0,27550.0,5199
m15-kis/476830/2026.csv:202610021330,27550.0,27850.0,27500.0,27850.0,6854
m15-kis/476830/2026.csv:202610021345,27850.0,28150.0,27750.0,28100.0,7509
m15-kis/476830/2026.csv:202610021400,28100.0,28350.0,28050.0,28200.0,7971
m15-kis/476830/2026.csv:202610021415,28200.0,28200.0,28000.0,28050.0,5297
m15-kis/476830/2026.csv:202610021430,28050.0,28100.0,27900.0,28050.0,8480
m15-kis/476830/2026.csv:202610021445,28050.0,28300.0,27950.0,28300.0,7575
m15-kis/476830/2026.csv:202610021500,28300.0,28300.0,28100.0,28200.0,6621
m15-kis/476830/2026.csv:202610021515,28200.0,28300.0,28150.0,28150.0,6651
m15-kis/483650/2026.csv:202610020900,185800.0,186200.0,183500.0,185000.0,2808
m15-kis/483650/2026.csv:202610020915,184500.0,185000.0,183200.0,183500.0,2545
m15-kis/483650/2026.csv:202610020930,183800.0,184100.0,182100.0,182500.0,3960
m15-kis/483650/2026.csv:202610020945,183000.0,183000.0,181700.0,182700.0,4077
m15-kis/483650/2026.csv:202610021000,182600.0,183800.0,182200.0,182350.0,2743
m15-kis/483650/2026.csv:202610021015,182200.0,182500.0,181000.0,181100.0,3652
m15-kis/483650/2026.csv:202610021030,181100.0,181500.0,181100.0,181300.0,1517
m15-kis/483650/2026.csv:202610021045,181300.0,182900.0,181200.0,182300.0,1550
m15-kis/483650/2026.csv:202610021100,182300.0,182800.0,181600.0,182500.0,1476
m15-kis/483650/2026.csv:202610021115,182700.0,182800.0,181900.0,182200.0,887
m15-kis/483650/2026.csv:202610021130,182200.0,182700.0,181900.0,182000.0,1773
m15-kis/483650/2026.csv:202610021145,182000.0,182600.0,181900.0,181900.0,768
m15-kis/483650/2026.csv:202610021200,181900.0,182200.0,181600.0,181800.0,1028
m15-kis/483650/2026.csv:202610021215,181800.0,181800.0,181600.0,181700.0,982
m15-kis/483650/2026.csv:202610021230,181700.0,181900.0,181500.0,181500.0,910
m15-kis/483650/2026.csv:202610021245,181500.0,181700.0,181300.0,181300.0,1671
m15-kis/483650/2026.csv:202610021300,181400.0,184800.0,181200.0,184300.0,6837
m15-kis/483650/2026.csv:202610021315,183800.0,185000.0,183800.0,184200.0,3338
m15-kis/483650/2026.csv:202610021330,184100.0,184500.0,183800.0,183800.0,1118
m15-kis/483650/2026.csv:202610021345,183900.0,184100.0,183500.0,184100.0,1213
m15-kis/483650/2026.csv:202610021400,184100.0,184500.0,183500.0,184100.0,1350
m15-kis/483650/2026.csv:202610021415,184100.0,184400.0,183400.0,183900.0,1468
m15-kis/483650/2026.csv:202610021430,183800.0,184600.0,183300.0,183400.0,2105
m15-kis/483650/2026.csv:202610021445,183400.0,184100.0,183400.0,183500.0,1122
m15-kis/483650/2026.csv:202610021500,183600.0,183900.0,183100.0,183300.0,1998
m15-kis/483650/2026.csv:202610021515,183100.0,183600.0,183100.0,183100.0,1683
m15-kis/489790/2026.csv:202610020900,52600.0,52800.0,51900.0,51900.0,18040
m15-kis/489790/2026.csv:202610020915,51900.0,52500.0,51700.0,52300.0,13879
m15-kis/489790/2026.csv:202610020930,52300.0,53000.0,52300.0,52800.0,20517
m15-kis/489790/2026.csv:202610020945,52800.0,52900.0,52400.0,52600.0,10417
m15-kis/489790/2026.csv:202610021000,52700.0,52800.0,52100.0,52500.0,8644
m15-kis/489790/2026.csv:202610021015,52400.0,52700.0,52300.0,52500.0,7083
m15-kis/489790/2026.csv:202610021030,52500.0,52550.0,51900.0,52200.0,9490
m15-kis/489790/2026.csv:202610021045,52100.0,52600.0,52000.0,52600.0,5821
m15-kis/489790/2026.csv:202610021100,52500.0,52500.0,52100.0,52200.0,3941
m15-kis/489790/2026.csv:202610021115,52200.0,52400.0,51900.0,51900.0,4157
m15-kis/489790/2026.csv:202610021130,51900.0,52100.0,51700.0,51700.0,6383
m15-kis/489790/2026.csv:202610021145,51800.0,51800.0,51500.0,51700.0,7610
m15-kis/489790/2026.csv:202610021200,51600.0,51800.0,51500.0,51600.0,4796
m15-kis/489790/2026.csv:202610021215,51500.0,51900.0,51300.0,51600.0,6087
m15-kis/489790/2026.csv:202610021230,51700.0,51700.0,51100.0,51200.0,6114
m15-kis/489790/2026.csv:202610021245,51200.0,51400.0,51100.0,51200.0,4190
m15-kis/489790/2026.csv:202610021300,51200.0,51300.0,50900.0,51100.0,7762
m15-kis/489790/2026.csv:202610021315,51100.0,51300.0,50900.0,51200.0,2804
m15-kis/489790/2026.csv:202610021330,51200.0,51400.0,51100.0,51300.0,3170
m15-kis/489790/2026.csv:202610021345,51300.0,51400.0,51100.0,51400.0,4120
m15-kis/489790/2026.csv:202610021400,51500.0,51500.0,51200.0,51200.0,4474
m15-kis/489790/2026.csv:202610021415,51300.0,51300.0,50900.0,51000.0,9456
m15-kis/489790/2026.csv:202610021430,50900.0,51000.0,50600.0,50800.0,10863
m15-kis/489790/2026.csv:202610021445,50800.0,51000.0,50600.0,50800.0,7700
m15-kis/489790/2026.csv:202610021500,50800.0,51000.0,50700.0,50900.0,7090
m15-kis/489790/2026.csv:202610021515,50900.0,51100.0,50800.0,51000.0,4747
m15-kis/491000/2026.csv:202610020900,36850.0,37100.0,35850.0,35900.0,27756
m15-kis/491000/2026.csv:202610020915,35950.0,36100.0,35650.0,35900.0,11273
m15-kis/491000/2026.csv:202610020930,35950.0,36500.0,35900.0,36300.0,6169
m15-kis/491000/2026.csv:202610020945,36300.0,37750.0,36150.0,37700.0,28405
m15-kis/491000/2026.csv:202610021000,37700.0,37750.0,36800.0,37200.0,15312
m15-kis/491000/2026.csv:202610021015,37200.0,37250.0,36500.0,36600.0,7410
m15-kis/491000/2026.csv:202610021030,36600.0,36600.0,36050.0,36150.0,8627
m15-kis/491000/2026.csv:202610021045,36150.0,36500.0,36050.0,36400.0,3120
m15-kis/491000/2026.csv:202610021100,36400.0,36500.0,36200.0,36300.0,4884
m15-kis/491000/2026.csv:202610021115,36250.0,36350.0,36150.0,36150.0,2231
m15-kis/491000/2026.csv:202610021130,36150.0,36200.0,35900.0,35950.0,7375
m15-kis/491000/2026.csv:202610021145,35950.0,36050.0,35850.0,36000.0,3279
m15-kis/491000/2026.csv:202610021200,36000.0,36050.0,35900.0,35900.0,1101
m15-kis/491000/2026.csv:202610021215,35900.0,35950.0,35650.0,35750.0,9171
m15-kis/491000/2026.csv:202610021230,35800.0,35850.0,35700.0,35700.0,2149
m15-kis/491000/2026.csv:202610021245,35650.0,35700.0,35600.0,35650.0,3894
m15-kis/491000/2026.csv:202610021300,35650.0,35700.0,35450.0,35700.0,7620
m15-kis/491000/2026.csv:202610021315,35700.0,35750.0,35650.0,35700.0,2046
m15-kis/491000/2026.csv:202610021330,35700.0,36050.0,35650.0,35900.0,2017
m15-kis/491000/2026.csv:202610021345,35900.0,35900.0,35850.0,35850.0,1622
m15-kis/491000/2026.csv:202610021400,35850.0,35850.0,35800.0,35800.0,2405
m15-kis/491000/2026.csv:202610021415,35800.0,35850.0,35750.0,35750.0,2137
m15-kis/491000/2026.csv:202610021430,35800.0,35800.0,35600.0,35600.0,2467
m15-kis/491000/2026.csv:202610021445,35600.0,36350.0,35600.0,36200.0,7813
m15-kis/491000/2026.csv:202610021500,36200.0,36550.0,36050.0,36450.0,8611
m15-kis/491000/2026.csv:202610021515,36500.0,36500.0,36150.0,36300.0,6487
m15-kis/499790/2026.csv:202610020900,38050.0,38150.0,37400.0,37400.0,5497
m15-kis/499790/2026.csv:202610020915,37400.0,37600.0,37100.0,37550.0,6492
m15-kis/499790/2026.csv:202610020930,37550.0,37800.0,37450.0,37550.0,1965
m15-kis/499790/2026.csv:202610020945,37600.0,37650.0,37500.0,37650.0,2021
m15-kis/499790/2026.csv:202610021000,37600.0,37850.0,37550.0,37600.0,4870
m15-kis/499790/2026.csv:202610021015,37700.0,37800.0,37600.0,37800.0,1629
m15-kis/499790/2026.csv:202610021030,37700.0,37950.0,37600.0,37800.0,2761
m15-kis/499790/2026.csv:202610021045,37800.0,38050.0,37750.0,37950.0,1898
m15-kis/499790/2026.csv:202610021100,37950.0,38200.0,37900.0,38100.0,2291
m15-kis/499790/2026.csv:202610021115,38100.0,38250.0,37950.0,38100.0,2271
m15-kis/499790/2026.csv:202610021130,38150.0,38250.0,38050.0,38250.0,1948
m15-kis/499790/2026.csv:202610021145,38250.0,38250.0,37950.0,38000.0,1883
m15-kis/499790/2026.csv:202610021200,38050.0,38150.0,37950.0,38050.0,2288
m15-kis/499790/2026.csv:202610021215,38050.0,38200.0,38000.0,38100.0,2084
m15-kis/499790/2026.csv:202610021230,38150.0,38200.0,38000.0,38050.0,1740
m15-kis/499790/2026.csv:202610021245,38050.0,38150.0,38000.0,38050.0,1863
m15-kis/499790/2026.csv:202610021300,38100.0,38150.0,37900.0,38000.0,1568
m15-kis/499790/2026.csv:202610021315,37950.0,38100.0,37900.0,37950.0,1547
m15-kis/499790/2026.csv:202610021330,37900.0,38200.0,37850.0,38100.0,1916
m15-kis/499790/2026.csv:202610021345,38100.0,38150.0,37950.0,38100.0,1813
m15-kis/499790/2026.csv:202610021400,38200.0,38200.0,37900.0,37950.0,2272
m15-kis/499790/2026.csv:202610021415,37950.0,38100.0,37850.0,37900.0,3805
m15-kis/499790/2026.csv:202610021430,38000.0,38050.0,37800.0,37950.0,3775
m15-kis/499790/2026.csv:202610021445,38000.0,38150.0,37850.0,38050.0,3705
m15-kis/499790/2026.csv:202610021500,38050.0,38200.0,38000.0,38200.0,1941
m15-kis/499790/2026.csv:202610021515,38150.0,38250.0,38100.0,38150.0,915
m15-kis/950160/2026.csv:202610020900,16150.0,16500.0,16120.0,16160.0,51216
m15-kis/950160/2026.csv:202610020915,16160.0,16160.0,16020.0,16030.0,43903
m15-kis/950160/2026.csv:202610020930,16030.0,16070.0,15920.0,15990.0,41151
m15-kis/950160/2026.csv:202610020945,16010.0,16130.0,15980.0,16080.0,15352
m15-kis/950160/2026.csv:202610021000,16090.0,16130.0,16040.0,16120.0,16727
m15-kis/950160/2026.csv:202610021015,16120.0,16190.0,16120.0,16180.0,13298
m15-kis/950160/2026.csv:202610021030,16180.0,16180.0,15980.0,15980.0,34432
m15-kis/950160/2026.csv:202610021045,15990.0,16060.0,15970.0,16050.0,12128
m15-kis/950160/2026.csv:202610021100,16050.0,16050.0,15970.0,15980.0,23464
m15-kis/950160/2026.csv:202610021115,15990.0,16020.0,15970.0,16010.0,10617
m15-kis/950160/2026.csv:202610021130,16010.0,16040.0,15980.0,16020.0,8129
m15-kis/950160/2026.csv:202610021145,16010.0,16070.0,16010.0,16060.0,5286
m15-kis/950160/2026.csv:202610021200,16060.0,16100.0,16050.0,16070.0,9720
m15-kis/950160/2026.csv:202610021215,16070.0,16080.0,16040.0,16060.0,3858
m15-kis/950160/2026.csv:202610021230,16060.0,16060.0,16030.0,16050.0,6940
m15-kis/950160/2026.csv:202610021245,16050.0,16050.0,15970.0,15990.0,21223
m15-kis/950160/2026.csv:202610021300,15990.0,16020.0,15970.0,16010.0,14543
m15-kis/950160/2026.csv:202610021315,16020.0,16100.0,16020.0,16100.0,8527
m15-kis/950160/2026.csv:202610021330,16100.0,16150.0,16090.0,16100.0,5822
m15-kis/950160/2026.csv:202610021345,16100.0,16140.0,16080.0,16080.0,5049
m15-kis/950160/2026.csv:202610021400,16090.0,16110.0,16070.0,16080.0,8479
m15-kis/950160/2026.csv:202610021415,16080.0,16110.0,16060.0,16060.0,6761
m15-kis/950160/2026.csv:202610021430,16060.0,16080.0,16040.0,16050.0,6298
m15-kis/950160/2026.csv:202610021445,16050.0,16100.0,16030.0,16100.0,5996
m15-kis/950160/2026.csv:202610021500,16100.0,16190.0,16080.0,16150.0,15014
m15-kis/950160/2026.csv:202610021515,16150.0,16150.0,16130.0,16130.0,8671
