202601020945,21750.0,21950.0,21750.0,21850.0,1562
202601021000,21850.0,21850.0,21600.0,21700.0,2976
202601021015,21700.0,21750.0,21650.0,21650.0,2127
202601021030,21650.0,21700.0,21450.0,21550.0,10109
202601021045,21550.0,21700.0,21500.0,21600.0,1098
202601021100,21650.0,21700.0,21550.0,21600.0,1464
202601021115,21650.0,21700.0,21550.0,21550.0,1216
202601021130,21500.0,21600.0,21500.0,21500.0,3868
202601021145,21500.0,21550.0,21400.0,21450.0,4034
202601021200,21450.0,21500.0,21400.0,21400.0,1618
202601021215,21400.0,21500.0,21350.0,21350.0,3566
202601021230,21400.0,21450.0,21350.0,21350.0,1640
202601021245,21350.0,21400.0,21300.0,21300.0,2746
202601021300,21300.0,21325.0,21250.0,21300.0,3608
202601021315,21300.0,21350.0,21250.0,21250.0,1458
202601021330,21250.0,21300.0,21250.0,21300.0,3132
202601021345,21300.0,21400.0,21250.0,21400.0,1901
202601021400,21450.0,21700.0,21450.0,21700.0,5004
202601021415,21700.0,21700.0,21600.0,21700.0,2589
202601021430,21700.0,21700.0,21600.0,21700.0,2649
202601021445,21600.0,21700.0,21550.0,21600.0,2711
202601021500,21600.0,21650.0,21600.0,21600.0,546
202601021515,21600.0,21600.0,21400.0,21400.0,526
202601050900,21400.0,21700.0,21400.0,21500.0,3297
202601050915,21600.0,21600.0,21450.0,21500.0,676
202601050930,21500.0,21500.0,21350.0,21400.0,1517
202601050945,21400.0,21400.0,21300.0,21350.0,1173
202601051000,21375.0,21450.0,21350.0,21450.0,2039
202601051015,21450.0,21450.0,21400.0,21400.0,118
202601051030,21400.0,21450.0,21400.0,21450.0,742
202601051045,21425.0,21450.0,21400.0,21450.0,304
202601051100,21450.0,21450.0,21400.0,21425.0,355
202601051115,21450.0,21450.0,21400.0,21400.0,344
202601051130,21400.0,21450.0,21400.0,21400.0,302
202601051145,21400.0,21450.0,21400.0,21450.0,483
202601051200,21400.0,21450.0,21400.0,21450.0,130
202601051215,21450.0,21450.0,21400.0,21400.0,185
202601051230,21400.0,21450.0,21400.0,21450.0,170
202601051245,21400.0,21450.0,21400.0,21450.0,1848
202601051300,21450.0,21450.0,21400.0,21450.0,3163
202601051315,21450.0,21450.0,21400.0,21400.0,764
202601051330,21400.0,21450.0,21400.0,21400.0,4562
202601051345,21450.0,21450.0,21400.0,21400.0,148
202601051400,21400.0,21450.0,21400.0,21400.0,284
202601051415,21400.0,21450.0,21400.0,21425.0,359
202601051430,21425.0,21450.0,21400.0,21450.0,879
202601051445,21450.0,21450.0,21400.0,21400.0,578
202601051500,21400.0,21450.0,21400.0,21425.0,1248
202601051515,21425.0,21450.0,21400.0,21400.0,773
202601060900,21450.0,21500.0,21400.0,21450.0,659
202601060915,21400.0,21450.0,21400.0,21450.0,1091
202601060930,21400.0,21450.0,21400.0,21450.0,1085
202601060945,21450.0,21500.0,21400.0,21450.0,389
202601061000,21500.0,21550.0,21450.0,21550.0,1228
202601061015,21500.0,21500.0,21450.0,21500.0,750
202601061030,21500.0,21550.0,21450.0,21500.0,362
202601061045,21450.0,21500.0,21450.0,21450.0,678
202601061100,21450.0,21500.0,21450.0,21450.0,856
202601061115,21500.0,21500.0,21450.0,21450.0,586
202601061130,21450.0,21550.0,21450.0,21450.0,578
202601061145,21450.0,21500.0,21400.0,21500.0,1727
202601061200,21450.0,21500.0,21450.0,21500.0,1614
202601061215,21500.0,21550.0,21450.0,21550.0,481
202601061230,21500.0,21550.0,21500.0,21500.0,551
202601061245,21500.0,21600.0,21500.0,21500.0,611
202601061300,21550.0,21600.0,21500.0,21500.0,368
202601061315,21500.0,21600.0,21500.0,21550.0,563
202601061330,21550.0,21700.0,21500.0,21600.0,3833
202601061345,21600.0,21600.0,21500.0,21550.0,674
202601061400,21550.0,21600.0,21450.0,21600.0,1104
202601061415,21500.0,21650.0,21500.0,21600.0,282
202601061430,21550.0,21600.0,21550.0,21600.0,355
202601061445,21550.0,21600.0,21550.0,21550.0,389
202601061500,21600.0,21650.0,21550.0,21600.0,574
202601061515,21600.0,21650.0,21550.0,21650.0,431
202601070900,21800.0,21800.0,21550.0,21600.0,2143
202601070915,21600.0,21600.0,21500.0,21550.0,1403
202601070930,21550.0,21550.0,21500.0,21550.0,1147
202601070945,21500.0,21550.0,21500.0,21500.0,1125
202601071000,21500.0,21600.0,21500.0,21500.0,2063
202601071015,21500.0,21550.0,21500.0,21500.0,843
202601071030,21500.0,21500.0,21450.0,21500.0,1763
202601071045,21450.0,21500.0,21450.0,21500.0,252
202601071100,21450.0,21450.0,21350.0,21350.0,1872
202601071115,21400.0,21450.0,21350.0,21450.0,2079
202601071130,21400.0,21450.0,21350.0,21400.0,1001
202601071145,21450.0,21450.0,21300.0,21350.0,1995
202601071200,21350.0,21450.0,21350.0,21400.0,597
202601071215,21375.0,21400.0,21350.0,21350.0,604
202601071230,21400.0,21500.0,21350.0,21400.0,524
202601071245,21400.0,21500.0,21400.0,21450.0,718
202601071300,21400.0,21500.0,21400.0,21450.0,639
202601071315,21500.0,21550.0,21450.0,21500.0,740
202601071330,21500.0,21500.0,21400.0,21450.0,1218
202601071345,21450.0,21500.0,21400.0,21500.0,843
202601071400,21450.0,21550.0,21450.0,21550.0,720
202601071415,21550.0,21600.0,21500.0,21550.0,715
202601071430,21500.0,21550.0,21450.0,21500.0,294
202601071445,21500.0,21500.0,21400.0,21400.0,323
202601071500,21400.0,21450.0,21400.0,21450.0,201
202601071515,21400.0,21450.0,21400.0,21450.0,140
202601080900,21350.0,21350.0,21300.0,21350.0,844
202601080915,21350.0,21350.0,21250.0,21250.0,1693
202601080930,21200.0,21350.0,21200.0,21300.0,849
202601080945,21250.0,21250.0,21150.0,21200.0,1397
202601081000,21200.0,21250.0,21150.0,21150.0,1398
202601081015,21150.0,21250.0,21100.0,21150.0,4414
202601081030,21100.0,21200.0,21050.0,21150.0,2791
202601081045,21100.0,21200.0,21100.0,21100.0,569
202601081100,21100.0,21150.0,21050.0,21100.0,646
202601081115,21100.0,21100.0,21050.0,21050.0,1916
202601081130,21050.0,21150.0,21050.0,21100.0,461
202601081145,21100.0,21150.0,21050.0,21100.0,750
202601081200,21050.0,21100.0,21050.0,21100.0,96
202601081215,21100.0,21150.0,21050.0,21050.0,710
202601081230,21100.0,21100.0,21050.0,21050.0,72
202601081245,21100.0,21150.0,21050.0,21100.0,536
202601081300,21100.0,21150.0,21050.0,21050.0,277
202601081315,21100.0,21250.0,21050.0,21150.0,577
202601081330,21150.0,21150.0,21100.0,21125.0,307
202601081345,21100.0,21250.0,21100.0,21150.0,955
202601081400,21200.0,21300.0,21150.0,21250.0,397
202601081415,21250.0,21300.0,21200.0,21250.0,461
202601081430,21250.0,21300.0,21200.0,21250.0,528
202601081445,21250.0,21250.0,21150.0,21250.0,545
202601081500,21200.0,21200.0,21100.0,21150.0,601
202601081515,21150.0,21150.0,21050.0,21050.0,820
202601090900,21100.0,21150.0,21000.0,21000.0,834
202601090915,21000.0,21100.0,20900.0,21000.0,2089
202601090930,20950.0,21100.0,20850.0,20950.0,13410
202601090945,20950.0,21000.0,20850.0,20900.0,1110
202601091000,20900.0,21000.0,20850.0,21000.0,951
202601091015,20900.0,21000.0,20850.0,20900.0,381
202601091030,20900.0,21000.0,20850.0,20950.0,1802
202601091045,20950.0,21050.0,20900.0,20950.0,898
202601091100,20950.0,21000.0,20900.0,20950.0,432
202601091115,20950.0,20950.0,20900.0,20950.0,317
202601091130,20950.0,20950.0,20900.0,20900.0,162
202601091145,20900.0,20950.0,20900.0,20900.0,268
202601091200,20900.0,20950.0,20900.0,20950.0,725
202601091215,20950.0,21000.0,20900.0,21000.0,616
202601091230,20950.0,21000.0,20950.0,21000.0,216
202601091245,20950.0,21000.0,20950.0,21000.0,1210
202601091300,21000.0,21050.0,20950.0,21050.0,235
202601091315,21050.0,21050.0,20950.0,20950.0,257
202601091330,21000.0,21000.0,20950.0,21000.0,263
202601091345,20950.0,21000.0,20950.0,20950.0,217
202601091400,20950.0,21000.0,20900.0,20900.0,936
202601091415,20900.0,20950.0,20900.0,20900.0,1781
202601091430,20900.0,20950.0,20900.0,20950.0,1521
202601091445,20900.0,20950.0,20900.0,20900.0,518
202601091500,20900.0,20950.0,20900.0,20900.0,175
202601091515,20900.0,21250.0,20900.0,21000.0,3805
202601120900,21000.0,21000.0,20900.0,20950.0,488
202601120915,21000.0,21050.0,20900.0,21050.0,1471
202601120930,21050.0,21050.0,20950.0,21000.0,776
202601120945,20950.0,21000.0,20900.0,21000.0,860
202601121000,20950.0,21000.0,20850.0,20850.0,1732
202601121015,20950.0,20950.0,20850.0,20900.0,389
202601121030,20900.0,20950.0,20850.0,20950.0,1551
202601121045,20950.0,20950.0,20850.0,20850.0,285
202601121100,20850.0,20900.0,20850.0,20850.0,114
202601121115,20900.0,20900.0,20850.0,20850.0,441
202601121130,20850.0,21050.0,20850.0,20900.0,1284
202601121145,20950.0,21050.0,20900.0,20900.0,216
202601121200,20950.0,21050.0,20900.0,20950.0,525
202601121215,20950.0,21000.0,20900.0,20950.0,273
202601121230,20950.0,21050.0,20900.0,20900.0,269
202601121245,20900.0,21000.0,20900.0,20950.0,163
202601121300,21000.0,21000.0,20900.0,20900.0,969
202601121315,20950.0,21000.0,20900.0,20900.0,448
202601121330,20900.0,21000.0,20900.0,20900.0,202
202601121345,20900.0,21000.0,20900.0,20950.0,460
202601121400,20900.0,20950.0,20900.0,20900.0,803
202601121415,20900.0,21000.0,20900.0,20900.0,1786
202601121430,20850.0,20925.0,20800.0,20850.0,3484
202601121445,20850.0,20900.0,20800.0,20800.0,3503
202601121500,20800.0,20850.0,20750.0,20750.0,3525
202601121515,20750.0,20850.0,20750.0,20850.0,708
202601130900,20800.0,20850.0,20550.0,20600.0,7041
202601130915,20600.0,20700.0,20550.0,20550.0,5552
202601130930,20600.0,20600.0,20450.0,20450.0,10036
202601130945,20500.0,20550.0,20450.0,20450.0,3712
202601131000,20450.0,20500.0,20350.0,20350.0,5132
202601131015,20400.0,20400.0,20350.0,20350.0,2917
202601131030,20350.0,20500.0,20350.0,20450.0,3184
202601131045,20400.0,20500.0,20400.0,20450.0,1895
202601131100,20400.0,20500.0,20400.0,20450.0,1457
202601131115,20500.0,20500.0,20400.0,20450.0,1424
202601131130,20450.0,20550.0,20350.0,20450.0,4682
202601131145,20400.0,20550.0,20400.0,20450.0,1772
202601131200,20450.0,20550.0,20400.0,20450.0,1565
202601131215,20450.0,20500.0,20400.0,20450.0,1468
202601131230,20400.0,20500.0,20400.0,20450.0,3087
202601131245,20450.0,20500.0,20400.0,20400.0,1449
202601131300,20450.0,20500.0,20400.0,20450.0,1932
202601131315,20450.0,20550.0,20400.0,20500.0,1450
202601131330,20500.0,20600.0,20400.0,20400.0,1362
202601131345,20450.0,20550.0,20400.0,20400.0,3241
202601131400,20400.0,20650.0,20400.0,20450.0,2366
202601131415,20450.0,20650.0,20400.0,20450.0,1555
202601131430,20450.0,20500.0,20400.0,20450.0,1687
202601131445,20450.0,20750.0,20400.0,20500.0,2208
202601131500,20500.0,20750.0,20450.0,20600.0,1855
202601131515,20500.0,20650.0,20450.0,20600.0,650
202601140900,20550.0,20550.0,20350.0,20450.0,890
202601140915,20450.0,20550.0,20450.0,20500.0,632
202601140930,20550.0,20600.0,20400.0,20500.0,935
202601140945,20450.0,20500.0,20400.0,20450.0,562
202601141000,20400.0,20500.0,20250.0,20250.0,6486
202601141015,20300.0,20350.0,20250.0,20300.0,2464
202601141030,20300.0,20350.0,20250.0,20300.0,2207
202601141045,20300.0,20350.0,20250.0,20250.0,2211
202601141100,20300.0,20300.0,20150.0,20200.0,4652
202601141115,20300.0,20350.0,20150.0,20350.0,5257
202601141130,20300.0,20300.0,20150.0,20150.0,3599
202601141145,20150.0,20300.0,20150.0,20150.0,3570
202601141200,20150.0,20300.0,20150.0,20250.0,2203
202601141215,20250.0,20300.0,20150.0,20250.0,2720
202601141230,20200.0,20300.0,20150.0,20300.0,2944
202601141245,20300.0,20500.0,20250.0,20400.0,5363
202601141300,20300.0,20450.0,20300.0,20350.0,2224
202601141315,20350.0,20650.0,20350.0,20600.0,4664
202601141330,20600.0,20700.0,20450.0,20600.0,3179
202601141345,20600.0,20700.0,20450.0,20700.0,2967
202601141400,20650.0,20700.0,20500.0,20600.0,2604
202601141415,20550.0,20650.0,20550.0,20600.0,2395
202601141430,20600.0,20650.0,20400.0,20550.0,4244
202601141445,20550.0,20550.0,20400.0,20400.0,3685
202601141500,20500.0,20550.0,20400.0,20500.0,2021
202601141515,20500.0,20500.0,20450.0,20500.0,498
202601150900,20500.0,20700.0,20500.0,20650.0,387
202601150915,20550.0,20650.0,20500.0,20600.0,700
202601150930,20600.0,20600.0,20350.0,20400.0,626
202601150945,20450.0,20450.0,20350.0,20350.0,728
202601151000,20400.0,20400.0,20300.0,20350.0,991
202601151015,20350.0,20400.0,20350.0,20350.0,1359
202601151030,20350.0,20400.0,20300.0,20300.0,2113
202601151045,20300.0,20400.0,20250.0,20300.0,783
202601151100,20350.0,20400.0,20250.0,20300.0,670
202601151115,20300.0,20350.0,20250.0,20300.0,767
202601151130,20300.0,20350.0,20250.0,20250.0,943
202601151145,20300.0,20350.0,20250.0,20300.0,933
202601151200,20300.0,20300.0,20250.0,20300.0,777
202601151215,20300.0,20350.0,20250.0,20250.0,793
202601151230,20350.0,20350.0,20250.0,20250.0,736
202601151245,20300.0,20300.0,20250.0,20300.0,926
202601151300,20250.0,20300.0,20250.0,20300.0,873
202601151315,20250.0,20350.0,20250.0,20300.0,1712
202601151330,20300.0,20350.0,20250.0,20250.0,743
202601151345,20250.0,20300.0,20250.0,20300.0,910
202601151400,20250.0,20350.0,20250.0,20350.0,628
202601151415,20350.0,20450.0,20300.0,20450.0,1009
202601151430,20300.0,20400.0,20300.0,20400.0,628
202601151445,20400.0,20450.0,20300.0,20300.0,713
202601151500,20300.0,20650.0,20300.0,20550.0,2961
202601151515,20600.0,20650.0,20550.0,20650.0,713
202601160900,20700.0,20900.0,20600.0,20800.0,1381
202601160915,20800.0,20850.0,20750.0,20800.0,540
202601160930,20750.0,21000.0,20700.0,20950.0,1890
202601160945,20900.0,21000.0,20800.0,20900.0,1045
202601161000,20900.0,21050.0,20850.0,20950.0,1962
202601161015,20900.0,21000.0,20900.0,20950.0,2561
202601161030,20950.0,21000.0,20900.0,21000.0,1140
202601161045,20950.0,21100.0,20950.0,21050.0,1640
202601161100,21050.0,21100.0,20950.0,21050.0,2167
202601161115,21050.0,21100.0,20950.0,21050.0,584
202601161130,21050.0,21100.0,21000.0,21050.0,816
202601161145,21050.0,21050.0,20950.0,21000.0,747
202601161200,21000.0,21050.0,20950.0,20950.0,694
202601161215,20950.0,21000.0,20900.0,20950.0,670
202601161230,20950.0,21000.0,20900.0,20950.0,818
202601161245,20900.0,21050.0,20900.0,21050.0,2501
202601161300,21000.0,21050.0,20950.0,21000.0,628
202601161315,20900.0,21000.0,20900.0,20900.0,627
202601161330,20950.0,20950.0,20900.0,20900.0,825
202601161345,20900.0,21000.0,20850.0,21000.0,2706
202601161400,20950.0,20950.0,20900.0,20900.0,1681
202601161415,20900.0,20950.0,20900.0,20900.0,661
202601161430,20900.0,20950.0,20900.0,20900.0,1700
202601161445,20900.0,20950.0,20850.0,20900.0,1302
202601161500,20900.0,20950.0,20900.0,20900.0,1229
202601161515,20900.0,20950.0,20850.0,20950.0,700
202601190900,20950.0,21050.0,20900.0,20950.0,726
202601190915,20950.0,21000.0,20850.0,20900.0,845
202601190930,20800.0,20900.0,20650.0,20650.0,1015
202601190945,20650.0,20700.0,20550.0,20600.0,1495
202601191000,20550.0,20700.0,20550.0,20700.0,1328
202601191015,20700.0,20700.0,20550.0,20600.0,2183
202601191030,20650.0,20700.0,20500.0,20650.0,965
202601191045,20600.0,20700.0,20500.0,20700.0,1026
202601191100,20700.0,20700.0,20550.0,20550.0,810
202601191115,20650.0,20900.0,20550.0,20800.0,1841
202601191130,20800.0,20900.0,20750.0,20800.0,1008
202601191145,20800.0,20850.0,20650.0,20750.0,585
202601191200,20750.0,20800.0,20650.0,20750.0,916
202601191215,20750.0,20800.0,20600.0,20800.0,849
202601191230,20750.0,20800.0,20600.0,20650.0,771
202601191245,20600.0,20800.0,20600.0,20750.0,980
202601191300,20750.0,20800.0,20650.0,20650.0,816
202601191315,20700.0,20800.0,20650.0,20800.0,949
202601191330,20750.0,20800.0,20650.0,20800.0,802
202601191345,20750.0,20850.0,20700.0,20850.0,1211
202601191400,20800.0,20850.0,20750.0,20750.0,690
202601191415,20750.0,20850.0,20750.0,20850.0,712
202601191430,20850.0,20850.0,20750.0,20750.0,780
202601191445,20750.0,20800.0,20650.0,20750.0,637
202601191500,20750.0,20850.0,20750.0,20850.0,172
202601191515,20850.0,20850.0,20750.0,20800.0,493
202601200900,20750.0,20950.0,20700.0,20750.0,1139
202601200915,20750.0,20950.0,20700.0,20850.0,948
202601200930,20850.0,21000.0,20550.0,20800.0,1913
202601200945,20950.0,21000.0,20800.0,20950.0,1954
202601201000,20950.0,21000.0,20800.0,20950.0,542
202601201015,20950.0,20950.0,20800.0,20800.0,4472
202601201030,20900.0,20950.0,20800.0,20950.0,229
202601201045,20900.0,21050.0,20900.0,20950.0,584
202601201100,20950.0,21000.0,20900.0,20950.0,403
202601201115,20950.0,21000.0,20500.0,20950.0,3613
202601201130,21000.0,21050.0,20900.0,20950.0,1147
202601201145,20950.0,21050.0,20900.0,20950.0,1364
202601201200,21000.0,21000.0,20850.0,20850.0,996
202601201215,20950.0,21000.0,20850.0,20950.0,1027
202601201230,20900.0,21050.0,20900.0,20950.0,1167
202601201245,20950.0,21050.0,20850.0,20950.0,1175
202601201300,20950.0,21000.0,20800.0,20900.0,962
202601201315,20900.0,21000.0,20850.0,20950.0,1018
202601201330,20950.0,21050.0,20850.0,20850.0,825
202601201345,20850.0,21000.0,20800.0,20900.0,4020
202601201400,20900.0,21100.0,20850.0,21050.0,6976
202601201415,21000.0,21100.0,20900.0,21100.0,8556
202601201430,21000.0,21100.0,20800.0,20850.0,4166
202601201445,20850.0,20950.0,20800.0,20900.0,2415
202601201500,20900.0,20950.0,20850.0,20900.0,3202
202601201515,20900.0,20950.0,20850.0,20850.0,1922
202601210900,20800.0,20800.0,20500.0,20600.0,3989
202601210915,20550.0,20700.0,20550.0,20650.0,540
202601210930,20750.0,20750.0,20650.0,20650.0,212
202601210945,20650.0,20700.0,20600.0,20650.0,1459
202601211000,20650.0,20700.0,20600.0,20700.0,1152
202601211015,20650.0,20700.0,20550.0,20650.0,1346
202601211030,20650.0,20700.0,20600.0,20600.0,2233
202601211045,20600.0,20650.0,20600.0,20600.0,1481
202601211100,20600.0,20600.0,20450.0,20550.0,4525
202601211115,20600.0,20600.0,20450.0,20550.0,2454
202601211130,20550.0,20600.0,20450.0,20600.0,2214
202601211145,20600.0,20600.0,20500.0,20550.0,1465
202601211200,20500.0,20600.0,20500.0,20550.0,1618
202601211215,20500.0,20600.0,20500.0,20600.0,1199
202601211230,20550.0,20650.0,20550.0,20600.0,1510
202601211245,20600.0,20650.0,20500.0,20600.0,1369
202601211300,20550.0,20600.0,20500.0,20600.0,1115
202601211315,20600.0,20650.0,20500.0,20600.0,1435
202601211330,20600.0,20650.0,20550.0,20550.0,1857
202601211345,20550.0,20600.0,20500.0,20600.0,2174
202601211400,20600.0,20600.0,20450.0,20600.0,2439
202601211415,20600.0,20600.0,20550.0,20600.0,1283
202601211430,20600.0,20650.0,20550.0,20600.0,1112
202601211445,20600.0,20700.0,20550.0,20600.0,1623
202601211500,20600.0,20700.0,20600.0,20650.0,435
202601211515,20650.0,20700.0,20600.0,20600.0,767
202601220900,20900.0,21100.0,20750.0,20900.0,1238
202601220915,20900.0,21100.0,20900.0,21000.0,2872
202601220930,21000.0,21100.0,20950.0,21000.0,473
202601220945,21000.0,21050.0,20900.0,21050.0,1261
202601221000,21050.0,21050.0,20900.0,21000.0,600
202601221015,21000.0,21100.0,20950.0,21050.0,1566
202601221030,21000.0,21050.0,21000.0,21000.0,827
202601221045,20950.0,21000.0,20950.0,20950.0,931
202601221100,21000.0,21300.0,20950.0,21100.0,6174
202601221115,21150.0,21150.0,21000.0,21050.0,1065
202601221130,21050.0,21150.0,21000.0,21050.0,1630
202601221145,21050.0,21150.0,21000.0,21050.0,1059
202601221200,21100.0,21100.0,21000.0,21050.0,941
202601221215,21100.0,21150.0,21050.0,21050.0,671
202601221230,21050.0,21150.0,21000.0,21100.0,985
202601221245,21100.0,21150.0,21000.0,21050.0,896
202601221300,21050.0,21150.0,20950.0,21050.0,816
202601221315,21050.0,21100.0,20950.0,20950.0,742
202601221330,20950.0,21000.0,20800.0,20950.0,1797
202601221345,20975.0,21100.0,20950.0,21000.0,955
202601221400,21100.0,21100.0,20900.0,21000.0,951
202601221415,21000.0,21100.0,20950.0,21000.0,846
202601221430,20950.0,21000.0,20900.0,20950.0,596
202601221445,20900.0,21000.0,20900.0,21000.0,434
202601221500,20950.0,21000.0,20800.0,20950.0,1010
202601221515,20950.0,21050.0,20900.0,21050.0,1148
202601230900,21000.0,21100.0,20900.0,20950.0,1202
202601230915,20950.0,21100.0,20950.0,21050.0,534
202601230930,21050.0,21150.0,21050.0,21150.0,842
202601230945,21150.0,21150.0,21050.0,21100.0,234
202601231000,21050.0,21150.0,20950.0,21100.0,909
202601231015,21100.0,21100.0,21050.0,21050.0,381
202601231030,21050.0,21150.0,21000.0,21050.0,323
202601231045,21050.0,21150.0,21000.0,21150.0,699
202601231100,21100.0,21100.0,21000.0,21050.0,908
202601231115,21050.0,21100.0,21000.0,21100.0,758
202601231130,21050.0,21200.0,21050.0,21100.0,480
202601231145,21150.0,21150.0,21050.0,21050.0,316
202601231200,21100.0,21100.0,21000.0,21050.0,499
202601231215,21050.0,21100.0,21050.0,21100.0,177
202601231230,21100.0,21150.0,21000.0,21100.0,1081
202601231245,21150.0,21150.0,21100.0,21150.0,915
202601231300,21150.0,21200.0,21100.0,21150.0,542
202601231315,21100.0,21200.0,21100.0,21100.0,252
202601231330,21100.0,21150.0,21050.0,21100.0,262
202601231345,21100.0,21150.0,21050.0,21050.0,681
202601231400,21050.0,21100.0,21050.0,21050.0,443
202601231415,21100.0,21150.0,21000.0,21150.0,394
202601231430,21050.0,21150.0,21050.0,21050.0,303
202601231445,21050.0,21150.0,21050.0,21150.0,298
202601231500,21100.0,21200.0,21050.0,21100.0,732
202601231515,21100.0,21200.0,21100.0,21200.0,1527
202601260900,21250.0,21350.0,21200.0,21250.0,2351
202601260915,21250.0,21300.0,21200.0,21250.0,2114
202601260930,21300.0,21400.0,21250.0,21400.0,1570
202601260945,21350.0,21400.0,21050.0,21200.0,4574
202601261000,21200.0,21200.0,21150.0,21200.0,1197
202601261015,21200.0,21200.0,21150.0,21200.0,278
202601261030,21200.0,21200.0,21150.0,21200.0,761
202601261045,21200.0,21300.0,21150.0,21250.0,1991
202601261100,21250.0,21300.0,21200.0,21250.0,1347
202601261115,21200.0,21300.0,21200.0,21300.0,538
202601261130,21300.0,21300.0,21200.0,21200.0,325
202601261145,21250.0,21300.0,21200.0,21250.0,704
202601261200,21250.0,21300.0,21200.0,21300.0,409
202601261215,21300.0,21350.0,21250.0,21300.0,1644
202601261230,21300.0,21400.0,21300.0,21350.0,792
202601261245,21400.0,21600.0,21300.0,21600.0,5852
202601261300,21600.0,21650.0,21450.0,21550.0,3609
202601261315,21600.0,21700.0,21500.0,21550.0,2313
202601261330,21650.0,21750.0,21500.0,21550.0,3871
202601261345,21550.0,21700.0,21500.0,21700.0,1796
202601261400,21700.0,21700.0,21550.0,21600.0,984
202601261415,21650.0,21700.0,21600.0,21650.0,209
202601261430,21650.0,21750.0,21500.0,21650.0,2848
202601261445,21600.0,21650.0,21550.0,21550.0,266
202601261500,21650.0,21650.0,21550.0,21650.0,466
202601261515,21650.0,21650.0,21650.0,21650.0,871
202601270900,21650.0,22000.0,21650.0,21800.0,4938
202601270915,21900.0,21900.0,21800.0,21850.0,791
202601270930,21750.0,21800.0,21700.0,21700.0,876
202601270945,21700.0,21750.0,21650.0,21700.0,983
202601271000,21650.0,21800.0,21650.0,21800.0,3317
202601271015,21800.0,21850.0,21750.0,21750.0,1074
202601271030,21800.0,21800.0,21750.0,21800.0,248
202601271045,21800.0,21800.0,21700.0,21750.0,573
202601271100,21800.0,21850.0,21800.0,21800.0,649
202601271115,21850.0,21850.0,21700.0,21800.0,412
202601271130,21800.0,21800.0,21700.0,21700.0,421
202601271145,21800.0,21800.0,21750.0,21800.0,135
202601271200,21800.0,21800.0,21750.0,21800.0,314
202601271215,21800.0,21800.0,21750.0,21750.0,734
202601271230,21800.0,21800.0,21750.0,21800.0,331
202601271245,21800.0,21850.0,21800.0,21850.0,193
202601271300,21850.0,21850.0,21800.0,21800.0,819
202601271315,21850.0,21850.0,21800.0,21850.0,83
202601271330,21850.0,21850.0,21800.0,21850.0,461
202601271345,21800.0,21850.0,21750.0,21800.0,1275
202601271400,21800.0,21800.0,21750.0,21800.0,211
202601271415,21800.0,21800.0,21750.0,21800.0,211
202601271430,21750.0,21800.0,21750.0,21800.0,141
202601271445,21750.0,21800.0,21700.0,21750.0,517
202601271500,21750.0,21800.0,21750.0,21800.0,808
202601271515,21750.0,21800.0,21750.0,21750.0,1135
202601280900,21850.0,21850.0,21550.0,21750.0,1634
202601280915,21750.0,21800.0,21650.0,21800.0,3383
202601280930,21850.0,21900.0,21750.0,21850.0,368
202601280945,21850.0,21850.0,21650.0,21750.0,1237
202601281000,21700.0,21750.0,21550.0,21700.0,4509
202601281015,21750.0,21750.0,21650.0,21650.0,2129
202601281030,21700.0,21750.0,21650.0,21700.0,1692
202601281045,21700.0,21750.0,21600.0,21700.0,1176
202601281100,21700.0,21750.0,21650.0,21650.0,1789
202601281115,21750.0,21750.0,21650.0,21650.0,708
202601281130,21650.0,21700.0,21600.0,21600.0,834
202601281145,21650.0,21700.0,21600.0,21650.0,951
202601281200,21600.0,21650.0,21550.0,21600.0,968
202601281215,21550.0,21600.0,21550.0,21550.0,1185
202601281230,21550.0,21650.0,21550.0,21600.0,955
202601281245,21600.0,21650.0,21550.0,21550.0,1008
202601281300,21550.0,21650.0,21550.0,21600.0,953
202601281315,21600.0,21650.0,21550.0,21550.0,1170
202601281330,21600.0,21600.0,21500.0,21600.0,987
202601281345,21600.0,21750.0,21600.0,21600.0,2006
202601281400,21600.0,21750.0,21600.0,21600.0,957
202601281415,21650.0,21650.0,21600.0,21650.0,998
202601281430,21650.0,21750.0,21600.0,21700.0,1592
202601281445,21700.0,21750.0,21600.0,21700.0,1168
202601281500,21700.0,21750.0,21650.0,21700.0,474
202601281515,21750.0,21850.0,21700.0,21800.0,5670
202601290900,21600.0,21750.0,21600.0,21700.0,457
202601290915,21650.0,21700.0,21500.0,21600.0,1170
202601290930,21500.0,21600.0,21250.0,21350.0,2504
202601290945,21400.0,21500.0,21400.0,21400.0,357
202601291000,21400.0,21550.0,21350.0,21400.0,1263
202601291015,21350.0,21550.0,21350.0,21450.0,1716
202601291030,21500.0,21550.0,21450.0,21500.0,574
202601291045,21500.0,21550.0,21450.0,21500.0,646
202601291100,21450.0,21500.0,21450.0,21450.0,649
202601291115,21500.0,21550.0,21450.0,21550.0,790
202601291130,21450.0,21500.0,21350.0,21500.0,2736
202601291145,21350.0,21500.0,21350.0,21500.0,1411
202601291200,21400.0,21500.0,21350.0,21450.0,2470
202601291215,21450.0,21500.0,21400.0,21400.0,2053
202601291230,21400.0,21500.0,21350.0,21400.0,1967
202601291245,21400.0,21500.0,21350.0,21350.0,1846
202601291300,21350.0,21500.0,21350.0,21400.0,3025
202601291315,21400.0,21550.0,21350.0,21500.0,1665
202601291330,21550.0,21700.0,21500.0,21700.0,2265
202601291345,21600.0,21750.0,21600.0,21750.0,1669
202601291400,21750.0,21750.0,21600.0,21600.0,830
202601291415,21600.0,21750.0,21600.0,21600.0,1206
202601291430,21600.0,21750.0,21600.0,21700.0,1312
202601291445,21750.0,21800.0,21500.0,21700.0,3755
202601291500,21750.0,21800.0,21600.0,21600.0,2220
202601291515,21600.0,21800.0,21600.0,21750.0,1512
202601300900,21550.0,21750.0,21550.0,21700.0,901
202601300915,21650.0,21700.0,21600.0,21700.0,1778
202601300930,21600.0,21700.0,21600.0,21700.0,1862
202601300945,21700.0,21700.0,21600.0,21650.0,2472
202601301000,21650.0,21750.0,21600.0,21700.0,1515
202601301015,21650.0,21700.0,21600.0,21600.0,1578
202601301030,21600.0,21700.0,21550.0,21550.0,2903
202601301045,21550.0,21550.0,21450.0,21500.0,8389
202601301100,21450.0,21650.0,21450.0,21600.0,2761
202601301115,21650.0,21650.0,21500.0,21600.0,647
202601301130,21650.0,21650.0,21550.0,21650.0,748
202601301145,21650.0,21750.0,21600.0,21650.0,2390
202601301200,21700.0,21800.0,21700.0,21750.0,491
202601301215,21700.0,21800.0,21650.0,21750.0,746
202601301230,21700.0,21850.0,21700.0,21800.0,2576
202601301245,21800.0,21850.0,21750.0,21800.0,511
202601301300,21750.0,21850.0,21750.0,21800.0,906
202601301315,21800.0,21900.0,21800.0,21900.0,811
202601301330,21850.0,21950.0,21850.0,21900.0,885
202601301345,21850.0,21950.0,21850.0,21850.0,1022
202601301400,21900.0,22000.0,21850.0,21950.0,2674
202601301415,21950.0,22000.0,21850.0,21950.0,3835
202601301430,21950.0,22000.0,21750.0,21850.0,3947
202601301445,21700.0,21950.0,21700.0,21800.0,2944
202601301500,21750.0,21900.0,21650.0,21750.0,3334
202601301515,21750.0,21850.0,21700.0,21800.0,1402
202602020900,21800.0,21850.0,21450.0,21850.0,2070
202602020915,21850.0,22050.0,21800.0,21950.0,3536
202602020930,21850.0,21900.0,21700.0,21700.0,695
202602020945,21700.0,21900.0,21700.0,21800.0,525
202602021000,21800.0,21850.0,21650.0,21800.0,506
202602021015,21800.0,21900.0,21650.0,21800.0,1909
202602021030,21800.0,21800.0,21650.0,21700.0,442
202602021045,21600.0,21700.0,21600.0,21700.0,627
202602021100,21700.0,21700.0,21500.0,21550.0,781
202602021115,21550.0,21700.0,21450.0,21700.0,505
202602021130,21550.0,21600.0,21500.0,21600.0,3186
202602021145,21600.0,21600.0,21400.0,21500.0,2066
202602021200,21500.0,21500.0,21400.0,21500.0,954
202602021215,21500.0,21500.0,21350.0,21400.0,2719
202602021230,21450.0,21450.0,21300.0,21400.0,351
202602021245,21300.0,21400.0,21250.0,21300.0,1812
202602021300,21300.0,21300.0,21050.0,21150.0,5862
202602021315,21300.0,21550.0,21150.0,21400.0,2579
202602021330,21350.0,21600.0,21350.0,21400.0,1267
202602021345,21500.0,21550.0,21350.0,21500.0,796
202602021400,21500.0,21500.0,21200.0,21250.0,1526
202602021415,21150.0,21300.0,21100.0,21150.0,3206
202602021430,21100.0,21200.0,21050.0,21100.0,2474
202602021445,21100.0,21300.0,21000.0,21250.0,4026
202602021500,21250.0,21300.0,21050.0,21100.0,692
202602021515,21100.0,21300.0,21050.0,21300.0,1209
202602030900,21550.0,21550.0,21250.0,21350.0,810
202602030915,21400.0,21450.0,21200.0,21300.0,658
202602030930,21350.0,21400.0,21250.0,21300.0,1780
202602030945,21300.0,21300.0,21150.0,21250.0,2629
202602031000,21300.0,21300.0,21150.0,21150.0,636
202602031015,21200.0,21300.0,21150.0,21200.0,1175
202602031030,21200.0,21300.0,21200.0,21300.0,263
202602031045,21200.0,21250.0,21150.0,21200.0,2336
202602031100,21200.0,21250.0,21200.0,21200.0,555
202602031115,21200.0,21250.0,21150.0,21150.0,1519
202602031130,21200.0,21250.0,21150.0,21150.0,721
202602031145,21200.0,21250.0,21150.0,21200.0,511
202602031200,21150.0,21200.0,21150.0,21150.0,533
202602031215,21150.0,21200.0,21150.0,21150.0,200
202602031230,21150.0,21250.0,21150.0,21250.0,321
202602031245,21200.0,21250.0,21200.0,21250.0,218
202602031300,21200.0,21300.0,21200.0,21300.0,1216
202602031315,21250.0,21350.0,21200.0,21350.0,1181
202602031330,21350.0,21350.0,21300.0,21300.0,801
202602031345,21300.0,21350.0,21250.0,21350.0,345
202602031400,21250.0,21250.0,21050.0,21100.0,6855
202602031415,21100.0,21150.0,21050.0,21100.0,3662
202602031430,21050.0,21150.0,21000.0,21050.0,1973
202602031445,21100.0,21250.0,21000.0,21200.0,1870
202602031500,21200.0,21300.0,21100.0,21250.0,968
202602031515,21225.0,23600.0,21200.0,22100.0,39484
202602040900,23850.0,24050.0,23350.0,23900.0,28032
202602040915,23950.0,24150.0,23500.0,23900.0,18042
202602040930,23850.0,24850.0,23750.0,24600.0,54152
202602040945,24600.0,25200.0,24600.0,24850.0,48984
202602041000,24850.0,25000.0,24500.0,24950.0,14749
202602041015,24950.0,25250.0,24650.0,25250.0,26583
202602041030,25200.0,25250.0,24900.0,25050.0,12801
202602041045,25100.0,25400.0,25000.0,25300.0,20107
202602041100,25300.0,25550.0,25150.0,25500.0,19666
202602041115,25500.0,25600.0,25200.0,25350.0,11913
202602041130,25350.0,25500.0,25250.0,25250.0,5869
202602041145,25250.0,25550.0,25250.0,25450.0,11614
202602041200,25450.0,25450.0,25200.0,25350.0,6090
202602041215,25400.0,25700.0,25350.0,25500.0,13839
202602041230,25500.0,25600.0,25400.0,25500.0,4974
202602041245,25500.0,25650.0,25450.0,25650.0,4420
202602041300,25650.0,25950.0,25600.0,25650.0,16671
202602041315,25700.0,25950.0,25650.0,25950.0,9434
202602041330,25950.0,26050.0,25850.0,25900.0,11579
202602041345,25900.0,26150.0,25850.0,26150.0,11952
202602041400,26150.0,26300.0,25950.0,26100.0,13395
202602041415,26100.0,26400.0,26000.0,26400.0,9200
202602041430,26350.0,26400.0,25650.0,25900.0,20135
202602041445,25900.0,26050.0,25450.0,25850.0,7929
202602041500,25850.0,26200.0,25800.0,25850.0,9892
202602041515,25850.0,26000.0,25750.0,26000.0,5823
202602050900,25850.0,26550.0,25750.0,25900.0,15639
202602050915,25900.0,26500.0,25900.0,26300.0,11256
202602050930,26250.0,26500.0,26100.0,26350.0,9277
202602050945,26350.0,27500.0,26250.0,27500.0,51878
202602051000,27450.0,27750.0,27300.0,27650.0,27628
202602051015,27650.0,27650.0,27200.0,27250.0,9042
202602051030,27250.0,27550.0,27200.0,27450.0,6358
202602051045,27450.0,27650.0,27300.0,27600.0,7316
202602051100,27600.0,27650.0,27200.0,27450.0,9829
202602051115,27450.0,27800.0,27400.0,27800.0,18568
202602051130,27800.0,28100.0,27650.0,28000.0,25151
202602051145,28000.0,28050.0,27750.0,27800.0,8794
202602051200,27800.0,27950.0,27700.0,27950.0,7123
202602051215,27900.0,28400.0,27850.0,28200.0,32723
202602051230,28250.0,28700.0,28100.0,28600.0,25043
202602051245,28700.0,28800.0,27800.0,28200.0,27664
202602051300,28200.0,28300.0,27800.0,28050.0,10157
202602051315,28075.0,28200.0,27850.0,28150.0,8245
202602051330,28150.0,29100.0,28100.0,28900.0,30819
202602051345,28900.0,29150.0,28800.0,29000.0,14128
202602051400,29000.0,29250.0,28700.0,29100.0,12058
202602051415,29050.0,29100.0,28550.0,28650.0,14351
202602051430,28600.0,28750.0,28200.0,28400.0,13578
202602051445,28500.0,28600.0,27200.0,28200.0,11850
202602051500,28250.0,28450.0,27500.0,28400.0,9464
202602051515,28400.0,28450.0,28000.0,28350.0,4785
202602060900,27050.0,27250.0,26450.0,26500.0,22284
202602060915,26500.0,26750.0,25900.0,26200.0,29406
202602060930,26200.0,26650.0,26150.0,26500.0,11040
202602060945,26500.0,27700.0,26500.0,27700.0,22029
202602061000,27700.0,28250.0,27600.0,27850.0,22452
202602061015,27800.0,27900.0,27500.0,27500.0,15621
202602061030,27550.0,27950.0,27400.0,27850.0,3403
202602061045,27900.0,28050.0,27800.0,28050.0,3316
202602061100,28000.0,28350.0,28000.0,28200.0,5816
202602061115,28250.0,28800.0,28150.0,28700.0,8954
202602061130,28650.0,28850.0,28350.0,28600.0,14468
202602061145,28600.0,28650.0,28300.0,28300.0,4801
202602061200,28300.0,28550.0,27850.0,28000.0,7040
202602061215,28000.0,28200.0,27950.0,28200.0,3938
202602061230,28200.0,28450.0,27850.0,27950.0,3518
202602061245,28050.0,28400.0,28000.0,28150.0,7403
202602061300,28150.0,28200.0,28000.0,28050.0,2875
202602061315,28050.0,28500.0,28000.0,28400.0,8377
202602061330,28400.0,28600.0,28150.0,28450.0,12820
202602061345,28450.0,28600.0,28050.0,28150.0,4282
202602061400,28100.0,28350.0,28000.0,28200.0,2446
202602061415,28250.0,28500.0,28250.0,28450.0,10607
202602061430,28450.0,28600.0,28350.0,28550.0,5844
202602061445,28550.0,28550.0,28200.0,28300.0,8029
202602061500,28300.0,28550.0,28300.0,28550.0,3254
202602061515,28550.0,28600.0,28500.0,28600.0,4468
202602090900,29500.0,29500.0,28650.0,28850.0,21729
202602090915,28950.0,29000.0,28200.0,28400.0,14587
202602090930,28350.0,28600.0,28150.0,28250.0,6091
202602090945,28250.0,28750.0,28200.0,28700.0,5272
202602091000,28800.0,29000.0,28600.0,29000.0,5238
202602091015,29050.0,29600.0,29000.0,29350.0,16908
202602091030,29350.0,29900.0,29250.0,29650.0,14225
202602091045,29700.0,30000.0,29500.0,29750.0,11900
202602091100,29650.0,29800.0,28700.0,29250.0,5930
202602091115,29200.0,29500.0,29150.0,29400.0,2670
202602091130,29400.0,29650.0,29350.0,29600.0,3295
202602091145,29650.0,29800.0,29500.0,29600.0,5892
202602091200,29650.0,29650.0,29500.0,29600.0,2258
202602091215,29550.0,29650.0,29500.0,29600.0,2315
202602091230,29600.0,29650.0,29400.0,29450.0,3515
202602091245,29500.0,29550.0,29250.0,29450.0,4223
202602091300,29400.0,29900.0,29350.0,29800.0,14156
202602091315,29800.0,29900.0,29300.0,29750.0,9878
202602091330,29750.0,29800.0,29450.0,29800.0,4718
202602091345,29750.0,29900.0,29650.0,29800.0,3589
202602091400,29800.0,29800.0,29650.0,29700.0,3487
202602091415,29700.0,29800.0,29650.0,29700.0,2580
202602091430,29700.0,29750.0,29550.0,29650.0,2721
202602091445,29650.0,29700.0,29450.0,29550.0,2657
202602091500,29550.0,29650.0,29300.0,29350.0,8940
202602091515,29350.0,29400.0,29100.0,29100.0,4148
202602100900,29600.0,30600.0,29550.0,30500.0,21711
202602100915,30550.0,30600.0,30150.0,30400.0,17146
202602100930,30400.0,31400.0,30400.0,30900.0,39834
202602100945,30700.0,31000.0,30450.0,30950.0,13071
202602101000,30950.0,30950.0,30700.0,30750.0,3498
202602101015,30750.0,31100.0,30700.0,30900.0,15115
202602101030,30950.0,31000.0,30400.0,30750.0,8785
202602101045,30750.0,31200.0,30700.0,31050.0,10297
202602101100,31050.0,31150.0,30950.0,31000.0,4021
202602101115,31000.0,31100.0,30950.0,31050.0,5492
202602101130,31050.0,31050.0,30550.0,30750.0,4819
202602101145,30600.0,30800.0,30500.0,30750.0,2588
202602101200,30750.0,30750.0,30600.0,30750.0,2682
202602101215,30750.0,30750.0,30550.0,30600.0,2357
202602101230,30600.0,30700.0,30550.0,30650.0,2054
202602101245,30650.0,30750.0,30350.0,30550.0,7765
202602101300,30600.0,30750.0,30550.0,30750.0,1550
202602101315,30800.0,30800.0,30550.0,30600.0,3730
202602101330,30600.0,30800.0,30600.0,30750.0,2791
202602101345,30700.0,31050.0,30700.0,31000.0,4604
202602101400,31050.0,31150.0,30900.0,31000.0,5815
202602101415,31000.0,31150.0,31000.0,31100.0,4762
202602101430,31100.0,31150.0,31000.0,31000.0,2875
202602101445,31000.0,31300.0,31000.0,31100.0,6853
202602101500,31100.0,31250.0,31000.0,31000.0,2124
202602101515,31000.0,31100.0,30850.0,30850.0,3626
202602110900,30600.0,30850.0,29650.0,29750.0,9688
202602110915,29750.0,30000.0,29650.0,30000.0,3314
202602110930,30000.0,30000.0,29550.0,29700.0,6807
202602110945,29750.0,29950.0,29500.0,29500.0,4830
202602111000,29500.0,29750.0,29350.0,29750.0,2197
202602111015,29800.0,30050.0,29700.0,29850.0,2079
202602111030,29850.0,29950.0,29800.0,29850.0,2325
202602111045,29900.0,29900.0,29800.0,29800.0,1273
202602111100,29850.0,30050.0,29850.0,29900.0,1607
202602111115,29850.0,29950.0,29700.0,29900.0,2239
202602111130,29900.0,29950.0,29850.0,29900.0,1422
202602111145,29900.0,29950.0,29850.0,29900.0,1295
202602111200,29900.0,29950.0,29700.0,29800.0,4015
202602111215,29750.0,30550.0,29700.0,30550.0,4074
202602111230,30450.0,30700.0,30350.0,30600.0,5394
202602111245,30600.0,30900.0,30450.0,30550.0,5957
202602111300,30550.0,31050.0,30500.0,30650.0,7797
202602111315,30600.0,30900.0,30400.0,30450.0,5072
202602111330,30450.0,30600.0,30300.0,30450.0,4316
202602111345,30450.0,30550.0,30300.0,30450.0,4257
202602111400,30400.0,30700.0,30350.0,30600.0,3566
202602111415,30700.0,30700.0,30400.0,30550.0,4659
202602111430,30600.0,30950.0,30450.0,30850.0,5429
202602111445,30900.0,31100.0,30750.0,30850.0,4795
202602111500,30850.0,31050.0,30650.0,31050.0,8827
202602111515,31050.0,31300.0,30750.0,31000.0,3078
202602120900,30800.0,32900.0,30600.0,32450.0,35347
202602120915,32450.0,34900.0,32450.0,34000.0,48711
202602120930,34050.0,35600.0,33800.0,35550.0,50646
202602120945,35600.0,36000.0,34550.0,34550.0,29736
202602121000,34650.0,34800.0,34050.0,34250.0,14660
202602121015,34250.0,34300.0,33650.0,33950.0,15237
202602121030,33900.0,34200.0,33550.0,34000.0,7868
202602121045,34000.0,34150.0,33500.0,34050.0,4774
202602121100,34050.0,34300.0,33950.0,34150.0,5372
202602121115,34150.0,34250.0,33950.0,34100.0,4876
202602121130,34100.0,34200.0,33900.0,34000.0,3734
202602121145,34000.0,34200.0,33950.0,34150.0,3214
202602121200,34150.0,34150.0,33950.0,34100.0,3344
202602121215,34050.0,34250.0,34000.0,34250.0,3356
202602121230,34300.0,34350.0,34150.0,34200.0,4858
202602121245,34200.0,34200.0,33800.0,34000.0,3680
202602121300,33950.0,34000.0,33850.0,33950.0,1808
202602121315,33950.0,34000.0,33850.0,34000.0,2368
202602121330,34000.0,34250.0,33850.0,34200.0,5289
202602121345,34200.0,34200.0,33900.0,34050.0,2441
202602121400,34050.0,34150.0,33950.0,33950.0,2705
202602121415,33950.0,34150.0,33850.0,33950.0,2438
202602121430,33850.0,34100.0,33850.0,34000.0,4519
202602121445,33950.0,34150.0,33900.0,34000.0,3501
202602121500,34100.0,35000.0,34100.0,34600.0,12523
202602121515,34600.0,34950.0,34450.0,34950.0,9619
202602130900,34700.0,38250.0,34700.0,37300.0,44660
202602130915,37250.0,38200.0,36350.0,36750.0,33816
202602130930,36600.0,37850.0,36550.0,37350.0,10034
202602130945,37350.0,37900.0,37100.0,37650.0,10580
202602131000,37650.0,38800.0,37650.0,38800.0,35250
202602131015,38800.0,39000.0,38400.0,38650.0,17193
202602131030,38650.0,38700.0,37950.0,38000.0,6886
202602131045,38000.0,38400.0,37650.0,37800.0,8938
202602131100,37850.0,38200.0,37800.0,38050.0,4911
202602131115,38100.0,38600.0,38000.0,38550.0,7869
202602131130,38500.0,38550.0,38350.0,38450.0,2456
202602131145,38450.0,38500.0,38300.0,38450.0,3874
202602131200,38400.0,38500.0,38250.0,38400.0,3831
202602131215,38400.0,38850.0,38300.0,38800.0,8730
202602131230,38750.0,39450.0,38700.0,38900.0,14163
202602131245,38900.0,39150.0,38850.0,38950.0,12011
202602131300,38950.0,39700.0,38900.0,39550.0,23790
202602131315,39550.0,40500.0,39500.0,40000.0,50899
202602131330,39850.0,39900.0,38550.0,39150.0,33713
202602131345,39150.0,39900.0,38950.0,39700.0,9320
202602131400,39750.0,39750.0,39200.0,39550.0,11056
202602131415,39550.0,39750.0,39300.0,39650.0,6696
202602131430,39700.0,39800.0,39300.0,39350.0,7587
202602131445,39350.0,39500.0,39000.0,39300.0,7286
202602131500,39150.0,39350.0,38900.0,39200.0,7907
202602131515,39150.0,39650.0,39050.0,39650.0,6076
202602190900,41250.0,41850.0,40050.0,40150.0,36563
202602190915,40200.0,40500.0,39200.0,39500.0,37519
202602190930,39500.0,41800.0,39450.0,40150.0,54053
202602190945,40000.0,40400.0,40000.0,40300.0,8293
202602191000,40300.0,41300.0,40250.0,41150.0,12468
202602191015,41050.0,41100.0,40800.0,41050.0,5449
202602191030,41050.0,41250.0,40850.0,41250.0,5129
202602191045,41250.0,42100.0,41000.0,41750.0,22003
202602191100,41750.0,41800.0,41350.0,41700.0,7999
202602191115,41750.0,42000.0,41600.0,41750.0,6621
202602191130,41750.0,42000.0,41550.0,41600.0,4915
202602191145,41600.0,41650.0,41400.0,41550.0,2618
202602191200,41600.0,41950.0,41500.0,41650.0,6590
202602191215,41700.0,43400.0,41650.0,43400.0,31881
202602191230,43350.0,45100.0,43200.0,44900.0,32650
202602191245,44750.0,47200.0,44300.0,46700.0,32075
202602191300,46700.0,47500.0,44900.0,44950.0,34403
202602191315,44950.0,45800.0,44400.0,45050.0,21449
202602191330,45150.0,45150.0,44900.0,44900.0,6112
202602191345,44900.0,44950.0,44300.0,44300.0,9664
202602191400,44350.0,44350.0,44150.0,44200.0,3352
202602191415,44250.0,44250.0,43650.0,43750.0,8621
202602191430,43800.0,44650.0,43650.0,44650.0,7703
202602191445,44650.0,46200.0,44650.0,46200.0,24917
202602191500,46100.0,46350.0,45350.0,46000.0,16711
202602191515,46000.0,46300.0,45650.0,46050.0,5386
202602200900,44100.0,45600.0,43400.0,45500.0,19645
202602200915,45500.0,46900.0,45200.0,45200.0,18153
202602200930,45150.0,45650.0,44250.0,45600.0,12049
202602200945,45550.0,46900.0,45200.0,46300.0,13695
202602201000,46350.0,46350.0,45200.0,45250.0,6449
202602201015,45250.0,45500.0,45050.0,45400.0,3682
202602201030,45350.0,45650.0,45050.0,45050.0,6650
202602201045,45100.0,45300.0,44750.0,44750.0,4362
202602201100,44750.0,45300.0,44450.0,45000.0,11464
202602201115,44950.0,45550.0,44800.0,45200.0,8696
202602201130,45250.0,45250.0,44800.0,44950.0,2542
202602201145,44950.0,45900.0,44950.0,45850.0,5907
202602201200,45650.0,45875.0,45250.0,45600.0,4224
202602201215,45600.0,45650.0,45200.0,45450.0,3291
202602201230,45450.0,45550.0,45150.0,45300.0,2918
202602201245,45350.0,46250.0,45150.0,46250.0,6942
202602201300,46150.0,46200.0,45750.0,46050.0,4036
202602201315,46100.0,46100.0,45400.0,45750.0,4313
202602201330,45800.0,45900.0,45600.0,45800.0,2108
202602201345,45850.0,46050.0,45700.0,46000.0,2975
202602201400,46050.0,46450.0,45950.0,46450.0,8407
202602201415,46450.0,46550.0,45950.0,46200.0,5096
202602201430,46200.0,46200.0,46000.0,46150.0,1893
202602201445,46150.0,46150.0,45900.0,46050.0,2038
202602201500,46050.0,46100.0,45850.0,45950.0,2260
202602201515,45950.0,46100.0,45850.0,46100.0,2113
202602230900,47900.0,49350.0,47050.0,49350.0,62666
202602230915,49300.0,49500.0,48950.0,49450.0,20044
202602230930,49450.0,51500.0,49450.0,51400.0,36486
202602230945,51100.0,56500.0,50900.0,54600.0,80258
202602231000,54600.0,54700.0,53200.0,53200.0,15407
202602231015,53200.0,53200.0,50000.0,50000.0,23932
202602231030,50100.0,50100.0,49200.0,49200.0,19266
202602231045,49200.0,49350.0,47550.0,48600.0,18237
202602231100,48550.0,49650.0,48500.0,49600.0,13931
202602231115,49600.0,49650.0,49250.0,49350.0,5353
202602231130,49400.0,52000.0,49350.0,49650.0,14587
202602231145,49600.0,49750.0,49450.0,49450.0,4878
202602231200,49450.0,49700.0,49200.0,49200.0,5835
202602231215,49200.0,49400.0,48950.0,49350.0,6360
202602231230,49350.0,49450.0,48500.0,48550.0,9682
202602231245,48550.0,48700.0,47550.0,47550.0,14205
202602231300,47550.0,48800.0,46750.0,48800.0,21701
202602231315,48750.0,49750.0,47500.0,48050.0,12728
202602231330,48050.0,48250.0,47700.0,47700.0,12084
202602231345,47700.0,47700.0,46200.0,46400.0,15381
202602231400,46400.0,47800.0,46400.0,46550.0,13952
202602231415,46550.0,46650.0,44900.0,46550.0,20244
202602231430,46550.0,46800.0,45650.0,45700.0,7376
202602231445,45700.0,45850.0,42950.0,42950.0,62843
202602231500,43000.0,46150.0,41350.0,42150.0,63625
202602231515,42150.0,44050.0,41600.0,44050.0,19293
202602240900,45600.0,47100.0,41000.0,43450.0,51399
202602240915,43450.0,43600.0,40850.0,41800.0,48380
202602240930,41750.0,42000.0,40850.0,41100.0,31688
202602240945,41100.0,41100.0,40700.0,40950.0,37504
202602241000,41000.0,41750.0,41000.0,41250.0,14785
202602241015,41200.0,41500.0,40800.0,40800.0,10308
202602241030,40800.0,40950.0,40500.0,40500.0,32858
202602241045,40450.0,40700.0,40000.0,40050.0,24358
202602241100,40000.0,40200.0,38900.0,40150.0,45026
202602241115,40150.0,40850.0,40150.0,40850.0,17024
202602241130,40850.0,40900.0,40350.0,40500.0,8383
202602241145,40550.0,40800.0,40500.0,40650.0,5356
202602241200,40700.0,41450.0,40650.0,41400.0,8495
202602241215,41400.0,42000.0,41350.0,41950.0,13942
202602241230,41950.0,42200.0,41800.0,42200.0,8717
202602241245,42200.0,43000.0,42150.0,42700.0,12606
202602241300,42850.0,45500.0,42850.0,45200.0,32936
202602241315,45200.0,46650.0,45150.0,45900.0,25184
202602241330,45850.0,47000.0,45650.0,46300.0,13441
202602241345,46300.0,48000.0,46250.0,46875.0,24995
202602241400,46875.0,47000.0,46100.0,47000.0,8761
202602241415,47000.0,47200.0,46800.0,47000.0,10338
202602241430,47000.0,47450.0,46950.0,47150.0,16973
202602241445,47150.0,47500.0,47000.0,47400.0,12349
202602241500,47400.0,47650.0,47150.0,47200.0,11268
202602241515,47200.0,47600.0,47050.0,47050.0,5845
202602250900,50400.0,52500.0,48500.0,50400.0,74140
202602250915,50300.0,51800.0,49800.0,50300.0,21957
202602250930,50300.0,50500.0,47900.0,49750.0,19036
202602250945,49750.0,49950.0,48800.0,48800.0,13478
202602251000,48850.0,49750.0,48800.0,49550.0,9092
202602251015,49550.0,50600.0,49150.0,50000.0,12797
202602251030,49900.0,50900.0,49250.0,49250.0,7724
202602251045,49250.0,49950.0,48350.0,48550.0,16451
202602251100,48600.0,49900.0,48250.0,49250.0,5791
202602251115,49300.0,49750.0,48750.0,48850.0,4449
202602251130,48850.0,49550.0,48100.0,48100.0,7704
202602251145,48150.0,48800.0,48150.0,48500.0,4474
202602251200,48500.0,49200.0,48450.0,49000.0,3829
202602251215,48850.0,49150.0,48600.0,48800.0,4171
202602251230,48700.0,49550.0,48350.0,49450.0,5376
202602251245,49300.0,49700.0,49100.0,49700.0,4858
202602251300,49650.0,49700.0,49450.0,49450.0,4938
202602251315,49400.0,49700.0,49350.0,49400.0,3936
202602251330,49350.0,49550.0,49000.0,49000.0,5759
202602251345,49000.0,49400.0,48850.0,49250.0,4732
202602251400,49150.0,49650.0,49050.0,49350.0,4785
202602251415,49350.0,49350.0,48800.0,49050.0,6654
202602251430,49050.0,49600.0,48900.0,49000.0,5946
202602251445,48950.0,49550.0,48900.0,49350.0,3857
202602251500,49350.0,49400.0,48800.0,48850.0,2494
202602251515,48850.0,48850.0,48700.0,48850.0,2596
202602260900,48550.0,48550.0,46650.0,46650.0,26177
202602260915,46800.0,47000.0,45450.0,45500.0,20882
202602260930,45500.0,46000.0,45050.0,45650.0,18648
202602260945,45700.0,46300.0,45450.0,45600.0,10245
202602261000,45600.0,46900.0,45600.0,46900.0,4595
202602261015,46900.0,48000.0,45800.0,45800.0,10299
202602261030,45900.0,46800.0,45750.0,46400.0,3930
202602261045,46650.0,47000.0,46200.0,46500.0,3933
202602261100,46650.0,46800.0,46500.0,46800.0,2815
202602261115,46800.0,47000.0,46600.0,46600.0,4427
202602261130,46600.0,46650.0,46550.0,46550.0,3875
202602261145,46550.0,46600.0,46500.0,46500.0,4180
202602261200,46500.0,46900.0,46250.0,46450.0,3164
202602261215,46500.0,46500.0,46300.0,46500.0,2157
202602261230,46500.0,47000.0,46450.0,46900.0,5688
202602261245,46900.0,46900.0,46450.0,46450.0,2591
202602261300,46425.0,46650.0,46300.0,46350.0,2812
202602261315,46350.0,46650.0,46350.0,46400.0,3047
202602261330,46400.0,46400.0,46300.0,46400.0,2744
202602261345,46300.0,46450.0,46200.0,46250.0,4168
202602261400,46250.0,46250.0,46200.0,46200.0,3952
202602261415,46200.0,46250.0,45800.0,45800.0,5862
202602261430,45800.0,45800.0,45500.0,45600.0,5789
202602261445,45600.0,45900.0,45550.0,45700.0,3990
202602261500,45700.0,45900.0,45500.0,45650.0,8685
202602261515,45600.0,45650.0,45550.0,45550.0,2317
202602270900,46075.0,46250.0,43500.0,43950.0,21363
202602270915,43950.0,46450.0,43800.0,46450.0,9453
202602270930,46500.0,46900.0,45400.0,45450.0,10173
202602270945,45450.0,47600.0,45300.0,47400.0,21544
202602271000,47400.0,49350.0,46700.0,46950.0,31832
202602271015,46950.0,47100.0,46150.0,46350.0,4010
202602271030,46350.0,46500.0,45950.0,45950.0,5607
202602271045,45950.0,48150.0,45550.0,47750.0,15248
202602271100,47700.0,49650.0,47450.0,49500.0,29642
202602271115,49500.0,49500.0,49000.0,49050.0,8088
202602271130,49100.0,49300.0,48750.0,48850.0,7280
202602271145,48800.0,50500.0,48750.0,49850.0,22696
202602271200,49850.0,49900.0,49150.0,49500.0,6406
202602271215,49450.0,51400.0,49450.0,51300.0,27467
202602271230,51100.0,52000.0,50600.0,50700.0,27067
202602271245,50600.0,51900.0,50200.0,50500.0,13603
202602271300,50500.0,50900.0,49050.0,49200.0,11712
202602271315,49350.0,50700.0,49300.0,50200.0,7921
202602271330,50200.0,50800.0,49400.0,49500.0,7841
202602271345,49550.0,50900.0,49500.0,50200.0,10421
202602271400,50300.0,50500.0,49200.0,49600.0,12395
202602271415,49550.0,51000.0,49550.0,50900.0,17042
202602271430,50900.0,51400.0,50000.0,50900.0,13017
202602271445,51000.0,51200.0,50300.0,50900.0,11865
202602271500,50900.0,51200.0,50400.0,50400.0,10714
202602271515,50500.0,51000.0,50400.0,50400.0,4265
202603030900,50600.0,52600.0,48150.0,48800.0,31042
202603030915,48800.0,48800.0,48300.0,48750.0,12449
202603030930,48800.0,49100.0,48250.0,49100.0,13301
202603030945,49100.0,50600.0,49100.0,49250.0,10372
202603031000,49200.0,49250.0,48000.0,48150.0,22010
202603031015,48100.0,49000.0,47800.0,48900.0,7242
202603031030,48800.0,49200.0,48750.0,49100.0,5232
202603031045,49150.0,50100.0,48800.0,49000.0,9095
202603031100,49000.0,49100.0,48300.0,48400.0,4437
202603031115,48400.0,48750.0,48200.0,48450.0,6121
202603031130,48550.0,48950.0,48200.0,48350.0,3402
202603031145,48400.0,48650.0,48200.0,48250.0,3176
202603031200,48200.0,48800.0,47500.0,47500.0,7658
202603031215,47500.0,47650.0,46850.0,46850.0,9506
202603031230,46900.0,47300.0,46700.0,47050.0,4352
202603031245,47050.0,49400.0,47000.0,49300.0,7575
202603031300,49300.0,49950.0,48050.0,49650.0,10224
202603031315,49650.0,50300.0,48900.0,50200.0,10305
202603031330,50200.0,50500.0,49150.0,50100.0,8391
202603031345,50100.0,50500.0,49000.0,49350.0,10555
202603031400,49350.0,50000.0,47450.0,47600.0,8761
202603031415,47650.0,48200.0,47575.0,47800.0,6666
202603031430,47650.0,47950.0,47550.0,47700.0,3628
202603031445,47700.0,47700.0,47250.0,47250.0,10923
202603031500,47275.0,47500.0,47150.0,47300.0,7202
202603031515,47300.0,47600.0,47000.0,47600.0,2747
202603040900,45450.0,46650.0,42000.0,46000.0,30128
202603040915,46000.0,48600.0,45500.0,48050.0,16457
202603040930,47800.0,47800.0,44600.0,45000.0,12316
202603040945,45000.0,45900.0,44450.0,45725.0,11081
202603041000,45550.0,45700.0,44200.0,44250.0,5056
202603041015,44200.0,44350.0,42500.0,43650.0,20126
202603041030,43650.0,45000.0,43500.0,44500.0,9645
202603041045,44500.0,44850.0,43400.0,44200.0,7879
202603041100,44200.0,44250.0,42850.0,42950.0,15026
202603041115,42900.0,42950.0,42850.0,42850.0,1768
202603041145,42400.0,44050.0,39700.0,41400.0,36933
202603041200,41350.0,41600.0,38250.0,39050.0,36372
202603041215,39400.0,41450.0,38150.0,39950.0,32334
202603041230,40300.0,41450.0,38000.0,41450.0,37330
202603041245,41450.0,42450.0,40000.0,40800.0,22016
202603041300,40700.0,41500.0,40500.0,40750.0,13368
202603041315,40700.0,41050.0,40250.0,40450.0,6550
202603041330,40400.0,42000.0,40300.0,41400.0,6362
202603041345,41400.0,41800.0,41300.0,41450.0,5650
202603041400,41700.0,42200.0,41450.0,42100.0,6799
202603041415,42100.0,42250.0,41300.0,41350.0,10604
202603041430,41300.0,41300.0,40250.0,40450.0,6587
202603041445,40450.0,41250.0,40400.0,40550.0,10134
202603041500,40550.0,41000.0,39900.0,40000.0,19001
202603041515,39950.0,40000.0,39100.0,39100.0,8918
202603050900,43600.0,45850.0,43500.0,45850.0,22846
202603050915,45750.0,46400.0,44500.0,44700.0,11587
202603050930,44600.0,44750.0,44000.0,44300.0,10962
202603050945,44300.0,45000.0,44300.0,44650.0,2899
202603051000,44600.0,44650.0,44050.0,44350.0,2417
202603051015,44400.0,44500.0,44050.0,44350.0,3364
202603051030,44350.0,44500.0,43600.0,43600.0,7979
202603051045,43550.0,43550.0,41900.0,42700.0,14018
202603051100,42950.0,43000.0,42550.0,42750.0,7850
202603051115,42700.0,43300.0,42700.0,43050.0,6155
202603051130,43050.0,44700.0,43050.0,43800.0,6842
202603051145,43800.0,44100.0,43350.0,43400.0,2969
202603051200,43450.0,43550.0,43100.0,43100.0,1311
202603051215,43150.0,43400.0,42850.0,42950.0,3204
202603051230,42900.0,43150.0,41450.0,43000.0,13606
202603051245,43100.0,43400.0,42500.0,42500.0,13403
202603051300,42500.0,43400.0,42100.0,42950.0,15471
202603051315,42700.0,43450.0,42700.0,43200.0,8805
202603051330,43200.0,44350.0,43000.0,44200.0,7393
202603051345,44200.0,44950.0,44100.0,44700.0,3411
202603051400,44700.0,45300.0,44450.0,45250.0,39771
202603051415,45250.0,45350.0,45100.0,45100.0,5085
202603051430,45100.0,45700.0,44650.0,45500.0,3916
202603051445,45500.0,46000.0,44700.0,45400.0,8588
202603051500,45400.0,46000.0,44950.0,45350.0,6911
202603051515,45000.0,45150.0,44550.0,44550.0,3949
202603060900,43750.0,49500.0,43100.0,48850.0,43677
202603060915,48850.0,51000.0,48150.0,49800.0,60070
202603060930,49850.0,50400.0,48950.0,49350.0,30136
202603060945,49450.0,50600.0,48650.0,49050.0,20256
202603061000,48950.0,49050.0,47600.0,47650.0,12795
202603061015,47650.0,47650.0,46050.0,46500.0,16988
202603061030,46500.0,48150.0,46350.0,47900.0,8472
202603061045,47800.0,48100.0,47200.0,48000.0,8791
202603061100,47500.0,49000.0,47400.0,48500.0,3348
202603061115,48500.0,49250.0,48500.0,48700.0,5197
202603061130,48800.0,49600.0,48600.0,48900.0,4067
202603061145,48950.0,49150.0,48750.0,48900.0,2428
202603061200,48900.0,49500.0,48900.0,48900.0,3212
202603061215,49000.0,49000.0,48500.0,49000.0,4489
202603061230,49000.0,49000.0,47500.0,48300.0,5441
202603061245,48300.0,49000.0,48300.0,48600.0,2506
202603061300,48950.0,49350.0,48550.0,49000.0,3983
202603061315,49050.0,49050.0,48500.0,48600.0,5139
202603061330,48550.0,48550.0,47800.0,48000.0,3638
202603061345,48000.0,48850.0,47900.0,48550.0,6036
202603061400,48550.0,48550.0,48100.0,48100.0,2313
202603061415,48050.0,48850.0,48000.0,48500.0,5583
202603061430,48700.0,49500.0,48300.0,49150.0,8397
202603061445,49200.0,49300.0,48550.0,48750.0,7963
202603061500,48900.0,49300.0,48700.0,48900.0,7291
202603061515,48850.0,49250.0,48850.0,49250.0,2511
202603090900,49550.0,53200.0,49500.0,51500.0,140063
202603090915,51200.0,51400.0,49150.0,49950.0,37254
202603090930,49950.0,51500.0,49900.0,50700.0,22193
202603090945,50700.0,51000.0,49600.0,49950.0,21343
202603091000,49950.0,50600.0,49800.0,50000.0,8474
202603091015,50000.0,50000.0,47900.0,48350.0,33000
202603091030,48350.0,48350.0,48050.0,48050.0,117
202603091100,48250.0,49800.0,47800.0,49450.0,14249
202603091115,49500.0,50200.0,48850.0,50100.0,9394
202603091130,50100.0,50600.0,49900.0,49950.0,8769
202603091145,49950.0,50000.0,49750.0,49950.0,4392
202603091200,49950.0,49950.0,49600.0,49650.0,2665
202603091215,49650.0,49900.0,49600.0,49600.0,3317
202603091230,49550.0,49750.0,49250.0,49300.0,6407
202603091245,49300.0,49500.0,48850.0,48950.0,4916
202603091300,48975.0,49000.0,48650.0,48750.0,3717
202603091315,48750.0,51000.0,48300.0,50600.0,18542
202603091330,50900.0,51800.0,50400.0,51100.0,26722
202603091345,51000.0,51500.0,49800.0,51100.0,26582
202603091400,51000.0,51100.0,49000.0,49200.0,14630
202603091415,49200.0,49650.0,48850.0,49250.0,12659
202603091430,49550.0,50400.0,49000.0,49850.0,24022
202603091445,49950.0,50400.0,49150.0,49400.0,21287
202603091500,49200.0,49650.0,49150.0,49250.0,12498
202603091515,49250.0,50300.0,49200.0,50300.0,6633
202603100900,53000.0,55800.0,51600.0,55800.0,34077
202603100915,56000.0,58400.0,55100.0,57800.0,47545
202603100930,57500.0,57900.0,56800.0,56800.0,26713
202603100945,56800.0,57500.0,56500.0,56900.0,15318
202603101000,56700.0,57700.0,56500.0,57000.0,9656
202603101015,57000.0,57500.0,56700.0,57100.0,9361
202603101030,56900.0,57600.0,56800.0,57600.0,11683
202603101045,57600.0,57600.0,57000.0,57000.0,8879
202603101100,57100.0,57600.0,56900.0,57300.0,9343
202603101115,57300.0,57400.0,56200.0,56600.0,26377
202603101130,56600.0,57500.0,56100.0,56900.0,11108
202603101145,56800.0,57500.0,55300.0,55800.0,11492
202603101200,56000.0,56700.0,55400.0,55900.0,5165
202603101215,55900.0,56900.0,55600.0,56000.0,5165
202603101230,56000.0,57000.0,55800.0,56200.0,5061
202603101245,55900.0,56400.0,55500.0,56000.0,5385
202603101300,56100.0,57400.0,55400.0,56700.0,6541
202603101315,56500.0,57400.0,56200.0,56500.0,6034
202603101330,56400.0,57300.0,56300.0,56900.0,6032
202603101345,56900.0,57300.0,56300.0,56900.0,5627
202603101400,56700.0,57700.0,56500.0,57300.0,6900
202603101415,57400.0,57400.0,56800.0,57200.0,2202
202603101430,57200.0,57600.0,57100.0,57100.0,3877
202603101445,57300.0,57700.0,56700.0,57200.0,4480
202603101500,57300.0,57800.0,57200.0,57700.0,5006
202603101515,57700.0,57700.0,57300.0,57300.0,5125
202603110900,57800.0,58300.0,56500.0,57500.0,16276
202603110915,57500.0,57600.0,55300.0,56700.0,14341
202603110930,56600.0,57000.0,56100.0,56300.0,7643
202603110945,56300.0,58000.0,56100.0,57800.0,6894
202603111000,58000.0,58000.0,57100.0,57600.0,6658
202603111015,57300.0,57800.0,57000.0,57800.0,5679
202603111030,57700.0,57800.0,56800.0,57100.0,5565
202603111045,57000.0,57400.0,56900.0,57200.0,5511
202603111100,57200.0,58000.0,57100.0,57700.0,5340
202603111115,57700.0,58000.0,57600.0,57900.0,4324
202603111130,58000.0,58200.0,57600.0,58000.0,4392
202603111145,58000.0,58800.0,57600.0,57900.0,5945
202603111200,57800.0,57800.0,56500.0,57000.0,4486
202603111215,56900.0,57200.0,56300.0,56800.0,3035
202603111230,56800.0,57300.0,56600.0,57300.0,2489
202603111245,57300.0,58900.0,57100.0,58700.0,10163
202603111300,58700.0,58700.0,56500.0,58200.0,4732
202603111315,58100.0,58700.0,57900.0,57900.0,3198
202603111330,57900.0,57900.0,56900.0,57100.0,2466
202603111345,57100.0,58000.0,56700.0,57900.0,4807
202603111400,57800.0,58300.0,57500.0,57700.0,3717
202603111415,57650.0,57700.0,57200.0,57400.0,2956
202603111430,57400.0,57500.0,56400.0,56500.0,6572
202603111445,56500.0,56800.0,56000.0,56200.0,6534
202603111500,56100.0,57000.0,55700.0,56800.0,7341
202603111515,56700.0,56900.0,56500.0,56500.0,2243
202603120900,56600.0,59700.0,56500.0,59200.0,14371
202603120915,59200.0,59500.0,57700.0,58800.0,6941
202603120930,58800.0,59200.0,58200.0,58900.0,3921
202603120945,58500.0,59000.0,57900.0,58900.0,3476
202603121000,58900.0,60000.0,58400.0,60000.0,10756
202603121015,60000.0,61200.0,59800.0,60800.0,35673
202603121030,60700.0,61300.0,60300.0,61000.0,24019
202603121045,61000.0,61800.0,60900.0,61700.0,25769
202603121100,61700.0,61700.0,60500.0,60600.0,7015
202603121115,60800.0,61500.0,60600.0,61200.0,5900
202603121130,61300.0,61500.0,60100.0,61100.0,8071
202603121145,61100.0,61700.0,60800.0,61500.0,5547
202603121200,61500.0,61800.0,60900.0,61600.0,8065
202603121215,61600.0,61700.0,60800.0,61500.0,9417
202603121230,61600.0,61800.0,61100.0,61400.0,6207
202603121245,61500.0,61800.0,61300.0,61800.0,6392
202603121300,61400.0,61900.0,61100.0,61800.0,7565
202603121315,61800.0,62000.0,60900.0,61300.0,8190
202603121330,61300.0,62000.0,61100.0,61400.0,4272
202603121345,61500.0,61800.0,60900.0,61400.0,6501
202603121400,61400.0,61700.0,60800.0,61000.0,4543
202603121415,60900.0,61000.0,60300.0,60500.0,2120
202603121430,60400.0,60500.0,59900.0,60100.0,4353
202603121445,60200.0,61500.0,60100.0,60800.0,8050
202603121500,60900.0,61500.0,60200.0,60800.0,6546
202603121515,60800.0,61000.0,60700.0,60800.0,1317
202603130900,59700.0,60000.0,58300.0,59000.0,14783
202603130915,59000.0,59800.0,58700.0,58900.0,11752
202603130930,58900.0,59000.0,56900.0,57200.0,23895
202603130945,57000.0,60000.0,56900.0,59100.0,9346
202603131000,59300.0,60500.0,58400.0,60100.0,9731
202603131015,59900.0,62000.0,59800.0,60800.0,24661
202603131030,60800.0,62000.0,60800.0,61900.0,25494
202603131045,61600.0,62200.0,60800.0,61200.0,12162
202603131100,61000.0,62300.0,61000.0,62300.0,9345
202603131115,62300.0,62700.0,61900.0,62700.0,8165
202603131130,62700.0,62800.0,61800.0,62400.0,5723
202603131145,62300.0,62500.0,61800.0,62500.0,3292
202603131200,62500.0,65800.0,62100.0,65400.0,28548
202603131215,65500.0,65900.0,64100.0,65000.0,18157
202603131230,64700.0,65900.0,64400.0,65800.0,10293
202603131245,65800.0,65900.0,63600.0,63800.0,7245
202603131300,63800.0,64700.0,63600.0,64200.0,8041
202603131315,64400.0,65300.0,64000.0,64500.0,9467
202603131330,64500.0,64500.0,63800.0,64000.0,7953
202603131345,64000.0,64200.0,63300.0,63700.0,6337
202603131400,63700.0,64100.0,63000.0,63300.0,7601
202603131415,63300.0,63600.0,63000.0,63400.0,7808
202603131430,63600.0,64400.0,63100.0,63400.0,12094
202603131445,63400.0,63800.0,62400.0,63600.0,16531
202603131500,63500.0,63600.0,63200.0,63200.0,2765
202603131515,63300.0,64000.0,63000.0,63300.0,3502
202603160900,64800.0,64900.0,62300.0,63300.0,13329
202603160915,63100.0,63200.0,60900.0,61200.0,16554
202603160930,61200.0,62200.0,61200.0,62100.0,7581
202603160945,62100.0,62100.0,59500.0,60200.0,13974
202603161000,60200.0,60900.0,59000.0,59200.0,11926
202603161015,59100.0,59100.0,57200.0,57800.0,28006
202603161030,57800.0,59500.0,57500.0,59500.0,13138
202603161045,59400.0,60500.0,59100.0,60400.0,19758
202603161100,60400.0,60400.0,59300.0,59300.0,10218
202603161115,59600.0,60300.0,59300.0,59400.0,9979
202603161130,59400.0,59800.0,59300.0,59400.0,6874
202603161145,59400.0,60200.0,59000.0,59700.0,3566
202603161200,59500.0,60200.0,59200.0,59300.0,3373
202603161215,59300.0,60000.0,59000.0,59700.0,2584
202603161230,59500.0,60400.0,59200.0,59500.0,3215
202603161245,59500.0,59900.0,59300.0,59900.0,1833
202603161300,59600.0,59900.0,59100.0,59200.0,3483
202603161315,59300.0,60300.0,59200.0,59200.0,3735
202603161330,59400.0,59700.0,58700.0,58900.0,3876
202603161345,59000.0,60000.0,58900.0,59900.0,3460
202603161400,59900.0,60100.0,58500.0,58600.0,5033
202603161415,58600.0,58700.0,58000.0,58000.0,8866
202603161430,58000.0,59200.0,57500.0,59100.0,4252
202603161445,59200.0,59800.0,59000.0,59200.0,5851
202603161500,59200.0,59400.0,58500.0,58600.0,2655
202603161515,58600.0,58800.0,58100.0,58100.0,3737
202603170900,58300.0,58400.0,56900.0,57300.0,8454
202603170915,57300.0,58000.0,57000.0,57200.0,6941
202603170930,57200.0,57200.0,55700.0,56000.0,7621
202603170945,55900.0,57500.0,55400.0,56300.0,12421
202603171000,56300.0,56600.0,55800.0,56100.0,5012
202603171015,56300.0,56500.0,56000.0,56100.0,2339
202603171030,56100.0,57500.0,56100.0,57400.0,3724
202603171045,57400.0,58700.0,57300.0,57700.0,8402
202603171100,57700.0,58000.0,56900.0,57200.0,4553
202603171115,57300.0,57500.0,57100.0,57400.0,2093
202603171130,57200.0,57500.0,57100.0,57200.0,1211
202603171145,57200.0,57400.0,56700.0,56800.0,2157
202603171200,56700.0,56800.0,56400.0,56500.0,2309
202603171215,56400.0,56500.0,56000.0,56000.0,5229
202603171230,56000.0,56100.0,55300.0,55800.0,8706
202603171245,55800.0,56000.0,55000.0,55750.0,4096
202603171300,55800.0,55900.0,55300.0,55800.0,1796
202603171315,55700.0,55700.0,55000.0,55400.0,9776
202603171330,55400.0,55700.0,55000.0,55100.0,6712
202603171345,55100.0,55300.0,54700.0,55000.0,8042
202603171400,54900.0,55100.0,54600.0,54600.0,3234
202603171415,54600.0,54700.0,54400.0,54700.0,2351
202603171430,54700.0,54700.0,54200.0,54300.0,5071
202603171445,54400.0,54800.0,54000.0,54100.0,7995
202603171500,54200.0,54300.0,53600.0,53700.0,13915
202603171515,53700.0,54600.0,53500.0,54600.0,4616
202603180900,54100.0,54200.0,52800.0,53300.0,15199
202603180915,53100.0,54300.0,52000.0,53700.0,19967
202603180930,53700.0,53700.0,52000.0,52200.0,11423
202603180945,52200.0,52300.0,51600.0,51800.0,13405
202603181000,51700.0,52800.0,51350.0,52700.0,12770
202603181015,52700.0,53700.0,52600.0,53300.0,5242
202603181030,53300.0,54100.0,52600.0,53800.0,9713
202603181045,53600.0,54300.0,52900.0,53200.0,4970
202603181100,53200.0,53300.0,52600.0,53100.0,5575
202603181115,52800.0,53500.0,52800.0,53400.0,1160
202603181130,53300.0,53400.0,52900.0,53100.0,1532
202603181145,53100.0,53900.0,53000.0,53700.0,5602
202603181200,53800.0,54000.0,53200.0,53400.0,2489
202603181215,53400.0,53700.0,53300.0,53300.0,1178
202603181230,53400.0,53400.0,53200.0,53200.0,2508
202603181245,53300.0,53400.0,53200.0,53200.0,2567
202603181300,53200.0,53200.0,53000.0,53200.0,3285
202603181315,53200.0,53400.0,53000.0,53100.0,2049
202603181330,53200.0,53600.0,52900.0,53000.0,2917
202603181345,53000.0,53100.0,52700.0,52800.0,4909
202603181400,52700.0,52800.0,52500.0,52700.0,2241
202603181415,52700.0,52800.0,52600.0,52700.0,2358
202603181430,52600.0,53200.0,52600.0,53100.0,2069
202603181445,53100.0,53100.0,52800.0,53000.0,1986
202603181500,53000.0,53200.0,52800.0,52900.0,6259
202603181515,52900.0,53000.0,52800.0,52900.0,2939
202603190900,53600.0,54300.0,52100.0,53600.0,14136
202603190915,53500.0,54700.0,52800.0,53600.0,19711
202603190930,53500.0,54500.0,53500.0,53900.0,7697
202603190945,53800.0,54300.0,52600.0,52900.0,8045
202603191000,52800.0,53500.0,52600.0,53200.0,4301
202603191015,53200.0,53700.0,52900.0,53400.0,2644
202603191030,53500.0,53800.0,53100.0,53100.0,3937
202603191045,53200.0,53700.0,53100.0,53400.0,3483
202603191100,53400.0,53600.0,53000.0,53300.0,3837
202603191115,53400.0,53800.0,53200.0,53600.0,1641
202603191130,53600.0,53700.0,53100.0,53200.0,2104
202603191145,53200.0,53200.0,52700.0,52700.0,2001
202603191200,52800.0,52800.0,52700.0,52800.0,520
202603191215,52800.0,52800.0,51900.0,52100.0,6263
202603191230,52100.0,52100.0,51600.0,52000.0,3867
202603191245,52200.0,52500.0,51700.0,51900.0,3027
202603191300,52200.0,52700.0,51900.0,52700.0,2288
202603191315,52700.0,52700.0,52300.0,52600.0,1628
202603191330,52600.0,53000.0,52300.0,52600.0,1825
202603191345,52400.0,53000.0,52000.0,52700.0,2128
202603191400,52600.0,53100.0,52400.0,52600.0,2005
202603191415,52600.0,53100.0,52300.0,52300.0,2030
202603191430,52500.0,53000.0,52100.0,52500.0,2711
202603191445,52300.0,52900.0,52200.0,52300.0,3467
202603191500,52400.0,52700.0,51600.0,52000.0,3956
202603191515,52000.0,52300.0,51700.0,52200.0,1920
202603200900,53500.0,55700.0,53100.0,53300.0,19614
202603200915,53300.0,53700.0,52700.0,53300.0,5254
202603200930,53200.0,53400.0,52100.0,52300.0,7396
202603200945,52300.0,52600.0,52000.0,52200.0,4728
202603201000,52100.0,53500.0,52000.0,53500.0,4746
202603201015,53500.0,55500.0,53300.0,54600.0,11850
202603201030,54700.0,56100.0,54000.0,55600.0,9190
202603201045,55600.0,57600.0,55400.0,55500.0,16001
202603201100,55300.0,55600.0,54200.0,54800.0,12786
202603201115,54800.0,55000.0,54400.0,54800.0,2167
202603201130,54700.0,55100.0,54500.0,55100.0,2550
202603201145,55200.0,56100.0,55000.0,55600.0,6883
202603201200,55500.0,56700.0,55200.0,56700.0,5599
202603201215,56700.0,57500.0,56500.0,57100.0,5410
202603201230,57100.0,57400.0,56600.0,57300.0,2993
202603201245,57200.0,58700.0,56800.0,58200.0,10048
202603201300,58200.0,59900.0,57400.0,59700.0,14254
202603201315,59700.0,62000.0,59100.0,60000.0,47699
202603201330,59900.0,60900.0,59100.0,60500.0,17786
202603201345,60400.0,64700.0,60200.0,64700.0,44396
202603201400,64000.0,64200.0,61600.0,62900.0,32876
202603201415,62950.0,63200.0,62300.0,62700.0,14122
202603201430,62700.0,64800.0,61400.0,61600.0,24266
202603201445,61700.0,63800.0,60300.0,61800.0,26562
202603201500,61700.0,64200.0,60600.0,62500.0,22661
202603201515,62500.0,63400.0,61900.0,62500.0,11528
202603230900,58900.0,60500.0,57800.0,59400.0,23754
202603230915,59400.0,60400.0,58900.0,59500.0,6079
202603230930,59500.0,60000.0,58600.0,58700.0,5799
202603230945,58700.0,59600.0,58000.0,58900.0,13722
202603231000,58900.0,61000.0,58800.0,60000.0,10128
202603231015,60000.0,60250.0,59600.0,59600.0,1518
202603231030,59600.0,59700.0,59100.0,59300.0,2232
202603231045,59400.0,59700.0,58400.0,58400.0,2769
202603231100,58500.0,58600.0,58200.0,58400.0,1364
202603231115,58400.0,58500.0,58200.0,58400.0,2217
202603231130,58400.0,58500.0,58100.0,58200.0,3780
202603231145,58200.0,58300.0,58100.0,58200.0,509
202603231200,58100.0,58600.0,58000.0,58500.0,1192
202603231215,58300.0,58400.0,58200.0,58400.0,634
202603231230,58200.0,58600.0,58200.0,58300.0,684
202603231245,58300.0,58400.0,58100.0,58200.0,2395
202603231300,58100.0,58200.0,57800.0,58000.0,4007
202603231315,58000.0,58300.0,57900.0,58100.0,1762
202603231330,58100.0,58200.0,57900.0,58100.0,915
202603231345,58000.0,58000.0,56300.0,57200.0,6380
202603231400,57400.0,58900.0,57400.0,58900.0,4529
202603231415,58800.0,59900.0,58500.0,59000.0,6768
202603231430,58700.0,59800.0,58200.0,59100.0,11209
202603231445,58900.0,59300.0,58300.0,58400.0,11230
202603231500,58400.0,58400.0,57000.0,57200.0,15445
202603231515,57200.0,57700.0,57000.0,57300.0,2930
202603240900,62800.0,63000.0,60200.0,60700.0,19548
202603240915,60600.0,61400.0,60100.0,61200.0,8526
202603240930,61300.0,61500.0,59900.0,60000.0,7401
202603240945,60100.0,60400.0,58500.0,58800.0,7642
202603241000,58700.0,59800.0,58300.0,59700.0,5335
202603241015,59500.0,61000.0,59500.0,60600.0,4745
202603241030,60600.0,62000.0,60500.0,61500.0,6623
202603241045,61500.0,61500.0,60200.0,61400.0,14711
202603241100,61200.0,62300.0,61200.0,61700.0,5534
202603241115,61800.0,62200.0,60700.0,61000.0,3657
202603241130,61100.0,62300.0,61000.0,61800.0,2392
202603241145,61800.0,62600.0,61800.0,62000.0,2695
202603241200,62000.0,62100.0,61500.0,61500.0,1530
202603241215,61500.0,62300.0,61500.0,62300.0,1200
202603241230,62000.0,62300.0,61800.0,62000.0,1165
202603241245,62200.0,64000.0,61900.0,64000.0,13422
202603241300,64000.0,65800.0,63400.0,65500.0,20098
202603241315,65700.0,65800.0,64400.0,64900.0,8801
202603241330,64900.0,65000.0,63900.0,64000.0,6355
202603241345,64000.0,64500.0,63600.0,64000.0,5613
202603241400,64300.0,64300.0,63000.0,63900.0,6887
202603241415,63900.0,64200.0,62900.0,63200.0,5581
202603241430,63000.0,63800.0,63000.0,63600.0,3294
202603241445,63600.0,63800.0,62900.0,63700.0,7353
202603241500,63600.0,64000.0,62900.0,63300.0,9321
202603241515,63100.0,63500.0,63100.0,63400.0,1883
202603250900,66800.0,66800.0,62100.0,63300.0,27178
202603250915,63100.0,63400.0,60900.0,62500.0,17811
202603250930,62500.0,63400.0,62000.0,63100.0,7463
202603250945,63100.0,64000.0,62900.0,63400.0,6343
202603251000,63200.0,64500.0,63000.0,63400.0,3729
202603251015,63400.0,64000.0,63400.0,63500.0,2606
202603251030,63600.0,63700.0,62300.0,62400.0,5034
202603251045,62500.0,63600.0,62300.0,63000.0,2537
202603251100,62900.0,62900.0,62200.0,62200.0,1495
202603251115,62300.0,62400.0,62000.0,62400.0,2461
202603251130,62400.0,62600.0,62100.0,62100.0,1133
202603251145,62200.0,62600.0,62000.0,62100.0,1056
202603251200,62100.0,62400.0,61700.0,62000.0,2852
202603251215,62000.0,62600.0,61700.0,62500.0,808
202603251230,62400.0,62600.0,61700.0,62000.0,1350
202603251245,62000.0,62200.0,61600.0,61600.0,1849
202603251300,61650.0,61650.0,60900.0,61200.0,5434
202603251315,61200.0,61900.0,61000.0,61400.0,2480
202603251330,61200.0,61400.0,60900.0,61200.0,3280
202603251345,61200.0,62400.0,61100.0,62200.0,4715
202603251400,62200.0,62200.0,61400.0,61600.0,2451
202603251415,61450.0,62800.0,61100.0,62200.0,5003
202603251430,62200.0,62400.0,61400.0,61800.0,6877
202603251445,61800.0,62000.0,61300.0,61700.0,4583
202603251500,61700.0,62000.0,61400.0,61800.0,3799
202603251515,61900.0,62200.0,61800.0,62000.0,2890
202603260900,63200.0,65700.0,63100.0,64700.0,13355
202603260915,64700.0,66700.0,64600.0,66400.0,12454
202603260930,66300.0,67500.0,66100.0,66800.0,15199
202603260945,66700.0,67500.0,66300.0,67200.0,7223
202603261000,67300.0,68000.0,67200.0,67300.0,7020
202603261015,67500.0,67600.0,66400.0,66400.0,6006
202603261030,66600.0,67100.0,66400.0,66900.0,3568
202603261045,66800.0,66900.0,65300.0,66000.0,8187
202603261100,66000.0,66100.0,65300.0,65800.0,7464
202603261115,65800.0,65800.0,65000.0,65700.0,6018
202603261130,65700.0,65800.0,64800.0,65800.0,3479
202603261145,65600.0,65800.0,65200.0,65500.0,2601
202603261200,65600.0,66000.0,65200.0,65800.0,2758
202603261215,65900.0,66300.0,65700.0,65800.0,3148
202603261230,65900.0,66300.0,65700.0,65700.0,2629
202603261245,65700.0,66300.0,65600.0,65700.0,3316
202603261300,65800.0,66100.0,65300.0,66000.0,3853
202603261315,65800.0,66500.0,65500.0,65600.0,6440
202603261330,65700.0,65700.0,65000.0,65400.0,3901
202603261345,65400.0,65400.0,64400.0,64700.0,4405
202603261400,64800.0,65400.0,64300.0,64700.0,2840
202603261415,64700.0,65000.0,64100.0,64400.0,3918
202603261430,64400.0,64600.0,63900.0,64200.0,4603
202603261445,64200.0,64200.0,62900.0,63100.0,17773
202603261500,63100.0,63300.0,62700.0,62700.0,6308
202603261515,62700.0,63000.0,62500.0,63000.0,7867
202603270900,63300.0,64600.0,62500.0,62600.0,7797
202603270915,62600.0,64000.0,62300.0,63400.0,6460
202603270930,63400.0,64300.0,63200.0,63700.0,4084
202603270945,63700.0,64500.0,62600.0,63300.0,7456
202603271000,63200.0,64900.0,63100.0,64600.0,5489
202603271015,64600.0,64800.0,63800.0,64400.0,2792
202603271030,64300.0,64900.0,64100.0,64800.0,3363
202603271045,64800.0,65100.0,64400.0,65100.0,5850
202603271100,64800.0,65300.0,64700.0,65000.0,4110
202603271115,64900.0,65200.0,63900.0,64300.0,2999
202603271130,64300.0,64800.0,63700.0,64800.0,3683
202603271145,64800.0,65100.0,64700.0,64900.0,2155
202603271200,64700.0,65500.0,64600.0,65300.0,3152
202603271215,65300.0,65500.0,64800.0,65000.0,2662
202603271230,65000.0,66900.0,65000.0,66000.0,7722
202603271245,66000.0,66800.0,65900.0,66600.0,5339
202603271300,66600.0,67000.0,66500.0,67000.0,4305
202603271315,67000.0,68000.0,66900.0,67400.0,10845
202603271330,67400.0,68000.0,67100.0,68000.0,5354
202603271345,68000.0,68000.0,67100.0,67900.0,5968
202603271400,67900.0,68000.0,65400.0,66600.0,19636
202603271415,66500.0,67200.0,66300.0,66700.0,5187
202603271430,66700.0,67500.0,66500.0,67200.0,5419
202603271445,67100.0,67300.0,66400.0,66600.0,4712
202603271500,66700.0,66700.0,65600.0,65900.0,6103
202603271515,65900.0,66500.0,65600.0,66500.0,2774
202603300900,65000.0,67400.0,63700.0,64500.0,18021
202603300915,64500.0,64600.0,62100.0,62200.0,10276
202603300930,62600.0,64500.0,62200.0,63300.0,16051
202603300945,63300.0,64800.0,62800.0,63500.0,14612
202603301000,63500.0,63700.0,62900.0,63200.0,1997
202603301015,63000.0,63700.0,62900.0,63100.0,2324
202603301030,63000.0,63700.0,62900.0,63400.0,1176
202603301045,63500.0,64000.0,63000.0,63000.0,3919
202603301100,63000.0,63800.0,62900.0,63400.0,1523
202603301115,63400.0,63400.0,62500.0,63000.0,3526
202603301130,63000.0,63100.0,62600.0,63000.0,702
202603301145,62900.0,63400.0,62500.0,62800.0,1583
202603301200,62600.0,63400.0,62500.0,62900.0,956
202603301215,62900.0,63400.0,62700.0,63100.0,1024
202603301230,63000.0,63300.0,62800.0,63200.0,1089
202603301245,63200.0,63500.0,62700.0,62800.0,1355
202603301300,62700.0,63000.0,62700.0,62800.0,794
202603301315,62750.0,63400.0,62500.0,63000.0,1765
202603301330,63100.0,63800.0,62900.0,63300.0,1801
202603301345,63300.0,63400.0,62900.0,63000.0,981
202603301400,63100.0,63700.0,63000.0,63400.0,1363
202603301415,63200.0,63800.0,62700.0,63000.0,4725
202603301430,63000.0,63400.0,62900.0,63200.0,954
202603301445,63000.0,63100.0,61900.0,61900.0,8650
202603301500,61800.0,62700.0,61000.0,62100.0,8555
202603301515,62300.0,62500.0,61800.0,61800.0,1982
202603310900,59700.0,60900.0,58000.0,59900.0,28389
202603310915,59900.0,59900.0,58500.0,59200.0,11593
202603310930,59000.0,59100.0,58100.0,58600.0,6016
202603310945,58900.0,59900.0,58500.0,59400.0,6815
202603311000,59300.0,59700.0,59000.0,59300.0,2512
202603311015,59300.0,59500.0,59000.0,59200.0,2074
202603311030,59100.0,59500.0,58900.0,59000.0,2477
202603311045,58900.0,59800.0,58600.0,59100.0,7442
202603311100,59100.0,59700.0,58700.0,59000.0,2873
202603311115,59100.0,59400.0,58800.0,59000.0,2748
202603311130,59100.0,59300.0,58800.0,58900.0,2656
202603311145,58900.0,59300.0,58400.0,58600.0,4485
202603311200,58700.0,59300.0,58500.0,58800.0,2524
202603311215,59000.0,59300.0,58300.0,58300.0,2577
202603311230,58400.0,58700.0,57800.0,58000.0,5741
202603311245,58000.0,58100.0,57200.0,57700.0,13033
202603311300,57700.0,57900.0,57300.0,57500.0,3371
202603311315,57500.0,58300.0,57200.0,58100.0,5171
202603311330,58100.0,58200.0,57600.0,58100.0,1528
202603311345,58100.0,58400.0,57300.0,57800.0,4976
202603311400,57900.0,58300.0,57200.0,57600.0,3402
202603311415,57500.0,58000.0,57400.0,57900.0,2561
202603311430,57900.0,58100.0,57500.0,57700.0,1820
202603311445,57700.0,58100.0,57600.0,57700.0,2245
202603311500,57700.0,57800.0,57300.0,57500.0,4266
202603311515,57300.0,58100.0,57200.0,57600.0,1517
202604010900,61000.0,63000.0,60800.0,62700.0,7445
202604010915,62200.0,63200.0,62000.0,63100.0,6665
202604010930,63100.0,64300.0,62600.0,63700.0,5791
202604010945,63600.0,65800.0,63100.0,65500.0,20858
202604011000,65500.0,66200.0,64500.0,65900.0,11903
202604011015,65900.0,66300.0,65800.0,65800.0,5178
202604011030,66000.0,66200.0,64600.0,64700.0,6269
202604011045,64800.0,64900.0,64100.0,64100.0,2041
202604011100,64100.0,64100.0,63100.0,63200.0,3740
202604011115,63300.0,63300.0,62300.0,62600.0,3220
202604011130,62600.0,62900.0,62400.0,62600.0,6194
202604011145,62700.0,62700.0,62000.0,62000.0,2973
202604011200,62100.0,62200.0,61500.0,61800.0,3950
202604011215,61700.0,62500.0,61500.0,61900.0,6111
202604011230,62000.0,62000.0,61000.0,61000.0,4034
202604011245,61200.0,61600.0,59000.0,59100.0,20827
202604011300,59000.0,59500.0,57500.0,58100.0,31197
202604011315,58000.0,59400.0,57700.0,59200.0,10270
202604011330,59200.0,61000.0,59100.0,60600.0,9169
202604011345,60300.0,60400.0,59100.0,59600.0,4648
202604011400,59600.0,59900.0,59100.0,59200.0,3953
202604011415,59200.0,60900.0,59000.0,59600.0,5925
202604011430,59700.0,60600.0,59200.0,59900.0,7523
202604011445,59700.0,60700.0,59600.0,60000.0,12778
202604011500,60000.0,60400.0,59600.0,60000.0,6705
202604011515,60000.0,60500.0,59900.0,60500.0,2216
202604020900,57300.0,58600.0,56800.0,57800.0,13116
202604020915,57400.0,57900.0,56400.0,57100.0,11750
202604020930,57200.0,57300.0,55800.0,56500.0,12804
202604020945,56600.0,57200.0,56500.0,57000.0,4011
202604021000,57000.0,57700.0,56800.0,57100.0,3518
202604021015,57200.0,57300.0,56000.0,56100.0,5025
202604021030,56000.0,57000.0,55600.0,55600.0,13226
202604021045,55600.0,56100.0,54700.0,55600.0,10828
202604021100,55900.0,55900.0,55000.0,55500.0,6833
202604021115,55500.0,55500.0,55000.0,55000.0,3403
202604021130,55000.0,55100.0,54700.0,55100.0,2694
202604021145,55000.0,55100.0,54500.0,54600.0,2662
202604021200,54600.0,54900.0,54200.0,54600.0,3211
202604021215,54600.0,54800.0,53600.0,54300.0,11600
202604021230,54200.0,54300.0,53500.0,53900.0,6064
202604021245,54000.0,54100.0,53500.0,54000.0,4628
202604021300,53900.0,54400.0,53500.0,54000.0,2163
202604021315,54200.0,54400.0,53700.0,53900.0,4219
202604021330,54000.0,54100.0,53700.0,53800.0,2222
202604021345,53800.0,54600.0,53800.0,54400.0,3074
202604021400,54600.0,54700.0,54200.0,54200.0,1819
202604021415,54200.0,54400.0,53400.0,53600.0,14126
202604021430,53700.0,53900.0,53300.0,53300.0,7255
202604021445,53300.0,53400.0,52800.0,53000.0,7216
202604021500,53000.0,54300.0,52800.0,53800.0,6850
202604021515,53800.0,54400.0,53800.0,54200.0,2425
202604030900,54300.0,54600.0,52700.0,53700.0,21436
202604030915,53700.0,54900.0,53500.0,54500.0,8014
202604030930,54500.0,55400.0,54200.0,55400.0,9543
202604030945,55100.0,57500.0,54800.0,57100.0,7461
202604031000,57000.0,57400.0,56500.0,56900.0,5038
202604031015,57000.0,57300.0,56100.0,57200.0,4593
202604031030,57100.0,57300.0,56700.0,57000.0,3592
202604031045,57000.0,57300.0,56200.0,57100.0,4899
202604031100,57100.0,57300.0,56400.0,56600.0,6171
202604031115,56600.0,57300.0,56200.0,57000.0,11564
202604031130,57000.0,57000.0,56100.0,56600.0,3918
202604031145,56300.0,56900.0,55800.0,56700.0,4256
202604031200,56900.0,57000.0,56500.0,56700.0,3175
202604031215,56600.0,56900.0,56200.0,56800.0,3178
202604031230,56800.0,57000.0,56300.0,56900.0,4235
202604031245,56900.0,57000.0,56300.0,56600.0,3335
202604031300,56300.0,56900.0,56200.0,56500.0,4419
202604031315,56800.0,57800.0,56600.0,57800.0,7406
202604031330,57800.0,57900.0,56900.0,57100.0,7202
202604031345,56900.0,57300.0,56500.0,56600.0,4618
202604031400,56800.0,57300.0,56500.0,56500.0,4344
202604031415,56700.0,56800.0,56400.0,56600.0,1346
202604031430,56700.0,57000.0,56600.0,56600.0,1742
202604031445,56600.0,56900.0,56400.0,56500.0,1768
202604031500,56900.0,57000.0,56400.0,56700.0,1577
202604031515,56500.0,57000.0,56200.0,56800.0,983
202604060900,58100.0,58100.0,54900.0,55600.0,25650
202604060915,55300.0,55400.0,53800.0,53900.0,9311
202604060930,54100.0,54500.0,53700.0,54200.0,11255
202604060945,54100.0,55800.0,53600.0,55700.0,7698
202604061000,55700.0,56300.0,55400.0,55500.0,6194
202604061015,55500.0,55900.0,55200.0,55200.0,2997
202604061030,55200.0,55500.0,54900.0,55000.0,5950
202604061045,55000.0,55500.0,54900.0,55100.0,4513
202604061100,55100.0,56300.0,55100.0,56200.0,4221
202604061115,56300.0,56900.0,56300.0,56900.0,4334
202604061130,56800.0,56900.0,55900.0,55900.0,4535
202604061145,56000.0,56200.0,55600.0,55700.0,1525
202604061200,55800.0,55800.0,55200.0,55500.0,1491
202604061215,55600.0,55600.0,54900.0,55300.0,1983
202604061230,55200.0,55400.0,54800.0,54800.0,1757
202604061245,54800.0,54900.0,54600.0,54600.0,1179
202604061300,54700.0,54900.0,54100.0,54100.0,2018
202604061315,54300.0,54900.0,54100.0,54700.0,1671
202604061330,54600.0,55400.0,54600.0,55000.0,1776
202604061345,55000.0,55100.0,54700.0,54700.0,1433
202604061400,54800.0,54900.0,54600.0,54600.0,1813
202604061415,54600.0,54700.0,54300.0,54400.0,1316
202604061430,54500.0,54800.0,54400.0,54500.0,1746
202604061445,54500.0,55000.0,54100.0,54900.0,4525
202604061500,54700.0,55000.0,54300.0,54500.0,5012
202604061515,54500.0,54900.0,54300.0,54900.0,796
202604070900,55400.0,55800.0,53800.0,54000.0,8601
202604070915,54000.0,54100.0,52800.0,53500.0,8614
202604070930,53500.0,53600.0,52900.0,53400.0,5545
202604070945,53200.0,53400.0,52500.0,52600.0,4410
202604071000,52600.0,52600.0,52000.0,52200.0,12587
202604071015,52200.0,52400.0,51400.0,52000.0,12774
202604071030,52100.0,52700.0,51300.0,51600.0,8104
202604071045,51700.0,51800.0,50800.0,50800.0,33257
202604071100,51000.0,51700.0,50800.0,51400.0,9523
202604071115,51300.0,51600.0,51100.0,51200.0,2287
202604071130,51200.0,51300.0,51000.0,51000.0,1598
202604071145,51000.0,51100.0,50400.0,50600.0,12284
202604071200,50600.0,51000.0,50300.0,51000.0,5446
202604071215,50800.0,50900.0,50300.0,50500.0,2610
202604071230,50600.0,50700.0,49950.0,50000.0,18880
202604071245,50200.0,50300.0,49650.0,49650.0,16550
202604071300,49700.0,51600.0,49200.0,51200.0,14206
202604071315,51000.0,51600.0,50700.0,51300.0,6915
202604071330,51300.0,51800.0,51000.0,51800.0,4732
202604071345,51700.0,52000.0,51400.0,51500.0,4659
202604071400,51600.0,52100.0,51400.0,51400.0,3708
202604071415,51400.0,51700.0,51200.0,51500.0,3740
202604071430,51400.0,52000.0,51300.0,51600.0,5696
202604071445,51700.0,52100.0,51500.0,51900.0,6508
202604071500,51900.0,52200.0,51700.0,52200.0,6739
202604071515,52200.0,52200.0,51500.0,51500.0,2398
202604080900,53800.0,54200.0,51200.0,52300.0,15539
202604080915,52400.0,53000.0,52200.0,52200.0,7431
202604080930,52300.0,52500.0,51700.0,51800.0,7192
202604080945,51800.0,53100.0,51800.0,52000.0,5325
202604081000,52000.0,52200.0,50400.0,50500.0,54786
202604081015,50400.0,50500.0,49750.0,50000.0,24427
202604081030,50200.0,51500.0,50100.0,51300.0,12461
202604081045,51200.0,51400.0,50800.0,51300.0,3419
202604081100,51000.0,51800.0,50900.0,51600.0,4145
202604081115,51600.0,51800.0,51100.0,51200.0,2593
202604081130,51300.0,51500.0,51000.0,51100.0,1983
202604081145,51200.0,51700.0,51100.0,51600.0,2324
202604081200,51500.0,52000.0,51500.0,51800.0,4203
202604081215,51800.0,52300.0,51600.0,52200.0,3932
202604081230,52200.0,52200.0,51600.0,51900.0,3186
202604081245,51900.0,52200.0,51700.0,52000.0,911
202604081300,51900.0,52400.0,51900.0,52000.0,3980
202604081315,52000.0,52000.0,51300.0,51400.0,6042
202604081330,51400.0,52000.0,51400.0,51700.0,2830
202604081345,51700.0,51700.0,51200.0,51600.0,4866
202604081400,51500.0,51600.0,51300.0,51400.0,3068
202604081415,51400.0,51900.0,51400.0,51800.0,4773
202604081430,51800.0,52000.0,51400.0,51900.0,5185
202604081445,51900.0,52700.0,51900.0,52100.0,9248
202604081500,52100.0,52200.0,51700.0,52000.0,3466
202604081515,52000.0,52700.0,51700.0,52300.0,10675
202604090900,51700.0,51900.0,51100.0,51500.0,5250
202604090915,51500.0,52600.0,51200.0,52200.0,4254
202604090930,52200.0,52200.0,51500.0,51500.0,1632
202604090945,51600.0,52800.0,51200.0,52600.0,5572
202604091000,52700.0,53200.0,52300.0,52500.0,3310
202604091015,52500.0,52900.0,51800.0,51900.0,2785
202604091030,52000.0,52100.0,51300.0,51800.0,8099
202604091045,51700.0,51800.0,51500.0,51800.0,1470
202604091100,51800.0,51900.0,51100.0,51200.0,3972
202604091115,51200.0,52000.0,51100.0,51400.0,1674
202604091130,51300.0,51900.0,51200.0,51300.0,1274
202604091145,51600.0,51600.0,51100.0,51200.0,1421
202604091200,51100.0,51900.0,51100.0,51400.0,1111
202604091215,51500.0,51800.0,51200.0,51200.0,766
202604091230,51300.0,52100.0,51200.0,51600.0,1530
202604091245,51600.0,52200.0,51500.0,51600.0,1693
202604091300,51600.0,51700.0,51200.0,51300.0,1108
202604091315,51300.0,51800.0,51100.0,51400.0,1071
202604091330,51300.0,51700.0,51300.0,51400.0,1164
202604091345,51400.0,51900.0,51300.0,51700.0,1279
202604091400,51700.0,51900.0,51400.0,51400.0,1385
202604091415,51300.0,51600.0,51300.0,51400.0,1693
202604091430,51400.0,51900.0,51400.0,51800.0,1698
202604091445,51600.0,52000.0,51500.0,51700.0,1412
202604091500,51600.0,51900.0,51500.0,51600.0,1752
202604091515,51600.0,51700.0,51400.0,51600.0,1874
202604100900,53300.0,54900.0,52900.0,53100.0,4146
202604100915,53000.0,53100.0,52400.0,52600.0,6329
202604100930,52500.0,53000.0,52100.0,52900.0,1963
202604100945,52900.0,53200.0,52600.0,53100.0,1574
202604101000,53200.0,54500.0,53000.0,54300.0,5611
202604101015,54200.0,54200.0,53500.0,53600.0,1866
202604101030,53600.0,54200.0,53500.0,54100.0,2115
202604101045,54000.0,54100.0,53700.0,53900.0,1262
202604101100,53900.0,54200.0,53700.0,53800.0,2164
202604101115,53800.0,53900.0,53500.0,53700.0,1415
202604101130,53700.0,54000.0,53600.0,53700.0,993
202604101145,53700.0,53900.0,53600.0,53800.0,716
202604101200,53800.0,53900.0,53200.0,53200.0,2104
202604101215,53200.0,53400.0,52700.0,53000.0,1179
202604101230,53000.0,53400.0,52600.0,52800.0,791
202604101245,52800.0,53400.0,52600.0,53100.0,924
202604101300,53000.0,54500.0,52900.0,53800.0,4811
202604101315,53900.0,54100.0,53600.0,53700.0,1751
202604101330,53700.0,55500.0,53600.0,55100.0,7069
202604101345,55100.0,55200.0,54600.0,55000.0,2923
202604101400,54900.0,56100.0,54800.0,56000.0,7183
202604101415,56000.0,56100.0,55600.0,55800.0,6842
202604101430,55700.0,56500.0,55500.0,56200.0,3879
202604101445,56200.0,56800.0,56000.0,56600.0,9119
202604101500,56600.0,57100.0,56500.0,56800.0,13467
202604101515,56800.0,57000.0,56100.0,56900.0,10861
202604130900,56300.0,58000.0,56300.0,57200.0,8991
202604130915,57300.0,57600.0,56000.0,56200.0,5151
202604130930,56000.0,56200.0,55000.0,55100.0,5041
202604130945,55100.0,55200.0,54600.0,54600.0,9123
202604131000,54600.0,54600.0,53800.0,54000.0,4691
202604131015,54100.0,54600.0,53700.0,54100.0,6480
202604131030,54100.0,54400.0,53800.0,53900.0,2738
202604131045,54000.0,54800.0,54000.0,54500.0,4128
202604131100,54500.0,54800.0,54300.0,54600.0,2477
202604131115,54700.0,55400.0,54600.0,55000.0,7106
202604131130,55000.0,55100.0,54600.0,54600.0,1456
202604131145,54500.0,54800.0,54500.0,54700.0,718
202604131200,54700.0,54700.0,54500.0,54500.0,734
202604131215,54500.0,54600.0,54400.0,54500.0,575
202604131230,54500.0,54900.0,54400.0,54700.0,1131
202604131245,54700.0,55500.0,54700.0,55200.0,1775
202604131300,55300.0,55800.0,55100.0,55500.0,2287
202604131315,55600.0,55800.0,55400.0,55400.0,949
202604131330,55400.0,55800.0,55400.0,55600.0,1893
202604131345,55600.0,55900.0,55500.0,55800.0,1767
202604131400,55900.0,56200.0,55800.0,56000.0,2561
202604131415,56100.0,57100.0,55900.0,57100.0,5785
202604131430,56800.0,57200.0,56600.0,56700.0,3186
202604131445,56700.0,56900.0,56400.0,56900.0,3656
202604131500,56600.0,56900.0,56100.0,56200.0,2677
202604131515,56300.0,56400.0,56100.0,56400.0,1866
202604140900,57000.0,57000.0,54300.0,55200.0,10144
202604140915,55200.0,55300.0,53000.0,53100.0,22213
202604140930,53000.0,53500.0,52700.0,52700.0,11113
202604140945,52800.0,54000.0,52500.0,54000.0,5759
202604141000,53800.0,54000.0,53000.0,53400.0,6654
202604141015,53400.0,53700.0,52500.0,52500.0,7827
202604141030,52500.0,52800.0,52200.0,52600.0,6347
202604141045,52600.0,53100.0,52600.0,53000.0,4619
202604141100,53100.0,53200.0,52600.0,52900.0,3684
202604141115,53100.0,53300.0,52800.0,53100.0,1922
202604141130,53200.0,53200.0,52600.0,53200.0,3548
202604141145,53200.0,53200.0,52800.0,53100.0,2559
202604141200,53100.0,53200.0,52800.0,52800.0,1850
202604141215,52800.0,52900.0,52400.0,52700.0,6917
202604141230,52700.0,53100.0,52600.0,52800.0,3316
202604141245,52800.0,53400.0,52700.0,53200.0,2602
202604141300,53150.0,53700.0,53000.0,53400.0,3010
202604141315,53500.0,53800.0,53000.0,53000.0,4718
202604141330,53100.0,53400.0,52900.0,53200.0,3844
202604141345,53100.0,53600.0,52100.0,52300.0,18071
202604141400,52300.0,52600.0,52000.0,52200.0,14015
202604141415,52100.0,52300.0,51600.0,52100.0,19793
202604141430,52200.0,52700.0,52000.0,52400.0,13668
202604141445,52400.0,52400.0,52000.0,52200.0,11886
202604141500,52200.0,52700.0,52100.0,52500.0,8852
202604141515,52300.0,52900.0,52300.0,52800.0,4901
202604150900,53000.0,53100.0,51000.0,52000.0,12008
202604150915,51900.0,52100.0,50400.0,51500.0,32415
202604150930,51400.0,52000.0,51300.0,51700.0,8399
202604150945,51700.0,51900.0,51400.0,51400.0,3808
202604151000,51500.0,51800.0,51000.0,51600.0,6117
202604151015,51600.0,51800.0,51100.0,51200.0,6815
202604151030,51200.0,51200.0,50200.0,50400.0,18131
202604151045,50400.0,50650.0,50300.0,50500.0,6937
202604151100,50500.0,50800.0,50300.0,50600.0,6565
202604151115,50600.0,50700.0,50300.0,50500.0,7261
202604151130,50300.0,50400.0,50100.0,50200.0,11496
202604151145,50300.0,50300.0,50000.0,50100.0,7165
202604151200,50100.0,50200.0,49900.0,49950.0,10895
202604151215,49950.0,50000.0,49700.0,49700.0,7921
202604151230,49700.0,49800.0,49350.0,49500.0,11052
202604151245,49550.0,49650.0,49400.0,49500.0,6685
202604151300,49500.0,49650.0,49100.0,49350.0,25270
202604151315,49350.0,49600.0,49200.0,49500.0,10506
202604151330,49450.0,49500.0,49250.0,49250.0,6789
202604151345,49250.0,49550.0,49200.0,49400.0,11273
202604151400,49400.0,49500.0,49200.0,49250.0,9097
202604151415,49250.0,49700.0,49150.0,49600.0,9305
202604151430,49600.0,49950.0,49550.0,49750.0,8349
202604151445,49750.0,50300.0,49700.0,50000.0,15531
202604151500,50000.0,50300.0,49850.0,50000.0,9697
202604151515,50000.0,50000.0,49900.0,50000.0,5046
202604160900,51200.0,51800.0,51100.0,51300.0,9633
202604160915,51200.0,51500.0,51000.0,51200.0,5149
202604160930,51000.0,51200.0,50700.0,51000.0,15925
202604160945,50900.0,51300.0,50800.0,51000.0,3033
202604161000,51000.0,51400.0,50700.0,50800.0,9550
202604161015,50900.0,51000.0,50400.0,50700.0,6500
202604161030,50700.0,51000.0,50300.0,50400.0,4298
202604161045,50400.0,50600.0,50100.0,50300.0,3190
202604161100,50200.0,50300.0,49950.0,50000.0,6715
202604161115,50000.0,50300.0,49800.0,49850.0,8360
202604161130,49800.0,49900.0,49600.0,49800.0,5166
202604161145,49750.0,49950.0,49600.0,49650.0,3093
202604161200,49650.0,49800.0,49550.0,49600.0,2843
202604161215,49550.0,49700.0,49450.0,49500.0,4715
202604161230,49500.0,49600.0,49400.0,49450.0,3949
202604161245,49450.0,49600.0,49400.0,49450.0,2996
202604161300,49450.0,49650.0,49400.0,49500.0,2947
202604161315,49500.0,49650.0,49400.0,49600.0,3234
202604161330,49550.0,49850.0,49500.0,49600.0,4929
202604161345,49700.0,50300.0,49600.0,49700.0,6814
202604161400,49700.0,50400.0,49650.0,50100.0,8818
202604161415,50100.0,51000.0,50000.0,50800.0,5928
202604161430,50800.0,51100.0,50500.0,51000.0,6513
202604161445,51000.0,53000.0,51000.0,51700.0,15192
202604161500,51700.0,52500.0,51500.0,52300.0,6594
202604161515,52300.0,52600.0,51900.0,52300.0,4833
202604170900,52000.0,52500.0,51100.0,52000.0,4179
202604170915,52000.0,52400.0,51500.0,51600.0,1826
202604170930,51600.0,51600.0,50800.0,51000.0,3753
202604170945,50900.0,51100.0,50600.0,50700.0,1880
202604171000,50600.0,50800.0,50200.0,50200.0,3457
202604171015,50300.0,50600.0,49950.0,50300.0,6715
202604171030,50400.0,50500.0,50200.0,50200.0,2013
202604171045,50200.0,50500.0,50100.0,50400.0,1558
202604171100,50400.0,50800.0,50200.0,50600.0,2154
202604171115,50600.0,50900.0,50500.0,50900.0,1733
202604171130,50800.0,51000.0,50700.0,50900.0,1387
202604171145,50900.0,51200.0,50800.0,50900.0,1394
202604171200,50800.0,51100.0,50700.0,51000.0,1346
202604171215,50900.0,51100.0,50800.0,50800.0,2091
202604171230,50900.0,51100.0,50800.0,50900.0,1898
202604171245,50900.0,51200.0,50700.0,51000.0,1547
202604171300,50900.0,51200.0,50800.0,51000.0,2272
202604171315,51000.0,51100.0,50700.0,50700.0,2123
202604171330,50900.0,51000.0,50700.0,50800.0,1571
202604171345,50800.0,51000.0,50700.0,50900.0,1445
202604171400,50900.0,51000.0,50600.0,50800.0,2242
202604171415,50900.0,51100.0,50700.0,51000.0,5040
202604171430,51000.0,51600.0,51000.0,51200.0,2141
202604171445,51200.0,51500.0,51000.0,51000.0,2610
202604171500,51000.0,51500.0,51000.0,51400.0,1767
202604171515,51300.0,51600.0,51300.0,51400.0,2718
202604200900,51000.0,51100.0,50200.0,50800.0,8872
202604200915,50600.0,51500.0,50400.0,51300.0,5106
202604200930,51300.0,51400.0,50800.0,50900.0,6623
202604200945,51000.0,51100.0,50000.0,50100.0,5966
202604201000,50100.0,50400.0,49950.0,50400.0,7346
202604201015,50400.0,50800.0,50200.0,50600.0,2833
202604201030,50500.0,50700.0,50300.0,50500.0,2897
202604201045,50500.0,50900.0,50300.0,50900.0,2982
202604201100,50900.0,51300.0,50800.0,51100.0,2958
202604201115,51100.0,51200.0,50800.0,51000.0,2569
202604201130,50900.0,51200.0,50800.0,51100.0,1543
202604201145,50800.0,51200.0,50700.0,51000.0,1404
202604201200,51100.0,51200.0,50800.0,51000.0,1352
202604201215,51000.0,51300.0,50800.0,51100.0,1700
202604201230,51100.0,51300.0,50900.0,51100.0,1840
202604201245,51000.0,51300.0,51000.0,51100.0,1746
202604201300,51200.0,51300.0,50900.0,51200.0,1274
202604201315,51200.0,51200.0,50900.0,51000.0,1068
202604201330,51100.0,51200.0,50900.0,51100.0,1912
202604201345,51000.0,51300.0,51000.0,51000.0,2255
202604201400,51100.0,51200.0,50800.0,51000.0,3432
202604201415,50800.0,51100.0,50700.0,50800.0,1700
202604201430,50800.0,50900.0,50700.0,50800.0,1037
202604201445,50800.0,50900.0,50600.0,50600.0,2053
202604201500,50600.0,51000.0,50600.0,50600.0,1478
202604201515,50600.0,50900.0,50500.0,50800.0,1861
202604210900,50900.0,51200.0,50100.0,50100.0,7432
202604210915,50300.0,51100.0,50300.0,50600.0,5176
202604210930,50500.0,50700.0,50400.0,50500.0,2186
202604210945,50400.0,50400.0,50100.0,50200.0,2869
202604211000,50200.0,54000.0,50200.0,50900.0,29707
202604211015,50900.0,51100.0,50600.0,50900.0,4469
202604211030,50800.0,51000.0,50600.0,50900.0,4278
202604211045,50900.0,51200.0,50600.0,50600.0,4531
202604211100,50700.0,50800.0,50300.0,50400.0,2711
202604211115,50600.0,50600.0,50200.0,50300.0,4349
202604211130,50200.0,50400.0,50200.0,50300.0,1780
202604211145,50400.0,50600.0,50200.0,50200.0,1504
202604211200,50400.0,50500.0,50200.0,50400.0,1904
202604211215,50400.0,50700.0,50200.0,50600.0,1904
202604211230,50700.0,50700.0,50400.0,50400.0,2899
202604211245,50500.0,50900.0,50300.0,50600.0,2217
202604211300,50600.0,50800.0,50500.0,50600.0,1531
202604211315,50500.0,51000.0,50500.0,50700.0,2936
202604211330,50700.0,51000.0,50500.0,50600.0,3825
202604211345,50700.0,51300.0,50600.0,51100.0,5134
202604211400,51100.0,51800.0,51000.0,51400.0,4863
202604211415,51300.0,52900.0,51200.0,52600.0,8777
202604211430,52500.0,53200.0,52400.0,52600.0,16599
202604211445,52500.0,53000.0,52500.0,52900.0,6056
202604211500,52800.0,52900.0,52600.0,52700.0,3673
202604211515,52700.0,52900.0,52600.0,52800.0,4518
202604220900,58300.0,59600.0,56000.0,56600.0,70274
202604220915,56600.0,58500.0,56200.0,58200.0,23067
202604220930,58200.0,59800.0,58000.0,59800.0,33024
202604220945,59800.0,62000.0,59600.0,60000.0,66322
202604221000,60000.0,62500.0,59700.0,62500.0,29020
202604221015,62600.0,62700.0,60200.0,61600.0,34079
202604221030,61600.0,62100.0,60900.0,61500.0,19694
202604221045,61600.0,63500.0,61500.0,63100.0,44209
202604221100,63100.0,64400.0,62800.0,63900.0,25990
202604221115,63900.0,64200.0,62300.0,62900.0,24365
202604221130,62900.0,63300.0,62400.0,62600.0,11794
202604221145,62600.0,63000.0,62000.0,62500.0,12069
202604221200,62500.0,62700.0,61900.0,62300.0,8392
202604221215,62300.0,62500.0,61700.0,61800.0,8561
202604221230,61800.0,62000.0,61000.0,61600.0,12735
202604221245,61600.0,62400.0,61000.0,62400.0,11345
202604221300,62200.0,63900.0,62200.0,63000.0,16970
202604221315,63100.0,63800.0,62800.0,63700.0,12402
202604221330,63600.0,63800.0,62700.0,63000.0,11509
202604221345,63000.0,63300.0,62400.0,62800.0,18842
202604221400,62700.0,62800.0,61600.0,62300.0,10104
202604221415,62400.0,62600.0,62000.0,62400.0,12805
202604221430,62600.0,63100.0,62100.0,63000.0,13440
202604221445,62800.0,63100.0,62500.0,62900.0,12903
202604221500,62800.0,63000.0,62300.0,62900.0,32718
202604221515,62900.0,63500.0,62700.0,63500.0,14273
202604230900,64100.0,64100.0,61100.0,62600.0,26023
202604230915,62600.0,64700.0,62600.0,63100.0,20258
202604230930,63100.0,63600.0,62600.0,63400.0,11907
202604230945,63500.0,64900.0,63200.0,64900.0,9132
202604231000,64900.0,65500.0,64500.0,65200.0,9027
202604231015,65200.0,65800.0,64500.0,64700.0,18210
202604231030,64700.0,65400.0,64400.0,64700.0,10816
202604231045,64800.0,64850.0,64300.0,64500.0,3273
202604231100,64500.0,65000.0,64300.0,64400.0,3698
202604231115,64400.0,64800.0,64000.0,64500.0,4386
202604231130,64400.0,64700.0,64200.0,64350.0,3544
202604231145,64350.0,64600.0,64100.0,64200.0,2546
202604231200,64200.0,64300.0,63300.0,63700.0,10709
202604231215,63900.0,64000.0,63500.0,63500.0,3670
202604231230,63600.0,63800.0,63000.0,63500.0,5279
202604231245,63500.0,64000.0,63500.0,63700.0,3288
202604231300,63700.0,63900.0,63400.0,63700.0,4045
202604231315,63800.0,64400.0,63600.0,63800.0,3314
202604231330,63900.0,64650.0,63800.0,64500.0,2886
202604231345,64500.0,65200.0,64100.0,65000.0,5577
202604231400,65000.0,66300.0,64600.0,65900.0,9444
202604231415,65900.0,68000.0,65700.0,66900.0,28794
202604231430,66900.0,66900.0,66300.0,66600.0,8781
202604231445,66600.0,68000.0,66500.0,67900.0,19275
202604231500,67900.0,69300.0,66600.0,68500.0,29934
202604231515,68500.0,68900.0,68200.0,68600.0,9122
202604240900,70000.0,70700.0,67300.0,69400.0,17966
202604240915,69200.0,70000.0,68000.0,68100.0,13180
202604240930,68100.0,68400.0,66900.0,67000.0,9028
202604240945,67100.0,67500.0,65900.0,65900.0,7543
202604241000,66000.0,66000.0,65100.0,65400.0,12363
202604241015,65400.0,65700.0,64700.0,65700.0,6818
202604241030,65900.0,66400.0,65000.0,66200.0,5832
202604241045,66200.0,66200.0,63500.0,64300.0,26605
202604241100,64300.0,65000.0,63500.0,64200.0,14232
202604241115,64100.0,64400.0,63800.0,64200.0,6006
202604241130,64100.0,64100.0,63000.0,63700.0,12709
202604241145,63600.0,63700.0,63200.0,63500.0,6331
202604241200,63400.0,63600.0,62800.0,63300.0,8047
202604241215,63300.0,63600.0,63000.0,63100.0,4268
202604241230,63000.0,63200.0,62000.0,62100.0,13158
202604241245,62100.0,62900.0,62000.0,62400.0,6010
202604241300,62400.0,62900.0,62000.0,62500.0,11499
202604241315,62500.0,62800.0,62200.0,62600.0,5333
202604241330,62600.0,62700.0,61900.0,62000.0,11856
202604241345,62000.0,62700.0,62000.0,62700.0,7635
202604241400,62700.0,63000.0,62500.0,62700.0,6350
202604241415,62800.0,63200.0,62600.0,63200.0,4818
202604241430,63200.0,63600.0,62500.0,62900.0,10964
202604241445,63000.0,63800.0,62800.0,63200.0,12659
202604241500,63400.0,63600.0,62400.0,63000.0,13045
202604241515,63000.0,63400.0,62500.0,63400.0,7858
202604270900,65000.0,65400.0,63900.0,64600.0,17175
202604270915,64600.0,64600.0,62200.0,62200.0,19801
202604270930,62300.0,64700.0,62200.0,63600.0,15662
202604270945,63600.0,63700.0,62400.0,63500.0,12126
202604271000,63300.0,63900.0,62600.0,62900.0,8342
202604271015,62900.0,63800.0,62900.0,63800.0,3946
202604271030,63700.0,64500.0,62900.0,63800.0,14397
202604271045,63900.0,63900.0,63400.0,63500.0,2700
202604271100,63500.0,63900.0,63400.0,63400.0,3569
202604271115,63500.0,63500.0,63200.0,63300.0,2644
202604271130,63300.0,63400.0,63100.0,63400.0,1736
202604271145,63300.0,63700.0,63200.0,63500.0,1700
202604271200,63500.0,63700.0,63300.0,63400.0,2091
202604271215,63500.0,63500.0,63000.0,63100.0,3292
202604271230,63100.0,63600.0,63000.0,63400.0,1528
202604271245,63400.0,63400.0,62700.0,63000.0,3394
202604271300,63000.0,63100.0,62600.0,62800.0,4163
202604271315,62800.0,62800.0,62400.0,62600.0,6563
202604271330,62600.0,63000.0,62400.0,62800.0,9760
202604271345,62900.0,63100.0,62600.0,62700.0,3563
202604271400,62600.0,63200.0,62600.0,63000.0,3215
202604271415,63000.0,63000.0,62700.0,62900.0,2344
202604271430,62900.0,63000.0,62400.0,62600.0,6733
202604271445,62600.0,62800.0,62400.0,62600.0,4867
202604271500,62500.0,62700.0,62300.0,62700.0,4202
202604271515,62700.0,62700.0,62100.0,62200.0,5619
202604280900,60400.0,60900.0,59300.0,60300.0,15223
202604280915,60100.0,60500.0,59300.0,59400.0,18759
202604280930,59400.0,59800.0,59000.0,59300.0,15343
202604280945,59300.0,59800.0,59300.0,59500.0,5472
202604281000,59500.0,59800.0,59200.0,59300.0,5423
202604281015,59200.0,59500.0,58800.0,58900.0,7940
202604281030,58900.0,58900.0,58300.0,58900.0,17497
202604281045,58800.0,59300.0,58600.0,59000.0,6582
202604281100,59000.0,59100.0,58800.0,59100.0,4734
202604281115,59100.0,59800.0,58900.0,59700.0,7250
202604281130,59700.0,59700.0,59100.0,59300.0,2584
202604281145,59300.0,59500.0,59000.0,59500.0,3811
202604281200,59500.0,59500.0,59300.0,59400.0,1870
202604281215,59500.0,59800.0,59300.0,59600.0,4809
202604281230,59600.0,60300.0,59400.0,60200.0,5077
202604281245,60200.0,61000.0,60000.0,60500.0,7297
202604281300,60600.0,60900.0,59700.0,59800.0,6290
202604281315,59900.0,60300.0,59900.0,60100.0,1426
202604281330,60000.0,60300.0,60000.0,60300.0,2129
202604281345,60300.0,60600.0,60000.0,60500.0,3590
202604281400,60500.0,60500.0,60100.0,60400.0,2912
202604281415,60300.0,60400.0,60100.0,60200.0,2768
202604281430,60200.0,60400.0,59500.0,59500.0,11754
202604281445,59500.0,60300.0,59400.0,59700.0,15887
202604281500,59600.0,60100.0,59300.0,59900.0,13558
202604281515,59800.0,59900.0,59500.0,59700.0,3001
202604290900,59450.0,59600.0,58300.0,58600.0,8912
202604290915,58600.0,58700.0,56500.0,57900.0,16613
202604290930,57800.0,58500.0,57400.0,57500.0,11055
202604290945,57500.0,58000.0,57500.0,57900.0,2926
202604291000,57900.0,58000.0,57400.0,58000.0,4423
202604291015,58000.0,58700.0,57500.0,58400.0,9174
202604291030,58500.0,58900.0,58400.0,58600.0,5728
202604291045,58500.0,58600.0,58200.0,58400.0,2894
202604291100,58300.0,58600.0,58100.0,58300.0,2999
202604291115,58300.0,58600.0,58000.0,58300.0,3744
202604291130,58300.0,58700.0,58000.0,58600.0,2387
202604291145,58600.0,58600.0,58200.0,58300.0,2751
202604291200,58300.0,58600.0,58200.0,58500.0,1474
202604291215,58500.0,58700.0,58200.0,58700.0,1791
202604291230,58600.0,59100.0,58400.0,59000.0,5558
202604291245,59100.0,59200.0,58600.0,59000.0,3104
202604291300,59000.0,59000.0,58600.0,58800.0,2788
202604291315,58900.0,59000.0,58400.0,58400.0,4033
202604291330,58400.0,58500.0,57900.0,58500.0,5398
202604291345,58400.0,58500.0,58100.0,58200.0,3573
202604291400,58200.0,59000.0,58200.0,58800.0,3958
202604291415,58800.0,59700.0,58500.0,59600.0,8329
202604291430,59600.0,61200.0,59300.0,60900.0,27949
202604291445,60800.0,61500.0,60700.0,60800.0,28699
202604291500,60800.0,60800.0,60000.0,60500.0,5615
202604291515,60500.0,60600.0,60450.0,60500.0,2980
202604300900,62800.0,62900.0,61400.0,62400.0,15489
202604300915,62400.0,62500.0,61100.0,61300.0,9460
202604300930,61100.0,61400.0,60500.0,60800.0,6429
202604300945,60800.0,60900.0,60000.0,60700.0,5583
202604301000,60600.0,60700.0,59400.0,59600.0,10315
202604301015,59600.0,61400.0,59600.0,60400.0,14580
202604301030,60500.0,60800.0,60300.0,60700.0,6070
202604301045,60700.0,61100.0,60400.0,61100.0,4185
202604301100,61100.0,61100.0,60600.0,60600.0,2139
202604301115,60600.0,61000.0,60500.0,60600.0,2782
202604301130,60600.0,60600.0,60000.0,60100.0,3216
202604301145,60100.0,60100.0,59800.0,60000.0,2779
202604301200,60000.0,60000.0,59600.0,59800.0,3219
202604301215,59700.0,59900.0,59600.0,59600.0,2553
202604301230,59700.0,60300.0,59600.0,60200.0,2301
202604301245,60200.0,60300.0,59300.0,59700.0,6398
202604301300,59700.0,59900.0,59500.0,59500.0,4551
202604301315,59600.0,59700.0,59300.0,59400.0,3963
202604301330,59500.0,59700.0,59400.0,59700.0,1968
202604301345,59600.0,59800.0,59400.0,59500.0,2520
202604301400,59500.0,60000.0,59500.0,60000.0,3816
202604301415,60000.0,60200.0,59300.0,59700.0,6398
202604301430,59700.0,60400.0,59500.0,60300.0,2924
202604301445,60300.0,60400.0,59800.0,59900.0,3023
202604301500,59900.0,60000.0,59600.0,60000.0,5004
202604301515,59900.0,60100.0,59700.0,59700.0,4311
202605040900,59700.0,59700.0,57200.0,58700.0,10666
202605040915,58700.0,60300.0,58400.0,60100.0,9980
202605040930,60200.0,60600.0,60000.0,60100.0,6907
202605040945,60100.0,60200.0,59000.0,59900.0,7619
202605041000,59900.0,60200.0,59600.0,60000.0,2422
202605041015,60000.0,60800.0,59800.0,60000.0,6292
202605041030,60000.0,60000.0,59400.0,59700.0,1901
202605041045,59700.0,59900.0,59500.0,59900.0,1765
202605041100,59700.0,60300.0,59700.0,60300.0,2173
202605041115,60300.0,60400.0,59900.0,60000.0,1990
202605041130,60100.0,60200.0,59800.0,60100.0,1577
202605041145,60100.0,60100.0,59700.0,59900.0,1185
202605041200,59900.0,60000.0,59600.0,59900.0,1585
202605041215,59700.0,60000.0,59600.0,60000.0,3946
202605041230,60000.0,60200.0,59700.0,60200.0,1754
202605041245,60200.0,61300.0,60000.0,60600.0,11096
202605041300,60500.0,60700.0,60300.0,60500.0,2283
202605041315,60400.0,60700.0,60100.0,60200.0,2034
202605041330,60200.0,60600.0,60100.0,60400.0,1415
202605041345,60400.0,60800.0,60400.0,60500.0,3450
202605041400,60600.0,61500.0,60200.0,61300.0,10333
202605041415,61400.0,61600.0,60600.0,61200.0,13649
202605041430,61200.0,61500.0,60800.0,61000.0,6296
202605041445,61000.0,61300.0,60500.0,61100.0,6273
202605041500,60900.0,61200.0,60400.0,60500.0,7507
202605041515,60600.0,60800.0,60300.0,60500.0,3094
202605060900,58600.0,58900.0,56500.0,57200.0,19410
202605060915,57500.0,57700.0,56600.0,57000.0,9313
202605060930,57000.0,57300.0,56600.0,56900.0,10985
202605060945,57000.0,57300.0,56800.0,57200.0,4034
202605061000,57200.0,57300.0,57000.0,57100.0,3898
202605061015,57000.0,57100.0,56900.0,57100.0,3542
202605061030,57200.0,57500.0,57000.0,57300.0,3122
202605061045,57100.0,57400.0,56800.0,56900.0,5828
202605061100,56900.0,56900.0,55900.0,56500.0,19957
202605061115,56500.0,56800.0,56400.0,56500.0,2652
202605061130,56500.0,56700.0,55900.0,56200.0,5295
202605061145,56200.0,56600.0,56100.0,56400.0,2146
202605061200,56400.0,56500.0,56100.0,56200.0,3490
202605061215,56300.0,56500.0,56100.0,56200.0,3962
202605061230,56200.0,56300.0,55800.0,56100.0,6809
202605061245,56100.0,56200.0,55800.0,56200.0,3858
202605061300,56100.0,56300.0,56000.0,56000.0,2635
202605061315,56000.0,56200.0,55600.0,55700.0,6948
202605061330,55800.0,57600.0,55700.0,57600.0,7242
202605061345,57500.0,57700.0,57200.0,57400.0,6084
202605061400,57400.0,57800.0,57200.0,57700.0,4589
202605061415,57600.0,57800.0,56600.0,57100.0,19297
202605061430,57100.0,57200.0,56500.0,56700.0,7115
202605061445,56700.0,57000.0,56500.0,56500.0,7623
202605061500,56600.0,56600.0,56100.0,56300.0,8525
202605061515,56200.0,56400.0,56100.0,56300.0,3829
202605070900,56300.0,56300.0,55300.0,55800.0,5354
202605070915,55800.0,57000.0,55600.0,56100.0,4358
202605070930,56200.0,57000.0,56000.0,56800.0,2939
202605070945,56800.0,57200.0,56500.0,56500.0,7785
202605071000,56600.0,57200.0,56300.0,57100.0,7121
202605071015,57100.0,58400.0,57100.0,57600.0,17047
202605071030,57600.0,59600.0,57200.0,58700.0,22506
202605071045,58700.0,59900.0,58400.0,59600.0,13081
202605071100,59600.0,60700.0,59500.0,59600.0,12170
202605071115,59700.0,60600.0,59300.0,60400.0,10146
202605071130,60300.0,61000.0,60200.0,60900.0,9115
202605071145,60600.0,60900.0,60300.0,60500.0,4196
202605071200,60500.0,61400.0,60200.0,61400.0,11122
202605071215,61400.0,61500.0,60600.0,61000.0,6753
202605071230,61000.0,61500.0,60900.0,61100.0,9202
202605071245,61100.0,61500.0,60900.0,61100.0,6293
202605071300,61000.0,61400.0,60600.0,60600.0,7700
202605071315,60600.0,61100.0,60100.0,60300.0,8109
202605071330,60200.0,61100.0,60200.0,60700.0,7035
202605071345,60600.0,61200.0,60400.0,60900.0,8194
202605071400,60900.0,61300.0,60400.0,60500.0,8058
202605071415,60600.0,60700.0,60000.0,60200.0,5202
202605071430,60200.0,60600.0,60000.0,60100.0,3607
202605071445,60100.0,60800.0,60000.0,60200.0,3449
202605071500,60200.0,60400.0,60000.0,60100.0,3592
202605071515,60200.0,60700.0,59900.0,60700.0,3275
202605080900,59600.0,59600.0,58300.0,58500.0,5769
202605080915,58500.0,59100.0,58200.0,58800.0,6544
202605080930,58700.0,59200.0,58500.0,59200.0,4489
202605080945,59200.0,59900.0,58800.0,58800.0,5438
202605081000,58800.0,59400.0,58600.0,59100.0,2775
202605081015,59200.0,59400.0,59000.0,59100.0,1617
202605081030,59100.0,60400.0,59000.0,60300.0,4709
202605081045,60300.0,61200.0,60000.0,60500.0,5828
202605081100,60600.0,61300.0,60100.0,60600.0,5656
202605081115,60500.0,61000.0,60000.0,60300.0,3500
202605081130,60300.0,60500.0,59700.0,59900.0,2941
202605081145,59800.0,60900.0,59500.0,59600.0,3671
202605081200,59600.0,60000.0,59200.0,59500.0,2180
202605081215,59300.0,60100.0,59300.0,59700.0,2883
202605081230,59700.0,60100.0,59500.0,59800.0,2948
202605081245,59800.0,61000.0,59700.0,60300.0,4282
202605081300,60300.0,61600.0,60100.0,60900.0,7942
202605081315,61000.0,63200.0,60800.0,62400.0,17823
202605081330,62300.0,62800.0,61600.0,62400.0,5075
202605081345,62400.0,62800.0,61700.0,62100.0,6175
202605081400,62100.0,62200.0,61100.0,62200.0,6251
202605081415,61600.0,62600.0,61600.0,61600.0,7758
202605081430,61800.0,61900.0,61100.0,61300.0,4905
202605081445,61300.0,62000.0,61200.0,61700.0,5628
202605081500,61800.0,62300.0,61700.0,61900.0,4223
202605081515,61900.0,62300.0,61700.0,61800.0,2824
202605110900,59800.0,60200.0,59100.0,59800.0,14982
202605110915,59800.0,60400.0,59500.0,59900.0,3063
202605110930,59900.0,60300.0,59000.0,59000.0,9708
202605110945,59000.0,59400.0,57900.0,58900.0,14211
202605111000,58900.0,58900.0,57400.0,57500.0,10949
202605111015,57500.0,58000.0,57400.0,57700.0,6793
202605111030,57700.0,58000.0,57400.0,57900.0,8705
202605111045,57800.0,57800.0,57500.0,57500.0,5806
202605111100,57500.0,57600.0,56900.0,57200.0,11387
202605111115,57200.0,57600.0,57000.0,57400.0,4701
202605111130,57400.0,57600.0,57200.0,57500.0,4417
202605111145,57500.0,57700.0,57300.0,57400.0,4155
202605111200,57400.0,57900.0,57300.0,57700.0,4783
202605111215,57700.0,58200.0,57500.0,57800.0,4428
202605111230,57800.0,58100.0,57700.0,57800.0,4087
202605111245,57900.0,58200.0,57600.0,57600.0,4620
202605111300,57700.0,58000.0,57600.0,57600.0,3937
202605111315,57700.0,57700.0,57300.0,57500.0,4681
202605111330,57500.0,58200.0,57400.0,58000.0,5669
202605111345,58000.0,58400.0,57800.0,58300.0,5264
202605111400,58200.0,58700.0,58000.0,58100.0,6762
202605111415,58100.0,58300.0,57900.0,58100.0,4306
202605111430,58100.0,58400.0,58000.0,58100.0,4490
202605111445,58100.0,58500.0,58100.0,58100.0,6280
202605111500,58200.0,58300.0,58000.0,58000.0,2575
202605111515,58100.0,58200.0,58000.0,58000.0,1588
202605120900,57600.0,57600.0,56100.0,56500.0,12271
202605120915,56500.0,56800.0,56000.0,56300.0,6906
202605120930,56300.0,56600.0,56100.0,56400.0,3870
202605120945,56400.0,57500.0,56300.0,57300.0,7757
202605121000,57600.0,58000.0,56800.0,56800.0,2652
202605121015,56900.0,57300.0,56300.0,56600.0,7119
202605121030,56600.0,56600.0,54600.0,55400.0,27009
202605121045,55400.0,56700.0,55000.0,56200.0,8647
202605121100,56200.0,57600.0,56000.0,57300.0,3093
202605121115,57300.0,57400.0,56900.0,57000.0,1506
202605121130,57100.0,57300.0,56700.0,57200.0,1636
202605121145,57200.0,57300.0,57000.0,57100.0,1665
202605121200,57200.0,57300.0,57000.0,57200.0,967
202605121215,57100.0,57300.0,57000.0,57200.0,679
202605121230,57200.0,57700.0,57200.0,57700.0,919
202605121245,57600.0,57700.0,57400.0,57500.0,2042
202605121300,57400.0,57700.0,56300.0,56500.0,3023
202605121315,56400.0,56800.0,56100.0,56300.0,2352
202605121330,56300.0,56400.0,56100.0,56300.0,1932
202605121345,56200.0,56500.0,55800.0,56100.0,4571
202605121400,56100.0,56800.0,55700.0,55700.0,3489
202605121415,55700.0,56200.0,55400.0,56200.0,4841
202605121430,56100.0,56100.0,55800.0,55800.0,1981
202605121445,55800.0,56500.0,55700.0,56400.0,2106
202605121500,56400.0,56700.0,56100.0,56400.0,2446
202605121515,56500.0,57100.0,56300.0,56900.0,1729
202605130900,56200.0,56300.0,55000.0,55000.0,11001
202605130915,55000.0,55000.0,54100.0,54100.0,9725
202605130930,54200.0,54300.0,53100.0,53600.0,22397
202605130945,53500.0,53800.0,53100.0,53100.0,6214
202605131000,53300.0,53700.0,53000.0,53100.0,8469
202605131015,53200.0,53400.0,52900.0,53400.0,5488
202605131030,53400.0,53500.0,52900.0,52900.0,5794
202605131045,52900.0,53200.0,52600.0,53100.0,4371
202605131100,53000.0,53400.0,53000.0,53300.0,1158
202605131115,53300.0,53400.0,52900.0,52900.0,5568
202605131130,53100.0,53200.0,52900.0,53100.0,2597
202605131145,53000.0,53300.0,52900.0,53000.0,4202
202605131200,53000.0,53100.0,52900.0,52900.0,1242
202605131215,53100.0,53100.0,52900.0,53100.0,1399
202605131230,53200.0,53400.0,53000.0,53100.0,1803
202605131245,53200.0,53700.0,53000.0,53300.0,2300
202605131300,53300.0,53500.0,53000.0,53100.0,950
202605131315,53000.0,53100.0,52500.0,52800.0,7659
202605131330,52500.0,53400.0,52300.0,52900.0,5071
202605131345,52700.0,53100.0,52500.0,52700.0,1675
202605131400,52800.0,53200.0,52300.0,52800.0,5539
202605131415,52800.0,53400.0,52700.0,52700.0,1981
202605131430,52700.0,52900.0,52700.0,52700.0,1052
202605131445,52700.0,52900.0,52300.0,52400.0,5396
202605131500,52500.0,52700.0,52100.0,52600.0,8353
202605131515,52400.0,52600.0,52000.0,52400.0,7271
202605140900,52800.0,55700.0,52700.0,54500.0,18447
202605140915,54400.0,54500.0,52600.0,53100.0,4355
202605140930,53100.0,53300.0,52800.0,52900.0,2382
202605140945,52900.0,53400.0,52700.0,52800.0,3134
202605141000,52800.0,53300.0,52600.0,52800.0,2520
202605141015,52900.0,53300.0,52800.0,53200.0,2401
202605141030,53200.0,53600.0,52800.0,53400.0,2756
202605141045,53300.0,53500.0,51800.0,52400.0,23057
202605141100,52400.0,52600.0,51800.0,52100.0,6608
202605141115,51900.0,52200.0,51600.0,51700.0,13569
202605141130,51700.0,52300.0,51600.0,51700.0,2844
202605141145,51800.0,52000.0,51500.0,51800.0,4035
202605141200,51800.0,52100.0,51700.0,51900.0,2294
202605141215,52000.0,52300.0,51800.0,52100.0,2623
202605141230,51900.0,52200.0,51800.0,52000.0,1767
202605141245,51900.0,52200.0,51800.0,51900.0,1904
202605141300,51900.0,52200.0,51600.0,51600.0,2564
202605141315,51600.0,51900.0,51500.0,51700.0,2919
202605141330,51700.0,51800.0,51500.0,51600.0,1806
202605141345,51600.0,51700.0,51200.0,51500.0,3701
202605141400,51300.0,51500.0,51000.0,51300.0,6173
202605141415,51300.0,51600.0,51000.0,51400.0,1748
202605141430,51500.0,51700.0,51000.0,51300.0,5046
202605141445,51200.0,51400.0,51100.0,51200.0,2350
202605141500,51300.0,51700.0,51200.0,51500.0,3619
202605141515,51500.0,51700.0,51400.0,51400.0,1860
202605150900,52600.0,54300.0,52100.0,52900.0,3454
202605150915,53000.0,53200.0,52400.0,53200.0,9364
202605150930,53200.0,53900.0,52700.0,52900.0,6505
202605150945,52900.0,53100.0,52300.0,52500.0,3904
202605151000,52500.0,53200.0,52300.0,53000.0,3449
202605151015,53000.0,53600.0,52900.0,53100.0,4521
202605151030,53200.0,54400.0,53100.0,53800.0,7254
202605151045,53800.0,53800.0,52700.0,52700.0,5061
202605151100,52800.0,52900.0,51000.0,51200.0,35694
202605151115,51200.0,51400.0,50300.0,50900.0,5885
202605151130,50900.0,52100.0,50700.0,51800.0,5384
202605151145,51800.0,52100.0,51400.0,52000.0,3254
202605151200,51800.0,52100.0,51200.0,51400.0,1320
202605151215,51300.0,51600.0,51200.0,51400.0,4327
202605151230,51400.0,52000.0,51200.0,51800.0,2348
202605151245,51800.0,51900.0,51500.0,51500.0,1939
202605151300,51500.0,51700.0,51200.0,51300.0,865
202605151315,51300.0,51300.0,50400.0,50800.0,7105
202605151330,50700.0,51000.0,50400.0,50700.0,4293
202605151345,50700.0,51300.0,50600.0,50800.0,8389
202605151400,50800.0,52300.0,50700.0,51800.0,6853
202605151415,51800.0,52700.0,51800.0,52200.0,8096
202605151430,51900.0,52500.0,51600.0,52000.0,9636
202605151445,52100.0,52100.0,51200.0,51200.0,7526
202605151500,51400.0,52100.0,51300.0,51800.0,7951
202605151515,51800.0,52100.0,51600.0,52000.0,3170
202605180900,50200.0,50200.0,48100.0,48300.0,17727
202605180915,48100.0,49350.0,46100.0,49250.0,19152
202605180930,49100.0,49100.0,48100.0,48200.0,5035
202605180945,48200.0,49850.0,48100.0,49850.0,3262
202605181000,49650.0,50500.0,49650.0,50400.0,1830
202605181015,50400.0,51000.0,50200.0,50900.0,1972
202605181030,50900.0,51000.0,50400.0,50400.0,981
202605181045,50400.0,50400.0,49950.0,49950.0,2648
202605181100,49950.0,50400.0,49900.0,50400.0,291
202605181115,50400.0,50700.0,50100.0,50700.0,1020
202605181130,50700.0,50900.0,50500.0,50700.0,1188
202605181145,50600.0,50600.0,50000.0,50400.0,1572
202605181200,50300.0,50900.0,50100.0,50500.0,1158
202605181215,50600.0,50600.0,50300.0,50300.0,290
202605181230,50300.0,50400.0,50200.0,50400.0,176
202605181245,50400.0,50700.0,50300.0,50400.0,743
202605181300,50500.0,50500.0,50100.0,50300.0,396
202605181315,50300.0,50400.0,49500.0,49800.0,7371
202605181330,49800.0,50100.0,49700.0,50100.0,1515
202605181345,50000.0,50100.0,49700.0,49750.0,2088
202605181400,49750.0,49750.0,49550.0,49550.0,3780
202605181415,49600.0,49700.0,49300.0,49700.0,4335
202605181430,49700.0,50000.0,49600.0,49950.0,2584
202605181445,49950.0,50000.0,49850.0,49850.0,3592
202605181500,49850.0,49900.0,49700.0,49800.0,2686
202605181515,49800.0,49950.0,49750.0,49900.0,1194
202605190900,50000.0,50100.0,49200.0,49650.0,2741
202605190915,49650.0,49850.0,48900.0,49150.0,4258
202605190930,49150.0,49200.0,48600.0,48700.0,3028
202605190945,48650.0,49000.0,48400.0,48500.0,1643
202605191000,48500.0,48750.0,48350.0,48350.0,1643
202605191015,48350.0,48500.0,48000.0,48450.0,5662
202605191030,48450.0,49000.0,48300.0,48350.0,2564
202605191045,48350.0,48400.0,47700.0,47700.0,7803
202605191100,47700.0,47950.0,47500.0,47600.0,2834
202605191115,47600.0,47900.0,47500.0,47700.0,1869
202605191130,47700.0,47950.0,47550.0,47800.0,1100
202605191145,47800.0,47950.0,47700.0,47700.0,619
202605191200,47800.0,48200.0,47700.0,48200.0,4199
202605191215,48200.0,48950.0,48100.0,48650.0,5383
202605191230,48750.0,50000.0,48500.0,48600.0,2292
202605191245,48600.0,49150.0,48550.0,48700.0,739
202605191300,48700.0,48850.0,48500.0,48650.0,1093
202605191315,48550.0,49450.0,48300.0,48650.0,3451
202605191330,48700.0,49050.0,48650.0,48750.0,1959
202605191345,48750.0,48750.0,48400.0,48650.0,2014
202605191400,48550.0,48950.0,48550.0,48600.0,758
202605191415,48650.0,49000.0,48550.0,48800.0,850
202605191430,48800.0,49250.0,48800.0,49000.0,3181
202605191445,49000.0,49200.0,48850.0,48950.0,3195
202605191500,49000.0,49200.0,48850.0,49000.0,3053
202605191515,49000.0,49250.0,48850.0,49250.0,3480
202605200900,48300.0,48300.0,45850.0,46400.0,7648
202605200915,46500.0,47250.0,46000.0,46900.0,16668
202605200930,46850.0,47300.0,46450.0,46500.0,4475
202605200945,46500.0,47350.0,46400.0,46850.0,3182
202605201000,46850.0,47800.0,46600.0,47500.0,4309
202605201015,47550.0,47700.0,47000.0,47050.0,2575
202605201030,47050.0,47450.0,46900.0,47400.0,1739
202605201045,47400.0,48100.0,47300.0,47850.0,2964
202605201100,47800.0,48150.0,47350.0,48000.0,17456
202605201115,48050.0,48300.0,48000.0,48150.0,11050
202605201130,48150.0,48150.0,47500.0,47650.0,3008
202605201145,47650.0,48300.0,47450.0,48150.0,2291
202605201200,48200.0,48400.0,48000.0,48300.0,1043
202605201215,48200.0,48950.0,47900.0,48800.0,3436
202605201230,48800.0,48950.0,48500.0,48750.0,5740
202605201245,48750.0,48750.0,48150.0,48550.0,1576
202605201300,48550.0,48950.0,48500.0,48600.0,949
202605201315,48600.0,48700.0,48000.0,48100.0,1306
202605201330,48100.0,48100.0,47750.0,47850.0,1230
202605201345,47850.0,47900.0,47750.0,47900.0,1112
202605201400,47900.0,48050.0,47750.0,47800.0,1278
202605201415,47800.0,47800.0,47500.0,47650.0,1487
202605201430,47650.0,48000.0,47300.0,47800.0,1950
202605201445,47800.0,47900.0,47650.0,47900.0,1571
202605201500,47850.0,48850.0,47700.0,47800.0,4141
202605201515,47850.0,48000.0,47700.0,47850.0,789
202605210900,48200.0,49600.0,47500.0,48400.0,12460
202605210915,48500.0,50000.0,48450.0,49500.0,15085
202605210930,49500.0,50200.0,49000.0,49600.0,13232
202605210945,49600.0,50000.0,49250.0,49700.0,4661
202605211000,49700.0,49850.0,49400.0,49800.0,2801
202605211015,49550.0,50200.0,49400.0,49900.0,3661
202605211030,49800.0,50300.0,49700.0,49950.0,4839
202605211045,49950.0,49950.0,49250.0,49300.0,3776
202605211100,49400.0,49750.0,49100.0,49100.0,4153
202605211115,49250.0,49450.0,48950.0,49250.0,2618
202605211130,49100.0,49700.0,49000.0,49700.0,3405
202605211145,49700.0,50100.0,49000.0,49700.0,12300
202605211200,49800.0,50300.0,49600.0,50000.0,3526
202605211215,49900.0,50300.0,49650.0,49950.0,4384
202605211230,49950.0,50400.0,49800.0,49900.0,3687
202605211245,49900.0,49950.0,49650.0,49900.0,3488
202605211300,49800.0,50100.0,49350.0,49500.0,7091
202605211315,49500.0,49600.0,48950.0,49300.0,4770
202605211330,49300.0,49450.0,48900.0,49200.0,3979
202605211345,49000.0,49450.0,48800.0,49150.0,5731
202605211400,49150.0,49400.0,48750.0,49000.0,4180
202605211415,49000.0,49700.0,48950.0,49250.0,2232
202605211430,49250.0,49550.0,49200.0,49400.0,786
202605211445,49300.0,49350.0,49000.0,49250.0,5106
202605211500,49250.0,49500.0,48950.0,49050.0,7434
202605211515,49200.0,49500.0,48950.0,49050.0,3437
202605220900,51100.0,52700.0,50500.0,50900.0,7511
202605220915,50800.0,51600.0,50600.0,50900.0,4289
202605220930,50900.0,51300.0,50300.0,50800.0,3478
202605220945,50900.0,51100.0,50100.0,50500.0,3143
202605221000,50500.0,51100.0,50400.0,50800.0,2388
202605221015,50900.0,51200.0,50500.0,50900.0,3046
202605221030,50600.0,51200.0,50600.0,50800.0,4163
202605221045,50800.0,51100.0,50300.0,50600.0,2931
202605221100,50700.0,51100.0,50400.0,50400.0,2879
202605221115,50600.0,50700.0,50100.0,50100.0,2868
202605221130,50200.0,50700.0,50000.0,50400.0,2667
202605221145,50400.0,50500.0,50100.0,50100.0,3362
202605221200,50100.0,50400.0,50000.0,50300.0,2586
202605221215,50200.0,50500.0,50100.0,50400.0,3299
202605221230,50200.0,50700.0,50200.0,50600.0,6470
202605221245,50200.0,50800.0,50200.0,50500.0,4478
202605221300,50500.0,50700.0,50100.0,50200.0,3269
202605221315,50300.0,50700.0,50100.0,50100.0,4445
202605221330,50300.0,50700.0,50100.0,50600.0,3359
202605221345,50300.0,50900.0,50200.0,50500.0,3715
202605221400,50300.0,51000.0,50200.0,50900.0,3875
202605221415,50900.0,51800.0,50700.0,51400.0,5772
202605221430,51300.0,51500.0,51200.0,51500.0,1610
202605221445,51400.0,51600.0,51000.0,51000.0,3267
202605221500,51100.0,51600.0,51000.0,51500.0,6339
202605221515,51600.0,51900.0,51500.0,51800.0,4348
202605260900,53400.0,54100.0,52000.0,52600.0,11254
202605260915,52600.0,53100.0,52100.0,52700.0,4791
202605260930,52700.0,52800.0,51900.0,52100.0,5881
202605260945,52200.0,52200.0,51800.0,51800.0,3820
202605261000,51800.0,52100.0,51600.0,51900.0,3398
202605261015,51900.0,51900.0,51500.0,51600.0,3407
202605261030,51700.0,51700.0,51500.0,51600.0,2343
202605261045,51600.0,52000.0,51500.0,51700.0,3527
202605261100,51500.0,51900.0,51500.0,51600.0,2401
202605261115,51600.0,51800.0,51400.0,51600.0,2113
202605261130,51600.0,51600.0,51200.0,51300.0,2118
202605261145,51300.0,51600.0,51000.0,51000.0,2915
202605261200,51100.0,51400.0,50700.0,51200.0,2333
202605261215,51000.0,51300.0,50700.0,51200.0,2449
202605261230,51200.0,51600.0,51000.0,51300.0,2225
202605261245,51300.0,51400.0,50900.0,51200.0,2537
202605261300,51200.0,51400.0,50800.0,50800.0,2355
202605261315,51000.0,51100.0,50800.0,50900.0,2050
202605261330,50900.0,51000.0,50600.0,50800.0,1974
202605261345,50800.0,51100.0,50700.0,50900.0,3042
202605261400,50900.0,51300.0,50700.0,51100.0,1975
202605261415,51300.0,51400.0,51000.0,51200.0,792
202605261430,51200.0,51200.0,50800.0,51000.0,981
202605261445,51000.0,51100.0,50700.0,51100.0,2293
202605261500,51100.0,51200.0,50800.0,50900.0,3376
202605261515,51000.0,51400.0,50900.0,51400.0,2320
202605270900,50900.0,51400.0,50500.0,50500.0,3593
202605270915,50600.0,51700.0,50400.0,51600.0,2119
202605270930,51600.0,51700.0,50700.0,50700.0,1500
202605270945,50700.0,50700.0,50200.0,50300.0,2200
202605271000,50300.0,50900.0,50000.0,50500.0,3203
202605271015,50500.0,50900.0,50200.0,50600.0,1652
202605271030,50600.0,51100.0,50600.0,50800.0,1833
202605271045,50800.0,51000.0,50500.0,50700.0,921
202605271100,50700.0,51100.0,50400.0,50700.0,1707
202605271115,50700.0,50800.0,50500.0,50700.0,804
202605271130,50600.0,50800.0,50400.0,50500.0,1362
202605271145,50500.0,50700.0,50300.0,50400.0,4125
202605271200,50400.0,50400.0,50200.0,50300.0,4148
202605271215,50300.0,50400.0,49950.0,50100.0,2055
202605271230,50200.0,50300.0,49850.0,49850.0,14389
202605271245,49850.0,50300.0,49850.0,49900.0,5142
202605271300,49900.0,50300.0,49850.0,50000.0,771
202605271315,50100.0,50400.0,49950.0,50300.0,1056
202605271330,50300.0,50500.0,50200.0,50500.0,1094
202605271345,50200.0,50500.0,50200.0,50300.0,500
202605271400,50300.0,50500.0,49950.0,50100.0,5613
202605271415,50100.0,50400.0,49950.0,50400.0,1916
202605271430,50400.0,50700.0,50300.0,50600.0,1123
202605271445,50600.0,50800.0,50200.0,50200.0,1926
202605271500,50200.0,50600.0,50000.0,50400.0,1962
202605271515,50300.0,50300.0,49950.0,50200.0,1031
202605280900,50400.0,51600.0,50300.0,50400.0,5638
202605280915,50300.0,50300.0,49600.0,50000.0,2445
202605280930,50000.0,50000.0,49450.0,49450.0,2892
202605280945,49450.0,49450.0,48900.0,49050.0,3064
202605281000,49000.0,49750.0,48750.0,49500.0,2746
202605281015,49450.0,49500.0,49100.0,49100.0,2403
202605281030,49100.0,49150.0,48850.0,49050.0,980
202605281045,49050.0,49300.0,48900.0,49250.0,980
202605281100,49150.0,49300.0,48800.0,48850.0,895
202605281115,48800.0,48850.0,48700.0,48800.0,637
202605281130,48700.0,48800.0,48450.0,48500.0,2252
202605281145,48450.0,48450.0,48100.0,48300.0,6445
202605281200,48300.0,48400.0,48200.0,48200.0,1182
202605281215,48200.0,48300.0,47050.0,47700.0,6163
202605281230,47700.0,47700.0,47250.0,47450.0,6264
202605281245,47500.0,47950.0,47400.0,47750.0,2674
202605281300,47700.0,47850.0,47600.0,47750.0,998
202605281315,47800.0,47800.0,47350.0,47650.0,4385
202605281330,47750.0,47950.0,47600.0,47650.0,1405
202605281345,47650.0,48200.0,47650.0,48100.0,2955
202605281400,48050.0,48600.0,48000.0,48550.0,2596
202605281415,48550.0,48900.0,48500.0,48700.0,1638
202605281430,48700.0,48800.0,48250.0,48450.0,4699
202605281445,48450.0,49350.0,48350.0,48950.0,2960
202605281500,48950.0,49800.0,48900.0,49600.0,1354
202605281515,49700.0,49750.0,49550.0,49600.0,1888
202605290900,50500.0,50900.0,49950.0,50400.0,2623
202605290915,50200.0,50300.0,48200.0,48950.0,9347
202605290930,49000.0,50500.0,48300.0,49750.0,6488
202605290945,49700.0,50300.0,49550.0,50100.0,2558
202605291000,50100.0,50400.0,49250.0,49750.0,4973
202605291015,49800.0,50300.0,49800.0,49850.0,1229
202605291030,49900.0,50200.0,49600.0,49950.0,1314
202605291045,49950.0,50200.0,49650.0,49650.0,3343
202605291100,49650.0,49950.0,49200.0,49450.0,3555
202605291115,49450.0,49600.0,49300.0,49450.0,1330
202605291130,49450.0,50000.0,49450.0,49750.0,1295
202605291145,49800.0,51000.0,49800.0,51000.0,4071
202605291200,50900.0,51000.0,50300.0,50700.0,2115
202605291215,50700.0,50900.0,50500.0,50700.0,1070
202605291230,50700.0,50900.0,50500.0,50800.0,1092
202605291245,50500.0,51000.0,50300.0,50300.0,1279
202605291300,50300.0,50500.0,50000.0,50100.0,3079
202605291315,50100.0,50100.0,49950.0,49950.0,1099
202605291330,49950.0,49950.0,49600.0,49900.0,1606
202605291345,49850.0,49950.0,49250.0,49300.0,3958
202605291400,49350.0,49800.0,49250.0,49600.0,1216
202605291415,49550.0,50100.0,49550.0,49950.0,1692
202605291430,49950.0,50000.0,49450.0,49450.0,5890
202605291445,49650.0,50100.0,49150.0,49800.0,6242
202605291500,49400.0,49850.0,49400.0,49650.0,4306
202605291515,49650.0,49950.0,49600.0,49950.0,1075
202606010900,49250.0,49250.0,46300.0,47850.0,12485
202606010915,47800.0,49800.0,47800.0,48800.0,4698
202606010930,49050.0,49050.0,48300.0,48300.0,3441
202606010945,48350.0,48600.0,48050.0,48450.0,3573
202606011000,48450.0,48500.0,48050.0,48200.0,10020
202606011015,48200.0,48400.0,47850.0,47900.0,2452
202606011030,47900.0,48000.0,47700.0,47900.0,1072
202606011045,47900.0,48100.0,47600.0,47750.0,2110
202606011100,47800.0,48000.0,47550.0,47700.0,5002
202606011115,47650.0,47900.0,47600.0,47600.0,1703
202606011130,47600.0,47800.0,47200.0,47250.0,3068
202606011145,47200.0,47500.0,47050.0,47400.0,3088
202606011200,47400.0,47400.0,47150.0,47350.0,1911
202606011215,47350.0,47450.0,47150.0,47400.0,4462
202606011230,47450.0,48300.0,47450.0,48300.0,1816
202606011245,48300.0,48550.0,48150.0,48500.0,1782
202606011300,48450.0,48600.0,48250.0,48300.0,1251
202606011315,48300.0,48350.0,48150.0,48150.0,743
202606011330,48150.0,48200.0,47800.0,47950.0,1769
202606011345,47950.0,48850.0,47850.0,48700.0,2532
202606011400,48650.0,49450.0,48600.0,49200.0,3105
202606011415,49200.0,52400.0,49200.0,51300.0,16269
202606011430,51300.0,53400.0,50900.0,53000.0,20370
202606011445,53000.0,54700.0,52500.0,54000.0,30938
202606011500,54000.0,56000.0,54000.0,55600.0,26219
202606011515,55700.0,55800.0,55400.0,55400.0,7399
202606020900,52300.0,52900.0,50400.0,50600.0,14469
202606020915,50700.0,50700.0,49650.0,50100.0,16846
202606020930,50100.0,50400.0,49250.0,49300.0,12861
202606020945,49300.0,49500.0,48300.0,48300.0,11049
202606021000,48300.0,49650.0,48300.0,49100.0,6046
202606021015,49100.0,49150.0,48900.0,49000.0,3788
202606021030,49050.0,49550.0,48850.0,48850.0,4446
202606021045,48850.0,49250.0,48600.0,48650.0,3650
202606021100,48600.0,48850.0,48450.0,48600.0,4462
202606021115,48550.0,49400.0,48450.0,48900.0,2344
202606021130,48950.0,49150.0,48700.0,48850.0,1605
202606021145,48850.0,49000.0,48700.0,49000.0,2126
202606021200,48850.0,48950.0,48800.0,48800.0,1264
202606021215,48800.0,49000.0,48750.0,48800.0,1432
202606021230,48750.0,48800.0,48500.0,48600.0,1863
202606021245,48550.0,48750.0,48550.0,48600.0,1461
202606021300,48650.0,48800.0,48600.0,48700.0,1509
202606021315,48700.0,48850.0,48650.0,48700.0,1856
202606021330,48700.0,48850.0,48650.0,48800.0,2497
202606021345,48800.0,49300.0,48800.0,49050.0,2526
202606021400,49100.0,49400.0,49050.0,49350.0,2032
202606021415,49300.0,50400.0,49200.0,50100.0,5169
202606021430,50100.0,50300.0,49900.0,50100.0,2861
202606021445,50200.0,51300.0,49750.0,50000.0,5069
202606021500,50000.0,50100.0,49500.0,49650.0,3710
202606021515,49500.0,50100.0,49500.0,50100.0,1454
202606040900,49800.0,50900.0,49800.0,50000.0,3848
202606040915,50000.0,50100.0,48500.0,48550.0,3113
202606040930,48550.0,48750.0,48500.0,48650.0,2806
202606040945,48650.0,49050.0,48500.0,49050.0,1169
202606041000,49000.0,49300.0,48850.0,48850.0,1432
202606041015,48850.0,49100.0,48700.0,49100.0,1423
202606041030,49150.0,49500.0,48800.0,48900.0,2834
202606041045,48850.0,48850.0,48500.0,48600.0,3549
202606041100,48650.0,48900.0,48600.0,48600.0,1930
202606041115,48600.0,48700.0,48350.0,48350.0,997
202606041130,48350.0,48400.0,48200.0,48200.0,1085
202606041145,48250.0,48350.0,48200.0,48200.0,622
202606041200,48200.0,48250.0,48000.0,48150.0,3390
202606041215,48100.0,48450.0,48100.0,48250.0,773
202606041230,48300.0,48300.0,48150.0,48150.0,476
202606041245,48150.0,48200.0,48100.0,48150.0,420
202606041300,48150.0,48150.0,48000.0,48050.0,1401
202606041315,48050.0,48150.0,48000.0,48000.0,360
202606041330,48050.0,48050.0,48000.0,48000.0,246
202606041345,48050.0,48550.0,48000.0,48350.0,689
202606041400,48350.0,48350.0,48200.0,48300.0,418
202606041415,48250.0,48900.0,48250.0,48650.0,2064
202606041430,48700.0,48850.0,48600.0,48600.0,1699
202606041445,48650.0,48650.0,48200.0,48300.0,1908
202606041500,48300.0,48350.0,48050.0,48150.0,2410
202606041515,48150.0,48350.0,48000.0,48000.0,1329
202606050900,47900.0,47950.0,44750.0,47000.0,3883
202606050915,46950.0,47850.0,46600.0,47200.0,6015
202606050930,47150.0,47700.0,46700.0,47550.0,4617
202606050945,47650.0,47800.0,47300.0,47550.0,1387
202606051000,47450.0,47500.0,46550.0,46800.0,5252
202606051015,46800.0,47200.0,46000.0,47050.0,4651
202606051030,47000.0,47250.0,46850.0,47100.0,2085
202606051045,47100.0,47500.0,47100.0,47400.0,2242
202606051100,47400.0,48000.0,47250.0,48000.0,2090
202606051115,47950.0,48350.0,47950.0,48200.0,1778
202606051130,48250.0,48250.0,47850.0,48000.0,1693
202606051145,48000.0,48150.0,47950.0,48000.0,1453
202606051200,48050.0,48150.0,48000.0,48100.0,1287
202606051215,48100.0,48500.0,48100.0,48300.0,882
202606051230,48300.0,48450.0,48150.0,48150.0,1637
202606051245,48100.0,48100.0,47600.0,47850.0,1600
202606051300,47850.0,47850.0,47000.0,47050.0,764
202606051315,47050.0,47200.0,46100.0,46200.0,1223
202606051330,46200.0,46950.0,46200.0,46300.0,890
202606051345,46300.0,47050.0,46300.0,46400.0,1040
202606051400,46400.0,46700.0,46350.0,46550.0,377
202606051415,46600.0,46850.0,46550.0,46800.0,1691
202606051430,46850.0,47500.0,46800.0,46950.0,1811
202606051445,46900.0,46950.0,46550.0,46600.0,2228
202606051500,46700.0,46750.0,46400.0,46600.0,2969
202606051515,46450.0,46850.0,46350.0,46850.0,836
202606080900,42000.0,44050.0,42000.0,42400.0,3058
202606080930,45650.0,45750.0,42550.0,42850.0,8413
202606080945,42850.0,43550.0,42050.0,43050.0,9985
202606081000,43000.0,43200.0,42300.0,42300.0,4735
202606081015,42350.0,42350.0,41800.0,41850.0,11850
202606081030,41850.0,42500.0,41800.0,42350.0,3969
202606081045,42350.0,42600.0,42200.0,42400.0,2055
202606081100,42400.0,42550.0,41800.0,42550.0,2374
202606081115,42550.0,52500.0,42550.0,50200.0,58502
202606081130,50200.0,52700.0,49500.0,52700.0,37256
202606081145,52800.0,54200.0,51200.0,52100.0,33855
202606081200,52100.0,52200.0,50100.0,50500.0,28517
202606081215,50400.0,51300.0,50000.0,50800.0,10627
202606081230,50800.0,51300.0,50500.0,50600.0,4754
202606081245,50600.0,51000.0,50100.0,50400.0,5385
202606081300,50400.0,50800.0,50000.0,50100.0,4872
202606081315,50100.0,50500.0,49400.0,49450.0,6574
202606081330,49450.0,50500.0,49150.0,49250.0,4468
202606081345,49250.0,49550.0,49100.0,49250.0,12595
202606081400,49200.0,49500.0,48050.0,48400.0,7103
202606081415,48250.0,48550.0,48000.0,48100.0,7154
202606081430,48050.0,48100.0,47300.0,47400.0,6069
202606081445,47500.0,47550.0,46000.0,46300.0,7000
202606081500,46350.0,46800.0,45550.0,46000.0,6452
202606081515,46000.0,46700.0,45900.0,46700.0,7235
202606090900,49700.0,51300.0,48000.0,48000.0,22519
202606090915,48000.0,48700.0,47500.0,48500.0,15014
202606090930,48500.0,49650.0,48300.0,48600.0,5759
202606090945,48500.0,48650.0,47850.0,48000.0,2927
202606091000,48000.0,48050.0,46600.0,46700.0,6297
202606091015,46650.0,47300.0,46100.0,47000.0,5427
202606091030,47000.0,47900.0,46800.0,47650.0,7051
202606091045,47650.0,47900.0,47200.0,47200.0,1823
202606091100,47250.0,47350.0,46900.0,47150.0,1526
202606091115,47250.0,47450.0,46950.0,47200.0,1216
202606091130,47200.0,49250.0,47100.0,48200.0,20367
202606091145,48250.0,49000.0,48150.0,48400.0,1859
202606091200,48600.0,48950.0,48400.0,48600.0,1283
202606091215,48600.0,49300.0,48450.0,49300.0,6642
202606091230,49100.0,49350.0,48800.0,49000.0,1405
202606091245,49000.0,49750.0,48900.0,49100.0,3760
202606091300,49400.0,50200.0,49150.0,49700.0,2102
202606091315,49850.0,50400.0,49250.0,50000.0,12500
202606091330,49900.0,50700.0,49650.0,50400.0,6110
202606091345,50500.0,50700.0,50100.0,50300.0,2519
202606091400,50300.0,50600.0,48800.0,49850.0,7496
202606091415,49900.0,50200.0,49750.0,49850.0,961
202606091430,49850.0,49950.0,49550.0,49900.0,1385
202606091445,49850.0,50100.0,49750.0,49800.0,1309
202606091500,49950.0,50500.0,49800.0,50100.0,4397
202606091515,50200.0,50500.0,49950.0,50500.0,3529
202606100900,52100.0,55500.0,52100.0,55200.0,25733
202606100915,55100.0,55300.0,52700.0,52700.0,10356
202606100930,52700.0,52900.0,51100.0,51300.0,7997
202606100945,51300.0,51500.0,50400.0,51400.0,35907
202606101000,51400.0,52200.0,51300.0,52000.0,17421
202606101015,52100.0,52400.0,51500.0,52100.0,13828
202606101030,52100.0,52900.0,52100.0,52100.0,2613
202606101045,52200.0,52500.0,52000.0,52100.0,973
202606101100,52000.0,52100.0,51700.0,51800.0,1210
202606101115,51800.0,51800.0,51400.0,51500.0,2468
202606101130,51600.0,51800.0,50900.0,51800.0,8676
202606101145,51900.0,51900.0,51300.0,51400.0,811
202606101200,51400.0,51400.0,51000.0,51100.0,504
202606101215,51100.0,51500.0,51000.0,51000.0,1379
202606101230,51000.0,51000.0,50600.0,50600.0,1388
202606101245,50600.0,50700.0,50500.0,50600.0,1343
202606101300,50500.0,51200.0,49800.0,49900.0,17946
202606101315,49850.0,51800.0,49800.0,50200.0,25128
202606101330,50100.0,51000.0,49300.0,49350.0,11749
202606101345,49300.0,51500.0,49250.0,49350.0,2655
202606101400,49350.0,50500.0,49200.0,49500.0,3442
202606101415,49500.0,50200.0,48950.0,50200.0,4537
202606101430,50200.0,50500.0,49700.0,49950.0,2819
202606101445,49950.0,50400.0,49700.0,50200.0,2589
202606101500,50300.0,51200.0,49950.0,51100.0,3460
202606101515,51100.0,51500.0,51000.0,51500.0,4824
202606110900,50800.0,51300.0,49550.0,50200.0,4524
202606110915,50200.0,51000.0,49650.0,50300.0,2562
202606110930,49950.0,50300.0,49350.0,49600.0,3371
202606110945,49650.0,50600.0,49450.0,50600.0,4819
202606111000,50700.0,50800.0,50200.0,50600.0,2348
202606111015,50600.0,50600.0,49450.0,49500.0,5086
202606111030,49500.0,50100.0,49500.0,49950.0,1082
202606111045,50000.0,50700.0,49900.0,50000.0,1560
202606111100,49950.0,50300.0,49900.0,50100.0,809
202606111115,50100.0,50100.0,49800.0,49850.0,1053
202606111130,49850.0,50200.0,49850.0,50100.0,760
202606111145,50100.0,50200.0,49950.0,50100.0,622
202606111200,50100.0,50500.0,50000.0,50100.0,669
202606111215,50000.0,50400.0,50000.0,50300.0,702
202606111230,50300.0,50900.0,50300.0,50600.0,767
202606111245,50500.0,50700.0,50400.0,50500.0,560
202606111300,50400.0,51400.0,50400.0,51200.0,1671
202606111315,51200.0,52800.0,51200.0,52200.0,7367
202606111330,52200.0,52500.0,51600.0,52300.0,1871
202606111345,52400.0,52500.0,51600.0,51600.0,3824
202606111400,51600.0,52200.0,51600.0,51900.0,2863
202606111415,52100.0,52100.0,51600.0,52000.0,4338
202606111430,52000.0,52500.0,51800.0,52300.0,1767
202606111445,52300.0,52500.0,51600.0,52000.0,2205
202606111500,51900.0,52300.0,51500.0,52200.0,5312
202606111515,52000.0,52500.0,51800.0,52200.0,1793
202606120900,54600.0,54600.0,52500.0,52600.0,8630
202606120915,52600.0,54800.0,52500.0,54800.0,6993
202606120930,54700.0,55300.0,54100.0,55000.0,7306
202606120945,55000.0,55500.0,54400.0,55300.0,10227
202606121000,55300.0,55400.0,53800.0,54200.0,2591
202606121015,54200.0,54400.0,53800.0,54100.0,3535
202606121030,54000.0,54900.0,53700.0,54900.0,4128
202606121045,54900.0,57500.0,54700.0,57200.0,25978
202606121100,57300.0,57300.0,56500.0,56500.0,3995
202606121115,56600.0,57200.0,56600.0,57100.0,2534
202606121130,57100.0,57200.0,56900.0,57000.0,2044
202606121145,57000.0,57200.0,56500.0,57000.0,3431
202606121200,57050.0,57100.0,56600.0,56900.0,1898
202606121215,56900.0,57100.0,56600.0,56900.0,1700
202606121230,57000.0,57100.0,56600.0,56900.0,1941
202606121245,56800.0,56900.0,56300.0,56400.0,2362
202606121300,56400.0,57100.0,56400.0,56900.0,3710
202606121315,56900.0,57100.0,56500.0,56700.0,2640
202606121330,56800.0,56900.0,56000.0,56400.0,2558
202606121345,56400.0,57400.0,56400.0,57300.0,6198
202606121400,57200.0,58600.0,57100.0,57600.0,23159
202606121415,57700.0,58500.0,57500.0,58300.0,4952
202606121430,58300.0,58400.0,57000.0,57600.0,13827
202606121445,57600.0,57800.0,57000.0,57300.0,5413
202606121500,57200.0,58000.0,57100.0,57900.0,6123
202606121515,57900.0,58400.0,57700.0,58400.0,6180
202606150900,58600.0,58700.0,55200.0,56300.0,11004
202606150915,56400.0,56500.0,55400.0,55900.0,6355
202606150930,55900.0,56000.0,55000.0,55000.0,7476
202606150945,55000.0,55200.0,54100.0,54800.0,8684
202606151000,54800.0,54900.0,54100.0,54300.0,3542
202606151015,54300.0,54400.0,53400.0,54000.0,4918
202606151030,54100.0,54300.0,53700.0,53900.0,1455
202606151045,54000.0,54000.0,52900.0,53000.0,6578
202606151100,53000.0,53500.0,52900.0,53300.0,2884
202606151115,53300.0,53600.0,53200.0,53300.0,1602
202606151130,53300.0,53900.0,53300.0,53500.0,2837
202606151145,53700.0,53800.0,53500.0,53700.0,1278
202606151200,53700.0,53700.0,53200.0,53500.0,3027
202606151215,53500.0,53900.0,53500.0,53800.0,1358
202606151230,53800.0,54100.0,53700.0,53800.0,1764
202606151245,53900.0,54000.0,53600.0,53900.0,1065
202606151300,54000.0,54500.0,53900.0,54200.0,3297
202606151315,54200.0,54600.0,54000.0,54200.0,2160
202606151330,54200.0,54500.0,54000.0,54300.0,1362
202606151345,54300.0,54600.0,54100.0,54500.0,1812
202606151400,54500.0,54700.0,54300.0,54500.0,4595
202606151415,54500.0,55600.0,54300.0,55500.0,4580
202606151430,55500.0,56600.0,55300.0,56000.0,4460
202606151445,56100.0,56200.0,55600.0,55700.0,3535
202606151500,55700.0,56700.0,55600.0,56500.0,6162
202606151515,56400.0,57000.0,56100.0,56300.0,4744
202606160900,54300.0,54500.0,51300.0,52300.0,25431
202606160915,52400.0,53300.0,51700.0,53300.0,6526
202606160930,53200.0,53200.0,52400.0,52900.0,5777
202606160945,52900.0,52900.0,51300.0,52200.0,8099
202606161000,52200.0,52300.0,51500.0,52000.0,3507
202606161015,52100.0,52100.0,51300.0,51800.0,6025
202606161030,51800.0,51900.0,51200.0,51700.0,6386
202606161045,51800.0,53000.0,51800.0,52900.0,3625
202606161100,52800.0,53600.0,52800.0,53200.0,3245
202606161115,53300.0,53400.0,53000.0,53300.0,1404
202606161130,53200.0,53800.0,53100.0,53700.0,4136
202606161145,53700.0,53800.0,53400.0,53400.0,1565
202606161200,53300.0,53500.0,53100.0,53300.0,1725
202606161215,53400.0,53600.0,53200.0,53300.0,1456
202606161230,53300.0,53900.0,53200.0,53800.0,2720
202606161245,53500.0,53600.0,53100.0,53300.0,2866
202606161300,53300.0,53800.0,53100.0,53800.0,1523
202606161315,53800.0,55400.0,53600.0,55400.0,9649
202606161330,55400.0,56000.0,55000.0,55300.0,5551
202606161345,55400.0,55600.0,54300.0,54700.0,3331
202606161400,54800.0,55200.0,54700.0,55100.0,5344
202606161415,55200.0,55600.0,55100.0,55400.0,1920
202606161430,55400.0,55600.0,55200.0,55300.0,3930
202606161445,55200.0,55800.0,55000.0,55700.0,5345
202606161500,55800.0,56700.0,55600.0,56600.0,7780
202606161515,56400.0,56700.0,56300.0,56500.0,2319
202606170900,56600.0,58500.0,56200.0,56700.0,9479
202606170915,56700.0,56700.0,56000.0,56000.0,4684
202606170930,56100.0,57900.0,55900.0,57800.0,7320
202606170945,57800.0,57800.0,56300.0,57200.0,2247
202606171000,57200.0,58100.0,56700.0,56700.0,3829
202606171015,56700.0,57100.0,56200.0,56600.0,2001
202606171030,56800.0,58100.0,56200.0,57500.0,5696
202606171045,57500.0,57600.0,57000.0,57400.0,1671
202606171100,57500.0,57800.0,57000.0,57500.0,2240
202606171115,57300.0,57600.0,57000.0,57300.0,713
202606171130,57200.0,57200.0,56500.0,57000.0,1907
202606171145,57000.0,57000.0,56400.0,56800.0,1366
202606171200,56800.0,56900.0,56100.0,56100.0,1242
202606171215,56200.0,56700.0,56100.0,56500.0,1860
202606171230,56500.0,56500.0,56100.0,56100.0,856
202606171245,56200.0,56700.0,55900.0,56700.0,945
202606171300,56400.0,56600.0,56000.0,56100.0,1885
202606171315,56100.0,56100.0,55800.0,56000.0,826
202606171330,56000.0,56200.0,56000.0,56100.0,235
202606171345,56200.0,56700.0,56000.0,56300.0,596
202606171400,56200.0,56700.0,56000.0,56100.0,1675
202606171415,56100.0,56200.0,55500.0,56000.0,1590
202606171430,56000.0,56100.0,55800.0,55900.0,281
202606171445,55900.0,56200.0,55600.0,56100.0,1504
202606171500,56100.0,56600.0,55900.0,56200.0,1594
202606171515,56300.0,56500.0,56100.0,56300.0,1585
202606180900,56900.0,57700.0,56000.0,56200.0,5060
202606180915,56300.0,56300.0,54600.0,54900.0,9422
202606180930,54900.0,54900.0,54000.0,54100.0,2688
202606180945,54300.0,54400.0,53600.0,54000.0,3971
202606181000,53900.0,54300.0,53300.0,54300.0,3577
202606181015,54200.0,54300.0,53800.0,53900.0,838
202606181030,54000.0,54100.0,53500.0,54000.0,972
202606181045,53900.0,54200.0,53800.0,54000.0,561
202606181100,54100.0,54100.0,53500.0,53600.0,1360
202606181115,53700.0,53800.0,53500.0,53500.0,761
202606181130,53600.0,53800.0,53300.0,53500.0,3120
202606181145,53500.0,53700.0,53500.0,53600.0,302
202606181200,53500.0,53700.0,53400.0,53400.0,959
202606181215,53400.0,53800.0,52700.0,53100.0,9807
202606181230,53100.0,53400.0,52300.0,52500.0,6393
202606181245,52600.0,53000.0,52300.0,52800.0,6073
202606181300,52800.0,52900.0,52400.0,52500.0,2810
202606181315,52500.0,52900.0,52100.0,52500.0,6210
202606181330,52500.0,52800.0,52300.0,52500.0,1020
202606181345,52500.0,52800.0,52100.0,52200.0,2802
202606181400,52200.0,52600.0,51800.0,51800.0,6627
202606181415,51800.0,52000.0,51600.0,51800.0,3967
202606181430,51800.0,51900.0,51300.0,51900.0,9095
202606181445,51700.0,51700.0,51300.0,51500.0,4927
202606181500,51400.0,52300.0,51300.0,52000.0,4459
202606181515,52000.0,52700.0,51800.0,52000.0,4961
202606190900,51300.0,52000.0,50200.0,51400.0,6953
202606190915,51300.0,51600.0,49850.0,49900.0,15966
202606190930,50000.0,50100.0,49450.0,50000.0,8374
202606190945,49950.0,50400.0,49450.0,49500.0,7849
202606191000,49500.0,49650.0,49150.0,49400.0,5867
202606191015,49400.0,49400.0,48450.0,48700.0,8041
202606191030,48700.0,48750.0,48300.0,48500.0,4476
202606191045,48450.0,48600.0,48300.0,48450.0,2002
202606191100,48450.0,48650.0,48450.0,48550.0,1272
202606191115,48550.0,48650.0,48150.0,48350.0,3123
202606191130,48350.0,48550.0,48150.0,48250.0,796
202606191145,48250.0,48350.0,48050.0,48200.0,2809
202606191200,48250.0,48750.0,48200.0,48450.0,1749
202606191215,48350.0,48900.0,48100.0,48200.0,4964
202606191230,48150.0,48600.0,47950.0,48000.0,6392
202606191245,48000.0,48000.0,47700.0,47900.0,2458
202606191300,47900.0,48300.0,47550.0,47950.0,5181
202606191315,48000.0,48500.0,47800.0,48050.0,1400
202606191330,48050.0,48500.0,47800.0,47800.0,1557
202606191345,47800.0,47900.0,47700.0,47850.0,1110
202606191400,47900.0,47950.0,47650.0,47850.0,2529
202606191415,47850.0,47900.0,47550.0,47700.0,2477
202606191430,47600.0,47850.0,47550.0,47700.0,1979
202606191445,47700.0,48600.0,47650.0,48500.0,2948
202606191500,48500.0,49000.0,48400.0,48450.0,7003
202606191515,48450.0,49000.0,48300.0,48400.0,6729
202606220900,47550.0,48800.0,47550.0,48100.0,2644
202606220915,48050.0,48050.0,47500.0,47750.0,1727
202606220930,47850.0,48450.0,47750.0,47850.0,1571
202606220945,47850.0,48050.0,47100.0,47200.0,2389
202606221000,47200.0,47250.0,46800.0,46800.0,3191
202606221015,46800.0,47150.0,46600.0,47000.0,2309
202606221030,47050.0,47050.0,46300.0,46500.0,1594
202606221045,46500.0,46650.0,46350.0,46450.0,740
202606221100,46450.0,46600.0,46400.0,46450.0,1022
202606221115,46450.0,46550.0,46200.0,46200.0,2741
202606221130,46200.0,46300.0,46100.0,46250.0,729
202606221145,46250.0,46250.0,46150.0,46150.0,390
202606221200,46200.0,46200.0,45800.0,45850.0,3011
202606221215,45950.0,45950.0,45700.0,45750.0,771
202606221230,45750.0,45850.0,45700.0,45850.0,595
202606221245,45850.0,46000.0,45800.0,45900.0,434
202606221300,45900.0,45950.0,45750.0,45950.0,699
202606221315,45900.0,45900.0,45700.0,45800.0,1567
202606221330,45800.0,45800.0,45600.0,45600.0,3380
202606221345,45600.0,45950.0,45550.0,45900.0,513
202606221400,45900.0,46400.0,45850.0,46300.0,887
202606221415,46350.0,47000.0,46000.0,46450.0,3330
202606221430,46500.0,46750.0,46300.0,46550.0,2487
202606221445,46650.0,47000.0,46250.0,47000.0,2486
202606221500,46550.0,46700.0,45500.0,45850.0,4365
202606221515,46000.0,46100.0,45650.0,45900.0,1364
202606230900,45950.0,46950.0,45400.0,46200.0,4896
202606230915,46250.0,46800.0,45900.0,45950.0,2871
202606230930,46000.0,46250.0,45600.0,46150.0,1901
202606230945,46050.0,46250.0,45800.0,45900.0,2140
202606231000,46000.0,46100.0,45800.0,46100.0,996
202606231015,46100.0,46400.0,45950.0,46150.0,1388
202606231030,46150.0,46300.0,45250.0,45350.0,3518
202606231045,45300.0,46250.0,44850.0,45300.0,5444
202606231100,45300.0,45450.0,45000.0,45250.0,1725
202606231115,45250.0,45400.0,44950.0,45100.0,1582
202606231130,45100.0,45250.0,44800.0,45150.0,2233
202606231145,45150.0,45550.0,44900.0,44900.0,1520
202606231200,44950.0,45000.0,44500.0,44600.0,4240
202606231215,44600.0,44750.0,44450.0,44550.0,1253
202606231230,44550.0,44650.0,44250.0,44300.0,1559
202606231245,44450.0,45100.0,44400.0,44950.0,1788
202606231300,45000.0,45250.0,44600.0,44600.0,1124
202606231315,44750.0,44900.0,44650.0,44700.0,503
202606231330,44750.0,44900.0,44600.0,44750.0,819
202606231345,44650.0,44800.0,44350.0,44500.0,995
202606231400,44500.0,44550.0,44300.0,44450.0,913
202606231415,44450.0,44450.0,44050.0,44100.0,1525
202606231430,44100.0,44150.0,44050.0,44150.0,496
202606231500,44250.0,44450.0,43700.0,44150.0,10892
202606231515,44150.0,44150.0,43400.0,43950.0,4636
202606240900,43250.0,43250.0,42000.0,42100.0,5579
202606240915,42200.0,42600.0,42050.0,42250.0,3552
202606240930,42200.0,42650.0,42050.0,42350.0,3623
202606240945,42500.0,42500.0,41950.0,41950.0,4309
202606241000,41950.0,42100.0,41850.0,41950.0,2081
202606241015,41950.0,42050.0,41650.0,41700.0,2184
202606241030,41850.0,42300.0,41700.0,42150.0,1176
202606241045,41950.0,42350.0,41900.0,42200.0,1213
202606241100,42200.0,42600.0,42050.0,42550.0,1374
202606241115,42600.0,42950.0,42450.0,42950.0,1686
202606241130,42800.0,42800.0,42150.0,42150.0,1352
202606241145,42150.0,42200.0,41650.0,41700.0,1451
202606241200,41650.0,42100.0,41500.0,41600.0,1947
202606241215,41600.0,42150.0,41200.0,41750.0,1354
202606241230,41700.0,41900.0,41650.0,41750.0,832
202606241245,41800.0,42150.0,41750.0,41850.0,1228
202606241300,41900.0,42100.0,41650.0,41900.0,1161
202606241315,41950.0,42300.0,41950.0,41950.0,2069
202606241330,41950.0,42300.0,41750.0,42200.0,625
202606241345,42000.0,42600.0,42000.0,42500.0,1182
202606241400,42450.0,42850.0,42250.0,42850.0,1363
202606241415,42850.0,43200.0,42850.0,43100.0,2375
202606241430,43100.0,44300.0,43100.0,43600.0,3017
202606241445,43600.0,43800.0,43100.0,43250.0,1667
202606241500,43700.0,44050.0,43050.0,43150.0,7446
202606241515,43150.0,43550.0,43150.0,43550.0,1803
202606250900,44300.0,44550.0,43150.0,43550.0,4559
202606250915,43550.0,43850.0,42800.0,42850.0,4545
202606250930,42800.0,42800.0,42100.0,42400.0,4427
202606250945,42300.0,42400.0,41850.0,41850.0,2554
202606251000,41850.0,41950.0,41450.0,41500.0,3649
202606251015,41600.0,41700.0,41600.0,41650.0,1181
202606251030,41650.0,41650.0,41100.0,41450.0,5897
202606251045,41450.0,41700.0,41300.0,41350.0,1113
202606251100,41350.0,41450.0,41250.0,41300.0,655
202606251115,41300.0,41550.0,41300.0,41350.0,655
202606251130,41350.0,41500.0,41300.0,41350.0,650
202606251145,41300.0,41350.0,41050.0,41100.0,1851
202606251200,41050.0,41150.0,40900.0,40950.0,1378
202606251215,41000.0,41100.0,40550.0,40700.0,10042
202606251230,40700.0,40800.0,40350.0,40750.0,3627
202606251245,40750.0,41050.0,40550.0,40550.0,2308
202606251300,40600.0,41100.0,40550.0,41050.0,1593
202606251315,40950.0,41050.0,40450.0,40850.0,1698
202606251330,40700.0,41000.0,40500.0,40800.0,917
202606251345,40800.0,40900.0,40350.0,40600.0,3510
202606251400,40400.0,41400.0,40300.0,40950.0,5090
202606251415,40900.0,41400.0,40700.0,41300.0,7272
202606251430,41350.0,41450.0,41100.0,41150.0,1408
202606251445,41200.0,41200.0,40950.0,41100.0,1521
202606251500,41050.0,41350.0,40900.0,41100.0,2524
202606251515,41150.0,41650.0,41000.0,41000.0,1786
202606260900,40600.0,40600.0,39600.0,39900.0,3468
202606260915,39950.0,41000.0,39900.0,40900.0,2796
202606260930,40750.0,41300.0,40500.0,40700.0,3156
202606260945,40750.0,40800.0,40150.0,40200.0,1753
202606261000,40300.0,40850.0,40050.0,40400.0,1230
202606261015,40250.0,40500.0,40150.0,40400.0,1620
202606261030,40400.0,40500.0,40000.0,40250.0,1834
202606261045,40250.0,40450.0,40100.0,40150.0,1021
202606261100,40200.0,40200.0,39850.0,40150.0,1860
202606261115,40150.0,40250.0,39700.0,39800.0,2054
202606261130,39750.0,39900.0,39100.0,39500.0,6410
202606261145,39500.0,39950.0,39100.0,39100.0,1567
202606261200,39150.0,39400.0,38600.0,39100.0,1512
202606261230,39100.0,39500.0,38300.0,38650.0,2473
202606261245,38600.0,39450.0,38300.0,39350.0,4507
202606261300,39350.0,39450.0,39050.0,39400.0,1745
202606261315,39450.0,39850.0,38900.0,39300.0,1743
202606261330,39300.0,39950.0,38700.0,38950.0,1864
202606261345,38950.0,39000.0,38450.0,38950.0,2243
202606261400,39000.0,39100.0,38700.0,39050.0,690
202606261415,39200.0,39300.0,38950.0,39150.0,1399
202606261430,39050.0,39400.0,38600.0,38700.0,3546
202606261445,38600.0,39350.0,38550.0,39000.0,1987
202606261500,39150.0,39350.0,38750.0,39050.0,2682
202606261515,39100.0,39250.0,39000.0,39200.0,1339
202606290900,39600.0,40800.0,39000.0,40600.0,2698
202606290915,40450.0,41850.0,40450.0,41600.0,4153
202606290930,41600.0,41650.0,41250.0,41500.0,2322
202606290945,41450.0,41750.0,40850.0,40900.0,3282
202606291000,40900.0,40900.0,40600.0,40800.0,1295
202606291015,40850.0,40900.0,40650.0,40850.0,1361
202606291030,40850.0,40900.0,40450.0,40700.0,997
202606291045,40700.0,41050.0,40600.0,41000.0,569
202606291100,41050.0,41100.0,40750.0,40900.0,1787
202606291115,40950.0,41150.0,40850.0,41000.0,831
202606291130,41000.0,41150.0,40750.0,41150.0,1246
202606291145,41200.0,41350.0,41100.0,41300.0,776
202606291200,41300.0,41400.0,41150.0,41200.0,544
202606291215,41250.0,41450.0,41050.0,41450.0,993
202606291230,41450.0,41450.0,41200.0,41350.0,948
202606291245,41350.0,41650.0,41350.0,41550.0,997
202606291300,41600.0,41600.0,41400.0,41400.0,591
202606291315,41400.0,42050.0,41250.0,41850.0,1706
202606291330,41850.0,41850.0,41450.0,41500.0,1530
202606291345,41500.0,41700.0,41200.0,41300.0,1448
202606291400,41350.0,41700.0,41350.0,41550.0,1634
202606291415,41550.0,41550.0,41000.0,41000.0,1200
202606291430,41000.0,41650.0,40850.0,41450.0,5142
202606291445,41400.0,41450.0,41050.0,41300.0,3422
202606291500,41300.0,41750.0,41000.0,41400.0,3312
202606291515,41400.0,41800.0,41400.0,41800.0,1483
202606300900,41850.0,42300.0,40550.0,41250.0,6994
202606300915,41100.0,41550.0,40850.0,40950.0,2903
202606300930,40850.0,41100.0,39900.0,40050.0,1910
202606300945,39950.0,40550.0,39600.0,40400.0,3341
202606301000,40400.0,40750.0,40100.0,40400.0,3506
202606301015,40400.0,40550.0,40050.0,40550.0,2797
202606301030,40400.0,40700.0,40300.0,40350.0,2722
202606301045,40350.0,40600.0,40050.0,40550.0,3656
202606301100,40500.0,40500.0,40000.0,40000.0,3269
202606301115,40100.0,40150.0,39800.0,40100.0,3447
202606301130,40000.0,40250.0,39850.0,40150.0,3302
202606301145,40150.0,40150.0,39600.0,39600.0,6094
202606301200,39600.0,39900.0,39500.0,39650.0,3882
202606301215,39650.0,40000.0,39650.0,39900.0,3335
202606301230,39850.0,40150.0,39700.0,40000.0,3159
202606301245,40050.0,40200.0,39750.0,39900.0,3209
202606301300,39850.0,40150.0,39750.0,39950.0,4712
202606301315,39950.0,40250.0,39850.0,39950.0,4007
202606301330,39950.0,40300.0,39850.0,40200.0,4073
202606301345,40150.0,40250.0,39700.0,40000.0,4264
202606301400,40050.0,40050.0,39650.0,39900.0,3652
202606301415,39900.0,40100.0,39700.0,40050.0,2770
202606301430,40050.0,40150.0,39850.0,40000.0,2339
202606301445,40000.0,40100.0,39800.0,39950.0,2193
202606301500,39900.0,40150.0,39800.0,39900.0,1719
202606301515,39900.0,40000.0,39700.0,40000.0,3008
202607010900,40050.0,40750.0,39550.0,40000.0,6880
202607010915,40150.0,41050.0,39700.0,40200.0,5462
202607010930,40200.0,41500.0,40050.0,41200.0,3178
202607010945,41150.0,42150.0,41100.0,41800.0,7428
202607011000,41700.0,42800.0,41700.0,41900.0,6545
202607011015,41900.0,42250.0,41800.0,42100.0,4396
202607011030,42100.0,42300.0,41650.0,41800.0,7401
202607011045,41800.0,41950.0,41500.0,41600.0,3555
202607011100,41600.0,41800.0,41100.0,41200.0,8143
202607011115,41200.0,41250.0,40700.0,40900.0,7184
202607011130,40800.0,42000.0,40550.0,41700.0,7521
202607011145,41700.0,42000.0,41000.0,41100.0,4559
202607011200,41200.0,41850.0,41050.0,41350.0,4123
202607011215,41350.0,41450.0,40900.0,41250.0,3537
202607011230,41300.0,41500.0,40900.0,41150.0,2902
202607011245,41150.0,41350.0,40850.0,41100.0,3295
202607011300,41050.0,41450.0,40750.0,40900.0,3200
202607011315,40900.0,41150.0,40600.0,40900.0,3157
202607011330,40900.0,41150.0,40350.0,40700.0,4939
202607011345,40700.0,41650.0,40300.0,41500.0,11031
202607011400,41500.0,42000.0,41300.0,41900.0,4233
202607011415,41850.0,42550.0,41850.0,42500.0,2515
202607011430,42500.0,42500.0,41950.0,42300.0,905
202607011445,42300.0,42400.0,42100.0,42300.0,601
202607011500,42300.0,42700.0,42100.0,42250.0,3897
202607011515,42250.0,42650.0,42250.0,42650.0,577
202607020900,41300.0,41300.0,40150.0,40700.0,6558
202607020915,40700.0,41200.0,40100.0,41200.0,1158
202607020930,41000.0,41700.0,40800.0,41250.0,3601
202607020945,41250.0,41500.0,40900.0,41250.0,4293
202607021000,41300.0,41650.0,41000.0,41500.0,3146
202607021015,41400.0,41850.0,41400.0,41500.0,3727
202607021030,41500.0,41850.0,41400.0,41650.0,2084
202607021045,41550.0,41800.0,41450.0,41550.0,611
202607021100,41600.0,41700.0,41350.0,41650.0,708
202607021115,41650.0,41700.0,41300.0,41500.0,1670
202607021130,41450.0,41550.0,41300.0,41350.0,498
202607021145,41400.0,41400.0,41050.0,41050.0,229
202607021200,41050.0,41150.0,40850.0,40900.0,353
202607021215,40900.0,40950.0,40700.0,40950.0,878
202607021230,40950.0,40950.0,40800.0,40900.0,469
202607021245,40950.0,41150.0,40800.0,40800.0,409
202607021300,40850.0,40850.0,40550.0,40600.0,339
202607021315,40550.0,41250.0,40550.0,40800.0,4908
202607021330,40750.0,40900.0,40550.0,40650.0,466
202607021345,40750.0,41650.0,40550.0,41350.0,1742
202607021400,41300.0,41600.0,41000.0,41600.0,4471
202607021415,41800.0,41800.0,41000.0,41050.0,8657
202607021430,41050.0,41100.0,40400.0,40500.0,2688
202607021445,40400.0,41400.0,40200.0,40400.0,4721
202607021500,40350.0,40750.0,40000.0,40300.0,3123
202607021515,40100.0,40400.0,40050.0,40150.0,1379
202607030900,40400.0,40400.0,39000.0,39250.0,2292
202607030915,39250.0,39250.0,38200.0,38550.0,5735
202607030930,38350.0,39250.0,38350.0,38650.0,5114
202607030945,38700.0,39350.0,38250.0,38650.0,3717
202607031000,38650.0,39300.0,38550.0,39100.0,2079
202607031015,39100.0,39650.0,39000.0,39150.0,1934
202607031030,39050.0,39650.0,39050.0,39050.0,1393
202607031045,39050.0,39200.0,38300.0,38650.0,9434
202607031100,38600.0,39200.0,38550.0,38650.0,2918
202607031115,38600.0,39100.0,38500.0,38850.0,2977
202607031130,38800.0,39000.0,38800.0,38850.0,1408
202607031145,38900.0,39150.0,38800.0,39100.0,2037
202607031200,39100.0,39100.0,38800.0,38900.0,944
202607031215,38850.0,38900.0,38650.0,38850.0,2206
202607031230,38900.0,39050.0,38550.0,38600.0,775
202607031245,38600.0,38900.0,38550.0,38900.0,1529
202607031300,38850.0,38900.0,38550.0,38600.0,1355
202607031315,38600.0,38800.0,38550.0,38650.0,981
202607031330,38650.0,38800.0,38550.0,38800.0,1217
202607031345,38800.0,40350.0,38700.0,40150.0,5694
202607031400,40000.0,40300.0,39650.0,39750.0,4888
202607031415,39700.0,40300.0,39700.0,40250.0,3825
202607031430,40250.0,40600.0,40200.0,40350.0,4546
202607031445,40300.0,40350.0,40050.0,40300.0,3813
202607031500,40300.0,40550.0,40050.0,40200.0,3731
202607031515,40200.0,40500.0,40050.0,40050.0,1269
202607060900,40150.0,40600.0,39200.0,39650.0,3481
202607060915,39650.0,40150.0,39350.0,39950.0,2671
202607060930,39900.0,39950.0,39550.0,39850.0,1182
202607060945,39750.0,39950.0,39400.0,39600.0,1037
202607061000,39550.0,39550.0,39200.0,39300.0,1413
202607061015,39300.0,39300.0,38500.0,39100.0,5869
202607061030,39100.0,39250.0,39000.0,39000.0,940
202607061045,38950.0,40850.0,38800.0,40700.0,5555
202607061100,40750.0,40900.0,40000.0,40200.0,4130
202607061115,40200.0,40500.0,40000.0,40100.0,3445
202607061130,40050.0,40300.0,39750.0,39750.0,3969
202607061145,39750.0,40100.0,39550.0,39900.0,3567
202607061200,39850.0,40450.0,39650.0,40400.0,4029
202607061215,40400.0,40650.0,40150.0,40400.0,4021
202607061230,40350.0,40500.0,39950.0,40200.0,3972
202607061245,40200.0,40450.0,40000.0,40250.0,2762
202607061300,40300.0,40700.0,40250.0,40550.0,3082
202607061315,40550.0,41150.0,40500.0,41000.0,2710
202607061330,41000.0,41300.0,40850.0,41300.0,2296
202607061345,41350.0,41500.0,41100.0,41500.0,3294
202607061400,41350.0,41900.0,41000.0,41900.0,2891
202607061415,41900.0,42150.0,41300.0,41800.0,3735
202607061430,41700.0,41900.0,41450.0,41650.0,3555
202607061445,41650.0,42000.0,41250.0,41800.0,4001
202607061500,41800.0,42150.0,41750.0,41950.0,4064
202607061515,41900.0,42100.0,41700.0,41950.0,1439
202607070900,40550.0,42350.0,40450.0,41700.0,3776
202607070915,41700.0,44550.0,41400.0,44000.0,10723
202607070930,44050.0,44450.0,42950.0,43050.0,7193
202607070945,43000.0,43500.0,42850.0,43300.0,3008
202607071000,43300.0,43300.0,43050.0,43150.0,917
202607071015,43150.0,44000.0,43000.0,43300.0,2039
202607071030,43350.0,43500.0,42800.0,43500.0,9960
202607071045,43500.0,43950.0,43100.0,43300.0,2358
202607071100,43350.0,43650.0,43100.0,43150.0,838
202607071115,43200.0,43450.0,42950.0,43050.0,751
202607071130,43000.0,43250.0,42800.0,42950.0,1003
202607071145,43000.0,43000.0,42600.0,42600.0,8566
202607071200,42600.0,43050.0,42500.0,42650.0,614
202607071215,42650.0,42800.0,42150.0,42300.0,1127
202607071230,42350.0,42800.0,42000.0,42200.0,1990
202607071245,42100.0,42750.0,41550.0,42150.0,1709
202607071300,42100.0,42600.0,42000.0,42100.0,549
202607071315,42100.0,42100.0,41850.0,41950.0,354
202607071330,41850.0,42150.0,41850.0,42050.0,587
202607071345,42050.0,42100.0,41750.0,42050.0,187
202607071415,42000.0,42400.0,41600.0,42050.0,1595
202607071430,42150.0,42600.0,41900.0,42500.0,1833
202607071445,42550.0,42750.0,42150.0,42600.0,1453
202607071500,42600.0,42750.0,42200.0,42750.0,1567
202607071515,42750.0,42750.0,42200.0,42600.0,582
202607080900,41100.0,41750.0,40800.0,41700.0,2669
202607080915,41700.0,41750.0,41000.0,41500.0,2488
202607080930,41550.0,41900.0,41050.0,41900.0,3299
202607080945,41900.0,42050.0,41750.0,41950.0,1057
202607081000,42000.0,42000.0,41050.0,41700.0,2585
202607081015,41650.0,41750.0,41050.0,41100.0,496
202607081030,41200.0,41200.0,40550.0,40650.0,1641
202607081045,40550.0,41000.0,40550.0,41000.0,3393
202607081100,41000.0,41250.0,40700.0,41250.0,4314
202607081115,41300.0,41450.0,40700.0,41150.0,3780
202607081130,41200.0,41250.0,41000.0,41150.0,529
202607081145,41200.0,41350.0,41050.0,41250.0,727
202607081200,41300.0,41750.0,41100.0,41750.0,1090
202607081215,41700.0,41850.0,41600.0,41650.0,500
202607081230,41700.0,41750.0,41350.0,41500.0,997
202607081245,41500.0,41500.0,41300.0,41400.0,428
202607081300,41400.0,41400.0,40950.0,41050.0,2015
202607081315,41050.0,41100.0,40350.0,40700.0,5893
202607081330,40700.0,40950.0,40050.0,40200.0,2178
202607081345,40150.0,40550.0,39800.0,40200.0,2499
202607081400,40200.0,40500.0,39800.0,40100.0,2764
202607081415,40100.0,40250.0,39750.0,39900.0,1285
202607081430,39900.0,40150.0,39700.0,39900.0,1912
202607081445,40000.0,40350.0,39700.0,39950.0,2752
202607081500,40100.0,40200.0,39850.0,39850.0,2011
202607081515,39900.0,40000.0,39650.0,39950.0,1059
202607090900,39550.0,39600.0,38900.0,39150.0,2331
202607090915,39150.0,39300.0,38950.0,39050.0,3111
202607090930,39050.0,39100.0,38800.0,39100.0,1170
202607090945,39150.0,39750.0,38800.0,39500.0,2810
202607091000,39600.0,40450.0,39600.0,40150.0,1925
202607091015,40100.0,40300.0,39600.0,39600.0,1310
202607091030,39550.0,41350.0,39450.0,41000.0,7153
202607091045,41050.0,41050.0,40000.0,40300.0,5544
202607091100,40300.0,40700.0,40200.0,40600.0,4360
202607091115,40500.0,41000.0,40450.0,40750.0,3020
202607091130,40750.0,41050.0,40200.0,40400.0,3810
202607091145,40450.0,40500.0,39800.0,40050.0,2800
202607091200,40050.0,40350.0,39900.0,40050.0,3219
202607091215,40050.0,40750.0,39600.0,40350.0,4140
202607091230,40350.0,41000.0,40350.0,41000.0,2621
202607091245,40950.0,41300.0,40500.0,41000.0,3415
202607091300,41000.0,41500.0,40750.0,41450.0,3033
202607091315,41500.0,42000.0,41050.0,41550.0,4148
202607091330,41600.0,42000.0,41350.0,41700.0,3283
202607091345,41700.0,41950.0,41150.0,41500.0,3533
202607091400,41500.0,42000.0,41100.0,41700.0,3686
202607091415,41900.0,41900.0,41000.0,41000.0,3986
202607091430,41100.0,41900.0,41050.0,41450.0,4148
202607091445,41450.0,41900.0,41100.0,41600.0,4853
202607091500,41550.0,41700.0,40900.0,41000.0,2935
202607091515,41100.0,41400.0,40900.0,41000.0,1047
202607100900,42000.0,42950.0,41250.0,41400.0,2955
202607100915,41500.0,41950.0,41400.0,41850.0,904
202607100930,41800.0,42650.0,41600.0,42150.0,1068
202607100945,42350.0,43350.0,42200.0,43000.0,3988
202607101000,42850.0,44800.0,42850.0,44800.0,3791
202607101015,44800.0,45350.0,44100.0,45100.0,5140
202607101030,45100.0,45250.0,44500.0,44950.0,2234
202607101045,44900.0,45050.0,44550.0,44550.0,822
202607101100,44600.0,44800.0,44150.0,44250.0,1807
202607101115,44250.0,44800.0,44200.0,44750.0,4955
202607101130,44750.0,44900.0,44450.0,44800.0,1153
202607101145,44800.0,45150.0,44700.0,45050.0,1460
202607101200,45050.0,45200.0,44500.0,44700.0,3935
202607101215,44700.0,44950.0,44600.0,44700.0,908
202607101230,44800.0,44900.0,44700.0,44900.0,830
202607101245,44850.0,44950.0,44550.0,44750.0,880
202607101300,44750.0,44900.0,44300.0,44650.0,1214
202607101315,44550.0,44700.0,44200.0,44450.0,982
202607101330,44500.0,44500.0,44150.0,44300.0,1412
202607101345,44200.0,44250.0,43800.0,43900.0,813
202607101400,43950.0,44400.0,43950.0,44100.0,1216
202607101415,44150.0,44600.0,44150.0,44150.0,744
202607101430,44150.0,44400.0,43850.0,43950.0,655
202607101445,43950.0,44200.0,43800.0,43950.0,1008
202607101500,44000.0,44100.0,42550.0,43950.0,2713
202607101515,43850.0,43950.0,43550.0,43750.0,686
202607130900,42750.0,43450.0,40600.0,41500.0,10824
202607130915,41500.0,41550.0,40400.0,40550.0,10606
202607130930,40550.0,40650.0,40050.0,40350.0,6511
202607130945,40300.0,40450.0,39500.0,39650.0,4511
202607131000,39650.0,39750.0,39150.0,39500.0,4867
202607131015,39500.0,39650.0,38400.0,38550.0,6201
202607131030,38550.0,39650.0,38500.0,38650.0,5329
202607131045,38700.0,38700.0,37700.0,37850.0,8324
202607131100,37950.0,38250.0,37600.0,38100.0,3811
202607131115,38150.0,38350.0,38100.0,38150.0,3382
202607131130,38150.0,39150.0,37800.0,38050.0,3016
202607131145,38050.0,38150.0,37850.0,37950.0,2805
202607131200,37950.0,37950.0,37400.0,37550.0,4615
202607131215,37450.0,37750.0,37150.0,37350.0,6765
202607131230,37350.0,37600.0,37100.0,37200.0,2274
202607131245,37200.0,37700.0,37150.0,37650.0,2741
202607131300,37650.0,37800.0,37450.0,37650.0,2833
202607131315,37650.0,37900.0,37450.0,37900.0,2552
202607131345,37400.0,37650.0,37400.0,37550.0,2853
202607131400,37500.0,37900.0,37300.0,37800.0,3821
202607131415,37800.0,37850.0,37000.0,37000.0,6359
202607131430,37000.0,37550.0,37000.0,37300.0,3136
202607131445,37250.0,37600.0,37050.0,37200.0,4003
202607131500,37200.0,37600.0,36850.0,37050.0,5327
202607131515,37050.0,37250.0,36950.0,37200.0,1025
202607140900,36600.0,37050.0,35950.0,36200.0,2751
202607140915,36100.0,36150.0,35400.0,35850.0,6000
202607140930,35850.0,36000.0,35550.0,35550.0,2156
202607140945,35600.0,36500.0,35600.0,36300.0,2638
202607141000,36500.0,36650.0,36000.0,36000.0,1397
202607141015,36000.0,36400.0,35650.0,35900.0,4124
202607141030,35925.0,35950.0,35500.0,35750.0,1062
202607141045,35700.0,35700.0,35250.0,35250.0,976
202607141100,35300.0,35650.0,35100.0,35400.0,977
202607141115,35350.0,35600.0,35200.0,35300.0,800
202607141130,35300.0,35500.0,35050.0,35500.0,2618
202607141145,35450.0,35450.0,35100.0,35200.0,637
202607141200,35050.0,35050.0,34800.0,34850.0,3272
202607141215,34900.0,35350.0,34600.0,35350.0,3785
202607141230,35200.0,35450.0,35000.0,35200.0,1124
202607141245,35250.0,35750.0,34900.0,35700.0,2338
202607141300,35750.0,35750.0,35350.0,35450.0,1285
202607141315,35400.0,35700.0,35400.0,35600.0,508
202607141330,35600.0,36000.0,35550.0,35850.0,485
202607141345,35850.0,36350.0,35850.0,36250.0,1211
202607141400,36150.0,36600.0,35950.0,36200.0,842
202607141415,36250.0,36400.0,36150.0,36400.0,885
202607141430,36350.0,36400.0,35000.0,36200.0,2946
202607141445,36200.0,36200.0,35800.0,35850.0,1175
202607141500,35800.0,36050.0,35550.0,35850.0,807
202607141515,35950.0,36750.0,35850.0,36250.0,1087
202607150900,37050.0,37850.0,37050.0,37800.0,1977
202607150915,37800.0,37900.0,37550.0,37750.0,2854
202607150930,37750.0,38200.0,37600.0,38200.0,1443
202607150945,38200.0,38650.0,38200.0,38400.0,1926
202607151000,38350.0,38350.0,37550.0,37750.0,1529
202607151015,37850.0,38000.0,37750.0,37800.0,831
202607151030,37800.0,37800.0,37500.0,37500.0,609
202607151045,37500.0,38200.0,37500.0,38200.0,2311
202607151100,38200.0,38350.0,37600.0,37800.0,2067
202607151115,37750.0,37850.0,37550.0,37800.0,729
202607151130,37800.0,38000.0,37750.0,37900.0,440
202607151145,38000.0,38000.0,37650.0,37700.0,588
202607151200,37700.0,37950.0,37650.0,37900.0,316
202607151215,37950.0,38200.0,37900.0,37950.0,626
202607151230,37900.0,38050.0,37900.0,38050.0,303
202607151245,38050.0,38250.0,37950.0,38000.0,1118
202607151300,38000.0,38350.0,38000.0,38350.0,1098
202607151315,38350.0,38600.0,38250.0,38250.0,1034
202607151330,38200.0,39550.0,38150.0,39300.0,5271
202607151345,39250.0,39450.0,39150.0,39350.0,3229
202607151400,39350.0,39650.0,39250.0,39400.0,4319
202607151415,39400.0,39650.0,39150.0,39350.0,3931
202607151430,39350.0,39900.0,39150.0,39850.0,5708
202607151445,39850.0,41050.0,39800.0,41050.0,9225
202607151500,40900.0,41000.0,40050.0,40050.0,3514
202607151515,40050.0,40250.0,39675.0,39900.0,447
202607160900,38850.0,39350.0,38550.0,39100.0,2955
202607160915,39000.0,39400.0,38650.0,39350.0,2867
202607160930,39350.0,39500.0,38800.0,38850.0,1543
202607160945,38850.0,39450.0,38800.0,39100.0,1443
202607161000,39100.0,39400.0,38800.0,39050.0,1338
202607161015,39050.0,39100.0,38600.0,38950.0,918
202607161030,39100.0,39300.0,38800.0,38900.0,540
202607161045,38900.0,39650.0,38750.0,39050.0,1668
202607161100,39050.0,39450.0,38800.0,39100.0,1131
202607161115,38950.0,39250.0,38800.0,39050.0,855
202607161130,39050.0,39250.0,38750.0,39050.0,544
202607161145,39000.0,39300.0,38800.0,39050.0,1399
202607161200,39050.0,39250.0,38550.0,39000.0,979
202607161215,39000.0,39200.0,38700.0,39000.0,473
202607161230,39000.0,39200.0,38800.0,38950.0,535
202607161245,38850.0,39200.0,38800.0,38850.0,364
202607161300,38900.0,39300.0,38700.0,39250.0,793
202607161315,39200.0,39300.0,38850.0,38950.0,825
202607161330,38950.0,39050.0,38700.0,38850.0,427
202607161345,38825.0,39050.0,38650.0,38900.0,401
202607161400,38850.0,39550.0,38850.0,39550.0,1229
202607161415,39550.0,39600.0,39200.0,39300.0,1210
202607161430,39300.0,39350.0,38800.0,38800.0,762
202607161445,38800.0,39450.0,38700.0,39450.0,789
202607161500,38950.0,39150.0,38500.0,38650.0,2254
202607161515,38650.0,38700.0,38500.0,38500.0,268
202607200900,38500.0,39950.0,38100.0,38100.0,2198
202607200915,38100.0,38450.0,37600.0,38050.0,12535
202607200930,38000.0,38950.0,37700.0,38850.0,8133
202607200945,38850.0,39100.0,38600.0,38650.0,1731
202607201000,38600.0,38600.0,38050.0,38100.0,1829
202607201015,38100.0,38300.0,38000.0,38200.0,673
202607201030,38100.0,38200.0,38000.0,38050.0,801
202607201045,38000.0,38050.0,37800.0,37950.0,882
202607201100,38000.0,38100.0,37850.0,37850.0,995
202607201115,37850.0,37850.0,37300.0,37350.0,1648
202607201130,37350.0,38000.0,37300.0,37800.0,1290
202607201145,37800.0,37900.0,37800.0,37900.0,149
202607201200,37900.0,37900.0,37700.0,37750.0,305
202607201215,37750.0,37750.0,37350.0,37400.0,779
202607201230,37400.0,37600.0,37300.0,37500.0,670
202607201245,37500.0,37950.0,37500.0,37600.0,389
202607201300,37600.0,37800.0,37400.0,37550.0,1003
202607201315,37550.0,37800.0,37400.0,37650.0,396
202607201330,37750.0,38200.0,37650.0,37850.0,382
202607201345,37850.0,38100.0,37600.0,37700.0,262
202607201400,37700.0,37950.0,37350.0,37400.0,741
202607201415,37400.0,37750.0,37300.0,37650.0,669
202607201430,37750.0,37750.0,37150.0,37450.0,1315
202607201445,37450.0,37650.0,37250.0,37350.0,1037
202607201500,37350.0,37450.0,37250.0,37350.0,1045
202607201515,37350.0,38250.0,37300.0,37650.0,864
202607210900,37350.0,37500.0,36800.0,36800.0,1497
202607210915,36800.0,37100.0,36600.0,36800.0,1812
202607210930,36800.0,37100.0,36800.0,36900.0,1331
202607210945,36900.0,37100.0,36650.0,36850.0,1422
202607211000,36850.0,37550.0,36650.0,37400.0,967
202607211015,37400.0,37500.0,37000.0,37450.0,1343
202607211030,37450.0,37850.0,37350.0,37350.0,1209
202607211045,37350.0,37400.0,37300.0,37400.0,537
202607211100,37400.0,37500.0,37150.0,37500.0,1150
202607211115,37450.0,38050.0,37250.0,37650.0,2599
202607211130,37800.0,37950.0,37750.0,37850.0,548
202607211145,37900.0,38000.0,37650.0,37900.0,1746
202607211200,37900.0,38050.0,37800.0,38000.0,1216
202607211215,38000.0,38100.0,37800.0,37850.0,426
202607211230,37800.0,37800.0,37650.0,37650.0,60
202607211245,37700.0,37900.0,37550.0,37850.0,692
202607211300,37850.0,38000.0,37600.0,38000.0,1282
202607211315,38000.0,38750.0,38000.0,38100.0,2482
202607211330,38150.0,38150.0,37750.0,37750.0,741
202607211345,37800.0,37900.0,37500.0,37850.0,4789
202607211400,37900.0,37900.0,37600.0,37700.0,915
202607211415,37650.0,37800.0,37300.0,37550.0,1535
202607211430,37550.0,37900.0,37500.0,37900.0,915
202607211445,37900.0,38100.0,37750.0,37800.0,883
202607211500,37800.0,37900.0,37750.0,37750.0,424
202607211515,37750.0,37800.0,37250.0,37750.0,1356
202607220900,38750.0,39200.0,38550.0,39150.0,552
202607220915,39150.0,41000.0,39150.0,40600.0,2932
202607220930,40550.0,41500.0,40150.0,40350.0,5406
202607220945,40350.0,41750.0,38700.0,41750.0,7075
202607221000,41800.0,41900.0,41100.0,41400.0,2751
202607221015,41350.0,41900.0,41050.0,41350.0,2381
202607221030,41400.0,42300.0,41300.0,42100.0,2652
202607221045,42050.0,44000.0,41950.0,43850.0,8381
202607221100,43850.0,45300.0,43400.0,45100.0,15212
202607221115,45150.0,45300.0,44650.0,44900.0,12501
202607221130,44750.0,44850.0,44450.0,44600.0,7254
202607221145,44550.0,45250.0,44200.0,44400.0,5857
202607221200,44500.0,44500.0,43550.0,43800.0,5988
202607221215,43750.0,44050.0,43550.0,43900.0,2710
202607221230,43950.0,44000.0,43400.0,43900.0,4180
202607221245,43800.0,44950.0,43750.0,44600.0,4106
202607221300,44600.0,44850.0,44350.0,44650.0,3091
202607221315,44700.0,44950.0,44600.0,44700.0,2792
202607221330,44700.0,44900.0,44200.0,44450.0,3392
202607221345,44450.0,44900.0,44200.0,44650.0,2936
202607221400,44700.0,44800.0,43950.0,44000.0,2904
202607221415,44000.0,44300.0,43700.0,44050.0,7426
202607221430,44000.0,44200.0,43550.0,43650.0,4762
202607221445,43700.0,44000.0,43450.0,43550.0,4582
202607221500,43650.0,43850.0,43100.0,43250.0,2911
202607221515,43350.0,43600.0,42350.0,42350.0,6793
202607230900,44300.0,46700.0,44100.0,45650.0,13840
202607230915,45650.0,47600.0,45550.0,47600.0,18546
202607230930,48100.0,49550.0,47400.0,49500.0,49593
202607230945,49500.0,50400.0,48250.0,48350.0,34821
202607231000,48350.0,48950.0,47700.0,47800.0,8792
202607231015,47800.0,48800.0,47700.0,48550.0,10547
202607231030,48600.0,48900.0,48100.0,48850.0,7330
202607231045,48850.0,48950.0,47400.0,47450.0,10090
202607231100,47450.0,48550.0,47400.0,48550.0,5413
202607231115,48500.0,48650.0,47450.0,47600.0,4940
202607231130,47700.0,48000.0,47400.0,47650.0,4430
202607231145,47650.0,47950.0,47500.0,47700.0,3517
202607231200,47750.0,48150.0,47350.0,47800.0,6245
202607231215,47800.0,49050.0,47750.0,48100.0,9310
202607231230,48100.0,48400.0,47800.0,48250.0,5361
202607231245,48250.0,48300.0,47950.0,48250.0,5884
202607231300,48200.0,48750.0,47550.0,48400.0,11917
202607231315,48400.0,48850.0,47650.0,47900.0,13553
202607231330,47900.0,49850.0,47700.0,49450.0,17671
202607231345,49550.0,51200.0,49450.0,50400.0,39793
202607231400,50500.0,52400.0,50000.0,51800.0,37657
202607231415,51700.0,52800.0,51000.0,51400.0,42335
202607231430,51400.0,52900.0,50600.0,52900.0,35839
202607231445,53000.0,53700.0,52200.0,53500.0,36973
202607231500,53400.0,54400.0,53000.0,54400.0,36496
202607231515,54400.0,54900.0,53900.0,54700.0,39433
202607240900,51400.0,53300.0,50000.0,52400.0,33945
202607240915,52100.0,53000.0,51300.0,52300.0,27742
202607240930,52300.0,54200.0,51800.0,53700.0,29105
202607240945,53700.0,55000.0,53500.0,54800.0,14962
202607241000,54900.0,56000.0,54000.0,54600.0,26500
202607241015,54500.0,54800.0,52800.0,53300.0,16083
202607241030,53400.0,54500.0,53300.0,53600.0,13601
202607241045,53600.0,54300.0,53100.0,53700.0,14002
202607241100,53700.0,54000.0,52300.0,52400.0,8927
202607241115,52400.0,53800.0,51800.0,53000.0,7764
202607241130,52900.0,52900.0,51900.0,52200.0,5150
202607241145,52100.0,52800.0,51800.0,52000.0,4583
202607241200,52100.0,53200.0,51800.0,52900.0,4670
202607241215,52700.0,53200.0,52500.0,53100.0,3578
202607241230,53100.0,53200.0,52700.0,53000.0,4075
202607241245,53000.0,53200.0,51800.0,51900.0,3961
202607241300,52000.0,53000.0,52000.0,52800.0,4777
202607241315,52700.0,53400.0,52300.0,53400.0,4844
202607241330,53300.0,54500.0,53200.0,54100.0,7805
202607241345,54100.0,54800.0,53900.0,54600.0,9978
202607241400,54650.0,54800.0,53500.0,54000.0,7659
202607241415,53900.0,54700.0,52150.0,52500.0,16609
202607241430,52500.0,52600.0,51700.0,51800.0,5979
202607241445,51800.0,51800.0,49100.0,50500.0,30372
202607241500,50350.0,50700.0,49550.0,49700.0,20183
202607241515,49700.0,49900.0,49250.0,49300.0,6744
202607270900,51600.0,51700.0,49200.0,49600.0,19216
202607270915,49600.0,50200.0,48050.0,48350.0,22005
202607270930,48350.0,48900.0,46200.0,46300.0,21133
202607270945,46250.0,47850.0,46150.0,47850.0,13978
202607271000,47900.0,49200.0,47700.0,49200.0,14677
202607271015,49200.0,49300.0,47050.0,47350.0,12069
202607271030,47350.0,48250.0,47150.0,47250.0,6911
202607271045,47200.0,47600.0,46400.0,46550.0,7051
202607271100,46550.0,46550.0,44900.0,45200.0,11754
202607271115,45250.0,45600.0,45000.0,45350.0,7517
202607271130,45350.0,46400.0,45250.0,45500.0,3455
202607271145,45350.0,45350.0,45000.0,45100.0,3734
202607271200,45150.0,45200.0,44900.0,45050.0,5929
202607271215,45050.0,46250.0,45050.0,45250.0,5403
202607271230,45350.0,45700.0,45050.0,45100.0,4277
202607271245,45200.0,45200.0,44800.0,44900.0,3963
202607271300,44850.0,45200.0,44100.0,44900.0,7382
202607271315,44900.0,45050.0,44350.0,44450.0,6096
202607271330,44550.0,44950.0,44000.0,44150.0,29674
202607271345,44200.0,44300.0,43700.0,44150.0,8727
202607271400,44100.0,44400.0,43600.0,43800.0,6779
202607271415,43700.0,44250.0,43650.0,43950.0,7805
202607271430,43900.0,43950.0,43450.0,43800.0,7225
202607271445,43850.0,44000.0,43300.0,43400.0,7391
202607271500,43400.0,43700.0,43050.0,43500.0,8768
202607271515,43450.0,43650.0,43450.0,43550.0,1594
202607280900,42050.0,42200.0,40700.0,41250.0,25959
202607280915,41250.0,41300.0,39850.0,39850.0,14736
202607280930,39850.0,39850.0,38450.0,38800.0,20943
202607280945,38700.0,38900.0,37950.0,38200.0,17815
202607281000,38200.0,39600.0,38000.0,39050.0,18918
202607281030,39050.0,39050.0,38150.0,38850.0,15327
202607281045,38800.0,39450.0,38600.0,38650.0,19065
202607281100,38550.0,39000.0,38200.0,38400.0,9184
202607281115,38400.0,38550.0,37950.0,38050.0,16916
202607281130,38050.0,38100.0,37850.0,37950.0,5688
202607281145,38000.0,38150.0,37700.0,37800.0,6879
202607281200,37700.0,37800.0,37450.0,37800.0,7190
202607281215,37700.0,38100.0,37600.0,37900.0,5668
202607281230,37850.0,38950.0,37750.0,38300.0,6155
202607281245,38250.0,38900.0,38150.0,38300.0,5574
202607281300,38300.0,38600.0,38050.0,38550.0,4989
202607281315,38500.0,39000.0,38200.0,38300.0,8458
202607281330,38250.0,38650.0,38050.0,38300.0,5525
202607281345,38400.0,38650.0,38200.0,38400.0,5851
202607281400,38450.0,40200.0,38300.0,39500.0,11450
202607281415,39450.0,39850.0,39000.0,39400.0,7081
202607281430,39400.0,40000.0,38900.0,39950.0,8278
202607281445,39850.0,40450.0,39650.0,40200.0,14178
202607281500,40200.0,40400.0,39150.0,40150.0,13882
202607281515,40100.0,40400.0,39600.0,39850.0,1646
202607290900,40650.0,42350.0,40400.0,41400.0,6444
202607290915,41450.0,42450.0,40950.0,40950.0,4622
202607290930,40900.0,41650.0,40450.0,41300.0,2903
202607290945,41250.0,41250.0,40000.0,40000.0,4415
202607291000,40100.0,40800.0,40000.0,40400.0,3047
202607291015,40400.0,41300.0,40000.0,40750.0,2651
202607291030,40700.0,41050.0,40000.0,40050.0,14351
202607291045,40050.0,40200.0,39200.0,39350.0,7565
202607291100,39350.0,39750.0,39050.0,39350.0,2991
202607291115,39300.0,39400.0,38700.0,39200.0,3347
202607291130,39200.0,39200.0,38100.0,38500.0,3226
202607291145,38500.0,38750.0,38050.0,38150.0,10462
202607291200,38050.0,38700.0,37900.0,38100.0,2695
202607291215,38150.0,38400.0,37650.0,37750.0,2492
202607291230,37750.0,37750.0,37600.0,37650.0,162
202607291300,37750.0,38100.0,37050.0,37150.0,18021
202607291315,37100.0,37850.0,36600.0,36950.0,11622
202607291330,37000.0,38150.0,37000.0,37400.0,1681
202607291345,37400.0,38200.0,37350.0,38050.0,2125
202607291400,38050.0,38350.0,37700.0,38150.0,2377
202607291415,38100.0,38250.0,37750.0,37750.0,3762
202607291430,37750.0,38400.0,37650.0,37950.0,2674
202607291445,37950.0,38350.0,37750.0,37800.0,2914
202607291500,37800.0,38200.0,37750.0,37900.0,1406
202607291515,37900.0,38050.0,37800.0,38050.0,1149
202607300900,39000.0,40600.0,38500.0,40450.0,7419
202607300915,40450.0,40600.0,39600.0,39700.0,9318
202607300930,39600.0,39650.0,37100.0,37750.0,11661
202607300945,37750.0,37950.0,36800.0,37100.0,6652
202607301000,37200.0,37550.0,37000.0,37050.0,3976
202607301015,37050.0,37650.0,36900.0,37600.0,3520
202607301030,37600.0,38200.0,37500.0,37950.0,5304
202607301045,37850.0,38900.0,37600.0,37950.0,6411
202607301100,38000.0,38450.0,37750.0,37950.0,5355
202607301115,37950.0,38000.0,37350.0,37350.0,3752
202607301130,37400.0,38000.0,37100.0,37200.0,2984
202607301145,37200.0,37800.0,36750.0,36800.0,3787
202607301200,36800.0,37050.0,36500.0,36500.0,2876
202607301215,36500.0,37000.0,36350.0,36550.0,2690
202607301230,36550.0,37050.0,36450.0,36600.0,1769
202607301245,36650.0,37250.0,36600.0,36750.0,1977
202607301300,36850.0,36900.0,36400.0,36450.0,1984
202607301315,36450.0,36800.0,36300.0,36700.0,2851
202607301330,36700.0,36900.0,36400.0,36600.0,2323
202607301345,36550.0,36650.0,36300.0,36350.0,4153
202607301400,36350.0,36550.0,36100.0,36300.0,3810
202607301415,36400.0,36500.0,36000.0,36100.0,7593
202607301430,36100.0,36250.0,35600.0,36100.0,6793
202607301445,36150.0,36300.0,35600.0,35700.0,3783
202607301500,35750.0,37200.0,35600.0,36350.0,17234
202607301515,36350.0,37000.0,35850.0,36150.0,4567
202607310900,38500.0,39050.0,35950.0,37900.0,10885
202607310915,37750.0,38550.0,37750.0,38100.0,6531
202607310930,38100.0,38200.0,37550.0,38100.0,8393
202607310945,38050.0,39000.0,37850.0,38700.0,8106
202607311000,38550.0,38650.0,38250.0,38500.0,3592
202607311015,38450.0,39350.0,38300.0,38650.0,7080
202607311030,38650.0,38700.0,38200.0,38350.0,4857
202607311045,38350.0,38850.0,38100.0,38825.0,7054
202607311100,38825.0,39650.0,38600.0,38950.0,7130
202607311115,38950.0,39850.0,38900.0,39850.0,5641
202607311130,39800.0,40300.0,39650.0,40250.0,7797
202607311145,40150.0,40500.0,39900.0,40100.0,5193
202607311200,40100.0,40400.0,40100.0,40350.0,4397
202607311215,40400.0,41400.0,38850.0,40850.0,13339
202607311230,40900.0,41150.0,40550.0,40850.0,5308
202607311245,40850.0,41200.0,40450.0,40900.0,5733
202607311300,40900.0,40900.0,40500.0,40550.0,4043
202607311315,40500.0,40600.0,40150.0,40300.0,4859
202607311330,40350.0,40600.0,40250.0,40400.0,4023
202607311345,40450.0,40600.0,40250.0,40500.0,4389
202607311400,40550.0,40650.0,39450.0,40175.0,8024
202607311415,40200.0,40400.0,40025.0,40300.0,3514
202607311430,40300.0,41350.0,39850.0,40300.0,7821
202607311445,40350.0,41100.0,40300.0,40700.0,5376
202607311500,40700.0,41000.0,40550.0,40850.0,3833
202607311515,40825.0,41200.0,40650.0,40750.0,1453
202608030900,39050.0,39450.0,38000.0,38300.0,8277
202608030915,38300.0,40400.0,38000.0,40150.0,10790
202608030930,40200.0,41000.0,40200.0,40450.0,7146
202608030945,40450.0,47750.0,40450.0,47750.0,33392
202608031000,48000.0,48000.0,43250.0,46350.0,50900
202608031015,46000.0,47100.0,45550.0,46250.0,24103
202608031030,46350.0,47300.0,45700.0,46900.0,16893
202608031045,46950.0,46950.0,45700.0,45750.0,9110
202608031100,45750.0,46300.0,45100.0,46300.0,7855
202608031115,46250.0,46500.0,45650.0,46200.0,4688
202608031130,46200.0,46350.0,45550.0,45950.0,5204
202608031145,45850.0,46000.0,45200.0,45750.0,8195
202608031200,45700.0,45800.0,45200.0,45650.0,4528
202608031215,45700.0,45800.0,45250.0,45600.0,4939
202608031230,45550.0,45800.0,45050.0,45500.0,5020
202608031245,45500.0,45700.0,44950.0,45000.0,4363
202608031300,45050.0,45500.0,44600.0,45350.0,6989
202608031315,45350.0,45600.0,44950.0,45000.0,5001
202608031330,45000.0,45700.0,44950.0,45550.0,5459
202608031345,45550.0,45650.0,44100.0,44800.0,7824
202608031400,44750.0,45300.0,43800.0,43950.0,12676
202608031415,43950.0,44500.0,43700.0,44150.0,7878
202608031430,44150.0,44500.0,43850.0,44000.0,7809
202608031445,44000.0,44250.0,43750.0,43900.0,6645
202608031500,43900.0,44500.0,43550.0,44300.0,10651
202608031515,44200.0,44600.0,43850.0,44200.0,3729
202608040900,48150.0,51400.0,47300.0,49800.0,43222
202608040915,49800.0,52200.0,49500.0,52200.0,34585
202608040930,52800.0,53400.0,50300.0,51800.0,59818
202608040945,51800.0,52800.0,50000.0,50300.0,34426
202608041000,50700.0,51500.0,49950.0,51400.0,12255
202608041015,51500.0,52500.0,51400.0,52300.0,9493
202608041030,52300.0,52600.0,51500.0,51900.0,5923
202608041045,51900.0,52000.0,51000.0,51800.0,6553
202608041100,51800.0,51800.0,50900.0,51400.0,7413
202608041115,51100.0,51600.0,50800.0,51200.0,2500
202608041130,51100.0,51400.0,50900.0,51100.0,1613
202608041145,51000.0,51100.0,50400.0,50900.0,4669
202608041200,50800.0,50800.0,49700.0,49950.0,5781
202608041215,50000.0,50400.0,49950.0,50100.0,1490
202608041230,50100.0,51000.0,50000.0,50800.0,3599
202608041245,50700.0,51000.0,50200.0,50900.0,2846
202608041300,50900.0,51000.0,50300.0,50700.0,2341
202608041315,50800.0,51100.0,50300.0,50700.0,2769
202608041330,50800.0,50800.0,50000.0,50200.0,2581
202608041345,50300.0,51000.0,50100.0,51000.0,2909
202608041400,50900.0,50900.0,49950.0,50100.0,6863
202608041415,50100.0,51200.0,50000.0,50900.0,8422
202608041430,50900.0,51000.0,50500.0,50500.0,4652
202608041445,50500.0,51000.0,50400.0,50650.0,4436
202608041500,50650.0,50700.0,50400.0,50700.0,4899
202608041515,50700.0,50800.0,50200.0,50400.0,6805
202608050900,50800.0,53100.0,49800.0,51700.0,14101
202608050915,51800.0,53500.0,51500.0,53000.0,17483
202608050930,53100.0,53300.0,52400.0,52500.0,7590
202608050945,52500.0,52900.0,52300.0,52800.0,4335
202608051000,52700.0,52800.0,52000.0,52200.0,2672
202608051015,52100.0,52200.0,51300.0,52000.0,3665
202608051030,52000.0,52000.0,51600.0,51600.0,1781
202608051045,51500.0,52000.0,51300.0,51600.0,2371
202608051100,51600.0,51600.0,51300.0,51300.0,1446
202608051115,51400.0,52000.0,51300.0,51800.0,1685
202608051130,51800.0,52000.0,51500.0,51500.0,1274
202608051145,51600.0,51900.0,51400.0,51600.0,1318
202608051200,51600.0,51800.0,51500.0,51500.0,1350
202608051215,51500.0,51900.0,51500.0,51900.0,3537
202608051230,51800.0,51900.0,51500.0,51800.0,2170
202608051245,51800.0,51900.0,51500.0,51600.0,1982
202608051300,51700.0,52400.0,51600.0,52200.0,3429
202608051315,52200.0,52300.0,51700.0,51700.0,1851
202608051330,51700.0,52100.0,51600.0,51900.0,1477
202608051345,51800.0,52000.0,51500.0,51600.0,1323
202608051400,51700.0,51700.0,50800.0,50900.0,6465
202608051415,50900.0,51100.0,50700.0,50700.0,2188
202608051430,50700.0,51000.0,50600.0,50800.0,3757
202608051445,50800.0,51100.0,50600.0,51000.0,3610
202608051500,50900.0,51000.0,50700.0,50900.0,1446
202608051515,50900.0,51400.0,50800.0,51400.0,2083
202608060900,49750.0,50500.0,46850.0,47150.0,32319
202608060915,47200.0,48400.0,46850.0,47550.0,10739
202608060930,47600.0,48800.0,47300.0,48550.0,4257
202608060945,48450.0,48600.0,48000.0,48400.0,2805
202608061000,48350.0,48950.0,48100.0,48750.0,2270
202608061015,48650.0,49000.0,47950.0,48200.0,10374
202608061030,48200.0,48500.0,48000.0,48150.0,5122
202608061045,48100.0,48800.0,48100.0,48350.0,2582
202608061100,48350.0,48850.0,48200.0,48550.0,2353
202608061115,48600.0,49150.0,48450.0,49000.0,2868
202608061130,49000.0,49400.0,48950.0,49000.0,2802
202608061145,49050.0,49100.0,48700.0,48950.0,2188
202608061200,48900.0,49250.0,48850.0,49100.0,3107
202608061215,49100.0,49500.0,49050.0,49150.0,1720
202608061230,49150.0,49150.0,48650.0,48800.0,1964
202608061245,48750.0,48900.0,48700.0,48900.0,1238
202608061300,48900.0,49050.0,48600.0,48700.0,1783
202608061315,48650.0,49150.0,48650.0,49000.0,3192
202608061330,48950.0,50300.0,48950.0,50100.0,7672
202608061345,50000.0,50500.0,49800.0,50100.0,7970
202608061400,50100.0,50400.0,49800.0,49900.0,5999
202608061415,49900.0,50200.0,49650.0,49850.0,6142
202608061430,49900.0,50200.0,49200.0,49450.0,6404
202608061445,49450.0,49900.0,49350.0,49750.0,3244
202608061500,49800.0,49900.0,49450.0,49550.0,4605
202608061515,49850.0,49900.0,49450.0,49450.0,2378
202608070900,51700.0,52000.0,50200.0,50800.0,9802
202608070915,50800.0,51900.0,50400.0,51200.0,14098
202608070930,51200.0,52700.0,50800.0,52500.0,22872
202608070945,52400.0,53200.0,51500.0,52500.0,19679
202608071000,52500.0,54200.0,52400.0,53200.0,27552
202608071015,53200.0,53300.0,52100.0,52700.0,12569
202608071030,52700.0,52900.0,51100.0,52200.0,16741
202608071045,52300.0,52900.0,51600.0,52700.0,11873
202608071100,52700.0,54700.0,52400.0,53700.0,30365
202608071115,53600.0,53600.0,52800.0,53200.0,4653
202608071130,53200.0,54000.0,53200.0,53200.0,4560
202608071145,53200.0,53800.0,53200.0,53600.0,5432
202608071200,53500.0,53900.0,53500.0,53700.0,4175
202608071215,53800.0,53900.0,53500.0,53800.0,3868
202608071230,53800.0,54000.0,53600.0,54000.0,4698
202608071245,54000.0,54300.0,53600.0,54200.0,5761
202608071300,54200.0,54400.0,54000.0,54200.0,5516
202608071315,54200.0,55000.0,54100.0,54950.0,15971
202608071330,55000.0,55500.0,54200.0,54400.0,20056
202608071345,54500.0,55000.0,54100.0,54900.0,7057
202608071400,54900.0,55300.0,54700.0,54800.0,8478
202608071415,54700.0,54800.0,54100.0,54400.0,5563
202608071430,54300.0,54400.0,53500.0,54100.0,6121
202608071445,54000.0,54500.0,54000.0,54300.0,4835
202608071500,54200.0,54500.0,53700.0,54100.0,4110
202608071515,54000.0,54100.0,53700.0,54000.0,2325
202608100900,54200.0,57000.0,54000.0,57000.0,18602
202608100915,56900.0,57900.0,56500.0,57700.0,20821
202608100930,57700.0,57900.0,55900.0,57500.0,18694
202608100945,57600.0,58900.0,57200.0,58900.0,27616
202608101000,59000.0,59000.0,56800.0,57000.0,9261
202608101015,56900.0,57600.0,56800.0,57200.0,13340
202608101030,57200.0,57900.0,56600.0,56900.0,3568
202608101045,57000.0,57200.0,56400.0,56900.0,5739
202608101100,56900.0,57100.0,56400.0,56800.0,6911
202608101115,56700.0,57000.0,56400.0,56600.0,3837
202608101130,56600.0,56700.0,56300.0,56400.0,3521
202608101145,56400.0,57000.0,56200.0,56700.0,3758
202608101200,56700.0,56900.0,56600.0,56700.0,2626
202608101215,56600.0,56700.0,56500.0,56500.0,3593
202608101230,56500.0,56900.0,56200.0,56500.0,2722
202608101245,56600.0,56700.0,56100.0,56500.0,3049
202608101300,56500.0,56600.0,56100.0,56200.0,3237
202608101315,56200.0,56300.0,55700.0,56200.0,4447
202608101330,56200.0,56200.0,55200.0,55500.0,6125
202608101345,55500.0,55700.0,55000.0,55100.0,6524
202608101400,55200.0,56100.0,55200.0,55600.0,5377
202608101415,55700.0,55900.0,55300.0,55700.0,4152
202608101430,55700.0,56000.0,55300.0,55500.0,3527
202608101445,55600.0,55900.0,55300.0,55900.0,3415
202608101500,55800.0,56100.0,55600.0,55900.0,4864
202608101515,55900.0,56400.0,55900.0,56200.0,2129
202608110900,56700.0,58700.0,56500.0,57800.0,14264
202608110915,57800.0,57800.0,56000.0,56600.0,5125
202608110930,56600.0,57200.0,56000.0,56300.0,6208
202608110945,56300.0,56700.0,55800.0,56000.0,5474
202608111000,56000.0,56200.0,55300.0,56200.0,8277
202608111015,56200.0,56200.0,55100.0,56000.0,7168
202608111030,56100.0,56300.0,55500.0,55500.0,3292
202608111045,55800.0,56000.0,55300.0,55700.0,3218
202608111100,55800.0,56200.0,55400.0,55900.0,3163
202608111115,55900.0,56400.0,55600.0,55900.0,3152
202608111130,56000.0,56400.0,55800.0,56200.0,3103
202608111145,56300.0,56600.0,56100.0,56300.0,2507
202608111200,56200.0,56700.0,56100.0,56300.0,2673
202608111215,56400.0,57200.0,56100.0,57200.0,5138
202608111230,57100.0,57300.0,56300.0,56300.0,4265
202608111245,56300.0,57100.0,56300.0,56900.0,2614
202608111300,56800.0,57000.0,56200.0,56500.0,3452
202608111315,56700.0,56900.0,56300.0,56700.0,3451
202608111330,56700.0,57500.0,56300.0,57500.0,4365
202608111345,57500.0,57700.0,56700.0,57200.0,12030
202608111400,57300.0,57700.0,56900.0,57300.0,4344
202608111415,57400.0,58000.0,57200.0,57600.0,5464
202608111430,57600.0,58000.0,56700.0,57400.0,5991
202608111445,57600.0,57800.0,57200.0,57400.0,5599
202608111500,57400.0,57800.0,56800.0,56800.0,5538
202608111515,56700.0,57600.0,56200.0,56200.0,3277
202608120900,59400.0,60000.0,57100.0,60000.0,33295
202608120915,59900.0,60600.0,58400.0,58600.0,39496
202608120930,58600.0,58600.0,57600.0,58300.0,8381
202608120945,58400.0,59400.0,58400.0,59300.0,10121
202608121000,59300.0,59300.0,58800.0,59100.0,3948
202608121015,59100.0,59600.0,58900.0,59600.0,4058
202608121030,59500.0,59800.0,59200.0,59800.0,7115
202608121045,59800.0,59900.0,59100.0,59500.0,5722
202608121100,59500.0,59800.0,59000.0,59700.0,8371
202608121115,59800.0,59900.0,59400.0,59600.0,4933
202608121130,59600.0,59900.0,59100.0,59500.0,5764
202608121145,59500.0,59800.0,59000.0,59600.0,5276
202608121200,59400.0,59800.0,58600.0,58600.0,5443
202608121215,58600.0,58800.0,58000.0,58600.0,5899
202608121230,58700.0,58900.0,58000.0,58400.0,3674
202608121245,58300.0,58600.0,57300.0,57500.0,4124
202608121300,57500.0,58300.0,57000.0,58100.0,3516
202608121315,58000.0,58900.0,57600.0,58600.0,3522
202608121330,58800.0,58900.0,58000.0,58300.0,3290
202608121345,58300.0,58800.0,58300.0,58500.0,3124
202608121400,58500.0,58900.0,57800.0,58100.0,4245
202608121415,58100.0,58600.0,57200.0,57300.0,7232
202608121430,57400.0,58000.0,56100.0,57400.0,9011
202608121445,57300.0,57800.0,57100.0,57600.0,7880
202608121500,57600.0,58200.0,57200.0,57900.0,6085
202608121515,57800.0,58200.0,57100.0,57100.0,5036
202608130900,58800.0,61100.0,58300.0,60200.0,21097
202608130915,60200.0,60500.0,58300.0,59200.0,9465
202608130930,59200.0,60700.0,58800.0,60500.0,10303
202608130945,60500.0,60800.0,60100.0,60200.0,7763
202608131000,60200.0,60700.0,60000.0,60400.0,6374
202608131015,60400.0,61300.0,60100.0,61300.0,22973
202608131030,61300.0,61400.0,60700.0,61300.0,12520
202608131045,61300.0,63200.0,61200.0,62700.0,87649
202608131100,62700.0,63200.0,62000.0,63200.0,37553
202608131115,63200.0,63300.0,61600.0,61800.0,42103
202608131130,61900.0,62600.0,61700.0,62200.0,13919
202608131145,62100.0,62300.0,61400.0,62300.0,7415
202608131200,62300.0,62600.0,61900.0,62400.0,8404
202608131215,62400.0,62600.0,61500.0,62500.0,8390
202608131230,62400.0,63700.0,62200.0,63700.0,33320
202608131245,63700.0,63700.0,62400.0,62900.0,15289
202608131300,62900.0,63400.0,62300.0,63400.0,16053
202608131315,63400.0,63700.0,62900.0,63400.0,11818
202608131330,63400.0,63700.0,62900.0,63500.0,11115
202608131345,63500.0,63600.0,61700.0,62200.0,13524
202608131400,62400.0,63100.0,61900.0,62600.0,7611
202608131415,62600.0,63100.0,62300.0,62300.0,8535
202608131430,62300.0,62600.0,61300.0,61500.0,11528
202608131445,61500.0,61900.0,61100.0,61200.0,11439
202608131500,61300.0,61800.0,61000.0,61800.0,7678
202608131515,61800.0,61800.0,61400.0,61800.0,2115
202608140900,63500.0,64400.0,60600.0,61300.0,36149
202608140915,61300.0,62500.0,60700.0,61700.0,5599
202608140930,61800.0,62400.0,61300.0,61800.0,3969
202608140945,61900.0,62400.0,60900.0,61200.0,11783
202608141000,61200.0,61400.0,60200.0,61100.0,7682
202608141015,60900.0,61600.0,60800.0,61600.0,2484
202608141030,61400.0,61700.0,61000.0,61700.0,1605
202608141045,61600.0,63300.0,61300.0,63200.0,8442
202608141100,63100.0,63600.0,62800.0,63500.0,6464
202608141115,63500.0,64000.0,62700.0,63400.0,6690
202608141130,63500.0,63700.0,62900.0,63600.0,3568
202608141145,63500.0,63600.0,63100.0,63400.0,3234
202608141200,63200.0,63500.0,63000.0,63300.0,2900
202608141215,63300.0,63500.0,63200.0,63300.0,2354
202608141230,63400.0,63500.0,63100.0,63100.0,3223
202608141245,63200.0,64200.0,63100.0,63900.0,16775
202608141300,63900.0,64500.0,63500.0,64200.0,9147
202608141315,64200.0,65300.0,64100.0,64600.0,16252
202608141330,64600.0,65300.0,64600.0,65300.0,6960
202608141345,65300.0,65300.0,64300.0,64500.0,3600
202608141400,64400.0,64700.0,64100.0,64300.0,2896
202608141415,64300.0,64500.0,64000.0,64400.0,2382
202608141430,64300.0,64700.0,64200.0,64400.0,2820
202608141445,64500.0,64900.0,63900.0,64300.0,7735
202608141500,64000.0,64500.0,63600.0,64400.0,7264
202608141515,64400.0,64400.0,63900.0,63900.0,2869
202608180900,63100.0,64200.0,61800.0,62000.0,20092
202608180915,62100.0,62800.0,61000.0,61200.0,8828
202608180930,61300.0,63500.0,60700.0,63000.0,9959
202608180945,63100.0,63500.0,62200.0,63200.0,4057
202608181000,63200.0,63300.0,62400.0,62500.0,1654
202608181015,62600.0,63000.0,62200.0,62600.0,4987
202608181030,62500.0,63100.0,62300.0,62600.0,2343
202608181045,62600.0,62800.0,62300.0,62600.0,1419
202608181100,62700.0,62900.0,62400.0,62800.0,1741
202608181115,62800.0,62900.0,62200.0,62300.0,2329
202608181130,62300.0,62400.0,62100.0,62200.0,1311
202608181145,62000.0,62300.0,61700.0,62100.0,3345
202608181200,62100.0,62300.0,61800.0,62100.0,1446
202608181215,62100.0,62200.0,61600.0,61700.0,1695
202608181230,61800.0,61900.0,61200.0,61700.0,4624
202608181245,61700.0,61900.0,61500.0,61800.0,928
202608181300,61800.0,62700.0,61600.0,62700.0,4580
202608181315,62800.0,62800.0,62400.0,62500.0,2102
202608181330,62500.0,62900.0,62400.0,62700.0,2438
202608181345,62800.0,63500.0,62600.0,63400.0,4326
202608181400,63400.0,63600.0,62400.0,63100.0,4568
202608181415,63100.0,63300.0,62400.0,62700.0,4141
202608181430,62700.0,62800.0,61800.0,62100.0,5674
202608181445,62200.0,62700.0,61800.0,61900.0,4569
202608181500,61900.0,62200.0,61400.0,62200.0,6078
202608181515,62200.0,62700.0,61900.0,62500.0,1499
202608190900,58500.0,59200.0,57100.0,58000.0,31296
202608190915,57900.0,60100.0,57600.0,60100.0,6826
202608190930,60100.0,61700.0,60100.0,61700.0,7016
202608190945,61700.0,63600.0,61500.0,61600.0,17660
202608191000,61600.0,62200.0,61200.0,61500.0,7540
202608191015,61700.0,63900.0,61500.0,62800.0,14554
202608191030,62800.0,63900.0,62100.0,63000.0,4931
202608191045,62900.0,63300.0,62200.0,62400.0,5069
202608191100,62400.0,63300.0,61700.0,62400.0,6136
202608191115,62400.0,63000.0,62000.0,62200.0,3473
202608191130,62300.0,62700.0,62000.0,62600.0,1111
202608191145,62400.0,62800.0,62000.0,62700.0,2315
202608191200,62600.0,63000.0,62500.0,62800.0,2248
202608191215,62900.0,63000.0,62500.0,62600.0,1339
202608191230,62600.0,63000.0,62500.0,62800.0,2153
202608191245,62700.0,62800.0,62200.0,62400.0,1794
202608191300,62400.0,62600.0,62300.0,62500.0,1589
202608191315,62500.0,62700.0,62300.0,62600.0,1842
202608191330,62500.0,62600.0,62200.0,62200.0,1572
202608191345,62300.0,62500.0,62000.0,62100.0,1529
202608191400,62200.0,62900.0,61800.0,62700.0,2597
202608191415,62700.0,63000.0,62500.0,62900.0,2169
202608191430,62900.0,63000.0,61500.0,61900.0,9887
202608191445,62000.0,62000.0,61100.0,61300.0,9203
202608191500,61300.0,61600.0,60500.0,60600.0,10728
202608191515,60900.0,61400.0,60600.0,60700.0,5860
202608200900,61700.0,67100.0,61100.0,66500.0,54106
202608200915,66500.0,67000.0,65000.0,65200.0,22805
202608200930,65200.0,66300.0,64900.0,65400.0,8765
202608200945,65400.0,65800.0,64500.0,65600.0,4540
202608201000,65300.0,66800.0,65100.0,65400.0,12715
202608201015,65700.0,65800.0,64100.0,64200.0,16950
202608201030,64300.0,64500.0,63100.0,63900.0,19915
202608201045,63700.0,63900.0,62800.0,62900.0,9465
202608201100,62900.0,63800.0,62600.0,62900.0,6798
202608201115,62900.0,62900.0,61300.0,62000.0,4825
202608201130,62100.0,62800.0,61700.0,62100.0,2301
202608201145,62200.0,62200.0,61600.0,61800.0,1693
202608201200,61700.0,61800.0,61400.0,61400.0,1646
202608201215,61400.0,62100.0,61300.0,62000.0,2133
202608201230,62000.0,62300.0,61700.0,61900.0,1543
202608201245,61900.0,62400.0,61700.0,62100.0,2336
202608201300,62000.0,62500.0,61800.0,62100.0,2308
202608201315,62100.0,62600.0,61900.0,62500.0,2058
202608201330,62400.0,62500.0,61200.0,61300.0,4632
202608201345,61300.0,61300.0,60300.0,60900.0,10513
202608201400,60900.0,61000.0,59200.0,60500.0,7289
202608201415,60300.0,60500.0,59100.0,60300.0,10178
202608201430,60200.0,63500.0,60200.0,62400.0,12196
202608201445,62400.0,62600.0,61500.0,62300.0,7716
202608201500,62100.0,62400.0,61700.0,61800.0,3122
202608201515,61800.0,62500.0,61200.0,62500.0,2759
202608210900,62300.0,64300.0,61600.0,62200.0,18990
202608210915,62300.0,63800.0,60200.0,63400.0,30080
202608210930,63300.0,66100.0,63300.0,63800.0,19150
202608210945,63700.0,63800.0,61800.0,62700.0,18672
202608211000,62500.0,62600.0,61000.0,61700.0,14831
202608211015,61600.0,62300.0,60600.0,60700.0,5104
202608211030,60700.0,61500.0,60600.0,60700.0,2685
202608211045,60700.0,61500.0,60700.0,61100.0,6150
202608211100,61100.0,62000.0,61100.0,61900.0,3699
202608211115,61800.0,61900.0,60900.0,61500.0,3244
202608211130,61500.0,61800.0,61100.0,61400.0,2424
202608211145,61300.0,61600.0,61200.0,61400.0,1574
202608211200,61400.0,61400.0,61100.0,61200.0,894
202608211215,61100.0,61600.0,60900.0,61500.0,1517
202608211230,61300.0,62500.0,61300.0,62100.0,4408
202608211245,62000.0,62300.0,61700.0,61700.0,1594
202608211300,61700.0,62100.0,61600.0,62000.0,1589
202608211315,62000.0,63400.0,61800.0,63000.0,4827
202608211330,62900.0,63400.0,62700.0,63000.0,2581
202608211345,62900.0,63400.0,62600.0,63000.0,5378
202608211400,63000.0,63200.0,62400.0,63100.0,3613
202608211415,63000.0,63600.0,62800.0,63100.0,3349
202608211430,63000.0,63200.0,62700.0,63000.0,4221
202608211445,63100.0,63200.0,62200.0,62400.0,5851
202608211500,62300.0,62700.0,62100.0,62400.0,1907
202608211515,62200.0,62800.0,62100.0,62800.0,6356
202608240900,64400.0,65600.0,60100.0,61700.0,10969
202608240915,61600.0,61800.0,60000.0,60800.0,7180
202608240930,60700.0,63500.0,59900.0,62800.0,7339
202608240945,62800.0,63300.0,62000.0,62200.0,9443
202608241000,62200.0,63200.0,61600.0,62700.0,6478
202608241015,62800.0,62900.0,60900.0,61100.0,7110
202608241030,61100.0,61200.0,60200.0,60500.0,4877
202608241045,60600.0,60900.0,60100.0,60600.0,6499
202608241100,60600.0,60600.0,60100.0,60400.0,5510
202608241115,60400.0,60400.0,59000.0,59700.0,20338
202608241130,59600.0,60000.0,59400.0,59900.0,5138
202608241145,59900.0,60400.0,59500.0,60100.0,4894
202608241200,60200.0,60300.0,59800.0,59800.0,4255
202608241215,59900.0,60400.0,59600.0,59900.0,4619
202608241230,60000.0,60400.0,59700.0,59900.0,4131
202608241245,60000.0,62400.0,59600.0,61600.0,9945
202608241300,61700.0,62100.0,61300.0,61600.0,6940
202608241315,61600.0,62000.0,61100.0,61400.0,6724
202608241330,61400.0,61700.0,61200.0,61600.0,6193
202608241345,61700.0,62400.0,61000.0,61300.0,8925
202608241400,61400.0,62100.0,61200.0,61800.0,6294
202608241415,61900.0,62300.0,61300.0,61400.0,5692
202608241430,61400.0,61800.0,61100.0,61500.0,6074
202608241445,61400.0,61700.0,61100.0,61200.0,5985
202608241500,61200.0,61300.0,60900.0,61000.0,2647
202608241515,61000.0,61500.0,61000.0,61000.0,2864
202608250900,59700.0,60200.0,57100.0,57200.0,12924
202608250915,57200.0,59300.0,57000.0,59300.0,8043
202608250930,59200.0,60400.0,59000.0,59100.0,10141
202608250945,59100.0,60700.0,59000.0,59900.0,5523
202608251000,60000.0,60300.0,59500.0,59900.0,4165
202608251015,59900.0,59900.0,59100.0,59400.0,3317
202608251030,59400.0,59500.0,58400.0,58600.0,4889
202608251045,58700.0,59300.0,58500.0,58900.0,3598
202608251100,59000.0,59100.0,58500.0,58900.0,2948
202608251115,58900.0,60100.0,58600.0,59600.0,8934
202608251130,59600.0,59800.0,59000.0,59200.0,2901
202608251145,59300.0,59800.0,59000.0,59700.0,3134
202608251200,59600.0,59800.0,59300.0,59600.0,3303
202608251215,59600.0,60200.0,59400.0,60000.0,4472
202608251230,60000.0,60100.0,59500.0,60000.0,3185
202608251245,59700.0,60300.0,59500.0,60200.0,3056
202608251300,60100.0,61200.0,59700.0,61100.0,5578
202608251315,61100.0,61300.0,60300.0,61000.0,6746
202608251330,61100.0,61300.0,60300.0,60800.0,7275
202608251345,60800.0,61000.0,60300.0,60900.0,7485
202608251400,60900.0,61600.0,60600.0,61200.0,8711
202608251415,61200.0,63100.0,61100.0,62500.0,12506
202608251430,62500.0,63000.0,62000.0,62700.0,5914
202608251445,62700.0,63200.0,62500.0,62700.0,6238
202608251500,62700.0,63900.0,62700.0,63500.0,8467
202608251515,63500.0,64500.0,63500.0,63800.0,4242
202608260900,63600.0,64600.0,62100.0,63000.0,14444
202608260915,63000.0,64300.0,62700.0,62800.0,5597
202608260930,62800.0,64900.0,62700.0,63800.0,14737
202608260945,63800.0,63800.0,62500.0,63000.0,2864
202608261000,63000.0,64000.0,62600.0,63700.0,5498
202608261015,63600.0,63900.0,62500.0,62700.0,5170
202608261030,62800.0,63000.0,62300.0,62300.0,3455
202608261045,62300.0,62500.0,61800.0,62500.0,3214
202608261100,62400.0,63200.0,62300.0,63100.0,2175
202608261115,63000.0,63300.0,62800.0,63200.0,2022
202608261130,63200.0,63500.0,63100.0,63200.0,1949
202608261145,63300.0,63400.0,62400.0,62700.0,2153
202608261200,62600.0,63200.0,62500.0,62900.0,1868
202608261215,63000.0,63000.0,62500.0,62500.0,1808
202608261230,62600.0,63200.0,62400.0,62800.0,1750
202608261245,63100.0,63100.0,62700.0,62900.0,1367
202608261300,62800.0,63700.0,62700.0,63600.0,2063
202608261315,63600.0,64000.0,63500.0,63900.0,4629
202608261330,63900.0,65200.0,63600.0,64800.0,7849
202608261345,64800.0,65500.0,64700.0,65100.0,7507
202608261400,65200.0,65200.0,64200.0,64300.0,6464
202608261415,64400.0,64700.0,63800.0,64200.0,5076
202608261430,64200.0,64500.0,63800.0,64100.0,5621
202608261445,64200.0,64600.0,64100.0,64400.0,4512
202608261500,64400.0,64600.0,64000.0,64200.0,3831
202608261515,64100.0,64400.0,63900.0,64400.0,3350
202608270900,61600.0,63000.0,60700.0,62700.0,12801
202608270915,62600.0,64300.0,62100.0,63600.0,9688
202608270930,63600.0,64000.0,63000.0,63500.0,2701
202608270945,63500.0,63600.0,62300.0,62800.0,3196
202608271000,62700.0,63300.0,62200.0,62400.0,2259
202608271015,62300.0,63600.0,62100.0,63200.0,3040
202608271030,63200.0,63500.0,62700.0,63100.0,2159
202608271045,63100.0,63900.0,62700.0,63200.0,9476
202608271100,63300.0,63500.0,62300.0,63100.0,4591
202608271115,63250.0,63400.0,63100.0,63300.0,1160
202608271130,63300.0,63400.0,62500.0,62600.0,2020
202608271145,62600.0,63000.0,62200.0,62600.0,2865
202608271200,62700.0,63600.0,62300.0,62700.0,2565
202608271215,62800.0,63000.0,62600.0,62800.0,958
202608271230,62800.0,62900.0,61900.0,62600.0,2283
202608271245,62500.0,62800.0,62200.0,62700.0,978
202608271300,62750.0,63200.0,62600.0,63000.0,1226
202608271315,63000.0,63200.0,62500.0,62900.0,1116
202608271330,62900.0,62950.0,62000.0,62100.0,1749
202608271345,62200.0,62700.0,62000.0,62400.0,1647
202608271400,62400.0,62700.0,62200.0,62400.0,1268
202608271415,62300.0,63300.0,62100.0,63100.0,2461
202608271430,63000.0,63800.0,62200.0,62400.0,20151
202608271445,62400.0,63200.0,61600.0,61700.0,22806
202608271500,62000.0,62900.0,61800.0,62700.0,5269
202608271515,62700.0,62800.0,62500.0,62600.0,659
202608280900,62000.0,62600.0,59600.0,61600.0,12314
202608280915,61600.0,64400.0,61000.0,64200.0,9875
202608280930,64200.0,67700.0,64000.0,66900.0,42910
202608280945,67000.0,67000.0,64100.0,64300.0,25652
202608281000,64200.0,65000.0,64100.0,64600.0,1789
202608281015,64500.0,64700.0,63400.0,63500.0,3274
202608281030,63600.0,64000.0,63300.0,64000.0,2375
202608281045,64000.0,64700.0,63800.0,64200.0,5775
202608281100,64100.0,64600.0,64000.0,64500.0,1142
202608281115,64500.0,64900.0,63900.0,64800.0,2454
202608281130,64700.0,65100.0,64300.0,64700.0,1833
202608281145,64600.0,65000.0,64400.0,64500.0,1963
202608281200,64600.0,64900.0,64300.0,64600.0,1799
202608281215,64700.0,64800.0,63900.0,64100.0,1956
202608281230,64000.0,64700.0,63900.0,64000.0,4000
202608281245,64000.0,64000.0,62600.0,63500.0,4129
202608281300,63500.0,63600.0,62600.0,62800.0,2944
202608281315,62700.0,62800.0,61700.0,62300.0,5584
202608281330,62300.0,62300.0,61300.0,61900.0,4229
202608281345,61800.0,61900.0,61300.0,61500.0,3943
202608281400,61500.0,61900.0,61200.0,61900.0,3530
202608281415,61800.0,62000.0,61600.0,61900.0,3025
202608281430,61900.0,62500.0,61700.0,62400.0,3884
202608281445,62400.0,63000.0,62200.0,62400.0,8383
202608281500,62600.0,63000.0,62500.0,62900.0,2776
202608281515,62800.0,63200.0,62700.0,62800.0,2174
202608310900,60400.0,60600.0,58300.0,58700.0,19597
202608310915,58700.0,60900.0,58600.0,59400.0,15121
202608310930,59400.0,60200.0,59200.0,60000.0,11446
202608310945,59900.0,60000.0,59200.0,59900.0,5427
202608311000,59900.0,60000.0,59200.0,59700.0,12393
202608311015,59800.0,60100.0,59400.0,60000.0,2883
202608311030,60100.0,60100.0,58300.0,58800.0,9752
202608311045,58600.0,58900.0,58200.0,58500.0,5190
202608311100,58500.0,62000.0,58200.0,58600.0,15381
202608311115,58600.0,58900.0,58400.0,58700.0,2629
202608311130,58700.0,58900.0,58500.0,58800.0,2198
202608311145,58700.0,58900.0,58200.0,58600.0,7798
202608311200,58500.0,58800.0,58400.0,58600.0,2148
202608311215,58500.0,58600.0,58200.0,58300.0,2981
202608311230,58300.0,58800.0,58200.0,58800.0,2621
202608311245,58800.0,59000.0,58600.0,59000.0,1120
202608311300,59000.0,59000.0,58600.0,58700.0,2585
202608311315,58600.0,58800.0,57700.0,57700.0,17187
202608311330,57900.0,58000.0,57600.0,57700.0,5378
202608311345,57700.0,58100.0,57500.0,57500.0,6272
202608311400,57500.0,57700.0,57000.0,57200.0,7600
202608311415,57300.0,57700.0,57000.0,57100.0,8902
202608311430,57000.0,57000.0,55700.0,55800.0,17323
202608311445,55800.0,56200.0,55200.0,55400.0,24651
202608311500,55400.0,56000.0,54800.0,55700.0,26254
202608311515,55700.0,56000.0,55500.0,55500.0,6055
202609010900,55200.0,55300.0,53400.0,53600.0,26631
202609010915,53700.0,54400.0,52800.0,53800.0,69918
202609010930,53800.0,53900.0,53000.0,53400.0,9737
202609010945,53400.0,53600.0,52400.0,52800.0,25530
202609011000,52800.0,53000.0,51900.0,52100.0,14733
202609011015,52000.0,52300.0,51400.0,51500.0,55893
202609011030,51500.0,52000.0,51400.0,51800.0,11127
202609011045,51800.0,52200.0,51200.0,51400.0,10671
202609011100,51400.0,51700.0,51100.0,51500.0,9346
202609011115,51600.0,51800.0,51100.0,51300.0,7571
202609011130,51300.0,51700.0,51100.0,51300.0,5253
202609011145,51300.0,51400.0,51000.0,51200.0,7905
202609011200,51200.0,51400.0,51000.0,51000.0,9063
202609011215,51000.0,51300.0,50900.0,51200.0,7367
202609011230,51100.0,52000.0,51100.0,51600.0,6528
202609011245,51700.0,52200.0,51600.0,51700.0,6414
202609011300,51800.0,52300.0,51700.0,51800.0,6624
202609011315,51800.0,51900.0,51500.0,51700.0,3961
202609011330,51600.0,51800.0,51300.0,51500.0,4745
202609011345,51500.0,51600.0,51300.0,51500.0,3259
202609011400,51500.0,51800.0,51300.0,51600.0,2518
202609011415,51700.0,52400.0,51500.0,52100.0,6374
202609011430,52100.0,52600.0,51900.0,52400.0,10271
202609011445,52400.0,52500.0,52000.0,52200.0,7565
202609011500,52100.0,52600.0,52000.0,52300.0,10901
202609011515,52400.0,52400.0,52000.0,52000.0,7362
202609020900,49600.0,50400.0,49150.0,50200.0,13804
202609020915,50100.0,50600.0,49600.0,50200.0,13103
202609020930,49950.0,50400.0,49950.0,50200.0,6754
202609020945,50200.0,50300.0,49950.0,50000.0,7044
202609021000,50000.0,53000.0,49950.0,51200.0,9429
202609021015,51100.0,51400.0,50500.0,50700.0,3892
202609021030,50700.0,51300.0,50400.0,50500.0,4161
202609021045,50500.0,50700.0,50200.0,50600.0,3574
202609021100,50500.0,50700.0,50400.0,50500.0,1941
202609021115,50500.0,50900.0,50500.0,50700.0,3131
202609021130,50600.0,50800.0,50400.0,50700.0,1759
202609021145,50500.0,50800.0,50400.0,50500.0,1824
202609021200,50500.0,50800.0,50400.0,50700.0,1532
202609021215,50600.0,50900.0,50500.0,50600.0,1734
202609021230,50700.0,50800.0,50400.0,50500.0,2021
202609021245,50500.0,51600.0,50400.0,51400.0,3103
202609021300,51400.0,51800.0,51000.0,51700.0,3755
202609021315,51700.0,52700.0,51700.0,52400.0,6804
202609021330,52500.0,53300.0,52200.0,53000.0,11784
202609021345,52800.0,53700.0,52800.0,53600.0,11396
202609021400,53600.0,55000.0,53200.0,54800.0,22793
202609021415,54800.0,55800.0,54400.0,55200.0,34621
202609021430,55200.0,55600.0,54700.0,55200.0,23886
202609021445,55300.0,56100.0,55100.0,55700.0,24440
202609021500,55600.0,56000.0,54200.0,54400.0,19603
202609021515,54300.0,54800.0,54200.0,54400.0,3162
202609030900,54300.0,54300.0,52500.0,52600.0,4207
202609030915,52600.0,54300.0,52400.0,53500.0,1984
202609030930,53500.0,55100.0,53200.0,55000.0,5374
202609030945,55100.0,55100.0,54000.0,54800.0,5632
202609031000,54800.0,55600.0,54100.0,54200.0,6234
202609031015,54200.0,55700.0,53500.0,54400.0,3435
202609031030,54100.0,54800.0,53600.0,53600.0,1970
202609031045,53500.0,53600.0,52700.0,52800.0,2544
202609031100,52800.0,53400.0,52800.0,53400.0,1207
202609031115,53400.0,53600.0,53100.0,53300.0,1206
202609031130,53300.0,53600.0,53000.0,53100.0,1440
202609031145,53100.0,53500.0,52900.0,53200.0,1357
202609031200,53300.0,53600.0,53000.0,53500.0,2324
202609031215,53400.0,55500.0,53300.0,54600.0,12416
202609031230,54600.0,54800.0,54200.0,54300.0,1389
202609031245,54300.0,54700.0,54100.0,54300.0,993
202609031300,54300.0,54600.0,54100.0,54400.0,1540
202609031315,54400.0,54600.0,53800.0,54200.0,2091
202609031330,54200.0,55100.0,53700.0,55000.0,10095
202609031345,55000.0,55000.0,53700.0,53700.0,1609
202609031400,53700.0,54800.0,53000.0,53100.0,9245
202609031415,53100.0,53700.0,52500.0,52900.0,4769
202609031430,52900.0,53600.0,52500.0,53300.0,3856
202609031445,53300.0,53700.0,53000.0,53400.0,2183
202609031500,53300.0,54000.0,53100.0,53300.0,2983
202609031515,53300.0,53600.0,53200.0,53400.0,725
202609040900,53100.0,54600.0,53000.0,54500.0,1949
202609040915,54300.0,55200.0,54000.0,54100.0,4985
202609040930,54100.0,54100.0,53700.0,53900.0,747
202609040945,53800.0,54400.0,53700.0,54200.0,838
202609041000,54200.0,54400.0,53800.0,54100.0,1584
202609041015,54100.0,54500.0,53900.0,54300.0,1111
202609041030,54100.0,54400.0,53900.0,54100.0,1730
202609041045,54400.0,55100.0,54100.0,54900.0,3235
202609041100,54900.0,55900.0,54900.0,55900.0,6768
202609041115,55800.0,56000.0,55000.0,55500.0,3598
202609041130,55500.0,55800.0,55200.0,55700.0,1982
202609041145,55700.0,56000.0,55400.0,55800.0,2505
202609041200,55900.0,55900.0,54900.0,54900.0,2206
202609041215,55000.0,55200.0,54800.0,55200.0,950
202609041230,55200.0,55300.0,55000.0,55100.0,570
202609041245,55100.0,55400.0,54900.0,55300.0,1360
202609041300,55100.0,55500.0,55100.0,55300.0,1731
202609041315,55300.0,55300.0,54900.0,55300.0,1319
202609041330,55300.0,55900.0,55100.0,55700.0,3339
202609041345,55600.0,56400.0,55300.0,56100.0,6486
202609041400,56000.0,57200.0,55600.0,57000.0,6924
202609041415,57000.0,58900.0,56100.0,56900.0,77643
202609041430,56900.0,57000.0,54500.0,55200.0,33431
202609041445,55300.0,55900.0,55200.0,55300.0,17309
202609041500,55400.0,55500.0,55000.0,55500.0,6406
202609041515,55500.0,56100.0,55300.0,56100.0,2493
202609070900,55800.0,56700.0,54500.0,56400.0,18148
202609070915,56300.0,56300.0,55300.0,55400.0,3186
202609070930,55600.0,56500.0,55500.0,56000.0,3353
202609070945,55900.0,56300.0,55500.0,55900.0,2561
202609071000,55900.0,55900.0,55600.0,55800.0,661
202609071015,55700.0,56000.0,55600.0,55900.0,855
202609071030,55800.0,56100.0,55200.0,55600.0,2420
202609071045,55400.0,55500.0,54700.0,54800.0,2748
202609071100,54700.0,55200.0,54600.0,54800.0,1601
202609071115,54900.0,55100.0,54800.0,55100.0,917
202609071130,54900.0,55100.0,54500.0,54500.0,1261
202609071145,54600.0,54700.0,54300.0,54400.0,1585
202609071200,54400.0,54600.0,54200.0,54400.0,1943
202609071215,54400.0,54600.0,54100.0,54300.0,2053
202609071230,54300.0,54500.0,54200.0,54400.0,1283
202609071245,54400.0,54600.0,54200.0,54500.0,1725
202609071300,54600.0,54600.0,53800.0,54200.0,7203
202609071315,54200.0,55500.0,54100.0,55200.0,8325
202609071330,55200.0,55400.0,54600.0,54900.0,3762
202609071345,54600.0,55100.0,54500.0,54600.0,3411
202609071400,54600.0,54600.0,54100.0,54200.0,3643
202609071415,54200.0,54500.0,54000.0,54300.0,4563
202609071430,54200.0,54500.0,53900.0,54300.0,4698
202609071445,54500.0,54500.0,54000.0,54100.0,5478
202609071500,54100.0,54200.0,53800.0,54100.0,6386
202609071515,54000.0,54200.0,53800.0,54100.0,3470
202609080900,53300.0,54500.0,53300.0,53800.0,5015
202609080915,53700.0,53800.0,53100.0,53100.0,4227
202609080930,53100.0,53300.0,51500.0,52200.0,23485
202609080945,52300.0,52600.0,51700.0,51800.0,8349
202609081000,51800.0,52200.0,51600.0,51900.0,4261
202609081015,51900.0,52600.0,51900.0,52600.0,2952
202609081030,52600.0,52900.0,52300.0,52400.0,2506
202609081045,52400.0,52800.0,52400.0,52500.0,3583
202609081100,52600.0,53100.0,52500.0,52800.0,2382
202609081115,52900.0,53500.0,52800.0,53500.0,2084
202609081130,53400.0,53500.0,53000.0,53200.0,1981
202609081145,53100.0,53100.0,52800.0,53000.0,2534
202609081200,53000.0,53100.0,52900.0,52900.0,1207
202609081215,53000.0,53200.0,52900.0,53100.0,1316
202609081230,53000.0,53100.0,52800.0,52900.0,1560
202609081245,53000.0,53500.0,53000.0,53500.0,2582
202609081300,53500.0,54200.0,53300.0,53600.0,3790
202609081315,53600.0,54800.0,53100.0,54600.0,3874
202609081330,54600.0,54700.0,54100.0,54300.0,4197
202609081345,54200.0,54400.0,53700.0,53800.0,2899
202609081400,53800.0,54200.0,53600.0,53600.0,2516
202609081415,53600.0,55600.0,53600.0,54300.0,11119
202609081430,54400.0,54700.0,53700.0,53900.0,6181
202609081445,54000.0,54300.0,53400.0,53400.0,5339
202609081500,53500.0,53700.0,53300.0,53400.0,2253
202609081515,53400.0,54100.0,53200.0,53800.0,2126
202609090900,55200.0,58300.0,54800.0,57200.0,29791
202609090915,57200.0,58700.0,56700.0,58100.0,42680
202609090930,58200.0,58600.0,57600.0,58500.0,12254
202609090945,58500.0,59100.0,58200.0,58500.0,14111
202609091000,58700.0,58700.0,57600.0,57900.0,4219
202609091015,57850.0,57900.0,57100.0,57100.0,6578
202609091030,57200.0,57300.0,56500.0,56700.0,3222
202609091045,56700.0,57200.0,55600.0,56500.0,7512
202609091100,56300.0,57300.0,56300.0,57000.0,3344
202609091115,57100.0,58400.0,57000.0,57700.0,9323
202609091130,57600.0,57800.0,57100.0,57600.0,3129
202609091145,57700.0,58200.0,57200.0,58100.0,2715
202609091200,58100.0,58300.0,57700.0,57900.0,2050
202609091215,57900.0,58000.0,57600.0,57900.0,2376
202609091230,58000.0,58050.0,57700.0,57800.0,1242
202609091245,57800.0,57900.0,56800.0,57100.0,2872
202609091300,57100.0,57800.0,56800.0,57200.0,3748
202609091315,57200.0,57800.0,57000.0,57400.0,4912
202609091330,57500.0,58100.0,57100.0,58100.0,4303
202609091345,58100.0,58900.0,58100.0,58600.0,8224
202609091400,58600.0,58800.0,58100.0,58200.0,6618
202609091415,58100.0,58400.0,57400.0,57700.0,4810
202609091430,57600.0,57800.0,57400.0,57700.0,3194
202609091445,57800.0,57900.0,57300.0,57600.0,3026
202609091500,57400.0,58500.0,57400.0,58000.0,5860
202609091515,57900.0,58100.0,57700.0,57700.0,1482
202609100900,57000.0,57600.0,56400.0,57600.0,6536
202609100915,57600.0,58800.0,57500.0,58000.0,7329
202609100930,58100.0,58600.0,57000.0,57000.0,4004
202609100945,57200.0,57800.0,56500.0,56500.0,5309
202609101000,56500.0,57800.0,56000.0,56200.0,3335
202609101015,56200.0,57700.0,56000.0,56200.0,2768
202609101030,56200.0,56200.0,55300.0,55800.0,5240
202609101045,55700.0,56200.0,55500.0,55700.0,2714
202609101100,55900.0,56200.0,55500.0,55800.0,2895
202609101115,55800.0,56300.0,55400.0,55700.0,3471
202609101130,55600.0,55900.0,55500.0,55600.0,2984
202609101145,55600.0,55900.0,55300.0,55500.0,5170
202609101200,55500.0,55900.0,55400.0,55700.0,2521
202609101215,55800.0,56100.0,55400.0,55800.0,3342
202609101230,55700.0,56300.0,55600.0,55900.0,2183
202609101245,55900.0,56900.0,55800.0,56600.0,4141
202609101300,56500.0,57400.0,56400.0,57400.0,3754
202609101315,57400.0,58700.0,57400.0,58300.0,9866
202609101330,58300.0,58400.0,57700.0,58200.0,4532
202609101345,58300.0,58900.0,58200.0,58800.0,5268
202609101400,58800.0,59400.0,58400.0,59000.0,6943
202609101415,59000.0,60500.0,58700.0,60300.0,14335
202609101430,60400.0,60800.0,59800.0,60000.0,11197
202609101445,60000.0,60100.0,58600.0,58900.0,9302
202609101500,58900.0,59100.0,58100.0,59000.0,5221
202609101515,59000.0,59100.0,58600.0,58900.0,2735
202609110900,57600.0,59000.0,57200.0,58800.0,6569
202609110915,59000.0,59400.0,58100.0,58700.0,6959
202609110930,58700.0,58700.0,57500.0,57600.0,2969
202609110945,57600.0,58500.0,57600.0,58400.0,2159
202609111000,58300.0,58400.0,57300.0,57600.0,1595
202609111015,57600.0,58000.0,57500.0,57900.0,3526
202609111030,57900.0,59500.0,57600.0,58000.0,8608
202609111045,58000.0,58700.0,57800.0,58600.0,1559
202609111100,58400.0,59000.0,58300.0,58900.0,1282
202609111115,58900.0,59900.0,58900.0,59600.0,4240
202609111130,59600.0,61200.0,59200.0,60800.0,14533
202609111145,60950.0,61400.0,60200.0,61000.0,14851
202609111200,61000.0,61000.0,60300.0,60700.0,3833
202609111215,60600.0,60900.0,60400.0,60600.0,2822
202609111230,60700.0,60900.0,60600.0,60800.0,1584
202609111245,60800.0,61000.0,60400.0,60900.0,5032
202609111300,60900.0,61400.0,60700.0,61100.0,9011
202609111315,61200.0,62400.0,60300.0,60900.0,18086
202609111330,60900.0,61000.0,58700.0,60300.0,21938
202609111345,60300.0,62100.0,60200.0,61100.0,25033
202609111400,61100.0,62000.0,60900.0,61600.0,6383
202609111415,61650.0,61800.0,60900.0,61200.0,5668
202609111430,61200.0,61800.0,60900.0,61300.0,8079
202609111445,61300.0,61700.0,60900.0,61500.0,8328
202609111500,61500.0,61800.0,60900.0,61200.0,4989
202609111515,61000.0,61200.0,60700.0,61200.0,1390
202609140900,59400.0,60100.0,58400.0,59200.0,8517
202609140915,59200.0,59200.0,57800.0,58300.0,9327
202609140930,58400.0,60000.0,58100.0,60000.0,4893
202609140945,59900.0,60100.0,59400.0,59600.0,3273
202609141000,59500.0,60100.0,59000.0,59600.0,5523
202609141015,59600.0,60000.0,59400.0,60000.0,2166
202609141030,59800.0,60000.0,59600.0,60000.0,2947
202609141045,59800.0,60300.0,59700.0,60000.0,2282
202609141100,60200.0,60600.0,59900.0,60500.0,2485
202609141115,60600.0,60700.0,59900.0,60000.0,3829
202609141130,60200.0,60700.0,59900.0,60600.0,2970
202609141145,60600.0,60700.0,59700.0,59700.0,4585
202609141200,59700.0,60000.0,59500.0,59800.0,1435
202609141215,59700.0,60000.0,59500.0,59800.0,1506
202609141230,59600.0,59800.0,59400.0,59600.0,1310
202609141245,59800.0,60000.0,59600.0,59800.0,1490
202609141300,59900.0,60300.0,59700.0,60300.0,1560
202609141315,60000.0,60800.0,60000.0,60400.0,3451
202609141330,60400.0,60800.0,60200.0,60200.0,3132
202609141345,60200.0,60500.0,60200.0,60400.0,2056
202609141400,60300.0,60500.0,60000.0,60300.0,2497
202609141415,60200.0,60300.0,59300.0,59700.0,7436
202609141430,59700.0,60200.0,59300.0,59400.0,3163
202609141445,59400.0,59700.0,58900.0,58900.0,5497
202609141500,58800.0,59100.0,58300.0,58900.0,31178
202609141515,58800.0,58900.0,58300.0,58700.0,5320
202609150900,58900.0,60000.0,58300.0,58700.0,4669
202609150915,58700.0,58800.0,57800.0,58100.0,2956
202609150930,58100.0,60800.0,57700.0,60800.0,5420
202609150945,60800.0,61500.0,60100.0,60900.0,15542
202609151000,60900.0,61400.0,59600.0,59800.0,6507
202609151015,59800.0,59900.0,58700.0,59000.0,9717
202609151030,59000.0,59400.0,58700.0,58700.0,3566
202609151045,58600.0,58600.0,57000.0,57600.0,9367
202609151100,57500.0,57800.0,57400.0,57500.0,2184
202609151115,57400.0,57500.0,57000.0,57400.0,2075
202609151130,57500.0,57500.0,54500.0,56200.0,9503
202609151145,56200.0,56500.0,55900.0,56100.0,3648
202609151200,56100.0,56400.0,55800.0,55900.0,2783
202609151215,55900.0,56100.0,55700.0,55900.0,3069
202609151230,55900.0,56100.0,55600.0,55800.0,2758
202609151245,55700.0,55950.0,55200.0,55200.0,2892
202609151300,55300.0,55300.0,54700.0,54800.0,7595
202609151315,54900.0,55100.0,54600.0,54600.0,3437
202609151330,54900.0,55100.0,54500.0,55100.0,5579
202609151345,55100.0,55400.0,55000.0,55200.0,5215
202609151400,55300.0,55500.0,54800.0,55000.0,5157
202609151415,55000.0,55100.0,54500.0,54800.0,4293
202609151430,54700.0,55200.0,54700.0,55200.0,3891
202609151445,55400.0,55600.0,55100.0,55100.0,3411
202609151500,55100.0,55800.0,55100.0,55500.0,4488
202609151515,55500.0,55800.0,55200.0,55300.0,2429
202609160900,54600.0,55200.0,53900.0,54400.0,4954
202609160915,54600.0,54600.0,53600.0,54000.0,4316
202609160930,54000.0,54200.0,53600.0,54000.0,2712
202609160945,54000.0,54300.0,53800.0,54000.0,3536
202609161000,54100.0,54700.0,54100.0,54600.0,999
202609161015,54500.0,54800.0,54200.0,54600.0,988
202609161030,54600.0,54900.0,53900.0,54900.0,6380
202609161045,54900.0,55200.0,54600.0,54700.0,616
202609161100,54600.0,55200.0,54600.0,54900.0,492
202609161115,54900.0,55600.0,54900.0,55400.0,1391
202609161130,55400.0,55400.0,55200.0,55300.0,652
202609161145,55300.0,55600.0,55100.0,55200.0,1398
202609161200,55200.0,56200.0,54900.0,55300.0,6647
202609161215,55400.0,55700.0,54900.0,55400.0,4198
202609161230,55400.0,55700.0,55300.0,55300.0,533
202609161245,55200.0,55700.0,55200.0,55300.0,805
202609161300,55400.0,55500.0,54900.0,55100.0,1739
202609161315,55100.0,55700.0,55000.0,55400.0,909
202609161330,55300.0,55300.0,53900.0,54100.0,45311
202609161345,54100.0,54200.0,53600.0,53700.0,18197
202609161400,53800.0,53800.0,52600.0,53200.0,16113
202609161415,53200.0,53300.0,52500.0,53200.0,15704
202609161430,53100.0,53300.0,52900.0,53100.0,3412
202609161445,53100.0,53400.0,52800.0,53400.0,3471
202609161500,53300.0,53400.0,53000.0,53400.0,3306
202609161515,53400.0,53900.0,53000.0,53300.0,9020
202609170900,53700.0,56000.0,53500.0,54900.0,17247
202609170915,54600.0,55500.0,54200.0,54400.0,4990
202609170930,54400.0,55000.0,54400.0,54700.0,2339
202609170945,54600.0,56400.0,54500.0,55600.0,6482
202609171000,55700.0,55800.0,54000.0,55300.0,5405
202609171015,55200.0,55500.0,55000.0,55300.0,3397
202609171030,55400.0,56100.0,55300.0,56000.0,3920
202609171045,56000.0,56000.0,55200.0,55300.0,3397
202609171100,55500.0,55900.0,55300.0,55600.0,2274
202609171115,55600.0,55700.0,55100.0,55300.0,2139
202609171130,55400.0,55500.0,55000.0,55300.0,1914
202609171145,55300.0,55500.0,54800.0,55100.0,1574
202609171200,55100.0,55300.0,54700.0,55200.0,2452
202609171215,55100.0,55400.0,54700.0,55000.0,1896
202609171230,54900.0,55100.0,54500.0,55100.0,1839
202609171245,55100.0,55500.0,54900.0,55400.0,1849
202609171300,55400.0,55600.0,55200.0,55400.0,1898
202609171315,55400.0,55800.0,55000.0,55500.0,2470
202609171330,55400.0,55500.0,54800.0,55300.0,2402
202609171345,55300.0,55400.0,54700.0,54800.0,3193
202609171400,55000.0,55000.0,54500.0,54700.0,2209
202609171415,54700.0,54800.0,54300.0,54500.0,2554
202609171430,54500.0,54650.0,54200.0,54400.0,2795
202609171445,54400.0,54400.0,53600.0,53700.0,4413
202609171500,53800.0,54300.0,53700.0,54100.0,3261
202609171515,54100.0,54400.0,54000.0,54000.0,1803
202609180900,54600.0,54900.0,53900.0,54100.0,2420
202609180915,54100.0,54900.0,54100.0,54700.0,3177
202609180930,54700.0,55400.0,54600.0,54600.0,3891
202609180945,54900.0,55100.0,54500.0,54800.0,810
202609181000,54800.0,54800.0,54300.0,54400.0,1972
202609181015,54300.0,55300.0,54300.0,55200.0,2112
202609181030,55200.0,55300.0,55000.0,55300.0,843
202609181045,55300.0,55400.0,54700.0,55000.0,3059
202609181100,55000.0,55500.0,54800.0,55400.0,1372
202609181115,55400.0,55500.0,55000.0,55000.0,768
202609181130,55100.0,56600.0,55000.0,56200.0,9250
202609181145,56200.0,56400.0,55900.0,56100.0,1740
202609181200,56100.0,56300.0,55600.0,55700.0,1439
202609181215,55700.0,55800.0,55500.0,55500.0,843
202609181230,55600.0,55800.0,55500.0,55500.0,713
202609181245,55600.0,55800.0,55500.0,55600.0,1003
202609181300,55700.0,55700.0,55300.0,55500.0,921
202609181315,55500.0,55800.0,55400.0,55600.0,739
202609181330,55600.0,55900.0,55500.0,55500.0,646
202609181345,55500.0,55900.0,55400.0,55400.0,1408
202609181400,55400.0,55600.0,55200.0,55200.0,3162
202609181415,55300.0,55300.0,54700.0,54900.0,3584
202609181430,55000.0,55500.0,54900.0,55000.0,1419
202609181445,55000.0,55300.0,54600.0,54900.0,1274
202609181500,54800.0,55300.0,54600.0,54800.0,1038
202609181515,54800.0,54800.0,54400.0,54400.0,1350
202609210900,53800.0,53800.0,52100.0,52300.0,8190
202609210915,52300.0,52400.0,51700.0,52200.0,12656
202609210930,52200.0,53500.0,51900.0,53000.0,5894
202609210945,53100.0,53200.0,52400.0,52600.0,2073
202609211000,52600.0,53500.0,52300.0,53000.0,3788
202609211015,53100.0,53600.0,52600.0,53300.0,3076
202609211030,53300.0,53600.0,53000.0,53300.0,1446
202609211045,53700.0,53700.0,53400.0,53500.0,1027
202609211100,53600.0,53900.0,53400.0,53900.0,2113
202609211115,53900.0,55300.0,53500.0,55000.0,5012
202609211130,55000.0,55200.0,54600.0,54700.0,1273
202609211145,54800.0,54900.0,54300.0,54700.0,1105
202609211200,54700.0,54700.0,54100.0,54200.0,1561
202609211215,54400.0,54500.0,54200.0,54500.0,933
202609211230,54300.0,54600.0,54200.0,54400.0,1105
202609211245,54400.0,54700.0,54300.0,54700.0,859
202609211300,54700.0,54800.0,54000.0,54200.0,1932
202609211315,54400.0,54600.0,53900.0,54100.0,1607
202609211330,54100.0,54500.0,53700.0,54300.0,2663
202609211345,54400.0,54600.0,54000.0,54500.0,2112
202609211400,54300.0,54500.0,53800.0,54200.0,2246
202609211415,54200.0,54500.0,53900.0,54200.0,1960
202609211430,54300.0,54500.0,53900.0,54000.0,1276
202609211445,54100.0,54100.0,53700.0,53900.0,1918
202609211500,54000.0,54000.0,53500.0,53700.0,4817
202609211515,53700.0,54200.0,53600.0,53600.0,2831
202609220900,54700.0,56100.0,54600.0,54700.0,8490
202609220915,54700.0,55600.0,54400.0,55300.0,6429
202609220930,55000.0,55100.0,53800.0,53800.0,2400
202609220945,53800.0,54200.0,53600.0,54000.0,2389
202609221000,54100.0,54100.0,53500.0,53500.0,2394
202609221015,53600.0,53700.0,53300.0,53400.0,1046
202609221030,53500.0,53500.0,53000.0,53200.0,4825
202609221045,53300.0,54000.0,53200.0,54000.0,2774
202609221100,53900.0,54100.0,53700.0,53900.0,1065
202609221115,53800.0,53900.0,53600.0,53700.0,941
202609221130,53700.0,53800.0,53600.0,53600.0,573
202609221145,53600.0,53700.0,53200.0,53200.0,1199
202609221200,53200.0,53400.0,53100.0,53100.0,695
202609221215,53100.0,53300.0,53000.0,53000.0,959
202609221230,53100.0,53500.0,53100.0,53200.0,946
202609221245,53400.0,53400.0,53200.0,53200.0,655
202609221300,53200.0,53300.0,52800.0,52900.0,2165
202609221315,53000.0,53100.0,52300.0,52600.0,5470
202609221330,52700.0,52700.0,52100.0,52300.0,3435
202609221345,52400.0,52700.0,52300.0,52600.0,2920
202609221400,52600.0,53100.0,52500.0,52600.0,1651
202609221415,52700.0,52900.0,52500.0,52800.0,1716
202609221430,52700.0,53400.0,52700.0,53200.0,2073
202609221445,53300.0,53500.0,52200.0,52500.0,21884
202609221500,52500.0,52700.0,52500.0,52600.0,2254
202609221515,52700.0,52800.0,52500.0,52500.0,3929
202609230900,52100.0,52100.0,51000.0,51500.0,6250
202609230915,51500.0,51700.0,50800.0,51200.0,15588
202609230930,51200.0,51400.0,50700.0,51200.0,7728
202609230945,51200.0,51200.0,50300.0,50400.0,10130
202609231000,50500.0,50900.0,50300.0,50500.0,4257
202609231015,50500.0,50700.0,50300.0,50400.0,4326
202609231030,50400.0,50500.0,50100.0,50100.0,9450
202609231045,50200.0,50500.0,49700.0,49850.0,13890
202609231100,49850.0,50000.0,49500.0,49550.0,16137
202609231115,49550.0,49600.0,49300.0,49300.0,10362
202609231130,49300.0,49450.0,49250.0,49250.0,14839
202609231145,49250.0,49550.0,49250.0,49400.0,6399
202609231200,49350.0,49700.0,49350.0,49700.0,4442
202609231215,49700.0,49800.0,49500.0,49550.0,2348
202609231230,49550.0,49600.0,49400.0,49450.0,2621
202609231245,49400.0,49450.0,49150.0,49150.0,7310
202609231300,49150.0,49250.0,49100.0,49100.0,5969
202609231315,49100.0,49100.0,48450.0,48700.0,13063
202609231330,48700.0,48950.0,48650.0,48700.0,5266
202609231345,48700.0,49600.0,48700.0,48800.0,6951
202609231400,48800.0,48900.0,48600.0,48600.0,7970
202609231415,48650.0,49000.0,48300.0,48800.0,11638
202609231430,48800.0,49250.0,48800.0,49000.0,5888
202609231445,49000.0,49250.0,48900.0,49150.0,6002
202609231500,49150.0,49700.0,49100.0,49425.0,8363
202609231515,49425.0,49450.0,48900.0,48900.0,7542
202609280900,48800.0,49700.0,48750.0,49550.0,5828
202609280915,49550.0,49800.0,49150.0,49300.0,5507
202609280930,49300.0,49900.0,49300.0,49750.0,2588
202609280945,49750.0,49950.0,49100.0,49200.0,3086
202609281000,49200.0,49450.0,49050.0,49100.0,2230
202609281015,49100.0,49250.0,48900.0,49250.0,2259
202609281030,49250.0,49250.0,48850.0,48850.0,1659
202609281045,48900.0,48900.0,48450.0,48600.0,2555
202609281100,48600.0,48700.0,48100.0,48100.0,4268
202609281115,48150.0,48200.0,47750.0,48100.0,3657
202609281130,48100.0,48250.0,48050.0,48150.0,1915
202609281145,48200.0,48250.0,48000.0,48150.0,1431
202609281200,48150.0,48150.0,47950.0,47950.0,1728
202609281215,47950.0,48050.0,47800.0,48050.0,2393
202609281230,48050.0,48050.0,47850.0,47950.0,1497
202609281245,47950.0,47975.0,47850.0,47850.0,1483
202609281300,47900.0,48350.0,47800.0,48350.0,2529
202609281315,48350.0,48350.0,47900.0,48150.0,2008
202609281330,48250.0,48250.0,47900.0,48000.0,1752
202609281345,48000.0,48050.0,47850.0,47900.0,1653
202609281400,47900.0,48000.0,47800.0,47850.0,1891
202609281415,47850.0,47900.0,47600.0,47650.0,2762
202609281430,47650.0,47700.0,47550.0,47550.0,3122
202609281445,47550.0,48150.0,47450.0,47950.0,6820
202609281500,47950.0,48500.0,47900.0,48400.0,6277
202609281515,48400.0,48500.0,48200.0,48200.0,1680
202609290900,48050.0,48500.0,47600.0,48050.0,3904
202609290915,48050.0,48150.0,47550.0,47600.0,1955
202609290930,47600.0,48100.0,47250.0,48100.0,2541
202609290945,48050.0,48200.0,47750.0,48100.0,1276
202609291000,48150.0,48350.0,47450.0,48050.0,2714
202609291015,48100.0,48600.0,47950.0,48450.0,1430
202609291030,48600.0,48750.0,48450.0,48550.0,1714
202609291045,48550.0,48550.0,48200.0,48400.0,919
202609291100,48400.0,48600.0,48350.0,48500.0,670
202609291115,48450.0,48650.0,48300.0,48300.0,1248
202609291130,48400.0,48500.0,48300.0,48400.0,790
202609291145,48400.0,48400.0,48150.0,48250.0,2881
202609291200,48250.0,48250.0,48200.0,48250.0,515
202609291215,48250.0,48450.0,48200.0,48250.0,1471
202609291230,48300.0,48400.0,48200.0,48250.0,961
202609291245,48300.0,48300.0,47500.0,47650.0,4028
202609291300,47650.0,48000.0,47600.0,48000.0,1106
202609291315,48000.0,48100.0,47600.0,47750.0,2158
202609291330,47800.0,47900.0,47350.0,47350.0,2763
202609291345,47400.0,47500.0,47300.0,47500.0,3000
202609291400,47500.0,47550.0,47200.0,47250.0,2699
202609291415,47250.0,47300.0,47050.0,47150.0,3950
202609291430,47150.0,47150.0,46950.0,46950.0,4032
202609291445,46950.0,47500.0,46900.0,47350.0,4232
202609291500,47350.0,47950.0,47350.0,47950.0,3249
202609291515,47850.0,48000.0,47700.0,47800.0,1391
202609300900,48950.0,50000.0,48800.0,48800.0,4866
202609300915,48800.0,48800.0,48300.0,48600.0,2240
202609300930,48600.0,49350.0,48600.0,49000.0,1754
202609300945,49000.0,49100.0,48800.0,49000.0,933
202609301000,49050.0,49200.0,48950.0,49150.0,900
202609301015,49200.0,49250.0,48700.0,48700.0,2442
202609301030,48700.0,48750.0,48500.0,48500.0,870
202609301045,48450.0,48950.0,48450.0,48950.0,924
202609301100,48900.0,48900.0,48550.0,48550.0,1871
202609301115,48600.0,48600.0,48400.0,48450.0,937
202609301130,48500.0,48500.0,48200.0,48350.0,2452
202609301145,48350.0,48600.0,48250.0,48350.0,674
202609301200,48350.0,48400.0,48200.0,48300.0,634
202609301215,48300.0,48350.0,48200.0,48250.0,625
202609301230,48250.0,48350.0,48200.0,48250.0,764
202609301245,48250.0,48350.0,48200.0,48300.0,570
202609301300,48300.0,48300.0,47950.0,48100.0,2109
202609301315,48100.0,48300.0,48050.0,48200.0,887
202609301330,48250.0,48250.0,48200.0,48250.0,640
202609301345,48250.0,48300.0,47800.0,47800.0,3207
202609301400,47850.0,48100.0,47750.0,47750.0,1381
202609301415,47800.0,48100.0,47750.0,47950.0,1103
202609301430,47950.0,48300.0,47950.0,48050.0,1219
202609301445,48000.0,48050.0,47900.0,48050.0,845
202609301500,48000.0,48100.0,47950.0,48050.0,2801
202609301515,48000.0,48050.0,48000.0,48000.0,1107
202610010900,47850.0,49000.0,47800.0,48050.0,4810
202610010915,48100.0,48650.0,47850.0,48200.0,3246
202610010930,48200.0,48550.0,48100.0,48400.0,678
202610010945,48350.0,48350.0,47750.0,47950.0,1708
202610011000,47950.0,48100.0,47750.0,47900.0,3769
202610011015,47950.0,48000.0,47850.0,47850.0,914
202610011030,47800.0,48000.0,47800.0,48000.0,552
202610011045,47950.0,48500.0,47900.0,48100.0,1541
202610011100,48050.0,48250.0,47850.0,48250.0,1390
202610011115,48150.0,48350.0,48100.0,48250.0,445
202610011130,48200.0,48250.0,48000.0,48250.0,761
202610011145,48200.0,48250.0,48050.0,48100.0,704
202610011200,48150.0,48250.0,48150.0,48200.0,219
202610011215,48200.0,48200.0,48100.0,48150.0,275
202610011230,48150.0,48200.0,48100.0,48150.0,189
202610011245,48200.0,48200.0,48000.0,48200.0,1711
202610011300,48150.0,48250.0,48150.0,48250.0,191
202610011315,48200.0,48800.0,48150.0,48750.0,1787
202610011330,48700.0,48750.0,48500.0,48600.0,1428
202610011345,48550.0,48650.0,48300.0,48350.0,1456
202610011400,48400.0,48500.0,48300.0,48450.0,1252
202610011415,48500.0,48500.0,48300.0,48300.0,1602
202610011430,48350.0,48750.0,48350.0,48500.0,2700
202610011445,48500.0,48700.0,48450.0,48600.0,1521
202610011500,48600.0,48600.0,48300.0,48450.0,1360
202610011515,48450.0,48500.0,48250.0,48450.0,694
202610020900,47400.0,48350.0,47400.0,48300.0,1790
202610020915,48300.0,48650.0,48150.0,48650.0,1672
202610020930,48650.0,49000.0,48350.0,48850.0,2144
202610020945,48850.0,48950.0,48600.0,48800.0,1685
202610021000,48850.0,48850.0,48150.0,48300.0,1857
202610021015,48250.0,48450.0,47450.0,47750.0,7623
202610021030,47850.0,47950.0,47700.0,47800.0,1417
202610021045,47800.0,48050.0,47800.0,47950.0,1072
202610021100,47950.0,48200.0,47900.0,47900.0,989
202610021115,47950.0,48000.0,47750.0,47800.0,3193
202610021130,47800.0,47900.0,47700.0,47850.0,1259
202610021145,47850.0,47900.0,47550.0,47600.0,1920
202610021200,47600.0,47700.0,47500.0,47550.0,2718
202610021215,47550.0,47650.0,47450.0,47450.0,1710
202610021230,47450.0,47500.0,47250.0,47300.0,3346
202610021245,47350.0,47350.0,47150.0,47350.0,2031
202610021300,47350.0,47400.0,47250.0,47350.0,1117
202610021315,47250.0,47400.0,47250.0,47350.0,1596
202610021330,47400.0,47850.0,47400.0,47650.0,1376
202610021345,47650.0,47700.0,47600.0,47650.0,1605
202610021400,47650.0,47700.0,47500.0,47700.0,2553
202610021415,47700.0,47850.0,47650.0,47700.0,1429
202610021430,47700.0,47700.0,47550.0,47700.0,2278
202610021445,47700.0,47750.0,47550.0,47550.0,1730
202610021500,47600.0,47600.0,47400.0,47400.0,3504
202610021515,47400.0,47700.0,47350.0,47700.0,1879
