202601020945,18000.0,18500.0,18000.0,18390.0,5534
202601021000,18420.0,18420.0,17300.0,17300.0,42975
202601021015,17300.0,17400.0,17040.0,17170.0,20068
202601021030,17240.0,17240.0,17040.0,17050.0,14276
202601021045,17050.0,17270.0,17000.0,17190.0,14768
202601021100,17190.0,17190.0,17020.0,17160.0,9572
202601021115,17170.0,17170.0,16800.0,16800.0,28645
202601021130,16770.0,17180.0,16230.0,16500.0,51380
202601021145,16500.0,16700.0,16370.0,16510.0,23616
202601021200,16510.0,16800.0,16500.0,16790.0,5990
202601021215,16790.0,17180.0,16750.0,17150.0,9289
202601021230,17150.0,17180.0,16970.0,17080.0,15005
202601021245,17040.0,17200.0,17010.0,17120.0,8810
202601021300,17120.0,17140.0,16890.0,16900.0,9728
202601021315,16930.0,16970.0,16780.0,16880.0,4557
202601021330,16870.0,16990.0,16860.0,16930.0,1778
202601021345,16930.0,16940.0,16860.0,16860.0,5057
202601021400,16850.0,16910.0,16810.0,16870.0,3636
202601021415,16870.0,16990.0,16740.0,16750.0,5617
202601021430,16760.0,16870.0,16760.0,16850.0,3193
202601021445,16850.0,17040.0,16850.0,16990.0,4526
202601021500,16990.0,17050.0,16980.0,17010.0,3311
202601021515,17040.0,17200.0,17000.0,17200.0,6711
202601050900,16800.0,16860.0,16500.0,16800.0,18468
202601050915,16790.0,16940.0,16670.0,16930.0,11963
202601050930,16930.0,16980.0,16870.0,16880.0,6117
202601050945,16880.0,17000.0,16870.0,16890.0,3351
202601051000,16890.0,16960.0,16820.0,16830.0,6180
202601051015,16820.0,16860.0,16800.0,16850.0,2632
202601051030,16840.0,16890.0,16790.0,16800.0,6521
202601051045,16880.0,16900.0,16800.0,16890.0,2897
202601051100,16900.0,17070.0,16900.0,17010.0,4273
202601051115,17050.0,17250.0,17040.0,17090.0,7175
202601051130,17090.0,17130.0,17070.0,17120.0,1248
202601051145,17120.0,17130.0,17120.0,17130.0,1476
202601051200,17130.0,17140.0,17080.0,17080.0,1464
202601051215,17060.0,17150.0,17060.0,17150.0,942
202601051230,17110.0,17200.0,17110.0,17190.0,2714
202601051245,17190.0,17230.0,17190.0,17210.0,1700
202601051300,17210.0,17230.0,17070.0,17140.0,2780
202601051315,17140.0,17300.0,17140.0,17300.0,4884
202601051330,17290.0,17300.0,17150.0,17160.0,2640
202601051345,17150.0,17160.0,17100.0,17100.0,1183
202601051400,17100.0,17190.0,17100.0,17110.0,2740
202601051415,17110.0,17200.0,17100.0,17190.0,1903
202601051430,17100.0,17190.0,17050.0,17060.0,3155
202601051445,17100.0,17100.0,17040.0,17060.0,1251
202601051500,17070.0,17070.0,16900.0,16930.0,7695
202601051515,16980.0,17060.0,16930.0,17060.0,2619
202601060900,16900.0,17020.0,16430.0,16500.0,18193
202601060915,16440.0,16570.0,16400.0,16570.0,17897
202601060930,16560.0,16570.0,16400.0,16500.0,17621
202601060945,16440.0,16570.0,16430.0,16500.0,2416
202601061000,16500.0,16650.0,16480.0,16650.0,6036
202601061015,16650.0,16650.0,16510.0,16510.0,2246
202601061030,16540.0,16560.0,16510.0,16550.0,1294
202601061045,16550.0,16610.0,16540.0,16560.0,1301
202601061100,16580.0,16590.0,16550.0,16560.0,1713
202601061115,16560.0,16570.0,16560.0,16560.0,2807
202601061130,16550.0,16550.0,16540.0,16550.0,1140
202601061145,16550.0,16580.0,16540.0,16580.0,966
202601061200,16580.0,16580.0,16560.0,16560.0,1172
202601061215,16560.0,16560.0,16530.0,16540.0,1587
202601061230,16540.0,16560.0,16480.0,16520.0,8140
202601061245,16510.0,16590.0,16500.0,16570.0,1928
202601061300,16570.0,16590.0,16520.0,16590.0,524
202601061315,16590.0,16600.0,16520.0,16560.0,2380
202601061330,16540.0,16680.0,16530.0,16550.0,2618
202601061345,16550.0,16550.0,16520.0,16520.0,3391
202601061400,16530.0,16590.0,16510.0,16560.0,1608
202601061415,16570.0,16600.0,16490.0,16490.0,5450
202601061430,16490.0,16500.0,16390.0,16400.0,16384
202601061445,16390.0,16780.0,16340.0,16500.0,12103
202601061500,16500.0,16770.0,16450.0,16570.0,4559
202601061515,16550.0,16740.0,16530.0,16740.0,5520
202601070900,17700.0,17990.0,17410.0,17630.0,40754
202601070915,17630.0,17870.0,17500.0,17660.0,28190
202601070930,17730.0,17730.0,17400.0,17460.0,8162
202601070945,17460.0,17880.0,17450.0,17760.0,17833
202601071000,17800.0,17950.0,17690.0,17730.0,16412
202601071015,17730.0,17730.0,17610.0,17610.0,4321
202601071030,17610.0,17700.0,17510.0,17650.0,4615
202601071045,17640.0,18070.0,17620.0,17940.0,11833
202601071100,18030.0,18200.0,17930.0,17980.0,14795
202601071115,17990.0,18050.0,17870.0,17960.0,6101
202601071130,17970.0,18050.0,17900.0,17950.0,2944
202601071145,17930.0,18000.0,17870.0,17940.0,4531
202601071200,17940.0,18060.0,17910.0,18030.0,3245
202601071215,18030.0,18050.0,17960.0,18020.0,2841
202601071230,18020.0,18160.0,18000.0,18030.0,5242
202601071245,18050.0,18140.0,18000.0,18030.0,4687
202601071300,18040.0,18190.0,18010.0,18130.0,15930
202601071315,18130.0,18160.0,17970.0,17970.0,9201
202601071330,18010.0,18060.0,17980.0,17980.0,3531
202601071345,18000.0,18000.0,17850.0,17850.0,3259
202601071400,17850.0,17890.0,17800.0,17800.0,5881
202601071415,17830.0,18010.0,17800.0,18010.0,4529
202601071430,18010.0,18170.0,17960.0,18150.0,10068
202601071445,18150.0,18190.0,18070.0,18190.0,6657
202601071500,18170.0,18230.0,17960.0,18200.0,12616
202601071515,18180.0,18250.0,18130.0,18250.0,5927
202601080900,18600.0,19400.0,18320.0,18740.0,66021
202601080915,18740.0,18840.0,18600.0,18630.0,25090
202601080930,18640.0,19160.0,18640.0,19160.0,16558
202601080945,19150.0,19240.0,18670.0,18750.0,25525
202601081000,18750.0,18780.0,18650.0,18750.0,5181
202601081015,18750.0,18810.0,18680.0,18770.0,10757
202601081030,18780.0,19010.0,18770.0,19000.0,10828
202601081045,19010.0,19020.0,18940.0,18940.0,8183
202601081100,18940.0,18990.0,18880.0,18890.0,2646
202601081115,18890.0,18900.0,18770.0,18780.0,2463
202601081130,18770.0,18970.0,18740.0,18770.0,3995
202601081145,18760.0,18760.0,18700.0,18740.0,1970
202601081200,18740.0,18760.0,18650.0,18740.0,4162
202601081215,18740.0,18740.0,18670.0,18680.0,2541
202601081230,18680.0,18770.0,18680.0,18700.0,2388
202601081245,18720.0,18720.0,18650.0,18700.0,1047
202601081300,18710.0,18800.0,18710.0,18750.0,1541
202601081315,18740.0,18750.0,18700.0,18710.0,167
202601081330,18710.0,19000.0,18690.0,18990.0,10024
202601081345,18990.0,19000.0,18940.0,18990.0,5894
202601081400,18990.0,19070.0,18950.0,19040.0,13576
202601081415,19030.0,19070.0,18970.0,18980.0,5024
202601081430,18980.0,19080.0,18960.0,19070.0,11978
202601081445,19060.0,19110.0,19050.0,19080.0,11506
202601081500,19020.0,19020.0,18870.0,19000.0,9231
202601081515,19000.0,19090.0,18970.0,19090.0,2901
202601090900,19060.0,19060.0,18620.0,18620.0,13608
202601090915,18690.0,18710.0,18430.0,18520.0,16937
202601090930,18550.0,18790.0,18460.0,18760.0,8172
202601090945,18770.0,19200.0,18700.0,18980.0,14472
202601091000,18980.0,19290.0,18890.0,19250.0,17863
202601091015,19250.0,19400.0,19120.0,19190.0,15360
202601091030,19120.0,19180.0,18970.0,19020.0,2293
202601091045,19020.0,19060.0,18930.0,18930.0,1864
202601091100,18940.0,19100.0,18940.0,19090.0,1723
202601091115,19080.0,19190.0,18980.0,19090.0,1902
202601091130,19100.0,19100.0,18970.0,18970.0,325
202601091145,19010.0,19010.0,18980.0,18980.0,134
202601091200,18980.0,19010.0,18980.0,19000.0,987
202601091215,19000.0,19000.0,18870.0,18910.0,7223
202601091230,18910.0,18910.0,18750.0,18780.0,3857
202601091245,18790.0,18900.0,18780.0,18890.0,1031
202601091300,18890.0,18890.0,18820.0,18840.0,602
202601091315,18830.0,18830.0,18660.0,18680.0,7053
202601091330,18690.0,18710.0,18560.0,18600.0,5945
202601091345,18580.0,18580.0,18500.0,18540.0,4357
202601091400,18530.0,18530.0,18420.0,18460.0,11275
202601091415,18460.0,18460.0,18360.0,18450.0,5641
202601091430,18430.0,18840.0,18430.0,18840.0,3438
202601091445,18820.0,18950.0,18610.0,18900.0,8768
202601091500,18900.0,18910.0,18780.0,18780.0,2651
202601091515,18780.0,18870.0,18700.0,18700.0,6262
202601120900,18400.0,18400.0,17900.0,18060.0,15422
202601120915,18080.0,18180.0,17960.0,18050.0,9023
202601120930,18050.0,18050.0,17900.0,17960.0,11999
202601120945,17910.0,18010.0,17860.0,17910.0,5694
202601121000,17910.0,17990.0,17850.0,17870.0,8878
202601121015,17870.0,17880.0,17780.0,17790.0,6441
202601121030,17790.0,18050.0,17720.0,17830.0,9870
202601121045,17840.0,17950.0,17840.0,17900.0,3649
202601121100,17890.0,17910.0,17830.0,17830.0,3720
202601121115,17830.0,17870.0,17760.0,17860.0,3738
202601121130,17830.0,17870.0,17810.0,17830.0,1102
202601121145,17840.0,17910.0,17830.0,17860.0,2989
202601121200,17860.0,17900.0,17860.0,17900.0,1279
202601121215,17900.0,17950.0,17870.0,17950.0,2050
202601121230,17955.0,18020.0,17910.0,17910.0,1721
202601121245,17900.0,18020.0,17850.0,17870.0,4970
202601121300,17870.0,17950.0,17820.0,17950.0,2367
202601121315,17890.0,18000.0,17830.0,17850.0,1002
202601121330,17840.0,17860.0,17690.0,17690.0,6549
202601121345,17700.0,17700.0,17560.0,17560.0,3972
202601121400,17560.0,17650.0,17390.0,17450.0,6506
202601121415,17400.0,17690.0,17340.0,17410.0,5756
202601121430,17400.0,17400.0,16990.0,17110.0,24900
202601121445,17100.0,17180.0,17010.0,17160.0,6438
202601121500,17160.0,17220.0,17130.0,17180.0,5597
202601121515,17200.0,17500.0,17180.0,17480.0,8049
202601130900,17320.0,17390.0,17010.0,17140.0,12373
202601130915,17190.0,17250.0,17070.0,17120.0,6440
202601130930,17120.0,17120.0,16980.0,17000.0,10584
202601130945,17000.0,17040.0,16980.0,16990.0,5160
202601131000,16990.0,17040.0,16970.0,16970.0,2907
202601131015,16970.0,17240.0,16960.0,17010.0,7050
202601131030,17030.0,17050.0,16920.0,16920.0,6218
202601131045,16960.0,17000.0,16890.0,16910.0,7601
202601131100,16950.0,17030.0,16950.0,16990.0,1443
202601131115,16990.0,17040.0,16960.0,17030.0,1102
202601131130,17030.0,17050.0,17010.0,17050.0,454
202601131145,17050.0,17060.0,16970.0,16990.0,2484
202601131200,16990.0,17080.0,16980.0,17080.0,443
202601131215,17080.0,17100.0,17030.0,17100.0,1703
202601131230,17100.0,17240.0,17100.0,17120.0,527
202601131245,17110.0,17110.0,17000.0,17010.0,1128
202601131300,17010.0,17020.0,16950.0,16960.0,5005
202601131315,16950.0,16970.0,16930.0,16940.0,1659
202601131330,16940.0,17000.0,16940.0,16970.0,674
202601131345,16960.0,17000.0,16960.0,16990.0,913
202601131400,16990.0,16990.0,16970.0,16990.0,547
202601131415,16990.0,17030.0,16980.0,17030.0,1859
202601131430,17030.0,17250.0,16990.0,17250.0,9024
202601131445,17250.0,17440.0,17250.0,17330.0,7668
202601131500,17320.0,17390.0,17290.0,17350.0,3689
202601131515,17380.0,17440.0,17340.0,17340.0,2668
202601140900,17260.0,17370.0,16800.0,17170.0,10028
202601140915,17170.0,17170.0,17070.0,17160.0,2061
202601140930,17160.0,17330.0,17160.0,17170.0,2063
202601140945,17200.0,17210.0,17100.0,17100.0,2428
202601141000,17100.0,17140.0,17000.0,17070.0,2042
202601141015,17070.0,17180.0,17060.0,17180.0,4370
202601141030,17180.0,17300.0,17180.0,17300.0,3049
202601141045,17300.0,17300.0,17190.0,17190.0,742
202601141100,17180.0,17190.0,17120.0,17130.0,410
202601141115,17120.0,17130.0,17120.0,17130.0,228
202601141130,17130.0,17200.0,17110.0,17200.0,991
202601141145,17210.0,17210.0,17180.0,17210.0,30
202601141200,17270.0,17270.0,17250.0,17250.0,205
202601141215,17250.0,17430.0,17210.0,17390.0,4485
202601141230,17370.0,17550.0,17350.0,17380.0,12831
202601141245,17360.0,17390.0,17360.0,17390.0,571
202601141300,17380.0,17390.0,17320.0,17380.0,704
202601141315,17400.0,17400.0,17100.0,17150.0,5254
202601141330,17170.0,17330.0,17090.0,17290.0,2199
202601141345,17330.0,17450.0,17220.0,17220.0,1511
202601141400,17280.0,17280.0,17210.0,17220.0,142
202601141415,17220.0,17220.0,17170.0,17200.0,1709
202601141430,17200.0,17260.0,17200.0,17220.0,975
202601141445,17220.0,17350.0,17100.0,17200.0,3991
202601141500,17180.0,17220.0,17150.0,17200.0,5717
202601141515,17200.0,17200.0,17170.0,17170.0,258
202601150900,17390.0,17480.0,17320.0,17410.0,2746
202601150915,17410.0,17740.0,17370.0,17410.0,6358
202601150930,17400.0,17470.0,17310.0,17310.0,2630
202601150945,17350.0,17420.0,17260.0,17400.0,4033
202601151000,17420.0,17590.0,17250.0,17490.0,1704
202601151015,17480.0,17480.0,17350.0,17360.0,380
202601151030,17410.0,17450.0,17330.0,17390.0,3041
202601151045,17400.0,17470.0,17320.0,17470.0,4152
202601151100,17470.0,17700.0,17430.0,17700.0,2491
202601151115,17700.0,17800.0,17640.0,17790.0,7720
202601151130,17780.0,17840.0,17760.0,17800.0,2282
202601151145,17790.0,17900.0,17760.0,17800.0,4135
202601151200,17800.0,17800.0,17670.0,17700.0,1620
202601151215,17740.0,17830.0,17710.0,17830.0,1311
202601151230,17830.0,17900.0,17830.0,17880.0,2444
202601151245,17880.0,17880.0,17740.0,17810.0,3013
202601151300,17790.0,17790.0,17610.0,17650.0,2964
202601151315,17650.0,17680.0,17630.0,17650.0,364
202601151330,17650.0,17680.0,17630.0,17650.0,422
202601151345,17650.0,17700.0,17600.0,17660.0,2136
202601151400,17650.0,17700.0,17590.0,17640.0,5122
202601151415,17640.0,17800.0,17640.0,17760.0,5694
202601151430,17760.0,18030.0,17760.0,17870.0,9488
202601151445,17860.0,17900.0,17800.0,17890.0,4671
202601151500,17900.0,18330.0,17890.0,18300.0,20859
202601151515,18310.0,18310.0,18230.0,18250.0,5402
202601160900,18740.0,19530.0,18300.0,18750.0,56666
202601160915,18790.0,19190.0,18620.0,19040.0,25553
202601160930,19040.0,19070.0,18710.0,18800.0,5715
202601160945,18810.0,18990.0,18810.0,18970.0,7059
202601161000,18980.0,19300.0,18970.0,19300.0,29683
202601161015,19280.0,19350.0,19120.0,19190.0,16023
202601161030,19200.0,19280.0,18990.0,19210.0,12954
202601161045,19210.0,19245.0,19150.0,19210.0,4383
202601161100,19150.0,19330.0,19100.0,19320.0,12504
202601161115,19340.0,20250.0,19310.0,20100.0,118110
202601161130,20100.0,20150.0,19850.0,19930.0,20986
202601161145,19940.0,19970.0,19820.0,19870.0,8139
202601161200,19850.0,19850.0,19510.0,19760.0,13481
202601161215,19720.0,19750.0,19460.0,19730.0,3846
202601161230,19690.0,19700.0,19560.0,19620.0,2351
202601161245,19640.0,20100.0,19640.0,20100.0,50031
202601161300,20000.0,20015.0,19830.0,19980.0,8333
202601161315,19980.0,20050.0,19950.0,20000.0,22214
202601161330,20000.0,20050.0,19700.0,19850.0,7529
202601161345,19840.0,19950.0,19800.0,19900.0,3974
202601161400,19900.0,19910.0,19790.0,19900.0,4811
202601161415,19890.0,19930.0,19770.0,19840.0,5254
202601161430,19830.0,19870.0,19730.0,19730.0,3652
202601161445,19740.0,19800.0,19690.0,19760.0,4891
202601161500,19760.0,19870.0,19700.0,19860.0,8942
202601161515,19870.0,19900.0,19800.0,19890.0,6370
202601190900,20400.0,21750.0,20100.0,21500.0,128367
202601190915,21500.0,21550.0,20900.0,21250.0,48996
202601190930,21250.0,21450.0,20800.0,20950.0,18597
202601190945,20950.0,21050.0,20700.0,20850.0,12310
202601191000,20850.0,20900.0,20500.0,20700.0,11816
202601191015,20700.0,20950.0,20700.0,20800.0,6610
202601191030,20800.0,20800.0,20500.0,20700.0,5963
202601191045,20750.0,20800.0,20550.0,20700.0,5503
202601191100,20700.0,20800.0,20650.0,20700.0,3148
202601191115,20700.0,20750.0,20650.0,20700.0,3973
202601191130,20700.0,20700.0,20500.0,20600.0,7780
202601191145,20600.0,20800.0,20600.0,20650.0,6217
202601191200,20650.0,20650.0,20500.0,20550.0,5397
202601191215,20550.0,20650.0,20450.0,20650.0,8046
202601191230,20650.0,20950.0,20650.0,20900.0,13194
202601191245,20900.0,21000.0,20800.0,20900.0,8101
202601191300,20900.0,20900.0,20850.0,20900.0,2083
202601191315,20900.0,21000.0,20800.0,20800.0,7366
202601191330,20850.0,20950.0,20800.0,20900.0,2962
202601191345,20900.0,20900.0,20800.0,20850.0,3122
202601191400,20850.0,21100.0,20850.0,21100.0,12502
202601191415,21100.0,21500.0,21050.0,21450.0,30490
202601191430,21450.0,21550.0,21150.0,21250.0,12578
202601191445,21250.0,21450.0,21150.0,21400.0,11799
202601191500,21350.0,21500.0,21200.0,21300.0,36043
202601191515,21300.0,21350.0,21250.0,21300.0,8432
202601200900,21050.0,21100.0,20400.0,20700.0,25193
202601200915,20700.0,20750.0,20300.0,20700.0,18509
202601200930,20700.0,21400.0,20600.0,21050.0,28076
202601200945,21050.0,21300.0,20800.0,20950.0,23399
202601201000,20950.0,21400.0,20850.0,21150.0,13912
202601201015,21150.0,21300.0,20950.0,21100.0,8046
202601201030,21100.0,21150.0,21000.0,21050.0,3710
202601201045,21050.0,21150.0,21000.0,21150.0,4734
202601201100,21050.0,21050.0,20700.0,20900.0,16176
202601201115,20900.0,21100.0,20850.0,20950.0,5670
202601201130,21000.0,21050.0,20950.0,21000.0,4435
202601201145,21000.0,21050.0,20900.0,20900.0,5366
202601201200,20900.0,20900.0,20800.0,20850.0,4749
202601201215,20850.0,20900.0,20700.0,20750.0,5495
202601201230,20700.0,20750.0,20650.0,20750.0,4090
202601201245,20750.0,20750.0,20600.0,20600.0,5494
202601201300,20650.0,20700.0,20400.0,20450.0,12602
202601201315,20500.0,20500.0,20350.0,20400.0,6508
202601201330,20350.0,20450.0,20350.0,20450.0,8120
202601201345,20450.0,20450.0,20400.0,20400.0,3445
202601201400,20450.0,20550.0,20300.0,20400.0,7518
202601201415,20400.0,20500.0,20350.0,20350.0,5220
202601201430,20350.0,20400.0,20100.0,20200.0,22636
202601201445,20250.0,20325.0,20150.0,20300.0,5044
202601201500,20300.0,20300.0,20100.0,20100.0,14561
202601201515,20200.0,20200.0,20050.0,20200.0,7360
202601210900,20050.0,20700.0,19840.0,19970.0,24370
202601210915,19960.0,20000.0,19780.0,19830.0,14420
202601210930,19850.0,19870.0,19650.0,19750.0,10603
202601210945,19770.0,20000.0,19730.0,19810.0,7498
202601211000,19870.0,20650.0,19870.0,20500.0,22718
202601211015,20450.0,20500.0,20100.0,20100.0,3748
202601211030,20100.0,20400.0,20100.0,20350.0,6908
202601211045,20350.0,20600.0,20100.0,20300.0,19502
202601211100,20300.0,20400.0,20150.0,20300.0,2625
202601211115,20250.0,20250.0,19940.0,20200.0,12839
202601211130,20150.0,20250.0,20100.0,20150.0,10882
202601211145,20200.0,20400.0,20150.0,20400.0,3341
202601211200,20450.0,20550.0,20350.0,20500.0,4876
202601211215,20500.0,20950.0,20500.0,20550.0,17563
202601211230,20550.0,20850.0,20550.0,20750.0,6892
202601211245,20800.0,21200.0,20800.0,21000.0,24355
202601211300,21000.0,21300.0,21000.0,21250.0,20917
202601211315,21100.0,21200.0,20900.0,21200.0,8714
202601211330,21150.0,21150.0,20850.0,21050.0,7204
202601211345,21050.0,21150.0,20900.0,21000.0,3343
202601211400,21000.0,21000.0,20850.0,21000.0,5572
202601211415,20900.0,21000.0,20800.0,20900.0,4525
202601211430,20850.0,20950.0,20800.0,20950.0,8379
202601211445,20950.0,20950.0,20800.0,20900.0,3009
202601211500,20800.0,21000.0,20800.0,20950.0,7186
202601211515,20950.0,21050.0,20850.0,20900.0,8157
202601220900,20550.0,20700.0,20050.0,20500.0,14549
202601220915,20500.0,20500.0,20050.0,20300.0,8432
202601220930,20250.0,20350.0,20050.0,20100.0,6074
202601220945,20100.0,20750.0,20050.0,20700.0,6218
202601221000,20600.0,20600.0,20000.0,20100.0,8403
202601221015,20100.0,20100.0,19790.0,19980.0,32448
202601221030,19950.0,19950.0,19800.0,19850.0,14389
202601221045,19850.0,19850.0,19510.0,19760.0,23953
202601221100,19760.0,19940.0,19760.0,19920.0,6249
202601221115,19920.0,19960.0,19900.0,19950.0,2801
202601221130,19940.0,19950.0,19900.0,19950.0,1357
202601221145,19920.0,20300.0,19890.0,20050.0,5575
202601221200,20100.0,20150.0,20000.0,20100.0,2227
202601221215,20050.0,20250.0,20050.0,20250.0,1742
202601221230,20250.0,20350.0,20200.0,20300.0,4727
202601221245,20350.0,20700.0,20250.0,20550.0,6867
202601221300,20550.0,20750.0,20450.0,20700.0,7087
202601221315,20700.0,20950.0,20700.0,20900.0,10207
202601221330,20900.0,20900.0,20700.0,20800.0,8567
202601221345,20750.0,21050.0,20750.0,21000.0,8733
202601221400,21000.0,21350.0,20950.0,21100.0,14895
202601221415,21150.0,21300.0,21150.0,21150.0,12140
202601221430,21250.0,22250.0,21150.0,22200.0,67490
202601221445,22200.0,22900.0,22150.0,22850.0,65756
202601221500,22850.0,22950.0,22400.0,22750.0,48082
202601221515,22800.0,22950.0,22700.0,22700.0,21725
202601230900,22150.0,22900.0,22050.0,22300.0,22182
202601230915,22250.0,22300.0,21900.0,21950.0,11253
202601230930,21950.0,22700.0,21950.0,22450.0,14907
202601230945,22500.0,22600.0,22450.0,22500.0,7969
202601231000,22450.0,22600.0,22350.0,22450.0,3377
202601231015,22450.0,22450.0,22050.0,22100.0,12030
202601231030,22150.0,22200.0,22000.0,22200.0,3812
202601231045,22200.0,22400.0,22200.0,22350.0,6676
202601231100,22350.0,22400.0,21950.0,22050.0,7918
202601231115,22050.0,22400.0,22050.0,22350.0,8626
202601231130,22350.0,22350.0,22050.0,22250.0,7508
202601231145,22250.0,22300.0,22150.0,22200.0,1573
202601231200,22200.0,22250.0,22050.0,22050.0,2178
202601231215,22050.0,22300.0,22050.0,22200.0,5639
202601231230,22200.0,22550.0,22200.0,22400.0,6443
202601231245,22400.0,22550.0,22400.0,22450.0,1980
202601231300,22500.0,22650.0,22500.0,22500.0,3494
202601231315,22450.0,22800.0,22450.0,22750.0,7969
202601231330,22750.0,22750.0,22500.0,22600.0,7870
202601231345,22550.0,22600.0,22450.0,22450.0,2515
202601231400,22400.0,22500.0,22050.0,22500.0,4179
202601231415,22500.0,22500.0,22250.0,22300.0,3117
202601231430,22300.0,22300.0,22150.0,22250.0,2473
202601231445,22250.0,22300.0,21900.0,22050.0,11668
202601231500,22050.0,22050.0,21400.0,21700.0,46532
202601231515,21650.0,21850.0,21450.0,21850.0,4959
202601260900,23250.0,24450.0,23200.0,24000.0,81725
202601260915,24000.0,24075.0,23150.0,23750.0,27774
202601260930,23750.0,23750.0,22850.0,22850.0,25364
202601260945,22900.0,23650.0,22800.0,23300.0,46760
202601261000,23300.0,23700.0,23050.0,23600.0,23263
202601261015,23600.0,24400.0,23300.0,24300.0,58145
202601261030,24300.0,24300.0,23650.0,24100.0,21613
202601261045,24100.0,24250.0,23900.0,24150.0,19498
202601261100,24200.0,24400.0,23900.0,24350.0,39344
202601261115,24350.0,24350.0,23900.0,24050.0,6300
202601261130,24050.0,24200.0,23850.0,23950.0,3333
202601261145,23950.0,24000.0,23800.0,24000.0,2852
202601261200,24000.0,24050.0,23850.0,23900.0,5233
202601261215,23850.0,24250.0,23850.0,24150.0,11890
202601261230,24200.0,24300.0,24150.0,24250.0,5399
202601261245,24300.0,24300.0,24200.0,24250.0,3796
202601261300,24250.0,24250.0,24050.0,24150.0,7967
202601261315,24150.0,24200.0,23700.0,23900.0,18528
202601261330,23900.0,23950.0,23800.0,23800.0,3229
202601261345,23800.0,24050.0,23650.0,24050.0,10337
202601261400,24050.0,24450.0,23850.0,24150.0,39706
202601261415,24100.0,24250.0,23900.0,24150.0,12243
202601261430,24200.0,24450.0,24150.0,24350.0,26505
202601261445,24300.0,24450.0,24300.0,24350.0,13605
202601261500,24400.0,24400.0,24050.0,24150.0,13179
202601261515,24150.0,24250.0,24050.0,24050.0,7226
202601270900,22725.0,23900.0,22725.0,23400.0,19516
202601270915,23450.0,23600.0,23200.0,23250.0,4345
202601270930,23250.0,23300.0,22700.0,22925.0,24256
202601270945,22950.0,23100.0,22600.0,22950.0,10804
202601271000,22900.0,22950.0,22850.0,22900.0,1884
202601271015,22900.0,23000.0,22500.0,22750.0,6396
202601271030,22750.0,22800.0,22500.0,22750.0,15255
202601271045,22750.0,22800.0,22600.0,22650.0,6000
202601271100,22700.0,22750.0,22600.0,22700.0,3016
202601271115,22700.0,22800.0,22650.0,22750.0,4383
202601271130,22750.0,22750.0,22550.0,22575.0,6916
202601271145,22575.0,22800.0,22575.0,22700.0,3369
202601271200,22750.0,22900.0,22750.0,22900.0,2939
202601271215,22900.0,22950.0,22850.0,22950.0,3427
202601271230,22950.0,23050.0,22900.0,23000.0,4124
202601271245,23000.0,23000.0,22650.0,22650.0,5965
202601271300,22700.0,22750.0,22650.0,22750.0,6794
202601271315,22750.0,22800.0,22650.0,22650.0,3947
202601271330,22650.0,22750.0,22600.0,22650.0,6957
202601271345,22650.0,22950.0,22500.0,22650.0,22748
202601271400,22650.0,22700.0,22600.0,22700.0,3941
202601271415,22650.0,22750.0,22500.0,22500.0,8802
202601271430,22500.0,22650.0,22500.0,22550.0,4293
202601271445,22600.0,22800.0,22550.0,22800.0,5225
202601271500,22750.0,22975.0,22750.0,22850.0,7471
202601271515,22850.0,23000.0,22750.0,23000.0,5510
202601280900,22950.0,24350.0,22750.0,23700.0,40461
202601280915,23700.0,23850.0,23250.0,23600.0,19056
202601280930,23650.0,23700.0,23350.0,23500.0,3378
202601280945,23550.0,23600.0,23300.0,23450.0,6042
202601281000,23400.0,23400.0,23150.0,23300.0,6241
202601281015,23300.0,23700.0,23200.0,23400.0,5890
202601281030,23400.0,24000.0,23350.0,23850.0,12288
202601281045,23850.0,24450.0,23700.0,24300.0,26157
202601281100,24350.0,24450.0,23900.0,24000.0,11592
202601281115,24000.0,24200.0,23900.0,24050.0,10949
202601281130,24000.0,24050.0,23550.0,24000.0,9067
202601281145,23900.0,24000.0,23900.0,23900.0,1452
202601281200,23900.0,23950.0,23800.0,23900.0,591
202601281215,23800.0,23900.0,23600.0,23700.0,1589
202601281230,23700.0,23800.0,23650.0,23650.0,1022
202601281245,23700.0,23800.0,23700.0,23750.0,677
202601281300,23800.0,23800.0,23650.0,23700.0,725
202601281315,23700.0,23800.0,23450.0,23600.0,19485
202601281330,23550.0,23600.0,23400.0,23550.0,1312
202601281345,23500.0,23950.0,23500.0,23800.0,36571
202601281400,23700.0,23800.0,23600.0,23700.0,1149
202601281415,23750.0,23950.0,23600.0,23800.0,5106
202601281430,23850.0,23900.0,23700.0,23850.0,819
202601281445,23800.0,23850.0,23650.0,23750.0,4114
202601281500,23800.0,23800.0,23650.0,23700.0,2316
202601281515,23700.0,23800.0,23650.0,23800.0,3823
202601290900,23200.0,23200.0,22750.0,22800.0,10427
202601290915,22800.0,23050.0,22650.0,22800.0,13760
202601290930,22800.0,23050.0,22500.0,22950.0,19911
202601290945,22950.0,23050.0,22850.0,22950.0,7363
202601291000,22950.0,23150.0,22750.0,22800.0,3696
202601291015,22850.0,23300.0,22700.0,23300.0,14368
202601291030,23325.0,23400.0,23150.0,23200.0,4397
202601291045,23200.0,23200.0,22200.0,22350.0,35937
202601291100,22400.0,22450.0,22050.0,22050.0,19067
202601291115,22100.0,22900.0,22050.0,22350.0,19142
202601291130,22350.0,22600.0,22150.0,22150.0,9531
202601291145,22200.0,22400.0,22100.0,22200.0,9934
202601291200,22250.0,22450.0,22200.0,22400.0,10719
202601291215,22425.0,22500.0,22200.0,22350.0,12122
202601291230,22350.0,22450.0,22350.0,22400.0,4282
202601291245,22400.0,22400.0,22250.0,22300.0,6045
202601291300,22250.0,22350.0,22100.0,22150.0,9135
202601291315,22150.0,22200.0,21800.0,21800.0,30372
202601291330,21800.0,22050.0,21800.0,22050.0,12965
202601291345,21900.0,22050.0,21800.0,21800.0,15898
202601291400,21800.0,21850.0,21600.0,21700.0,15837
202601291415,21700.0,21800.0,21600.0,21650.0,20408
202601291430,21650.0,22000.0,21250.0,21350.0,41825
202601291445,21350.0,21450.0,21100.0,21450.0,26989
202601291500,21400.0,21750.0,21350.0,21650.0,18804
202601291515,21650.0,21650.0,21500.0,21650.0,10079
202601300900,21600.0,22000.0,21400.0,21700.0,13776
202601300915,21750.0,21750.0,21200.0,21300.0,16311
202601300930,21250.0,21350.0,20900.0,21100.0,23136
202601300945,21100.0,21100.0,20300.0,20950.0,37652
202601301000,20950.0,21000.0,20700.0,20750.0,9030
202601301015,20800.0,21000.0,20700.0,20850.0,8569
202601301030,20800.0,21000.0,20750.0,21000.0,5021
202601301045,20950.0,21000.0,20850.0,20950.0,6258
202601301100,21000.0,21000.0,20850.0,20900.0,2782
202601301115,20850.0,20900.0,20550.0,20600.0,12168
202601301130,20700.0,21000.0,20650.0,21000.0,6810
202601301145,21000.0,21350.0,20950.0,21300.0,6121
202601301200,21250.0,21300.0,21100.0,21200.0,2145
202601301215,21150.0,21200.0,21100.0,21150.0,1334
202601301230,21150.0,21150.0,21050.0,21050.0,2640
202601301245,21100.0,21150.0,21000.0,21050.0,2005
202601301300,21050.0,21050.0,20800.0,20900.0,8104
202601301315,20900.0,20950.0,20850.0,20900.0,1054
202601301330,20900.0,21050.0,20700.0,20900.0,5264
202601301345,21000.0,21450.0,20900.0,21050.0,4500
202601301400,21050.0,21150.0,21000.0,21000.0,3289
202601301415,21000.0,21100.0,20950.0,21000.0,2222
202601301430,21000.0,21100.0,20850.0,20900.0,4263
202601301445,20900.0,21050.0,20900.0,21000.0,2417
202601301500,21000.0,21050.0,20900.0,20900.0,5825
202601301515,20900.0,21000.0,20800.0,20850.0,7419
202602020900,20000.0,21600.0,19980.0,21600.0,33716
202602020915,21500.0,21650.0,21050.0,21500.0,22930
202602020930,21500.0,22200.0,21400.0,22050.0,24890
202602020945,22000.0,22050.0,21550.0,22000.0,12204
202602021000,22000.0,22450.0,21750.0,21900.0,24788
202602021015,21950.0,22150.0,21800.0,22050.0,7224
202602021030,22050.0,22200.0,21800.0,21950.0,11082
202602021045,21800.0,22100.0,21750.0,21950.0,7425
202602021100,21950.0,21950.0,21650.0,21650.0,5868
202602021115,21700.0,22050.0,21600.0,22050.0,11011
202602021130,22050.0,22050.0,21850.0,21950.0,1530
202602021145,21900.0,21950.0,21800.0,21800.0,2159
202602021200,21850.0,21950.0,21800.0,21900.0,1980
202602021215,21900.0,21950.0,21700.0,21750.0,2769
202602021230,21750.0,21750.0,21450.0,21500.0,2828
202602021245,21500.0,21650.0,21350.0,21600.0,6355
202602021300,21600.0,21600.0,21300.0,21600.0,12321
202602021315,21600.0,21800.0,21500.0,21700.0,12342
202602021330,21750.0,22200.0,21650.0,22150.0,10690
202602021345,22200.0,22350.0,21950.0,22250.0,13944
202602021400,22200.0,22250.0,21900.0,21950.0,9916
202602021415,22000.0,22050.0,21550.0,21600.0,10848
202602021430,21650.0,21800.0,21500.0,21550.0,8593
202602021445,21500.0,21750.0,21500.0,21750.0,7884
202602021500,21750.0,21800.0,21500.0,21600.0,7540
202602021515,21650.0,22300.0,21650.0,22250.0,40433
202602030900,25100.0,26400.0,24000.0,26050.0,152770
202602030915,26100.0,28000.0,25050.0,27850.0,178258
202602030930,27800.0,28100.0,27100.0,27200.0,107580
202602030945,27300.0,27300.0,26600.0,26800.0,44301
202602031000,26850.0,26950.0,26450.0,26850.0,28346
202602031015,26800.0,27450.0,26800.0,27000.0,49283
202602031030,27000.0,27300.0,26900.0,27250.0,15688
202602031045,27250.0,27900.0,27100.0,27750.0,38315
202602031100,27750.0,28350.0,27700.0,28250.0,107070
202602031115,28250.0,28800.0,27800.0,28500.0,123160
202602031130,28450.0,28650.0,28050.0,28400.0,24987
202602031145,28450.0,28500.0,28200.0,28250.0,11694
202602031200,28300.0,28500.0,28200.0,28400.0,16212
202602031215,28400.0,28700.0,28300.0,28450.0,43825
202602031230,28400.0,28400.0,27950.0,28350.0,24760
202602031245,28250.0,28650.0,28050.0,28450.0,25831
202602031300,28450.0,28500.0,28050.0,28350.0,15214
202602031315,28350.0,28500.0,28150.0,28200.0,10786
202602031330,28200.0,28550.0,27950.0,28550.0,35124
202602031345,28550.0,28800.0,28100.0,28300.0,105722
202602031400,28300.0,28700.0,28200.0,28650.0,47903
202602031415,28700.0,28900.0,28550.0,28800.0,92761
202602031430,28800.0,28900.0,28650.0,28850.0,47906
202602031445,28850.0,28900.0,28550.0,28750.0,38006
202602031500,28750.0,28850.0,28600.0,28800.0,36976
202602031515,28800.0,28800.0,28150.0,28550.0,47113
202602040900,29450.0,31450.0,28650.0,31050.0,149256
202602040915,31000.0,32100.0,30400.0,31350.0,144289
202602040930,31350.0,31700.0,30550.0,30900.0,48094
202602040945,30950.0,31150.0,30550.0,31000.0,37319
202602041000,31000.0,31200.0,30800.0,31100.0,14832
202602041015,31150.0,31400.0,30950.0,31200.0,15568
202602041030,31200.0,31350.0,30900.0,31150.0,13384
202602041045,31150.0,31450.0,31000.0,31250.0,17476
202602041100,31250.0,31600.0,30950.0,31600.0,32511
202602041115,31600.0,31650.0,31400.0,31600.0,15822
202602041130,31550.0,31650.0,31500.0,31600.0,19814
202602041145,31600.0,31600.0,31300.0,31350.0,12977
202602041200,31350.0,31500.0,31000.0,31400.0,14333
202602041215,31400.0,31650.0,31350.0,31500.0,13247
202602041230,31500.0,31550.0,31150.0,31400.0,10520
202602041245,31400.0,31500.0,31000.0,31200.0,15421
202602041300,31250.0,31300.0,30900.0,31050.0,15359
202602041315,31050.0,31150.0,30850.0,31000.0,11458
202602041330,30950.0,31250.0,30900.0,31250.0,15569
202602041345,31250.0,31300.0,31000.0,31000.0,22246
202602041400,30950.0,31000.0,30400.0,30500.0,15869
202602041415,30500.0,31350.0,30450.0,31200.0,32678
202602041430,31150.0,31500.0,30900.0,31200.0,23487
202602041445,31200.0,31500.0,30900.0,31050.0,11216
202602041500,31100.0,31150.0,30800.0,31050.0,9803
202602041515,31050.0,31100.0,30900.0,30900.0,7584
202602050900,30300.0,31100.0,29600.0,30000.0,49874
202602050915,30000.0,30300.0,29500.0,29800.0,27618
202602050930,29850.0,30050.0,29550.0,30000.0,16934
202602050945,30000.0,30050.0,29600.0,29800.0,13306
202602051000,29750.0,30150.0,29700.0,30100.0,24577
202602051015,30050.0,30900.0,30050.0,30900.0,61595
202602051030,30900.0,31700.0,30900.0,31350.0,23990
202602051045,31350.0,31350.0,30900.0,31200.0,8742
202602051100,31200.0,31200.0,30750.0,30850.0,7632
202602051115,30800.0,31200.0,30650.0,31100.0,11880
202602051130,31100.0,31150.0,30900.0,30900.0,6340
202602051145,30900.0,31100.0,30750.0,30750.0,4454
202602051200,30750.0,30850.0,30550.0,30800.0,5361
202602051215,30800.0,31100.0,30800.0,30950.0,5172
202602051230,30950.0,31050.0,30650.0,30700.0,2698
202602051245,30700.0,30700.0,30400.0,30450.0,8614
202602051300,30500.0,30850.0,30150.0,30750.0,6024
202602051315,30750.0,30750.0,30500.0,30750.0,9123
202602051330,30650.0,31700.0,30650.0,31700.0,16578
202602051345,31700.0,32400.0,31400.0,31800.0,62047
202602051400,31900.0,32000.0,31600.0,32000.0,16106
202602051415,31900.0,32000.0,31650.0,31850.0,7558
202602051430,31850.0,31900.0,31700.0,31750.0,8905
202602051445,31650.0,31800.0,31050.0,31200.0,14908
202602051500,31250.0,31300.0,31000.0,31200.0,13103
202602051515,31200.0,31300.0,31050.0,31050.0,6471
202602060900,30050.0,30300.0,29500.0,29500.0,32158
202602060915,29500.0,30000.0,28200.0,29850.0,74085
202602060930,29850.0,30500.0,29650.0,30200.0,24152
202602060945,30250.0,30400.0,29650.0,30300.0,9264
202602061000,30250.0,30350.0,29950.0,29950.0,6837
202602061015,30000.0,30100.0,29300.0,29800.0,16556
202602061030,29800.0,29850.0,29550.0,29700.0,4870
202602061045,29700.0,29900.0,29650.0,29850.0,3955
202602061100,29800.0,29900.0,29500.0,29850.0,3998
202602061115,29800.0,29950.0,29600.0,29850.0,3646
202602061130,29900.0,29950.0,29400.0,29800.0,7272
202602061145,29800.0,29850.0,29550.0,29650.0,6120
202602061200,29700.0,29700.0,29500.0,29650.0,4981
202602061215,29650.0,29700.0,29550.0,29550.0,3528
202602061230,29600.0,29700.0,29500.0,29600.0,3511
202602061245,29600.0,29700.0,29500.0,29600.0,3494
202602061300,29600.0,29700.0,29400.0,29400.0,8469
202602061315,29450.0,29600.0,29200.0,29250.0,9270
202602061330,29250.0,29650.0,29150.0,29200.0,6286
202602061345,29250.0,29350.0,29050.0,29150.0,8385
202602061400,29100.0,29200.0,28750.0,29100.0,15984
202602061415,29000.0,29250.0,28550.0,29250.0,19143
202602061430,29150.0,29200.0,28700.0,29100.0,6913
202602061445,29100.0,29100.0,28750.0,28850.0,3669
202602061500,28850.0,29200.0,28800.0,28950.0,10597
202602061515,28950.0,29150.0,28900.0,29150.0,6978
202602090900,30200.0,30450.0,29250.0,29500.0,29101
202602090915,29500.0,29800.0,29050.0,29200.0,23988
202602090930,29200.0,29300.0,28600.0,28950.0,47236
202602090945,28950.0,29100.0,28150.0,28450.0,49178
202602091000,28500.0,28900.0,28350.0,28600.0,11166
202602091015,28625.0,28750.0,28500.0,28600.0,4230
202602091030,28650.0,29000.0,28550.0,28850.0,8447
202602091045,29000.0,29100.0,28650.0,29100.0,2768
202602091100,29050.0,29150.0,28850.0,29100.0,9073
202602091115,29100.0,29200.0,29000.0,29100.0,1148
202602091130,29100.0,29300.0,29100.0,29250.0,4378
202602091145,29250.0,29300.0,29000.0,29150.0,4477
202602091200,29150.0,29300.0,29100.0,29150.0,3335
202602091215,29150.0,29150.0,28900.0,29050.0,7868
202602091230,29050.0,29200.0,28900.0,29200.0,2838
202602091245,29200.0,29300.0,29000.0,29300.0,2049
202602091300,29300.0,29400.0,29000.0,29000.0,3068
202602091315,29150.0,29300.0,29100.0,29150.0,2051
202602091330,29150.0,29200.0,29000.0,29050.0,2839
202602091345,29150.0,29200.0,29050.0,29100.0,3088
202602091400,29100.0,29200.0,29050.0,29100.0,3228
202602091415,29150.0,29200.0,28700.0,28800.0,16936
202602091430,28800.0,29050.0,28650.0,28800.0,9150
202602091445,28800.0,29050.0,28600.0,28750.0,21946
202602091500,28750.0,28950.0,28700.0,28900.0,10482
202602091515,28800.0,28950.0,28700.0,28850.0,6033
202602100900,29300.0,29300.0,28250.0,28450.0,21252
202602100915,28500.0,28600.0,28100.0,28500.0,11164
202602100930,28500.0,28600.0,28250.0,28400.0,4688
202602100945,28400.0,28800.0,28400.0,28500.0,4855
202602101000,28500.0,28550.0,28350.0,28350.0,2204
202602101015,28350.0,28400.0,28100.0,28100.0,10867
202602101030,28100.0,28350.0,28050.0,28150.0,5380
202602101045,28100.0,28400.0,28050.0,28400.0,8287
202602101100,28450.0,28650.0,28250.0,28650.0,2047
202602101115,28500.0,28650.0,28350.0,28600.0,3178
202602101130,28600.0,28650.0,28450.0,28500.0,2507
202602101145,28450.0,28550.0,28300.0,28500.0,1962
202602101200,28500.0,28600.0,28450.0,28550.0,791
202602101215,28550.0,28600.0,28400.0,28550.0,1396
202602101230,28450.0,28550.0,28350.0,28500.0,4610
202602101245,28500.0,28650.0,28500.0,28650.0,1235
202602101300,28650.0,28650.0,28400.0,28600.0,1799
202602101315,28600.0,28600.0,28500.0,28550.0,1485
202602101330,28550.0,28650.0,28500.0,28600.0,1613
202602101345,28650.0,28750.0,28550.0,28650.0,7891
202602101400,28700.0,28750.0,28550.0,28550.0,4344
202602101415,28600.0,28600.0,28400.0,28500.0,4061
202602101430,28550.0,28700.0,28450.0,28500.0,1131
202602101445,28650.0,28750.0,28450.0,28500.0,4217
202602101500,28500.0,28650.0,28450.0,28600.0,5820
202602101515,28550.0,28650.0,28500.0,28650.0,3611
202602110900,32700.0,33050.0,30950.0,32750.0,177440
202602110915,32750.0,33800.0,30300.0,31000.0,160321
202602110930,31000.0,31100.0,30050.0,30750.0,61452
202602110945,30650.0,30700.0,29500.0,30300.0,42452
202602111000,30300.0,30400.0,29500.0,30050.0,19910
202602111015,30050.0,30300.0,29450.0,29450.0,14454
202602111030,29450.0,30600.0,29400.0,30250.0,17422
202602111045,30250.0,30500.0,30100.0,30250.0,5909
202602111100,30300.0,30550.0,30050.0,30100.0,5154
202602111115,30100.0,30200.0,29800.0,29900.0,3633
202602111130,29900.0,29950.0,29600.0,29650.0,4986
202602111145,29600.0,30050.0,29600.0,29800.0,5671
202602111200,29800.0,29850.0,29550.0,29850.0,4677
202602111215,29850.0,30100.0,29700.0,29900.0,3573
202602111230,29900.0,30500.0,29750.0,29950.0,5181
202602111245,30000.0,30150.0,29900.0,29950.0,3819
202602111300,30000.0,30450.0,30000.0,30250.0,8152
202602111315,30350.0,30450.0,30050.0,30350.0,4586
202602111330,30350.0,30500.0,30200.0,30300.0,3110
202602111345,30350.0,30350.0,29950.0,30100.0,5488
202602111400,30100.0,30200.0,29900.0,30100.0,5325
202602111415,30100.0,30250.0,30000.0,30100.0,2824
202602111430,30100.0,30200.0,29950.0,30050.0,3001
202602111445,30050.0,30150.0,29950.0,30100.0,4728
202602111500,30050.0,30100.0,29850.0,29850.0,5137
202602111515,29950.0,30000.0,29850.0,30000.0,3630
202602120900,30250.0,30350.0,29050.0,29550.0,15031
202602120915,29550.0,29550.0,29050.0,29350.0,8104
202602120930,29350.0,29450.0,29000.0,29050.0,7046
202602120945,29100.0,29250.0,29000.0,29200.0,11363
202602121000,29250.0,29250.0,28750.0,28800.0,26879
202602121015,28800.0,28800.0,28500.0,28700.0,19789
202602121030,28650.0,28800.0,28600.0,28700.0,2998
202602121045,28750.0,29100.0,28600.0,29100.0,6019
202602121100,29100.0,29100.0,28850.0,28950.0,4436
202602121115,28900.0,29050.0,28800.0,29050.0,3340
202602121130,29050.0,29150.0,28900.0,29100.0,3146
202602121145,29100.0,29150.0,29000.0,29050.0,1726
202602121200,29100.0,29450.0,29000.0,29250.0,4470
202602121215,29150.0,29250.0,29000.0,29100.0,2025
202602121230,29050.0,29200.0,29000.0,29150.0,1702
202602121245,29150.0,29250.0,29100.0,29200.0,1694
202602121300,29250.0,29350.0,29150.0,29250.0,2925
202602121315,29250.0,29450.0,29150.0,29400.0,3861
202602121330,29350.0,29450.0,29200.0,29250.0,4309
202602121345,29300.0,29300.0,29150.0,29150.0,3918
202602121400,29250.0,29400.0,29200.0,29350.0,8529
202602121415,29350.0,29550.0,29350.0,29500.0,5678
202602121430,29450.0,30350.0,29400.0,30050.0,21802
202602121445,30050.0,30850.0,30050.0,30800.0,46254
202602121500,30750.0,31300.0,30650.0,30850.0,47648
202602121515,30900.0,30900.0,30500.0,30500.0,4627
202602130900,30850.0,31200.0,29900.0,29950.0,7323
202602130915,29950.0,30600.0,29900.0,30300.0,6845
202602130930,30300.0,30500.0,30150.0,30350.0,2525
202602130945,30300.0,30300.0,30100.0,30250.0,1883
202602131000,30250.0,30950.0,30250.0,30750.0,20371
202602131015,30700.0,30750.0,30500.0,30650.0,6536
202602131030,30650.0,30900.0,30550.0,30600.0,1472
202602131045,30600.0,30750.0,30550.0,30750.0,2170
202602131100,30800.0,30850.0,30600.0,30700.0,3688
202602131115,30650.0,30700.0,30350.0,30500.0,3614
202602131130,30550.0,30600.0,30450.0,30500.0,701
202602131145,30600.0,30600.0,30350.0,30400.0,2122
202602131200,30400.0,30500.0,30200.0,30300.0,1150
202602131215,30300.0,30950.0,30050.0,30700.0,23246
202602131230,30800.0,30900.0,30450.0,30800.0,3146
202602131245,30800.0,31200.0,30650.0,30900.0,13073
202602131300,30950.0,31000.0,30700.0,30850.0,1649
202602131315,30900.0,31000.0,30650.0,30975.0,1835
202602131330,30975.0,31450.0,30950.0,31450.0,11769
202602131345,31450.0,32450.0,31450.0,32300.0,43260
202602131400,32350.0,32900.0,31600.0,31900.0,48783
202602131415,31900.0,32450.0,31850.0,32300.0,15642
202602131430,32300.0,32400.0,31800.0,31950.0,22146
202602131445,32000.0,32300.0,31700.0,31700.0,24331
202602131500,31700.0,32000.0,31700.0,32000.0,9048
202602131515,32000.0,32050.0,31950.0,32050.0,3548
202602190900,31650.0,31700.0,29100.0,29700.0,101699
202602190915,29950.0,30300.0,29650.0,30000.0,32634
202602190930,29950.0,30850.0,29950.0,30650.0,13412
202602190945,30600.0,30850.0,30450.0,30500.0,6327
202602191000,30500.0,30500.0,30200.0,30300.0,8234
202602191015,30300.0,30900.0,30150.0,30350.0,8867
202602191030,30400.0,30550.0,30250.0,30250.0,4194
202602191045,30250.0,30625.0,30250.0,30625.0,5976
202602191100,30625.0,30900.0,30350.0,30400.0,15692
202602191115,30400.0,30600.0,30200.0,30400.0,9131
202602191130,30400.0,30450.0,30200.0,30200.0,21812
202602191145,30250.0,30450.0,30200.0,30300.0,5528
202602191200,30350.0,30650.0,30300.0,30450.0,7607
202602191215,30450.0,30500.0,30300.0,30400.0,10365
202602191230,30400.0,30450.0,30350.0,30350.0,3816
202602191245,30400.0,30400.0,30300.0,30350.0,3502
202602191300,30350.0,30350.0,30250.0,30350.0,7013
202602191315,30400.0,30550.0,30350.0,30550.0,10093
202602191330,30550.0,30900.0,30550.0,30900.0,8743
202602191345,30950.0,31150.0,30900.0,31000.0,8565
202602191400,31000.0,31200.0,30900.0,31150.0,9030
202602191415,31200.0,31450.0,31100.0,31200.0,13603
202602191430,31250.0,31600.0,31100.0,31200.0,8309
202602191445,31200.0,31250.0,30950.0,30950.0,7899
202602191500,30950.0,31200.0,30750.0,30800.0,7317
202602191515,30850.0,30850.0,30700.0,30700.0,8116
202602200900,30550.0,31400.0,30500.0,31250.0,13058
202602200915,31250.0,31550.0,30900.0,31550.0,15529
202602200930,31550.0,31950.0,31500.0,31750.0,18998
202602200945,31700.0,32000.0,31700.0,31950.0,25437
202602201000,31800.0,32550.0,31650.0,32550.0,27590
202602201015,32600.0,34550.0,32600.0,34450.0,113719
202602201030,34400.0,34550.0,33700.0,33900.0,37047
202602201045,33900.0,34450.0,33750.0,34050.0,29907
202602201100,34050.0,34400.0,33900.0,34350.0,19186
202602201115,34300.0,34500.0,34100.0,34450.0,18748
202602201130,34350.0,34400.0,34000.0,34100.0,6801
202602201145,34150.0,34150.0,33650.0,33950.0,6443
202602201200,33900.0,34100.0,33650.0,33750.0,6103
202602201215,33750.0,33750.0,33550.0,33750.0,5185
202602201230,33750.0,34000.0,33700.0,34000.0,10075
202602201245,33950.0,34500.0,33950.0,34500.0,33169
202602201300,34500.0,34950.0,34450.0,34900.0,43100
202602201315,34900.0,34950.0,34500.0,34700.0,9314
202602201330,34650.0,34800.0,34200.0,34200.0,20749
202602201345,34200.0,34850.0,34150.0,34500.0,12956
202602201400,34500.0,34650.0,34050.0,34250.0,15763
202602201415,34350.0,34450.0,34100.0,34350.0,5903
202602201430,34350.0,34700.0,34300.0,34500.0,12687
202602201445,34500.0,34800.0,34400.0,34800.0,14058
202602201500,34800.0,36500.0,34750.0,36400.0,79249
202602201515,36400.0,36900.0,36350.0,36500.0,45043
202602230900,35550.0,38250.0,35550.0,36500.0,91357
202602230915,36500.0,37400.0,36200.0,36400.0,20529
202602230930,36400.0,36550.0,35500.0,35650.0,23054
202602230945,35650.0,36750.0,35600.0,36750.0,12118
202602231000,36700.0,37350.0,36700.0,37100.0,14871
202602231015,37100.0,37200.0,36250.0,36450.0,11979
202602231030,36400.0,36450.0,36150.0,36400.0,7164
202602231045,36400.0,36450.0,36250.0,36300.0,4444
202602231100,36350.0,36700.0,36300.0,36600.0,3359
202602231115,36600.0,37100.0,36550.0,37100.0,6978
202602231130,37100.0,37300.0,36700.0,37000.0,6248
202602231145,37000.0,37300.0,36900.0,37000.0,4102
202602231200,36950.0,36950.0,36500.0,36550.0,8014
202602231215,36550.0,36600.0,36350.0,36450.0,4099
202602231230,36450.0,36550.0,36350.0,36500.0,2132
202602231245,36400.0,36550.0,36350.0,36450.0,2819
202602231300,36450.0,36700.0,36350.0,36600.0,3640
202602231315,36550.0,36800.0,36550.0,36650.0,2818
202602231330,36650.0,36800.0,36550.0,36550.0,2445
202602231345,36550.0,36750.0,36550.0,36750.0,2866
202602231400,36750.0,36800.0,36450.0,36450.0,3490
202602231415,36450.0,36600.0,36300.0,36300.0,4886
202602231430,36300.0,36400.0,36000.0,36050.0,13057
202602231445,36050.0,36700.0,36000.0,36500.0,4012
202602231500,36500.0,36950.0,36400.0,36950.0,9486
202602231515,36900.0,37300.0,36850.0,37300.0,9106
202602240900,37100.0,37100.0,36500.0,36600.0,15159
202602240915,36550.0,36900.0,36550.0,36900.0,6315
202602240930,36900.0,37800.0,36600.0,37100.0,16568
202602240945,37100.0,37450.0,36550.0,36850.0,6705
202602241000,36700.0,37300.0,36550.0,36550.0,6874
202602241015,36600.0,36850.0,35650.0,36050.0,41427
202602241030,36050.0,36200.0,35850.0,36200.0,6966
202602241045,36200.0,36350.0,35700.0,35750.0,13280
202602241100,35800.0,36150.0,35750.0,36100.0,3925
202602241115,36100.0,36200.0,35900.0,35950.0,3136
202602241130,35950.0,36200.0,35900.0,36050.0,2676
202602241145,36050.0,36200.0,36000.0,36050.0,4055
202602241200,36150.0,36150.0,35900.0,35900.0,6592
202602241215,36000.0,36100.0,35700.0,35800.0,9509
202602241230,35800.0,35900.0,35750.0,35850.0,2173
202602241245,35850.0,35900.0,35700.0,35750.0,7951
202602241300,35750.0,35850.0,35600.0,35600.0,8390
202602241315,35700.0,35800.0,35400.0,35700.0,18001
202602241330,35650.0,35800.0,35550.0,35650.0,5818
202602241345,35600.0,35800.0,35550.0,35800.0,5047
202602241400,35850.0,35850.0,35600.0,35600.0,2959
202602241415,35600.0,35800.0,35600.0,35600.0,3800
202602241430,35650.0,35700.0,35050.0,35300.0,24258
202602241445,35400.0,35500.0,35000.0,35250.0,22079
202602241500,35300.0,35450.0,35000.0,35400.0,7650
202602241515,35400.0,35700.0,35200.0,35700.0,2565
202602250900,36300.0,36700.0,35700.0,36600.0,23994
202602250915,36600.0,38000.0,36600.0,37800.0,37922
202602250930,37850.0,38000.0,37000.0,37000.0,13830
202602250945,37000.0,37400.0,36900.0,37200.0,5984
202602251000,37200.0,37300.0,36150.0,36500.0,29290
202602251015,36500.0,37350.0,36500.0,37200.0,9007
202602251030,37200.0,37300.0,37050.0,37200.0,4556
202602251045,37200.0,37200.0,36850.0,37100.0,8857
202602251100,37100.0,37600.0,37050.0,37250.0,13126
202602251115,37350.0,37350.0,37100.0,37300.0,3101
202602251130,37250.0,38100.0,37250.0,37900.0,21788
202602251145,37950.0,37950.0,37250.0,37400.0,1945
202602251200,37450.0,37650.0,37450.0,37500.0,2506
202602251215,37600.0,38050.0,37600.0,38050.0,6755
202602251230,38050.0,38550.0,38050.0,38400.0,21689
202602251245,38400.0,38600.0,38100.0,38150.0,11131
202602251300,38200.0,38800.0,38050.0,38050.0,19152
202602251315,38050.0,38450.0,37750.0,38150.0,6862
202602251330,38150.0,38300.0,37900.0,37950.0,5827
202602251345,38000.0,38050.0,37850.0,37850.0,4200
202602251400,37850.0,38200.0,37550.0,37650.0,7714
202602251415,37700.0,37700.0,37550.0,37550.0,5191
202602251430,37650.0,38100.0,37200.0,37300.0,11337
202602251445,37300.0,37950.0,37200.0,37200.0,6406
202602251500,37200.0,37500.0,37150.0,37400.0,4312
202602251515,37400.0,37900.0,37200.0,37800.0,2274
202602260900,37750.0,37750.0,37200.0,37250.0,8441
202602260915,37350.0,39000.0,37100.0,38050.0,26166
202602260930,38050.0,38400.0,37950.0,38000.0,5099
202602260945,38000.0,38100.0,37900.0,37900.0,4117
202602261000,37900.0,38075.0,37750.0,37750.0,5919
202602261015,37800.0,38050.0,36950.0,37000.0,17566
202602261030,37050.0,37200.0,36700.0,36850.0,14112
202602261045,36850.0,37150.0,36700.0,36950.0,5401
202602261100,36950.0,37050.0,36850.0,36950.0,1884
202602261115,36950.0,37200.0,36950.0,37100.0,2260
202602261130,37100.0,37500.0,37050.0,37100.0,4220
202602261145,37100.0,37300.0,36950.0,36950.0,4079
202602261200,36950.0,37100.0,36750.0,36800.0,6349
202602261215,36800.0,36875.0,36550.0,36550.0,17597
202602261230,36550.0,36700.0,36300.0,36350.0,14205
202602261245,36400.0,36700.0,36250.0,36500.0,6521
202602261300,36500.0,36750.0,36200.0,36300.0,8594
202602261315,36300.0,36500.0,36250.0,36350.0,7388
202602261330,36300.0,36450.0,36200.0,36400.0,6847
202602261345,36400.0,36450.0,36200.0,36250.0,8282
202602261400,36250.0,36300.0,36100.0,36150.0,4315
202602261415,36150.0,36250.0,36100.0,36200.0,6430
202602261430,36250.0,36500.0,36150.0,36300.0,10903
202602261445,36300.0,36450.0,36250.0,36350.0,6391
202602261500,36350.0,36450.0,36300.0,36400.0,3871
202602261515,36400.0,36700.0,36400.0,36700.0,2930
202602270900,37050.0,39550.0,37000.0,38400.0,67096
202602270915,38150.0,38900.0,37250.0,37350.0,18186
202602270930,37300.0,38000.0,37100.0,37750.0,14750
202602270945,37700.0,37950.0,37600.0,37950.0,6367
202602271000,37950.0,38700.0,37900.0,38500.0,10277
202602271015,38700.0,38950.0,38375.0,38900.0,13546
202602271030,38900.0,39350.0,38850.0,39100.0,16725
202602271045,39100.0,39200.0,38300.0,38450.0,12086
202602271100,38450.0,38950.0,38450.0,38850.0,5236
202602271115,38900.0,39250.0,38750.0,39000.0,7451
202602271130,39000.0,39250.0,38950.0,38950.0,2871
202602271145,39050.0,39150.0,38950.0,39100.0,2402
202602271200,39100.0,39150.0,38900.0,38950.0,2830
202602271215,38950.0,39150.0,38900.0,39150.0,2560
202602271230,39150.0,39150.0,38550.0,38650.0,5350
202602271245,38950.0,39000.0,38650.0,38950.0,3250
202602271300,38950.0,39000.0,38550.0,38750.0,10405
202602271315,38750.0,39100.0,38650.0,39000.0,3693
202602271330,38950.0,39100.0,38850.0,39050.0,2256
202602271345,39050.0,39100.0,38750.0,39000.0,3306
202602271400,39000.0,39100.0,38750.0,38900.0,2032
202602271415,38950.0,39300.0,38650.0,39300.0,8578
202602271430,39250.0,39400.0,38900.0,39150.0,5909
202602271445,39150.0,39500.0,39000.0,39400.0,15821
202602271500,39300.0,39450.0,39000.0,39100.0,5136
202602271515,39050.0,39100.0,39000.0,39050.0,7770
202603030900,38500.0,39300.0,37600.0,38350.0,23693
202603030915,38350.0,39100.0,38200.0,39050.0,11464
202603030930,39100.0,39300.0,39000.0,39200.0,7584
202603030945,39200.0,39850.0,39050.0,39700.0,14211
202603031000,39700.0,40000.0,39650.0,39800.0,17365
202603031015,39650.0,39650.0,39300.0,39300.0,5726
202603031030,39300.0,39475.0,39000.0,39250.0,8235
202603031045,39250.0,39250.0,38750.0,38800.0,9521
202603031100,38800.0,38900.0,38600.0,38800.0,6576
202603031115,38750.0,38800.0,38100.0,38150.0,13186
202603031130,38150.0,38200.0,38000.0,38100.0,11554
202603031145,38100.0,38250.0,37700.0,38000.0,14356
202603031200,37950.0,38050.0,37500.0,37750.0,11611
202603031215,37550.0,37700.0,37350.0,37400.0,6737
202603031230,37400.0,37650.0,37150.0,37550.0,5822
202603031245,37600.0,37900.0,37450.0,37900.0,4665
202603031300,37950.0,38250.0,37950.0,38200.0,4071
202603031315,38250.0,38400.0,38100.0,38350.0,3573
202603031330,38350.0,38400.0,38100.0,38100.0,2178
202603031345,38100.0,38100.0,37750.0,37800.0,6704
202603031400,37800.0,38250.0,37700.0,38250.0,3345
202603031415,38200.0,38200.0,37450.0,37800.0,7557
202603031430,37800.0,38050.0,37450.0,37450.0,4809
202603031445,37450.0,37500.0,37100.0,37150.0,12293
202603031500,37150.0,37850.0,37150.0,37150.0,7190
202603031515,37150.0,37350.0,37150.0,37350.0,4749
202603040900,35250.0,35700.0,33000.0,34600.0,68780
202603040915,34750.0,36150.0,34750.0,35800.0,24264
202603040930,35750.0,35750.0,34500.0,34500.0,18705
202603040945,34500.0,35050.0,34300.0,35050.0,15910
202603041000,34750.0,35050.0,34650.0,34650.0,4798
202603041015,34750.0,34750.0,33750.0,33750.0,20641
202603041030,33750.0,35250.0,33500.0,35000.0,19267
202603041045,34950.0,35200.0,34400.0,34550.0,7673
202603041100,34400.0,34550.0,33650.0,33700.0,13859
202603041115,33700.0,33700.0,32900.0,32900.0,13935
202603041145,32950.0,34900.0,32900.0,33700.0,57222
202603041200,33400.0,33700.0,29650.0,32050.0,93107
202603041215,32050.0,33550.0,31250.0,32850.0,18183
202603041230,32850.0,33000.0,30500.0,32950.0,32184
202603041245,32900.0,33750.0,32400.0,32900.0,16231
202603041300,32900.0,34000.0,32350.0,34000.0,17649
202603041315,33950.0,34500.0,33450.0,33550.0,7947
202603041330,33650.0,34300.0,33200.0,34150.0,10953
202603041345,34150.0,34650.0,33850.0,34000.0,10895
202603041400,34000.0,34300.0,33300.0,33350.0,11271
202603041415,33350.0,34000.0,32450.0,33550.0,17991
202603041430,33700.0,34100.0,32900.0,34050.0,5918
202603041445,34050.0,34150.0,32800.0,33550.0,10629
202603041500,33200.0,33200.0,32350.0,32350.0,16018
202603041515,32350.0,32350.0,31850.0,31950.0,16240
202603050900,35200.0,35550.0,33800.0,35050.0,44506
202603050915,35050.0,35850.0,34500.0,35550.0,18020
202603050930,35500.0,35550.0,34450.0,34500.0,16736
202603050945,34500.0,34950.0,34450.0,34900.0,18037
202603051000,34800.0,34950.0,34250.0,34250.0,22036
202603051015,34250.0,34550.0,33500.0,34500.0,30579
202603051030,34300.0,34500.0,33800.0,34250.0,21682
202603051045,34300.0,34950.0,34300.0,34700.0,13735
202603051100,34500.0,36950.0,34500.0,36350.0,43493
202603051115,36350.0,36800.0,36000.0,36700.0,10373
202603051130,36700.0,37850.0,36700.0,37125.0,11939
202603051145,37125.0,37950.0,37100.0,37350.0,12507
202603051200,37300.0,37450.0,36650.0,36850.0,6144
202603051215,36750.0,37050.0,36650.0,36650.0,5519
202603051230,36650.0,36750.0,36150.0,36250.0,9804
202603051245,36300.0,36600.0,36150.0,36400.0,8918
202603051300,36150.0,36900.0,36150.0,36700.0,3131
202603051315,36700.0,36950.0,36250.0,36250.0,4663
202603051330,36300.0,36850.0,36250.0,36850.0,6263
202603051345,36850.0,37750.0,36800.0,37300.0,24252
202603051400,37300.0,37500.0,36800.0,37500.0,4243
202603051415,37350.0,37700.0,37050.0,37650.0,11193
202603051430,37650.0,37650.0,36900.0,37400.0,14863
202603051445,37400.0,37800.0,37200.0,37200.0,11767
202603051500,37700.0,37700.0,34600.0,35350.0,39076
202603051515,35350.0,36350.0,35350.0,36050.0,6587
202603060900,36700.0,38500.0,36450.0,37800.0,33813
202603060915,37800.0,38650.0,37250.0,37250.0,23770
202603060930,37250.0,37800.0,36550.0,36800.0,12535
202603060945,36900.0,37200.0,36300.0,36500.0,16375
202603061000,36500.0,36800.0,36150.0,36250.0,7134
202603061015,36350.0,36800.0,36150.0,36450.0,7705
202603061030,36500.0,37300.0,36500.0,36950.0,5216
202603061045,36950.0,37000.0,36400.0,36800.0,10433
202603061100,36900.0,38000.0,36900.0,37900.0,9872
202603061115,37900.0,38500.0,37700.0,37850.0,22413
202603061130,37850.0,38200.0,37850.0,38000.0,5318
202603061145,38000.0,39150.0,37900.0,38850.0,20468
202603061200,38850.0,39300.0,38800.0,39150.0,11040
202603061215,39100.0,39300.0,39000.0,39100.0,9335
202603061230,39075.0,39450.0,38950.0,39450.0,13986
202603061245,39450.0,39900.0,39350.0,39650.0,17419
202603061300,39500.0,39950.0,39450.0,39950.0,13833
202603061315,40000.0,40500.0,39600.0,39600.0,23138
202603061330,39600.0,40200.0,39600.0,40150.0,11223
202603061345,40150.0,40250.0,39600.0,39850.0,5004
202603061400,39900.0,40000.0,39550.0,39650.0,6832
202603061415,39750.0,40050.0,39600.0,40050.0,8809
202603061430,40050.0,40100.0,39650.0,39650.0,5561
202603061445,39650.0,40000.0,39650.0,39900.0,5457
202603061500,39850.0,40050.0,39750.0,39950.0,9948
202603061515,39900.0,39950.0,39650.0,39650.0,16004
202603090900,37200.0,37800.0,36400.0,36750.0,30961
202603090915,36750.0,36750.0,35450.0,36050.0,31753
202603090930,36050.0,36750.0,35900.0,36250.0,19564
202603090945,36250.0,36250.0,35650.0,36100.0,13359
202603091000,36100.0,36400.0,35500.0,36050.0,17540
202603091015,36000.0,36150.0,35650.0,36150.0,6819
202603091030,36000.0,36300.0,35650.0,35950.0,3556
202603091045,35850.0,36250.0,35850.0,36200.0,3446
202603091100,36250.0,36950.0,36050.0,36550.0,10083
202603091115,36700.0,36850.0,36400.0,36700.0,5289
202603091130,36800.0,36800.0,36350.0,36800.0,3926
202603091145,36750.0,36900.0,36500.0,36750.0,3868
202603091200,36800.0,36900.0,36500.0,36900.0,4047
202603091215,36800.0,37050.0,36600.0,36800.0,4512
202603091230,36900.0,37150.0,36700.0,36900.0,2689
202603091245,36850.0,37050.0,36650.0,36900.0,2942
202603091300,36900.0,36950.0,36550.0,36550.0,6351
202603091315,36600.0,37000.0,36500.0,36950.0,3966
202603091330,36950.0,37350.0,36550.0,36850.0,3983
202603091345,36850.0,36950.0,36600.0,36750.0,4020
202603091400,36750.0,37450.0,36500.0,37450.0,10919
202603091415,37450.0,37950.0,37200.0,37800.0,16860
202603091430,37800.0,38150.0,37650.0,37850.0,12123
202603091445,37950.0,38000.0,37350.0,37850.0,15006
202603091500,37800.0,38100.0,37600.0,37850.0,13157
202603091515,37850.0,38050.0,37350.0,37650.0,5582
202603100900,39150.0,39450.0,37500.0,39250.0,50332
202603100915,39200.0,40150.0,38850.0,38950.0,18226
202603100930,39000.0,39150.0,38450.0,38750.0,4106
202603100945,38850.0,39200.0,38650.0,38950.0,5948
202603101000,39150.0,39350.0,38600.0,38650.0,4716
202603101015,38650.0,38850.0,38600.0,38800.0,2594
202603101030,38800.0,39350.0,38650.0,39050.0,5841
202603101045,39000.0,39400.0,38750.0,38900.0,4809
202603101100,39100.0,39500.0,39000.0,39450.0,3072
202603101115,39300.0,39750.0,39300.0,39500.0,1719
202603101130,39450.0,39500.0,38600.0,39300.0,10562
202603101145,39200.0,39500.0,39000.0,39250.0,1589
202603101200,39250.0,39450.0,39100.0,39300.0,2327
202603101215,39300.0,39300.0,38500.0,39000.0,3828
202603101230,38900.0,39050.0,37650.0,38000.0,51298
202603101245,38000.0,38200.0,37700.0,38100.0,6039
202603101300,38000.0,38000.0,37500.0,37700.0,7303
202603101315,37700.0,38400.0,37600.0,38300.0,9803
202603101330,38250.0,38600.0,38200.0,38350.0,3909
202603101345,38300.0,38500.0,38200.0,38400.0,4260
202603101400,38400.0,38500.0,38100.0,38300.0,4455
202603101415,38300.0,38300.0,37850.0,38150.0,4791
202603101430,38100.0,38300.0,37850.0,38000.0,5226
202603101445,37950.0,38100.0,37700.0,38000.0,5337
202603101500,38050.0,38050.0,37700.0,37850.0,4961
202603101515,37850.0,37900.0,37600.0,37700.0,3761
202603110900,38600.0,38600.0,36150.0,36900.0,36175
202603110915,36900.0,36900.0,35800.0,36500.0,26795
202603110930,36500.0,36550.0,35800.0,36100.0,16558
202603110945,36050.0,36200.0,35250.0,35300.0,28470
202603111000,35300.0,35900.0,34850.0,35650.0,34120
202603111015,35650.0,35800.0,35150.0,35550.0,17573
202603111030,35500.0,36000.0,35500.0,36000.0,8258
202603111045,36000.0,36000.0,35350.0,35750.0,16590
202603111100,35750.0,36600.0,35500.0,36300.0,11464
202603111115,36250.0,36450.0,36050.0,36150.0,6252
202603111130,36150.0,36200.0,36000.0,36000.0,4046
202603111145,36000.0,36150.0,35800.0,35900.0,4884
202603111200,35900.0,36100.0,35750.0,36050.0,4182
202603111215,35950.0,36250.0,35850.0,36050.0,4473
202603111230,36050.0,36400.0,36000.0,36300.0,5400
202603111245,36150.0,36850.0,36000.0,36450.0,6214
202603111300,36400.0,36550.0,36100.0,36450.0,3242
202603111315,36450.0,36850.0,36200.0,36700.0,8266
202603111330,36650.0,36750.0,36350.0,36400.0,6339
202603111345,36400.0,36700.0,36200.0,36550.0,5571
202603111400,36750.0,37450.0,36650.0,37350.0,13227
202603111415,37300.0,37350.0,36950.0,37100.0,9592
202603111430,37150.0,37250.0,36600.0,36700.0,9696
202603111445,36600.0,36850.0,36050.0,36250.0,10615
202603111500,36250.0,37200.0,36100.0,37150.0,13424
202603111515,37150.0,37150.0,36750.0,36850.0,4011
202603120900,36850.0,38350.0,36600.0,37400.0,51118
202603120915,37500.0,37600.0,36750.0,37100.0,15148
202603120930,37100.0,37200.0,36700.0,37000.0,10341
202603120945,37200.0,37400.0,36850.0,36850.0,5270
202603121000,36850.0,37950.0,36850.0,37900.0,13714
202603121015,37950.0,39050.0,37800.0,38500.0,27643
202603121030,38500.0,39150.0,38150.0,39150.0,13088
202603121045,39100.0,39100.0,38650.0,38900.0,7733
202603121100,38850.0,39300.0,38200.0,38800.0,15387
202603121115,38900.0,39000.0,38500.0,38550.0,2810
202603121130,38600.0,38700.0,38350.0,38400.0,2837
202603121145,38300.0,38400.0,38150.0,38300.0,5529
202603121200,38350.0,38750.0,38250.0,38600.0,3348
202603121215,38550.0,38900.0,38550.0,38700.0,1800
202603121230,38700.0,38850.0,38300.0,38450.0,2755
202603121245,38450.0,38750.0,38300.0,38750.0,2164
202603121300,38750.0,39300.0,38700.0,39200.0,10115
202603121315,39200.0,39450.0,39050.0,39350.0,9070
202603121330,39350.0,39350.0,38750.0,38950.0,3773
202603121345,38950.0,39000.0,38800.0,39000.0,2298
202603121400,39000.0,39150.0,38900.0,39000.0,2488
202603121415,38950.0,39050.0,38350.0,38550.0,5785
202603121430,38500.0,38650.0,38350.0,38550.0,3837
202603121445,38600.0,38700.0,38150.0,38600.0,5960
202603121500,38600.0,38950.0,38450.0,38800.0,16213
202603121515,38600.0,38900.0,38200.0,38200.0,5408
202603130900,38000.0,39650.0,37700.0,39400.0,29575
202603130915,39400.0,40200.0,38850.0,39900.0,27426
202603130930,39900.0,41700.0,39900.0,40950.0,59879
202603130945,41000.0,41700.0,40900.0,41450.0,27228
202603131000,41450.0,43200.0,41400.0,42650.0,53882
202603131015,42700.0,43000.0,42000.0,42050.0,27235
202603131030,42000.0,42650.0,41700.0,42400.0,25253
202603131045,42350.0,42800.0,42000.0,42050.0,18027
202603131100,42050.0,42550.0,42000.0,42450.0,16785
202603131115,42300.0,42650.0,41950.0,42100.0,11413
202603131130,42000.0,42000.0,41400.0,41650.0,4031
202603131145,41550.0,41950.0,41500.0,41800.0,2112
202603131200,41700.0,42050.0,41600.0,41750.0,4658
202603131215,41750.0,41950.0,41500.0,41550.0,2433
202603131230,41550.0,41700.0,41450.0,41500.0,2291
202603131245,41500.0,42200.0,41400.0,42100.0,5289
202603131300,42100.0,42300.0,42050.0,42050.0,3217
202603131315,42050.0,42100.0,41600.0,41700.0,2917
202603131330,41600.0,41900.0,41500.0,41900.0,2926
202603131345,41900.0,42650.0,41700.0,41900.0,8735
202603131400,41900.0,42350.0,41700.0,42050.0,3378
202603131415,42000.0,42200.0,41900.0,42150.0,3220
202603131430,42200.0,42300.0,41950.0,42000.0,3906
202603131445,41900.0,42000.0,41750.0,41850.0,3265
202603131500,41850.0,42100.0,41800.0,42000.0,3368
202603131515,42000.0,42100.0,41850.0,41900.0,5917
202603160900,41500.0,42000.0,40350.0,40500.0,24840
202603160915,40500.0,40550.0,39950.0,40100.0,9520
202603160930,40200.0,43200.0,40150.0,42700.0,21190
202603160945,42550.0,43500.0,41900.0,41950.0,21402
202603161000,42000.0,42800.0,41650.0,42500.0,12196
202603161015,42450.0,42900.0,41700.0,41800.0,12889
202603161030,41800.0,42900.0,41550.0,42500.0,11760
202603161045,42500.0,44400.0,42400.0,43900.0,55050
202603161100,43900.0,44150.0,43300.0,43650.0,16935
202603161115,43550.0,43800.0,42600.0,42750.0,14198
202603161130,42800.0,42850.0,42100.0,42250.0,6473
202603161145,42250.0,43000.0,42150.0,42800.0,3851
202603161200,42850.0,43000.0,42650.0,42700.0,2434
202603161215,42700.0,42900.0,42650.0,42850.0,1933
202603161230,42850.0,42950.0,42100.0,42200.0,5717
202603161245,42200.0,42250.0,41650.0,41950.0,10560
202603161300,41900.0,41950.0,41550.0,41750.0,8755
202603161315,41700.0,41800.0,41150.0,41450.0,7447
202603161330,41450.0,41900.0,41250.0,41800.0,5254
202603161345,41750.0,42000.0,41650.0,41950.0,2961
202603161400,42000.0,42000.0,41750.0,41850.0,5297
202603161415,41900.0,41950.0,41650.0,41850.0,3516
202603161430,41850.0,41900.0,41350.0,41550.0,4842
202603161445,41550.0,41700.0,41300.0,41600.0,7089
202603161500,41550.0,41600.0,41300.0,41550.0,4406
202603161515,41550.0,41550.0,41000.0,41100.0,4946
202603170900,41200.0,42600.0,40500.0,41900.0,11971
202603170915,41900.0,42000.0,40800.0,41050.0,4102
202603170930,41050.0,41250.0,40950.0,41100.0,1617
202603170945,41150.0,41550.0,41100.0,41550.0,3784
202603171000,41450.0,41900.0,41400.0,41900.0,4557
202603171015,41850.0,41900.0,40800.0,40850.0,6241
202603171030,40800.0,41200.0,40550.0,40950.0,9867
202603171045,40950.0,41600.0,40800.0,41350.0,7604
202603171100,41350.0,41750.0,41250.0,41700.0,4643
202603171115,41700.0,41950.0,41550.0,41900.0,5212
202603171130,41850.0,42000.0,41800.0,41950.0,3142
202603171145,41900.0,41950.0,41450.0,41500.0,3966
202603171200,41450.0,41750.0,41450.0,41650.0,1398
202603171215,41650.0,41850.0,41550.0,41750.0,1558
202603171230,41800.0,41850.0,41400.0,41600.0,2170
202603171245,41650.0,41800.0,41400.0,41400.0,4474
202603171300,41450.0,41450.0,40800.0,40950.0,2338
202603171315,40850.0,41200.0,40800.0,40850.0,44622
202603171330,40900.0,41400.0,40850.0,41200.0,4090
202603171345,41250.0,41450.0,41150.0,41450.0,2712
202603171400,41450.0,41550.0,41200.0,41300.0,2753
202603171415,41250.0,41300.0,41000.0,41150.0,3079
202603171430,41150.0,41200.0,40900.0,40950.0,3567
202603171445,40900.0,41000.0,40500.0,40750.0,10784
202603171500,40700.0,40700.0,40000.0,40200.0,12162
202603171515,40200.0,40250.0,39950.0,40050.0,5803
202603180900,40150.0,41300.0,39250.0,39500.0,21393
202603180915,39500.0,40400.0,38000.0,38850.0,57175
202603180930,38800.0,39150.0,38700.0,39000.0,10627
202603180945,38950.0,39200.0,38650.0,39100.0,6746
202603181000,39100.0,39500.0,38700.0,39500.0,6137
202603181015,39400.0,39800.0,39250.0,39700.0,6493
202603181030,39700.0,40200.0,39500.0,39700.0,7645
202603181045,39750.0,40150.0,39550.0,40000.0,3739
202603181100,39850.0,40000.0,39250.0,39450.0,6843
202603181115,39450.0,39450.0,39150.0,39350.0,2995
202603181130,39400.0,39400.0,38900.0,39100.0,8523
202603181145,38950.0,39200.0,38900.0,39150.0,5644
202603181200,39150.0,39300.0,38950.0,39250.0,3055
202603181215,39300.0,39350.0,39000.0,39100.0,1947
202603181230,39100.0,39250.0,39000.0,39100.0,3036
202603181245,39100.0,39200.0,38900.0,39200.0,2696
202603181300,39150.0,39200.0,38900.0,39000.0,2848
202603181315,39000.0,39050.0,38800.0,38900.0,5655
202603181330,38850.0,39000.0,38800.0,38900.0,3674
202603181345,38850.0,38900.0,38150.0,38400.0,21996
202603181400,38450.0,38700.0,38200.0,38300.0,9311
202603181415,38300.0,38600.0,38200.0,38250.0,10339
202603181430,38250.0,38700.0,38200.0,38500.0,8466
202603181445,38500.0,38650.0,38250.0,38450.0,7850
202603181500,38450.0,38450.0,38250.0,38250.0,9454
202603181515,38350.0,38650.0,38250.0,38650.0,6505
202603190900,38400.0,39300.0,38050.0,38700.0,10429
202603190915,38650.0,38850.0,38100.0,38800.0,5306
202603190930,38800.0,39100.0,38400.0,38950.0,6510
202603190945,38850.0,39400.0,38700.0,39150.0,10809
202603191000,39300.0,39700.0,38950.0,39200.0,7460
202603191015,39150.0,39450.0,38950.0,39250.0,9517
202603191030,39200.0,39400.0,39100.0,39300.0,4763
202603191045,39300.0,39400.0,39000.0,39200.0,9449
202603191100,39250.0,39350.0,39000.0,39100.0,2668
202603191115,39100.0,39450.0,38950.0,39250.0,3288
202603191130,39250.0,39800.0,38700.0,39000.0,5967
202603191145,38900.0,39000.0,38800.0,38850.0,1607
202603191200,38800.0,39000.0,38800.0,38950.0,1929
202603191215,38950.0,39000.0,38600.0,38650.0,3372
202603191230,38650.0,38700.0,38400.0,38500.0,3185
202603191245,38450.0,39350.0,38350.0,38650.0,3699
202603191300,38550.0,39300.0,38550.0,39250.0,4342
202603191315,39200.0,39950.0,39200.0,39950.0,8173
202603191330,39950.0,40250.0,39850.0,40200.0,11990
202603191345,40150.0,40550.0,40000.0,40150.0,9297
202603191400,40250.0,40850.0,40150.0,40550.0,8901
202603191415,40600.0,41950.0,40550.0,41300.0,25645
202603191430,41250.0,41400.0,40500.0,40500.0,12052
202603191445,40500.0,40900.0,39250.0,39700.0,32080
202603191500,39850.0,39900.0,37950.0,38800.0,49612
202603191515,38700.0,39500.0,38700.0,39250.0,16057
202603200900,38950.0,39950.0,38500.0,39150.0,11862
202603200915,39150.0,40000.0,39050.0,39700.0,21213
202603200930,39650.0,40150.0,39500.0,39600.0,10224
202603200945,39600.0,39800.0,39450.0,39550.0,4646
202603201000,39650.0,40150.0,39400.0,40000.0,3359
202603201015,39850.0,40850.0,39800.0,40600.0,6816
202603201030,40600.0,40600.0,40150.0,40250.0,2893
202603201045,40200.0,40300.0,40000.0,40200.0,1569
202603201100,40100.0,40650.0,40050.0,40350.0,5818
202603201115,40350.0,40700.0,40250.0,40700.0,2077
202603201130,40650.0,40650.0,40350.0,40400.0,2660
202603201145,40450.0,40550.0,40350.0,40550.0,681
202603201200,40500.0,40950.0,40500.0,40650.0,5620
202603201215,40600.0,40800.0,40550.0,40700.0,2131
202603201230,40650.0,40650.0,40100.0,40200.0,3204
202603201245,40300.0,40350.0,39800.0,39850.0,5239
202603201300,39850.0,39950.0,39700.0,39700.0,1513
202603201315,39750.0,39950.0,39700.0,39750.0,2626
202603201330,39800.0,40250.0,39800.0,40050.0,3135
202603201345,40050.0,40100.0,39500.0,39600.0,10827
202603201400,39600.0,39950.0,39500.0,39800.0,5457
202603201415,39850.0,39850.0,39650.0,39750.0,1521
202603201430,39800.0,40100.0,39750.0,39950.0,2240
202603201445,40000.0,40500.0,39900.0,40000.0,6852
202603201500,40100.0,40150.0,39950.0,40000.0,4277
202603201515,40050.0,40200.0,40050.0,40200.0,2136
202603230900,39000.0,39000.0,36400.0,36550.0,33522
202603230915,36700.0,37100.0,36000.0,36700.0,32467
202603230930,36750.0,37150.0,36150.0,36300.0,18928
202603230945,36300.0,36300.0,34950.0,35450.0,39376
202603231000,35500.0,36150.0,35450.0,35550.0,18724
202603231015,35550.0,36200.0,35450.0,35600.0,13042
202603231030,35550.0,36650.0,35550.0,36400.0,7656
202603231045,36400.0,36650.0,36350.0,36550.0,4447
202603231100,36400.0,36500.0,35850.0,35850.0,11869
202603231115,35850.0,36100.0,35800.0,35850.0,6486
202603231130,35850.0,35900.0,35550.0,35700.0,7307
202603231145,35700.0,35800.0,35500.0,35650.0,8654
202603231200,35650.0,35800.0,35550.0,35700.0,2473
202603231215,35700.0,35850.0,35500.0,35850.0,3429
202603231230,35900.0,35900.0,35450.0,35550.0,10339
202603231245,35500.0,35550.0,35400.0,35500.0,5391
202603231300,35500.0,35700.0,35100.0,35250.0,20721
202603231315,35250.0,35750.0,35100.0,35500.0,7050
202603231330,35450.0,35750.0,35200.0,35300.0,11501
202603231345,35250.0,35350.0,35050.0,35100.0,7801
202603231400,35100.0,35350.0,34950.0,34950.0,24222
202603231415,34950.0,35000.0,34600.0,34850.0,15975
202603231430,34900.0,35550.0,34800.0,35500.0,20735
202603231445,35350.0,35850.0,35250.0,35350.0,38429
202603231500,35300.0,35450.0,35050.0,35300.0,17157
202603231515,35300.0,35350.0,35250.0,35250.0,6521
202603240900,37000.0,37450.0,36000.0,36150.0,22314
202603240915,36150.0,36250.0,35700.0,35750.0,9447
202603240930,35750.0,35800.0,35200.0,35600.0,13101
202603240945,35450.0,35900.0,35350.0,35500.0,10278
202603241000,35500.0,35950.0,35300.0,35350.0,3856
202603241015,35350.0,35800.0,35200.0,35600.0,2947
202603241030,35600.0,35750.0,35350.0,35600.0,3593
202603241045,35600.0,35600.0,35050.0,35250.0,3037
202603241100,35050.0,35550.0,35000.0,35300.0,3173
202603241115,35250.0,35400.0,35100.0,35300.0,1677
202603241130,35300.0,35650.0,35200.0,35650.0,1304
202603241145,35600.0,36100.0,35500.0,35800.0,8072
202603241200,35800.0,35800.0,35400.0,35750.0,1845
202603241215,35650.0,35850.0,35550.0,35850.0,759
202603241230,35850.0,36950.0,35650.0,36200.0,2296
202603241245,36200.0,36200.0,35850.0,36200.0,1419
202603241300,36150.0,36350.0,35850.0,36250.0,2496
202603241315,36250.0,36800.0,35850.0,36450.0,3532
202603241330,36500.0,37150.0,36050.0,37150.0,7862
202603241345,37100.0,37200.0,36600.0,37150.0,4882
202603241400,37100.0,37700.0,36850.0,37400.0,11361
202603241415,37400.0,37800.0,37350.0,37800.0,8713
202603241430,37600.0,38500.0,37500.0,38000.0,23549
202603241445,38050.0,38150.0,37750.0,37900.0,6708
202603241500,37950.0,38200.0,37950.0,38000.0,7656
202603241515,38000.0,38050.0,37750.0,37800.0,4031
202603250900,37550.0,38300.0,37000.0,37050.0,13694
202603250915,37050.0,37400.0,37050.0,37200.0,4469
202603250930,37200.0,37950.0,37150.0,37700.0,6052
202603250945,37700.0,38500.0,37600.0,38300.0,9329
202603251000,38250.0,38400.0,38100.0,38400.0,3219
202603251015,38350.0,38350.0,38000.0,38300.0,2437
202603251030,38300.0,38300.0,37900.0,37900.0,3901
202603251045,37850.0,37950.0,37600.0,37650.0,3177
202603251100,37650.0,37850.0,37200.0,37350.0,2301
202603251115,37250.0,37400.0,36900.0,37200.0,4279
202603251130,37200.0,37500.0,37000.0,37100.0,2630
202603251145,37100.0,37250.0,36850.0,36850.0,4014
202603251200,36850.0,37000.0,36800.0,36900.0,2440
202603251215,36850.0,37000.0,36500.0,36850.0,5151
202603251230,36850.0,37350.0,36700.0,37200.0,3286
202603251245,37200.0,37350.0,37000.0,37100.0,2811
202603251300,37100.0,37350.0,36900.0,37350.0,2369
202603251315,37350.0,37450.0,37100.0,37200.0,2747
202603251330,37200.0,37850.0,37100.0,37500.0,5012
202603251345,37350.0,37450.0,37100.0,37300.0,3714
202603251400,37200.0,37600.0,37100.0,37400.0,3587
202603251415,37400.0,37950.0,36300.0,37800.0,11123
202603251430,37750.0,37950.0,37350.0,37600.0,7022
202603251445,37600.0,37800.0,37300.0,37500.0,7320
202603251500,37500.0,37550.0,37100.0,37550.0,7465
202603251515,37450.0,37650.0,37050.0,37050.0,2799
202603260900,39750.0,41100.0,39000.0,39800.0,35772
202603260915,39650.0,39900.0,38700.0,39300.0,14172
202603260930,39250.0,39450.0,38700.0,38900.0,11629
202603260945,38900.0,39200.0,38625.0,39100.0,5718
202603261000,39200.0,39250.0,38300.0,38550.0,7430
202603261015,38550.0,38800.0,38450.0,38600.0,3979
202603261030,38500.0,38700.0,38400.0,38400.0,5119
202603261045,38450.0,38500.0,38450.0,38450.0,996
202603261100,38500.0,38700.0,37800.0,37850.0,7224
202603261115,37850.0,38250.0,37600.0,37850.0,8093
202603261130,37800.0,38000.0,37500.0,37900.0,9345
202603261145,37900.0,38100.0,37750.0,37850.0,2181
202603261200,37850.0,38000.0,37800.0,37800.0,1929
202603261215,37850.0,37850.0,37650.0,37750.0,1966
202603261230,37750.0,38300.0,37750.0,38300.0,2018
202603261245,38250.0,38300.0,37850.0,38050.0,2428
202603261300,38050.0,38200.0,38000.0,38100.0,882
202603261315,38150.0,38500.0,38100.0,38450.0,2427
202603261330,38250.0,38400.0,37900.0,37950.0,3184
202603261345,37900.0,37900.0,37600.0,37750.0,3659
202603261400,37750.0,38000.0,37600.0,37900.0,2678
202603261415,37900.0,37950.0,37550.0,37750.0,12131
202603261430,37750.0,37950.0,37750.0,37850.0,770
202603261445,37750.0,37750.0,37300.0,37600.0,12762
202603261500,37600.0,37700.0,37400.0,37450.0,8177
202603261515,37400.0,37500.0,37200.0,37350.0,22143
202603270900,36600.0,37200.0,36000.0,36600.0,15128
202603270915,36600.0,37150.0,36500.0,36800.0,11358
202603270930,36800.0,37100.0,36650.0,36800.0,6727
202603270945,36800.0,36950.0,36650.0,36950.0,5807
202603271000,36950.0,37750.0,36950.0,37550.0,5769
202603271015,37550.0,37600.0,36850.0,36950.0,5320
202603271030,36950.0,37700.0,36600.0,36750.0,4979
202603271045,36750.0,37050.0,36600.0,36950.0,3621
202603271100,36950.0,37700.0,36850.0,37600.0,5397
202603271115,37500.0,37850.0,37400.0,37800.0,5254
202603271130,37800.0,38450.0,37700.0,38300.0,6423
202603271145,38250.0,38450.0,38150.0,38300.0,4395
202603271200,38350.0,38600.0,38250.0,38600.0,5829
202603271215,38550.0,38600.0,38300.0,38400.0,4119
202603271230,38450.0,38650.0,38400.0,38600.0,3983
202603271245,38550.0,39000.0,38500.0,39000.0,5215
202603271300,39000.0,39450.0,39000.0,39350.0,6197
202603271315,39300.0,39550.0,39300.0,39550.0,5543
202603271330,39650.0,39650.0,38800.0,38800.0,7285
202603271345,38800.0,38950.0,38300.0,38600.0,6743
202603271400,38700.0,38750.0,38300.0,38700.0,5063
202603271415,38650.0,38650.0,38150.0,38400.0,5000
202603271430,38450.0,38700.0,38150.0,38350.0,5747
202603271445,38350.0,38700.0,37850.0,37850.0,7087
202603271500,37900.0,38200.0,37850.0,38000.0,3969
202603271515,38000.0,38050.0,37850.0,37850.0,1549
202603300900,36950.0,37300.0,36550.0,36700.0,9905
202603300915,36650.0,36950.0,36550.0,36550.0,3199
202603300930,36550.0,36650.0,36150.0,36150.0,4923
202603300945,36200.0,36350.0,36150.0,36250.0,4101
202603301000,36250.0,36800.0,36150.0,36450.0,2126
202603301015,36450.0,36450.0,36150.0,36200.0,4485
202603301030,36250.0,36550.0,36150.0,36450.0,2743
202603301045,36450.0,36500.0,36150.0,36250.0,2700
202603301100,36400.0,36400.0,36050.0,36200.0,5143
202603301115,36200.0,36250.0,36000.0,36000.0,5036
202603301130,36050.0,36250.0,36000.0,36100.0,2571
202603301145,36100.0,36250.0,36000.0,36200.0,1271
202603301200,36150.0,36400.0,36050.0,36400.0,2390
202603301215,36350.0,36400.0,36100.0,36400.0,3117
202603301230,36300.0,36400.0,36200.0,36350.0,1572
202603301245,36350.0,36350.0,36200.0,36300.0,1110
202603301300,36250.0,36350.0,36150.0,36350.0,1445
202603301315,36350.0,36800.0,36150.0,36650.0,2332
202603301330,36600.0,36900.0,36300.0,36850.0,5108
202603301345,36850.0,36900.0,36600.0,36900.0,2565
202603301400,36800.0,37350.0,36600.0,37350.0,4607
202603301415,37300.0,38000.0,37150.0,37650.0,4079
202603301430,37550.0,38050.0,37250.0,37850.0,3918
202603301445,37850.0,38350.0,37700.0,38225.0,11028
202603301500,38150.0,38500.0,37900.0,38200.0,4010
202603301515,38200.0,38200.0,38100.0,38100.0,2958
202603310900,37950.0,38450.0,37400.0,37700.0,4875
202603310915,37700.0,38000.0,37050.0,37950.0,4719
202603310930,38100.0,38800.0,36600.0,38350.0,14784
202603310945,38400.0,38500.0,37800.0,37850.0,3383
202603311000,37850.0,38300.0,37850.0,37900.0,1734
202603311015,38000.0,38150.0,37450.0,37650.0,4934
202603311030,37650.0,38750.0,37450.0,38050.0,5710
202603311045,38250.0,39200.0,38250.0,39150.0,9146
202603311100,39200.0,39900.0,39150.0,39850.0,14523
202603311115,39750.0,39900.0,39200.0,39200.0,6973
202603311130,39200.0,39350.0,39000.0,39150.0,3999
202603311145,39150.0,39500.0,39000.0,39350.0,3539
202603311200,39350.0,39400.0,39000.0,39350.0,4866
202603311215,39350.0,39400.0,39000.0,39150.0,2745
202603311230,39050.0,39400.0,38550.0,38800.0,3842
202603311245,38800.0,38900.0,38550.0,38750.0,3269
202603311300,38600.0,38900.0,38200.0,38400.0,3937
202603311315,38350.0,39000.0,38350.0,38950.0,9404
202603311330,38950.0,39200.0,38550.0,38850.0,5236
202603311345,38850.0,38900.0,38050.0,38300.0,3948
202603311400,38300.0,38350.0,38000.0,38050.0,2192
202603311415,38050.0,38350.0,38050.0,38250.0,1504
202603311430,38250.0,38350.0,38150.0,38350.0,2155
202603311445,38350.0,38350.0,37800.0,38100.0,2836
202603311500,38000.0,38100.0,37850.0,37900.0,1560
202603311515,37850.0,38250.0,37800.0,37950.0,2520
202604010900,38550.0,39850.0,38550.0,39250.0,15366
202604010915,39250.0,39300.0,38600.0,39300.0,5879
202604010930,39150.0,39700.0,39050.0,39600.0,7054
202604010945,39550.0,39600.0,39350.0,39600.0,5201
202604011000,39500.0,39600.0,39200.0,39350.0,3758
202604011015,39350.0,39400.0,39250.0,39400.0,1095
202604011030,39400.0,39450.0,39150.0,39350.0,2048
202604011045,39350.0,39700.0,39200.0,39600.0,3252
202604011100,39600.0,39650.0,39300.0,39300.0,2221
202604011115,39250.0,39300.0,38900.0,38950.0,3253
202604011130,38950.0,38950.0,38600.0,38750.0,3224
202604011145,38700.0,39500.0,38700.0,38950.0,3640
202604011200,38800.0,39100.0,38800.0,38850.0,1770
202604011215,38850.0,38950.0,38850.0,38950.0,472
202604011230,38950.0,39000.0,38700.0,38750.0,2174
202604011245,38700.0,38800.0,38600.0,38650.0,3345
202604011300,38650.0,38800.0,38500.0,38600.0,3494
202604011315,38650.0,38900.0,38600.0,38700.0,2098
202604011330,38700.0,38700.0,38350.0,38600.0,4443
202604011345,38550.0,38900.0,38400.0,38650.0,5689
202604011400,38700.0,39350.0,38450.0,39300.0,6236
202604011415,39150.0,39350.0,38800.0,39300.0,5433
202604011430,39350.0,39450.0,39100.0,39350.0,4776
202604011445,39350.0,39350.0,39050.0,39150.0,4625
202604011500,39150.0,39400.0,38850.0,39000.0,9325
202604011515,39000.0,39000.0,38850.0,38900.0,4458
202604020900,38850.0,39450.0,38850.0,39150.0,4441
202604020915,39150.0,39400.0,38900.0,39300.0,10032
202604020930,39225.0,39800.0,39000.0,39700.0,8808
202604020945,39750.0,40650.0,39750.0,40500.0,22844
202604021000,40450.0,40600.0,39700.0,40000.0,13341
202604021015,40000.0,40000.0,39250.0,39700.0,10228
202604021030,39550.0,39750.0,39250.0,39400.0,8602
202604021045,39250.0,39550.0,39000.0,39350.0,10574
202604021100,39400.0,39450.0,39000.0,39400.0,6387
202604021115,39400.0,39500.0,38800.0,39050.0,7398
202604021130,39050.0,39450.0,38850.0,39450.0,6608
202604021145,39450.0,39450.0,39050.0,39400.0,5438
202604021200,39400.0,39600.0,39300.0,39600.0,6673
202604021215,39600.0,39950.0,39550.0,39750.0,10250
202604021230,39750.0,39750.0,39300.0,39450.0,4972
202604021245,39450.0,39600.0,39150.0,39400.0,7754
202604021300,39350.0,39500.0,39050.0,39500.0,5663
202604021315,39500.0,39550.0,39300.0,39400.0,4113
202604021330,39400.0,39450.0,39250.0,39450.0,4294
202604021345,39450.0,39600.0,39400.0,39600.0,5264
202604021400,39550.0,39600.0,39250.0,39450.0,4517
202604021415,39450.0,39600.0,39200.0,39300.0,4682
202604021430,39300.0,39500.0,38650.0,38750.0,9690
202604021445,38750.0,38950.0,38450.0,38750.0,11748
202604021500,38700.0,39000.0,38650.0,38900.0,12545
202604021515,38900.0,39000.0,38450.0,38800.0,5787
202604030900,39450.0,40100.0,39200.0,39800.0,9866
202604030915,39900.0,41300.0,39800.0,40850.0,35749
202604030930,41000.0,41500.0,40800.0,41400.0,24996
202604030945,41350.0,41800.0,41250.0,41550.0,32402
202604031000,41550.0,41950.0,41350.0,41750.0,29563
202604031015,41800.0,42300.0,41650.0,42250.0,29302
202604031030,42300.0,42500.0,41550.0,42300.0,22932
202604031045,42300.0,42450.0,41800.0,42200.0,9834
202604031100,42200.0,42200.0,41700.0,41900.0,6088
202604031115,41850.0,41900.0,41500.0,41700.0,5361
202604031130,41700.0,41800.0,41150.0,41250.0,6412
202604031145,41300.0,41800.0,40850.0,41750.0,7933
202604031200,41700.0,41750.0,41450.0,41700.0,3599
202604031215,41750.0,41750.0,41400.0,41500.0,2991
202604031230,41550.0,41700.0,41400.0,41450.0,3560
202604031245,41500.0,41650.0,41250.0,41350.0,4378
202604031300,41350.0,41600.0,41250.0,41600.0,7761
202604031315,41600.0,41600.0,41050.0,41100.0,3590
202604031330,41150.0,41200.0,40550.0,40950.0,7383
202604031345,40950.0,41250.0,40800.0,41150.0,4810
202604031400,41150.0,41400.0,41000.0,41200.0,5603
202604031415,41250.0,41400.0,41050.0,41350.0,5439
202604031430,41200.0,41550.0,41100.0,41500.0,5891
202604031445,41350.0,41600.0,41150.0,41600.0,6348
202604031500,41400.0,41600.0,41000.0,41100.0,6964
202604031515,41100.0,41150.0,41000.0,41150.0,1342
202604060900,40850.0,41450.0,39850.0,40100.0,10373
202604060915,40100.0,40200.0,39300.0,39550.0,27016
202604060930,39550.0,39900.0,39150.0,39700.0,10402
202604060945,39700.0,39900.0,39350.0,39900.0,4280
202604061000,39900.0,40150.0,39650.0,39900.0,4448
202604061015,39900.0,39900.0,39550.0,39800.0,2841
202604061030,39800.0,39800.0,39250.0,39450.0,6004
202604061045,39450.0,39650.0,39300.0,39550.0,4539
202604061100,39550.0,40350.0,39250.0,40250.0,5652
202604061115,40200.0,40350.0,39800.0,40200.0,5346
202604061130,40200.0,40300.0,39850.0,40200.0,5087
202604061145,40200.0,40200.0,39600.0,40050.0,6024
202604061200,40050.0,40350.0,39650.0,40300.0,5262
202604061215,40250.0,40400.0,39950.0,40350.0,4984
202604061230,40350.0,40450.0,39950.0,40050.0,5479
202604061245,40000.0,40500.0,39700.0,40400.0,8072
202604061300,40500.0,40800.0,40200.0,40750.0,8158
202604061315,40700.0,40800.0,40300.0,40650.0,10744
202604061330,40700.0,40800.0,40300.0,40750.0,7389
202604061345,40750.0,40850.0,40250.0,40500.0,7389
202604061400,40500.0,40750.0,40250.0,40600.0,7910
202604061415,40700.0,40700.0,40350.0,40500.0,6865
202604061430,40700.0,40700.0,40300.0,40550.0,6994
202604061445,40550.0,40550.0,39900.0,40200.0,8781
202604061500,40050.0,40200.0,39750.0,39950.0,3436
202604061515,40000.0,40500.0,39700.0,40500.0,3850
202604070900,40550.0,41350.0,40200.0,40550.0,6157
202604070915,40550.0,40650.0,40250.0,40400.0,2555
202604070930,40400.0,40400.0,40050.0,40150.0,2355
202604070945,40200.0,40400.0,40100.0,40400.0,784
202604071000,40350.0,40450.0,40050.0,40050.0,2687
202604071015,40050.0,40050.0,39450.0,39450.0,6957
202604071030,39500.0,39600.0,38950.0,39000.0,9625
202604071045,39000.0,39300.0,38950.0,39250.0,6560
202604071100,39250.0,39250.0,38950.0,39000.0,5295
202604071115,39050.0,39500.0,38900.0,39400.0,6080
202604071130,39400.0,39550.0,39200.0,39200.0,3731
202604071145,39200.0,39500.0,39150.0,39500.0,3182
202604071200,39500.0,39600.0,39350.0,39500.0,3542
202604071215,39500.0,39650.0,39200.0,39600.0,3660
202604071230,39550.0,39750.0,39500.0,39600.0,2946
202604071245,39550.0,39750.0,39400.0,39550.0,3219
202604071300,39550.0,39550.0,38950.0,38950.0,17676
202604071315,39000.0,40000.0,38900.0,39900.0,7291
202604071330,39900.0,40250.0,39850.0,40250.0,7624
202604071345,40150.0,40250.0,39900.0,40000.0,6433
202604071400,40050.0,40800.0,40000.0,40650.0,12473
202604071415,40700.0,40850.0,40350.0,40600.0,13459
202604071430,40550.0,40750.0,40450.0,40650.0,11629
202604071445,40600.0,40700.0,40300.0,40450.0,10836
202604071500,40400.0,40400.0,39700.0,39900.0,2647
202604071515,39900.0,40050.0,39900.0,40050.0,727
202604080900,40850.0,41150.0,40200.0,40500.0,6559
202604080915,40500.0,40900.0,40500.0,40550.0,1919
202604080930,40550.0,40600.0,39650.0,39800.0,10903
202604080945,39800.0,39900.0,39250.0,39600.0,9828
202604081000,39600.0,40100.0,39600.0,39900.0,5750
202604081015,39850.0,39900.0,39300.0,39500.0,6425
202604081030,39450.0,39600.0,39250.0,39500.0,5121
202604081045,39500.0,40050.0,39150.0,39700.0,12051
202604081100,39650.0,39850.0,39350.0,39600.0,4249
202604081115,39600.0,39800.0,39450.0,39600.0,2459
202604081130,39600.0,39750.0,39250.0,39400.0,3831
202604081145,39400.0,39500.0,39250.0,39450.0,3217
202604081200,39350.0,39450.0,39250.0,39300.0,2680
202604081215,39400.0,39400.0,39100.0,39250.0,7759
202604081230,39250.0,39300.0,39050.0,39100.0,7238
202604081245,39050.0,39250.0,38950.0,39000.0,8182
202604081300,38950.0,39250.0,38900.0,39050.0,6202
202604081315,39050.0,39400.0,39000.0,39050.0,5534
202604081330,39100.0,39300.0,38500.0,38600.0,26546
202604081345,38750.0,39600.0,38550.0,39500.0,19718
202604081400,39600.0,39750.0,39200.0,39700.0,11975
202604081415,39700.0,39750.0,39100.0,39600.0,14081
202604081430,39600.0,39700.0,38900.0,39400.0,16034
202604081445,39350.0,39450.0,39050.0,39150.0,12991
202604081500,39250.0,39250.0,38800.0,39000.0,6914
202604081515,38950.0,39400.0,38850.0,39350.0,3646
202604090900,39200.0,39350.0,38800.0,39200.0,4300
202604090915,39250.0,39500.0,38850.0,38900.0,3149
202604090930,38900.0,39300.0,38850.0,38900.0,2857
202604090945,38900.0,39850.0,38900.0,39050.0,2887
202604091000,39050.0,39400.0,38900.0,39400.0,4387
202604091015,39200.0,39400.0,38900.0,39000.0,3075
202604091030,39000.0,39150.0,38850.0,38900.0,2230
202604091045,38900.0,39150.0,38850.0,38900.0,1609
202604091100,38900.0,39200.0,38900.0,38950.0,1610
202604091115,38950.0,39150.0,38900.0,39000.0,958
202604091130,39000.0,39350.0,38900.0,38950.0,2274
202604091145,38950.0,39050.0,38800.0,38800.0,3256
202604091200,38850.0,39000.0,38700.0,38900.0,10167
202604091215,38850.0,38950.0,38800.0,38850.0,1299
202604091230,38850.0,39000.0,38800.0,38850.0,794
202604091245,38850.0,39000.0,38800.0,38800.0,806
202604091300,38950.0,39000.0,38800.0,38950.0,814
202604091315,38850.0,38850.0,38750.0,38850.0,1620
202604091330,38750.0,38900.0,38750.0,38850.0,726
202604091345,38850.0,39000.0,38750.0,38950.0,2277
202604091400,39000.0,39600.0,38900.0,39400.0,3097
202604091415,39400.0,40600.0,39400.0,40200.0,14363
202604091430,40200.0,40650.0,39950.0,40525.0,11740
202604091445,40550.0,40950.0,40400.0,40700.0,11898
202604091500,40700.0,41250.0,40650.0,40900.0,12984
202604091515,40850.0,41000.0,40750.0,41000.0,4504
202604100900,41000.0,42000.0,40700.0,40800.0,13023
202604100915,40800.0,41850.0,40800.0,41650.0,9441
202604100930,41550.0,41800.0,41250.0,41400.0,4886
202604100945,41500.0,41500.0,40950.0,41100.0,3376
202604101000,41050.0,41450.0,40850.0,40950.0,5034
202604101015,40900.0,40950.0,40650.0,40700.0,2863
202604101030,40700.0,41000.0,40700.0,40900.0,2010
202604101045,40900.0,41700.0,40850.0,41700.0,5928
202604101100,41650.0,42250.0,41500.0,42100.0,16221
202604101115,42050.0,42100.0,41800.0,41850.0,3823
202604101130,41850.0,41950.0,41650.0,41750.0,1462
202604101145,41750.0,41950.0,41600.0,41800.0,1429
202604101200,41750.0,41850.0,41650.0,41700.0,986
202604101215,41700.0,41750.0,41550.0,41600.0,1830
202604101230,41600.0,41650.0,41500.0,41600.0,1350
202604101245,41600.0,42000.0,41500.0,41650.0,2459
202604101300,41700.0,41750.0,41400.0,41450.0,2749
202604101315,41500.0,42200.0,41500.0,41800.0,8866
202604101330,41700.0,42000.0,41700.0,41850.0,2417
202604101345,41900.0,42000.0,41750.0,41800.0,1782
202604101400,41800.0,41950.0,41700.0,41850.0,2075
202604101415,41900.0,42800.0,41850.0,42800.0,24256
202604101430,42750.0,42800.0,41950.0,42500.0,10722
202604101445,42550.0,42600.0,42250.0,42350.0,4512
202604101500,42350.0,42750.0,42350.0,42700.0,4130
202604101515,42650.0,42700.0,42500.0,42600.0,1878
202604130900,41800.0,43400.0,41650.0,43400.0,18006
202604130915,43400.0,43450.0,42500.0,42850.0,10320
202604130930,42800.0,43700.0,42750.0,43500.0,10789
202604130945,43500.0,43950.0,43400.0,43950.0,15213
202604131000,43950.0,44350.0,43600.0,43850.0,22462
202604131015,43825.0,43900.0,43350.0,43500.0,4568
202604131030,43550.0,44000.0,43500.0,43850.0,2959
202604131045,43850.0,43900.0,43400.0,43450.0,3110
202604131100,43450.0,43550.0,42850.0,42900.0,3904
202604131115,42900.0,43000.0,42600.0,42900.0,6041
202604131130,42900.0,43000.0,42700.0,43000.0,1648
202604131145,43000.0,43300.0,42950.0,43300.0,1723
202604131200,43250.0,43550.0,43250.0,43550.0,1650
202604131215,43550.0,43900.0,43550.0,43700.0,3310
202604131230,43750.0,43850.0,43600.0,43700.0,2244
202604131245,43700.0,43750.0,43550.0,43700.0,2134
202604131300,43700.0,43800.0,43550.0,43550.0,1680
202604131315,43550.0,43700.0,43450.0,43500.0,1145
202604131330,43450.0,43550.0,43350.0,43450.0,1864
202604131345,43500.0,43550.0,43400.0,43500.0,929
202604131400,43500.0,43700.0,43400.0,43650.0,6535
202604131415,43650.0,44300.0,43450.0,44050.0,18794
202604131430,44050.0,44200.0,43850.0,43850.0,2599
202604131445,43850.0,44150.0,43800.0,44050.0,5925
202604131500,44100.0,44250.0,44100.0,44150.0,6537
202604131515,44100.0,44200.0,44100.0,44200.0,9371
202604140900,44300.0,45200.0,43850.0,44500.0,11336
202604140915,44650.0,45900.0,44600.0,45450.0,17956
202604140930,45500.0,46700.0,45000.0,46700.0,30398
202604140945,46700.0,47350.0,46250.0,47300.0,22443
202604141000,47250.0,47950.0,47100.0,47100.0,16279
202604141015,47250.0,47450.0,47000.0,47050.0,10025
202604141030,47050.0,47200.0,46500.0,46600.0,5720
202604141045,46550.0,46950.0,46500.0,46700.0,2543
202604141100,46650.0,46850.0,46550.0,46750.0,3933
202604141115,46750.0,46850.0,46500.0,46650.0,3605
202604141130,46700.0,46850.0,46400.0,46400.0,3021
202604141145,46500.0,46750.0,46250.0,46700.0,8009
202604141200,46650.0,46700.0,46150.0,46500.0,10168
202604141215,46550.0,46650.0,46300.0,46500.0,2105
202604141230,46350.0,46500.0,46300.0,46350.0,1682
202604141245,46350.0,46750.0,46300.0,46650.0,3407
202604141300,46550.0,46750.0,46500.0,46600.0,1774
202604141315,46600.0,47500.0,46600.0,47400.0,8551
202604141330,47350.0,47600.0,47250.0,47550.0,8016
202604141345,47600.0,48250.0,47500.0,48000.0,20304
202604141400,48000.0,48050.0,47650.0,47700.0,8077
202604141415,47700.0,47700.0,47200.0,47500.0,8573
202604141430,47500.0,47700.0,47400.0,47450.0,7671
202604141445,47450.0,48000.0,47350.0,47350.0,7753
202604141500,47550.0,47700.0,47350.0,47350.0,3719
202604141515,47350.0,47450.0,46800.0,47350.0,2608
202604150900,47750.0,48750.0,47150.0,48150.0,23604
202604150915,48050.0,48750.0,47700.0,48750.0,10678
202604150930,48700.0,49350.0,48600.0,49350.0,15246
202604150945,49400.0,49450.0,48500.0,48600.0,4428
202604151000,48600.0,49450.0,48500.0,49150.0,7469
202604151015,49200.0,49400.0,49050.0,49250.0,1260
202604151030,49200.0,49300.0,49150.0,49150.0,1563
202604151045,49150.0,49400.0,49150.0,49200.0,2274
202604151100,49200.0,49450.0,49100.0,49250.0,1804
202604151115,49250.0,49350.0,49100.0,49250.0,1335
202604151130,49250.0,49350.0,49200.0,49250.0,1334
202604151145,49250.0,49350.0,49000.0,49100.0,1390
202604151200,49150.0,49350.0,49150.0,49300.0,685
202604151215,49300.0,49350.0,49100.0,49100.0,1067
202604151230,49200.0,49500.0,49200.0,49300.0,4411
202604151245,49300.0,49400.0,48500.0,49050.0,5321
202604151300,48650.0,49100.0,48250.0,48900.0,6699
202604151315,48900.0,49000.0,48600.0,48700.0,2118
202604151330,48800.0,49000.0,48700.0,48900.0,1464
202604151345,48900.0,49200.0,48900.0,49000.0,1636
202604151400,49000.0,49250.0,48900.0,49200.0,2589
202604151415,49200.0,49350.0,48650.0,48700.0,6623
202604151430,48700.0,48850.0,48400.0,48450.0,5673
202604151445,48600.0,48700.0,48500.0,48700.0,4113
202604151500,48700.0,48700.0,48550.0,48550.0,3723
202604151515,48550.0,48900.0,48500.0,48900.0,3179
202604160900,49600.0,49600.0,48350.0,49200.0,11884
202604160915,49150.0,49200.0,47950.0,47950.0,12526
202604160930,47950.0,48600.0,47850.0,48300.0,7116
202604160945,48300.0,48350.0,47400.0,47750.0,14755
202604161000,47600.0,47950.0,47250.0,47350.0,11340
202604161015,47350.0,47550.0,46550.0,47075.0,12106
202604161030,47150.0,47500.0,46900.0,47200.0,6048
202604161045,47150.0,47650.0,47050.0,47450.0,5546
202604161100,47600.0,47600.0,47150.0,47150.0,5758
202604161115,47150.0,47300.0,47050.0,47300.0,3651
202604161130,47300.0,47300.0,47000.0,47150.0,3774
202604161145,47150.0,47250.0,47000.0,47100.0,2325
202604161200,47100.0,47150.0,46800.0,46900.0,7072
202604161215,46900.0,46900.0,46650.0,46800.0,2819
202604161230,46800.0,47150.0,46700.0,47000.0,2389
202604161245,47000.0,47100.0,46750.0,47100.0,2805
202604161300,47000.0,47350.0,46750.0,47350.0,2165
202604161315,47300.0,47900.0,47000.0,47450.0,4371
202604161330,47450.0,47450.0,46950.0,47250.0,4142
202604161345,47300.0,47300.0,46850.0,47000.0,4426
202604161400,47150.0,47150.0,46800.0,47000.0,4103
202604161415,47000.0,47100.0,46750.0,46950.0,2859
202604161430,46950.0,46950.0,46200.0,46350.0,8212
202604161445,46375.0,47000.0,46350.0,46750.0,5970
202604161500,46750.0,47050.0,46500.0,47000.0,11599
202604161515,47000.0,47150.0,46900.0,47150.0,2230
202604170900,48050.0,48600.0,47450.0,48250.0,18328
202604170915,48250.0,48350.0,47850.0,47850.0,4190
202604170930,47900.0,48050.0,47450.0,47550.0,4408
202604170945,47650.0,47650.0,47100.0,47350.0,3002
202604171000,47350.0,47450.0,46350.0,46400.0,4615
202604171015,46350.0,46550.0,46200.0,46350.0,3455
202604171030,46300.0,46550.0,46250.0,46450.0,3525
202604171045,46500.0,46750.0,46450.0,46650.0,1369
202604171100,46650.0,47000.0,46300.0,47000.0,3095
202604171115,46400.0,46650.0,46300.0,46350.0,2028
202604171130,46350.0,46600.0,46300.0,46350.0,1937
202604171145,46400.0,46400.0,46250.0,46250.0,1814
202604171200,46300.0,46350.0,46250.0,46300.0,1197
202604171215,46300.0,46450.0,46300.0,46350.0,2666
202604171230,46300.0,46400.0,46200.0,46250.0,1382
202604171245,46250.0,46550.0,46250.0,46450.0,2643
202604171300,46450.0,46450.0,46100.0,46150.0,4159
202604171315,46150.0,46150.0,45750.0,45950.0,5201
202604171330,45900.0,46200.0,45850.0,46200.0,2502
202604171345,46200.0,46450.0,46050.0,46250.0,1764
202604171400,46250.0,46500.0,46150.0,46300.0,3175
202604171415,46250.0,46300.0,45950.0,46300.0,9877
202604171430,46400.0,46450.0,46100.0,46350.0,1435
202604171445,46350.0,46500.0,45900.0,46000.0,13443
202604171500,46000.0,46350.0,45950.0,46200.0,2026
202604171515,46200.0,46400.0,46200.0,46400.0,1880
202604200900,45850.0,46050.0,44850.0,45000.0,10340
202604200915,45050.0,45150.0,44800.0,44800.0,7241
202604200930,44800.0,44850.0,43750.0,43900.0,16584
202604200945,43900.0,44000.0,41400.0,42450.0,56341
202604201000,42400.0,42450.0,41600.0,42000.0,41239
202604201015,42000.0,42500.0,41850.0,42500.0,14725
202604201030,42600.0,43150.0,42500.0,43050.0,14205
202604201045,43050.0,43150.0,42700.0,42950.0,7969
202604201100,43000.0,43000.0,42600.0,42650.0,12497
202604201115,42650.0,43000.0,42600.0,42750.0,7226
202604201130,42700.0,42700.0,42050.0,42100.0,8703
202604201145,42100.0,42500.0,42000.0,42350.0,6493
202604201200,42350.0,42600.0,42200.0,42250.0,6755
202604201215,42250.0,42550.0,42200.0,42500.0,3451
202604201230,42550.0,42650.0,42400.0,42450.0,4850
202604201245,42450.0,42550.0,42300.0,42350.0,3668
202604201300,42350.0,42400.0,42200.0,42200.0,4341
202604201315,42200.0,42250.0,41700.0,41950.0,24501
202604201330,42050.0,42750.0,41900.0,42650.0,7433
202604201345,42700.0,42950.0,42500.0,42700.0,4749
202604201400,42700.0,43000.0,42650.0,43000.0,3473
202604201415,42950.0,44600.0,42850.0,44450.0,25613
202604201430,44450.0,44850.0,43400.0,44200.0,23714
202604201445,44200.0,44300.0,43700.0,43800.0,17612
202604201500,43750.0,44000.0,43500.0,43550.0,6466
202604201515,43500.0,44000.0,43500.0,43850.0,3181
202604210900,43250.0,43550.0,42050.0,42350.0,14919
202604210915,42500.0,42550.0,41150.0,41550.0,25515
202604210930,41550.0,42000.0,41450.0,41650.0,12156
202604210945,41700.0,41750.0,40500.0,40900.0,39206
202604211000,40850.0,41350.0,40850.0,40950.0,14604
202604211015,40950.0,41150.0,40300.0,40400.0,36715
202604211030,40400.0,40900.0,40200.0,40550.0,24210
202604211045,40550.0,40750.0,40350.0,40550.0,13230
202604211100,40600.0,40750.0,40250.0,40300.0,16918
202604211115,40350.0,40450.0,40150.0,40300.0,24917
202604211130,40250.0,40500.0,40100.0,40100.0,18943
202604211145,40100.0,40300.0,40100.0,40200.0,15320
202604211200,40200.0,40650.0,40150.0,40400.0,14657
202604211215,40400.0,40400.0,40100.0,40200.0,14862
202604211230,40150.0,40300.0,40100.0,40100.0,12454
202604211245,40200.0,40300.0,40100.0,40150.0,11423
202604211300,40150.0,40350.0,40100.0,40250.0,8543
202604211315,40250.0,40500.0,40150.0,40400.0,8954
202604211330,40350.0,40650.0,40300.0,40600.0,10761
202604211345,40550.0,41100.0,40500.0,41050.0,11356
202604211400,41050.0,41550.0,40950.0,41150.0,16183
202604211415,41100.0,41350.0,41050.0,41200.0,10080
202604211430,41250.0,41300.0,41050.0,41200.0,10967
202604211445,41150.0,41300.0,40750.0,40900.0,13404
202604211500,40900.0,41000.0,40800.0,40850.0,3903
202604211515,40900.0,41000.0,40850.0,40950.0,3496
202604220900,40850.0,41750.0,40600.0,41100.0,8432
202604220915,41100.0,41100.0,40500.0,40600.0,9276
202604220930,40600.0,40950.0,40350.0,40650.0,3102
202604220945,40700.0,40700.0,40300.0,40500.0,8884
202604221000,40600.0,40600.0,40400.0,40550.0,1632
202604221015,40550.0,40600.0,40300.0,40450.0,4945
202604221030,40450.0,40550.0,40425.0,40500.0,1812
202604221045,40475.0,41100.0,40400.0,40750.0,3473
202604221100,40800.0,40950.0,40650.0,40700.0,2112
202604221115,40725.0,41200.0,40450.0,40600.0,6145
202604221130,40600.0,40700.0,40450.0,40650.0,4847
202604221145,40650.0,41600.0,40650.0,41400.0,11170
202604221200,41400.0,41700.0,41150.0,41650.0,6251
202604221215,41675.0,42200.0,41550.0,42025.0,14360
202604221230,42050.0,42250.0,41900.0,42000.0,6839
202604221245,42000.0,42800.0,41950.0,42750.0,16223
202604221300,42650.0,43350.0,42600.0,42700.0,18879
202604221315,42650.0,42850.0,42450.0,42625.0,14940
202604221330,42600.0,42600.0,41900.0,42100.0,10580
202604221345,42000.0,42450.0,41700.0,42250.0,11762
202604221400,42250.0,42500.0,42150.0,42450.0,13460
202604221415,42450.0,42550.0,42200.0,42350.0,13466
202604221430,42400.0,42450.0,42050.0,42350.0,13094
202604221445,42350.0,42800.0,42225.0,42400.0,14838
202604221500,42300.0,42400.0,42175.0,42200.0,2236
202604221515,42200.0,42350.0,42050.0,42350.0,3101
202604230900,44050.0,44200.0,43500.0,43550.0,13441
202604230915,43500.0,43850.0,43300.0,43450.0,4759
202604230930,43475.0,43500.0,43050.0,43150.0,4554
202604230945,43150.0,43800.0,42900.0,43550.0,10157
202604231000,43500.0,43850.0,43450.0,43550.0,4338
202604231015,43525.0,44100.0,43050.0,43750.0,8287
202604231030,43850.0,44000.0,43675.0,43850.0,1746
202604231045,43800.0,43900.0,43500.0,43500.0,4139
202604231100,43500.0,43500.0,43050.0,43250.0,2685
202604231115,43200.0,43300.0,43100.0,43200.0,1747
202604231130,43200.0,43600.0,43200.0,43300.0,3843
202604231145,43325.0,43600.0,43125.0,43150.0,2802
202604231200,43125.0,43450.0,42800.0,43000.0,5760
202604231215,42975.0,43000.0,42750.0,42750.0,2093
202604231230,42750.0,42950.0,42575.0,42900.0,2697
202604231245,42850.0,43450.0,42750.0,43250.0,3621
202604231300,43350.0,43450.0,42950.0,43100.0,3457
202604231315,43100.0,43300.0,43050.0,43275.0,1520
202604231330,43275.0,43450.0,43200.0,43450.0,1903
202604231345,43475.0,43950.0,43425.0,43825.0,7763
202604231400,43825.0,43900.0,43700.0,43875.0,2773
202604231415,43875.0,43950.0,43750.0,43750.0,4056
202604231430,43750.0,44000.0,43750.0,43925.0,3191
202604231445,43925.0,44150.0,43850.0,44075.0,4998
202604231500,44100.0,44200.0,44050.0,44100.0,5110
202604231515,44100.0,44200.0,44000.0,44200.0,3694
202604240900,43750.0,43850.0,43150.0,43550.0,3559
202604240915,43500.0,43950.0,43400.0,43700.0,5304
202604240930,43800.0,44000.0,43400.0,43600.0,3993
202604240945,43600.0,43850.0,43300.0,43450.0,1954
202604241000,43550.0,43800.0,43300.0,43400.0,1225
202604241015,43400.0,43950.0,43250.0,43850.0,2389
202604241030,43800.0,43900.0,43600.0,43700.0,1760
202604241045,43700.0,43750.0,43450.0,43500.0,1813
202604241100,43500.0,43550.0,43250.0,43300.0,2124
202604241115,43350.0,43500.0,43300.0,43350.0,1378
202604241130,43350.0,43350.0,43250.0,43250.0,1015
202604241145,43250.0,43300.0,43100.0,43150.0,2579
202604241200,43150.0,43200.0,43000.0,43000.0,2206
202604241215,43050.0,43150.0,43050.0,43050.0,992
202604241230,43050.0,43200.0,43000.0,43150.0,1028
202604241245,43150.0,43550.0,43100.0,43350.0,2310
202604241300,43300.0,44150.0,43200.0,44050.0,7048
202604241315,44100.0,44500.0,44050.0,44450.0,4845
202604241330,44450.0,44550.0,44300.0,44400.0,5854
202604241345,44400.0,44450.0,44150.0,44400.0,3580
202604241400,44350.0,44500.0,44200.0,44450.0,5639
202604241415,44450.0,44500.0,44150.0,44350.0,7840
202604241430,44350.0,44400.0,44150.0,44200.0,2445
202604241445,44200.0,44300.0,43950.0,44050.0,8102
202604241500,44000.0,44050.0,43800.0,43800.0,2522
202604241515,43900.0,44200.0,43750.0,44000.0,3609
202604270900,43350.0,43550.0,43200.0,43200.0,2346
202604270915,43200.0,43750.0,43200.0,43600.0,2082
202604270930,43550.0,43600.0,43100.0,43200.0,4550
202604270945,43200.0,43250.0,43000.0,43100.0,5387
202604271000,43100.0,43700.0,42950.0,43500.0,5528
202604271015,43450.0,43500.0,43350.0,43350.0,1347
202604271030,43350.0,43950.0,43300.0,43900.0,2985
202604271045,43950.0,43950.0,43700.0,43750.0,1307
202604271100,43700.0,43750.0,43600.0,43600.0,1296
202604271115,43600.0,43650.0,43300.0,43600.0,1045
202604271130,43600.0,43900.0,43550.0,43900.0,2172
202604271145,43850.0,44350.0,43800.0,44000.0,5254
202604271200,44000.0,44150.0,44000.0,44100.0,1514
202604271215,44150.0,44150.0,43900.0,44000.0,2819
202604271230,43950.0,44250.0,43950.0,44100.0,2166
202604271245,44100.0,44100.0,43850.0,44000.0,1808
202604271300,43950.0,44000.0,43800.0,43900.0,3260
202604271315,43850.0,44150.0,43500.0,43950.0,4433
202604271330,44000.0,44050.0,43800.0,43900.0,1438
202604271345,43900.0,44000.0,43600.0,43650.0,1369
202604271400,43650.0,43950.0,43600.0,43850.0,1717
202604271415,43900.0,43950.0,43650.0,43900.0,1640
202604271430,43900.0,43900.0,43700.0,43800.0,1805
202604271445,43850.0,43900.0,43200.0,43400.0,16954
202604271500,43350.0,43350.0,43050.0,43150.0,19118
202604271515,43150.0,43850.0,43050.0,43700.0,8566
202604280900,42700.0,42800.0,41150.0,41700.0,17015
202604280915,41850.0,42300.0,41750.0,41850.0,2930
202604280930,41950.0,42300.0,41800.0,42200.0,2277
202604280945,42200.0,42250.0,40400.0,41000.0,37546
202604281000,41100.0,41450.0,41000.0,41300.0,11533
202604281015,41300.0,41850.0,41250.0,41600.0,4474
202604281030,41600.0,42500.0,41550.0,42450.0,8233
202604281045,42450.0,42500.0,41900.0,42000.0,5318
202604281100,42000.0,42500.0,41750.0,41950.0,4595
202604281115,42100.0,42200.0,41750.0,41850.0,3715
202604281130,41950.0,42650.0,41800.0,42450.0,5738
202604281145,42450.0,42850.0,42000.0,42600.0,3808
202604281200,42600.0,42750.0,42500.0,42700.0,2784
202604281215,42700.0,43300.0,42700.0,43200.0,8391
202604281230,43200.0,43400.0,43050.0,43050.0,5286
202604281245,43200.0,43200.0,42950.0,42950.0,2846
202604281300,43050.0,43200.0,42850.0,43200.0,3655
202604281315,43150.0,43150.0,42650.0,42700.0,3503
202604281330,42650.0,42900.0,42550.0,42700.0,3959
202604281345,42700.0,42750.0,42450.0,42500.0,2878
202604281400,42550.0,43100.0,42500.0,42550.0,3981
202604281415,42500.0,42800.0,42300.0,42400.0,4384
202604281430,42350.0,42550.0,41800.0,41900.0,7720
202604281445,41950.0,42800.0,41850.0,42700.0,11589
202604281500,42350.0,42800.0,42050.0,42150.0,10955
202604281515,42100.0,42400.0,42050.0,42300.0,3058
202604290900,42250.0,42300.0,41100.0,41150.0,8840
202604290915,41100.0,41350.0,40750.0,41350.0,13067
202604290930,41350.0,41650.0,41050.0,41550.0,7578
202604290945,41550.0,41950.0,41250.0,41800.0,17245
202604291000,41800.0,42000.0,41300.0,41300.0,3355
202604291015,41300.0,41300.0,40650.0,40750.0,14647
202604291030,40750.0,41000.0,40700.0,40750.0,8036
202604291045,40750.0,40850.0,40650.0,40750.0,9793
202604291100,40700.0,41200.0,40700.0,41050.0,5160
202604291115,41050.0,41350.0,40900.0,41150.0,4900
202604291130,41150.0,41450.0,41050.0,41300.0,5131
202604291145,41250.0,41500.0,41250.0,41350.0,5106
202604291200,41350.0,41400.0,41200.0,41250.0,4248
202604291215,41250.0,41400.0,41150.0,41250.0,4457
202604291230,41200.0,41400.0,40700.0,40750.0,10753
202604291245,40750.0,41000.0,40700.0,40800.0,6294
202604291300,40800.0,40850.0,40700.0,40750.0,7254
202604291315,40700.0,40900.0,40700.0,40800.0,6839
202604291330,40800.0,40850.0,40550.0,40600.0,12916
202604291345,40550.0,40600.0,40500.0,40550.0,7070
202604291400,40550.0,40600.0,40400.0,40450.0,11970
202604291415,40400.0,40800.0,40350.0,40750.0,14288
202604291430,40750.0,40900.0,40650.0,40800.0,6740
202604291445,40750.0,41050.0,40750.0,41000.0,9596
202604291500,41000.0,41250.0,40950.0,40950.0,4925
202604291515,40950.0,41100.0,40850.0,41100.0,2843
202604300900,41050.0,41200.0,40350.0,40500.0,7289
202604300915,40600.0,40600.0,40350.0,40450.0,5671
202604300930,40500.0,40650.0,40300.0,40500.0,8690
202604300945,40500.0,40800.0,40500.0,40600.0,5820
202604301000,40600.0,40900.0,40500.0,40600.0,3095
202604301015,40600.0,40650.0,40400.0,40450.0,4121
202604301030,40450.0,40450.0,40100.0,40350.0,15706
202604301045,40350.0,40600.0,40050.0,40600.0,10623
202604301100,40600.0,40900.0,40450.0,40850.0,3492
202604301115,40850.0,41000.0,40750.0,40850.0,2883
202604301130,40800.0,41000.0,40650.0,40850.0,2873
202604301145,40850.0,40950.0,40550.0,40650.0,2448
202604301200,40650.0,40850.0,40500.0,40800.0,4041
202604301215,40750.0,40750.0,40600.0,40600.0,2983
202604301230,40600.0,40750.0,40550.0,40600.0,2967
202604301245,40600.0,40700.0,40500.0,40500.0,2292
202604301300,40500.0,40950.0,40400.0,40650.0,7377
202604301315,40650.0,40650.0,40150.0,40200.0,8032
202604301330,40200.0,40550.0,40150.0,40350.0,4785
202604301345,40350.0,40400.0,40150.0,40400.0,4708
202604301400,40400.0,40550.0,40250.0,40500.0,4044
202604301415,40550.0,40700.0,40500.0,40700.0,4064
202604301430,40650.0,40750.0,40600.0,40650.0,2572
202604301445,40650.0,40700.0,40500.0,40550.0,2802
202604301500,40600.0,40750.0,40550.0,40750.0,4413
202604301515,40750.0,40800.0,40650.0,40800.0,3121
202605040900,40700.0,41750.0,40350.0,41500.0,14998
202605040915,41500.0,43700.0,41450.0,43350.0,52471
202605040930,43300.0,43800.0,43250.0,43450.0,21634
202605040945,43450.0,43450.0,42850.0,43150.0,8528
202605041000,43150.0,43350.0,42950.0,43150.0,3636
202605041015,43150.0,43650.0,43150.0,43350.0,5592
202605041030,43350.0,43450.0,43100.0,43200.0,2481
202605041045,43200.0,43400.0,43200.0,43300.0,902
202605041100,43300.0,43400.0,43250.0,43300.0,1398
202605041115,43250.0,43600.0,43250.0,43400.0,8302
202605041130,43350.0,43450.0,43050.0,43100.0,3014
202605041145,43050.0,43250.0,43000.0,43000.0,3227
202605041200,43050.0,43100.0,42900.0,42900.0,2385
202605041215,42900.0,43100.0,42900.0,43050.0,2041
202605041230,43100.0,43250.0,43050.0,43100.0,763
202605041245,43100.0,43250.0,43000.0,43250.0,9766
202605041300,43250.0,43350.0,43200.0,43200.0,2656
202605041315,43250.0,43350.0,43000.0,43000.0,1741
202605041330,43000.0,43150.0,42950.0,42950.0,2448
202605041345,42950.0,43100.0,42950.0,43000.0,1663
202605041400,43000.0,43050.0,42900.0,42900.0,1235
202605041415,42900.0,43050.0,42900.0,42950.0,1358
202605041430,42950.0,43650.0,42900.0,43650.0,13717
202605041445,43650.0,44500.0,43600.0,44350.0,46608
202605041500,44300.0,44500.0,44200.0,44500.0,17082
202605041515,44500.0,44550.0,44100.0,44100.0,7201
202605060900,43150.0,43150.0,41100.0,41150.0,23509
202605060915,41150.0,41750.0,41100.0,41700.0,15116
202605060930,41700.0,42100.0,41400.0,41450.0,7456
202605060945,41450.0,41850.0,41300.0,41400.0,21507
202605061000,41400.0,41600.0,40900.0,41450.0,20137
202605061015,41450.0,41700.0,41300.0,41350.0,5579
202605061030,41350.0,41400.0,41100.0,41150.0,5200
202605061045,41200.0,41400.0,41100.0,41350.0,4178
202605061100,41300.0,41350.0,40950.0,41050.0,23268
202605061115,41050.0,41100.0,41000.0,41050.0,3823
202605061130,41050.0,41250.0,41000.0,41050.0,2570
202605061145,41050.0,41150.0,41050.0,41100.0,1356
202605061200,41050.0,41100.0,40950.0,41000.0,5871
202605061215,41000.0,41150.0,40600.0,40900.0,18373
202605061230,40900.0,40950.0,40850.0,40900.0,3755
202605061245,40900.0,41000.0,40800.0,40850.0,3752
202605061300,40800.0,40850.0,40800.0,40850.0,2736
202605061315,40850.0,41050.0,40450.0,40600.0,18469
202605061330,40650.0,40800.0,40600.0,40750.0,4485
202605061345,40750.0,40750.0,40500.0,40650.0,7070
202605061400,40600.0,40700.0,40550.0,40600.0,3773
202605061415,40600.0,40650.0,40300.0,40350.0,13372
202605061430,40350.0,40650.0,40250.0,40550.0,10503
202605061445,40550.0,41350.0,40500.0,40650.0,5200
202605061500,40600.0,40800.0,40500.0,40650.0,5267
202605061515,40750.0,40750.0,40500.0,40650.0,5902
202605070900,40850.0,42150.0,40350.0,41800.0,21230
202605070915,41775.0,41775.0,40750.0,40900.0,8662
202605070930,40800.0,41250.0,40700.0,41100.0,7164
202605070945,41100.0,41250.0,40900.0,40950.0,3270
202605071000,40900.0,41150.0,40850.0,41150.0,4132
202605071015,41100.0,41200.0,41050.0,41150.0,1921
202605071030,41150.0,41150.0,40400.0,40450.0,7846
202605071045,40450.0,40650.0,40250.0,40650.0,7592
202605071100,40650.0,40650.0,40200.0,40550.0,6584
202605071115,40500.0,40850.0,40500.0,40750.0,2704
202605071130,40750.0,40750.0,40550.0,40650.0,2325
202605071145,40650.0,40700.0,40500.0,40600.0,657
202605071200,40600.0,40650.0,40500.0,40500.0,3157
202605071215,40550.0,40650.0,40550.0,40600.0,1050
202605071230,40550.0,40600.0,40500.0,40550.0,939
202605071245,40550.0,40600.0,40400.0,40400.0,1729
202605071300,40400.0,40450.0,40300.0,40300.0,2936
202605071315,40350.0,40400.0,40200.0,40200.0,6206
202605071330,40200.0,40300.0,40200.0,40300.0,1745
202605071345,40250.0,40350.0,40250.0,40350.0,2252
202605071400,40300.0,40350.0,40100.0,40150.0,6582
202605071415,40150.0,40150.0,39950.0,40050.0,22042
202605071430,40050.0,40150.0,39500.0,40000.0,22550
202605071445,40000.0,40350.0,40000.0,40350.0,14052
202605071500,40350.0,41400.0,40300.0,41300.0,8601
202605071515,41250.0,41250.0,41000.0,41150.0,4603
202605080900,40900.0,43300.0,40750.0,42950.0,27500
202605080915,43000.0,45000.0,42900.0,44600.0,56490
202605080930,44600.0,46950.0,44600.0,46700.0,108496
202605080945,46700.0,47350.0,45900.0,45950.0,38920
202605081000,46000.0,46000.0,44950.0,45400.0,28426
202605081015,45300.0,45400.0,44850.0,45100.0,9361
202605081030,45150.0,45200.0,44700.0,45000.0,24349
202605081045,45000.0,45050.0,44250.0,44250.0,11074
202605081100,44300.0,44450.0,43950.0,44050.0,13885
202605081115,44050.0,44500.0,44000.0,44450.0,8219
202605081130,44450.0,44500.0,43850.0,43850.0,10716
202605081145,43850.0,44500.0,43800.0,44450.0,9212
202605081200,44450.0,44500.0,43750.0,44050.0,8579
202605081215,44000.0,44050.0,43650.0,43950.0,6752
202605081230,43900.0,44200.0,43750.0,43950.0,8442
202605081245,43950.0,44300.0,43850.0,44100.0,5568
202605081300,44150.0,44250.0,43800.0,43850.0,6028
202605081315,43850.0,44000.0,43700.0,43750.0,5891
202605081330,43800.0,43900.0,43500.0,43700.0,10153
202605081345,43700.0,43900.0,43450.0,43500.0,7729
202605081400,43450.0,43450.0,42950.0,43150.0,8412
202605081415,43000.0,43150.0,42900.0,43050.0,6877
202605081430,43050.0,43100.0,42700.0,43000.0,7998
202605081445,43000.0,43450.0,42900.0,43300.0,6543
202605081500,43300.0,43600.0,43250.0,43600.0,6065
202605081515,43600.0,43600.0,43300.0,43400.0,7526
202605110900,43000.0,43100.0,41700.0,42050.0,16109
202605110915,42000.0,42000.0,41400.0,41500.0,16785
202605110930,41500.0,41500.0,40500.0,40550.0,30724
202605110945,40550.0,40850.0,40450.0,40700.0,22206
202605111000,40700.0,40900.0,40650.0,40800.0,6690
202605111015,40850.0,40850.0,40400.0,40450.0,15210
202605111030,40450.0,40600.0,40350.0,40500.0,12001
202605111045,40550.0,40600.0,40450.0,40500.0,7437
202605111100,40500.0,40600.0,40500.0,40500.0,3452
202605111115,40500.0,40550.0,40400.0,40500.0,4385
202605111130,40500.0,40500.0,40150.0,40200.0,16900
202605111145,40200.0,40350.0,40200.0,40250.0,3902
202605111200,40225.0,40350.0,40200.0,40350.0,2946
202605111215,40350.0,40350.0,40150.0,40300.0,5155
202605111230,40300.0,40300.0,40200.0,40250.0,4997
202605111245,40200.0,40200.0,40100.0,40150.0,10163
202605111300,40100.0,40200.0,40000.0,40150.0,12321
202605111315,40150.0,40200.0,40050.0,40150.0,5789
202605111330,40100.0,40150.0,40000.0,40050.0,7186
202605111345,40100.0,40150.0,40050.0,40100.0,4376
202605111400,40100.0,40450.0,39900.0,40350.0,42050
202605111415,40300.0,40350.0,40150.0,40175.0,8713
202605111430,40175.0,40200.0,40150.0,40150.0,5456
202605111445,40150.0,40200.0,40050.0,40075.0,9592
202605111500,40100.0,40250.0,40075.0,40200.0,5239
202605111515,40250.0,40400.0,40200.0,40400.0,4705
202605120900,40200.0,40750.0,39200.0,40400.0,31842
202605120915,40400.0,40450.0,39900.0,40200.0,25895
202605120930,40150.0,40400.0,40050.0,40300.0,5299
202605120945,40300.0,40450.0,40100.0,40200.0,12316
202605121000,40200.0,40300.0,40100.0,40100.0,8762
202605121015,40150.0,40150.0,39950.0,40000.0,15568
202605121030,40000.0,40000.0,39050.0,39450.0,49275
202605121045,39450.0,40250.0,39450.0,40050.0,48077
202605121100,40050.0,40600.0,39700.0,40600.0,14631
202605121115,40550.0,40600.0,40200.0,40350.0,6503
202605121130,40350.0,40450.0,40250.0,40300.0,2154
202605121145,40300.0,40350.0,40200.0,40300.0,1540
202605121200,40200.0,40200.0,40100.0,40150.0,2706
202605121215,40150.0,40300.0,40050.0,40100.0,1208
202605121230,40100.0,40300.0,40100.0,40250.0,1758
202605121245,40150.0,40200.0,39950.0,40000.0,7643
202605121300,40000.0,40100.0,39950.0,40050.0,2467
202605121315,40000.0,40050.0,39950.0,40000.0,1887
202605121330,40000.0,40200.0,40000.0,40200.0,2582
202605121345,40150.0,40350.0,40000.0,40300.0,5089
202605121400,40350.0,40350.0,40200.0,40200.0,2583
202605121415,40200.0,40250.0,40050.0,40200.0,3331
202605121430,40200.0,40200.0,40000.0,40050.0,3589
202605121445,40050.0,40200.0,40050.0,40150.0,3250
202605121500,40200.0,40400.0,40100.0,40400.0,2159
202605121515,40250.0,40400.0,40250.0,40250.0,3646
202605130900,40100.0,40100.0,39500.0,39800.0,20409
202605130915,39750.0,39750.0,38500.0,38500.0,26733
202605130930,38450.0,38850.0,38000.0,38600.0,18568
202605130945,38700.0,40850.0,38500.0,40300.0,25793
202605131000,40350.0,40700.0,40100.0,40600.0,14209
202605131015,40600.0,40950.0,40300.0,40600.0,12144
202605131030,40650.0,40700.0,40300.0,40450.0,5550
202605131045,40450.0,40550.0,40200.0,40250.0,4656
202605131100,40300.0,40350.0,40000.0,40100.0,8002
202605131115,40100.0,40500.0,40050.0,40300.0,2978
202605131130,40300.0,40400.0,39950.0,40000.0,4150
202605131145,40050.0,40150.0,40000.0,40100.0,2296
202605131200,40100.0,40200.0,40000.0,40000.0,2052
202605131215,40050.0,40100.0,39900.0,39950.0,3156
202605131230,40000.0,40150.0,40000.0,40050.0,2816
202605131245,40050.0,40100.0,39900.0,40000.0,3379
202605131300,40000.0,40050.0,39900.0,40050.0,4518
202605131315,40050.0,40050.0,39900.0,39900.0,1939
202605131330,40000.0,40250.0,39900.0,40200.0,5076
202605131345,40200.0,40800.0,40150.0,40800.0,19411
202605131400,40800.0,40900.0,40600.0,40600.0,5938
202605131415,40600.0,40600.0,40300.0,40300.0,5955
202605131430,40350.0,40400.0,40200.0,40350.0,7158
202605131445,40350.0,40400.0,40250.0,40350.0,6009
202605131500,40350.0,40500.0,40300.0,40400.0,6958
202605131515,40350.0,40400.0,40300.0,40400.0,3246
202605140900,40900.0,41350.0,40550.0,41050.0,11401
202605140915,40950.0,41200.0,40600.0,41000.0,5017
202605140930,41000.0,41200.0,40550.0,40650.0,3694
202605140945,40600.0,40750.0,40400.0,40700.0,4599
202605141000,40700.0,40750.0,40150.0,40750.0,5351
202605141015,40700.0,40700.0,40200.0,40600.0,4452
202605141030,40500.0,40650.0,40100.0,40300.0,9619
202605141045,40300.0,40300.0,40150.0,40200.0,865
202605141100,40200.0,40250.0,40050.0,40250.0,2059
202605141115,40250.0,40300.0,40150.0,40250.0,954
202605141130,40250.0,40400.0,40150.0,40250.0,2939
202605141145,40250.0,40250.0,40050.0,40100.0,1538
202605141200,40100.0,40150.0,40050.0,40100.0,2620
202605141215,40050.0,40100.0,40000.0,40100.0,1636
202605141230,40100.0,40150.0,40000.0,40150.0,1643
202605141245,40150.0,40200.0,39950.0,40000.0,6997
202605141300,40000.0,40000.0,39900.0,40000.0,2459
202605141315,40000.0,40650.0,40000.0,40600.0,7792
202605141330,40600.0,40600.0,40300.0,40300.0,2608
202605141345,40350.0,40450.0,40300.0,40300.0,1500
202605141400,40350.0,40550.0,40300.0,40500.0,2261
202605141415,40500.0,41100.0,40500.0,40850.0,9638
202605141430,40900.0,40900.0,40450.0,40600.0,3508
202605141445,40450.0,40600.0,40300.0,40450.0,4720
202605141500,40450.0,40500.0,40250.0,40350.0,5051
202605141515,40250.0,40500.0,40050.0,40500.0,9158
202605150900,39700.0,39750.0,38100.0,38100.0,48278
202605150915,38150.0,38150.0,36450.0,36550.0,65215
202605150930,36550.0,37100.0,35700.0,36050.0,45723
202605150945,36200.0,37600.0,35650.0,37550.0,37288
202605151000,37550.0,38000.0,36900.0,37150.0,33910
202605151015,37150.0,37500.0,37000.0,37250.0,19985
202605151030,37250.0,37350.0,36850.0,36850.0,8558
202605151045,36850.0,36900.0,36000.0,36200.0,21993
202605151100,36200.0,36250.0,35850.0,35900.0,11300
202605151115,35850.0,36350.0,35850.0,36150.0,10895
202605151130,36150.0,36400.0,35900.0,36100.0,14207
202605151145,36150.0,36350.0,35850.0,36150.0,8761
202605151200,36150.0,36150.0,35850.0,35900.0,6640
202605151215,35950.0,36200.0,35900.0,35950.0,7015
202605151230,36000.0,36350.0,35850.0,36050.0,10617
202605151245,36100.0,36300.0,36000.0,36050.0,8843
202605151300,36050.0,36050.0,35800.0,35850.0,15223
202605151315,35800.0,36450.0,35450.0,35850.0,23871
202605151330,35850.0,36300.0,35750.0,35900.0,9439
202605151345,35900.0,35950.0,35350.0,35500.0,16420
202605151400,35500.0,35950.0,35250.0,35700.0,15654
202605151415,35800.0,35850.0,35450.0,35500.0,12390
202605151430,35550.0,35550.0,35050.0,35100.0,23892
202605151445,35150.0,35250.0,34550.0,35250.0,60630
202605151500,35250.0,36250.0,35050.0,35850.0,29234
202605151515,35850.0,36250.0,35500.0,35600.0,10325
202605180900,35350.0,35350.0,32500.0,32550.0,34990
202605180915,32400.0,33950.0,32150.0,33400.0,23730
202605180930,33400.0,33450.0,32950.0,33100.0,8404
202605180945,33250.0,34700.0,33100.0,34300.0,9387
202605181000,34250.0,34450.0,33950.0,34100.0,8685
202605181015,34100.0,34500.0,34000.0,34450.0,2223
202605181030,34450.0,34500.0,34100.0,34200.0,6199
202605181045,34250.0,34400.0,34000.0,34250.0,6423
202605181100,34250.0,34400.0,34150.0,34400.0,9846
202605181115,34400.0,35200.0,34400.0,34950.0,9270
202605181130,35100.0,35250.0,34750.0,34850.0,5769
202605181145,34850.0,34900.0,34400.0,34400.0,3209
202605181200,34450.0,34450.0,34050.0,34250.0,4371
202605181215,34250.0,34450.0,34100.0,34400.0,1496
202605181230,34350.0,35000.0,34300.0,34500.0,2634
202605181245,34500.0,34500.0,34150.0,34200.0,3553
202605181300,34200.0,34400.0,34000.0,34000.0,9408
202605181315,34000.0,34250.0,33950.0,34200.0,5050
202605181330,34200.0,34450.0,34150.0,34400.0,3641
202605181345,34400.0,34450.0,33900.0,33950.0,10173
202605181400,33950.0,33950.0,33500.0,33800.0,27156
202605181415,33800.0,33950.0,33700.0,33700.0,7369
202605181430,33750.0,33950.0,33500.0,33700.0,11071
202605181445,33750.0,34000.0,33700.0,33850.0,3605
202605181500,33850.0,33900.0,33700.0,33750.0,6326
202605181515,33750.0,33900.0,33500.0,33900.0,3015
202605190900,33800.0,33950.0,33050.0,33800.0,6841
202605190915,33800.0,34150.0,33600.0,33700.0,5642
202605190930,33650.0,33900.0,33350.0,33500.0,3591
202605190945,33500.0,33850.0,33200.0,33650.0,6476
202605191000,33650.0,34950.0,33050.0,33350.0,7038
202605191015,33350.0,33900.0,33350.0,33700.0,4647
202605191030,33700.0,33700.0,33000.0,33350.0,4164
202605191045,33350.0,33400.0,33050.0,33150.0,1768
202605191100,33150.0,33150.0,32750.0,32800.0,6621
202605191115,32900.0,33100.0,32800.0,32950.0,2927
202605191130,32950.0,33000.0,32800.0,33000.0,1030
202605191145,33000.0,33150.0,32950.0,33100.0,1158
202605191200,33100.0,33100.0,32900.0,32950.0,4806
202605191215,32950.0,33050.0,32850.0,33050.0,5125
202605191230,33050.0,33350.0,33050.0,33250.0,49637
202605191245,33250.0,33550.0,33150.0,33500.0,3074
202605191300,33500.0,33700.0,33350.0,33450.0,4647
202605191315,33450.0,33450.0,33150.0,33200.0,3125
202605191330,33200.0,33650.0,33150.0,33650.0,2214
202605191345,33650.0,34100.0,33600.0,34100.0,4033
202605191400,34100.0,36250.0,34050.0,35750.0,24164
202605191415,35750.0,37000.0,35700.0,36500.0,26755
202605191430,36500.0,36550.0,35700.0,36000.0,17099
202605191445,36000.0,36300.0,35850.0,36100.0,16609
202605191500,35950.0,36200.0,35850.0,36150.0,7492
202605191515,36100.0,36200.0,35800.0,35900.0,6542
202605200900,37200.0,37800.0,35800.0,35950.0,23214
202605200915,35950.0,36100.0,35250.0,35250.0,10352
202605200930,35200.0,35550.0,35100.0,35200.0,6214
202605200945,35150.0,35700.0,35000.0,35500.0,6019
202605201000,35450.0,36100.0,35300.0,36000.0,6170
202605201015,36050.0,36900.0,35500.0,35500.0,6550
202605201030,35550.0,35550.0,35100.0,35100.0,3033
202605201045,35150.0,35650.0,35050.0,35200.0,2044
202605201100,35300.0,35650.0,35150.0,35500.0,929
202605201115,35400.0,35650.0,35300.0,35350.0,2788
202605201130,35350.0,35400.0,35150.0,35300.0,2571
202605201145,35300.0,35350.0,35150.0,35300.0,1032
202605201200,35300.0,35350.0,35100.0,35250.0,2428
202605201215,35300.0,35950.0,35250.0,35650.0,2145
202605201230,35600.0,35950.0,35550.0,35700.0,1812
202605201245,35700.0,36000.0,35600.0,35950.0,1397
202605201300,35950.0,36200.0,35900.0,36100.0,2686
202605201315,36150.0,36300.0,36000.0,36200.0,1647
202605201330,36150.0,36300.0,36000.0,36250.0,4233
202605201345,36250.0,36900.0,36250.0,36600.0,4889
202605201400,36600.0,36950.0,36550.0,36900.0,4102
202605201415,36900.0,37000.0,36750.0,36950.0,8826
202605201430,36950.0,37000.0,36500.0,36550.0,4685
202605201445,36500.0,36850.0,36250.0,36750.0,4867
202605201500,36700.0,36750.0,36450.0,36500.0,1283
202605201515,36500.0,36900.0,36400.0,36550.0,3304
202605210900,37900.0,39150.0,37900.0,38200.0,41508
202605210915,38300.0,38450.0,37300.0,37350.0,20159
202605210930,37350.0,37700.0,37050.0,37250.0,7331
202605210945,37300.0,37400.0,36700.0,36700.0,16516
202605211000,36700.0,36950.0,36700.0,36850.0,1693
202605211015,36900.0,37050.0,36500.0,36950.0,10135
202605211030,36800.0,37950.0,36650.0,37650.0,5319
202605211045,37350.0,37450.0,36550.0,36650.0,6913
202605211100,36700.0,36750.0,36150.0,36200.0,5975
202605211115,36200.0,36200.0,35800.0,35800.0,6397
202605211130,35800.0,36100.0,35300.0,35600.0,6904
202605211145,35500.0,35700.0,35350.0,35450.0,5746
202605211200,35500.0,36500.0,35400.0,36150.0,4253
202605211215,36150.0,36600.0,36100.0,36450.0,5151
202605211230,36450.0,36550.0,36250.0,36250.0,4030
202605211245,36300.0,36300.0,36000.0,36000.0,2883
202605211300,36100.0,36600.0,36000.0,36000.0,1550
202605211315,36000.0,36000.0,35800.0,36000.0,2470
202605211330,35900.0,36650.0,35800.0,36500.0,4063
202605211345,36500.0,36600.0,35350.0,35450.0,13737
202605211400,35500.0,35500.0,34500.0,35100.0,20981
202605211415,35050.0,35300.0,34700.0,35300.0,5645
202605211430,35300.0,35350.0,34900.0,35000.0,5993
202605211445,35000.0,35200.0,34800.0,35000.0,5820
202605211500,35000.0,35650.0,34900.0,35500.0,14258
202605211515,35500.0,35550.0,35050.0,35250.0,7043
202605220900,35550.0,36700.0,35250.0,36150.0,16882
202605220915,36100.0,36300.0,35800.0,36150.0,3212
202605220930,36100.0,37000.0,36000.0,36850.0,8332
202605220945,36900.0,37250.0,36800.0,37050.0,8788
202605221000,37100.0,37850.0,37000.0,37650.0,24294
202605221015,37600.0,38000.0,37500.0,37900.0,11204
202605221030,37900.0,37950.0,37550.0,37800.0,5637
202605221045,37800.0,37950.0,37600.0,37700.0,4953
202605221100,37700.0,38000.0,37650.0,37900.0,5404
202605221115,37950.0,38000.0,37900.0,38000.0,2881
202605221130,38000.0,38200.0,37950.0,38150.0,6050
202605221145,38150.0,38300.0,38100.0,38150.0,3423
202605221200,38200.0,38250.0,38000.0,38150.0,3639
202605221215,38150.0,38200.0,38050.0,38050.0,2106
202605221230,38150.0,38200.0,38050.0,38200.0,2698
202605221245,38050.0,38300.0,38050.0,38300.0,14310
202605221300,38300.0,38900.0,38150.0,38850.0,16494
202605221315,38900.0,39650.0,38800.0,39100.0,29427
202605221330,39150.0,39300.0,38650.0,38900.0,9752
202605221345,38850.0,39200.0,38750.0,39200.0,13296
202605221400,39200.0,39500.0,39150.0,39200.0,13376
202605221415,39250.0,39400.0,39150.0,39200.0,9303
202605221430,39150.0,39350.0,39100.0,39300.0,5948
202605221445,39300.0,39300.0,39000.0,39050.0,7218
202605221500,39050.0,39550.0,39000.0,39450.0,16447
202605221515,39450.0,39500.0,39250.0,39400.0,5118
202605260900,39300.0,39300.0,38600.0,38850.0,17855
202605260915,38800.0,38800.0,38150.0,38150.0,11874
202605260930,38150.0,38150.0,37600.0,37700.0,20319
202605260945,37700.0,38000.0,37500.0,38000.0,10425
202605261000,38100.0,38600.0,38000.0,38250.0,6428
202605261015,38250.0,38450.0,38200.0,38200.0,5758
202605261030,38150.0,38350.0,38000.0,38300.0,12622
202605261045,38450.0,38800.0,38300.0,38300.0,2455
202605261100,38300.0,38300.0,37800.0,38000.0,7628
202605261115,38000.0,38100.0,38000.0,38000.0,1631
202605261130,38050.0,38100.0,37900.0,38000.0,2781
202605261145,38050.0,38050.0,37950.0,38000.0,1773
202605261200,38000.0,38150.0,37950.0,38100.0,1667
202605261215,38000.0,38400.0,38000.0,38150.0,2857
202605261230,38250.0,38250.0,38100.0,38100.0,882
202605261245,38100.0,38200.0,38050.0,38150.0,2569
202605261300,38150.0,38300.0,38050.0,38300.0,4392
202605261315,38300.0,38350.0,37850.0,38100.0,8765
202605261330,38100.0,38300.0,38050.0,38300.0,3319
202605261345,38150.0,39350.0,38150.0,39300.0,11316
202605261400,39300.0,39500.0,39000.0,39450.0,7768
202605261415,39400.0,39450.0,38950.0,39150.0,12418
202605261430,39100.0,39400.0,39100.0,39350.0,7733
202605261445,39400.0,39450.0,39250.0,39300.0,8464
202605261500,39300.0,39450.0,39200.0,39450.0,8324
202605261515,39450.0,39450.0,39200.0,39400.0,3315
202605270900,38250.0,38850.0,38200.0,38250.0,18701
202605270915,38250.0,39300.0,38250.0,38800.0,6172
202605270930,38800.0,39300.0,38600.0,38800.0,6885
202605270945,38750.0,39200.0,38400.0,39200.0,4572
202605271000,39200.0,39300.0,38850.0,39300.0,5807
202605271015,39300.0,39400.0,38400.0,38500.0,4318
202605271030,38500.0,39000.0,38400.0,38600.0,1425
202605271045,38650.0,38800.0,38500.0,38700.0,1551
202605271100,38750.0,38750.0,38250.0,38650.0,4511
202605271115,38550.0,38750.0,38350.0,38650.0,1450
202605271130,38650.0,38650.0,38350.0,38550.0,2248
202605271145,38500.0,38750.0,38400.0,38650.0,8210
202605271200,38500.0,38650.0,38400.0,38550.0,2089
202605271215,38450.0,38550.0,38350.0,38500.0,1433
202605271230,38400.0,38500.0,38250.0,38350.0,5567
202605271245,38350.0,38350.0,38250.0,38300.0,1915
202605271300,38250.0,38350.0,38250.0,38300.0,1539
202605271315,38300.0,38350.0,38000.0,38100.0,11992
202605271330,38050.0,38150.0,37850.0,37950.0,7812
202605271345,37900.0,37950.0,37800.0,37850.0,1460
202605271400,37900.0,37900.0,37450.0,37550.0,4070
202605271415,37500.0,38000.0,37500.0,37900.0,4037
202605271430,37850.0,37950.0,37650.0,37700.0,1738
202605271445,37650.0,37700.0,37250.0,37250.0,7114
202605271500,37250.0,37350.0,36900.0,37100.0,10013
202605271515,37200.0,37200.0,37050.0,37100.0,3923
202605280900,37650.0,37650.0,36400.0,37550.0,8092
202605280915,37550.0,39200.0,37250.0,39000.0,13576
202605280930,39100.0,39750.0,38450.0,39400.0,28027
202605280945,39400.0,40500.0,39350.0,40100.0,28909
202605281000,40050.0,40350.0,39950.0,40050.0,19028
202605281015,40100.0,40100.0,39700.0,40100.0,16128
202605281030,40050.0,40050.0,39550.0,39750.0,15311
202605281045,39850.0,40000.0,39750.0,40000.0,4872
202605281100,40000.0,40100.0,39500.0,39850.0,13525
202605281115,39800.0,40100.0,39700.0,40050.0,8508
202605281130,40050.0,40150.0,39950.0,40050.0,7423
202605281145,40050.0,40100.0,39850.0,39950.0,6590
202605281200,40000.0,40050.0,39900.0,39950.0,6082
202605281215,39900.0,39950.0,39400.0,39500.0,7311
202605281230,39450.0,39650.0,38800.0,39050.0,12924
202605281245,39050.0,39400.0,39000.0,39350.0,7303
202605281300,39350.0,39500.0,38950.0,38950.0,10799
202605281315,38900.0,39050.0,38750.0,39000.0,9971
202605281330,39050.0,39500.0,39000.0,39250.0,8845
202605281345,39250.0,39900.0,38800.0,39450.0,17483
202605281400,39400.0,41000.0,39250.0,40600.0,83441
202605281415,40650.0,40750.0,40100.0,40400.0,13510
202605281430,40450.0,40450.0,39550.0,40250.0,12443
202605281445,40200.0,40650.0,40150.0,40600.0,13210
202605281500,40600.0,40900.0,40550.0,40800.0,11325
202605281515,40800.0,40800.0,40550.0,40600.0,5041
202605290900,40550.0,40600.0,39450.0,39550.0,11866
202605290915,39600.0,39850.0,39400.0,39700.0,5963
202605290930,39650.0,40150.0,39500.0,39850.0,5109
202605290945,39850.0,41350.0,39800.0,41100.0,12339
202605291000,41100.0,41250.0,40650.0,40900.0,8227
202605291015,40850.0,41100.0,40300.0,40350.0,5696
202605291030,40350.0,40350.0,40100.0,40150.0,2042
202605291045,40150.0,40150.0,39800.0,40000.0,4872
202605291100,40050.0,40500.0,39800.0,39850.0,3883
202605291115,39900.0,40700.0,39900.0,40700.0,9510
202605291130,40700.0,41000.0,40550.0,40850.0,6871
202605291145,40950.0,41000.0,40800.0,40800.0,1642
202605291200,40850.0,40900.0,40800.0,40850.0,861
202605291215,40850.0,41300.0,40800.0,41300.0,7862
202605291230,41300.0,41650.0,41275.0,41450.0,6666
202605291245,41475.0,41950.0,41250.0,41600.0,7297
202605291300,41600.0,41750.0,41400.0,41750.0,2944
202605291315,41750.0,42550.0,41750.0,42450.0,18141
202605291330,42450.0,42550.0,41250.0,41800.0,9896
202605291345,41800.0,41800.0,41400.0,41550.0,3450
202605291400,41450.0,42200.0,41450.0,42200.0,4338
202605291415,42050.0,42100.0,41600.0,41600.0,3108
202605291430,41650.0,41700.0,41500.0,41650.0,4228
202605291445,41600.0,41700.0,41250.0,41350.0,4355
202605291500,41350.0,41450.0,41100.0,41150.0,5232
202605291515,41150.0,41450.0,41150.0,41450.0,2405
202606010900,40400.0,41100.0,39750.0,39900.0,15224
202606010915,39950.0,41400.0,39800.0,40650.0,17345
202606010930,40700.0,41250.0,40200.0,41250.0,5666
202606010945,41000.0,42850.0,40500.0,42750.0,12944
202606011000,42700.0,43100.0,42250.0,42300.0,14873
202606011015,42300.0,42800.0,42200.0,42400.0,8799
202606011030,42400.0,42600.0,42200.0,42400.0,5202
202606011045,42400.0,42500.0,41650.0,41850.0,4861
202606011100,41850.0,41950.0,41550.0,41700.0,3128
202606011115,41700.0,41950.0,41500.0,41500.0,4927
202606011130,41500.0,41900.0,41450.0,41700.0,2303
202606011145,41650.0,41850.0,41500.0,41500.0,2281
202606011200,41550.0,41600.0,41000.0,41200.0,3718
202606011215,41200.0,41200.0,40900.0,41150.0,3786
202606011230,41200.0,41200.0,40900.0,41000.0,2437
202606011245,40950.0,42200.0,40900.0,42050.0,6542
202606011300,41950.0,42100.0,40600.0,41700.0,7996
202606011315,41650.0,42150.0,41550.0,42050.0,11929
202606011330,42100.0,42200.0,41700.0,41850.0,3747
202606011345,41850.0,41900.0,41650.0,41850.0,2140
202606011400,41800.0,41900.0,41400.0,41750.0,4629
202606011415,41750.0,42500.0,41650.0,42400.0,10896
202606011430,42450.0,42850.0,42400.0,42600.0,8217
202606011445,42600.0,42950.0,42400.0,42750.0,11715
202606011500,42650.0,42850.0,42600.0,42800.0,6548
202606011515,42800.0,42900.0,42700.0,42850.0,5172
202606020900,42000.0,42000.0,39950.0,40150.0,18622
202606020915,40350.0,40500.0,39900.0,40400.0,8879
202606020930,40250.0,40850.0,39850.0,39850.0,8562
202606020945,39850.0,40150.0,39350.0,39800.0,14836
202606021000,39750.0,39950.0,39050.0,39250.0,6900
202606021015,39350.0,39850.0,39350.0,39550.0,2579
202606021030,39400.0,39400.0,39150.0,39300.0,3390
202606021045,39300.0,39800.0,39200.0,39300.0,3332
202606021100,39300.0,39400.0,39200.0,39200.0,1852
202606021115,39200.0,39350.0,38750.0,38900.0,15247
202606021130,38900.0,39200.0,38800.0,38950.0,2902
202606021145,38950.0,39300.0,38750.0,39150.0,3060
202606021200,39100.0,39750.0,39000.0,39100.0,1632
202606021215,39150.0,39800.0,39100.0,39150.0,1567
202606021230,39200.0,39250.0,39050.0,39100.0,1289
202606021245,39150.0,39150.0,39000.0,39000.0,2432
202606021300,39000.0,39000.0,38750.0,38800.0,5949
202606021315,38800.0,39000.0,38800.0,38950.0,2977
202606021330,39000.0,39350.0,38800.0,39100.0,2318
202606021345,39300.0,39300.0,38900.0,38950.0,1583
202606021400,38950.0,39000.0,38750.0,38900.0,4824
202606021415,38900.0,39000.0,38500.0,38600.0,11646
202606021430,38600.0,38650.0,38350.0,38350.0,9234
202606021445,38350.0,39000.0,38300.0,38600.0,9010
202606021500,38600.0,38950.0,38100.0,38700.0,8154
202606021515,38700.0,39000.0,38550.0,38850.0,8976
202606040900,39050.0,40850.0,38000.0,40050.0,29713
202606040915,40050.0,40100.0,38600.0,39000.0,16015
202606040930,39050.0,40150.0,38600.0,39900.0,10578
202606040945,39900.0,40450.0,39700.0,39900.0,15807
202606041000,39900.0,40400.0,39850.0,40150.0,15951
202606041015,40150.0,40900.0,40000.0,40850.0,15926
202606041030,40850.0,41000.0,40550.0,40750.0,19917
202606041045,40750.0,41350.0,40750.0,41250.0,14310
202606041100,41200.0,41350.0,40850.0,40850.0,7537
202606041115,40850.0,41000.0,40350.0,40400.0,8768
202606041130,40350.0,40450.0,40200.0,40350.0,3606
202606041145,40350.0,40400.0,40150.0,40200.0,2756
202606041200,40250.0,40250.0,40100.0,40150.0,2757
202606041215,40150.0,40700.0,40100.0,40600.0,6455
202606041230,40550.0,40800.0,40500.0,40650.0,6040
202606041245,40650.0,41050.0,40400.0,40650.0,6592
202606041300,40650.0,40900.0,40250.0,40800.0,3606
202606041315,40800.0,40900.0,40600.0,40700.0,3538
202606041330,40700.0,40800.0,40400.0,40550.0,5162
202606041345,40500.0,40600.0,40300.0,40350.0,3524
202606041400,40350.0,41000.0,40300.0,40700.0,9389
202606041415,40700.0,40800.0,39650.0,39950.0,18380
202606041430,40000.0,40300.0,39850.0,40000.0,11347
202606041445,40000.0,40950.0,39700.0,40950.0,24867
202606041500,40950.0,41100.0,40300.0,40500.0,35798
202606041515,40450.0,40900.0,40050.0,40050.0,7936
202606050900,39550.0,39550.0,37950.0,37950.0,16909
202606050915,38050.0,38500.0,37850.0,38050.0,18110
202606050930,38050.0,38150.0,37500.0,37600.0,16207
202606050945,37500.0,37550.0,37200.0,37250.0,8138
202606051000,37250.0,37400.0,37200.0,37400.0,2402
202606051015,37400.0,37500.0,37300.0,37500.0,3809
202606051030,37500.0,38950.0,37450.0,38950.0,13019
202606051045,38900.0,40250.0,38900.0,40200.0,9662
202606051100,40000.0,40150.0,39400.0,39800.0,7376
202606051115,39550.0,39950.0,39200.0,39300.0,6330
202606051130,39300.0,39800.0,39300.0,39800.0,4496
202606051145,39800.0,39850.0,39600.0,39800.0,5227
202606051200,39750.0,39900.0,39650.0,39900.0,4366
202606051215,39900.0,40350.0,39850.0,40250.0,10557
202606051230,40200.0,40500.0,39950.0,40400.0,7160
202606051245,40400.0,40450.0,39550.0,39900.0,7418
202606051300,39700.0,39950.0,39450.0,39800.0,5245
202606051315,39800.0,39850.0,39500.0,39650.0,4953
202606051330,39650.0,39950.0,39400.0,39750.0,5197
202606051345,39550.0,40150.0,39550.0,40150.0,7580
202606051400,40000.0,40250.0,39750.0,39850.0,7544
202606051415,39850.0,40300.0,39850.0,40000.0,5073
202606051430,40000.0,40300.0,39900.0,40150.0,9218
202606051445,40150.0,40250.0,40000.0,40100.0,5940
202606051500,40050.0,40100.0,39650.0,39900.0,4299
202606051515,39750.0,40050.0,39700.0,39700.0,2124
202606080900,36600.0,36900.0,35800.0,36350.0,9606
202606080915,36350.0,36350.0,35100.0,35325.0,17497
202606080930,35350.0,36450.0,35300.0,35650.0,6196
202606080945,35650.0,35750.0,34600.0,35000.0,11593
202606081000,35000.0,35000.0,33700.0,34400.0,11758
202606081015,34400.0,34700.0,34000.0,34200.0,6746
202606081030,34250.0,34350.0,33000.0,33850.0,15127
202606081045,33800.0,34000.0,33500.0,33750.0,5510
202606081100,33600.0,34000.0,33400.0,33950.0,6488
202606081115,33950.0,33950.0,33450.0,33800.0,4145
202606081130,33800.0,34450.0,33600.0,34300.0,3811
202606081145,34200.0,34350.0,34000.0,34050.0,4636
202606081200,34050.0,34050.0,33700.0,33800.0,3531
202606081215,33850.0,33900.0,33100.0,33450.0,12946
202606081230,33500.0,33600.0,32650.0,32900.0,15714
202606081245,32900.0,33500.0,32700.0,33250.0,10622
202606081300,33350.0,33350.0,32950.0,33250.0,6360
202606081315,33250.0,33600.0,33100.0,33350.0,5104
202606081330,33350.0,33350.0,32900.0,32900.0,5671
202606081345,32900.0,33200.0,32800.0,33000.0,2353
202606081400,33000.0,33350.0,32400.0,32500.0,15797
202606081415,32500.0,33200.0,30000.0,31800.0,28314
202606081430,31750.0,32250.0,31750.0,32100.0,6308
202606081500,32150.0,32400.0,31000.0,31250.0,34018
202606081515,31300.0,32000.0,31100.0,31450.0,18200
202606090900,33200.0,33700.0,32300.0,32750.0,13770
202606090915,32700.0,34600.0,32600.0,34450.0,18581
202606090930,34450.0,35100.0,34050.0,35050.0,13136
202606090945,35100.0,35350.0,34700.0,34850.0,5714
202606091000,34950.0,35050.0,34600.0,34700.0,4220
202606091015,34650.0,35200.0,34400.0,34850.0,4919
202606091030,34800.0,34800.0,34550.0,34650.0,989
202606091045,34650.0,34900.0,34550.0,34700.0,1181
202606091100,34700.0,34700.0,34200.0,34550.0,1947
202606091115,34550.0,34650.0,34450.0,34600.0,762
202606091130,34550.0,34600.0,34250.0,34350.0,1203
202606091145,34350.0,34350.0,34000.0,34150.0,5616
202606091200,34150.0,34150.0,34000.0,34100.0,1480
202606091215,34100.0,34250.0,34100.0,34200.0,682
202606091230,34250.0,34400.0,34200.0,34300.0,816
202606091245,34250.0,34350.0,33800.0,34100.0,2830
202606091300,34100.0,34150.0,33700.0,33800.0,5943
202606091315,33750.0,34300.0,33750.0,34000.0,5795
202606091330,34000.0,34100.0,33050.0,33800.0,7765
202606091345,33800.0,33950.0,32750.0,33300.0,51429
202606091400,33300.0,33500.0,33200.0,33200.0,6501
202606091415,33300.0,33350.0,32850.0,32900.0,3349
202606091430,32850.0,33600.0,32700.0,33550.0,11571
202606091445,33600.0,35000.0,33550.0,34850.0,32306
202606091500,34800.0,34900.0,34350.0,34450.0,8720
202606091515,34500.0,34750.0,34400.0,34550.0,3554
202606100900,33600.0,33600.0,31000.0,31000.0,47692
202606100915,31050.0,31050.0,27950.0,28450.0,77545
202606100930,28550.0,30350.0,27950.0,30050.0,64035
202606100945,30100.0,32850.0,29650.0,30800.0,22696
202606101000,30800.0,31100.0,29900.0,30000.0,26248
202606101015,30100.0,30500.0,30000.0,30050.0,14286
202606101030,30050.0,30450.0,29850.0,29900.0,11202
202606101045,29900.0,30000.0,29200.0,29250.0,12923
202606101100,29250.0,29400.0,28800.0,29050.0,19041
202606101115,29050.0,29150.0,28450.0,28900.0,18412
202606101130,28900.0,29100.0,28400.0,29100.0,15292
202606101145,29150.0,30800.0,28650.0,30700.0,17127
202606101200,30600.0,30900.0,30250.0,30800.0,13579
202606101215,30800.0,30900.0,30550.0,30650.0,7236
202606101230,30600.0,30650.0,29850.0,30000.0,22164
202606101245,30000.0,30100.0,29600.0,29750.0,11843
202606101300,29700.0,29700.0,29350.0,29450.0,6899
202606101315,29450.0,30400.0,29400.0,30100.0,14984
202606101330,30100.0,30650.0,29850.0,30450.0,23478
202606101345,30400.0,31200.0,30000.0,30650.0,32292
202606101400,30550.0,30800.0,30050.0,30050.0,22435
202606101415,30050.0,30500.0,29950.0,30400.0,25066
202606101430,30400.0,31350.0,30150.0,31050.0,49676
202606101445,31100.0,33500.0,31050.0,31950.0,56342
202606101500,32000.0,33050.0,31150.0,31600.0,38806
202606101515,31500.0,31550.0,30900.0,30900.0,13141
202606110900,31100.0,31200.0,30250.0,31050.0,6866
202606110915,31150.0,31500.0,31000.0,31400.0,3241
202606110930,31400.0,31650.0,31100.0,31600.0,7664
202606110945,31700.0,32450.0,31500.0,32450.0,7004
202606111000,32450.0,33050.0,32300.0,32500.0,13487
202606111015,32500.0,32850.0,32200.0,32300.0,2084
202606111030,32300.0,32400.0,32200.0,32250.0,1174
202606111045,32250.0,32400.0,32150.0,32400.0,1613
202606111100,32350.0,32400.0,31600.0,31850.0,1621
202606111115,31800.0,31800.0,31550.0,31750.0,1104
202606111130,31600.0,31750.0,31450.0,31450.0,1056
202606111145,31450.0,31700.0,31450.0,31700.0,479
202606111200,31750.0,31900.0,31700.0,31700.0,443
202606111215,31750.0,31850.0,31650.0,31850.0,1446
202606111230,31850.0,32050.0,31850.0,32050.0,641
202606111245,32050.0,32100.0,31700.0,32050.0,6016
202606111300,32050.0,32050.0,31750.0,32000.0,1601
202606111315,31900.0,32000.0,31750.0,32000.0,1261
202606111330,31900.0,32050.0,31850.0,32050.0,1737
202606111345,32050.0,32450.0,31950.0,32300.0,2542
202606111400,32300.0,32450.0,32250.0,32350.0,1637
202606111415,32350.0,32900.0,32250.0,32650.0,3800
202606111430,32700.0,32700.0,32500.0,32650.0,1709
202606111445,32650.0,32800.0,32500.0,32700.0,2427
202606111500,32700.0,32850.0,32650.0,32800.0,4111
202606111515,32850.0,32850.0,32750.0,32850.0,3180
202606120900,33750.0,33800.0,32150.0,32500.0,19125
202606120915,32500.0,33450.0,32400.0,33450.0,9079
202606120930,33400.0,33400.0,32500.0,32800.0,7485
202606120945,32800.0,32850.0,32350.0,32400.0,4408
202606121000,32400.0,32450.0,32050.0,32050.0,7181
202606121015,32100.0,32650.0,32050.0,32500.0,6611
202606121030,32600.0,33100.0,32500.0,32900.0,4818
202606121045,32900.0,33500.0,32800.0,33000.0,3236
202606121100,33000.0,33250.0,32850.0,33250.0,4406
202606121115,33225.0,33400.0,33100.0,33150.0,1517
202606121130,33100.0,33150.0,32850.0,32950.0,3050
202606121145,33000.0,33200.0,32950.0,33150.0,1126
202606121200,33200.0,33350.0,33150.0,33150.0,716
202606121215,33200.0,33300.0,33150.0,33150.0,1122
202606121230,33150.0,33800.0,33150.0,33650.0,3093
202606121245,33600.0,33950.0,33400.0,33600.0,2349
202606121300,33550.0,33600.0,33400.0,33450.0,1203
202606121315,33500.0,33500.0,33300.0,33300.0,576
202606121330,33300.0,33350.0,33100.0,33200.0,1958
202606121345,33200.0,33350.0,33150.0,33300.0,2542
202606121400,33300.0,33500.0,33300.0,33350.0,2398
202606121415,33300.0,33850.0,33300.0,33600.0,3655
202606121430,33650.0,33650.0,33150.0,33250.0,4821
202606121445,33200.0,33750.0,33000.0,33300.0,8982
202606121500,33300.0,33500.0,33100.0,33300.0,3102
202606121515,33350.0,33350.0,32950.0,32950.0,10326
202606150900,34800.0,35450.0,34700.0,35000.0,13845
202606150915,34950.0,35450.0,34700.0,35400.0,14423
202606150930,35350.0,35550.0,35150.0,35500.0,4351
202606150945,35450.0,35450.0,34550.0,34600.0,7947
202606151000,34550.0,34550.0,34100.0,34250.0,6540
202606151015,34200.0,35500.0,34150.0,35450.0,11705
202606151030,35350.0,35400.0,35100.0,35250.0,3074
202606151045,35250.0,35400.0,35075.0,35200.0,1733
202606151100,35100.0,35250.0,35000.0,35000.0,1933
202606151115,35200.0,35300.0,34950.0,35050.0,3923
202606151130,35025.0,35100.0,34900.0,34950.0,2775
202606151145,34950.0,35600.0,34900.0,35450.0,6924
202606151200,35450.0,35500.0,35050.0,35200.0,1816
202606151215,35150.0,35350.0,35050.0,35150.0,2276
202606151230,35150.0,36350.0,35050.0,36050.0,35927
202606151245,36050.0,36100.0,35800.0,36000.0,3507
202606151300,35900.0,36000.0,35700.0,36000.0,3892
202606151315,35900.0,36000.0,35750.0,35850.0,2765
202606151330,35850.0,35850.0,35600.0,35650.0,2485
202606151345,35650.0,35950.0,35650.0,35950.0,1871
202606151400,35950.0,36000.0,35800.0,36000.0,2116
202606151415,35850.0,36100.0,35850.0,35950.0,3310
202606151430,35900.0,36050.0,35600.0,35900.0,4795
202606151445,35750.0,35950.0,35600.0,35800.0,2714
202606151500,35800.0,35900.0,35600.0,35700.0,3402
202606151515,35750.0,35800.0,35600.0,35700.0,1359
202606160900,35500.0,36000.0,34950.0,36000.0,9085
202606160915,36000.0,36450.0,35700.0,35950.0,5580
202606160930,35950.0,36450.0,35700.0,35950.0,5045
202606160945,35950.0,36000.0,35050.0,35100.0,2342
202606161000,35050.0,35250.0,34900.0,35000.0,5092
202606161015,34900.0,35200.0,34850.0,35050.0,3225
202606161030,35050.0,36000.0,34900.0,35650.0,2936
202606161045,35650.0,35700.0,35200.0,35500.0,2476
202606161100,35500.0,35750.0,35350.0,35450.0,1908
202606161115,35450.0,35500.0,35300.0,35500.0,2933
202606161130,35500.0,35500.0,35400.0,35500.0,1603
202606161145,35500.0,35500.0,35350.0,35400.0,959
202606161200,35400.0,35600.0,35350.0,35600.0,1942
202606161215,35600.0,35650.0,35550.0,35550.0,968
202606161230,35600.0,35600.0,35200.0,35250.0,1686
202606161245,35250.0,35450.0,35200.0,35450.0,889
202606161300,35450.0,35550.0,35100.0,35200.0,1068
202606161315,35200.0,35500.0,35050.0,35500.0,6533
202606161330,35450.0,35750.0,35450.0,35700.0,2500
202606161345,35700.0,35900.0,35600.0,35900.0,1619
202606161400,35850.0,36300.0,35700.0,36050.0,4230
202606161415,36050.0,36050.0,35900.0,35900.0,1475
202606161430,36000.0,36150.0,35850.0,36000.0,2025
202606161445,35900.0,36100.0,35800.0,36050.0,2316
202606161500,36050.0,36350.0,35950.0,36050.0,4530
202606161515,36000.0,36100.0,35900.0,36100.0,2129
202606170900,36600.0,37250.0,36150.0,36500.0,4566
202606170915,36450.0,36500.0,35700.0,36300.0,7731
202606170930,36300.0,36400.0,35800.0,35800.0,4292
202606170945,35800.0,35800.0,35450.0,35650.0,2787
202606171000,35650.0,35800.0,35600.0,35700.0,1066
202606171015,35650.0,35850.0,35550.0,35550.0,1179
202606171030,35550.0,35750.0,35500.0,35650.0,1001
202606171045,35600.0,35900.0,35600.0,35750.0,13999
202606171100,35700.0,36000.0,35650.0,35900.0,1383
202606171115,35900.0,35900.0,35650.0,35800.0,1590
202606171130,35800.0,35800.0,35600.0,35700.0,722
202606171145,35700.0,35800.0,35600.0,35750.0,1018
202606171200,35750.0,35800.0,35650.0,35700.0,756
202606171215,35700.0,35700.0,35600.0,35650.0,748
202606171230,35600.0,36000.0,35600.0,35900.0,1268
202606171245,35800.0,35950.0,35650.0,35950.0,858
202606171300,35900.0,36000.0,35700.0,36000.0,1285
202606171315,36000.0,36000.0,35700.0,35750.0,2218
202606171330,35750.0,35850.0,35700.0,35800.0,1273
202606171345,35750.0,35850.0,35650.0,35700.0,3718
202606171400,35700.0,35750.0,35450.0,35450.0,2924
202606171415,35450.0,35500.0,35250.0,35250.0,2531
202606171430,35250.0,35500.0,34900.0,35050.0,14641
202606171445,35050.0,35200.0,34850.0,35000.0,6499
202606171500,35000.0,35300.0,34850.0,35200.0,3964
202606171515,35150.0,35200.0,35000.0,35000.0,2774
202606180900,35150.0,35500.0,34000.0,34350.0,12876
202606180915,34450.0,35200.0,34350.0,34800.0,4998
202606180930,34800.0,34850.0,34600.0,34700.0,4661
202606180945,34700.0,34750.0,34450.0,34600.0,5036
202606181000,34550.0,34950.0,34500.0,34800.0,1381
202606181015,34850.0,34950.0,34750.0,34800.0,1372
202606181030,34850.0,34850.0,34600.0,34650.0,1168
202606181045,34600.0,34750.0,34250.0,34600.0,4380
202606181100,34700.0,34900.0,34350.0,34700.0,10045
202606181115,34700.0,34900.0,34650.0,34900.0,2690
202606181130,34900.0,34950.0,34800.0,34850.0,837
202606181145,34800.0,34850.0,34800.0,34850.0,463
202606181200,34800.0,34850.0,34750.0,34800.0,1282
202606181215,34750.0,34900.0,34650.0,34800.0,1787
202606181230,34650.0,34700.0,34550.0,34600.0,1103
202606181245,34550.0,34550.0,34050.0,34300.0,3952
202606181300,34300.0,34400.0,34000.0,34100.0,3026
202606181315,34100.0,34350.0,34050.0,34250.0,1829
202606181330,34200.0,34400.0,33750.0,34350.0,27799
202606181345,34200.0,34800.0,34150.0,34750.0,6511
202606181400,34750.0,34950.0,34700.0,34800.0,2040
202606181415,34800.0,35250.0,34800.0,35200.0,6149
202606181430,35200.0,35300.0,34900.0,35000.0,3166
202606181445,35050.0,35200.0,34950.0,35150.0,1924
202606181500,35150.0,35250.0,35000.0,35150.0,1720
202606181515,35100.0,35250.0,34950.0,35200.0,1535
202606190900,35050.0,35250.0,34200.0,34900.0,7228
202606190915,34800.0,35800.0,34650.0,35250.0,4120
202606190930,35250.0,35250.0,34850.0,35050.0,1742
202606190945,35000.0,35150.0,34950.0,35000.0,5641
202606191000,35000.0,35050.0,34550.0,34600.0,4517
202606191015,34600.0,34600.0,34400.0,34550.0,3145
202606191030,34500.0,34550.0,34450.0,34500.0,117
202606191045,34475.0,34550.0,34400.0,34450.0,2047
202606191100,34450.0,34500.0,34200.0,34350.0,6804
202606191115,34350.0,34400.0,34100.0,34250.0,2386
202606191130,34250.0,34450.0,34150.0,34150.0,1244
202606191145,34150.0,34200.0,33950.0,34050.0,8798
202606191200,34000.0,34400.0,33900.0,34200.0,2171
202606191215,34150.0,34150.0,33850.0,33900.0,2557
202606191230,33900.0,34150.0,33800.0,34000.0,2836
202606191245,34000.0,34050.0,33600.0,33850.0,10836
202606191300,33800.0,33850.0,33650.0,33700.0,1452
202606191315,33700.0,33850.0,33000.0,33700.0,3635
202606191330,33700.0,33700.0,33350.0,33500.0,2046
202606191345,33450.0,33700.0,33300.0,33700.0,10236
202606191400,33700.0,33850.0,33550.0,33700.0,1882
202606191415,33900.0,35400.0,33800.0,35250.0,14279
202606191430,35250.0,35300.0,34700.0,35100.0,13467
202606191445,35100.0,35500.0,35000.0,35350.0,6883
202606191500,35450.0,35700.0,35300.0,35600.0,8400
202606191515,35550.0,35900.0,35400.0,35900.0,4409
202606220900,34900.0,36500.0,34850.0,35450.0,8252
202606220915,35450.0,35700.0,35150.0,35700.0,6272
202606220930,35750.0,35750.0,35000.0,35000.0,2826
202606220945,35000.0,35100.0,34800.0,35050.0,4984
202606221000,35050.0,35300.0,34800.0,35150.0,2440
202606221015,35100.0,35350.0,34950.0,35300.0,2274
202606221030,35250.0,35300.0,35100.0,35150.0,1479
202606221045,35150.0,35150.0,34900.0,35000.0,2223
202606221100,35000.0,35100.0,34950.0,35000.0,1137
202606221115,35000.0,35300.0,34850.0,35150.0,1258
202606221130,35100.0,35300.0,35100.0,35250.0,450
202606221145,35250.0,35250.0,35200.0,35250.0,160
202606221200,35250.0,35250.0,34750.0,35200.0,6557
202606221215,35200.0,35200.0,35000.0,35000.0,2768
202606221230,35050.0,35050.0,34750.0,34850.0,2355
202606221245,34850.0,35050.0,34600.0,34900.0,5923
202606221300,34800.0,35100.0,34800.0,35100.0,1591
202606221315,35050.0,35050.0,34750.0,34850.0,4758
202606221330,34900.0,34900.0,34500.0,34700.0,9123
202606221345,34550.0,34650.0,34450.0,34450.0,871
202606221400,34500.0,34750.0,34250.0,34700.0,4997
202606221415,34650.0,35150.0,34550.0,35150.0,3448
202606221430,35100.0,35200.0,34800.0,35150.0,5396
202606221445,35150.0,35200.0,34900.0,35100.0,4214
202606221500,35000.0,35500.0,34950.0,35300.0,3890
202606221515,35200.0,35550.0,35150.0,35250.0,1527
202606230900,34700.0,35550.0,34600.0,35050.0,5813
202606230915,34950.0,35150.0,34150.0,34400.0,13062
202606230930,34200.0,35050.0,34150.0,34300.0,4670
202606230945,34300.0,34300.0,33850.0,34100.0,6222
202606231000,34100.0,34400.0,33800.0,34350.0,5474
202606231015,34350.0,34600.0,33850.0,34050.0,4074
202606231030,34050.0,34200.0,33800.0,33850.0,2522
202606231045,33900.0,33900.0,33300.0,33550.0,15307
202606231100,33500.0,33500.0,33000.0,33250.0,7754
202606231115,33300.0,33300.0,33000.0,33000.0,5548
202606231130,33000.0,33300.0,32850.0,33100.0,6065
202606231145,33100.0,34000.0,33000.0,33550.0,5304
202606231200,33550.0,33900.0,33300.0,33350.0,1399
202606231215,33400.0,33500.0,33100.0,33300.0,3444
202606231230,33300.0,33500.0,32850.0,33000.0,7854
202606231245,33050.0,33500.0,33000.0,33400.0,5288
202606231300,33500.0,33600.0,32850.0,33400.0,9259
202606231315,33350.0,33450.0,32550.0,32650.0,30690
202606231330,32650.0,32700.0,32200.0,32200.0,6683
202606231345,32250.0,32450.0,31550.0,31850.0,30525
202606231400,31850.0,32200.0,31400.0,31500.0,9040
202606231415,31450.0,31850.0,31250.0,31450.0,3993
202606231430,31350.0,31500.0,31000.0,31050.0,3183
202606231445,31050.0,31400.0,31050.0,31150.0,2230
202606231500,31150.0,31150.0,30100.0,30500.0,19642
202606231515,30500.0,31800.0,30500.0,30900.0,7852
202606240900,30450.0,30650.0,29500.0,29600.0,11472
202606240915,29600.0,30000.0,29350.0,29900.0,7096
202606240930,29900.0,30000.0,29500.0,29700.0,8039
202606240945,29800.0,30450.0,29800.0,30400.0,6328
202606241000,30400.0,31950.0,30300.0,31750.0,13466
202606241015,31650.0,31750.0,31350.0,31600.0,2623
202606241030,31800.0,33700.0,31750.0,32800.0,11821
202606241045,32650.0,33750.0,32600.0,33300.0,5355
202606241100,33300.0,33450.0,33050.0,33300.0,4030
202606241115,33100.0,33700.0,33100.0,33350.0,4238
202606241130,33300.0,33550.0,33100.0,33450.0,5123
202606241145,33350.0,33350.0,32800.0,32850.0,2799
202606241200,32750.0,33200.0,32700.0,33050.0,3033
202606241215,33100.0,33100.0,32600.0,32900.0,2292
202606241230,32850.0,33150.0,32850.0,32900.0,1114
202606241245,33000.0,33000.0,32500.0,32750.0,1211
202606241300,32600.0,33000.0,32450.0,32950.0,3470
202606241315,32850.0,32850.0,32550.0,32800.0,1617
202606241330,32850.0,33950.0,32750.0,33850.0,4485
202606241345,33850.0,34450.0,33500.0,34450.0,13217
202606241400,34500.0,35000.0,34300.0,34900.0,10751
202606241415,34900.0,35700.0,34800.0,35500.0,14839
202606241430,35500.0,36200.0,35400.0,35700.0,19131
202606241445,35650.0,35900.0,34500.0,34550.0,21848
202606241500,34550.0,34900.0,34350.0,34900.0,13319
202606241515,34800.0,35350.0,34800.0,35150.0,4735
202606250900,34650.0,35450.0,33900.0,35000.0,9893
202606250915,35000.0,35250.0,34600.0,34800.0,3697
202606250930,34900.0,34900.0,34300.0,34500.0,1917
202606250945,34500.0,35200.0,34000.0,34250.0,3959
202606251000,34250.0,34500.0,34000.0,34000.0,3754
202606251015,33950.0,35300.0,33950.0,35250.0,5937
202606251030,35250.0,35350.0,35050.0,35150.0,2480
202606251045,35150.0,35350.0,34850.0,35000.0,4464
202606251100,35050.0,35800.0,34950.0,35500.0,6452
202606251115,35500.0,35700.0,35300.0,35550.0,2189
202606251130,35600.0,35600.0,35300.0,35400.0,1974
202606251145,35450.0,35500.0,35300.0,35300.0,1948
202606251200,35350.0,35500.0,35300.0,35450.0,1910
202606251215,35450.0,35900.0,35250.0,35250.0,3414
202606251230,35300.0,35400.0,35000.0,35050.0,2546
202606251245,35050.0,35250.0,34900.0,35150.0,3661
202606251300,35150.0,35200.0,34550.0,34600.0,2626
202606251315,34600.0,34850.0,34400.0,34550.0,4109
202606251330,34600.0,34750.0,34400.0,34600.0,2442
202606251345,34750.0,34750.0,34300.0,34450.0,2829
202606251400,34400.0,34850.0,33900.0,34550.0,7655
202606251415,34550.0,34700.0,34200.0,34350.0,5534
202606251430,34450.0,34700.0,34200.0,34300.0,6076
202606251445,34450.0,34850.0,34250.0,34650.0,8523
202606251500,34600.0,35400.0,34450.0,34800.0,12184
202606251515,34850.0,35200.0,34600.0,34600.0,3554
202606260900,34350.0,34450.0,33450.0,33500.0,8063
202606260915,33550.0,34100.0,33500.0,33650.0,3577
202606260930,33700.0,33850.0,33350.0,33700.0,7473
202606260945,33800.0,34550.0,33800.0,34200.0,8747
202606261000,34200.0,34400.0,33850.0,34100.0,3103
202606261015,34100.0,34300.0,33850.0,33950.0,1434
202606261030,33950.0,33950.0,33550.0,33650.0,1990
202606261045,33625.0,33650.0,33200.0,33550.0,6097
202606261100,33650.0,33900.0,33400.0,33450.0,2596
202606261115,33450.0,33700.0,33300.0,33450.0,3406
202606261130,33400.0,33500.0,33100.0,33100.0,4675
202606261145,33100.0,33100.0,32650.0,32700.0,6269
202606261200,32700.0,32750.0,32050.0,32450.0,4473
202606261215,32250.0,32400.0,32100.0,32300.0,987
202606261230,32350.0,32550.0,32150.0,32150.0,2516
202606261245,32300.0,33450.0,32250.0,33200.0,8994
202606261300,33250.0,33350.0,33000.0,33150.0,1321
202606261315,33200.0,33400.0,33000.0,33300.0,2206
202606261330,33300.0,33300.0,33000.0,33000.0,1632
202606261345,33000.0,33450.0,32900.0,33250.0,3064
202606261400,33250.0,33500.0,33150.0,33300.0,2651
202606261415,33300.0,36000.0,33250.0,35150.0,16499
202606261430,35150.0,35350.0,34900.0,35050.0,11180
202606261445,35100.0,35500.0,34700.0,35000.0,16408
202606261500,35000.0,35150.0,34700.0,34800.0,9292
202606261515,34800.0,35050.0,34750.0,34950.0,2861
202606290900,35200.0,35600.0,34300.0,35250.0,4950
202606290915,35250.0,35750.0,35200.0,35250.0,13719
202606290930,35250.0,35750.0,35050.0,35400.0,7153
202606290945,35400.0,36150.0,35350.0,35800.0,9204
202606291000,35800.0,35950.0,35450.0,35950.0,8361
202606291015,35950.0,36500.0,35700.0,36200.0,10630
202606291030,36200.0,36750.0,36150.0,36350.0,8249
202606291045,36350.0,36350.0,36150.0,36150.0,2646
202606291100,36200.0,36250.0,36050.0,36150.0,1616
202606291115,36200.0,36550.0,36200.0,36300.0,2382
202606291130,36300.0,36350.0,36200.0,36300.0,392
202606291145,36250.0,36250.0,36050.0,36150.0,2047
202606291200,36150.0,36200.0,36050.0,36100.0,641
202606291215,36100.0,36100.0,36000.0,36000.0,1544
202606291230,36000.0,36150.0,36000.0,36000.0,1572
202606291245,36050.0,36250.0,36000.0,36250.0,2811
202606291300,36200.0,36400.0,35700.0,36050.0,8921
202606291315,36050.0,36050.0,35700.0,35800.0,3878
202606291330,35800.0,35850.0,35600.0,35700.0,3320
202606291345,35700.0,35950.0,35600.0,35850.0,2320
202606291400,35750.0,36150.0,35750.0,36100.0,4185
202606291415,36100.0,36150.0,35900.0,35950.0,2114
202606291430,36050.0,36150.0,35800.0,36050.0,4547
202606291445,36050.0,36300.0,36000.0,36150.0,4852
202606291500,36150.0,36150.0,35850.0,36150.0,1450
202606291515,36150.0,36200.0,35900.0,36200.0,4720
202606300900,35800.0,36400.0,35450.0,36300.0,4965
202606300915,36300.0,37200.0,36150.0,36750.0,7051
202606300930,36700.0,37300.0,36425.0,37150.0,12367
202606300945,37150.0,38450.0,37050.0,38250.0,20962
202606301000,38250.0,38500.0,37600.0,37850.0,7110
202606301015,37800.0,38200.0,37650.0,38100.0,6342
202606301030,38100.0,38100.0,37550.0,37550.0,2710
202606301045,37550.0,37650.0,37450.0,37500.0,2447
202606301100,37500.0,37550.0,37050.0,37550.0,2112
202606301115,37300.0,37800.0,37150.0,37800.0,3842
202606301130,37800.0,38300.0,37800.0,38200.0,3694
202606301145,38150.0,38150.0,37750.0,37750.0,1104
202606301200,37750.0,37900.0,37500.0,37650.0,3054
202606301215,37650.0,37700.0,37600.0,37700.0,374
202606301230,37650.0,37750.0,37450.0,37600.0,2287
202606301245,37600.0,37650.0,37450.0,37500.0,1558
202606301300,37500.0,37550.0,37400.0,37550.0,3245
202606301315,37550.0,37600.0,37300.0,37350.0,2300
202606301330,37350.0,37500.0,37350.0,37500.0,1286
202606301345,37500.0,37500.0,37300.0,37450.0,1826
202606301400,37450.0,37450.0,37200.0,37350.0,2049
202606301415,37350.0,37350.0,37200.0,37350.0,2389
202606301430,37200.0,37350.0,37050.0,37300.0,6399
202606301445,37300.0,37400.0,36800.0,36800.0,10206
202606301500,36800.0,37300.0,36600.0,37150.0,15570
202606301515,37150.0,37450.0,37000.0,37450.0,2593
202607010900,37700.0,38000.0,37300.0,37800.0,7392
202607010915,37750.0,37900.0,35150.0,36800.0,17168
202607010930,36800.0,36800.0,36000.0,36700.0,3485
202607010945,36700.0,36700.0,36000.0,36150.0,8182
202607011000,36150.0,36350.0,36050.0,36100.0,2001
202607011015,36100.0,36250.0,36000.0,36100.0,1150
202607011030,36050.0,36100.0,35950.0,36000.0,1266
202607011045,36000.0,36000.0,35800.0,35900.0,1379
202607011100,35900.0,35900.0,35700.0,35700.0,2603
202607011115,35650.0,35900.0,35650.0,35900.0,3578
202607011130,35750.0,35900.0,35750.0,35800.0,1045
202607011145,35800.0,35950.0,35750.0,35950.0,2053
202607011200,36000.0,36550.0,36000.0,36550.0,1924
202607011215,36550.0,36600.0,36200.0,36550.0,884
202607011230,36550.0,36650.0,36500.0,36550.0,518
202607011245,36550.0,36650.0,36400.0,36550.0,836
202607011300,36550.0,36550.0,36350.0,36450.0,908
202607011315,36450.0,36650.0,36350.0,36650.0,2271
202607011330,36650.0,36650.0,36200.0,36400.0,1088
202607011345,36400.0,36400.0,36150.0,36250.0,764
202607011400,36250.0,36650.0,36200.0,36500.0,1335
202607011415,36500.0,36600.0,36200.0,36550.0,1209
202607011430,36350.0,36600.0,36150.0,36200.0,1703
202607011445,36200.0,36500.0,36050.0,36125.0,2593
202607011500,36100.0,36400.0,36100.0,36250.0,784
202607011515,36250.0,36500.0,36250.0,36350.0,1693
202607020900,36000.0,36900.0,34000.0,35950.0,12818
202607020915,35950.0,35950.0,34350.0,34650.0,10780
202607020930,34650.0,34900.0,34550.0,34600.0,6426
202607020945,34550.0,35850.0,34400.0,35800.0,8484
202607021000,35850.0,36700.0,35800.0,36700.0,2597
202607021015,36700.0,36800.0,36250.0,36750.0,4195
202607021030,36750.0,37300.0,36700.0,37050.0,9018
202607021045,37200.0,37550.0,37200.0,37500.0,5391
202607021100,37500.0,37550.0,37250.0,37400.0,4372
202607021115,37400.0,37600.0,37200.0,37500.0,4609
202607021130,37400.0,37550.0,37300.0,37550.0,1990
202607021145,37550.0,37600.0,37100.0,37100.0,6682
202607021200,37125.0,37200.0,37100.0,37150.0,906
202607021215,37200.0,37200.0,37075.0,37075.0,575
202607021230,37050.0,37100.0,36850.0,36900.0,1700
202607021245,36850.0,37050.0,36800.0,36950.0,1033
202607021300,36900.0,36900.0,36650.0,36650.0,2419
202607021315,36650.0,37000.0,36050.0,37000.0,5998
202607021330,37000.0,37100.0,35900.0,36000.0,4370
202607021345,35950.0,36550.0,35850.0,36500.0,2421
202607021400,36500.0,36550.0,36000.0,36050.0,2495
202607021415,36050.0,36400.0,35950.0,36150.0,2270
202607021430,36200.0,36200.0,35900.0,35950.0,3335
202607021445,35950.0,36200.0,35850.0,36100.0,4317
202607021500,36100.0,36200.0,35450.0,35500.0,9898
202607021515,35500.0,36150.0,35300.0,36150.0,3493
202607030900,36100.0,36100.0,35150.0,35200.0,5066
202607030915,35200.0,35750.0,35050.0,35150.0,3250
202607030930,35050.0,35300.0,34700.0,35050.0,3444
202607030945,35000.0,35050.0,34700.0,35000.0,6547
202607031000,35000.0,35050.0,34750.0,35050.0,3516
202607031015,35050.0,35250.0,34850.0,35000.0,2096
202607031030,35000.0,35250.0,35000.0,35050.0,3115
202607031045,35050.0,35100.0,34500.0,35100.0,4828
202607031100,35100.0,35750.0,35000.0,35500.0,2981
202607031115,35450.0,35500.0,35250.0,35500.0,829
202607031130,35500.0,35550.0,35300.0,35550.0,451
202607031145,35300.0,35550.0,35000.0,35050.0,1979
202607031200,35050.0,35350.0,35050.0,35175.0,320
202607031215,35175.0,35500.0,35100.0,35500.0,408
202607031230,35500.0,35500.0,35150.0,35500.0,107
202607031245,35200.0,35500.0,35150.0,35300.0,721
202607031300,35300.0,35500.0,35150.0,35500.0,1031
202607031315,35500.0,35750.0,35500.0,35650.0,882
202607031330,35650.0,35700.0,35250.0,35650.0,129
202607031345,35650.0,36000.0,35500.0,35950.0,2351
202607031400,35950.0,36050.0,35800.0,36050.0,2675
202607031415,35850.0,36050.0,35850.0,35850.0,396
202607031430,36000.0,36150.0,35800.0,35950.0,3811
202607031445,35800.0,35950.0,35750.0,35850.0,1815
202607031500,35750.0,36100.0,35700.0,36100.0,2288
202607031515,36100.0,36500.0,36100.0,36450.0,4852
202607060900,36300.0,36400.0,35800.0,36250.0,2379
202607060915,36250.0,36600.0,36150.0,36550.0,4154
202607060930,36550.0,36600.0,36250.0,36250.0,1781
202607060945,36250.0,36650.0,36200.0,36600.0,3273
202607061000,36600.0,36800.0,36550.0,36800.0,4139
202607061015,36800.0,37000.0,36750.0,37000.0,4449
202607061030,37000.0,37200.0,36900.0,37050.0,6018
202607061045,36900.0,37050.0,36450.0,36750.0,2056
202607061100,36700.0,36700.0,36300.0,36300.0,868
202607061115,36250.0,36400.0,36050.0,36150.0,1281
202607061130,36150.0,36350.0,36050.0,36050.0,1044
202607061145,36050.0,36100.0,35950.0,36050.0,4904
202607061200,36050.0,36500.0,35950.0,36500.0,5303
202607061215,36400.0,36450.0,36400.0,36450.0,147
202607061230,36450.0,36450.0,36200.0,36400.0,77
202607061245,36400.0,36400.0,36250.0,36400.0,340
202607061300,36400.0,36450.0,36150.0,36150.0,1260
202607061315,36350.0,36600.0,36350.0,36550.0,1983
202607061330,36600.0,36650.0,36550.0,36650.0,629
202607061345,36650.0,36850.0,36650.0,36800.0,904
202607061400,36800.0,36950.0,36800.0,36850.0,929
202607061415,36850.0,36900.0,36600.0,36600.0,1484
202607061430,36600.0,36700.0,36600.0,36700.0,1052
202607061445,36700.0,36950.0,36600.0,36850.0,3479
202607061500,36700.0,36850.0,36550.0,36800.0,3834
202607061515,36800.0,36950.0,36650.0,36900.0,2429
202607070900,39700.0,39950.0,37500.0,38100.0,76763
202607070915,38100.0,38350.0,37950.0,38000.0,21303
202607070930,37950.0,38000.0,35500.0,35900.0,30126
202607070945,35900.0,37100.0,35900.0,37100.0,6631
202607071000,37100.0,37100.0,36850.0,36950.0,2402
202607071015,37100.0,37250.0,36950.0,37100.0,4498
202607071030,37100.0,37400.0,37000.0,37400.0,2027
202607071045,37400.0,37400.0,36950.0,37000.0,8768
202607071100,37000.0,37300.0,36900.0,37000.0,2128
202607071115,37000.0,37200.0,37000.0,37150.0,2140
202607071130,37150.0,37250.0,37150.0,37250.0,1097
202607071145,37250.0,37250.0,36950.0,36950.0,2892
202607071200,37000.0,37000.0,36900.0,36950.0,1390
202607071215,36950.0,36950.0,36800.0,36800.0,816
202607071230,36800.0,36800.0,36550.0,36600.0,1725
202607071245,36600.0,36600.0,36400.0,36550.0,2466
202607071300,36600.0,36600.0,36350.0,36400.0,1900
202607071315,36350.0,36600.0,36350.0,36550.0,3852
202607071330,36550.0,36850.0,36450.0,36800.0,3068
202607071345,36800.0,37000.0,36750.0,36950.0,2665
202607071400,37000.0,37050.0,36950.0,37050.0,3415
202607071415,37050.0,37250.0,36750.0,37000.0,5061
202607071430,37000.0,37200.0,36650.0,37200.0,6396
202607071445,37200.0,37400.0,37200.0,37400.0,3387
202607071500,37400.0,37650.0,36900.0,37500.0,12373
202607071515,37500.0,37600.0,37500.0,37500.0,2801
202607080900,37550.0,37950.0,36950.0,37700.0,11508
202607080915,37750.0,39900.0,37700.0,39100.0,47255
202607080930,39100.0,39100.0,37750.0,38850.0,19257
202607080945,38850.0,38850.0,38700.0,38800.0,5562
202607081000,38800.0,38900.0,38550.0,38600.0,10346
202607081015,38550.0,38600.0,38250.0,38250.0,5010
202607081030,38250.0,38250.0,38100.0,38200.0,4046
202607081045,38250.0,38375.0,38100.0,38100.0,2592
202607081100,38050.0,38100.0,37650.0,37650.0,11836
202607081115,37600.0,37800.0,37350.0,37600.0,9203
202607081130,37600.0,37900.0,37550.0,37750.0,910
202607081145,37750.0,38200.0,37700.0,37950.0,2305
202607081200,37950.0,38500.0,37950.0,38500.0,1939
202607081215,38500.0,38500.0,37950.0,38000.0,1875
202607081230,38000.0,38000.0,37700.0,37750.0,1455
202607081245,37750.0,37850.0,37700.0,37800.0,1236
202607081300,37750.0,37750.0,37450.0,37500.0,4588
202607081315,37500.0,38000.0,37400.0,37600.0,3868
202607081330,37600.0,38150.0,36950.0,36975.0,11655
202607081345,36950.0,37100.0,36550.0,37100.0,4477
202607081400,37100.0,37200.0,36650.0,37000.0,7612
202607081415,37000.0,37000.0,36500.0,36550.0,6860
202607081430,36550.0,36600.0,35950.0,36200.0,7209
202607081445,36200.0,36300.0,35950.0,36300.0,6163
202607081500,36250.0,36850.0,36250.0,36600.0,8034
202607081515,36650.0,36800.0,36400.0,36500.0,1813
202607090900,37850.0,38050.0,35950.0,36200.0,10477
202607090915,36200.0,36950.0,36000.0,36500.0,11868
202607090930,36600.0,37000.0,36200.0,37000.0,1295
202607090945,37000.0,37150.0,36650.0,36800.0,3729
202607091000,36800.0,37000.0,36400.0,36400.0,2690
202607091015,36400.0,37050.0,36350.0,37050.0,6237
202607091030,37050.0,37050.0,36450.0,36500.0,1821
202607091045,36500.0,36750.0,36300.0,36400.0,2234
202607091100,36350.0,36600.0,36250.0,36550.0,1769
202607091115,36600.0,36700.0,36550.0,36700.0,413
202607091130,36650.0,36750.0,36650.0,36650.0,391
202607091145,36700.0,36700.0,36550.0,36650.0,542
202607091200,36600.0,36600.0,36500.0,36550.0,1265
202607091215,36500.0,36550.0,36400.0,36500.0,1432
202607091230,36500.0,36600.0,36400.0,36400.0,3298
202607091245,36450.0,36650.0,36400.0,36600.0,3615
202607091300,36600.0,36750.0,36550.0,36700.0,2135
202607091315,36700.0,37200.0,36650.0,37100.0,6524
202607091330,37150.0,37450.0,37100.0,37150.0,3266
202607091345,37100.0,37400.0,37100.0,37400.0,2758
202607091400,37400.0,37600.0,37250.0,37600.0,5676
202607091415,37550.0,37600.0,37100.0,37150.0,3621
202607091430,37100.0,37250.0,37050.0,37250.0,1582
202607091445,37250.0,37600.0,37200.0,37600.0,3744
202607091500,37600.0,37600.0,37250.0,37250.0,4239
202607091515,37250.0,37350.0,37200.0,37350.0,2137
202607100900,37150.0,38200.0,37000.0,38150.0,8257
202607100915,38150.0,38475.0,38150.0,38250.0,12120
202607100930,38250.0,38500.0,38150.0,38500.0,3527
202607100945,38450.0,38850.0,38450.0,38800.0,9549
202607101000,38800.0,38900.0,38550.0,38750.0,3548
202607101015,38500.0,38850.0,38500.0,38700.0,2602
202607101030,38700.0,38700.0,38500.0,38700.0,1434
202607101045,38700.0,39000.0,38700.0,38950.0,4978
202607101100,38925.0,38950.0,38800.0,38800.0,1409
202607101115,38800.0,38950.0,38750.0,38950.0,2661
202607101130,38950.0,39000.0,38950.0,39000.0,14930
202607101145,39000.0,39100.0,38950.0,38950.0,5102
202607101200,38950.0,39050.0,38950.0,38950.0,2114
202607101215,38950.0,39000.0,38850.0,38950.0,944
202607101230,38900.0,39000.0,38850.0,39000.0,3707
202607101245,39000.0,39100.0,38950.0,39000.0,3705
202607101300,39000.0,39050.0,38950.0,39050.0,5222
202607101315,39050.0,39250.0,39000.0,39250.0,6812
202607101330,39250.0,39250.0,39200.0,39250.0,2146
202607101345,39200.0,39200.0,39050.0,39100.0,1534
202607101400,39050.0,39250.0,39050.0,39200.0,7591
202607101415,39200.0,39400.0,39200.0,39400.0,5518
202607101430,39400.0,39500.0,39150.0,39350.0,4245
202607101445,39350.0,39350.0,39150.0,39200.0,2121
202607101500,39200.0,39200.0,38900.0,38950.0,3316
202607101515,39000.0,39000.0,38900.0,38950.0,1540
202607130900,39000.0,39300.0,37500.0,38950.0,10602
202607130915,38950.0,39300.0,38500.0,38500.0,6014
202607130930,38500.0,38650.0,38200.0,38400.0,11260
202607130945,38400.0,38950.0,38400.0,38750.0,1899
202607131000,38700.0,39500.0,38600.0,39100.0,9608
202607131015,39150.0,39250.0,38500.0,38550.0,2968
202607131030,38600.0,38650.0,38550.0,38600.0,1219
202607131045,38550.0,38550.0,38000.0,38000.0,7187
202607131100,38000.0,38100.0,37150.0,38100.0,6489
202607131115,38300.0,39500.0,38300.0,38650.0,7110
202607131130,38900.0,39450.0,38650.0,38700.0,3529
202607131145,38650.0,38800.0,38500.0,38500.0,820
202607131200,38700.0,38700.0,38150.0,38400.0,822
202607131215,38250.0,38350.0,38150.0,38300.0,350
202607131230,38150.0,38350.0,38100.0,38200.0,3259
202607131245,38200.0,38350.0,38150.0,38200.0,1066
202607131300,38200.0,38300.0,37500.0,37800.0,6679
202607131315,37750.0,37800.0,37500.0,37550.0,3802
202607131330,37550.0,37750.0,37550.0,37600.0,2502
202607131345,37600.0,37650.0,37300.0,37400.0,2644
202607131400,37400.0,37650.0,37350.0,37450.0,1914
202607131415,37500.0,37600.0,36900.0,36950.0,7357
202607131430,37200.0,37300.0,36600.0,37200.0,5233
202607131445,37250.0,37250.0,36700.0,36750.0,2942
202607131500,36900.0,37250.0,36600.0,36900.0,3446
202607131515,36900.0,36950.0,36500.0,36950.0,3228
202607140900,37500.0,37500.0,36200.0,36950.0,8551
202607140915,36950.0,37150.0,36750.0,36900.0,3655
202607140930,36900.0,37150.0,36800.0,36850.0,2968
202607140945,36850.0,37500.0,36800.0,37450.0,2643
202607141000,37350.0,37600.0,37350.0,37400.0,2149
202607141015,37350.0,37600.0,37300.0,37450.0,2230
202607141030,37450.0,37450.0,37150.0,37150.0,2216
202607141045,37150.0,37200.0,36950.0,36950.0,2860
202607141100,36900.0,36900.0,36650.0,36700.0,4016
202607141115,36700.0,36800.0,36650.0,36700.0,1503
202607141130,36650.0,36950.0,36600.0,36850.0,1515
202607141145,36900.0,37200.0,36850.0,37050.0,2136
202607141200,37050.0,37100.0,36400.0,36400.0,3579
202607141215,36400.0,36500.0,36100.0,36300.0,3838
202607141230,36300.0,37000.0,36300.0,36600.0,2074
202607141245,36700.0,37100.0,36700.0,37000.0,1564
202607141300,36900.0,37000.0,36500.0,36800.0,1599
202607141315,36800.0,37250.0,36650.0,37250.0,2512
202607141330,37250.0,37350.0,37050.0,37100.0,2171
202607141345,37100.0,37150.0,36800.0,36900.0,4992
202607141400,36900.0,37150.0,36850.0,36850.0,6670
202607141415,36900.0,37050.0,36800.0,36950.0,4636
202607141430,36950.0,36950.0,36750.0,36750.0,4759
202607141445,36800.0,37000.0,36550.0,36750.0,5503
202607141500,36750.0,37050.0,36700.0,37000.0,2238
202607141515,37050.0,37050.0,36950.0,36950.0,2518
202607150900,37150.0,37900.0,37150.0,37650.0,8844
202607150915,37650.0,37650.0,36750.0,36900.0,5516
202607150930,36900.0,38300.0,36850.0,37950.0,10545
202607150945,37950.0,39200.0,37950.0,38400.0,18288
202607151000,38450.0,39500.0,38300.0,39500.0,13497
202607151015,39450.0,39600.0,39075.0,39300.0,13686
202607151030,39250.0,39350.0,39000.0,39250.0,7282
202607151045,39300.0,39450.0,39200.0,39450.0,6785
202607151100,39450.0,39500.0,39400.0,39450.0,2690
202607151115,39500.0,39900.0,39350.0,39700.0,15955
202607151130,39700.0,40450.0,39650.0,40100.0,23780
202607151145,40100.0,40300.0,39950.0,39950.0,7916
202607151200,39950.0,40000.0,39700.0,39800.0,3795
202607151215,39850.0,39850.0,39550.0,39600.0,2896
202607151230,39550.0,40000.0,39550.0,39900.0,3542
202607151245,39900.0,40750.0,39900.0,40650.0,21454
202607151300,40650.0,40750.0,40150.0,40200.0,7851
202607151315,40200.0,40750.0,40200.0,40750.0,5386
202607151330,40750.0,40800.0,40500.0,40650.0,6881
202607151345,40600.0,41050.0,40550.0,40900.0,17763
202607151400,40900.0,41100.0,40650.0,40850.0,9022
202607151415,40850.0,41250.0,40350.0,40600.0,14405
202607151430,40650.0,40700.0,40000.0,40200.0,9128
202607151445,40250.0,40800.0,39950.0,40600.0,8621
202607151500,40650.0,40700.0,40550.0,40550.0,4838
202607151515,40500.0,40600.0,40250.0,40250.0,2613
202607160900,39300.0,39600.0,37450.0,38250.0,19212
202607160915,38200.0,38200.0,37200.0,37200.0,10236
202607160930,37250.0,37300.0,36650.0,37000.0,9774
202607160945,37000.0,37500.0,36900.0,37500.0,4500
202607161000,37400.0,37650.0,37150.0,37200.0,3594
202607161015,37200.0,37300.0,36950.0,37150.0,2735
202607161030,37100.0,38950.0,37000.0,37500.0,6665
202607161045,37500.0,37550.0,37150.0,37250.0,4287
202607161100,37250.0,37350.0,37150.0,37200.0,2420
202607161115,37250.0,37600.0,37100.0,37600.0,2771
202607161130,37475.0,37475.0,37200.0,37250.0,1296
202607161145,37200.0,37200.0,37050.0,37100.0,2357
202607161200,37100.0,37100.0,36800.0,36800.0,6799
202607161215,36800.0,36950.0,36600.0,36600.0,6842
202607161230,36650.0,36900.0,36650.0,36850.0,3252
202607161245,36850.0,36900.0,36650.0,36750.0,1927
202607161300,36800.0,36800.0,36300.0,36400.0,9844
202607161315,36400.0,36400.0,36200.0,36200.0,5199
202607161330,36200.0,36450.0,35700.0,35900.0,8329
202607161345,35850.0,36100.0,35700.0,35800.0,4485
202607161400,35825.0,36450.0,35800.0,36250.0,4486
202607161415,36200.0,36400.0,36100.0,36200.0,5062
202607161430,36150.0,36150.0,34450.0,34800.0,24161
202607161445,34900.0,35000.0,33950.0,34550.0,21976
202607161500,34550.0,34650.0,34100.0,34300.0,17457
202607161515,34300.0,34750.0,34250.0,34750.0,8989
202607200900,33500.0,33500.0,32400.0,33350.0,25591
202607200915,33350.0,33750.0,33000.0,33500.0,6800
202607200930,33550.0,33750.0,32850.0,33100.0,5335
202607200945,33050.0,33150.0,32850.0,33050.0,2885
202607201000,33100.0,33450.0,32650.0,32800.0,10863
202607201015,32850.0,32900.0,32500.0,32800.0,4907
202607201030,32600.0,32650.0,32300.0,32650.0,3716
202607201045,32400.0,32550.0,32200.0,32300.0,5411
202607201100,32450.0,32550.0,32150.0,32150.0,3244
202607201115,32200.0,32300.0,31900.0,32100.0,7470
202607201130,32200.0,32400.0,32100.0,32150.0,1587
202607201145,32250.0,32300.0,32150.0,32200.0,1119
202607201200,32200.0,32300.0,32000.0,32000.0,2537
202607201215,32000.0,32100.0,31850.0,31850.0,1358
202607201230,31900.0,32000.0,31750.0,31900.0,2384
202607201245,31900.0,32050.0,31750.0,31750.0,2014
202607201300,31750.0,31850.0,31200.0,31200.0,15770
202607201315,31200.0,31500.0,31200.0,31200.0,10820
202607201330,31250.0,32150.0,31200.0,32150.0,4721
202607201345,32100.0,33000.0,31900.0,32000.0,1778
202607201400,32050.0,32050.0,31650.0,31750.0,3100
202607201415,31800.0,31950.0,31600.0,31800.0,4372
202607201430,31700.0,31950.0,31700.0,31850.0,1615
202607201445,31850.0,32150.0,31800.0,31800.0,3247
202607201500,31900.0,32350.0,31600.0,31800.0,16382
202607201515,31850.0,33000.0,31850.0,32200.0,3285
202607210900,31750.0,31900.0,30600.0,30600.0,17776
202607210915,30600.0,30750.0,29950.0,29950.0,14806
202607210930,29950.0,31000.0,29925.0,30700.0,7728
202607210945,30600.0,31150.0,30550.0,30750.0,2555
202607211000,30700.0,31200.0,30600.0,31050.0,4563
202607211015,31050.0,31250.0,30750.0,30950.0,1911
202607211030,30950.0,31200.0,30650.0,30700.0,7141
202607211045,30700.0,30900.0,30400.0,30500.0,5055
202607211100,30450.0,30600.0,30400.0,30450.0,1579
202607211115,30450.0,30600.0,30350.0,30500.0,2625
202607211130,30550.0,30700.0,30450.0,30650.0,1095
202607211145,30650.0,30850.0,30600.0,30850.0,4260
202607211200,30850.0,31050.0,30800.0,30950.0,2066
202607211215,30950.0,31000.0,30500.0,30550.0,5834
202607211230,30550.0,30800.0,30500.0,30800.0,2453
202607211245,30800.0,30950.0,30550.0,30850.0,3324
202607211300,30850.0,31000.0,30650.0,31000.0,2961
202607211315,30950.0,31300.0,30850.0,31100.0,3392
202607211330,31100.0,31300.0,31050.0,31050.0,2757
202607211345,31050.0,32000.0,31050.0,31250.0,5742
202607211400,31250.0,31600.0,31150.0,31350.0,2059
202607211415,31400.0,32450.0,31400.0,32200.0,4505
202607211430,32200.0,32300.0,31950.0,32150.0,5614
202607211445,32200.0,32550.0,32050.0,32400.0,10820
202607211500,32400.0,32850.0,32350.0,32450.0,10200
202607211515,32500.0,32600.0,32400.0,32600.0,1200
202607220900,33050.0,33050.0,32250.0,32300.0,9462
202607220915,32300.0,32300.0,31950.0,32100.0,7042
202607220930,32100.0,32200.0,31850.0,31900.0,5639
202607220945,31850.0,31900.0,31650.0,31850.0,4586
202607221000,31850.0,32650.0,31800.0,32550.0,3334
202607221015,32550.0,32850.0,32400.0,32650.0,3445
202607221030,32650.0,32800.0,32500.0,32550.0,3765
202607221045,32650.0,32800.0,32550.0,32600.0,2182
202607221100,32600.0,33200.0,32400.0,33050.0,3465
202607221115,33050.0,33250.0,33050.0,33200.0,1655
202607221130,33200.0,33250.0,33000.0,33100.0,2200
202607221145,33100.0,33200.0,33000.0,33000.0,1182
202607221200,33150.0,33150.0,32750.0,32850.0,1366
202607221215,32950.0,33200.0,32700.0,33200.0,1391
202607221230,33200.0,33650.0,32950.0,33600.0,6504
202607221245,33600.0,34150.0,33600.0,33900.0,4134
202607221300,33900.0,35200.0,33900.0,35050.0,7167
202607221315,35050.0,35350.0,34850.0,34950.0,5852
202607221330,34850.0,35300.0,34800.0,35200.0,3830
202607221345,35250.0,35250.0,34550.0,34800.0,3707
202607221400,34800.0,35000.0,34000.0,34050.0,6920
202607221415,34050.0,34050.0,33100.0,33150.0,10040
202607221430,33150.0,33450.0,33100.0,33150.0,4247
202607221445,33150.0,33300.0,33000.0,33000.0,3342
202607221500,33000.0,33100.0,32850.0,32950.0,3486
202607221515,32950.0,33000.0,32700.0,32950.0,1868
202607230900,33950.0,34150.0,33300.0,33750.0,6112
202607230915,33900.0,34050.0,33600.0,33800.0,3627
202607230930,33750.0,34100.0,33700.0,34100.0,2998
202607230945,34100.0,34150.0,33950.0,34000.0,1715
202607231000,34000.0,34050.0,33900.0,34000.0,2989
202607231015,34000.0,34000.0,33650.0,33650.0,869
202607231030,33650.0,33750.0,33600.0,33750.0,1316
202607231045,33850.0,34250.0,33600.0,33600.0,5472
202607231100,33750.0,33750.0,33300.0,33300.0,2257
202607231115,33350.0,33850.0,33350.0,33750.0,2776
202607231130,33850.0,33950.0,33750.0,33800.0,615
202607231145,33750.0,33900.0,33750.0,33800.0,459
202607231200,33900.0,34200.0,33900.0,34050.0,1674
202607231215,34050.0,34700.0,34050.0,34700.0,3147
202607231230,34700.0,34800.0,34550.0,34550.0,1778
202607231245,34550.0,34950.0,34550.0,34550.0,2765
202607231300,34550.0,34650.0,34400.0,34650.0,1151
202607231315,34850.0,35050.0,34550.0,35000.0,3881
202607231330,35000.0,35100.0,34900.0,34900.0,2434
202607231345,34900.0,35100.0,34900.0,34950.0,1383
202607231400,35000.0,35450.0,34800.0,34800.0,6335
202607231415,34800.0,35150.0,34750.0,35100.0,1108
202607231430,35100.0,35150.0,34800.0,34850.0,1249
202607231445,34800.0,35000.0,34750.0,34850.0,3143
202607231500,34850.0,35050.0,34700.0,35000.0,2750
202607231515,34950.0,35000.0,34725.0,34950.0,1605
202607240900,34600.0,34600.0,34200.0,34400.0,2054
202607240915,34450.0,34650.0,34050.0,34050.0,1250
202607240930,34050.0,34150.0,33950.0,34000.0,1568
202607240945,34000.0,34150.0,33950.0,34000.0,1168
202607241000,34050.0,34100.0,33900.0,33900.0,1217
202607241015,33900.0,33950.0,33800.0,33900.0,985
202607241030,33950.0,33950.0,33800.0,33850.0,625
202607241045,33800.0,33800.0,33350.0,33350.0,1732
202607241100,33350.0,33500.0,33250.0,33300.0,979
202607241115,33300.0,33350.0,33100.0,33200.0,1179
202607241130,33200.0,33300.0,32500.0,32550.0,3598
202607241145,32550.0,32650.0,32400.0,32500.0,2409
202607241200,32500.0,32600.0,32300.0,32450.0,2256
202607241215,32500.0,32800.0,32250.0,32750.0,2348
202607241230,32450.0,32650.0,32250.0,32400.0,1177
202607241245,32400.0,32500.0,31600.0,31800.0,4583
202607241300,31800.0,32700.0,31800.0,32500.0,5418
202607241315,32500.0,33350.0,32500.0,33350.0,3836
202607241330,33350.0,33750.0,33100.0,33150.0,2728
202607241345,33150.0,33700.0,33100.0,33650.0,3335
202607241400,33650.0,33650.0,32850.0,33200.0,4517
202607241415,32900.0,33700.0,32850.0,33250.0,4229
202607241430,33100.0,33100.0,32550.0,32550.0,3346
202607241445,32550.0,33000.0,32400.0,32450.0,3958
202607241500,32500.0,33600.0,32400.0,33500.0,3846
202607241515,33500.0,33500.0,32600.0,32850.0,4929
202607270900,33300.0,33300.0,32500.0,32950.0,4277
202607270915,33000.0,33150.0,32550.0,33050.0,4445
202607270930,32850.0,33050.0,32750.0,32950.0,1977
202607270945,32950.0,33450.0,32900.0,33450.0,2055
202607271000,33450.0,33800.0,33400.0,33450.0,1803
202607271015,33550.0,33600.0,33150.0,33150.0,1515
202607271030,33200.0,33600.0,33200.0,33450.0,1174
202607271045,33250.0,33950.0,33250.0,33500.0,488
202607271100,33500.0,33500.0,32850.0,32900.0,1803
202607271115,32850.0,32900.0,32600.0,32750.0,1351
202607271130,32750.0,32900.0,32650.0,32800.0,1441
202607271145,32750.0,32800.0,32700.0,32800.0,959
202607271200,32850.0,33150.0,32850.0,33050.0,973
202607271215,33100.0,33200.0,32900.0,33000.0,1295
202607271230,32850.0,32950.0,32800.0,32800.0,1181
202607271245,32800.0,32850.0,32650.0,32700.0,1250
202607271300,32700.0,32850.0,32650.0,32850.0,899
202607271315,32850.0,32950.0,32750.0,32850.0,1042
202607271330,32850.0,32850.0,32600.0,32850.0,1578
202607271345,32800.0,32850.0,32700.0,32750.0,918
202607271400,32700.0,32850.0,32600.0,32750.0,1657
202607271415,32700.0,32900.0,32650.0,32800.0,1032
202607271430,32800.0,32950.0,32700.0,32900.0,1581
202607271445,32850.0,32950.0,32750.0,32950.0,1330
202607271500,32800.0,33100.0,32800.0,32950.0,851
202607271515,32950.0,33300.0,32900.0,33300.0,1845
202607280900,32050.0,32700.0,31900.0,32150.0,3676
202607280915,32250.0,32600.0,30950.0,31050.0,21046
202607280930,30950.0,31900.0,30900.0,31750.0,6235
202607280945,31750.0,31800.0,31400.0,31650.0,3943
202607281000,31600.0,32000.0,31600.0,31750.0,2359
202607281015,31800.0,32000.0,31600.0,32000.0,1444
202607281030,31900.0,32050.0,31800.0,31850.0,1049
202607281045,31800.0,31900.0,31650.0,31650.0,1460
202607281100,31650.0,31650.0,31400.0,31550.0,4325
202607281115,31450.0,31750.0,31450.0,31550.0,786
202607281130,31500.0,31500.0,31300.0,31300.0,1209
202607281145,31350.0,31500.0,31050.0,31150.0,3538
202607281230,31000.0,31450.0,30650.0,31400.0,10113
202607281245,31400.0,31400.0,31250.0,31400.0,1029
202607281300,31400.0,31400.0,30950.0,31250.0,4423
202607281315,31350.0,31350.0,30850.0,31050.0,2234
202607281330,30950.0,31200.0,30900.0,31150.0,1121
202607281345,31150.0,31350.0,31100.0,31300.0,1315
202607281400,31300.0,31750.0,31250.0,31750.0,2358
202607281415,31750.0,31750.0,31400.0,31500.0,3156
202607281430,31500.0,31550.0,31300.0,31350.0,3913
202607281445,31500.0,31700.0,31450.0,31500.0,4059
202607281500,31650.0,31800.0,31500.0,31650.0,3231
202607281515,31800.0,32500.0,31650.0,32200.0,1844
202607290900,32550.0,32750.0,32150.0,32750.0,6368
202607290915,32600.0,33200.0,32450.0,32550.0,3581
202607290930,32450.0,32600.0,32200.0,32250.0,1310
202607290945,32350.0,32400.0,31750.0,31850.0,2278
202607291000,31850.0,31950.0,31250.0,31250.0,4701
202607291015,31200.0,32350.0,31000.0,31350.0,7352
202607291030,31350.0,32200.0,30550.0,30800.0,4184
202607291045,30950.0,31400.0,30500.0,31150.0,5534
202607291100,30600.0,31250.0,30500.0,31150.0,2989
202607291115,31250.0,31350.0,30400.0,31150.0,2860
202607291130,31150.0,31350.0,30700.0,31100.0,908
202607291145,31100.0,31100.0,30550.0,30850.0,2294
202607291200,30600.0,30900.0,30400.0,30650.0,4381
202607291215,30650.0,30650.0,30400.0,30650.0,1247
202607291245,30400.0,30400.0,29900.0,30000.0,5406
202607291300,29950.0,31200.0,29000.0,29300.0,16670
202607291315,29300.0,30100.0,28800.0,28800.0,10954
202607291330,28850.0,29350.0,28000.0,28150.0,16067
202607291345,28300.0,29550.0,28000.0,29300.0,15727
202607291400,29300.0,30200.0,29000.0,29750.0,11207
202607291415,29800.0,30150.0,29400.0,29800.0,6790
202607291430,29750.0,30200.0,29750.0,30000.0,7599
202607291445,29850.0,30200.0,29650.0,30150.0,7434
202607291500,30150.0,30400.0,29850.0,30150.0,3184
202607291515,30150.0,30200.0,29900.0,29950.0,1633
202607300900,29550.0,29850.0,28900.0,29850.0,9049
202607300915,29900.0,30000.0,28650.0,28800.0,12269
202607300930,28800.0,28800.0,27200.0,27400.0,13291
202607300945,27400.0,27650.0,26500.0,26950.0,11546
202607301000,27100.0,28300.0,27100.0,28250.0,5794
202607301015,28350.0,29100.0,28100.0,29050.0,8964
202607301030,29200.0,29650.0,29050.0,29500.0,6161
202607301045,29450.0,29450.0,28650.0,28850.0,6419
202607301100,28750.0,29450.0,28000.0,28250.0,7660
202607301115,28250.0,28550.0,27950.0,28150.0,5977
202607301130,28200.0,32300.0,28150.0,28900.0,18796
202607301145,28850.0,29600.0,28750.0,29025.0,4305
202607301200,29025.0,29250.0,28600.0,28600.0,3662
202607301215,28600.0,28950.0,28600.0,28700.0,830
202607301230,28900.0,29300.0,28900.0,29100.0,3093
202607301245,29100.0,29250.0,29100.0,29100.0,2624
202607301300,29100.0,29300.0,28500.0,28750.0,9514
202607301315,28700.0,28850.0,28650.0,28850.0,3850
202607301330,28850.0,29150.0,28550.0,28750.0,2381
202607301345,28700.0,28700.0,28300.0,28500.0,3658
202607301400,28500.0,28550.0,28250.0,28500.0,1600
202607301415,28550.0,28600.0,28150.0,28150.0,1470
202607301430,28150.0,28350.0,27900.0,28250.0,8989
202607301445,28250.0,28350.0,27500.0,27750.0,10030
202607301500,27750.0,28100.0,27300.0,27700.0,17213
202607301515,27650.0,28000.0,27400.0,27750.0,5112
202607310900,29100.0,29100.0,28000.0,28800.0,7670
202607310915,28850.0,29250.0,28850.0,28950.0,2186
202607310930,29000.0,29050.0,28500.0,28850.0,5602
202607310945,28850.0,28950.0,28750.0,28750.0,4181
202607311000,28750.0,28750.0,28000.0,28350.0,7718
202607311015,28450.0,28600.0,28000.0,28300.0,3311
202607311030,28150.0,28450.0,28000.0,28250.0,5236
202607311045,28150.0,28450.0,28050.0,28400.0,2858
202607311100,28500.0,28750.0,28150.0,28350.0,1350
202607311115,28150.0,29000.0,28150.0,28750.0,5331
202607311130,28800.0,29200.0,28800.0,28950.0,3788
202607311145,29000.0,29050.0,28850.0,29050.0,1297
202607311200,28950.0,29000.0,28700.0,28900.0,1022
202607311215,28900.0,28900.0,28750.0,28900.0,666
202607311230,28800.0,28950.0,28750.0,28950.0,2135
202607311245,28950.0,28950.0,28800.0,28950.0,1693
202607311300,28950.0,29000.0,28750.0,28900.0,2105
202607311315,28950.0,29050.0,28950.0,28950.0,2388
202607311330,28900.0,29000.0,28900.0,28950.0,710
202607311345,28950.0,29000.0,28950.0,29000.0,540
202607311400,28950.0,29200.0,28950.0,29000.0,2709
202607311415,29050.0,29150.0,28950.0,29100.0,1445
202607311430,29100.0,29150.0,28850.0,28950.0,2824
202607311445,28900.0,30000.0,28750.0,29050.0,6654
202607311500,29050.0,29050.0,28650.0,28700.0,4863
202607311515,28700.0,28950.0,28650.0,28950.0,2435
202608030900,28400.0,28650.0,27750.0,28200.0,4323
202608030915,28400.0,28950.0,28300.0,28950.0,5576
202608030930,28900.0,29500.0,28900.0,29500.0,5162
202608030945,29400.0,29800.0,29350.0,29650.0,4561
202608031000,29650.0,29850.0,28850.0,29000.0,2721
202608031015,29050.0,29400.0,28950.0,29150.0,2642
202608031030,29100.0,29550.0,29050.0,29350.0,3430
202608031045,29400.0,29400.0,29050.0,29150.0,3111
202608031100,29150.0,29700.0,29100.0,29550.0,4746
202608031115,29550.0,29700.0,29200.0,29200.0,2171
202608031130,29200.0,29250.0,29000.0,29100.0,1660
202608031145,29050.0,29100.0,28850.0,29050.0,1609
202608031200,29050.0,29100.0,28900.0,29050.0,825
202608031215,29050.0,29100.0,28850.0,29000.0,1668
202608031230,28950.0,29050.0,28600.0,28950.0,2473
202608031245,28950.0,29550.0,28900.0,29250.0,2517
202608031300,29200.0,29250.0,29000.0,29050.0,1130
202608031315,29050.0,29150.0,28950.0,28950.0,1160
202608031330,28950.0,29000.0,28800.0,28850.0,3190
202608031345,28800.0,28900.0,28500.0,28600.0,10565
202608031400,28600.0,28700.0,28250.0,28300.0,5846
202608031415,28300.0,28550.0,28200.0,28500.0,3036
202608031430,28450.0,28500.0,28250.0,28350.0,2050
202608031445,28350.0,28450.0,27900.0,27900.0,6458
202608031500,27900.0,29000.0,27900.0,28200.0,11422
202608031515,28200.0,28500.0,27850.0,28000.0,8047
202608040900,28050.0,28500.0,27750.0,28000.0,4620
202608040915,28000.0,28650.0,27850.0,28000.0,8425
202608040930,28000.0,28200.0,27350.0,27450.0,13535
202608040945,27550.0,27600.0,26400.0,26600.0,14689
202608041000,26500.0,28000.0,26400.0,27200.0,4873
202608041015,27250.0,27550.0,27000.0,27550.0,1232
202608041030,27550.0,28100.0,27550.0,27900.0,5542
202608041045,27800.0,28200.0,27600.0,27950.0,8470
202608041100,27950.0,28000.0,27700.0,27950.0,5133
202608041115,27900.0,28050.0,27900.0,28050.0,3449
202608041130,28050.0,28300.0,28050.0,28250.0,3589
202608041145,28250.0,28300.0,28250.0,28250.0,2481
202608041200,28250.0,28800.0,28250.0,28800.0,4267
202608041215,28750.0,29100.0,28550.0,28800.0,6196
202608041230,28800.0,28900.0,28500.0,28700.0,8136
202608041245,28700.0,28900.0,28550.0,28750.0,9493
202608041300,28650.0,28700.0,28300.0,28450.0,4767
202608041315,28450.0,29000.0,28450.0,28750.0,15896
202608041330,28700.0,28750.0,28550.0,28650.0,1373
202608041345,28650.0,29700.0,28650.0,29600.0,10391
202608041400,29600.0,31150.0,29600.0,31150.0,13740
202608041415,31225.0,32750.0,30750.0,32550.0,24247
202608041430,32400.0,32950.0,31600.0,32050.0,18304
202608041445,31900.0,32200.0,31100.0,32200.0,19915
202608041500,32200.0,32950.0,32000.0,32300.0,6928
202608041515,32300.0,32900.0,32300.0,32900.0,9866
202608050900,33700.0,35150.0,32000.0,32450.0,24812
202608050915,32500.0,34500.0,32500.0,33900.0,7847
202608050930,33950.0,35200.0,33600.0,35200.0,11839
202608050945,35100.0,35550.0,34700.0,35200.0,10207
202608051000,35200.0,35200.0,34400.0,34700.0,16296
202608051015,34700.0,35450.0,34550.0,35200.0,9559
202608051030,35200.0,37400.0,35200.0,37250.0,41235
202608051045,37250.0,37450.0,37000.0,37300.0,13904
202608051100,37300.0,37300.0,36000.0,36350.0,13116
202608051115,36450.0,36450.0,35850.0,36100.0,5838
202608051130,36100.0,36100.0,35600.0,35850.0,2243
202608051145,35800.0,36050.0,35700.0,35900.0,2499
202608051200,35900.0,35900.0,35400.0,35650.0,5183
202608051215,35650.0,35900.0,35550.0,35850.0,2239
202608051230,35850.0,36150.0,35650.0,35700.0,1884
202608051245,35800.0,35900.0,35700.0,35750.0,757
202608051300,35750.0,35850.0,35550.0,35600.0,2244
202608051315,35600.0,35600.0,35400.0,35600.0,2536
202608051330,35600.0,35600.0,35100.0,35400.0,4278
202608051345,35400.0,35700.0,35300.0,35650.0,5097
202608051400,35600.0,35750.0,35500.0,35700.0,2953
202608051415,35700.0,35700.0,35050.0,35250.0,3185
202608051430,35200.0,35400.0,34950.0,35250.0,8156
202608051445,35250.0,35500.0,35200.0,35250.0,3402
202608051500,35250.0,35600.0,35200.0,35350.0,4551
202608051515,35300.0,35500.0,35200.0,35350.0,1978
202608060900,35400.0,38150.0,35300.0,37350.0,35847
202608060915,37350.0,37550.0,36500.0,36850.0,7328
202608060930,36850.0,37650.0,36650.0,37500.0,17967
202608060945,37500.0,37850.0,36800.0,37350.0,15946
202608061000,37350.0,37850.0,37300.0,37850.0,8683
202608061015,37800.0,38150.0,37450.0,37600.0,13059
202608061030,37500.0,37500.0,37100.0,37200.0,4642
202608061045,37200.0,37300.0,36950.0,37150.0,1980
202608061100,37150.0,37300.0,36900.0,37050.0,2739
202608061115,37050.0,37150.0,36950.0,37000.0,771
202608061130,37050.0,38200.0,37050.0,38100.0,7880
202608061145,38150.0,39600.0,38100.0,39550.0,28078
202608061200,39550.0,40200.0,38700.0,39400.0,33764
202608061215,39250.0,40050.0,39100.0,39700.0,23069
202608061230,39700.0,40500.0,39550.0,40150.0,21901
202608061245,40150.0,40750.0,40050.0,40500.0,34063
202608061300,40450.0,40500.0,39650.0,40150.0,16232
202608061315,40150.0,40250.0,39900.0,40100.0,9776
202608061330,40150.0,41250.0,40000.0,40400.0,56234
202608061345,40425.0,40600.0,40200.0,40300.0,8137
202608061400,40300.0,40500.0,40250.0,40350.0,8512
202608061415,40375.0,40500.0,40000.0,40200.0,6533
202608061430,40200.0,40350.0,39975.0,40250.0,6272
202608061445,40200.0,40300.0,39550.0,40050.0,32046
202608061500,40050.0,40250.0,39600.0,40000.0,8149
202608061515,40000.0,40200.0,39700.0,40100.0,8704
202608070900,40750.0,41000.0,40100.0,40450.0,4965
202608070915,40400.0,40400.0,39750.0,40300.0,6122
202608070930,40250.0,40350.0,39800.0,39900.0,3098
202608070945,39800.0,40150.0,39500.0,39900.0,5500
202608071000,39900.0,40000.0,39450.0,39450.0,1555
202608071015,39450.0,39450.0,38750.0,39200.0,7321
202608071030,39200.0,39200.0,38750.0,38900.0,7517
202608071045,39000.0,39100.0,38350.0,38800.0,6645
202608071100,38750.0,39000.0,38650.0,38850.0,1955
202608071115,39000.0,39150.0,38600.0,38700.0,8093
202608071130,38750.0,38750.0,38500.0,38750.0,2483
202608071145,38700.0,39150.0,38700.0,39150.0,2037
202608071200,39100.0,39200.0,38950.0,39050.0,1429
202608071215,38950.0,39400.0,38850.0,39100.0,4946
202608071230,39100.0,39400.0,39100.0,39200.0,1434
202608071245,39200.0,39250.0,39100.0,39100.0,1281
202608071300,39050.0,39100.0,38850.0,38950.0,2414
202608071315,38950.0,39150.0,38750.0,38950.0,14011
202608071330,38900.0,38950.0,38750.0,38850.0,1597
202608071345,38850.0,39000.0,38750.0,39000.0,1983
202608071400,39000.0,39250.0,38800.0,38900.0,2387
202608071415,38900.0,39000.0,38700.0,38900.0,3363
202608071430,38850.0,39100.0,38800.0,38900.0,2952
202608071445,38850.0,39050.0,38750.0,38850.0,1670
202608071500,38850.0,39150.0,38700.0,39150.0,7889
202608071515,39150.0,39200.0,39000.0,39150.0,12177
202608100900,40700.0,41100.0,40200.0,40950.0,10198
202608100915,40950.0,41500.0,40700.0,40750.0,14677
202608100930,40750.0,40750.0,40350.0,40650.0,9048
202608100945,40600.0,41500.0,40400.0,41450.0,14355
202608101000,41450.0,41650.0,41250.0,41600.0,13381
202608101015,41600.0,41700.0,40850.0,40900.0,8885
202608101030,40850.0,40900.0,40100.0,40250.0,10978
202608101045,40250.0,40500.0,40200.0,40250.0,5992
202608101100,40200.0,40500.0,40150.0,40350.0,4696
202608101115,40250.0,40450.0,40100.0,40250.0,4187
202608101130,40250.0,40450.0,40200.0,40350.0,4963
202608101145,40300.0,40500.0,40300.0,40350.0,3666
202608101200,40500.0,40550.0,40300.0,40400.0,5116
202608101215,40450.0,40600.0,40350.0,40350.0,3922
202608101230,40400.0,40550.0,40300.0,40350.0,3929
202608101245,40450.0,40450.0,40300.0,40400.0,3686
202608101300,40400.0,40550.0,40250.0,40350.0,4255
202608101315,40300.0,40550.0,40200.0,40250.0,4157
202608101330,40200.0,40600.0,40100.0,40500.0,8192
202608101345,40500.0,40750.0,40450.0,40650.0,6757
202608101400,40650.0,40900.0,40650.0,40800.0,11977
202608101415,40800.0,41000.0,40750.0,40850.0,7685
202608101430,40850.0,40950.0,40650.0,40800.0,5544
202608101445,40800.0,40850.0,40600.0,40850.0,7937
202608101500,40850.0,40950.0,40700.0,40950.0,6223
202608101515,40950.0,40950.0,40900.0,40950.0,3931
202608110900,41500.0,42400.0,40650.0,41400.0,32698
202608110915,41500.0,41650.0,40800.0,40950.0,5594
202608110930,41000.0,41400.0,40950.0,41300.0,4165
202608110945,41300.0,41400.0,40750.0,40850.0,5541
202608111000,40850.0,41400.0,40550.0,41250.0,9571
202608111015,41200.0,41300.0,40550.0,40600.0,3917
202608111030,40650.0,40900.0,40550.0,40650.0,2998
202608111045,40650.0,40650.0,40150.0,40250.0,5042
202608111100,40200.0,40850.0,40200.0,40500.0,7409
202608111115,40550.0,40700.0,40400.0,40600.0,1402
202608111130,40550.0,40700.0,40300.0,40350.0,1818
202608111145,40450.0,40750.0,40200.0,40350.0,1177
202608111200,40250.0,40550.0,40200.0,40400.0,1403
202608111215,40350.0,40600.0,40300.0,40450.0,1187
202608111230,40400.0,40700.0,40350.0,40700.0,1313
202608111245,40700.0,40900.0,40450.0,40700.0,1383
202608111300,40600.0,40650.0,40350.0,40450.0,2044
202608111315,40450.0,40500.0,40050.0,40200.0,4814
202608111330,40200.0,40350.0,40050.0,40300.0,2156
202608111345,40300.0,40400.0,40050.0,40400.0,1820
202608111400,40350.0,40500.0,40150.0,40450.0,1652
202608111415,40450.0,40450.0,40300.0,40350.0,1416
202608111430,40300.0,40400.0,40200.0,40250.0,1367
202608111445,40200.0,40500.0,40150.0,40450.0,2410
202608111500,40500.0,41200.0,40500.0,41200.0,9969
202608111515,41100.0,41350.0,41000.0,41000.0,9323
202608120900,40850.0,41000.0,39000.0,40150.0,12379
202608120915,40050.0,40300.0,39750.0,40150.0,7935
202608120930,40050.0,40250.0,40000.0,40250.0,1485
202608120945,40250.0,40250.0,39950.0,40050.0,3441
202608121000,40050.0,40250.0,39950.0,40250.0,1320
202608121015,40150.0,40650.0,40100.0,40650.0,2990
202608121030,40650.0,40900.0,40650.0,40800.0,3958
202608121045,40850.0,41600.0,40800.0,41000.0,15536
202608121100,40950.0,41200.0,40850.0,41200.0,2249
202608121115,41200.0,41450.0,41150.0,41300.0,3316
202608121130,41150.0,41250.0,41150.0,41200.0,586
202608121145,41150.0,41150.0,40950.0,41000.0,3351
202608121200,41050.0,41250.0,40600.0,40600.0,7912
202608121215,40650.0,40900.0,40200.0,40900.0,6328
202608121230,40900.0,41200.0,40850.0,40900.0,11100
202608121245,40950.0,41100.0,40950.0,41000.0,3669
202608121300,41000.0,41200.0,40950.0,41200.0,5871
202608121315,41200.0,41550.0,41200.0,41500.0,7562
202608121330,41450.0,41650.0,41400.0,41550.0,4537
202608121345,41550.0,41700.0,41500.0,41700.0,4174
202608121400,41700.0,41750.0,41550.0,41650.0,2773
202608121415,41700.0,41750.0,41400.0,41450.0,3216
202608121430,41450.0,41600.0,41400.0,41450.0,2105
202608121445,41400.0,41550.0,41400.0,41500.0,2478
202608121500,41400.0,41600.0,41350.0,41500.0,2043
202608121515,41500.0,41600.0,41350.0,41600.0,2886
202608130900,40600.0,41100.0,39700.0,39950.0,15484
202608130915,40100.0,41000.0,39900.0,41000.0,10217
202608130930,40900.0,41500.0,40900.0,41350.0,7523
202608130945,41200.0,41300.0,40500.0,40700.0,9444
202608131000,40700.0,40800.0,40100.0,40150.0,4894
202608131015,40150.0,40600.0,40150.0,40600.0,4236
202608131030,40550.0,40700.0,40300.0,40300.0,4882
202608131045,40300.0,40750.0,40300.0,40700.0,3717
202608131100,40600.0,41050.0,40500.0,41050.0,2993
202608131115,40850.0,41600.0,40800.0,41300.0,17883
202608131130,41300.0,41750.0,41250.0,41550.0,9628
202608131145,41550.0,42300.0,41500.0,42200.0,12013
202608131200,42200.0,42800.0,42150.0,42800.0,12933
202608131215,42800.0,42800.0,42350.0,42450.0,4409
202608131230,42450.0,42800.0,42450.0,42700.0,7947
202608131245,42750.0,42800.0,42400.0,42400.0,3192
202608131300,42400.0,42500.0,41800.0,41900.0,3209
202608131315,41900.0,42600.0,41800.0,42550.0,5662
202608131330,42550.0,43500.0,42550.0,43000.0,30266
202608131345,43050.0,43200.0,42700.0,42700.0,5717
202608131400,42750.0,42750.0,42250.0,42250.0,4649
202608131415,42250.0,42500.0,42050.0,42100.0,3795
202608131430,42050.0,42100.0,41100.0,41500.0,7279
202608131445,41500.0,41550.0,41050.0,41100.0,6082
202608131500,41050.0,41350.0,40850.0,41350.0,5464
202608131515,41200.0,41750.0,41200.0,41500.0,4837
202608140900,41350.0,42000.0,40750.0,41300.0,9911
202608140915,41300.0,41700.0,40950.0,41700.0,5820
202608140930,41700.0,41700.0,40350.0,40500.0,11798
202608140945,40500.0,40700.0,40150.0,40200.0,9195
202608141000,40400.0,40900.0,40000.0,40200.0,18246
202608141015,40200.0,40700.0,40200.0,40650.0,1589
202608141030,40650.0,40700.0,40450.0,40500.0,2495
202608141045,40450.0,40550.0,40300.0,40300.0,1789
202608141100,40300.0,40750.0,40300.0,40700.0,2579
202608141115,40700.0,40800.0,40550.0,40550.0,1501
202608141130,40600.0,40600.0,40450.0,40500.0,1137
202608141145,40500.0,40500.0,40300.0,40350.0,1166
202608141200,40300.0,40450.0,40300.0,40300.0,1025
202608141215,40300.0,40450.0,40250.0,40450.0,915
202608141230,40450.0,40500.0,40300.0,40350.0,1013
202608141245,40500.0,40600.0,40300.0,40500.0,3443
202608141300,40500.0,40550.0,40400.0,40400.0,1092
202608141315,40500.0,40650.0,40450.0,40550.0,3263
202608141330,40550.0,40600.0,40450.0,40450.0,1703
202608141345,40450.0,40650.0,40450.0,40500.0,1350
202608141400,40550.0,41300.0,40550.0,40800.0,2446
202608141415,40650.0,40950.0,40650.0,40800.0,1335
202608141430,40800.0,40850.0,40700.0,40850.0,959
202608141445,40825.0,40850.0,40450.0,40500.0,2954
202608141500,40500.0,40700.0,40300.0,40550.0,5944
202608141515,40650.0,40700.0,40500.0,40500.0,3460
202608180900,39950.0,40750.0,39500.0,40300.0,24509
202608180915,40300.0,40850.0,40150.0,40700.0,14958
202608180930,40550.0,41400.0,40550.0,41400.0,21054
202608180945,41400.0,41400.0,40050.0,40350.0,13996
202608181000,40350.0,40400.0,39650.0,39650.0,14553
202608181015,39650.0,40200.0,39550.0,39850.0,10103
202608181030,39800.0,39900.0,39450.0,39500.0,19324
202608181045,39450.0,39550.0,39200.0,39400.0,10718
202608181100,39400.0,39650.0,39400.0,39550.0,2943
202608181115,39550.0,39600.0,39150.0,39250.0,6590
202608181130,39200.0,39250.0,38850.0,38950.0,14743
202608181145,38950.0,39100.0,38850.0,39100.0,4284
202608181200,39100.0,39200.0,38950.0,39000.0,3449
202608181215,39000.0,39000.0,38600.0,38600.0,5819
202608181230,38600.0,38950.0,38500.0,38800.0,7398
202608181245,38850.0,39250.0,38800.0,39250.0,2949
202608181300,39200.0,39250.0,38800.0,38900.0,2924
202608181315,38900.0,39150.0,38850.0,39100.0,2251
202608181330,39100.0,39300.0,39050.0,39200.0,2173
202608181345,39150.0,39600.0,39050.0,39450.0,3714
202608181400,39500.0,39550.0,39150.0,39150.0,3513
202608181415,39250.0,39300.0,38850.0,38850.0,9987
202608181430,38850.0,38850.0,38100.0,38150.0,16079
202608181445,38150.0,38350.0,38050.0,38150.0,10021
202608181500,38150.0,38150.0,37650.0,37950.0,30312
202608181515,37950.0,38200.0,37900.0,38050.0,4008
202608190900,36750.0,37400.0,36450.0,36700.0,14094
202608190915,36600.0,36750.0,36300.0,36650.0,7703
202608190930,36650.0,37150.0,36650.0,36800.0,8646
202608190945,36800.0,36800.0,36150.0,36300.0,15955
202608191000,36300.0,36750.0,36300.0,36650.0,3785
202608191015,36600.0,36650.0,36300.0,36400.0,5385
202608191030,36450.0,36500.0,36200.0,36300.0,6353
202608191045,36300.0,36450.0,35900.0,35900.0,19531
202608191100,35900.0,36150.0,35800.0,36000.0,9916
202608191115,36050.0,36500.0,36000.0,36300.0,7587
202608191130,36300.0,36450.0,36150.0,36250.0,1494
202608191145,36250.0,36350.0,36150.0,36150.0,1812
202608191200,36150.0,36250.0,36100.0,36200.0,1334
202608191215,36200.0,36250.0,36100.0,36250.0,1328
202608191230,36150.0,36200.0,35950.0,35950.0,3842
202608191245,36000.0,36050.0,35700.0,35750.0,9602
202608191300,35750.0,35850.0,35200.0,35500.0,18243
202608191315,35500.0,35550.0,35300.0,35350.0,8107
202608191330,35300.0,35500.0,35000.0,35350.0,14709
202608191345,35350.0,35550.0,35300.0,35450.0,4983
202608191400,35550.0,36500.0,35500.0,36350.0,8887
202608191415,36400.0,36400.0,36100.0,36350.0,4343
202608191430,36350.0,36650.0,36250.0,36600.0,6788
202608191445,36650.0,36950.0,36600.0,36650.0,10295
202608191500,36600.0,36800.0,36450.0,36500.0,7730
202608191515,36500.0,37000.0,36500.0,36700.0,3166
202608200900,36800.0,37500.0,36450.0,36450.0,4129
202608200915,36450.0,36500.0,35650.0,35950.0,7775
202608200930,35950.0,36050.0,35650.0,36050.0,4367
202608200945,36000.0,36400.0,35900.0,36250.0,6594
202608201000,36250.0,36300.0,36000.0,36075.0,3733
202608201015,36150.0,36800.0,36150.0,36650.0,2474
202608201030,36650.0,37500.0,36650.0,37250.0,6151
202608201045,37250.0,37350.0,36850.0,36850.0,2003
202608201100,36850.0,36850.0,36650.0,36650.0,5965
202608201115,36650.0,36700.0,36550.0,36650.0,1202
202608201130,36650.0,36650.0,36350.0,36350.0,1590
202608201145,36400.0,36400.0,36200.0,36300.0,1166
202608201200,36300.0,36700.0,36300.0,36700.0,1129
202608201215,36700.0,37000.0,36700.0,36850.0,1354
202608201230,36850.0,37350.0,36800.0,37200.0,3046
202608201245,37200.0,37250.0,37000.0,37000.0,2905
202608201300,37050.0,37100.0,36650.0,36700.0,2237
202608201315,36650.0,37300.0,36650.0,37000.0,3555
202608201330,37050.0,37050.0,36900.0,36900.0,2016
202608201345,36950.0,36950.0,36650.0,36650.0,2242
202608201400,36700.0,36700.0,36550.0,36650.0,2462
202608201415,36650.0,37000.0,36600.0,36900.0,2291
202608201430,36950.0,37000.0,36850.0,36850.0,1357
202608201445,36900.0,36900.0,36650.0,36650.0,1526
202608201500,36650.0,37150.0,36600.0,37000.0,4022
202608201515,37100.0,37450.0,36950.0,37250.0,5211
202608210900,36050.0,36250.0,35450.0,35900.0,9252
202608210915,35900.0,36100.0,35700.0,35700.0,4229
202608210930,35750.0,37350.0,35550.0,35900.0,7010
202608210945,35900.0,35900.0,35000.0,35100.0,24531
202608211000,35100.0,35150.0,34550.0,34800.0,16201
202608211015,34850.0,34950.0,34500.0,34800.0,9349
202608211030,34800.0,34850.0,34400.0,34400.0,10531
202608211045,34400.0,34400.0,33900.0,33950.0,20391
202608211100,33900.0,34600.0,33700.0,34550.0,9001
202608211115,34500.0,35200.0,34500.0,34950.0,10677
202608211130,35000.0,35000.0,34600.0,34700.0,4148
202608211145,34750.0,34850.0,34700.0,34800.0,2275
202608211200,34800.0,34900.0,34450.0,34450.0,4751
202608211215,34450.0,34500.0,34300.0,34400.0,3317
202608211230,34450.0,34500.0,34400.0,34400.0,1708
202608211245,34400.0,34650.0,34250.0,34250.0,4199
202608211300,34300.0,34350.0,34200.0,34200.0,3376
202608211315,34250.0,34800.0,34250.0,34300.0,3067
202608211330,34400.0,34500.0,34350.0,34350.0,2752
202608211345,34350.0,34550.0,34350.0,34350.0,4049
202608211400,34350.0,34600.0,34350.0,34450.0,4436
202608211415,34500.0,34800.0,34150.0,34250.0,8187
202608211430,34250.0,34300.0,34100.0,34300.0,5120
202608211445,34300.0,34450.0,33850.0,33900.0,26345
202608211500,33900.0,34200.0,33900.0,34200.0,4163
202608211515,34150.0,34150.0,34000.0,34000.0,4144
202608240900,34550.0,34650.0,33200.0,33700.0,12083
202608240915,33700.0,34100.0,33700.0,33800.0,7062
202608240930,33800.0,34100.0,33700.0,33900.0,4637
202608240945,33950.0,34050.0,33900.0,33900.0,4107
202608241000,33950.0,35100.0,33900.0,34950.0,10222
202608241015,34950.0,34950.0,34550.0,34700.0,4961
202608241030,34700.0,34700.0,34500.0,34500.0,3249
202608241045,34500.0,34650.0,34400.0,34400.0,2583
202608241100,34400.0,34500.0,34250.0,34350.0,1812
202608241115,34400.0,34950.0,34300.0,34750.0,3139
202608241130,34700.0,34900.0,34600.0,34700.0,2587
202608241145,34750.0,34750.0,34450.0,34450.0,2654
202608241200,34500.0,34500.0,33850.0,33850.0,5786
202608241215,33850.0,34000.0,33550.0,33600.0,4006
202608241230,33600.0,34000.0,33500.0,33650.0,5578
202608241245,33700.0,33900.0,33400.0,33500.0,3567
202608241300,33500.0,33750.0,33400.0,33550.0,2865
202608241315,33550.0,33950.0,33500.0,33900.0,4414
202608241330,33950.0,33950.0,33650.0,33650.0,3184
202608241345,33750.0,33850.0,33500.0,33550.0,2938
202608241400,33550.0,33750.0,33550.0,33650.0,1758
202608241415,33650.0,34100.0,33550.0,33600.0,4540
202608241430,33750.0,34000.0,33600.0,33750.0,2517
202608241445,33800.0,33900.0,33600.0,33800.0,3494
202608241500,33800.0,34050.0,33800.0,33900.0,6112
202608241515,34000.0,34600.0,33900.0,34300.0,7152
202608250900,33550.0,33550.0,32200.0,32400.0,17483
202608250915,32400.0,32750.0,31800.0,32600.0,11056
202608250930,32600.0,33850.0,32550.0,33550.0,7916
202608250945,33600.0,33850.0,33300.0,33400.0,5100
202608251000,33500.0,33800.0,33300.0,33450.0,3440
202608251015,33450.0,33550.0,33000.0,33200.0,5307
202608251030,33200.0,33600.0,33200.0,33450.0,2741
202608251045,33500.0,33750.0,33300.0,33650.0,3597
202608251100,33650.0,34000.0,33600.0,33950.0,3860
202608251115,33900.0,34050.0,33850.0,33950.0,3811
202608251130,33950.0,34000.0,33750.0,33800.0,2504
202608251145,33800.0,33850.0,33650.0,33800.0,2596
202608251200,33800.0,33950.0,33700.0,33900.0,2845
202608251215,33850.0,34000.0,33800.0,33950.0,2902
202608251230,34000.0,34100.0,33950.0,33950.0,3514
202608251245,34000.0,34200.0,33950.0,34100.0,2768
202608251300,34100.0,34400.0,34000.0,34200.0,3405
202608251315,34250.0,34350.0,34000.0,34050.0,5236
202608251330,34100.0,34300.0,34050.0,34100.0,4312
202608251345,34100.0,34200.0,33950.0,34200.0,3305
202608251400,34100.0,34300.0,34050.0,34250.0,2682
202608251415,34300.0,34400.0,34150.0,34350.0,3349
202608251430,34400.0,34450.0,34200.0,34250.0,3586
202608251445,34300.0,34450.0,34200.0,34300.0,3828
202608251500,34350.0,34500.0,34250.0,34300.0,6849
202608251515,34400.0,34500.0,34250.0,34400.0,2372
202608260900,34400.0,34400.0,33750.0,33900.0,5096
202608260915,33950.0,34150.0,33700.0,33700.0,2277
202608260930,33700.0,33800.0,33300.0,33600.0,4995
202608260945,33600.0,33800.0,33050.0,33300.0,22041
202608261000,33300.0,33700.0,33150.0,33650.0,3223
202608261015,33700.0,33900.0,33550.0,33650.0,3044
202608261030,33700.0,33950.0,33600.0,33700.0,1836
202608261045,33700.0,33700.0,33500.0,33550.0,2979
202608261100,33450.0,33600.0,33450.0,33500.0,1518
202608261115,33500.0,33550.0,33000.0,33150.0,8817
202608261130,33200.0,33400.0,33150.0,33300.0,2282
202608261145,33300.0,33450.0,33150.0,33200.0,1775
202608261200,33200.0,33250.0,33100.0,33100.0,2399
202608261215,33100.0,33150.0,32700.0,32800.0,15933
202608261230,32800.0,32900.0,32650.0,32850.0,3429
202608261245,32850.0,32900.0,32700.0,32700.0,3266
202608261300,32750.0,32900.0,32450.0,32850.0,12208
202608261315,32900.0,33050.0,32700.0,32900.0,2019
202608261330,32925.0,34400.0,32900.0,34150.0,13510
202608261345,34250.0,34500.0,33800.0,34200.0,14235
202608261400,34350.0,34500.0,34250.0,34350.0,12342
202608261415,34350.0,34350.0,33750.0,33800.0,13539
202608261430,33800.0,34150.0,33750.0,33850.0,12566
202608261445,33850.0,34250.0,33800.0,33800.0,11913
202608261500,33800.0,33950.0,33450.0,33600.0,5107
202608261515,33600.0,33700.0,33500.0,33500.0,2015
202608270900,33500.0,33900.0,33450.0,33450.0,2958
202608270915,33475.0,33900.0,33450.0,33700.0,1502
202608270930,33750.0,33800.0,33450.0,33650.0,2037
202608270945,33600.0,33700.0,33300.0,33450.0,44392
202608271000,33400.0,33400.0,33100.0,33100.0,2351
202608271015,33100.0,33550.0,33100.0,33550.0,2598
202608271030,33550.0,33600.0,33400.0,33400.0,1357
202608271045,33450.0,33600.0,33400.0,33400.0,1632
202608271100,33450.0,34100.0,33450.0,33850.0,16129
202608271115,33900.0,33900.0,33550.0,33700.0,1883
202608271130,33700.0,33800.0,33650.0,33750.0,1654
202608271145,33800.0,34000.0,33750.0,33850.0,1099
202608271200,33900.0,34400.0,33850.0,34100.0,7820
202608271215,34100.0,34100.0,33800.0,33900.0,4020
202608271230,33850.0,33850.0,33750.0,33800.0,819
202608271245,33850.0,33900.0,33750.0,33750.0,2040
202608271300,33750.0,33900.0,33750.0,33900.0,1207
202608271315,33850.0,34900.0,33850.0,34850.0,10413
202608271330,34850.0,34850.0,34350.0,34600.0,3220
202608271345,34650.0,34750.0,34100.0,34100.0,4784
202608271400,34100.0,34350.0,34000.0,34100.0,5353
202608271415,34100.0,34200.0,33850.0,33900.0,3428
202608271430,34000.0,34150.0,33850.0,34000.0,3774
202608271445,34000.0,34300.0,33900.0,34200.0,4528
202608271500,34150.0,34200.0,33900.0,34050.0,3323
202608271515,34000.0,34250.0,34000.0,34000.0,2368
202608280900,33750.0,33800.0,33250.0,33350.0,3799
202608280915,33400.0,33400.0,33150.0,33250.0,4376
202608280930,33300.0,33450.0,33250.0,33450.0,1019
202608280945,33400.0,33500.0,33200.0,33200.0,2879
202608281000,33200.0,33300.0,32950.0,33150.0,6537
202608281015,33250.0,33300.0,33100.0,33300.0,622
202608281030,33300.0,33350.0,33200.0,33250.0,841
202608281045,33300.0,33400.0,33300.0,33300.0,999
202608281100,33300.0,33550.0,33300.0,33550.0,2956
202608281115,33550.0,33650.0,33550.0,33600.0,602
202608281130,33600.0,33650.0,33500.0,33500.0,668
202608281145,33500.0,33600.0,33500.0,33500.0,405
202608281200,33550.0,33600.0,33450.0,33550.0,1140
202608281215,33550.0,33600.0,33550.0,33575.0,434
202608281230,33600.0,33600.0,33400.0,33450.0,731
202608281245,33450.0,33700.0,33450.0,33600.0,919
202608281300,33650.0,33950.0,33600.0,33600.0,668
202608281315,33650.0,34000.0,33600.0,33850.0,1131
202608281330,33800.0,34000.0,33600.0,33600.0,1137
202608281345,33600.0,33750.0,33550.0,33550.0,1377
202608281400,33600.0,33700.0,33550.0,33550.0,1068
202608281415,33600.0,33700.0,33400.0,33400.0,1763
202608281430,33500.0,33700.0,33300.0,33550.0,3862
202608281445,33500.0,33700.0,33450.0,33550.0,1197
202608281500,33700.0,34000.0,33550.0,33900.0,7633
202608281515,33900.0,34000.0,33750.0,33950.0,3219
202608310900,33100.0,33200.0,32650.0,32850.0,4462
202608310915,33000.0,33350.0,32850.0,33200.0,1699
202608310930,33200.0,33400.0,33150.0,33200.0,2292
202608310945,33200.0,33200.0,32800.0,32800.0,2397
202608311000,32750.0,33000.0,32750.0,32800.0,1069
202608311015,32850.0,32900.0,32600.0,32650.0,2694
202608311030,32700.0,32800.0,32650.0,32700.0,1641
202608311045,32700.0,33050.0,32650.0,32800.0,1911
202608311100,32800.0,32800.0,32500.0,32650.0,3180
202608311115,32650.0,32675.0,32400.0,32550.0,3525
202608311130,32500.0,32650.0,32500.0,32600.0,1214
202608311145,32650.0,32800.0,32600.0,32750.0,662
202608311200,32700.0,32900.0,32600.0,32900.0,658
202608311215,32850.0,32950.0,32750.0,32750.0,1142
202608311230,32750.0,32900.0,32700.0,32850.0,844
202608311245,32850.0,33050.0,32850.0,32900.0,985
202608311300,32900.0,33050.0,32800.0,32850.0,782
202608311315,33000.0,33050.0,32850.0,33000.0,1955
202608311330,33050.0,33300.0,33000.0,33250.0,1082
202608311345,33250.0,33450.0,33200.0,33300.0,1885
202608311400,33300.0,33450.0,33300.0,33400.0,1656
202608311415,33400.0,33450.0,33300.0,33350.0,676
202608311430,33350.0,33450.0,33250.0,33300.0,1432
202608311445,33250.0,33300.0,33150.0,33150.0,1240
202608311500,33150.0,33300.0,32950.0,33200.0,3299
202608311515,33200.0,33300.0,33000.0,33000.0,1478
202609010900,32500.0,32500.0,31650.0,31850.0,10603
202609010915,31800.0,32000.0,31150.0,31550.0,13323
202609010930,31600.0,31600.0,30950.0,31250.0,9724
202609010945,31300.0,31800.0,31050.0,31300.0,7760
202609011000,31300.0,31500.0,31100.0,31150.0,5812
202609011015,31250.0,31300.0,30800.0,31100.0,19942
202609011030,31050.0,31350.0,30950.0,31250.0,3581
202609011045,31200.0,31300.0,30700.0,30850.0,7632
202609011100,30850.0,31050.0,30850.0,31000.0,2674
202609011115,31050.0,31250.0,30600.0,30700.0,19518
202609011130,30700.0,30850.0,30650.0,30750.0,5718
202609011145,30750.0,30900.0,30700.0,30800.0,2857
202609011200,30800.0,31050.0,30800.0,31050.0,783
202609011215,31000.0,31150.0,31000.0,31150.0,710
202609011230,31150.0,31200.0,31100.0,31200.0,1127
202609011245,31150.0,31300.0,31050.0,31100.0,4159
202609011300,31050.0,31050.0,30950.0,31000.0,1489
202609011315,31050.0,31200.0,31000.0,31150.0,1811
202609011330,31100.0,31150.0,30950.0,30950.0,2043
202609011345,30950.0,31100.0,30950.0,31000.0,2477
202609011400,30950.0,31100.0,30950.0,31000.0,1393
202609011415,31050.0,31400.0,30900.0,31400.0,7054
202609011430,31400.0,32450.0,31350.0,32350.0,10729
202609011445,32350.0,32450.0,31900.0,31950.0,4643
202609011500,32000.0,32450.0,32000.0,32350.0,5013
202609011515,32350.0,32400.0,32000.0,32000.0,2569
202609020900,30850.0,31000.0,30300.0,30850.0,10012
202609020915,31000.0,31450.0,31000.0,31050.0,6714
202609020930,31050.0,31300.0,31050.0,31100.0,4284
202609020945,31100.0,31150.0,30850.0,30950.0,4731
202609021000,30950.0,30950.0,30750.0,30900.0,4980
202609021015,30950.0,31100.0,30800.0,30850.0,3506
202609021030,30850.0,30900.0,30700.0,30750.0,2889
202609021045,30750.0,31200.0,30650.0,31200.0,2892
202609021100,31000.0,31150.0,30850.0,30900.0,3196
202609021115,31050.0,31300.0,31000.0,31000.0,3399
202609021130,31000.0,31100.0,30900.0,31000.0,1941
202609021145,31000.0,31100.0,30900.0,30900.0,2209
202609021200,30950.0,31000.0,30600.0,30650.0,6489
202609021215,30600.0,30800.0,30500.0,30700.0,4264
202609021230,30700.0,30800.0,30650.0,30650.0,2645
202609021245,30650.0,30650.0,30500.0,30550.0,2385
202609021300,30550.0,30600.0,30500.0,30550.0,2800
202609021315,30550.0,30700.0,30500.0,30600.0,3723
202609021330,30650.0,30800.0,30550.0,30550.0,2382
202609021345,30600.0,31300.0,30550.0,31000.0,4746
202609021400,31000.0,31250.0,31000.0,31100.0,3529
202609021415,31100.0,31150.0,31050.0,31100.0,4611
202609021430,31100.0,31100.0,30750.0,31100.0,9381
202609021445,31000.0,31050.0,30900.0,31000.0,2933
202609021500,30950.0,31300.0,30850.0,30850.0,7426
202609021515,30900.0,31100.0,30700.0,30700.0,3083
202609030900,30850.0,31000.0,30050.0,30200.0,3878
202609030915,30100.0,30350.0,29950.0,30250.0,8311
202609030930,30250.0,30450.0,30250.0,30300.0,1462
202609030945,30300.0,30350.0,30250.0,30300.0,1927
202609031000,30350.0,30450.0,30250.0,30350.0,8857
202609031015,30350.0,30450.0,30200.0,30300.0,4223
202609031030,30300.0,30325.0,30100.0,30150.0,7577
202609031045,30200.0,30200.0,29800.0,29800.0,9416
202609031100,29800.0,30000.0,29800.0,29950.0,3455
202609031115,29975.0,30050.0,29950.0,29975.0,3286
202609031130,30000.0,30000.0,29950.0,30000.0,1182
202609031145,30000.0,30100.0,29950.0,30100.0,3492
202609031200,30100.0,30250.0,30050.0,30200.0,913
202609031215,30200.0,30200.0,29950.0,30000.0,9581
202609031230,30000.0,30050.0,29800.0,29950.0,9808
202609031245,29950.0,30050.0,29900.0,30050.0,1871
202609031300,30050.0,30050.0,29850.0,30000.0,4400
202609031315,30000.0,30100.0,29950.0,30050.0,2276
202609031330,30050.0,30050.0,29950.0,30000.0,2583
202609031345,30000.0,30050.0,29900.0,29950.0,2955
202609031400,29950.0,29950.0,29700.0,29700.0,12156
202609031415,29750.0,29750.0,29300.0,29450.0,18756
202609031430,29450.0,29850.0,29450.0,29650.0,4916
202609031445,29650.0,29900.0,29550.0,29850.0,5029
202609031500,29900.0,29900.0,29750.0,29800.0,6104
202609031515,29850.0,29900.0,29700.0,29900.0,3029
202609040900,30000.0,30250.0,29800.0,29900.0,8291
202609040915,29900.0,30100.0,29850.0,30000.0,6856
202609040930,29950.0,30100.0,29950.0,30100.0,4278
202609040945,30100.0,30250.0,30050.0,30100.0,7343
202609041000,30100.0,30200.0,29900.0,29900.0,3839
202609041015,29900.0,29950.0,29900.0,29950.0,2948
202609041030,29950.0,30050.0,29925.0,30050.0,1073
202609041045,30050.0,30250.0,30000.0,30100.0,3339
202609041100,30100.0,33100.0,30050.0,33100.0,96923
202609041115,33100.0,34300.0,33000.0,33300.0,76908
202609041130,33250.0,33400.0,32450.0,33000.0,20059
202609041145,33000.0,33100.0,32700.0,32850.0,5907
202609041200,32850.0,34200.0,32800.0,33350.0,34026
202609041215,33250.0,33850.0,32850.0,33050.0,13344
202609041230,33050.0,33900.0,32700.0,33900.0,15221
202609041245,33800.0,35150.0,33600.0,34750.0,76145
202609041300,34700.0,34700.0,33950.0,33950.0,17304
202609041315,34000.0,34050.0,32950.0,33250.0,25878
202609041330,33300.0,33850.0,33250.0,33700.0,5069
202609041345,33750.0,33900.0,33650.0,33750.0,3891
202609041400,33850.0,33900.0,33650.0,33700.0,4893
202609041415,33700.0,34200.0,33650.0,34100.0,8958
202609041430,34100.0,34100.0,33550.0,33650.0,8861
202609041445,33700.0,33700.0,33450.0,33500.0,5609
202609041500,33550.0,33850.0,33450.0,33800.0,4950
202609041515,33800.0,33950.0,33600.0,33600.0,5834
202609070900,32650.0,33100.0,31950.0,32200.0,17637
202609070915,32200.0,32850.0,32100.0,32850.0,9640
202609070930,32900.0,33300.0,32600.0,33050.0,10625
202609070945,33050.0,33150.0,32750.0,32850.0,3428
202609071000,32850.0,32950.0,32500.0,32650.0,3199
202609071015,32650.0,32900.0,32400.0,32600.0,5291
202609071030,32650.0,32750.0,32400.0,32600.0,3014
202609071045,32600.0,32750.0,32550.0,32600.0,2438
202609071100,32600.0,32650.0,32200.0,32350.0,5208
202609071115,32300.0,32450.0,32250.0,32400.0,2816
202609071130,32350.0,32450.0,32250.0,32250.0,2919
202609071145,32250.0,32350.0,32100.0,32150.0,3821
202609071200,32200.0,32200.0,31900.0,31950.0,6894
202609071215,31950.0,32250.0,31850.0,31850.0,6151
202609071230,31950.0,32050.0,31750.0,31900.0,5787
202609071245,31900.0,32200.0,31900.0,32100.0,4934
202609071300,32100.0,32250.0,32050.0,32050.0,4400
202609071315,32150.0,33100.0,32100.0,33100.0,18612
202609071330,33050.0,33300.0,32950.0,33200.0,11229
202609071345,33300.0,33350.0,33000.0,33150.0,12345
202609071400,33200.0,33200.0,33000.0,33200.0,11251
202609071415,33200.0,33300.0,33050.0,33100.0,11693
202609071430,33100.0,33250.0,33000.0,33250.0,12185
202609071445,33250.0,33250.0,32850.0,32850.0,14295
202609071500,33050.0,33050.0,32500.0,32500.0,6086
202609071515,32600.0,32600.0,32400.0,32400.0,5221
202609080900,32100.0,32400.0,31600.0,31650.0,11195
202609080915,31600.0,32100.0,31100.0,31950.0,16536
202609080930,31950.0,32200.0,31900.0,32200.0,7085
202609080945,32150.0,32350.0,32100.0,32300.0,6649
202609081000,32300.0,32350.0,32200.0,32300.0,7950
202609081015,32350.0,33050.0,32300.0,32900.0,12087
202609081030,32850.0,33550.0,32700.0,33400.0,11368
202609081045,33400.0,33400.0,33100.0,33350.0,5137
202609081100,33350.0,33400.0,33050.0,33400.0,4650
202609081115,33350.0,33600.0,33350.0,33500.0,8318
202609081130,33500.0,33500.0,33250.0,33250.0,3770
202609081145,33250.0,33400.0,33200.0,33400.0,4820
202609081200,33400.0,33600.0,33250.0,33600.0,5502
202609081215,33600.0,34050.0,33600.0,33700.0,10459
202609081230,33700.0,33750.0,33600.0,33650.0,3817
202609081245,33700.0,33700.0,33400.0,33550.0,4731
202609081300,33550.0,33550.0,33400.0,33450.0,5199
202609081315,33400.0,33600.0,33200.0,33300.0,11778
202609081330,33300.0,33300.0,32550.0,32700.0,10761
202609081345,32700.0,33150.0,32400.0,32900.0,26026
202609081400,32900.0,33000.0,32750.0,32750.0,4987
202609081415,32750.0,32850.0,32600.0,32650.0,6434
202609081430,32650.0,32700.0,32500.0,32550.0,5710
202609081445,32500.0,32600.0,32250.0,32250.0,7125
202609081500,32250.0,32250.0,32050.0,32050.0,4176
202609081515,32100.0,32100.0,31700.0,31700.0,8557
202609090900,31800.0,32650.0,31700.0,32550.0,8950
202609090915,32550.0,33150.0,32450.0,32750.0,9336
202609090930,32700.0,33050.0,32700.0,32950.0,5004
202609090945,32900.0,33250.0,32900.0,32950.0,7319
202609091000,32975.0,33000.0,32900.0,33000.0,3593
202609091015,33000.0,33100.0,32900.0,32950.0,6882
202609091030,32900.0,32950.0,32600.0,32950.0,8188
202609091045,32900.0,32950.0,32550.0,32550.0,7865
202609091100,32600.0,32900.0,32550.0,32900.0,3148
202609091115,32900.0,33000.0,32800.0,33000.0,2774
202609091130,33000.0,33100.0,32950.0,33000.0,2903
202609091145,33000.0,33050.0,32950.0,32950.0,1788
202609091200,32950.0,32950.0,32750.0,32800.0,1505
202609091215,32800.0,33000.0,32750.0,33000.0,2391
202609091230,33000.0,33050.0,32850.0,32850.0,2760
202609091245,32850.0,32950.0,32800.0,32850.0,2083
202609091300,32850.0,33000.0,32600.0,32600.0,3311
202609091315,32600.0,32850.0,32550.0,32850.0,5412
202609091330,32850.0,32900.0,32750.0,32800.0,2231
202609091345,32800.0,33050.0,32700.0,33050.0,7052
202609091400,33000.0,33000.0,32900.0,32950.0,3265
202609091415,32900.0,32950.0,32550.0,32700.0,4732
202609091430,32700.0,33050.0,32650.0,32950.0,6211
202609091445,32950.0,33050.0,32900.0,32950.0,5819
202609091500,32950.0,32950.0,32800.0,32850.0,4167
202609091515,32850.0,33000.0,32800.0,33000.0,5061
202609100900,32350.0,32500.0,32000.0,32150.0,5964
202609100915,32150.0,32450.0,32150.0,32250.0,8570
202609100930,32250.0,32300.0,31950.0,31950.0,4248
202609100945,31950.0,32100.0,31550.0,31700.0,11359
202609101000,31750.0,31950.0,31600.0,31700.0,4922
202609101015,31700.0,31950.0,31650.0,31750.0,4528
202609101030,31750.0,31800.0,31500.0,31750.0,9577
202609101045,31750.0,31950.0,31700.0,31950.0,2917
202609101100,31900.0,32500.0,31850.0,32500.0,7752
202609101115,32400.0,32400.0,32300.0,32400.0,1958
202609101130,32350.0,32350.0,32000.0,32000.0,6046
202609101145,32050.0,32100.0,32000.0,32100.0,2018
202609101200,32100.0,32450.0,32100.0,32300.0,3143
202609101215,32300.0,32400.0,32300.0,32400.0,4066
202609101230,32400.0,32400.0,32250.0,32350.0,2407
202609101245,32350.0,32400.0,32200.0,32200.0,1982
202609101300,32200.0,32200.0,32150.0,32150.0,2009
202609101315,32200.0,32600.0,32100.0,32550.0,6183
202609101330,32500.0,32550.0,32400.0,32450.0,2758
202609101345,32500.0,32950.0,32450.0,32800.0,5518
202609101400,32900.0,32900.0,32700.0,32900.0,3921
202609101415,32800.0,33150.0,32700.0,33050.0,9038
202609101430,33050.0,33050.0,32900.0,33050.0,3649
202609101445,33000.0,33050.0,32700.0,32700.0,4097
202609101500,32700.0,33050.0,32700.0,32800.0,4107
202609101515,33000.0,33000.0,32650.0,32650.0,34338
202609110900,31850.0,32050.0,31750.0,31900.0,3646
202609110915,31850.0,32050.0,31750.0,31900.0,8657
202609110930,31900.0,32350.0,31750.0,31900.0,4499
202609110945,31900.0,32200.0,31900.0,32000.0,8798
202609111000,31950.0,32050.0,31850.0,31900.0,3400
202609111015,31900.0,31900.0,31800.0,31900.0,3453
202609111030,31850.0,32350.0,31850.0,31900.0,2569
202609111045,31900.0,32150.0,31900.0,32150.0,1389
202609111100,32050.0,32100.0,31900.0,32000.0,2645
202609111115,31950.0,32050.0,31900.0,31950.0,1819
202609111130,31950.0,32050.0,31850.0,32050.0,1480
202609111145,32050.0,32200.0,31900.0,32000.0,1693
202609111200,32100.0,32150.0,31950.0,32050.0,1282
202609111215,32050.0,32050.0,31950.0,31950.0,1452
202609111230,32000.0,32050.0,31900.0,31950.0,1347
202609111245,32000.0,32050.0,31950.0,32050.0,1290
202609111300,32050.0,32100.0,31950.0,32100.0,1665
202609111315,32100.0,32150.0,32050.0,32050.0,1584
202609111330,32100.0,32100.0,32050.0,32050.0,1312
202609111345,32075.0,32075.0,31650.0,31700.0,11333
202609111400,31700.0,31800.0,31600.0,31750.0,3727
202609111415,31750.0,31750.0,31600.0,31600.0,3019
202609111430,31600.0,31650.0,31550.0,31600.0,3113
202609111445,31600.0,31650.0,31500.0,31600.0,7185
202609111500,31600.0,31600.0,31400.0,31400.0,7921
202609111515,31450.0,31500.0,31400.0,31450.0,4050
202609140900,30800.0,31200.0,30600.0,31000.0,7223
202609140915,30950.0,31250.0,30800.0,30850.0,4685
202609140930,30850.0,31000.0,30750.0,30900.0,1682
202609140945,30900.0,31100.0,30900.0,30950.0,1777
202609141000,30950.0,31100.0,30550.0,30750.0,5219
202609141015,30750.0,31000.0,30650.0,30900.0,7519
202609141030,30900.0,31000.0,30850.0,30950.0,1481
202609141045,30950.0,31200.0,30950.0,31100.0,1970
202609141100,31100.0,31150.0,31000.0,31000.0,3301
202609141115,31050.0,31050.0,30800.0,30850.0,2431
202609141130,30800.0,31050.0,30750.0,31000.0,1138
202609141145,31000.0,31200.0,31000.0,31050.0,1491
202609141200,31100.0,31150.0,31000.0,31050.0,2203
202609141215,31100.0,31100.0,31000.0,31100.0,1729
202609141230,31100.0,31100.0,31050.0,31050.0,1058
202609141245,31100.0,31100.0,31000.0,31050.0,1537
202609141300,31100.0,31150.0,31050.0,31100.0,913
202609141315,31100.0,31100.0,31000.0,31100.0,998
202609141330,31100.0,31100.0,30900.0,30900.0,2294
202609141345,30900.0,30950.0,30750.0,30750.0,2899
202609141400,30750.0,30800.0,30150.0,30350.0,12553
202609141415,30350.0,30400.0,30250.0,30300.0,3332
202609141430,30250.0,30400.0,30250.0,30400.0,2384
202609141445,30400.0,30400.0,30150.0,30150.0,3302
202609141500,30150.0,30200.0,29950.0,30100.0,11431
202609141515,30050.0,30100.0,30050.0,30100.0,2816
202609150900,30250.0,30400.0,29800.0,30100.0,6941
202609150915,30100.0,30650.0,30100.0,30450.0,3808
202609150930,30500.0,30650.0,30450.0,30600.0,3087
202609150945,30600.0,30600.0,30350.0,30400.0,2574
202609151000,30350.0,30750.0,30350.0,30750.0,7447
202609151015,30750.0,31000.0,30700.0,30950.0,2479
202609151030,30950.0,31050.0,30750.0,30750.0,2304
202609151045,30800.0,31000.0,30600.0,31000.0,2791
202609151100,31100.0,31200.0,31000.0,31200.0,1079
202609151115,31200.0,31400.0,30850.0,31000.0,3816
202609151130,30900.0,31100.0,30650.0,30650.0,1955
202609151145,30650.0,30650.0,30300.0,30450.0,5676
202609151200,30450.0,30550.0,30450.0,30450.0,1898
202609151215,30450.0,30500.0,30350.0,30450.0,1843
202609151230,30500.0,30600.0,30450.0,30600.0,626
202609151245,30500.0,30600.0,30450.0,30450.0,987
202609151300,30500.0,30500.0,30450.0,30500.0,575
202609151315,30500.0,30550.0,30450.0,30500.0,1359
202609151330,30500.0,30700.0,30250.0,30300.0,6347
202609151345,30300.0,30400.0,30300.0,30300.0,3371
202609151400,30300.0,30350.0,30100.0,30150.0,1981
202609151415,30100.0,30450.0,30050.0,30450.0,3552
202609151430,30450.0,30500.0,30400.0,30450.0,4304
202609151445,30450.0,30550.0,30400.0,30400.0,1948
202609151500,30400.0,30450.0,30350.0,30350.0,1425
202609151515,30400.0,30400.0,30300.0,30300.0,1752
202609160900,30050.0,30250.0,29950.0,30100.0,1723
202609160915,30100.0,30300.0,30050.0,30100.0,1020
202609160930,30100.0,30300.0,29800.0,30000.0,14144
202609160945,30000.0,30100.0,29650.0,29700.0,4607
202609161000,29750.0,29850.0,29400.0,29700.0,5406
202609161015,29750.0,30200.0,29650.0,30150.0,7878
202609161030,30150.0,30850.0,30150.0,30800.0,4501
202609161045,30850.0,31200.0,30700.0,30900.0,11237
202609161100,30900.0,31650.0,30900.0,31650.0,10399
202609161115,31600.0,32300.0,31600.0,32050.0,21081
202609161130,32000.0,32150.0,31700.0,31850.0,9883
202609161145,31800.0,32000.0,31750.0,32000.0,7076
202609161200,32050.0,32200.0,31900.0,32050.0,6633
202609161215,32000.0,32200.0,31900.0,32000.0,8572
202609161230,32000.0,32000.0,31800.0,31800.0,4488
202609161245,31850.0,31900.0,31700.0,31800.0,4259
202609161300,31800.0,31800.0,31750.0,31800.0,2143
202609161315,31800.0,31800.0,31550.0,31600.0,5106
202609161330,31600.0,31600.0,31400.0,31500.0,2388
202609161345,31500.0,31600.0,31300.0,31450.0,4704
202609161400,31450.0,31450.0,31350.0,31350.0,3506
202609161415,31350.0,31650.0,31300.0,31400.0,7547
202609161430,31450.0,31450.0,31350.0,31400.0,5916
202609161445,31350.0,31500.0,31100.0,31200.0,8700
202609161500,31200.0,31250.0,31000.0,31250.0,2298
202609161515,31100.0,31350.0,30950.0,31100.0,1867
202609170900,30950.0,31450.0,30950.0,31250.0,1761
202609170915,31200.0,31650.0,31150.0,31550.0,3743
202609170930,31450.0,31500.0,31400.0,31400.0,475
202609170945,31400.0,31450.0,31250.0,31300.0,1401
202609171000,31300.0,31450.0,31300.0,31300.0,1616
202609171015,31300.0,31350.0,31150.0,31150.0,1573
202609171030,31200.0,31350.0,31150.0,31200.0,2036
202609171045,31200.0,31600.0,31200.0,31300.0,2271
202609171100,31300.0,31600.0,31300.0,31500.0,1445
202609171115,31500.0,31700.0,31500.0,31700.0,968
202609171130,31700.0,31800.0,31600.0,31800.0,1229
202609171145,31800.0,31950.0,31650.0,31700.0,3467
202609171200,31650.0,31950.0,31550.0,31800.0,985
202609171215,31900.0,32050.0,31800.0,31900.0,4805
202609171230,31900.0,32050.0,31850.0,32000.0,4722
202609171245,32050.0,32150.0,31900.0,32150.0,7761
202609171300,32200.0,32850.0,32200.0,32500.0,11057
202609171315,32450.0,32550.0,32300.0,32450.0,2958
202609171330,32450.0,32550.0,32200.0,32250.0,6358
202609171345,32250.0,32500.0,32250.0,32400.0,6176
202609171400,32450.0,32500.0,32350.0,32500.0,3326
202609171415,32500.0,32500.0,32250.0,32250.0,4372
202609171430,32250.0,32450.0,32200.0,32300.0,2099
202609171445,32450.0,32500.0,31950.0,32150.0,6981
202609171500,32000.0,32300.0,31750.0,32000.0,12489
202609171515,32200.0,32400.0,31900.0,32350.0,3252
202609180900,32050.0,32100.0,31800.0,32000.0,1322
202609180915,32000.0,32300.0,32000.0,32000.0,2174
202609180930,32050.0,32100.0,31800.0,32050.0,2616
202609180945,31950.0,32450.0,31900.0,32450.0,2097
202609181000,32450.0,32500.0,32200.0,32350.0,3065
202609181015,32350.0,32550.0,32250.0,32550.0,2588
202609181030,32600.0,32600.0,32300.0,32300.0,5258
202609181045,32300.0,32300.0,32200.0,32300.0,815
202609181100,32200.0,32300.0,32200.0,32250.0,1167
202609181115,32250.0,32300.0,32200.0,32300.0,718
202609181130,32200.0,32300.0,32200.0,32300.0,583
202609181145,32200.0,32300.0,32050.0,32200.0,935
202609181200,32100.0,32200.0,31950.0,32050.0,1294
202609181215,31950.0,32050.0,31900.0,31900.0,1128
202609181230,32000.0,32050.0,31900.0,31950.0,1345
202609181245,31950.0,31950.0,31700.0,31700.0,4682
202609181300,31750.0,31950.0,31650.0,31950.0,3239
202609181315,31850.0,31950.0,31750.0,31950.0,876
202609181330,31950.0,32000.0,31800.0,31900.0,1572
202609181345,31800.0,31900.0,31650.0,31750.0,1516
202609181400,31650.0,31750.0,31550.0,31575.0,4765
202609181415,31600.0,31700.0,31400.0,31500.0,5455
202609181430,31500.0,31550.0,31200.0,31500.0,11637
202609181445,31500.0,31550.0,31300.0,31500.0,1779
202609181500,31400.0,31650.0,31350.0,31550.0,1494
202609181515,31400.0,32500.0,31350.0,32500.0,773380
202609210900,34300.0,34500.0,31800.0,32550.0,55070
202609210915,32400.0,33450.0,32300.0,33100.0,16451
202609210930,33100.0,33700.0,33100.0,33350.0,12137
202609210945,33300.0,33800.0,33100.0,33700.0,16029
202609211000,33700.0,34100.0,33650.0,33700.0,21709
202609211015,33750.0,33950.0,33700.0,33950.0,16554
202609211030,34000.0,34150.0,33550.0,33600.0,15403
202609211045,33650.0,33900.0,33650.0,33650.0,11737
202609211100,33650.0,33650.0,33100.0,33250.0,7455
202609211115,33250.0,33650.0,33200.0,33400.0,4468
202609211130,33400.0,33450.0,33200.0,33250.0,1873
202609211145,33250.0,33250.0,32850.0,33000.0,2513
202609211200,33050.0,33250.0,33000.0,33050.0,1688
202609211215,33050.0,33200.0,33050.0,33100.0,1511
202609211230,33100.0,33100.0,33000.0,33050.0,723
202609211245,33100.0,34000.0,33050.0,33950.0,8974
202609211300,33950.0,34100.0,33650.0,34000.0,52297
202609211315,34000.0,34300.0,33950.0,34300.0,22161
202609211330,34300.0,34850.0,34250.0,34650.0,23074
202609211345,34650.0,34650.0,34300.0,34550.0,12891
202609211400,34550.0,34700.0,34400.0,34650.0,24165
202609211415,34700.0,34700.0,34450.0,34500.0,16434
202609211430,34550.0,34600.0,34350.0,34600.0,23340
202609211445,34550.0,34700.0,34150.0,34250.0,11744
202609211500,34350.0,34400.0,34200.0,34200.0,3622
202609211515,34200.0,34400.0,34200.0,34350.0,8105
202609220900,34350.0,34700.0,33550.0,33550.0,15829
202609220915,33600.0,33850.0,33250.0,33400.0,12264
202609220930,33400.0,33450.0,33050.0,33450.0,9407
202609220945,33500.0,33900.0,33500.0,33600.0,5630
202609221000,33600.0,33650.0,33200.0,33200.0,4894
202609221015,33200.0,33250.0,32950.0,33000.0,8873
202609221030,33050.0,33050.0,32600.0,32750.0,6449
202609221045,32700.0,33000.0,32600.0,32850.0,6366
202609221100,32900.0,33000.0,32750.0,32950.0,4076
202609221115,32950.0,33200.0,32850.0,33000.0,2531
202609221130,33000.0,33050.0,32850.0,33000.0,2269
202609221145,33000.0,33100.0,32900.0,33000.0,1739
202609221200,33000.0,33050.0,32900.0,33050.0,1386
202609221215,33000.0,33000.0,32900.0,33000.0,979
202609221230,33050.0,33050.0,32800.0,32900.0,3148
202609221245,32850.0,32900.0,32750.0,32800.0,2442
202609221300,32850.0,33050.0,32650.0,32650.0,4312
202609221315,32750.0,32900.0,32650.0,32700.0,3684
202609221330,32700.0,32700.0,32350.0,32500.0,6696
202609221345,32500.0,32500.0,32300.0,32400.0,3727
202609221400,32450.0,32600.0,32400.0,32400.0,1875
202609221415,32400.0,32400.0,32200.0,32350.0,3477
202609221430,32350.0,32600.0,32300.0,32500.0,2078
202609221445,32550.0,32850.0,32400.0,32700.0,6446
202609221500,32700.0,32700.0,32250.0,32400.0,3006
202609221515,32400.0,32750.0,32350.0,32750.0,7601
202609230900,32000.0,32700.0,31950.0,32600.0,4286
202609230915,32550.0,32900.0,32450.0,32750.0,8209
202609230930,32750.0,32900.0,32600.0,32800.0,2620
202609230945,32750.0,32850.0,32500.0,32500.0,2807
202609231000,32500.0,32500.0,32300.0,32500.0,1669
202609231015,32500.0,32600.0,32400.0,32450.0,772
202609231030,32450.0,32500.0,32350.0,32400.0,1149
202609231045,32400.0,32400.0,32000.0,32200.0,5325
202609231100,32200.0,32200.0,32050.0,32200.0,1473
202609231115,32200.0,32250.0,32050.0,32200.0,898
202609231130,32250.0,32250.0,32150.0,32250.0,690
202609231145,32250.0,32350.0,32200.0,32350.0,575
202609231200,32350.0,32400.0,32300.0,32350.0,1167
202609231215,32350.0,32400.0,32300.0,32350.0,443
202609231230,32350.0,32500.0,32250.0,32400.0,4432
202609231245,32350.0,32400.0,32250.0,32250.0,933
202609231300,32350.0,32350.0,32150.0,32250.0,968
202609231315,32250.0,32250.0,32200.0,32250.0,455
202609231330,32250.0,32250.0,32150.0,32200.0,1494
202609231345,32150.0,32200.0,32150.0,32200.0,731
202609231400,32150.0,32200.0,31900.0,31950.0,6364
202609231415,31900.0,31950.0,31800.0,31800.0,2926
202609231430,31800.0,31850.0,31750.0,31800.0,5560
202609231445,31750.0,31800.0,31750.0,31800.0,1796
202609231500,31750.0,31850.0,31750.0,31800.0,2210
202609231515,31800.0,31850.0,31800.0,31800.0,2645
202609280900,32100.0,32350.0,31700.0,32000.0,7139
202609280915,32000.0,32050.0,31850.0,32000.0,1499
202609280930,32000.0,32650.0,31950.0,32650.0,6143
202609280945,32650.0,33200.0,32600.0,32900.0,9688
202609281000,32850.0,32950.0,32750.0,32750.0,4511
202609281015,32750.0,32850.0,32650.0,32850.0,3763
202609281030,32800.0,32850.0,32650.0,32700.0,2410
202609281045,32700.0,32700.0,32600.0,32600.0,2149
202609281100,32650.0,32700.0,32450.0,32600.0,3311
202609281115,32550.0,32700.0,32350.0,32500.0,4406
202609281130,32550.0,32700.0,32450.0,32550.0,2847
202609281145,32600.0,32600.0,32450.0,32550.0,2085
202609281200,32600.0,32750.0,32550.0,32600.0,3304
202609281215,32600.0,32650.0,32400.0,32450.0,2555
202609281230,32400.0,32450.0,32300.0,32350.0,1783
202609281245,32400.0,32500.0,32350.0,32400.0,2016
202609281300,32450.0,32550.0,32350.0,32550.0,2330
202609281315,32550.0,32700.0,32450.0,32650.0,5142
202609281330,32600.0,32600.0,32050.0,32200.0,2736
202609281345,32200.0,32250.0,31900.0,31900.0,3240
202609281400,31900.0,32100.0,31800.0,31900.0,3516
202609281415,31900.0,32300.0,31850.0,32150.0,4785
202609281430,32150.0,32200.0,31900.0,31950.0,4174
202609281445,31900.0,33400.0,31900.0,33400.0,18781
202609281500,33450.0,33450.0,32450.0,32450.0,12973
202609281515,32400.0,32450.0,32100.0,32200.0,6711
202609290900,31350.0,31400.0,30450.0,30700.0,30080
202609290915,30800.0,30950.0,30550.0,30900.0,4205
202609290930,30850.0,30950.0,30700.0,30750.0,3802
202609290945,30700.0,30750.0,30600.0,30650.0,4560
202609291000,30700.0,30700.0,30250.0,30300.0,12561
202609291015,30300.0,30550.0,30300.0,30300.0,6926
202609291030,30300.0,30350.0,29950.0,30000.0,17947
202609291045,30000.0,30100.0,29950.0,29950.0,9720
202609291100,29950.0,30100.0,29900.0,30100.0,18313
202609291115,30050.0,30100.0,30000.0,30000.0,6718
202609291130,30050.0,30050.0,29900.0,29950.0,12789
202609291145,29900.0,29950.0,29800.0,29850.0,10601
202609291200,29850.0,29850.0,29600.0,29600.0,9652
202609291215,29650.0,29850.0,29600.0,29800.0,6338
202609291230,29800.0,30000.0,29800.0,29900.0,5125
202609291245,29900.0,29950.0,29800.0,29800.0,3576
202609291300,29800.0,29850.0,29700.0,29750.0,6932
202609291315,29800.0,29800.0,29600.0,29650.0,14156
202609291330,29600.0,29650.0,29350.0,29450.0,27387
202609291345,29400.0,29550.0,29200.0,29500.0,11341
202609291400,29500.0,29550.0,29250.0,29400.0,7590
202609291415,29450.0,29550.0,29400.0,29450.0,8492
202609291430,29450.0,29500.0,29300.0,29300.0,9802
202609291445,29350.0,29400.0,29250.0,29300.0,10517
202609291500,29350.0,29600.0,29300.0,29500.0,9589
202609291515,29500.0,29700.0,29450.0,29700.0,2329
202609300900,29500.0,29600.0,29200.0,29450.0,8765
202609300915,29450.0,29950.0,29450.0,29900.0,3642
202609300930,29900.0,30400.0,29900.0,30150.0,6000
202609300945,30150.0,30250.0,30000.0,30250.0,4944
202609301000,30200.0,30250.0,30050.0,30200.0,4542
202609301015,30250.0,30350.0,30150.0,30200.0,4829
202609301030,30200.0,30250.0,30150.0,30200.0,3724
202609301045,30200.0,30500.0,30200.0,30500.0,4898
202609301100,30450.0,30650.0,30450.0,30650.0,3878
202609301115,30650.0,30850.0,30600.0,30650.0,6322
202609301130,30650.0,30700.0,30450.0,30450.0,4015
202609301145,30500.0,30650.0,30350.0,30650.0,7363
202609301200,30700.0,30750.0,30600.0,30600.0,4016
202609301215,30550.0,30750.0,30500.0,30750.0,3297
202609301230,30750.0,30850.0,30700.0,30850.0,4279
202609301245,30825.0,31000.0,30825.0,30900.0,4235
202609301300,30900.0,31000.0,30900.0,31000.0,3550
202609301315,30950.0,31100.0,30950.0,30950.0,4059
202609301330,30950.0,31000.0,30850.0,31000.0,3548
202609301345,31000.0,31000.0,30850.0,30900.0,6307
202609301400,31000.0,31000.0,30650.0,30700.0,3933
202609301415,30700.0,30850.0,30650.0,30750.0,3581
202609301430,30800.0,30800.0,30500.0,30700.0,5198
202609301445,30700.0,30900.0,30700.0,30850.0,4309
202609301500,30750.0,30750.0,30600.0,30650.0,674
202609301515,30650.0,30700.0,30300.0,30450.0,2977
202610010900,30100.0,30400.0,30000.0,30400.0,2808
202610010915,30350.0,30350.0,30050.0,30150.0,1942
202610010930,30150.0,30200.0,29900.0,30000.0,3161
202610010945,29950.0,30100.0,29950.0,30000.0,1303
202610011000,30000.0,30500.0,30000.0,30450.0,2268
202610011015,30450.0,30500.0,30250.0,30250.0,1100
202610011030,30300.0,30400.0,30200.0,30300.0,972
202610011045,30300.0,30300.0,30050.0,30150.0,1243
202610011100,30200.0,30250.0,30150.0,30200.0,830
202610011115,30200.0,30200.0,30050.0,30100.0,1496
202610011130,30100.0,30200.0,30050.0,30050.0,2328
202610011145,30050.0,30150.0,30050.0,30150.0,761
202610011200,30100.0,30200.0,30100.0,30150.0,770
202610011215,30150.0,30200.0,30100.0,30200.0,1361
202610011230,30200.0,30300.0,30150.0,30250.0,1110
202610011245,30250.0,30600.0,30250.0,30600.0,5388
202610011300,30600.0,30650.0,30500.0,30500.0,3752
202610011315,30500.0,30750.0,30500.0,30650.0,3026
202610011330,30650.0,30750.0,30450.0,30650.0,6260
202610011345,30650.0,30650.0,30450.0,30500.0,3826
202610011400,30550.0,30550.0,30500.0,30550.0,3240
202610011415,30500.0,30600.0,30350.0,30350.0,6585
202610011430,30350.0,30750.0,30250.0,30650.0,11710
202610011445,30600.0,30750.0,30500.0,30700.0,3908
202610011500,30700.0,30700.0,30200.0,30250.0,18361
202610011515,30200.0,30450.0,30050.0,30350.0,6423
202610020900,30050.0,30350.0,29900.0,29950.0,10990
202610020915,29900.0,30150.0,29750.0,29850.0,7623
202610020930,29850.0,30100.0,29850.0,30050.0,3075
202610020945,30000.0,30100.0,29800.0,29950.0,4114
202610021000,29950.0,29950.0,29800.0,29800.0,4011
202610021015,29850.0,29850.0,29750.0,29800.0,4648
202610021030,29800.0,29800.0,29550.0,29550.0,8814
202610021045,29550.0,29600.0,29450.0,29500.0,14099
202610021100,29500.0,29550.0,29400.0,29450.0,12491
202610021115,29450.0,29600.0,29450.0,29550.0,2920
202610021130,29500.0,29600.0,29450.0,29450.0,4082
202610021145,29500.0,29500.0,29400.0,29400.0,6291
202610021200,29450.0,29450.0,29250.0,29300.0,5909
202610021215,29300.0,29300.0,29250.0,29300.0,2107
202610021230,29300.0,29350.0,29250.0,29300.0,4697
202610021245,29300.0,29350.0,29200.0,29250.0,9507
202610021300,29250.0,29300.0,29100.0,29150.0,6650
202610021315,29150.0,29350.0,29100.0,29200.0,10530
202610021330,29250.0,29350.0,29200.0,29350.0,1336
202610021345,29350.0,29400.0,29350.0,29400.0,853
202610021400,29350.0,29400.0,29350.0,29400.0,1171
202610021415,29400.0,29400.0,29350.0,29350.0,972
202610021430,29400.0,29400.0,29300.0,29350.0,1495
202610021445,29350.0,29350.0,29000.0,29050.0,20659
202610021500,29050.0,29150.0,29000.0,29150.0,6355
202610021515,29150.0,29250.0,29100.0,29200.0,2562
202610060900,29400.0,29500.0,28800.0,28850.0,13647
202610060915,28900.0,29400.0,28800.0,29350.0,7459
202610060930,29350.0,29650.0,29250.0,29500.0,9915
202610060945,29500.0,29600.0,29500.0,29550.0,3264
202610061000,29550.0,29550.0,29450.0,29500.0,3059
202610061015,29550.0,29900.0,29550.0,29800.0,8383
202610061030,29800.0,30350.0,29800.0,29950.0,29131
202610061045,29950.0,30300.0,29850.0,30100.0,14771
202610061100,30100.0,30100.0,30000.0,30000.0,2629
202610061115,30000.0,30050.0,29900.0,29950.0,6697
202610061130,29950.0,30050.0,29900.0,30050.0,6020
202610061145,30050.0,30200.0,30050.0,30150.0,4033
202610061200,30200.0,30300.0,30050.0,30250.0,6844
202610061215,30250.0,30250.0,30100.0,30100.0,3035
202610061230,30100.0,30200.0,30100.0,30150.0,3185
202610061245,30150.0,30200.0,30100.0,30100.0,2293
202610061300,30100.0,30150.0,30050.0,30100.0,2647
202610061315,30150.0,30150.0,30050.0,30150.0,3612
202610061330,30150.0,30150.0,30050.0,30100.0,2201
202610061345,30100.0,30100.0,30050.0,30100.0,2590
202610061400,30100.0,30200.0,30000.0,30150.0,5795
202610061415,30150.0,30150.0,30100.0,30100.0,2442
202610061430,30100.0,30150.0,30050.0,30100.0,3917
202610061445,30100.0,30150.0,29950.0,30100.0,5646
202610061500,30100.0,30100.0,29950.0,30000.0,6259
202610061515,30000.0,30050.0,29900.0,29950.0,2024
202610070900,29700.0,29750.0,29500.0,29500.0,4455
202610070915,29500.0,29650.0,29400.0,29500.0,1481
202610070930,29550.0,29550.0,29250.0,29300.0,3695
202610070945,29300.0,29500.0,29250.0,29400.0,1662
202610071000,29400.0,29400.0,29300.0,29350.0,1160
202610071015,29400.0,29450.0,29350.0,29400.0,557
202610071030,29350.0,29550.0,29250.0,29250.0,2436
202610071045,29250.0,29350.0,29100.0,29200.0,4346
202610071100,29200.0,29300.0,28800.0,28850.0,11582
202610071115,28850.0,29000.0,28850.0,28950.0,4147
202610071130,29000.0,29000.0,28900.0,28900.0,1869
202610071145,28900.0,28950.0,28800.0,28850.0,2610
202610071200,28850.0,28950.0,28800.0,28950.0,1714
202610071215,28950.0,29000.0,28950.0,29000.0,273
202610071230,28950.0,29000.0,28650.0,28750.0,26402
202610071245,28750.0,28950.0,28600.0,28700.0,5257
202610071300,28700.0,29000.0,28650.0,28850.0,2808
202610071315,28825.0,28900.0,28800.0,28850.0,2326
202610071330,28800.0,28850.0,28700.0,28700.0,3189
202610071345,28700.0,28700.0,28450.0,28500.0,13212
202610071400,28500.0,28550.0,28300.0,28400.0,10766
202610071415,28350.0,28550.0,28300.0,28500.0,7218
202610071430,28500.0,28650.0,28500.0,28600.0,4637
202610071445,28600.0,28600.0,28300.0,28300.0,13071
202610071500,28300.0,28350.0,27800.0,27850.0,25833
202610071515,27850.0,28000.0,27800.0,27850.0,7658
202610080900,27600.0,27650.0,27050.0,27150.0,10309
202610080915,27175.0,27175.0,26200.0,26850.0,20434
202610080930,26850.0,27350.0,26850.0,27200.0,4229
202610080945,27200.0,27200.0,27000.0,27050.0,3700
202610081000,27050.0,27800.0,26950.0,27650.0,9724
202610081015,27650.0,28450.0,27650.0,28450.0,8831
202610081030,28450.0,28500.0,28300.0,28400.0,3743
202610081045,28400.0,28650.0,28400.0,28550.0,4729
202610081100,28500.0,28650.0,28150.0,28300.0,6624
202610081115,28350.0,28350.0,28150.0,28300.0,2541
202610081130,28350.0,28450.0,28250.0,28350.0,2831
202610081145,28300.0,28400.0,28000.0,28300.0,2536
202610081200,28300.0,28350.0,28050.0,28250.0,2536
202610081215,28250.0,28300.0,28150.0,28300.0,1795
202610081230,28300.0,28300.0,28000.0,28150.0,3018
202610081245,28150.0,28150.0,27900.0,27950.0,2234
202610081300,27950.0,28250.0,27950.0,28250.0,3413
202610081315,28250.0,28350.0,28200.0,28300.0,2401
202610081330,28350.0,28350.0,28150.0,28300.0,2994
202610081345,28300.0,29100.0,28200.0,29000.0,22084
202610081400,28950.0,30000.0,28500.0,28650.0,23483
202610081415,28650.0,28850.0,28400.0,28850.0,8354
202610081430,28750.0,28850.0,28450.0,28500.0,8832
202610081445,28600.0,29000.0,28300.0,28750.0,14818
202610081500,28700.0,28750.0,28400.0,28400.0,3658
202610081515,28400.0,28950.0,28300.0,28750.0,5719
