202601020945,651000.0,662000.0,651000.0,658000.0,471926
202601021000,658000.0,660000.0,654000.0,655000.0,450891
202601021015,656000.0,658000.0,647000.0,655000.0,491484
202601021030,655000.0,666000.0,654000.0,666000.0,394091
202601021045,666000.0,667000.0,663000.0,666500.0,206357
202601021100,666500.0,668000.0,662000.0,666000.0,160150
202601021115,665000.0,667000.0,664000.0,665000.0,89965
202601021130,665000.0,667000.0,664000.0,664000.0,73273
202601021145,664000.0,671000.0,664000.0,670000.0,149604
202601021200,670000.0,672000.0,669000.0,670000.0,154933
202601021215,670500.0,672000.0,669000.0,671000.0,109367
202601021230,670000.0,674000.0,670000.0,672000.0,90864
202601021245,673000.0,673000.0,670000.0,672000.0,91007
202601021300,671000.0,672000.0,670000.0,671000.0,81855
202601021315,671000.0,674000.0,671000.0,674000.0,63222
202601021330,673000.0,674000.0,669000.0,669000.0,98846
202601021345,670000.0,674000.0,669000.0,673000.0,85177
202601021400,672500.0,676000.0,672000.0,675000.0,117207
202601021415,675500.0,679000.0,673000.0,678000.0,145840
202601021430,678500.0,679000.0,673000.0,675000.0,161788
202601021445,676000.0,679000.0,674000.0,678500.0,97758
202601021500,678000.0,679000.0,676000.0,678500.0,155780
202601021515,678000.0,679000.0,677000.0,677000.0,201132
202601050900,694000.0,700000.0,689000.0,695000.0,542187
202601050915,695000.0,697000.0,693000.0,696000.0,244302
202601050930,696000.0,697000.0,685000.0,688000.0,310037
202601050945,687000.0,691000.0,684000.0,690000.0,203527
202601051000,690000.0,692000.0,685000.0,686000.0,162207
202601051015,686000.0,690000.0,685000.0,689000.0,144516
202601051030,690000.0,692000.0,688000.0,690500.0,91213
202601051045,691000.0,693000.0,689000.0,692000.0,96143
202601051100,692000.0,695000.0,691000.0,694000.0,98110
202601051115,694000.0,695000.0,693000.0,694000.0,64224
202601051130,694000.0,697000.0,693000.0,696000.0,93085
202601051145,697000.0,699000.0,696000.0,696500.0,130768
202601051200,696500.0,699000.0,696000.0,698000.0,85685
202601051215,698000.0,699000.0,697000.0,698500.0,100878
202601051230,698000.0,699000.0,693000.0,693000.0,118128
202601051245,694000.0,695000.0,690000.0,692000.0,95063
202601051300,692000.0,693000.0,689000.0,693000.0,98419
202601051315,693000.0,694000.0,690000.0,691000.0,89172
202601051330,691000.0,693000.0,690000.0,692000.0,79636
202601051345,693000.0,694000.0,692000.0,692000.0,74225
202601051400,692000.0,697500.0,692000.0,695000.0,136587
202601051415,696000.0,696000.0,692000.0,692000.0,96953
202601051430,692000.0,694000.0,691000.0,694000.0,116342
202601051445,693000.0,694000.0,691000.0,693000.0,127657
202601051500,692000.0,695000.0,692000.0,694000.0,147068
202601051515,694000.0,696000.0,693000.0,696000.0,342772
202601060900,687000.0,689000.0,677000.0,677000.0,316092
202601060915,678000.0,679500.0,671000.0,679000.0,288639
202601060930,679000.0,682000.0,677000.0,680000.0,170828
202601060945,680000.0,680000.0,673000.0,674000.0,148441
202601061000,674000.0,680000.0,673000.0,679000.0,150652
202601061015,679000.0,690000.0,679000.0,688000.0,194673
202601061030,688000.0,688000.0,682000.0,684000.0,139634
202601061045,684000.0,687000.0,683000.0,687000.0,93500
202601061100,686000.0,687000.0,680000.0,682000.0,94522
202601061115,682000.0,683000.0,680000.0,681000.0,59944
202601061130,681000.0,685000.0,681000.0,684000.0,65026
202601061145,683000.0,688000.0,683000.0,688000.0,81351
202601061200,687500.0,690000.0,687000.0,688000.0,81625
202601061215,687000.0,692000.0,685000.0,692000.0,117135
202601061230,692000.0,696000.0,688000.0,694000.0,154872
202601061245,693500.0,696000.0,691000.0,695500.0,98707
202601061300,695000.0,698000.0,693000.0,696000.0,122701
202601061315,696000.0,706000.0,695000.0,706000.0,223531
202601061330,705500.0,721000.0,705500.0,721000.0,455425
202601061345,720000.0,721000.0,716000.0,718000.0,303187
202601061400,718000.0,722000.0,713000.0,722000.0,237065
202601061415,721000.0,727000.0,716000.0,718000.0,239535
202601061430,718000.0,722000.0,717000.0,719000.0,140154
202601061445,719000.0,724000.0,718000.0,722000.0,151660
202601061500,722000.0,727000.0,721000.0,726000.0,201601
202601061515,725000.0,727000.0,724000.0,726000.0,341573
202601070900,753000.0,762000.0,750000.0,755000.0,627569
202601070915,755000.0,755000.0,739000.0,745000.0,404183
202601070930,745000.0,746000.0,737000.0,741500.0,270833
202601070945,742000.0,748000.0,741000.0,746000.0,245759
202601071000,746000.0,752000.0,745000.0,751000.0,214478
202601071015,751000.0,753000.0,747000.0,753000.0,141681
202601071030,753000.0,755000.0,749000.0,750000.0,149786
202601071045,750000.0,754000.0,749000.0,754000.0,111422
202601071100,754000.0,759000.0,753000.0,759000.0,181446
202601071115,759000.0,761000.0,757000.0,757000.0,207104
202601071130,757000.0,758000.0,754000.0,757000.0,109722
202601071145,756000.0,760000.0,756000.0,760000.0,80123
202601071200,760000.0,760000.0,755000.0,758000.0,94804
202601071215,758000.0,760000.0,758000.0,759500.0,61415
202601071230,759500.0,760000.0,750000.0,752000.0,166500
202601071245,751500.0,754000.0,738000.0,741000.0,231274
202601071300,740000.0,744000.0,734000.0,735000.0,268458
202601071315,735000.0,739000.0,728000.0,734000.0,293947
202601071330,734000.0,740000.0,734000.0,739000.0,164119
202601071345,739000.0,741000.0,733000.0,734000.0,151502
202601071400,733000.0,740000.0,732000.0,737000.0,131253
202601071415,737500.0,740000.0,736000.0,738000.0,113444
202601071430,739000.0,740000.0,736000.0,736000.0,122483
202601071445,736000.0,737000.0,732000.0,734500.0,189591
202601071500,734000.0,739000.0,734000.0,739000.0,183496
202601071515,739000.0,743000.0,737000.0,742000.0,362312
202601080900,738000.0,747000.0,735000.0,746000.0,407981
202601080915,746000.0,748500.0,740000.0,743000.0,182806
202601080930,743000.0,769000.0,743000.0,767000.0,565275
202601080945,767000.0,783000.0,765000.0,782000.0,514162
202601081000,782000.0,787000.0,777000.0,782000.0,364947
202601081015,782000.0,788000.0,779000.0,782000.0,264246
202601081030,781000.0,785000.0,775000.0,782500.0,271434
202601081045,782000.0,786000.0,780000.0,781000.0,178242
202601081100,780000.0,782000.0,776000.0,778000.0,184348
202601081115,779000.0,782000.0,778000.0,779000.0,107266
202601081130,779000.0,781000.0,775000.0,776000.0,131501
202601081145,776000.0,778000.0,769000.0,775500.0,227363
202601081200,775000.0,781000.0,773000.0,779000.0,138852
202601081215,778000.0,780000.0,770000.0,771000.0,158439
202601081230,771000.0,771000.0,766000.0,766000.0,149405
202601081245,767000.0,773000.0,766000.0,771000.0,113536
202601081300,771000.0,773000.0,767000.0,769500.0,78496
202601081315,769000.0,770000.0,766000.0,767000.0,71001
202601081330,766000.0,768000.0,761000.0,766000.0,115360
202601081345,766000.0,773000.0,766000.0,772000.0,85315
202601081400,771500.0,776000.0,771000.0,774000.0,106826
202601081415,773000.0,776000.0,772000.0,772000.0,91587
202601081430,773000.0,773000.0,766000.0,767000.0,166306
202601081445,768000.0,768000.0,762000.0,763000.0,205919
202601081500,763000.0,764000.0,757000.0,759000.0,382895
202601081515,760000.0,761000.0,756000.0,756000.0,872990
202601090900,747000.0,748000.0,735000.0,736000.0,464106
202601090915,736000.0,738000.0,727000.0,735000.0,402832
202601090930,735000.0,740000.0,733000.0,739000.0,238169
202601090945,738500.0,740000.0,737000.0,739000.0,148323
202601091000,738000.0,739000.0,733000.0,735000.0,162360
202601091015,735000.0,740000.0,732000.0,737000.0,155585
202601091030,738000.0,740000.0,733000.0,738500.0,104521
202601091045,738500.0,744000.0,737000.0,742000.0,143185
202601091100,742000.0,743000.0,741000.0,743000.0,90405
202601091115,743000.0,750000.0,742000.0,749000.0,202088
202601091130,749000.0,754000.0,746000.0,753000.0,173555
202601091145,753000.0,754000.0,750000.0,754000.0,98594
202601091200,754000.0,754500.0,750000.0,754000.0,89885
202601091215,753000.0,756000.0,751000.0,753000.0,105005
202601091230,753000.0,754000.0,749000.0,749000.0,82623
202601091245,750000.0,752000.0,747000.0,749500.0,92103
202601091300,750000.0,751000.0,748000.0,749500.0,62310
202601091315,749500.0,750000.0,747000.0,747000.0,67538
202601091330,747500.0,750000.0,745000.0,745000.0,79566
202601091345,746000.0,746000.0,742000.0,745500.0,96634
202601091400,745500.0,746000.0,742000.0,742500.0,84900
202601091415,742500.0,744000.0,742000.0,742000.0,84610
202601091430,742000.0,744000.0,739000.0,741000.0,122465
202601091445,741000.0,749000.0,739000.0,749000.0,130025
202601091500,749000.0,749000.0,744000.0,744000.0,159709
202601091515,744000.0,746000.0,743000.0,744000.0,229622
202601120900,756000.0,762000.0,747000.0,750000.0,352466
202601120915,749000.0,752000.0,744000.0,747000.0,186320
202601120930,747000.0,754000.0,747000.0,752000.0,108323
202601120945,751000.0,761000.0,750000.0,758000.0,143590
202601121000,758000.0,759000.0,754000.0,759000.0,96181
202601121015,759000.0,759000.0,752000.0,757000.0,112348
202601121030,757500.0,761000.0,757000.0,760000.0,120764
202601121045,759000.0,760000.0,755000.0,756000.0,86056
202601121100,756000.0,759000.0,754000.0,757000.0,58533
202601121115,757000.0,759000.0,755000.0,757000.0,54973
202601121130,757000.0,759000.0,756000.0,757000.0,59770
202601121145,756500.0,760000.0,755000.0,755000.0,77074
202601121200,755000.0,755500.0,748000.0,750500.0,111170
202601121215,751000.0,754000.0,750000.0,753000.0,45607
202601121230,753000.0,755000.0,752000.0,755000.0,46039
202601121245,754500.0,755000.0,746000.0,749000.0,136196
202601121300,748000.0,749000.0,745000.0,746000.0,101679
202601121315,746500.0,749000.0,746000.0,747000.0,81921
202601121330,747500.0,750000.0,746000.0,746000.0,72587
202601121345,746000.0,749000.0,745000.0,747000.0,93365
202601121400,748000.0,749000.0,746000.0,746500.0,63327
202601121415,747000.0,747000.0,741000.0,742000.0,132451
202601121430,742000.0,744000.0,736000.0,736000.0,150963
202601121445,737000.0,744000.0,735000.0,744000.0,171772
202601121500,743000.0,750000.0,743000.0,750000.0,189703
202601121515,749000.0,751000.0,748000.0,749000.0,296397
202601130900,750500.0,752000.0,743000.0,745000.0,328819
202601130915,745000.0,750000.0,744000.0,749000.0,175496
202601130930,749000.0,749000.0,746000.0,747000.0,98199
202601130945,748000.0,749000.0,745000.0,745000.0,113179
202601131000,745000.0,748000.0,744000.0,745000.0,110464
202601131015,745500.0,746000.0,744000.0,744000.0,86428
202601131030,745000.0,745000.0,735000.0,735000.0,247046
202601131045,735000.0,738000.0,732000.0,736000.0,190272
202601131100,736000.0,737000.0,730000.0,732000.0,192208
202601131115,731000.0,733000.0,727000.0,730000.0,150878
202601131130,729500.0,731000.0,726000.0,730000.0,132950
202601131145,729000.0,730000.0,727000.0,728000.0,69618
202601131200,728000.0,733000.0,728000.0,732000.0,87179
202601131215,732000.0,733000.0,728000.0,731000.0,76555
202601131230,731000.0,732000.0,728000.0,728000.0,76531
202601131245,729000.0,729000.0,727000.0,728000.0,81919
202601131300,727000.0,729000.0,726000.0,727000.0,94640
202601131315,726000.0,730000.0,726000.0,727000.0,67049
202601131330,726500.0,727000.0,725000.0,725000.0,147270
202601131345,725000.0,732000.0,724000.0,732000.0,127050
202601131400,731000.0,737000.0,731000.0,737000.0,96825
202601131415,736000.0,740000.0,736000.0,739000.0,100022
202601131430,740000.0,741000.0,736000.0,739000.0,127276
202601131445,738000.0,739000.0,735000.0,736000.0,102437
202601131500,736000.0,739000.0,736000.0,738000.0,127132
202601131515,737500.0,738000.0,737000.0,738000.0,248655
202601140900,733000.0,750000.0,733000.0,742000.0,462005
202601140915,742000.0,746000.0,738000.0,744000.0,170479
202601140930,745000.0,746000.0,741000.0,746000.0,174687
202601140945,746000.0,748000.0,743000.0,744000.0,172064
202601141000,744000.0,745000.0,740000.0,741000.0,116054
202601141015,741000.0,743000.0,739000.0,742000.0,110707
202601141030,742000.0,743000.0,732000.0,734000.0,109824
202601141045,734000.0,735000.0,730000.0,731000.0,137168
202601141100,732000.0,734000.0,728000.0,731000.0,115144
202601141115,730000.0,734000.0,730000.0,732000.0,66032
202601141130,733000.0,733000.0,730000.0,731000.0,55937
202601141145,731000.0,732000.0,729000.0,730000.0,74994
202601141200,730000.0,734000.0,729000.0,734000.0,53644
202601141215,733000.0,735000.0,733000.0,734000.0,48558
202601141230,734000.0,736000.0,734000.0,735500.0,55869
202601141245,736000.0,737000.0,734000.0,735500.0,76821
202601141300,736000.0,737000.0,735000.0,735000.0,51962
202601141315,735000.0,736000.0,733000.0,733500.0,45982
202601141330,734000.0,737000.0,733000.0,736000.0,61088
202601141345,737000.0,737000.0,734000.0,734000.0,64772
202601141400,734000.0,736000.0,733000.0,735000.0,57458
202601141415,735000.0,737000.0,734000.0,735000.0,78793
202601141430,735000.0,742000.0,734500.0,741000.0,139862
202601141445,741000.0,743000.0,739000.0,741500.0,136083
202601141500,741000.0,743000.0,740000.0,742000.0,181797
202601141515,743000.0,743000.0,740000.0,742000.0,206071
202601150900,730000.0,736000.0,727000.0,734000.0,201865
202601150915,733000.0,740000.0,731000.0,740000.0,132831
202601150930,740000.0,740000.0,735000.0,738000.0,123451
202601150945,738000.0,743000.0,738000.0,740000.0,173414
202601151000,740000.0,743000.0,738000.0,740000.0,111382
202601151015,739000.0,741000.0,735000.0,736000.0,83571
202601151030,735000.0,737000.0,732000.0,734000.0,120846
202601151045,734000.0,739000.0,734000.0,737000.0,58147
202601151100,737500.0,739000.0,735000.0,738000.0,44208
202601151115,738000.0,739000.0,735000.0,736000.0,44095
202601151130,736000.0,736000.0,733000.0,734000.0,64172
202601151145,733000.0,735000.0,732000.0,733000.0,67239
202601151200,733000.0,737000.0,733000.0,736000.0,55274
202601151215,736000.0,739000.0,734000.0,734000.0,63077
202601151230,734500.0,736000.0,734000.0,734000.0,30608
202601151245,734000.0,735000.0,734000.0,734000.0,28507
202601151300,734000.0,736000.0,734000.0,735000.0,64738
202601151315,734500.0,738000.0,734000.0,736000.0,53495
202601151330,736500.0,739000.0,736000.0,737000.0,76637
202601151345,737000.0,740000.0,737000.0,738000.0,98784
202601151400,739000.0,742000.0,738000.0,741000.0,133643
202601151415,741500.0,743000.0,739000.0,742000.0,147289
202601151430,742500.0,747000.0,742000.0,746000.0,217311
202601151445,747000.0,748000.0,746000.0,746000.0,168182
202601151500,746000.0,748000.0,745000.0,747000.0,173164
202601151515,748000.0,750000.0,747000.0,749000.0,376866
202601160900,752000.0,756000.0,747000.0,748000.0,259529
202601160915,748000.0,753000.0,747000.0,750000.0,209894
202601160930,751000.0,752000.0,747000.0,752000.0,143934
202601160945,751000.0,763000.0,750000.0,758000.0,324304
202601161000,758000.0,760000.0,754000.0,757000.0,219638
202601161015,756500.0,760000.0,753000.0,755000.0,152956
202601161030,755000.0,756000.0,753000.0,755000.0,89924
202601161045,755000.0,758000.0,753000.0,756000.0,109401
202601161100,756000.0,757000.0,753000.0,755000.0,72666
202601161115,755000.0,755500.0,752000.0,754000.0,79424
202601161130,753000.0,755000.0,753000.0,753000.0,50243
202601161145,753500.0,755000.0,752000.0,753000.0,52848
202601161200,754000.0,759000.0,752000.0,757500.0,132196
202601161215,757000.0,763000.0,757000.0,758000.0,183474
202601161230,758000.0,759000.0,756000.0,756000.0,50496
202601161245,756500.0,757000.0,754000.0,755000.0,58593
202601161300,754500.0,755000.0,749000.0,751000.0,165016
202601161315,751000.0,755000.0,751000.0,753000.0,52915
202601161330,754000.0,754000.0,750000.0,753000.0,91269
202601161345,752500.0,756000.0,752500.0,754000.0,94350
202601161400,754000.0,757000.0,754000.0,754500.0,111234
202601161415,754000.0,755000.0,752000.0,754500.0,71405
202601161430,754500.0,755000.0,751000.0,751500.0,78492
202601161445,751500.0,755000.0,751000.0,754500.0,98396
202601161500,754500.0,757000.0,754000.0,756500.0,163427
202601161515,756000.0,757000.0,755000.0,756000.0,321250
202601190900,758000.0,769000.0,750000.0,758000.0,376421
202601190915,758000.0,758000.0,750000.0,752000.0,152689
202601190930,752500.0,758000.0,752000.0,756000.0,113561
202601190945,756000.0,758000.0,753000.0,754000.0,104453
202601191000,753000.0,756000.0,752000.0,756000.0,79587
202601191015,755000.0,767000.0,755000.0,766500.0,174640
202601191030,766500.0,767000.0,762000.0,763000.0,135418
202601191045,763000.0,772000.0,762000.0,771000.0,249985
202601191100,771000.0,774000.0,768000.0,774000.0,151899
202601191115,773500.0,774000.0,767000.0,769000.0,101680
202601191130,769000.0,772000.0,765000.0,770000.0,117694
202601191145,770000.0,771000.0,766000.0,768000.0,56944
202601191200,769000.0,770000.0,767000.0,768000.0,61216
202601191215,768000.0,768000.0,758000.0,764000.0,189260
202601191230,764000.0,768000.0,761000.0,764000.0,70648
202601191245,764500.0,765000.0,760000.0,763500.0,81263
202601191300,763500.0,765000.0,760000.0,762000.0,58429
202601191315,762000.0,764000.0,761000.0,764000.0,69110
202601191330,764000.0,769000.0,763000.0,768000.0,99476
202601191345,767000.0,770000.0,766000.0,768000.0,106369
202601191400,768000.0,769000.0,765000.0,767000.0,66292
202601191415,766500.0,772000.0,766500.0,769500.0,126447
202601191430,769500.0,770000.0,766000.0,767000.0,75173
202601191445,767000.0,768000.0,765000.0,766000.0,76417
202601191500,766000.0,768000.0,764000.0,767000.0,98604
202601191515,767000.0,768000.0,764000.0,764000.0,192443
202601200900,761000.0,761000.0,746000.0,747000.0,232662
202601200915,746000.0,747000.0,737000.0,743000.0,317383
202601200930,743000.0,748000.0,740000.0,747000.0,136731
202601200945,747000.0,749000.0,742000.0,742500.0,116796
202601201000,742500.0,744000.0,738000.0,740000.0,165786
202601201015,739000.0,744000.0,738000.0,744000.0,121802
202601201030,743500.0,747000.0,741000.0,745000.0,88478
202601201045,745000.0,747000.0,744000.0,746000.0,46008
202601201100,746000.0,747000.0,741000.0,742000.0,63247
202601201115,742500.0,744000.0,740000.0,743000.0,66942
202601201130,743000.0,748000.0,743000.0,748000.0,50141
202601201145,748000.0,751000.0,747000.0,750000.0,76252
202601201200,749000.0,751000.0,748000.0,749000.0,52159
202601201215,749000.0,755000.0,749000.0,755000.0,77609
202601201230,755000.0,757000.0,751000.0,753000.0,59256
202601201245,753000.0,757000.0,752000.0,756000.0,61252
202601201300,756000.0,757000.0,752000.0,753000.0,68290
202601201315,752500.0,755000.0,752000.0,753000.0,43741
202601201330,753000.0,755000.0,751000.0,755000.0,49281
202601201345,754000.0,758000.0,754000.0,757000.0,73708
202601201400,757000.0,758000.0,755000.0,756500.0,58458
202601201415,756500.0,758000.0,756000.0,756000.0,67049
202601201430,756500.0,757000.0,752000.0,752500.0,75938
202601201445,752000.0,754000.0,750000.0,752000.0,79029
202601201500,752000.0,753000.0,745000.0,747000.0,154688
202601201515,747000.0,748000.0,743000.0,743000.0,277674
202601210900,734000.0,753000.0,730000.0,747000.0,390417
202601210915,747000.0,751000.0,744000.0,751000.0,202628
202601210930,750000.0,756000.0,745000.0,748000.0,266075
202601210945,749000.0,754000.0,748000.0,752000.0,139647
202601211000,752000.0,756000.0,750000.0,755000.0,146992
202601211015,754500.0,755000.0,746000.0,750000.0,143840
202601211030,751000.0,755000.0,749000.0,750000.0,150307
202601211045,750500.0,753000.0,746000.0,747500.0,109685
202601211100,747500.0,748000.0,743000.0,744000.0,118139
202601211115,744000.0,745000.0,734000.0,735000.0,161375
202601211130,735000.0,739000.0,732000.0,735000.0,159900
202601211145,736000.0,740000.0,735000.0,736000.0,121270
202601211200,737000.0,740000.0,736000.0,739000.0,76969
202601211215,739000.0,744000.0,738000.0,741000.0,99255
202601211230,741000.0,742000.0,737000.0,737500.0,71646
202601211245,737000.0,739000.0,734000.0,735000.0,97287
202601211300,736000.0,737500.0,734000.0,735000.0,115339
202601211315,735000.0,739000.0,734000.0,738000.0,77715
202601211330,737000.0,740000.0,737000.0,738500.0,82241
202601211345,739000.0,739000.0,735000.0,737000.0,77762
202601211400,737000.0,739000.0,736000.0,737000.0,86924
202601211415,737500.0,738000.0,734000.0,736000.0,93631
202601211430,735500.0,740000.0,735000.0,739000.0,99513
202601211445,740000.0,743000.0,738000.0,740000.0,140940
202601211500,739000.0,742000.0,738000.0,742000.0,141673
202601211515,742000.0,742000.0,740000.0,740000.0,247225
202601220900,769000.0,773000.0,759000.0,760000.0,539622
202601220915,760000.0,764000.0,757000.0,763000.0,213457
202601220930,763000.0,764000.0,754000.0,761000.0,205401
202601220945,761000.0,761000.0,755000.0,758000.0,110526
202601221000,759000.0,760000.0,756000.0,758000.0,92673
202601221015,758000.0,763000.0,758000.0,762000.0,97610
202601221030,761000.0,768000.0,761000.0,766500.0,175207
202601221045,766500.0,767000.0,762000.0,763000.0,94533
202601221100,765000.0,767000.0,763000.0,766000.0,94349
202601221115,766000.0,769000.0,766000.0,767500.0,109105
202601221130,768000.0,768000.0,762000.0,762500.0,82473
202601221145,762000.0,765000.0,762000.0,763000.0,81095
202601221200,763000.0,764000.0,762000.0,763000.0,43561
202601221215,763000.0,763000.0,760000.0,760000.0,74222
202601221230,760000.0,761000.0,755000.0,757000.0,122612
202601221245,757000.0,760000.0,756000.0,759000.0,54489
202601221300,759000.0,761000.0,757000.0,758000.0,67392
202601221315,758000.0,760000.0,756000.0,758500.0,64743
202601221330,759000.0,762000.0,758000.0,761000.0,61578
202601221345,762000.0,762000.0,759000.0,761000.0,61278
202601221400,761000.0,764000.0,760000.0,762000.0,77015
202601221415,762000.0,763000.0,758000.0,759000.0,68418
202601221430,758000.0,760000.0,756000.0,757500.0,83434
202601221445,757000.0,760000.0,752000.0,754000.0,157480
202601221500,754500.0,756000.0,751000.0,755000.0,181830
202601221515,755000.0,758000.0,754000.0,755000.0,256625
202601230900,752000.0,754000.0,744000.0,754000.0,272549
202601230915,754000.0,758000.0,753000.0,756000.0,122995
202601230930,755000.0,757000.0,753000.0,755000.0,99339
202601230945,755500.0,756000.0,750000.0,752000.0,93416
202601231000,752000.0,755000.0,751000.0,752000.0,83974
202601231015,752000.0,754000.0,750000.0,751000.0,82839
202601231030,750000.0,751000.0,746000.0,747000.0,102703
202601231045,747000.0,748000.0,746000.0,748000.0,69946
202601231100,747000.0,751000.0,745000.0,750000.0,119914
202601231115,749000.0,754000.0,749000.0,753000.0,66385
202601231130,753000.0,755000.0,751000.0,753500.0,72757
202601231145,754000.0,756000.0,753000.0,754000.0,66139
202601231200,753000.0,762000.0,753000.0,758000.0,185713
202601231215,759000.0,760000.0,756000.0,758000.0,59197
202601231230,758000.0,758000.0,755000.0,757500.0,52948
202601231245,757000.0,758000.0,755000.0,756000.0,47109
202601231300,757000.0,759000.0,753500.0,754000.0,50443
202601231315,755000.0,757000.0,753000.0,754000.0,57335
202601231330,755000.0,757000.0,750000.0,750500.0,79535
202601231345,750500.0,751000.0,745000.0,747000.0,145425
202601231400,748000.0,755000.0,745000.0,754000.0,103496
202601231415,754000.0,755000.0,750000.0,754000.0,110531
202601231430,754000.0,759000.0,754000.0,758000.0,110549
202601231445,758000.0,769000.0,758000.0,769000.0,304814
202601231500,769000.0,776000.0,763000.0,763000.0,366901
202601231515,763000.0,767000.0,763000.0,767000.0,306110
202601260900,752000.0,754000.0,740000.0,754000.0,433594
202601260915,753000.0,754000.0,746000.0,750000.0,165224
202601260930,750000.0,750000.0,745000.0,748000.0,127040
202601260945,748000.0,751000.0,746000.0,747000.0,115305
202601261000,746000.0,754000.0,746000.0,749000.0,114648
202601261015,749000.0,749000.0,742000.0,744000.0,160384
202601261030,744000.0,747000.0,742000.0,743000.0,109600
202601261045,743000.0,749000.0,741000.0,749000.0,128182
202601261100,748500.0,750000.0,746000.0,748000.0,81401
202601261115,749000.0,754000.0,749000.0,750000.0,105470
202601261130,750500.0,751000.0,747000.0,748000.0,50931
202601261145,748000.0,750000.0,743000.0,745000.0,79129
202601261200,745000.0,747000.0,744500.0,746000.0,34745
202601261215,746000.0,747000.0,744000.0,745000.0,54502
202601261230,745000.0,748000.0,744000.0,746000.0,56001
202601261245,746000.0,749000.0,743000.0,744000.0,67242
202601261300,744000.0,749000.0,744000.0,747000.0,57058
202601261315,747000.0,748000.0,745000.0,747000.0,54803
202601261330,746000.0,747000.0,743000.0,744000.0,64754
202601261345,743000.0,745000.0,741000.0,743000.0,100202
202601261400,742000.0,744000.0,741000.0,743000.0,64551
202601261415,744000.0,744000.0,742000.0,743000.0,50433
202601261430,743000.0,745000.0,742000.0,742500.0,74106
202601261445,742500.0,744000.0,741000.0,742000.0,108047
202601261500,741000.0,743000.0,741000.0,741000.0,111314
202601261515,741000.0,742000.0,736000.0,736000.0,341950
202601270900,743000.0,743000.0,733000.0,739000.0,330373
202601270915,739000.0,753000.0,739000.0,749000.0,302545
202601270930,749000.0,761000.0,747000.0,759000.0,395345
202601270945,758000.0,766000.0,757000.0,762000.0,331337
202601271000,763000.0,767000.0,760000.0,762000.0,188105
202601271015,762000.0,767000.0,761000.0,765500.0,128603
202601271030,765500.0,768000.0,764000.0,767000.0,137058
202601271045,767000.0,771000.0,765000.0,769500.0,197664
202601271100,769500.0,770000.0,767500.0,768000.0,112851
202601271115,769000.0,778000.0,768000.0,777000.0,247561
202601271130,777000.0,785000.0,774000.0,782000.0,273260
202601271145,782000.0,788000.0,781000.0,784000.0,216180
202601271200,784000.0,789000.0,783000.0,786000.0,158677
202601271215,786500.0,788000.0,784000.0,787000.0,161497
202601271230,787000.0,793000.0,784500.0,788000.0,242093
202601271245,789000.0,789000.0,785000.0,788000.0,114614
202601271300,788000.0,788000.0,783000.0,784000.0,117553
202601271315,784000.0,788000.0,783000.0,788000.0,78526
202601271330,788000.0,789000.0,787000.0,787500.0,69426
202601271345,787500.0,790000.0,787000.0,788500.0,100547
202601271400,789000.0,790000.0,787000.0,790000.0,73326
202601271415,790000.0,791000.0,788000.0,791000.0,152512
202601271430,791000.0,797000.0,790000.0,797000.0,212867
202601271445,797000.0,800000.0,796000.0,799000.0,285734
202601271500,800000.0,800000.0,797000.0,799000.0,263825
202601271515,798000.0,800000.0,796000.0,800000.0,394940
202601280900,806000.0,818000.0,806000.0,814000.0,553391
202601280915,814000.0,815000.0,803000.0,812000.0,371408
202601280930,812000.0,817000.0,809000.0,816000.0,137160
202601280945,816000.0,834000.0,815000.0,832000.0,485509
202601281000,832000.0,849000.0,831000.0,835000.0,549987
202601281015,835000.0,846000.0,833000.0,845000.0,297674
202601281030,845000.0,845000.0,835000.0,844000.0,182602
202601281045,843500.0,854000.0,843000.0,851000.0,267024
202601281100,851000.0,853000.0,842000.0,843000.0,212712
202601281115,843000.0,845000.0,837000.0,838000.0,176117
202601281130,837000.0,838000.0,826500.0,832000.0,207660
202601281145,831000.0,837000.0,825500.0,835000.0,133624
202601281200,835000.0,837000.0,829000.0,831000.0,98559
202601281215,832000.0,835000.0,826000.0,827000.0,105394
202601281230,826500.0,834000.0,824000.0,832000.0,113203
202601281245,832000.0,834000.0,821000.0,824000.0,119110
202601281300,823000.0,830000.0,823000.0,824000.0,104970
202601281315,824000.0,834000.0,823000.0,833000.0,113687
202601281330,834000.0,839000.0,832000.0,837000.0,171850
202601281345,837000.0,837000.0,832000.0,833000.0,99200
202601281400,833000.0,841000.0,833000.0,841000.0,115159
202601281415,840000.0,843000.0,837000.0,841000.0,152340
202601281430,841000.0,843000.0,837000.0,838000.0,155268
202601281445,837000.0,842000.0,832000.0,839000.0,231109
202601281500,839000.0,844000.0,838000.0,840000.0,257049
202601281515,841000.0,844000.0,840000.0,841000.0,449668
202601290900,883000.0,884000.0,867000.0,877000.0,527500
202601290915,877000.0,877000.0,861000.0,861500.0,402849
202601290930,861500.0,862000.0,841000.0,853000.0,620417
202601290945,854000.0,854000.0,834000.0,845000.0,442194
202601291000,845000.0,845000.0,827000.0,828000.0,310336
202601291015,828000.0,837000.0,819000.0,836000.0,422888
202601291030,836000.0,847000.0,835000.0,838000.0,406949
202601291045,838000.0,856000.0,838000.0,855500.0,274506
202601291100,855000.0,861000.0,846000.0,852000.0,277696
202601291115,852000.0,857000.0,848000.0,853000.0,158109
202601291130,853000.0,854000.0,843000.0,844000.0,149224
202601291145,844000.0,856000.0,844000.0,852000.0,104956
202601291200,852000.0,860000.0,851000.0,860000.0,104839
202601291215,859000.0,868000.0,858000.0,868000.0,158411
202601291230,867500.0,874000.0,864000.0,868000.0,240049
202601291245,867500.0,871000.0,865000.0,869000.0,119576
202601291300,869000.0,869000.0,858000.0,861000.0,148311
202601291315,861000.0,867000.0,858000.0,860500.0,82959
202601291330,860500.0,863000.0,853000.0,855000.0,112337
202601291345,855000.0,862000.0,854000.0,857000.0,91555
202601291400,857000.0,862000.0,856000.0,858000.0,90022
202601291415,859000.0,865000.0,858000.0,864000.0,112248
202601291430,864000.0,869000.0,863000.0,867000.0,168063
202601291445,867000.0,868000.0,860000.0,861000.0,177749
202601291500,861000.0,864000.0,861000.0,862000.0,154812
202601291515,863000.0,863000.0,861000.0,861000.0,405190
202601300900,858500.0,893000.0,858500.0,890000.0,809909
202601300915,890000.0,906000.0,889000.0,898000.0,582646
202601300930,898000.0,922000.0,897000.0,921000.0,608489
202601300945,921000.0,924000.0,912000.0,924000.0,392587
202601301000,924000.0,927000.0,916000.0,924000.0,300000
202601301015,924000.0,931000.0,920000.0,927000.0,293695
202601301030,928000.0,928000.0,911000.0,911000.0,302542
202601301045,911000.0,917000.0,907000.0,912000.0,286614
202601301100,912000.0,916000.0,905000.0,907000.0,174131
202601301115,906000.0,910000.0,895000.0,896000.0,307506
202601301130,896000.0,904000.0,895000.0,897000.0,196724
202601301145,897500.0,906000.0,896000.0,904000.0,131742
202601301200,904000.0,910000.0,903000.0,906000.0,157044
202601301215,905500.0,907000.0,903000.0,905000.0,87272
202601301230,905000.0,905000.0,898000.0,903000.0,110487
202601301245,903000.0,903000.0,898000.0,902000.0,80715
202601301300,901000.0,914000.0,900000.0,902000.0,201409
202601301315,902000.0,907000.0,899000.0,903000.0,160829
202601301330,904000.0,912000.0,903000.0,911000.0,126238
202601301345,912000.0,916000.0,909000.0,911000.0,197195
202601301400,911000.0,913000.0,910000.0,910000.0,118999
202601301415,911000.0,920000.0,908000.0,919000.0,223862
202601301430,918000.0,920000.0,911000.0,913000.0,232674
202601301445,912000.0,915000.0,910000.0,913000.0,173940
202601301500,913000.0,920000.0,913000.0,916000.0,264440
202601301515,916000.0,918000.0,909000.0,909000.0,847760
202602020900,872000.0,881000.0,861000.0,876000.0,755243
202602020915,876000.0,884000.0,875000.0,879000.0,344425
202602020930,879000.0,884000.0,877000.0,882000.0,206254
202602020945,882000.0,887000.0,879000.0,884000.0,188284
202602021000,884000.0,888000.0,875000.0,878000.0,233424
202602021015,878000.0,883000.0,876000.0,879000.0,156996
202602021030,879000.0,879000.0,871000.0,871000.0,223428
202602021045,872000.0,874000.0,868000.0,873000.0,207418
202602021100,873000.0,873000.0,864000.0,865000.0,255294
202602021115,865000.0,870000.0,860000.0,869000.0,276844
202602021130,870000.0,871000.0,862000.0,863000.0,141681
202602021145,863000.0,864000.0,855000.0,855000.0,229142
202602021200,856000.0,860000.0,853000.0,853000.0,161289
202602021215,854000.0,856000.0,846000.0,847000.0,300857
202602021230,847000.0,857000.0,841000.0,844000.0,353111
202602021245,845000.0,847000.0,838000.0,846000.0,367280
202602021300,845000.0,850000.0,832000.0,848000.0,346635
202602021315,848000.0,859000.0,847000.0,855000.0,335978
202602021330,856000.0,864000.0,855000.0,862000.0,225514
202602021345,862000.0,863000.0,854000.0,855000.0,201893
202602021400,854000.0,857000.0,847000.0,849000.0,179482
202602021415,849000.0,849000.0,841000.0,842000.0,214328
202602021430,842000.0,845000.0,839000.0,840000.0,197224
202602021445,839500.0,844000.0,835000.0,842000.0,262827
202602021500,842000.0,842000.0,833000.0,835000.0,327468
202602021515,835000.0,835000.0,830000.0,830000.0,576963
202602030900,872000.0,884000.0,871000.0,880000.0,528338
202602030915,880000.0,885000.0,878000.0,882000.0,275142
202602030930,881000.0,898000.0,881000.0,894000.0,405075
202602030945,895000.0,896000.0,884000.0,889000.0,220965
202602031000,890000.0,896000.0,886000.0,896000.0,149548
202602031015,896000.0,902000.0,895000.0,899500.0,255735
202602031030,900000.0,901000.0,896000.0,898000.0,120623
202602031045,897000.0,899000.0,892000.0,894000.0,156847
202602031100,894000.0,894000.0,886000.0,890000.0,139613
202602031115,891000.0,897000.0,890000.0,894000.0,96307
202602031130,894000.0,895000.0,888000.0,888000.0,85706
202602031145,888000.0,893000.0,884000.0,893000.0,136593
202602031200,892000.0,894500.0,890000.0,891000.0,82196
202602031215,891000.0,894000.0,889000.0,893000.0,68819
202602031230,894000.0,895000.0,892000.0,894000.0,89598
202602031245,894000.0,895000.0,892000.0,893000.0,77010
202602031300,894000.0,899000.0,893000.0,898000.0,126622
202602031315,899000.0,900000.0,896000.0,900000.0,101597
202602031330,900000.0,901000.0,896000.0,897000.0,167189
202602031345,897000.0,907000.0,896000.0,904000.0,251224
202602031400,904000.0,905000.0,898000.0,899000.0,159663
202602031415,899000.0,904000.0,899000.0,900000.0,205544
202602031430,900000.0,903000.0,899000.0,900000.0,154740
202602031445,901000.0,905000.0,900000.0,903000.0,202083
202602031500,903000.0,905000.0,900000.0,905000.0,203268
202602031515,905000.0,907000.0,904000.0,907000.0,359500
202602040900,887000.0,903000.0,884000.0,894000.0,416746
202602040915,895000.0,902000.0,885000.0,891000.0,266375
202602040930,890000.0,896000.0,887000.0,887000.0,130900
202602040945,888000.0,891000.0,883000.0,885000.0,184099
202602041000,884000.0,892000.0,883000.0,891000.0,119234
202602041015,892000.0,897500.0,889000.0,895000.0,142613
202602041030,895000.0,899000.0,892000.0,895000.0,118401
202602041045,895000.0,899000.0,890000.0,898500.0,111143
202602041100,898000.0,903000.0,893000.0,894000.0,214927
202602041115,894000.0,897000.0,889000.0,894000.0,134967
202602041130,893000.0,897000.0,891000.0,896000.0,58350
202602041145,896000.0,896000.0,891000.0,892500.0,67866
202602041200,892500.0,895000.0,890000.0,893500.0,72893
202602041215,894000.0,895000.0,891000.0,894000.0,61170
202602041230,894000.0,897000.0,892000.0,893000.0,113216
202602041245,893000.0,894000.0,890000.0,893000.0,82384
202602041300,893000.0,895000.0,889000.0,890000.0,109399
202602041315,890000.0,893000.0,889000.0,892000.0,59080
202602041330,892000.0,896000.0,890000.0,895000.0,91348
202602041345,895000.0,897000.0,894000.0,895000.0,75711
202602041400,895000.0,899000.0,894000.0,897000.0,91528
202602041415,897000.0,902000.0,897000.0,902000.0,159146
202602041430,901500.0,902000.0,897000.0,900000.0,100824
202602041445,900000.0,900000.0,896000.0,899000.0,118551
202602041500,898000.0,905000.0,898000.0,904000.0,159827
202602041515,904000.0,906000.0,897000.0,900000.0,314508
202602050900,856000.0,867000.0,854000.0,867000.0,478908
202602050915,866500.0,872000.0,860000.0,872000.0,243487
202602050930,872000.0,875000.0,865000.0,865000.0,208518
202602050945,865000.0,869000.0,863000.0,866000.0,146353
202602051000,867000.0,873000.0,863000.0,872000.0,140125
202602051015,871000.0,877000.0,869000.0,873000.0,118843
202602051030,872000.0,877000.0,868000.0,870000.0,96467
202602051045,870000.0,870000.0,864000.0,865000.0,131906
202602051100,865000.0,865000.0,858000.0,858000.0,209079
202602051115,859000.0,862000.0,855000.0,862000.0,201302
202602051130,862000.0,862000.0,857000.0,858000.0,102043
202602051145,858000.0,859000.0,851000.0,851000.0,208459
202602051200,852000.0,855000.0,851000.0,853000.0,161787
202602051215,853000.0,856000.0,851000.0,853000.0,129542
202602051230,852000.0,855000.0,851000.0,853000.0,107235
202602051245,854000.0,854000.0,847000.0,851000.0,244283
202602051300,851000.0,854000.0,848000.0,848000.0,182084
202602051315,849000.0,851000.0,844000.0,849000.0,198987
202602051330,849000.0,858000.0,849000.0,857000.0,149851
202602051345,857000.0,859000.0,854000.0,856000.0,146870
202602051400,856000.0,856000.0,848000.0,850000.0,149431
202602051415,850000.0,850000.0,845000.0,848000.0,163877
202602051430,847000.0,850000.0,845000.0,846000.0,190280
202602051445,846000.0,848000.0,843000.0,846000.0,228550
202602051500,846000.0,846000.0,838000.0,840000.0,353838
202602051515,840000.0,842000.0,838000.0,842000.0,474563
202602060900,803000.0,809000.0,791000.0,794000.0,711810
202602060915,794000.0,807000.0,792000.0,806000.0,406166
202602060930,806000.0,818000.0,802000.0,811000.0,481955
202602060945,811000.0,821000.0,804000.0,820000.0,281412
202602061000,820000.0,822000.0,811000.0,812000.0,185149
202602061015,812000.0,812500.0,805000.0,807000.0,162395
202602061030,807000.0,813000.0,801000.0,813000.0,236989
202602061045,812500.0,825000.0,810000.0,825000.0,177513
202602061100,825000.0,837000.0,824000.0,833000.0,277318
202602061115,834000.0,844000.0,830000.0,843000.0,211142
202602061130,842000.0,850000.0,838000.0,842000.0,234765
202602061145,842000.0,846000.0,836000.0,836000.0,136781
202602061200,836000.0,843000.0,834000.0,840000.0,100220
202602061215,840000.0,843000.0,833000.0,842000.0,101830
202602061230,842000.0,844000.0,831000.0,833000.0,98013
202602061245,833000.0,842000.0,832000.0,842000.0,77282
202602061300,842000.0,842000.0,834000.0,837000.0,74303
202602061315,838000.0,841000.0,832000.0,834000.0,87706
202602061330,834000.0,835000.0,826000.0,828000.0,117401
202602061345,827000.0,832000.0,823000.0,827000.0,126751
202602061400,827000.0,830000.0,821000.0,830000.0,127720
202602061415,830000.0,830000.0,823000.0,830000.0,111519
202602061430,830000.0,839000.0,829000.0,837000.0,137620
202602061445,837000.0,842000.0,834000.0,841000.0,194122
202602061500,842000.0,843000.0,838000.0,839000.0,151037
202602061515,839000.0,841000.0,837000.0,839000.0,252074
202602090900,895000.0,899000.0,882000.0,887000.0,565033
202602090915,886000.0,890000.0,883000.0,884000.0,247546
202602090930,884000.0,892000.0,883000.0,890000.0,240494
202602090945,890000.0,891000.0,883000.0,886000.0,149404
202602091000,886000.0,888000.0,883000.0,885000.0,119174
202602091015,886000.0,886000.0,880000.0,881000.0,131335
202602091030,881000.0,883000.0,873000.0,879000.0,197716
202602091045,879000.0,884000.0,875000.0,884000.0,128545
202602091100,884000.0,886000.0,882000.0,884000.0,112082
202602091115,885000.0,887000.0,883000.0,886000.0,96166
202602091130,886000.0,887000.0,883000.0,883000.0,63602
202602091145,884000.0,886000.0,878000.0,881000.0,92219
202602091200,882000.0,884000.0,878000.0,883000.0,82829
202602091215,882000.0,885000.0,881000.0,883000.0,68012
202602091230,883500.0,885000.0,880000.0,883000.0,92361
202602091245,884000.0,885000.0,880000.0,882000.0,70117
202602091300,882000.0,883000.0,879000.0,880000.0,69670
202602091315,880000.0,882000.0,879000.0,880000.0,91342
202602091330,880000.0,881000.0,876000.0,879000.0,109507
202602091345,879000.0,881000.0,876000.0,879000.0,79170
202602091400,879000.0,882000.0,879000.0,881500.0,86744
202602091415,882000.0,884000.0,881000.0,884000.0,133196
202602091430,884000.0,885000.0,880000.0,881000.0,116695
202602091445,880000.0,885000.0,879000.0,882000.0,127892
202602091500,882000.0,886000.0,882000.0,883000.0,159057
202602091515,883500.0,887000.0,882000.0,887000.0,329231
202602100900,890000.0,905000.0,888000.0,899000.0,613249
202602100915,899000.0,901000.0,886000.0,893000.0,253602
202602100930,893000.0,893000.0,887000.0,887000.0,124993
202602100945,887000.0,892000.0,886000.0,892000.0,103252
202602101000,892000.0,894000.0,888000.0,890000.0,116799
202602101015,890000.0,891000.0,882000.0,883000.0,143184
202602101030,882500.0,891000.0,882000.0,887500.0,131748
202602101045,887500.0,892000.0,887000.0,888500.0,85668
202602101100,889000.0,891000.0,888000.0,889000.0,77402
202602101115,890000.0,891000.0,888000.0,890000.0,53891
202602101130,889000.0,891000.0,885000.0,886000.0,72017
202602101145,886000.0,888000.0,884000.0,886000.0,75619
202602101200,886000.0,890000.0,885000.0,888000.0,59898
202602101215,888000.0,889000.0,885000.0,887000.0,50367
202602101230,886000.0,888000.0,885000.0,885500.0,39597
202602101245,885500.0,888000.0,885000.0,886000.0,60314
202602101300,886000.0,886000.0,883000.0,884000.0,89399
202602101315,883500.0,885000.0,880000.0,880000.0,100601
202602101330,880500.0,886000.0,880000.0,886000.0,66941
202602101345,886000.0,887000.0,884000.0,886000.0,51842
202602101400,885000.0,886000.0,882000.0,882000.0,77013
202602101415,882000.0,883000.0,880000.0,881000.0,74034
202602101430,881000.0,886000.0,881000.0,884000.0,81883
202602101445,883000.0,886000.0,882000.0,884000.0,117298
202602101500,883000.0,885000.0,878000.0,880000.0,170539
202602101515,880000.0,880000.0,876000.0,876000.0,231867
202602110900,860000.0,866000.0,850000.0,851000.0,376708
202602110915,850000.0,858000.0,848000.0,856000.0,305960
202602110930,856000.0,862000.0,855000.0,861500.0,131460
202602110945,862000.0,864000.0,859000.0,862000.0,114880
202602111000,861500.0,868000.0,861000.0,866000.0,124792
202602111015,867000.0,871500.0,865000.0,868000.0,121349
202602111030,868000.0,869000.0,865000.0,869000.0,86330
202602111045,869000.0,871000.0,864000.0,866000.0,100071
202602111100,866000.0,867000.0,862000.0,866000.0,75450
202602111115,867000.0,870000.0,865000.0,867000.0,58459
202602111130,866000.0,868000.0,863000.0,864000.0,65421
202602111145,864000.0,869000.0,863000.0,869000.0,60369
202602111200,869000.0,869000.0,865000.0,866000.0,57697
202602111215,866000.0,868000.0,865000.0,865000.0,57218
202602111230,866000.0,867000.0,864000.0,867000.0,57304
202602111245,866000.0,870000.0,866000.0,870000.0,82402
202602111300,870000.0,874000.0,868000.0,869000.0,123208
202602111315,870000.0,872000.0,869000.0,871000.0,74467
202602111330,871000.0,871000.0,868000.0,871000.0,71186
202602111345,870000.0,872000.0,869000.0,871000.0,66393
202602111400,871000.0,871000.0,868000.0,869000.0,83972
202602111415,869000.0,871000.0,868000.0,868500.0,76332
202602111430,868500.0,868500.0,863000.0,863000.0,107755
202602111445,863000.0,866000.0,863000.0,866000.0,105079
202602111500,866000.0,867000.0,863000.0,863500.0,112940
202602111515,863000.0,864000.0,860000.0,860000.0,245684
202602120900,882000.0,888000.0,878000.0,884000.0,314606
202602120915,883000.0,885000.0,881000.0,885000.0,140981
202602120930,885000.0,889000.0,883000.0,887000.0,236262
202602120945,888000.0,890000.0,884000.0,888000.0,178391
202602121000,888500.0,889000.0,884000.0,886000.0,97393
202602121015,886000.0,887000.0,884000.0,886000.0,77903
202602121030,886000.0,890000.0,886000.0,889000.0,116665
202602121045,889500.0,894000.0,889000.0,892000.0,231125
202602121100,893000.0,893000.0,887000.0,888000.0,159104
202602121115,887000.0,890000.0,886000.0,886000.0,98032
202602121130,886000.0,890000.0,885000.0,888000.0,69572
202602121145,888000.0,890000.0,885000.0,886000.0,74812
202602121200,886000.0,889000.0,886000.0,888000.0,51175
202602121215,888000.0,889000.0,887000.0,889000.0,64770
202602121230,888000.0,890000.0,888000.0,889000.0,49640
202602121245,889000.0,889000.0,887000.0,888000.0,43142
202602121300,887000.0,888000.0,885000.0,886000.0,88112
202602121315,887000.0,888000.0,886000.0,887000.0,53003
202602121330,887000.0,888000.0,885000.0,885000.0,66756
202602121345,885000.0,887000.0,881000.0,883000.0,99388
202602121400,882000.0,886000.0,882000.0,886000.0,78137
202602121415,885000.0,887000.0,885000.0,886000.0,94136
202602121430,886500.0,890000.0,885000.0,888000.0,154187
202602121445,888000.0,890000.0,887000.0,889000.0,132113
202602121500,889000.0,889000.0,883000.0,884000.0,206427
202602121515,884000.0,888000.0,880000.0,888000.0,1282297
202602130900,889000.0,903000.0,888000.0,902000.0,529335
202602130915,903000.0,903000.0,882000.0,882000.0,284186
202602130930,882000.0,887000.0,882000.0,887000.0,149104
202602130945,887000.0,887000.0,878000.0,880000.0,147786
202602131000,880000.0,883000.0,879000.0,880000.0,114099
202602131015,881000.0,885000.0,880000.0,883000.0,75369
202602131030,883500.0,885000.0,881000.0,883000.0,80774
202602131045,882000.0,887000.0,882000.0,886000.0,76295
202602131100,886000.0,894000.0,885000.0,892000.0,138914
202602131115,892000.0,893000.0,888000.0,889000.0,81381
202602131130,889000.0,890000.0,887000.0,889000.0,59646
202602131145,889000.0,890000.0,886000.0,889000.0,54544
202602131200,889500.0,891000.0,888000.0,890000.0,36907
202602131215,890000.0,890000.0,887000.0,887000.0,35587
202602131230,887000.0,890000.0,887000.0,888000.0,46666
202602131245,887000.0,890000.0,887000.0,889000.0,33730
202602131300,890000.0,893000.0,889000.0,892000.0,61439
202602131315,893000.0,897000.0,892000.0,897000.0,130156
202602131330,897000.0,899000.0,895000.0,897000.0,141243
202602131345,897000.0,899000.0,895000.0,897000.0,82564
202602131400,897000.0,898000.0,895000.0,895000.0,84081
202602131415,895500.0,896000.0,888000.0,889000.0,114969
202602131430,888500.0,890000.0,884000.0,885000.0,142080
202602131445,884000.0,889000.0,883000.0,884500.0,133198
202602131500,884000.0,885000.0,881000.0,881000.0,126976
202602131515,881000.0,883000.0,880000.0,880000.0,285336
202602190900,902000.0,913000.0,898000.0,902000.0,442040
202602190915,901000.0,902000.0,889000.0,896000.0,255060
202602190930,896000.0,899000.0,894000.0,899000.0,129272
202602190945,898000.0,901000.0,896000.0,897000.0,114358
202602191000,898000.0,900000.0,894000.0,896000.0,128766
202602191015,896000.0,897000.0,892000.0,892000.0,92888
202602191030,892000.0,893000.0,888000.0,892000.0,122266
202602191045,892000.0,894000.0,889000.0,893000.0,102553
202602191100,893000.0,896000.0,891000.0,895000.0,77153
202602191115,895500.0,897000.0,895000.0,897000.0,56751
202602191130,897000.0,898000.0,895500.0,897000.0,49330
202602191145,897000.0,897000.0,895000.0,895000.0,40231
202602191200,895500.0,896000.0,892000.0,892000.0,61424
202602191215,892500.0,893000.0,889000.0,892000.0,100397
202602191230,892000.0,894000.0,890000.0,893500.0,50055
202602191245,894000.0,894000.0,891000.0,893000.0,50384
202602191300,892500.0,893000.0,890000.0,890500.0,51971
202602191315,890000.0,893000.0,890000.0,891000.0,81519
202602191330,890500.0,891000.0,889000.0,889000.0,58540
202602191345,889000.0,892000.0,889000.0,891500.0,68048
202602191400,891000.0,892000.0,890000.0,890000.0,43656
202602191415,891000.0,896000.0,890000.0,896000.0,126601
202602191430,895000.0,896000.0,893000.0,895000.0,130128
202602191445,895000.0,899000.0,895000.0,898000.0,148856
202602191500,898000.0,898500.0,895000.0,896000.0,126021
202602191515,895000.0,896000.0,893000.0,894000.0,218470
202602200900,891000.0,893000.0,888000.0,889000.0,170009
202602200915,888000.0,889000.0,881000.0,887000.0,163069
202602200930,887000.0,888000.0,884000.0,885000.0,66816
202602200945,886000.0,889000.0,885000.0,889000.0,79871
202602201000,889000.0,891000.0,888000.0,889500.0,80919
202602201015,889000.0,890000.0,887000.0,889500.0,62988
202602201030,890000.0,922000.0,889000.0,911000.0,669934
202602201045,911500.0,935000.0,910000.0,924000.0,574661
202602201100,925000.0,929000.0,917000.0,921000.0,218712
202602201115,921000.0,925000.0,917000.0,921000.0,128629
202602201130,921000.0,924000.0,917000.0,918000.0,75690
202602201145,918500.0,921000.0,916000.0,920500.0,82616
202602201200,920000.0,924000.0,919000.0,923000.0,63871
202602201215,923000.0,924000.0,920000.0,922000.0,71091
202602201230,922000.0,927000.0,921500.0,926500.0,115411
202602201245,926000.0,932000.0,926000.0,930000.0,176879
202602201300,930000.0,938000.0,928000.0,935500.0,231611
202602201315,935000.0,939000.0,933000.0,939000.0,154901
202602201330,938000.0,953000.0,937000.0,951500.0,318479
202602201345,951500.0,955000.0,946000.0,946000.0,180985
202602201400,946000.0,950000.0,942000.0,945500.0,135943
202602201415,945500.0,951000.0,945000.0,950000.0,120964
202602201430,950000.0,954000.0,942000.0,949000.0,188509
202602201445,948000.0,951000.0,944000.0,950500.0,127092
202602201500,950000.0,950500.0,944000.0,945000.0,161107
202602201515,944000.0,949000.0,944000.0,949000.0,473380
202602230900,978000.0,979000.0,961000.0,966000.0,365862
202602230915,965000.0,970000.0,961000.0,966000.0,196903
202602230930,965000.0,975000.0,963500.0,971000.0,148115
202602230945,972000.0,975000.0,968000.0,970000.0,119512
202602231000,970000.0,974000.0,968500.0,970000.0,96545
202602231015,970000.0,971000.0,964000.0,969000.0,115432
202602231030,968000.0,970000.0,965000.0,967000.0,88052
202602231045,967000.0,968000.0,961000.0,962000.0,124887
202602231100,961000.0,962000.0,955000.0,956000.0,168091
202602231115,957000.0,959000.0,953000.0,958500.0,130385
202602231130,958500.0,963000.0,958000.0,960500.0,83741
202602231145,960500.0,961000.0,957000.0,959000.0,45216
202602231200,959000.0,961000.0,957000.0,957000.0,63945
202602231215,957000.0,958000.0,950000.0,952000.0,113975
202602231230,951500.0,954000.0,950000.0,954000.0,66422
202602231245,953500.0,954000.0,950000.0,954000.0,81432
202602231300,953000.0,959000.0,953000.0,955000.0,67277
202602231315,956000.0,957000.0,953000.0,954000.0,54499
202602231330,954000.0,957000.0,950000.0,950500.0,91729
202602231345,950500.0,951000.0,948000.0,951000.0,119162
202602231400,950000.0,953000.0,946000.0,946000.0,95940
202602231415,946000.0,949000.0,941000.0,948000.0,153173
202602231430,948000.0,950000.0,946000.0,948000.0,98398
202602231445,947000.0,952000.0,945000.0,950000.0,121749
202602231500,950000.0,953000.0,949000.0,952000.0,146772
202602231515,951000.0,952000.0,949000.0,951000.0,325958
202602240900,960000.0,962000.0,948000.0,953000.0,239842
202602240915,953000.0,956000.0,948000.0,954000.0,124390
202602240930,953000.0,956000.0,946000.0,955000.0,117648
202602240945,956000.0,960000.0,955000.0,960000.0,97790
202602241000,960000.0,979000.0,956000.0,978500.0,273254
202602241015,979000.0,996000.0,975000.0,993000.0,400178
202602241030,992500.0,998000.0,987000.0,994000.0,248169
202602241045,994000.0,998000.0,992000.0,997000.0,178363
202602241100,997000.0,1000000.0,996000.0,996000.0,189403
202602241115,997000.0,1000000.0,994000.0,998000.0,143287
202602241130,997000.0,998000.0,993000.0,995000.0,95364
202602241145,995000.0,999000.0,995000.0,997000.0,84677
202602241200,997000.0,1000000.0,997000.0,999500.0,64920
202602241215,999500.0,1001000.0,996000.0,997000.0,185737
202602241230,997000.0,1000000.0,996000.0,999000.0,63878
202602241245,999000.0,1002000.0,999000.0,1002000.0,104778
202602241300,1002000.0,1003000.0,998000.0,998000.0,114680
202602241315,998000.0,1001000.0,997000.0,1000500.0,61138
202602241330,1000000.0,1001000.0,999000.0,1000000.0,79021
202602241345,999000.0,1000500.0,996000.0,999000.0,79208
202602241400,999000.0,1001000.0,997000.0,999000.0,75123
202602241415,999000.0,999000.0,995500.0,996000.0,91062
202602241430,996000.0,999000.0,995000.0,998000.0,86693
202602241445,998000.0,1000000.0,996000.0,999500.0,80607
202602241500,999000.0,1000000.0,998000.0,999000.0,113218
202602241515,999000.0,1005000.0,999000.0,1005000.0,451671
202602250900,1015000.0,1019000.0,1004000.0,1006000.0,416224
202602250915,1006000.0,1014000.0,1005000.0,1010000.0,163908
202602250930,1010000.0,1017000.0,1009000.0,1015000.0,109420
202602250945,1015000.0,1018000.0,1010000.0,1010000.0,104524
202602251000,1010000.0,1020000.0,1010000.0,1019000.0,91805
202602251015,1019500.0,1026000.0,1019000.0,1023000.0,125345
202602251030,1023000.0,1025000.0,1020000.0,1025000.0,62132
202602251045,1024000.0,1038000.0,1024000.0,1033000.0,189699
202602251100,1033000.0,1038000.0,1029000.0,1034000.0,149786
202602251115,1034000.0,1035000.0,1025000.0,1031000.0,95168
202602251130,1031000.0,1033000.0,1028000.0,1030500.0,59032
202602251145,1031000.0,1033000.0,1028000.0,1031000.0,65588
202602251200,1031000.0,1033000.0,1027000.0,1029000.0,57866
202602251215,1029000.0,1030000.0,1023000.0,1025000.0,77930
202602251230,1025000.0,1026500.0,1019000.0,1025000.0,97934
202602251245,1024000.0,1030000.0,1024000.0,1026500.0,59123
202602251300,1026500.0,1029000.0,1025000.0,1026500.0,76444
202602251315,1026500.0,1028000.0,1023000.0,1026000.0,70130
202602251330,1025500.0,1029000.0,1024000.0,1026000.0,78554
202602251345,1027000.0,1029000.0,1025000.0,1028000.0,84517
202602251400,1028000.0,1030000.0,1025000.0,1026000.0,99083
202602251415,1027000.0,1027000.0,1021000.0,1022000.0,126071
202602251430,1022000.0,1022000.0,1013000.0,1015000.0,175289
202602251445,1016000.0,1019000.0,1012000.0,1014000.0,111453
202602251500,1014000.0,1021000.0,1013000.0,1021000.0,151943
202602251515,1021000.0,1022000.0,1018000.0,1018000.0,258345
202602260900,1027000.0,1042000.0,1023000.0,1041000.0,392286
202602260915,1041000.0,1046000.0,1035000.0,1041000.0,203089
202602260930,1041000.0,1050000.0,1037000.0,1049000.0,245282
202602260945,1050000.0,1053500.0,1038000.0,1040000.0,253282
202602261000,1039000.0,1044000.0,1036000.0,1041500.0,175860
202602261015,1041500.0,1042000.0,1024000.0,1027000.0,271934
202602261030,1027500.0,1039000.0,1027000.0,1035000.0,138956
202602261045,1035000.0,1039000.0,1029000.0,1037000.0,135331
202602261100,1036000.0,1042000.0,1035000.0,1042000.0,90045
202602261115,1042000.0,1042000.0,1038000.0,1039000.0,52198
202602261130,1039000.0,1040000.0,1036000.0,1039000.0,70308
202602261145,1040000.0,1041000.0,1038000.0,1041000.0,72294
202602261200,1041000.0,1041000.0,1040000.0,1041000.0,30552
202602261215,1041000.0,1043000.0,1040000.0,1041000.0,76443
202602261230,1041000.0,1042000.0,1040000.0,1041000.0,65162
202602261245,1042000.0,1042000.0,1039000.0,1041000.0,67375
202602261300,1041000.0,1046000.0,1040000.0,1044000.0,87359
202602261315,1043500.0,1046000.0,1043000.0,1045000.0,50691
202602261330,1046000.0,1049000.0,1042000.0,1048000.0,98862
202602261345,1048000.0,1049000.0,1043000.0,1044000.0,81268
202602261400,1043000.0,1051000.0,1042000.0,1051000.0,140652
202602261415,1051000.0,1065000.0,1050000.0,1061000.0,245798
202602261430,1060000.0,1078000.0,1057000.0,1078000.0,176437
202602261445,1077000.0,1084000.0,1073000.0,1083500.0,263569
202602261500,1083000.0,1098000.0,1083000.0,1095000.0,269358
202602261515,1095000.0,1099000.0,1092000.0,1099000.0,367046
202602270900,1060000.0,1080000.0,1058000.0,1079000.0,535279
202602270915,1078000.0,1090000.0,1071000.0,1074000.0,443112
202602270930,1074000.0,1076000.0,1061000.0,1062500.0,302954
202602270945,1062500.0,1069000.0,1057000.0,1058000.0,338127
202602271000,1059000.0,1061000.0,1048000.0,1059000.0,313881
202602271015,1059000.0,1060000.0,1049000.0,1050000.0,187207
202602271030,1050000.0,1059000.0,1049000.0,1054000.0,161738
202602271045,1054000.0,1058000.0,1051000.0,1053000.0,101585
202602271100,1053000.0,1061500.0,1053000.0,1060000.0,124162
202602271115,1060000.0,1067000.0,1058000.0,1066000.0,114540
202602271130,1066000.0,1074000.0,1063000.0,1072000.0,132104
202602271145,1072000.0,1079000.0,1070000.0,1078000.0,125452
202602271200,1078000.0,1079000.0,1071000.0,1072000.0,120817
202602271215,1072000.0,1075000.0,1069000.0,1070500.0,105160
202602271230,1070500.0,1071000.0,1065000.0,1067000.0,104843
202602271245,1066000.0,1073000.0,1066000.0,1072000.0,68098
202602271300,1073000.0,1074000.0,1070000.0,1070000.0,89319
202602271315,1070000.0,1076000.0,1065000.0,1071000.0,135365
202602271330,1072000.0,1074000.0,1070000.0,1074000.0,62128
202602271345,1073000.0,1074000.0,1070000.0,1074000.0,113669
202602271400,1073500.0,1084000.0,1072000.0,1084000.0,160714
202602271415,1084000.0,1090000.0,1083000.0,1089000.0,212303
202602271430,1090000.0,1096000.0,1087000.0,1091000.0,257244
202602271445,1090000.0,1091000.0,1076000.0,1076000.0,191759
202602271500,1076000.0,1077000.0,1071000.0,1072000.0,225054
202602271515,1072000.0,1075000.0,1061000.0,1061000.0,1172835
202603030900,1029000.0,1034000.0,1019000.0,1020000.0,440827
202603030915,1021000.0,1025000.0,1018000.0,1024000.0,294639
202603030930,1025000.0,1036000.0,1024000.0,1034000.0,211333
202603030945,1035000.0,1040000.0,1029500.0,1039000.0,219270
202603031000,1040000.0,1040000.0,1030000.0,1030000.0,183566
202603031015,1030000.0,1033000.0,1026000.0,1029000.0,131120
202603031030,1029000.0,1033000.0,1026000.0,1027000.0,107466
202603031045,1027000.0,1027000.0,1017000.0,1018000.0,204162
202603031100,1017000.0,1018000.0,1010000.0,1010000.0,203366
202603031115,1010000.0,1011000.0,998000.0,1010000.0,324559
202603031130,1009500.0,1011000.0,1004000.0,1005000.0,112460
202603031145,1005000.0,1006000.0,999000.0,1001000.0,177141
202603031200,1001000.0,1002000.0,991000.0,999000.0,236193
202603031215,999000.0,1003000.0,982000.0,982000.0,281055
202603031230,982000.0,999000.0,980000.0,999000.0,343191
202603031245,999000.0,999000.0,993000.0,995000.0,125855
202603031300,995500.0,996000.0,983000.0,984000.0,166765
202603031315,984500.0,985000.0,981000.0,982000.0,121731
202603031330,982000.0,983000.0,974000.0,979000.0,201475
202603031345,979000.0,979000.0,962500.0,974000.0,302212
202603031400,973000.0,985000.0,971000.0,983000.0,216751
202603031415,982500.0,985000.0,976000.0,980000.0,182140
202603031430,980000.0,980000.0,964000.0,965000.0,191690
202603031445,965000.0,967000.0,955000.0,958500.0,280040
202603031500,958000.0,963000.0,948000.0,949000.0,335243
202603031515,948500.0,950000.0,939000.0,939000.0,735288
202603040900,888000.0,936000.0,880000.0,934000.0,908170
202603040915,934000.0,954000.0,926000.0,927000.0,820785
202603040930,927000.0,931000.0,902000.0,907000.0,501905
202603040945,907000.0,939500.0,907000.0,930000.0,314077
202603041000,930000.0,937000.0,909000.0,915000.0,242680
202603041015,915000.0,917000.0,898000.0,898000.0,243044
202603041030,899000.0,925000.0,897000.0,914000.0,318274
202603041045,914000.0,915000.0,904000.0,912000.0,146413
202603041100,911000.0,912000.0,890000.0,890000.0,210488
202603041115,891000.0,891000.0,886000.0,887000.0,78799
202603041145,887000.0,906000.0,870000.0,878000.0,617831
202603041200,878000.0,891000.0,860000.0,864000.0,491584
202603041215,865000.0,878000.0,856000.0,856000.0,330932
202603041230,856000.0,882000.0,846000.0,878000.0,448983
202603041245,877500.0,900000.0,877000.0,894000.0,355829
202603041300,894000.0,909000.0,886000.0,899000.0,253170
202603041315,899000.0,901000.0,873000.0,874000.0,248390
202603041330,873000.0,890000.0,860000.0,874000.0,245511
202603041345,874000.0,882000.0,868000.0,876000.0,199753
202603041400,876000.0,880000.0,868000.0,879000.0,158881
202603041415,879000.0,880000.0,860000.0,862000.0,189641
202603041430,862000.0,876000.0,856000.0,871000.0,273159
202603041445,871000.0,882000.0,865000.0,865000.0,291753
202603041500,866000.0,868000.0,854000.0,855000.0,401770
202603041515,855000.0,855000.0,848000.0,849000.0,580755
202603050900,976000.0,984000.0,948000.0,977000.0,1129496
202603050915,977000.0,987000.0,973000.0,986000.0,462406
202603050930,985000.0,992000.0,967000.0,977000.0,428353
202603050945,977000.0,985000.0,971000.0,979000.0,222982
202603051000,980000.0,984000.0,976000.0,981000.0,150702
202603051015,981000.0,982000.0,972000.0,972000.0,165536
202603051030,972000.0,973000.0,949000.0,953000.0,320244
202603051045,953000.0,961000.0,938000.0,949000.0,270346
202603051100,949000.0,960000.0,949000.0,955500.0,232028
202603051115,955500.0,960000.0,949500.0,950000.0,151235
202603051130,950000.0,960000.0,947000.0,957000.0,117935
202603051145,957000.0,961000.0,950000.0,952000.0,106895
202603051200,952000.0,959000.0,951000.0,954500.0,109931
202603051215,954500.0,957000.0,947000.0,948500.0,126470
202603051230,948000.0,949000.0,940000.0,940000.0,154218
202603051245,940000.0,941000.0,931000.0,934000.0,167448
202603051300,933000.0,940000.0,927000.0,940000.0,144225
202603051315,940000.0,948000.0,939000.0,945000.0,107380
202603051330,945000.0,953000.0,944000.0,952000.0,105796
202603051345,951000.0,957000.0,951000.0,956000.0,133677
202603051400,955000.0,969000.0,954000.0,962000.0,183625
202603051415,962000.0,967000.0,958000.0,962000.0,137690
202603051430,961000.0,969000.0,960000.0,966000.0,149255
202603051445,967000.0,976000.0,960000.0,961000.0,293635
202603051500,960000.0,962000.0,941000.0,944000.0,303285
202603051515,945000.0,947000.0,941000.0,941000.0,524534
202603060900,913000.0,927000.0,911000.0,923000.0,281128
202603060915,923000.0,938000.0,921000.0,925000.0,241219
202603060930,926000.0,928000.0,915000.0,916000.0,174935
202603060945,916000.0,918000.0,902000.0,907000.0,257317
202603061000,908000.0,910000.0,899000.0,904000.0,242351
202603061015,903500.0,904000.0,885000.0,898000.0,360401
202603061030,898000.0,909000.0,897000.0,904000.0,203386
202603061045,904000.0,915000.0,899000.0,910000.0,136958
202603061100,911000.0,919000.0,908000.0,918000.0,74800
202603061115,918500.0,919000.0,913000.0,914000.0,65322
202603061130,913000.0,917000.0,908000.0,915000.0,89421
202603061145,915000.0,921000.0,913000.0,920000.0,116000
202603061200,920000.0,925000.0,914000.0,914000.0,69803
202603061215,915000.0,916000.0,911000.0,914000.0,69424
202603061230,914000.0,920000.0,910000.0,920000.0,59408
202603061245,920000.0,923000.0,914000.0,918000.0,89696
202603061300,917000.0,922000.0,915000.0,915000.0,63319
202603061315,915000.0,917000.0,909000.0,910500.0,71491
202603061330,910500.0,917000.0,910000.0,914000.0,61046
202603061345,913000.0,918000.0,911000.0,912000.0,59077
202603061400,912000.0,922000.0,912000.0,918000.0,102357
202603061415,918000.0,920000.0,913000.0,918000.0,69687
202603061430,918000.0,928000.0,917000.0,922500.0,115438
202603061445,922500.0,928000.0,918000.0,928000.0,108582
202603061500,927000.0,931000.0,923000.0,924000.0,119398
202603061515,924000.0,925000.0,921000.0,924000.0,258072
202603090900,852000.0,864000.0,847000.0,850000.0,592658
202603090915,851000.0,852000.0,833000.0,840000.0,447246
202603090930,841000.0,851000.0,837000.0,844000.0,325202
202603090945,844000.0,846000.0,831000.0,831000.0,278619
202603091000,832000.0,838000.0,820000.0,826000.0,486925
202603091015,826000.0,827000.0,815000.0,817000.0,386046
202603091030,817000.0,818000.0,815000.0,817000.0,29416
202603091100,815000.0,833000.0,813000.0,828000.0,606943
202603091115,828000.0,829000.0,819000.0,822000.0,215877
202603091130,821000.0,836000.0,817000.0,834000.0,195177
202603091145,833500.0,841000.0,831000.0,833000.0,154395
202603091200,833000.0,834000.0,825000.0,828000.0,120515
202603091215,827000.0,830000.0,825000.0,826000.0,108873
202603091230,826000.0,833000.0,821000.0,822000.0,165989
202603091245,821000.0,825000.0,819000.0,819000.0,176829
202603091300,819000.0,826000.0,819000.0,819000.0,136040
202603091315,819000.0,820000.0,815000.0,815500.0,153015
202603091330,815500.0,816000.0,811000.0,813000.0,206140
202603091345,812000.0,817000.0,808000.0,810000.0,237839
202603091400,810000.0,822000.0,809000.0,819000.0,205490
202603091415,818000.0,835000.0,814000.0,833000.0,327759
202603091430,834000.0,840000.0,831000.0,832000.0,306930
202603091445,832000.0,839000.0,829000.0,830000.0,255413
202603091500,830000.0,833000.0,824000.0,832000.0,356999
202603091515,831000.0,836000.0,829000.0,836000.0,512802
202603100900,914000.0,916000.0,899000.0,912000.0,469088
202603100915,912000.0,925000.0,911000.0,924000.0,353272
202603100930,924000.0,932000.0,917000.0,932000.0,258460
202603100945,932000.0,935000.0,928000.0,931000.0,219548
202603101000,931000.0,934000.0,928000.0,931000.0,186497
202603101015,931000.0,941000.0,930000.0,932000.0,232346
202603101030,931000.0,943000.0,931000.0,943000.0,152142
202603101045,943000.0,950000.0,941000.0,944000.0,208663
202603101100,943000.0,945000.0,938000.0,944000.0,128258
202603101115,945000.0,948000.0,944000.0,945000.0,105031
202603101130,945000.0,946000.0,937000.0,937000.0,162424
202603101145,938000.0,938000.0,925000.0,929500.0,183227
202603101200,930000.0,936000.0,924000.0,924000.0,132814
202603101215,924000.0,934000.0,923000.0,926000.0,124477
202603101230,926000.0,927000.0,912000.0,912000.0,153595
202603101245,912000.0,920000.0,909000.0,912000.0,178028
202603101300,911000.0,924000.0,909000.0,921500.0,160469
202603101315,922000.0,929000.0,920000.0,925000.0,120064
202603101330,925000.0,929000.0,923000.0,925000.0,93826
202603101345,925000.0,927000.0,917000.0,923500.0,114935
202603101400,924000.0,933000.0,923000.0,929000.0,120556
202603101415,929500.0,933000.0,926000.0,929000.0,105964
202603101430,928000.0,931000.0,926000.0,928000.0,93122
202603101445,928000.0,941000.0,927000.0,941000.0,179316
202603101500,940000.0,945000.0,937000.0,942000.0,280008
202603101515,942000.0,945000.0,938000.0,938000.0,489161
202603110900,952000.0,959000.0,941000.0,951000.0,320257
202603110915,952000.0,957000.0,947000.0,951000.0,146113
202603110930,951000.0,955000.0,949000.0,950000.0,125511
202603110945,950000.0,953000.0,942000.0,952000.0,107401
202603111000,952500.0,970000.0,952000.0,967000.0,261730
202603111015,966000.0,968000.0,963000.0,967000.0,114848
202603111030,967000.0,982000.0,966000.0,981000.0,222097
202603111045,982000.0,985000.0,972000.0,977000.0,166230
202603111100,976500.0,979000.0,969000.0,979000.0,121667
202603111115,979000.0,980000.0,971000.0,974000.0,86475
202603111130,973000.0,980000.0,972000.0,977500.0,68804
202603111145,977500.0,982000.0,977000.0,982000.0,68734
202603111200,981000.0,982000.0,978000.0,979500.0,52970
202603111215,980000.0,980000.0,975000.0,977500.0,63499
202603111230,977500.0,980000.0,977000.0,980000.0,59609
202603111245,980000.0,983000.0,974000.0,979000.0,150141
202603111300,979000.0,979000.0,973000.0,979000.0,53385
202603111315,978000.0,980000.0,976000.0,980000.0,51912
202603111330,980000.0,981000.0,977000.0,977000.0,65600
202603111345,977000.0,982000.0,977000.0,980000.0,83226
202603111400,981000.0,981000.0,971000.0,972000.0,103488
202603111415,971000.0,976000.0,970000.0,971000.0,115650
202603111430,971000.0,972000.0,957000.0,957000.0,208532
202603111445,957000.0,967000.0,944000.0,950000.0,283336
202603111500,951000.0,961000.0,944000.0,959500.0,268267
202603111515,960000.0,963000.0,955000.0,955000.0,284421
202603120900,944000.0,950000.0,931000.0,937000.0,283026
202603120915,937000.0,950000.0,936000.0,949500.0,127666
202603120930,949500.0,956000.0,946000.0,954500.0,147235
202603120945,954000.0,963000.0,951000.0,952000.0,159543
202603121000,952000.0,954000.0,945000.0,951000.0,104289
202603121015,950000.0,951000.0,944000.0,945000.0,85161
202603121030,945000.0,956000.0,944000.0,954500.0,79718
202603121045,954000.0,955000.0,946000.0,947000.0,60251
202603121100,948000.0,950000.0,943000.0,943000.0,48369
202603121115,943000.0,945000.0,939000.0,944000.0,72050
202603121130,945000.0,946000.0,938000.0,939000.0,46150
202603121145,939000.0,940000.0,935000.0,937000.0,70397
202603121200,937000.0,938000.0,932000.0,934000.0,57047
202603121215,934000.0,937000.0,932000.0,933000.0,39439
202603121230,932500.0,933000.0,929000.0,931000.0,89413
202603121245,931000.0,934000.0,929000.0,933000.0,67991
202603121300,933000.0,936000.0,929000.0,933000.0,95608
202603121315,932000.0,938000.0,932000.0,936000.0,72247
202603121330,935000.0,936000.0,929000.0,931000.0,81556
202603121345,931000.0,933000.0,929000.0,930000.0,67894
202603121400,930000.0,939000.0,930000.0,938000.0,118722
202603121415,938000.0,939000.0,930000.0,932000.0,71432
202603121430,933000.0,937000.0,931000.0,934000.0,73240
202603121445,934500.0,935000.0,929000.0,931000.0,109120
202603121500,931000.0,932000.0,928000.0,931000.0,115516
202603121515,931000.0,932000.0,930000.0,930000.0,989233
202603130900,892000.0,902000.0,884000.0,901000.0,392991
202603130915,901000.0,910000.0,900000.0,906000.0,209547
202603130930,906000.0,909000.0,900000.0,902000.0,135644
202603130945,902000.0,907000.0,899000.0,906000.0,137094
202603131000,906000.0,911000.0,904000.0,906000.0,132745
202603131015,905000.0,915000.0,904000.0,911000.0,125180
202603131030,911500.0,915000.0,908000.0,914000.0,101947
202603131045,914000.0,922000.0,911000.0,919000.0,99143
202603131100,919000.0,929000.0,916000.0,924000.0,107666
202603131115,923000.0,927000.0,919000.0,923000.0,71151
202603131130,923000.0,925000.0,915000.0,921000.0,60586
202603131145,921000.0,924000.0,919000.0,923000.0,43294
202603131200,923000.0,923000.0,917000.0,917500.0,60144
202603131215,917500.0,919000.0,913000.0,913000.0,45812
202603131230,913500.0,918000.0,912000.0,913000.0,70676
202603131245,913000.0,917000.0,912000.0,916000.0,59017
202603131300,917000.0,917000.0,911000.0,912000.0,67289
202603131315,912000.0,912000.0,902000.0,902000.0,101985
202603131330,902000.0,908000.0,902000.0,905000.0,101779
202603131345,906000.0,908000.0,903000.0,907000.0,64057
202603131400,907000.0,908000.0,904000.0,907000.0,58764
202603131415,907000.0,910000.0,905000.0,909000.0,63393
202603131430,909000.0,912000.0,907000.0,908000.0,82665
202603131445,907500.0,913000.0,906000.0,908000.0,108955
202603131500,908000.0,911000.0,904000.0,909000.0,300884
202603131515,908000.0,912000.0,906000.0,910000.0,335490
202603160900,932000.0,944000.0,927000.0,938000.0,365755
202603160915,937000.0,945000.0,932000.0,938000.0,219434
202603160930,939000.0,943000.0,935000.0,940000.0,118795
202603160945,939000.0,947000.0,937000.0,946000.0,164442
202603161000,946000.0,946000.0,936000.0,940000.0,119440
202603161015,940000.0,943000.0,935000.0,936000.0,117657
202603161030,936000.0,938000.0,930000.0,934000.0,107407
202603161045,934000.0,939000.0,933000.0,936000.0,88365
202603161100,936000.0,938000.0,932000.0,934000.0,78933
202603161115,934000.0,935000.0,928000.0,931000.0,68445
202603161130,932000.0,932000.0,927000.0,928000.0,45831
202603161145,929000.0,934000.0,927000.0,933500.0,66061
202603161200,933000.0,935000.0,932000.0,932000.0,44207
202603161215,932000.0,936000.0,930000.0,936000.0,45282
202603161230,936000.0,946000.0,936000.0,945500.0,148580
202603161245,946000.0,946000.0,942500.0,944000.0,79186
202603161300,945000.0,952000.0,944000.0,951000.0,179664
202603161315,952000.0,959000.0,950000.0,959000.0,135283
202603161330,959000.0,960000.0,953000.0,954000.0,124620
202603161345,954000.0,956000.0,950000.0,951000.0,100466
202603161400,952000.0,956000.0,950000.0,955000.0,74489
202603161415,955000.0,959000.0,953000.0,958000.0,115007
202603161430,957000.0,960000.0,955000.0,960000.0,108297
202603161445,960000.0,972000.0,959000.0,969000.0,265610
202603161500,969000.0,971000.0,967000.0,970000.0,146482
202603161515,971000.0,975000.0,969000.0,974000.0,355223
202603170900,1004000.0,1009000.0,998000.0,1000000.0,354134
202603170915,1001000.0,1001000.0,986000.0,996000.0,285757
202603170930,996000.0,1001000.0,995000.0,1000000.0,154737
202603170945,999000.0,1001000.0,990000.0,997500.0,118648
202603171000,997500.0,998000.0,993000.0,996000.0,65351
202603171015,997000.0,999000.0,994000.0,997000.0,68356
202603171030,996000.0,1002000.0,996000.0,996000.0,111659
202603171045,997000.0,1000000.0,994000.0,1000000.0,82215
202603171100,999000.0,1000000.0,996000.0,997000.0,40147
202603171115,996500.0,1001000.0,995000.0,999000.0,74187
202603171130,998000.0,1001000.0,998000.0,1000000.0,58214
202603171145,1000000.0,1000000.0,995000.0,996000.0,46916
202603171200,995000.0,998000.0,994000.0,998000.0,41237
202603171215,998000.0,999000.0,996000.0,996000.0,39337
202603171230,996500.0,997000.0,990000.0,993000.0,95340
202603171245,993000.0,993000.0,987000.0,990000.0,81440
202603171300,991000.0,991000.0,986000.0,987000.0,43605
202603171315,988000.0,993000.0,987000.0,988000.0,61020
202603171330,988000.0,992000.0,988000.0,991000.0,56511
202603171345,992000.0,997000.0,990000.0,991000.0,71063
202603171400,991000.0,994000.0,988000.0,994000.0,65759
202603171415,994000.0,998000.0,992000.0,996000.0,94986
202603171430,995000.0,996000.0,990000.0,991000.0,55337
202603171445,992000.0,992000.0,979000.0,979500.0,135803
202603171500,980000.0,980000.0,969000.0,972000.0,273616
202603171515,972000.0,972000.0,969000.0,970000.0,333446
202603180900,1000000.0,1007000.0,999000.0,1006000.0,360011
202603180915,1007000.0,1007000.0,999000.0,999000.0,137795
202603180930,999000.0,1007000.0,999000.0,1006000.0,169171
202603180945,1006000.0,1010000.0,1005000.0,1009000.0,186125
202603181000,1009000.0,1010000.0,1005000.0,1009000.0,155363
202603181015,1009000.0,1010000.0,1004000.0,1006000.0,158237
202603181030,1007000.0,1010000.0,1005000.0,1008000.0,112341
202603181045,1008500.0,1009000.0,1002000.0,1008000.0,85210
202603181100,1007000.0,1008000.0,1005000.0,1007000.0,51803
202603181115,1007000.0,1009000.0,1006000.0,1009000.0,54440
202603181130,1009000.0,1011000.0,1008000.0,1010000.0,117814
202603181145,1011000.0,1012000.0,1009000.0,1010000.0,69703
202603181200,1010000.0,1015000.0,1010000.0,1015000.0,82962
202603181215,1015000.0,1018000.0,1014000.0,1016000.0,97322
202603181230,1017000.0,1017000.0,1014000.0,1017000.0,46066
202603181245,1017000.0,1020000.0,1016000.0,1020000.0,81684
202603181300,1019500.0,1020000.0,1017000.0,1018000.0,94078
202603181315,1018000.0,1019000.0,1015000.0,1016000.0,46584
202603181330,1017000.0,1018000.0,1015000.0,1017000.0,63313
202603181345,1017000.0,1023000.0,1017000.0,1021000.0,110849
202603181400,1021000.0,1036000.0,1020000.0,1035000.0,188247
202603181415,1035000.0,1045000.0,1034000.0,1043000.0,222613
202603181430,1044000.0,1050000.0,1037000.0,1049000.0,251319
202603181445,1048000.0,1055000.0,1046000.0,1052000.0,205565
202603181500,1053000.0,1060000.0,1051500.0,1056500.0,233474
202603181515,1057000.0,1059000.0,1056000.0,1056000.0,351130
202603190900,1012000.0,1026000.0,1008000.0,1023000.0,380981
202603190915,1023000.0,1023000.0,1007000.0,1014000.0,276111
202603190930,1014000.0,1015000.0,1005000.0,1005000.0,185194
202603190945,1005000.0,1013000.0,1003000.0,1012000.0,120385
202603191000,1011000.0,1015000.0,1007000.0,1012000.0,76992
202603191015,1011000.0,1014000.0,1007000.0,1012000.0,99187
202603191030,1012000.0,1013000.0,1008000.0,1011000.0,84740
202603191045,1010500.0,1020000.0,1009000.0,1015000.0,111339
202603191100,1014000.0,1021000.0,1012000.0,1018000.0,99103
202603191115,1018000.0,1028000.0,1017000.0,1026000.0,134868
202603191130,1025000.0,1033000.0,1024000.0,1030000.0,121743
202603191145,1029000.0,1032000.0,1024000.0,1031000.0,95375
202603191200,1031000.0,1036000.0,1029000.0,1036000.0,61959
202603191215,1035000.0,1043000.0,1032000.0,1033000.0,104638
202603191230,1033000.0,1034000.0,1027000.0,1031000.0,90126
202603191245,1031000.0,1039000.0,1029000.0,1030000.0,79951
202603191300,1030500.0,1031000.0,1017000.0,1021000.0,127434
202603191315,1020000.0,1022000.0,1016000.0,1017000.0,72459
202603191330,1017000.0,1021000.0,1012000.0,1016000.0,82839
202603191345,1015000.0,1019000.0,1011000.0,1018000.0,72153
202603191400,1018000.0,1018000.0,1013000.0,1013000.0,51880
202603191415,1013000.0,1019000.0,1011000.0,1013000.0,72943
202603191430,1013000.0,1014000.0,1009000.0,1009000.0,89904
202603191445,1009000.0,1014000.0,1007000.0,1007000.0,102734
202603191500,1008000.0,1014000.0,1007000.0,1013000.0,112215
202603191515,1013000.0,1014000.0,1010000.0,1013000.0,245625
202603200900,1024000.0,1025000.0,1010000.0,1015000.0,284425
202603200915,1016000.0,1017000.0,1005000.0,1011000.0,185168
202603200930,1011000.0,1018000.0,1008000.0,1014000.0,109221
202603200945,1015000.0,1015000.0,1008000.0,1008000.0,79987
202603201000,1009000.0,1017000.0,1008000.0,1015000.0,95776
202603201015,1014000.0,1016000.0,1009000.0,1016000.0,82174
202603201030,1016000.0,1024000.0,1015000.0,1017000.0,159522
202603201045,1018000.0,1018000.0,1011000.0,1015000.0,77117
202603201100,1014000.0,1015000.0,1010000.0,1012000.0,46874
202603201115,1011000.0,1015000.0,1010000.0,1012000.0,35843
202603201130,1011000.0,1016000.0,1011000.0,1015000.0,31321
202603201145,1015000.0,1019000.0,1014000.0,1015000.0,53920
202603201200,1015000.0,1019000.0,1014000.0,1019000.0,35671
202603201215,1019000.0,1021000.0,1016000.0,1018000.0,61269
202603201230,1018000.0,1019000.0,1012000.0,1013000.0,37762
202603201245,1014000.0,1016000.0,1012000.0,1014000.0,48531
202603201300,1014000.0,1017000.0,1012000.0,1012000.0,69005
202603201315,1012000.0,1013000.0,1007000.0,1009000.0,75572
202603201330,1008000.0,1009000.0,1006000.0,1007000.0,59577
202603201345,1006000.0,1008000.0,1005000.0,1005000.0,74249
202603201400,1005000.0,1007000.0,1002000.0,1007000.0,94816
202603201415,1007000.0,1013000.0,1005000.0,1013000.0,54306
202603201430,1013000.0,1014000.0,1008000.0,1011000.0,56824
202603201445,1012000.0,1013000.0,1009000.0,1009000.0,55614
202603201500,1010000.0,1017000.0,1009000.0,1013000.0,94420
202603201515,1014000.0,1014000.0,1007000.0,1007000.0,1017165
202603230900,956000.0,958000.0,942000.0,953000.0,426662
202603230915,952000.0,954000.0,945000.0,946000.0,183817
202603230930,947000.0,947000.0,939000.0,942000.0,260164
202603230945,942000.0,942000.0,927000.0,928500.0,254028
202603231000,928000.0,944000.0,928000.0,943000.0,239846
202603231015,942000.0,950000.0,941000.0,944000.0,153156
202603231030,944000.0,955000.0,940000.0,951000.0,160785
202603231045,951000.0,954000.0,948000.0,953000.0,97083
202603231100,953000.0,957000.0,947000.0,948000.0,114176
202603231115,948000.0,957000.0,946000.0,951000.0,61661
202603231130,950000.0,951000.0,943000.0,944500.0,88099
202603231145,944500.0,946000.0,941000.0,946000.0,69138
202603231200,946000.0,947000.0,940000.0,940000.0,70186
202603231215,940000.0,945000.0,939000.0,943000.0,68197
202603231230,942000.0,945000.0,940000.0,943000.0,50158
202603231245,943000.0,944000.0,937000.0,939000.0,86054
202603231300,939000.0,940000.0,935000.0,939000.0,74395
202603231315,940000.0,945000.0,937000.0,939000.0,75793
202603231330,940000.0,940000.0,936000.0,937000.0,48492
202603231345,937000.0,940000.0,936000.0,940000.0,56131
202603231400,939500.0,947000.0,939000.0,944000.0,85377
202603231415,944000.0,945000.0,936000.0,937000.0,80961
202603231430,937000.0,940500.0,932000.0,933000.0,137797
202603231445,933000.0,935000.0,930000.0,933000.0,139179
202603231500,933000.0,933000.0,927000.0,928000.0,227751
202603231515,928000.0,933000.0,927000.0,933000.0,408688
202603240900,992000.0,994000.0,977000.0,987000.0,341281
202603240915,987000.0,990000.0,981000.0,985000.0,178500
202603240930,985000.0,985000.0,966000.0,969000.0,225998
202603240945,968000.0,975000.0,962000.0,964000.0,176615
202603241000,965000.0,965000.0,954000.0,954000.0,166514
202603241015,954000.0,968000.0,949000.0,959000.0,249584
202603241030,959000.0,960000.0,943000.0,945000.0,148553
202603241045,944000.0,949000.0,938000.0,941000.0,152351
202603241100,940000.0,952000.0,940000.0,950000.0,144653
202603241115,949500.0,957000.0,947000.0,957000.0,101732
202603241130,956000.0,965000.0,954000.0,964000.0,145622
202603241145,965000.0,969000.0,958000.0,964000.0,120245
202603241200,963000.0,972000.0,963000.0,968000.0,105554
202603241215,969000.0,982000.0,969000.0,979000.0,134989
202603241230,978000.0,984000.0,971000.0,984000.0,143095
202603241245,983000.0,984000.0,975000.0,983000.0,99852
202603241300,983000.0,986000.0,980000.0,983000.0,92838
202603241315,983000.0,983000.0,973000.0,975000.0,97139
202603241330,975000.0,980000.0,972000.0,978000.0,71339
202603241345,978000.0,990000.0,977000.0,983000.0,190295
202603241400,983000.0,984000.0,970000.0,974000.0,143018
202603241415,973000.0,987000.0,970000.0,971000.0,148605
202603241430,971000.0,984000.0,971000.0,983000.0,128286
202603241445,983000.0,985000.0,980000.0,985000.0,95461
202603241500,984000.0,991000.0,984000.0,989000.0,188303
202603241515,989500.0,992000.0,985000.0,986000.0,349491
202603250900,1013000.0,1029000.0,1010500.0,1027000.0,414476
202603250915,1027000.0,1028000.0,1017000.0,1023000.0,241628
202603250930,1023000.0,1030000.0,1023000.0,1029000.0,213295
202603250945,1029000.0,1042000.0,1029000.0,1041000.0,290874
202603251000,1040000.0,1042000.0,1035000.0,1037000.0,164619
202603251015,1037000.0,1041000.0,1035000.0,1040000.0,140680
202603251030,1040000.0,1042000.0,1034000.0,1037000.0,149470
202603251045,1037000.0,1039000.0,1027000.0,1027000.0,109756
202603251100,1027000.0,1032000.0,1019000.0,1024000.0,210313
202603251115,1024000.0,1029000.0,1021000.0,1025000.0,112626
202603251130,1024000.0,1028000.0,1022000.0,1022000.0,77073
202603251145,1023000.0,1024000.0,1006000.0,1009000.0,218481
202603251200,1010000.0,1017000.0,1001000.0,1001000.0,176369
202603251215,1001000.0,1009000.0,1001000.0,1004000.0,112822
202603251230,1005000.0,1006000.0,997000.0,999000.0,165825
202603251245,1000000.0,1008500.0,998000.0,1004000.0,97313
202603251300,1005000.0,1007000.0,999000.0,1001000.0,109807
202603251315,1001000.0,1007000.0,999000.0,1007000.0,85067
202603251330,1007000.0,1012000.0,1005000.0,1006000.0,101510
202603251345,1006000.0,1007000.0,1000000.0,1001000.0,117597
202603251400,1000000.0,1001000.0,993000.0,996000.0,177323
202603251415,997000.0,999000.0,989000.0,989000.0,150088
202603251430,989000.0,1000000.0,988000.0,998000.0,131996
202603251445,998000.0,1003000.0,995000.0,998000.0,121893
202603251500,999000.0,999000.0,993000.0,996000.0,114733
202603251515,996500.0,998000.0,995000.0,995000.0,244039
202603260900,970000.0,971000.0,957000.0,959000.0,372692
202603260915,959000.0,973000.0,959000.0,964000.0,222029
202603260930,965000.0,967000.0,960000.0,960000.0,134925
202603260945,960000.0,963000.0,955000.0,962000.0,171432
202603261000,962500.0,965000.0,956000.0,957000.0,133235
202603261015,956000.0,960000.0,953000.0,955000.0,192430
202603261030,956000.0,959000.0,953000.0,953000.0,106861
202603261045,953500.0,953500.0,943000.0,950000.0,301107
202603261100,950000.0,952000.0,941000.0,941000.0,144770
202603261115,941000.0,944000.0,934000.0,934500.0,220187
202603261130,934500.0,938000.0,931000.0,937000.0,187250
202603261145,937000.0,939000.0,935000.0,936000.0,96097
202603261200,936000.0,940000.0,933000.0,940000.0,124722
202603261215,940000.0,944000.0,936000.0,944000.0,97943
202603261230,943000.0,952000.0,943000.0,950000.0,165201
202603261245,950000.0,951000.0,944000.0,948000.0,100042
202603261300,948000.0,954000.0,946000.0,952000.0,116053
202603261315,952000.0,953000.0,947000.0,949000.0,94467
202603261330,949000.0,950000.0,944000.0,946000.0,87315
202603261345,946500.0,947000.0,941000.0,944000.0,98520
202603261400,944000.0,945000.0,940000.0,942000.0,109097
202603261415,942000.0,942000.0,936000.0,937000.0,104291
202603261430,936000.0,940000.0,935000.0,936000.0,153458
202603261445,936000.0,937000.0,932000.0,932000.0,207717
202603261500,933000.0,935000.0,932000.0,934000.0,222639
202603261515,933000.0,935000.0,931000.0,933000.0,477174
202603270900,893000.0,899000.0,888000.0,888000.0,403759
202603270915,888000.0,894000.0,886000.0,891000.0,261190
202603270930,891000.0,893000.0,885000.0,886000.0,176626
202603270945,886000.0,887000.0,880000.0,881500.0,253972
202603271000,881500.0,897000.0,880000.0,896000.0,207589
202603271015,896000.0,901000.0,893000.0,900000.0,183827
202603271030,900000.0,905000.0,897000.0,899000.0,184194
202603271045,900000.0,903000.0,893000.0,902000.0,129178
202603271100,902000.0,903000.0,893000.0,894000.0,110268
202603271115,894000.0,896000.0,890000.0,896000.0,85024
202603271130,897000.0,900000.0,895000.0,900000.0,66350
202603271145,900000.0,902000.0,898000.0,898000.0,78087
202603271200,899000.0,901000.0,896000.0,897000.0,74378
202603271215,897000.0,898000.0,893000.0,898000.0,71930
202603271230,897000.0,906000.0,897000.0,906000.0,99089
202603271245,905000.0,915000.0,905000.0,911000.0,155316
202603271300,911000.0,915000.0,907000.0,909000.0,108779
202603271315,909000.0,919000.0,909000.0,914000.0,114720
202603271330,914000.0,925000.0,913000.0,925000.0,158946
202603271345,924000.0,925000.0,917000.0,924000.0,125059
202603271400,924000.0,934000.0,923000.0,932000.0,238497
202603271415,931000.0,933000.0,922000.0,927000.0,169772
202603271430,926500.0,931000.0,922000.0,923500.0,126641
202603271445,924000.0,924000.0,915000.0,918000.0,161349
202603271500,918000.0,919000.0,914000.0,917000.0,147085
202603271515,917000.0,922000.0,916000.0,922000.0,383005
202603300900,869000.0,876000.0,862000.0,871000.0,316284
202603300915,871000.0,883000.0,869000.0,874000.0,259180
202603300930,874000.0,880000.0,866000.0,869000.0,262824
202603300945,868000.0,870000.0,862000.0,868000.0,236937
202603301000,868000.0,872000.0,866000.0,867000.0,127889
202603301015,867000.0,869000.0,864000.0,868000.0,178337
202603301030,868000.0,882000.0,868000.0,880000.0,250157
202603301045,880000.0,882000.0,875000.0,879000.0,187158
202603301100,879000.0,880000.0,873000.0,877000.0,142687
202603301115,877000.0,877000.0,866000.0,867000.0,133643
202603301130,867000.0,870000.0,864000.0,869000.0,185120
202603301145,869000.0,873000.0,868000.0,870500.0,110209
202603301200,870500.0,879000.0,869000.0,878000.0,99581
202603301215,878000.0,881000.0,875000.0,875000.0,109167
202603301230,875000.0,881000.0,874000.0,879000.0,102314
202603301245,879000.0,880000.0,872000.0,877000.0,85838
202603301300,876000.0,881000.0,873000.0,877000.0,110714
202603301315,878000.0,881000.0,876000.0,878000.0,78630
202603301330,878000.0,882000.0,875000.0,875000.0,105722
202603301345,876000.0,878000.0,874000.0,877000.0,83125
202603301400,877000.0,881000.0,874000.0,877000.0,88752
202603301415,877000.0,880000.0,876000.0,879000.0,87301
202603301430,878000.0,884000.0,876000.0,877500.0,152614
202603301445,877000.0,878000.0,871000.0,871000.0,137319
202603301500,871000.0,875000.0,871000.0,872000.0,162315
202603301515,872000.0,873000.0,871000.0,873000.0,477639
202603310900,823000.0,826000.0,810000.0,811000.0,462302
202603310915,811000.0,815000.0,806000.0,813000.0,415721
202603310930,813000.0,825000.0,810000.0,825000.0,316681
202603310945,825000.0,831000.0,822000.0,822000.0,373774
202603311000,823000.0,830000.0,815000.0,821000.0,216903
202603311015,821000.0,827000.0,817000.0,826000.0,231697
202603311030,827000.0,847000.0,825000.0,847000.0,477458
202603311045,847000.0,852000.0,836000.0,842000.0,377985
202603311100,842000.0,843000.0,836000.0,837000.0,151322
202603311115,836000.0,841000.0,833000.0,833500.0,141931
202603311130,834000.0,838000.0,832000.0,833000.0,106985
202603311145,833500.0,842000.0,832000.0,838000.0,123372
202603311200,838000.0,846000.0,836000.0,842000.0,115907
202603311215,842000.0,842000.0,834000.0,835000.0,88803
202603311230,835000.0,835000.0,823000.0,825000.0,186086
202603311245,825000.0,828000.0,821000.0,822500.0,143134
202603311300,822500.0,823000.0,816000.0,817000.0,161397
202603311315,817000.0,824000.0,816000.0,821000.0,180827
202603311330,820500.0,825000.0,818000.0,821500.0,142258
202603311345,821500.0,822000.0,815000.0,820000.0,160361
202603311400,820000.0,820000.0,813000.0,813000.0,218563
202603311415,813000.0,825000.0,812500.0,820000.0,244477
202603311430,820000.0,825000.0,819000.0,822000.0,156310
202603311445,822000.0,827000.0,820000.0,820000.0,173261
202603311500,820000.0,821000.0,808000.0,809000.0,336178
202603311515,810000.0,810000.0,807000.0,807000.0,756752
202604010900,879000.0,880000.0,860000.0,864000.0,512650
202604010915,864000.0,872000.0,858000.0,870000.0,305590
202604010930,869500.0,873000.0,866000.0,870000.0,224489
202604010945,870000.0,871000.0,867000.0,869000.0,133161
202604011000,869000.0,871000.0,861000.0,871000.0,168833
202604011015,871000.0,880000.0,870000.0,880000.0,249201
202604011030,880000.0,880000.0,873000.0,874500.0,153807
202604011045,874000.0,878000.0,874000.0,876000.0,102475
202604011100,876000.0,878000.0,872000.0,876000.0,120619
202604011115,876000.0,881000.0,875000.0,878000.0,156043
202604011130,878000.0,879000.0,873000.0,879000.0,96880
202604011145,879000.0,880000.0,876500.0,879000.0,89654
202604011200,879000.0,882000.0,878000.0,878000.0,114798
202604011215,878000.0,883000.0,878000.0,882000.0,114939
202604011230,882000.0,883000.0,879000.0,881000.0,111277
202604011245,881000.0,882000.0,879000.0,880000.0,105656
202604011300,880000.0,882000.0,880000.0,882000.0,89865
202604011315,881000.0,887000.0,881000.0,887000.0,125177
202604011330,887000.0,889000.0,884000.0,888000.0,175433
202604011345,888000.0,892000.0,885000.0,888000.0,167120
202604011400,888000.0,894000.0,887000.0,892500.0,180213
202604011415,892500.0,899000.0,891000.0,897500.0,190374
202604011430,897500.0,902000.0,897000.0,901000.0,249750
202604011445,902000.0,905000.0,892000.0,897000.0,258164
202604011500,897000.0,901000.0,894000.0,898000.0,315247
202604011515,899000.0,901000.0,893000.0,893000.0,481346
202604020900,910000.0,913000.0,890000.0,895500.0,513250
202604020915,895000.0,902000.0,886000.0,889000.0,320906
202604020930,889000.0,891000.0,881000.0,890000.0,258454
202604020945,890000.0,899000.0,886000.0,893000.0,191385
202604021000,893000.0,899000.0,878000.0,881500.0,305180
202604021015,882000.0,888000.0,847000.0,854000.0,684689
202604021030,854000.0,864000.0,850000.0,851000.0,306034
202604021045,852000.0,862000.0,847000.0,858000.0,251831
202604021100,857000.0,858000.0,844000.0,847000.0,219898
202604021115,846000.0,850000.0,842000.0,842000.0,146879
202604021130,842000.0,847000.0,838000.0,845000.0,160055
202604021145,845000.0,852000.0,843000.0,847000.0,118023
202604021200,847000.0,850000.0,843000.0,849000.0,87531
202604021215,849000.0,850000.0,844000.0,847000.0,64709
202604021230,847000.0,849000.0,840000.0,842000.0,88286
202604021245,843000.0,843000.0,838000.0,842000.0,87615
202604021300,841000.0,846000.0,836000.0,845000.0,114701
202604021315,845000.0,846000.0,834000.0,838500.0,128387
202604021330,838000.0,840000.0,835000.0,838000.0,94638
202604021345,838500.0,842000.0,835000.0,840000.0,82712
202604021400,839000.0,842000.0,836000.0,838000.0,84596
202604021415,838000.0,838000.0,831000.0,833000.0,133589
202604021430,832000.0,833000.0,824000.0,825000.0,225379
202604021445,825000.0,825000.0,818000.0,820000.0,248491
202604021500,819000.0,831000.0,818000.0,831000.0,298330
202604021515,830000.0,836000.0,829000.0,830000.0,461806
202604030900,863000.0,885000.0,863000.0,883000.0,513846
202604030915,883000.0,885000.0,871000.0,875000.0,192101
202604030930,875000.0,877000.0,867000.0,877000.0,140180
202604030945,876000.0,884000.0,874000.0,881000.0,128354
202604031000,882000.0,884000.0,880000.0,883000.0,88331
202604031015,883000.0,885000.0,881000.0,882000.0,78633
202604031030,883000.0,884000.0,876000.0,876000.0,97135
202604031045,876000.0,879000.0,870000.0,871000.0,108386
202604031100,871000.0,875000.0,867000.0,871000.0,95197
202604031115,870000.0,874000.0,867000.0,867000.0,63359
202604031130,867000.0,868000.0,861000.0,863000.0,119517
202604031145,862000.0,870000.0,860000.0,868000.0,57239
202604031200,868000.0,870000.0,866000.0,869000.0,43502
202604031215,870000.0,874000.0,868000.0,871000.0,55001
202604031230,871000.0,875000.0,871000.0,874000.0,36316
202604031245,874000.0,879000.0,873000.0,878000.0,63416
202604031300,878000.0,882000.0,877000.0,880000.0,74653
202604031315,880000.0,882000.0,874000.0,875000.0,89735
202604031330,875000.0,879000.0,874000.0,877000.0,60431
202604031345,877000.0,882000.0,877000.0,881000.0,57782
202604031400,882000.0,886000.0,880500.0,882000.0,130147
202604031415,882000.0,883000.0,877000.0,881000.0,81564
202604031430,881000.0,883000.0,879000.0,880000.0,70779
202604031445,880000.0,885000.0,880000.0,885000.0,88527
202604031500,884000.0,885000.0,881000.0,883000.0,100433
202604031515,882000.0,884000.0,876000.0,876000.0,194031
202604060900,879000.0,898000.0,878000.0,895000.0,276353
202604060915,894000.0,896000.0,882000.0,884000.0,135667
202604060930,883000.0,891000.0,881000.0,888000.0,90626
202604060945,889000.0,896000.0,888000.0,895000.0,107872
202604061000,894000.0,898000.0,889500.0,890000.0,96309
202604061015,890000.0,892000.0,884000.0,889000.0,74621
202604061030,890000.0,892000.0,885000.0,891000.0,53097
202604061045,891000.0,892000.0,880000.0,886000.0,98906
202604061100,886000.0,895000.0,882000.0,892000.0,87410
202604061115,892000.0,900000.0,892000.0,899000.0,147161
202604061130,899000.0,901500.0,893000.0,896000.0,103236
202604061145,895000.0,896000.0,885000.0,886000.0,75863
202604061200,885500.0,890000.0,885000.0,887500.0,111574
202604061215,888000.0,889000.0,881000.0,882000.0,178562
202604061230,882000.0,884000.0,876000.0,876000.0,124465
202604061245,876000.0,880000.0,873000.0,878000.0,121560
202604061300,878000.0,880000.0,872000.0,875000.0,126843
202604061315,875000.0,877000.0,869000.0,873500.0,143082
202604061330,873500.0,881000.0,873000.0,878000.0,85948
202604061345,878000.0,879000.0,874000.0,878000.0,87145
202604061400,878500.0,884000.0,877000.0,880000.0,74726
202604061415,880000.0,884000.0,878000.0,882000.0,84767
202604061430,882000.0,885000.0,876000.0,878000.0,90747
202604061445,879000.0,879000.0,876000.0,876000.0,85593
202604061500,876000.0,886000.0,876000.0,882000.0,116308
202604061515,882000.0,886000.0,880000.0,886000.0,178437
202604070900,914000.0,919000.0,902000.0,919000.0,361730
202604070915,918500.0,933000.0,912000.0,928000.0,361073
202604070930,928000.0,929000.0,920000.0,927000.0,191975
202604070945,928000.0,928000.0,911000.0,911000.0,195066
202604071000,912000.0,918000.0,909000.0,912000.0,138640
202604071015,912000.0,915000.0,906000.0,909000.0,110880
202604071030,908000.0,914500.0,903000.0,907000.0,130356
202604071045,907000.0,910000.0,894000.0,899000.0,153562
202604071100,900000.0,900000.0,888000.0,895000.0,144636
202604071115,894500.0,902000.0,892000.0,900500.0,87773
202604071130,901000.0,905000.0,898000.0,903000.0,71658
202604071145,903000.0,907000.0,902000.0,905000.0,55035
202604071200,906000.0,908000.0,900000.0,905000.0,49448
202604071215,905000.0,905000.0,899000.0,905000.0,45718
202604071230,904500.0,908000.0,900000.0,903000.0,46478
202604071245,902000.0,903000.0,896000.0,898000.0,38432
202604071300,899000.0,900000.0,892000.0,894000.0,59473
202604071315,895000.0,900000.0,892000.0,899000.0,50444
202604071330,900000.0,903000.0,898000.0,902500.0,49982
202604071345,902000.0,904000.0,899000.0,900000.0,51658
202604071400,900000.0,903000.0,898000.0,899000.0,38034
202604071415,900000.0,903000.0,895000.0,896500.0,55828
202604071430,896000.0,905000.0,895000.0,904000.0,82162
202604071445,904000.0,913000.0,903000.0,910000.0,154732
202604071500,911000.0,919000.0,910000.0,917000.0,189857
202604071515,917000.0,918000.0,915000.0,916000.0,266038
202604080900,999000.0,1005000.0,992000.0,1004000.0,754808
202604080915,1003000.0,1007000.0,999000.0,999000.0,329876
202604080930,1000000.0,1001000.0,995000.0,1000000.0,236682
202604080945,999000.0,1004000.0,999000.0,1002000.0,189083
202604081000,1003000.0,1005000.0,999000.0,1005000.0,192840
202604081015,1005000.0,1013000.0,1004000.0,1011000.0,261627
202604081030,1011000.0,1012000.0,998000.0,999000.0,268584
202604081045,999000.0,1002000.0,996000.0,999500.0,109515
202604081100,999000.0,1004000.0,998000.0,1003000.0,115542
202604081115,1003000.0,1005000.0,1001000.0,1002000.0,94810
202604081130,1002000.0,1005000.0,1000000.0,1002500.0,75705
202604081145,1002500.0,1006000.0,1001000.0,1002000.0,64522
202604081200,1002000.0,1009000.0,1002000.0,1008000.0,111566
202604081215,1008000.0,1010000.0,1007000.0,1009000.0,88077
202604081230,1008000.0,1014000.0,1008000.0,1013000.0,158852
202604081245,1013000.0,1023000.0,1012000.0,1020000.0,258909
202604081300,1019000.0,1042000.0,1019000.0,1041000.0,390324
202604081315,1041000.0,1048000.0,1035000.0,1043000.0,264506
202604081330,1043000.0,1050000.0,1042000.0,1050000.0,218084
202604081345,1049000.0,1056000.0,1044000.0,1045000.0,301950
202604081400,1045000.0,1049000.0,1038000.0,1047000.0,251933
202604081415,1047000.0,1048000.0,1035000.0,1039000.0,179454
202604081430,1038000.0,1043000.0,1031000.0,1036000.0,173407
202604081445,1036000.0,1044000.0,1036000.0,1043000.0,183731
202604081500,1043000.0,1046000.0,1033000.0,1038000.0,312586
202604081515,1038000.0,1041000.0,1033000.0,1033000.0,547032
202604090900,1012000.0,1022000.0,1007000.0,1014000.0,272454
202604090915,1014000.0,1025000.0,1013000.0,1023000.0,186472
202604090930,1023000.0,1024000.0,1012000.0,1012000.0,134316
202604090945,1013000.0,1017000.0,1011000.0,1015000.0,93148
202604091000,1016000.0,1017000.0,1006000.0,1010000.0,186006
202604091015,1010000.0,1010000.0,1002000.0,1002000.0,159118
202604091030,1003000.0,1006000.0,998000.0,1001000.0,200249
202604091045,1000000.0,1010000.0,999000.0,1010000.0,108811
202604091100,1009500.0,1014000.0,1007000.0,1007000.0,114746
202604091115,1008000.0,1010000.0,1004000.0,1004000.0,84159
202604091130,1004000.0,1006000.0,1001000.0,1003000.0,81834
202604091145,1003500.0,1007000.0,1001000.0,1003000.0,91193
202604091200,1003000.0,1003000.0,1000000.0,1000000.0,91336
202604091215,1000000.0,1001000.0,997000.0,1000000.0,148375
202604091230,999500.0,1003000.0,998000.0,999000.0,87863
202604091245,998000.0,999000.0,994000.0,998000.0,146305
202604091300,998000.0,999000.0,996000.0,997000.0,69255
202604091315,997000.0,998000.0,990000.0,992500.0,163104
202604091330,992000.0,998000.0,991000.0,995000.0,92067
202604091345,996000.0,1000000.0,995000.0,996000.0,87354
202604091400,997000.0,1002000.0,995000.0,1001000.0,108814
202604091415,1001000.0,1010000.0,1000000.0,1009000.0,153205
202604091430,1009000.0,1009500.0,1000000.0,1000000.0,128025
202604091445,1000500.0,1001000.0,995000.0,998000.0,221892
202604091500,997000.0,999000.0,995000.0,996500.0,226437
202604091515,996000.0,998000.0,995000.0,998000.0,781649
202604100900,1028000.0,1038000.0,1027000.0,1033000.0,296588
202604100915,1033000.0,1033000.0,1025000.0,1025000.0,138845
202604100930,1026000.0,1034000.0,1026000.0,1029000.0,97844
202604100945,1029000.0,1036000.0,1026000.0,1034000.0,124019
202604101000,1033000.0,1035000.0,1031000.0,1034000.0,76496
202604101015,1034000.0,1042000.0,1034000.0,1041000.0,191933
202604101030,1041000.0,1042000.0,1036000.0,1038000.0,131884
202604101045,1039000.0,1041000.0,1033000.0,1035000.0,93783
202604101100,1035000.0,1036000.0,1032000.0,1032000.0,66449
202604101115,1032000.0,1035000.0,1032000.0,1034000.0,57019
202604101130,1033500.0,1037000.0,1032000.0,1035500.0,53610
202604101145,1035500.0,1037000.0,1033000.0,1034000.0,44435
202604101200,1034000.0,1035000.0,1030000.0,1031000.0,47386
202604101215,1031000.0,1032000.0,1026000.0,1027000.0,54560
202604101230,1027000.0,1032000.0,1026000.0,1029500.0,46734
202604101245,1029000.0,1030000.0,1027000.0,1029000.0,37408
202604101300,1029000.0,1034000.0,1029000.0,1033000.0,63957
202604101315,1033000.0,1035000.0,1032000.0,1033000.0,48065
202604101330,1034000.0,1035000.0,1031000.0,1032000.0,60701
202604101345,1032000.0,1034000.0,1030000.0,1031000.0,58087
202604101400,1032000.0,1033000.0,1029000.0,1029000.0,64243
202604101415,1029000.0,1031500.0,1028000.0,1029000.0,72752
202604101430,1029000.0,1031000.0,1028000.0,1029000.0,77042
202604101445,1029000.0,1031000.0,1028000.0,1029000.0,100646
202604101500,1029000.0,1030000.0,1025000.0,1025000.0,166812
202604101515,1026000.0,1028000.0,1024000.0,1027000.0,640686
202604130900,997000.0,1015000.0,996000.0,1014000.0,286134
202604130915,1015000.0,1034000.0,1012000.0,1033000.0,291185
202604130930,1034000.0,1037000.0,1024000.0,1033000.0,220439
202604130945,1033000.0,1043000.0,1030000.0,1038000.0,225681
202604131000,1038000.0,1039000.0,1029000.0,1031000.0,125427
202604131015,1031000.0,1034000.0,1027000.0,1029000.0,81796
202604131030,1030000.0,1035000.0,1027000.0,1029000.0,68266
202604131045,1030000.0,1031000.0,1026000.0,1030000.0,58841
202604131100,1029000.0,1030000.0,1024000.0,1028000.0,92441
202604131115,1028000.0,1029000.0,1025000.0,1028000.0,40365
202604131130,1027000.0,1030000.0,1027000.0,1029000.0,27608
202604131145,1030000.0,1030000.0,1026000.0,1030000.0,30534
202604131200,1030000.0,1030000.0,1026000.0,1027000.0,35031
202604131215,1027000.0,1030000.0,1026000.0,1029000.0,33042
202604131230,1030000.0,1032000.0,1028000.0,1031000.0,42557
202604131245,1031000.0,1033000.0,1030000.0,1032000.0,46546
202604131300,1032000.0,1033000.0,1029000.0,1032000.0,39655
202604131315,1031000.0,1032000.0,1028000.0,1031000.0,46622
202604131330,1030000.0,1032000.0,1028000.0,1029000.0,36955
202604131345,1028000.0,1034000.0,1028000.0,1033000.0,77454
202604131400,1032000.0,1034000.0,1031000.0,1033000.0,54846
202604131415,1033000.0,1034000.0,1031000.0,1034000.0,46228
202604131430,1034000.0,1039000.0,1032000.0,1039000.0,108485
202604131445,1038000.0,1039000.0,1034000.0,1036000.0,83143
202604131500,1035000.0,1037000.0,1033000.0,1036000.0,93418
202604131515,1036000.0,1040000.0,1035000.0,1040000.0,340472
202604140900,1084000.0,1096000.0,1078000.0,1095000.0,461365
202604140915,1096000.0,1109000.0,1090000.0,1108000.0,501164
202604140930,1107000.0,1113000.0,1102000.0,1112000.0,328044
202604140945,1113000.0,1115000.0,1110000.0,1110000.0,231543
202604141000,1111000.0,1128000.0,1107000.0,1121000.0,461012
202604141015,1122000.0,1125000.0,1116000.0,1116000.0,148358
202604141030,1116000.0,1120000.0,1114000.0,1117000.0,162282
202604141045,1118000.0,1118000.0,1109000.0,1109000.0,157156
202604141100,1110000.0,1117000.0,1107000.0,1116000.0,137610
202604141115,1117000.0,1118000.0,1113000.0,1118000.0,90520
202604141130,1117000.0,1119000.0,1116000.0,1119000.0,67439
202604141145,1118000.0,1119000.0,1115000.0,1116000.0,47022
202604141200,1116000.0,1118000.0,1116000.0,1117000.0,46570
202604141215,1117000.0,1120000.0,1117000.0,1118000.0,75509
202604141230,1118000.0,1119000.0,1116000.0,1116000.0,35937
202604141245,1117000.0,1120000.0,1116000.0,1119000.0,75405
202604141300,1119000.0,1124000.0,1119000.0,1123000.0,117738
202604141315,1123000.0,1125000.0,1123000.0,1125000.0,119445
202604141330,1125000.0,1125000.0,1121000.0,1124000.0,91662
202604141345,1124000.0,1125000.0,1118000.0,1118000.0,69315
202604141400,1118000.0,1122000.0,1118000.0,1120000.0,80877
202604141415,1119000.0,1121000.0,1113000.0,1114500.0,115810
202604141430,1115000.0,1116000.0,1107000.0,1112000.0,134538
202604141445,1112000.0,1114000.0,1107000.0,1108000.0,109520
202604141500,1109000.0,1109000.0,1098000.0,1101000.0,233446
202604141515,1101000.0,1103000.0,1100000.0,1103000.0,353659
202604150900,1162000.0,1166000.0,1152000.0,1159000.0,502293
202604150915,1159000.0,1172000.0,1158000.0,1172000.0,238582
202604150930,1172000.0,1173000.0,1165000.0,1166000.0,152120
202604150945,1167000.0,1169000.0,1162000.0,1165000.0,126778
202604151000,1165000.0,1172000.0,1163000.0,1171000.0,176143
202604151015,1171000.0,1172000.0,1162500.0,1163000.0,145058
202604151030,1162000.0,1164000.0,1156000.0,1161000.0,150393
202604151045,1160000.0,1163000.0,1156000.0,1156000.0,87933
202604151100,1156000.0,1157000.0,1151000.0,1156000.0,153192
202604151115,1156000.0,1160000.0,1154000.0,1159000.0,77461
202604151130,1158000.0,1162000.0,1157000.0,1161000.0,83920
202604151145,1160000.0,1164000.0,1160000.0,1163000.0,53038
202604151200,1162000.0,1166000.0,1162000.0,1163000.0,74497
202604151215,1162000.0,1164000.0,1158000.0,1158000.0,68955
202604151230,1158000.0,1161000.0,1157000.0,1159000.0,46548
202604151245,1159000.0,1163500.0,1159000.0,1162000.0,53182
202604151300,1162000.0,1163000.0,1160000.0,1162000.0,37067
202604151315,1162000.0,1163500.0,1162000.0,1163000.0,60104
202604151330,1163000.0,1163000.0,1157000.0,1158000.0,83731
202604151345,1157000.0,1163000.0,1157000.0,1162500.0,70412
202604151400,1162000.0,1164000.0,1154000.0,1161000.0,125070
202604151415,1161000.0,1162000.0,1152000.0,1152000.0,122435
202604151430,1152500.0,1153000.0,1136000.0,1140000.0,279547
202604151445,1140000.0,1146000.0,1130000.0,1145000.0,253622
202604151500,1146000.0,1147000.0,1135000.0,1137000.0,151894
202604151515,1137000.0,1139000.0,1133000.0,1136000.0,391016
202604160900,1139000.0,1150000.0,1133000.0,1141000.0,258699
202604160915,1140000.0,1141000.0,1130000.0,1138000.0,144190
202604160930,1138000.0,1145000.0,1137000.0,1142000.0,113037
202604160945,1142000.0,1149000.0,1140000.0,1145000.0,92899
202604161000,1146000.0,1155000.0,1142000.0,1154000.0,171877
202604161015,1154000.0,1161000.0,1151000.0,1155000.0,227138
202604161030,1154000.0,1156000.0,1150000.0,1153000.0,58582
202604161045,1154000.0,1156000.0,1152000.0,1155000.0,69373
202604161100,1155000.0,1160000.0,1155000.0,1157000.0,70213
202604161115,1156000.0,1158500.0,1153000.0,1154000.0,52282
202604161130,1155000.0,1155000.0,1150000.0,1154000.0,49345
202604161145,1153000.0,1156000.0,1153000.0,1154000.0,45765
202604161200,1155000.0,1156000.0,1152000.0,1152000.0,35651
202604161215,1152000.0,1153000.0,1146000.0,1148000.0,52465
202604161230,1149000.0,1151000.0,1146000.0,1151000.0,48773
202604161245,1151000.0,1151000.0,1147000.0,1148000.0,45621
202604161300,1148000.0,1149000.0,1142000.0,1145000.0,64788
202604161315,1145000.0,1147000.0,1142000.0,1144000.0,60735
202604161330,1144000.0,1147000.0,1143000.0,1146000.0,38084
202604161345,1146500.0,1148000.0,1145000.0,1145000.0,45063
202604161400,1145000.0,1149000.0,1142000.0,1147000.0,68672
202604161415,1146000.0,1155000.0,1146000.0,1154000.0,76555
202604161430,1154000.0,1155000.0,1150000.0,1150000.0,78480
202604161445,1150000.0,1153000.0,1148000.0,1151000.0,78701
202604161500,1150000.0,1154000.0,1150000.0,1151000.0,71125
202604161515,1151000.0,1155000.0,1151000.0,1155000.0,386654
202604170900,1152000.0,1153000.0,1141000.0,1142000.0,275688
202604170915,1142000.0,1148000.0,1141000.0,1142000.0,117977
202604170930,1142000.0,1153000.0,1141000.0,1153000.0,82096
202604170945,1152000.0,1155000.0,1149000.0,1150000.0,78406
202604171000,1150000.0,1150000.0,1145000.0,1145000.0,63961
202604171015,1146000.0,1149000.0,1144000.0,1146000.0,69500
202604171030,1146000.0,1147000.0,1143000.0,1145000.0,66620
202604171045,1144000.0,1145000.0,1142000.0,1143000.0,63677
202604171100,1143000.0,1147000.0,1142000.0,1143000.0,67398
202604171115,1143000.0,1144000.0,1138000.0,1139000.0,151488
202604171130,1139000.0,1141000.0,1137000.0,1137000.0,70210
202604171145,1137000.0,1138000.0,1136000.0,1136000.0,57553
202604171200,1136000.0,1137000.0,1132000.0,1133000.0,75285
202604171215,1132000.0,1133000.0,1126000.0,1129000.0,128933
202604171230,1129000.0,1129500.0,1121000.0,1125000.0,118304
202604171245,1126000.0,1131000.0,1125500.0,1127000.0,107443
202604171300,1127000.0,1131000.0,1126000.0,1130000.0,70893
202604171315,1130000.0,1136000.0,1129000.0,1134000.0,95740
202604171330,1133000.0,1137000.0,1132000.0,1134000.0,57631
202604171345,1134000.0,1137000.0,1132000.0,1133000.0,45676
202604171400,1132000.0,1136000.0,1130000.0,1135000.0,71514
202604171415,1134000.0,1135000.0,1131000.0,1132000.0,57411
202604171430,1132000.0,1133000.0,1129000.0,1130000.0,89630
202604171445,1130000.0,1130000.0,1127000.0,1129000.0,107714
202604171500,1128000.0,1134000.0,1127000.0,1133000.0,164149
202604171515,1133000.0,1135000.0,1128000.0,1128000.0,259943
202604200900,1153000.0,1154000.0,1141000.0,1146000.0,312823
202604200915,1146000.0,1159000.0,1145000.0,1157000.0,182031
202604200930,1157000.0,1157000.0,1148500.0,1152000.0,89528
202604200945,1151500.0,1164000.0,1150000.0,1163000.0,181044
202604201000,1163000.0,1166000.0,1160000.0,1164000.0,131131
202604201015,1164000.0,1165000.0,1160000.0,1163000.0,84373
202604201030,1163000.0,1165000.0,1161000.0,1163000.0,96901
202604201045,1162000.0,1171000.0,1162000.0,1166500.0,179132
202604201100,1166000.0,1170000.0,1164000.0,1170000.0,64889
202604201115,1170000.0,1172000.0,1168000.0,1170500.0,98878
202604201130,1170000.0,1171000.0,1167000.0,1168000.0,47962
202604201145,1168000.0,1169000.0,1165000.0,1167000.0,51502
202604201200,1167000.0,1169000.0,1164000.0,1165000.0,49192
202604201215,1164000.0,1173000.0,1163000.0,1172000.0,116075
202604201230,1172000.0,1174000.0,1169000.0,1170000.0,87390
202604201245,1169000.0,1174000.0,1169000.0,1172000.0,59633
202604201300,1171000.0,1174000.0,1171000.0,1173000.0,53713
202604201315,1172000.0,1174000.0,1171000.0,1171000.0,73978
202604201330,1172000.0,1172000.0,1168000.0,1171000.0,67620
202604201345,1171000.0,1174000.0,1170000.0,1173000.0,64936
202604201400,1173000.0,1175000.0,1171000.0,1171000.0,87845
202604201415,1171000.0,1173000.0,1165000.0,1166000.0,100672
202604201430,1165000.0,1168000.0,1160000.0,1163000.0,130773
202604201445,1162000.0,1166000.0,1161000.0,1164000.0,97978
202604201500,1164500.0,1167000.0,1163000.0,1167000.0,95471
202604201515,1166000.0,1168000.0,1165000.0,1166000.0,235934
202604210900,1199000.0,1217000.0,1195000.0,1213000.0,413462
202604210915,1213000.0,1216000.0,1207000.0,1212000.0,172130
202604210930,1212000.0,1220000.0,1207000.0,1217000.0,200938
202604210945,1217000.0,1223000.0,1214000.0,1220000.0,202262
202604211000,1219000.0,1225000.0,1218000.0,1219000.0,132630
202604211015,1219000.0,1227000.0,1219000.0,1221000.0,123431
202604211030,1222000.0,1223000.0,1213000.0,1214000.0,136567
202604211045,1213000.0,1216000.0,1202000.0,1207000.0,199548
202604211100,1206000.0,1213500.0,1203000.0,1211000.0,74992
202604211115,1210000.0,1215000.0,1209000.0,1213500.0,76364
202604211130,1213000.0,1218000.0,1212000.0,1218000.0,61424
202604211145,1217500.0,1220000.0,1216000.0,1216000.0,54621
202604211200,1216000.0,1219000.0,1215000.0,1219000.0,40233
202604211215,1219000.0,1219000.0,1215000.0,1215500.0,41770
202604211230,1215000.0,1218000.0,1215000.0,1217000.0,39912
202604211245,1217000.0,1220000.0,1216000.0,1219000.0,34278
202604211300,1219000.0,1222000.0,1216000.0,1220000.0,70557
202604211315,1220000.0,1223000.0,1219000.0,1219000.0,52911
202604211330,1219000.0,1223000.0,1218000.0,1218000.0,61933
202604211345,1218000.0,1220500.0,1216000.0,1218500.0,68867
202604211400,1218000.0,1222000.0,1218000.0,1222000.0,63272
202604211415,1221000.0,1222000.0,1218000.0,1219000.0,40696
202604211430,1219000.0,1223000.0,1217000.0,1222000.0,48146
202604211445,1221000.0,1225000.0,1221000.0,1225000.0,117169
202604211500,1224000.0,1228000.0,1223000.0,1224000.0,140523
202604211515,1224000.0,1227000.0,1223000.0,1224000.0,286358
202604220900,1231000.0,1233000.0,1209000.0,1211000.0,416231
202604220915,1210500.0,1218000.0,1205000.0,1218000.0,213143
202604220930,1217000.0,1220000.0,1211000.0,1214000.0,143541
202604220945,1213000.0,1215000.0,1208000.0,1209000.0,109186
202604221000,1209000.0,1213000.0,1205000.0,1208000.0,139643
202604221015,1208000.0,1212000.0,1200000.0,1202500.0,128821
202604221030,1202500.0,1206000.0,1195000.0,1201000.0,160720
202604221045,1201000.0,1209000.0,1200000.0,1206000.0,68262
202604221100,1205000.0,1213000.0,1202000.0,1211000.0,70218
202604221115,1211000.0,1216000.0,1210000.0,1215000.0,58945
202604221130,1215500.0,1217000.0,1215000.0,1215000.0,40382
202604221145,1215000.0,1219000.0,1215000.0,1216000.0,45037
202604221200,1216000.0,1218000.0,1212000.0,1213000.0,44746
202604221215,1213500.0,1218000.0,1211000.0,1217000.0,31327
202604221230,1217000.0,1219000.0,1214000.0,1215000.0,38154
202604221245,1216000.0,1217500.0,1214000.0,1217000.0,30772
202604221300,1216000.0,1218000.0,1215000.0,1217000.0,27686
202604221315,1218000.0,1218000.0,1214000.0,1214000.0,43034
202604221330,1214000.0,1217000.0,1214000.0,1216000.0,37722
202604221345,1216000.0,1217000.0,1206000.0,1209000.0,112689
202604221400,1209500.0,1216000.0,1209000.0,1215000.0,53328
202604221415,1215000.0,1228000.0,1215000.0,1221000.0,170855
202604221430,1221000.0,1227000.0,1221000.0,1223000.0,105724
202604221445,1223000.0,1226000.0,1223000.0,1224000.0,81488
202604221500,1224000.0,1226000.0,1221000.0,1222000.0,125572
202604221515,1222000.0,1223000.0,1221000.0,1223000.0,224504
202604230900,1222000.0,1254000.0,1218000.0,1240000.0,681234
202604230915,1241000.0,1264000.0,1233000.0,1263000.0,500752
202604230930,1264000.0,1267000.0,1255000.0,1261000.0,348979
202604230945,1262000.0,1264000.0,1248000.0,1255000.0,232856
202604231000,1255000.0,1257000.0,1235000.0,1238000.0,245898
202604231015,1237000.0,1243000.0,1230000.0,1238000.0,189352
202604231030,1239000.0,1242000.0,1227000.0,1235000.0,153650
202604231045,1234000.0,1237000.0,1230000.0,1232000.0,108151
202604231100,1231000.0,1232000.0,1221000.0,1222000.0,121861
202604231115,1222000.0,1226500.0,1220000.0,1221000.0,151572
202604231130,1220000.0,1221000.0,1210000.0,1211000.0,208003
202604231145,1211000.0,1214000.0,1203000.0,1203000.0,157335
202604231200,1204000.0,1208000.0,1195000.0,1200000.0,180338
202604231215,1200500.0,1205000.0,1196000.0,1197000.0,130217
202604231230,1197000.0,1200000.0,1183000.0,1194000.0,266318
202604231245,1194000.0,1204000.0,1193000.0,1199000.0,143997
202604231300,1200000.0,1204000.0,1195000.0,1203000.0,82543
202604231315,1203500.0,1204000.0,1199000.0,1201000.0,75742
202604231330,1201000.0,1210000.0,1200000.0,1207000.0,98362
202604231345,1207000.0,1214000.0,1205000.0,1210500.0,98578
202604231400,1211000.0,1219000.0,1210000.0,1212000.0,109941
202604231415,1212500.0,1214000.0,1204000.0,1209000.0,98256
202604231430,1208000.0,1215000.0,1208000.0,1214000.0,73582
202604231445,1214500.0,1222000.0,1214000.0,1221000.0,120414
202604231500,1221000.0,1225000.0,1217000.0,1221000.0,132637
202604231515,1221000.0,1225000.0,1220000.0,1225000.0,293493
202604240900,1237000.0,1242000.0,1220000.0,1221000.0,276663
202604240915,1221000.0,1231000.0,1219000.0,1229000.0,148998
202604240930,1229000.0,1230000.0,1224000.0,1228000.0,92787
202604240945,1228000.0,1235000.0,1223000.0,1224000.0,123304
202604241000,1224000.0,1225000.0,1220000.0,1221000.0,113506
202604241015,1221000.0,1224000.0,1218000.0,1220000.0,123025
202604241030,1221000.0,1222000.0,1217000.0,1219000.0,93906
202604241045,1219000.0,1230000.0,1219000.0,1227000.0,109118
202604241100,1226000.0,1230000.0,1221000.0,1222000.0,81149
202604241115,1221000.0,1223000.0,1217000.0,1219000.0,99175
202604241130,1218000.0,1222000.0,1218000.0,1221000.0,47274
202604241145,1222000.0,1222000.0,1218000.0,1221000.0,43249
202604241200,1221000.0,1222000.0,1218000.0,1218000.0,43851
202604241215,1219000.0,1221000.0,1217000.0,1218000.0,60481
202604241230,1217000.0,1218000.0,1208000.0,1209000.0,170562
202604241245,1209000.0,1210000.0,1197000.0,1197000.0,185385
202604241300,1197000.0,1209000.0,1193000.0,1206000.0,253140
202604241315,1206000.0,1210000.0,1204000.0,1209000.0,69382
202604241330,1209000.0,1218000.0,1209000.0,1217000.0,101043
202604241345,1217000.0,1222000.0,1216000.0,1217000.0,88964
202604241400,1217000.0,1220000.0,1214000.0,1218000.0,83807
202604241415,1218000.0,1224000.0,1217000.0,1221000.0,83145
202604241430,1221000.0,1225000.0,1220000.0,1220000.0,83845
202604241445,1220000.0,1225000.0,1220000.0,1224000.0,66101
202604241500,1224000.0,1226000.0,1223000.0,1223000.0,83385
202604241515,1223000.0,1225000.0,1222000.0,1222000.0,225961
202604270900,1259000.0,1285000.0,1259000.0,1280000.0,739775
202604270915,1281000.0,1288000.0,1274000.0,1282000.0,319540
202604270930,1282000.0,1286000.0,1277000.0,1284000.0,176270
202604270945,1284000.0,1287000.0,1280000.0,1287000.0,135068
202604271000,1287000.0,1289000.0,1282000.0,1283000.0,159235
202604271015,1283000.0,1289000.0,1281000.0,1285000.0,174701
202604271030,1285000.0,1291000.0,1285000.0,1291000.0,163125
202604271045,1291000.0,1295000.0,1290000.0,1293000.0,126545
202604271100,1294000.0,1299000.0,1292000.0,1299000.0,111596
202604271115,1298500.0,1300000.0,1295000.0,1296000.0,79991
202604271130,1295000.0,1298000.0,1294000.0,1297000.0,66293
202604271145,1296000.0,1299000.0,1295000.0,1299000.0,54557
202604271200,1299000.0,1300000.0,1296000.0,1299000.0,61748
202604271215,1299000.0,1300000.0,1297000.0,1299000.0,46122
202604271230,1299000.0,1305000.0,1298000.0,1305000.0,146004
202604271245,1305000.0,1315000.0,1304000.0,1315000.0,131350
202604271300,1315000.0,1317000.0,1309000.0,1312000.0,130322
202604271315,1313000.0,1316000.0,1310000.0,1312000.0,86568
202604271330,1312000.0,1316000.0,1308000.0,1313000.0,89646
202604271345,1313000.0,1314000.0,1301000.0,1305500.0,113806
202604271400,1306000.0,1306000.0,1298000.0,1303000.0,117023
202604271415,1302500.0,1310000.0,1302000.0,1306000.0,87967
202604271430,1306000.0,1307000.0,1289000.0,1293500.0,209054
202604271445,1294000.0,1295000.0,1286000.0,1289000.0,180999
202604271500,1290000.0,1293000.0,1286000.0,1292000.0,141375
202604271515,1292000.0,1293000.0,1288000.0,1292000.0,376817
202604280900,1308000.0,1319000.0,1296000.0,1319000.0,337839
202604280915,1319000.0,1320000.0,1307000.0,1309000.0,150068
202604280930,1308000.0,1319000.0,1307000.0,1318000.0,137699
202604280945,1318000.0,1325000.0,1312000.0,1324000.0,137824
202604281000,1324000.0,1325000.0,1319000.0,1324000.0,91906
202604281015,1324000.0,1328000.0,1322000.0,1323000.0,117864
202604281030,1324000.0,1327000.0,1320000.0,1321000.0,93631
202604281045,1321000.0,1321000.0,1311000.0,1311000.0,98642
202604281100,1311000.0,1313000.0,1305000.0,1313000.0,153245
202604281115,1312000.0,1320000.0,1309000.0,1311000.0,98619
202604281130,1311000.0,1313000.0,1309000.0,1310000.0,57191
202604281145,1309500.0,1312000.0,1301000.0,1301000.0,148604
202604281200,1301500.0,1311000.0,1301000.0,1308000.0,61921
202604281215,1308500.0,1312000.0,1307000.0,1312000.0,42028
202604281230,1312000.0,1316000.0,1311000.0,1314000.0,53386
202604281245,1314000.0,1315000.0,1312000.0,1313000.0,45034
202604281300,1313000.0,1317000.0,1312000.0,1314000.0,42283
202604281315,1315000.0,1316000.0,1313000.0,1315000.0,36315
202604281330,1316000.0,1316000.0,1313000.0,1313000.0,41951
202604281345,1314000.0,1315000.0,1309000.0,1311000.0,66455
202604281400,1311000.0,1313500.0,1308000.0,1310500.0,79623
202604281415,1311000.0,1312000.0,1306000.0,1307000.0,58881
202604281430,1307000.0,1309000.0,1301000.0,1304000.0,113880
202604281445,1304000.0,1308000.0,1303500.0,1306000.0,75337
202604281500,1305000.0,1307000.0,1300000.0,1301000.0,109980
202604281515,1302000.0,1302000.0,1300000.0,1300000.0,308525
202604290900,1285000.0,1306000.0,1282000.0,1300000.0,272487
202604290915,1300500.0,1304000.0,1294000.0,1302000.0,136232
202604290930,1303000.0,1317000.0,1302000.0,1310000.0,197480
202604290945,1310000.0,1312000.0,1298000.0,1298000.0,127645
202604291000,1298000.0,1301000.0,1291000.0,1301000.0,129793
202604291015,1300000.0,1306000.0,1296000.0,1299000.0,135497
202604291030,1299000.0,1306000.0,1297000.0,1305000.0,110415
202604291045,1305000.0,1305000.0,1300000.0,1303000.0,57857
202604291100,1303000.0,1303000.0,1296000.0,1297000.0,54199
202604291115,1297000.0,1300000.0,1295000.0,1296000.0,60018
202604291130,1296000.0,1297000.0,1291000.0,1293000.0,67300
202604291145,1294000.0,1299000.0,1293000.0,1298000.0,48023
202604291200,1298000.0,1302000.0,1297000.0,1299000.0,52263
202604291215,1299000.0,1303000.0,1299000.0,1300000.0,29631
202604291230,1301000.0,1302000.0,1299000.0,1300000.0,38302
202604291245,1300000.0,1302000.0,1300000.0,1301000.0,33719
202604291300,1301000.0,1305000.0,1300000.0,1303000.0,73818
202604291315,1303000.0,1307000.0,1300000.0,1304000.0,83803
202604291330,1304000.0,1306000.0,1296000.0,1298000.0,117204
202604291345,1297000.0,1300000.0,1292000.0,1295000.0,114928
202604291400,1294000.0,1295000.0,1287000.0,1289000.0,153151
202604291415,1289000.0,1293000.0,1285000.0,1292000.0,96998
202604291430,1292000.0,1295000.0,1288000.0,1290000.0,78058
202604291445,1290000.0,1296000.0,1290000.0,1294000.0,69539
202604291500,1293000.0,1294000.0,1291000.0,1292000.0,85849
202604291515,1292000.0,1294000.0,1291000.0,1293000.0,236983
202604300900,1315000.0,1325000.0,1312000.0,1314000.0,364472
202604300915,1313000.0,1319000.0,1310000.0,1317000.0,140444
202604300930,1317000.0,1319000.0,1313000.0,1315000.0,129070
202604300945,1315000.0,1316000.0,1306000.0,1307000.0,135336
202604301000,1308000.0,1308500.0,1302000.0,1306000.0,105003
202604301015,1306000.0,1309000.0,1302000.0,1302000.0,56713
202604301030,1302000.0,1311000.0,1300000.0,1306000.0,153502
202604301045,1307000.0,1313000.0,1304000.0,1312000.0,77336
202604301100,1313000.0,1315000.0,1311000.0,1314000.0,81090
202604301115,1313000.0,1314000.0,1301000.0,1302000.0,93061
202604301130,1301000.0,1310000.0,1301000.0,1302000.0,91354
202604301145,1302000.0,1308000.0,1302000.0,1307000.0,74185
202604301200,1307000.0,1309000.0,1302000.0,1303000.0,53352
202604301215,1302500.0,1306000.0,1302000.0,1305000.0,38677
202604301230,1305000.0,1309000.0,1303000.0,1305000.0,55839
202604301245,1305500.0,1308000.0,1304000.0,1305500.0,32790
202604301300,1305500.0,1306000.0,1298000.0,1299000.0,98974
202604301315,1299000.0,1300000.0,1294000.0,1294000.0,114677
202604301330,1295000.0,1299000.0,1292000.0,1298000.0,105389
202604301345,1298000.0,1298000.0,1291000.0,1295000.0,104774
202604301400,1295000.0,1300000.0,1294000.0,1296000.0,85517
202604301415,1295500.0,1298000.0,1293000.0,1296000.0,97518
202604301430,1297000.0,1298000.0,1293000.0,1294000.0,56535
202604301445,1295000.0,1296000.0,1292000.0,1293000.0,74161
202604301500,1293000.0,1294000.0,1290000.0,1291000.0,125395
202604301515,1292000.0,1293000.0,1286000.0,1286000.0,462984
202605040900,1340000.0,1349000.0,1336000.0,1346000.0,436947
202605040915,1347000.0,1354000.0,1345000.0,1353000.0,261028
202605040930,1353000.0,1364000.0,1351000.0,1354000.0,309183
202605040945,1354000.0,1363000.0,1351000.0,1359500.0,187839
202605041000,1359500.0,1370000.0,1359000.0,1369000.0,193976
202605041015,1370000.0,1384000.0,1366000.0,1382000.0,265538
202605041030,1382000.0,1388000.0,1381000.0,1386000.0,199775
202605041045,1386000.0,1404000.0,1385000.0,1397000.0,281700
202605041100,1397000.0,1403000.0,1393000.0,1403000.0,197056
202605041115,1402500.0,1410000.0,1402000.0,1407000.0,186311
202605041130,1407000.0,1427000.0,1406000.0,1422000.0,229795
202605041145,1423000.0,1444000.0,1422000.0,1430000.0,316116
202605041200,1430000.0,1433000.0,1420000.0,1422000.0,172227
202605041215,1421000.0,1435000.0,1419500.0,1435000.0,128912
202605041230,1435000.0,1440000.0,1429000.0,1439000.0,131063
202605041245,1439000.0,1440000.0,1436000.0,1440000.0,125763
202605041300,1440000.0,1440000.0,1435000.0,1437000.0,100861
202605041315,1437000.0,1439000.0,1431000.0,1433000.0,107113
202605041330,1433000.0,1437000.0,1427000.0,1431000.0,106152
202605041345,1431000.0,1436000.0,1428000.0,1429000.0,100932
202605041400,1428000.0,1436000.0,1424000.0,1433000.0,114049
202605041415,1433000.0,1439000.0,1429000.0,1437000.0,133592
202605041430,1437000.0,1442000.0,1435000.0,1442000.0,167595
202605041445,1442000.0,1444000.0,1439000.0,1444000.0,161478
202605041500,1443500.0,1450000.0,1440000.0,1448000.0,257542
202605041515,1448000.0,1450000.0,1447000.0,1447000.0,472760
202605060900,1589000.0,1601000.0,1557000.0,1585000.0,926413
202605060915,1585000.0,1585000.0,1565000.0,1566000.0,420957
202605060930,1566000.0,1585000.0,1565000.0,1583000.0,242708
202605060945,1583000.0,1593000.0,1581000.0,1585000.0,208115
202605061000,1585000.0,1593000.0,1584000.0,1588000.0,195577
202605061015,1588000.0,1591000.0,1578000.0,1586000.0,192055
202605061030,1586000.0,1598000.0,1585000.0,1594000.0,219272
202605061045,1594000.0,1597000.0,1590000.0,1596000.0,136797
202605061100,1596000.0,1597000.0,1590000.0,1594500.0,111930
202605061115,1594500.0,1597000.0,1592000.0,1593000.0,87734
202605061130,1593000.0,1598000.0,1588000.0,1590000.0,148421
202605061145,1590000.0,1595000.0,1587000.0,1593000.0,136195
202605061200,1593000.0,1600000.0,1591000.0,1599500.0,138106
202605061215,1599500.0,1602000.0,1597000.0,1598500.0,114808
202605061230,1598500.0,1602000.0,1597000.0,1598000.0,111730
202605061245,1598000.0,1599000.0,1588000.0,1595000.0,140592
202605061300,1595000.0,1600000.0,1593500.0,1598000.0,89070
202605061315,1598000.0,1602000.0,1596000.0,1602000.0,122803
202605061330,1601000.0,1606000.0,1601000.0,1602000.0,148558
202605061345,1603000.0,1607000.0,1596000.0,1597000.0,147444
202605061400,1597000.0,1599000.0,1594000.0,1597000.0,117745
202605061415,1597000.0,1605000.0,1596000.0,1602500.0,127744
202605061430,1603000.0,1609000.0,1601000.0,1609000.0,202429
202605061445,1608000.0,1612000.0,1603000.0,1607000.0,253752
202605061500,1608000.0,1614000.0,1591000.0,1592000.0,372596
202605061515,1591500.0,1601000.0,1588000.0,1601000.0,657195
202605070900,1639000.0,1648000.0,1587000.0,1607000.0,777651
202605070915,1607000.0,1610000.0,1570000.0,1571000.0,446800
202605070930,1570000.0,1605000.0,1567000.0,1598000.0,343348
202605070945,1598000.0,1601000.0,1576000.0,1578000.0,210916
202605071000,1577000.0,1585000.0,1571000.0,1579000.0,204171
202605071015,1579000.0,1582000.0,1571000.0,1575000.0,179280
202605071030,1575000.0,1593000.0,1567000.0,1592500.0,231868
202605071045,1593000.0,1607000.0,1592000.0,1607000.0,136625
202605071100,1607000.0,1615000.0,1606000.0,1609000.0,129070
202605071115,1609000.0,1619000.0,1607000.0,1618000.0,106297
202605071130,1618000.0,1624000.0,1609000.0,1609000.0,103295
202605071145,1609000.0,1613000.0,1601000.0,1608000.0,89869
202605071200,1608000.0,1610000.0,1596000.0,1604000.0,115811
202605071215,1604000.0,1615000.0,1602000.0,1613000.0,76882
202605071230,1614000.0,1619000.0,1610000.0,1611000.0,100985
202605071245,1612000.0,1616000.0,1607000.0,1609000.0,82278
202605071300,1609000.0,1610000.0,1604000.0,1606000.0,71126
202605071315,1606000.0,1617000.0,1605000.0,1616500.0,80977
202605071330,1616000.0,1616000.0,1609000.0,1614000.0,76836
202605071345,1615000.0,1618000.0,1611000.0,1615500.0,88625
202605071400,1616000.0,1649000.0,1615000.0,1649000.0,238268
202605071415,1648500.0,1657000.0,1641000.0,1651000.0,220995
202605071430,1651000.0,1664000.0,1650000.0,1664000.0,225726
202605071445,1664000.0,1665000.0,1651000.0,1656000.0,183881
202605071500,1656000.0,1659000.0,1643000.0,1649000.0,194431
202605071515,1648000.0,1654000.0,1647000.0,1654000.0,609430
202605080900,1602000.0,1613000.0,1600000.0,1611000.0,280919
202605080915,1611000.0,1615000.0,1607000.0,1614000.0,152411
202605080930,1614000.0,1645000.0,1612000.0,1645000.0,240095
202605080945,1644000.0,1654000.0,1636000.0,1654000.0,203979
202605081000,1653500.0,1659000.0,1647000.0,1655000.0,184552
202605081015,1654000.0,1662000.0,1646000.0,1649000.0,163441
202605081030,1649000.0,1649000.0,1631000.0,1648500.0,184502
202605081045,1648500.0,1649000.0,1628000.0,1629000.0,112791
202605081100,1628000.0,1633000.0,1621000.0,1627000.0,123281
202605081115,1627000.0,1633000.0,1620000.0,1630000.0,110688
202605081130,1630000.0,1633000.0,1622500.0,1632000.0,85593
202605081145,1632000.0,1640000.0,1632000.0,1637000.0,64331
202605081200,1637000.0,1645000.0,1637000.0,1639000.0,86222
202605081215,1639500.0,1640000.0,1634000.0,1639000.0,53702
202605081230,1639000.0,1642000.0,1634000.0,1635000.0,69042
202605081245,1635000.0,1640000.0,1630000.0,1636000.0,73381
202605081300,1637000.0,1640000.0,1631000.0,1632000.0,66489
202605081315,1633000.0,1647000.0,1631000.0,1646000.0,71463
202605081330,1646000.0,1647000.0,1636000.0,1637000.0,58292
202605081345,1637000.0,1648000.0,1636000.0,1647000.0,82667
202605081400,1647000.0,1661000.0,1647000.0,1660000.0,157146
202605081415,1660000.0,1680000.0,1660000.0,1676000.0,222692
202605081430,1675000.0,1683000.0,1673000.0,1682000.0,162605
202605081445,1682000.0,1684000.0,1673000.0,1673000.0,136933
202605081500,1673000.0,1684000.0,1672000.0,1683500.0,138675
202605081515,1684000.0,1689000.0,1683000.0,1686000.0,365188
202605110900,1832000.0,1859000.0,1828000.0,1838000.0,677564
202605110915,1838000.0,1850500.0,1835000.0,1850000.0,269395
202605110930,1850000.0,1899000.0,1849000.0,1899000.0,439152
202605110945,1899000.0,1900000.0,1855000.0,1861000.0,443251
202605111000,1860000.0,1872000.0,1840000.0,1870000.0,346001
202605111015,1870000.0,1900000.0,1861000.0,1897000.0,270057
202605111030,1898000.0,1898000.0,1880000.0,1887000.0,219913
202605111045,1888000.0,1896000.0,1882000.0,1889000.0,168819
202605111100,1890000.0,1893000.0,1882000.0,1884000.0,152383
202605111115,1884000.0,1892000.0,1881000.0,1889000.0,130392
202605111130,1889000.0,1891000.0,1881000.0,1884000.0,103669
202605111145,1884000.0,1885000.0,1870000.0,1878000.0,150676
202605111200,1878000.0,1883000.0,1866000.0,1879000.0,134586
202605111215,1880000.0,1888000.0,1873000.0,1886500.0,94641
202605111230,1886500.0,1891000.0,1881000.0,1890000.0,103987
202605111245,1891000.0,1894000.0,1886000.0,1893000.0,108704
202605111300,1893000.0,1893000.0,1884000.0,1891000.0,109663
202605111315,1892000.0,1920000.0,1891000.0,1915000.0,318930
202605111330,1914500.0,1916000.0,1903000.0,1903000.0,174059
202605111345,1903500.0,1917000.0,1900000.0,1915000.0,155882
202605111400,1915000.0,1940000.0,1914000.0,1939000.0,283686
202605111415,1940000.0,1949000.0,1930000.0,1946000.0,259726
202605111430,1946000.0,1949000.0,1914000.0,1919000.0,375127
202605111445,1918500.0,1927000.0,1901000.0,1902000.0,303099
202605111500,1902000.0,1906000.0,1887000.0,1888000.0,375186
202605111515,1887000.0,1890000.0,1875000.0,1880000.0,554555
202605120900,1957000.0,1967000.0,1928000.0,1943000.0,702371
202605120915,1943000.0,1947000.0,1910000.0,1945000.0,494516
202605120930,1944000.0,1953000.0,1940000.0,1948000.0,205965
202605120945,1948000.0,1953000.0,1937000.0,1944000.0,181411
202605121000,1944000.0,1945000.0,1911000.0,1913000.0,297947
202605121015,1913000.0,1917000.0,1877000.0,1879000.0,605054
202605121030,1878500.0,1885000.0,1804000.0,1884000.0,1074995
202605121045,1884000.0,1893000.0,1838000.0,1851000.0,605952
202605121100,1850000.0,1915000.0,1850000.0,1898000.0,395177
202605121115,1898000.0,1908000.0,1890000.0,1896000.0,211506
202605121130,1896000.0,1905000.0,1882000.0,1902000.0,170263
202605121145,1903000.0,1928000.0,1898000.0,1926000.0,215793
202605121200,1927000.0,1928000.0,1898000.0,1899000.0,200718
202605121215,1899000.0,1905000.0,1895000.0,1902000.0,116954
202605121230,1901000.0,1903000.0,1888000.0,1896000.0,148856
202605121245,1896000.0,1896000.0,1873000.0,1877000.0,161801
202605121300,1876000.0,1892000.0,1870000.0,1876000.0,176434
202605121315,1876000.0,1881000.0,1862000.0,1866000.0,132403
202605121330,1866000.0,1880000.0,1855000.0,1861000.0,189080
202605121345,1861000.0,1866000.0,1837000.0,1849000.0,266591
202605121400,1848000.0,1860000.0,1820000.0,1822000.0,306545
202605121415,1822000.0,1861000.0,1818000.0,1860000.0,278973
202605121430,1860000.0,1862000.0,1827000.0,1835000.0,261942
202605121445,1835000.0,1854000.0,1833000.0,1841000.0,304230
202605121500,1841000.0,1853000.0,1835000.0,1853000.0,294236
202605121515,1853000.0,1865000.0,1835000.0,1835000.0,691610
202605130900,1799000.0,1810000.0,1783000.0,1789000.0,523415
202605130915,1789000.0,1829000.0,1787000.0,1816000.0,360515
202605130930,1816000.0,1834000.0,1803000.0,1828000.0,262082
202605130945,1829000.0,1848000.0,1826000.0,1844500.0,279487
202605131000,1845000.0,1892000.0,1844000.0,1891000.0,418478
202605131015,1891000.0,1901000.0,1878000.0,1897000.0,347112
202605131030,1898000.0,1920000.0,1886000.0,1908000.0,269207
202605131045,1908000.0,1915000.0,1884000.0,1900000.0,243451
202605131100,1899000.0,1905000.0,1888000.0,1899000.0,154828
202605131115,1898000.0,1912000.0,1896000.0,1911000.0,141202
202605131130,1911000.0,1930000.0,1910000.0,1926000.0,196859
202605131145,1925000.0,1929000.0,1913000.0,1915000.0,119908
202605131200,1915000.0,1924000.0,1910000.0,1919000.0,83153
202605131215,1919000.0,1922000.0,1910000.0,1919000.0,78573
202605131230,1919000.0,1933000.0,1919000.0,1930000.0,143416
202605131245,1930000.0,1933000.0,1920000.0,1931000.0,129294
202605131300,1930000.0,1955000.0,1930000.0,1947000.0,314517
202605131315,1946000.0,1972000.0,1946000.0,1967500.0,257375
202605131330,1967500.0,1973000.0,1957000.0,1961000.0,212806
202605131345,1961000.0,1968000.0,1956000.0,1959000.0,164912
202605131400,1960000.0,1970000.0,1956000.0,1963000.0,161773
202605131415,1964000.0,1968000.0,1956000.0,1961500.0,157320
202605131430,1962000.0,1979000.0,1959000.0,1974500.0,301558
202605131445,1974000.0,1988000.0,1971000.0,1986500.0,263693
202605131500,1986000.0,1990000.0,1984000.0,1989000.0,284362
202605131515,1989000.0,1989000.0,1976000.0,1976000.0,527407
202605140900,1987500.0,1994000.0,1965000.0,1979000.0,522239
202605140915,1978500.0,1980000.0,1945000.0,1964000.0,488894
202605140930,1963500.0,1972000.0,1956000.0,1972000.0,240612
202605140945,1971500.0,1990000.0,1968000.0,1982000.0,239278
202605141000,1982000.0,1987500.0,1971000.0,1978000.0,213416
202605141015,1977000.0,1987000.0,1968000.0,1986000.0,164920
202605141030,1986000.0,1988000.0,1970000.0,1971000.0,167958
202605141045,1970000.0,1979000.0,1953000.0,1956000.0,217817
202605141100,1955000.0,1973000.0,1955000.0,1971000.0,177194
202605141115,1971000.0,1976000.0,1965000.0,1969000.0,101084
202605141130,1969000.0,1970000.0,1961000.0,1965000.0,75383
202605141145,1965000.0,1967000.0,1950000.0,1955000.0,138616
202605141200,1955000.0,1965000.0,1954000.0,1962000.0,80207
202605141215,1962000.0,1963000.0,1954000.0,1955000.0,70642
202605141230,1955000.0,1955000.0,1942000.0,1952000.0,142597
202605141245,1952000.0,1952000.0,1940000.0,1941000.0,106657
202605141300,1941000.0,1966000.0,1937000.0,1961000.0,148547
202605141315,1961000.0,1966000.0,1956500.0,1961000.0,105128
202605141330,1961000.0,1962000.0,1955000.0,1956000.0,82366
202605141345,1956000.0,1961000.0,1947000.0,1951500.0,98736
202605141400,1951000.0,1956000.0,1942000.0,1942000.0,109522
202605141415,1942000.0,1951000.0,1938000.0,1948000.0,109197
202605141430,1948000.0,1952000.0,1939000.0,1951000.0,118578
202605141445,1951000.0,1955000.0,1943000.0,1954000.0,139048
202605141500,1954000.0,1972000.0,1951000.0,1963000.0,217171
202605141515,1963000.0,1970000.0,1952000.0,1970000.0,1121413
202605150900,1955000.0,1982000.0,1945000.0,1981000.0,361864
202605150915,1981500.0,1995000.0,1976500.0,1982000.0,312437
202605150930,1983000.0,1991000.0,1970000.0,1975000.0,158959
202605150945,1975000.0,1976000.0,1962000.0,1969000.0,154466
202605151000,1968000.0,1972000.0,1962000.0,1963000.0,109914
202605151015,1963000.0,1964000.0,1947000.0,1947000.0,154452
202605151030,1948000.0,1961000.0,1945000.0,1952000.0,164549
202605151045,1951000.0,1953000.0,1893000.0,1909000.0,360182
202605151100,1909000.0,1913000.0,1881000.0,1888000.0,378616
202605151115,1887000.0,1918000.0,1874000.0,1903000.0,383336
202605151130,1903000.0,1918000.0,1892000.0,1918000.0,153781
202605151145,1918000.0,1922000.0,1902000.0,1904000.0,131860
202605151200,1904000.0,1907000.0,1894000.0,1894000.0,120615
202605151215,1894000.0,1904000.0,1892000.0,1898000.0,87317
202605151230,1898000.0,1904000.0,1891000.0,1900000.0,117980
202605151245,1899000.0,1904000.0,1889000.0,1890000.0,135631
202605151300,1890000.0,1892000.0,1875000.0,1876000.0,150175
202605151315,1876000.0,1877000.0,1850000.0,1851500.0,344539
202605151330,1851000.0,1875000.0,1844000.0,1859000.0,319838
202605151345,1859000.0,1860000.0,1827000.0,1827000.0,276386
202605151400,1827000.0,1861000.0,1825000.0,1861000.0,275773
202605151415,1861000.0,1862000.0,1825000.0,1826000.0,270951
202605151430,1825000.0,1826000.0,1801000.0,1801500.0,403060
202605151445,1801500.0,1819000.0,1794000.0,1794000.0,384769
202605151500,1795000.0,1824000.0,1789000.0,1821000.0,475002
202605151515,1820000.0,1841000.0,1819000.0,1819000.0,477679
202605180900,1769000.0,1778000.0,1739000.0,1740000.0,690953
202605180915,1740000.0,1804000.0,1731000.0,1793000.0,581218
202605180930,1792500.0,1796000.0,1758000.0,1772000.0,278271
202605180945,1773000.0,1829000.0,1766000.0,1829000.0,364297
202605181000,1828000.0,1829000.0,1797000.0,1812000.0,304536
202605181015,1812000.0,1828000.0,1797000.0,1828000.0,203341
202605181030,1828000.0,1841000.0,1815000.0,1841000.0,240316
202605181045,1840000.0,1857000.0,1830000.0,1833000.0,329446
202605181100,1833000.0,1866000.0,1833000.0,1866000.0,192062
202605181115,1866000.0,1897000.0,1862000.0,1889000.0,248468
202605181130,1889000.0,1889000.0,1867000.0,1878000.0,205772
202605181145,1879000.0,1885000.0,1850000.0,1866000.0,191651
202605181200,1867000.0,1870000.0,1856000.0,1859000.0,113997
202605181215,1859000.0,1861000.0,1843000.0,1845000.0,117105
202605181230,1846000.0,1857000.0,1836000.0,1845000.0,167790
202605181245,1846000.0,1853000.0,1836000.0,1847000.0,102393
202605181300,1847000.0,1864000.0,1835000.0,1861000.0,115515
202605181315,1861000.0,1862000.0,1828000.0,1835500.0,143170
202605181330,1835500.0,1844000.0,1828000.0,1837000.0,99360
202605181345,1837000.0,1843000.0,1830000.0,1841000.0,74408
202605181400,1842000.0,1850000.0,1828000.0,1829000.0,120148
202605181415,1829000.0,1836000.0,1812000.0,1831000.0,153377
202605181430,1831000.0,1844000.0,1825000.0,1836000.0,118381
202605181445,1836000.0,1850000.0,1834000.0,1838000.0,136756
202605181500,1837000.0,1853000.0,1834000.0,1853000.0,140816
202605181515,1852000.0,1854000.0,1840000.0,1840000.0,251623
202605190900,1794000.0,1818000.0,1790000.0,1801000.0,305525
202605190915,1800000.0,1823000.0,1800000.0,1817000.0,183097
202605190930,1817000.0,1822000.0,1799000.0,1801000.0,158674
202605190945,1801000.0,1804000.0,1785000.0,1785000.0,166343
202605191000,1785000.0,1800000.0,1785000.0,1787000.0,151791
202605191015,1786000.0,1788000.0,1763000.0,1767000.0,254456
202605191030,1766000.0,1784000.0,1763000.0,1776000.0,166274
202605191045,1776000.0,1779000.0,1750000.0,1751000.0,171853
202605191100,1751000.0,1755000.0,1740000.0,1740000.0,209361
202605191115,1740500.0,1761000.0,1740000.0,1751000.0,181248
202605191130,1751000.0,1776000.0,1750000.0,1775000.0,114134
202605191145,1775000.0,1778000.0,1760000.0,1770500.0,106399
202605191200,1770500.0,1790000.0,1767000.0,1786000.0,96802
202605191215,1785000.0,1799000.0,1779000.0,1798000.0,102063
202605191230,1798500.0,1801000.0,1788000.0,1789000.0,119238
202605191245,1789000.0,1797000.0,1772000.0,1775000.0,105787
202605191300,1774000.0,1775000.0,1758000.0,1759000.0,101475
202605191315,1759000.0,1762000.0,1750000.0,1755000.0,126899
202605191330,1755000.0,1759000.0,1745000.0,1748000.0,161849
202605191345,1747000.0,1760000.0,1743000.0,1759000.0,148733
202605191400,1759000.0,1766000.0,1750000.0,1757000.0,141823
202605191415,1756000.0,1772000.0,1750000.0,1770000.0,190907
202605191430,1769000.0,1774000.0,1761000.0,1766000.0,172058
202605191445,1766000.0,1773000.0,1762000.0,1766000.0,124230
202605191500,1765000.0,1767000.0,1751000.0,1751000.0,180933
202605191515,1751000.0,1755000.0,1745000.0,1745000.0,432914
202605200900,1744000.0,1758000.0,1695000.0,1699000.0,623434
202605200915,1699000.0,1732000.0,1690000.0,1731000.0,381097
202605200930,1731000.0,1739000.0,1704000.0,1709000.0,250648
202605200945,1709000.0,1728000.0,1703000.0,1722000.0,215846
202605201000,1722000.0,1753000.0,1712000.0,1739000.0,231313
202605201015,1739000.0,1744000.0,1710000.0,1722000.0,150749
202605201030,1721500.0,1731000.0,1713000.0,1720000.0,115716
202605201045,1719000.0,1743000.0,1712000.0,1743000.0,131108
202605201100,1742000.0,1761000.0,1733000.0,1760000.0,178600
202605201115,1760000.0,1774000.0,1733000.0,1734000.0,205194
202605201130,1735000.0,1778000.0,1713000.0,1756000.0,595428
202605201145,1756000.0,1765000.0,1745000.0,1748000.0,190199
202605201200,1747000.0,1763000.0,1740000.0,1749000.0,147281
202605201215,1750000.0,1755000.0,1736000.0,1752000.0,116920
202605201230,1752000.0,1763000.0,1746000.0,1751000.0,127064
202605201245,1751000.0,1751000.0,1742000.0,1748000.0,85299
202605201300,1748000.0,1760000.0,1743000.0,1756000.0,121413
202605201315,1756000.0,1759000.0,1746000.0,1746000.0,84980
202605201330,1747000.0,1750000.0,1738000.0,1739000.0,102395
202605201345,1739000.0,1747000.0,1734000.0,1746000.0,97565
202605201400,1746000.0,1752000.0,1735000.0,1737000.0,83520
202605201415,1736500.0,1742000.0,1734000.0,1741000.0,78378
202605201430,1741000.0,1750000.0,1735000.0,1737000.0,106626
202605201445,1737000.0,1751000.0,1735000.0,1749000.0,115436
202605201500,1749000.0,1758000.0,1745000.0,1758000.0,156720
202605201515,1757000.0,1760000.0,1745000.0,1745000.0,364972
202605210900,1797000.0,1822000.0,1796000.0,1814000.0,339790
202605210915,1815000.0,1831000.0,1812000.0,1825000.0,222166
202605210930,1825000.0,1850000.0,1824000.0,1839000.0,219612
202605210945,1839000.0,1888000.0,1838000.0,1888000.0,336352
202605211000,1888000.0,1890000.0,1873000.0,1889000.0,228607
202605211015,1890000.0,1914000.0,1889000.0,1903000.0,307233
202605211030,1903000.0,1911000.0,1898000.0,1899000.0,220619
202605211045,1899000.0,1903000.0,1886000.0,1900000.0,234748
202605211100,1900000.0,1914000.0,1899000.0,1913000.0,170562
202605211115,1913000.0,1944000.0,1912000.0,1944000.0,262719
202605211130,1943000.0,1954000.0,1935000.0,1937000.0,237915
202605211145,1937000.0,1942000.0,1934000.0,1938000.0,115533
202605211200,1939000.0,1942000.0,1931000.0,1938000.0,99693
202605211215,1937000.0,1950000.0,1934000.0,1949000.0,119438
202605211230,1950000.0,1950000.0,1940000.0,1941000.0,80482
202605211245,1941000.0,1944000.0,1930000.0,1938000.0,109226
202605211300,1938000.0,1946000.0,1937000.0,1940000.0,91465
202605211315,1939000.0,1944000.0,1934000.0,1936000.0,85924
202605211330,1936000.0,1943000.0,1934000.0,1943000.0,71609
202605211345,1942000.0,1946000.0,1937000.0,1940000.0,120204
202605211400,1939000.0,1942000.0,1936000.0,1938000.0,81086
202605211415,1938000.0,1948000.0,1937000.0,1940000.0,142510
202605211430,1940000.0,1945000.0,1937000.0,1941000.0,119565
202605211445,1941000.0,1950000.0,1940000.0,1947000.0,180546
202605211500,1948000.0,1954000.0,1941000.0,1942000.0,234714
202605211515,1942000.0,1944000.0,1938000.0,1940000.0,398038
202605220900,1937000.0,1952000.0,1924000.0,1924000.0,318890
202605220915,1924000.0,1944000.0,1916000.0,1938000.0,227860
202605220930,1939000.0,1944000.0,1926000.0,1940000.0,121179
202605220945,1940000.0,1942000.0,1916000.0,1918000.0,133138
202605221000,1918000.0,1933000.0,1912000.0,1931000.0,134436
202605221015,1931000.0,1934000.0,1922000.0,1930000.0,75750
202605221030,1930000.0,1943000.0,1927000.0,1942000.0,96321
202605221045,1942000.0,1949000.0,1935000.0,1942000.0,140051
202605221100,1942000.0,1943000.0,1935000.0,1938000.0,85539
202605221115,1938000.0,1942000.0,1929000.0,1936000.0,65605
202605221130,1935000.0,1944000.0,1934000.0,1940000.0,61223
202605221145,1940000.0,1943000.0,1938000.0,1940000.0,59618
202605221200,1940000.0,1941000.0,1932000.0,1939000.0,56067
202605221215,1938000.0,1940000.0,1932000.0,1935000.0,49457
202605221230,1935000.0,1939000.0,1932000.0,1935000.0,51707
202605221245,1934000.0,1940000.0,1928000.0,1937000.0,53525
202605221300,1936000.0,1941500.0,1935000.0,1939000.0,58802
202605221315,1939000.0,1942000.0,1936000.0,1938000.0,56107
202605221330,1938000.0,1941000.0,1935000.0,1936000.0,55413
202605221345,1937000.0,1944000.0,1936000.0,1943500.0,83020
202605221400,1943500.0,1945000.0,1940000.0,1943000.0,65410
202605221415,1942000.0,1947000.0,1940000.0,1946000.0,94141
202605221430,1947000.0,1948000.0,1943000.0,1946000.0,86141
202605221445,1947000.0,1950000.0,1939000.0,1939000.0,128401
202605221500,1940000.0,1945000.0,1935000.0,1937000.0,116230
202605221515,1936000.0,1941000.0,1933000.0,1941000.0,279135
202605260900,2033000.0,2040000.0,2006000.0,2020000.0,431274
202605260915,2020000.0,2052000.0,2017000.0,2051000.0,326533
202605260930,2051000.0,2087000.0,2051000.0,2076000.0,420120
202605260945,2077000.0,2086000.0,2066000.0,2078000.0,236270
202605261000,2078000.0,2084000.0,2057000.0,2077000.0,228787
202605261015,2077000.0,2080000.0,2069000.0,2070000.0,102978
202605261030,2070000.0,2070000.0,2042000.0,2053000.0,192925
202605261045,2054000.0,2070000.0,2053000.0,2068000.0,136168
202605261100,2068000.0,2078000.0,2065000.0,2070000.0,118554
202605261115,2070000.0,2071000.0,2064000.0,2068000.0,61455
202605261130,2069000.0,2075000.0,2065000.0,2072000.0,67104
202605261145,2072000.0,2073000.0,2064000.0,2067000.0,57142
202605261200,2067000.0,2071000.0,2062000.0,2068000.0,56589
202605261215,2068000.0,2075000.0,2068000.0,2075000.0,80845
202605261230,2074500.0,2079000.0,2073000.0,2073000.0,95425
202605261245,2074000.0,2079000.0,2073000.0,2079000.0,72961
202605261300,2078500.0,2086000.0,2077000.0,2085000.0,146412
202605261315,2085000.0,2086000.0,2080000.0,2081000.0,74563
202605261330,2080000.0,2085000.0,2078000.0,2079500.0,83226
202605261345,2080000.0,2080000.0,2074000.0,2076000.0,82859
202605261400,2075000.0,2076000.0,2061000.0,2076000.0,120856
202605261415,2075000.0,2076000.0,2069000.0,2069000.0,68025
202605261430,2070000.0,2075000.0,2064000.0,2075000.0,90769
202605261445,2074000.0,2085000.0,2074000.0,2079000.0,198327
202605261500,2079500.0,2081000.0,2066000.0,2066000.0,170234
202605261515,2066000.0,2071000.0,2052000.0,2052000.0,432791
202605270900,2279000.0,2279000.0,2220000.0,2248000.0,1052119
202605270915,2247000.0,2257000.0,2200000.0,2242000.0,576554
202605270930,2242000.0,2262000.0,2225000.0,2257000.0,363646
202605270945,2256000.0,2267000.0,2245000.0,2257000.0,247468
202605271000,2257000.0,2258000.0,2229000.0,2237000.0,212506
202605271015,2237000.0,2268000.0,2236000.0,2266000.0,210231
202605271030,2266000.0,2270000.0,2255000.0,2264000.0,183738
202605271045,2263000.0,2280000.0,2260000.0,2273000.0,207673
202605271100,2274000.0,2293000.0,2273000.0,2291000.0,199910
202605271115,2291000.0,2335000.0,2290000.0,2326000.0,391433
202605271130,2326000.0,2358000.0,2320000.0,2343000.0,324263
202605271145,2343000.0,2347000.0,2325000.0,2338000.0,226096
202605271200,2338000.0,2338000.0,2319000.0,2320000.0,178383
202605271215,2320000.0,2338000.0,2312000.0,2336000.0,134507
202605271230,2335000.0,2337000.0,2325000.0,2325000.0,102391
202605271245,2325000.0,2335000.0,2314000.0,2324000.0,136029
202605271300,2324000.0,2333000.0,2322000.0,2326000.0,109297
202605271315,2326000.0,2328000.0,2266000.0,2278000.0,275698
202605271330,2278000.0,2302000.0,2274000.0,2298000.0,206228
202605271345,2299000.0,2317000.0,2298000.0,2302000.0,148773
202605271400,2301000.0,2304000.0,2272000.0,2272000.0,188361
202605271415,2272000.0,2302000.0,2267000.0,2297000.0,192231
202605271430,2298000.0,2299000.0,2271000.0,2280000.0,180088
202605271445,2281000.0,2283000.0,2239000.0,2269000.0,354954
202605271500,2269000.0,2275000.0,2243000.0,2257000.0,266732
202605271515,2256000.0,2264000.0,2242000.0,2243000.0,572716
202605280900,2184000.0,2219000.0,2162000.0,2200000.0,532990
202605280915,2200000.0,2251000.0,2199000.0,2242000.0,350196
202605280930,2242000.0,2285000.0,2227000.0,2285000.0,301462
202605280945,2285000.0,2305000.0,2280000.0,2286000.0,310433
202605281000,2286000.0,2295000.0,2263000.0,2286000.0,171038
202605281015,2286000.0,2290000.0,2256000.0,2264000.0,148758
202605281030,2264000.0,2273000.0,2239000.0,2239000.0,175558
202605281045,2239000.0,2279000.0,2231000.0,2273000.0,200510
202605281100,2273000.0,2276000.0,2250000.0,2258000.0,91870
202605281115,2258000.0,2269000.0,2251000.0,2263000.0,64286
202605281130,2263000.0,2268000.0,2251000.0,2254000.0,59302
202605281145,2253000.0,2263000.0,2241000.0,2249000.0,102974
202605281200,2249000.0,2252000.0,2240000.0,2241000.0,76726
202605281215,2241000.0,2247000.0,2215000.0,2216000.0,152024
202605281230,2216000.0,2216000.0,2176000.0,2206000.0,317340
202605281245,2205000.0,2218000.0,2189000.0,2192000.0,163091
202605281300,2191000.0,2196000.0,2163000.0,2165000.0,268199
202605281315,2165000.0,2183000.0,2151000.0,2180000.0,261902
202605281330,2180000.0,2209000.0,2180000.0,2187000.0,182605
202605281345,2187000.0,2198000.0,2177000.0,2193000.0,118419
202605281400,2192000.0,2216000.0,2178000.0,2215000.0,136374
202605281415,2215000.0,2248000.0,2202000.0,2246000.0,192897
202605281430,2246000.0,2257000.0,2223000.0,2245000.0,205482
202605281445,2245000.0,2257000.0,2239000.0,2257000.0,172580
202605281500,2256000.0,2285000.0,2255000.0,2285000.0,284662
202605281515,2285000.0,2292000.0,2282000.0,2289000.0,423962
202605290900,2363000.0,2366000.0,2322000.0,2366000.0,640184
202605290915,2364000.0,2379000.0,2349000.0,2358500.0,338024
202605290930,2358000.0,2370000.0,2351000.0,2361000.0,192820
202605290945,2361000.0,2361000.0,2332000.0,2340000.0,179391
202605291000,2340000.0,2355000.0,2320000.0,2342000.0,176627
202605291015,2342000.0,2349000.0,2328000.0,2332000.0,122765
202605291030,2332000.0,2339000.0,2321000.0,2334000.0,140327
202605291045,2334000.0,2335000.0,2321000.0,2323000.0,103227
202605291100,2323000.0,2330000.0,2316000.0,2316000.0,124150
202605291115,2316000.0,2326000.0,2300000.0,2304000.0,155013
202605291130,2304000.0,2322000.0,2301000.0,2304000.0,101829
202605291145,2305000.0,2311000.0,2290500.0,2304000.0,127089
202605291200,2304000.0,2330000.0,2300000.0,2321000.0,117508
202605291215,2321000.0,2324000.0,2311000.0,2316000.0,73607
202605291230,2316000.0,2319000.0,2308000.0,2311000.0,71826
202605291245,2311000.0,2323000.0,2309000.0,2317000.0,59344
202605291300,2318000.0,2322000.0,2308000.0,2312500.0,104827
202605291315,2313000.0,2319000.0,2309000.0,2317000.0,90677
202605291330,2316000.0,2328000.0,2314000.0,2320000.0,112347
202605291345,2320000.0,2323000.0,2311000.0,2314500.0,89034
202605291400,2314500.0,2320000.0,2313000.0,2316000.0,88448
202605291415,2316000.0,2317000.0,2303000.0,2306000.0,143156
202605291430,2307000.0,2311000.0,2300000.0,2306000.0,119030
202605291445,2306000.0,2309000.0,2300000.0,2302000.0,130175
202605291500,2303000.0,2326000.0,2302000.0,2320000.0,210742
202605291515,2319000.0,2333000.0,2307000.0,2333000.0,2874036
202606010900,2312000.0,2345000.0,2297000.0,2309000.0,486164
202606010915,2309000.0,2319000.0,2296000.0,2309000.0,260737
202606010930,2309000.0,2337000.0,2308000.0,2328000.0,261629
202606010945,2329000.0,2335000.0,2315000.0,2330000.0,194363
202606011000,2330000.0,2338000.0,2327000.0,2335000.0,222963
202606011015,2335000.0,2375000.0,2333000.0,2361000.0,338830
202606011030,2361000.0,2368000.0,2354000.0,2357000.0,189626
202606011045,2357000.0,2395000.0,2356000.0,2388000.0,279140
202606011100,2388000.0,2398000.0,2380000.0,2393000.0,216485
202606011115,2392000.0,2394000.0,2375000.0,2378000.0,162552
202606011130,2380000.0,2388000.0,2370000.0,2373000.0,138347
202606011145,2373000.0,2380000.0,2361000.0,2377000.0,112727
202606011200,2376500.0,2384000.0,2372000.0,2377000.0,85463
202606011215,2377000.0,2380000.0,2368000.0,2377000.0,88469
202606011230,2377000.0,2378000.0,2357000.0,2357000.0,117658
202606011245,2358000.0,2364000.0,2344000.0,2355000.0,130872
202606011300,2354000.0,2366000.0,2354000.0,2361000.0,84601
202606011315,2361000.0,2372000.0,2360000.0,2371000.0,102554
202606011330,2372000.0,2379000.0,2370000.0,2374500.0,125597
202606011345,2374500.0,2385000.0,2372000.0,2383000.0,148853
202606011400,2383000.0,2385000.0,2366000.0,2368000.0,111709
202606011415,2368000.0,2374000.0,2345000.0,2355000.0,168985
202606011430,2356000.0,2364000.0,2341000.0,2364000.0,139435
202606011445,2364000.0,2371000.0,2360000.0,2369000.0,156554
202606011500,2368500.0,2380000.0,2365000.0,2378000.0,202818
202606011515,2378000.0,2380000.0,2363000.0,2363000.0,452420
202606020900,2372000.0,2407000.0,2259000.0,2317000.0,851849
202606020915,2317000.0,2345000.0,2301000.0,2344000.0,334543
202606020930,2344000.0,2377000.0,2339000.0,2340000.0,272257
202606020945,2340000.0,2346000.0,2290000.0,2302000.0,309887
202606021000,2303000.0,2324000.0,2292000.0,2318000.0,222967
202606021015,2318000.0,2329000.0,2309000.0,2323000.0,144801
202606021030,2323000.0,2341000.0,2303000.0,2304000.0,159808
202606021045,2304000.0,2307000.0,2280000.0,2286000.0,234212
202606021100,2287000.0,2299000.0,2262000.0,2290000.0,201259
202606021115,2290000.0,2311000.0,2286000.0,2309000.0,186875
202606021130,2309000.0,2333000.0,2304000.0,2332000.0,104091
202606021145,2333000.0,2335000.0,2315000.0,2329000.0,84851
202606021200,2330000.0,2330000.0,2292000.0,2294000.0,100040
202606021215,2294000.0,2303000.0,2284000.0,2285000.0,114753
202606021230,2285000.0,2304000.0,2283000.0,2302000.0,99121
202606021245,2301000.0,2309000.0,2291000.0,2292000.0,97284
202606021300,2293000.0,2307000.0,2287000.0,2289000.0,130455
202606021315,2290000.0,2298000.0,2284000.0,2298000.0,92821
202606021330,2298000.0,2298000.0,2286000.0,2291000.0,74724
202606021345,2291000.0,2317000.0,2290000.0,2308000.0,113536
202606021400,2308000.0,2320000.0,2305000.0,2316000.0,109033
202606021415,2316000.0,2328000.0,2309000.0,2327000.0,123586
202606021430,2326500.0,2364000.0,2325000.0,2363000.0,216303
202606021445,2363000.0,2368000.0,2335000.0,2341000.0,215212
202606021500,2341000.0,2347000.0,2333000.0,2346000.0,170233
202606021515,2346000.0,2360000.0,2337000.0,2360000.0,498138
202606040900,2284000.0,2301000.0,2262000.0,2291000.0,385737
202606040915,2293000.0,2306000.0,2282000.0,2306000.0,191561
202606040930,2305500.0,2327000.0,2305000.0,2308000.0,199315
202606040945,2309000.0,2312000.0,2285000.0,2299000.0,173429
202606041000,2299000.0,2305000.0,2283000.0,2285000.0,203803
202606041015,2285000.0,2293000.0,2282000.0,2292000.0,123671
202606041030,2291000.0,2312000.0,2282000.0,2283000.0,137912
202606041045,2284000.0,2292000.0,2280000.0,2281000.0,84089
202606041100,2282000.0,2285000.0,2268000.0,2268500.0,136617
202606041115,2268000.0,2288000.0,2267000.0,2285000.0,79483
202606041130,2285000.0,2299000.0,2280000.0,2295000.0,78726
202606041145,2295000.0,2303000.0,2287000.0,2297000.0,95673
202606041200,2297000.0,2310000.0,2297000.0,2299000.0,68094
202606041215,2299000.0,2311000.0,2299000.0,2309000.0,73425
202606041230,2309000.0,2315000.0,2295000.0,2297000.0,68466
202606041245,2296000.0,2303000.0,2293000.0,2297000.0,51282
202606041300,2297000.0,2297000.0,2291000.0,2293000.0,51434
202606041315,2293000.0,2296000.0,2290000.0,2291000.0,53819
202606041330,2291000.0,2299000.0,2287000.0,2295000.0,60035
202606041345,2296000.0,2310000.0,2295000.0,2305000.0,74590
202606041400,2305000.0,2313000.0,2294000.0,2297000.0,99993
202606041415,2297000.0,2305000.0,2294000.0,2298000.0,65905
202606041430,2298000.0,2307000.0,2292000.0,2299000.0,92666
202606041445,2299000.0,2300000.0,2283000.0,2293000.0,149649
202606041500,2293000.0,2296000.0,2281000.0,2287000.0,129760
202606041515,2287000.0,2298000.0,2280000.0,2298000.0,366694
202606050900,2124000.0,2153000.0,2098000.0,2121000.0,508751
202606050915,2120000.0,2124000.0,2077000.0,2118000.0,430659
202606050930,2118000.0,2126000.0,2100000.0,2109000.0,298954
202606050945,2109000.0,2120000.0,2091000.0,2095000.0,203781
202606051000,2095000.0,2100000.0,2082000.0,2083000.0,185308
202606051015,2082000.0,2119000.0,2078000.0,2118000.0,226004
202606051030,2118000.0,2158000.0,2113500.0,2143000.0,265295
202606051045,2143000.0,2155000.0,2117000.0,2151000.0,197386
202606051100,2151000.0,2175000.0,2139000.0,2163000.0,237209
202606051115,2163000.0,2188000.0,2152000.0,2180000.0,175023
202606051130,2180000.0,2187000.0,2155000.0,2157000.0,141384
202606051145,2157000.0,2168000.0,2142000.0,2148000.0,96122
202606051200,2148000.0,2159000.0,2145000.0,2148000.0,80009
202606051215,2148000.0,2157000.0,2130000.0,2136000.0,91851
202606051230,2137000.0,2145000.0,2120000.0,2124000.0,81577
202606051245,2124000.0,2125000.0,2105000.0,2117000.0,88521
202606051300,2117000.0,2125000.0,2103000.0,2105000.0,96685
202606051315,2105000.0,2114000.0,2098000.0,2099000.0,108999
202606051330,2099000.0,2124000.0,2093000.0,2105000.0,95383
202606051345,2105000.0,2125000.0,2104000.0,2121000.0,85408
202606051400,2121000.0,2130000.0,2112000.0,2115000.0,93212
202606051415,2114000.0,2125000.0,2110000.0,2119000.0,97414
202606051430,2120000.0,2130000.0,2113000.0,2114000.0,131904
202606051445,2113000.0,2115000.0,2093000.0,2104000.0,187278
202606051500,2104000.0,2116000.0,2081000.0,2084000.0,278367
202606051515,2083000.0,2087000.0,2070000.0,2070000.0,633516
202606080900,1856000.0,1906000.0,1855000.0,1904000.0,336954
202606080930,1925000.0,1995000.0,1924000.0,1956000.0,995113
202606080945,1955000.0,1993000.0,1946000.0,1986000.0,385534
202606081000,1987000.0,2010000.0,1963000.0,1971000.0,358216
202606081015,1971000.0,1988000.0,1930000.0,1932000.0,310266
202606081030,1932000.0,1997000.0,1932000.0,1994000.0,260992
202606081045,1994000.0,2009000.0,1973000.0,2006000.0,285479
202606081100,2006000.0,2026000.0,1990000.0,2019000.0,285869
202606081115,2019000.0,2045000.0,2000000.0,2034000.0,237536
202606081130,2034000.0,2072000.0,2028000.0,2064000.0,256104
202606081145,2064000.0,2067000.0,2023000.0,2034000.0,246696
202606081200,2034000.0,2039000.0,2014000.0,2027000.0,152868
202606081215,2026000.0,2037000.0,2011000.0,2026000.0,94703
202606081230,2026000.0,2037000.0,2015000.0,2028000.0,89599
202606081245,2029000.0,2036000.0,2010000.0,2023000.0,89587
202606081300,2023000.0,2029500.0,2010000.0,2016000.0,67145
202606081315,2016000.0,2018000.0,1994000.0,2006000.0,104396
202606081330,2006000.0,2012000.0,1991000.0,1992000.0,79806
202606081345,1992000.0,2000000.0,1977000.0,1995000.0,129872
202606081400,1995000.0,1997000.0,1958000.0,1963000.0,137226
202606081415,1963000.0,1990000.0,1958000.0,1978000.0,154612
202606081430,1978000.0,1985000.0,1937000.0,1941000.0,205322
202606081445,1941000.0,1946000.0,1920000.0,1943500.0,256114
202606081500,1944000.0,1947000.0,1916000.0,1917000.0,296027
202606081515,1917000.0,1925000.0,1911000.0,1911000.0,692570
202606090900,2055000.0,2062000.0,2018000.0,2034000.0,502998
202606090915,2035000.0,2052000.0,2028000.0,2036000.0,246848
202606090930,2036000.0,2038000.0,2007000.0,2033000.0,176565
202606090945,2033000.0,2042000.0,2026000.0,2038000.0,145467
202606091000,2038000.0,2041000.0,2003000.0,2015000.0,160001
202606091015,2015000.0,2039000.0,1998000.0,2038000.0,239081
202606091030,2038000.0,2070000.0,2034000.0,2060000.0,281445
202606091045,2060000.0,2077000.0,2054500.0,2065000.0,182699
202606091100,2065000.0,2069000.0,2056000.0,2061000.0,126834
202606091115,2061000.0,2068000.0,2043000.0,2054000.0,118473
202606091130,2054000.0,2061000.0,2045000.0,2052000.0,94224
202606091145,2051500.0,2060000.0,2048000.0,2058000.0,68917
202606091200,2058000.0,2077000.0,2055000.0,2076000.0,112652
202606091215,2076000.0,2095000.0,2073000.0,2089000.0,156199
202606091230,2089000.0,2124000.0,2088000.0,2118000.0,207630
202606091245,2118000.0,2135000.0,2104000.0,2131000.0,156182
202606091300,2130000.0,2137000.0,2122000.0,2132000.0,123409
202606091315,2132000.0,2167000.0,2132000.0,2165000.0,236518
202606091330,2165000.0,2188000.0,2158000.0,2162000.0,283255
202606091345,2162000.0,2178000.0,2157000.0,2167000.0,161311
202606091400,2167000.0,2186000.0,2160000.0,2170000.0,153393
202606091415,2170000.0,2186000.0,2169000.0,2178000.0,158311
202606091430,2178000.0,2215000.0,2178000.0,2212000.0,286885
202606091445,2212000.0,2226000.0,2190000.0,2204000.0,292749
202606091500,2205000.0,2214000.0,2193000.0,2209000.0,244362
202606091515,2208000.0,2220000.0,2208000.0,2215000.0,678820
202606100900,2129000.0,2180000.0,2125000.0,2159000.0,459516
202606100915,2159000.0,2179000.0,2141000.0,2155000.0,204076
202606100930,2155000.0,2155000.0,2121000.0,2123000.0,262736
202606100945,2123000.0,2139000.0,2118000.0,2128000.0,140438
202606101000,2128000.0,2138000.0,2117000.0,2132000.0,137903
202606101015,2132000.0,2156000.0,2131000.0,2134000.0,131279
202606101030,2134000.0,2142000.0,2123000.0,2129000.0,123709
202606101045,2129000.0,2130000.0,2106000.0,2107000.0,157036
202606101100,2107000.0,2113000.0,2085000.0,2086000.0,144735
202606101115,2086000.0,2099000.0,2072500.0,2096000.0,135905
202606101130,2096000.0,2097000.0,2076000.0,2097000.0,93908
202606101145,2097000.0,2111000.0,2089000.0,2095000.0,96333
202606101200,2095000.0,2114000.0,2094000.0,2110000.0,81479
202606101215,2109000.0,2116000.0,2090000.0,2095000.0,71805
202606101230,2096000.0,2097000.0,2080000.0,2081000.0,67846
202606101245,2081000.0,2088000.0,2072000.0,2079000.0,102871
202606101300,2079000.0,2081000.0,2055000.0,2056000.0,133522
202606101315,2056000.0,2072000.0,2022000.0,2029000.0,228215
202606101330,2029000.0,2032000.0,2005000.0,2005000.0,200800
202606101345,2006000.0,2044000.0,2004000.0,2018000.0,226685
202606101400,2018000.0,2033000.0,2010000.0,2013000.0,133836
202606101415,2014000.0,2030000.0,2000000.0,2021000.0,188116
202606101430,2021000.0,2025000.0,2001000.0,2010000.0,151950
202606101445,2009000.0,2015000.0,1992000.0,2014000.0,278554
202606101500,2013000.0,2038000.0,2007000.0,2036000.0,238710
202606101515,2036000.0,2053000.0,2033000.0,2048000.0,462421
202606110900,1992000.0,2017000.0,1960000.0,2016000.0,480992
202606110915,2017000.0,2066000.0,2015000.0,2043000.0,447997
202606110930,2044000.0,2051000.0,2013000.0,2029000.0,245787
202606110945,2028000.0,2093000.0,2022000.0,2076000.0,317911
202606111000,2076000.0,2163000.0,2075000.0,2144000.0,475246
202606111015,2144000.0,2144000.0,2100000.0,2122000.0,357663
202606111030,2122000.0,2139000.0,2093000.0,2124000.0,222052
202606111045,2124000.0,2134000.0,2096000.0,2105000.0,161920
202606111100,2105000.0,2114000.0,2060000.0,2061000.0,214487
202606111115,2060000.0,2066000.0,2031000.0,2062000.0,246191
202606111130,2062000.0,2076000.0,2044000.0,2065000.0,147447
202606111145,2065000.0,2079000.0,2060000.0,2074000.0,98565
202606111200,2074000.0,2077000.0,2045000.0,2053000.0,106981
202606111215,2053000.0,2070000.0,2048000.0,2067000.0,77853
202606111230,2066000.0,2096000.0,2065000.0,2088000.0,108781
202606111245,2088000.0,2114000.0,2085000.0,2114000.0,101998
202606111300,2113000.0,2118000.0,2089000.0,2089000.0,116942
202606111315,2090000.0,2105000.0,2075000.0,2099000.0,111578
202606111330,2098000.0,2128000.0,2097000.0,2119000.0,100395
202606111345,2119000.0,2128000.0,2095000.0,2097000.0,105378
202606111400,2097000.0,2104000.0,2082000.0,2089000.0,96128
202606111415,2090000.0,2098000.0,2072000.0,2079000.0,105138
202606111430,2079000.0,2104000.0,2072000.0,2101000.0,88044
202606111445,2102000.0,2104000.0,2087000.0,2092000.0,80951
202606111500,2092000.0,2103000.0,2075000.0,2101000.0,140110
202606111515,2101000.0,2105000.0,2099000.0,2101000.0,1421931
202606120900,2270000.0,2304000.0,2270000.0,2285000.0,451708
202606120915,2285000.0,2292000.0,2261000.0,2290000.0,293830
202606120930,2290000.0,2295000.0,2279000.0,2292000.0,162630
202606120945,2293000.0,2294000.0,2274000.0,2276000.0,141398
202606121000,2277000.0,2289000.0,2275000.0,2275000.0,109620
202606121015,2275000.0,2282000.0,2250000.0,2264000.0,166694
202606121030,2265000.0,2272000.0,2241000.0,2253000.0,141412
202606121045,2252000.0,2274000.0,2251500.0,2268000.0,100125
202606121100,2268000.0,2272000.0,2259000.0,2271500.0,99316
202606121115,2271500.0,2272000.0,2256000.0,2260000.0,82326
202606121130,2261000.0,2269000.0,2252000.0,2267000.0,99860
202606121145,2266000.0,2276000.0,2265000.0,2275000.0,79242
202606121200,2275000.0,2278000.0,2268000.0,2274000.0,60050
202606121215,2273000.0,2274000.0,2264000.0,2272000.0,65121
202606121230,2273000.0,2278000.0,2268000.0,2277000.0,69954
202606121245,2277000.0,2282000.0,2271500.0,2276000.0,89286
202606121300,2277000.0,2284000.0,2272000.0,2282000.0,80827
202606121315,2281000.0,2290000.0,2278000.0,2289000.0,104986
202606121330,2289000.0,2294000.0,2286000.0,2294000.0,103522
202606121345,2293000.0,2297000.0,2287000.0,2291000.0,120600
202606121400,2292000.0,2292000.0,2273000.0,2285000.0,97964
202606121415,2285000.0,2287000.0,2274000.0,2274000.0,75757
202606121430,2274000.0,2275000.0,2193000.0,2210000.0,306357
202606121445,2209000.0,2217000.0,2164000.0,2181000.0,362413
202606121500,2181000.0,2204000.0,2175000.0,2184000.0,413494
202606121515,2183000.0,2189000.0,2150000.0,2150000.0,727224
202606150900,2292000.0,2304000.0,2265000.0,2289000.0,438461
202606150915,2289000.0,2315000.0,2287000.0,2309000.0,279438
202606150930,2309500.0,2322000.0,2294000.0,2297000.0,218740
202606150945,2298000.0,2315000.0,2295000.0,2312000.0,142943
202606151000,2313000.0,2317000.0,2299000.0,2300000.0,117139
202606151015,2300000.0,2312000.0,2294000.0,2301000.0,132202
202606151030,2301000.0,2302000.0,2279000.0,2282000.0,152016
202606151045,2282000.0,2292000.0,2270000.0,2271000.0,116719
202606151100,2271000.0,2281000.0,2266000.0,2274000.0,94193
202606151115,2274500.0,2290000.0,2266000.0,2288000.0,82192
202606151130,2288000.0,2292000.0,2283000.0,2289000.0,55989
202606151145,2289500.0,2294000.0,2285000.0,2291000.0,52992
202606151200,2291000.0,2299000.0,2290000.0,2297000.0,61113
202606151215,2297000.0,2301000.0,2295000.0,2296000.0,80963
202606151230,2296000.0,2300000.0,2286000.0,2297000.0,56854
202606151245,2297000.0,2300000.0,2291000.0,2299000.0,60224
202606151300,2299000.0,2308000.0,2292000.0,2307000.0,92302
202606151315,2308000.0,2312000.0,2305000.0,2308000.0,94911
202606151330,2308000.0,2310000.0,2300000.0,2304000.0,63280
202606151345,2304000.0,2310000.0,2301000.0,2306000.0,63726
202606151400,2305000.0,2308000.0,2295000.0,2305500.0,73108
202606151415,2305000.0,2308000.0,2298000.0,2299000.0,69944
202606151430,2299000.0,2301000.0,2280000.0,2290000.0,130995
202606151445,2289000.0,2292000.0,2279000.0,2283000.0,103817
202606151500,2283000.0,2300000.0,2282000.0,2293000.0,139097
202606151515,2292000.0,2293000.0,2282000.0,2288000.0,453167
202606160900,2375000.0,2400000.0,2361000.0,2362000.0,352718
202606160915,2362000.0,2370000.0,2348000.0,2361000.0,213070
202606160930,2361500.0,2369500.0,2348000.0,2349000.0,133172
202606160945,2349500.0,2357000.0,2322000.0,2328000.0,235997
202606161000,2327000.0,2328000.0,2286000.0,2321000.0,260154
202606161015,2321000.0,2335000.0,2318000.0,2330000.0,100356
202606161030,2329500.0,2355000.0,2328000.0,2346000.0,122943
202606161045,2346000.0,2360000.0,2343000.0,2347000.0,88389
202606161100,2348000.0,2357000.0,2336000.0,2351000.0,80628
202606161115,2352000.0,2360000.0,2349000.0,2360000.0,87877
202606161130,2360000.0,2361000.0,2351000.0,2351500.0,48634
202606161145,2351000.0,2357000.0,2347000.0,2353000.0,53205
202606161200,2353000.0,2356000.0,2341000.0,2344000.0,42625
202606161215,2343000.0,2370000.0,2343000.0,2369000.0,102913
202606161230,2369000.0,2384000.0,2364000.0,2382000.0,137910
202606161245,2383000.0,2384000.0,2367000.0,2372000.0,71430
202606161300,2372000.0,2375000.0,2365000.0,2372000.0,56513
202606161315,2372000.0,2378000.0,2369000.0,2372000.0,72056
202606161330,2372000.0,2374000.0,2363000.0,2369000.0,60214
202606161345,2369000.0,2375000.0,2364000.0,2374000.0,56751
202606161400,2374000.0,2380000.0,2371000.0,2380000.0,107283
202606161415,2379500.0,2385000.0,2374000.0,2378000.0,96857
202606161430,2378000.0,2379000.0,2360000.0,2372000.0,87295
202606161445,2372000.0,2372000.0,2361000.0,2362000.0,83349
202606161500,2363000.0,2380000.0,2362000.0,2376000.0,119247
202606161515,2375000.0,2382000.0,2372000.0,2382000.0,343372
202606170900,2347000.0,2413000.0,2345000.0,2399000.0,355890
202606170915,2398000.0,2421000.0,2387000.0,2390000.0,265405
202606170930,2391000.0,2405000.0,2380000.0,2390000.0,124061
202606170945,2389000.0,2394000.0,2375000.0,2389000.0,96803
202606171000,2389000.0,2405000.0,2383000.0,2404000.0,91553
202606171015,2404000.0,2425000.0,2397000.0,2416000.0,127381
202606171030,2417000.0,2417000.0,2399000.0,2403000.0,67103
202606171045,2403000.0,2412000.0,2394000.0,2412000.0,53438
202606171100,2412000.0,2416000.0,2405000.0,2410000.0,48449
202606171115,2410000.0,2416000.0,2408000.0,2414000.0,45685
202606171130,2414000.0,2415000.0,2408000.0,2410000.0,35899
202606171145,2410000.0,2415000.0,2407000.0,2414000.0,36130
202606171200,2414000.0,2416000.0,2406000.0,2407000.0,41564
202606171215,2407000.0,2412000.0,2402000.0,2406000.0,45677
202606171230,2406000.0,2414000.0,2405000.0,2412000.0,41240
202606171245,2413000.0,2416000.0,2410000.0,2413000.0,44793
202606171300,2413000.0,2432000.0,2413000.0,2426000.0,136084
202606171315,2427000.0,2466000.0,2426000.0,2454000.0,211959
202606171330,2455000.0,2469000.0,2447000.0,2462000.0,170528
202606171345,2462000.0,2490500.0,2461000.0,2477000.0,265775
202606171400,2477000.0,2494000.0,2475000.0,2486000.0,137439
202606171415,2486000.0,2499000.0,2484500.0,2499000.0,147012
202606171430,2499000.0,2517000.0,2493000.0,2513000.0,226726
202606171445,2513000.0,2514000.0,2494000.0,2507000.0,190221
202606171500,2507000.0,2515000.0,2501000.0,2514000.0,204524
202606171515,2514000.0,2523000.0,2513000.0,2521000.0,426982
202606180900,2582000.0,2636000.0,2580000.0,2606000.0,595272
202606180915,2606000.0,2623000.0,2594000.0,2623000.0,310802
202606180930,2623000.0,2642000.0,2618000.0,2635000.0,215683
202606180945,2635000.0,2639000.0,2580000.0,2597000.0,369030
202606181000,2597000.0,2615000.0,2592000.0,2608000.0,172711
202606181015,2608000.0,2613000.0,2597000.0,2608000.0,114819
202606181030,2608000.0,2620000.0,2600000.0,2604000.0,121409
202606181045,2604000.0,2614000.0,2598000.0,2613000.0,115894
202606181100,2613000.0,2628000.0,2613000.0,2626000.0,111767
202606181115,2625500.0,2629000.0,2616000.0,2620000.0,75578
202606181130,2620000.0,2632000.0,2618000.0,2631000.0,90086
202606181145,2631000.0,2645000.0,2631000.0,2645000.0,131095
202606181200,2645000.0,2656000.0,2636000.0,2642000.0,159054
202606181215,2642000.0,2662000.0,2633000.0,2660000.0,143886
202606181230,2659500.0,2669000.0,2655000.0,2666000.0,133296
202606181245,2666000.0,2673000.0,2659000.0,2671000.0,124526
202606181300,2670000.0,2691000.0,2665000.0,2688000.0,165637
202606181315,2688000.0,2695000.0,2680000.0,2692000.0,156441
202606181330,2691500.0,2701000.0,2666000.0,2669500.0,244370
202606181345,2670000.0,2688000.0,2659000.0,2661000.0,178014
202606181400,2661000.0,2684000.0,2655000.0,2680000.0,184613
202606181415,2679000.0,2698000.0,2679000.0,2690500.0,146277
202606181430,2690500.0,2711000.0,2690000.0,2706000.0,238451
202606181445,2706000.0,2738000.0,2704000.0,2726000.0,348113
202606181500,2727000.0,2734000.0,2705000.0,2706000.0,287887
202606181515,2705000.0,2714000.0,2685000.0,2685000.0,578907
202606190900,2812000.0,2850000.0,2801000.0,2802000.0,507215
202606190915,2801500.0,2825000.0,2778000.0,2818000.0,284959
202606190930,2818500.0,2833000.0,2813000.0,2828000.0,157436
202606190945,2828000.0,2842000.0,2824000.0,2840000.0,136359
202606191000,2840000.0,2863000.0,2835000.0,2862000.0,217168
202606191015,2862000.0,2891000.0,2862000.0,2882000.0,217997
202606191030,2882000.0,2887000.0,2862000.0,2878000.0,200630
202606191045,2877000.0,2884500.0,2840000.0,2849000.0,177399
202606191100,2849000.0,2867000.0,2845000.0,2849000.0,140693
202606191115,2849000.0,2863000.0,2825000.0,2859000.0,163322
202606191130,2858000.0,2868000.0,2847000.0,2865000.0,77053
202606191145,2865000.0,2871000.0,2857000.0,2863000.0,91975
202606191200,2863000.0,2865000.0,2824000.0,2825000.0,105605
202606191215,2825000.0,2830000.0,2778000.0,2792000.0,277781
202606191230,2792000.0,2800000.0,2722000.0,2750000.0,409128
202606191245,2749000.0,2772000.0,2688000.0,2737000.0,464872
202606191300,2737000.0,2779000.0,2689000.0,2755000.0,374460
202606191315,2755000.0,2790000.0,2748000.0,2772000.0,187076
202606191330,2771000.0,2772000.0,2708000.0,2708000.0,280969
202606191345,2709000.0,2728000.0,2700000.0,2723000.0,225648
202606191400,2724000.0,2740000.0,2710000.0,2725000.0,151843
202606191415,2725000.0,2747000.0,2713000.0,2723000.0,128406
202606191430,2723000.0,2734000.0,2689000.0,2726000.0,216730
202606191445,2726000.0,2791000.0,2726000.0,2791000.0,226330
202606191500,2790000.0,2813000.0,2776000.0,2789500.0,260026
202606191515,2790000.0,2791000.0,2764000.0,2764000.0,1157055
202606220900,2746000.0,2789000.0,2742000.0,2771000.0,411052
202606220915,2771000.0,2814000.0,2764000.0,2810000.0,225350
202606220930,2809000.0,2863000.0,2809000.0,2857000.0,309200
202606220945,2857000.0,2885000.0,2850000.0,2881000.0,262417
202606221000,2879000.0,2903000.0,2872000.0,2898000.0,254614
202606221015,2898000.0,2945000.0,2886000.0,2913000.0,304389
202606221030,2915000.0,2938000.0,2904000.0,2907000.0,211795
202606221045,2907000.0,2913000.0,2883000.0,2898000.0,217453
202606221100,2897000.0,2924000.0,2892000.0,2904000.0,120887
202606221115,2904000.0,2914000.0,2889000.0,2897000.0,114990
202606221130,2898000.0,2912000.0,2894000.0,2900000.0,82597
202606221145,2899000.0,2910000.0,2896000.0,2900000.0,73678
202606221200,2899000.0,2915000.0,2891000.0,2914500.0,84681
202606221215,2914500.0,2929000.0,2908000.0,2925000.0,112194
202606221230,2925000.0,2935000.0,2919000.0,2925000.0,98252
202606221245,2925000.0,2932000.0,2910000.0,2914000.0,105988
202606221300,2913000.0,2921000.0,2870000.0,2884000.0,178158
202606221315,2884000.0,2909000.0,2876000.0,2886000.0,128957
202606221330,2886000.0,2894000.0,2852000.0,2869000.0,190491
202606221345,2869000.0,2893000.0,2867000.0,2887000.0,124979
202606221400,2886000.0,2893000.0,2865000.0,2892000.0,115342
202606221415,2892000.0,2904000.0,2885000.0,2888000.0,110561
202606221430,2886000.0,2904000.0,2883000.0,2897000.0,103821
202606221445,2897000.0,2898000.0,2878000.0,2890000.0,111361
202606221500,2891000.0,2922000.0,2882000.0,2912000.0,244991
202606221515,2911000.0,2920000.0,2910000.0,2919000.0,623925
202606230900,2919000.0,2943000.0,2873000.0,2912000.0,495648
202606230915,2911500.0,2915000.0,2827000.0,2851000.0,526376
202606230930,2850000.0,2894000.0,2842000.0,2894000.0,262210
202606230945,2894000.0,2896000.0,2853000.0,2858000.0,197307
202606231000,2859000.0,2877000.0,2847000.0,2860000.0,179349
202606231015,2860000.0,2860000.0,2833000.0,2834000.0,167608
202606231030,2834000.0,2837000.0,2793000.0,2796000.0,287819
202606231045,2796000.0,2797000.0,2747000.0,2758000.0,397048
202606231100,2758000.0,2777000.0,2745000.0,2775000.0,227546
202606231115,2775000.0,2776000.0,2754000.0,2755000.0,186720
202606231130,2755000.0,2761000.0,2723000.0,2747000.0,254015
202606231145,2748000.0,2774000.0,2721000.0,2752000.0,182324
202606231200,2752000.0,2756000.0,2722000.0,2729000.0,128325
202606231215,2728000.0,2729000.0,2700000.0,2700000.0,204244
202606231230,2700000.0,2708000.0,2660000.0,2700000.0,342046
202606231245,2699500.0,2754000.0,2690000.0,2754000.0,217883
202606231300,2754000.0,2760000.0,2709000.0,2710000.0,192167
202606231315,2710000.0,2710000.0,2690000.0,2692000.0,174604
202606231330,2691000.0,2705000.0,2667000.0,2668000.0,201467
202606231345,2667000.0,2671000.0,2624000.0,2639000.0,342412
202606231400,2638000.0,2663000.0,2617000.0,2622000.0,277279
202606231415,2622000.0,2628000.0,2600000.0,2600000.0,293294
202606231430,2600000.0,2601000.0,2574000.0,2582000.0,131820
202606231500,2582000.0,2620000.0,2536000.0,2589000.0,757918
202606231515,2589000.0,2593000.0,2555000.0,2555000.0,776333
202606240900,2636000.0,2689000.0,2585000.0,2687000.0,746753
202606240915,2688000.0,2693000.0,2620000.0,2660000.0,409261
202606240930,2660000.0,2695000.0,2654000.0,2692000.0,312969
202606240945,2692000.0,2703000.0,2644000.0,2645000.0,268349
202606241000,2646000.0,2651000.0,2589000.0,2614000.0,275862
202606241015,2615000.0,2645000.0,2601000.0,2644000.0,165718
202606241030,2644000.0,2670000.0,2638000.0,2648000.0,254134
202606241045,2648000.0,2658000.0,2627000.0,2634000.0,164294
202606241100,2634000.0,2650000.0,2619000.0,2627000.0,132379
202606241115,2627000.0,2633000.0,2601000.0,2604000.0,121498
202606241130,2605000.0,2606000.0,2540000.0,2541000.0,253826
202606241145,2540000.0,2540000.0,2456000.0,2458000.0,419962
202606241200,2456000.0,2514000.0,2453000.0,2484000.0,348910
202606241215,2484000.0,2529000.0,2456000.0,2528000.0,214432
202606241230,2529000.0,2540000.0,2508000.0,2512000.0,177295
202606241245,2512000.0,2526000.0,2500000.0,2509000.0,122911
202606241300,2508000.0,2510500.0,2470000.0,2488000.0,155965
202606241315,2488000.0,2490000.0,2458000.0,2474000.0,180120
202606241330,2474000.0,2519000.0,2461000.0,2509000.0,156583
202606241345,2509000.0,2546000.0,2507000.0,2544000.0,140557
202606241400,2545000.0,2630000.0,2544000.0,2630000.0,323112
202606241415,2630000.0,2653000.0,2606000.0,2608000.0,266339
202606241430,2608000.0,2654000.0,2604000.0,2620000.0,224992
202606241445,2619000.0,2632000.0,2578000.0,2590000.0,192657
202606241500,2590000.0,2625000.0,2577000.0,2616000.0,199447
202606241515,2615000.0,2628000.0,2613000.0,2621000.0,50889
202606250900,2865000.0,2878000.0,2820000.0,2835000.0,680193
202606250915,2835000.0,2850000.0,2803000.0,2839000.0,336283
202606250930,2840000.0,2848000.0,2782000.0,2784000.0,284786
202606250945,2784000.0,2816000.0,2755000.0,2795000.0,358765
202606251000,2795000.0,2799000.0,2756000.0,2773000.0,171218
202606251015,2774000.0,2785000.0,2749000.0,2765000.0,200380
202606251030,2765000.0,2817000.0,2761000.0,2808000.0,214056
202606251045,2808000.0,2839000.0,2808000.0,2833000.0,204405
202606251100,2832000.0,2847000.0,2809000.0,2814500.0,165836
202606251115,2814500.0,2838000.0,2812000.0,2832000.0,92829
202606251130,2831000.0,2846000.0,2829000.0,2840000.0,91133
202606251145,2841000.0,2858000.0,2836000.0,2849000.0,127595
202606251200,2849000.0,2866000.0,2841000.0,2847000.0,111068
202606251215,2846000.0,2870000.0,2846000.0,2869000.0,110204
202606251230,2869000.0,2876000.0,2849000.0,2849000.0,124532
202606251245,2849000.0,2874000.0,2846000.0,2872000.0,120183
202606251300,2872000.0,2907500.0,2870000.0,2898500.0,289404
202606251315,2898000.0,2913000.0,2888000.0,2908000.0,205610
202606251330,2908000.0,2918000.0,2895000.0,2916000.0,202755
202606251345,2916000.0,2939000.0,2910000.0,2920500.0,230088
202606251400,2920500.0,2931000.0,2908000.0,2930000.0,163695
202606251415,2930000.0,2965000.0,2923000.0,2964500.0,316226
202606251430,2965000.0,2987000.0,2960000.0,2981000.0,379215
202606251445,2981000.0,2986000.0,2928000.0,2948000.0,318138
202606251500,2948000.0,2973000.0,2935000.0,2936000.0,323676
202606251515,2936000.0,2945000.0,2917000.0,2917000.0,676503
202606260900,2869000.0,2880000.0,2830000.0,2861000.0,422151
202606260915,2861000.0,2862000.0,2789000.0,2790000.0,368527
202606260930,2789000.0,2806000.0,2767000.0,2800000.0,338884
202606260945,2800000.0,2833000.0,2780000.0,2794000.0,267267
202606261000,2793000.0,2818000.0,2773000.0,2811000.0,197234
202606261015,2812000.0,2823000.0,2789000.0,2793000.0,143862
202606261030,2793000.0,2806000.0,2784000.0,2786000.0,104925
202606261045,2786000.0,2799000.0,2753000.0,2764000.0,196738
202606261100,2764000.0,2765000.0,2720000.0,2720500.0,191465
202606261115,2720000.0,2742000.0,2700000.0,2740000.0,221753
202606261130,2740000.0,2744000.0,2688000.0,2689000.0,208333
202606261145,2689000.0,2696000.0,2649000.0,2654000.0,280450
202606261200,2653000.0,2672000.0,2638000.0,2642000.0,151107
202606261230,2641000.0,2665000.0,2613000.0,2642000.0,314121
202606261245,2642000.0,2680000.0,2620000.0,2679000.0,330184
202606261300,2679000.0,2680000.0,2642000.0,2661000.0,263981
202606261315,2660000.0,2669000.0,2630000.0,2640000.0,228040
202606261330,2639000.0,2642000.0,2613000.0,2614000.0,247968
202606261345,2614000.0,2644000.0,2600000.0,2641500.0,280460
202606261400,2641000.0,2712000.0,2627000.0,2704000.0,256982
202606261415,2704000.0,2729000.0,2671000.0,2722000.0,234116
202606261430,2721000.0,2745000.0,2643000.0,2649000.0,342383
202606261445,2649000.0,2665000.0,2640000.0,2642000.0,264629
202606261500,2642000.0,2662000.0,2615000.0,2662000.0,355967
202606261515,2662000.0,2673000.0,2656000.0,2673000.0,691062
202606290900,2631000.0,2654000.0,2567000.0,2571000.0,572215
202606290915,2571000.0,2617000.0,2542000.0,2551000.0,441147
202606290930,2551000.0,2585000.0,2517000.0,2553000.0,315679
202606290945,2553000.0,2631000.0,2531000.0,2612000.0,244029
202606291000,2612000.0,2620000.0,2571000.0,2585000.0,183178
202606291015,2585000.0,2592000.0,2558000.0,2577000.0,137269
202606291030,2577000.0,2642000.0,2568000.0,2615000.0,209577
202606291045,2616000.0,2625000.0,2591000.0,2595000.0,109171
202606291100,2595000.0,2602000.0,2561000.0,2566000.0,129334
202606291115,2566000.0,2597000.0,2562000.0,2594000.0,74509
202606291130,2592000.0,2597000.0,2565000.0,2590000.0,89404
202606291145,2589000.0,2591000.0,2566000.0,2574000.0,75929
202606291200,2574000.0,2589000.0,2560000.0,2562000.0,115655
202606291215,2562000.0,2572000.0,2551000.0,2563000.0,100341
202606291230,2562000.0,2563000.0,2536000.0,2548000.0,142752
202606291245,2547000.0,2601000.0,2541000.0,2594000.0,137633
202606291300,2593000.0,2601000.0,2563000.0,2563000.0,102783
202606291315,2563000.0,2579000.0,2551000.0,2552000.0,90714
202606291330,2552000.0,2562000.0,2545000.0,2546000.0,96990
202606291345,2546000.0,2571000.0,2539000.0,2542000.0,128084
202606291400,2542000.0,2577000.0,2540000.0,2571000.0,126072
202606291415,2570000.0,2603000.0,2565000.0,2586000.0,139742
202606291430,2585000.0,2664000.0,2585000.0,2657000.0,276011
202606291445,2657000.0,2688000.0,2639000.0,2669000.0,313670
202606291500,2669000.0,2673000.0,2614000.0,2647000.0,207107
202606291515,2647000.0,2655000.0,2628000.0,2628000.0,424975
202606300900,2636000.0,2690000.0,2619000.0,2640000.0,420558
202606300915,2639000.0,2648000.0,2586000.0,2597000.0,296194
202606300930,2597000.0,2614000.0,2541000.0,2554000.0,261237
202606300945,2553000.0,2589000.0,2545000.0,2565000.0,193172
202606301000,2565000.0,2585000.0,2556000.0,2569000.0,161730
202606301015,2570000.0,2613000.0,2565000.0,2610000.0,175319
202606301030,2611000.0,2629000.0,2590000.0,2604000.0,155668
202606301045,2603000.0,2632000.0,2593000.0,2616000.0,126822
202606301100,2615000.0,2616000.0,2602000.0,2603000.0,86084
202606301115,2604000.0,2658000.0,2595000.0,2646000.0,169176
202606301130,2645000.0,2650000.0,2624000.0,2635000.0,85039
202606301145,2635000.0,2667000.0,2634000.0,2660000.0,136734
202606301200,2659000.0,2665000.0,2648000.0,2653000.0,74313
202606301215,2653000.0,2663000.0,2643000.0,2650000.0,78600
202606301230,2650000.0,2659000.0,2646000.0,2647000.0,70110
202606301245,2646000.0,2649000.0,2630000.0,2643000.0,75377
202606301300,2644000.0,2676000.0,2641000.0,2671000.0,139106
202606301315,2672000.0,2712000.0,2667000.0,2712000.0,187496
202606301330,2712000.0,2739000.0,2708000.0,2736000.0,209350
202606301345,2736000.0,2742000.0,2708000.0,2717000.0,178870
202606301400,2717000.0,2735000.0,2717000.0,2720000.0,131478
202606301415,2721000.0,2730000.0,2707000.0,2721000.0,141954
202606301430,2721000.0,2730000.0,2685000.0,2694000.0,186631
202606301445,2695000.0,2704000.0,2685000.0,2692500.0,121744
202606301500,2693000.0,2700000.0,2667000.0,2677000.0,170817
202606301515,2677000.0,2682000.0,2650000.0,2650000.0,722202
202607010900,2693000.0,2723000.0,2643000.0,2654000.0,388802
202607010915,2654000.0,2658000.0,2589000.0,2621000.0,258929
202607010930,2621000.0,2630000.0,2602000.0,2609000.0,133807
202607010945,2610000.0,2615000.0,2573000.0,2584000.0,198167
202607011000,2585000.0,2603000.0,2550000.0,2564000.0,257526
202607011015,2564000.0,2587000.0,2544000.0,2582000.0,160576
202607011030,2582000.0,2597000.0,2569000.0,2574000.0,118934
202607011045,2574000.0,2579000.0,2544000.0,2545000.0,168780
202607011100,2544000.0,2545000.0,2502000.0,2528000.0,327795
202607011115,2528000.0,2556000.0,2520000.0,2550000.0,126126
202607011130,2550500.0,2579000.0,2540000.0,2571000.0,100355
202607011145,2571000.0,2583000.0,2552000.0,2569000.0,92387
202607011200,2569000.0,2595000.0,2566000.0,2587000.0,89989
202607011215,2587000.0,2590000.0,2562000.0,2567000.0,68366
202607011230,2567000.0,2608000.0,2561000.0,2601000.0,103644
202607011245,2601000.0,2628000.0,2593000.0,2595000.0,114884
202607011300,2594000.0,2613000.0,2582000.0,2585000.0,88917
202607011315,2586000.0,2612000.0,2580000.0,2609000.0,81971
202607011330,2609000.0,2618000.0,2594000.0,2614000.0,101609
202607011345,2614000.0,2626000.0,2600000.0,2603500.0,104474
202607011400,2603500.0,2612000.0,2586000.0,2602000.0,105768
202607011415,2602000.0,2607000.0,2575000.0,2580000.0,110799
202607011430,2580000.0,2590000.0,2565000.0,2574000.0,108907
202607011445,2575000.0,2590000.0,2568000.0,2577000.0,108118
202607011500,2577000.0,2580000.0,2561000.0,2576000.0,120237
202607011515,2576000.0,2581000.0,2560000.0,2560000.0,510920
202607020900,2363000.0,2386000.0,2347000.0,2351500.0,543050
202607020915,2352000.0,2373000.0,2343000.0,2350000.0,337634
202607020930,2351000.0,2359000.0,2314000.0,2314000.0,296996
202607020945,2315000.0,2342000.0,2310000.0,2325000.0,275953
202607021000,2324000.0,2363000.0,2317000.0,2343000.0,204748
202607021015,2343000.0,2391000.0,2342000.0,2391000.0,235835
202607021030,2390000.0,2414000.0,2386000.0,2401000.0,234957
202607021045,2401000.0,2425000.0,2396000.0,2412000.0,167448
202607021100,2412000.0,2448000.0,2404000.0,2447000.0,179984
202607021115,2448000.0,2448000.0,2399000.0,2403000.0,130638
202607021130,2402000.0,2429000.0,2393000.0,2421000.0,116957
202607021145,2421000.0,2425000.0,2394000.0,2407000.0,94043
202607021200,2407000.0,2410000.0,2380000.0,2393000.0,97392
202607021215,2392000.0,2394000.0,2367000.0,2377000.0,114613
202607021230,2377000.0,2388000.0,2363000.0,2367000.0,110414
202607021245,2367000.0,2369000.0,2355000.0,2360000.0,118378
202607021300,2360000.0,2366000.0,2337000.0,2337000.0,149911
202607021315,2337000.0,2362000.0,2329000.0,2341000.0,171948
202607021330,2341500.0,2342000.0,2320000.0,2321000.0,156470
202607021345,2321000.0,2358000.0,2321000.0,2347000.0,151035
202607021400,2346000.0,2365000.0,2331000.0,2338000.0,159365
202607021415,2338000.0,2344000.0,2311000.0,2312000.0,207552
202607021430,2312000.0,2315000.0,2290000.0,2297000.0,398010
202607021445,2297000.0,2306000.0,2265000.0,2266000.0,450782
202607021500,2266000.0,2266000.0,2197000.0,2222000.0,725779
202607021515,2222000.0,2240000.0,2215000.0,2232000.0,190968
202607030900,2222000.0,2237000.0,2175000.0,2212000.0,645656
202607030915,2210000.0,2225000.0,2111000.0,2114000.0,488471
202607030930,2115000.0,2162000.0,2093000.0,2101000.0,519516
202607030945,2101000.0,2125000.0,2045000.0,2064000.0,581890
202607031000,2064000.0,2178000.0,2052000.0,2152000.0,537983
202607031015,2152000.0,2227000.0,2144000.0,2185000.0,367811
202607031030,2185000.0,2269000.0,2180000.0,2239000.0,371151
202607031045,2239000.0,2285000.0,2237000.0,2284000.0,217969
202607031100,2284000.0,2296000.0,2228000.0,2249000.0,271092
202607031115,2249000.0,2286000.0,2244000.0,2276000.0,185465
202607031130,2277000.0,2300000.0,2260000.0,2287000.0,164574
202607031145,2287000.0,2310000.0,2282000.0,2283000.0,156795
202607031200,2283000.0,2298000.0,2251000.0,2271000.0,139973
202607031215,2271000.0,2298000.0,2266000.0,2296000.0,102201
202607031230,2295000.0,2298000.0,2250000.0,2258000.0,123480
202607031245,2259000.0,2307000.0,2256000.0,2304000.0,128450
202607031300,2305000.0,2336000.0,2297000.0,2335000.0,189885
202607031315,2335000.0,2350000.0,2331000.0,2341000.0,180676
202607031330,2341000.0,2384000.0,2335000.0,2382000.0,222784
202607031345,2382000.0,2408000.0,2374000.0,2398000.0,274375
202607031400,2399000.0,2416000.0,2386000.0,2409000.0,265067
202607031415,2408000.0,2442000.0,2405000.0,2440000.0,233059
202607031430,2440000.0,2454000.0,2386000.0,2392000.0,291477
202607031445,2391000.0,2430000.0,2370000.0,2429000.0,237476
202607031500,2429000.0,2453000.0,2421000.0,2435000.0,344851
202607031515,2435000.0,2444000.0,2425000.0,2425000.0,452277
202607060900,2404000.0,2480000.0,2400000.0,2474000.0,423593
202607060915,2474000.0,2480000.0,2411000.0,2432000.0,274697
202607060930,2432000.0,2489000.0,2424000.0,2485000.0,153233
202607060945,2486000.0,2497000.0,2446000.0,2450000.0,170656
202607061000,2451000.0,2461000.0,2423000.0,2433000.0,151900
202607061015,2433000.0,2457000.0,2416000.0,2437000.0,102879
202607061030,2437000.0,2446000.0,2403000.0,2406000.0,108081
202607061045,2406000.0,2406000.0,2346000.0,2383000.0,290963
202607061100,2383000.0,2397000.0,2326000.0,2343000.0,210913
202607061115,2343000.0,2362000.0,2306000.0,2316000.0,164914
202607061130,2316000.0,2329000.0,2295000.0,2301000.0,162811
202607061145,2301000.0,2340000.0,2292000.0,2325000.0,127107
202607061200,2326000.0,2358000.0,2317000.0,2351000.0,101253
202607061215,2351000.0,2359000.0,2320000.0,2343000.0,81400
202607061230,2344000.0,2374000.0,2334000.0,2341000.0,89028
202607061245,2341000.0,2351000.0,2323000.0,2330000.0,69104
202607061300,2329000.0,2338000.0,2309000.0,2337000.0,90952
202607061315,2337000.0,2364000.0,2332000.0,2362000.0,67696
202607061330,2362000.0,2389000.0,2353000.0,2387000.0,103756
202607061345,2387000.0,2391000.0,2360000.0,2371000.0,81113
202607061400,2371000.0,2383000.0,2350000.0,2369000.0,67849
202607061415,2369500.0,2375000.0,2330000.0,2336000.0,85737
202607061430,2335000.0,2359000.0,2326000.0,2343000.0,90553
202607061445,2343000.0,2393000.0,2333000.0,2392000.0,158738
202607061500,2392000.0,2396000.0,2346000.0,2365000.0,171833
202607061515,2365000.0,2370000.0,2343000.0,2343000.0,406019
202607070900,2324000.0,2343000.0,2253000.0,2272000.0,399332
202607070915,2272000.0,2329000.0,2256000.0,2303000.0,237190
202607070930,2304000.0,2313000.0,2237000.0,2250000.0,253326
202607070945,2250000.0,2276000.0,2237000.0,2256000.0,180968
202607071000,2255000.0,2261000.0,2228000.0,2231000.0,196134
202607071015,2231000.0,2237000.0,2181000.0,2188000.0,274414
202607071030,2188000.0,2233000.0,2173000.0,2231000.0,294613
202607071045,2230000.0,2261000.0,2207000.0,2209000.0,200776
202607071100,2209000.0,2220000.0,2193000.0,2195000.0,130264
202607071115,2195000.0,2201000.0,2171000.0,2173000.0,121687
202607071130,2172000.0,2188000.0,2163000.0,2168000.0,170575
202607071145,2168500.0,2174000.0,2150000.0,2171000.0,176229
202607071200,2172000.0,2186000.0,2158000.0,2166000.0,137457
202607071215,2166000.0,2166000.0,2125000.0,2134000.0,181316
202607071230,2134000.0,2161000.0,2130000.0,2135000.0,135394
202607071245,2134000.0,2146000.0,2125000.0,2136000.0,153594
202607071300,2136000.0,2156000.0,2119000.0,2120000.0,182951
202607071315,2120000.0,2123000.0,2105000.0,2114000.0,166855
202607071330,2114000.0,2122000.0,2100000.0,2101000.0,174838
202607071345,2101000.0,2103000.0,2088000.0,2095000.0,113475
202607071415,2098000.0,2141000.0,2080000.0,2136000.0,404882
202607071430,2136000.0,2194000.0,2119000.0,2188000.0,400276
202607071445,2187000.0,2223000.0,2176000.0,2218000.0,313248
202607071500,2218000.0,2236000.0,2160000.0,2197000.0,376316
202607071515,2197000.0,2201000.0,2180000.0,2201000.0,528487
202607080900,2107000.0,2226000.0,2090000.0,2201000.0,550870
202607080915,2200500.0,2268000.0,2176000.0,2237000.0,447586
202607080930,2237000.0,2291000.0,2190000.0,2282000.0,372898
202607080945,2283000.0,2329000.0,2275000.0,2324000.0,403796
202607081000,2324000.0,2329000.0,2283000.0,2315000.0,263194
202607081015,2317000.0,2324000.0,2273000.0,2293000.0,277147
202607081030,2293000.0,2293000.0,2235000.0,2259000.0,270137
202607081045,2259000.0,2280000.0,2216000.0,2217000.0,213289
202607081100,2217000.0,2229000.0,2191000.0,2210000.0,206376
202607081115,2210000.0,2264000.0,2202000.0,2239000.0,143380
202607081130,2239000.0,2244000.0,2216000.0,2239000.0,91476
202607081145,2238000.0,2251000.0,2212000.0,2230000.0,93862
202607081200,2229500.0,2276000.0,2224000.0,2274000.0,124488
202607081215,2274000.0,2285500.0,2254000.0,2283000.0,119998
202607081230,2283000.0,2285000.0,2245000.0,2259000.0,96536
202607081245,2259000.0,2260000.0,2227000.0,2227000.0,83344
202607081300,2228000.0,2235000.0,2181000.0,2186000.0,183141
202607081315,2187000.0,2203000.0,2161000.0,2171000.0,197343
202607081330,2170000.0,2170000.0,2110000.0,2126000.0,331367
202607081345,2126000.0,2167000.0,2101000.0,2163000.0,282286
202607081400,2163000.0,2172000.0,2126000.0,2144000.0,182532
202607081415,2145000.0,2150000.0,2091000.0,2091000.0,218048
202607081430,2090000.0,2125000.0,2086000.0,2102000.0,210744
202607081445,2103000.0,2138000.0,2096000.0,2117000.0,227284
202607081500,2117000.0,2126000.0,2083000.0,2089000.0,303433
202607081515,2089000.0,2104000.0,2076000.0,2076000.0,641305
202607090900,2237000.0,2266000.0,2209000.0,2262000.0,536464
202607090915,2262000.0,2270000.0,2234000.0,2258000.0,278955
202607090930,2258000.0,2259000.0,2203000.0,2247000.0,263434
202607090945,2247000.0,2250000.0,2204000.0,2227000.0,193560
202607091000,2227000.0,2254000.0,2211000.0,2250000.0,176200
202607091015,2250000.0,2262000.0,2234000.0,2235000.0,157987
202607091030,2235000.0,2242000.0,2219000.0,2238000.0,131007
202607091045,2237000.0,2241000.0,2168000.0,2169000.0,246855
202607091100,2168000.0,2209000.0,2149000.0,2208000.0,213446
202607091115,2209000.0,2220000.0,2186000.0,2208000.0,117281
202607091130,2207000.0,2211000.0,2149000.0,2158000.0,130541
202607091145,2158000.0,2169000.0,2113000.0,2115000.0,220750
202607091200,2115000.0,2137000.0,2091000.0,2117000.0,234555
202607091215,2116000.0,2164000.0,2095000.0,2160000.0,180547
202607091230,2161000.0,2172000.0,2135000.0,2163000.0,153239
202607091245,2163000.0,2185000.0,2156000.0,2169000.0,117370
202607091300,2170000.0,2177000.0,2146000.0,2162000.0,94691
202607091315,2161000.0,2172000.0,2129000.0,2160000.0,91801
202607091330,2160000.0,2175000.0,2151000.0,2158000.0,79490
202607091345,2157000.0,2175000.0,2148000.0,2170000.0,87585
202607091400,2171000.0,2171000.0,2130000.0,2163000.0,135751
202607091415,2163000.0,2163000.0,2128000.0,2128000.0,99190
202607091430,2128000.0,2153000.0,2116000.0,2135000.0,145555
202607091445,2135000.0,2190000.0,2131000.0,2181000.0,214292
202607091500,2181000.0,2186000.0,2161000.0,2185000.0,189741
202607091515,2185000.0,2201000.0,2184000.0,2186000.0,898481
202607100900,2283000.0,2300000.0,2190000.0,2197000.0,642296
202607100915,2199000.0,2259000.0,2166000.0,2202000.0,433358
202607100930,2202000.0,2206000.0,2179000.0,2189000.0,260775
202607100945,2190000.0,2216000.0,2181000.0,2205000.0,196109
202607101000,2205000.0,2217000.0,2194000.0,2211000.0,153842
202607101015,2211000.0,2238000.0,2197000.0,2238000.0,159082
202607101030,2238000.0,2260000.0,2235000.0,2239000.0,247990
202607101045,2239000.0,2248000.0,2200000.0,2203000.0,221399
202607101100,2203000.0,2214000.0,2193000.0,2203000.0,153791
202607101115,2203000.0,2215000.0,2194000.0,2209000.0,107009
202607101130,2208000.0,2226000.0,2207000.0,2210000.0,99930
202607101145,2210000.0,2224000.0,2203000.0,2215000.0,89389
202607101200,2215000.0,2234000.0,2214500.0,2226500.0,75225
202607101215,2226000.0,2241000.0,2221000.0,2222000.0,81633
202607101230,2222000.0,2240000.0,2217000.0,2236000.0,73169
202607101245,2236000.0,2257000.0,2226000.0,2246000.0,112687
202607101300,2245000.0,2270000.0,2240000.0,2259000.0,133760
202607101315,2259000.0,2269000.0,2246000.0,2258000.0,108150
202607101330,2257000.0,2275000.0,2243000.0,2267000.0,130191
202607101345,2268000.0,2274000.0,2251000.0,2255000.0,99192
202607101400,2255500.0,2260000.0,2237000.0,2252500.0,96206
202607101415,2252500.0,2264000.0,2244000.0,2244000.0,79393
202607101430,2244000.0,2258000.0,2233000.0,2239000.0,96462
202607101445,2240000.0,2243000.0,2217000.0,2224000.0,143123
202607101500,2223000.0,2225000.0,2197000.0,2202000.0,196580
202607101515,2202000.0,2203000.0,2180000.0,2180000.0,423719
202607130900,2115000.0,2142000.0,2084000.0,2100000.0,409652
202607130915,2101000.0,2114000.0,2057000.0,2081000.0,383193
202607130930,2081000.0,2081000.0,2024000.0,2046500.0,362884
202607130945,2046000.0,2048000.0,2001000.0,2017000.0,367000
202607131000,2016000.0,2029000.0,1997000.0,2022000.0,303564
202607131015,2021000.0,2025000.0,1993000.0,1994000.0,253859
202607131030,1994000.0,2011000.0,1983000.0,1983000.0,306379
202607131045,1984000.0,1984000.0,1951000.0,1952000.0,352285
202607131100,1952000.0,1972000.0,1942000.0,1969000.0,325193
202607131115,1968000.0,1985000.0,1955000.0,1962000.0,194009
202607131130,1963000.0,1966000.0,1947000.0,1958000.0,154932
202607131145,1958000.0,1960000.0,1933000.0,1933000.0,161989
202607131200,1933000.0,1937000.0,1904000.0,1906000.0,287356
202607131215,1906000.0,1925000.0,1901000.0,1903000.0,203032
202607131230,1902000.0,1927000.0,1892000.0,1917000.0,287125
202607131245,1917000.0,1932000.0,1899000.0,1905000.0,200885
202607131300,1905000.0,1908000.0,1890000.0,1891000.0,196096
202607131315,1892000.0,1896000.0,1883000.0,1889000.0,273102
202607131345,1900000.0,1913000.0,1889000.0,1899000.0,132219
202607131400,1900000.0,1919000.0,1888000.0,1902000.0,276649
202607131415,1901000.0,1912000.0,1861000.0,1862000.0,342695
202607131430,1862000.0,1918000.0,1861000.0,1916000.0,438577
202607131445,1917000.0,1918000.0,1885000.0,1911000.0,334433
202607131500,1911000.0,1915000.0,1839000.0,1849000.0,547702
202607131515,1850000.0,1855000.0,1841000.0,1845000.0,709620
202607140900,1849000.0,1860000.0,1757500.0,1843000.0,1016287
202607140915,1843000.0,1864000.0,1816000.0,1847000.0,558407
202607140930,1847000.0,1860000.0,1805000.0,1822000.0,383771
202607140945,1822000.0,1918000.0,1814000.0,1917000.0,521023
202607141000,1917500.0,1929000.0,1878000.0,1895000.0,376125
202607141015,1895000.0,1920000.0,1885000.0,1901000.0,260564
202607141030,1901000.0,1905000.0,1848000.0,1875000.0,274700
202607141045,1876000.0,1879000.0,1813000.0,1815000.0,249984
202607141100,1815000.0,1828000.0,1783000.0,1794000.0,304074
202607141115,1794000.0,1807000.0,1749000.0,1778000.0,345640
202607141130,1779000.0,1798000.0,1741000.0,1772000.0,327381
202607141145,1772000.0,1786000.0,1745000.0,1746000.0,192959
202607141200,1746000.0,1749000.0,1696000.0,1697000.0,460220
202607141215,1696000.0,1739000.0,1678000.0,1738000.0,522781
202607141230,1738000.0,1757000.0,1704000.0,1732000.0,375297
202607141245,1732000.0,1783000.0,1726000.0,1774000.0,318471
202607141300,1774000.0,1784000.0,1724000.0,1726000.0,237420
202607141315,1726000.0,1778000.0,1720000.0,1769000.0,217200
202607141330,1769000.0,1816000.0,1764000.0,1809000.0,303767
202607141345,1809000.0,1875000.0,1806000.0,1859000.0,431825
202607141400,1859000.0,1907000.0,1838000.0,1888000.0,456583
202607141415,1888000.0,1928000.0,1875000.0,1927000.0,446930
202607141430,1927000.0,1936000.0,1884000.0,1904000.0,424533
202607141445,1903000.0,1916000.0,1888000.0,1905000.0,333212
202607141500,1905000.0,1926000.0,1896000.0,1908000.0,355228
202607141515,1907000.0,1915000.0,1903000.0,1913000.0,427595
202607150900,2120000.0,2120000.0,2077000.0,2090000.0,869336
202607150915,2090000.0,2156000.0,2090000.0,2153000.0,476773
202607150930,2154000.0,2154000.0,2106000.0,2119000.0,296349
202607150945,2120000.0,2147000.0,2118000.0,2132000.0,221373
202607151000,2132000.0,2132000.0,2088000.0,2111000.0,286107
202607151015,2110000.0,2134000.0,2104000.0,2125000.0,179417
202607151030,2124000.0,2127000.0,2070000.0,2085000.0,222604
202607151045,2085000.0,2119000.0,2074000.0,2118000.0,174840
202607151100,2118000.0,2138000.0,2116000.0,2133000.0,195799
202607151115,2133000.0,2135000.0,2112000.0,2124000.0,123393
202607151130,2124000.0,2135000.0,2117000.0,2135000.0,105006
202607151145,2134000.0,2139000.0,2112000.0,2112000.0,129072
202607151200,2113000.0,2133000.0,2112000.0,2131000.0,80057
202607151215,2131000.0,2144000.0,2128000.0,2140500.0,106441
202607151230,2140500.0,2155000.0,2137000.0,2146000.0,144302
202607151245,2146000.0,2171000.0,2144000.0,2168000.0,168066
202607151300,2168000.0,2169000.0,2155000.0,2156000.0,102747
202607151315,2156000.0,2165000.0,2146000.0,2150000.0,117056
202607151330,2151000.0,2161000.0,2143000.0,2151000.0,123662
202607151345,2152000.0,2158000.0,2143000.0,2154000.0,131794
202607151400,2155000.0,2157000.0,2102000.0,2105000.0,238332
202607151415,2105000.0,2119500.0,2082000.0,2082000.0,222981
202607151430,2083000.0,2110000.0,2080000.0,2084000.0,197024
202607151445,2084000.0,2124000.0,2083000.0,2124000.0,177438
202607151500,2124000.0,2128000.0,2092000.0,2094000.0,227685
202607151515,2094000.0,2097000.0,2082000.0,2082000.0,628399
202607160900,1909000.0,1919000.0,1888000.0,1897500.0,292902
202607160915,1897500.0,1900000.0,1864000.0,1889000.0,329595
202607160930,1889000.0,1890000.0,1847000.0,1848000.0,274736
202607160945,1848000.0,1862000.0,1841000.0,1859000.0,194380
202607161000,1858000.0,1873000.0,1832000.0,1837000.0,234582
202607161015,1837000.0,1845000.0,1821000.0,1838000.0,235162
202607161030,1838000.0,1865000.0,1822000.0,1851000.0,239578
202607161045,1851000.0,1880000.0,1846000.0,1851000.0,178308
202607161100,1852000.0,1854000.0,1832000.0,1841000.0,162005
202607161115,1841000.0,1865000.0,1832000.0,1864000.0,117066
202607161130,1864000.0,1872000.0,1852000.0,1856000.0,86880
202607161145,1856000.0,1877000.0,1853000.0,1865000.0,115064
202607161200,1865000.0,1878000.0,1856000.0,1865000.0,98457
202607161215,1864000.0,1868500.0,1845000.0,1855000.0,104616
202607161230,1854000.0,1857000.0,1841000.0,1842000.0,86643
202607161245,1842000.0,1857000.0,1840000.0,1855000.0,84320
202607161300,1855000.0,1857000.0,1842000.0,1851000.0,94999
202607161315,1850500.0,1851000.0,1831000.0,1832000.0,145979
202607161330,1832000.0,1843000.0,1827000.0,1833000.0,137479
202607161345,1833000.0,1847000.0,1827000.0,1844000.0,93734
202607161400,1844000.0,1870000.0,1835000.0,1868000.0,125462
202607161415,1867000.0,1898000.0,1860000.0,1892000.0,238158
202607161430,1893000.0,1894000.0,1845000.0,1856000.0,224764
202607161445,1856000.0,1877000.0,1852000.0,1876000.0,175394
202607161500,1876000.0,1876000.0,1828000.0,1839000.0,323210
202607161515,1839000.0,1846000.0,1835000.0,1842000.0,865472
202607200900,1742000.0,1884000.0,1737000.0,1872000.0,786184
202607200915,1872000.0,1892000.0,1850000.0,1853000.0,393465
202607200930,1853000.0,1889000.0,1835000.0,1863000.0,293972
202607200945,1864000.0,1873000.0,1820000.0,1841000.0,254786
202607201000,1841000.0,1858000.0,1822000.0,1826000.0,184262
202607201015,1827000.0,1859000.0,1821000.0,1823000.0,186386
202607201030,1823000.0,1824000.0,1780000.0,1788000.0,298573
202607201045,1788000.0,1794000.0,1753000.0,1786000.0,268673
202607201100,1785000.0,1802000.0,1765000.0,1765000.0,200487
202607201115,1767000.0,1800000.0,1751000.0,1772000.0,243170
202607201130,1773000.0,1800000.0,1768000.0,1795000.0,129165
202607201145,1796000.0,1798000.0,1779000.0,1789000.0,90918
202607201200,1790000.0,1791000.0,1764000.0,1784000.0,86231
202607201215,1785000.0,1785000.0,1767000.0,1776000.0,79568
202607201230,1775000.0,1782000.0,1768000.0,1778000.0,80653
202607201245,1778000.0,1808000.0,1772000.0,1789500.0,108955
202607201300,1789500.0,1794000.0,1761000.0,1762000.0,95500
202607201315,1762000.0,1784000.0,1758000.0,1778000.0,117315
202607201330,1778000.0,1812000.0,1778000.0,1802000.0,147603
202607201345,1803000.0,1822000.0,1796000.0,1798000.0,107844
202607201400,1799000.0,1800000.0,1772000.0,1783000.0,120875
202607201415,1782000.0,1790000.0,1770000.0,1778000.0,122010
202607201430,1778000.0,1785000.0,1772000.0,1779000.0,128665
202607201445,1778000.0,1789000.0,1766000.0,1774000.0,179986
202607201500,1774000.0,1774000.0,1756000.0,1766000.0,252925
202607201515,1766000.0,1775000.0,1764000.0,1764000.0,495877
202607210900,1754000.0,1782000.0,1732000.0,1764000.0,443046
202607210915,1764000.0,1787000.0,1756000.0,1770000.0,238833
202607210930,1770000.0,1807000.0,1766000.0,1798000.0,204140
202607210945,1799000.0,1810000.0,1780000.0,1786000.0,203904
202607211000,1785000.0,1832000.0,1776000.0,1823000.0,284784
202607211015,1823000.0,1828000.0,1807000.0,1827000.0,134246
202607211030,1828000.0,1844000.0,1826000.0,1827000.0,194662
202607211045,1828000.0,1839000.0,1810000.0,1821000.0,138473
202607211100,1823000.0,1833000.0,1805000.0,1814000.0,106203
202607211115,1814000.0,1820000.0,1800000.0,1819000.0,96947
202607211130,1818000.0,1832000.0,1817000.0,1829000.0,79659
202607211145,1830000.0,1836000.0,1820000.0,1833000.0,70494
202607211200,1833000.0,1846000.0,1831000.0,1843000.0,136921
202607211215,1843000.0,1858000.0,1841000.0,1850000.0,138368
202607211230,1850000.0,1879000.0,1850000.0,1879000.0,171224
202607211245,1878000.0,1889000.0,1870000.0,1875000.0,245745
202607211300,1875000.0,1884000.0,1872000.0,1878000.0,116611
202607211315,1879000.0,1882000.0,1863000.0,1864000.0,143465
202607211330,1863000.0,1871000.0,1859000.0,1865000.0,126164
202607211345,1865000.0,1875000.0,1850000.0,1857000.0,128213
202607211400,1857000.0,1863000.0,1838000.0,1839000.0,119285
202607211415,1839000.0,1852000.0,1831000.0,1846000.0,129602
202607211430,1846000.0,1850000.0,1834000.0,1848000.0,112044
202607211445,1848000.0,1854000.0,1841000.0,1846000.0,126929
202607211500,1845000.0,1866000.0,1843000.0,1851000.0,174104
202607211515,1851000.0,1852500.0,1836000.0,1836000.0,373080
202607220900,1969000.0,2006000.0,1967000.0,2000000.0,691671
202607220915,2000000.0,2004000.0,1981000.0,1990000.0,204581
202607220930,1990000.0,1995000.0,1980000.0,1983000.0,148526
202607220945,1983000.0,1988000.0,1965000.0,1978000.0,184323
202607221000,1977000.0,1995000.0,1972000.0,1994000.0,116893
202607221015,1994000.0,2005000.0,1991000.0,1993000.0,165456
202607221030,1993000.0,1995000.0,1975000.0,1987000.0,123082
202607221045,1988000.0,1994000.0,1980000.0,1982000.0,84805
202607221100,1981500.0,1987000.0,1977000.0,1980000.0,84218
202607221115,1980000.0,1987000.0,1977000.0,1978000.0,68797
202607221130,1978000.0,1983000.0,1956000.0,1956000.0,122686
202607221145,1957000.0,1969500.0,1952000.0,1955000.0,83798
202607221200,1954000.0,1957000.0,1923000.0,1931000.0,163650
202607221215,1930000.0,1955000.0,1926000.0,1949000.0,131497
202607221230,1949000.0,1954000.0,1937000.0,1954000.0,60049
202607221245,1954000.0,1960000.0,1940000.0,1952000.0,73509
202607221300,1952000.0,1957000.0,1945000.0,1954000.0,48986
202607221315,1954000.0,1963000.0,1944000.0,1945000.0,69570
202607221330,1946000.0,1950000.0,1933000.0,1938000.0,73890
202607221345,1939000.0,1939000.0,1920000.0,1927000.0,98431
202607221400,1927000.0,1928000.0,1881000.0,1885000.0,264365
202607221415,1885000.0,1893000.0,1860000.0,1864000.0,272057
202607221430,1864000.0,1886000.0,1851000.0,1856000.0,238951
202607221445,1856000.0,1871000.0,1848000.0,1852000.0,223745
202607221500,1851000.0,1852000.0,1834000.0,1837000.0,278462
202607221515,1838000.0,1841000.0,1830000.0,1830000.0,384638
202607230900,1910000.0,1934000.0,1900000.0,1927000.0,310534
202607230915,1928000.0,1932000.0,1906000.0,1906000.0,193482
202607230930,1907000.0,1919000.0,1904000.0,1918000.0,153282
202607230945,1919000.0,1934000.0,1911000.0,1923000.0,193717
202607231000,1924000.0,1948000.0,1921000.0,1945000.0,171129
202607231015,1945000.0,1946000.0,1900000.0,1901000.0,177505
202607231030,1900000.0,1919000.0,1891000.0,1901000.0,157715
202607231045,1900000.0,1901000.0,1872000.0,1875000.0,167426
202607231100,1875000.0,1891000.0,1868000.0,1875000.0,118855
202607231115,1876000.0,1882000.0,1845000.0,1856000.0,206926
202607231130,1855000.0,1874000.0,1850000.0,1874000.0,87224
202607231145,1873000.0,1890000.0,1871000.0,1879000.0,104807
202607231200,1879000.0,1881000.0,1864000.0,1869000.0,56150
202607231215,1868000.0,1901000.0,1867000.0,1900000.0,82099
202607231230,1900000.0,1905000.0,1886000.0,1902000.0,108773
202607231245,1902000.0,1918000.0,1893000.0,1893000.0,101038
202607231300,1894000.0,1912000.0,1885000.0,1910000.0,90276
202607231315,1909000.0,1926000.0,1902000.0,1922000.0,104569
202607231330,1922500.0,1928000.0,1910000.0,1921000.0,108118
202607231345,1921000.0,1926000.0,1907000.0,1911000.0,97942
202607231400,1911000.0,1914000.0,1895000.0,1897000.0,128568
202607231415,1897000.0,1932000.0,1891000.0,1930000.0,151327
202607231430,1931000.0,1936000.0,1903000.0,1904000.0,170230
202607231445,1904000.0,1906000.0,1891000.0,1899000.0,211202
202607231500,1899000.0,1913000.0,1894000.0,1903000.0,170138
202607231515,1902000.0,1919000.0,1899000.0,1919000.0,353715
202607240900,1884000.0,1888000.0,1835000.0,1839000.0,325168
202607240915,1839000.0,1852000.0,1828000.0,1831000.0,244929
202607240930,1830000.0,1833000.0,1810000.0,1829000.0,277707
202607240945,1829000.0,1840000.0,1820000.0,1836000.0,155968
202607241000,1836000.0,1862000.0,1835000.0,1838000.0,215320
202607241015,1838000.0,1860000.0,1836000.0,1846000.0,126062
202607241030,1846000.0,1856000.0,1840000.0,1845000.0,80396
202607241045,1844000.0,1846000.0,1820000.0,1824000.0,123559
202607241100,1824000.0,1827000.0,1815000.0,1820000.0,114371
202607241115,1820000.0,1821000.0,1805000.0,1810000.0,160566
202607241130,1810000.0,1813000.0,1783000.0,1784000.0,222593
202607241145,1784000.0,1790000.0,1775000.0,1781000.0,196674
202607241200,1781000.0,1792000.0,1777000.0,1790000.0,148093
202607241215,1790000.0,1796000.0,1780000.0,1786000.0,155203
202607241230,1786000.0,1790000.0,1778000.0,1781000.0,96580
202607241245,1781000.0,1786000.0,1762000.0,1766000.0,174007
202607241300,1767000.0,1778000.0,1752000.0,1761000.0,192977
202607241315,1762000.0,1787000.0,1759000.0,1781000.0,134665
202607241330,1781000.0,1788000.0,1761000.0,1769000.0,113171
202607241345,1769000.0,1781000.0,1762000.0,1775000.0,122527
202607241400,1775000.0,1802000.0,1769000.0,1797000.0,180806
202607241415,1797000.0,1803000.0,1779000.0,1784000.0,151856
202607241430,1784000.0,1795000.0,1780000.0,1789000.0,148179
202607241445,1788000.0,1792000.0,1770000.0,1771000.0,151961
202607241500,1771000.0,1771000.0,1758000.0,1760000.0,253613
202607241515,1760000.0,1760000.0,1755000.0,1759000.0,574638
202607270900,1808000.0,1811000.0,1750000.0,1760000.0,441215
202607270915,1760000.0,1791000.0,1745000.0,1778000.0,253704
202607270930,1778000.0,1783000.0,1757000.0,1768000.0,136190
202607270945,1768000.0,1802000.0,1766000.0,1778000.0,179877
202607271000,1778000.0,1788000.0,1746000.0,1746000.0,171714
202607271015,1746000.0,1751500.0,1707000.0,1714000.0,271059
202607271030,1714000.0,1751000.0,1713000.0,1731000.0,189316
202607271045,1731000.0,1751000.0,1724000.0,1743000.0,113532
202607271100,1743000.0,1746000.0,1730000.0,1739000.0,72365
202607271115,1738500.0,1767000.0,1737000.0,1750000.0,107747
202607271130,1750000.0,1768000.0,1742000.0,1757000.0,66945
202607271145,1758000.0,1765000.0,1744000.0,1758000.0,47644
202607271200,1758000.0,1772000.0,1748000.0,1771000.0,83435
202607271215,1771000.0,1784000.0,1761000.0,1763000.0,98208
202607271230,1763000.0,1772000.0,1755000.0,1756000.0,63721
202607271245,1756000.0,1765000.0,1744000.0,1756000.0,77511
202607271300,1757000.0,1763000.0,1748000.0,1750000.0,66795
202607271315,1752000.0,1776000.0,1750000.0,1756000.0,99336
202607271330,1756000.0,1776000.0,1754000.0,1772000.0,74643
202607271345,1772000.0,1790000.0,1770000.0,1781000.0,97487
202607271400,1781000.0,1798000.0,1774000.0,1794000.0,110095
202607271415,1793000.0,1814000.0,1787000.0,1810000.0,163467
202607271430,1809500.0,1811000.0,1793000.0,1794000.0,104594
202607271445,1794000.0,1805000.0,1790000.0,1799000.0,121226
202607271500,1800000.0,1820000.0,1799000.0,1815000.0,164889
202607271515,1815000.0,1821000.0,1814000.0,1816000.0,324679
202607280900,1652000.0,1674000.0,1626000.0,1644000.0,579876
202607280915,1644000.0,1647000.0,1618000.0,1628000.0,365217
202607280930,1628000.0,1639000.0,1623000.0,1625000.0,232202
202607280945,1626000.0,1628000.0,1615000.0,1622000.0,308776
202607281000,1623000.0,1633000.0,1612000.0,1616000.0,187861
202607281030,1616000.0,1626000.0,1612000.0,1612000.0,177267
202607281045,1612000.0,1626000.0,1587000.0,1588000.0,443757
202607281100,1588000.0,1599000.0,1577000.0,1589000.0,288732
202607281115,1589000.0,1613000.0,1584000.0,1592000.0,232789
202607281130,1594000.0,1597000.0,1577000.0,1577000.0,197740
202607281145,1577000.0,1586000.0,1570000.0,1577500.0,192400
202607281200,1577500.0,1578000.0,1562000.0,1573000.0,192347
202607281215,1573000.0,1596000.0,1569000.0,1572000.0,194285
202607281230,1571000.0,1599000.0,1566000.0,1592000.0,189729
202607281245,1592000.0,1605000.0,1585000.0,1593000.0,196601
202607281300,1593000.0,1593000.0,1571000.0,1573500.0,168559
202607281315,1573500.0,1584000.0,1565000.0,1565500.0,151550
202607281330,1566000.0,1580000.0,1563000.0,1574500.0,194067
202607281345,1574000.0,1591000.0,1574000.0,1585500.0,162369
202607281400,1586000.0,1600000.0,1578000.0,1580000.0,200374
202607281415,1580000.0,1582000.0,1561000.0,1566000.0,251682
202607281430,1566000.0,1584000.0,1560000.0,1583000.0,257227
202607281445,1582000.0,1588000.0,1563000.0,1576000.0,246847
202607281500,1576000.0,1580000.0,1551000.0,1559000.0,468384
202607281515,1559000.0,1563000.0,1550000.0,1550000.0,1059713
202607290900,1580000.0,1619000.0,1570000.0,1593000.0,731719
202607290915,1593000.0,1605000.0,1548000.0,1548000.0,529872
202607290930,1548000.0,1563000.0,1522000.0,1561000.0,425245
202607290945,1561000.0,1566000.0,1541000.0,1549000.0,213234
202607291000,1549000.0,1558000.0,1478000.0,1482000.0,441751
202607291015,1482000.0,1520000.0,1467000.0,1501000.0,446291
202607291030,1500000.0,1506000.0,1451000.0,1454000.0,383472
202607291045,1454000.0,1454000.0,1392000.0,1399000.0,697077
202607291100,1399000.0,1433000.0,1396000.0,1397000.0,554770
202607291115,1397000.0,1428000.0,1377000.0,1424000.0,497663
202607291130,1424000.0,1424000.0,1395000.0,1397000.0,266688
202607291145,1397000.0,1401000.0,1366000.0,1367000.0,261464
202607291200,1366000.0,1404000.0,1361000.0,1369000.0,342140
202607291215,1369000.0,1380000.0,1351000.0,1357000.0,288872
202607291230,1357000.0,1357000.0,1347000.0,1349000.0,57273
202607291300,1347000.0,1358000.0,1295000.0,1296000.0,705584
202607291315,1296000.0,1298000.0,1253000.0,1257000.0,683676
202607291330,1256000.0,1295000.0,1246000.0,1264000.0,566874
202607291345,1265000.0,1334000.0,1262000.0,1326000.0,634607
202607291400,1326000.0,1387000.0,1321000.0,1373000.0,667344
202607291415,1373000.0,1396000.0,1335000.0,1378000.0,474890
202607291430,1377000.0,1422000.0,1375000.0,1410500.0,549265
202607291445,1411000.0,1424000.0,1389000.0,1391000.0,380530
202607291500,1390000.0,1398000.0,1352000.0,1390000.0,473281
202607291515,1390000.0,1409000.0,1390000.0,1401000.0,653240
202607300900,1384000.0,1387000.0,1324000.0,1338000.0,776676
202607300915,1338000.0,1345000.0,1300000.0,1337000.0,527911
202607300930,1337000.0,1338000.0,1287000.0,1301000.0,446614
202607300945,1300000.0,1355000.0,1295000.0,1354000.0,396908
202607301000,1353000.0,1391000.0,1340000.0,1352000.0,621114
202607301015,1352000.0,1419000.0,1349000.0,1417000.0,472023
202607301030,1417000.0,1451000.0,1417000.0,1440000.0,671855
202607301045,1441000.0,1459000.0,1420000.0,1438000.0,514249
202607301100,1438000.0,1445000.0,1388000.0,1389000.0,427519
202607301115,1389000.0,1409000.0,1360000.0,1362000.0,314155
202607301130,1362000.0,1377000.0,1340000.0,1363000.0,284330
202607301145,1363000.0,1375000.0,1333000.0,1333000.0,199105
202607301200,1333000.0,1353000.0,1320000.0,1323000.0,196664
202607301215,1323000.0,1345000.0,1319000.0,1335000.0,195388
202607301230,1334000.0,1356000.0,1323000.0,1346000.0,194518
202607301245,1345000.0,1356000.0,1331000.0,1333000.0,174888
202607301300,1331000.0,1344000.0,1308000.0,1315000.0,255144
202607301315,1315000.0,1349000.0,1303000.0,1345000.0,218328
202607301330,1346000.0,1348500.0,1312000.0,1320000.0,205725
202607301345,1320000.0,1323000.0,1304000.0,1316000.0,170249
202607301400,1317000.0,1330000.0,1308000.0,1325000.0,169965
202607301415,1324000.0,1337000.0,1318000.0,1320000.0,181365
202607301430,1319000.0,1353000.0,1319000.0,1352000.0,205810
202607301445,1352000.0,1354000.0,1326000.0,1332000.0,216264
202607301500,1332000.0,1350000.0,1326000.0,1334000.0,243793
202607301515,1335000.0,1335000.0,1320000.0,1322000.0,597290
202607310900,1697000.0,1697000.0,1586000.0,1622000.0,2041567
202607310915,1622000.0,1652000.0,1604000.0,1650000.0,667262
202607310930,1650000.0,1671000.0,1642000.0,1655000.0,550603
202607310945,1656000.0,1696000.0,1646000.0,1695000.0,554906
202607311000,1695000.0,1715000.0,1685000.0,1689000.0,566876
202607311015,1690000.0,1700000.0,1656000.0,1664000.0,315405
202607311030,1664000.0,1668000.0,1622000.0,1625000.0,479422
202607311045,1626000.0,1642000.0,1604000.0,1642000.0,396214
202607311100,1642000.0,1644000.0,1600000.0,1601000.0,242980
202607311115,1601000.0,1642000.0,1600000.0,1640000.0,195403
202607311130,1640000.0,1648000.0,1628000.0,1640000.0,142328
202607311145,1640000.0,1652000.0,1631000.0,1633000.0,148169
202607311200,1634000.0,1648000.0,1627000.0,1640000.0,125824
202607311215,1640000.0,1664000.0,1639000.0,1655000.0,187161
202607311230,1656000.0,1662000.0,1648000.0,1656000.0,151314
202607311245,1656000.0,1662000.0,1645000.0,1649000.0,162042
202607311300,1649000.0,1662000.0,1645000.0,1657000.0,159362
202607311315,1657000.0,1688000.0,1655000.0,1678000.0,268014
202607311330,1678000.0,1693000.0,1674000.0,1692000.0,147422
202607311345,1693000.0,1704000.0,1687000.0,1700000.0,240005
202607311400,1700000.0,1718000.0,1695000.0,1714000.0,657988
202607311415,1714000.0,1718000.0,1712000.0,1718000.0,422328
202607311430,1718000.0,1718000.0,1699000.0,1716000.0,577107
202607311445,1716000.0,1718000.0,1712000.0,1718000.0,577025
202607311500,1718000.0,1718000.0,1718000.0,1718000.0,94743
202607311515,1718000.0,1718000.0,1718000.0,1718000.0,235855
202608030900,1629000.0,1645000.0,1582000.0,1603000.0,672599
202608030915,1603000.0,1605000.0,1564000.0,1566000.0,384919
202608030930,1565500.0,1602000.0,1563000.0,1595000.0,350141
202608030945,1596000.0,1629000.0,1590000.0,1620000.0,325826
202608031000,1619000.0,1630000.0,1587000.0,1590000.0,256109
202608031015,1591000.0,1600000.0,1584000.0,1586000.0,155907
202608031030,1586000.0,1595000.0,1571000.0,1585000.0,178498
202608031045,1585000.0,1606000.0,1577000.0,1596000.0,164631
202608031100,1596000.0,1612000.0,1590000.0,1607000.0,116072
202608031115,1607000.0,1614000.0,1588000.0,1593000.0,114711
202608031130,1593000.0,1607000.0,1589000.0,1596000.0,85547
202608031145,1596000.0,1601000.0,1591000.0,1599000.0,66738
202608031200,1600000.0,1603000.0,1590000.0,1590000.0,71162
202608031215,1591000.0,1591000.0,1577000.0,1582000.0,108193
202608031230,1582000.0,1593000.0,1580000.0,1588000.0,76416
202608031245,1589000.0,1599000.0,1583000.0,1585000.0,79977
202608031300,1585000.0,1592000.0,1579000.0,1591000.0,81018
202608031315,1591000.0,1606000.0,1590000.0,1594000.0,96241
202608031330,1594000.0,1595000.0,1582000.0,1586000.0,89083
202608031345,1586000.0,1590000.0,1571000.0,1582000.0,130337
202608031400,1583000.0,1585000.0,1571000.0,1573000.0,108193
202608031415,1573000.0,1590000.0,1571000.0,1590000.0,121854
202608031430,1590000.0,1595000.0,1579000.0,1589000.0,132823
202608031445,1588000.0,1591000.0,1576000.0,1581000.0,178728
202608031500,1581000.0,1583000.0,1562000.0,1571000.0,357548
202608031515,1571000.0,1574000.0,1567000.0,1567000.0,672836
202608040900,1616000.0,1630000.0,1577000.0,1578000.0,433113
202608040915,1577000.0,1589000.0,1545000.0,1548000.0,302588
202608040930,1548000.0,1552000.0,1507000.0,1515000.0,369241
202608040945,1515000.0,1530000.0,1484000.0,1485000.0,302957
202608041000,1484000.0,1515000.0,1483000.0,1509000.0,288523
202608041015,1509000.0,1522000.0,1495000.0,1522000.0,223746
202608041030,1522000.0,1544000.0,1515000.0,1540000.0,214813
202608041045,1540000.0,1585000.0,1540000.0,1566000.0,355477
202608041100,1566000.0,1572000.0,1532000.0,1535000.0,171337
202608041115,1536000.0,1542000.0,1522000.0,1534000.0,119635
202608041130,1534000.0,1550000.0,1530000.0,1540000.0,104007
202608041145,1540000.0,1541000.0,1531000.0,1536000.0,62771
202608041200,1536000.0,1539000.0,1511000.0,1513000.0,97946
202608041215,1513000.0,1529000.0,1511000.0,1526000.0,72985
202608041230,1527000.0,1538000.0,1519000.0,1523000.0,65578
202608041245,1522000.0,1527000.0,1517000.0,1519000.0,86599
202608041300,1519000.0,1523000.0,1500000.0,1510000.0,88123
202608041315,1509000.0,1521000.0,1505000.0,1520000.0,83946
202608041330,1520000.0,1523000.0,1501000.0,1509000.0,82003
202608041345,1509000.0,1518000.0,1503000.0,1514000.0,86787
202608041400,1513500.0,1516500.0,1493000.0,1503000.0,207052
202608041415,1503000.0,1527000.0,1498000.0,1526000.0,144105
202608041430,1525000.0,1562000.0,1524000.0,1550000.0,268098
202608041445,1550000.0,1569000.0,1545000.0,1560000.0,207909
202608041500,1559000.0,1579000.0,1550000.0,1578000.0,193344
202608041515,1579000.0,1581000.0,1574000.0,1577000.0,497488
202608050900,1678000.0,1696000.0,1660000.0,1691000.0,447062
202608050915,1692000.0,1700000.0,1677000.0,1698000.0,223264
202608050930,1698000.0,1701000.0,1681000.0,1689000.0,174216
202608050945,1688000.0,1690000.0,1661000.0,1669000.0,204447
202608051000,1670000.0,1679000.0,1650000.0,1667000.0,159867
202608051015,1667000.0,1668000.0,1647000.0,1660000.0,141589
202608051030,1660000.0,1675000.0,1655000.0,1674000.0,98957
202608051045,1674500.0,1692000.0,1672000.0,1689000.0,141555
202608051100,1689000.0,1692000.0,1667000.0,1670000.0,120582
202608051115,1669000.0,1673000.0,1661000.0,1662000.0,71781
202608051130,1662000.0,1665000.0,1652000.0,1658000.0,102494
202608051145,1658000.0,1672000.0,1656000.0,1669000.0,74149
202608051200,1669000.0,1679000.0,1667000.0,1677000.0,71252
202608051215,1677000.0,1685000.0,1672000.0,1675000.0,73812
202608051230,1674000.0,1687000.0,1673000.0,1684000.0,82714
202608051245,1684000.0,1687000.0,1677000.0,1685000.0,72220
202608051300,1685000.0,1690000.0,1679000.0,1682000.0,72667
202608051315,1683000.0,1688000.0,1670000.0,1673000.0,69764
202608051330,1673000.0,1695000.0,1673000.0,1694000.0,129687
202608051345,1694000.0,1695000.0,1684000.0,1692000.0,99584
202608051400,1692000.0,1698000.0,1686000.0,1695000.0,104313
202608051415,1695000.0,1697000.0,1682000.0,1682000.0,72836
202608051430,1683000.0,1685000.0,1675000.0,1677000.0,115214
202608051445,1677000.0,1686000.0,1676000.0,1681000.0,88808
202608051500,1682000.0,1699000.0,1680000.0,1688000.0,197522
202608051515,1688000.0,1688000.0,1668000.0,1668000.0,367292
202608060900,1582000.0,1602000.0,1571000.0,1577000.0,344071
202608060915,1577000.0,1581000.0,1548000.0,1556000.0,321730
202608060930,1556000.0,1561000.0,1544000.0,1546000.0,243971
202608060945,1546000.0,1547000.0,1518000.0,1519000.0,323404
202608061000,1519000.0,1535000.0,1512000.0,1523000.0,259124
202608061015,1522500.0,1525000.0,1505000.0,1513000.0,201805
202608061030,1512000.0,1536000.0,1511000.0,1522000.0,169765
202608061045,1522000.0,1534000.0,1521000.0,1528000.0,142847
202608061100,1528000.0,1532000.0,1517000.0,1523000.0,115867
202608061115,1524000.0,1536000.0,1521000.0,1528000.0,108426
202608061130,1529000.0,1546000.0,1526000.0,1539000.0,133235
202608061145,1539000.0,1539000.0,1524000.0,1527000.0,79371
202608061200,1527000.0,1533000.0,1521000.0,1523000.0,100013
202608061215,1524000.0,1524000.0,1516000.0,1518000.0,94218
202608061230,1519000.0,1522000.0,1513000.0,1518000.0,103482
202608061245,1518000.0,1523000.0,1510000.0,1511000.0,121199
202608061300,1511000.0,1514000.0,1506000.0,1506000.0,111104
202608061315,1507000.0,1518000.0,1503000.0,1517000.0,124880
202608061330,1517000.0,1521000.0,1496000.0,1502000.0,284245
202608061345,1501000.0,1509000.0,1498000.0,1505500.0,122757
202608061400,1505000.0,1526000.0,1504000.0,1513000.0,146429
202608061415,1512000.0,1520000.0,1510000.0,1512000.0,122884
202608061430,1512000.0,1512000.0,1502000.0,1504000.0,127207
202608061445,1504000.0,1509000.0,1494000.0,1497000.0,244101
202608061500,1497000.0,1502000.0,1481000.0,1492000.0,427047
202608061515,1492000.0,1495000.0,1485000.0,1495000.0,602605
202608070900,1513000.0,1542000.0,1502000.0,1503000.0,368383
202608070915,1503000.0,1508000.0,1477000.0,1484000.0,344192
202608070930,1484000.0,1488000.0,1454000.0,1470000.0,282241
202608070945,1470000.0,1487000.0,1455000.0,1478000.0,221435
202608071000,1478000.0,1479000.0,1446500.0,1449000.0,221114
202608071015,1450000.0,1450000.0,1421000.0,1439000.0,378739
202608071030,1440000.0,1442000.0,1409000.0,1426000.0,328100
202608071045,1425000.0,1431000.0,1413000.0,1425000.0,206886
202608071100,1424000.0,1438000.0,1423000.0,1438000.0,170197
202608071115,1438000.0,1445000.0,1430000.0,1431000.0,128168
202608071130,1431000.0,1434000.0,1422000.0,1424000.0,93492
202608071145,1424000.0,1438000.0,1423000.0,1435000.0,83750
202608071200,1435000.0,1445000.0,1435000.0,1436000.0,101886
202608071215,1436000.0,1437000.0,1423000.0,1425000.0,88368
202608071230,1424000.0,1433000.0,1423000.0,1424000.0,75745
202608071245,1423000.0,1433000.0,1415000.0,1416000.0,120016
202608071300,1415000.0,1426000.0,1415000.0,1418000.0,85142
202608071315,1418000.0,1432000.0,1414000.0,1423000.0,98218
202608071330,1423000.0,1427000.0,1418000.0,1418000.0,73867
202608071345,1418000.0,1421000.0,1411000.0,1416000.0,125005
202608071400,1416000.0,1429000.0,1415000.0,1428000.0,128117
202608071415,1428000.0,1430000.0,1422000.0,1423000.0,102524
202608071430,1424000.0,1425000.0,1416000.0,1417000.0,131194
202608071445,1416000.0,1421000.0,1414000.0,1416000.0,135253
202608071500,1416000.0,1421000.0,1413000.0,1418000.0,147655
202608071515,1418000.0,1423000.0,1417000.0,1422000.0,387701
202608100900,1425000.0,1487000.0,1418000.0,1477000.0,430590
202608100915,1477000.0,1484000.0,1454000.0,1466000.0,208888
202608100930,1467000.0,1467000.0,1431000.0,1437000.0,165194
202608100945,1436000.0,1453000.0,1429000.0,1434000.0,134509
202608101000,1434000.0,1445000.0,1426000.0,1443000.0,109747
202608101015,1443000.0,1452000.0,1438000.0,1443000.0,83739
202608101030,1444000.0,1444000.0,1425000.0,1440000.0,108357
202608101045,1441000.0,1455000.0,1437000.0,1438000.0,102181
202608101100,1438500.0,1449000.0,1435000.0,1439000.0,62160
202608101115,1438000.0,1440000.0,1431000.0,1432000.0,53429
202608101130,1433000.0,1443000.0,1425000.0,1442000.0,76987
202608101145,1441000.0,1450000.0,1439000.0,1441000.0,68500
202608101200,1442000.0,1444000.0,1436000.0,1439000.0,39835
202608101215,1438500.0,1443000.0,1433000.0,1434000.0,49097
202608101230,1433000.0,1441000.0,1431000.0,1438000.0,51806
202608101245,1438000.0,1442000.0,1435000.0,1442000.0,52092
202608101300,1442000.0,1443000.0,1432000.0,1433000.0,53191
202608101315,1433000.0,1440000.0,1428000.0,1429000.0,72791
202608101330,1429000.0,1430000.0,1411000.0,1415000.0,139577
202608101345,1415000.0,1416000.0,1397000.0,1410000.0,158269
202608101400,1411000.0,1430000.0,1410000.0,1429500.0,123107
202608101415,1430000.0,1430000.0,1419000.0,1420500.0,89578
202608101430,1420000.0,1421000.0,1408000.0,1414000.0,102322
202608101445,1414000.0,1420000.0,1410000.0,1412000.0,85368
202608101500,1411000.0,1425000.0,1410000.0,1423000.0,135758
202608101515,1423500.0,1430000.0,1420000.0,1420000.0,366469
202608110900,1378000.0,1410000.0,1375000.0,1390000.0,318142
202608110915,1390000.0,1393000.0,1377000.0,1392000.0,139187
202608110930,1393000.0,1397000.0,1377000.0,1390000.0,151820
202608110945,1389000.0,1395000.0,1380000.0,1387000.0,117662
202608111000,1387000.0,1407000.0,1373000.0,1407000.0,234723
202608111015,1406000.0,1426000.0,1400000.0,1408000.0,310073
202608111030,1408000.0,1415000.0,1395000.0,1415000.0,98731
202608111045,1415000.0,1424000.0,1410000.0,1412000.0,163169
202608111100,1412000.0,1422000.0,1409000.0,1412000.0,100268
202608111115,1411000.0,1416000.0,1404000.0,1407000.0,65177
202608111130,1407000.0,1418000.0,1405000.0,1416000.0,56502
202608111145,1416000.0,1422000.0,1415000.0,1417000.0,69405
202608111200,1418000.0,1432000.0,1417000.0,1423000.0,132457
202608111215,1424000.0,1437000.0,1417000.0,1436000.0,106872
202608111230,1437000.0,1442000.0,1428000.0,1440000.0,100796
202608111245,1440000.0,1446000.0,1433000.0,1441000.0,119913
202608111300,1441000.0,1446000.0,1436000.0,1443000.0,119318
202608111315,1443000.0,1450000.0,1433000.0,1450000.0,127307
202608111330,1450000.0,1452000.0,1443000.0,1449000.0,101333
202608111345,1449000.0,1455000.0,1438000.0,1442000.0,100527
202608111400,1442000.0,1443000.0,1431000.0,1438000.0,103110
202608111415,1438000.0,1438000.0,1422000.0,1428000.0,111438
202608111430,1428000.0,1435000.0,1424000.0,1427000.0,96879
202608111445,1428000.0,1435000.0,1426000.0,1427000.0,80021
202608111500,1427000.0,1438000.0,1427000.0,1430000.0,118057
202608111515,1429000.0,1431000.0,1425000.0,1425000.0,301711
202608120900,1447000.0,1457000.0,1440000.0,1452000.0,215707
202608120915,1452000.0,1478000.0,1451000.0,1467000.0,281760
202608120930,1467000.0,1468000.0,1452000.0,1454500.0,140390
202608120945,1455000.0,1458000.0,1441000.0,1441000.0,137366
202608121000,1441000.0,1460000.0,1441000.0,1459000.0,109382
202608121015,1460000.0,1467000.0,1452000.0,1463000.0,122583
202608121030,1463000.0,1481000.0,1458000.0,1481000.0,174480
202608121045,1480000.0,1489000.0,1472000.0,1489000.0,198612
202608121100,1489000.0,1493000.0,1475000.0,1490000.0,149270
202608121115,1489000.0,1506000.0,1486000.0,1506000.0,159308
202608121130,1506000.0,1519000.0,1503000.0,1509000.0,187126
202608121145,1509000.0,1522000.0,1509000.0,1520000.0,119160
202608121200,1520000.0,1549000.0,1519000.0,1544000.0,303630
202608121215,1545000.0,1546000.0,1532000.0,1535000.0,145614
202608121230,1535000.0,1539000.0,1523000.0,1525000.0,128715
202608121245,1525000.0,1530000.0,1518000.0,1521000.0,113074
202608121300,1521000.0,1531000.0,1517000.0,1526000.0,87577
202608121315,1527000.0,1530000.0,1516000.0,1516000.0,88105
202608121330,1516000.0,1522000.0,1506000.0,1509000.0,122454
202608121345,1509000.0,1515000.0,1506000.0,1508000.0,85943
202608121400,1509000.0,1509000.0,1492000.0,1496000.0,134757
202608121415,1496000.0,1502000.0,1485000.0,1500000.0,154426
202608121430,1499000.0,1506000.0,1497000.0,1502000.0,113470
202608121445,1502000.0,1508000.0,1499000.0,1502000.0,110721
202608121500,1502000.0,1510000.0,1499000.0,1505000.0,136980
202608121515,1505000.0,1506000.0,1500000.0,1504000.0,389320
202608130900,1587000.0,1624000.0,1580000.0,1620000.0,538453
202608130915,1620000.0,1634000.0,1612000.0,1623000.0,319284
202608130930,1623000.0,1624000.0,1593000.0,1593000.0,228611
202608130945,1594000.0,1615000.0,1593000.0,1608000.0,131344
202608131000,1609000.0,1626000.0,1607000.0,1624000.0,155487
202608131015,1624000.0,1627000.0,1606000.0,1607000.0,132313
202608131030,1607000.0,1614000.0,1601000.0,1610000.0,141757
202608131045,1609500.0,1614000.0,1602000.0,1611000.0,94532
202608131100,1610000.0,1620000.0,1610000.0,1617000.0,99074
202608131115,1617000.0,1618000.0,1605000.0,1606000.0,66891
202608131130,1606000.0,1609000.0,1598000.0,1609000.0,96913
202608131145,1609000.0,1619000.0,1608000.0,1618000.0,93226
202608131200,1618000.0,1621000.0,1611000.0,1618000.0,95082
202608131215,1618000.0,1620000.0,1614000.0,1618000.0,72947
202608131230,1618000.0,1619000.0,1610000.0,1618000.0,63358
202608131245,1618000.0,1624000.0,1618000.0,1624000.0,101813
202608131300,1624000.0,1633000.0,1621000.0,1624000.0,156963
202608131315,1624500.0,1625000.0,1607000.0,1609000.0,126765
202608131330,1609000.0,1616000.0,1606000.0,1611000.0,92944
202608131345,1612000.0,1617000.0,1609000.0,1611000.0,88773
202608131400,1611000.0,1617000.0,1609000.0,1611000.0,73157
202608131415,1612000.0,1614000.0,1604000.0,1608000.0,111048
202608131430,1608000.0,1608000.0,1587000.0,1591000.0,216914
202608131445,1592000.0,1600000.0,1583000.0,1585000.0,116457
202608131500,1585000.0,1599000.0,1577000.0,1588000.0,198940
202608131515,1588000.0,1593000.0,1587000.0,1593000.0,807185
202608140900,1688000.0,1697000.0,1674000.0,1683000.0,427987
202608140915,1683000.0,1684000.0,1666000.0,1682000.0,241240
202608140930,1682000.0,1693000.0,1679000.0,1685000.0,151328
202608140945,1684000.0,1686000.0,1655000.0,1656000.0,197472
202608141000,1656000.0,1665000.0,1641000.0,1647000.0,254307
202608141015,1646000.0,1658000.0,1638000.0,1646000.0,212166
202608141030,1646000.0,1646000.0,1626000.0,1634000.0,215245
202608141045,1635000.0,1641000.0,1627000.0,1637000.0,147756
202608141100,1638000.0,1647000.0,1637000.0,1646000.0,119431
202608141115,1645000.0,1654000.0,1641000.0,1652000.0,96754
202608141130,1653000.0,1662000.0,1648000.0,1656000.0,107068
202608141145,1655000.0,1657000.0,1638000.0,1640000.0,88703
202608141200,1639000.0,1640000.0,1632000.0,1638000.0,105979
202608141215,1638000.0,1646000.0,1637000.0,1640000.0,89780
202608141230,1640000.0,1648000.0,1637000.0,1645000.0,83048
202608141245,1645000.0,1648000.0,1638000.0,1638000.0,75792
202608141300,1638000.0,1648000.0,1633000.0,1646000.0,70876
202608141315,1646000.0,1662000.0,1645000.0,1660000.0,153240
202608141330,1660000.0,1662000.0,1651000.0,1659000.0,121077
202608141345,1659000.0,1659000.0,1646000.0,1649000.0,104236
202608141400,1649000.0,1651000.0,1634000.0,1637000.0,97226
202608141415,1637000.0,1652000.0,1636000.0,1641000.0,136745
202608141430,1641000.0,1659000.0,1640000.0,1649000.0,127688
202608141445,1649500.0,1658000.0,1646000.0,1647000.0,135733
202608141500,1646500.0,1647000.0,1641000.0,1643000.0,144442
202608141515,1643000.0,1645000.0,1640000.0,1645000.0,379347
202608180900,1740000.0,1753000.0,1727000.0,1746000.0,487962
202608180915,1746000.0,1773000.0,1740000.0,1769000.0,311562
202608180930,1769000.0,1792000.0,1769000.0,1779000.0,349439
202608180945,1779000.0,1787000.0,1756000.0,1757000.0,241329
202608181000,1757000.0,1768000.0,1750000.0,1763000.0,153877
202608181015,1763000.0,1777000.0,1761000.0,1770000.0,123551
202608181030,1770000.0,1771000.0,1738000.0,1739000.0,178423
202608181045,1740000.0,1740000.0,1718000.0,1731000.0,255513
202608181100,1732000.0,1739000.0,1713000.0,1714000.0,192936
202608181115,1714000.0,1716000.0,1681000.0,1683000.0,242203
202608181130,1683000.0,1695000.0,1668000.0,1675000.0,285624
202608181145,1674000.0,1689000.0,1669000.0,1681000.0,147940
202608181200,1681000.0,1685000.0,1670000.0,1672500.0,92472
202608181215,1672000.0,1675000.0,1654000.0,1660000.0,154569
202608181230,1659000.0,1669000.0,1650000.0,1667000.0,133726
202608181245,1667000.0,1680000.0,1664000.0,1668000.0,131876
202608181300,1669000.0,1688000.0,1663000.0,1684000.0,97199
202608181315,1684000.0,1695000.0,1675000.0,1692000.0,124341
202608181330,1692000.0,1693000.0,1676000.0,1677000.0,84073
202608181345,1677000.0,1706000.0,1675000.0,1695000.0,149963
202608181400,1694500.0,1695000.0,1672000.0,1673000.0,87976
202608181415,1672000.0,1674000.0,1660000.0,1661000.0,96995
202608181430,1660000.0,1661000.0,1648000.0,1655000.0,127818
202608181445,1654000.0,1665000.0,1650000.0,1651000.0,126096
202608181500,1650000.0,1664000.0,1640000.0,1660000.0,173834
202608181515,1660000.0,1662000.0,1654000.0,1662000.0,303177
202608190900,1540000.0,1541000.0,1505000.0,1506000.0,504304
202608190915,1507000.0,1517000.0,1501000.0,1514000.0,279248
202608190930,1515000.0,1531000.0,1510000.0,1529000.0,247293
202608190945,1530000.0,1536000.0,1519000.0,1522000.0,150055
202608191000,1521000.0,1552000.0,1519000.0,1548000.0,276886
202608191015,1548000.0,1559000.0,1537000.0,1546000.0,196684
202608191030,1546000.0,1549000.0,1531000.0,1534000.0,123720
202608191045,1534000.0,1548000.0,1533000.0,1535000.0,104470
202608191100,1534000.0,1537000.0,1525000.0,1527000.0,81965
202608191115,1528000.0,1532000.0,1522000.0,1525000.0,68556
202608191130,1525000.0,1527000.0,1520000.0,1526000.0,78554
202608191145,1526000.0,1530000.0,1520000.0,1524000.0,53174
202608191200,1524000.0,1527000.0,1519000.0,1524000.0,57114
202608191215,1524000.0,1526000.0,1515000.0,1518000.0,70140
202608191230,1518000.0,1520000.0,1511000.0,1512000.0,93138
202608191245,1512000.0,1521000.0,1510000.0,1516000.0,63452
202608191300,1515000.0,1516000.0,1509000.0,1512000.0,72484
202608191315,1511000.0,1521000.0,1509000.0,1517000.0,71178
202608191330,1517000.0,1517000.0,1508000.0,1509000.0,91288
202608191345,1509000.0,1511000.0,1504000.0,1510000.0,108216
202608191400,1511000.0,1521000.0,1510000.0,1511000.0,84183
202608191415,1511000.0,1517000.0,1506000.0,1513000.0,85297
202608191430,1513000.0,1514000.0,1507000.0,1510000.0,91086
202608191445,1510000.0,1511000.0,1500000.0,1501000.0,186515
202608191500,1501000.0,1501000.0,1486000.0,1496000.0,352887
202608191515,1495000.0,1500000.0,1492000.0,1500000.0,496590
202608200900,1613000.0,1619000.0,1576000.0,1618000.0,430125
202608200915,1618000.0,1635000.0,1612000.0,1621000.0,318251
202608200930,1621000.0,1648000.0,1615000.0,1645000.0,273860
202608200945,1645000.0,1672000.0,1639000.0,1669000.0,297148
202608201000,1670000.0,1680000.0,1655000.0,1662000.0,295634
202608201015,1661000.0,1668500.0,1655000.0,1664000.0,156160
202608201030,1664000.0,1690000.0,1662000.0,1689500.0,213587
202608201045,1689000.0,1700000.0,1680000.0,1689000.0,217305
202608201100,1688000.0,1699000.0,1685000.0,1691000.0,154901
202608201115,1692000.0,1692000.0,1670000.0,1680000.0,162151
202608201130,1680000.0,1692000.0,1673000.0,1684000.0,99146
202608201145,1684000.0,1686000.0,1668000.0,1675000.0,123167
202608201200,1675000.0,1689000.0,1675000.0,1686000.0,107788
202608201215,1686000.0,1692000.0,1684000.0,1684000.0,102230
202608201230,1684000.0,1696000.0,1681000.0,1694000.0,128601
202608201245,1693000.0,1700000.0,1692000.0,1694000.0,156863
202608201300,1694000.0,1719000.0,1693000.0,1714000.0,197461
202608201315,1714000.0,1720000.0,1706500.0,1709000.0,155808
202608201330,1708000.0,1710000.0,1701000.0,1707000.0,126989
202608201345,1707000.0,1709000.0,1693000.0,1699000.0,147808
202608201400,1699000.0,1700000.0,1675000.0,1684000.0,174742
202608201415,1683000.0,1694500.0,1682000.0,1685000.0,133625
202608201430,1685000.0,1695000.0,1677000.0,1678000.0,127907
202608201445,1678000.0,1680000.0,1664000.0,1673000.0,201953
202608201500,1673000.0,1707000.0,1673000.0,1694000.0,304154
202608201515,1694000.0,1695000.0,1690000.0,1691000.0,511905
202608210900,1672000.0,1724000.0,1671000.0,1713000.0,419522
202608210915,1713000.0,1713000.0,1699000.0,1705000.0,193573
202608210930,1705000.0,1750000.0,1703000.0,1750000.0,303555
202608210945,1750000.0,1773000.0,1745000.0,1746000.0,418644
202608211000,1746000.0,1762000.0,1737000.0,1760000.0,231326
202608211015,1760000.0,1770000.0,1754000.0,1758000.0,196815
202608211030,1759000.0,1763000.0,1741000.0,1751000.0,176172
202608211045,1751000.0,1761000.0,1734000.0,1748000.0,162260
202608211100,1747500.0,1758000.0,1739000.0,1756000.0,105216
202608211115,1756000.0,1759000.0,1748000.0,1755000.0,105760
202608211130,1755500.0,1764000.0,1753000.0,1756000.0,137606
202608211145,1756000.0,1768000.0,1755000.0,1765000.0,130397
202608211200,1765000.0,1767000.0,1751000.0,1753000.0,122300
202608211215,1753000.0,1760000.0,1750000.0,1759000.0,97066
202608211230,1759000.0,1762000.0,1749000.0,1749000.0,87020
202608211245,1750000.0,1756000.0,1740000.0,1744000.0,112385
202608211300,1743000.0,1752000.0,1743000.0,1746000.0,66996
202608211315,1747000.0,1747000.0,1725000.0,1728000.0,134411
202608211330,1728000.0,1738000.0,1726000.0,1729000.0,87466
202608211345,1729000.0,1741000.0,1729000.0,1734000.0,78093
202608211400,1734000.0,1743000.0,1732000.0,1735000.0,113534
202608211415,1735000.0,1744000.0,1733000.0,1740000.0,92915
202608211430,1740000.0,1742000.0,1732000.0,1735000.0,89694
202608211445,1734000.0,1735000.0,1724000.0,1725000.0,108689
202608211500,1725000.0,1731000.0,1724000.0,1728000.0,80142
202608211515,1728000.0,1731000.0,1725000.0,1730000.0,290641
202608240900,1772000.0,1792000.0,1751000.0,1759000.0,397713
202608240915,1760000.0,1765000.0,1725000.0,1729000.0,290117
202608240930,1729000.0,1752000.0,1725000.0,1742000.0,174333
202608240945,1741000.0,1767000.0,1735000.0,1761000.0,165464
202608241000,1761000.0,1770000.0,1751000.0,1766000.0,141140
202608241015,1766000.0,1770000.0,1750000.0,1751000.0,104160
202608241030,1751000.0,1751000.0,1736000.0,1737000.0,122755
202608241045,1738000.0,1747000.0,1710000.0,1712000.0,175408
202608241100,1712000.0,1715000.0,1696000.0,1712000.0,200816
202608241115,1712000.0,1722000.0,1709000.0,1719000.0,94215
202608241130,1719000.0,1727000.0,1711000.0,1714000.0,113423
202608241145,1713000.0,1717000.0,1695000.0,1708000.0,136517
202608241200,1707000.0,1708000.0,1683000.0,1683000.0,135767
202608241215,1683000.0,1687000.0,1673000.0,1678000.0,144656
202608241230,1678000.0,1690000.0,1673000.0,1682500.0,105991
202608241245,1682000.0,1689000.0,1674000.0,1680000.0,105802
202608241300,1680000.0,1699000.0,1677000.0,1697000.0,88403
202608241315,1697000.0,1705000.0,1686000.0,1694000.0,103503
202608241330,1694000.0,1704000.0,1691000.0,1703000.0,96406
202608241345,1702000.0,1704000.0,1686000.0,1689000.0,95298
202608241400,1690000.0,1707000.0,1686000.0,1698000.0,102628
202608241415,1698000.0,1699000.0,1679000.0,1679000.0,111857
202608241430,1679000.0,1688000.0,1673000.0,1679000.0,108537
202608241445,1679000.0,1684000.0,1673000.0,1679000.0,97832
202608241500,1680000.0,1680000.0,1670000.0,1678000.0,137822
202608241515,1677000.0,1687000.0,1671000.0,1671000.0,333876
202608250900,1595000.0,1608000.0,1566000.0,1567000.0,416610
202608250915,1568000.0,1591000.0,1557000.0,1590000.0,317392
202608250930,1589000.0,1595000.0,1573000.0,1581000.0,236967
202608250945,1580000.0,1597000.0,1577000.0,1581000.0,191344
202608251000,1581000.0,1585000.0,1572000.0,1574000.0,126865
202608251015,1574000.0,1583000.0,1568000.0,1580000.0,133022
202608251030,1580000.0,1602000.0,1577000.0,1598000.0,161910
202608251045,1597000.0,1610000.0,1593000.0,1599000.0,153541
202608251100,1598000.0,1602000.0,1588000.0,1590000.0,82940
202608251115,1590000.0,1602000.0,1588000.0,1595000.0,85411
202608251130,1596000.0,1601000.0,1586000.0,1587500.0,84596
202608251145,1588000.0,1595000.0,1585000.0,1595000.0,66604
202608251200,1594000.0,1600000.0,1588000.0,1597000.0,66568
202608251215,1597000.0,1616000.0,1595000.0,1613000.0,103707
202608251230,1612000.0,1624000.0,1610000.0,1612000.0,126657
202608251245,1612000.0,1613000.0,1605000.0,1612500.0,81767
202608251300,1613000.0,1635000.0,1612000.0,1629000.0,129291
202608251315,1629000.0,1647000.0,1628000.0,1638000.0,135983
202608251330,1638000.0,1655000.0,1635000.0,1651000.0,123869
202608251345,1651000.0,1655000.0,1635000.0,1636000.0,96552
202608251400,1636000.0,1654000.0,1635000.0,1653000.0,99541
202608251415,1653000.0,1677000.0,1653000.0,1675000.0,141474
202608251430,1675000.0,1682000.0,1667000.0,1672000.0,128376
202608251445,1671000.0,1678000.0,1666000.0,1675000.0,92784
202608251500,1675000.0,1681000.0,1668000.0,1679000.0,88264
202608251515,1680000.0,1687000.0,1678000.0,1678000.0,392305
202608260900,1671000.0,1710000.0,1667000.0,1708000.0,255507
202608260915,1709000.0,1717000.0,1687000.0,1696000.0,159204
202608260930,1697000.0,1700000.0,1677000.0,1689500.0,131611
202608260945,1690000.0,1693000.0,1671000.0,1683000.0,120464
202608261000,1683000.0,1697000.0,1680000.0,1697000.0,99361
202608261015,1696000.0,1698000.0,1673000.0,1675000.0,92256
202608261030,1675000.0,1688000.0,1672000.0,1676000.0,76940
202608261045,1676000.0,1685000.0,1671000.0,1680000.0,79063
202608261100,1679500.0,1695000.0,1675000.0,1694000.0,74638
202608261115,1694000.0,1711000.0,1694000.0,1708000.0,127966
202608261130,1707000.0,1730000.0,1704500.0,1729000.0,189073
202608261145,1730000.0,1735000.0,1714000.0,1715000.0,148409
202608261200,1715000.0,1725000.0,1714000.0,1721000.0,75271
202608261215,1721000.0,1733000.0,1710000.0,1714000.0,111477
202608261230,1714000.0,1725000.0,1711000.0,1722000.0,72128
202608261245,1722000.0,1729000.0,1721000.0,1724000.0,77408
202608261300,1724000.0,1727000.0,1719000.0,1726000.0,71098
202608261315,1725000.0,1728000.0,1720000.0,1725000.0,76594
202608261330,1725000.0,1729000.0,1719000.0,1722000.0,78219
202608261345,1722000.0,1724500.0,1715000.0,1718000.0,89170
202608261400,1719000.0,1720000.0,1704000.0,1704000.0,89704
202608261415,1704000.0,1706000.0,1693000.0,1703000.0,128899
202608261430,1703000.0,1710000.0,1702000.0,1710000.0,77164
202608261445,1710000.0,1713000.0,1700000.0,1702000.0,69783
202608261500,1702500.0,1705000.0,1691000.0,1691000.0,76005
202608261515,1691500.0,1692000.0,1688000.0,1688000.0,159497
202608270900,1770000.0,1788000.0,1754000.0,1761000.0,364208
202608270915,1760000.0,1770000.0,1750000.0,1753000.0,173971
202608270930,1753000.0,1756000.0,1731000.0,1731000.0,177164
202608270945,1731000.0,1737000.0,1711000.0,1712000.0,225459
202608271000,1711000.0,1731000.0,1708000.0,1719000.0,172555
202608271015,1718500.0,1741000.0,1715000.0,1732000.0,119332
202608271030,1731000.0,1741000.0,1724000.0,1729000.0,82037
202608271045,1728000.0,1749000.0,1725000.0,1745000.0,109520
202608271100,1745000.0,1750000.0,1739000.0,1749000.0,89368
202608271115,1748000.0,1749000.0,1739000.0,1740000.0,90064
202608271130,1740000.0,1750000.0,1739000.0,1743000.0,83896
202608271145,1744000.0,1758000.0,1742000.0,1749500.0,107016
202608271200,1749000.0,1757000.0,1744000.0,1750000.0,71925
202608271215,1750000.0,1756000.0,1746000.0,1747000.0,72221
202608271230,1747000.0,1752000.0,1740000.0,1744000.0,59605
202608271245,1744000.0,1746000.0,1737000.0,1744000.0,75511
202608271300,1744000.0,1745000.0,1734000.0,1740000.0,68317
202608271315,1740000.0,1747000.0,1733000.0,1737000.0,69648
202608271330,1736000.0,1741000.0,1730000.0,1735000.0,71968
202608271345,1735000.0,1738000.0,1728000.0,1735000.0,71450
202608271400,1734000.0,1737000.0,1724000.0,1724000.0,83511
202608271415,1725000.0,1728000.0,1719000.0,1722000.0,102449
202608271430,1722000.0,1725000.0,1714000.0,1718000.0,126099
202608271445,1718000.0,1723000.0,1712000.0,1715000.0,100013
202608271500,1715000.0,1723000.0,1710000.0,1720000.0,86690
202608271515,1719000.0,1730000.0,1717000.0,1730000.0,187402
202608280900,1696000.0,1716000.0,1687000.0,1695000.0,201320
202608280915,1695000.0,1717000.0,1689000.0,1713000.0,110239
202608280930,1713000.0,1724000.0,1708000.0,1716000.0,101799
202608280945,1716000.0,1725000.0,1709000.0,1711000.0,94436
202608281000,1711000.0,1716000.0,1703000.0,1709000.0,79650
202608281015,1710000.0,1716000.0,1701000.0,1702000.0,71437
202608281030,1701000.0,1717000.0,1701000.0,1702000.0,88827
202608281045,1702000.0,1712000.0,1702000.0,1711000.0,65187
202608281100,1710000.0,1711000.0,1702000.0,1710000.0,65548
202608281115,1709000.0,1712000.0,1702000.0,1704000.0,71224
202608281130,1704000.0,1705000.0,1695000.0,1696000.0,89645
202608281145,1696000.0,1700000.0,1692000.0,1694000.0,71721
202608281200,1694000.0,1698000.0,1692000.0,1692000.0,60253
202608281215,1692000.0,1695000.0,1691000.0,1692000.0,62281
202608281230,1692000.0,1694000.0,1678000.0,1679000.0,150407
202608281245,1679000.0,1699000.0,1676000.0,1690000.0,122443
202608281300,1690000.0,1692000.0,1683000.0,1689000.0,77341
202608281315,1689000.0,1692000.0,1684000.0,1685000.0,74999
202608281330,1686000.0,1687000.0,1681000.0,1685000.0,71204
202608281345,1685000.0,1686000.0,1681000.0,1683000.0,66637
202608281400,1684000.0,1684000.0,1675000.0,1678000.0,95994
202608281415,1678000.0,1681000.0,1671000.0,1677000.0,113114
202608281430,1677000.0,1679000.0,1671000.0,1671000.0,90329
202608281445,1671000.0,1676000.0,1670000.0,1673000.0,105379
202608281500,1673000.0,1676000.0,1664000.0,1665000.0,135840
202608281515,1665000.0,1666000.0,1653000.0,1653000.0,395157
202608310900,1594000.0,1603000.0,1577000.0,1601000.0,255400
202608310915,1601000.0,1630000.0,1599000.0,1629000.0,172221
202608310930,1629000.0,1635000.0,1615000.0,1616000.0,139175
202608310945,1615000.0,1621000.0,1593000.0,1595000.0,110826
202608311000,1595000.0,1600000.0,1590000.0,1592000.0,120840
202608311015,1592000.0,1605000.0,1590000.0,1604000.0,117005
202608311030,1603500.0,1613000.0,1601000.0,1607000.0,88740
202608311045,1607000.0,1618000.0,1601000.0,1615000.0,100929
202608311100,1615000.0,1624000.0,1613000.0,1618000.0,87590
202608311115,1618000.0,1619000.0,1608000.0,1611000.0,71501
202608311130,1611000.0,1616000.0,1606000.0,1613000.0,69983
202608311145,1612000.0,1624000.0,1608000.0,1621000.0,86619
202608311200,1621000.0,1636000.0,1620000.0,1628000.0,93126
202608311215,1628000.0,1631000.0,1620000.0,1621000.0,54976
202608311230,1621000.0,1630000.0,1619000.0,1622000.0,62821
202608311245,1622000.0,1625000.0,1615000.0,1619000.0,63247
202608311300,1620000.0,1621000.0,1613000.0,1618000.0,64914
202608311315,1617000.0,1625000.0,1615000.0,1616000.0,53319
202608311330,1615000.0,1631000.0,1612000.0,1626000.0,81189
202608311345,1626000.0,1647000.0,1621000.0,1645000.0,130194
202608311400,1645000.0,1661000.0,1643000.0,1658000.0,125720
202608311415,1658000.0,1665000.0,1652000.0,1659000.0,113327
202608311430,1659000.0,1659500.0,1646000.0,1654000.0,95533
202608311445,1654000.0,1657000.0,1642000.0,1647000.0,79507
202608311500,1647000.0,1660000.0,1641000.0,1659000.0,90288
202608311515,1659000.0,1674000.0,1658000.0,1674000.0,1090220
202609010900,1663000.0,1673000.0,1652000.0,1657000.0,206290
202609010915,1657000.0,1682000.0,1654000.0,1681000.0,142837
202609010930,1681000.0,1694000.0,1670000.0,1694000.0,171232
202609010945,1693000.0,1710000.0,1681000.0,1709000.0,206085
202609011000,1709000.0,1713000.0,1694000.0,1699000.0,161567
202609011015,1699000.0,1708000.0,1687000.0,1688000.0,107317
202609011030,1687500.0,1703000.0,1685000.0,1700000.0,90475
202609011045,1700000.0,1701000.0,1679000.0,1686000.0,85915
202609011100,1686000.0,1694000.0,1683000.0,1693000.0,62714
202609011115,1693000.0,1698000.0,1679000.0,1681000.0,70933
202609011130,1681000.0,1684000.0,1670000.0,1675000.0,82194
202609011145,1676000.0,1685000.0,1674000.0,1683000.0,50975
202609011200,1683000.0,1688000.0,1681000.0,1687000.0,38520
202609011215,1687500.0,1689000.0,1681000.0,1685000.0,48991
202609011230,1685000.0,1692000.0,1685000.0,1691000.0,52319
202609011245,1691000.0,1698000.0,1690000.0,1697000.0,56394
202609011300,1697000.0,1700000.0,1695000.0,1696000.0,62586
202609011315,1696000.0,1698000.0,1693000.0,1697000.0,52389
202609011330,1697000.0,1700000.0,1693000.0,1698000.0,60107
202609011345,1697000.0,1705000.0,1691000.0,1693000.0,99783
202609011400,1694000.0,1698000.0,1688000.0,1689000.0,56830
202609011415,1689000.0,1696000.0,1684000.0,1695000.0,55992
202609011430,1696000.0,1702000.0,1694000.0,1700000.0,89388
202609011445,1701000.0,1703000.0,1694000.0,1699000.0,79104
202609011500,1698500.0,1699000.0,1691000.0,1694000.0,49873
202609011515,1694000.0,1699000.0,1693000.0,1693000.0,198008
202609020900,1638000.0,1651000.0,1626000.0,1643000.0,216180
202609020915,1643000.0,1657000.0,1640000.0,1647000.0,127755
202609020930,1648000.0,1661000.0,1646000.0,1650000.0,101128
202609020945,1650000.0,1651000.0,1636000.0,1644000.0,100024
202609021000,1644000.0,1651000.0,1640000.0,1647000.0,71784
202609021015,1647000.0,1650000.0,1636000.0,1637000.0,80731
202609021030,1637000.0,1638000.0,1627000.0,1629000.0,101681
202609021045,1629000.0,1635000.0,1626000.0,1633000.0,84009
202609021100,1633000.0,1637000.0,1627000.0,1636000.0,63825
202609021115,1635000.0,1641000.0,1633000.0,1633000.0,61656
202609021130,1633000.0,1640000.0,1631000.0,1639000.0,53191
202609021145,1639000.0,1641000.0,1632000.0,1637000.0,59910
202609021200,1637000.0,1639500.0,1630000.0,1632000.0,58541
202609021215,1632000.0,1633000.0,1627000.0,1628000.0,50397
202609021230,1628000.0,1632000.0,1625000.0,1632000.0,61698
202609021245,1631000.0,1632000.0,1625000.0,1626000.0,54803
202609021300,1626000.0,1626000.0,1618000.0,1622000.0,89594
202609021315,1622000.0,1625000.0,1619000.0,1620000.0,77549
202609021330,1620000.0,1623000.0,1615000.0,1617000.0,95344
202609021345,1617000.0,1621000.0,1612000.0,1620000.0,73373
202609021400,1619000.0,1625000.0,1612000.0,1622000.0,76610
202609021415,1622000.0,1631000.0,1621000.0,1629000.0,76792
202609021430,1629000.0,1632000.0,1620000.0,1629000.0,82093
202609021445,1629000.0,1630000.0,1618000.0,1619000.0,74164
202609021500,1619000.0,1621000.0,1613000.0,1615000.0,81331
202609021515,1614000.0,1617000.0,1612000.0,1613000.0,406416
202609030900,1642000.0,1649000.0,1626000.0,1627000.0,154494
202609030915,1627000.0,1631000.0,1616000.0,1619000.0,124542
202609030930,1619000.0,1629000.0,1618000.0,1624000.0,82313
202609030945,1624000.0,1625000.0,1616000.0,1622500.0,84752
202609031000,1622500.0,1630000.0,1620000.0,1629000.0,83837
202609031015,1629000.0,1636000.0,1625000.0,1633000.0,79033
202609031030,1632000.0,1642000.0,1630000.0,1634000.0,78199
202609031045,1635000.0,1635000.0,1622000.0,1625500.0,70404
202609031100,1625500.0,1632000.0,1623000.0,1630000.0,53838
202609031115,1630000.0,1633000.0,1624000.0,1629000.0,50808
202609031130,1630000.0,1630000.0,1625000.0,1625000.0,52563
202609031145,1625000.0,1633000.0,1625000.0,1631000.0,51946
202609031200,1632000.0,1634000.0,1627000.0,1633000.0,51768
202609031215,1633500.0,1638000.0,1631000.0,1638000.0,48377
202609031230,1637000.0,1638500.0,1630000.0,1630000.0,40201
202609031245,1630000.0,1635000.0,1630000.0,1634000.0,43777
202609031300,1634000.0,1638000.0,1631000.0,1637000.0,45211
202609031315,1637000.0,1638000.0,1629000.0,1629000.0,51727
202609031330,1629000.0,1631000.0,1625000.0,1627000.0,58661
202609031345,1627000.0,1632000.0,1623500.0,1626000.0,52086
202609031400,1625000.0,1626000.0,1591000.0,1596000.0,173772
202609031415,1596000.0,1596500.0,1558000.0,1581000.0,382473
202609031430,1581000.0,1598000.0,1574000.0,1587000.0,204487
202609031445,1587000.0,1610000.0,1585000.0,1604000.0,134065
202609031500,1604000.0,1609000.0,1597000.0,1603000.0,101381
202609031515,1603000.0,1606000.0,1596000.0,1596000.0,222741
202609040900,1626000.0,1642000.0,1625000.0,1634000.0,264314
202609040915,1634000.0,1644000.0,1626000.0,1641000.0,177674
202609040930,1641000.0,1645000.0,1638000.0,1644500.0,107111
202609040945,1644500.0,1650000.0,1638000.0,1638000.0,119079
202609041000,1638000.0,1645000.0,1635000.0,1640000.0,75295
202609041015,1641000.0,1646000.0,1639000.0,1640500.0,63549
202609041030,1640500.0,1641000.0,1628000.0,1630000.0,61147
202609041045,1630000.0,1634000.0,1624500.0,1633000.0,78728
202609041100,1633000.0,1642000.0,1631000.0,1640000.0,62466
202609041115,1640000.0,1642000.0,1636000.0,1639000.0,47506
202609041130,1638500.0,1640000.0,1629000.0,1629000.0,47405
202609041145,1629000.0,1643000.0,1629000.0,1642000.0,78965
202609041200,1642000.0,1645000.0,1640000.0,1644000.0,67363
202609041215,1645000.0,1646000.0,1639000.0,1642000.0,56832
202609041230,1642000.0,1646000.0,1638000.0,1644000.0,55055
202609041245,1644000.0,1648000.0,1642000.0,1647000.0,69173
202609041300,1647000.0,1660000.0,1646000.0,1659000.0,152786
202609041315,1659000.0,1664000.0,1656000.0,1663000.0,81403
202609041330,1663500.0,1666000.0,1659000.0,1665000.0,102344
202609041345,1665000.0,1669000.0,1660000.0,1665000.0,92651
202609041400,1664000.0,1677000.0,1661000.0,1675000.0,127344
202609041415,1676000.0,1683000.0,1671000.0,1671000.0,137198
202609041430,1671000.0,1678000.0,1664000.0,1665500.0,112551
202609041445,1665000.0,1667000.0,1656000.0,1656000.0,114197
202609041500,1656000.0,1657000.0,1645000.0,1645000.0,122671
202609041515,1646000.0,1650000.0,1642000.0,1647000.0,276008
202609070900,1737000.0,1751000.0,1734000.0,1748000.0,352433
202609070915,1748000.0,1749000.0,1739000.0,1742000.0,161642
202609070930,1742000.0,1744000.0,1734000.0,1742000.0,125611
202609070945,1741000.0,1745000.0,1733500.0,1736000.0,108894
202609071000,1736000.0,1743000.0,1733000.0,1741000.0,77546
202609071015,1741000.0,1750000.0,1740000.0,1741000.0,151998
202609071030,1741000.0,1743000.0,1733000.0,1736000.0,106256
202609071045,1737000.0,1740000.0,1735000.0,1739000.0,55957
202609071100,1739000.0,1742000.0,1734000.0,1740000.0,67781
202609071115,1740000.0,1744000.0,1735000.0,1744000.0,68598
202609071130,1743000.0,1744000.0,1739000.0,1743000.0,46588
202609071145,1743000.0,1748000.0,1742000.0,1747000.0,71223
202609071200,1747000.0,1749000.0,1745000.0,1748000.0,66936
202609071215,1748000.0,1750000.0,1747000.0,1750000.0,107394
202609071230,1750000.0,1751000.0,1746000.0,1749000.0,85497
202609071245,1749000.0,1753000.0,1748000.0,1752500.0,96374
202609071300,1753000.0,1763000.0,1752500.0,1762000.0,136122
202609071315,1761000.0,1773000.0,1761000.0,1772000.0,141898
202609071330,1773000.0,1774000.0,1763000.0,1771000.0,113203
202609071345,1770000.0,1778000.0,1769000.0,1773000.0,135687
202609071400,1773000.0,1774000.0,1758000.0,1765000.0,103122
202609071415,1764000.0,1775000.0,1763000.0,1773000.0,113512
202609071430,1773000.0,1776000.0,1765000.0,1767000.0,102277
202609071445,1766000.0,1772000.0,1765000.0,1771000.0,90929
202609071500,1771000.0,1783000.0,1765000.0,1780000.0,257574
202609071515,1780000.0,1783000.0,1774000.0,1783000.0,388280
202609080900,1791000.0,1820000.0,1777000.0,1819000.0,297011
202609080915,1818500.0,1848000.0,1818000.0,1838000.0,328780
202609080930,1838000.0,1842000.0,1826000.0,1837000.0,160183
202609080945,1837000.0,1860000.0,1836000.0,1857000.0,215085
202609081000,1857000.0,1857000.0,1841000.0,1845000.0,143191
202609081015,1845000.0,1848000.0,1835000.0,1841000.0,111564
202609081030,1840000.0,1854000.0,1840000.0,1854000.0,115640
202609081045,1854000.0,1859000.0,1850000.0,1852000.0,133271
202609081100,1853000.0,1855000.0,1846000.0,1854000.0,97506
202609081115,1854000.0,1859000.0,1850000.0,1858000.0,86560
202609081130,1858000.0,1860000.0,1852000.0,1853000.0,102813
202609081145,1854000.0,1859000.0,1852000.0,1859000.0,79392
202609081200,1858000.0,1866000.0,1855000.0,1863500.0,116517
202609081215,1863500.0,1877000.0,1863000.0,1876500.0,130221
202609081230,1876500.0,1879000.0,1872000.0,1878000.0,91476
202609081245,1879000.0,1888000.0,1877000.0,1881000.0,147620
202609081300,1882000.0,1889000.0,1878000.0,1879000.0,106648
202609081315,1879000.0,1889000.0,1877000.0,1883000.0,99637
202609081330,1883000.0,1885000.0,1870000.0,1878000.0,125733
202609081345,1878000.0,1880000.0,1852000.0,1854000.0,167480
202609081400,1854000.0,1863000.0,1837000.0,1844000.0,217262
202609081415,1844000.0,1852000.0,1840000.0,1844000.0,132308
202609081430,1844000.0,1846000.0,1828000.0,1832000.0,162739
202609081445,1832000.0,1837000.0,1808000.0,1809000.0,183233
202609081500,1810000.0,1813000.0,1796000.0,1799000.0,227791
202609081515,1798000.0,1800000.0,1791000.0,1793000.0,256591
202609090900,1809000.0,1826000.0,1801000.0,1822000.0,279464
202609090915,1823000.0,1840000.0,1815000.0,1823000.0,244335
202609090930,1823000.0,1842000.0,1815000.0,1842000.0,166280
202609090945,1842000.0,1857000.0,1837000.0,1854000.0,185753
202609091000,1854000.0,1862000.0,1847000.0,1857000.0,136453
202609091015,1857000.0,1862000.0,1850000.0,1855000.0,117847
202609091030,1855000.0,1864000.0,1849000.0,1851000.0,98477
202609091045,1851000.0,1855000.0,1841000.0,1853000.0,100777
202609091100,1853000.0,1863000.0,1852000.0,1858000.0,93071
202609091115,1858000.0,1870000.0,1856000.0,1866000.0,125593
202609091130,1867000.0,1883000.0,1866000.0,1877000.0,152855
202609091145,1876000.0,1879000.0,1866000.0,1872000.0,94133
202609091200,1872000.0,1873000.0,1856000.0,1865000.0,120847
202609091215,1865000.0,1868000.0,1854000.0,1862000.0,84590
202609091230,1862000.0,1869000.0,1858000.0,1858000.0,67876
202609091245,1859000.0,1861000.0,1841500.0,1847500.0,127881
202609091300,1848000.0,1855000.0,1841000.0,1842000.0,90301
202609091315,1842000.0,1858000.0,1835000.0,1851000.0,111540
202609091330,1851000.0,1865000.0,1850000.0,1865000.0,88790
202609091345,1865000.0,1868000.0,1859000.0,1859000.0,89006
202609091400,1858000.0,1865000.0,1850000.0,1851000.0,115955
202609091415,1851000.0,1854000.0,1840000.0,1848000.0,144364
202609091430,1849000.0,1855000.0,1845000.0,1853000.0,92792
202609091445,1853000.0,1858000.0,1850000.0,1856000.0,88700
202609091500,1856000.0,1861000.0,1852000.0,1859500.0,88908
202609091515,1859000.0,1860000.0,1856000.0,1856000.0,313652
202609100900,1875000.0,1890000.0,1848000.0,1863000.0,305370
202609100915,1863000.0,1864000.0,1848000.0,1851000.0,172118
202609100930,1850000.0,1852000.0,1830000.0,1835000.0,182334
202609100945,1835000.0,1842000.0,1825000.0,1834000.0,136946
202609101000,1834000.0,1836000.0,1814000.0,1820000.0,147394
202609101015,1820000.0,1825000.0,1811000.0,1815000.0,129140
202609101030,1815000.0,1836000.0,1812000.0,1835000.0,107097
202609101045,1835000.0,1841000.0,1826000.0,1838000.0,115480
202609101100,1838000.0,1849000.0,1834000.0,1845000.0,93726
202609101115,1844500.0,1849000.0,1839000.0,1847000.0,71849
202609101130,1847000.0,1857000.0,1846000.0,1852000.0,103315
202609101145,1853000.0,1859000.0,1849000.0,1851000.0,105923
202609101200,1852000.0,1860000.0,1851000.0,1853000.0,73090
202609101215,1852000.0,1854000.0,1845000.0,1850000.0,73671
202609101230,1850000.0,1851000.0,1839000.0,1842000.0,64791
202609101245,1843000.0,1851000.0,1840000.0,1844000.0,74774
202609101300,1845000.0,1849000.0,1840000.0,1847000.0,78651
202609101315,1847000.0,1851000.0,1846000.0,1849000.0,78575
202609101330,1849000.0,1860000.0,1849000.0,1853000.0,88910
202609101345,1853000.0,1864000.0,1852000.0,1863000.0,104346
202609101400,1863000.0,1863000.0,1851000.0,1856000.0,95648
202609101415,1855000.0,1866000.0,1855000.0,1865000.0,95237
202609101430,1865000.0,1872000.0,1865000.0,1868000.0,118257
202609101445,1868000.0,1870000.0,1851000.0,1862000.0,102262
202609101500,1862000.0,1865000.0,1856000.0,1858000.0,102042
202609101515,1858000.0,1861000.0,1853000.0,1853000.0,1448838
202609110900,1781000.0,1785000.0,1771000.0,1777000.0,260425
202609110915,1777000.0,1795000.0,1768000.0,1790000.0,223286
202609110930,1790000.0,1794000.0,1772000.0,1775000.0,131215
202609110945,1775000.0,1790000.0,1772000.0,1786000.0,90603
202609111000,1786000.0,1787000.0,1778000.0,1780000.0,90765
202609111015,1781000.0,1783000.0,1773000.0,1780000.0,104734
202609111030,1779000.0,1787000.0,1777000.0,1777000.0,83564
202609111045,1778000.0,1786000.0,1777000.0,1783000.0,57406
202609111100,1784000.0,1795000.0,1779500.0,1792000.0,93587
202609111115,1792000.0,1793000.0,1784000.0,1787000.0,57520
202609111130,1787000.0,1788000.0,1780000.0,1782000.0,53949
202609111145,1783000.0,1790000.0,1782000.0,1785000.0,51452
202609111200,1785000.0,1788000.0,1777000.0,1778000.0,55074
202609111215,1779000.0,1781000.0,1773000.0,1777000.0,79051
202609111230,1777000.0,1789000.0,1774000.0,1786000.0,55591
202609111245,1786000.0,1787000.0,1777000.0,1782000.0,62721
202609111300,1781000.0,1787000.0,1779000.0,1785000.0,56097
202609111315,1785000.0,1793000.0,1783000.0,1792000.0,61347
202609111330,1793000.0,1812000.0,1788000.0,1808000.0,119118
202609111345,1808000.0,1812000.0,1792000.0,1794000.0,78749
202609111400,1793000.0,1802000.0,1789000.0,1799000.0,74671
202609111415,1798500.0,1801500.0,1793000.0,1796000.0,55621
202609111430,1797000.0,1807000.0,1794000.0,1804000.0,65944
202609111445,1804000.0,1827000.0,1802000.0,1817000.0,121463
202609111500,1817500.0,1825000.0,1810000.0,1810000.0,74306
202609111515,1810000.0,1815000.0,1810000.0,1812000.0,275161
202609140900,1719000.0,1729000.0,1712000.0,1723000.0,340866
202609140915,1723000.0,1724000.0,1712000.0,1717000.0,266211
202609140930,1717000.0,1725000.0,1710000.0,1718000.0,207678
202609140945,1717500.0,1721000.0,1708000.0,1708000.0,161819
202609141000,1708000.0,1711000.0,1700000.0,1701000.0,211060
202609141015,1701000.0,1714000.0,1695000.0,1713000.0,200081
202609141030,1713000.0,1723000.0,1712000.0,1721000.0,128110
202609141045,1721500.0,1734000.0,1714000.0,1733000.0,117057
202609141100,1733000.0,1740000.0,1731000.0,1736000.0,117781
202609141115,1737000.0,1740000.0,1731000.0,1738000.0,69963
202609141130,1738000.0,1739000.0,1725000.0,1732500.0,64133
202609141145,1733000.0,1737000.0,1728000.0,1730000.0,63563
202609141200,1730000.0,1735000.0,1725000.0,1727000.0,51750
202609141215,1727000.0,1729000.0,1721000.0,1725000.0,52818
202609141230,1724000.0,1725000.0,1716000.0,1721000.0,62074
202609141245,1721000.0,1722000.0,1716000.0,1717000.0,61827
202609141300,1716000.0,1721000.0,1710000.0,1711000.0,89026
202609141315,1711000.0,1717000.0,1707000.0,1712000.0,76093
202609141330,1711000.0,1714000.0,1708000.0,1711000.0,57678
202609141345,1711000.0,1713000.0,1705000.0,1712000.0,74231
202609141400,1712000.0,1712000.0,1701000.0,1702000.0,91066
202609141415,1702000.0,1703000.0,1695000.0,1698000.0,178300
202609141430,1698000.0,1708000.0,1696000.0,1701000.0,128983
202609141445,1701000.0,1702000.0,1692000.0,1693000.0,156505
202609141500,1694000.0,1700000.0,1686000.0,1692000.0,207533
202609141515,1692000.0,1697000.0,1691000.0,1697000.0,280008
202609150900,1705000.0,1707000.0,1685000.0,1700000.0,188005
202609150915,1700000.0,1720000.0,1692000.0,1709000.0,191401
202609150930,1709000.0,1725000.0,1705000.0,1720000.0,135888
202609150945,1719000.0,1720000.0,1698000.0,1701000.0,105263
202609151000,1701000.0,1709000.0,1701000.0,1703000.0,81316
202609151015,1704000.0,1720000.0,1703500.0,1712000.0,91448
202609151030,1712000.0,1719000.0,1702000.0,1704000.0,93700
202609151045,1704000.0,1714000.0,1704000.0,1711000.0,68369
202609151100,1711000.0,1715000.0,1706000.0,1710000.0,66418
202609151115,1710000.0,1719000.0,1708000.0,1719000.0,70486
202609151130,1719000.0,1726000.0,1715000.0,1724000.0,87918
202609151145,1724000.0,1729000.0,1721000.0,1721500.0,66928
202609151200,1721500.0,1725000.0,1716000.0,1716500.0,48607
202609151215,1716500.0,1720500.0,1713000.0,1717000.0,49028
202609151230,1716000.0,1719000.0,1713000.0,1717000.0,39104
202609151245,1718000.0,1719000.0,1705000.0,1706000.0,55392
202609151300,1706000.0,1709000.0,1700000.0,1700500.0,63640
202609151315,1700500.0,1702000.0,1690000.0,1695000.0,92906
202609151330,1695000.0,1701000.0,1691000.0,1699000.0,74496
202609151345,1698500.0,1700000.0,1685000.0,1690000.0,88546
202609151400,1689000.0,1690000.0,1673000.0,1674000.0,105488
202609151415,1674500.0,1685500.0,1671000.0,1682000.0,108752
202609151430,1682000.0,1697000.0,1681000.0,1693000.0,101533
202609151445,1693000.0,1694000.0,1682500.0,1684000.0,72974
202609151500,1684000.0,1688000.0,1677000.0,1687000.0,96738
202609151515,1688000.0,1690000.0,1685000.0,1690000.0,167290
202609160900,1698000.0,1710000.0,1687000.0,1707000.0,185228
202609160915,1708000.0,1720000.0,1707000.0,1716500.0,149920
202609160930,1716500.0,1731000.0,1712000.0,1727000.0,162033
202609160945,1726000.0,1729000.0,1718000.0,1721000.0,92479
202609161000,1721000.0,1724000.0,1711000.0,1718000.0,91022
202609161015,1718000.0,1720000.0,1711000.0,1714000.0,71018
202609161030,1714000.0,1717500.0,1708500.0,1717000.0,62763
202609161045,1716000.0,1717000.0,1707000.0,1710500.0,84835
202609161100,1710500.0,1718000.0,1710000.0,1712500.0,60887
202609161115,1712500.0,1719000.0,1712000.0,1718000.0,64008
202609161130,1719000.0,1720000.0,1714000.0,1717000.0,57012
202609161145,1717000.0,1724000.0,1717000.0,1723000.0,53917
202609161200,1724000.0,1730000.0,1723000.0,1729000.0,95152
202609161215,1729500.0,1733000.0,1725000.0,1725000.0,90321
202609161230,1725500.0,1735000.0,1723000.0,1734000.0,72677
202609161245,1734000.0,1740000.0,1731000.0,1738000.0,91412
202609161300,1738500.0,1748000.0,1738000.0,1743000.0,99478
202609161315,1744000.0,1750000.0,1740000.0,1742000.0,99279
202609161330,1743000.0,1745000.0,1738000.0,1740000.0,78436
202609161345,1740000.0,1740000.0,1733000.0,1734000.0,68883
202609161400,1734500.0,1739000.0,1731000.0,1738000.0,86255
202609161415,1739000.0,1740000.0,1733000.0,1737000.0,91287
202609161430,1738000.0,1746000.0,1736000.0,1744000.0,92200
202609161445,1745000.0,1746000.0,1740000.0,1743000.0,84406
202609161500,1743000.0,1760000.0,1740000.0,1754000.0,170147
202609161515,1754000.0,1759000.0,1753000.0,1759000.0,289533
202609170900,1780000.0,1785000.0,1742000.0,1747000.0,279892
202609170915,1747000.0,1755000.0,1736000.0,1738000.0,145411
202609170930,1737000.0,1751000.0,1735000.0,1741000.0,109441
202609170945,1741000.0,1753000.0,1736000.0,1749000.0,100730
202609171000,1750000.0,1763000.0,1747000.0,1761000.0,113137
202609171015,1761000.0,1764000.0,1753000.0,1753000.0,69219
202609171030,1753000.0,1763000.0,1750000.0,1755000.0,71625
202609171045,1754000.0,1755000.0,1744000.0,1749000.0,78237
202609171100,1748000.0,1751000.0,1742000.0,1745000.0,61303
202609171115,1744000.0,1746000.0,1739000.0,1744000.0,65509
202609171130,1743000.0,1748000.0,1740000.0,1745000.0,49857
202609171145,1745000.0,1748000.0,1742000.0,1744000.0,55370
202609171200,1743000.0,1748000.0,1741000.0,1744000.0,42940
202609171215,1744000.0,1751000.0,1741000.0,1750000.0,52542
202609171230,1750000.0,1756000.0,1749000.0,1753000.0,63307
202609171245,1754000.0,1756000.0,1749000.0,1756000.0,66330
202609171300,1755000.0,1762000.0,1755000.0,1760500.0,95620
202609171315,1760500.0,1764000.0,1759000.0,1760000.0,83406
202609171330,1759000.0,1770000.0,1758000.0,1768000.0,103623
202609171345,1767000.0,1775000.0,1766000.0,1767000.0,108445
202609171400,1767000.0,1769000.0,1762000.0,1767000.0,78481
202609171415,1767000.0,1768000.0,1753000.0,1753000.0,82198
202609171430,1754000.0,1754000.0,1742000.0,1745000.0,90612
202609171445,1745000.0,1749000.0,1742000.0,1743000.0,67453
202609171500,1743000.0,1751000.0,1742000.0,1745000.0,64195
202609171515,1745000.0,1747000.0,1744000.0,1745000.0,239749
202609180900,1808000.0,1824000.0,1805000.0,1824000.0,266897
202609180915,1823000.0,1828000.0,1817000.0,1826000.0,144798
202609180930,1826000.0,1828000.0,1815000.0,1820000.0,119598
202609180945,1820000.0,1827000.0,1818000.0,1825000.0,100531
202609181000,1826000.0,1828000.0,1818000.0,1819000.0,99512
202609181015,1820000.0,1824000.0,1813000.0,1820000.0,93824
202609181030,1820000.0,1827000.0,1817000.0,1825000.0,87222
202609181045,1826000.0,1827000.0,1821000.0,1823000.0,67254
202609181100,1824000.0,1825000.0,1819000.0,1822000.0,60315
202609181115,1823000.0,1825000.0,1818000.0,1822000.0,62330
202609181130,1821000.0,1825000.0,1820000.0,1824000.0,70487
202609181145,1824000.0,1827000.0,1822000.0,1825000.0,83992
202609181200,1825000.0,1838000.0,1825000.0,1836000.0,187847
202609181215,1836000.0,1841000.0,1832000.0,1837000.0,122514
202609181230,1838000.0,1840000.0,1832000.0,1838000.0,88914
202609181245,1838000.0,1847000.0,1837000.0,1847000.0,117730
202609181300,1847000.0,1851000.0,1846000.0,1849000.0,123969
202609181315,1849000.0,1850000.0,1843000.0,1848000.0,92710
202609181330,1849000.0,1850000.0,1845000.0,1848000.0,74403
202609181345,1848000.0,1852000.0,1846000.0,1847000.0,93534
202609181400,1847000.0,1850000.0,1843000.0,1847000.0,92873
202609181415,1848000.0,1852000.0,1844000.0,1850000.0,108881
202609181430,1850000.0,1851000.0,1847000.0,1848000.0,95831
202609181445,1848000.0,1849000.0,1833000.0,1836000.0,103787
202609181500,1836000.0,1849000.0,1833000.0,1844000.0,129581
202609181515,1843000.0,1857000.0,1839000.0,1857000.0,1577374
202609210900,1869000.0,1888000.0,1856000.0,1859000.0,298245
202609210915,1859000.0,1870000.0,1847000.0,1866000.0,175926
202609210930,1865000.0,1866000.0,1855000.0,1864000.0,88423
202609210945,1865000.0,1871000.0,1861000.0,1870000.0,108226
202609211000,1870000.0,1881000.0,1869000.0,1877000.0,141695
202609211015,1877000.0,1882000.0,1875000.0,1876000.0,100488
202609211030,1876000.0,1881000.0,1871500.0,1879000.0,95536
202609211045,1879000.0,1879000.0,1865000.0,1868000.0,81322
202609211100,1868000.0,1873000.0,1867000.0,1872000.0,66509
202609211115,1871000.0,1873000.0,1867000.0,1868000.0,60466
202609211130,1868000.0,1871000.0,1865000.0,1868000.0,54438
202609211145,1868000.0,1872000.0,1867000.0,1871000.0,52682
202609211200,1871000.0,1877000.0,1870000.0,1874000.0,64567
202609211215,1874000.0,1878000.0,1871000.0,1874000.0,60061
202609211230,1874000.0,1875000.0,1869000.0,1874000.0,59251
202609211245,1873000.0,1878000.0,1873000.0,1877000.0,62995
202609211300,1876000.0,1879000.0,1872000.0,1876000.0,70822
202609211315,1876000.0,1879000.0,1875000.0,1877000.0,80465
202609211330,1877000.0,1879000.0,1873000.0,1878000.0,67224
202609211345,1878000.0,1879000.0,1872000.0,1874000.0,82333
202609211400,1872000.0,1874000.0,1867000.0,1867000.0,75926
202609211415,1868000.0,1870000.0,1863000.0,1865000.0,81632
202609211430,1865000.0,1871000.0,1865000.0,1869000.0,80416
202609211445,1870000.0,1872000.0,1864000.0,1868000.0,61736
202609211500,1868000.0,1870000.0,1859000.0,1862000.0,98893
202609211515,1862000.0,1868000.0,1862000.0,1868000.0,215847
202609220900,1919000.0,1935000.0,1912500.0,1927000.0,313801
202609220915,1927000.0,1931000.0,1920000.0,1928000.0,133183
202609220930,1928000.0,1935000.0,1928000.0,1928000.0,115853
202609220945,1927000.0,1929000.0,1918000.0,1923000.0,91469
202609221000,1923500.0,1925000.0,1915000.0,1915500.0,82343
202609221015,1915500.0,1922000.0,1915000.0,1916000.0,88244
202609221030,1917000.0,1919000.0,1910000.0,1915000.0,83763
202609221045,1914000.0,1919000.0,1907000.0,1919000.0,80115
202609221100,1918000.0,1921000.0,1910000.0,1913000.0,69213
202609221115,1913000.0,1920000.0,1912000.0,1914000.0,59947
202609221130,1914000.0,1920000.0,1912000.0,1920000.0,52671
202609221145,1920000.0,1922000.0,1916000.0,1920500.0,59277
202609221200,1920500.0,1920500.0,1915000.0,1920000.0,52852
202609221215,1919000.0,1920000.0,1914000.0,1914000.0,48490
202609221230,1914000.0,1917000.0,1910000.0,1914000.0,42830
202609221245,1913000.0,1914000.0,1898000.0,1900500.0,94090
202609221300,1901000.0,1904000.0,1886000.0,1890000.0,115507
202609221315,1889000.0,1893000.0,1882000.0,1883000.0,102137
202609221330,1883000.0,1885000.0,1871000.0,1873000.0,122349
202609221345,1872000.0,1874000.0,1860000.0,1864000.0,166917
202609221400,1864000.0,1874000.0,1857000.0,1857000.0,137659
202609221415,1857500.0,1859000.0,1835000.0,1836000.0,181555
202609221430,1836000.0,1847000.0,1832000.0,1846000.0,144909
202609221445,1845000.0,1860000.0,1843000.0,1854500.0,127611
202609221500,1854500.0,1858000.0,1840000.0,1842000.0,97888
202609221515,1841000.0,1844000.0,1839000.0,1840000.0,217051
202609230900,1892000.0,1899000.0,1873000.0,1879000.0,289146
202609230915,1879000.0,1879000.0,1863000.0,1876000.0,202933
202609230930,1875000.0,1878000.0,1862000.0,1869000.0,117487
202609230945,1869000.0,1869000.0,1851000.0,1857000.0,152439
202609231000,1858000.0,1870000.0,1854000.0,1870000.0,105006
202609231015,1869000.0,1873000.0,1865000.0,1865000.0,89477
202609231030,1865500.0,1866000.0,1853000.0,1856000.0,87148
202609231045,1856000.0,1859000.0,1843000.0,1847000.0,151994
202609231100,1847000.0,1851000.0,1837000.0,1843000.0,132922
202609231115,1843000.0,1845000.0,1838000.0,1842000.0,85952
202609231130,1841000.0,1845000.0,1836000.0,1844000.0,77347
202609231145,1843000.0,1850000.0,1841000.0,1846000.0,69194
202609231200,1847000.0,1850000.0,1843000.0,1845000.0,62194
202609231215,1845000.0,1852000.0,1842000.0,1848000.0,64974
202609231230,1849000.0,1856000.0,1847000.0,1852000.0,60457
202609231245,1853000.0,1853000.0,1842000.0,1842000.0,49408
202609231300,1842000.0,1854000.0,1842000.0,1852000.0,63435
202609231315,1852000.0,1854000.0,1845000.0,1849000.0,63912
202609231330,1849000.0,1855000.0,1848000.0,1850000.0,69345
202609231345,1850000.0,1854000.0,1846000.0,1849000.0,65712
202609231400,1848000.0,1850000.0,1844000.0,1847000.0,74664
202609231415,1847000.0,1849000.0,1841000.0,1844000.0,77492
202609231430,1845000.0,1851000.0,1843000.0,1849500.0,85836
202609231445,1850000.0,1861000.0,1849000.0,1852000.0,111760
202609231500,1852000.0,1859000.0,1850000.0,1858000.0,99105
202609231515,1859000.0,1862000.0,1856000.0,1862000.0,207519
202609280900,1832000.0,1840000.0,1810000.0,1816000.0,295358
202609280915,1815000.0,1826000.0,1813000.0,1818000.0,172242
202609280930,1819000.0,1820000.0,1807000.0,1811500.0,153356
202609280945,1812000.0,1813000.0,1797000.0,1800000.0,147066
202609281000,1799500.0,1801000.0,1783000.0,1784000.0,144526
202609281015,1784000.0,1789000.0,1770000.0,1789000.0,186860
202609281030,1789000.0,1792500.0,1777000.0,1777000.0,132280
202609281045,1778000.0,1785000.0,1775000.0,1776000.0,122982
202609281100,1777000.0,1781000.0,1775000.0,1778000.0,82620
202609281115,1778000.0,1779000.0,1770000.0,1773000.0,117037
202609281130,1772000.0,1778000.0,1771000.0,1772000.0,65148
202609281145,1773000.0,1780000.0,1769000.0,1779000.0,88236
202609281200,1779000.0,1783000.0,1776000.0,1781000.0,58492
202609281215,1780500.0,1783000.0,1775000.0,1776000.0,60613
202609281230,1776000.0,1779000.0,1772000.0,1779000.0,46259
202609281245,1778000.0,1784500.0,1773000.0,1774000.0,53891
202609281300,1774000.0,1783000.0,1773000.0,1781000.0,60875
202609281315,1781000.0,1792000.0,1780000.0,1787500.0,64954
202609281330,1787000.0,1791500.0,1782000.0,1784000.0,55972
202609281345,1784000.0,1789000.0,1780000.0,1788000.0,49019
202609281400,1788000.0,1791000.0,1781000.0,1784000.0,74750
202609281415,1783500.0,1785000.0,1775000.0,1776000.0,79932
202609281430,1776000.0,1782500.0,1775000.0,1779000.0,82135
202609281445,1779000.0,1785000.0,1776000.0,1782000.0,87718
202609281500,1782000.0,1786000.0,1776000.0,1781000.0,97353
202609281515,1780000.0,1782000.0,1768000.0,1768000.0,342272
202609290900,1761000.0,1782000.0,1757000.0,1773000.0,323349
202609290915,1773000.0,1781000.0,1764000.0,1775000.0,144476
202609290930,1776000.0,1788000.0,1774000.0,1775000.0,139133
202609290945,1775000.0,1776000.0,1760000.0,1770000.0,114291
202609291000,1769000.0,1776000.0,1761000.0,1762000.0,91612
202609291015,1761000.0,1772000.0,1759000.0,1771000.0,103987
202609291030,1771000.0,1781000.0,1768000.0,1778000.0,109129
202609291045,1778000.0,1781000.0,1771000.0,1773000.0,87408
202609291100,1774000.0,1776000.0,1768000.0,1774000.0,69678
202609291115,1773000.0,1778000.0,1771000.0,1773000.0,64732
202609291130,1773000.0,1773000.0,1767000.0,1770000.0,47925
202609291145,1769000.0,1773000.0,1765000.0,1772000.0,58700
202609291200,1772500.0,1775000.0,1763000.0,1764000.0,55425
202609291215,1765000.0,1769000.0,1762000.0,1763000.0,52356
202609291230,1763000.0,1770000.0,1762000.0,1766000.0,57437
202609291245,1766000.0,1766000.0,1757000.0,1757500.0,76546
202609291300,1757500.0,1758000.0,1750000.0,1751000.0,89363
202609291315,1750000.0,1757000.0,1750000.0,1752500.0,60717
202609291330,1752500.0,1757000.0,1752000.0,1753000.0,65496
202609291345,1752000.0,1756000.0,1750000.0,1752000.0,86749
202609291400,1751000.0,1753500.0,1747000.0,1749000.0,97082
202609291415,1749000.0,1752000.0,1742000.0,1743000.0,79929
202609291430,1743000.0,1745000.0,1736000.0,1741000.0,107665
202609291445,1741000.0,1759000.0,1741000.0,1758000.0,83961
202609291500,1757000.0,1773000.0,1757000.0,1769000.0,111830
202609291515,1769000.0,1771000.0,1765000.0,1765000.0,315344
202609300900,1796000.0,1811000.0,1791000.0,1807000.0,203336
202609300915,1807000.0,1817000.0,1794000.0,1813000.0,149202
202609300930,1814000.0,1824000.0,1811000.0,1811000.0,125825
202609300945,1811000.0,1812000.0,1796000.0,1811000.0,103074
202609301000,1811000.0,1818000.0,1809000.0,1816000.0,85858
202609301015,1816000.0,1818000.0,1807000.0,1809000.0,86993
202609301030,1810000.0,1813000.0,1799000.0,1802000.0,96625
202609301045,1802000.0,1806000.0,1795000.0,1799000.0,75160
202609301100,1799000.0,1801500.0,1785000.0,1785000.0,114712
202609301115,1785000.0,1794000.0,1783000.0,1784000.0,95832
202609301130,1783000.0,1786000.0,1773000.0,1778000.0,86863
202609301145,1778000.0,1789000.0,1777000.0,1787000.0,79184
202609301200,1787000.0,1792000.0,1783000.0,1788000.0,59093
202609301215,1787000.0,1788000.0,1779000.0,1781000.0,59221
202609301230,1781500.0,1785000.0,1779000.0,1780000.0,57716
202609301245,1780000.0,1788000.0,1777000.0,1782000.0,63818
202609301300,1782000.0,1794000.0,1780000.0,1792000.0,65856
202609301315,1793000.0,1793000.0,1784000.0,1790000.0,65264
202609301330,1790000.0,1801000.0,1789000.0,1798000.0,97893
202609301345,1798000.0,1799000.0,1786500.0,1793000.0,88710
202609301400,1793500.0,1794000.0,1773000.0,1773000.0,111259
202609301415,1774000.0,1783000.0,1773000.0,1780000.0,85653
202609301430,1780000.0,1800000.0,1780000.0,1789000.0,110962
202609301445,1790000.0,1796000.0,1785000.0,1789000.0,88556
202609301500,1788000.0,1791000.0,1780000.0,1782000.0,76477
202609301515,1782000.0,1786000.0,1776000.0,1776000.0,462034
202610010900,1760000.0,1781000.0,1749000.0,1769000.0,162937
202610010915,1769000.0,1773000.0,1755000.0,1756000.0,70691
202610010930,1756000.0,1782000.0,1750000.0,1779000.0,102233
202610010945,1779000.0,1787000.0,1774000.0,1786000.0,88513
202610011000,1786000.0,1790000.0,1780000.0,1781000.0,80427
202610011015,1781000.0,1782000.0,1774000.0,1775000.0,53135
202610011030,1775000.0,1786000.0,1770000.0,1771000.0,59463
202610011045,1771000.0,1778000.0,1769000.0,1777000.0,46973
202610011100,1778000.0,1781000.0,1776000.0,1780000.0,46034
202610011115,1780000.0,1798000.0,1778000.0,1797000.0,78244
202610011130,1797000.0,1801000.0,1792000.0,1795000.0,67569
202610011145,1795000.0,1802000.0,1793000.0,1801000.0,57298
202610011200,1801000.0,1811000.0,1800000.0,1811000.0,75996
202610011215,1810000.0,1811000.0,1801000.0,1802000.0,49627
202610011230,1802000.0,1807000.0,1797000.0,1805000.0,47466
202610011245,1805000.0,1810000.0,1804000.0,1808000.0,50606
202610011300,1807000.0,1815000.0,1807000.0,1811000.0,79447
202610011315,1810000.0,1814000.0,1807000.0,1813000.0,55844
202610011330,1814000.0,1815000.0,1807000.0,1809000.0,54368
202610011345,1809000.0,1815000.0,1807000.0,1814000.0,63355
202610011400,1814000.0,1829000.0,1813000.0,1824000.0,124935
202610011415,1824000.0,1832000.0,1824000.0,1828000.0,91524
202610011430,1828000.0,1831000.0,1825000.0,1826000.0,72320
202610011445,1826000.0,1830000.0,1821000.0,1830000.0,74782
202610011500,1830000.0,1832000.0,1827000.0,1831000.0,74892
202610011515,1830000.0,1833000.0,1828000.0,1833000.0,192374
202610020900,1826500.0,1839000.0,1825000.0,1838000.0,119656
202610020915,1838000.0,1855000.0,1832000.0,1839000.0,140663
202610020930,1840000.0,1846000.0,1834000.0,1837000.0,87934
202610020945,1837000.0,1850000.0,1837000.0,1846000.0,59190
202610021000,1846000.0,1847000.0,1835000.0,1842000.0,81205
202610021015,1843000.0,1846000.0,1835000.0,1836000.0,64365
202610021030,1836000.0,1837000.0,1827000.0,1832000.0,92623
202610021045,1832000.0,1843000.0,1831000.0,1842000.0,60156
202610021100,1842000.0,1845000.0,1836000.0,1839000.0,59947
202610021115,1839000.0,1844000.0,1833000.0,1834000.0,55054
202610021130,1834000.0,1840000.0,1832000.0,1839500.0,53485
202610021145,1839000.0,1845000.0,1838000.0,1844000.0,50451
202610021200,1844000.0,1849000.0,1843000.0,1848500.0,59432
202610021215,1848000.0,1849000.0,1845000.0,1846000.0,54901
202610021230,1846000.0,1848000.0,1842000.0,1845500.0,52685
202610021245,1845500.0,1847000.0,1839000.0,1843000.0,57540
202610021300,1844000.0,1849000.0,1841000.0,1843000.0,68896
202610021315,1843500.0,1847000.0,1840000.0,1846500.0,51631
202610021330,1847000.0,1848000.0,1843000.0,1844000.0,52659
202610021345,1844000.0,1848000.0,1843000.0,1848000.0,50335
202610021400,1848000.0,1849000.0,1838000.0,1840000.0,56861
202610021415,1840000.0,1846000.0,1837000.0,1838000.0,50755
202610021430,1838000.0,1840000.0,1833000.0,1834000.0,62908
202610021445,1835000.0,1838000.0,1833000.0,1834000.0,63702
202610021500,1834000.0,1848000.0,1832000.0,1844000.0,102071
202610021515,1843000.0,1847000.0,1841000.0,1841000.0,151818
202610060900,1830000.0,1830000.0,1813000.0,1820000.0,209248
202610060915,1820000.0,1822000.0,1810000.0,1818000.0,129692
202610060930,1819000.0,1822000.0,1811000.0,1812000.0,86750
202610060945,1812000.0,1813000.0,1801000.0,1805000.0,129450
202610061000,1805000.0,1810000.0,1800000.0,1801000.0,93977
202610061015,1801000.0,1802000.0,1791000.0,1800000.0,134241
202610061030,1801000.0,1806000.0,1795000.0,1798000.0,69714
202610061045,1798000.0,1805000.0,1794000.0,1799000.0,61360
202610061100,1799000.0,1800000.0,1792000.0,1793000.0,60191
202610061115,1794000.0,1794000.0,1789000.0,1790000.0,85260
202610061130,1790000.0,1795000.0,1786000.0,1790000.0,66669
202610061145,1789500.0,1791000.0,1787000.0,1789000.0,44532
202610061200,1789000.0,1791000.0,1786000.0,1790000.0,48514
202610061215,1790000.0,1790000.0,1785000.0,1786000.0,45964
202610061230,1786000.0,1790000.0,1785000.0,1788000.0,49189
202610061245,1787000.0,1790000.0,1782000.0,1782000.0,66737
202610061300,1782500.0,1785000.0,1780000.0,1781000.0,75968
202610061315,1780000.0,1785000.0,1780000.0,1785000.0,61983
202610061330,1784000.0,1785000.0,1775000.0,1776000.0,87710
202610061345,1776000.0,1784000.0,1771000.0,1783000.0,112409
202610061400,1783000.0,1789000.0,1779000.0,1779000.0,92444
202610061415,1779000.0,1785000.0,1777000.0,1779000.0,90300
202610061430,1779000.0,1781000.0,1774000.0,1778000.0,88492
202610061445,1778000.0,1785000.0,1777000.0,1784000.0,82769
202610061500,1785000.0,1788000.0,1774000.0,1778000.0,112716
202610061515,1777000.0,1780000.0,1773000.0,1773000.0,346102
202610070900,1731000.0,1757000.0,1729000.0,1756000.0,242850
202610070915,1756000.0,1772000.0,1754000.0,1771000.0,159034
202610070930,1771000.0,1779000.0,1766000.0,1776000.0,167085
202610070945,1777000.0,1779000.0,1760000.0,1761000.0,90917
202610071000,1761000.0,1765000.0,1753000.0,1755000.0,84057
202610071015,1754000.0,1755000.0,1750500.0,1754000.0,68497
202610071030,1754000.0,1758000.0,1743000.0,1747000.0,83943
202610071045,1747000.0,1748000.0,1738000.0,1740000.0,69064
202610071100,1740000.0,1740000.0,1732000.0,1737000.0,83526
202610071115,1736000.0,1742000.0,1733000.0,1740000.0,58927
202610071130,1739000.0,1748000.0,1739000.0,1743000.0,48855
202610071145,1743000.0,1749000.0,1740000.0,1741000.0,47237
202610071200,1741000.0,1743000.0,1736000.0,1738000.0,45173
202610071215,1738000.0,1747000.0,1738000.0,1746000.0,40728
202610071230,1746000.0,1748000.0,1740000.0,1744000.0,35397
202610071245,1743000.0,1745000.0,1741000.0,1742000.0,36284
202610071300,1742000.0,1749000.0,1740000.0,1742000.0,47684
202610071315,1741000.0,1745000.0,1739000.0,1740000.0,55722
202610071330,1740000.0,1749000.0,1739000.0,1743000.0,61053
202610071345,1743000.0,1743000.0,1731000.0,1732500.0,102963
202610071400,1732500.0,1738000.0,1730000.0,1730000.0,79958
202610071415,1731000.0,1736000.0,1727000.0,1732000.0,109415
202610071430,1732000.0,1734000.0,1727000.0,1730000.0,79765
202610071445,1730000.0,1733000.0,1727000.0,1728000.0,80278
202610071500,1728000.0,1730000.0,1724000.0,1726000.0,108718
202610071515,1725000.0,1730000.0,1723000.0,1723000.0,270332
202610080900,1736000.0,1746000.0,1726000.0,1734000.0,229020
202610080915,1734000.0,1750000.0,1731000.0,1746000.0,162813
202610080930,1746000.0,1746000.0,1724000.0,1729000.0,100705
202610080945,1730000.0,1739000.0,1725000.0,1729000.0,85998
202610081000,1729000.0,1743000.0,1727000.0,1741000.0,81144
202610081015,1742000.0,1750000.0,1736000.0,1741000.0,101030
202610081030,1741500.0,1753000.0,1740000.0,1747000.0,90157
202610081045,1748000.0,1759000.0,1747000.0,1753000.0,87657
202610081100,1753000.0,1759000.0,1741000.0,1746000.0,86448
202610081115,1745000.0,1752000.0,1742000.0,1747000.0,59444
202610081130,1747000.0,1751000.0,1742000.0,1746000.0,47084
202610081145,1746000.0,1747500.0,1735000.0,1738000.0,53330
202610081200,1738000.0,1740000.0,1725000.0,1725000.0,69461
202610081215,1726000.0,1729000.0,1723000.0,1726000.0,75535
202610081230,1725000.0,1726000.0,1704000.0,1706000.0,138322
202610081245,1706000.0,1710000.0,1692000.0,1700000.0,112924
202610081300,1700000.0,1706000.0,1696000.0,1703000.0,79791
202610081315,1703000.0,1712000.0,1701000.0,1710000.0,62824
202610081330,1710000.0,1716000.0,1709000.0,1715000.0,51205
202610081345,1715000.0,1721000.0,1711000.0,1716000.0,54128
202610081400,1716000.0,1728000.0,1715000.0,1726000.0,51873
202610081415,1725000.0,1727000.0,1716000.0,1720000.0,55722
202610081430,1721000.0,1723000.0,1707000.0,1708000.0,77793
202610081445,1709000.0,1712000.0,1697000.0,1700000.0,90479
202610081500,1699000.0,1704000.0,1697000.0,1701000.0,61645
202610081515,1701000.0,1701000.0,1681000.0,1681000.0,765949
