202601020945,9380.0,9380.0,9350.0,9350.0,119
202601021000,9330.0,9440.0,9300.0,9350.0,5092
202601021015,9400.0,9450.0,9350.0,9380.0,3043
202601021030,9420.0,9430.0,9290.0,9380.0,6382
202601021045,9390.0,9430.0,9290.0,9330.0,7446
202601021100,9370.0,9400.0,9330.0,9370.0,1990
202601021115,9400.0,9400.0,9340.0,9380.0,2053
202601021130,9390.0,9400.0,9340.0,9350.0,2805
202601021145,9350.0,9400.0,9340.0,9400.0,3799
202601021200,9410.0,9440.0,9380.0,9420.0,1873
202601021215,9430.0,9430.0,9380.0,9400.0,3366
202601021230,9400.0,9420.0,9380.0,9400.0,1093
202601021245,9420.0,9420.0,9380.0,9390.0,1194
202601021300,9400.0,9400.0,9360.0,9390.0,3456
202601021315,9380.0,9400.0,9370.0,9380.0,1614
202601021330,9380.0,9400.0,9360.0,9400.0,2313
202601021345,9390.0,9400.0,9380.0,9400.0,2088
202601021400,9400.0,9410.0,9380.0,9390.0,1881
202601021415,9390.0,9400.0,9350.0,9390.0,1788
202601021430,9380.0,9420.0,9370.0,9400.0,1415
202601021445,9400.0,9410.0,9370.0,9380.0,1650
202601021500,9410.0,9410.0,9380.0,9380.0,1436
202601021515,9380.0,9420.0,9370.0,9370.0,1574
202601050900,9400.0,9420.0,9310.0,9340.0,1364
202601050915,9340.0,9340.0,9220.0,9240.0,2205
202601050930,9240.0,9240.0,9180.0,9190.0,3950
202601050945,9200.0,9390.0,9200.0,9340.0,13682
202601051000,9330.0,9370.0,9205.0,9350.0,5001
202601051015,9340.0,9370.0,9300.0,9340.0,3592
202601051030,9330.0,9370.0,9300.0,9370.0,1674
202601051045,9360.0,9370.0,9340.0,9340.0,536
202601051100,9360.0,9390.0,9350.0,9370.0,745
202601051115,9365.0,9390.0,9360.0,9360.0,2169
202601051130,9370.0,9390.0,9360.0,9390.0,984
202601051145,9380.0,9420.0,9370.0,9410.0,3489
202601051200,9400.0,9420.0,9400.0,9400.0,541
202601051215,9400.0,9420.0,9400.0,9410.0,515
202601051230,9410.0,9420.0,9400.0,9410.0,622
202601051245,9400.0,9420.0,9380.0,9380.0,1118
202601051300,9420.0,9590.0,9370.0,9540.0,12329
202601051315,9480.0,9540.0,9470.0,9500.0,666
202601051330,9500.0,9510.0,9480.0,9490.0,626
202601051345,9480.0,9500.0,9470.0,9490.0,577
202601051400,9490.0,9500.0,9440.0,9470.0,889
202601051415,9450.0,9450.0,9380.0,9390.0,9494
202601051430,9410.0,9430.0,9380.0,9410.0,4094
202601051445,9410.0,9430.0,9380.0,9420.0,535
202601051500,9410.0,9420.0,9380.0,9410.0,161
202601051515,9400.0,9420.0,9380.0,9380.0,2103
202601060900,9400.0,9450.0,9330.0,9360.0,2863
202601060915,9330.0,9330.0,9290.0,9330.0,1121
202601060930,9350.0,9360.0,9330.0,9360.0,435
202601060945,9350.0,9410.0,9300.0,9400.0,3211
202601061000,9390.0,9400.0,9350.0,9380.0,627
202601061015,9380.0,9400.0,9340.0,9380.0,792
202601061030,9350.0,9390.0,9350.0,9380.0,1312
202601061045,9370.0,9410.0,9360.0,9390.0,2492
202601061100,9410.0,9420.0,9360.0,9420.0,2101
202601061115,9390.0,9410.0,9370.0,9410.0,1386
202601061130,9400.0,9420.0,9370.0,9410.0,1848
202601061145,9420.0,9440.0,9390.0,9440.0,791
202601061200,9440.0,9450.0,9400.0,9400.0,1131
202601061215,9400.0,9460.0,9370.0,9420.0,1042
202601061230,9420.0,9450.0,9385.0,9410.0,1512
202601061245,9420.0,9430.0,9410.0,9410.0,720
202601061300,9410.0,9430.0,9370.0,9380.0,928
202601061315,9400.0,9430.0,9400.0,9420.0,866
202601061330,9410.0,9440.0,9380.0,9410.0,1052
202601061345,9410.0,9430.0,9380.0,9420.0,1447
202601061400,9420.0,9420.0,9370.0,9420.0,2053
202601061415,9420.0,9450.0,9370.0,9420.0,8537
202601061430,9440.0,9440.0,9400.0,9430.0,1525
202601061445,9410.0,9430.0,9370.0,9380.0,3315
202601061500,9390.0,9390.0,9330.0,9390.0,1370
202601061515,9390.0,9390.0,9330.0,9330.0,2358
202601070900,9330.0,9430.0,9240.0,9240.0,733
202601070915,9240.0,9240.0,9110.0,9145.0,3351
202601070930,9150.0,9160.0,9070.0,9110.0,7461
202601070945,9110.0,9130.0,9080.0,9080.0,1262
202601071000,9080.0,9330.0,9030.0,9310.0,21543
202601071015,9270.0,9350.0,9140.0,9260.0,12181
202601071030,9260.0,9360.0,9210.0,9300.0,2325
202601071045,9300.0,9340.0,9250.0,9330.0,4066
202601071100,9250.0,9340.0,9220.0,9330.0,2523
202601071115,9300.0,9330.0,9300.0,9310.0,897
202601071130,9310.0,9330.0,9270.0,9320.0,3149
202601071145,9330.0,9330.0,9270.0,9290.0,1273
202601071200,9330.0,9330.0,9260.0,9330.0,2948
202601071215,9270.0,9330.0,9270.0,9280.0,1133
202601071230,9280.0,9340.0,9280.0,9330.0,2537
202601071245,9330.0,9340.0,9260.0,9330.0,4012
202601071300,9340.0,9340.0,9260.0,9270.0,3017
202601071315,9270.0,9340.0,9260.0,9280.0,1950
202601071330,9310.0,9310.0,9260.0,9280.0,1179
202601071345,9300.0,9310.0,9220.0,9260.0,1301
202601071400,9250.0,9280.0,9210.0,9270.0,1254
202601071415,9270.0,9320.0,9230.0,9320.0,1655
202601071430,9320.0,9320.0,9210.0,9280.0,1760
202601071445,9280.0,9280.0,9190.0,9260.0,2383
202601071500,9260.0,9290.0,9170.0,9190.0,1944
202601071515,9190.0,9330.0,9190.0,9280.0,5361
202601080900,9270.0,9300.0,9210.0,9220.0,749
202601080915,9220.0,9220.0,9130.0,9150.0,1518
202601080930,9150.0,9290.0,9150.0,9290.0,6859
202601080945,9290.0,9290.0,9150.0,9270.0,3266
202601081000,9260.0,9270.0,9200.0,9210.0,6242
202601081015,9210.0,9240.0,9160.0,9200.0,3298
202601081030,9200.0,9270.0,9150.0,9270.0,10796
202601081045,9220.0,9290.0,9220.0,9250.0,2043
202601081100,9260.0,9290.0,9250.0,9250.0,1663
202601081115,9280.0,9280.0,9250.0,9270.0,517
202601081130,9270.0,9270.0,9220.0,9270.0,2530
202601081145,9270.0,9270.0,9240.0,9260.0,456
202601081200,9240.0,9260.0,9220.0,9260.0,2470
202601081215,9270.0,9270.0,9240.0,9240.0,365
202601081230,9250.0,9260.0,9180.0,9240.0,2713
202601081245,9240.0,9260.0,9220.0,9250.0,1343
202601081300,9230.0,9270.0,9190.0,9190.0,5844
202601081315,9190.0,9275.0,9190.0,9220.0,2528
202601081330,9245.0,9260.0,9200.0,9220.0,252
202601081345,9220.0,9260.0,9220.0,9240.0,3420
202601081400,9230.0,9260.0,9210.0,9240.0,2025
202601081415,9240.0,9250.0,9190.0,9230.0,682
202601081430,9230.0,9240.0,9190.0,9230.0,1196
202601081445,9230.0,9270.0,9190.0,9260.0,2680
202601081500,9240.0,9290.0,9210.0,9240.0,2591
202601081515,9240.0,9290.0,9200.0,9220.0,1593
202601090900,9160.0,9170.0,9110.0,9150.0,1032
202601090915,9150.0,9270.0,9150.0,9180.0,332
202601090930,9180.0,9230.0,9140.0,9160.0,1358
202601090945,9220.0,9260.0,9160.0,9245.0,1163
202601091000,9235.0,9260.0,9220.0,9250.0,730
202601091015,9250.0,9250.0,9170.0,9230.0,9799
202601091030,9230.0,9260.0,9200.0,9200.0,5932
202601091045,9200.0,9260.0,9190.0,9220.0,1876
202601091100,9230.0,9250.0,9160.0,9170.0,16381
202601091115,9170.0,9220.0,9160.0,9200.0,3359
202601091130,9200.0,9210.0,9190.0,9190.0,338
202601091145,9190.0,9210.0,9180.0,9210.0,113
202601091200,9200.0,9210.0,9160.0,9200.0,1814
202601091215,9170.0,9230.0,9170.0,9230.0,672
202601091230,9230.0,9230.0,9220.0,9230.0,79
202601091245,9230.0,9230.0,9220.0,9230.0,144
202601091300,9230.0,9230.0,9200.0,9200.0,2435
202601091315,9200.0,9230.0,9160.0,9230.0,3626
202601091330,9200.0,9220.0,9170.0,9200.0,890
202601091345,9200.0,9210.0,9200.0,9200.0,592
202601091400,9200.0,9210.0,9200.0,9200.0,297
202601091415,9200.0,9250.0,9200.0,9200.0,2346
202601091430,9200.0,9220.0,9170.0,9180.0,3441
202601091445,9200.0,9250.0,9180.0,9240.0,1943
202601091500,9240.0,9250.0,9190.0,9200.0,1293
202601091515,9220.0,9240.0,9160.0,9160.0,2810
202601120900,9250.0,9250.0,9150.0,9220.0,1388
202601120915,9190.0,9230.0,9140.0,9160.0,4108
202601120930,9200.0,9200.0,9120.0,9170.0,155
202601120945,9180.0,9190.0,9030.0,9060.0,2733
202601121000,9080.0,9090.0,9020.0,9050.0,2805
202601121015,9080.0,9150.0,9030.0,9100.0,5352
202601121030,9100.0,9180.0,9080.0,9110.0,909
202601121045,9120.0,9130.0,9070.0,9080.0,2651
202601121100,9080.0,9170.0,9040.0,9150.0,6743
202601121115,9140.0,9170.0,9070.0,9090.0,4339
202601121130,9140.0,9140.0,9070.0,9140.0,932
202601121145,9130.0,9140.0,9080.0,9140.0,1369
202601121200,9150.0,9160.0,9120.0,9120.0,725
202601121215,9120.0,9160.0,9100.0,9160.0,6398
202601121230,9150.0,9170.0,9140.0,9170.0,794
202601121245,9160.0,9170.0,9120.0,9140.0,653
202601121300,9140.0,9150.0,9110.0,9120.0,567
202601121315,9120.0,9140.0,9110.0,9130.0,521
202601121330,9130.0,9150.0,9110.0,9120.0,737
202601121345,9130.0,9130.0,9120.0,9120.0,294
202601121400,9130.0,9170.0,9120.0,9150.0,2252
202601121415,9130.0,9160.0,9110.0,9160.0,2264
202601121430,9160.0,9170.0,9120.0,9160.0,15781
202601121445,9170.0,9170.0,9110.0,9170.0,4604
202601121500,9150.0,9170.0,9130.0,9150.0,1954
202601121515,9160.0,9200.0,9110.0,9110.0,1981
202601130900,9140.0,9160.0,9130.0,9140.0,332
202601130915,9140.0,9160.0,9080.0,9160.0,553
202601130930,9100.0,9110.0,9080.0,9090.0,1556
202601130945,9110.0,9110.0,9030.0,9030.0,4815
202601131000,9110.0,9150.0,9060.0,9060.0,4465
202601131015,9070.0,9150.0,9070.0,9070.0,629
202601131030,9070.0,9130.0,9070.0,9090.0,229
202601131045,9080.0,9120.0,9080.0,9090.0,1031
202601131100,9090.0,9120.0,9080.0,9090.0,346
202601131115,9100.0,9130.0,9080.0,9100.0,2801
202601131130,9100.0,9130.0,9060.0,9090.0,11352
202601131145,9090.0,9120.0,9060.0,9100.0,6808
202601131200,9100.0,9120.0,9070.0,9090.0,4304
202601131215,9110.0,9120.0,9090.0,9110.0,4842
202601131230,9110.0,9120.0,9100.0,9110.0,3190
202601131245,9110.0,9120.0,9100.0,9110.0,3492
202601131300,9110.0,9120.0,9090.0,9120.0,3372
202601131315,9100.0,9120.0,9090.0,9090.0,3115
202601131330,9090.0,9130.0,9080.0,9090.0,14340
202601131345,9100.0,9110.0,9090.0,9090.0,4546
202601131400,9100.0,9120.0,9090.0,9110.0,6923
202601131415,9110.0,9120.0,9090.0,9120.0,4622
202601131430,9100.0,9120.0,9090.0,9110.0,3410
202601131445,9110.0,9140.0,9110.0,9140.0,1233
202601131500,9140.0,9150.0,9120.0,9130.0,1415
202601131515,9130.0,9170.0,9120.0,9170.0,1971
202601140900,9150.0,9230.0,9010.0,9110.0,1645
202601140915,9120.0,9160.0,9030.0,9120.0,1087
202601140930,9150.0,9200.0,9120.0,9180.0,4413
202601140945,9160.0,9190.0,9110.0,9110.0,922
202601141000,9140.0,9190.0,9100.0,9180.0,2699
202601141015,9160.0,9190.0,9160.0,9190.0,707
202601141030,9180.0,9190.0,9150.0,9170.0,1134
202601141045,9170.0,9180.0,9120.0,9150.0,1331
202601141100,9140.0,9180.0,9100.0,9160.0,3014
202601141115,9170.0,9230.0,9170.0,9220.0,2868
202601141130,9190.0,9230.0,9170.0,9210.0,1585
202601141145,9210.0,9230.0,9120.0,9190.0,3432
202601141200,9210.0,9240.0,9180.0,9220.0,1390
202601141215,9230.0,9280.0,9140.0,9210.0,3308
202601141230,9210.0,9250.0,9170.0,9250.0,1833
202601141245,9250.0,9280.0,9180.0,9200.0,1326
202601141300,9210.0,9290.0,9190.0,9240.0,454
202601141315,9240.0,9300.0,9240.0,9240.0,623
202601141330,9250.0,9260.0,9220.0,9220.0,527
202601141345,9230.0,9280.0,9220.0,9230.0,654
202601141400,9240.0,9270.0,9220.0,9260.0,399
202601141415,9260.0,9260.0,9190.0,9220.0,758
202601141430,9240.0,9240.0,9190.0,9200.0,754
202601141445,9200.0,9250.0,9170.0,9240.0,1211
202601141500,9240.0,9240.0,9190.0,9210.0,780
202601141515,9210.0,9210.0,9170.0,9170.0,1937
202601150900,9170.0,9190.0,9160.0,9180.0,1901
202601150915,9140.0,9140.0,9050.0,9060.0,3477
202601150930,9060.0,9070.0,9010.0,9030.0,4265
202601150945,9010.0,9030.0,8960.0,9000.0,3912
202601151000,9000.0,9040.0,8990.0,8990.0,4422
202601151015,9010.0,9200.0,9000.0,9170.0,40683
202601151030,9160.0,9180.0,9090.0,9130.0,1270
202601151045,9130.0,9200.0,9100.0,9170.0,38796
202601151100,9110.0,9190.0,9090.0,9130.0,20032
202601151115,9130.0,9170.0,9100.0,9130.0,2320
202601151130,9120.0,9170.0,9090.0,9130.0,1883
202601151145,9110.0,9120.0,9100.0,9110.0,942
202601151200,9120.0,9180.0,9100.0,9150.0,2978
202601151215,9120.0,9150.0,9120.0,9120.0,994
202601151230,9120.0,9150.0,9100.0,9100.0,4302
202601151245,9150.0,9170.0,9100.0,9150.0,5309
202601151300,9150.0,9160.0,9110.0,9120.0,1036
202601151315,9110.0,9120.0,9100.0,9110.0,1484
202601151330,9110.0,9130.0,9100.0,9100.0,1181
202601151345,9100.0,9110.0,9070.0,9090.0,1330
202601151400,9090.0,9110.0,9080.0,9100.0,1170
202601151415,9100.0,9130.0,9070.0,9080.0,5505
202601151430,9070.0,9090.0,9040.0,9040.0,3542
202601151445,9040.0,9070.0,9040.0,9040.0,3011
202601151500,9040.0,9080.0,8960.0,9030.0,5216
202601151515,9030.0,9070.0,9020.0,9020.0,1967
202601160900,9040.0,9070.0,9000.0,9060.0,7856
202601160915,9060.0,9080.0,9040.0,9050.0,1801
202601160930,9040.0,9070.0,9010.0,9030.0,24393
202601160945,9030.0,9030.0,8900.0,8960.0,3723
202601161000,8950.0,8960.0,8800.0,8900.0,19115
202601161015,8900.0,8900.0,8800.0,8820.0,5700
202601161030,8820.0,9010.0,8800.0,9000.0,36047
202601161045,8990.0,9020.0,8930.0,9000.0,2472
202601161100,9000.0,9010.0,8970.0,8970.0,1253
202601161115,8960.0,8990.0,8960.0,8970.0,936
202601161130,8970.0,8980.0,8950.0,8960.0,1677
202601161145,8960.0,8970.0,8950.0,8960.0,1768
202601161200,8960.0,8970.0,8950.0,8950.0,1861
202601161215,8950.0,9000.0,8950.0,8970.0,1156
202601161230,8970.0,8990.0,8960.0,8970.0,2306
202601161245,8990.0,8990.0,8960.0,8980.0,921
202601161300,8980.0,9030.0,8980.0,9010.0,2552
202601161315,9010.0,9030.0,8990.0,8990.0,332
202601161330,9010.0,9020.0,8980.0,9020.0,454
202601161345,8990.0,9030.0,8980.0,9030.0,1517
202601161400,9020.0,9050.0,9010.0,9020.0,6715
202601161415,9010.0,9050.0,9010.0,9010.0,7154
202601161430,9010.0,9010.0,8970.0,8970.0,3324
202601161445,8980.0,9050.0,8970.0,9010.0,6348
202601161500,9000.0,9010.0,8980.0,8990.0,606
202601161515,8980.0,9010.0,8920.0,8920.0,1709
202601190900,8940.0,8960.0,8930.0,8940.0,495
202601190915,8940.0,8990.0,8920.0,8990.0,4028
202601190930,8980.0,8980.0,8920.0,8930.0,1595
202601190945,8930.0,8990.0,8930.0,8960.0,490
202601191000,8950.0,8990.0,8950.0,8980.0,1969
202601191015,8980.0,8980.0,8920.0,8930.0,502
202601191030,8930.0,8980.0,8920.0,8980.0,1649
202601191045,8970.0,8970.0,8900.0,8920.0,1441
202601191100,8910.0,8920.0,8900.0,8920.0,340
202601191115,8920.0,8980.0,8900.0,8910.0,4408
202601191130,8910.0,8930.0,8910.0,8930.0,968
202601191145,8920.0,8940.0,8910.0,8940.0,607
202601191200,8950.0,8950.0,8890.0,8910.0,561
202601191215,8910.0,8940.0,8900.0,8940.0,4221
202601191230,8930.0,8940.0,8920.0,8920.0,1577
202601191245,8930.0,8940.0,8900.0,8930.0,1664
202601191300,8910.0,8930.0,8900.0,8930.0,204
202601191315,8910.0,8930.0,8890.0,8910.0,845
202601191330,8890.0,8940.0,8890.0,8930.0,3693
202601191345,8940.0,8940.0,8920.0,8930.0,1238
202601191400,8930.0,8940.0,8890.0,8920.0,1177
202601191415,8920.0,8940.0,8920.0,8940.0,700
202601191430,8920.0,8940.0,8890.0,8920.0,2836
202601191445,8940.0,8940.0,8920.0,8940.0,342
202601191500,8940.0,8940.0,8870.0,8890.0,609
202601191515,8910.0,8940.0,8850.0,8940.0,4500
202601200900,8850.0,8890.0,8840.0,8890.0,424
202601200915,8880.0,8880.0,8820.0,8870.0,1587
202601200930,8860.0,8980.0,8860.0,8960.0,7872
202601200945,8970.0,8970.0,8920.0,8970.0,643
202601201000,8970.0,9050.0,8850.0,9000.0,2385
202601201015,8990.0,9020.0,8960.0,8990.0,725
202601201030,8990.0,9080.0,8900.0,9080.0,7502
202601201045,9080.0,9160.0,9060.0,9070.0,3179
202601201100,9080.0,9080.0,9030.0,9060.0,1416
202601201115,9060.0,9090.0,9050.0,9070.0,1260
202601201130,9070.0,9080.0,9050.0,9080.0,541
202601201145,9080.0,9080.0,9050.0,9070.0,660
202601201200,9070.0,9120.0,9060.0,9120.0,1677
202601201215,9100.0,9100.0,9070.0,9070.0,322
202601201230,9110.0,9110.0,9050.0,9080.0,595
202601201245,9090.0,9090.0,9050.0,9070.0,267
202601201300,9060.0,9100.0,9050.0,9090.0,1854
202601201315,9090.0,9090.0,9070.0,9070.0,161
202601201330,9080.0,9100.0,9040.0,9040.0,1915
202601201345,9040.0,9080.0,9040.0,9060.0,392
202601201400,9050.0,9080.0,9040.0,9060.0,305
202601201415,9070.0,9080.0,8970.0,9040.0,1239
202601201430,9050.0,9060.0,8810.0,9040.0,1996
202601201445,9040.0,9040.0,8960.0,9020.0,1169
202601201500,9020.0,9070.0,9010.0,9030.0,1644
202601201515,9030.0,9060.0,9010.0,9010.0,2914
202601210900,8900.0,9000.0,8900.0,8910.0,216
202601210915,8910.0,8970.0,8860.0,8970.0,888
202601210930,8990.0,9030.0,8920.0,8960.0,1628
202601210945,8990.0,9010.0,8960.0,8990.0,2005
202601211000,8980.0,9000.0,8960.0,8970.0,1006
202601211015,8950.0,8990.0,8950.0,8970.0,1691
202601211030,8980.0,9000.0,8940.0,9000.0,1232
202601211045,9000.0,9010.0,8940.0,8990.0,3990
202601211100,8990.0,9000.0,8960.0,8980.0,1094
202601211115,8990.0,9000.0,8970.0,8980.0,1031
202601211130,8980.0,9000.0,8950.0,9000.0,2123
202601211145,8980.0,9000.0,8960.0,8970.0,480
202601211200,8970.0,8990.0,8970.0,8990.0,301
202601211215,8990.0,8990.0,8970.0,8990.0,375
202601211230,8990.0,9010.0,8980.0,9010.0,1680
202601211245,9000.0,9020.0,8950.0,9010.0,3029
202601211300,9010.0,9020.0,8980.0,9000.0,519
202601211315,9010.0,9010.0,9000.0,9010.0,192
202601211330,9000.0,9010.0,8990.0,8995.0,860
202601211345,8990.0,9040.0,8980.0,8980.0,3885
202601211400,8990.0,9000.0,8980.0,9000.0,582
202601211415,9000.0,9010.0,8980.0,8990.0,1126
202601211430,8990.0,9000.0,8950.0,8950.0,1836
202601211445,8990.0,9000.0,8920.0,8980.0,1648
202601211500,8990.0,9010.0,8900.0,8990.0,4500
202601211515,8990.0,9010.0,8960.0,8960.0,3720
202601220900,8980.0,9130.0,8940.0,8970.0,3995
202601220915,9020.0,9030.0,8940.0,9000.0,1221
202601220930,9010.0,9010.0,8920.0,8980.0,1055
202601220945,8980.0,9010.0,8920.0,8990.0,2015
202601221000,8990.0,9010.0,8930.0,8990.0,1390
202601221015,8990.0,9010.0,8930.0,8990.0,1882
202601221030,8980.0,9010.0,8940.0,8980.0,704
202601221045,8960.0,9030.0,8940.0,9030.0,4493
202601221100,9020.0,9050.0,8970.0,9050.0,1045
202601221115,9020.0,9040.0,8980.0,9000.0,441
202601221130,9000.0,9030.0,8970.0,9010.0,269
202601221145,8990.0,9010.0,8980.0,9000.0,168
202601221200,9000.0,9000.0,8970.0,8970.0,178
202601221215,9000.0,9000.0,8960.0,8980.0,139
202601221230,8970.0,9000.0,8960.0,8970.0,251
202601221245,8960.0,9000.0,8950.0,8960.0,1084
202601221300,8980.0,9000.0,8960.0,8960.0,342
202601221315,8960.0,8980.0,8800.0,8870.0,8634
202601221330,8860.0,8970.0,8840.0,8930.0,8679
202601221345,8930.0,8960.0,8920.0,8920.0,3955
202601221400,8930.0,8970.0,8900.0,8920.0,4111
202601221415,8920.0,8940.0,8890.0,8910.0,4124
202601221430,8920.0,8980.0,8910.0,8910.0,9111
202601221445,8920.0,8970.0,8890.0,8940.0,8572
202601221500,8940.0,8970.0,8910.0,8960.0,9290
202601221515,8960.0,9000.0,8900.0,8960.0,10335
202601230900,8980.0,8980.0,8850.0,8960.0,3913
202601230915,8970.0,8970.0,8870.0,8870.0,3625
202601230930,8860.0,8920.0,8830.0,8890.0,4541
202601230945,8890.0,8960.0,8890.0,8920.0,2336
202601231000,8930.0,8930.0,8860.0,8860.0,2152
202601231015,8860.0,8910.0,8850.0,8880.0,1629
202601231030,8870.0,8890.0,8870.0,8870.0,410
202601231045,8870.0,8960.0,8850.0,8890.0,3607
202601231100,8930.0,8990.0,8900.0,8960.0,2747
202601231115,8960.0,9000.0,8940.0,8970.0,3096
202601231130,8980.0,9000.0,8950.0,8990.0,1177
202601231145,8990.0,9050.0,8970.0,9020.0,2879
202601231200,9030.0,9210.0,8990.0,9190.0,8622
202601231215,9200.0,9200.0,9110.0,9130.0,2547
202601231230,9140.0,9140.0,9060.0,9120.0,3839
202601231245,9120.0,9130.0,9090.0,9120.0,1036
202601231300,9120.0,9140.0,9090.0,9090.0,1841
202601231315,9090.0,9190.0,9080.0,9140.0,16143
202601231330,9140.0,9190.0,9130.0,9160.0,1536
202601231345,9150.0,9150.0,9040.0,9070.0,2105
202601231400,9080.0,9080.0,9040.0,9070.0,2134
202601231415,9070.0,9130.0,9050.0,9130.0,2721
202601231430,9120.0,9140.0,9060.0,9110.0,1730
202601231445,9110.0,9180.0,9080.0,9110.0,2120
202601231500,9110.0,9130.0,9070.0,9130.0,2065
202601231515,9120.0,9130.0,9070.0,9080.0,2633
202601260900,9220.0,9460.0,9210.0,9340.0,10621
202601260915,9320.0,9350.0,9240.0,9250.0,2581
202601260930,9250.0,9300.0,9240.0,9290.0,4695
202601260945,9300.0,9300.0,9060.0,9070.0,6792
202601261000,9130.0,9200.0,9070.0,9200.0,2016
202601261015,9200.0,9220.0,9180.0,9190.0,3231
202601261030,9200.0,9230.0,9070.0,9200.0,10000
202601261045,9200.0,9300.0,9160.0,9260.0,11156
202601261100,9260.0,9330.0,9250.0,9330.0,9222
202601261115,9330.0,9330.0,9290.0,9300.0,4107
202601261130,9300.0,9300.0,9240.0,9250.0,2598
202601261145,9290.0,9300.0,9250.0,9250.0,803
202601261200,9260.0,9300.0,9260.0,9290.0,622
202601261215,9300.0,9320.0,9300.0,9320.0,1871
202601261230,9320.0,9360.0,9300.0,9310.0,3866
202601261245,9340.0,9380.0,9310.0,9360.0,3230
202601261300,9350.0,9380.0,9330.0,9380.0,2871
202601261315,9365.0,9380.0,9365.0,9370.0,2269
202601261330,9365.0,9390.0,9340.0,9380.0,13441
202601261345,9380.0,9380.0,9300.0,9300.0,3605
202601261400,9290.0,9360.0,9290.0,9360.0,9191
202601261415,9290.0,9360.0,9290.0,9320.0,1863
202601261430,9320.0,9350.0,9300.0,9320.0,1157
202601261445,9330.0,9340.0,9320.0,9330.0,474
202601261500,9320.0,9350.0,9320.0,9340.0,1161
202601261515,9335.0,9340.0,9300.0,9300.0,1753
202601270900,9240.0,9370.0,9240.0,9350.0,2423
202601270915,9350.0,9430.0,9350.0,9410.0,2519
202601270930,9380.0,9380.0,9310.0,9360.0,1413
202601270945,9350.0,9400.0,9340.0,9350.0,1775
202601271000,9360.0,9410.0,9350.0,9380.0,1171
202601271015,9400.0,9400.0,9350.0,9360.0,1791
202601271030,9360.0,9380.0,9350.0,9380.0,461
202601271045,9380.0,9490.0,9380.0,9460.0,11040
202601271100,9470.0,9470.0,9440.0,9470.0,454
202601271115,9470.0,9470.0,9430.0,9440.0,527
202601271130,9440.0,9450.0,9430.0,9450.0,869
202601271145,9430.0,9450.0,9410.0,9450.0,2668
202601271200,9450.0,9450.0,9400.0,9420.0,1684
202601271215,9410.0,9420.0,9350.0,9400.0,872
202601271230,9400.0,9400.0,9350.0,9360.0,461
202601271245,9380.0,9390.0,9360.0,9390.0,589
202601271300,9390.0,9420.0,9360.0,9420.0,2479
202601271315,9420.0,9420.0,9410.0,9420.0,510
202601271330,9420.0,9500.0,9420.0,9500.0,17595
202601271345,9500.0,9500.0,9470.0,9490.0,1407
202601271400,9490.0,9550.0,9450.0,9490.0,12642
202601271415,9490.0,9510.0,9460.0,9500.0,1576
202601271430,9500.0,9500.0,9450.0,9500.0,512
202601271445,9470.0,9500.0,9470.0,9480.0,2114
202601271500,9480.0,9490.0,9440.0,9490.0,1616
202601271515,9490.0,9490.0,9390.0,9390.0,1773
202601280900,9370.0,9470.0,9370.0,9420.0,1654
202601280915,9420.0,9420.0,9380.0,9380.0,467
202601280930,9410.0,9410.0,9370.0,9380.0,1780
202601280945,9370.0,9390.0,9360.0,9380.0,843
202601281000,9380.0,9400.0,9330.0,9350.0,1062
202601281015,9360.0,9440.0,9360.0,9370.0,6341
202601281030,9420.0,9430.0,9370.0,9420.0,2829
202601281045,9420.0,9440.0,9350.0,9380.0,14476
202601281100,9410.0,9420.0,9250.0,9330.0,3635
202601281115,9330.0,9420.0,9320.0,9380.0,1986
202601281130,9400.0,9420.0,9350.0,9400.0,1769
202601281145,9420.0,9420.0,9400.0,9400.0,354
202601281200,9400.0,9410.0,9340.0,9360.0,3771
202601281215,9360.0,9410.0,9360.0,9390.0,553
202601281230,9390.0,9400.0,9360.0,9380.0,2820
202601281245,9380.0,9420.0,9380.0,9420.0,3628
202601281300,9410.0,9420.0,9390.0,9390.0,5183
202601281315,9390.0,9400.0,9380.0,9390.0,6271
202601281330,9400.0,9400.0,9390.0,9400.0,3384
202601281345,9400.0,9400.0,9380.0,9380.0,3907
202601281400,9380.0,9400.0,9300.0,9370.0,7710
202601281415,9370.0,9400.0,9370.0,9400.0,161
202601281430,9390.0,9400.0,9380.0,9400.0,7929
202601281445,9400.0,9400.0,9390.0,9390.0,2765
202601281500,9390.0,9400.0,9350.0,9390.0,32528
202601281515,9390.0,9400.0,9300.0,9300.0,7690
202601290900,9570.0,9570.0,9300.0,9360.0,15841
202601290915,9360.0,9360.0,9000.0,9240.0,8399
202601290930,9220.0,9260.0,9120.0,9260.0,2706
202601290945,9260.0,9350.0,9170.0,9190.0,5333
202601291000,9190.0,9200.0,9060.0,9110.0,3730
202601291015,9110.0,9130.0,9070.0,9130.0,3536
202601291030,9110.0,9340.0,9110.0,9250.0,14158
202601291045,9240.0,9330.0,9220.0,9310.0,3431
202601291100,9310.0,9350.0,9180.0,9260.0,3140
202601291115,9220.0,9340.0,9220.0,9260.0,5606
202601291130,9250.0,9330.0,9250.0,9280.0,3248
202601291145,9250.0,9390.0,9250.0,9330.0,5820
202601291200,9330.0,9350.0,9280.0,9330.0,3371
202601291215,9350.0,9390.0,9320.0,9360.0,4063
202601291230,9390.0,9470.0,9350.0,9450.0,6073
202601291245,9450.0,9470.0,9370.0,9410.0,3577
202601291300,9400.0,9480.0,9330.0,9410.0,3929
202601291315,9410.0,9490.0,9390.0,9440.0,3461
202601291330,9450.0,9540.0,9400.0,9510.0,8030
202601291345,9520.0,9590.0,9450.0,9510.0,12447
202601291400,9490.0,9540.0,9460.0,9470.0,2419
202601291415,9490.0,9540.0,9460.0,9520.0,5706
202601291430,9480.0,9550.0,9470.0,9510.0,6218
202601291445,9510.0,9510.0,9470.0,9510.0,2671
202601291500,9500.0,9510.0,9460.0,9460.0,4469
202601291515,9460.0,9510.0,9420.0,9420.0,4877
202601300900,9420.0,9500.0,9420.0,9430.0,1799
202601300915,9430.0,9440.0,9370.0,9440.0,3097
202601300930,9380.0,9460.0,9370.0,9370.0,1718
202601300945,9370.0,9500.0,9360.0,9460.0,5771
202601301000,9460.0,9530.0,9430.0,9510.0,3905
202601301015,9420.0,9470.0,9400.0,9420.0,1363
202601301030,9420.0,9460.0,9360.0,9370.0,1529
202601301045,9360.0,9460.0,9360.0,9380.0,576
202601301100,9390.0,9440.0,9380.0,9380.0,470
202601301115,9380.0,9440.0,9340.0,9350.0,3134
202601301130,9350.0,9420.0,9340.0,9350.0,639
202601301145,9350.0,9430.0,9350.0,9370.0,454
202601301200,9370.0,9440.0,9370.0,9390.0,302
202601301215,9430.0,9440.0,9390.0,9410.0,1528
202601301230,9410.0,9430.0,9390.0,9430.0,1007
202601301245,9390.0,9420.0,9370.0,9370.0,245
202601301300,9370.0,9410.0,9340.0,9340.0,1153
202601301315,9350.0,9410.0,9350.0,9380.0,339
202601301330,9380.0,9480.0,9380.0,9470.0,21921
202601301345,9480.0,9560.0,9430.0,9470.0,22243
202601301400,9440.0,9560.0,9440.0,9500.0,12327
202601301415,9470.0,9500.0,9470.0,9480.0,5616
202601301430,9490.0,9530.0,9450.0,9530.0,8548
202601301445,9540.0,9560.0,9430.0,9430.0,11906
202601301500,9420.0,9520.0,9420.0,9460.0,11427
202601301515,9480.0,9520.0,9420.0,9420.0,4426
202602020900,9390.0,9420.0,9260.0,9400.0,2234
202602020915,9360.0,9480.0,9320.0,9370.0,6177
202602020930,9360.0,9430.0,9340.0,9430.0,2477
202602020945,9410.0,9420.0,9280.0,9380.0,3060
202602021000,9380.0,9450.0,9320.0,9370.0,16094
202602021015,9420.0,9420.0,9330.0,9340.0,473
202602021030,9370.0,9380.0,9250.0,9250.0,2718
202602021045,9300.0,9430.0,9270.0,9370.0,11908
202602021100,9360.0,9370.0,9280.0,9310.0,1962
202602021115,9280.0,9310.0,9270.0,9300.0,1102
202602021130,9310.0,9340.0,9300.0,9340.0,511
202602021145,9340.0,9340.0,9290.0,9320.0,2464
202602021200,9320.0,9330.0,9300.0,9320.0,554
202602021215,9320.0,9320.0,9270.0,9270.0,3996
202602021230,9290.0,9290.0,9250.0,9250.0,3009
202602021245,9280.0,9350.0,9230.0,9320.0,27540
202602021300,9310.0,9330.0,9250.0,9270.0,5489
202602021315,9320.0,9360.0,9260.0,9330.0,1247
202602021330,9310.0,9400.0,9310.0,9400.0,2193
202602021345,9390.0,9390.0,9330.0,9330.0,2571
202602021400,9360.0,9360.0,9310.0,9360.0,251
202602021415,9330.0,9360.0,9280.0,9280.0,971
202602021430,9280.0,9300.0,9270.0,9280.0,518
202602021445,9270.0,9290.0,9230.0,9250.0,2218
202602021500,9270.0,9270.0,9210.0,9210.0,3838
202602021515,9210.0,9220.0,9170.0,9170.0,3386
202602030900,9350.0,9410.0,9290.0,9410.0,1689
202602030915,9390.0,9400.0,9310.0,9380.0,611
202602030930,9310.0,9390.0,9280.0,9380.0,1087
202602030945,9390.0,9420.0,9380.0,9400.0,5752
202602031000,9400.0,9400.0,9300.0,9380.0,1563
202602031015,9390.0,9400.0,9360.0,9370.0,3849
202602031030,9380.0,9420.0,9370.0,9420.0,7950
202602031045,9380.0,9590.0,9370.0,9420.0,18973
202602031100,9420.0,9420.0,9330.0,9350.0,2010
202602031115,9360.0,9410.0,9330.0,9390.0,2681
202602031130,9390.0,9390.0,9340.0,9390.0,1230
202602031145,9370.0,9390.0,9350.0,9370.0,3745
202602031200,9370.0,9410.0,9360.0,9390.0,921
202602031215,9380.0,9400.0,9370.0,9390.0,954
202602031230,9390.0,9440.0,9390.0,9410.0,1582
202602031245,9410.0,9410.0,9380.0,9400.0,1145
202602031300,9390.0,9410.0,9380.0,9390.0,1583
202602031315,9390.0,9400.0,9380.0,9390.0,684
202602031330,9390.0,9410.0,9370.0,9380.0,2818
202602031345,9370.0,9390.0,9370.0,9390.0,1200
202602031400,9380.0,9390.0,9360.0,9370.0,2760
202602031415,9360.0,9370.0,9360.0,9360.0,1065
202602031430,9360.0,9400.0,9330.0,9400.0,10694
202602031445,9370.0,9400.0,9370.0,9370.0,3638
202602031500,9380.0,9400.0,9350.0,9400.0,2159
202602031515,9390.0,9400.0,9360.0,9390.0,3806
202602040900,9400.0,9500.0,9400.0,9470.0,3325
202602040915,9470.0,9470.0,9410.0,9460.0,815
202602040930,9450.0,9470.0,9390.0,9470.0,706
202602040945,9470.0,9480.0,9420.0,9470.0,541
202602041000,9460.0,9560.0,9450.0,9540.0,7410
202602041015,9520.0,9540.0,9490.0,9530.0,1094
202602041030,9530.0,9640.0,9530.0,9600.0,15580
202602041045,9620.0,9630.0,9520.0,9520.0,1575
202602041100,9520.0,9580.0,9500.0,9500.0,1191
202602041115,9500.0,9530.0,9490.0,9490.0,1110
202602041130,9500.0,9530.0,9480.0,9480.0,993
202602041145,9480.0,9530.0,9480.0,9480.0,1439
202602041200,9480.0,9510.0,9470.0,9500.0,251
202602041215,9510.0,9590.0,9510.0,9560.0,1409
202602041230,9560.0,9710.0,9550.0,9670.0,13139
202602041245,9670.0,9760.0,9630.0,9750.0,9175
202602041300,9750.0,9910.0,9750.0,9890.0,15971
202602041315,9910.0,10180.0,9880.0,9970.0,50820
202602041330,9970.0,10000.0,9900.0,9980.0,8007
202602041345,9980.0,10140.0,9970.0,10090.0,43853
202602041400,10090.0,10090.0,9900.0,9970.0,13021
202602041415,9990.0,10010.0,9940.0,10000.0,7241
202602041430,10010.0,10010.0,9920.0,9950.0,6354
202602041445,9950.0,9990.0,9950.0,9960.0,6497
202602041500,9960.0,10000.0,9940.0,9960.0,9083
202602041515,9970.0,10000.0,9950.0,10000.0,9534
202602050900,9860.0,9890.0,9710.0,9770.0,5798
202602050915,9770.0,9870.0,9740.0,9760.0,4508
202602050930,9780.0,9790.0,9640.0,9740.0,4523
202602050945,9690.0,9700.0,9610.0,9620.0,6043
202602051000,9640.0,9650.0,9580.0,9640.0,3953
202602051015,9640.0,9690.0,9570.0,9590.0,1895
202602051030,9590.0,9680.0,9590.0,9590.0,7494
202602051045,9590.0,9620.0,9520.0,9540.0,2534
202602051100,9540.0,9580.0,9490.0,9490.0,4548
202602051115,9480.0,9580.0,9430.0,9480.0,3982
202602051130,9490.0,9530.0,9450.0,9460.0,3074
202602051145,9470.0,9470.0,9370.0,9370.0,9584
202602051200,9390.0,9500.0,9320.0,9360.0,7960
202602051215,9360.0,9400.0,9340.0,9380.0,7555
202602051230,9380.0,9400.0,9340.0,9340.0,1357
202602051245,9340.0,9420.0,9330.0,9350.0,4074
202602051300,9350.0,9390.0,9350.0,9380.0,2032
202602051315,9380.0,9380.0,9340.0,9340.0,3443
202602051330,9340.0,9430.0,9340.0,9430.0,2035
202602051345,9420.0,9480.0,9410.0,9430.0,2898
202602051400,9420.0,9430.0,9380.0,9410.0,6359
202602051415,9380.0,9430.0,9360.0,9370.0,4494
202602051430,9380.0,9490.0,9380.0,9450.0,4328
202602051445,9440.0,9480.0,9400.0,9400.0,1993
202602051500,9400.0,9490.0,9390.0,9440.0,5247
202602051515,9440.0,9520.0,9420.0,9510.0,8215
202602060900,9190.0,9210.0,9010.0,9010.0,14862
202602060915,9010.0,9150.0,9010.0,9090.0,5270
202602060930,9090.0,9170.0,9060.0,9160.0,1676
202602060945,9160.0,9180.0,9110.0,9120.0,1771
202602061000,9150.0,9150.0,9100.0,9120.0,682
202602061015,9120.0,9130.0,9050.0,9070.0,1579
202602061030,9080.0,9110.0,9050.0,9110.0,283
202602061045,9120.0,9150.0,9120.0,9140.0,1175
202602061100,9140.0,9180.0,9120.0,9160.0,1881
202602061115,9160.0,9200.0,9160.0,9190.0,695
202602061130,9200.0,9200.0,9140.0,9190.0,442
202602061145,9190.0,9190.0,9120.0,9120.0,2181
202602061200,9110.0,9120.0,9100.0,9110.0,674
202602061215,9120.0,9150.0,9090.0,9110.0,1853
202602061230,9140.0,9140.0,9040.0,9040.0,844
202602061245,9040.0,9150.0,9040.0,9150.0,1031
202602061300,9150.0,9150.0,9060.0,9070.0,870
202602061315,9070.0,9070.0,9030.0,9040.0,817
202602061330,9050.0,9060.0,8960.0,8990.0,7674
202602061345,9010.0,9010.0,8950.0,8980.0,3691
202602061400,8990.0,9020.0,8940.0,8970.0,3042
202602061415,9000.0,9000.0,8960.0,8980.0,540
202602061430,8980.0,9050.0,8980.0,9030.0,1378
202602061445,9030.0,9120.0,8970.0,9080.0,3995
202602061500,9070.0,9110.0,9030.0,9040.0,1716
202602061515,9040.0,9080.0,9000.0,9000.0,4794
202602090900,9190.0,9240.0,9020.0,9030.0,3473
202602090915,9030.0,9030.0,8970.0,8980.0,5395
202602090930,8980.0,9020.0,8980.0,9000.0,5176
202602090945,9000.0,9010.0,8980.0,8990.0,6234
202602091000,8990.0,9000.0,8910.0,8910.0,10471
202602091015,8920.0,8960.0,8870.0,8900.0,9608
202602091030,8910.0,8950.0,8890.0,8910.0,2382
202602091045,8910.0,8950.0,8900.0,8900.0,2601
202602091100,8900.0,8960.0,8900.0,8910.0,3699
202602091115,8910.0,8920.0,8880.0,8890.0,5225
202602091130,8880.0,8930.0,8880.0,8910.0,4170
202602091145,8900.0,8900.0,8850.0,8860.0,12739
202602091200,8860.0,8930.0,8850.0,8860.0,4108
202602091215,8870.0,8910.0,8850.0,8850.0,13940
202602091230,8850.0,8960.0,8850.0,8860.0,2652
202602091245,8860.0,8910.0,8840.0,8840.0,4985
202602091300,8840.0,8870.0,8840.0,8850.0,1950
202602091315,8850.0,8870.0,8840.0,8860.0,2572
202602091330,8850.0,8850.0,8810.0,8820.0,5995
202602091345,8820.0,8840.0,8810.0,8810.0,2801
202602091400,8810.0,8860.0,8810.0,8850.0,1925
202602091415,8850.0,8850.0,8760.0,8780.0,37323
202602091430,8790.0,8820.0,8780.0,8790.0,3123
202602091445,8800.0,8810.0,8780.0,8780.0,2137
202602091500,8780.0,8800.0,8740.0,8780.0,12726
202602091515,8780.0,8800.0,8760.0,8780.0,4128
202602100900,8820.0,8820.0,8600.0,8800.0,11734
202602100915,8690.0,8780.0,8510.0,8590.0,28191
202602100930,8580.0,8600.0,8510.0,8510.0,5512
202602100945,8520.0,8610.0,8500.0,8600.0,4785
202602101000,8600.0,8630.0,8570.0,8590.0,5337
202602101015,8600.0,8640.0,8570.0,8570.0,6922
202602101030,8570.0,8590.0,8480.0,8550.0,11155
202602101045,8550.0,8560.0,8520.0,8540.0,1478
202602101100,8520.0,8600.0,8510.0,8530.0,4436
202602101115,8520.0,8570.0,8520.0,8550.0,1881
202602101130,8550.0,8600.0,8530.0,8540.0,2703
202602101145,8540.0,8560.0,8510.0,8520.0,7896
202602101200,8520.0,8520.0,8440.0,8460.0,17871
202602101215,8450.0,8490.0,8430.0,8450.0,2067
202602101230,8430.0,8450.0,8420.0,8430.0,2102
202602101245,8430.0,8450.0,8410.0,8430.0,5570
202602101300,8420.0,8450.0,8400.0,8410.0,5711
202602101315,8410.0,8420.0,8310.0,8400.0,10282
202602101330,8400.0,8520.0,8360.0,8480.0,12172
202602101345,8480.0,8580.0,8480.0,8500.0,9616
202602101400,8500.0,8510.0,8480.0,8490.0,966
202602101415,8490.0,8600.0,8470.0,8510.0,12153
202602101430,8510.0,8520.0,8480.0,8480.0,2257
202602101445,8480.0,8500.0,8440.0,8440.0,8694
202602101500,8450.0,8490.0,8440.0,8450.0,4952
202602101515,8460.0,8460.0,8350.0,8400.0,18819
202602110900,8420.0,8460.0,8400.0,8420.0,1769
202602110915,8420.0,8430.0,8370.0,8420.0,2290
202602110930,8420.0,8440.0,8390.0,8440.0,1190
202602110945,8450.0,8530.0,8430.0,8480.0,2501
202602111000,8480.0,8570.0,8460.0,8460.0,2854
202602111015,8510.0,8510.0,8470.0,8480.0,2049
202602111030,8480.0,8530.0,8470.0,8480.0,1102
202602111045,8490.0,8550.0,8480.0,8500.0,2614
202602111100,8510.0,8520.0,8480.0,8510.0,395
202602111115,8510.0,8580.0,8510.0,8550.0,3143
202602111130,8540.0,8550.0,8520.0,8520.0,1283
202602111145,8520.0,8580.0,8520.0,8570.0,1700
202602111200,8570.0,8580.0,8560.0,8560.0,2515
202602111215,8560.0,8570.0,8550.0,8560.0,1412
202602111230,8570.0,8620.0,8560.0,8610.0,3067
202602111245,8610.0,8650.0,8610.0,8640.0,786
202602111300,8650.0,8690.0,8620.0,8640.0,3724
202602111315,8640.0,8690.0,8630.0,8650.0,5903
202602111330,8640.0,8640.0,8610.0,8630.0,1097
202602111345,8630.0,8640.0,8600.0,8610.0,2302
202602111400,8600.0,8610.0,8570.0,8570.0,4486
202602111415,8570.0,8600.0,8540.0,8570.0,519
202602111430,8570.0,8630.0,8570.0,8600.0,483
202602111445,8610.0,8620.0,8580.0,8600.0,703
202602111500,8600.0,8630.0,8600.0,8630.0,521
202602111515,8630.0,8630.0,8580.0,8590.0,1501
202602120900,8780.0,8970.0,8700.0,8960.0,26060
202602120915,8970.0,8970.0,8700.0,8870.0,11365
202602120930,8870.0,8870.0,8740.0,8740.0,3793
202602120945,8770.0,8890.0,8770.0,8840.0,6693
202602121000,8840.0,8850.0,8760.0,8770.0,4824
202602121015,8770.0,8770.0,8700.0,8710.0,4158
202602121030,8710.0,8730.0,8650.0,8680.0,3511
202602121045,8700.0,8720.0,8670.0,8720.0,2993
202602121100,8720.0,8720.0,8680.0,8680.0,2739
202602121115,8690.0,8710.0,8670.0,8700.0,3790
202602121130,8680.0,8700.0,8650.0,8680.0,3028
202602121145,8670.0,8690.0,8650.0,8660.0,2008
202602121200,8680.0,8700.0,8650.0,8700.0,3431
202602121215,8700.0,8710.0,8660.0,8700.0,2675
202602121230,8700.0,8720.0,8660.0,8690.0,2402
202602121245,8690.0,8710.0,8670.0,8670.0,1785
202602121300,8690.0,8690.0,8670.0,8680.0,2683
202602121315,8690.0,8710.0,8670.0,8680.0,3080
202602121330,8690.0,8720.0,8650.0,8660.0,15707
202602121345,8680.0,8680.0,8640.0,8650.0,3035
202602121400,8640.0,8680.0,8630.0,8660.0,3992
202602121415,8650.0,8680.0,8640.0,8670.0,3070
202602121430,8660.0,8710.0,8650.0,8700.0,2671
202602121445,8690.0,8720.0,8660.0,8720.0,2711
202602121500,8720.0,8750.0,8710.0,8730.0,3705
202602121515,8740.0,8820.0,8700.0,8820.0,2490
202602130900,8830.0,9500.0,8820.0,9210.0,29962
202602130915,9210.0,9400.0,9000.0,9110.0,50346
202602130930,9110.0,9160.0,8970.0,8970.0,13542
202602130945,9010.0,9090.0,8980.0,9040.0,5071
202602131000,9040.0,9200.0,9020.0,9200.0,5066
202602131015,9190.0,9410.0,9190.0,9350.0,32699
202602131030,9350.0,9450.0,9250.0,9290.0,36072
202602131045,9250.0,9310.0,9190.0,9300.0,6488
202602131100,9320.0,9360.0,9250.0,9270.0,5571
202602131115,9270.0,9320.0,9230.0,9310.0,7689
202602131130,9300.0,9310.0,9270.0,9290.0,1567
202602131145,9270.0,9280.0,9200.0,9220.0,3457
202602131200,9230.0,9300.0,9220.0,9250.0,4262
202602131215,9290.0,9290.0,9230.0,9270.0,907
202602131230,9270.0,9270.0,9220.0,9220.0,2232
202602131245,9230.0,9230.0,9200.0,9220.0,2162
202602131300,9230.0,9240.0,9160.0,9180.0,4884
202602131315,9180.0,9250.0,9160.0,9250.0,12254
202602131330,9240.0,9310.0,9210.0,9260.0,9983
202602131345,9260.0,9310.0,9250.0,9280.0,12441
202602131400,9280.0,9280.0,9220.0,9250.0,7894
202602131415,9240.0,9300.0,9210.0,9230.0,8613
202602131430,9230.0,9250.0,9160.0,9170.0,9704
202602131445,9180.0,9190.0,9100.0,9130.0,8300
202602131500,9130.0,9140.0,9100.0,9130.0,9864
202602131515,9130.0,9200.0,9120.0,9200.0,5256
202602190900,9700.0,9780.0,9350.0,9490.0,34318
202602190915,9500.0,9510.0,9250.0,9340.0,33139
202602190930,9340.0,9470.0,9320.0,9410.0,10433
202602190945,9430.0,9500.0,9370.0,9430.0,13487
202602191000,9440.0,9450.0,9350.0,9360.0,5992
202602191015,9370.0,9370.0,9300.0,9320.0,7951
202602191030,9310.0,9310.0,9250.0,9260.0,12057
202602191045,9260.0,9320.0,9240.0,9320.0,5610
202602191100,9310.0,9320.0,9250.0,9260.0,4516
202602191115,9260.0,9310.0,9260.0,9310.0,4663
202602191130,9300.0,9340.0,9290.0,9330.0,7430
202602191145,9330.0,9330.0,9280.0,9300.0,10148
202602191200,9300.0,9320.0,9280.0,9310.0,2782
202602191215,9300.0,9320.0,9280.0,9320.0,3223
202602191230,9310.0,9320.0,9280.0,9290.0,2412
202602191245,9300.0,9340.0,9290.0,9330.0,5660
202602191300,9340.0,9340.0,9280.0,9290.0,2942
202602191315,9280.0,9340.0,9280.0,9310.0,7789
202602191330,9320.0,9380.0,9300.0,9380.0,9048
202602191345,9370.0,9410.0,9350.0,9370.0,7049
202602191400,9370.0,9420.0,9360.0,9400.0,4492
202602191415,9390.0,9440.0,9390.0,9440.0,4892
202602191430,9430.0,9500.0,9410.0,9480.0,9067
202602191445,9470.0,9510.0,9470.0,9510.0,4483
202602191500,9510.0,9560.0,9470.0,9470.0,5489
202602191515,9470.0,9540.0,9460.0,9540.0,4979
202602200900,9610.0,10570.0,9450.0,10570.0,65022
202602200915,10550.0,10550.0,10010.0,10210.0,146603
202602200930,10210.0,10470.0,10210.0,10210.0,43859
202602200945,10230.0,10490.0,10150.0,10300.0,57738
202602201000,10300.0,11680.0,10300.0,11590.0,264438
202602201015,11530.0,12400.0,11530.0,12400.0,1090616
202602201030,12400.0,12400.0,12400.0,12400.0,75332
202602201045,12400.0,12400.0,12400.0,12400.0,10584
202602201100,12400.0,12400.0,12400.0,12400.0,37762
202602201115,12400.0,12400.0,12400.0,12400.0,6745
202602201130,12400.0,12400.0,12400.0,12400.0,3634
202602201145,12400.0,12400.0,12400.0,12400.0,4050
202602201200,12400.0,12400.0,12400.0,12400.0,718
202602201215,12400.0,12400.0,12400.0,12400.0,12044
202602201230,12400.0,12400.0,12400.0,12400.0,1384
202602201245,12400.0,12400.0,12400.0,12400.0,708
202602201300,12400.0,12400.0,12400.0,12400.0,5689
202602201315,12400.0,12400.0,12400.0,12400.0,783
202602201330,12400.0,12400.0,12400.0,12400.0,1024
202602201345,12400.0,12400.0,12400.0,12400.0,100
202602201400,12400.0,12400.0,12400.0,12400.0,622
202602201415,12400.0,12400.0,12400.0,12400.0,195
202602201430,12400.0,12400.0,12400.0,12400.0,591
202602201445,12400.0,12400.0,12400.0,12400.0,174
202602201500,12400.0,12400.0,12400.0,12400.0,234
202602201515,12400.0,12400.0,12400.0,12400.0,10949
202602230900,16120.0,16120.0,15260.0,15695.0,1654396
202602230915,15700.0,15870.0,15410.0,15570.0,421078
202602230930,15570.0,15580.0,15000.0,15190.0,349191
202602230945,15200.0,15240.0,14760.0,14760.0,271028
202602231000,14770.0,15070.0,14510.0,15060.0,279681
202602231015,15070.0,15080.0,14810.0,15050.0,150040
202602231030,15050.0,15070.0,14920.0,15000.0,70467
202602231045,15010.0,15340.0,15000.0,15320.0,116043
202602231100,15330.0,15470.0,15030.0,15150.0,202284
202602231115,15130.0,15170.0,14910.0,14930.0,110100
202602231130,14970.0,15160.0,14930.0,15060.0,40862
202602231145,15050.0,15360.0,15000.0,15310.0,43511
202602231200,15310.0,15390.0,15170.0,15300.0,68704
202602231215,15300.0,15330.0,15110.0,15220.0,54947
202602231230,15260.0,15580.0,15220.0,15470.0,151352
202602231245,15470.0,15830.0,15440.0,15810.0,162133
202602231300,15810.0,16120.0,15680.0,16120.0,341139
202602231315,16120.0,16120.0,16120.0,16120.0,22994
202602231330,16120.0,16120.0,16120.0,16120.0,21015
202602231345,16120.0,16120.0,16120.0,16120.0,6447
202602231400,16120.0,16120.0,16120.0,16120.0,8878
202602231415,16120.0,16120.0,16120.0,16120.0,5864
202602231430,16120.0,16120.0,16120.0,16120.0,4749
202602231445,16120.0,16120.0,16120.0,16120.0,3894
202602231500,16120.0,16120.0,16120.0,16120.0,3662
202602231515,16120.0,16120.0,16120.0,16120.0,5164
202602240900,19340.0,19610.0,18560.0,18565.0,716969
202602240915,18565.0,18610.0,17440.0,17940.0,791787
202602240930,17940.0,18630.0,17690.0,18010.0,343737
202602240945,18010.0,18030.0,17070.0,17090.0,185138
202602241000,17095.0,17290.0,16900.0,17020.0,249804
202602241015,17020.0,17050.0,16270.0,16390.0,296680
202602241030,16390.0,16670.0,16200.0,16650.0,226553
202602241045,16650.0,16650.0,16280.0,16360.0,107947
202602241100,16360.0,16460.0,16200.0,16265.0,87749
202602241115,16270.0,16270.0,15610.0,15650.0,256173
202602241130,15650.0,15760.0,15550.0,15630.0,164990
202602241145,15650.0,15820.0,15520.0,15550.0,84879
202602241200,15540.0,15540.0,15340.0,15460.0,93113
202602241215,15460.0,15490.0,15260.0,15320.0,87241
202602241230,15320.0,15600.0,15320.0,15410.0,74298
202602241245,15410.0,15590.0,15400.0,15420.0,65059
202602241300,15420.0,15540.0,15270.0,15320.0,83818
202602241315,15320.0,15330.0,15140.0,15160.0,89726
202602241330,15160.0,15180.0,15000.0,15050.0,145772
202602241345,15050.0,15410.0,15000.0,15340.0,163201
202602241400,15330.0,15380.0,15150.0,15170.0,115351
202602241415,15160.0,15210.0,15030.0,15050.0,131335
202602241430,15040.0,15055.0,14910.0,14920.0,168065
202602241445,14910.0,15000.0,14830.0,14970.0,152780
202602241500,14970.0,15120.0,14940.0,14950.0,156942
202602241515,14940.0,15110.0,14890.0,15110.0,92935
202602250900,15340.0,15370.0,14530.0,14530.0,286738
202602250915,14530.0,14680.0,14470.0,14470.0,83370
202602250930,14470.0,14550.0,14380.0,14390.0,119876
202602250945,14380.0,14390.0,14210.0,14250.0,105128
202602251000,14210.0,14340.0,14210.0,14250.0,29047
202602251015,14260.0,14440.0,14240.0,14390.0,33634
202602251030,14390.0,14390.0,14330.0,14380.0,13472
202602251045,14390.0,14400.0,14340.0,14360.0,21125
202602251100,14360.0,14740.0,14340.0,14680.0,119796
202602251115,14690.0,14900.0,14550.0,14680.0,130104
202602251130,14680.0,14860.0,14580.0,14840.0,46360
202602251145,14850.0,15410.0,14850.0,15150.0,442345
202602251200,15140.0,15430.0,15090.0,15190.0,167918
202602251215,15190.0,15210.0,14770.0,15000.0,101920
202602251230,15000.0,15200.0,14920.0,15100.0,44109
202602251245,15100.0,15580.0,15050.0,15410.0,179624
202602251300,15410.0,15550.0,15200.0,15420.0,108268
202602251315,15420.0,15440.0,15290.0,15360.0,44519
202602251330,15350.0,15450.0,15200.0,15270.0,39384
202602251345,15260.0,15270.0,15110.0,15170.0,40108
202602251400,15120.0,15170.0,15000.0,15050.0,46169
202602251415,15050.0,15080.0,14920.0,14950.0,39662
202602251430,14950.0,14960.0,14750.0,14900.0,68747
202602251445,14900.0,14970.0,14830.0,14840.0,25496
202602251500,14840.0,14920.0,14800.0,14870.0,25246
202602251515,14880.0,14930.0,14850.0,14880.0,29403
202602260900,14270.0,14350.0,13700.0,13820.0,303296
202602260915,13830.0,13860.0,13570.0,13620.0,173784
202602260930,13620.0,13790.0,13570.0,13740.0,143039
202602260945,13740.0,14020.0,13730.0,13910.0,143178
202602261000,13910.0,14280.0,13790.0,14110.0,141226
202602261015,14110.0,14180.0,13960.0,14040.0,51176
202602261030,14020.0,14130.0,14000.0,14070.0,23499
202602261045,14100.0,14110.0,14010.0,14060.0,30157
202602261100,14060.0,14120.0,13980.0,14000.0,22768
202602261115,14010.0,14010.0,13900.0,13960.0,34321
202602261130,13950.0,13990.0,13910.0,13980.0,16580
202602261145,13980.0,14000.0,13900.0,13940.0,40807
202602261200,13930.0,13950.0,13840.0,13900.0,31771
202602261215,13920.0,13950.0,13870.0,13890.0,21989
202602261230,13880.0,14000.0,13880.0,13970.0,21419
202602261245,13980.0,14015.0,13950.0,13970.0,20099
202602261300,13960.0,13990.0,13920.0,13920.0,17493
202602261315,13920.0,13970.0,13910.0,13930.0,28463
202602261330,13940.0,13950.0,13870.0,13890.0,27578
202602261345,13880.0,13890.0,13820.0,13840.0,26597
202602261400,13830.0,13880.0,13810.0,13860.0,34809
202602261415,13850.0,13880.0,13800.0,13810.0,40120
202602261430,13800.0,13970.0,13800.0,13960.0,24596
202602261445,13970.0,13980.0,13900.0,13920.0,29579
202602261500,13920.0,13950.0,13910.0,13940.0,34592
202602261515,13940.0,13970.0,13890.0,13890.0,27365
202602270900,13470.0,13600.0,13310.0,13370.0,86398
202602270915,13390.0,13440.0,13250.0,13280.0,72024
202602270930,13290.0,13420.0,13200.0,13400.0,63284
202602270945,13400.0,13550.0,13340.0,13400.0,35583
202602271000,13390.0,13420.0,13310.0,13410.0,20030
202602271015,13410.0,13460.0,13340.0,13410.0,15365
202602271030,13410.0,13500.0,13390.0,13470.0,24733
202602271045,13490.0,13520.0,13390.0,13480.0,27132
202602271100,13480.0,13500.0,13440.0,13470.0,6579
202602271115,13470.0,13590.0,13440.0,13580.0,31690
202602271130,13580.0,13580.0,13500.0,13530.0,12534
202602271145,13540.0,13560.0,13480.0,13480.0,22664
202602271200,13480.0,13480.0,13440.0,13470.0,6305
202602271215,13450.0,13550.0,13440.0,13550.0,9145
202602271230,13550.0,13570.0,13530.0,13560.0,8985
202602271245,13560.0,13560.0,13530.0,13560.0,9960
202602271300,13540.0,13630.0,13540.0,13560.0,18428
202602271315,13570.0,13630.0,13540.0,13580.0,15411
202602271330,13580.0,13600.0,13460.0,13490.0,14703
202602271345,13490.0,13490.0,13440.0,13480.0,6314
202602271400,13480.0,13490.0,13440.0,13480.0,15320
202602271415,13480.0,13550.0,13440.0,13475.0,21739
202602271430,13490.0,13510.0,13420.0,13440.0,15058
202602271445,13430.0,13450.0,13310.0,13330.0,67942
202602271500,13320.0,13360.0,13300.0,13320.0,33612
202602271515,13320.0,13320.0,13300.0,13320.0,25513
202603030900,12740.0,13000.0,12730.0,12900.0,61552
202603030915,12920.0,12960.0,12820.0,12900.0,26609
202603030930,12900.0,12960.0,12850.0,12860.0,11381
202603030945,12860.0,12940.0,12820.0,12940.0,20594
202603031000,12940.0,13060.0,12930.0,13040.0,21753
202603031015,13040.0,13040.0,12880.0,12930.0,20983
202603031030,12930.0,12980.0,12910.0,12930.0,8521
202603031045,12930.0,12930.0,12810.0,12810.0,19474
202603031100,12800.0,12820.0,12690.0,12710.0,20077
202603031115,12720.0,12850.0,12630.0,12790.0,16610
202603031130,12790.0,12800.0,12720.0,12740.0,10789
202603031145,12730.0,12740.0,12560.0,12610.0,28895
202603031200,12570.0,12720.0,12550.0,12620.0,37395
202603031215,12620.0,12700.0,12500.0,12530.0,14657
202603031230,12540.0,12640.0,12470.0,12570.0,16632
202603031245,12570.0,12640.0,12550.0,12630.0,9076
202603031300,12630.0,12650.0,12560.0,12600.0,9855
202603031315,12600.0,12630.0,12550.0,12560.0,6131
202603031330,12560.0,12570.0,12460.0,12490.0,22214
202603031345,12490.0,12550.0,12320.0,12550.0,50947
202603031400,12550.0,12550.0,12410.0,12490.0,13244
202603031415,12490.0,12520.0,12420.0,12420.0,13590
202603031430,12420.0,12450.0,12380.0,12400.0,15394
202603031445,12390.0,12410.0,12240.0,12280.0,31987
202603031500,12290.0,12370.0,12110.0,12240.0,27367
202603031515,12230.0,12240.0,12170.0,12200.0,22741
202603040900,11330.0,11500.0,11200.0,11410.0,65110
202603040915,11420.0,11630.0,11240.0,11440.0,55162
202603040930,11410.0,11430.0,11200.0,11250.0,23880
202603040945,11300.0,11460.0,11250.0,11400.0,15582
202603041000,11400.0,11430.0,11260.0,11280.0,13672
202603041015,11280.0,11390.0,11150.0,11150.0,34730
202603041030,11150.0,11220.0,11090.0,11190.0,20794
202603041045,11210.0,11210.0,11070.0,11110.0,12392
202603041100,11110.0,11130.0,10920.0,10960.0,43258
202603041115,10950.0,10960.0,10890.0,10920.0,3141
202603041145,10680.0,10960.0,10550.0,10670.0,58633
202603041200,10670.0,10790.0,10470.0,10480.0,47591
202603041215,10500.0,10600.0,10360.0,10360.0,38069
202603041230,10400.0,10730.0,10210.0,10610.0,55088
202603041245,10660.0,10860.0,10510.0,10790.0,27028
202603041300,10810.0,10820.0,10600.0,10800.0,14226
202603041315,10790.0,10850.0,10630.0,10710.0,45298
202603041330,10700.0,10850.0,10650.0,10810.0,35348
202603041345,10810.0,10840.0,10590.0,10780.0,20530
202603041400,10780.0,10790.0,10610.0,10710.0,10029
202603041415,10720.0,10730.0,10500.0,10580.0,15773
202603041430,10580.0,10720.0,10460.0,10680.0,40741
202603041445,10680.0,10770.0,10610.0,10630.0,24625
202603041500,10630.0,10710.0,10450.0,10490.0,20841
202603041515,10490.0,10530.0,10360.0,10440.0,26433
202603050900,13570.0,13570.0,13570.0,13570.0,228130
202603050915,13570.0,13570.0,13570.0,13570.0,9815
202603050930,13570.0,13570.0,13570.0,13570.0,4321
202603050945,13570.0,13570.0,13570.0,13570.0,1546
202603051000,13570.0,13570.0,13570.0,13570.0,1416
202603051015,13570.0,13570.0,13570.0,13570.0,3045
202603051030,13570.0,13570.0,13570.0,13570.0,2147
202603051045,13570.0,13570.0,13570.0,13570.0,2081
202603051100,13570.0,13570.0,13570.0,13570.0,4273
202603051115,13570.0,13570.0,13570.0,13570.0,540
202603051130,13570.0,13570.0,13570.0,13570.0,712
202603051145,13570.0,13570.0,13570.0,13570.0,932
202603051200,13570.0,13570.0,13570.0,13570.0,1738
202603051215,13570.0,13570.0,13570.0,13570.0,849
202603051230,13570.0,13570.0,13570.0,13570.0,6185
202603051245,13570.0,13570.0,13570.0,13570.0,648
202603051300,13570.0,13570.0,13570.0,13570.0,864
202603051315,13570.0,13570.0,13570.0,13570.0,968
202603051330,13570.0,13570.0,13570.0,13570.0,911
202603051345,13570.0,13570.0,13570.0,13570.0,994
202603051400,13570.0,13570.0,13570.0,13570.0,309
202603051415,13570.0,13570.0,13570.0,13570.0,68
202603051430,13570.0,13570.0,13570.0,13570.0,1039
202603051445,13570.0,13570.0,13570.0,13570.0,16603
202603051500,13570.0,13570.0,13570.0,13570.0,331
202603051515,13570.0,13570.0,13570.0,13570.0,955
202603060900,15600.0,15600.0,14530.0,14690.0,740242
202603060915,14700.0,14920.0,14400.0,14830.0,290741
202603060930,14830.0,14980.0,14540.0,14730.0,154971
202603060945,14730.0,14830.0,14330.0,14370.0,115944
202603061000,14370.0,14650.0,14320.0,14440.0,71321
202603061015,14440.0,14440.0,14110.0,14270.0,107207
202603061030,14270.0,14400.0,14260.0,14330.0,35084
202603061045,14330.0,14450.0,14320.0,14430.0,33112
202603061100,14420.0,14440.0,14200.0,14430.0,39026
202603061115,14430.0,14490.0,14370.0,14450.0,24858
202603061130,14440.0,14470.0,14360.0,14420.0,19941
202603061145,14430.0,14490.0,14370.0,14410.0,33974
202603061200,14420.0,14550.0,14420.0,14550.0,32795
202603061215,14540.0,14560.0,14300.0,14350.0,38997
202603061230,14355.0,14450.0,14330.0,14430.0,20429
202603061245,14430.0,14470.0,14320.0,14330.0,22442
202603061300,14330.0,14340.0,14250.0,14270.0,26887
202603061315,14270.0,14400.0,14220.0,14350.0,44271
202603061330,14350.0,14360.0,14280.0,14300.0,17378
202603061345,14290.0,14350.0,14270.0,14290.0,24348
202603061400,14290.0,14370.0,14280.0,14350.0,16774
202603061415,14350.0,14350.0,14160.0,14250.0,42983
202603061430,14260.0,14430.0,14260.0,14365.0,27366
202603061445,14370.0,14570.0,14330.0,14550.0,51965
202603061500,14550.0,14610.0,14420.0,14500.0,53836
202603061515,14510.0,14570.0,14450.0,14570.0,35419
202603090900,13290.0,13560.0,13050.0,13350.0,103659
202603090915,13350.0,13390.0,13180.0,13340.0,65810
202603090930,13330.0,13440.0,13280.0,13360.0,28149
202603090945,13400.0,13420.0,13340.0,13380.0,32129
202603091000,13380.0,13490.0,13330.0,13450.0,20311
202603091015,13450.0,13820.0,13450.0,13680.0,45801
202603091030,13680.0,13690.0,13680.0,13690.0,897
202603091100,13740.0,13960.0,13430.0,13960.0,51190
202603091115,13960.0,14490.0,13950.0,14340.0,131603
202603091130,14310.0,14320.0,13910.0,13990.0,22352
202603091145,13990.0,14080.0,13970.0,13990.0,9992
202603091200,13980.0,13980.0,13800.0,13880.0,8668
202603091215,13880.0,13960.0,13830.0,13840.0,3258
202603091230,13830.0,13850.0,13600.0,13680.0,16237
202603091245,13690.0,13940.0,13690.0,13780.0,10190
202603091300,13770.0,13820.0,13700.0,13740.0,6377
202603091315,13740.0,13980.0,13720.0,13920.0,14285
202603091330,13900.0,13900.0,13730.0,13870.0,13299
202603091345,13890.0,13970.0,13600.0,13710.0,14319
202603091400,13720.0,13930.0,13610.0,13870.0,5927
202603091415,13870.0,14180.0,13810.0,14110.0,29929
202603091430,14110.0,14170.0,13760.0,13950.0,19791
202603091445,13950.0,14150.0,13920.0,14100.0,14598
202603091500,14100.0,14330.0,13980.0,14300.0,40541
202603091515,14300.0,14440.0,14290.0,14400.0,42975
202603100900,14680.0,14700.0,14230.0,14480.0,187936
202603100915,14480.0,14700.0,14420.0,14620.0,60614
202603100930,14590.0,14780.0,14580.0,14600.0,52367
202603100945,14590.0,14610.0,14390.0,14390.0,18322
202603101000,14400.0,14490.0,14370.0,14480.0,14210
202603101015,14470.0,14510.0,14320.0,14470.0,15176
202603101030,14470.0,14740.0,14440.0,14730.0,29271
202603101045,14720.0,14730.0,14530.0,14650.0,17275
202603101100,14650.0,14660.0,14510.0,14540.0,8175
202603101115,14540.0,14640.0,14540.0,14620.0,10851
202603101130,14620.0,14620.0,14400.0,14420.0,20632
202603101145,14420.0,14430.0,14340.0,14340.0,22837
202603101200,14340.0,14410.0,14330.0,14400.0,19125
202603101215,14400.0,14420.0,14380.0,14415.0,6196
202603101230,14415.0,14415.0,14220.0,14220.0,26297
202603101245,14220.0,14290.0,14090.0,14180.0,16899
202603101300,14170.0,14170.0,13980.0,14130.0,17849
202603101315,14130.0,14400.0,14080.0,14400.0,16781
202603101330,14400.0,14510.0,14300.0,14430.0,36568
202603101345,14410.0,14550.0,14370.0,14420.0,17886
202603101400,14410.0,14530.0,14410.0,14500.0,16210
202603101415,14500.0,14590.0,14460.0,14580.0,16478
202603101430,14590.0,14590.0,14410.0,14460.0,22099
202603101445,14460.0,14650.0,14420.0,14600.0,25288
202603101500,14600.0,14620.0,14500.0,14520.0,16785
202603101515,14520.0,14540.0,14410.0,14410.0,12503
202603110900,14590.0,14740.0,14450.0,14530.0,71871
202603110915,14530.0,14620.0,14400.0,14540.0,58325
202603110930,14520.0,14610.0,14420.0,14460.0,24965
202603110945,14470.0,14570.0,14410.0,14460.0,50333
202603111000,14460.0,14740.0,14430.0,14650.0,71604
202603111015,14650.0,14850.0,14620.0,14690.0,99162
202603111030,14690.0,14760.0,14500.0,14620.0,40445
202603111045,14620.0,14630.0,14550.0,14610.0,19371
202603111100,14610.0,14770.0,14570.0,14740.0,32184
202603111115,14740.0,14810.0,14670.0,14760.0,40456
202603111130,14760.0,14880.0,14690.0,14870.0,44919
202603111145,14860.0,14860.0,14760.0,14810.0,25115
202603111200,14800.0,14870.0,14780.0,14850.0,19768
202603111215,14840.0,14890.0,14820.0,14850.0,34188
202603111230,14850.0,15360.0,14820.0,15130.0,229623
202603111245,15130.0,15200.0,14800.0,14820.0,99839
202603111300,14830.0,15070.0,14830.0,15040.0,23519
202603111315,15030.0,15120.0,14930.0,15090.0,17896
202603111330,15090.0,15100.0,15000.0,15070.0,16836
202603111345,15030.0,15080.0,14940.0,15040.0,12098
202603111400,15030.0,15030.0,14780.0,14830.0,23733
202603111415,14860.0,15290.0,14810.0,15220.0,63730
202603111430,15220.0,15290.0,15000.0,15130.0,82081
202603111445,15110.0,15270.0,15070.0,15130.0,72264
202603111500,15150.0,15420.0,14900.0,15370.0,119807
202603111515,15370.0,15600.0,15370.0,15560.0,80107
202603120900,14790.0,14880.0,14560.0,14750.0,56833
202603120915,14770.0,14980.0,14740.0,14880.0,20531
202603120930,14900.0,14980.0,14770.0,14870.0,23331
202603120945,14880.0,14920.0,14720.0,14770.0,14767
202603121000,14780.0,14820.0,14600.0,14610.0,35024
202603121015,14620.0,14620.0,14400.0,14470.0,74781
202603121030,14470.0,14550.0,14430.0,14530.0,33314
202603121045,14540.0,14550.0,14460.0,14460.0,27577
202603121100,14470.0,14500.0,14450.0,14460.0,20762
202603121115,14450.0,14460.0,14170.0,14180.0,59648
202603121130,14190.0,14260.0,14030.0,14110.0,46438
202603121145,14110.0,14150.0,14070.0,14100.0,31941
202603121200,14090.0,14200.0,14070.0,14100.0,19609
202603121215,14100.0,14200.0,14100.0,14140.0,11065
202603121230,14140.0,14180.0,14100.0,14100.0,12969
202603121245,14100.0,14110.0,14000.0,14000.0,32909
202603121300,14010.0,14100.0,14000.0,14080.0,9886
202603121315,14070.0,14130.0,14040.0,14060.0,18040
202603121330,14050.0,14070.0,14000.0,14060.0,24059
202603121345,14050.0,14170.0,14040.0,14070.0,8013
202603121400,14070.0,14160.0,14050.0,14070.0,15230
202603121415,14070.0,14090.0,14010.0,14010.0,18697
202603121430,14020.0,14030.0,13910.0,14010.0,36466
202603121445,14010.0,14020.0,13930.0,13980.0,26753
202603121500,13970.0,14040.0,13920.0,14020.0,18090
202603121515,14020.0,14090.0,13870.0,14020.0,33312
202603130900,13510.0,13650.0,13400.0,13650.0,31554
202603130915,13650.0,13650.0,13400.0,13440.0,19940
202603130930,13440.0,13540.0,13400.0,13490.0,13027
202603130945,13490.0,13610.0,13420.0,13610.0,12802
202603131000,13600.0,13770.0,13600.0,13720.0,13102
202603131015,13720.0,13820.0,13450.0,13590.0,16104
202603131030,13700.0,13740.0,13660.0,13730.0,6240
202603131045,13730.0,13740.0,13590.0,13670.0,11965
202603131100,13670.0,13670.0,13490.0,13510.0,20796
202603131115,13520.0,13620.0,13490.0,13540.0,17124
202603131130,13550.0,13590.0,13490.0,13540.0,13113
202603131145,13540.0,13630.0,13540.0,13580.0,5033
202603131200,13600.0,13620.0,13500.0,13520.0,12187
202603131215,13510.0,13530.0,13480.0,13530.0,3357
202603131230,13520.0,13530.0,13410.0,13460.0,10285
202603131245,13460.0,13520.0,13460.0,13520.0,2819
202603131300,13510.0,13510.0,13440.0,13470.0,4026
202603131315,13460.0,13460.0,13380.0,13380.0,26780
202603131330,13370.0,13430.0,13290.0,13340.0,15884
202603131345,13340.0,13400.0,13320.0,13330.0,15261
202603131400,13330.0,13330.0,13240.0,13260.0,12872
202603131415,13260.0,13430.0,13220.0,13330.0,10990
202603131430,13330.0,13360.0,13280.0,13290.0,17957
202603131445,13280.0,13290.0,13210.0,13270.0,12211
202603131500,13270.0,13310.0,13250.0,13290.0,11635
202603131515,13300.0,13300.0,13200.0,13200.0,24380
202603160900,15010.0,15800.0,14760.0,15800.0,449350
202603160915,15800.0,15800.0,14910.0,15070.0,230425
202603160930,15080.0,15250.0,14940.0,15060.0,95675
202603160945,15050.0,15370.0,14980.0,15060.0,86238
202603161000,15060.0,15190.0,14960.0,15010.0,52514
202603161015,15010.0,15330.0,14990.0,15190.0,61549
202603161030,15190.0,15320.0,15100.0,15220.0,41930
202603161045,15220.0,15540.0,15170.0,15340.0,70765
202603161100,15340.0,15400.0,15200.0,15230.0,27522
202603161115,15230.0,15450.0,15160.0,15430.0,42297
202603161130,15430.0,15460.0,15280.0,15330.0,32409
202603161145,15320.0,15910.0,15320.0,15740.0,229244
202603161200,15760.0,16180.0,15590.0,15760.0,603104
202603161215,15760.0,16350.0,15530.0,16200.0,364345
202603161230,16200.0,16810.0,16120.0,16560.0,536115
202603161245,16550.0,16570.0,16230.0,16360.0,209148
202603161300,16350.0,17060.0,16160.0,16860.0,491465
202603161315,16860.0,17080.0,16640.0,16700.0,335104
202603161330,16700.0,17160.0,16680.0,17160.0,409431
202603161345,17160.0,17160.0,17160.0,17160.0,47598
202603161400,17160.0,17160.0,17160.0,17160.0,11158
202603161415,17160.0,17160.0,17160.0,17160.0,17667
202603161430,17160.0,17160.0,17160.0,17160.0,10674
202603161445,17160.0,17160.0,17160.0,17160.0,4007
202603161500,17160.0,17160.0,17160.0,17160.0,6127
202603161515,17160.0,17160.0,17160.0,17160.0,12526
202603170900,19160.0,20900.0,19030.0,19960.0,1518444
202603170915,19960.0,20200.0,19240.0,19330.0,465638
202603170930,19330.0,19490.0,19050.0,19080.0,182494
202603170945,19090.0,19350.0,18890.0,18900.0,197493
202603171000,18900.0,19000.0,18410.0,18640.0,234645
202603171015,18640.0,18930.0,18550.0,18570.0,106384
202603171030,18560.0,18560.0,18140.0,18180.0,137738
202603171045,18180.0,18330.0,18140.0,18310.0,53368
202603171100,18310.0,18600.0,18190.0,18200.0,101933
202603171115,18190.0,18470.0,18160.0,18370.0,52519
202603171130,18380.0,18400.0,18170.0,18190.0,42625
202603171145,18190.0,18320.0,18140.0,18280.0,37878
202603171200,18280.0,18360.0,18200.0,18340.0,49248
202603171215,18310.0,18480.0,18250.0,18430.0,30862
202603171230,18430.0,18440.0,18250.0,18285.0,38441
202603171245,18290.0,18390.0,18250.0,18280.0,27718
202603171300,18290.0,18480.0,18270.0,18480.0,36516
202603171315,18450.0,18480.0,18260.0,18290.0,35723
202603171330,18290.0,18300.0,18020.0,18130.0,98074
202603171345,18120.0,18200.0,18040.0,18110.0,29386
202603171400,18110.0,18120.0,17760.0,17780.0,87349
202603171415,17780.0,17880.0,17620.0,17840.0,76938
202603171430,17840.0,17930.0,17740.0,17880.0,28848
202603171445,17870.0,17875.0,17550.0,17610.0,54444
202603171500,17630.0,17630.0,17250.0,17330.0,107945
202603171515,17330.0,17500.0,17260.0,17500.0,43909
202603180900,19440.0,19460.0,18310.0,18730.0,530659
202603180915,18720.0,18910.0,18270.0,18300.0,217850
202603180930,18300.0,18440.0,18150.0,18210.0,118623
202603180945,18250.0,18470.0,18210.0,18320.0,65677
202603181000,18310.0,18410.0,18220.0,18250.0,43602
202603181015,18260.0,18260.0,17500.0,17820.0,136739
202603181030,17840.0,18140.0,17810.0,17970.0,48682
202603181045,17970.0,18100.0,17880.0,17880.0,28599
202603181100,17880.0,18070.0,17800.0,18030.0,27865
202603181115,18030.0,18060.0,17990.0,18000.0,21556
202603181130,18000.0,18010.0,17930.0,17930.0,16650
202603181145,17925.0,17980.0,17880.0,17940.0,20815
202603181200,17950.0,18130.0,17940.0,18030.0,25782
202603181215,18030.0,18030.0,17940.0,17960.0,14448
202603181230,17960.0,18010.0,17940.0,17980.0,11594
202603181245,17980.0,18010.0,17960.0,17990.0,15967
202603181300,17990.0,18000.0,17950.0,17960.0,14916
202603181315,17970.0,18020.0,17940.0,17970.0,20419
202603181330,17970.0,17970.0,17890.0,17900.0,18043
202603181345,17890.0,18020.0,17870.0,18010.0,24568
202603181400,18010.0,18010.0,17880.0,17880.0,25967
202603181415,17880.0,17910.0,17860.0,17870.0,25303
202603181430,17870.0,17900.0,17820.0,17870.0,20093
202603181445,17870.0,18110.0,17860.0,18100.0,25469
202603181500,18100.0,18250.0,18080.0,18140.0,68573
202603181515,18140.0,18340.0,18140.0,18280.0,58533
202603190900,17580.0,17620.0,17090.0,17310.0,108775
202603190915,17350.0,17520.0,17330.0,17510.0,36458
202603190930,17520.0,17650.0,17450.0,17470.0,33551
202603190945,17480.0,17500.0,17420.0,17430.0,17563
202603191000,17430.0,17480.0,17310.0,17460.0,19140
202603191015,17460.0,17660.0,17450.0,17600.0,30490
202603191030,17600.0,17750.0,17600.0,17750.0,22875
202603191045,17720.0,17830.0,17590.0,17650.0,28051
202603191100,17640.0,17655.0,17575.0,17650.0,10924
202603191115,17650.0,17800.0,17600.0,17780.0,12124
202603191130,17790.0,17870.0,17680.0,17750.0,25234
202603191145,17750.0,17780.0,17710.0,17760.0,5170
202603191200,17760.0,17900.0,17740.0,17900.0,15088
202603191215,17870.0,17930.0,17780.0,17820.0,18324
202603191230,17820.0,17870.0,17750.0,17770.0,8502
202603191245,17780.0,17815.0,17750.0,17810.0,10192
202603191300,17810.0,17920.0,17810.0,17890.0,17833
202603191315,17890.0,18010.0,17840.0,17840.0,23328
202603191330,17830.0,17830.0,17750.0,17780.0,12305
202603191345,17780.0,17810.0,17720.0,17720.0,9543
202603191400,17730.0,17730.0,17510.0,17520.0,25052
202603191415,17530.0,17620.0,17480.0,17580.0,18767
202603191430,17580.0,17580.0,17450.0,17510.0,14505
202603191445,17510.0,17660.0,17510.0,17630.0,11944
202603191500,17620.0,17840.0,17620.0,17800.0,22008
202603191515,17800.0,17980.0,17780.0,17880.0,28468
202603200900,17320.0,17910.0,17040.0,17240.0,121778
202603200915,17240.0,17360.0,17090.0,17130.0,71100
202603200930,17130.0,17230.0,17030.0,17110.0,51118
202603200945,17110.0,17170.0,17040.0,17040.0,28722
202603201000,17050.0,17090.0,17020.0,17080.0,25520
202603201015,17080.0,17140.0,17050.0,17130.0,13449
202603201030,17130.0,17250.0,17100.0,17240.0,20835
202603201045,17240.0,17260.0,17130.0,17150.0,20118
202603201100,17150.0,17200.0,17120.0,17120.0,9207
202603201115,17120.0,17130.0,17070.0,17080.0,16307
202603201130,17085.0,17110.0,17070.0,17080.0,13075
202603201145,17090.0,17090.0,17040.0,17050.0,18594
202603201200,17050.0,17080.0,17040.0,17070.0,11775
202603201215,17070.0,17130.0,17040.0,17130.0,12084
202603201230,17120.0,17250.0,17060.0,17210.0,21771
202603201245,17200.0,17310.0,17180.0,17270.0,12226
202603201300,17265.0,17265.0,17190.0,17190.0,16243
202603201315,17190.0,17190.0,17070.0,17100.0,16787
202603201330,17090.0,17110.0,17090.0,17090.0,7754
202603201345,17100.0,17110.0,17070.0,17080.0,13767
202603201400,17080.0,17080.0,17020.0,17040.0,20276
202603201415,17050.0,17140.0,17040.0,17070.0,22194
202603201430,17070.0,17110.0,17060.0,17110.0,11855
202603201445,17110.0,17180.0,17100.0,17160.0,15252
202603201500,17160.0,17220.0,17110.0,17130.0,29397
202603201515,17130.0,17210.0,17120.0,17210.0,23302
202603230900,16310.0,16320.0,15970.0,16040.0,56884
202603230915,16040.0,16190.0,15970.0,16070.0,30906
202603230930,16070.0,16080.0,16000.0,16020.0,31307
202603230945,16000.0,16070.0,15950.0,15970.0,29522
202603231000,15960.0,16250.0,15950.0,16250.0,23870
202603231015,16250.0,16250.0,16140.0,16170.0,11005
202603231030,16170.0,16480.0,16130.0,16410.0,27345
202603231045,16420.0,16440.0,16220.0,16230.0,15644
202603231100,16230.0,16270.0,16120.0,16130.0,10775
202603231115,16120.0,16220.0,16030.0,16200.0,17596
202603231130,16190.0,16190.0,16100.0,16120.0,5997
202603231145,16120.0,16190.0,16050.0,16110.0,7366
202603231200,16110.0,16150.0,16060.0,16070.0,3969
202603231215,16070.0,16130.0,16030.0,16070.0,5220
202603231230,16070.0,16140.0,16060.0,16110.0,2495
202603231245,16120.0,16140.0,16100.0,16100.0,2545
202603231300,16100.0,16130.0,16060.0,16110.0,6025
202603231315,16130.0,16150.0,16070.0,16080.0,10585
202603231330,16080.0,16090.0,16050.0,16050.0,16224
202603231345,16050.0,16070.0,15990.0,16010.0,15306
202603231400,16010.0,16070.0,16000.0,16030.0,5554
202603231415,16030.0,16040.0,16000.0,16000.0,9513
202603231430,16010.0,16020.0,15970.0,15975.0,15574
202603231445,15970.0,15970.0,15910.0,15960.0,18304
202603231500,15960.0,16000.0,15870.0,15900.0,17526
202603231515,15900.0,15910.0,15820.0,15840.0,16917
202603240900,16320.0,16570.0,16100.0,16230.0,48845
202603240915,16240.0,16300.0,16140.0,16250.0,16825
202603240930,16240.0,16250.0,15970.0,16100.0,18804
202603240945,16120.0,16120.0,15840.0,15840.0,16012
202603241000,15850.0,15900.0,15700.0,15710.0,19940
202603241015,15700.0,15930.0,15610.0,15860.0,15935
202603241030,15870.0,15880.0,15620.0,15650.0,11029
202603241045,15650.0,15650.0,15400.0,15470.0,19866
202603241100,15480.0,15620.0,15480.0,15550.0,7530
202603241115,15540.0,15650.0,15530.0,15570.0,12598
202603241130,15570.0,15660.0,15570.0,15640.0,3513
202603241145,15630.0,15650.0,15560.0,15600.0,4399
202603241200,15600.0,15620.0,15550.0,15600.0,4206
202603241215,15600.0,15640.0,15550.0,15570.0,3522
202603241230,15570.0,15650.0,15500.0,15650.0,10180
202603241245,15640.0,15650.0,15580.0,15640.0,4717
202603241300,15620.0,15790.0,15620.0,15690.0,9283
202603241315,15700.0,15720.0,15650.0,15660.0,3681
202603241330,15670.0,15710.0,15660.0,15660.0,2803
202603241345,15650.0,15690.0,15640.0,15650.0,8237
202603241400,15650.0,15680.0,15550.0,15640.0,13020
202603241415,15630.0,15660.0,15580.0,15580.0,9423
202603241430,15590.0,15610.0,15570.0,15600.0,5272
202603241445,15580.0,15630.0,15580.0,15600.0,5269
202603241500,15600.0,15690.0,15590.0,15650.0,7511
202603241515,15650.0,15650.0,15600.0,15600.0,9839
202603250900,18000.0,18010.0,17000.0,17250.0,260774
202603250915,17250.0,17350.0,17030.0,17190.0,80308
202603250930,17190.0,17310.0,16800.0,16920.0,88221
202603250945,16910.0,16980.0,16650.0,16770.0,53881
202603251000,16770.0,17040.0,16760.0,17030.0,32044
202603251015,17030.0,17190.0,16950.0,17030.0,27386
202603251030,17030.0,17070.0,16890.0,16960.0,16161
202603251045,16960.0,17060.0,16950.0,17040.0,16989
202603251100,17040.0,17040.0,16780.0,16825.0,20739
202603251115,16820.0,16960.0,16820.0,16940.0,9527
202603251130,16960.0,16990.0,16930.0,16970.0,7813
202603251145,16970.0,17090.0,16940.0,16970.0,20498
202603251200,16980.0,17190.0,16930.0,17080.0,27363
202603251215,17120.0,17400.0,17080.0,17310.0,52010
202603251230,17310.0,17340.0,17180.0,17210.0,18252
202603251245,17210.0,17480.0,17200.0,17310.0,38324
202603251300,17360.0,17900.0,17260.0,17880.0,155911
202603251315,17880.0,17890.0,17320.0,17350.0,106811
202603251330,17340.0,17430.0,17250.0,17310.0,30843
202603251345,17300.0,17380.0,17250.0,17270.0,19193
202603251400,17290.0,17370.0,17170.0,17240.0,46350
202603251415,17230.0,17410.0,17210.0,17310.0,21203
202603251430,17320.0,17430.0,17290.0,17380.0,22002
202603251445,17360.0,18200.0,17340.0,17540.0,305113
202603251500,17540.0,17920.0,17460.0,17630.0,101046
202603251515,17630.0,17870.0,17630.0,17870.0,79377
202603260900,17345.0,17360.0,16910.0,16910.0,96715
202603260915,16920.0,17090.0,16900.0,16960.0,36909
202603260930,16970.0,17160.0,16960.0,17150.0,20662
202603260945,17140.0,17220.0,16960.0,17060.0,23252
202603261000,17050.0,17200.0,17010.0,17140.0,14217
202603261015,17140.0,17200.0,17050.0,17090.0,21969
202603261030,17090.0,17170.0,17060.0,17170.0,20367
202603261045,17170.0,17250.0,17130.0,17130.0,13571
202603261100,17160.0,17160.0,17020.0,17050.0,20948
202603261115,17040.0,17180.0,17020.0,17120.0,19167
202603261130,17130.0,17170.0,17030.0,17130.0,16794
202603261145,17140.0,17150.0,17060.0,17120.0,6983
202603261200,17120.0,17300.0,17100.0,17280.0,11536
202603261215,17280.0,17360.0,17260.0,17300.0,13809
202603261230,17300.0,17640.0,17230.0,17560.0,29070
202603261245,17540.0,17640.0,17510.0,17600.0,22087
202603261300,17600.0,17680.0,17430.0,17540.0,17686
202603261315,17540.0,17580.0,17430.0,17500.0,9857
202603261330,17510.0,17560.0,17430.0,17520.0,7971
202603261345,17530.0,17610.0,17450.0,17480.0,12262
202603261400,17480.0,17510.0,17340.0,17340.0,13513
202603261415,17340.0,17370.0,17300.0,17310.0,10109
202603261430,17300.0,17330.0,17230.0,17300.0,13669
202603261445,17300.0,17350.0,17270.0,17300.0,10389
202603261500,17300.0,17300.0,17180.0,17240.0,20252
202603261515,17240.0,17280.0,17210.0,17230.0,12686
202603270900,17740.0,17860.0,17020.0,17180.0,125352
202603270915,17180.0,17180.0,16790.0,16860.0,58917
202603270930,16880.0,17040.0,16800.0,16860.0,17154
202603270945,16860.0,16970.0,16820.0,16940.0,12304
202603271000,16870.0,16960.0,16850.0,16960.0,11470
202603271015,16940.0,17230.0,16940.0,17200.0,13922
202603271030,17190.0,17470.0,17170.0,17320.0,22444
202603271045,17330.0,17410.0,17170.0,17180.0,14085
202603271100,17180.0,17260.0,17110.0,17240.0,10327
202603271115,17230.0,17240.0,17060.0,17060.0,14130
202603271130,17070.0,17230.0,17060.0,17230.0,2628
202603271145,17220.0,17330.0,17150.0,17330.0,9980
202603271200,17320.0,17330.0,17250.0,17280.0,5518
202603271215,17270.0,17270.0,17200.0,17200.0,7514
202603271230,17200.0,17350.0,17200.0,17340.0,6259
202603271245,17330.0,17430.0,17320.0,17360.0,11244
202603271300,17350.0,17580.0,17330.0,17490.0,35253
202603271315,17500.0,17500.0,17310.0,17340.0,19553
202603271330,17350.0,17570.0,17300.0,17550.0,12700
202603271345,17560.0,18490.0,17550.0,17880.0,276519
202603271400,17920.0,17920.0,17700.0,17760.0,41462
202603271415,17760.0,18130.0,17720.0,17760.0,48567
202603271430,17780.0,17830.0,17600.0,17660.0,29917
202603271445,17660.0,17770.0,17610.0,17720.0,21947
202603271500,17730.0,17940.0,17720.0,17820.0,36933
202603271515,17820.0,17970.0,17820.0,17910.0,29396
202603300900,16830.0,17020.0,16560.0,16800.0,49732
202603300915,16780.0,16950.0,16730.0,16820.0,19332
202603300930,16820.0,16820.0,16700.0,16710.0,26790
202603300945,16710.0,16780.0,16620.0,16690.0,11528
202603301000,16690.0,16770.0,16660.0,16690.0,4775
202603301015,16680.0,16750.0,16650.0,16750.0,6505
202603301030,16710.0,17080.0,16700.0,17050.0,14270
202603301045,17050.0,17050.0,16830.0,16830.0,9624
202603301100,16890.0,17090.0,16810.0,17000.0,3602
202603301115,16910.0,16960.0,16820.0,16820.0,4742
202603301130,16830.0,17000.0,16810.0,16990.0,4527
202603301145,16960.0,16980.0,16880.0,16900.0,3800
202603301200,16880.0,17020.0,16880.0,16990.0,6797
202603301215,16950.0,17050.0,16950.0,17040.0,5569
202603301230,17040.0,17040.0,16970.0,16970.0,6907
202603301245,16975.0,17030.0,16950.0,16960.0,5594
202603301300,16960.0,16980.0,16930.0,16940.0,4337
202603301315,16940.0,16990.0,16910.0,16930.0,2969
202603301330,16940.0,16940.0,16740.0,16740.0,14597
202603301345,16735.0,16780.0,16670.0,16780.0,16824
202603301400,16770.0,16860.0,16730.0,16860.0,9239
202603301415,16860.0,16920.0,16790.0,16900.0,13544
202603301430,16900.0,17040.0,16810.0,17040.0,16803
202603301445,17040.0,17040.0,16820.0,16900.0,30085
202603301500,16900.0,17050.0,16830.0,17000.0,26154
202603301515,17000.0,17110.0,16970.0,17020.0,23090
202603310900,16660.0,16670.0,16290.0,16320.0,26116
202603310915,16310.0,16320.0,16110.0,16220.0,28681
202603310930,16250.0,16530.0,16240.0,16520.0,9835
202603310945,16380.0,16560.0,16310.0,16360.0,6932
202603311000,16370.0,16380.0,16150.0,16200.0,9156
202603311015,16210.0,16340.0,16210.0,16300.0,3488
202603311030,16310.0,16460.0,16300.0,16450.0,9317
202603311045,16460.0,16540.0,16410.0,16460.0,9571
202603311100,16470.0,16570.0,16450.0,16500.0,16504
202603311115,16510.0,16550.0,16420.0,16420.0,11110
202603311130,16430.0,16460.0,16390.0,16410.0,5602
202603311145,16420.0,16550.0,16400.0,16500.0,8108
202603311200,16500.0,16570.0,16450.0,16500.0,7840
202603311215,16500.0,16520.0,16440.0,16440.0,18176
202603311230,16440.0,16460.0,16400.0,16400.0,11507
202603311245,16400.0,16410.0,16320.0,16350.0,9974
202603311300,16350.0,16360.0,16160.0,16190.0,11472
202603311315,16170.0,16300.0,16170.0,16220.0,7501
202603311330,16220.0,16370.0,16200.0,16320.0,9929
202603311345,16320.0,16380.0,16230.0,16250.0,8664
202603311400,16250.0,16280.0,16180.0,16180.0,8727
202603311415,16180.0,16260.0,16150.0,16250.0,7871
202603311430,16240.0,16250.0,16200.0,16220.0,5734
202603311445,16230.0,16260.0,16160.0,16190.0,9304
202603311500,16180.0,16190.0,16100.0,16100.0,16448
202603311515,16100.0,16140.0,16010.0,16130.0,9489
202604010900,16870.0,16900.0,16500.0,16710.0,22681
202604010915,16710.0,16720.0,16320.0,16470.0,19267
202604010930,16470.0,17020.0,16460.0,16760.0,21370
202604010945,16760.0,16820.0,16350.0,16720.0,12602
202604011000,16720.0,16720.0,16520.0,16610.0,7593
202604011015,16620.0,16750.0,16580.0,16740.0,9925
202604011030,16750.0,16820.0,16620.0,16760.0,8091
202604011045,16760.0,16810.0,16740.0,16800.0,6228
202604011100,16770.0,16820.0,16760.0,16770.0,6723
202604011115,16770.0,16820.0,16760.0,16820.0,4515
202604011130,16820.0,16820.0,16800.0,16810.0,3201
202604011145,16820.0,16820.0,16770.0,16790.0,2632
202604011200,16790.0,16790.0,16700.0,16700.0,5488
202604011215,16710.0,16810.0,16710.0,16770.0,3866
202604011230,16770.0,16810.0,16700.0,16730.0,4218
202604011245,16730.0,16740.0,16650.0,16670.0,10183
202604011300,16680.0,16690.0,16610.0,16615.0,4069
202604011315,16620.0,16700.0,16610.0,16660.0,3830
202604011330,16660.0,16730.0,16600.0,16610.0,6546
202604011345,16620.0,16680.0,16620.0,16630.0,6151
202604011400,16630.0,16640.0,16610.0,16620.0,4659
202604011415,16620.0,16700.0,16610.0,16690.0,4829
202604011430,16700.0,16710.0,16630.0,16640.0,9722
202604011445,16640.0,16645.0,16610.0,16620.0,12105
202604011500,16620.0,16640.0,16600.0,16610.0,12803
202604011515,16610.0,16650.0,16610.0,16630.0,12585
202604020900,17140.0,17150.0,16710.0,16810.0,31470
202604020915,16810.0,17010.0,16710.0,16750.0,17914
202604020930,16750.0,16760.0,16600.0,16690.0,13203
202604020945,16670.0,16900.0,16660.0,16720.0,7995
202604021000,16700.0,16710.0,16490.0,16630.0,14673
202604021015,16630.0,16630.0,16280.0,16360.0,22300
202604021030,16350.0,16450.0,16120.0,16310.0,30518
202604021045,16320.0,16690.0,16310.0,16540.0,23897
202604021100,16540.0,16630.0,16480.0,16610.0,13451
202604021115,16620.0,16790.0,16620.0,16700.0,13814
202604021130,16720.0,16750.0,16620.0,16730.0,14290
202604021145,16730.0,16730.0,16600.0,16680.0,6398
202604021200,16680.0,16710.0,16630.0,16700.0,7182
202604021215,16700.0,16700.0,16630.0,16690.0,4347
202604021230,16690.0,16690.0,16600.0,16640.0,6012
202604021245,16670.0,16670.0,16600.0,16630.0,4427
202604021300,16620.0,16700.0,16620.0,16680.0,5553
202604021315,16690.0,16740.0,16660.0,16730.0,7525
202604021330,16730.0,16750.0,16660.0,16720.0,5240
202604021345,16730.0,16740.0,16670.0,16720.0,7463
202604021400,16730.0,16740.0,16650.0,16720.0,14279
202604021415,16710.0,16740.0,16630.0,16650.0,13134
202604021430,16650.0,16670.0,16500.0,16500.0,23352
202604021445,16500.0,16570.0,16470.0,16520.0,26630
202604021500,16520.0,16650.0,16500.0,16650.0,12636
202604021515,16640.0,16820.0,16630.0,16820.0,16048
202604030900,17100.0,17460.0,17020.0,17090.0,38962
202604030915,17090.0,17130.0,16850.0,16910.0,18403
202604030930,16910.0,17000.0,16870.0,16940.0,15913
202604030945,16940.0,16960.0,16880.0,16930.0,7538
202604031000,16910.0,16980.0,16880.0,16930.0,10477
202604031015,16940.0,16940.0,16810.0,16840.0,14162
202604031030,16840.0,16850.0,16800.0,16810.0,10594
202604031045,16800.0,16830.0,16730.0,16790.0,16566
202604031100,16780.0,16840.0,16750.0,16800.0,5540
202604031115,16800.0,16830.0,16770.0,16800.0,3296
202604031130,16800.0,16810.0,16760.0,16770.0,8977
202604031145,16770.0,16830.0,16750.0,16810.0,5702
202604031200,16810.0,16830.0,16770.0,16770.0,6167
202604031215,16770.0,16820.0,16760.0,16800.0,10740
202604031230,16790.0,16840.0,16760.0,16830.0,7991
202604031245,16830.0,16870.0,16820.0,16860.0,6577
202604031300,16860.0,16870.0,16840.0,16840.0,1743
202604031315,16840.0,16850.0,16810.0,16810.0,3331
202604031330,16810.0,16860.0,16810.0,16850.0,2191
202604031345,16850.0,16860.0,16820.0,16840.0,2645
202604031400,16840.0,16900.0,16840.0,16900.0,4711
202604031415,16890.0,16910.0,16850.0,16870.0,7231
202604031430,16850.0,16900.0,16800.0,16860.0,13905
202604031445,16850.0,16860.0,16820.0,16840.0,3990
202604031500,16850.0,16850.0,16820.0,16830.0,8536
202604031515,16830.0,16830.0,16760.0,16770.0,14709
202604060900,16710.0,16770.0,16610.0,16690.0,10259
202604060915,16690.0,16690.0,16490.0,16610.0,18925
202604060930,16640.0,16650.0,16590.0,16600.0,7514
202604060945,16610.0,16670.0,16590.0,16640.0,4879
202604061000,16650.0,16650.0,16570.0,16570.0,4965
202604061015,16560.0,16580.0,16470.0,16490.0,9997
202604061030,16480.0,16480.0,16290.0,16420.0,10898
202604061045,16420.0,16630.0,16420.0,16550.0,11918
202604061100,16550.0,16630.0,16520.0,16610.0,4504
202604061115,16610.0,16690.0,16590.0,16640.0,7440
202604061130,16640.0,16640.0,16590.0,16630.0,5901
202604061145,16630.0,16630.0,16500.0,16540.0,4390
202604061200,16540.0,16580.0,16500.0,16560.0,4283
202604061215,16550.0,16550.0,16500.0,16550.0,3268
202604061230,16550.0,16560.0,16490.0,16490.0,6326
202604061245,16500.0,16540.0,16470.0,16540.0,11944
202604061300,16540.0,16620.0,16510.0,16600.0,22352
202604061315,16600.0,16660.0,16560.0,16660.0,5907
202604061330,16600.0,16650.0,16560.0,16650.0,2034
202604061345,16660.0,16700.0,16650.0,16680.0,2455
202604061400,16660.0,16700.0,16640.0,16670.0,3714
202604061415,16660.0,16680.0,16630.0,16650.0,4032
202604061430,16650.0,16660.0,16600.0,16610.0,7285
202604061445,16640.0,16640.0,16590.0,16640.0,7460
202604061500,16630.0,16660.0,16630.0,16650.0,8367
202604061515,16650.0,16660.0,16650.0,16660.0,3537
202604070900,16740.0,16830.0,16590.0,16830.0,10549
202604070915,16790.0,16800.0,16500.0,16510.0,8848
202604070930,16510.0,16630.0,16510.0,16550.0,9288
202604070945,16560.0,16560.0,16420.0,16420.0,23616
202604071000,16430.0,16530.0,16400.0,16500.0,8498
202604071015,16500.0,16850.0,16500.0,16680.0,21344
202604071030,16690.0,16700.0,16600.0,16630.0,6747
202604071045,16640.0,16640.0,16440.0,16520.0,16819
202604071100,16510.0,16570.0,16450.0,16480.0,14468
202604071115,16470.0,16500.0,16420.0,16490.0,9170
202604071130,16480.0,16530.0,16450.0,16460.0,11620
202604071145,16450.0,16520.0,16450.0,16460.0,10050
202604071200,16460.0,16490.0,16440.0,16450.0,7533
202604071215,16450.0,16470.0,16440.0,16440.0,3422
202604071230,16440.0,16460.0,16400.0,16400.0,6203
202604071245,16430.0,16430.0,16300.0,16340.0,11785
202604071300,16320.0,16320.0,16200.0,16200.0,6421
202604071315,16210.0,16310.0,16180.0,16290.0,3292
202604071330,16290.0,16390.0,16280.0,16290.0,4869
202604071345,16310.0,16350.0,16270.0,16330.0,3245
202604071400,16330.0,16370.0,16190.0,16210.0,3994
202604071415,16210.0,16260.0,16200.0,16260.0,4371
202604071430,16250.0,16250.0,16170.0,16190.0,4877
202604071445,16190.0,16260.0,16180.0,16230.0,3883
202604071500,16230.0,16310.0,16220.0,16270.0,6711
202604071515,16270.0,16300.0,16190.0,16190.0,6276
202604080900,16790.0,16790.0,16560.0,16610.0,17802
202604080915,16610.0,16650.0,16460.0,16460.0,18337
202604080930,16480.0,16480.0,16330.0,16400.0,15173
202604080945,16400.0,16470.0,16360.0,16405.0,13404
202604081000,16410.0,16540.0,16410.0,16470.0,9041
202604081015,16470.0,16500.0,16430.0,16460.0,4421
202604081030,16460.0,16650.0,16460.0,16610.0,10187
202604081045,16600.0,16620.0,16510.0,16610.0,8382
202604081100,16620.0,16670.0,16580.0,16620.0,4455
202604081115,16610.0,16800.0,16610.0,16800.0,14802
202604081130,16770.0,16790.0,16690.0,16760.0,4561
202604081145,16740.0,16760.0,16650.0,16670.0,9248
202604081200,16670.0,16740.0,16660.0,16700.0,3945
202604081215,16700.0,16750.0,16670.0,16670.0,6807
202604081230,16670.0,16670.0,16610.0,16620.0,5757
202604081245,16620.0,16640.0,16600.0,16640.0,3937
202604081300,16630.0,16650.0,16600.0,16610.0,4482
202604081315,16600.0,16630.0,16530.0,16530.0,6956
202604081330,16530.0,16580.0,16510.0,16560.0,4701
202604081345,16570.0,16590.0,16540.0,16580.0,4804
202604081400,16580.0,16650.0,16530.0,16640.0,4735
202604081415,16640.0,16720.0,16630.0,16710.0,9450
202604081430,16710.0,16730.0,16580.0,16630.0,7199
202604081445,16630.0,16710.0,16620.0,16680.0,8186
202604081500,16670.0,16680.0,16610.0,16650.0,10185
202604081515,16650.0,16680.0,16600.0,16620.0,9427
202604090900,16550.0,16550.0,16290.0,16320.0,17356
202604090915,16320.0,16480.0,16240.0,16310.0,25246
202604090930,16320.0,16390.0,16240.0,16250.0,17183
202604090945,16240.0,16320.0,16210.0,16220.0,9639
202604091000,16220.0,16300.0,16050.0,16170.0,26992
202604091015,16160.0,16200.0,16120.0,16130.0,10808
202604091030,16135.0,16290.0,16130.0,16280.0,6937
202604091045,16200.0,16260.0,16180.0,16190.0,4348
202604091100,16190.0,16200.0,16150.0,16150.0,2442
202604091115,16150.0,16190.0,16120.0,16160.0,10011
202604091130,16160.0,16170.0,16100.0,16110.0,9285
202604091145,16110.0,16150.0,16100.0,16110.0,5203
202604091200,16140.0,16150.0,16110.0,16130.0,3471
202604091215,16140.0,16150.0,16110.0,16130.0,630
202604091230,16140.0,16230.0,16120.0,16160.0,2814
202604091245,16180.0,16180.0,16080.0,16100.0,10149
202604091300,16090.0,16170.0,16090.0,16130.0,2565
202604091315,16160.0,16160.0,16110.0,16120.0,3153
202604091330,16110.0,16120.0,16100.0,16110.0,5551
202604091345,16100.0,16110.0,16090.0,16090.0,3756
202604091400,16090.0,16110.0,16090.0,16110.0,1231
202604091415,16110.0,16120.0,16080.0,16100.0,4734
202604091430,16110.0,16160.0,16100.0,16160.0,1198
202604091445,16130.0,16160.0,16080.0,16100.0,5560
202604091500,16110.0,16170.0,16100.0,16130.0,5849
202604091515,16150.0,16240.0,16100.0,16120.0,22658
202604100900,16680.0,16960.0,16420.0,16900.0,55765
202604100915,16930.0,16990.0,16520.0,16560.0,32889
202604100930,16550.0,16610.0,16480.0,16490.0,10221
202604100945,16480.0,16550.0,16430.0,16470.0,11540
202604101000,16470.0,16620.0,16470.0,16500.0,11219
202604101015,16500.0,16500.0,16460.0,16490.0,4445
202604101030,16490.0,16580.0,16430.0,16550.0,19482
202604101045,16550.0,16560.0,16490.0,16490.0,2217
202604101100,16500.0,16540.0,16490.0,16500.0,1833
202604101115,16520.0,16540.0,16480.0,16490.0,4210
202604101130,16490.0,16520.0,16450.0,16450.0,2377
202604101145,16450.0,16470.0,16410.0,16440.0,5360
202604101200,16450.0,16470.0,16300.0,16370.0,11826
202604101215,16360.0,16470.0,16330.0,16390.0,3974
202604101230,16370.0,16400.0,16360.0,16390.0,2366
202604101245,16400.0,16450.0,16380.0,16420.0,2404
202604101300,16440.0,16510.0,16420.0,16470.0,5914
202604101315,16440.0,16500.0,16420.0,16480.0,2795
202604101330,16460.0,16540.0,16430.0,16480.0,9269
202604101345,16520.0,16530.0,16480.0,16490.0,4729
202604101400,16500.0,16530.0,16470.0,16520.0,8650
202604101415,16520.0,16530.0,16490.0,16500.0,4762
202604101430,16510.0,16540.0,16420.0,16520.0,20366
202604101445,16490.0,16520.0,16440.0,16470.0,7444
202604101500,16480.0,16520.0,16470.0,16500.0,7452
202604101515,16500.0,16500.0,16440.0,16470.0,5500
202604130900,16360.0,16990.0,16250.0,16880.0,38772
202604130915,16880.0,17090.0,16680.0,16760.0,26645
202604130930,16760.0,17140.0,16720.0,16920.0,19569
202604130945,16930.0,17030.0,16890.0,16980.0,12202
202604131000,17030.0,17380.0,17000.0,17020.0,34485
202604131015,17020.0,17050.0,16800.0,16840.0,10775
202604131030,16840.0,16850.0,16760.0,16820.0,8525
202604131045,16830.0,16830.0,16730.0,16800.0,4512
202604131100,16810.0,16930.0,16800.0,16850.0,5795
202604131115,16850.0,16890.0,16820.0,16860.0,2687
202604131130,16860.0,16860.0,16750.0,16760.0,4388
202604131145,16820.0,16840.0,16760.0,16830.0,1765
202604131200,16830.0,16830.0,16780.0,16790.0,1132
202604131215,16790.0,16820.0,16770.0,16770.0,1523
202604131230,16780.0,16780.0,16770.0,16770.0,650
202604131245,16780.0,16830.0,16760.0,16780.0,3410
202604131300,16780.0,16820.0,16700.0,16730.0,5301
202604131315,16730.0,16890.0,16730.0,16780.0,3184
202604131330,16780.0,16840.0,16770.0,16770.0,2505
202604131345,16770.0,16800.0,16760.0,16800.0,2605
202604131400,16790.0,16820.0,16760.0,16815.0,2231
202604131415,16820.0,16900.0,16780.0,16880.0,3595
202604131430,16880.0,16910.0,16810.0,16860.0,2094
202604131445,16870.0,16870.0,16820.0,16820.0,3477
202604131500,16840.0,16920.0,16830.0,16915.0,4522
202604131515,16920.0,16950.0,16830.0,16830.0,18577
202604140900,16940.0,17300.0,16940.0,17270.0,36422
202604140915,17240.0,17500.0,17150.0,17490.0,63715
202604140930,17480.0,17610.0,17360.0,17550.0,46075
202604140945,17540.0,17620.0,17430.0,17470.0,43849
202604141000,17470.0,17470.0,17210.0,17360.0,21320
202604141015,17360.0,17450.0,17230.0,17250.0,21553
202604141030,17260.0,17400.0,17260.0,17350.0,11228
202604141045,17360.0,17370.0,17310.0,17310.0,4067
202604141100,17330.0,17340.0,17220.0,17260.0,13759
202604141115,17270.0,17270.0,17230.0,17240.0,2184
202604141130,17240.0,17300.0,17220.0,17260.0,5987
202604141145,17280.0,17340.0,17270.0,17280.0,4805
202604141200,17270.0,17280.0,17240.0,17260.0,2439
202604141215,17270.0,17310.0,17240.0,17280.0,4458
202604141230,17280.0,17310.0,17260.0,17290.0,2821
202604141245,17290.0,17400.0,17290.0,17395.0,10026
202604141300,17390.0,17400.0,17340.0,17350.0,5093
202604141315,17340.0,17390.0,17320.0,17370.0,9744
202604141330,17370.0,17370.0,17290.0,17330.0,3536
202604141345,17330.0,17330.0,17310.0,17310.0,2228
202604141400,17310.0,17550.0,17300.0,17430.0,24856
202604141415,17430.0,17510.0,17370.0,17440.0,7684
202604141430,17430.0,17460.0,17340.0,17390.0,6474
202604141445,17400.0,17450.0,17370.0,17390.0,5629
202604141500,17400.0,17410.0,17360.0,17400.0,9263
202604141515,17390.0,17450.0,17380.0,17440.0,14471
202604150900,17710.0,17710.0,17360.0,17440.0,37559
202604150915,17440.0,17580.0,17420.0,17450.0,16602
202604150930,17450.0,17670.0,17420.0,17420.0,16922
202604150945,17420.0,17420.0,17330.0,17340.0,22181
202604151000,17350.0,17360.0,17270.0,17300.0,27724
202604151015,17290.0,17330.0,17200.0,17210.0,21925
202604151030,17200.0,17240.0,17150.0,17160.0,17518
202604151045,17150.0,17270.0,17150.0,17240.0,7213
202604151100,17220.0,17240.0,17200.0,17210.0,10823
202604151115,17200.0,17270.0,17200.0,17230.0,2724
202604151130,17230.0,17400.0,17230.0,17400.0,5787
202604151145,17400.0,17450.0,17360.0,17420.0,9138
202604151200,17440.0,17500.0,17430.0,17460.0,6148
202604151215,17460.0,17480.0,17430.0,17460.0,5806
202604151230,17460.0,17480.0,17420.0,17420.0,3733
202604151245,17430.0,17450.0,17400.0,17400.0,6936
202604151300,17410.0,17420.0,17370.0,17370.0,6519
202604151315,17380.0,17450.0,17370.0,17440.0,2874
202604151330,17430.0,17460.0,17400.0,17400.0,5348
202604151345,17420.0,17430.0,17380.0,17400.0,4753
202604151400,17410.0,17410.0,17350.0,17360.0,7430
202604151415,17360.0,17380.0,17300.0,17300.0,7844
202604151430,17300.0,17370.0,17270.0,17290.0,9347
202604151445,17290.0,17320.0,17280.0,17320.0,8303
202604151500,17310.0,17380.0,17300.0,17320.0,4722
202604151515,17320.0,17380.0,17270.0,17270.0,6381
202604160900,17350.0,17480.0,17190.0,17290.0,22113
202604160915,17290.0,17380.0,17190.0,17200.0,10600
202604160930,17200.0,17250.0,17170.0,17220.0,10783
202604160945,17210.0,17220.0,17150.0,17170.0,13189
202604161000,17180.0,17240.0,17150.0,17240.0,15171
202604161015,17240.0,17300.0,17200.0,17250.0,6270
202604161030,17260.0,17260.0,17180.0,17200.0,7398
202604161045,17180.0,17200.0,17100.0,17120.0,29037
202604161100,17120.0,17210.0,17060.0,17150.0,8663
202604161115,17150.0,17200.0,17120.0,17140.0,2061
202604161130,17150.0,17210.0,17130.0,17160.0,2463
202604161145,17160.0,17200.0,17140.0,17150.0,1166
202604161200,17140.0,17170.0,17130.0,17160.0,2308
202604161215,17160.0,17200.0,17150.0,17150.0,6964
202604161230,17150.0,17170.0,17130.0,17130.0,3774
202604161245,17130.0,17200.0,17120.0,17190.0,7768
202604161300,17190.0,17330.0,17190.0,17300.0,8182
202604161315,17300.0,17320.0,17240.0,17240.0,2879
202604161330,17240.0,17360.0,17220.0,17310.0,6742
202604161345,17310.0,17310.0,17280.0,17280.0,2920
202604161400,17280.0,17290.0,17240.0,17260.0,7116
202604161415,17260.0,17310.0,17250.0,17300.0,6586
202604161430,17290.0,17310.0,17230.0,17280.0,3311
202604161445,17260.0,17290.0,17240.0,17270.0,4884
202604161500,17270.0,17280.0,17240.0,17280.0,3541
202604161515,17280.0,17280.0,17240.0,17240.0,4778
202604170900,17220.0,17260.0,17050.0,17260.0,7040
202604170915,17230.0,17350.0,17200.0,17210.0,9171
202604170930,17200.0,17480.0,17200.0,17280.0,11893
202604170945,17280.0,17340.0,17220.0,17280.0,8712
202604171000,17270.0,17340.0,17240.0,17320.0,5801
202604171015,17310.0,17310.0,17220.0,17230.0,4175
202604171030,17220.0,17240.0,17220.0,17230.0,4192
202604171045,17220.0,17230.0,17200.0,17200.0,8098
202604171100,17200.0,17210.0,17180.0,17180.0,2049
202604171115,17190.0,17300.0,17190.0,17300.0,3169
202604171130,17290.0,17350.0,17280.0,17320.0,7382
202604171145,17315.0,17340.0,17280.0,17320.0,1709
202604171200,17320.0,17360.0,17300.0,17350.0,4684
202604171215,17350.0,17350.0,17330.0,17330.0,6575
202604171230,17320.0,17330.0,17250.0,17250.0,723
202604171245,17250.0,17280.0,17240.0,17270.0,6434
202604171300,17270.0,17330.0,17250.0,17330.0,2864
202604171315,17330.0,17330.0,17250.0,17270.0,1852
202604171330,17270.0,17330.0,17250.0,17330.0,3148
202604171345,17320.0,17320.0,17230.0,17260.0,3689
202604171400,17260.0,17320.0,17230.0,17300.0,6932
202604171415,17300.0,17320.0,17290.0,17290.0,4238
202604171430,17290.0,17480.0,17290.0,17410.0,18186
202604171445,17410.0,17540.0,17410.0,17540.0,17094
202604171500,17540.0,17580.0,17470.0,17490.0,15406
202604171515,17490.0,17510.0,17450.0,17450.0,6508
202604200900,17250.0,17270.0,17070.0,17080.0,11230
202604200915,17090.0,17160.0,17080.0,17140.0,7737
202604200930,17140.0,17140.0,17070.0,17070.0,11677
202604200945,17070.0,17150.0,17060.0,17120.0,10659
202604201000,17120.0,17380.0,17110.0,17220.0,9559
202604201015,17200.0,17210.0,17130.0,17150.0,6663
202604201030,17150.0,17510.0,17140.0,17350.0,13507
202604201045,17370.0,17500.0,17300.0,17440.0,6493
202604201100,17430.0,17480.0,17400.0,17460.0,10395
202604201115,17450.0,17450.0,17400.0,17400.0,3318
202604201130,17400.0,17480.0,17400.0,17430.0,4632
202604201145,17430.0,17470.0,17390.0,17460.0,3343
202604201200,17440.0,17480.0,17390.0,17430.0,9831
202604201215,17430.0,17540.0,17400.0,17510.0,10838
202604201230,17510.0,17520.0,17460.0,17480.0,5590
202604201245,17470.0,17480.0,17400.0,17430.0,8043
202604201300,17440.0,17490.0,17440.0,17450.0,4446
202604201315,17455.0,17760.0,17420.0,17670.0,27204
202604201330,17680.0,17760.0,17600.0,17740.0,18610
202604201345,17750.0,17760.0,17650.0,17660.0,7431
202604201400,17650.0,17690.0,17640.0,17660.0,2755
202604201415,17660.0,17720.0,17640.0,17705.0,8237
202604201430,17700.0,17700.0,17570.0,17580.0,5856
202604201445,17580.0,17730.0,17530.0,17630.0,14284
202604201500,17630.0,17730.0,17620.0,17690.0,10457
202604201515,17690.0,17710.0,17650.0,17700.0,9352
202604210900,17870.0,18090.0,17390.0,17430.0,52461
202604210915,17430.0,17500.0,17280.0,17470.0,21362
202604210930,17470.0,17650.0,17460.0,17550.0,6445
202604210945,17550.0,17660.0,17530.0,17540.0,7945
202604211000,17530.0,17550.0,17440.0,17440.0,11389
202604211015,17430.0,17440.0,17240.0,17320.0,17323
202604211030,17320.0,17360.0,17250.0,17360.0,14661
202604211045,17330.0,17330.0,17240.0,17270.0,7253
202604211100,17280.0,17700.0,17250.0,17340.0,13788
202604211115,17320.0,17350.0,17280.0,17310.0,6101
202604211130,17320.0,17380.0,17300.0,17340.0,4581
202604211145,17340.0,17380.0,17320.0,17340.0,2550
202604211200,17350.0,17430.0,17350.0,17390.0,4248
202604211215,17390.0,17390.0,17350.0,17360.0,3319
202604211230,17360.0,17410.0,17350.0,17370.0,3781
202604211245,17360.0,17380.0,17350.0,17350.0,6127
202604211300,17350.0,17380.0,17310.0,17370.0,6882
202604211315,17350.0,17370.0,17320.0,17320.0,5317
202604211330,17330.0,17410.0,17320.0,17380.0,2709
202604211345,17400.0,17440.0,17380.0,17420.0,2856
202604211400,17430.0,17520.0,17420.0,17500.0,4133
202604211415,17490.0,17540.0,17490.0,17510.0,3947
202604211430,17510.0,17570.0,17500.0,17540.0,5779
202604211445,17530.0,17540.0,17410.0,17410.0,17207
202604211500,17420.0,17490.0,17390.0,17420.0,8222
202604211515,17440.0,17450.0,17410.0,17430.0,4529
202604220900,17260.0,17670.0,17230.0,17650.0,24007
202604220915,17640.0,17860.0,17560.0,17760.0,30638
202604220930,17750.0,18110.0,17670.0,18080.0,51575
202604220945,18080.0,18730.0,17960.0,18530.0,106934
202604221000,18550.0,18550.0,18000.0,18300.0,62751
202604221015,18300.0,18570.0,18110.0,18360.0,39924
202604221030,18380.0,18400.0,18160.0,18220.0,21351
202604221045,18220.0,18400.0,18120.0,18220.0,17172
202604221100,18280.0,18290.0,18110.0,18160.0,11400
202604221115,18140.0,18360.0,18070.0,18090.0,15641
202604221130,18080.0,18090.0,18000.0,18030.0,8553
202604221145,18040.0,18140.0,18010.0,18050.0,5864
202604221200,18040.0,18140.0,18040.0,18050.0,4628
202604221215,18070.0,18070.0,17930.0,17950.0,10223
202604221230,17960.0,18020.0,17940.0,17960.0,6277
202604221245,17960.0,18070.0,17960.0,18070.0,5002
202604221300,18070.0,18490.0,18070.0,18180.0,24610
202604221315,18180.0,18350.0,18140.0,18170.0,10601
202604221330,18180.0,18180.0,18100.0,18140.0,6395
202604221345,18140.0,18160.0,18010.0,18050.0,6203
202604221400,18090.0,18250.0,18090.0,18230.0,13772
202604221415,18230.0,18240.0,18180.0,18200.0,5490
202604221430,18220.0,18230.0,18130.0,18140.0,8345
202604221445,18150.0,18190.0,18110.0,18130.0,8656
202604221500,18130.0,18200.0,18120.0,18140.0,7128
202604221515,18140.0,18200.0,18100.0,18110.0,8248
202604230900,18080.0,18120.0,17700.0,17710.0,36457
202604230915,17700.0,18210.0,17570.0,17710.0,38932
202604230930,17720.0,17900.0,17700.0,17820.0,15158
202604230945,17820.0,18000.0,17750.0,17980.0,21416
202604231000,17980.0,18200.0,17920.0,17930.0,8904
202604231015,17930.0,18150.0,17930.0,18070.0,11280
202604231030,18060.0,18080.0,17920.0,18000.0,7304
202604231045,17980.0,18080.0,17880.0,17960.0,7007
202604231100,17960.0,18080.0,17960.0,18030.0,6338
202604231115,18040.0,18100.0,18010.0,18050.0,5458
202604231130,18040.0,18040.0,17780.0,17820.0,6823
202604231145,17810.0,18000.0,17750.0,17760.0,7085
202604231200,17770.0,17780.0,17590.0,17670.0,5930
202604231215,17600.0,17700.0,17580.0,17580.0,5152
202604231230,17580.0,17680.0,17490.0,17520.0,16387
202604231245,17550.0,17680.0,17510.0,17630.0,3808
202604231300,17640.0,17860.0,17630.0,17830.0,6818
202604231315,17820.0,17920.0,17800.0,17900.0,9023
202604231330,17910.0,18160.0,17910.0,18020.0,29458
202604231345,18020.0,18140.0,18000.0,18090.0,10499
202604231400,18060.0,18160.0,18060.0,18110.0,6305
202604231415,18110.0,18160.0,18090.0,18130.0,5953
202604231430,18130.0,18160.0,18000.0,18010.0,4699
202604231445,18070.0,18160.0,18020.0,18130.0,5458
202604231500,18130.0,18150.0,18110.0,18110.0,8656
202604231515,18120.0,18150.0,17770.0,17770.0,80599
202604240900,17760.0,17760.0,17440.0,17610.0,12986
202604240915,17620.0,17620.0,17510.0,17590.0,6029
202604240930,17590.0,17650.0,17480.0,17550.0,17318
202604240945,17540.0,17680.0,17500.0,17680.0,6302
202604241000,17670.0,17670.0,17570.0,17600.0,7040
202604241015,17600.0,17650.0,17600.0,17650.0,3832
202604241030,17630.0,17670.0,17620.0,17660.0,4112
202604241045,17680.0,17820.0,17650.0,17700.0,3460
202604241100,17750.0,17790.0,17670.0,17710.0,3737
202604241115,17710.0,17760.0,17680.0,17720.0,4025
202604241130,17730.0,17770.0,17660.0,17660.0,3521
202604241145,17660.0,17680.0,17610.0,17630.0,4651
202604241200,17630.0,17710.0,17560.0,17560.0,8344
202604241215,17550.0,17570.0,17520.0,17550.0,3157
202604241230,17550.0,17570.0,17410.0,17410.0,7409
202604241245,17420.0,17440.0,17340.0,17350.0,9081
202604241300,17360.0,17360.0,17310.0,17310.0,15169
202604241315,17310.0,17360.0,17190.0,17220.0,21590
202604241330,17220.0,17250.0,17160.0,17190.0,12686
202604241345,17190.0,17400.0,17170.0,17400.0,11083
202604241400,17370.0,17380.0,17290.0,17300.0,4214
202604241415,17290.0,17320.0,17250.0,17260.0,4972
202604241430,17260.0,17280.0,17210.0,17240.0,6511
202604241445,17240.0,17240.0,17180.0,17210.0,13417
202604241500,17200.0,17290.0,17200.0,17250.0,8814
202604241515,17250.0,17300.0,17220.0,17220.0,10091
202604270900,17370.0,17460.0,17230.0,17230.0,17496
202604270915,17230.0,17340.0,17110.0,17240.0,11141
202604270930,17240.0,17390.0,17190.0,17300.0,3622
202604270945,17290.0,17330.0,17260.0,17300.0,3076
202604271000,17300.0,17360.0,17290.0,17320.0,6087
202604271015,17320.0,17350.0,17270.0,17310.0,11017
202604271030,17300.0,17320.0,17260.0,17270.0,9398
202604271045,17280.0,17330.0,17210.0,17320.0,8087
202604271100,17300.0,17330.0,17250.0,17280.0,6151
202604271115,17260.0,17280.0,17220.0,17230.0,11260
202604271130,17230.0,17250.0,17220.0,17250.0,5034
202604271145,17230.0,17250.0,17220.0,17240.0,3210
202604271200,17230.0,17280.0,17220.0,17230.0,5051
202604271215,17230.0,17300.0,17210.0,17270.0,9422
202604271230,17270.0,17270.0,17230.0,17270.0,5651
202604271245,17250.0,17280.0,17220.0,17240.0,9010
202604271300,17240.0,17240.0,17180.0,17190.0,11328
202604271315,17180.0,17220.0,17180.0,17220.0,6628
202604271330,17210.0,17260.0,17200.0,17210.0,9531
202604271345,17200.0,17340.0,17190.0,17300.0,13686
202604271400,17300.0,17350.0,17220.0,17220.0,3099
202604271415,17250.0,17250.0,17210.0,17220.0,5707
202604271430,17220.0,17250.0,17220.0,17240.0,3919
202604271445,17240.0,17270.0,17230.0,17240.0,3483
202604271500,17230.0,17260.0,17220.0,17240.0,3761
202604271515,17230.0,17300.0,17210.0,17300.0,4562
202604280900,17140.0,17300.0,17080.0,17130.0,12617
202604280915,17130.0,17160.0,17030.0,17040.0,13594
202604280930,17030.0,17040.0,16890.0,16910.0,11603
202604280945,16900.0,16950.0,16830.0,16840.0,10926
202604281000,16840.0,16930.0,16750.0,16900.0,24475
202604281015,16890.0,16900.0,16830.0,16840.0,6784
202604281030,16830.0,16830.0,16790.0,16830.0,7631
202604281045,16840.0,16870.0,16830.0,16850.0,2695
202604281100,16860.0,16930.0,16850.0,16920.0,2080
202604281115,16930.0,16940.0,16880.0,16900.0,4033
202604281130,16900.0,16915.0,16850.0,16915.0,7780
202604281145,16900.0,16980.0,16890.0,16970.0,2198
202604281200,16930.0,16980.0,16910.0,16930.0,638
202604281215,16940.0,16980.0,16930.0,16980.0,1429
202604281230,16980.0,17090.0,16970.0,17030.0,9325
202604281245,17040.0,17070.0,17020.0,17040.0,737
202604281300,17040.0,17040.0,17030.0,17030.0,383
202604281315,17030.0,17040.0,17020.0,17030.0,3180
202604281330,17020.0,17040.0,17010.0,17020.0,1643
202604281345,17020.0,17020.0,16980.0,16980.0,3595
202604281400,16970.0,16990.0,16940.0,16940.0,3300
202604281415,16950.0,16950.0,16860.0,16920.0,16174
202604281430,16910.0,16920.0,16820.0,16820.0,5887
202604281445,16820.0,16830.0,16730.0,16740.0,14685
202604281500,16750.0,16850.0,16730.0,16800.0,10012
202604281515,16800.0,16830.0,16770.0,16770.0,12775
202604290900,16610.0,16630.0,16310.0,16430.0,23331
202604290915,16430.0,16480.0,16200.0,16280.0,23971
202604290930,16330.0,16340.0,16210.0,16240.0,14602
202604290945,16230.0,16240.0,16160.0,16180.0,15106
202604291000,16170.0,16330.0,16150.0,16230.0,14156
202604291015,16230.0,16300.0,16190.0,16260.0,3270
202604291030,16260.0,16320.0,16230.0,16230.0,5188
202604291045,16230.0,16370.0,16230.0,16300.0,11233
202604291100,16300.0,16330.0,16250.0,16260.0,5954
202604291115,16270.0,16310.0,16230.0,16250.0,6084
202604291130,16240.0,16310.0,16240.0,16250.0,7818
202604291145,16250.0,16320.0,16240.0,16260.0,5958
202604291200,16250.0,16330.0,16250.0,16270.0,4474
202604291215,16260.0,16340.0,16250.0,16280.0,5975
202604291230,16280.0,16570.0,16280.0,16570.0,17465
202604291245,16570.0,16650.0,16500.0,16500.0,11975
202604291300,16510.0,16650.0,16500.0,16590.0,11283
202604291315,16610.0,16630.0,16550.0,16560.0,8029
202604291330,16560.0,16580.0,16480.0,16500.0,6466
202604291345,16510.0,16550.0,16470.0,16550.0,5294
202604291400,16520.0,16640.0,16500.0,16510.0,8402
202604291415,16570.0,16610.0,16480.0,16530.0,8115
202604291430,16530.0,16670.0,16530.0,16640.0,9005
202604291445,16600.0,16760.0,16600.0,16640.0,10245
202604291500,16670.0,16720.0,16640.0,16660.0,4412
202604291515,16660.0,16720.0,16640.0,16700.0,4769
202604300900,16590.0,16710.0,16580.0,16650.0,2447
202604300915,16650.0,16760.0,16600.0,16600.0,7063
202604300930,16580.0,16650.0,16490.0,16490.0,9356
202604300945,16480.0,16490.0,16370.0,16370.0,3081
202604301000,16380.0,16380.0,16260.0,16340.0,7968
202604301015,16300.0,16450.0,16270.0,16360.0,7399
202604301030,16360.0,16390.0,16300.0,16360.0,2071
202604301045,16370.0,16370.0,16280.0,16310.0,4376
202604301100,16310.0,16340.0,16270.0,16300.0,1834
202604301115,16300.0,16330.0,16270.0,16310.0,1514
202604301130,16290.0,16300.0,16280.0,16280.0,3618
202604301145,16290.0,16360.0,16280.0,16300.0,3766
202604301200,16305.0,16350.0,16280.0,16280.0,3207
202604301215,16270.0,16280.0,16270.0,16280.0,4304
202604301230,16280.0,16300.0,16270.0,16280.0,2370
202604301245,16270.0,16280.0,16220.0,16220.0,6820
202604301300,16210.0,16210.0,16170.0,16180.0,8392
202604301315,16170.0,16180.0,16120.0,16130.0,7005
202604301330,16140.0,16150.0,16030.0,16050.0,10438
202604301345,16050.0,16080.0,15960.0,16000.0,16696
202604301400,15970.0,16000.0,15940.0,15960.0,6995
202604301415,15960.0,16020.0,15920.0,15950.0,8323
202604301430,15990.0,16070.0,15990.0,16030.0,2669
202604301445,16040.0,16070.0,15960.0,16020.0,2193
202604301500,16030.0,16040.0,15960.0,15970.0,3764
202604301515,15960.0,16020.0,15930.0,15930.0,7600
202605040900,16300.0,16300.0,16180.0,16180.0,8734
202605040915,16190.0,16450.0,16160.0,16430.0,8211
202605040930,16420.0,16480.0,16340.0,16400.0,6829
202605040945,16390.0,16470.0,16390.0,16430.0,3979
202605041000,16400.0,16450.0,16400.0,16430.0,7433
202605041015,16430.0,16500.0,16350.0,16380.0,7458
202605041030,16340.0,16350.0,16200.0,16260.0,2601
202605041045,16330.0,16420.0,16280.0,16310.0,2988
202605041100,16380.0,16620.0,16310.0,16600.0,14906
202605041115,16590.0,16610.0,16400.0,16500.0,1585
202605041130,16440.0,16620.0,16400.0,16570.0,3136
202605041145,16580.0,16760.0,16580.0,16730.0,9124
202605041200,16740.0,16760.0,16560.0,16600.0,6415
202605041215,16600.0,16690.0,16590.0,16630.0,963
202605041230,16630.0,16630.0,16510.0,16540.0,3735
202605041245,16550.0,16650.0,16520.0,16600.0,2352
202605041300,16610.0,16640.0,16540.0,16630.0,1026
202605041315,16630.0,16660.0,16510.0,16590.0,1588
202605041330,16510.0,16620.0,16510.0,16550.0,1679
202605041345,16530.0,16570.0,16520.0,16530.0,1087
202605041400,16530.0,16530.0,16450.0,16450.0,3145
202605041415,16450.0,16510.0,16440.0,16500.0,1342
202605041430,16500.0,16500.0,16420.0,16440.0,1666
202605041445,16440.0,16490.0,16440.0,16450.0,1522
202605041500,16480.0,16510.0,16450.0,16510.0,1676
202605041515,16540.0,16540.0,16440.0,16440.0,4989
202605060900,16540.0,16540.0,16260.0,16310.0,13622
202605060915,16320.0,16450.0,16160.0,16190.0,15430
202605060930,16190.0,16320.0,16100.0,16220.0,11731
202605060945,16240.0,16300.0,16220.0,16230.0,5836
202605061000,16230.0,16240.0,16130.0,16160.0,11291
202605061015,16150.0,16200.0,16120.0,16160.0,3414
202605061030,16150.0,16190.0,16120.0,16130.0,3415
202605061045,16140.0,16160.0,16130.0,16140.0,1844
202605061100,16140.0,16220.0,16070.0,16220.0,17419
202605061115,16180.0,16190.0,16090.0,16140.0,2880
202605061130,16160.0,16220.0,16050.0,16200.0,8540
202605061145,16150.0,16250.0,16150.0,16220.0,4294
202605061200,16240.0,16240.0,16170.0,16210.0,2274
202605061215,16210.0,16470.0,16200.0,16260.0,6254
202605061230,16250.0,16270.0,16180.0,16210.0,7620
202605061245,16210.0,16270.0,16190.0,16270.0,5427
202605061300,16270.0,16300.0,16170.0,16300.0,4528
202605061315,16300.0,16820.0,16290.0,16810.0,29147
202605061330,16805.0,16890.0,16530.0,16530.0,22608
202605061345,16530.0,16560.0,16420.0,16470.0,15204
202605061400,16470.0,16500.0,16420.0,16420.0,10547
202605061415,16410.0,16550.0,16390.0,16540.0,15563
202605061430,16540.0,16620.0,16420.0,16430.0,3819
202605061445,16430.0,16580.0,16430.0,16440.0,6365
202605061500,16440.0,16540.0,16440.0,16480.0,3821
202605061515,16520.0,16590.0,16480.0,16480.0,9985
202605070900,16250.0,16260.0,15980.0,16010.0,30114
202605070915,16000.0,16010.0,15900.0,15930.0,16549
202605070930,15920.0,16210.0,15920.0,16140.0,14225
202605070945,16140.0,16160.0,16030.0,16050.0,3506
202605071000,16030.0,16030.0,15910.0,16000.0,6685
202605071015,16000.0,16010.0,15950.0,16010.0,10265
202605071030,16000.0,16050.0,15960.0,16050.0,844
202605071045,16050.0,16060.0,15990.0,15990.0,2446
202605071100,15990.0,15990.0,15920.0,15950.0,8408
202605071115,15960.0,16000.0,15950.0,15980.0,2386
202605071130,15970.0,15970.0,15860.0,15890.0,17992
202605071145,15890.0,15910.0,15870.0,15880.0,6910
202605071200,15880.0,15880.0,15740.0,15780.0,15864
202605071215,15770.0,15830.0,15760.0,15790.0,1830
202605071230,15790.0,15900.0,15770.0,15820.0,3013
202605071245,15810.0,15860.0,15770.0,15780.0,2789
202605071300,15790.0,15830.0,15780.0,15790.0,2456
202605071315,15790.0,15830.0,15770.0,15770.0,5709
202605071330,15780.0,15820.0,15750.0,15770.0,4806
202605071345,15770.0,15790.0,15730.0,15740.0,10332
202605071400,15750.0,15810.0,15710.0,15770.0,6888
202605071415,15760.0,15760.0,15720.0,15740.0,6302
202605071430,15740.0,15770.0,15710.0,15770.0,2445
202605071445,15760.0,15800.0,15720.0,15780.0,2676
202605071500,15730.0,15780.0,15730.0,15750.0,3547
202605071515,15740.0,15800.0,15720.0,15800.0,5548
202605080900,15580.0,15640.0,15510.0,15580.0,7188
202605080915,15630.0,15910.0,15590.0,15910.0,4917
202605080930,15910.0,16030.0,15870.0,15980.0,5765
202605080945,16000.0,16030.0,15850.0,15900.0,7741
202605081000,15900.0,15960.0,15840.0,15910.0,4865
202605081015,15950.0,16010.0,15900.0,15910.0,3965
202605081030,15920.0,15940.0,15830.0,15830.0,2425
202605081045,15830.0,15890.0,15765.0,15820.0,10741
202605081100,15820.0,15890.0,15650.0,15800.0,6190
202605081115,15800.0,15890.0,15800.0,15830.0,4712
202605081130,15850.0,15850.0,15770.0,15800.0,4098
202605081145,15800.0,15840.0,15800.0,15800.0,1994
202605081200,15800.0,15810.0,15770.0,15770.0,1816
202605081215,15770.0,15880.0,15770.0,15870.0,1829
202605081230,15870.0,15870.0,15810.0,15810.0,1337
202605081245,15810.0,15840.0,15800.0,15820.0,1490
202605081300,15830.0,15880.0,15750.0,15880.0,3607
202605081315,15840.0,15950.0,15800.0,15950.0,5589
202605081330,15950.0,15970.0,15840.0,15870.0,1812
202605081345,15850.0,15930.0,15840.0,15890.0,1209
202605081400,15910.0,15930.0,15840.0,15880.0,2063
202605081415,15900.0,15900.0,15820.0,15820.0,4290
202605081430,15810.0,15840.0,15780.0,15800.0,3625
202605081445,15820.0,15820.0,15780.0,15780.0,2805
202605081500,15770.0,15900.0,15760.0,15810.0,2833
202605081515,15810.0,15830.0,15790.0,15800.0,3445
202605110900,15810.0,15810.0,15360.0,15510.0,11369
202605110915,15500.0,15530.0,15450.0,15490.0,4544
202605110930,15490.0,15570.0,15460.0,15520.0,2463
202605110945,15500.0,15520.0,15450.0,15460.0,4087
202605111000,15460.0,15530.0,15460.0,15520.0,1089
202605111015,15520.0,15520.0,15460.0,15460.0,2068
202605111030,15460.0,15510.0,15440.0,15510.0,3907
202605111045,15460.0,15500.0,15400.0,15420.0,4419
202605111100,15420.0,15430.0,15360.0,15400.0,4393
202605111115,15400.0,15410.0,15380.0,15380.0,924
202605111130,15380.0,15390.0,15370.0,15380.0,3633
202605111145,15380.0,15430.0,15350.0,15390.0,1623
202605111200,15390.0,15400.0,15320.0,15330.0,11475
202605111215,15350.0,15360.0,15300.0,15350.0,6142
202605111230,15350.0,15360.0,15270.0,15290.0,6792
202605111245,15280.0,15300.0,15260.0,15270.0,9020
202605111300,15270.0,15350.0,15260.0,15290.0,9607
202605111315,15290.0,15300.0,15260.0,15300.0,2323
202605111330,15290.0,15290.0,15200.0,15230.0,5167
202605111345,15230.0,15270.0,15210.0,15220.0,3508
202605111400,15220.0,15220.0,15130.0,15130.0,11764
202605111415,15130.0,15220.0,15120.0,15130.0,5042
202605111430,15130.0,15220.0,15120.0,15120.0,3590
202605111445,15130.0,15240.0,15120.0,15240.0,4696
202605111500,15220.0,15350.0,15180.0,15330.0,4399
202605111515,15300.0,15340.0,15190.0,15190.0,1739
202605120900,15280.0,15500.0,15160.0,15310.0,12350
202605120915,15340.0,15390.0,15230.0,15280.0,5324
202605120930,15280.0,15280.0,14930.0,14960.0,12247
202605120945,14970.0,15060.0,14790.0,14850.0,30970
202605121000,14850.0,14860.0,14730.0,14730.0,10926
202605121015,14720.0,14770.0,14600.0,14620.0,23676
202605121030,14620.0,14660.0,14340.0,14440.0,29041
202605121045,14440.0,14570.0,14350.0,14400.0,16650
202605121100,14400.0,14630.0,14400.0,14530.0,8889
202605121115,14570.0,14610.0,14520.0,14590.0,6710
202605121130,14570.0,14620.0,14500.0,14540.0,5826
202605121145,14510.0,14580.0,14490.0,14510.0,3166
202605121200,14520.0,14560.0,14290.0,14480.0,4859
202605121215,14490.0,14490.0,14430.0,14480.0,3619
202605121230,14480.0,14520.0,14440.0,14480.0,3653
202605121245,14470.0,14520.0,14400.0,14430.0,4558
202605121300,14400.0,14470.0,14390.0,14410.0,4837
202605121315,14440.0,14460.0,14380.0,14380.0,3966
202605121330,14380.0,14670.0,14350.0,14420.0,5495
202605121345,14420.0,14480.0,14370.0,14380.0,4505
202605121400,14410.0,14500.0,14380.0,14400.0,3856
202605121415,14400.0,14520.0,14380.0,14450.0,5844
202605121430,14500.0,14500.0,14380.0,14420.0,5456
202605121445,14420.0,14580.0,14400.0,14530.0,6429
202605121500,14540.0,14590.0,14470.0,14590.0,7793
202605121515,14520.0,14630.0,14510.0,14570.0,5472
202605130900,14420.0,14590.0,14320.0,14540.0,3349
202605130915,14540.0,14540.0,14360.0,14400.0,3847
202605130930,14430.0,14560.0,14410.0,14470.0,6359
202605130945,14450.0,14470.0,14320.0,14340.0,6548
202605131000,14400.0,14500.0,14340.0,14470.0,3898
202605131015,14470.0,14510.0,14410.0,14420.0,5131
202605131030,14470.0,14530.0,14420.0,14480.0,2855
202605131045,14480.0,14480.0,14410.0,14440.0,1881
202605131100,14440.0,14490.0,14400.0,14400.0,10121
202605131115,14400.0,14450.0,14390.0,14440.0,2376
202605131130,14450.0,14450.0,14380.0,14390.0,5834
202605131145,14380.0,14380.0,14310.0,14330.0,3607
202605131200,14370.0,14370.0,14310.0,14370.0,1034
202605131215,14340.0,14380.0,14320.0,14350.0,2717
202605131230,14340.0,14360.0,14310.0,14350.0,2654
202605131245,14350.0,14360.0,14310.0,14320.0,3950
202605131300,14320.0,14350.0,14260.0,14280.0,11009
202605131315,14260.0,14270.0,14130.0,14210.0,11677
202605131330,14210.0,14230.0,14180.0,14180.0,2301
202605131345,14190.0,14230.0,14190.0,14230.0,3945
202605131400,14220.0,14270.0,14180.0,14260.0,1789
202605131415,14260.0,14290.0,14200.0,14200.0,1430
202605131430,14210.0,14210.0,14160.0,14180.0,2817
202605131445,14190.0,14300.0,14160.0,14290.0,2067
202605131500,14290.0,14290.0,14150.0,14210.0,5361
202605131515,14210.0,14260.0,14140.0,14140.0,5376
202605140900,14340.0,14850.0,14260.0,14730.0,10933
202605140915,14730.0,14740.0,14420.0,14640.0,6154
202605140930,14520.0,14710.0,14500.0,14600.0,5138
202605140945,14600.0,14680.0,14510.0,14660.0,3398
202605141000,14660.0,15100.0,14660.0,14800.0,21572
202605141015,14800.0,14860.0,14680.0,14770.0,3473
202605141030,14770.0,14790.0,14670.0,14740.0,1402
202605141045,14730.0,14740.0,14510.0,14510.0,3520
202605141100,14510.0,14590.0,14490.0,14540.0,4149
202605141115,14540.0,14680.0,14520.0,14550.0,1156
202605141130,14650.0,14660.0,14550.0,14610.0,1571
202605141145,14650.0,14650.0,14560.0,14620.0,1494
202605141200,14570.0,14630.0,14520.0,14630.0,1867
202605141215,14550.0,14660.0,14500.0,14650.0,2185
202605141230,14580.0,14730.0,14580.0,14660.0,2380
202605141245,14700.0,14790.0,14650.0,14700.0,3269
202605141300,14700.0,14730.0,14660.0,14660.0,1427
202605141315,14660.0,14740.0,14630.0,14700.0,1582
202605141330,14700.0,14730.0,14620.0,14680.0,2558
202605141345,14630.0,14800.0,14620.0,14700.0,3244
202605141400,14690.0,14790.0,14690.0,14720.0,1612
202605141415,14720.0,14850.0,14690.0,14740.0,1163
202605141430,14830.0,14870.0,14700.0,14800.0,1572
202605141445,14810.0,14900.0,14640.0,14710.0,2743
202605141500,14710.0,14870.0,14710.0,14830.0,6873
202605141515,14830.0,14850.0,14780.0,14840.0,13807
202605150900,15100.0,15580.0,14950.0,15000.0,22041
202605150915,15000.0,15160.0,14910.0,15110.0,4830
202605150930,15075.0,15120.0,14850.0,15060.0,15616
202605150945,15060.0,15100.0,14840.0,14840.0,4654
202605151000,14850.0,15050.0,14850.0,14970.0,9447
202605151015,14970.0,15050.0,14860.0,14860.0,5805
202605151030,14860.0,14880.0,14760.0,14830.0,7143
202605151045,14820.0,14840.0,14700.0,14700.0,3916
202605151100,14690.0,14730.0,14150.0,14600.0,4730
202605151115,14580.0,14590.0,14500.0,14500.0,1458
202605151130,14530.0,14560.0,14420.0,14450.0,1299
202605151145,14510.0,14570.0,14450.0,14510.0,1693
202605151200,14570.0,14610.0,14500.0,14500.0,229
202605151215,14520.0,14580.0,14510.0,14560.0,250
202605151230,14510.0,14810.0,14510.0,14740.0,1554
202605151245,14730.0,14820.0,14690.0,14790.0,397
202605151300,14790.0,14800.0,14700.0,14700.0,639
202605151315,14700.0,14760.0,14600.0,14600.0,293
202605151330,14600.0,14740.0,14550.0,14610.0,5154
202605151345,14610.0,14640.0,14410.0,14430.0,3762
202605151400,14430.0,14740.0,14430.0,14710.0,4476
202605151415,14730.0,15550.0,14700.0,14770.0,46092
202605151430,14795.0,14860.0,14760.0,14860.0,7606
202605151445,14830.0,14830.0,14490.0,14570.0,4561
202605151500,14600.0,14710.0,14500.0,14710.0,5038
202605151515,14710.0,14830.0,14710.0,14770.0,2860
202605180900,14220.0,14560.0,14010.0,14040.0,6324
202605180915,14030.0,14580.0,14030.0,14410.0,9335
202605180930,14400.0,14580.0,14230.0,14370.0,5332
202605180945,14390.0,14780.0,14370.0,14610.0,10222
202605181000,14610.0,14800.0,14440.0,14650.0,3439
202605181015,14750.0,14880.0,14610.0,14760.0,2673
202605181030,14820.0,15050.0,14810.0,15050.0,5337
202605181045,15040.0,15050.0,14830.0,14910.0,9294
202605181100,15000.0,15020.0,14780.0,15010.0,2408
202605181115,15010.0,15090.0,14910.0,15000.0,6284
202605181130,14950.0,15160.0,14950.0,15120.0,3632
202605181145,15130.0,15280.0,15000.0,15260.0,16189
202605181200,15290.0,15300.0,15150.0,15180.0,8395
202605181215,15170.0,15290.0,15050.0,15150.0,1860
202605181230,15150.0,15300.0,15150.0,15260.0,4780
202605181245,15300.0,15350.0,15240.0,15290.0,7140
202605181300,15290.0,15290.0,15150.0,15250.0,2150
202605181315,15250.0,15380.0,15220.0,15260.0,10148
202605181330,15250.0,15370.0,15210.0,15360.0,3151
202605181345,15360.0,15370.0,14380.0,15200.0,3445
202605181400,15200.0,15300.0,15080.0,15110.0,4609
202605181415,15110.0,15150.0,14840.0,15120.0,15024
202605181430,15140.0,15300.0,15050.0,15220.0,4277
202605181445,15220.0,15300.0,15120.0,15180.0,5368
202605181500,15230.0,15300.0,15000.0,15010.0,6172
202605181515,15020.0,15280.0,15000.0,15000.0,3241
202605190900,15060.0,15570.0,14350.0,15220.0,15564
202605190915,15220.0,15680.0,15090.0,15640.0,31603
202605190930,15640.0,15730.0,15505.0,15670.0,13901
202605190945,15660.0,15660.0,15395.0,15400.0,10590
202605191000,15390.0,15450.0,15150.0,15290.0,6017
202605191015,15240.0,15320.0,15010.0,15190.0,5702
202605191030,15190.0,15290.0,15100.0,15190.0,7325
202605191045,15190.0,15190.0,14900.0,15010.0,5697
202605191100,15000.0,15000.0,14820.0,14880.0,7553
202605191115,14860.0,14990.0,14780.0,14910.0,5073
202605191130,14910.0,15180.0,14820.0,15180.0,3321
202605191145,15120.0,15190.0,15060.0,15180.0,3339
202605191200,15160.0,15300.0,15160.0,15300.0,2351
202605191215,15260.0,15380.0,15240.0,15380.0,3017
202605191230,15380.0,15380.0,15250.0,15350.0,4808
202605191245,15350.0,15350.0,15210.0,15310.0,2755
202605191300,15310.0,15360.0,15230.0,15250.0,2151
202605191315,15250.0,15300.0,15130.0,15200.0,2742
202605191330,15210.0,15290.0,15090.0,15180.0,2230
202605191345,15180.0,15270.0,15160.0,15200.0,2555
202605191400,15200.0,15220.0,15130.0,15190.0,2517
202605191415,15190.0,15210.0,15130.0,15170.0,2422
202605191430,15180.0,15200.0,15150.0,15160.0,2805
202605191445,15160.0,15200.0,15050.0,15190.0,10719
202605191500,15110.0,15260.0,15010.0,15020.0,6041
202605191515,15010.0,15180.0,15010.0,15150.0,4809
202605200900,14900.0,14900.0,13510.0,13950.0,22370
202605200915,13960.0,14080.0,13510.0,14030.0,22127
202605200930,14030.0,14040.0,13850.0,13860.0,9799
202605200945,13870.0,14040.0,13840.0,13900.0,8021
202605201000,13900.0,13920.0,13510.0,13900.0,19238
202605201015,13900.0,14030.0,13800.0,13800.0,7132
202605201030,13810.0,13870.0,13700.0,13750.0,5124
202605201045,13760.0,13930.0,13700.0,13840.0,4391
202605201100,13840.0,13870.0,13750.0,13790.0,3847
202605201115,13820.0,13890.0,13710.0,13720.0,13973
202605201130,13720.0,13780.0,13570.0,13710.0,13586
202605201145,13710.0,13860.0,13620.0,13620.0,5983
202605201200,13700.0,13750.0,13620.0,13660.0,5582
202605201215,13660.0,13710.0,13610.0,13670.0,5439
202605201230,13670.0,13820.0,13610.0,13610.0,6312
202605201245,13650.0,13700.0,13600.0,13630.0,4045
202605201300,13670.0,13810.0,13620.0,13720.0,3485
202605201315,13750.0,13830.0,13690.0,13740.0,5194
202605201330,13740.0,13920.0,13700.0,13920.0,8655
202605201345,13920.0,14130.0,13890.0,14050.0,19782
202605201400,14060.0,14140.0,13890.0,13970.0,14204
202605201415,13970.0,14110.0,13890.0,14090.0,14381
202605201430,14090.0,14700.0,14070.0,14520.0,21079
202605201445,14510.0,14750.0,14440.0,14690.0,16289
202605201500,14680.0,14770.0,14360.0,14380.0,14063
202605201515,14380.0,14480.0,14210.0,14270.0,4432
202605210900,14610.0,14730.0,14320.0,14510.0,23570
202605210915,14500.0,14580.0,14370.0,14490.0,4585
202605210930,14490.0,14790.0,14470.0,14710.0,11968
202605210945,14700.0,14710.0,14570.0,14710.0,1865
202605211000,14660.0,14760.0,14650.0,14690.0,4464
202605211015,14690.0,15000.0,14680.0,14810.0,11300
202605211030,14840.0,14860.0,14700.0,14790.0,3733
202605211045,14760.0,14840.0,14730.0,14840.0,1842
202605211100,14840.0,14910.0,14800.0,14830.0,1402
202605211115,14820.0,14860.0,14800.0,14800.0,2376
202605211130,14790.0,14860.0,14780.0,14830.0,1265
202605211145,14780.0,14800.0,14720.0,14790.0,1204
202605211200,14780.0,14790.0,14750.0,14780.0,814
202605211215,14780.0,14800.0,14750.0,14790.0,918
202605211230,14790.0,14790.0,14680.0,14740.0,1396
202605211245,14730.0,14790.0,14690.0,14790.0,2094
202605211300,14790.0,14830.0,14760.0,14820.0,1367
202605211315,14780.0,14780.0,14700.0,14700.0,1982
202605211330,14730.0,14760.0,14690.0,14690.0,1052
202605211345,14690.0,14700.0,14590.0,14660.0,3782
202605211400,14660.0,14660.0,14590.0,14630.0,1751
202605211415,14600.0,14660.0,14580.0,14600.0,903
202605211430,14610.0,14680.0,14600.0,14620.0,1421
202605211445,14620.0,14670.0,14570.0,14600.0,6606
202605211500,14590.0,14650.0,14530.0,14650.0,7472
202605211515,14550.0,14700.0,14530.0,14560.0,2970
202605220900,14630.0,14900.0,14630.0,14800.0,4233
202605220915,14810.0,14990.0,14730.0,14890.0,4879
202605220930,14890.0,15100.0,14850.0,14930.0,5075
202605220945,14890.0,14980.0,14880.0,14980.0,2111
202605221000,14980.0,15100.0,14930.0,15050.0,6207
202605221015,15100.0,15190.0,15060.0,15140.0,6107
202605221030,15140.0,15200.0,15130.0,15150.0,4812
202605221045,15160.0,15260.0,15140.0,15250.0,6175
202605221100,15250.0,15420.0,15210.0,15420.0,10588
202605221115,15400.0,15580.0,15400.0,15410.0,6893
202605221130,15450.0,15550.0,15350.0,15400.0,3966
202605221145,15370.0,15480.0,15130.0,15350.0,25881
202605221200,15430.0,15440.0,15300.0,15300.0,1517
202605221215,15300.0,15440.0,15300.0,15380.0,2245
202605221230,15440.0,15440.0,15320.0,15320.0,2053
202605221245,15400.0,15400.0,15240.0,15380.0,1872
202605221300,15380.0,15380.0,15200.0,15220.0,2257
202605221315,15290.0,15370.0,15180.0,15220.0,2496
202605221330,15220.0,15290.0,15200.0,15240.0,1944
202605221345,15290.0,15300.0,15190.0,15210.0,4272
202605221400,15200.0,15300.0,15200.0,15260.0,1257
202605221415,15210.0,15360.0,15200.0,15360.0,2642
202605221430,15320.0,15390.0,15310.0,15380.0,1256
202605221445,15330.0,15360.0,15280.0,15280.0,2277
202605221500,15280.0,15360.0,15240.0,15250.0,1848
202605221515,15250.0,15360.0,15210.0,15210.0,4352
202605260900,15460.0,15960.0,15460.0,15590.0,17547
202605260915,15600.0,15790.0,15390.0,15440.0,8591
202605260930,15440.0,15570.0,15300.0,15310.0,10023
202605260945,15330.0,15350.0,15300.0,15320.0,2249
202605261000,15330.0,15330.0,15270.0,15320.0,4289
202605261015,15320.0,15350.0,15280.0,15350.0,2111
202605261030,15320.0,15340.0,15260.0,15280.0,3841
202605261045,15280.0,15450.0,15270.0,15360.0,4321
202605261100,15360.0,15450.0,15310.0,15370.0,1928
202605261115,15370.0,15430.0,15310.0,15330.0,1026
202605261130,15330.0,15500.0,15330.0,15400.0,3178
202605261145,15400.0,15450.0,15380.0,15400.0,958
202605261200,15390.0,15440.0,15350.0,15430.0,891
202605261215,15370.0,15500.0,15370.0,15430.0,2318
202605261230,15430.0,15490.0,15430.0,15440.0,2207
202605261245,15440.0,15490.0,15420.0,15440.0,1006
202605261300,15440.0,15440.0,15420.0,15430.0,391
202605261315,15420.0,15480.0,15410.0,15420.0,338
202605261330,15420.0,15500.0,15420.0,15420.0,1308
202605261345,15420.0,15460.0,15400.0,15460.0,1750
202605261400,15420.0,15440.0,15390.0,15430.0,2548
202605261415,15440.0,15440.0,15390.0,15400.0,1990
202605261430,15400.0,15440.0,15400.0,15410.0,996
202605261445,15420.0,15470.0,15410.0,15460.0,987
202605261500,15460.0,15480.0,15410.0,15480.0,1092
202605261515,15430.0,15480.0,15410.0,15410.0,2964
202605270900,15250.0,15320.0,14970.0,14990.0,10377
202605270915,14990.0,15090.0,14870.0,15090.0,5507
202605270930,15110.0,15140.0,15000.0,15000.0,6539
202605270945,15000.0,15180.0,14920.0,14980.0,4600
202605271000,15000.0,15410.0,15000.0,15410.0,3250
202605271015,15400.0,15410.0,15210.0,15260.0,3669
202605271030,15230.0,15230.0,15100.0,15220.0,3240
202605271045,15240.0,15240.0,15160.0,15180.0,1581
202605271100,15180.0,15230.0,15120.0,15120.0,2191
202605271115,15130.0,15150.0,15000.0,15100.0,6106
202605271130,15100.0,15130.0,15050.0,15050.0,1663
202605271145,15050.0,15080.0,15030.0,15070.0,2020
202605271200,15060.0,15150.0,15000.0,15060.0,2279
202605271215,15120.0,15130.0,15100.0,15130.0,2883
202605271230,15090.0,15130.0,15070.0,15120.0,4533
202605271245,15130.0,15160.0,15020.0,15040.0,4419
202605271300,15030.0,15060.0,15010.0,15060.0,659
202605271315,15050.0,15100.0,15050.0,15100.0,688
202605271330,15090.0,15090.0,15060.0,15070.0,983
202605271345,15080.0,15120.0,14990.0,14990.0,4708
202605271400,14980.0,14980.0,14940.0,14940.0,4503
202605271415,14940.0,15010.0,14920.0,14950.0,2674
202605271430,14940.0,14970.0,14920.0,14960.0,1540
202605271445,14960.0,14980.0,14920.0,14930.0,1710
202605271500,14930.0,14970.0,14890.0,14910.0,5282
202605271515,14910.0,15020.0,14900.0,14900.0,3649
202605280900,14760.0,14990.0,14750.0,14870.0,2766
202605280915,14840.0,14930.0,14750.0,14770.0,2766
202605280930,14770.0,14950.0,14650.0,14740.0,2746
202605280945,14680.0,14740.0,14660.0,14740.0,2475
202605281000,14740.0,14900.0,14720.0,14780.0,2574
202605281015,14780.0,14840.0,14680.0,14710.0,3515
202605281030,14710.0,14720.0,14650.0,14650.0,2022
202605281045,14660.0,14780.0,14640.0,14780.0,1113
202605281100,14790.0,14800.0,14610.0,14660.0,1698
202605281115,14670.0,14700.0,14590.0,14600.0,1071
202605281130,14610.0,14620.0,14570.0,14570.0,736
202605281145,14580.0,14590.0,14500.0,14590.0,3498
202605281200,14550.0,14590.0,14490.0,14530.0,2394
202605281215,14540.0,14550.0,14440.0,14440.0,2187
202605281230,14440.0,14440.0,14340.0,14360.0,1843
202605281245,14360.0,14430.0,14170.0,14410.0,2857
202605281300,14410.0,14410.0,14280.0,14300.0,1743
202605281315,14260.0,14410.0,14180.0,14330.0,15522
202605281330,14330.0,14440.0,14250.0,14390.0,14752
202605281345,14420.0,14630.0,14380.0,14420.0,5123
202605281400,14420.0,14560.0,14360.0,14550.0,14883
202605281415,14550.0,14580.0,14440.0,14570.0,4633
202605281430,14580.0,14600.0,14550.0,14590.0,3479
202605281445,14590.0,14620.0,14580.0,14600.0,5273
202605281500,14600.0,14740.0,14590.0,14610.0,5725
202605281515,14620.0,14680.0,14620.0,14670.0,1872
202605290900,14750.0,14750.0,14240.0,14430.0,4513
202605290915,14380.0,14380.0,14140.0,14270.0,6421
202605290930,14270.0,14270.0,13200.0,13930.0,13871
202605290945,13930.0,14140.0,13930.0,14140.0,4756
202605291000,14140.0,14170.0,14080.0,14120.0,1138
202605291015,14120.0,14440.0,14120.0,14170.0,2783
202605291030,14170.0,14270.0,14130.0,14240.0,3493
202605291045,14220.0,14240.0,14140.0,14200.0,2487
202605291100,14200.0,14390.0,14130.0,14290.0,3197
202605291115,14270.0,14440.0,14250.0,14330.0,2520
202605291130,14370.0,14470.0,14260.0,14460.0,3684
202605291145,14460.0,14580.0,14340.0,14560.0,2989
202605291200,14350.0,14600.0,14350.0,14510.0,1548
202605291215,14580.0,14600.0,14500.0,14530.0,3145
202605291230,14540.0,14990.0,14540.0,14870.0,9642
202605291245,14780.0,15000.0,14760.0,15000.0,5649
202605291300,14870.0,15000.0,14550.0,14620.0,6272
202605291315,14630.0,14700.0,14600.0,14650.0,2772
202605291330,14640.0,14710.0,14590.0,14680.0,2250
202605291345,14660.0,14700.0,14600.0,14690.0,861
202605291400,14710.0,14740.0,14650.0,14650.0,947
202605291415,14650.0,14660.0,14590.0,14590.0,2811
202605291430,14590.0,14590.0,14510.0,14510.0,3758
202605291445,14520.0,14520.0,14400.0,14450.0,1365
202605291500,14450.0,14550.0,14410.0,14550.0,1670
202605291515,14550.0,14700.0,14480.0,14700.0,3583
202606010900,14260.0,14660.0,14220.0,14570.0,11782
202606010915,14580.0,14900.0,14480.0,14890.0,11558
202606010930,14890.0,14900.0,14800.0,14820.0,8742
202606010945,14820.0,14980.0,14810.0,14960.0,5021
202606011000,14960.0,14980.0,14900.0,14930.0,2972
202606011015,14920.0,15180.0,14890.0,15050.0,7598
202606011030,15055.0,15100.0,14950.0,15050.0,11970
202606011045,15070.0,15070.0,14980.0,14980.0,5162
202606011100,15010.0,15010.0,14820.0,14870.0,2402
202606011115,14870.0,14870.0,14600.0,14610.0,3887
202606011130,14615.0,14640.0,14550.0,14605.0,1826
202606011145,14600.0,14630.0,14560.0,14570.0,1430
202606011200,14560.0,14580.0,14530.0,14550.0,1095
202606011215,14555.0,14640.0,14510.0,14570.0,1016
202606011230,14580.0,14670.0,14510.0,14630.0,1707
202606011245,14630.0,14890.0,14620.0,14860.0,5935
202606011300,14870.0,14980.0,14820.0,14970.0,3939
202606011315,14970.0,15300.0,14880.0,15155.0,9614
202606011330,15155.0,15260.0,15100.0,15215.0,7382
202606011345,15220.0,15270.0,15180.0,15190.0,3956
202606011400,15200.0,15370.0,15080.0,15320.0,10964
202606011415,15320.0,15330.0,15130.0,15205.0,3857
202606011430,15205.0,15300.0,15130.0,15295.0,6522
202606011445,15295.0,15300.0,15190.0,15190.0,2485
202606011500,15190.0,15250.0,15100.0,15250.0,5554
202606011515,15240.0,15290.0,15050.0,15050.0,2334
202606020900,15100.0,15720.0,14990.0,15630.0,22290
202606020915,15580.0,16520.0,15410.0,16220.0,91700
202606020930,16210.0,16890.0,15960.0,16850.0,113288
202606020945,16840.0,17200.0,16600.0,16680.0,130540
202606021000,16730.0,17420.0,16640.0,16920.0,122607
202606021015,16990.0,17120.0,16700.0,16910.0,49419
202606021030,16910.0,17140.0,16650.0,17080.0,40552
202606021045,17080.0,17290.0,16890.0,17290.0,49474
202606021100,17290.0,17770.0,16970.0,17240.0,162449
202606021115,17230.0,17390.0,17010.0,17130.0,37243
202606021130,17140.0,17300.0,16960.0,17280.0,29644
202606021145,17290.0,17450.0,17200.0,17270.0,32548
202606021200,17290.0,17560.0,17110.0,17470.0,47459
202606021215,17460.0,17570.0,17240.0,17330.0,35286
202606021230,17330.0,17500.0,17110.0,17280.0,29836
202606021245,17280.0,17370.0,17170.0,17220.0,17898
202606021300,17230.0,17320.0,16810.0,17170.0,42415
202606021315,17170.0,17210.0,16950.0,16970.0,22099
202606021330,16970.0,17020.0,16810.0,16880.0,18612
202606021345,16870.0,17080.0,16820.0,17020.0,21702
202606021400,17020.0,17100.0,16900.0,16940.0,15342
202606021415,16980.0,17040.0,16880.0,16940.0,14738
202606021430,16960.0,17000.0,16740.0,16860.0,29993
202606021445,16860.0,17040.0,16790.0,17020.0,17785
202606021500,17010.0,17120.0,16930.0,17000.0,31562
202606021515,17000.0,17200.0,16950.0,17200.0,38839
202606040900,18900.0,19200.0,17020.0,17120.0,269368
202606040915,17140.0,18000.0,17090.0,17710.0,91917
202606040930,17710.0,18200.0,17420.0,18160.0,103830
202606040945,18160.0,18300.0,17710.0,18100.0,78367
202606041000,18100.0,18690.0,18020.0,18420.0,100234
202606041015,18430.0,18940.0,18400.0,18690.0,76845
202606041030,18690.0,18760.0,18320.0,18380.0,59514
202606041045,18380.0,19290.0,18360.0,18750.0,161382
202606041100,18750.0,19150.0,18650.0,19030.0,42033
202606041115,19030.0,19220.0,18840.0,18940.0,42370
202606041130,18940.0,19130.0,18850.0,19000.0,23283
202606041145,19000.0,19000.0,18690.0,18900.0,30257
202606041200,18930.0,19020.0,18810.0,18940.0,14966
202606041215,18940.0,18950.0,18750.0,18840.0,18915
202606041230,18840.0,18950.0,18600.0,18610.0,27579
202606041245,18650.0,18770.0,18590.0,18650.0,14762
202606041300,18660.0,18800.0,18620.0,18680.0,14320
202606041315,18690.0,18770.0,18550.0,18700.0,21678
202606041330,18730.0,18890.0,18540.0,18550.0,21216
202606041345,18560.0,18700.0,18420.0,18630.0,23351
202606041400,18620.0,19200.0,18610.0,18980.0,51236
202606041415,18980.0,19230.0,18960.0,19040.0,59179
202606041430,19030.0,19420.0,18940.0,19080.0,82463
202606041445,19080.0,19210.0,19010.0,19180.0,34234
202606041500,19180.0,19440.0,19110.0,19360.0,67282
202606041515,19370.0,19420.0,19300.0,19410.0,60793
202606050900,20950.0,21650.0,20100.0,20600.0,433649
202606050915,20550.0,23300.0,20550.0,21450.0,1027997
202606050930,21450.0,22300.0,20900.0,22150.0,442757
202606050945,22150.0,24200.0,21950.0,23450.0,1023227
202606051000,23450.0,24200.0,22800.0,23500.0,887584
202606051015,23500.0,23850.0,22850.0,22850.0,341851
202606051030,22850.0,22900.0,21150.0,21750.0,616105
202606051045,21750.0,22200.0,20850.0,21250.0,343319
202606051100,21300.0,21500.0,20250.0,20850.0,284136
202606051115,20850.0,21250.0,20650.0,20900.0,120646
202606051130,20900.0,21800.0,20800.0,21500.0,147300
202606051145,21500.0,21850.0,21200.0,21800.0,115960
202606051200,21800.0,22000.0,21200.0,21400.0,111911
202606051215,21400.0,21500.0,20750.0,21050.0,85260
202606051230,21050.0,21350.0,20800.0,20850.0,47545
202606051245,20850.0,20900.0,20300.0,20650.0,107296
202606051300,20650.0,20900.0,19990.0,20150.0,103310
202606051315,20150.0,20500.0,20000.0,20500.0,64969
202606051330,20500.0,20600.0,20050.0,20150.0,50203
202606051345,20150.0,20400.0,18850.0,19160.0,224100
202606051400,19150.0,19200.0,18430.0,18640.0,181434
202606051415,18640.0,18910.0,18600.0,18830.0,66200
202606051430,18830.0,18870.0,18110.0,18340.0,142592
202606051445,18340.0,18370.0,18150.0,18300.0,50327
202606051500,18300.0,18440.0,17910.0,18440.0,95042
202606051515,18440.0,18700.0,18440.0,18590.0,74908
202606080900,20700.0,21000.0,19260.0,19350.0,278915
202606080930,18700.0,19100.0,17900.0,18270.0,426384
202606080945,18240.0,19110.0,18100.0,18860.0,153567
202606081000,18860.0,19400.0,18860.0,19390.0,133812
202606081015,19390.0,20450.0,19200.0,20450.0,327548
202606081030,20450.0,20450.0,19530.0,19750.0,252326
202606081045,19760.0,19910.0,19260.0,19410.0,100037
202606081100,19410.0,19570.0,18850.0,18990.0,98830
202606081115,19000.0,19160.0,18720.0,19160.0,73552
202606081130,19160.0,19390.0,19040.0,19180.0,36570
202606081145,19190.0,19210.0,19020.0,19060.0,22233
202606081200,19070.0,19960.0,19070.0,19570.0,92138
202606081215,19560.0,19770.0,19380.0,19490.0,53791
202606081230,19510.0,19620.0,19370.0,19450.0,20911
202606081245,19450.0,19880.0,19450.0,19560.0,66626
202606081300,19600.0,19800.0,19580.0,19740.0,35166
202606081315,19740.0,20400.0,19720.0,19950.0,184791
202606081330,19960.0,20300.0,19950.0,19990.0,73326
202606081345,20000.0,20900.0,19930.0,20600.0,215929
202606081400,20550.0,21800.0,20350.0,21450.0,525762
202606081415,21450.0,22000.0,20700.0,21050.0,551932
202606081430,21050.0,21850.0,20900.0,21450.0,304338
202606081445,21500.0,21850.0,20800.0,21050.0,218977
202606081500,21050.0,21100.0,20000.0,20800.0,299186
202606081515,20800.0,21300.0,20800.0,21000.0,191953
202606090900,20550.0,21750.0,20450.0,21500.0,489306
202606090915,21600.0,22100.0,20550.0,21950.0,436811
202606090930,21900.0,23650.0,21800.0,22600.0,900938
202606090945,22600.0,23700.0,22200.0,23600.0,519421
202606091000,23600.0,25350.0,23400.0,25150.0,1111216
202606091015,25150.0,25500.0,23650.0,24500.0,896373
202606091030,24500.0,24850.0,23550.0,24650.0,423796
202606091045,24600.0,24850.0,23950.0,24450.0,210498
202606091100,24400.0,24600.0,23650.0,23900.0,141031
202606091115,23950.0,25000.0,23750.0,24850.0,265019
202606091130,24850.0,24850.0,24150.0,24250.0,127769
202606091145,24250.0,24350.0,23950.0,24100.0,80694
202606091200,24100.0,24100.0,23200.0,23500.0,190423
202606091215,23475.0,24200.0,23450.0,24050.0,123961
202606091230,24050.0,24550.0,23950.0,24350.0,154745
202606091245,24300.0,24800.0,24250.0,24450.0,169206
202606091300,24450.0,25200.0,24250.0,25050.0,148668
202606091315,25050.0,25050.0,24250.0,24300.0,161681
202606091330,24350.0,24600.0,23900.0,24400.0,154451
202606091345,24400.0,24450.0,23850.0,24050.0,96358
202606091400,24000.0,24350.0,23700.0,23950.0,105456
202606091415,23950.0,24350.0,23900.0,24250.0,49792
202606091430,24250.0,24300.0,23750.0,24000.0,78369
202606091445,24000.0,24400.0,23850.0,24250.0,90574
202606091500,24250.0,24550.0,23900.0,24150.0,140016
202606091515,24150.0,24150.0,24000.0,24150.0,75760
202606100900,22300.0,22550.0,21450.0,21650.0,229087
202606100915,21650.0,22050.0,21500.0,21800.0,75920
202606100930,21800.0,21950.0,21500.0,21650.0,54296
202606100945,21650.0,22100.0,21550.0,22000.0,35693
202606101000,21950.0,22600.0,21950.0,22400.0,81345
202606101015,22400.0,22600.0,22250.0,22400.0,27070
202606101030,22400.0,22500.0,22300.0,22300.0,18327
202606101045,22300.0,22400.0,22100.0,22350.0,28160
202606101100,22350.0,22600.0,22150.0,22500.0,23557
202606101115,22500.0,23100.0,22450.0,22550.0,86100
202606101130,22550.0,22800.0,22150.0,22250.0,38650
202606101145,22200.0,22200.0,21750.0,22000.0,55384
202606101200,21950.0,22100.0,21750.0,22000.0,24527
202606101215,21950.0,22450.0,21900.0,22400.0,21380
202606101230,22400.0,22750.0,22300.0,22450.0,29110
202606101245,22400.0,22400.0,22050.0,22350.0,20645
202606101300,22400.0,22750.0,22150.0,22500.0,47761
202606101315,22450.0,22750.0,21950.0,22150.0,50849
202606101330,22100.0,22150.0,21800.0,22050.0,39594
202606101345,22000.0,22100.0,21800.0,21950.0,34304
202606101400,21950.0,21950.0,21700.0,21800.0,24578
202606101415,21850.0,21950.0,21550.0,21900.0,32096
202606101430,21850.0,21900.0,21350.0,21500.0,41266
202606101445,21550.0,22050.0,21450.0,21900.0,33189
202606101500,21900.0,22450.0,21800.0,22400.0,34982
202606101515,22350.0,22600.0,22250.0,22600.0,30892
202606110900,22200.0,22900.0,21450.0,21900.0,138057
202606110915,21800.0,21800.0,20550.0,20650.0,138883
202606110930,20650.0,20850.0,20100.0,20100.0,124993
202606110945,20050.0,20500.0,19500.0,20500.0,111637
202606111000,20500.0,21150.0,20450.0,20900.0,73443
202606111015,20900.0,22050.0,20650.0,22050.0,59749
202606111030,22100.0,23250.0,21500.0,23000.0,568609
202606111045,23000.0,26150.0,22850.0,26050.0,1018478
202606111100,26100.0,28000.0,24950.0,25500.0,1385876
202606111115,25450.0,26100.0,24350.0,25950.0,686955
202606111130,25950.0,28150.0,25500.0,27850.0,1026153
202606111145,27850.0,29350.0,27450.0,29350.0,728872
202606111200,29350.0,29350.0,29350.0,29350.0,12307
202606111215,29350.0,29350.0,29350.0,29350.0,7613
202606111230,29350.0,29350.0,29350.0,29350.0,5169
202606111245,29350.0,29350.0,29350.0,29350.0,15244
202606111300,29350.0,29350.0,29350.0,29350.0,4261
202606111315,29350.0,29350.0,29350.0,29350.0,27010
202606111330,29350.0,29350.0,29350.0,29350.0,3879
202606111345,29350.0,29350.0,29350.0,29350.0,2470
202606111400,29350.0,29350.0,29350.0,29350.0,1895
202606111415,29350.0,29350.0,29350.0,29350.0,2103
202606111430,29350.0,29350.0,29350.0,29350.0,6853
202606111445,29350.0,29350.0,29350.0,29350.0,1864
202606111500,29350.0,29350.0,29350.0,29350.0,1213
202606111515,29350.0,29350.0,29350.0,29350.0,7765
202606120900,27800.0,28500.0,25900.0,27500.0,794959
202606120915,27550.0,27600.0,26650.0,26850.0,217561
202606120930,26850.0,27500.0,26650.0,27100.0,131314
202606120945,27150.0,29300.0,26900.0,28900.0,745120
202606121000,28900.0,29750.0,28550.0,29450.0,803574
202606121015,29450.0,29650.0,28700.0,29300.0,444233
202606121030,29250.0,29300.0,27850.0,28500.0,279961
202606121045,28500.0,28600.0,27800.0,28250.0,129324
202606121100,28250.0,28350.0,27950.0,28100.0,60501
202606121115,28100.0,29100.0,28050.0,28550.0,119648
202606121130,28600.0,28600.0,28100.0,28250.0,63981
202606121145,28250.0,28450.0,28150.0,28400.0,40107
202606121200,28400.0,29450.0,28300.0,28650.0,177906
202606121215,28650.0,31000.0,28650.0,30400.0,390076
202606121230,30400.0,30750.0,29900.0,30750.0,395385
202606121245,30750.0,31200.0,28950.0,29000.0,414182
202606121300,29050.0,29650.0,28850.0,28900.0,164817
202606121315,28900.0,29150.0,28500.0,28650.0,120030
202606121330,28650.0,29950.0,28600.0,29100.0,261739
202606121345,29100.0,29250.0,28700.0,29050.0,90223
202606121400,29050.0,29450.0,28750.0,28900.0,91706
202606121415,28900.0,29050.0,28450.0,28600.0,93128
202606121430,28550.0,28700.0,27950.0,28050.0,122590
202606121445,28000.0,28900.0,27950.0,28600.0,87219
202606121500,28650.0,28750.0,28150.0,28450.0,67307
202606121515,28450.0,28650.0,28050.0,28300.0,58832
202606150900,28200.0,28500.0,26800.0,27350.0,236181
202606150915,27400.0,28200.0,27150.0,27350.0,93919
202606150930,27350.0,27750.0,27200.0,27250.0,45416
202606150945,27200.0,27650.0,27200.0,27550.0,34799
202606151000,27550.0,27750.0,27100.0,27250.0,44791
202606151015,27250.0,28300.0,27200.0,28200.0,100862
202606151030,28200.0,28400.0,27950.0,28200.0,89831
202606151045,28200.0,28250.0,27600.0,27800.0,42691
202606151100,27800.0,27800.0,27500.0,27550.0,34169
202606151115,27500.0,27700.0,27300.0,27600.0,35515
202606151130,27600.0,28600.0,27600.0,28250.0,152076
202606151145,28250.0,28500.0,28050.0,28200.0,42602
202606151200,28200.0,28400.0,28150.0,28250.0,29245
202606151215,28250.0,29500.0,28200.0,29200.0,237351
202606151230,29200.0,29450.0,28750.0,29050.0,172806
202606151245,29050.0,29250.0,28250.0,28300.0,116831
202606151300,28350.0,28500.0,27800.0,28150.0,81185
202606151315,28150.0,28650.0,28050.0,28500.0,43380
202606151330,28475.0,28750.0,28250.0,28600.0,45611
202606151345,28650.0,28700.0,28150.0,28250.0,35358
202606151400,28250.0,28400.0,28050.0,28150.0,44852
202606151415,28150.0,28525.0,28050.0,28375.0,44921
202606151430,28350.0,28450.0,28050.0,28250.0,42357
202606151445,28250.0,28450.0,28100.0,28350.0,36632
202606151500,28350.0,28650.0,28300.0,28550.0,49026
202606151515,28550.0,28650.0,28450.0,28650.0,45085
202606160900,27950.0,28150.0,27300.0,27400.0,137318
202606160915,27400.0,28800.0,27300.0,28650.0,154831
202606160930,28650.0,29400.0,28500.0,29350.0,194636
202606160945,29400.0,32500.0,29250.0,30800.0,1109741
202606161000,30800.0,33600.0,30200.0,32650.0,1214298
202606161015,32700.0,33650.0,31650.0,32350.0,492404
202606161030,32400.0,33800.0,31800.0,33550.0,338061
202606161045,33550.0,35150.0,33500.0,34500.0,739688
202606161100,34450.0,34500.0,33150.0,33950.0,358285
202606161115,33950.0,34150.0,32500.0,33850.0,246192
202606161130,33850.0,34000.0,33000.0,33050.0,117344
202606161145,33050.0,34100.0,32800.0,33450.0,153101
202606161200,33450.0,33700.0,32850.0,33050.0,68541
202606161215,33050.0,33350.0,32500.0,32800.0,92013
202606161230,32900.0,33000.0,32200.0,32400.0,112248
202606161245,32500.0,32800.0,32200.0,32600.0,47835
202606161300,32600.0,33000.0,32100.0,32150.0,72784
202606161315,32100.0,32550.0,31400.0,31450.0,136567
202606161330,31450.0,31450.0,30850.0,31200.0,132575
202606161345,31250.0,31500.0,30850.0,30950.0,62837
202606161400,30950.0,32000.0,30900.0,31500.0,96980
202606161415,31550.0,32000.0,31450.0,31750.0,51548
202606161430,31750.0,32550.0,31700.0,32400.0,90043
202606161445,32350.0,33300.0,32300.0,32650.0,239179
202606161500,32650.0,32900.0,32050.0,32300.0,96070
202606161515,32300.0,32350.0,32150.0,32250.0,46501
202606170900,31350.0,32650.0,31050.0,31300.0,187101
202606170915,31300.0,31350.0,30800.0,30900.0,84820
202606170930,30900.0,31400.0,30850.0,31150.0,34361
202606170945,31150.0,31200.0,30500.0,30650.0,45121
202606171000,30650.0,31000.0,30550.0,30800.0,40883
202606171015,30800.0,31150.0,30700.0,31000.0,21575
202606171030,31000.0,31000.0,30200.0,30400.0,50485
202606171045,30400.0,30475.0,30150.0,30150.0,29639
202606171100,30250.0,30300.0,30000.0,30000.0,26480
202606171115,30050.0,30650.0,30050.0,30400.0,20132
202606171130,30400.0,30450.0,30000.0,30050.0,20258
202606171145,30050.0,30250.0,30050.0,30100.0,10485
202606171200,30100.0,30250.0,30000.0,30150.0,12627
202606171215,30200.0,30300.0,30100.0,30200.0,15522
202606171230,30200.0,30350.0,30050.0,30050.0,13780
202606171245,30050.0,30100.0,29850.0,29850.0,22173
202606171300,29850.0,30050.0,29800.0,30050.0,11944
202606171315,30050.0,30350.0,29950.0,30150.0,22710
202606171330,30150.0,30350.0,30050.0,30100.0,11330
202606171345,30100.0,30850.0,30100.0,30600.0,37993
202606171400,30550.0,30550.0,30200.0,30200.0,18874
202606171415,30175.0,30650.0,30050.0,30550.0,21039
202606171430,30500.0,30550.0,30150.0,30400.0,18150
202606171445,30400.0,30950.0,30150.0,30850.0,24950
202606171500,30850.0,30900.0,30550.0,30850.0,26517
202606171515,30800.0,30900.0,30600.0,30600.0,36075
202606180900,31450.0,33375.0,31250.0,33250.0,517752
202606180915,33250.0,33450.0,32450.0,33100.0,320067
202606180930,33075.0,35400.0,32900.0,35050.0,541302
202606180945,35050.0,37300.0,34800.0,36000.0,936837
202606181000,35950.0,36800.0,35200.0,35950.0,367531
202606181015,35950.0,36150.0,34400.0,34600.0,314566
202606181030,34550.0,35300.0,33700.0,33750.0,272992
202606181045,33700.0,34050.0,33100.0,33550.0,214567
202606181100,33550.0,33900.0,32400.0,32500.0,271155
202606181115,32500.0,33000.0,32300.0,32350.0,113908
202606181130,32350.0,32350.0,31650.0,31700.0,116234
202606181145,31750.0,32000.0,31500.0,31550.0,100240
202606181200,31700.0,32050.0,31500.0,31550.0,85138
202606181215,31650.0,32100.0,31500.0,31750.0,55385
202606181230,31750.0,32000.0,31550.0,31750.0,34689
202606181245,31750.0,32000.0,31600.0,31700.0,30680
202606181300,31800.0,32900.0,31650.0,32850.0,120509
202606181315,32850.0,33050.0,32250.0,32300.0,198569
202606181330,32300.0,32650.0,31850.0,32300.0,99243
202606181345,32350.0,32350.0,31850.0,32200.0,47202
202606181400,32200.0,32850.0,31850.0,32000.0,77623
202606181415,32000.0,32000.0,31550.0,31650.0,57968
202606181430,31650.0,32100.0,31350.0,31850.0,45627
202606181445,31850.0,32000.0,31600.0,31900.0,46579
202606181500,31900.0,32100.0,31800.0,31850.0,41749
202606181515,31800.0,32000.0,31700.0,32000.0,42368
202606190900,32000.0,35400.0,32000.0,35300.0,665562
202606190915,35300.0,36350.0,34100.0,35000.0,581875
202606190930,35100.0,35750.0,34250.0,35500.0,249421
202606190945,35500.0,35650.0,33650.0,34150.0,188577
202606191000,34150.0,34300.0,33500.0,34000.0,63189
202606191015,34050.0,34750.0,33800.0,34400.0,60822
202606191030,34350.0,34700.0,33950.0,34200.0,57330
202606191045,34150.0,34850.0,34100.0,34400.0,75707
202606191100,34350.0,36500.0,34350.0,35700.0,279326
202606191115,35600.0,36450.0,34800.0,35750.0,276234
202606191130,35850.0,36400.0,35450.0,35900.0,115231
202606191145,35900.0,36200.0,35600.0,35750.0,89018
202606191200,35700.0,36750.0,35350.0,36550.0,202363
202606191215,36550.0,37200.0,34000.0,34750.0,674870
202606191230,34800.0,35800.0,34450.0,35250.0,218221
202606191245,35250.0,35850.0,34200.0,34950.0,174813
202606191300,35000.0,35050.0,34100.0,34550.0,98393
202606191315,34600.0,34750.0,34000.0,34325.0,50807
202606191330,34300.0,34500.0,33750.0,34250.0,73192
202606191345,34250.0,34300.0,33700.0,33750.0,39742
202606191400,33700.0,34200.0,33700.0,33700.0,41820
202606191415,33750.0,34150.0,33750.0,34000.0,26167
202606191430,34000.0,34250.0,33800.0,34250.0,36760
202606191445,34300.0,34900.0,34200.0,34350.0,69984
202606191500,34400.0,34450.0,34000.0,34200.0,64409
202606191515,34200.0,34550.0,34000.0,34550.0,64279
202606220900,29000.0,29100.0,26150.0,27050.0,541063
202606220915,27050.0,29300.0,26650.0,29300.0,250420
202606220930,29300.0,29400.0,27550.0,27700.0,135728
202606220945,27725.0,27950.0,27350.0,27500.0,76368
202606221000,27500.0,28200.0,26850.0,28200.0,94653
202606221015,28200.0,28300.0,27150.0,27200.0,58979
202606221030,27200.0,27250.0,26750.0,26950.0,67048
202606221045,26950.0,27250.0,26500.0,27250.0,70770
202606221100,27200.0,27250.0,26350.0,26500.0,51595
202606221115,26450.0,26600.0,26300.0,26600.0,35937
202606221130,26600.0,26900.0,26550.0,26550.0,21180
202606221145,26550.0,26550.0,26150.0,26500.0,47021
202606221200,26500.0,26650.0,26200.0,26300.0,24817
202606221215,26300.0,26400.0,26100.0,26200.0,38700
202606221230,26150.0,26150.0,25000.0,25000.0,161077
202606221245,25000.0,25350.0,24700.0,25100.0,115817
202606221300,25150.0,25750.0,24700.0,24900.0,92066
202606221315,24925.0,24925.0,24200.0,24450.0,217829
202606221330,24450.0,24650.0,24200.0,24500.0,114571
202606221345,24500.0,25500.0,24350.0,24750.0,111372
202606221400,24750.0,25450.0,24600.0,24850.0,60946
202606221415,24850.0,25000.0,24200.0,24400.0,88080
202606221430,24350.0,24500.0,24200.0,24350.0,66713
202606221445,24350.0,24700.0,24200.0,24650.0,58423
202606221500,24650.0,24750.0,24200.0,24250.0,86215
202606221515,24250.0,24250.0,24200.0,24200.0,47927
202606230900,23950.0,24850.0,22450.0,23350.0,360538
202606230915,23350.0,23400.0,21950.0,22200.0,177241
202606230930,22200.0,22550.0,21850.0,22400.0,95605
202606230945,22400.0,23300.0,22250.0,22800.0,87109
202606231000,22800.0,22850.0,22100.0,22250.0,54589
202606231015,22200.0,22500.0,22050.0,22300.0,37607
202606231030,22350.0,22350.0,21350.0,21350.0,151818
202606231045,21200.0,21550.0,21000.0,21350.0,93099
202606231100,21350.0,22100.0,21200.0,22050.0,59135
202606231115,22100.0,22500.0,21550.0,21700.0,46875
202606231130,21700.0,21700.0,21400.0,21600.0,25238
202606231145,21575.0,21900.0,21500.0,21750.0,16979
202606231200,21800.0,21800.0,21400.0,21500.0,17459
202606231215,21500.0,21600.0,21300.0,21450.0,26047
202606231230,21400.0,21500.0,21100.0,21150.0,34996
202606231245,21150.0,21250.0,20850.0,21050.0,50569
202606231300,21050.0,21750.0,21050.0,21500.0,28274
202606231315,21500.0,21500.0,21050.0,21300.0,22633
202606231330,21300.0,21400.0,21100.0,21250.0,29601
202606231345,21250.0,21350.0,21050.0,21100.0,22787
202606231400,21100.0,21200.0,20600.0,20600.0,48732
202606231415,20600.0,20850.0,20200.0,20550.0,70838
202606231430,20500.0,20550.0,20450.0,20450.0,8932
202606231500,20250.0,20750.0,19650.0,19660.0,181887
202606231515,19650.0,19780.0,19570.0,19600.0,95723
202606240900,19340.0,21050.0,19080.0,20550.0,216228
202606240915,20450.0,20800.0,19800.0,20350.0,89315
202606240930,20350.0,20400.0,19880.0,20300.0,34801
202606240945,20300.0,20300.0,19900.0,20050.0,29629
202606241000,20000.0,20050.0,19310.0,19540.0,55476
202606241015,19540.0,20300.0,19540.0,20150.0,26156
202606241030,20150.0,20150.0,19620.0,19810.0,19669
202606241045,19810.0,20150.0,19660.0,20150.0,16135
202606241100,20200.0,20250.0,19920.0,20100.0,15689
202606241115,20100.0,20150.0,19870.0,20050.0,14260
202606241130,20050.0,20200.0,19460.0,19470.0,33964
202606241145,19460.0,19550.0,19260.0,19340.0,32303
202606241200,19340.0,19350.0,19060.0,19210.0,28962
202606241215,19210.0,19500.0,18800.0,19410.0,33882
202606241230,19410.0,19510.0,19340.0,19500.0,12729
202606241245,19500.0,19670.0,19390.0,19660.0,9020
202606241300,19660.0,19730.0,19470.0,19600.0,8956
202606241315,19590.0,19600.0,19310.0,19330.0,8575
202606241330,19330.0,19600.0,19290.0,19590.0,11390
202606241345,19590.0,20000.0,19590.0,20000.0,14813
202606241400,19990.0,20200.0,19900.0,20100.0,22659
202606241415,20100.0,20100.0,19790.0,19960.0,13405
202606241430,19980.0,20100.0,19700.0,19740.0,13700
202606241445,19750.0,19920.0,19730.0,19740.0,12501
202606241500,19730.0,19860.0,19680.0,19790.0,14533
202606241515,19780.0,19980.0,19780.0,19820.0,11270
202606250900,19990.0,20600.0,19500.0,20200.0,75028
202606250915,20150.0,21700.0,20150.0,21500.0,179244
202606250930,21450.0,22350.0,21000.0,21450.0,222407
202606250945,21450.0,22150.0,21050.0,21450.0,92091
202606251000,21450.0,21500.0,21200.0,21450.0,28212
202606251015,21400.0,21500.0,21200.0,21400.0,20157
202606251030,21500.0,22250.0,21350.0,22200.0,43252
202606251045,22200.0,22650.0,21650.0,21900.0,92846
202606251100,21950.0,22000.0,21500.0,21600.0,28200
202606251115,21600.0,22050.0,21500.0,22050.0,22455
202606251130,22050.0,22250.0,21700.0,21950.0,25164
202606251145,21950.0,22350.0,21600.0,22350.0,20868
202606251200,22350.0,22700.0,22200.0,22400.0,61039
202606251215,22350.0,23000.0,22300.0,22650.0,69053
202606251230,22700.0,22950.0,22400.0,22450.0,43894
202606251245,22500.0,23100.0,22350.0,23000.0,55515
202606251300,23000.0,23100.0,21550.0,21800.0,66319
202606251315,21800.0,22200.0,21650.0,21900.0,33468
202606251330,21950.0,22150.0,21750.0,22150.0,22675
202606251345,22150.0,22175.0,21550.0,21650.0,31859
202606251400,21700.0,22000.0,21650.0,21850.0,20836
202606251415,21850.0,21900.0,21400.0,21550.0,33684
202606251430,21600.0,22050.0,21450.0,21850.0,17486
202606251445,21850.0,22850.0,21550.0,22650.0,51903
202606251500,22650.0,22700.0,22400.0,22450.0,30411
202606251515,22500.0,22800.0,22450.0,22550.0,33812
202606260900,21800.0,23300.0,21400.0,22850.0,97910
202606260915,22850.0,23750.0,22000.0,23750.0,144022
202606260930,23700.0,24700.0,21950.0,21950.0,264129
202606260945,21950.0,22700.0,21850.0,21900.0,71450
202606261000,21900.0,21950.0,21000.0,21325.0,61228
202606261015,21325.0,22000.0,21150.0,21150.0,36847
202606261030,21200.0,21500.0,21050.0,21100.0,26520
202606261045,21100.0,21150.0,20550.0,20650.0,35812
202606261100,20650.0,20750.0,20300.0,20450.0,27799
202606261115,20450.0,20850.0,20350.0,20650.0,25521
202606261130,20650.0,20750.0,20350.0,20400.0,14910
202606261145,20400.0,20500.0,20050.0,20150.0,23884
202606261200,20050.0,20250.0,20000.0,20000.0,8926
202606261230,20050.0,20100.0,19810.0,19840.0,23797
202606261245,19840.0,20750.0,19820.0,20700.0,21709
202606261300,20650.0,20850.0,20350.0,20750.0,13259
202606261315,20800.0,20850.0,20250.0,20400.0,16337
202606261330,20500.0,20550.0,19960.0,19990.0,17567
202606261345,19980.0,20100.0,19940.0,20000.0,10334
202606261400,20050.0,20600.0,19940.0,20500.0,15127
202606261415,20500.0,20750.0,20350.0,20750.0,15787
202606261430,20700.0,20850.0,20500.0,20500.0,14165
202606261445,20500.0,20700.0,20450.0,20450.0,13136
202606261500,20450.0,20500.0,20150.0,20250.0,12706
202606261515,20250.0,20700.0,20250.0,20700.0,13469
202606290900,20100.0,20300.0,19710.0,20200.0,41659
202606290915,20150.0,20900.0,20050.0,20050.0,39599
202606290930,20050.0,20500.0,19950.0,20400.0,16135
202606290945,20450.0,20700.0,20300.0,20300.0,15267
202606291000,20300.0,20350.0,20050.0,20350.0,15472
202606291015,20350.0,20850.0,20350.0,20450.0,18072
202606291030,20450.0,20700.0,20400.0,20550.0,10640
202606291045,20550.0,20650.0,20450.0,20575.0,6681
202606291100,20575.0,20600.0,20300.0,20300.0,10874
202606291115,20300.0,20350.0,20100.0,20150.0,8589
202606291130,20200.0,20800.0,20200.0,20800.0,10048
202606291145,20800.0,21500.0,20750.0,20950.0,42355
202606291200,20950.0,21000.0,20750.0,20750.0,13174
202606291215,20750.0,20850.0,20500.0,20650.0,14628
202606291230,20600.0,20850.0,20450.0,20700.0,6732
202606291245,20725.0,20950.0,20725.0,20850.0,5364
202606291300,20850.0,20900.0,20700.0,20750.0,4256
202606291315,20700.0,20900.0,20600.0,20900.0,10305
202606291330,20900.0,20950.0,20650.0,20700.0,5773
202606291345,20700.0,21000.0,20700.0,20750.0,8514
202606291400,20750.0,20750.0,20450.0,20600.0,15914
202606291415,20600.0,20900.0,20550.0,20650.0,15543
202606291430,20750.0,20900.0,20700.0,20850.0,7813
202606291445,20850.0,21100.0,20800.0,21000.0,18931
202606291500,21000.0,21200.0,20800.0,20850.0,15766
202606291515,20850.0,20900.0,20700.0,20700.0,9853
202606300900,20700.0,21425.0,20350.0,21300.0,29240
202606300915,21300.0,21450.0,20950.0,21350.0,20438
202606300930,21300.0,22000.0,21250.0,21350.0,65680
202606300945,21350.0,21750.0,21350.0,21600.0,13882
202606301000,21600.0,21650.0,21050.0,21150.0,17111
202606301015,21150.0,21400.0,21050.0,21300.0,8078
202606301030,21150.0,21400.0,21050.0,21100.0,15270
202606301045,21100.0,21350.0,20950.0,21050.0,19412
202606301100,21000.0,21100.0,20650.0,20850.0,16234
202606301115,20900.0,20950.0,20650.0,20750.0,17848
202606301130,20700.0,20900.0,20550.0,20900.0,9241
202606301145,20850.0,21200.0,20850.0,21050.0,6013
202606301200,21050.0,21100.0,20900.0,21050.0,2321
202606301215,21050.0,21250.0,20950.0,21225.0,2714
202606301230,21250.0,21450.0,21150.0,21200.0,6192
202606301245,21150.0,21250.0,21100.0,21100.0,3450
202606301300,21100.0,21100.0,20950.0,21000.0,4965
202606301315,21050.0,21100.0,20800.0,20850.0,5510
202606301330,20850.0,21100.0,20800.0,20850.0,8017
202606301345,20850.0,21050.0,20700.0,21000.0,7830
202606301400,21000.0,21000.0,20800.0,20900.0,3524
202606301415,20900.0,21200.0,20800.0,21000.0,5959
202606301430,20950.0,21200.0,20800.0,21200.0,11649
202606301445,21200.0,21300.0,20950.0,21300.0,16548
202606301500,21200.0,21300.0,21050.0,21050.0,8800
202606301515,21100.0,21150.0,21000.0,21000.0,8300
202607010900,21350.0,21350.0,20550.0,20900.0,27532
202607010915,20900.0,21050.0,20350.0,20925.0,35396
202607010930,20925.0,21200.0,20550.0,20800.0,19914
202607010945,20825.0,21150.0,20800.0,21000.0,15015
202607011000,21000.0,21100.0,20700.0,20800.0,10036
202607011015,20800.0,20850.0,20650.0,20700.0,6024
202607011030,20700.0,20850.0,20600.0,20850.0,5109
202607011045,20800.0,20800.0,20500.0,20750.0,11688
202607011100,20700.0,20800.0,20300.0,20350.0,14214
202607011115,20350.0,20400.0,20100.0,20100.0,15514
202607011130,20125.0,20350.0,20050.0,20350.0,7949
202607011145,20350.0,20350.0,20100.0,20150.0,4585
202607011200,20150.0,20350.0,20100.0,20250.0,4662
202607011215,20300.0,20350.0,20050.0,20150.0,7088
202607011230,20150.0,20450.0,20050.0,20400.0,7845
202607011245,20400.0,20450.0,20300.0,20400.0,4074
202607011300,20450.0,20450.0,20200.0,20400.0,6480
202607011315,20350.0,20750.0,20300.0,20750.0,7066
202607011330,20700.0,20750.0,20350.0,20450.0,6502
202607011345,20400.0,20550.0,20250.0,20250.0,8401
202607011400,20250.0,20350.0,20050.0,20250.0,11011
202607011415,20250.0,20350.0,20100.0,20100.0,13450
202607011430,20175.0,20350.0,20150.0,20250.0,5759
202607011445,20300.0,20550.0,20200.0,20500.0,8504
202607011500,20500.0,20550.0,20250.0,20550.0,8019
202607011515,20550.0,20650.0,20500.0,20650.0,9910
202607020900,20100.0,20300.0,19620.0,19670.0,33936
202607020915,19660.0,20000.0,19620.0,19870.0,13907
202607020930,19870.0,20450.0,19830.0,20400.0,12688
202607020945,20400.0,21050.0,20300.0,20450.0,28133
202607021000,20450.0,20700.0,20250.0,20450.0,5480
202607021015,20450.0,20850.0,20350.0,20800.0,12157
202607021030,20800.0,20950.0,20600.0,20800.0,12158
202607021045,20750.0,20800.0,20500.0,20750.0,5711
202607021100,20750.0,20900.0,20750.0,20900.0,4936
202607021115,20900.0,20900.0,20650.0,20700.0,2755
202607021130,20700.0,20850.0,20650.0,20850.0,3080
202607021145,20850.0,21250.0,20700.0,21100.0,13104
202607021200,21100.0,21600.0,21000.0,21300.0,18536
202607021215,21300.0,21300.0,20800.0,21150.0,6758
202607021230,21100.0,21250.0,20950.0,21100.0,10137
202607021245,21100.0,21100.0,20750.0,20750.0,7028
202607021300,20750.0,20800.0,20600.0,20750.0,7925
202607021315,20700.0,21100.0,20650.0,21050.0,4299
202607021330,21000.0,21350.0,20850.0,21300.0,16767
202607021345,21300.0,21600.0,20950.0,21600.0,18003
202607021400,21600.0,21900.0,21100.0,21250.0,28965
202607021415,21250.0,21250.0,20850.0,20850.0,14189
202607021430,20850.0,20950.0,20700.0,20900.0,10808
202607021445,20900.0,20950.0,20800.0,20800.0,7623
202607021500,20850.0,20900.0,20350.0,20550.0,19521
202607021515,20400.0,20750.0,20400.0,20750.0,9925
202607030900,20600.0,20600.0,19980.0,19980.0,25525
202607030915,19980.0,20350.0,19960.0,19980.0,17924
202607030930,19970.0,20250.0,19800.0,19830.0,21507
202607030945,19830.0,19830.0,19490.0,19500.0,27256
202607031000,19490.0,20000.0,19410.0,19750.0,17454
202607031015,19760.0,19950.0,19500.0,19810.0,8437
202607031030,19820.0,19970.0,19810.0,19880.0,7375
202607031045,19880.0,20150.0,19850.0,20100.0,11164
202607031100,20100.0,20300.0,19950.0,20200.0,11099
202607031115,20150.0,20200.0,20000.0,20100.0,3715
202607031130,20100.0,20450.0,20100.0,20350.0,3680
202607031145,20400.0,20550.0,20350.0,20450.0,6471
202607031200,20500.0,20600.0,20400.0,20600.0,14547
202607031215,20600.0,20750.0,20300.0,20700.0,8192
202607031230,20750.0,20800.0,20550.0,20600.0,9496
202607031245,20550.0,20750.0,20400.0,20750.0,6488
202607031300,20750.0,20800.0,20600.0,20800.0,5347
202607031315,20800.0,20800.0,20450.0,20500.0,9228
202607031330,20500.0,20800.0,20500.0,20700.0,4588
202607031345,20700.0,20800.0,20400.0,20800.0,7525
202607031400,20800.0,20850.0,20550.0,20650.0,4952
202607031415,20600.0,20800.0,20550.0,20750.0,6466
202607031430,20750.0,20850.0,20600.0,20600.0,5850
202607031445,20700.0,20700.0,20200.0,20650.0,11340
202607031500,20650.0,20700.0,20500.0,20500.0,7016
202607031515,20500.0,20600.0,20500.0,20500.0,5553
202607060900,20450.0,22300.0,20450.0,21850.0,123188
202607060915,21850.0,22100.0,20850.0,20850.0,46072
202607060930,20850.0,21050.0,20450.0,20450.0,46406
202607060945,20450.0,20550.0,20100.0,20450.0,36349
202607061000,20350.0,20400.0,19950.0,20150.0,30361
202607061015,20100.0,20200.0,19950.0,19980.0,13768
202607061030,19970.0,20050.0,19760.0,19760.0,35428
202607061045,19760.0,19780.0,19510.0,19610.0,35855
202607061100,19610.0,19650.0,19410.0,19440.0,25523
202607061115,19440.0,19580.0,19360.0,19370.0,17283
202607061130,19360.0,19370.0,18900.0,19000.0,29827
202607061145,19000.0,19260.0,18910.0,19180.0,11122
202607061200,19120.0,19290.0,19080.0,19220.0,5559
202607061215,19230.0,19250.0,19060.0,19230.0,8865
202607061230,19240.0,19300.0,19070.0,19130.0,6268
202607061245,19140.0,19200.0,19100.0,19110.0,3198
202607061300,19110.0,19130.0,19060.0,19110.0,5333
202607061315,19110.0,19290.0,19100.0,19240.0,3317
202607061330,19280.0,19410.0,19230.0,19230.0,6910
202607061345,19240.0,19290.0,19140.0,19230.0,3087
202607061400,19240.0,19390.0,19170.0,19260.0,5608
202607061415,19260.0,19340.0,19170.0,19210.0,7520
202607061430,19190.0,19210.0,19080.0,19200.0,7317
202607061445,19190.0,19400.0,19120.0,19270.0,6322
202607061500,19260.0,19420.0,19200.0,19270.0,9481
202607061515,19270.0,19340.0,19190.0,19280.0,9135
202607070900,19270.0,19770.0,19200.0,19410.0,28320
202607070915,19410.0,19410.0,18600.0,18980.0,41748
202607070930,18970.0,18970.0,18390.0,18720.0,51448
202607070945,18710.0,18790.0,18570.0,18630.0,14505
202607071000,18660.0,18740.0,18580.0,18650.0,9971
202607071015,18650.0,18750.0,18430.0,18440.0,22781
202607071030,18470.0,18470.0,18150.0,18430.0,33095
202607071045,18380.0,18660.0,18280.0,18330.0,14214
202607071100,18310.0,18330.0,18105.0,18190.0,11968
202607071115,18180.0,18280.0,18110.0,18210.0,8487
202607071130,18150.0,18200.0,17960.0,17960.0,12441
202607071145,17990.0,18130.0,17910.0,18090.0,10148
202607071200,18100.0,18170.0,18040.0,18140.0,7964
202607071215,18100.0,18140.0,17960.0,18060.0,9543
202607071230,18050.0,18390.0,17840.0,18300.0,36812
202607071245,18310.0,18480.0,18150.0,18270.0,19508
202607071300,18240.0,18350.0,18180.0,18330.0,10272
202607071315,18310.0,18340.0,18210.0,18220.0,7108
202607071330,18210.0,18260.0,18190.0,18220.0,7587
202607071345,18210.0,18280.0,18210.0,18250.0,2778
202607071415,18230.0,18340.0,18000.0,18310.0,13153
202607071430,18310.0,18570.0,18250.0,18540.0,21200
202607071445,18530.0,18590.0,18350.0,18470.0,15762
202607071500,18460.0,18620.0,18460.0,18530.0,12049
202607071515,18535.0,18610.0,18490.0,18540.0,9793
202607080900,18030.0,18410.0,17960.0,18180.0,17954
202607080915,18180.0,18290.0,17990.0,18140.0,10063
202607080930,18160.0,18300.0,17940.0,18250.0,12511
202607080945,18290.0,18290.0,18010.0,18095.0,12866
202607081000,18100.0,18130.0,17850.0,18030.0,17692
202607081015,18010.0,18020.0,17810.0,17860.0,20198
202607081030,17850.0,17900.0,17580.0,17610.0,29603
202607081045,17610.0,17650.0,17430.0,17430.0,28636
202607081100,17460.0,17470.0,17260.0,17300.0,20498
202607081115,17300.0,17430.0,17100.0,17390.0,18904
202607081130,17400.0,17430.0,17260.0,17410.0,9764
202607081145,17420.0,17490.0,17330.0,17480.0,6939
202607081200,17470.0,17470.0,17370.0,17430.0,5355
202607081215,17420.0,17500.0,17380.0,17450.0,4740
202607081230,17460.0,17500.0,17340.0,17350.0,8578
202607081245,17350.0,17380.0,17250.0,17260.0,9769
202607081300,17270.0,17270.0,17200.0,17200.0,7656
202607081315,17210.0,17220.0,17130.0,17150.0,9220
202607081330,17160.0,17160.0,16880.0,17060.0,27579
202607081345,17070.0,17240.0,16860.0,17200.0,19182
202607081400,17240.0,17330.0,17110.0,17320.0,12194
202607081415,17320.0,17400.0,17190.0,17270.0,10377
202607081430,17270.0,17270.0,16980.0,17090.0,9963
202607081445,17100.0,17280.0,17060.0,17270.0,20703
202607081500,17270.0,17300.0,17010.0,17060.0,12541
202607081515,17060.0,17160.0,17000.0,17160.0,9514
202607090900,17290.0,17800.0,17130.0,17260.0,27391
202607090915,17290.0,17300.0,16810.0,16960.0,14852
202607090930,16950.0,16990.0,16590.0,16970.0,22280
202607090945,16970.0,16980.0,16650.0,16650.0,15613
202607091000,16650.0,16950.0,16590.0,16910.0,14046
202607091015,16910.0,17150.0,16910.0,16980.0,15317
202607091030,16980.0,17070.0,16780.0,16940.0,14315
202607091045,16930.0,17040.0,16670.0,16670.0,9537
202607091100,16680.0,16840.0,16630.0,16770.0,6065
202607091115,16760.0,16880.0,16720.0,16740.0,5987
202607091130,16740.0,16820.0,16500.0,16570.0,9292
202607091145,16620.0,16790.0,16410.0,16460.0,11770
202607091200,16470.0,16680.0,16350.0,16460.0,11807
202607091215,16450.0,16650.0,16370.0,16650.0,7228
202607091230,16630.0,16730.0,16580.0,16700.0,5131
202607091245,16700.0,16760.0,16550.0,16590.0,5979
202607091300,16590.0,16950.0,16590.0,16800.0,13174
202607091315,16800.0,16810.0,16660.0,16760.0,5224
202607091330,16770.0,16910.0,16710.0,16790.0,4947
202607091345,16790.0,16940.0,16790.0,16860.0,3872
202607091400,16850.0,16880.0,16760.0,16800.0,5622
202607091415,16790.0,16850.0,16710.0,16720.0,5243
202607091430,16710.0,16820.0,16660.0,16720.0,5779
202607091445,16720.0,16870.0,16690.0,16830.0,9938
202607091500,16810.0,16870.0,16760.0,16780.0,8503
202607091515,16780.0,16830.0,16730.0,16730.0,7977
202607100900,17060.0,17300.0,16890.0,17280.0,15491
202607100915,17290.0,17500.0,17200.0,17370.0,21941
202607100930,17380.0,17570.0,16740.0,17510.0,15788
202607100945,17570.0,17740.0,17510.0,17740.0,13065
202607101000,17680.0,17850.0,17620.0,17720.0,11551
202607101015,17710.0,18240.0,17710.0,17930.0,20200
202607101030,17910.0,18260.0,17850.0,18120.0,9666
202607101045,18120.0,18290.0,18110.0,18190.0,11076
202607101100,18190.0,18390.0,18190.0,18390.0,8887
202607101115,18390.0,18390.0,18220.0,18300.0,7090
202607101130,18300.0,18450.0,18300.0,18410.0,5263
202607101145,18410.0,18500.0,18210.0,18380.0,9786
202607101200,18300.0,18490.0,18290.0,18460.0,6784
202607101215,18460.0,18460.0,18420.0,18430.0,4527
202607101230,18430.0,18580.0,18410.0,18560.0,8343
202607101245,18560.0,18700.0,18180.0,18450.0,20649
202607101300,18450.0,18450.0,18300.0,18370.0,10824
202607101315,18380.0,18530.0,18350.0,18400.0,3489
202607101330,18440.0,18500.0,18350.0,18370.0,5482
202607101345,18370.0,18400.0,18280.0,18370.0,5521
202607101400,18370.0,18670.0,18310.0,18500.0,5493
202607101415,18500.0,18500.0,18410.0,18460.0,3473
202607101430,18450.0,18480.0,18360.0,18470.0,6602
202607101445,18470.0,18620.0,18370.0,18370.0,9962
202607101500,18370.0,18520.0,18320.0,18390.0,9596
202607101515,18380.0,18470.0,18320.0,18320.0,7050
202607130900,18180.0,18470.0,18010.0,18180.0,15226
202607130915,18200.0,18300.0,17920.0,18060.0,21108
202607130930,18060.0,18200.0,17910.0,17930.0,9511
202607130945,17950.0,18020.0,17750.0,17820.0,17654
202607131000,17820.0,17820.0,17550.0,17610.0,10964
202607131015,17610.0,17630.0,17310.0,17370.0,12816
202607131030,17390.0,17480.0,17150.0,17150.0,15128
202607131045,17160.0,17160.0,17000.0,17100.0,11043
202607131100,17020.0,17120.0,16910.0,17000.0,14456
202607131115,17020.0,17110.0,16910.0,17050.0,6562
202607131130,17050.0,17100.0,16950.0,17080.0,2299
202607131145,17020.0,17090.0,16920.0,16940.0,5891
202607131200,16930.0,16940.0,16850.0,16850.0,6922
202607131215,16860.0,16890.0,16760.0,16860.0,8881
202607131230,16830.0,16840.0,16700.0,16750.0,7876
202607131245,16770.0,16910.0,16730.0,16900.0,2392
202607131300,16860.0,16890.0,16710.0,16750.0,7565
202607131315,16740.0,16790.0,16700.0,16710.0,4050
202607131345,16700.0,16710.0,16510.0,16640.0,5736
202607131400,16640.0,16840.0,16640.0,16750.0,5923
202607131415,16820.0,16860.0,16560.0,16560.0,8460
202607131430,16560.0,16980.0,16540.0,16950.0,5885
202607131445,16850.0,16930.0,16650.0,16730.0,5455
202607131500,16730.0,16810.0,16590.0,16610.0,12724
202607131515,16610.0,16740.0,16610.0,16650.0,4108
202607140900,16360.0,16560.0,15990.0,16240.0,25173
202607140915,16220.0,16230.0,15940.0,16040.0,17398
202607140930,16000.0,16030.0,15710.0,15710.0,20537
202607140945,15720.0,16000.0,15700.0,16000.0,18466
202607141000,16000.0,16110.0,15930.0,15940.0,9578
202607141015,15940.0,16030.0,15850.0,16000.0,9380
202607141030,16000.0,16010.0,15800.0,15850.0,12595
202607141045,15840.0,15840.0,15710.0,15740.0,11428
202607141100,15740.0,15810.0,15710.0,15780.0,5623
202607141115,15770.0,15810.0,15610.0,15660.0,13800
202607141130,15660.0,15850.0,15590.0,15750.0,8967
202607141145,15820.0,15910.0,15670.0,15730.0,2541
202607141200,15720.0,15770.0,15590.0,15620.0,6665
202607141215,15620.0,15630.0,15500.0,15630.0,10423
202607141230,15630.0,15700.0,15610.0,15640.0,3167
202607141245,15640.0,16100.0,15640.0,15920.0,13652
202607141300,15930.0,15980.0,15710.0,15730.0,5817
202607141315,15740.0,16000.0,15660.0,15790.0,9210
202607141330,15790.0,15880.0,15790.0,15870.0,9993
202607141345,15870.0,16020.0,15840.0,15890.0,8031
202607141400,15880.0,16020.0,15870.0,16010.0,5735
202607141415,16000.0,16140.0,15990.0,16060.0,10350
202607141430,16070.0,16250.0,15990.0,16110.0,9119
202607141445,16080.0,16150.0,15940.0,15990.0,6926
202607141500,15990.0,16130.0,15940.0,16130.0,10241
202607141515,16130.0,16150.0,16050.0,16130.0,4063
202607150900,16580.0,17210.0,16530.0,17090.0,32865
202607150915,17090.0,17090.0,16810.0,16880.0,12732
202607150930,16880.0,16970.0,16770.0,16800.0,7351
202607150945,16800.0,16820.0,16600.0,16630.0,16816
202607151000,16620.0,16750.0,16510.0,16730.0,9735
202607151015,16740.0,16950.0,16720.0,16910.0,9935
202607151030,16890.0,16950.0,16790.0,16850.0,5148
202607151045,16840.0,16930.0,16740.0,16900.0,7343
202607151100,16900.0,16900.0,16790.0,16870.0,5012
202607151115,16870.0,16870.0,16730.0,16750.0,3860
202607151130,16750.0,16860.0,16750.0,16760.0,1776
202607151145,16760.0,16810.0,16720.0,16750.0,6315
202607151200,16740.0,16780.0,16700.0,16720.0,4378
202607151215,16770.0,17020.0,16770.0,17020.0,7608
202607151230,17020.0,17100.0,16940.0,17020.0,4318
202607151245,17020.0,17110.0,16970.0,17010.0,2798
202607151300,17010.0,17060.0,16930.0,16980.0,3425
202607151315,16980.0,17140.0,16980.0,17070.0,5369
202607151330,17070.0,17090.0,17000.0,17050.0,3045
202607151345,17050.0,17100.0,17030.0,17090.0,2799
202607151400,17080.0,17090.0,16900.0,16960.0,5508
202607151415,16980.0,17090.0,16900.0,16960.0,6593
202607151430,16970.0,17000.0,16900.0,16960.0,3964
202607151445,16990.0,17090.0,16940.0,17010.0,6613
202607151500,17020.0,17180.0,16980.0,17130.0,13475
202607151515,17140.0,17140.0,17000.0,17000.0,5213
202607160900,16900.0,17280.0,16770.0,17140.0,12472
202607160915,17110.0,17280.0,16920.0,17230.0,7255
202607160930,17230.0,17230.0,16660.0,16720.0,11979
202607160945,16660.0,16870.0,16660.0,16800.0,5974
202607161000,16780.0,16780.0,16620.0,16650.0,6085
202607161015,16630.0,16720.0,16610.0,16620.0,6970
202607161030,16650.0,16720.0,16650.0,16680.0,3638
202607161045,16680.0,16890.0,16680.0,16720.0,2928
202607161100,16720.0,16740.0,16560.0,16580.0,7354
202607161115,16590.0,16680.0,16560.0,16660.0,4254
202607161130,16660.0,16830.0,16660.0,16820.0,1772
202607161145,16820.0,17000.0,16780.0,16890.0,4092
202607161200,16890.0,16990.0,16770.0,16890.0,2481
202607161215,16890.0,16890.0,16720.0,16730.0,3505
202607161230,16730.0,16770.0,16690.0,16760.0,3399
202607161245,16730.0,16730.0,16690.0,16700.0,2659
202607161300,16690.0,16930.0,16670.0,16810.0,2350
202607161315,16810.0,16810.0,16580.0,16590.0,5725
202607161330,16590.0,16590.0,16540.0,16560.0,3695
202607161345,16560.0,16590.0,16500.0,16550.0,6272
202607161400,16530.0,16800.0,16520.0,16720.0,4864
202607161415,16730.0,16830.0,16650.0,16820.0,4375
202607161430,16820.0,16820.0,16510.0,16570.0,6402
202607161445,16570.0,16600.0,16530.0,16590.0,5087
202607161500,16600.0,16640.0,16500.0,16530.0,5335
202607161515,16520.0,16770.0,16520.0,16760.0,3375
202607200900,16280.0,16280.0,15680.0,16050.0,15407
202607200915,16040.0,16160.0,15940.0,15950.0,4869
202607200930,15980.0,16130.0,15940.0,15980.0,3121
202607200945,15980.0,16010.0,15810.0,15840.0,9625
202607201000,15840.0,15980.0,15770.0,15800.0,8127
202607201015,15760.0,15830.0,15740.0,15750.0,5181
202607201030,15790.0,15800.0,15680.0,15720.0,5956
202607201045,15710.0,15710.0,15550.0,15600.0,10080
202607201100,15600.0,15680.0,15570.0,15570.0,3596
202607201115,15570.0,15710.0,15480.0,15610.0,6932
202607201130,15600.0,16070.0,15590.0,15970.0,3553
202607201145,15970.0,16240.0,15920.0,16110.0,5980
202607201200,16050.0,16050.0,15890.0,15910.0,4435
202607201215,15910.0,15920.0,15510.0,15720.0,10935
202607201230,15730.0,15810.0,15670.0,15790.0,3391
202607201245,15780.0,15870.0,15780.0,15830.0,1783
202607201300,15830.0,16160.0,15780.0,15790.0,2662
202607201315,15790.0,15810.0,15730.0,15800.0,6231
202607201330,15800.0,15880.0,15800.0,15830.0,1159
202607201345,15830.0,15910.0,15830.0,15860.0,2787
202607201400,15870.0,15900.0,15710.0,15760.0,4677
202607201415,15760.0,15770.0,15700.0,15770.0,4994
202607201430,15760.0,15810.0,15730.0,15810.0,3472
202607201445,15820.0,15850.0,15730.0,15770.0,6843
202607201500,15770.0,15800.0,15730.0,15750.0,5250
202607201515,15750.0,15790.0,15700.0,15700.0,4922
202607210900,15840.0,15840.0,15320.0,15320.0,9551
202607210915,15320.0,15490.0,15270.0,15470.0,3734
202607210930,15470.0,15580.0,15420.0,15500.0,1830
202607210945,15480.0,15570.0,15310.0,15310.0,4763
202607211000,15320.0,15560.0,15280.0,15460.0,2711
202607211015,15500.0,15670.0,15430.0,15630.0,3982
202607211030,15630.0,15780.0,15630.0,15750.0,3952
202607211045,15730.0,15765.0,15510.0,15540.0,3661
202607211100,15590.0,15690.0,15540.0,15580.0,2306
202607211115,15600.0,15660.0,15590.0,15610.0,1560
202607211130,15660.0,15700.0,15600.0,15660.0,1603
202607211145,15660.0,15700.0,15610.0,15700.0,1860
202607211200,15690.0,15770.0,15690.0,15750.0,1733
202607211215,15740.0,15870.0,15690.0,15710.0,3538
202607211230,15710.0,15790.0,15710.0,15720.0,3346
202607211245,15720.0,16020.0,15710.0,15930.0,9510
202607211300,15930.0,16010.0,15800.0,15800.0,2160
202607211315,15890.0,15990.0,15840.0,15900.0,2761
202607211330,15900.0,15990.0,15820.0,15820.0,3738
202607211345,15820.0,15870.0,15710.0,15720.0,3385
202607211400,15730.0,15810.0,15710.0,15710.0,2720
202607211415,15710.0,15860.0,15650.0,15770.0,4528
202607211430,15780.0,15860.0,15750.0,15810.0,1985
202607211445,15850.0,15900.0,15800.0,15800.0,2337
202607211500,15810.0,15900.0,15760.0,15830.0,1947
202607211515,15900.0,15930.0,15820.0,15930.0,1523
202607220900,16250.0,16600.0,16250.0,16400.0,9559
202607220915,16390.0,16640.0,16370.0,16400.0,8304
202607220930,16410.0,16650.0,16360.0,16360.0,8603
202607220945,16360.0,16370.0,16000.0,16020.0,7765
202607221000,16010.0,16370.0,16010.0,16330.0,4767
202607221015,16320.0,16370.0,16200.0,16200.0,3603
202607221030,16200.0,16380.0,16160.0,16380.0,5615
202607221045,16370.0,16420.0,16340.0,16380.0,2389
202607221100,16370.0,16380.0,16250.0,16260.0,5648
202607221115,16250.0,16340.0,16250.0,16280.0,1142
202607221130,16280.0,16340.0,16250.0,16260.0,1494
202607221145,16260.0,16360.0,16210.0,16340.0,3143
202607221200,16330.0,16400.0,16310.0,16310.0,2905
202607221215,16320.0,16430.0,16320.0,16340.0,3505
202607221230,16330.0,16360.0,16300.0,16320.0,2523
202607221245,16340.0,16440.0,16320.0,16350.0,3944
202607221300,16400.0,16410.0,16330.0,16350.0,2103
202607221315,16360.0,16410.0,16330.0,16350.0,2175
202607221330,16330.0,16400.0,16300.0,16300.0,4655
202607221345,16300.0,16310.0,16220.0,16310.0,4582
202607221400,16310.0,16320.0,16200.0,16270.0,5358
202607221415,16230.0,16270.0,16000.0,16030.0,7651
202607221430,16120.0,16200.0,15800.0,15820.0,8769
202607221445,15870.0,15960.0,15800.0,15830.0,4645
202607221500,15830.0,15930.0,15640.0,15700.0,7997
202607221515,15750.0,15850.0,15610.0,15640.0,5477
202607230900,15710.0,16100.0,15580.0,15960.0,4913
202607230915,15960.0,16080.0,15900.0,15940.0,6117
202607230930,15940.0,16040.0,15840.0,16030.0,6971
202607230945,16020.0,16050.0,15900.0,16000.0,4300
202607231000,16000.0,16050.0,15960.0,16040.0,3499
202607231015,16020.0,16050.0,16010.0,16020.0,3691
202607231030,16030.0,16120.0,16020.0,16100.0,2097
202607231045,16090.0,16100.0,15930.0,15990.0,7897
202607231100,15990.0,16000.0,15860.0,15880.0,5863
202607231115,15880.0,16030.0,15880.0,15990.0,5516
202607231130,15990.0,15990.0,15880.0,15990.0,4824
202607231145,15960.0,16030.0,15920.0,16000.0,1458
202607231200,15980.0,15990.0,15920.0,15940.0,2669
202607231215,15940.0,16120.0,15930.0,16090.0,2987
202607231230,16090.0,16340.0,16080.0,16260.0,6562
202607231245,16260.0,16450.0,16260.0,16330.0,5242
202607231300,16330.0,16490.0,16330.0,16430.0,6354
202607231315,16430.0,16480.0,16370.0,16480.0,5360
202607231330,16450.0,16450.0,16320.0,16330.0,2221
202607231345,16320.0,16400.0,16280.0,16360.0,3711
202607231400,16360.0,16400.0,16300.0,16300.0,1955
202607231415,16290.0,16400.0,16270.0,16350.0,2823
202607231430,16360.0,16430.0,16320.0,16350.0,1476
202607231445,16340.0,16370.0,16280.0,16280.0,2891
202607231500,16290.0,16330.0,16230.0,16310.0,4593
202607231515,16290.0,16340.0,16250.0,16340.0,3085
202607240900,16220.0,16270.0,15950.0,15950.0,7575
202607240915,15960.0,16060.0,15770.0,15890.0,6975
202607240930,15870.0,15870.0,15710.0,15710.0,6135
202607240945,15700.0,16500.0,15670.0,15880.0,10355
202607241000,15880.0,16050.0,15880.0,15910.0,3757
202607241015,15930.0,15990.0,15890.0,15960.0,2504
202607241030,15960.0,16140.0,15950.0,16000.0,3063
202607241045,15990.0,16010.0,15790.0,15880.0,6424
202607241100,15870.0,15870.0,15740.0,15780.0,2333
202607241115,15740.0,15840.0,15700.0,15710.0,3080
202607241130,15710.0,15790.0,15590.0,15670.0,7688
202607241145,15670.0,15690.0,15600.0,15620.0,3535
202607241200,15620.0,15680.0,15540.0,15660.0,5281
202607241215,15660.0,15680.0,15590.0,15660.0,1951
202607241230,15670.0,15680.0,15640.0,15670.0,1548
202607241245,15670.0,15760.0,15650.0,15650.0,2049
202607241300,15650.0,15810.0,15610.0,15770.0,5532
202607241315,15770.0,15860.0,15710.0,15810.0,3660
202607241330,15810.0,15840.0,15770.0,15830.0,2502
202607241345,15830.0,15890.0,15780.0,15880.0,3240
202607241400,15880.0,15880.0,15740.0,15830.0,2605
202607241415,15850.0,15930.0,15790.0,15820.0,1763
202607241430,15820.0,15870.0,15790.0,15790.0,2236
202607241445,15790.0,15850.0,15750.0,15820.0,3288
202607241500,15820.0,15840.0,15780.0,15790.0,4707
202607241515,15790.0,15900.0,15780.0,15900.0,3450
202607270900,15840.0,16400.0,15800.0,16000.0,12118
202607270915,16010.0,16250.0,15990.0,16220.0,3729
202607270930,16230.0,16650.0,15950.0,16580.0,12394
202607270945,16580.0,16600.0,16330.0,16330.0,5392
202607271000,16340.0,16400.0,16290.0,16320.0,2017
202607271015,16310.0,16490.0,16090.0,16200.0,4035
202607271030,16260.0,16340.0,16120.0,16150.0,1705
202607271045,16150.0,16210.0,16050.0,16200.0,1289
202607271100,16190.0,16190.0,16100.0,16170.0,847
202607271115,16170.0,16230.0,16100.0,16130.0,1168
202607271130,16140.0,16200.0,16100.0,16150.0,548
202607271145,16150.0,16160.0,16060.0,16130.0,1620
202607271200,16140.0,16270.0,16100.0,16260.0,670
202607271215,16260.0,16260.0,16170.0,16210.0,2112
202607271230,16220.0,16270.0,16210.0,16240.0,977
202607271245,16240.0,16260.0,16170.0,16200.0,2095
202607271300,16200.0,16260.0,16200.0,16240.0,534
202607271315,16240.0,16320.0,16200.0,16200.0,1256
202607271330,16200.0,16240.0,16190.0,16210.0,922
202607271345,16220.0,16230.0,16140.0,16160.0,1002
202607271400,16210.0,16230.0,16150.0,16220.0,532
202607271415,16220.0,16230.0,16150.0,16220.0,676
202607271430,16220.0,16230.0,16150.0,16190.0,1001
202607271445,16190.0,16430.0,16160.0,16300.0,8534
202607271500,16320.0,16400.0,16320.0,16330.0,4494
202607271515,16330.0,16440.0,16330.0,16400.0,2255
202607280900,15970.0,16280.0,15710.0,15730.0,7668
202607280915,15760.0,16170.0,15720.0,16000.0,6550
202607280930,15990.0,16030.0,15680.0,15680.0,9807
202607280945,15680.0,15700.0,15570.0,15650.0,7552
202607281000,15650.0,15680.0,15520.0,15520.0,2267
202607281030,15520.0,15520.0,15270.0,15340.0,5015
202607281045,15340.0,15460.0,15290.0,15330.0,3981
202607281100,15340.0,15370.0,15180.0,15300.0,9370
202607281115,15250.0,15480.0,15210.0,15290.0,3902
202607281130,15290.0,15440.0,15210.0,15270.0,5159
202607281145,15270.0,15390.0,15220.0,15230.0,17289
202607281200,15230.0,15360.0,15050.0,15200.0,12547
202607281215,15210.0,15340.0,15140.0,15160.0,2539
202607281230,15170.0,15250.0,15140.0,15200.0,2933
202607281245,15180.0,15340.0,15130.0,15210.0,2499
202607281300,15210.0,15290.0,15140.0,15160.0,3938
202607281315,15160.0,15270.0,15030.0,15120.0,5575
202607281330,15080.0,15190.0,15030.0,15090.0,5213
202607281345,15090.0,15210.0,15030.0,15130.0,2979
202607281400,15180.0,15300.0,15120.0,15250.0,7858
202607281415,15240.0,15240.0,15110.0,15220.0,4084
202607281430,15210.0,15220.0,15080.0,15150.0,2710
202607281445,15150.0,15200.0,14970.0,15040.0,6756
202607281500,15060.0,15150.0,14920.0,15010.0,7831
202607281515,15010.0,15100.0,14930.0,14930.0,4701
202607290900,14940.0,15200.0,14820.0,15120.0,5281
202607290915,15090.0,15190.0,15030.0,15070.0,3165
202607290930,15070.0,15180.0,14980.0,15170.0,3265
202607290945,15170.0,15310.0,15030.0,15220.0,5453
202607291000,15220.0,15290.0,15010.0,15050.0,7176
202607291015,15050.0,15070.0,14980.0,14990.0,5962
202607291030,14970.0,15010.0,14650.0,14730.0,7046
202607291045,14660.0,14680.0,14380.0,14430.0,11311
202607291100,14410.0,14560.0,14240.0,14250.0,12457
202607291115,14250.0,14300.0,14170.0,14260.0,5923
202607291130,14260.0,14300.0,14000.0,14020.0,6988
202607291145,14020.0,14020.0,13800.0,13820.0,9493
202607291200,13820.0,14070.0,13810.0,13850.0,5512
202607291215,13860.0,13900.0,13730.0,13770.0,6100
202607291230,13760.0,13760.0,13740.0,13740.0,595
202607291300,13740.0,13820.0,12910.0,13350.0,47158
202607291315,13450.0,13550.0,13120.0,13310.0,11399
202607291330,13310.0,13460.0,13170.0,13340.0,13204
202607291345,13340.0,13600.0,13270.0,13600.0,14921
202607291400,13600.0,13820.0,13580.0,13770.0,7945
202607291415,13770.0,14060.0,13760.0,14000.0,12220
202607291430,14000.0,14200.0,13980.0,14010.0,12237
202607291445,14020.0,14080.0,13870.0,13960.0,10505
202607291500,13960.0,14050.0,13920.0,14010.0,19275
202607291515,14010.0,14130.0,14000.0,14130.0,4968
202607300900,14210.0,14300.0,14090.0,14220.0,9603
202607300915,14210.0,14570.0,14150.0,14490.0,8656
202607300930,14480.0,14480.0,14010.0,14180.0,6828
202607300945,14150.0,14170.0,13860.0,13930.0,8349
202607301000,13930.0,14180.0,13900.0,14150.0,8752
202607301015,14140.0,14370.0,14110.0,14370.0,1745
202607301030,14380.0,14550.0,14360.0,14510.0,4210
202607301045,14550.0,14660.0,14500.0,14600.0,4464
202607301100,14600.0,14610.0,14360.0,14380.0,3547
202607301115,14380.0,14430.0,14270.0,14280.0,2940
202607301130,14330.0,14410.0,14170.0,14170.0,4504
202607301145,14180.0,14240.0,14070.0,14070.0,4774
202607301200,14150.0,14240.0,14080.0,14100.0,5842
202607301215,14100.0,14370.0,14080.0,14090.0,6080
202607301230,14100.0,14310.0,14080.0,14270.0,8946
202607301245,14270.0,14320.0,14210.0,14230.0,3578
202607301300,14240.0,14250.0,14150.0,14160.0,3329
202607301315,14160.0,14230.0,14110.0,14230.0,5102
202607301330,14250.0,14250.0,14110.0,14160.0,3547
202607301345,14160.0,14180.0,14070.0,14070.0,2947
202607301400,14070.0,14120.0,14010.0,14100.0,3953
202607301415,14090.0,14220.0,14050.0,14050.0,1666
202607301430,14040.0,14130.0,14030.0,14130.0,2433
202607301445,14130.0,14130.0,13950.0,14010.0,6330
202607301500,14030.0,14170.0,14030.0,14120.0,9088
202607301515,14130.0,14260.0,14120.0,14260.0,5197
202607310900,15080.0,15310.0,14790.0,15130.0,26979
202607310915,15140.0,15450.0,15140.0,15390.0,7964
202607310930,15380.0,15420.0,15100.0,15250.0,8194
202607310945,15320.0,15450.0,15190.0,15390.0,5550
202607311000,15380.0,15580.0,15290.0,15580.0,8101
202607311015,15580.0,15630.0,15400.0,15400.0,5539
202607311030,15440.0,15470.0,15300.0,15310.0,3487
202607311045,15310.0,15390.0,15300.0,15350.0,3494
202607311100,15350.0,15400.0,15310.0,15330.0,2353
202607311115,15310.0,15340.0,15300.0,15340.0,1791
202607311130,15370.0,15480.0,15320.0,15420.0,10290
202607311145,15390.0,15440.0,15370.0,15380.0,1465
202607311200,15380.0,15400.0,15340.0,15380.0,1739
202607311215,15350.0,15500.0,15340.0,15340.0,5829
202607311230,15340.0,15380.0,15040.0,15250.0,5426
202607311245,15340.0,15340.0,15190.0,15200.0,2371
202607311300,15200.0,15250.0,15160.0,15200.0,2739
202607311315,15200.0,15320.0,15200.0,15300.0,1753
202607311330,15300.0,15360.0,15290.0,15320.0,2304
202607311345,15320.0,15350.0,15300.0,15350.0,1727
202607311400,15340.0,15370.0,15280.0,15320.0,4006
202607311415,15320.0,15430.0,15320.0,15390.0,3004
202607311430,15400.0,15460.0,15250.0,15370.0,4786
202607311445,15390.0,15470.0,15370.0,15460.0,5487
202607311500,15460.0,15590.0,15450.0,15570.0,5597
202607311515,15570.0,15580.0,15490.0,15490.0,4133
202608030900,15450.0,15630.0,15020.0,15270.0,5552
202608030915,15220.0,15300.0,14920.0,15010.0,8623
202608030930,15030.0,15100.0,14910.0,15070.0,8116
202608030945,15060.0,15370.0,15060.0,15270.0,4425
202608031000,15270.0,15370.0,15150.0,15230.0,3280
202608031015,15260.0,15350.0,15230.0,15250.0,1344
202608031030,15290.0,15330.0,15200.0,15300.0,2231
202608031045,15300.0,15440.0,15220.0,15340.0,17344
202608031100,15330.0,15480.0,15300.0,15430.0,1777
202608031115,15430.0,15480.0,15270.0,15300.0,2838
202608031130,15290.0,15400.0,15280.0,15380.0,1668
202608031145,15350.0,15380.0,15270.0,15300.0,2669
202608031200,15300.0,15350.0,15260.0,15290.0,1371
202608031215,15260.0,15290.0,15220.0,15240.0,1335
202608031230,15240.0,15320.0,15230.0,15320.0,1167
202608031245,15280.0,15310.0,15200.0,15230.0,2257
202608031300,15230.0,15250.0,15200.0,15240.0,1933
202608031315,15240.0,15270.0,15200.0,15230.0,1943
202608031330,15230.0,15260.0,15200.0,15220.0,1786
202608031345,15230.0,15260.0,15190.0,15230.0,2848
202608031400,15250.0,15260.0,15150.0,15180.0,3587
202608031415,15190.0,15200.0,15120.0,15160.0,1616
202608031430,15150.0,15170.0,15030.0,15070.0,2694
202608031445,15070.0,15070.0,14980.0,15000.0,3750
202608031500,15000.0,15030.0,14970.0,14980.0,2933
202608031515,14980.0,15030.0,14970.0,15030.0,4382
202608040900,15190.0,15500.0,15150.0,15310.0,7629
202608040915,15350.0,15390.0,15230.0,15270.0,1918
202608040930,15230.0,15270.0,14880.0,14970.0,4944
202608040945,14970.0,15015.0,14760.0,14830.0,4528
202608041000,14810.0,14880.0,14760.0,14820.0,3781
202608041015,14820.0,15000.0,14820.0,15000.0,2362
202608041030,15000.0,15150.0,15000.0,15150.0,2791
202608041045,15140.0,15250.0,15140.0,15170.0,2007
202608041100,15170.0,15170.0,15080.0,15120.0,1484
202608041115,15120.0,15130.0,15060.0,15110.0,1427
202608041130,15110.0,15210.0,15090.0,15130.0,1655
202608041145,15130.0,15240.0,15080.0,15120.0,3645
202608041200,15190.0,15190.0,15090.0,15090.0,4577
202608041215,15100.0,15190.0,15090.0,15170.0,3854
202608041230,15140.0,15250.0,15090.0,15090.0,2123
202608041245,15080.0,15100.0,15010.0,15100.0,5314
202608041300,15100.0,15150.0,15000.0,15050.0,7125
202608041315,15060.0,15190.0,15060.0,15140.0,3947
202608041330,15140.0,15150.0,15040.0,15040.0,2989
202608041345,15060.0,15100.0,15010.0,15070.0,1997
202608041400,15040.0,15040.0,14900.0,14930.0,7412
202608041415,14900.0,15180.0,14900.0,15110.0,3505
202608041430,15110.0,15180.0,15070.0,15090.0,2349
202608041445,15070.0,15190.0,15040.0,15190.0,4923
202608041500,15190.0,15190.0,15120.0,15140.0,3142
202608041515,15130.0,15200.0,15120.0,15180.0,3005
202608050900,16100.0,16240.0,15700.0,16100.0,22428
202608050915,16100.0,16630.0,15950.0,16190.0,40307
202608050930,16190.0,16350.0,16140.0,16350.0,9414
202608050945,16290.0,16340.0,16160.0,16180.0,6262
202608051000,16190.0,16470.0,16000.0,16390.0,9541
202608051015,16390.0,16420.0,16190.0,16270.0,4567
202608051030,16270.0,16350.0,16190.0,16190.0,4600
202608051045,16210.0,16350.0,16200.0,16320.0,5501
202608051100,16320.0,16450.0,16320.0,16330.0,5211
202608051115,16330.0,16420.0,16310.0,16410.0,4070
202608051130,16410.0,16690.0,16410.0,16670.0,18019
202608051145,16670.0,16760.0,16610.0,16760.0,12630
202608051200,16770.0,16920.0,16620.0,16710.0,18619
202608051215,16720.0,16920.0,16720.0,16770.0,7869
202608051230,16770.0,16900.0,16620.0,16860.0,8349
202608051245,16850.0,16870.0,16730.0,16780.0,5517
202608051300,16790.0,16870.0,16750.0,16860.0,6123
202608051315,16850.0,16870.0,16580.0,16650.0,9183
202608051330,16660.0,16840.0,16660.0,16760.0,4262
202608051345,16760.0,16820.0,16740.0,16810.0,5004
202608051400,16810.0,16950.0,16800.0,16860.0,11109
202608051415,16870.0,16900.0,16780.0,16860.0,4102
202608051430,16870.0,16900.0,16860.0,16880.0,3506
202608051445,16880.0,16990.0,16880.0,16980.0,6601
202608051500,16970.0,16980.0,16850.0,16850.0,9532
202608051515,16880.0,16960.0,16830.0,16830.0,10882
202608060900,17000.0,17300.0,16460.0,17200.0,28545
202608060915,17200.0,17240.0,16850.0,16930.0,18907
202608060930,16930.0,17300.0,16930.0,17260.0,18158
202608060945,17270.0,17340.0,16950.0,16960.0,12916
202608061000,16960.0,16960.0,16730.0,16740.0,12637
202608061015,16750.0,16840.0,16560.0,16580.0,4684
202608061030,16580.0,16660.0,16450.0,16610.0,4789
202608061045,16610.0,16800.0,16510.0,16800.0,2482
202608061100,16800.0,16860.0,16570.0,16710.0,2842
202608061115,16710.0,16750.0,16610.0,16680.0,1565
202608061130,16720.0,16900.0,16680.0,16900.0,2736
202608061145,16900.0,17000.0,16870.0,16930.0,3489
202608061200,16940.0,17090.0,16940.0,17070.0,3289
202608061215,17090.0,17130.0,17000.0,17010.0,1848
202608061230,17020.0,17050.0,16940.0,16960.0,3494
202608061245,16960.0,17010.0,16860.0,16960.0,5489
202608061300,16940.0,17020.0,16870.0,17020.0,1714
202608061315,16980.0,17080.0,16940.0,17080.0,2746
202608061330,17080.0,17230.0,17030.0,17140.0,6349
202608061345,17130.0,17180.0,17110.0,17140.0,4543
202608061400,17130.0,17220.0,17100.0,17130.0,3710
202608061415,17130.0,17160.0,16950.0,17110.0,2455
202608061430,17090.0,17110.0,16980.0,17080.0,3161
202608061445,17080.0,17110.0,16930.0,17010.0,2523
202608061500,17020.0,17080.0,16860.0,16970.0,4037
202608061515,16870.0,17000.0,16840.0,17000.0,2677
202608070900,17280.0,17290.0,16770.0,16900.0,10936
202608070915,16900.0,17060.0,16770.0,16870.0,6403
202608070930,16850.0,17070.0,16800.0,17010.0,4863
202608070945,16980.0,17090.0,16850.0,17090.0,7409
202608071000,17030.0,17090.0,16930.0,16940.0,4267
202608071015,16940.0,16980.0,16870.0,16940.0,6292
202608071030,16930.0,16960.0,16770.0,16930.0,5717
202608071045,16930.0,17030.0,16930.0,17030.0,2485
202608071100,17030.0,17210.0,17010.0,17180.0,5453
202608071115,17180.0,17180.0,16960.0,16960.0,2331
202608071130,16970.0,17200.0,16890.0,17160.0,3114
202608071145,17160.0,17350.0,17150.0,17260.0,8379
202608071200,17260.0,17340.0,17110.0,17310.0,4315
202608071215,17320.0,17360.0,17280.0,17340.0,8319
202608071230,17340.0,17480.0,17280.0,17380.0,9863
202608071245,17380.0,17390.0,17210.0,17210.0,5007
202608071300,17220.0,17390.0,17220.0,17370.0,1718
202608071315,17370.0,17390.0,17330.0,17370.0,3580
202608071330,17380.0,17380.0,17320.0,17320.0,1912
202608071345,17330.0,17330.0,17240.0,17300.0,4613
202608071400,17300.0,17390.0,17290.0,17380.0,3876
202608071415,17380.0,17380.0,17300.0,17330.0,3462
202608071430,17330.0,17330.0,17270.0,17330.0,4671
202608071445,17330.0,17340.0,17270.0,17320.0,4952
202608071500,17320.0,17440.0,17290.0,17430.0,6278
202608071515,17440.0,17450.0,17360.0,17390.0,3847
202608100900,17480.0,17910.0,17470.0,17890.0,24220
202608100915,17900.0,18050.0,17790.0,17950.0,20561
202608100930,17960.0,17960.0,17770.0,17840.0,9259
202608100945,17860.0,18140.0,17840.0,18050.0,15237
202608101000,18040.0,18060.0,17850.0,17880.0,8699
202608101015,17890.0,17890.0,17770.0,17850.0,6150
202608101030,17850.0,17860.0,17710.0,17760.0,7571
202608101045,17760.0,17970.0,17760.0,17810.0,2809
202608101100,17800.0,17850.0,17750.0,17800.0,3848
202608101115,17810.0,17950.0,17780.0,17900.0,2792
202608101130,17880.0,17980.0,17865.0,17970.0,680
202608101145,17970.0,18020.0,17940.0,17970.0,2985
202608101200,17990.0,18230.0,17950.0,18210.0,17136
202608101215,18215.0,18390.0,18210.0,18270.0,10069
202608101230,18240.0,18380.0,18240.0,18250.0,4331
202608101245,18260.0,18350.0,18130.0,18130.0,6232
202608101300,18130.0,18150.0,18070.0,18110.0,3724
202608101315,18110.0,18130.0,17860.0,17880.0,10677
202608101330,17890.0,17890.0,17850.0,17860.0,3058
202608101345,17860.0,17930.0,17850.0,17920.0,3990
202608101400,17920.0,17960.0,17915.0,17960.0,1452
202608101415,17940.0,18000.0,17940.0,17950.0,3726
202608101430,17950.0,17960.0,17920.0,17950.0,2396
202608101445,17920.0,17960.0,17870.0,17880.0,3940
202608101500,17920.0,18010.0,17860.0,17920.0,4446
202608101515,17920.0,17970.0,17850.0,17860.0,1896
202608110900,17890.0,18000.0,17680.0,17680.0,10371
202608110915,17680.0,17700.0,17320.0,17590.0,10907
202608110930,17590.0,17820.0,17510.0,17820.0,2832
202608110945,17820.0,17820.0,17560.0,17600.0,7465
202608111000,17610.0,17660.0,17510.0,17550.0,6301
202608111015,17550.0,17620.0,17550.0,17550.0,1507
202608111030,17580.0,17860.0,17550.0,17820.0,2264
202608111045,17820.0,17880.0,17670.0,17670.0,4203
202608111100,17670.0,17710.0,17640.0,17710.0,4480
202608111115,17680.0,17730.0,17630.0,17660.0,5390
202608111130,17660.0,17750.0,17660.0,17730.0,6648
202608111145,17720.0,17810.0,17650.0,17700.0,2528
202608111200,17680.0,17750.0,17500.0,17750.0,15719
202608111215,17750.0,17820.0,17720.0,17790.0,1506
202608111230,17790.0,17800.0,17670.0,17720.0,1730
202608111245,17670.0,17670.0,17430.0,17520.0,5807
202608111300,17520.0,17600.0,17480.0,17520.0,2703
202608111315,17520.0,17520.0,17440.0,17500.0,2258
202608111330,17490.0,17520.0,17460.0,17520.0,1538
202608111345,17520.0,17520.0,17450.0,17480.0,1555
202608111400,17480.0,17530.0,17450.0,17470.0,2127
202608111415,17460.0,17690.0,17460.0,17470.0,3887
202608111430,17470.0,17470.0,17380.0,17430.0,5926
202608111445,17440.0,17470.0,17410.0,17410.0,2959
202608111500,17410.0,17440.0,17400.0,17420.0,2675
202608111515,17430.0,17470.0,17390.0,17390.0,3658
202608120900,17900.0,19580.0,17900.0,18970.0,123515
202608120915,19010.0,19280.0,18700.0,18910.0,63251
202608120930,18910.0,19170.0,18660.0,18770.0,32412
202608120945,18780.0,19000.0,18710.0,18760.0,7561
202608121000,18760.0,18760.0,18570.0,18650.0,7863
202608121015,18660.0,18810.0,18580.0,18720.0,6835
202608121030,18720.0,18820.0,18650.0,18750.0,5528
202608121045,18750.0,18850.0,18680.0,18780.0,11234
202608121100,18770.0,18780.0,18550.0,18590.0,5415
202608121115,18590.0,18660.0,18510.0,18600.0,6568
202608121130,18610.0,18610.0,18500.0,18520.0,4428
202608121145,18510.0,18590.0,18500.0,18520.0,3587
202608121200,18530.0,18760.0,18530.0,18760.0,3353
202608121215,18750.0,18830.0,18700.0,18830.0,2998
202608121230,18830.0,18910.0,18810.0,18880.0,9239
202608121245,18880.0,19100.0,18880.0,19030.0,8808
202608121300,19030.0,19070.0,18910.0,18940.0,11099
202608121315,18940.0,19090.0,18940.0,19010.0,5644
202608121330,19000.0,19120.0,18980.0,19000.0,10084
202608121345,19000.0,19010.0,18880.0,18885.0,9539
202608121400,18880.0,19240.0,18880.0,19180.0,15895
202608121415,19190.0,19400.0,19010.0,19080.0,20678
202608121430,19075.0,19170.0,18900.0,19070.0,8274
202608121445,19070.0,19200.0,19030.0,19070.0,7785
202608121500,19080.0,19220.0,19080.0,19200.0,9830
202608121515,19200.0,19220.0,19020.0,19050.0,6795
202608130900,19400.0,19870.0,19130.0,19410.0,32351
202608130915,19430.0,19680.0,19250.0,19310.0,18128
202608130930,19310.0,19880.0,19300.0,19770.0,97300
202608130945,19780.0,19810.0,19600.0,19740.0,11487
202608131000,19740.0,19830.0,19350.0,19480.0,21367
202608131015,19490.0,19620.0,19360.0,19470.0,7513
202608131030,19470.0,19530.0,19390.0,19400.0,5010
202608131045,19400.0,19450.0,19270.0,19450.0,4676
202608131100,19450.0,19620.0,19440.0,19580.0,3543
202608131115,19580.0,19580.0,19470.0,19470.0,3266
202608131130,19460.0,19840.0,19460.0,19740.0,14887
202608131145,19740.0,20300.0,19700.0,20150.0,30231
202608131200,20100.0,20350.0,19990.0,20000.0,10108
202608131215,20000.0,20100.0,19990.0,20050.0,3963
202608131230,20050.0,20050.0,19820.0,19860.0,8710
202608131245,19860.0,19890.0,19750.0,19750.0,5526
202608131300,19750.0,19750.0,19450.0,19450.0,6427
202608131315,19470.0,19500.0,19370.0,19450.0,5779
202608131330,19460.0,19460.0,19330.0,19420.0,5604
202608131345,19420.0,19440.0,19360.0,19390.0,3402
202608131400,19390.0,19390.0,19340.0,19370.0,3098
202608131415,19370.0,19510.0,19310.0,19410.0,3636
202608131430,19410.0,19430.0,19200.0,19300.0,9654
202608131445,19310.0,19420.0,19210.0,19210.0,3386
202608131500,19210.0,19330.0,19190.0,19290.0,7899
202608131515,19270.0,19360.0,19250.0,19350.0,2516
202608140900,19350.0,20150.0,19340.0,19955.0,32251
202608140915,19950.0,20450.0,19850.0,19880.0,35418
202608140930,19880.0,20100.0,19810.0,19990.0,14500
202608140945,19990.0,19990.0,19810.0,19830.0,10034
202608141000,19820.0,19820.0,19480.0,19540.0,13618
202608141015,19540.0,19970.0,19530.0,19870.0,5739
202608141030,19900.0,19900.0,19760.0,19820.0,4739
202608141045,19820.0,19830.0,19750.0,19780.0,7213
202608141100,19780.0,19990.0,19770.0,19840.0,7387
202608141115,19830.0,19830.0,19600.0,19800.0,6142
202608141130,19790.0,19790.0,19660.0,19680.0,4787
202608141145,19680.0,19820.0,19660.0,19820.0,4393
202608141200,19810.0,20200.0,19810.0,20150.0,21463
202608141215,20100.0,20400.0,20050.0,20200.0,11385
202608141230,20200.0,20250.0,20000.0,20250.0,6369
202608141245,20250.0,20250.0,20000.0,20050.0,6480
202608141300,20050.0,20200.0,19960.0,20150.0,9486
202608141315,20150.0,20300.0,20050.0,20150.0,5381
202608141330,20150.0,20200.0,20000.0,20200.0,6408
202608141345,20150.0,20200.0,20000.0,20050.0,3792
202608141400,20050.0,20150.0,20050.0,20100.0,5837
202608141415,20100.0,20500.0,20100.0,20450.0,11660
202608141430,20400.0,20600.0,20400.0,20500.0,16333
202608141445,20550.0,21050.0,20500.0,20900.0,25413
202608141500,20950.0,20950.0,20650.0,20700.0,11254
202608141515,20700.0,20900.0,20700.0,20850.0,8321
202608180900,20550.0,21200.0,20300.0,21050.0,22606
202608180915,21050.0,21150.0,20750.0,20750.0,16153
202608180930,20750.0,20900.0,20650.0,20850.0,17126
202608180945,20850.0,21050.0,20800.0,20800.0,7166
202608181000,20800.0,20850.0,20650.0,20750.0,9218
202608181015,20750.0,21450.0,20750.0,21350.0,21579
202608181030,21350.0,21350.0,21050.0,21200.0,14452
202608181045,21100.0,21350.0,21050.0,21300.0,10152
202608181100,21350.0,22050.0,21250.0,21950.0,57741
202608181115,21950.0,22150.0,21450.0,21700.0,38957
202608181130,21650.0,21750.0,21400.0,21450.0,13303
202608181145,21450.0,21700.0,21050.0,21150.0,31829
202608181200,21200.0,21500.0,21000.0,21400.0,11389
202608181215,21400.0,21450.0,21200.0,21250.0,10418
202608181230,21300.0,21400.0,21100.0,21350.0,6089
202608181245,21350.0,21400.0,21050.0,21300.0,7807
202608181300,21300.0,21400.0,21150.0,21300.0,7070
202608181315,21300.0,21650.0,21250.0,21650.0,8184
202608181330,21700.0,21700.0,21500.0,21650.0,15013
202608181345,21650.0,21900.0,21600.0,21850.0,14720
202608181400,21800.0,22100.0,21500.0,21750.0,36573
202608181415,21750.0,21850.0,21650.0,21750.0,9887
202608181430,21725.0,21800.0,21550.0,21750.0,14399
202608181445,21750.0,21800.0,21550.0,21600.0,10115
202608181500,21600.0,21800.0,21400.0,21800.0,29691
202608181515,21750.0,21900.0,21700.0,21800.0,9049
202608190900,21900.0,22150.0,21000.0,21400.0,51092
202608190915,21450.0,22200.0,21450.0,21850.0,18957
202608190930,21900.0,22350.0,21850.0,22250.0,30554
202608190945,22250.0,22800.0,22050.0,22600.0,36393
202608191000,22600.0,22725.0,22100.0,22350.0,22109
202608191015,22350.0,22450.0,22100.0,22350.0,13165
202608191030,22400.0,22550.0,22250.0,22400.0,11440
202608191045,22450.0,22500.0,22250.0,22300.0,6953
202608191100,22350.0,22400.0,22250.0,22400.0,7389
202608191115,22400.0,22500.0,22300.0,22400.0,9064
202608191130,22450.0,22600.0,22400.0,22600.0,10610
202608191145,22550.0,22750.0,22550.0,22750.0,12960
202608191200,22750.0,22900.0,22700.0,22850.0,17959
202608191215,22800.0,23100.0,22800.0,23100.0,30737
202608191230,23075.0,23150.0,22700.0,22700.0,16168
202608191245,22700.0,22800.0,22600.0,22700.0,9266
202608191300,22700.0,22750.0,22650.0,22750.0,6462
202608191315,22750.0,23500.0,22750.0,23350.0,29949
202608191330,23400.0,23550.0,23300.0,23400.0,21833
202608191345,23400.0,23400.0,23000.0,23050.0,16417
202608191400,23100.0,23350.0,23050.0,23250.0,10272
202608191415,23300.0,23350.0,23000.0,23300.0,11691
202608191430,23300.0,23300.0,23100.0,23150.0,8141
202608191445,23150.0,23150.0,22900.0,23100.0,13316
202608191500,23100.0,23100.0,22800.0,23050.0,23559
202608191515,23100.0,23150.0,23050.0,23050.0,8148
202608200900,23150.0,24100.0,23150.0,23800.0,51133
202608200915,23800.0,24550.0,23600.0,24400.0,62108
202608200930,24400.0,24750.0,24250.0,24700.0,30477
202608200945,24750.0,25150.0,24500.0,24500.0,69545
202608201000,24500.0,25000.0,24450.0,24700.0,34820
202608201015,24700.0,25050.0,24700.0,24950.0,21983
202608201030,24950.0,24950.0,24650.0,24750.0,17264
202608201045,24750.0,24850.0,24700.0,24850.0,6552
202608201100,24850.0,25050.0,24750.0,25050.0,10556
202608201115,25050.0,25350.0,25000.0,25350.0,30645
202608201130,25350.0,25700.0,25350.0,25600.0,33009
202608201145,25600.0,25950.0,25550.0,25550.0,30510
202608201200,25550.0,25800.0,25500.0,25600.0,19468
202608201215,25600.0,25700.0,25300.0,25350.0,16853
202608201230,25400.0,25500.0,25300.0,25500.0,8126
202608201245,25500.0,25550.0,25450.0,25450.0,8697
202608201300,25450.0,25550.0,25150.0,25550.0,21093
202608201315,25500.0,27100.0,25500.0,26700.0,95303
202608201330,26700.0,27350.0,26500.0,26750.0,87463
202608201345,26750.0,27550.0,26350.0,27400.0,61865
202608201400,27400.0,27450.0,26850.0,27100.0,42792
202608201415,27050.0,27500.0,26850.0,26900.0,33726
202608201430,26900.0,26950.0,26500.0,26750.0,32826
202608201445,26800.0,26800.0,26150.0,26350.0,35412
202608201500,26350.0,26800.0,26250.0,26700.0,23127
202608201515,26650.0,26700.0,26600.0,26600.0,16124
202608210900,25850.0,25950.0,23600.0,23850.0,90776
202608210915,23850.0,24250.0,23600.0,24100.0,40647
202608210930,24100.0,24275.0,23500.0,23750.0,28558
202608210945,23800.0,24100.0,23300.0,23550.0,55574
202608211000,23550.0,24750.0,23350.0,24600.0,37404
202608211015,24650.0,24850.0,24200.0,24600.0,19621
202608211030,24600.0,24900.0,24350.0,24500.0,12085
202608211045,24500.0,24650.0,24300.0,24300.0,12056
202608211100,24300.0,24650.0,24250.0,24600.0,13160
202608211115,24650.0,25100.0,24500.0,24850.0,22558
202608211130,24900.0,25000.0,24800.0,24950.0,6930
202608211145,24950.0,25100.0,24500.0,24650.0,14312
202608211200,24600.0,24900.0,24550.0,24800.0,6736
202608211215,24800.0,24900.0,24650.0,24700.0,3496
202608211230,24650.0,24850.0,24650.0,24700.0,2906
202608211245,24700.0,24950.0,24700.0,24800.0,3513
202608211300,24800.0,24850.0,24600.0,24750.0,6713
202608211315,24750.0,24850.0,24600.0,24850.0,4275
202608211330,24800.0,24900.0,24500.0,24500.0,15277
202608211345,24500.0,24850.0,24350.0,24350.0,11912
202608211400,24350.0,24450.0,23850.0,23950.0,24032
202608211415,23950.0,24400.0,23950.0,24400.0,21651
202608211430,24400.0,24450.0,24200.0,24450.0,13978
202608211445,24400.0,24550.0,24150.0,24450.0,15070
202608211500,24450.0,24600.0,24250.0,24300.0,17576
202608211515,24300.0,24500.0,24300.0,24450.0,10121
202608240900,24950.0,27050.0,24900.0,26100.0,100216
202608240915,26100.0,26650.0,26000.0,26600.0,30954
202608240930,26600.0,27100.0,26450.0,27000.0,52079
202608240945,26975.0,27700.0,26900.0,27300.0,45843
202608241000,27300.0,27400.0,26800.0,26850.0,26916
202608241015,26800.0,26900.0,26450.0,26650.0,15179
202608241030,26550.0,26800.0,26500.0,26650.0,7858
202608241045,26600.0,27100.0,26550.0,26700.0,12768
202608241100,26600.0,26850.0,26000.0,26050.0,17916
202608241115,26050.0,26050.0,25700.0,25850.0,7751
202608241130,25850.0,26350.0,25800.0,26250.0,19502
202608241145,26250.0,26350.0,25950.0,26200.0,7924
202608241200,26100.0,26200.0,26000.0,26050.0,2730
202608241215,26100.0,26100.0,25850.0,26000.0,5217
202608241230,26000.0,26150.0,25900.0,26150.0,3566
202608241245,26150.0,26150.0,25850.0,26000.0,4773
202608241300,25900.0,26150.0,25850.0,26125.0,6167
202608241315,26125.0,26350.0,26100.0,26300.0,6604
202608241330,26300.0,26350.0,26200.0,26300.0,4194
202608241345,26300.0,26400.0,26150.0,26250.0,6030
202608241400,26200.0,26250.0,26100.0,26150.0,5309
202608241415,26150.0,26200.0,26000.0,26100.0,13641
202608241430,26050.0,26200.0,26050.0,26200.0,6582
202608241445,26200.0,26400.0,26150.0,26400.0,10036
202608241500,26400.0,26450.0,25700.0,26200.0,24331
202608241515,26200.0,26250.0,25950.0,26100.0,9007
202608250900,26250.0,26950.0,25900.0,26700.0,48895
202608250915,26550.0,27350.0,26350.0,27300.0,39687
202608250930,27275.0,27650.0,27050.0,27450.0,39969
202608250945,27350.0,28000.0,27350.0,27500.0,55997
202608251000,27500.0,27650.0,27450.0,27650.0,13595
202608251015,27600.0,28450.0,27600.0,28400.0,52329
202608251030,28400.0,28500.0,28200.0,28350.0,25811
202608251045,28350.0,29400.0,28150.0,28800.0,61481
202608251100,28800.0,28900.0,28300.0,28800.0,29180
202608251115,28800.0,29000.0,28550.0,28750.0,16179
202608251130,28800.0,29250.0,28650.0,29100.0,20651
202608251145,29100.0,29350.0,28900.0,29300.0,17578
202608251200,29300.0,29350.0,29050.0,29250.0,12633
202608251215,29250.0,29500.0,29000.0,29050.0,20229
202608251230,29050.0,29100.0,28550.0,28750.0,22104
202608251245,28750.0,28950.0,28700.0,28800.0,7908
202608251300,28750.0,29000.0,28600.0,28950.0,10507
202608251315,28900.0,29100.0,28750.0,28900.0,9404
202608251330,28950.0,29450.0,28950.0,29350.0,21004
202608251345,29350.0,29450.0,29200.0,29400.0,9468
202608251400,29400.0,29450.0,29250.0,29350.0,12923
202608251415,29350.0,29450.0,29200.0,29200.0,16800
202608251430,29200.0,29300.0,29000.0,29100.0,11893
202608251445,29100.0,29200.0,29000.0,29050.0,9059
202608251500,29050.0,29300.0,29000.0,29250.0,18362
202608251515,29200.0,29250.0,29050.0,29150.0,12148
202608260900,29500.0,31000.0,29500.0,29850.0,92644
202608260915,29850.0,29950.0,28300.0,28400.0,46774
202608260930,28400.0,29950.0,28300.0,29950.0,31619
202608260945,29850.0,29950.0,29150.0,29400.0,16370
202608261000,29450.0,29500.0,29150.0,29400.0,5649
202608261015,29450.0,29900.0,29400.0,29900.0,12969
202608261030,29900.0,30200.0,29750.0,29950.0,35207
202608261045,29950.0,30050.0,29650.0,30000.0,10963
202608261100,30000.0,30200.0,29600.0,29800.0,19712
202608261115,29850.0,30000.0,29700.0,29750.0,7972
202608261130,29750.0,29900.0,29600.0,29850.0,8119
202608261145,29850.0,29950.0,29650.0,29700.0,9177
202608261200,29700.0,29900.0,29650.0,29850.0,7216
202608261215,29850.0,29900.0,29750.0,29850.0,7849
202608261230,29850.0,29900.0,29450.0,29650.0,8480
202608261245,29650.0,29700.0,29300.0,29700.0,6923
202608261300,29700.0,29700.0,29400.0,29600.0,14093
202608261315,29600.0,29750.0,29450.0,29650.0,9053
202608261330,29600.0,29750.0,29550.0,29650.0,7413
202608261345,29650.0,29950.0,29600.0,29950.0,11829
202608261400,29950.0,30350.0,29900.0,30200.0,32386
202608261415,30150.0,30400.0,30100.0,30400.0,14724
202608261430,30350.0,30400.0,30150.0,30250.0,10538
202608261445,30250.0,30400.0,30050.0,30350.0,13984
202608261500,30300.0,30350.0,28950.0,29050.0,67986
202608261515,29050.0,29150.0,28800.0,29100.0,18270
202608270900,29700.0,29700.0,28050.0,28050.0,41265
202608270915,28100.0,28350.0,27900.0,28150.0,21801
202608270930,28150.0,29000.0,28050.0,28600.0,15443
202608270945,28550.0,28950.0,28550.0,28700.0,5613
202608271000,28750.0,29100.0,28550.0,28600.0,11675
202608271015,28600.0,28700.0,28200.0,28500.0,6224
202608271030,28500.0,28950.0,28400.0,28550.0,4990
202608271045,28550.0,28800.0,28500.0,28550.0,2162
202608271100,28550.0,28850.0,28550.0,28700.0,5432
202608271115,28650.0,28800.0,28400.0,28400.0,3306
202608271130,28450.0,28550.0,27800.0,27900.0,15775
202608271145,27950.0,28250.0,27550.0,27950.0,12292
202608271200,27950.0,27950.0,27650.0,27650.0,9768
202608271215,27700.0,27750.0,27500.0,27550.0,12135
202608271230,27575.0,27850.0,27350.0,27500.0,11070
202608271245,27500.0,27550.0,27200.0,27200.0,11470
202608271300,27250.0,27300.0,26500.0,26700.0,44389
202608271315,26700.0,26850.0,26400.0,26550.0,25050
202608271330,26550.0,26850.0,26500.0,26650.0,10337
202608271345,26650.0,27000.0,26300.0,26350.0,16647
202608271400,26250.0,26500.0,26150.0,26300.0,16390
202608271415,26300.0,26450.0,26200.0,26250.0,10185
202608271430,26250.0,26300.0,25900.0,26200.0,22686
202608271445,26200.0,26350.0,26100.0,26125.0,12378
202608271500,26100.0,26100.0,25500.0,26000.0,35044
202608271515,26050.0,26100.0,25750.0,25950.0,17671
202608280900,25900.0,26250.0,25100.0,25150.0,63099
202608280915,25100.0,25200.0,24300.0,24500.0,53819
202608280930,24500.0,24750.0,24250.0,24450.0,22041
202608280945,24400.0,24550.0,23600.0,23800.0,119541
202608281000,23800.0,24100.0,23500.0,24100.0,34764
202608281015,24100.0,24300.0,23600.0,23750.0,32516
202608281030,23750.0,23850.0,23350.0,23550.0,26420
202608281045,23550.0,23800.0,23000.0,23525.0,57710
202608281100,23550.0,24000.0,23500.0,23825.0,23641
202608281115,23800.0,24000.0,23575.0,23850.0,26440
202608281130,23850.0,23900.0,23400.0,23600.0,27731
202608281145,23550.0,23700.0,23500.0,23650.0,12340
202608281200,23700.0,23850.0,23550.0,23600.0,15350
202608281215,23600.0,23800.0,23550.0,23650.0,9964
202608281230,23650.0,23700.0,23300.0,23350.0,26755
202608281245,23400.0,23850.0,23275.0,23700.0,16754
202608281300,23650.0,23700.0,23150.0,23350.0,19897
202608281315,23350.0,23800.0,23250.0,23475.0,31582
202608281330,23450.0,23550.0,23350.0,23400.0,12406
202608281345,23375.0,23400.0,23100.0,23200.0,20001
202608281400,23200.0,23300.0,22850.0,23050.0,50435
202608281415,23075.0,23100.0,22750.0,23000.0,31090
202608281430,22975.0,23400.0,22900.0,23350.0,24780
202608281445,23350.0,23350.0,23100.0,23250.0,16996
202608281500,23250.0,23300.0,23100.0,23250.0,15520
202608281515,23250.0,23450.0,23200.0,23200.0,19063
202608310900,22450.0,22450.0,21600.0,22250.0,74096
202608310915,22300.0,22550.0,22000.0,22225.0,13749
202608310930,22225.0,22250.0,21850.0,22050.0,17088
202608310945,22050.0,22100.0,21450.0,21500.0,26542
202608311000,21500.0,21650.0,21350.0,21450.0,13211
202608311015,21450.0,21550.0,21300.0,21450.0,14957
202608311030,21450.0,21550.0,21300.0,21350.0,11065
202608311045,21350.0,21400.0,21000.0,21100.0,29316
202608311100,21100.0,21350.0,21050.0,21250.0,16494
202608311115,21150.0,21250.0,21000.0,21100.0,17519
202608311130,21075.0,21150.0,21000.0,21050.0,9048
202608311145,21050.0,21500.0,21050.0,21400.0,7518
202608311200,21400.0,21900.0,21400.0,21750.0,22046
202608311215,21750.0,21900.0,21650.0,21675.0,7104
202608311230,21650.0,21850.0,21600.0,21750.0,3868
202608311245,21750.0,21900.0,21700.0,21850.0,3501
202608311300,21850.0,21950.0,21750.0,21800.0,6397
202608311315,21850.0,21900.0,21750.0,21750.0,3530
202608311330,21800.0,21800.0,21450.0,21500.0,9060
202608311345,21500.0,21800.0,21450.0,21650.0,9270
202608311400,21650.0,21800.0,21450.0,21600.0,6180
202608311415,21600.0,21650.0,21400.0,21500.0,11851
202608311430,21550.0,21600.0,21350.0,21400.0,6474
202608311445,21400.0,21450.0,21300.0,21350.0,13190
202608311500,21375.0,21650.0,21300.0,21600.0,10065
202608311515,21500.0,21600.0,21450.0,21550.0,10288
202609010900,21200.0,21200.0,20750.0,20800.0,30350
202609010915,20800.0,22100.0,20800.0,22000.0,35158
202609010930,22100.0,22400.0,21775.0,21950.0,43681
202609010945,21950.0,22500.0,21950.0,22200.0,32935
202609011000,22150.0,22450.0,22050.0,22300.0,19967
202609011015,22300.0,22450.0,22100.0,22150.0,19013
202609011030,22150.0,22350.0,22150.0,22300.0,9597
202609011045,22300.0,22550.0,22200.0,22550.0,15501
202609011100,22550.0,22800.0,22500.0,22700.0,30935
202609011115,22700.0,22850.0,22300.0,22450.0,23540
202609011130,22400.0,22650.0,22250.0,22550.0,18159
202609011145,22600.0,22950.0,22600.0,22900.0,19707
202609011200,22900.0,23100.0,22850.0,22850.0,23592
202609011215,22850.0,22850.0,22550.0,22850.0,10800
202609011230,22800.0,23050.0,22800.0,22800.0,10319
202609011245,22800.0,22800.0,22550.0,22750.0,8014
202609011300,22750.0,22750.0,22300.0,22550.0,15780
202609011315,22550.0,22550.0,22300.0,22500.0,11641
202609011330,22500.0,22550.0,22350.0,22350.0,4864
202609011345,22350.0,22550.0,22350.0,22450.0,6444
202609011400,22500.0,22500.0,22350.0,22450.0,5920
202609011415,22450.0,22600.0,22400.0,22600.0,4662
202609011430,22600.0,22650.0,22450.0,22650.0,7323
202609011445,22650.0,22700.0,22550.0,22700.0,7527
202609011500,22700.0,22700.0,22500.0,22550.0,10981
202609011515,22600.0,22600.0,22350.0,22450.0,13860
202609020900,21900.0,22550.0,21750.0,21850.0,34490
202609020915,21850.0,22100.0,21800.0,21850.0,9067
202609020930,21800.0,22100.0,21800.0,21850.0,11536
202609020945,21850.0,21850.0,21500.0,21550.0,16306
202609021000,21550.0,21700.0,21500.0,21550.0,5977
202609021015,21650.0,21800.0,21500.0,21700.0,1922
202609021030,21750.0,21800.0,21600.0,21650.0,3233
202609021045,21650.0,21750.0,21500.0,21700.0,3983
202609021100,21700.0,21750.0,21650.0,21650.0,1568
202609021115,21650.0,21650.0,21600.0,21650.0,2096
202609021130,21600.0,21650.0,21400.0,21600.0,4779
202609021145,21550.0,21650.0,21550.0,21650.0,1385
202609021200,21650.0,21650.0,21400.0,21500.0,7033
202609021215,21500.0,21550.0,21300.0,21550.0,4504
202609021230,21550.0,21550.0,21350.0,21400.0,2138
202609021245,21350.0,21400.0,21100.0,21100.0,9822
202609021300,21100.0,21250.0,20900.0,21250.0,16811
202609021315,21200.0,21250.0,20900.0,20900.0,9377
202609021330,20925.0,21000.0,20700.0,20750.0,12396
202609021345,20750.0,20900.0,20650.0,20900.0,8850
202609021400,20900.0,20950.0,20750.0,20900.0,6453
202609021415,20900.0,21000.0,20700.0,20750.0,8668
202609021430,20750.0,20800.0,20550.0,20600.0,11511
202609021445,20600.0,20650.0,20450.0,20500.0,11551
202609021500,20600.0,20600.0,20350.0,20500.0,16367
202609021515,20550.0,20550.0,20450.0,20450.0,6491
202609030900,20800.0,20850.0,20200.0,20250.0,20711
202609030915,20250.0,21250.0,20250.0,21250.0,23493
202609030930,21150.0,21850.0,21100.0,21550.0,36682
202609030945,21550.0,21600.0,21100.0,21150.0,14221
202609031000,21150.0,21300.0,21000.0,21200.0,4903
202609031015,21150.0,21600.0,21100.0,21450.0,10532
202609031030,21450.0,21650.0,21350.0,21550.0,7067
202609031045,21450.0,21500.0,21150.0,21200.0,8479
202609031100,21250.0,21350.0,21150.0,21300.0,3972
202609031115,21350.0,21400.0,21200.0,21300.0,2893
202609031130,21250.0,21300.0,21200.0,21250.0,756
202609031145,21250.0,21250.0,21050.0,21150.0,4888
202609031200,21150.0,21450.0,21150.0,21450.0,3979
202609031215,21450.0,21450.0,21300.0,21350.0,1093
202609031230,21350.0,21350.0,21150.0,21250.0,3972
202609031245,21250.0,21400.0,21000.0,21100.0,7144
202609031300,21000.0,21100.0,20950.0,21050.0,6727
202609031315,21000.0,21150.0,20900.0,21050.0,4651
202609031330,21100.0,21200.0,20950.0,20950.0,1600
202609031345,21000.0,21200.0,20850.0,20950.0,4787
202609031400,20950.0,21000.0,20500.0,20700.0,10736
202609031415,20700.0,20750.0,20400.0,20750.0,9695
202609031430,20750.0,20950.0,20400.0,20900.0,6580
202609031445,20850.0,21100.0,20850.0,20900.0,4859
202609031500,20900.0,21000.0,20650.0,20850.0,10515
202609031515,20850.0,21000.0,20750.0,21000.0,3851
202609040900,21300.0,21300.0,20600.0,20850.0,31663
202609040915,20850.0,20950.0,20600.0,20750.0,13600
202609040930,20750.0,21100.0,20300.0,20300.0,29913
202609040945,20250.0,20350.0,20200.0,20250.0,17857
202609041000,20250.0,20350.0,19880.0,19980.0,29644
202609041015,19980.0,20050.0,19780.0,19780.0,16787
202609041030,19770.0,20000.0,19770.0,19860.0,14500
202609041045,19860.0,20150.0,19840.0,20150.0,11299
202609041100,20150.0,20150.0,19900.0,19970.0,10243
202609041115,19980.0,20100.0,19900.0,20000.0,7381
202609041130,20000.0,20050.0,19940.0,19980.0,7023
202609041145,19980.0,20100.0,19960.0,19960.0,12873
202609041200,20000.0,20050.0,19940.0,20000.0,14448
202609041215,20000.0,20050.0,19900.0,19900.0,11082
202609041230,19900.0,19940.0,19860.0,19880.0,10418
202609041245,19890.0,19940.0,19800.0,19940.0,17811
202609041300,19940.0,20000.0,19880.0,20000.0,8345
202609041315,20000.0,20050.0,19940.0,19980.0,6697
202609041330,19990.0,20050.0,19950.0,19950.0,9412
202609041345,19950.0,19960.0,19830.0,19860.0,17453
202609041400,19860.0,19890.0,19840.0,19880.0,7937
202609041415,19880.0,19920.0,19870.0,19880.0,12270
202609041430,19880.0,19940.0,19880.0,19930.0,12395
202609041445,19930.0,19960.0,19920.0,19940.0,7722
202609041500,19950.0,20100.0,19930.0,20050.0,12861
202609041515,20050.0,20100.0,19920.0,19920.0,13191
202609070900,20050.0,20250.0,19850.0,19860.0,16858
202609070915,19860.0,20050.0,19860.0,20000.0,7206
202609070930,20000.0,20125.0,19980.0,20100.0,4304
202609070945,20050.0,20100.0,19910.0,19910.0,7298
202609071000,19910.0,19950.0,19900.0,19920.0,4488
202609071015,19930.0,20050.0,19910.0,20000.0,4391
202609071030,20050.0,20100.0,19920.0,19930.0,4449
202609071045,19930.0,19930.0,19870.0,19890.0,6270
202609071100,19870.0,19990.0,19870.0,19980.0,4369
202609071115,19990.0,20050.0,19980.0,19990.0,5890
202609071130,19990.0,20000.0,19980.0,19980.0,2077
202609071145,19980.0,19990.0,19900.0,19920.0,4988
202609071200,19920.0,19950.0,19900.0,19910.0,3227
202609071215,19910.0,19910.0,19830.0,19860.0,7311
202609071230,19870.0,19890.0,19860.0,19870.0,3598
202609071245,19870.0,19890.0,19860.0,19860.0,3610
202609071300,19860.0,19870.0,19600.0,19700.0,21381
202609071315,19720.0,19830.0,19660.0,19760.0,11170
202609071330,19750.0,19750.0,19650.0,19730.0,4832
202609071345,19700.0,19770.0,19620.0,19730.0,5966
202609071400,19740.0,19910.0,19720.0,19880.0,8484
202609071415,19820.0,19980.0,19780.0,19840.0,4733
202609071430,19840.0,19940.0,19840.0,19840.0,3618
202609071445,19840.0,19880.0,19780.0,19800.0,3475
202609071500,19830.0,19880.0,19800.0,19840.0,3445
202609071515,19840.0,19890.0,19820.0,19860.0,3836
202609080900,19870.0,20200.0,19870.0,20100.0,13038
202609080915,20150.0,20250.0,20050.0,20250.0,18112
202609080930,20250.0,21000.0,20200.0,20600.0,55139
202609080945,20700.0,20700.0,20150.0,20300.0,15052
202609081000,20300.0,20350.0,20150.0,20250.0,4876
202609081015,20200.0,20350.0,20150.0,20200.0,5407
202609081030,20150.0,20300.0,20150.0,20250.0,5926
202609081045,20250.0,20450.0,20200.0,20300.0,3727
202609081100,20300.0,20350.0,20100.0,20300.0,4339
202609081115,20300.0,20400.0,20100.0,20150.0,7106
202609081130,20200.0,20300.0,19990.0,20050.0,9120
202609081145,20050.0,20250.0,20000.0,20250.0,4836
202609081200,20250.0,20250.0,20050.0,20200.0,3171
202609081215,20150.0,20300.0,20100.0,20250.0,3756
202609081230,20200.0,20250.0,20150.0,20250.0,1445
202609081245,20200.0,20350.0,20200.0,20350.0,5349
202609081300,20350.0,20400.0,20200.0,20200.0,2101
202609081315,20250.0,20250.0,20050.0,20200.0,5044
202609081330,20200.0,20250.0,20100.0,20200.0,1937
202609081345,20250.0,20350.0,20200.0,20300.0,2892
202609081400,20300.0,20300.0,20150.0,20250.0,4924
202609081415,20225.0,20300.0,20200.0,20250.0,4167
202609081430,20200.0,20250.0,20150.0,20200.0,3461
202609081445,20200.0,20250.0,20000.0,20000.0,5237
202609081500,20050.0,20100.0,19960.0,19960.0,9120
202609081515,19970.0,19980.0,19860.0,19860.0,7444
202609090900,19730.0,19960.0,19500.0,19700.0,19776
202609090915,19730.0,19770.0,19295.0,19330.0,23774
202609090930,19330.0,19420.0,19290.0,19420.0,24100
202609090945,19430.0,19510.0,19320.0,19390.0,10284
202609091000,19390.0,19430.0,19250.0,19270.0,15476
202609091015,19270.0,19340.0,19210.0,19310.0,11055
202609091030,19300.0,19320.0,19260.0,19290.0,7034
202609091045,19300.0,19370.0,19280.0,19310.0,4037
202609091100,19310.0,19310.0,19230.0,19235.0,5415
202609091115,19230.0,19300.0,19220.0,19280.0,2593
202609091130,19285.0,19290.0,19260.0,19270.0,2542
202609091145,19270.0,19280.0,19250.0,19250.0,3106
202609091200,19250.0,19260.0,19200.0,19230.0,7131
202609091215,19230.0,19260.0,19220.0,19260.0,1943
202609091230,19260.0,19260.0,19220.0,19220.0,3074
202609091245,19220.0,19230.0,19160.0,19160.0,10352
202609091300,19160.0,19290.0,19160.0,19190.0,3060
202609091315,19190.0,19200.0,19150.0,19200.0,3325
202609091330,19200.0,19210.0,19180.0,19200.0,2908
202609091345,19200.0,19290.0,19200.0,19240.0,3204
202609091400,19230.0,19360.0,19220.0,19330.0,4323
202609091415,19330.0,19390.0,19270.0,19280.0,4779
202609091430,19280.0,19300.0,19250.0,19250.0,3598
202609091445,19250.0,19290.0,19200.0,19260.0,5582
202609091500,19250.0,19300.0,19230.0,19250.0,10536
202609091515,19280.0,19300.0,19250.0,19280.0,4204
202609100900,19170.0,19240.0,19030.0,19200.0,10168
202609100915,19210.0,19320.0,19130.0,19250.0,6641
202609100930,19240.0,19240.0,19130.0,19220.0,5794
202609100945,19230.0,19240.0,19020.0,19070.0,6832
202609101000,19070.0,19070.0,18870.0,18970.0,9826
202609101015,18970.0,19160.0,18970.0,19030.0,3982
202609101030,19040.0,19050.0,19010.0,19030.0,1832
202609101045,19050.0,19080.0,19000.0,19080.0,1953
202609101100,19070.0,19150.0,19070.0,19100.0,1098
202609101115,19100.0,19260.0,19100.0,19260.0,3399
202609101130,19270.0,19490.0,19230.0,19360.0,20924
202609101145,19350.0,19370.0,19230.0,19330.0,1572
202609101200,19330.0,19460.0,19310.0,19340.0,2341
202609101215,19340.0,19400.0,19340.0,19350.0,3279
202609101230,19350.0,19470.0,19350.0,19470.0,4103
202609101245,19470.0,19470.0,19360.0,19380.0,1752
202609101300,19380.0,19410.0,19350.0,19410.0,1845
202609101315,19400.0,19600.0,19380.0,19600.0,9393
202609101330,19600.0,19690.0,19500.0,19560.0,6148
202609101345,19530.0,19630.0,19420.0,19590.0,4763
202609101400,19580.0,19580.0,19480.0,19480.0,1931
202609101415,19470.0,19570.0,19430.0,19540.0,3514
202609101430,19550.0,19580.0,19510.0,19520.0,1795
202609101445,19520.0,19560.0,19440.0,19440.0,2646
202609101500,19440.0,19530.0,19430.0,19460.0,4041
202609101515,19440.0,19530.0,19400.0,19530.0,4816
202609110900,19320.0,19580.0,19140.0,19280.0,7990
202609110915,19280.0,19280.0,19150.0,19170.0,5176
202609110930,19170.0,19170.0,19100.0,19130.0,5249
202609110945,19130.0,19280.0,19130.0,19270.0,1818
202609111000,19250.0,19350.0,19220.0,19350.0,953
202609111015,19350.0,19360.0,19270.0,19340.0,2777
202609111030,19340.0,19450.0,19310.0,19310.0,1044
202609111045,19360.0,19360.0,19270.0,19300.0,864
202609111100,19300.0,19490.0,19300.0,19480.0,3364
202609111115,19480.0,19670.0,19480.0,19520.0,8045
202609111130,19520.0,19640.0,19490.0,19570.0,3774
202609111145,19580.0,19590.0,19520.0,19540.0,1381
202609111200,19540.0,19540.0,19390.0,19440.0,3401
202609111215,19440.0,19640.0,19420.0,19620.0,4998
202609111230,19600.0,19640.0,19470.0,19620.0,3701
202609111245,19620.0,19620.0,19530.0,19590.0,2526
202609111300,19590.0,19600.0,19550.0,19580.0,1554
202609111315,19580.0,19690.0,19550.0,19690.0,4883
202609111330,19700.0,19940.0,19690.0,19880.0,8663
202609111345,19900.0,19900.0,19750.0,19760.0,5482
202609111400,19750.0,19790.0,19700.0,19740.0,2797
202609111415,19740.0,19740.0,19700.0,19710.0,2550
202609111430,19720.0,19720.0,19690.0,19700.0,1474
202609111445,19710.0,19870.0,19660.0,19790.0,3621
202609111500,19800.0,19870.0,19790.0,19830.0,5589
202609111515,19830.0,19840.0,19810.0,19840.0,2864
202609140900,19680.0,20400.0,19540.0,19880.0,14778
202609140915,19930.0,20150.0,19890.0,19930.0,6886
202609140930,19930.0,19930.0,19730.0,19740.0,10654
202609140945,19730.0,19730.0,19550.0,19600.0,4803
202609141000,19600.0,19610.0,19550.0,19560.0,1521
202609141015,19550.0,19570.0,19430.0,19480.0,2104
202609141030,19490.0,19490.0,19440.0,19475.0,869
202609141045,19480.0,19540.0,19460.0,19540.0,1710
202609141100,19540.0,19730.0,19540.0,19730.0,1455
202609141115,19730.0,19770.0,19690.0,19700.0,979
202609141130,19700.0,19760.0,19680.0,19720.0,1037
202609141145,19730.0,19880.0,19720.0,19850.0,1530
202609141200,19840.0,19860.0,19780.0,19780.0,1004
202609141215,19780.0,19850.0,19730.0,19840.0,1340
202609141230,19820.0,19860.0,19750.0,19860.0,1000
202609141245,19840.0,19910.0,19790.0,19860.0,3713
202609141300,19870.0,19880.0,19820.0,19830.0,774
202609141315,19810.0,19830.0,19730.0,19750.0,2552
202609141330,19750.0,19770.0,19690.0,19710.0,2331
202609141345,19700.0,19760.0,19640.0,19760.0,3078
202609141400,19760.0,19760.0,19600.0,19600.0,939
202609141415,19610.0,19610.0,19540.0,19550.0,1536
202609141430,19550.0,19710.0,19550.0,19680.0,2091
202609141445,19680.0,19690.0,19560.0,19570.0,1016
202609141500,19570.0,19750.0,19520.0,19650.0,7185
202609141515,19650.0,19760.0,19600.0,19700.0,2516
202609150900,19580.0,19630.0,19310.0,19450.0,3624
202609150915,19450.0,19490.0,19260.0,19275.0,6232
202609150930,19275.0,19530.0,19275.0,19450.0,1529
202609150945,19450.0,19450.0,19350.0,19360.0,1295
202609151000,19390.0,19470.0,19390.0,19390.0,947
202609151015,19400.0,19490.0,19340.0,19420.0,1972
202609151030,19350.0,19430.0,19260.0,19260.0,4732
202609151045,19270.0,19320.0,19210.0,19320.0,2053
202609151100,19320.0,19320.0,19240.0,19300.0,1972
202609151115,19300.0,19320.0,19270.0,19300.0,451
202609151130,19300.0,19440.0,19300.0,19430.0,1504
202609151145,19420.0,19420.0,19350.0,19380.0,768
202609151200,19350.0,19380.0,19330.0,19380.0,515
202609151215,19380.0,19380.0,19355.0,19355.0,243
202609151230,19355.0,19400.0,19345.0,19390.0,437
202609151245,19390.0,19390.0,19340.0,19390.0,904
202609151300,19390.0,19390.0,19350.0,19370.0,370
202609151315,19350.0,19380.0,19290.0,19300.0,2541
202609151330,19300.0,19310.0,19250.0,19280.0,2296
202609151345,19280.0,19360.0,19220.0,19230.0,1998
202609151400,19210.0,19300.0,19170.0,19190.0,3334
202609151415,19180.0,19300.0,19160.0,19300.0,1849
202609151430,19300.0,19310.0,19190.0,19310.0,3365
202609151445,19310.0,19360.0,19290.0,19320.0,2384
202609151500,19360.0,19370.0,19280.0,19280.0,1426
202609151515,19280.0,19320.0,19270.0,19280.0,651
202609160900,19350.0,19500.0,19210.0,19210.0,2581
202609160915,19270.0,19350.0,19230.0,19300.0,2826
202609160930,19300.0,19320.0,19240.0,19300.0,1254
202609160945,19310.0,19350.0,19180.0,19280.0,1570
202609161000,19260.0,19260.0,19220.0,19260.0,2199
202609161015,19260.0,19300.0,19200.0,19280.0,2615
202609161030,19240.0,19280.0,19180.0,19200.0,2267
202609161045,19210.0,19210.0,19090.0,19140.0,2266
202609161100,19130.0,19140.0,19060.0,19100.0,896
202609161115,19100.0,19300.0,19100.0,19300.0,885
202609161130,19300.0,19300.0,19220.0,19260.0,714
202609161145,19260.0,19290.0,19230.0,19280.0,382
202609161200,19280.0,19310.0,19260.0,19300.0,354
202609161215,19300.0,19320.0,19260.0,19280.0,609
202609161230,19280.0,19320.0,19230.0,19270.0,964
202609161245,19290.0,19310.0,19220.0,19310.0,532
202609161300,19310.0,19320.0,19260.0,19320.0,704
202609161315,19320.0,19320.0,19200.0,19210.0,1600
202609161330,19210.0,19270.0,19170.0,19270.0,932
202609161345,19250.0,19290.0,19190.0,19260.0,951
202609161400,19270.0,19270.0,19230.0,19260.0,1145
202609161415,19230.0,19310.0,19230.0,19310.0,959
202609161430,19310.0,19320.0,19250.0,19300.0,977
202609161445,19300.0,19310.0,19210.0,19230.0,2068
202609161500,19310.0,19470.0,19230.0,19440.0,3204
202609161515,19450.0,19500.0,19380.0,19380.0,2344
202609170900,19290.0,20250.0,19240.0,20100.0,21588
202609170915,20100.0,20200.0,19860.0,20000.0,11858
202609170930,20000.0,20600.0,20000.0,20200.0,43210
202609170945,20200.0,20300.0,20000.0,20050.0,5750
202609171000,20050.0,20150.0,20000.0,20100.0,4438
202609171015,20100.0,20150.0,20000.0,20100.0,3645
202609171030,20100.0,20250.0,20050.0,20200.0,2520
202609171045,20200.0,20200.0,20100.0,20100.0,2958
202609171100,20150.0,20150.0,20050.0,20050.0,1980
202609171115,20100.0,20150.0,20050.0,20100.0,1923
202609171130,20150.0,20200.0,20050.0,20150.0,1480
202609171145,20200.0,20200.0,20050.0,20050.0,1441
202609171200,20100.0,20100.0,19990.0,20075.0,4841
202609171215,20075.0,20100.0,20050.0,20075.0,824
202609171230,20075.0,20100.0,20050.0,20050.0,1998
202609171245,20050.0,20150.0,20050.0,20150.0,3134
202609171300,20150.0,20300.0,20150.0,20250.0,3371
202609171315,20300.0,20300.0,20100.0,20100.0,1200
202609171330,20150.0,20200.0,20050.0,20150.0,2277
202609171345,20150.0,20200.0,20100.0,20150.0,569
202609171400,20150.0,20150.0,20100.0,20100.0,1308
202609171415,20150.0,20150.0,20050.0,20100.0,1549
202609171430,20100.0,20150.0,20000.0,20050.0,2984
202609171445,20050.0,20100.0,20000.0,20000.0,2247
202609171500,20000.0,20100.0,19900.0,19900.0,8654
202609171515,19900.0,20050.0,19900.0,20050.0,3230
202609180900,19960.0,20250.0,19780.0,19810.0,8426
202609180915,19810.0,19870.0,19550.0,19560.0,13026
202609180930,19560.0,19620.0,19500.0,19520.0,5808
202609180945,19530.0,19600.0,19470.0,19500.0,5475
202609181000,19500.0,19570.0,19490.0,19540.0,1621
202609181015,19540.0,19710.0,19530.0,19660.0,2225
202609181030,19660.0,19660.0,19580.0,19630.0,1596
202609181045,19630.0,19640.0,19510.0,19510.0,4410
202609181100,19510.0,19540.0,19510.0,19520.0,1060
202609181115,19520.0,19560.0,19510.0,19550.0,587
202609181130,19550.0,19560.0,19510.0,19530.0,1307
202609181145,19530.0,19530.0,19450.0,19470.0,5386
202609181200,19460.0,19470.0,19400.0,19450.0,6875
202609181215,19450.0,19450.0,19380.0,19400.0,4530
202609181230,19410.0,19470.0,19400.0,19460.0,689
202609181245,19460.0,19470.0,19430.0,19440.0,7506
202609181300,19430.0,19470.0,19380.0,19390.0,3681
202609181315,19390.0,19390.0,19310.0,19340.0,13169
202609181330,19330.0,19330.0,19200.0,19280.0,11304
202609181345,19280.0,19380.0,19250.0,19380.0,2519
202609181400,19380.0,19470.0,19360.0,19360.0,1255
202609181415,19370.0,19490.0,19350.0,19350.0,7384
202609181430,19350.0,19400.0,19330.0,19340.0,4606
202609181445,19340.0,19370.0,19300.0,19310.0,2384
202609181500,19310.0,19310.0,19210.0,19240.0,5711
202609181515,19240.0,19300.0,19240.0,19300.0,5516
202609210900,19630.0,19790.0,19210.0,19740.0,15476
202609210915,19740.0,19740.0,19470.0,19520.0,9235
202609210930,19520.0,19600.0,19450.0,19590.0,2845
202609210945,19590.0,19670.0,19400.0,19590.0,2504
202609211000,19600.0,19680.0,19580.0,19680.0,4461
202609211015,19670.0,19680.0,19410.0,19460.0,1934
202609211030,19460.0,19530.0,19400.0,19520.0,1258
202609211045,19530.0,19530.0,19390.0,19470.0,2036
202609211100,19470.0,19670.0,19460.0,19640.0,2956
202609211115,19640.0,19660.0,19590.0,19590.0,667
202609211130,19590.0,19590.0,19430.0,19500.0,2298
202609211145,19500.0,19510.0,19440.0,19490.0,2183
202609211200,19480.0,19500.0,19420.0,19460.0,911
202609211215,19460.0,19500.0,19360.0,19440.0,1804
202609211230,19450.0,19620.0,19450.0,19510.0,1457
202609211245,19520.0,19580.0,19480.0,19580.0,965
202609211300,19580.0,19580.0,19390.0,19490.0,2114
202609211315,19490.0,19520.0,19470.0,19490.0,911
202609211330,19490.0,19500.0,19370.0,19430.0,1089
202609211345,19400.0,19400.0,19300.0,19380.0,2621
202609211400,19370.0,19390.0,19350.0,19390.0,1540
202609211415,19380.0,19390.0,19350.0,19390.0,1230
202609211430,19390.0,19430.0,19360.0,19360.0,1039
202609211445,19370.0,19400.0,19350.0,19360.0,1195
202609211500,19360.0,19380.0,19350.0,19360.0,4372
202609211515,19360.0,19430.0,19350.0,19350.0,3332
202609220900,19460.0,19770.0,19420.0,19730.0,17431
202609220915,19720.0,20000.0,19640.0,19800.0,14604
202609220930,19890.0,19910.0,19670.0,19830.0,5570
202609220945,19830.0,20150.0,19820.0,20100.0,18529
202609221000,20150.0,20150.0,19900.0,19990.0,5971
202609221015,19940.0,20100.0,19915.0,20000.0,7972
202609221030,19950.0,20050.0,19930.0,19990.0,1893
202609221045,19940.0,20050.0,19900.0,19950.0,3392
202609221100,19950.0,20050.0,19930.0,20050.0,1833
202609221115,20050.0,20050.0,19950.0,19990.0,1632
202609221130,19990.0,19990.0,19960.0,19990.0,3027
202609221145,19990.0,20050.0,19970.0,19980.0,2548
202609221200,19970.0,20050.0,19960.0,20050.0,2399
202609221215,20000.0,20100.0,19990.0,20100.0,3236
202609221230,20050.0,20100.0,20000.0,20050.0,1262
202609221245,20000.0,20100.0,19950.0,19970.0,3209
202609221300,19970.0,20050.0,19950.0,19970.0,1141
202609221315,19970.0,20050.0,19950.0,20000.0,1230
202609221330,20000.0,20050.0,19960.0,20000.0,3221
202609221345,19980.0,20000.0,19960.0,19970.0,2727
202609221400,19970.0,20050.0,19960.0,20050.0,3789
202609221415,20000.0,20050.0,19940.0,19950.0,4043
202609221430,19950.0,20050.0,19930.0,19960.0,3517
202609221445,19940.0,19980.0,19910.0,19940.0,2913
202609221500,19940.0,19940.0,19800.0,19850.0,3695
202609221515,19800.0,19880.0,19770.0,19770.0,2302
202609230900,19990.0,20000.0,19610.0,19700.0,9000
202609230915,19700.0,19790.0,19620.0,19640.0,3104
202609230930,19640.0,19650.0,19580.0,19630.0,3464
202609230945,19630.0,19690.0,19600.0,19690.0,2214
202609231000,19700.0,19700.0,19630.0,19630.0,943
202609231015,19620.0,19710.0,19540.0,19540.0,3327
202609231030,19540.0,19680.0,19510.0,19630.0,4118
202609231045,19630.0,19630.0,19560.0,19610.0,1045
202609231100,19610.0,19850.0,19600.0,19680.0,1921
202609231115,19680.0,19690.0,19630.0,19630.0,261
202609231130,19610.0,19630.0,19570.0,19570.0,1155
202609231145,19550.0,19580.0,19540.0,19560.0,447
202609231200,19560.0,19580.0,19520.0,19530.0,2369
202609231215,19560.0,19560.0,19510.0,19510.0,766
202609231230,19510.0,19560.0,19500.0,19520.0,1652
202609231245,19530.0,19560.0,19510.0,19520.0,806
202609231300,19520.0,19520.0,19460.0,19460.0,4876
202609231315,19460.0,19510.0,19430.0,19500.0,1591
202609231330,19500.0,19500.0,19410.0,19410.0,1232
202609231345,19400.0,19490.0,19400.0,19420.0,995
202609231400,19420.0,19480.0,19350.0,19350.0,6707
202609231415,19360.0,19390.0,19350.0,19360.0,2783
202609231430,19370.0,19380.0,19350.0,19360.0,4165
202609231445,19350.0,19390.0,19350.0,19355.0,1965
202609231500,19350.0,19360.0,19320.0,19320.0,5898
202609231515,19325.0,19330.0,19320.0,19320.0,2649
202609280900,19380.0,19650.0,19190.0,19490.0,5213
202609280915,19460.0,19460.0,19320.0,19320.0,2303
202609280930,19320.0,19690.0,19320.0,19530.0,4837
202609280945,19540.0,19590.0,19460.0,19550.0,2306
202609281000,19520.0,19700.0,19510.0,19680.0,4768
202609281015,19700.0,19700.0,19570.0,19570.0,1083
202609281030,19570.0,19730.0,19540.0,19540.0,6975
202609281045,19540.0,19650.0,19510.0,19540.0,1747
202609281100,19530.0,19580.0,19420.0,19420.0,2135
202609281115,19420.0,19440.0,19350.0,19440.0,915
202609281130,19360.0,19590.0,19360.0,19590.0,3461
202609281145,19600.0,19680.0,19590.0,19630.0,2596
202609281200,19660.0,19710.0,19630.0,19630.0,2032
202609281215,19630.0,19770.0,19620.0,19760.0,2557
202609281230,19760.0,19770.0,19690.0,19690.0,1347
202609281245,19690.0,19720.0,19670.0,19670.0,592
202609281300,19700.0,19820.0,19680.0,19810.0,2922
202609281315,19800.0,19800.0,19590.0,19690.0,952
202609281330,19650.0,19700.0,19630.0,19640.0,280
202609281345,19640.0,19640.0,19600.0,19620.0,449
202609281400,19620.0,19620.0,19590.0,19620.0,277
202609281415,19590.0,19590.0,19540.0,19550.0,692
202609281430,19540.0,19540.0,19400.0,19400.0,1114
202609281445,19400.0,19450.0,19390.0,19450.0,1709
202609281500,19450.0,19520.0,19330.0,19440.0,2542
202609281515,19440.0,19520.0,19390.0,19520.0,2692
202609290900,19320.0,19370.0,19020.0,19050.0,11263
202609290915,19050.0,19130.0,19030.0,19090.0,2563
202609290930,19080.0,19130.0,19000.0,19040.0,7949
202609290945,19040.0,19080.0,18950.0,18980.0,6803
202609291000,18990.0,19060.0,18950.0,18990.0,3371
202609291015,18980.0,18980.0,18890.0,18960.0,8662
202609291030,18960.0,19000.0,18950.0,18950.0,773
202609291045,18940.0,18940.0,18890.0,18890.0,2430
202609291100,18890.0,18890.0,18800.0,18830.0,3483
202609291115,18840.0,19070.0,18810.0,19050.0,3550
202609291130,19050.0,19170.0,18980.0,19170.0,1503
202609291145,19170.0,19210.0,19070.0,19190.0,1146
202609291200,19190.0,19200.0,19070.0,19180.0,1380
202609291215,19180.0,19190.0,19090.0,19190.0,1286
202609291230,19160.0,19200.0,19100.0,19110.0,5196
202609291245,19110.0,19200.0,19080.0,19200.0,1192
202609291300,19200.0,19210.0,19170.0,19210.0,1005
202609291315,19170.0,19210.0,19120.0,19180.0,1196
202609291330,19180.0,19190.0,19090.0,19190.0,1640
202609291345,19100.0,19190.0,19050.0,19180.0,1278
202609291400,19180.0,19190.0,19050.0,19050.0,1301
202609291415,19150.0,19190.0,19050.0,19050.0,1384
202609291430,19050.0,19190.0,19010.0,19190.0,1527
202609291445,19190.0,19200.0,19100.0,19170.0,534
202609291500,19130.0,19190.0,19100.0,19180.0,678
202609291515,19185.0,19200.0,19000.0,19050.0,8138
202609300900,19110.0,19110.0,18700.0,18710.0,8923
202609300915,18710.0,19020.0,18630.0,19020.0,3245
202609300930,19000.0,19020.0,18820.0,19020.0,4613
202609300945,19010.0,19190.0,18890.0,19020.0,4666
202609301000,19010.0,19060.0,18890.0,18920.0,881
202609301015,18920.0,18980.0,18860.0,18920.0,2480
202609301030,18920.0,18920.0,18880.0,18910.0,170
202609301045,18910.0,18990.0,18890.0,18990.0,499
202609301100,18990.0,19040.0,18920.0,18920.0,441
202609301115,18900.0,18940.0,18880.0,18890.0,727
202609301130,18870.0,18870.0,18820.0,18840.0,2552
202609301145,18840.0,18880.0,18840.0,18880.0,209
202609301200,18840.0,18880.0,18800.0,18820.0,2706
202609301215,18810.0,18820.0,18790.0,18800.0,371
202609301230,18800.0,18820.0,18770.0,18820.0,576
202609301245,18820.0,18860.0,18790.0,18820.0,171
202609301300,18810.0,19100.0,18810.0,19090.0,2985
202609301315,19080.0,19090.0,18970.0,19090.0,895
202609301330,19090.0,19200.0,19080.0,19200.0,4463
202609301345,19200.0,19200.0,19110.0,19130.0,1966
202609301400,19110.0,19120.0,19030.0,19060.0,1585
202609301415,19060.0,19090.0,19030.0,19070.0,892
202609301430,19040.0,19100.0,19020.0,19090.0,753
202609301445,19080.0,19090.0,19010.0,19090.0,793
202609301500,19090.0,19100.0,18970.0,19070.0,1486
202609301515,19060.0,19070.0,18980.0,19060.0,916
202610010900,18880.0,19000.0,18810.0,18890.0,2249
202610010915,18830.0,18920.0,18810.0,18830.0,2005
202610010930,18830.0,19000.0,18800.0,18920.0,2001
202610010945,18920.0,18980.0,18900.0,18950.0,1591
202610011000,18940.0,19060.0,18910.0,19060.0,1670
202610011015,19050.0,19080.0,18900.0,18970.0,2923
202610011030,18970.0,19000.0,18920.0,18970.0,1909
202610011045,18960.0,19050.0,18930.0,18990.0,1460
202610011100,18990.0,19080.0,18990.0,19080.0,1934
202610011115,19050.0,19080.0,19000.0,19070.0,459
202610011130,19070.0,19080.0,19060.0,19080.0,509
202610011145,19080.0,19130.0,19060.0,19130.0,1104
202610011200,19100.0,19230.0,19090.0,19230.0,1504
202610011215,19200.0,19290.0,19130.0,19250.0,1434
202610011230,19250.0,19330.0,19230.0,19320.0,2331
202610011245,19310.0,19350.0,19270.0,19350.0,2169
202610011300,19350.0,19580.0,19350.0,19540.0,6564
202610011315,19530.0,19610.0,19530.0,19590.0,2196
202610011330,19590.0,19720.0,19580.0,19630.0,12387
202610011345,19630.0,19710.0,19630.0,19670.0,1963
202610011400,19690.0,19700.0,19630.0,19630.0,3446
202610011415,19630.0,19650.0,19500.0,19570.0,1681
202610011430,19560.0,19560.0,19460.0,19490.0,2361
202610011445,19510.0,19510.0,19420.0,19440.0,3230
202610011500,19440.0,19490.0,19390.0,19400.0,4204
202610011515,19480.0,19490.0,19480.0,19490.0,1072
