202601020945,107222.0,107319.0,104891.0,106834.0,212
202601021000,106445.0,107222.0,105377.0,106737.0,160
202601021015,106834.0,107222.0,106640.0,107222.0,141
202601021030,106640.0,106737.0,106251.0,106445.0,353
202601021045,106640.0,106640.0,105960.0,106154.0,370
202601021100,106057.0,106154.0,105377.0,105668.0,272
202601021115,105571.0,106154.0,105571.0,105960.0,160
202601021130,105863.0,106154.0,105571.0,106057.0,334
202601021145,106154.0,106154.0,105571.0,106154.0,175
202601021200,106057.0,106154.0,105474.0,106154.0,282
202601021215,105863.0,106348.0,105668.0,105668.0,242
202601021230,105863.0,106251.0,105474.0,105960.0,178
202601021245,105765.0,105960.0,104988.0,105183.0,429
202601021300,105183.0,105668.0,104988.0,105280.0,409
202601021315,105280.0,105474.0,104406.0,104600.0,1276
202601021330,104697.0,105280.0,104212.0,104503.0,1687
202601021345,104406.0,105377.0,104406.0,104794.0,230
202601021400,104697.0,105377.0,104697.0,104988.0,784
202601021415,105086.0,105183.0,104406.0,104406.0,349
202601021430,104600.0,105086.0,104503.0,104600.0,303
202601021445,104600.0,105183.0,104406.0,104600.0,320
202601021500,104697.0,104891.0,104406.0,104503.0,291
202601021515,104503.0,104697.0,104503.0,104600.0,352
202601050900,104212.0,104212.0,102949.0,104114.0,890
202601050915,104114.0,104114.0,102949.0,103143.0,1634
202601050930,103143.0,104114.0,103046.0,103629.0,628
202601050945,103337.0,104600.0,103143.0,104212.0,1186
202601051000,103726.0,104309.0,103240.0,103726.0,990
202601051015,103629.0,104114.0,103629.0,103920.0,366
202601051030,104114.0,104212.0,103920.0,104017.0,254
202601051045,104114.0,104212.0,103823.0,104114.0,397
202601051100,103920.0,104794.0,103920.0,104503.0,627
202601051115,104600.0,105377.0,104309.0,104600.0,609
202601051130,104697.0,104891.0,104406.0,104794.0,313
202601051145,104794.0,104794.0,104309.0,104503.0,266
202601051200,104503.0,104794.0,104309.0,104697.0,437
202601051215,104697.0,104794.0,104406.0,104600.0,423
202601051230,104503.0,104794.0,104309.0,104503.0,254
202601051245,104503.0,104697.0,104114.0,104600.0,584
202601051300,104600.0,104697.0,104406.0,104600.0,274
202601051315,104503.0,104794.0,104406.0,104600.0,371
202601051330,104600.0,104794.0,104503.0,104794.0,343
202601051345,104794.0,104794.0,104503.0,104503.0,257
202601051400,104503.0,104794.0,104114.0,104309.0,557
202601051415,104406.0,105377.0,104114.0,104697.0,603
202601051430,104988.0,105183.0,104406.0,104697.0,211
202601051445,104600.0,105183.0,104503.0,104600.0,425
202601051500,104600.0,105086.0,104600.0,104697.0,369
202601051515,104697.0,105086.0,104600.0,104697.0,917
202601060900,104891.0,105377.0,104600.0,104600.0,264
202601060915,104697.0,105863.0,104697.0,105086.0,288
202601060930,105183.0,105765.0,104988.0,105668.0,459
202601060945,105765.0,105765.0,105086.0,105086.0,115
202601061000,105086.0,105086.0,104309.0,104697.0,854
202601061015,104406.0,104406.0,103629.0,104017.0,740
202601061030,104114.0,104114.0,103726.0,103920.0,326
202601061045,103920.0,104017.0,103629.0,103726.0,606
202601061100,103726.0,104988.0,103629.0,103823.0,570
202601061115,103823.0,104017.0,103726.0,103823.0,293
202601061130,103726.0,104114.0,103726.0,103920.0,289
202601061145,103920.0,104600.0,103823.0,103823.0,295
202601061200,103823.0,104406.0,103823.0,103920.0,299
202601061215,103920.0,104600.0,103823.0,103920.0,405
202601061230,103920.0,104600.0,103726.0,103823.0,336
202601061245,103823.0,104017.0,103435.0,103532.0,1128
202601061300,103532.0,103920.0,103435.0,103726.0,202
202601061315,103726.0,104017.0,103532.0,103726.0,318
202601061330,103726.0,103920.0,103629.0,103726.0,268
202601061345,103726.0,104017.0,103726.0,103823.0,282
202601061400,103823.0,104114.0,103726.0,104017.0,194
202601061415,104017.0,104212.0,103726.0,103823.0,165
202601061430,103823.0,104406.0,103823.0,103920.0,137
202601061445,103920.0,104017.0,103920.0,103920.0,172
202601061500,103920.0,104406.0,103823.0,104309.0,223
202601061515,104114.0,104406.0,104017.0,104114.0,373
202601070900,104017.0,104503.0,103726.0,104114.0,292
202601070915,104114.0,104697.0,103337.0,103726.0,790
202601070930,103337.0,103726.0,103337.0,103532.0,268
202601070945,103532.0,104114.0,103435.0,103920.0,490
202601071000,103920.0,104114.0,103629.0,103726.0,122
202601071015,103629.0,104017.0,103435.0,104017.0,149
202601071030,103823.0,104017.0,103532.0,103629.0,164
202601071045,103726.0,104017.0,103240.0,103435.0,1163
202601071100,103435.0,104017.0,102852.0,103240.0,669
202601071115,103240.0,103629.0,102949.0,103143.0,422
202601071130,103143.0,103629.0,103046.0,103337.0,334
202601071145,103337.0,103823.0,102949.0,103337.0,591
202601071200,103337.0,103629.0,102949.0,103289.0,372
202601071215,103240.0,103726.0,102949.0,103532.0,454
202601071230,103143.0,103629.0,102949.0,103046.0,360
202601071245,103240.0,103726.0,102949.0,103240.0,610
202601071300,103240.0,103726.0,102949.0,103337.0,746
202601071315,103240.0,103726.0,103046.0,103532.0,618
202601071330,103532.0,103920.0,102949.0,103532.0,713
202601071345,103532.0,103920.0,103046.0,103823.0,832
202601071400,103823.0,104891.0,103435.0,104406.0,2023
202601071415,104309.0,104697.0,103629.0,103920.0,931
202601071430,103920.0,104114.0,103240.0,103435.0,459
202601071445,103337.0,103823.0,103240.0,103435.0,611
202601071500,103629.0,103823.0,103337.0,103726.0,191
202601071515,103629.0,103823.0,103337.0,103726.0,300
202601080900,103337.0,103337.0,102560.0,102755.0,1040
202601080915,102755.0,103435.0,102560.0,102658.0,289
202601080930,102755.0,104406.0,102366.0,102755.0,958
202601080945,102560.0,102852.0,102366.0,102852.0,547
202601081000,102755.0,103046.0,102658.0,102949.0,539
202601081015,102949.0,103143.0,102852.0,103046.0,348
202601081030,102949.0,103046.0,102463.0,102852.0,960
202601081045,102852.0,102949.0,102658.0,102658.0,643
202601081100,102658.0,102852.0,102658.0,102755.0,228
202601081115,102755.0,102949.0,102658.0,102949.0,314
202601081130,102852.0,103046.0,102658.0,102755.0,165
202601081145,102852.0,103240.0,102658.0,103143.0,239
202601081200,103143.0,103823.0,103143.0,103823.0,1063
202601081215,103629.0,103920.0,103532.0,103726.0,1012
202601081230,103726.0,103920.0,103337.0,103435.0,433
202601081245,103435.0,103629.0,103337.0,103435.0,113
202601081300,103435.0,103823.0,103435.0,103726.0,123
202601081315,103629.0,104017.0,103629.0,103920.0,210
202601081330,103920.0,104114.0,103629.0,103726.0,203
202601081345,103726.0,104017.0,103629.0,103823.0,374
202601081400,103823.0,104503.0,103823.0,104309.0,534
202601081415,104212.0,104406.0,104114.0,104212.0,322
202601081430,104309.0,104406.0,103920.0,104114.0,353
202601081445,104114.0,104212.0,103629.0,103726.0,248
202601081500,103726.0,104212.0,103337.0,103532.0,335
202601081515,103532.0,104114.0,103240.0,103726.0,398
202601090900,103726.0,104309.0,103435.0,103726.0,427
202601090915,103823.0,104017.0,103435.0,103629.0,318
202601090930,103726.0,104017.0,103337.0,103920.0,386
202601090945,103920.0,104406.0,103920.0,104114.0,278
202601091000,104114.0,104212.0,103532.0,103823.0,205
202601091015,103920.0,104114.0,103726.0,103823.0,101
202601091030,103726.0,104017.0,103726.0,104017.0,320
202601091045,104017.0,104212.0,103823.0,104017.0,250
202601091100,104017.0,104406.0,103823.0,104017.0,290
202601091115,103920.0,104212.0,103532.0,103920.0,241
202601091130,103920.0,104212.0,103726.0,103823.0,163
202601091145,103823.0,104114.0,103726.0,103823.0,163
202601091200,103823.0,104017.0,103726.0,104017.0,179
202601091215,103920.0,104114.0,103726.0,103726.0,289
202601091230,103726.0,104114.0,103726.0,103823.0,451
202601091245,103823.0,104212.0,103726.0,103920.0,327
202601091300,103823.0,104212.0,103726.0,103726.0,281
202601091315,103726.0,104212.0,103143.0,103240.0,1586
202601091330,103240.0,103920.0,103046.0,103532.0,1193
202601091345,103337.0,103726.0,103046.0,103240.0,1185
202601091400,103240.0,103823.0,102949.0,103046.0,1067
202601091415,103143.0,103726.0,102949.0,103143.0,1014
202601091430,103046.0,103726.0,102949.0,103435.0,1140
202601091445,103143.0,103532.0,102852.0,103046.0,1271
202601091500,103046.0,103240.0,102852.0,102949.0,1146
202601091515,102949.0,103532.0,102949.0,103532.0,417
202601120900,103532.0,103629.0,102658.0,103435.0,470
202601120915,103532.0,104406.0,103435.0,104017.0,309
202601120930,103920.0,104017.0,102949.0,103143.0,586
202601120945,103143.0,103240.0,102755.0,102755.0,849
202601121000,103143.0,103532.0,102852.0,102949.0,378
202601121015,102949.0,103046.0,102658.0,102755.0,435
202601121030,102852.0,102949.0,102560.0,102658.0,246
202601121045,102755.0,102949.0,102560.0,102949.0,315
202601121100,102755.0,103143.0,102463.0,102755.0,336
202601121115,102560.0,103046.0,102463.0,102560.0,339
202601121130,102463.0,102949.0,102463.0,102560.0,193
202601121145,102658.0,103240.0,102463.0,102949.0,419
202601121200,102949.0,104212.0,102463.0,103337.0,895
202601121215,103337.0,103920.0,102463.0,103532.0,563
202601121230,103532.0,104212.0,103435.0,104017.0,822
202601121245,104114.0,104212.0,103046.0,103823.0,499
202601121300,104114.0,104212.0,103143.0,104017.0,348
202601121315,103920.0,104114.0,103240.0,103920.0,509
202601121330,103920.0,104212.0,103726.0,103823.0,410
202601121345,104114.0,104114.0,103240.0,103726.0,427
202601121400,103726.0,104503.0,103240.0,104406.0,1011
202601121415,104212.0,104503.0,103532.0,103920.0,871
202601121430,104114.0,104503.0,104114.0,104212.0,898
202601121445,104309.0,104406.0,103629.0,104212.0,794
202601121500,104212.0,104406.0,104017.0,104212.0,610
202601121515,104212.0,104406.0,104212.0,104406.0,289
202601130900,104600.0,104600.0,103629.0,103726.0,173
202601130915,103726.0,103726.0,103435.0,103435.0,123
202601130930,103435.0,103532.0,102560.0,102658.0,1765
202601130945,102755.0,103046.0,102463.0,102852.0,949
202601131000,102852.0,102852.0,102463.0,102463.0,1095
202601131015,102560.0,102755.0,102463.0,102560.0,310
202601131030,102560.0,102755.0,102366.0,102560.0,847
202601131045,102560.0,102658.0,102269.0,102463.0,546
202601131100,102560.0,102755.0,102366.0,102463.0,266
202601131115,102560.0,102658.0,102366.0,102560.0,292
202601131130,102366.0,102658.0,102172.0,102560.0,941
202601131145,102269.0,103435.0,102269.0,102852.0,644
202601131200,102852.0,103143.0,102658.0,102852.0,351
202601131215,102852.0,103337.0,102755.0,103143.0,416
202601131230,103143.0,103435.0,103046.0,103337.0,535
202601131245,103240.0,103435.0,103143.0,103240.0,685
202601131300,103337.0,103435.0,103046.0,103240.0,609
202601131315,103143.0,103435.0,102755.0,103143.0,510
202601131330,103143.0,103435.0,102755.0,102755.0,635
202601131345,102755.0,102949.0,102658.0,102755.0,565
202601131400,102755.0,103143.0,102658.0,102949.0,623
202601131415,102852.0,103240.0,102755.0,103240.0,555
202601131430,103143.0,103240.0,102658.0,103046.0,1012
202601131445,103046.0,103435.0,102755.0,103337.0,683
202601131500,102852.0,103240.0,102560.0,102658.0,609
202601131515,102755.0,103143.0,102658.0,102949.0,341
202601140900,102463.0,102463.0,101978.0,102269.0,431
202601140915,102172.0,102560.0,102075.0,102172.0,358
202601140930,102172.0,102560.0,102172.0,102172.0,104
202601140945,102366.0,102366.0,101783.0,101881.0,1303
202601141000,101783.0,102075.0,101783.0,101978.0,154
202601141015,101881.0,102366.0,101881.0,101978.0,270
202601141030,101978.0,102269.0,101978.0,101978.0,130
202601141045,101978.0,102366.0,101978.0,102172.0,203
202601141100,102366.0,102560.0,102075.0,102172.0,189
202601141115,102366.0,102463.0,102172.0,102172.0,117
202601141130,102463.0,102463.0,102075.0,102269.0,104
202601141145,102269.0,102463.0,102075.0,102172.0,97
202601141200,102172.0,102560.0,102172.0,102560.0,110
202601141215,102269.0,102658.0,102172.0,102366.0,122
202601141230,102366.0,102658.0,102269.0,102366.0,89
202601141245,102658.0,102658.0,102366.0,102560.0,138
202601141300,102560.0,102658.0,102269.0,102366.0,124
202601141315,102269.0,102658.0,102172.0,102463.0,310
202601141330,102463.0,103337.0,102366.0,102852.0,493
202601141345,102658.0,102852.0,102560.0,102658.0,295
202601141400,102658.0,102852.0,102560.0,102755.0,207
202601141415,102658.0,102852.0,102463.0,102658.0,468
202601141430,102463.0,102658.0,102172.0,102269.0,644
202601141445,102269.0,102463.0,102172.0,102366.0,494
202601141500,102269.0,102560.0,101978.0,102172.0,1266
202601141515,102172.0,102949.0,102075.0,102852.0,379
202601150900,102172.0,102658.0,101881.0,101881.0,372
202601150915,102172.0,102560.0,101201.0,101395.0,1835
202601150930,101492.0,101589.0,101201.0,101298.0,800
202601150945,101298.0,101346.0,101007.0,101104.0,1455
202601151000,101007.0,101152.0,101007.0,101104.0,902
202601151015,101104.0,101201.0,100909.0,101007.0,1048
202601151030,100909.0,101007.0,100618.0,100618.0,1208
202601151045,100618.0,100618.0,100327.0,100424.0,1155
202601151100,100424.0,100521.0,100230.0,100327.0,916
202601151115,100327.0,100618.0,100035.0,100132.0,1112
202601151130,100035.0,100424.0,100035.0,100424.0,778
202601151145,100327.0,100521.0,100035.0,100035.0,917
202601151200,100035.0,100230.0,100035.0,100132.0,755
202601151215,100035.0,100327.0,99938.0,99938.0,1062
202601151230,99987.0,100230.0,99841.0,99841.0,694
202601151245,99938.0,100230.0,99744.0,99792.0,805
202601151300,99744.0,99890.0,99550.0,99598.0,776
202601151315,99647.0,99938.0,99550.0,99550.0,816
202601151330,99550.0,100132.0,99550.0,99938.0,715
202601151345,99890.0,100035.0,99550.0,99744.0,1334
202601151400,99647.0,100132.0,99550.0,99744.0,1547
202601151415,99647.0,100327.0,99550.0,99938.0,1553
202601151430,99647.0,100230.0,99647.0,99744.0,1409
202601151445,99938.0,100132.0,99647.0,99890.0,1534
202601151500,99792.0,100327.0,99744.0,99841.0,1686
202601151515,99841.0,100327.0,99841.0,100230.0,574
202601160900,100521.0,100521.0,99744.0,100230.0,277
202601160915,100327.0,100618.0,100035.0,100424.0,265
202601160930,100618.0,100618.0,100327.0,100521.0,157
202601160945,100327.0,100521.0,100132.0,100230.0,219
202601161000,100132.0,100327.0,100035.0,100132.0,359
202601161015,100132.0,100327.0,99550.0,99647.0,688
202601161030,99550.0,99744.0,99550.0,99647.0,439
202601161045,99550.0,99744.0,99258.0,99453.0,1943
202601161100,99453.0,100132.0,99355.0,100132.0,721
202601161115,99550.0,99841.0,99453.0,99744.0,479
202601161130,99744.0,99744.0,99453.0,99550.0,419
202601161145,99453.0,100035.0,99453.0,99550.0,448
202601161200,99550.0,100035.0,99355.0,99841.0,487
202601161215,99647.0,100132.0,99550.0,99550.0,3249
202601161230,99550.0,100035.0,99453.0,99647.0,635
202601161245,99938.0,100327.0,99647.0,100230.0,467
202601161300,100230.0,101007.0,100035.0,100618.0,1031
202601161315,100715.0,100909.0,100035.0,100132.0,1099
202601161330,100327.0,100521.0,100035.0,100230.0,1110
202601161345,100230.0,100618.0,100035.0,100035.0,1084
202601161400,100230.0,101395.0,100132.0,100521.0,1764
202601161415,100424.0,100618.0,100132.0,100132.0,932
202601161430,100132.0,100424.0,100132.0,100424.0,1105
202601161445,100327.0,100715.0,100132.0,100618.0,1882
202601161500,100715.0,100715.0,100230.0,100618.0,961
202601161515,100521.0,101104.0,100521.0,100521.0,1346
202601190900,100424.0,100715.0,99355.0,99550.0,581
202601190915,99550.0,100230.0,99258.0,99355.0,806
202601190930,99355.0,100230.0,98967.0,99064.0,1125
202601190945,99064.0,99258.0,98967.0,99161.0,491
202601191000,99161.0,99161.0,98870.0,98870.0,356
202601191015,98870.0,99161.0,98773.0,98870.0,829
202601191030,98870.0,98870.0,98578.0,98676.0,576
202601191045,98676.0,98967.0,98578.0,98676.0,313
202601191100,98870.0,99161.0,98676.0,98870.0,248
202601191115,98773.0,98967.0,98773.0,98870.0,344
202601191130,98676.0,99064.0,98676.0,98773.0,410
202601191145,98773.0,99064.0,98773.0,98967.0,328
202601191200,98870.0,99064.0,98773.0,98870.0,226
202601191215,98870.0,99161.0,98676.0,98676.0,249
202601191230,98676.0,99258.0,98578.0,99064.0,676
202601191245,99064.0,99355.0,98967.0,99161.0,262
202601191300,99064.0,99258.0,98967.0,99064.0,241
202601191315,99064.0,99355.0,98870.0,99161.0,289
202601191330,99064.0,99161.0,98773.0,98773.0,240
202601191345,98773.0,99355.0,98773.0,98870.0,498
202601191400,98967.0,99064.0,98676.0,98773.0,317
202601191415,98676.0,99064.0,98676.0,98870.0,507
202601191430,98870.0,99161.0,98773.0,99161.0,374
202601191445,98967.0,99744.0,98870.0,99550.0,536
202601191500,99355.0,99744.0,99161.0,99550.0,713
202601191515,99550.0,99647.0,99258.0,99258.0,394
202601200900,99161.0,100230.0,99064.0,100035.0,640
202601200915,100035.0,100230.0,99161.0,99258.0,452
202601200930,99258.0,99550.0,99161.0,99453.0,450
202601200945,99647.0,99938.0,99355.0,99550.0,333
202601201000,99744.0,100230.0,99647.0,100035.0,517
202601201015,99938.0,100424.0,99744.0,99938.0,502
202601201030,99938.0,100132.0,99841.0,99841.0,156
202601201045,99841.0,100327.0,99744.0,99841.0,294
202601201100,100035.0,100035.0,99841.0,99938.0,198
202601201115,99938.0,100230.0,99841.0,100035.0,410
202601201130,100035.0,100618.0,99938.0,100618.0,317
202601201145,100618.0,100812.0,100327.0,100521.0,646
202601201200,100327.0,100618.0,100327.0,100327.0,266
202601201215,100424.0,100618.0,100230.0,100230.0,254
202601201230,100230.0,100424.0,99938.0,99938.0,357
202601201245,99938.0,100230.0,99938.0,100230.0,338
202601201300,100132.0,100230.0,99938.0,100132.0,401
202601201315,100035.0,100132.0,99938.0,100035.0,311
202601201330,100035.0,100424.0,99938.0,100035.0,252
202601201345,99938.0,100424.0,99938.0,100424.0,391
202601201400,100424.0,100715.0,100424.0,100424.0,378
202601201415,100424.0,100424.0,100327.0,100375.0,247
202601201430,100424.0,100812.0,100424.0,100424.0,501
202601201445,100424.0,100909.0,100424.0,100618.0,729
202601201500,100618.0,100715.0,100521.0,100618.0,495
202601201515,100521.0,101007.0,100521.0,100715.0,684
202601210900,99258.0,99258.0,98384.0,98578.0,1714
202601210915,98773.0,99064.0,98481.0,98676.0,411
202601210930,98773.0,98870.0,98384.0,98773.0,742
202601210945,98676.0,98870.0,98190.0,98578.0,1215
202601211000,98578.0,98676.0,98190.0,98481.0,502
202601211015,98578.0,98676.0,98384.0,98578.0,260
202601211030,98676.0,98676.0,98190.0,98481.0,1093
202601211045,98481.0,98676.0,98287.0,98676.0,742
202601211100,98676.0,98773.0,98190.0,98287.0,815
202601211115,98190.0,98481.0,98190.0,98384.0,594
202601211130,98384.0,98578.0,98093.0,98384.0,947
202601211145,98287.0,98773.0,98190.0,98676.0,343
202601211200,98578.0,98773.0,98578.0,98773.0,317
202601211215,98773.0,98967.0,98676.0,98967.0,429
202601211230,98967.0,99064.0,98773.0,98773.0,174
202601211245,98870.0,98967.0,98676.0,98773.0,774
202601211300,98773.0,98870.0,98773.0,98773.0,167
202601211315,98870.0,98870.0,98773.0,98773.0,302
202601211330,98773.0,98967.0,98773.0,98870.0,408
202601211345,98773.0,99161.0,98773.0,98773.0,619
202601211400,98870.0,99938.0,98773.0,99744.0,1454
202601211415,99647.0,99841.0,99258.0,99550.0,1637
202601211430,99550.0,99938.0,99064.0,99647.0,1275
202601211445,99647.0,100230.0,99453.0,99550.0,1397
202601211500,99550.0,99744.0,99064.0,99744.0,728
202601211515,99647.0,99744.0,99064.0,99064.0,658
202601220900,99550.0,99744.0,98870.0,99744.0,285
202601220915,99647.0,99744.0,98967.0,99355.0,337
202601220930,99355.0,99841.0,99064.0,99841.0,366
202601220945,99841.0,100521.0,99453.0,100230.0,396
202601221000,100521.0,100618.0,100230.0,100230.0,237
202601221015,100230.0,100521.0,100132.0,100132.0,92
202601221030,100230.0,100424.0,100035.0,100035.0,119
202601221045,100035.0,100327.0,100035.0,100132.0,131
202601221100,100230.0,100521.0,99841.0,100132.0,418
202601221115,99938.0,100521.0,99938.0,100424.0,210
202601221130,100424.0,101978.0,100327.0,101298.0,3351
202601221145,101492.0,101589.0,101104.0,101589.0,476
202601221200,101395.0,101783.0,101201.0,101686.0,559
202601221215,101686.0,101783.0,101201.0,101783.0,518
202601221230,101589.0,101881.0,101492.0,101881.0,637
202601221245,101686.0,102560.0,101589.0,101978.0,1502
202601221300,101978.0,102269.0,101589.0,101978.0,399
202601221315,101881.0,102172.0,101492.0,101686.0,544
202601221330,101686.0,101881.0,101589.0,101686.0,398
202601221345,101686.0,102075.0,101686.0,101881.0,677
202601221400,101881.0,102075.0,101589.0,101978.0,627
202601221415,101978.0,102075.0,101492.0,101881.0,814
202601221430,101492.0,102075.0,101492.0,102075.0,775
202601221445,101978.0,101978.0,101395.0,101589.0,744
202601221500,101395.0,101686.0,101395.0,101589.0,820
202601221515,101686.0,101783.0,101298.0,101783.0,680
202601230900,101783.0,102075.0,101201.0,101881.0,458
202601230915,101978.0,102269.0,101881.0,102172.0,419
202601230930,102075.0,102075.0,101492.0,101686.0,368
202601230945,101783.0,102075.0,101492.0,102075.0,475
202601231000,102075.0,102269.0,101978.0,102269.0,319
202601231015,102172.0,102463.0,102075.0,102269.0,275
202601231030,102366.0,102560.0,102269.0,102463.0,560
202601231045,102463.0,102560.0,102269.0,102366.0,275
202601231100,102269.0,102658.0,102172.0,102269.0,931
202601231115,102172.0,102560.0,102075.0,102560.0,358
202601231130,102366.0,102755.0,102366.0,102463.0,262
202601231145,102366.0,102560.0,102075.0,102269.0,171
202601231200,102172.0,102269.0,102172.0,102172.0,198
202601231215,102269.0,102463.0,102172.0,102269.0,360
202601231230,102463.0,102463.0,102269.0,102463.0,204
202601231245,102463.0,102755.0,102463.0,102560.0,214
202601231300,102560.0,102658.0,102366.0,102560.0,219
202601231315,102463.0,102755.0,102366.0,102658.0,280
202601231330,102560.0,103629.0,102172.0,103629.0,1374
202601231345,103532.0,103629.0,102949.0,103337.0,899
202601231400,103143.0,104406.0,102755.0,103823.0,2297
202601231415,103823.0,104309.0,103629.0,104017.0,1646
202601231430,103726.0,104114.0,103532.0,104114.0,1648
202601231445,104114.0,104114.0,103532.0,104114.0,1442
202601231500,103726.0,104114.0,103240.0,103823.0,1830
202601231515,103920.0,104114.0,103337.0,104114.0,658
202601260900,104309.0,105474.0,104212.0,105086.0,1001
202601260915,105086.0,105086.0,104212.0,104406.0,903
202601260930,104309.0,104503.0,104017.0,104503.0,349
202601260945,104503.0,104503.0,104114.0,104309.0,179
202601261000,104309.0,104406.0,103823.0,104309.0,885
202601261015,104212.0,104794.0,104114.0,104697.0,998
202601261030,104794.0,104794.0,104503.0,104600.0,264
202601261045,104697.0,104891.0,104600.0,104794.0,417
202601261100,104794.0,104794.0,104114.0,104406.0,423
202601261115,104309.0,104988.0,104114.0,104988.0,826
202601261130,104891.0,105668.0,104503.0,105183.0,2021
202601261145,105280.0,105280.0,104891.0,105183.0,677
202601261200,105183.0,105571.0,105183.0,105571.0,526
202601261215,105571.0,105668.0,105377.0,105474.0,302
202601261230,105474.0,105571.0,105183.0,105474.0,702
202601261245,105377.0,105765.0,105377.0,105668.0,525
202601261300,105668.0,105960.0,105474.0,105571.0,731
202601261315,105668.0,106057.0,105377.0,105668.0,1322
202601261330,105668.0,105765.0,105377.0,105377.0,491
202601261345,105377.0,105571.0,105086.0,105086.0,667
202601261400,105086.0,105571.0,104988.0,105377.0,636
202601261415,105377.0,105571.0,105280.0,105377.0,539
202601261430,105377.0,105668.0,105377.0,105377.0,509
202601261445,105377.0,105571.0,104891.0,105280.0,1934
202601261500,105377.0,105377.0,104988.0,105086.0,507
202601261515,105086.0,105183.0,104697.0,104697.0,589
202601270900,104114.0,106154.0,104114.0,105474.0,3447
202601270915,105571.0,105960.0,104988.0,105765.0,543
202601270930,105571.0,105668.0,104406.0,104406.0,695
202601270945,104309.0,104309.0,103532.0,103629.0,672
202601271000,103629.0,104406.0,103532.0,104212.0,515
202601271015,104212.0,104697.0,103823.0,104406.0,579
202601271030,104406.0,104503.0,103823.0,104212.0,298
202601271045,104406.0,105377.0,103823.0,105183.0,992
202601271100,105183.0,105377.0,105086.0,105280.0,788
202601271115,105183.0,105377.0,104988.0,105280.0,744
202601271130,105280.0,105668.0,105086.0,105571.0,999
202601271145,105571.0,105571.0,105280.0,105571.0,851
202601271200,105571.0,106445.0,105474.0,106348.0,1874
202601271215,106251.0,106348.0,105863.0,105863.0,933
202601271230,105863.0,106542.0,105863.0,106542.0,1096
202601271245,106542.0,107028.0,106445.0,106737.0,1756
202601271300,106737.0,107028.0,106640.0,106737.0,932
202601271315,106640.0,106834.0,106542.0,106737.0,939
202601271330,106737.0,106931.0,106640.0,106834.0,1132
202601271345,106931.0,107319.0,106445.0,106542.0,2227
202601271400,106542.0,106737.0,106251.0,106348.0,1542
202601271415,106348.0,106737.0,106251.0,106251.0,1419
202601271430,106348.0,106834.0,106251.0,106542.0,1602
202601271445,106542.0,106834.0,106348.0,106834.0,1966
202601271500,106834.0,107028.0,106737.0,107028.0,1487
202601271515,107028.0,107028.0,106640.0,106640.0,493
202601280900,106640.0,107028.0,106251.0,106542.0,510
202601280915,106348.0,106834.0,106251.0,106251.0,649
202601280930,106348.0,106834.0,105863.0,105960.0,1106
202601280945,105960.0,106057.0,105086.0,105474.0,874
202601281000,105474.0,105474.0,105086.0,105280.0,547
202601281015,105183.0,105474.0,104891.0,105183.0,1653
202601281030,105183.0,105474.0,105086.0,105280.0,496
202601281045,105086.0,105571.0,104988.0,105377.0,782
202601281100,105183.0,106640.0,105086.0,105474.0,2559
202601281115,105474.0,105863.0,105377.0,105474.0,429
202601281130,105377.0,105765.0,105377.0,105571.0,359
202601281145,105377.0,105765.0,105377.0,105474.0,383
202601281200,105571.0,105765.0,105377.0,105765.0,315
202601281215,105571.0,105668.0,105377.0,105474.0,348
202601281230,105474.0,105668.0,105377.0,105474.0,397
202601281245,105474.0,105668.0,105474.0,105571.0,315
202601281300,105571.0,105668.0,105377.0,105474.0,370
202601281315,105474.0,105668.0,105377.0,105474.0,361
202601281330,105668.0,105765.0,105377.0,105571.0,507
202601281345,105571.0,105765.0,105086.0,105377.0,1844
202601281400,105183.0,105377.0,104988.0,105280.0,1219
202601281415,104988.0,105280.0,104988.0,105280.0,819
202601281430,105086.0,105280.0,104891.0,104891.0,1834
202601281445,104891.0,105280.0,104891.0,105086.0,960
202601281500,105086.0,105086.0,104891.0,104891.0,783
202601281515,104988.0,104988.0,104891.0,104891.0,1648
202601290900,105280.0,105377.0,103920.0,105280.0,1501
202601290915,105377.0,105377.0,104406.0,104406.0,187
202601290930,104503.0,105377.0,102463.0,104988.0,2026
202601290945,104891.0,105280.0,104309.0,104891.0,384
202601291000,104891.0,105765.0,104891.0,105765.0,383
202601291015,105474.0,105668.0,104794.0,105474.0,279
202601291030,105280.0,106640.0,105280.0,105668.0,1076
202601291045,105863.0,106640.0,105668.0,105960.0,1126
202601291100,105863.0,106348.0,105863.0,106348.0,142
202601291115,106348.0,106445.0,105960.0,106057.0,197
202601291130,106057.0,106542.0,105960.0,106348.0,211
202601291145,106251.0,106931.0,106251.0,106445.0,780
202601291200,106445.0,106737.0,106154.0,106445.0,106
202601291215,106640.0,106834.0,105863.0,106348.0,653
202601291230,105960.0,106834.0,105960.0,106542.0,555
202601291245,106445.0,106640.0,105960.0,106348.0,305
202601291300,106348.0,106542.0,106154.0,106445.0,154
202601291315,106154.0,106542.0,105960.0,106154.0,207
202601291330,106251.0,107319.0,106154.0,106931.0,1327
202601291345,107125.0,107222.0,106445.0,106834.0,650
202601291400,106834.0,107028.0,106251.0,106445.0,608
202601291415,106445.0,106834.0,106154.0,106640.0,955
202601291430,106542.0,106834.0,106445.0,106640.0,747
202601291445,106640.0,106834.0,106348.0,106640.0,913
202601291500,106640.0,107125.0,106348.0,106542.0,2424
202601291515,106931.0,107028.0,106348.0,106348.0,460
202601300900,105571.0,106542.0,105377.0,105960.0,456
202601300915,105863.0,106348.0,105280.0,105377.0,524
202601300930,105280.0,106737.0,105183.0,105280.0,350
202601300945,105377.0,107028.0,105086.0,106445.0,1213
202601301000,106445.0,106834.0,105960.0,106154.0,504
202601301015,106251.0,106348.0,105765.0,106057.0,403
202601301030,105960.0,105960.0,105377.0,105474.0,290
202601301045,105377.0,106834.0,105183.0,105863.0,505
202601301100,105668.0,106057.0,105474.0,105571.0,345
202601301115,105668.0,105863.0,105086.0,105086.0,533
202601301130,105086.0,105863.0,104988.0,105765.0,434
202601301145,105863.0,106542.0,105668.0,105960.0,338
202601301200,106154.0,106348.0,105960.0,106154.0,409
202601301215,106251.0,106348.0,106057.0,106057.0,295
202601301230,106154.0,106154.0,105765.0,106154.0,275
202601301245,106057.0,106154.0,105863.0,106057.0,263
202601301300,106154.0,106348.0,106057.0,106348.0,319
202601301315,106251.0,107125.0,106251.0,107028.0,1309
202601301330,107028.0,107319.0,107028.0,107319.0,574
202601301345,107222.0,107319.0,106640.0,106931.0,922
202601301400,106834.0,107125.0,106640.0,107125.0,638
202601301415,106931.0,107125.0,106640.0,106931.0,810
202601301430,107028.0,107125.0,106542.0,106737.0,716
202601301445,106737.0,106834.0,106640.0,106834.0,695
202601301500,106834.0,106834.0,106445.0,106445.0,693
202601301515,106445.0,106542.0,105571.0,105571.0,355
202602020900,104309.0,105863.0,103823.0,104309.0,465
202602020915,104794.0,105280.0,104794.0,105280.0,296
202602020930,104891.0,105183.0,104697.0,105183.0,209
202602020945,105183.0,105377.0,104697.0,104891.0,489
202602021000,104891.0,105377.0,104309.0,104309.0,803
202602021015,104309.0,104406.0,103920.0,103920.0,289
202602021030,103920.0,104212.0,103143.0,103337.0,1139
202602021045,103629.0,104212.0,103629.0,103726.0,266
202602021100,103726.0,103920.0,103435.0,103435.0,215
202602021115,103532.0,103726.0,103046.0,103726.0,345
202602021130,103726.0,103920.0,103435.0,103629.0,164
202602021145,103532.0,103629.0,103046.0,103240.0,274
202602021200,103240.0,103532.0,103143.0,103435.0,200
202602021215,103435.0,103629.0,103143.0,103143.0,537
202602021230,103240.0,103337.0,102949.0,102949.0,744
202602021245,102949.0,103046.0,102755.0,102755.0,538
202602021300,102755.0,102949.0,102560.0,102658.0,370
202602021315,102658.0,103823.0,102658.0,103726.0,315
202602021330,103726.0,104114.0,103435.0,103920.0,290
202602021345,104114.0,104212.0,103629.0,103629.0,273
202602021400,103629.0,104017.0,103629.0,103823.0,235
202602021415,103629.0,103823.0,103240.0,103240.0,162
202602021430,103435.0,103629.0,102560.0,103046.0,707
202602021445,103046.0,103046.0,102755.0,102852.0,207
202602021500,102949.0,102949.0,102755.0,102755.0,232
202602021515,102755.0,102949.0,102658.0,102949.0,253
202602030900,104017.0,104406.0,102949.0,103143.0,259
202602030915,103046.0,103629.0,103046.0,103532.0,242
202602030930,103532.0,103726.0,103240.0,103435.0,177
202602030945,103435.0,103823.0,103240.0,103240.0,776
202602031000,103289.0,103337.0,103046.0,103046.0,185
202602031015,103046.0,103532.0,103046.0,103386.0,217
202602031030,103386.0,103726.0,103240.0,103726.0,594
202602031045,103435.0,104309.0,103337.0,103629.0,594
202602031100,103483.0,103726.0,103337.0,103532.0,244
202602031115,103532.0,103726.0,103337.0,103435.0,377
202602031130,103435.0,103726.0,103337.0,103435.0,188
202602031145,103337.0,103532.0,103240.0,103532.0,184
202602031200,103337.0,103629.0,103337.0,103532.0,172
202602031215,103532.0,103726.0,103435.0,103629.0,261
202602031230,103726.0,104212.0,103629.0,103823.0,395
202602031245,103726.0,104212.0,103726.0,103823.0,225
202602031300,103823.0,104114.0,103726.0,104114.0,251
202602031315,104017.0,104114.0,103726.0,104017.0,205
202602031330,104017.0,104114.0,103726.0,103726.0,228
202602031345,103823.0,104017.0,103532.0,103920.0,424
202602031400,103920.0,103920.0,103532.0,103920.0,187
202602031415,103629.0,104503.0,103629.0,104017.0,387
202602031430,103920.0,104114.0,103532.0,103629.0,201
202602031445,103629.0,104600.0,103532.0,104600.0,1294
202602031500,104600.0,105765.0,104212.0,105474.0,930
202602031515,105474.0,105571.0,104406.0,104891.0,429
202602040900,104697.0,105280.0,104309.0,104600.0,361
202602040915,104406.0,104406.0,104017.0,104114.0,199
202602040930,104114.0,105377.0,104017.0,104794.0,491
202602040945,104794.0,104794.0,104114.0,104503.0,2147
202602041000,104600.0,105280.0,104212.0,104794.0,366
202602041015,104794.0,105377.0,104600.0,104697.0,282
202602041030,104794.0,105183.0,104212.0,104794.0,559
202602041045,104794.0,105474.0,104309.0,104794.0,1033
202602041100,104794.0,105183.0,104309.0,104600.0,739
202602041115,104600.0,104794.0,104212.0,104309.0,657
202602041130,104309.0,104697.0,104212.0,104503.0,689
202602041145,104503.0,104794.0,104212.0,104406.0,655
202602041200,104503.0,104794.0,104406.0,104697.0,799
202602041215,104697.0,105377.0,104503.0,105086.0,420
202602041230,105086.0,105377.0,105086.0,105086.0,465
202602041245,105086.0,105280.0,104891.0,104988.0,966
202602041300,105086.0,105183.0,104794.0,104794.0,254
202602041315,104891.0,105183.0,104891.0,105183.0,262
202602041330,105086.0,105280.0,104794.0,105086.0,1226
202602041345,105086.0,105280.0,104309.0,104988.0,656
202602041400,104988.0,105280.0,104891.0,105086.0,333
202602041415,105183.0,105571.0,105086.0,105474.0,686
202602041430,105377.0,105668.0,105183.0,105474.0,457
202602041445,105474.0,105571.0,105280.0,105474.0,465
202602041500,105571.0,105571.0,105183.0,105183.0,317
202602041515,105474.0,105474.0,104891.0,105280.0,434
202602050900,104600.0,106057.0,104406.0,105183.0,332
202602050915,105183.0,105474.0,104600.0,105474.0,306
202602050930,105280.0,105280.0,104697.0,104891.0,138
202602050945,104891.0,105474.0,104697.0,104988.0,129
202602051000,104988.0,105280.0,104891.0,105086.0,197
202602051015,105183.0,105377.0,104891.0,105280.0,232
202602051030,105280.0,106154.0,105280.0,105765.0,1008
202602051045,105765.0,105863.0,105474.0,105474.0,247
202602051100,105571.0,105571.0,105086.0,105086.0,284
202602051115,105183.0,105571.0,104891.0,105377.0,307
202602051130,105571.0,105668.0,105377.0,105474.0,245
202602051145,105474.0,105571.0,104988.0,105086.0,271
202602051200,105086.0,105668.0,104794.0,105183.0,366
202602051215,105377.0,105668.0,105377.0,105474.0,705
202602051230,105474.0,105571.0,105086.0,105377.0,246
202602051245,105280.0,105571.0,105086.0,105183.0,756
202602051300,105183.0,105474.0,104891.0,105280.0,233
202602051315,105377.0,105668.0,104891.0,105571.0,930
202602051330,105377.0,105863.0,105280.0,105863.0,522
202602051345,105765.0,106542.0,105668.0,106348.0,906
202602051400,106251.0,106251.0,105183.0,105231.0,533
202602051415,105183.0,105765.0,104891.0,105183.0,1252
202602051430,105280.0,105960.0,104794.0,105086.0,3632
202602051445,105086.0,105474.0,104988.0,104988.0,1429
202602051500,105183.0,105280.0,104988.0,104988.0,709
202602051515,104988.0,105765.0,104988.0,105474.0,569
202602060900,103532.0,103532.0,101492.0,101589.0,4111
202602060915,101686.0,102366.0,101589.0,101978.0,614
202602060930,102172.0,102560.0,102172.0,102366.0,183
202602060945,102366.0,103046.0,102172.0,102852.0,241
202602061000,102852.0,103240.0,102755.0,102852.0,193
202602061015,102852.0,103240.0,102658.0,103143.0,398
202602061030,103143.0,103726.0,103143.0,103337.0,301
202602061045,103532.0,103629.0,103240.0,103435.0,169
202602061100,103337.0,103920.0,103143.0,103920.0,374
202602061115,104309.0,104406.0,103823.0,104212.0,190
202602061130,103920.0,104406.0,103920.0,104309.0,125
202602061145,104212.0,104406.0,103435.0,103435.0,565
202602061200,103629.0,104017.0,103435.0,103823.0,250
202602061215,103726.0,103920.0,103726.0,103823.0,125
202602061230,103726.0,104017.0,103435.0,103629.0,505
202602061245,103629.0,104066.0,103435.0,103823.0,162
202602061300,103920.0,104309.0,103629.0,103726.0,148
202602061315,103726.0,103920.0,103435.0,103629.0,183
202602061330,103435.0,103726.0,103143.0,103143.0,239
202602061345,103240.0,103337.0,103046.0,103046.0,430
202602061400,103046.0,103143.0,102560.0,102658.0,720
202602061415,102755.0,102755.0,102463.0,102560.0,216
202602061430,102560.0,103240.0,102463.0,102755.0,543
202602061445,102755.0,103240.0,102560.0,102658.0,274
202602061500,102658.0,103726.0,102658.0,102949.0,139
202602061515,103629.0,103629.0,102949.0,103435.0,265
202602090900,105183.0,105377.0,104406.0,104794.0,339
202602090915,104697.0,105571.0,104406.0,105571.0,391
202602090930,105280.0,106154.0,105280.0,105571.0,1664
202602090945,105571.0,105571.0,105377.0,105474.0,362
202602091000,105474.0,105960.0,105280.0,105571.0,291
202602091015,105863.0,105863.0,105474.0,105668.0,164
202602091030,105474.0,105960.0,105474.0,105960.0,658
202602091045,105960.0,106251.0,105765.0,106154.0,670
202602091100,106251.0,107125.0,106057.0,107125.0,2032
202602091115,107125.0,107125.0,106834.0,106834.0,817
202602091130,106834.0,107125.0,106640.0,107125.0,723
202602091145,107028.0,107125.0,106542.0,106737.0,301
202602091200,106834.0,106834.0,106640.0,106834.0,272
202602091215,106834.0,106834.0,106640.0,106737.0,241
202602091230,106737.0,106834.0,106640.0,106834.0,267
202602091245,106834.0,106834.0,106737.0,106737.0,271
202602091300,106834.0,106931.0,106737.0,106834.0,282
202602091315,106834.0,106834.0,106640.0,106640.0,532
202602091330,106640.0,106640.0,102852.0,103532.0,6680
202602091345,103532.0,103532.0,100327.0,101298.0,7271
202602091400,101298.0,101881.0,100521.0,101783.0,2449
202602091415,101589.0,101978.0,101201.0,101881.0,1751
202602091430,101881.0,102463.0,101686.0,102366.0,1542
202602091445,102463.0,102852.0,101978.0,102560.0,2888
202602091500,102560.0,102852.0,102172.0,102366.0,1239
202602091515,102463.0,102463.0,101686.0,102075.0,727
202602100900,102755.0,103337.0,101881.0,101978.0,966
202602100915,101978.0,103240.0,101978.0,103046.0,597
202602100930,103337.0,104988.0,103046.0,104600.0,3773
202602100945,104503.0,105377.0,104114.0,105086.0,2281
202602101000,105086.0,105377.0,104697.0,105280.0,1546
202602101015,105377.0,105377.0,104017.0,104114.0,1390
202602101030,104212.0,104600.0,103435.0,104600.0,974
202602101045,104600.0,104891.0,104114.0,104503.0,1148
202602101100,104503.0,105183.0,104503.0,105183.0,731
202602101115,105183.0,105377.0,104309.0,105377.0,1781
202602101130,105377.0,105377.0,105086.0,105280.0,486
202602101145,105280.0,105280.0,105086.0,105280.0,596
202602101200,105183.0,105377.0,104600.0,105183.0,1135
202602101215,105183.0,105280.0,104600.0,105280.0,626
202602101230,105280.0,105377.0,105086.0,105280.0,667
202602101245,105280.0,105377.0,105086.0,105377.0,680
202602101300,105377.0,105377.0,105086.0,105086.0,560
202602101315,105183.0,105571.0,104697.0,105571.0,2300
202602101330,105571.0,105765.0,105474.0,105765.0,824
202602101345,105668.0,106057.0,105571.0,106057.0,944
202602101400,105960.0,106057.0,105668.0,105863.0,395
202602101415,105863.0,106057.0,105668.0,106057.0,636
202602101430,106057.0,106154.0,105765.0,105960.0,1044
202602101445,106057.0,106154.0,105765.0,105863.0,919
202602101500,106057.0,106057.0,105571.0,105571.0,796
202602101515,105571.0,105960.0,105571.0,105863.0,411
202602110900,105668.0,106057.0,104794.0,105960.0,201
202602110915,105765.0,106057.0,105474.0,106057.0,133
202602110930,105765.0,106057.0,104988.0,105183.0,1270
202602110945,105183.0,105377.0,104988.0,105086.0,466
202602111000,105086.0,105474.0,104988.0,105280.0,751
202602111015,105183.0,105377.0,105086.0,105280.0,595
202602111030,105377.0,105571.0,105183.0,105571.0,660
202602111045,105474.0,105960.0,105377.0,105765.0,496
202602111100,105814.0,105863.0,105571.0,105668.0,439
202602111115,105717.0,105863.0,105571.0,105863.0,340
202602111130,105814.0,105863.0,105474.0,105863.0,536
202602111145,105814.0,105960.0,105668.0,105814.0,505
202602111200,105814.0,105960.0,105668.0,105960.0,312
202602111215,105960.0,105960.0,105668.0,105863.0,300
202602111230,105960.0,106057.0,105765.0,105863.0,305
202602111245,106057.0,106154.0,105863.0,106154.0,330
202602111300,105960.0,106348.0,105765.0,105765.0,427
202602111315,105814.0,105863.0,105474.0,105474.0,1302
202602111330,105474.0,105668.0,105280.0,105571.0,673
202602111345,105523.0,106057.0,105377.0,105960.0,512
202602111400,105863.0,106348.0,105668.0,106251.0,768
202602111415,106251.0,106348.0,105765.0,106057.0,846
202602111430,106057.0,106348.0,105960.0,106251.0,731
202602111445,106348.0,106348.0,106057.0,106251.0,810
202602111500,106348.0,106445.0,105571.0,106445.0,849
202602111515,106445.0,106445.0,105668.0,105863.0,370
202602120900,106154.0,106737.0,105474.0,105668.0,292
202602120915,105863.0,106542.0,105863.0,106251.0,289
202602120930,106251.0,106445.0,106057.0,106445.0,171
202602120945,106445.0,106834.0,106154.0,106834.0,518
202602121000,106834.0,108291.0,106737.0,108194.0,2735
202602121015,108291.0,108291.0,107708.0,107999.0,493
202602121030,107999.0,107999.0,107028.0,107514.0,1289
202602121045,107514.0,107514.0,106834.0,107028.0,439
202602121100,107028.0,107319.0,106931.0,107125.0,343
202602121115,107222.0,107514.0,106154.0,107514.0,372
202602121130,107417.0,107514.0,106251.0,107319.0,412
202602121145,107319.0,107514.0,107125.0,107319.0,278
202602121200,107417.0,107805.0,107319.0,107611.0,394
202602121215,107805.0,107805.0,107319.0,107417.0,260
202602121230,107514.0,107708.0,107417.0,107611.0,233
202602121245,107611.0,107708.0,107319.0,107708.0,267
202602121300,107708.0,107805.0,107417.0,107708.0,217
202602121315,107708.0,107805.0,107514.0,107708.0,249
202602121330,107708.0,107708.0,107319.0,107319.0,371
202602121345,107319.0,107417.0,107028.0,107222.0,323
202602121400,107222.0,107417.0,106931.0,107125.0,214
202602121415,107222.0,107319.0,106834.0,106931.0,303
202602121430,106931.0,107028.0,106737.0,106737.0,255
202602121445,106834.0,107125.0,106737.0,106737.0,522
202602121500,106834.0,106931.0,106640.0,106931.0,633
202602121515,106737.0,107611.0,106737.0,107611.0,640
202602130900,106154.0,106834.0,105960.0,105960.0,877
202602130915,105960.0,106640.0,105668.0,106542.0,412
202602130930,106445.0,106931.0,106057.0,106542.0,163
202602130945,106154.0,106542.0,105765.0,106154.0,586
202602131000,106154.0,106542.0,105863.0,106251.0,182
202602131015,106251.0,106640.0,106251.0,106445.0,175
202602131030,106542.0,106542.0,106251.0,106445.0,155
202602131045,106445.0,106445.0,105960.0,106154.0,219
202602131100,106251.0,106542.0,106154.0,106348.0,157
202602131115,106348.0,106640.0,106057.0,106640.0,386
202602131130,106542.0,106542.0,106154.0,106348.0,90
202602131145,106445.0,106445.0,105960.0,106057.0,161
202602131200,106105.0,106348.0,106057.0,106251.0,127
202602131215,106300.0,106348.0,106154.0,106154.0,91
202602131230,106154.0,106445.0,105960.0,105960.0,232
202602131245,106057.0,106154.0,105960.0,105960.0,179
202602131300,106057.0,106154.0,105863.0,106154.0,259
202602131315,106105.0,106348.0,106057.0,106154.0,145
202602131330,106154.0,106348.0,106057.0,106251.0,191
202602131345,106251.0,106542.0,106057.0,106542.0,301
202602131400,106445.0,106542.0,105960.0,106251.0,260
202602131415,106251.0,106834.0,106057.0,106640.0,578
202602131430,106542.0,107514.0,106154.0,107222.0,3325
202602131445,107125.0,107417.0,106348.0,106834.0,2910
202602131500,106737.0,107611.0,106251.0,107319.0,2827
202602131515,107611.0,107611.0,106348.0,107514.0,712
202602190900,108679.0,111399.0,107902.0,109845.0,7665
202602190915,109747.0,110330.0,109747.0,110039.0,970
202602190930,109942.0,109942.0,109262.0,109747.0,765
202602190945,109553.0,109747.0,109165.0,109262.0,165
202602191000,109456.0,109747.0,109068.0,109747.0,264
202602191015,109747.0,109942.0,109359.0,109747.0,367
202602191030,109747.0,111690.0,109650.0,111010.0,2936
202602191045,110816.0,110913.0,110719.0,110719.0,267
202602191100,110816.0,111301.0,110719.0,110816.0,880
202602191115,111010.0,111301.0,110913.0,111301.0,381
202602191130,111204.0,112661.0,111010.0,111787.0,1231
202602191145,111593.0,113341.0,111593.0,112661.0,1260
202602191200,112661.0,112661.0,111690.0,111787.0,391
202602191215,111787.0,111981.0,111593.0,111690.0,483
202602191230,111884.0,113147.0,111593.0,112758.0,912
202602191245,112467.0,112564.0,111981.0,112175.0,405
202602191300,111981.0,112175.0,111690.0,111981.0,349
202602191315,111884.0,112855.0,111787.0,112467.0,586
202602191330,112467.0,112467.0,111981.0,112273.0,335
202602191345,112273.0,112273.0,111884.0,112078.0,273
202602191400,112175.0,112467.0,111787.0,111981.0,857
202602191415,111884.0,112273.0,111690.0,111981.0,891
202602191430,111981.0,112370.0,111787.0,111884.0,1087
202602191445,111787.0,112758.0,111690.0,112564.0,1074
202602191500,112467.0,112564.0,111787.0,112175.0,770
202602191515,112175.0,112273.0,112175.0,112273.0,525
202602200900,111981.0,112078.0,111301.0,111981.0,76
202602200915,111981.0,113438.0,111690.0,113147.0,1067
202602200930,113438.0,113729.0,112370.0,112661.0,564
202602200945,112370.0,113244.0,112273.0,112564.0,453
202602201000,112564.0,113341.0,112370.0,113050.0,604
202602201015,113050.0,113924.0,112855.0,113729.0,603
202602201030,113632.0,113924.0,113050.0,113924.0,320
202602201045,113729.0,114118.0,112855.0,112952.0,432
202602201100,112952.0,113244.0,112855.0,112952.0,430
202602201115,112952.0,112952.0,112370.0,112855.0,762
202602201130,112758.0,112855.0,112273.0,112564.0,175
202602201145,112564.0,112855.0,112467.0,112758.0,215
202602201200,112758.0,113147.0,112370.0,113050.0,398
202602201215,112855.0,113050.0,112758.0,112855.0,415
202602201230,113050.0,113244.0,112855.0,112952.0,200
202602201245,112855.0,113244.0,112855.0,113147.0,230
202602201300,113050.0,113050.0,112758.0,112855.0,215
202602201315,112952.0,113147.0,112661.0,113147.0,371
202602201330,112952.0,113147.0,112564.0,112758.0,268
202602201345,112564.0,113147.0,112467.0,112758.0,201
202602201400,112758.0,114312.0,112467.0,113924.0,1378
202602201415,113924.0,114604.0,113924.0,114604.0,2262
202602201430,114604.0,115283.0,114409.0,114798.0,4677
202602201445,114798.0,114992.0,114215.0,114215.0,2877
202602201500,114409.0,115089.0,114215.0,115089.0,2649
202602201515,114798.0,115089.0,114312.0,114312.0,1210
202602230900,115478.0,116546.0,115089.0,116255.0,929
202602230915,116546.0,116546.0,115381.0,115575.0,305
202602230930,115672.0,115963.0,115381.0,115575.0,368
202602230945,115575.0,116060.0,115283.0,116060.0,985
202602231000,116060.0,116546.0,116060.0,116352.0,804
202602231015,116546.0,117032.0,116449.0,116740.0,1475
202602231030,116837.0,116837.0,116449.0,116546.0,469
202602231045,116546.0,116546.0,116352.0,116352.0,313
202602231100,116352.0,116643.0,115866.0,116546.0,678
202602231115,116546.0,116740.0,116352.0,116449.0,448
202602231130,116352.0,116740.0,116255.0,116740.0,734
202602231145,116643.0,116837.0,116449.0,116546.0,575
202602231200,116546.0,116934.0,116546.0,116837.0,722
202602231215,116740.0,117032.0,116255.0,116740.0,748
202602231230,116934.0,117032.0,116643.0,116934.0,455
202602231245,116934.0,117420.0,116934.0,117323.0,801
202602231300,117323.0,117420.0,116934.0,116934.0,484
202602231315,116934.0,117420.0,116740.0,117226.0,470
202602231330,117226.0,117420.0,116837.0,117032.0,566
202602231345,117032.0,117323.0,116934.0,117323.0,605
202602231400,117323.0,117420.0,116934.0,117032.0,406
202602231415,117129.0,117226.0,116449.0,116934.0,789
202602231430,116934.0,117226.0,116546.0,116934.0,267
202602231445,116934.0,117226.0,116546.0,116546.0,432
202602231500,116546.0,116837.0,116352.0,116449.0,381
202602231515,116643.0,117032.0,116157.0,117032.0,609
202602240900,118003.0,118974.0,117226.0,117226.0,1204
202602240915,117226.0,117517.0,117032.0,117323.0,855
202602240930,117226.0,117517.0,116934.0,117226.0,702
202602240945,117129.0,117323.0,117032.0,117226.0,550
202602241000,117226.0,117323.0,116546.0,116740.0,782
202602241015,116740.0,117226.0,116546.0,117032.0,617
202602241030,116643.0,117032.0,116546.0,116934.0,369
202602241045,116837.0,117323.0,116837.0,117323.0,443
202602241100,117032.0,117129.0,116546.0,116643.0,463
202602241115,116546.0,117129.0,116546.0,116934.0,489
202602241130,116934.0,117129.0,116837.0,117032.0,431
202602241145,117129.0,117226.0,117032.0,117032.0,294
202602241200,117032.0,117323.0,117032.0,117226.0,385
202602241215,117226.0,117226.0,117032.0,117129.0,304
202602241230,117129.0,117226.0,117032.0,117032.0,273
202602241245,117032.0,117323.0,117032.0,117226.0,269
202602241300,117226.0,117323.0,116934.0,117226.0,603
202602241315,117226.0,117226.0,117032.0,117226.0,411
202602241330,117129.0,117420.0,117032.0,117323.0,601
202602241345,117323.0,117906.0,117226.0,117711.0,472
202602241400,117711.0,117809.0,117420.0,117809.0,293
202602241415,117711.0,117906.0,117420.0,117711.0,406
202602241430,117614.0,117809.0,117226.0,117226.0,446
202602241445,117323.0,117323.0,117032.0,117226.0,629
202602241500,117226.0,117226.0,116934.0,117032.0,397
202602241515,117032.0,117129.0,116449.0,116449.0,877
202602250900,117129.0,117420.0,116449.0,116546.0,548
202602250915,116449.0,116934.0,116157.0,116255.0,507
202602250930,116060.0,116546.0,116060.0,116060.0,689
202602250945,116255.0,116546.0,114798.0,115672.0,1994
202602251000,115672.0,115769.0,114798.0,115672.0,1310
202602251015,115478.0,116449.0,115478.0,115769.0,605
202602251030,115769.0,116449.0,115283.0,116060.0,707
202602251045,115672.0,116060.0,115381.0,116060.0,447
202602251100,115866.0,116449.0,115866.0,116157.0,440
202602251115,116060.0,116449.0,115866.0,116255.0,337
202602251130,116157.0,116546.0,116157.0,116449.0,607
202602251145,116157.0,116546.0,115866.0,115963.0,413
202602251200,115866.0,116546.0,115866.0,116255.0,398
202602251215,116255.0,116546.0,116157.0,116449.0,436
202602251230,116546.0,116643.0,116449.0,116643.0,210
202602251245,116449.0,116546.0,116449.0,116546.0,204
202602251300,116546.0,117032.0,116449.0,117032.0,846
202602251315,117032.0,117906.0,116837.0,117517.0,661
202602251330,117517.0,118100.0,117517.0,117614.0,425
202602251345,117614.0,118391.0,117517.0,118197.0,437
202602251400,118100.0,118391.0,118003.0,118003.0,519
202602251415,118197.0,118391.0,117517.0,117614.0,760
202602251430,117614.0,117809.0,117032.0,117323.0,1907
202602251445,117226.0,117809.0,117032.0,117226.0,1386
202602251500,117323.0,117323.0,116740.0,116934.0,1355
202602251515,116837.0,117129.0,116837.0,117129.0,531
202602260900,116643.0,118197.0,116352.0,116449.0,617
202602260915,116449.0,119071.0,116449.0,117129.0,1651
202602260930,117129.0,117711.0,115963.0,116643.0,787
202602260945,116740.0,116740.0,115769.0,116449.0,739
202602261000,116449.0,117420.0,116352.0,117032.0,431
202602261015,117226.0,117420.0,116837.0,116837.0,302
202602261030,116837.0,117323.0,116643.0,117226.0,469
202602261045,117226.0,117517.0,117129.0,117323.0,359
202602261100,117323.0,117323.0,117032.0,117323.0,450
202602261115,117323.0,117323.0,117226.0,117323.0,274
202602261130,117323.0,118100.0,117323.0,118003.0,360
202602261145,118003.0,118003.0,117614.0,118003.0,295
202602261200,118003.0,118100.0,117809.0,117809.0,427
202602261215,117809.0,118100.0,117711.0,118003.0,335
202602261230,117906.0,118003.0,117517.0,117809.0,375
202602261245,117906.0,118003.0,117711.0,117906.0,321
202602261300,117809.0,118100.0,117809.0,118003.0,445
202602261315,117906.0,118003.0,117711.0,118003.0,394
202602261330,118003.0,118100.0,117809.0,117809.0,412
202602261345,117809.0,118003.0,117711.0,117809.0,433
202602261400,117711.0,118003.0,117711.0,117711.0,379
202602261415,117809.0,117906.0,117226.0,117420.0,695
202602261430,117809.0,117906.0,117517.0,117517.0,470
202602261445,117517.0,117809.0,117226.0,117323.0,667
202602261500,117226.0,117323.0,115478.0,116546.0,1199
202602261515,116546.0,117032.0,116157.0,116157.0,435
202602270900,115575.0,115575.0,114118.0,114409.0,678
202602270915,114312.0,115478.0,114118.0,114409.0,947
202602270930,114312.0,114506.0,113535.0,113535.0,578
202602270945,113535.0,113632.0,112952.0,113341.0,443
202602271000,113535.0,113535.0,112855.0,113050.0,320
202602271015,113147.0,113535.0,112855.0,113147.0,186
202602271030,113147.0,113341.0,112952.0,113341.0,73
202602271045,113050.0,114215.0,113050.0,114215.0,251
202602271100,113827.0,114312.0,113729.0,113827.0,128
202602271115,114215.0,114506.0,114021.0,114215.0,168
202602271130,114312.0,114409.0,114118.0,114118.0,87
202602271145,114021.0,114021.0,113729.0,113827.0,343
202602271200,113827.0,114312.0,113729.0,114021.0,226
202602271215,114312.0,114312.0,113341.0,113729.0,367
202602271230,113729.0,114312.0,113438.0,113924.0,156
202602271245,113924.0,114312.0,113535.0,113535.0,357
202602271300,113632.0,113729.0,113341.0,113632.0,161
202602271315,113632.0,114118.0,113438.0,114118.0,279
202602271330,114118.0,114215.0,113827.0,114118.0,322
202602271345,114118.0,114215.0,113924.0,114118.0,142
202602271400,114215.0,114506.0,113924.0,114409.0,483
202602271415,114409.0,114701.0,114215.0,114312.0,310
202602271430,114312.0,114604.0,114215.0,114409.0,373
202602271445,114409.0,114506.0,114118.0,114118.0,272
202602271500,114118.0,114409.0,113827.0,113924.0,376
202602271515,114021.0,114215.0,113535.0,113535.0,998
202603030900,111301.0,111690.0,109845.0,111010.0,844
202603030915,110622.0,111981.0,110427.0,111884.0,1027
202603030930,111884.0,111981.0,111204.0,111399.0,516
202603030945,111301.0,112078.0,111010.0,111981.0,492
202603031000,111884.0,113147.0,111884.0,113050.0,1012
202603031015,112855.0,113632.0,112758.0,113438.0,433
202603031030,113341.0,113341.0,112855.0,113050.0,283
202603031045,113050.0,113438.0,112661.0,112855.0,480
202603031100,112855.0,112855.0,112564.0,112564.0,336
202603031115,112467.0,112564.0,111884.0,112370.0,270
202603031130,112564.0,112855.0,112467.0,112758.0,443
202603031145,112758.0,112758.0,111981.0,112078.0,435
202603031200,111981.0,112952.0,111787.0,112370.0,660
202603031215,112370.0,112952.0,111690.0,111690.0,683
202603031230,111690.0,112758.0,111301.0,112758.0,658
202603031245,112855.0,113632.0,112758.0,113632.0,642
202603031300,113632.0,113632.0,113147.0,113244.0,789
202603031315,113244.0,114215.0,113147.0,113535.0,390
202603031330,113438.0,113632.0,113050.0,113244.0,480
202603031345,113438.0,114118.0,113147.0,113632.0,2371
202603031400,113535.0,114021.0,113438.0,113729.0,895
202603031415,113827.0,113827.0,113535.0,113632.0,425
202603031430,113632.0,113729.0,113438.0,113535.0,247
202603031445,113438.0,113535.0,112661.0,112661.0,252
202603031500,112758.0,113535.0,112273.0,112467.0,1435
202603031515,112467.0,112661.0,111204.0,111204.0,509
202603040900,108776.0,111593.0,106834.0,109553.0,1709
202603040915,109650.0,110719.0,108679.0,109553.0,634
202603040930,109456.0,110427.0,109165.0,110039.0,556
202603040945,110039.0,110039.0,109068.0,110039.0,367
202603041000,110039.0,110039.0,108096.0,109068.0,992
202603041015,108776.0,109068.0,108096.0,108485.0,526
202603041030,108291.0,109359.0,106348.0,108873.0,1122
202603041045,108970.0,109165.0,108679.0,108776.0,313
202603041100,108970.0,109165.0,106348.0,108679.0,835
202603041115,108582.0,108582.0,107902.0,108194.0,69
202603041145,106445.0,107999.0,101978.0,104988.0,1718
202603041200,105086.0,105668.0,103629.0,104017.0,769
202603041215,104017.0,105280.0,102560.0,103629.0,1331
202603041230,103629.0,104309.0,102560.0,104309.0,1779
202603041245,104212.0,106640.0,103629.0,105571.0,1150
202603041300,105571.0,106542.0,104697.0,106348.0,1538
202603041315,105474.0,108194.0,105183.0,105668.0,1921
202603041330,105668.0,106834.0,102366.0,105863.0,1880
202603041345,105863.0,105863.0,103920.0,105183.0,886
202603041400,104406.0,105086.0,104212.0,104600.0,1575
202603041415,104600.0,104794.0,103143.0,103435.0,1507
202603041430,103435.0,104114.0,103143.0,103435.0,1282
202603041445,103435.0,104212.0,102949.0,103046.0,1487
202603041500,103046.0,103240.0,102560.0,102560.0,1924
202603041515,102560.0,102658.0,102366.0,102366.0,771
202603050900,106348.0,106834.0,104309.0,106057.0,903
202603050915,106348.0,106640.0,104988.0,106154.0,292
202603050930,106251.0,106348.0,104794.0,105086.0,558
202603050945,105086.0,106057.0,105086.0,105863.0,170
202603051000,105863.0,105960.0,104697.0,104891.0,785
202603051015,104794.0,105863.0,104503.0,104600.0,863
202603051030,104600.0,105571.0,104503.0,104891.0,1708
202603051045,104988.0,105571.0,104503.0,104697.0,651
202603051100,104697.0,105571.0,104503.0,104600.0,635
202603051115,104600.0,104794.0,104600.0,104794.0,664
202603051130,104697.0,105086.0,104600.0,104891.0,901
202603051145,104697.0,105474.0,104697.0,104988.0,575
202603051200,105086.0,105960.0,104988.0,105668.0,830
202603051215,105571.0,105960.0,105280.0,105765.0,567
202603051230,105863.0,106057.0,105280.0,105377.0,634
202603051245,105280.0,105668.0,104988.0,105183.0,629
202603051300,105183.0,105668.0,104794.0,104988.0,615
202603051315,105086.0,105863.0,104697.0,104794.0,936
202603051330,104697.0,105960.0,104503.0,105086.0,1058
202603051345,105183.0,105377.0,104891.0,105183.0,1134
202603051400,105086.0,106542.0,104988.0,105086.0,1518
202603051415,105183.0,106445.0,104988.0,105086.0,2222
202603051430,105086.0,105474.0,104794.0,105086.0,2298
202603051445,105183.0,106154.0,104697.0,105183.0,2597
202603051500,105086.0,105863.0,104891.0,105377.0,988
202603051515,105377.0,105571.0,104600.0,104600.0,1082
202603060900,103823.0,104988.0,103240.0,103726.0,812
202603060915,103629.0,104891.0,102949.0,103240.0,1640
202603060930,103337.0,103435.0,102755.0,102949.0,1282
202603060945,102949.0,103532.0,102269.0,102560.0,1285
202603061000,102366.0,103046.0,102075.0,102269.0,850
202603061015,102172.0,102172.0,101007.0,101492.0,5045
202603061030,101589.0,101783.0,101395.0,101686.0,955
202603061045,101686.0,101686.0,101104.0,101298.0,718
202603061100,101201.0,102658.0,101201.0,101881.0,2799
202603061115,101978.0,102075.0,101395.0,101589.0,662
202603061130,101492.0,101589.0,101298.0,101298.0,562
202603061145,101395.0,101589.0,101298.0,101492.0,620
202603061200,101395.0,101783.0,101395.0,101492.0,618
202603061215,101492.0,102075.0,101395.0,101881.0,1372
202603061230,101881.0,101978.0,101492.0,101783.0,653
202603061245,101686.0,101978.0,101492.0,101881.0,506
202603061300,101881.0,101978.0,101589.0,101783.0,529
202603061315,101783.0,102269.0,101492.0,102269.0,567
202603061330,101783.0,102075.0,101589.0,101686.0,621
202603061345,101686.0,101978.0,101492.0,101589.0,608
202603061400,101686.0,102658.0,101492.0,102658.0,756
202603061415,102658.0,103046.0,102172.0,103046.0,1457
202603061430,103046.0,103240.0,102755.0,102949.0,1072
202603061445,102949.0,103726.0,102755.0,103532.0,1388
202603061500,103435.0,103823.0,103143.0,103337.0,578
202603061515,103337.0,103823.0,102852.0,103823.0,185
202603090900,99938.0,100812.0,99647.0,100715.0,813
202603090915,100715.0,100715.0,99938.0,100521.0,745
202603090930,100812.0,102075.0,100812.0,101104.0,257
202603090945,101104.0,101201.0,100230.0,101201.0,543
202603091000,100909.0,101104.0,100327.0,101104.0,1016
202603091015,101201.0,101298.0,100715.0,101104.0,227
202603091030,101007.0,101007.0,100812.0,100812.0,22
202603091100,100812.0,101298.0,100618.0,100715.0,751
202603091115,100715.0,101007.0,100132.0,100909.0,584
202603091130,100909.0,101298.0,100812.0,101007.0,218
202603091145,101007.0,101007.0,100327.0,100424.0,233
202603091200,100424.0,101007.0,100327.0,100812.0,392
202603091215,100909.0,101298.0,100812.0,100909.0,299
202603091230,100812.0,101492.0,100715.0,101007.0,255
202603091245,101007.0,101395.0,101007.0,101201.0,204
202603091300,101298.0,101298.0,100618.0,100618.0,203
202603091315,100618.0,100909.0,100618.0,100715.0,205
202603091330,100715.0,100909.0,100327.0,100521.0,339
202603091345,100327.0,100715.0,100327.0,100327.0,142
202603091400,100424.0,100521.0,100230.0,100521.0,199
202603091415,100521.0,101007.0,100230.0,100618.0,240
202603091430,101007.0,101686.0,101007.0,101298.0,272
202603091445,101007.0,101589.0,101007.0,101201.0,310
202603091500,100909.0,101589.0,100812.0,101589.0,341
202603091515,101589.0,101881.0,100909.0,101881.0,655
202603100900,103920.0,103920.0,103240.0,103823.0,1137
202603100915,103823.0,103823.0,102172.0,102560.0,992
202603100930,102463.0,103046.0,102463.0,103046.0,448
202603100945,103046.0,103143.0,102755.0,103143.0,481
202603101000,103240.0,103629.0,102852.0,103629.0,401
202603101015,103629.0,104309.0,103532.0,104017.0,825
202603101030,104114.0,104212.0,103240.0,103823.0,566
202603101045,103823.0,104309.0,103823.0,104309.0,562
202603101100,104212.0,104406.0,104017.0,104212.0,393
202603101115,104212.0,104406.0,104017.0,104114.0,360
202603101130,104114.0,104212.0,104017.0,104017.0,434
202603101145,104017.0,104017.0,103337.0,103726.0,502
202603101200,103726.0,103823.0,103629.0,103726.0,325
202603101215,103726.0,104114.0,103629.0,104017.0,557
202603101230,104017.0,104114.0,103726.0,103726.0,685
202603101245,103726.0,104114.0,103337.0,104114.0,248
202603101300,103920.0,104212.0,103726.0,104114.0,352
202603101315,104114.0,104212.0,103629.0,104017.0,537
202603101330,104017.0,104212.0,103920.0,104017.0,399
202603101345,104017.0,104212.0,103823.0,104114.0,346
202603101400,104017.0,104309.0,104017.0,104114.0,431
202603101415,104114.0,104309.0,103629.0,104017.0,435
202603101430,103823.0,104309.0,103629.0,104309.0,228
202603101445,104309.0,104503.0,104017.0,104309.0,319
202603101500,104114.0,104794.0,103920.0,104503.0,379
202603101515,104794.0,104891.0,104212.0,104600.0,541
202603110900,106700.0,107000.0,105200.0,105900.0,772
202603110915,106000.0,106000.0,104600.0,105500.0,772
202603110930,105400.0,105900.0,105200.0,105200.0,556
202603110945,105200.0,105800.0,105200.0,105400.0,294
202603111000,105500.0,105600.0,105300.0,105300.0,379
202603111015,105400.0,105400.0,105000.0,105300.0,182
202603111030,105400.0,105600.0,105200.0,105300.0,163
202603111045,105400.0,105900.0,105300.0,105800.0,303
202603111100,105800.0,106200.0,105700.0,106200.0,278
202603111115,106200.0,106200.0,105700.0,105900.0,258
202603111130,105800.0,106100.0,105800.0,106000.0,218
202603111145,106100.0,106200.0,105900.0,106100.0,359
202603111200,106100.0,106200.0,105100.0,106100.0,423
202603111215,106100.0,106500.0,105700.0,106500.0,297
202603111230,106400.0,106400.0,105800.0,106200.0,314
202603111245,106200.0,106500.0,105800.0,105900.0,379
202603111300,106000.0,106400.0,105600.0,106100.0,383
202603111315,106200.0,106200.0,105600.0,106200.0,314
202603111330,106100.0,106300.0,106100.0,106100.0,229
202603111345,106300.0,106300.0,105600.0,105800.0,316
202603111400,105800.0,106300.0,105800.0,106100.0,261
202603111415,106300.0,106300.0,105300.0,106000.0,412
202603111430,106000.0,106100.0,105400.0,105400.0,415
202603111445,105500.0,105900.0,104400.0,104400.0,623
202603111500,104600.0,105100.0,104500.0,105000.0,340
202603111515,105100.0,105800.0,104600.0,105700.0,372
202603120900,104800.0,105000.0,103100.0,103600.0,1171
202603120915,103600.0,103700.0,103000.0,103100.0,681
202603120930,103100.0,103200.0,102900.0,103100.0,879
202603120945,103100.0,103100.0,102600.0,102700.0,1019
202603121000,102700.0,102800.0,102100.0,102100.0,3376
202603121015,102100.0,102200.0,102000.0,102100.0,747
202603121030,102100.0,102400.0,101900.0,102000.0,1237
202603121045,101900.0,102100.0,101600.0,101700.0,1145
202603121100,101800.0,102300.0,101600.0,102300.0,789
202603121115,102200.0,102600.0,102100.0,102400.0,1123
202603121130,102400.0,102500.0,102300.0,102400.0,424
202603121145,102400.0,102600.0,102200.0,102500.0,756
202603121200,102400.0,102600.0,102300.0,102400.0,620
202603121215,102600.0,102800.0,102300.0,102700.0,465
202603121230,102600.0,102900.0,102300.0,102500.0,492
202603121245,102400.0,102700.0,102300.0,102400.0,408
202603121300,102600.0,102600.0,102300.0,102500.0,426
202603121315,102600.0,102800.0,102300.0,102600.0,491
202603121330,102400.0,102600.0,102100.0,102300.0,601
202603121345,102300.0,103500.0,102100.0,103200.0,1557
202603121400,103200.0,104100.0,103100.0,103900.0,1091
202603121415,104000.0,104300.0,103800.0,103900.0,1649
202603121430,104000.0,105400.0,103800.0,104900.0,2930
202603121445,105000.0,105100.0,103800.0,104700.0,2235
202603121500,104300.0,104800.0,103600.0,103900.0,1295
202603121515,103800.0,104300.0,103400.0,104300.0,229
202603130900,102300.0,103800.0,102300.0,103500.0,520
202603130915,103500.0,103500.0,103000.0,103200.0,381
202603130930,103400.0,104200.0,103400.0,103600.0,409
202603130945,103600.0,103700.0,103200.0,103500.0,480
202603131000,103600.0,104500.0,103500.0,104000.0,410
202603131015,104000.0,104300.0,103700.0,104000.0,588
202603131030,104100.0,104700.0,103900.0,104700.0,342
202603131045,104600.0,105100.0,104600.0,104800.0,191
202603131100,104800.0,104900.0,104700.0,104700.0,371
202603131115,104800.0,104800.0,104500.0,104700.0,369
202603131130,104600.0,104700.0,104300.0,104300.0,105
202603131145,104300.0,104500.0,104200.0,104200.0,160
202603131200,104100.0,104300.0,104000.0,104000.0,154
202603131215,104000.0,104600.0,103800.0,104300.0,179
202603131230,104100.0,104200.0,103900.0,103900.0,178
202603131245,103900.0,104200.0,103700.0,103700.0,161
202603131300,103700.0,103900.0,103300.0,103500.0,275
202603131315,103500.0,103600.0,103200.0,103400.0,328
202603131330,103400.0,103500.0,103200.0,103300.0,273
202603131345,103200.0,103400.0,103100.0,103100.0,299
202603131400,103100.0,103200.0,103000.0,103000.0,269
202603131415,103000.0,103200.0,103000.0,103100.0,280
202603131430,103200.0,103400.0,103100.0,103200.0,193
202603131445,103200.0,103300.0,103000.0,103000.0,218
202603131500,103100.0,103100.0,102900.0,103100.0,355
202603131515,103000.0,103200.0,102800.0,103200.0,574
202603160900,102200.0,103600.0,102200.0,103600.0,1180
202603160915,103600.0,103600.0,103000.0,103000.0,123
202603160930,103000.0,103500.0,102600.0,103100.0,274
202603160945,102800.0,103100.0,102700.0,102800.0,165
202603161000,102900.0,102900.0,102100.0,102200.0,875
202603161015,102100.0,102200.0,101700.0,101900.0,427
202603161030,102000.0,102000.0,101800.0,101900.0,308
202603161045,101900.0,102700.0,101900.0,102200.0,423
202603161100,101900.0,102200.0,101900.0,102000.0,312
202603161115,102000.0,102800.0,101800.0,102200.0,323
202603161130,102100.0,102300.0,101800.0,101900.0,616
202603161145,101900.0,102600.0,101800.0,102400.0,381
202603161200,102400.0,102700.0,101900.0,102200.0,413
202603161215,102200.0,102300.0,101900.0,102200.0,246
202603161230,102100.0,102500.0,102000.0,102400.0,273
202603161245,102300.0,102300.0,102000.0,102200.0,273
202603161300,102000.0,102600.0,102000.0,102300.0,381
202603161315,102300.0,102500.0,102100.0,102100.0,495
202603161330,102100.0,102700.0,102100.0,102300.0,519
202603161345,102300.0,102400.0,101900.0,102100.0,378
202603161400,101900.0,102300.0,101900.0,102200.0,224
202603161415,102100.0,102200.0,101800.0,101900.0,198
202603161430,101900.0,102200.0,101800.0,102000.0,231
202603161445,101900.0,102300.0,101800.0,101900.0,286
202603161500,102200.0,102700.0,102000.0,102100.0,489
202603161515,102400.0,103000.0,101700.0,103000.0,930
202603170900,103700.0,103700.0,103000.0,103200.0,496
202603170915,103200.0,103300.0,102700.0,102700.0,931
202603170930,102700.0,103300.0,102700.0,103100.0,157
202603170945,103000.0,103300.0,102900.0,103300.0,116
202603171000,103100.0,103100.0,102700.0,102900.0,50
202603171015,102900.0,103100.0,102800.0,102800.0,174
202603171030,102800.0,103200.0,102800.0,102900.0,169
202603171045,103000.0,103100.0,102900.0,102900.0,88
202603171100,102900.0,103100.0,102800.0,102800.0,343
202603171115,102800.0,102800.0,102600.0,102700.0,182
202603171130,102600.0,102800.0,102600.0,102600.0,76
202603171145,102600.0,102800.0,102600.0,102700.0,84
202603171200,102700.0,102900.0,102700.0,102800.0,93
202603171215,102800.0,103100.0,102800.0,103000.0,133
202603171230,103000.0,103100.0,103000.0,103000.0,99
202603171245,103000.0,103200.0,103000.0,103000.0,269
202603171300,103000.0,103200.0,103000.0,103000.0,202
202603171315,103000.0,103200.0,103000.0,103100.0,170
202603171330,103000.0,103100.0,102900.0,102900.0,108
202603171345,102900.0,103500.0,102900.0,103500.0,399
202603171400,103500.0,104800.0,103400.0,104600.0,907
202603171415,104600.0,104700.0,103600.0,104500.0,1159
202603171430,104500.0,104600.0,103800.0,104500.0,1182
202603171445,104500.0,104500.0,104000.0,104300.0,916
202603171500,104300.0,104500.0,103300.0,103800.0,1079
202603171515,103800.0,104000.0,103500.0,104000.0,321
202603180900,104900.0,104900.0,104000.0,104200.0,164
202603180915,104200.0,104900.0,104100.0,104300.0,773
202603180930,104300.0,104300.0,103800.0,103800.0,579
202603180945,103900.0,104200.0,103700.0,104200.0,448
202603181000,104050.0,104100.0,103700.0,104000.0,406
202603181015,103900.0,104200.0,103800.0,103950.0,505
202603181030,104000.0,104200.0,103900.0,104100.0,267
202603181045,104200.0,104200.0,104000.0,104000.0,296
202603181100,104000.0,104100.0,104000.0,104000.0,270
202603181115,104000.0,104100.0,103800.0,104100.0,707
202603181130,104000.0,104000.0,103800.0,103800.0,183
202603181145,103800.0,104000.0,103700.0,103800.0,464
202603181200,103800.0,103800.0,103600.0,103700.0,248
202603181215,103600.0,103700.0,103500.0,103500.0,392
202603181230,103600.0,103700.0,103500.0,103600.0,360
202603181245,103550.0,103700.0,103400.0,103500.0,523
202603181300,103500.0,103700.0,103400.0,103500.0,261
202603181315,103400.0,103800.0,103150.0,103600.0,642
202603181330,103700.0,104000.0,103650.0,103800.0,449
202603181345,103800.0,103800.0,103700.0,103700.0,515
202603181400,103700.0,103800.0,103500.0,103500.0,204
202603181415,103500.0,103600.0,103300.0,103500.0,346
202603181430,103450.0,103700.0,103450.0,103700.0,430
202603181445,103700.0,104000.0,103500.0,103600.0,589
202603181500,103600.0,103800.0,103500.0,103700.0,221
202603181515,103700.0,103900.0,103600.0,103900.0,457
202603190900,102800.0,102800.0,102300.0,102600.0,815
202603190915,102500.0,102500.0,102200.0,102400.0,657
202603190930,102300.0,102500.0,102100.0,102200.0,603
202603190945,102100.0,102200.0,102000.0,102000.0,401
202603191000,102100.0,102200.0,101900.0,101900.0,1172
202603191015,102100.0,102100.0,101800.0,102100.0,347
202603191030,102000.0,102200.0,102000.0,102000.0,242
202603191045,102000.0,102200.0,102000.0,102000.0,230
202603191100,102200.0,102200.0,102000.0,102000.0,548
202603191115,102100.0,102200.0,102000.0,102000.0,310
202603191130,102000.0,102400.0,102000.0,102100.0,269
202603191145,102100.0,102300.0,101900.0,102000.0,343
202603191200,102000.0,102100.0,101900.0,101900.0,326
202603191215,102000.0,102100.0,101800.0,101800.0,578
202603191230,101900.0,102000.0,101800.0,101900.0,219
202603191245,101800.0,102000.0,101700.0,101700.0,600
202603191300,101800.0,101900.0,101700.0,101900.0,287
202603191315,101800.0,101900.0,101600.0,101700.0,447
202603191330,101600.0,101800.0,101500.0,101600.0,476
202603191345,101600.0,101700.0,101500.0,101600.0,477
202603191400,101600.0,101700.0,101500.0,101500.0,410
202603191415,101500.0,101700.0,101400.0,101600.0,428
202603191430,101400.0,101600.0,101300.0,101400.0,480
202603191445,101400.0,101900.0,101300.0,101600.0,847
202603191500,101300.0,101600.0,101300.0,101400.0,499
202603191515,101400.0,102100.0,101200.0,102100.0,988
202603200900,102000.0,102400.0,101800.0,102100.0,433
202603200915,102100.0,102300.0,101700.0,101700.0,631
202603200930,101900.0,102300.0,101700.0,102000.0,848
202603200945,102000.0,103000.0,102000.0,102700.0,523
202603201000,102500.0,102600.0,102300.0,102400.0,446
202603201015,102200.0,102600.0,102200.0,102600.0,388
202603201030,102600.0,102700.0,102300.0,102500.0,361
202603201045,102500.0,102800.0,102200.0,102500.0,806
202603201100,102500.0,102500.0,102300.0,102400.0,394
202603201115,102400.0,102600.0,102200.0,102400.0,456
202603201130,102300.0,102600.0,102100.0,102200.0,477
202603201145,102200.0,102400.0,102100.0,102300.0,388
202603201200,102200.0,102400.0,102200.0,102300.0,439
202603201215,102200.0,102500.0,102100.0,102300.0,521
202603201230,102400.0,102500.0,102000.0,102100.0,421
202603201245,102150.0,102400.0,102000.0,102100.0,556
202603201300,102100.0,102600.0,102100.0,102400.0,457
202603201315,102400.0,102600.0,102000.0,102200.0,953
202603201330,102200.0,102400.0,102000.0,102100.0,2201
202603201345,102100.0,102100.0,101700.0,101900.0,1051
202603201400,101900.0,101900.0,101700.0,101700.0,1046
202603201415,101700.0,102200.0,101600.0,102000.0,975
202603201430,101900.0,102100.0,101700.0,102100.0,1088
202603201445,102000.0,102300.0,101700.0,101700.0,1215
202603201500,101900.0,102000.0,101600.0,101700.0,1552
202603201515,101700.0,102400.0,101500.0,102400.0,1118
202603230900,100700.0,100900.0,100100.0,100300.0,951
202603230915,100300.0,100500.0,100100.0,100400.0,604
202603230930,100200.0,100400.0,100000.0,100000.0,712
202603230945,100100.0,100300.0,99600.0,99700.0,1092
202603231000,99700.0,99900.0,99600.0,99900.0,386
202603231015,99900.0,100000.0,99600.0,99800.0,411
202603231030,99700.0,99800.0,99600.0,99700.0,323
202603231045,99800.0,99800.0,99100.0,99200.0,894
202603231100,99200.0,99400.0,99100.0,99200.0,661
202603231115,99200.0,99300.0,99100.0,99100.0,461
202603231130,99100.0,99300.0,99000.0,99000.0,586
202603231145,99000.0,99100.0,98700.0,98700.0,666
202603231200,98700.0,98800.0,98500.0,98500.0,667
202603231215,98500.0,98900.0,98400.0,98400.0,752
202603231230,98400.0,98500.0,98300.0,98400.0,426
202603231245,98400.0,98600.0,98300.0,98500.0,463
202603231300,98400.0,98600.0,98300.0,98600.0,412
202603231315,98500.0,98700.0,98300.0,98400.0,347
202603231330,98400.0,98500.0,98300.0,98400.0,415
202603231345,98400.0,98500.0,98200.0,98300.0,592
202603231400,98300.0,99500.0,98200.0,99300.0,592
202603231415,99200.0,99600.0,99000.0,99400.0,906
202603231430,99500.0,99600.0,99000.0,99100.0,802
202603231445,99000.0,99100.0,98800.0,99000.0,790
202603231500,98900.0,99700.0,98400.0,99100.0,919
202603231515,98800.0,100400.0,98300.0,99400.0,823
202603240900,100400.0,100500.0,99700.0,100000.0,489
202603240915,99900.0,100300.0,99600.0,100000.0,314
202603240930,100100.0,100200.0,99900.0,100000.0,367
202603240945,100000.0,100300.0,100000.0,100100.0,192
202603241000,100200.0,100300.0,100000.0,100100.0,229
202603241015,100000.0,100200.0,99900.0,100200.0,289
202603241030,100200.0,100200.0,99500.0,99800.0,509
202603241045,99800.0,99900.0,99200.0,99200.0,601
202603241100,99200.0,99400.0,99200.0,99200.0,446
202603241115,99300.0,100500.0,99200.0,99900.0,589
202603241130,99900.0,99900.0,99600.0,99800.0,227
202603241145,99700.0,99900.0,99700.0,99800.0,183
202603241200,99900.0,99900.0,99800.0,99900.0,143
202603241215,99800.0,100600.0,99800.0,100200.0,358
202603241230,100100.0,100200.0,99700.0,99900.0,528
202603241245,99800.0,100100.0,99800.0,99900.0,219
202603241300,99800.0,99800.0,99200.0,99400.0,875
202603241315,99400.0,99500.0,99200.0,99300.0,498
202603241330,99300.0,99500.0,99200.0,99300.0,561
202603241345,99200.0,99600.0,99200.0,99400.0,587
202603241400,99400.0,99400.0,99000.0,99000.0,646
202603241415,99000.0,99300.0,98900.0,99100.0,615
202603241430,99100.0,99200.0,98800.0,99000.0,599
202603241445,99000.0,99400.0,98900.0,99300.0,708
202603241500,99300.0,99800.0,99300.0,99500.0,912
202603241515,99400.0,100100.0,99400.0,99500.0,1408
202603250900,99600.0,100200.0,99600.0,100000.0,295
202603250915,100100.0,100500.0,100000.0,100100.0,334
202603250930,100000.0,100200.0,99800.0,100100.0,519
202603250945,100000.0,100200.0,99900.0,100200.0,290
202603251000,100200.0,100300.0,100000.0,100200.0,165
202603251015,100100.0,100100.0,99900.0,100000.0,235
202603251030,99900.0,100000.0,99800.0,100000.0,120
202603251045,99900.0,100700.0,99800.0,100000.0,1589
202603251100,100000.0,100400.0,99800.0,99900.0,412
202603251115,100000.0,100000.0,99700.0,99800.0,533
202603251130,99800.0,100000.0,99800.0,100000.0,106
202603251145,100000.0,100000.0,99800.0,99800.0,53
202603251200,99800.0,100100.0,99800.0,100000.0,191
202603251215,100000.0,100300.0,99900.0,100200.0,290
202603251230,100200.0,100400.0,100200.0,100200.0,163
202603251245,100200.0,100350.0,100200.0,100300.0,142
202603251300,100300.0,100300.0,100100.0,100100.0,87
202603251315,100100.0,100300.0,100100.0,100200.0,104
202603251330,100200.0,100250.0,100100.0,100100.0,47
202603251345,100100.0,100200.0,99800.0,99900.0,894
202603251400,99900.0,99900.0,99800.0,99800.0,466
202603251415,99800.0,100200.0,99700.0,100000.0,373
202603251430,100000.0,100100.0,100000.0,100000.0,117
202603251445,100000.0,100200.0,99900.0,100000.0,461
202603251500,100000.0,100100.0,99800.0,99900.0,419
202603251515,99900.0,99900.0,99800.0,99800.0,583
202603260900,100100.0,100800.0,99800.0,100300.0,284
202603260915,100300.0,100500.0,99600.0,99700.0,545
202603260930,99700.0,99900.0,99600.0,99800.0,415
202603260945,99800.0,99800.0,99500.0,99600.0,623
202603261000,99500.0,99600.0,99200.0,99600.0,679
202603261015,99600.0,99600.0,99200.0,99400.0,493
202603261030,99500.0,99600.0,99300.0,99600.0,418
202603261045,99500.0,99600.0,99200.0,99400.0,386
202603261100,99300.0,99400.0,98900.0,99200.0,907
202603261115,99200.0,99200.0,98900.0,98900.0,378
202603261130,98900.0,99000.0,98700.0,98800.0,604
202603261145,98800.0,98800.0,98500.0,98600.0,543
202603261200,98700.0,98800.0,98600.0,98700.0,361
202603261215,98700.0,98900.0,98600.0,98800.0,381
202603261230,98800.0,98900.0,98600.0,98700.0,420
202603261245,98600.0,98800.0,98500.0,98800.0,361
202603261300,98800.0,98900.0,98500.0,98700.0,436
202603261315,98800.0,98800.0,98500.0,98800.0,331
202603261330,98800.0,98800.0,98500.0,98700.0,438
202603261345,98700.0,98800.0,98500.0,98700.0,651
202603261400,98700.0,98800.0,98700.0,98700.0,342
202603261415,98700.0,98800.0,98400.0,98500.0,617
202603261430,98500.0,98600.0,98300.0,98600.0,750
202603261445,98500.0,98600.0,98200.0,98500.0,1406
202603261500,98600.0,98800.0,98400.0,98400.0,2003
202603261515,98500.0,98700.0,98300.0,98400.0,687
202603270900,97600.0,98100.0,97000.0,97200.0,640
202603270915,97400.0,97800.0,97100.0,97300.0,547
202603270930,97200.0,97300.0,96900.0,96900.0,485
202603270945,96800.0,96900.0,96500.0,96700.0,407
202603271000,96700.0,96700.0,96600.0,96600.0,162
202603271015,96600.0,96900.0,96200.0,96600.0,602
202603271030,96600.0,97800.0,96500.0,97200.0,286
202603271045,97400.0,97500.0,97000.0,97300.0,171
202603271100,97400.0,97600.0,97000.0,97100.0,222
202603271115,97100.0,97200.0,96800.0,97000.0,190
202603271130,96900.0,97200.0,96800.0,97000.0,232
202603271145,97000.0,97200.0,96800.0,97000.0,219
202603271200,97100.0,97200.0,97000.0,97000.0,152
202603271215,97100.0,97500.0,96900.0,97100.0,337
202603271230,97000.0,97300.0,97000.0,97200.0,228
202603271245,97200.0,97300.0,97200.0,97200.0,204
202603271300,97200.0,97300.0,97100.0,97200.0,218
202603271315,97300.0,97400.0,97200.0,97300.0,316
202603271330,97300.0,98100.0,97100.0,97500.0,546
202603271345,97500.0,97600.0,97200.0,97400.0,240
202603271400,97400.0,97900.0,97300.0,97600.0,295
202603271415,97600.0,98100.0,97600.0,97900.0,206
202603271430,97500.0,98100.0,97500.0,98000.0,302
202603271445,98000.0,98400.0,98000.0,98200.0,523
202603271500,97900.0,98200.0,97600.0,97600.0,1844
202603271515,97900.0,98400.0,97600.0,98400.0,982
202603300900,96400.0,96400.0,95600.0,96000.0,243
202603300915,96000.0,96500.0,95900.0,96200.0,188
202603300930,96100.0,96500.0,96000.0,96300.0,298
202603300945,96400.0,98200.0,95700.0,96100.0,1073
202603301000,96100.0,96600.0,95600.0,96100.0,216
202603301015,95900.0,96100.0,95700.0,95700.0,231
202603301030,95800.0,96200.0,95700.0,96100.0,173
202603301045,96100.0,96200.0,95800.0,95800.0,190
202603301100,95900.0,96100.0,95700.0,95900.0,580
202603301115,95800.0,95800.0,95500.0,95700.0,363
202603301130,95600.0,95700.0,95300.0,95400.0,423
202603301145,95400.0,95700.0,95400.0,95600.0,225
202603301200,95500.0,95900.0,95500.0,95800.0,275
202603301215,95800.0,95900.0,95700.0,95800.0,233
202603301230,95800.0,95800.0,95700.0,95700.0,213
202603301245,95700.0,95900.0,95500.0,95700.0,476
202603301300,95700.0,95800.0,95500.0,95500.0,571
202603301315,95500.0,95800.0,95500.0,95800.0,331
202603301330,95800.0,95900.0,95700.0,95800.0,234
202603301345,95800.0,95900.0,95500.0,95500.0,512
202603301400,95600.0,95800.0,95500.0,95800.0,355
202603301415,95800.0,95800.0,95500.0,95600.0,616
202603301430,95600.0,95800.0,95000.0,95500.0,2117
202603301445,95600.0,95600.0,95200.0,95500.0,411
202603301500,95200.0,95500.0,95100.0,95300.0,498
202603301515,95300.0,95700.0,95100.0,95700.0,939
202603310900,94700.0,95500.0,94400.0,94400.0,615
202603310915,94500.0,94700.0,94000.0,94100.0,589
202603310930,94100.0,94100.0,93600.0,94000.0,1169
202603310945,93900.0,94600.0,93800.0,94000.0,495
202603311000,93800.0,93900.0,93600.0,93600.0,461
202603311015,93600.0,94000.0,93500.0,94000.0,251
202603311030,93900.0,94600.0,93900.0,94300.0,311
202603311045,94400.0,94400.0,94200.0,94400.0,724
202603311100,94300.0,94300.0,93800.0,94200.0,367
202603311115,94100.0,94100.0,94000.0,94000.0,263
202603311130,94100.0,94200.0,94000.0,94100.0,681
202603311145,94100.0,94200.0,94000.0,94000.0,319
202603311200,94000.0,94300.0,93900.0,94200.0,545
202603311215,94200.0,94300.0,94200.0,94200.0,516
202603311230,94200.0,94200.0,93900.0,94000.0,455
202603311245,94000.0,94100.0,93700.0,93900.0,707
202603311300,93900.0,94100.0,93800.0,94100.0,780
202603311315,94000.0,94200.0,93900.0,94100.0,430
202603311330,94100.0,94100.0,93800.0,93800.0,447
202603311345,93900.0,94000.0,93700.0,93900.0,426
202603311400,93800.0,94000.0,93700.0,93800.0,676
202603311415,93700.0,93800.0,93500.0,93600.0,1564
202603311430,93600.0,94600.0,93600.0,94100.0,840
202603311445,94000.0,94600.0,93800.0,94100.0,2339
202603311500,94000.0,94200.0,93500.0,93800.0,3801
202603311515,93800.0,94100.0,93600.0,94100.0,2615
202604010900,97500.0,97500.0,95600.0,96000.0,2688
202604010915,95900.0,96100.0,95600.0,95650.0,335
202604010930,95600.0,96300.0,95600.0,96100.0,321
202604010945,96000.0,96000.0,95800.0,95900.0,202
202604011000,95900.0,96000.0,95200.0,95500.0,512
202604011015,95500.0,95700.0,95400.0,95700.0,224
202604011030,95800.0,95900.0,95600.0,95600.0,366
202604011045,95600.0,95800.0,95200.0,95600.0,689
202604011100,95600.0,96000.0,95500.0,95500.0,482
202604011115,95500.0,95600.0,95400.0,95500.0,495
202604011130,95500.0,95600.0,95300.0,95400.0,550
202604011145,95400.0,95500.0,95200.0,95300.0,544
202604011200,95200.0,95400.0,94700.0,94700.0,2122
202604011215,94700.0,95000.0,94600.0,95000.0,559
202604011230,95100.0,95200.0,94700.0,94900.0,1207
202604011245,94900.0,95000.0,94800.0,94800.0,495
202604011300,94900.0,95000.0,94700.0,94700.0,569
202604011315,94700.0,95200.0,94700.0,95000.0,1604
202604011330,95000.0,95000.0,94700.0,94800.0,1672
202604011345,94900.0,95000.0,94700.0,94800.0,1830
202604011400,94800.0,95200.0,94700.0,95000.0,1182
202604011415,94900.0,95400.0,94800.0,95000.0,1319
202604011430,95000.0,95300.0,95000.0,95200.0,1633
202604011445,95200.0,95600.0,95200.0,95300.0,869
202604011500,95300.0,95800.0,95100.0,95600.0,504
202604011515,95700.0,95800.0,95000.0,95200.0,797
202604020900,95500.0,96000.0,94800.0,94800.0,1005
202604020915,94900.0,95200.0,94600.0,94600.0,271
202604020930,94600.0,95500.0,94500.0,94700.0,411
202604020945,94700.0,95000.0,94600.0,94900.0,280
202604021000,94900.0,95000.0,94100.0,94600.0,552
202604021015,94400.0,94400.0,93500.0,93600.0,1876
202604021030,93600.0,93800.0,93400.0,93400.0,862
202604021045,93400.0,93400.0,92900.0,93200.0,2040
202604021100,93100.0,93200.0,92800.0,92800.0,834
202604021115,92900.0,93200.0,92900.0,93000.0,463
202604021130,93000.0,93000.0,92500.0,92500.0,624
202604021145,92500.0,92700.0,92300.0,92600.0,476
202604021200,92600.0,92800.0,92500.0,92700.0,483
202604021215,92700.0,92900.0,92700.0,92700.0,568
202604021230,92700.0,92900.0,92400.0,92600.0,700
202604021245,92600.0,92600.0,92400.0,92400.0,623
202604021300,92500.0,92700.0,92400.0,92700.0,468
202604021315,92800.0,93400.0,92600.0,93300.0,930
202604021330,93300.0,93800.0,93200.0,93600.0,1067
202604021345,93500.0,93900.0,93300.0,93500.0,933
202604021400,93400.0,93600.0,92900.0,93400.0,1014
202604021415,93300.0,93500.0,92700.0,92800.0,1244
202604021430,92700.0,93500.0,92700.0,93000.0,2250
202604021445,93000.0,93400.0,92500.0,92700.0,1110
202604021500,92500.0,93200.0,92500.0,93100.0,785
202604021515,93100.0,94700.0,92500.0,93300.0,348
202604030900,93600.0,93700.0,93400.0,93500.0,140
202604030915,93600.0,93700.0,93400.0,93500.0,171
202604030930,93400.0,93600.0,92800.0,93200.0,897
202604030945,93200.0,93400.0,93000.0,93200.0,727
202604031000,93200.0,93600.0,93000.0,93400.0,935
202604031015,93400.0,93600.0,93100.0,93200.0,267
202604031030,93200.0,93200.0,92900.0,92900.0,215
202604031045,92900.0,93100.0,92900.0,93000.0,175
202604031100,93000.0,93200.0,93000.0,93000.0,200
202604031115,93100.0,93100.0,92800.0,92900.0,404
202604031130,92800.0,93000.0,92600.0,93000.0,336
202604031145,92900.0,93000.0,92700.0,92700.0,195
202604031200,92700.0,93100.0,92700.0,92800.0,379
202604031215,92700.0,92800.0,92600.0,92600.0,188
202604031230,92600.0,92700.0,92400.0,92500.0,195
202604031245,92500.0,92600.0,92400.0,92400.0,211
202604031300,92400.0,92500.0,92400.0,92400.0,284
202604031315,92400.0,92600.0,92400.0,92600.0,285
202604031330,92450.0,92700.0,92000.0,92100.0,1288
202604031345,92150.0,92200.0,91800.0,91900.0,1694
202604031400,91900.0,92100.0,91600.0,91800.0,1308
202604031415,91600.0,92100.0,91500.0,92000.0,1371
202604031430,92000.0,92400.0,91900.0,92400.0,1323
202604031445,92300.0,92400.0,91900.0,92100.0,1613
202604031500,92200.0,92400.0,91800.0,92000.0,1686
202604031515,92300.0,92900.0,92000.0,92700.0,938
202604060900,92900.0,93300.0,92400.0,92800.0,251
202604060915,93000.0,93200.0,92600.0,93100.0,465
202604060930,93000.0,93600.0,92800.0,93000.0,305
202604060945,92900.0,93100.0,92900.0,93100.0,329
202604061000,93100.0,93200.0,92900.0,93100.0,191
202604061015,93100.0,93200.0,93000.0,93000.0,269
202604061030,93100.0,93200.0,93000.0,93100.0,103
202604061045,93200.0,93300.0,93100.0,93100.0,52
202604061100,93100.0,93500.0,93100.0,93500.0,206
202604061115,93500.0,93600.0,93100.0,93400.0,238
202604061130,93500.0,93600.0,93200.0,93400.0,75
202604061145,93300.0,93300.0,93100.0,93100.0,69
202604061200,93100.0,93200.0,93100.0,93200.0,49
202604061215,93100.0,93200.0,93000.0,93000.0,167
202604061230,93000.0,93200.0,93000.0,93200.0,95
202604061245,93200.0,93600.0,93100.0,93400.0,287
202604061300,93400.0,93600.0,93000.0,93100.0,2080
202604061315,93500.0,93600.0,93100.0,93600.0,233
202604061330,93600.0,93800.0,93100.0,93600.0,343
202604061345,93600.0,93900.0,93400.0,93900.0,235
202604061400,94000.0,94000.0,93400.0,93800.0,262
202604061415,93900.0,94000.0,93100.0,93700.0,312
202604061430,93100.0,93900.0,93100.0,93400.0,345
202604061445,93600.0,93800.0,93100.0,93600.0,636
202604061500,93700.0,93900.0,93100.0,93600.0,1496
202604061515,93700.0,94000.0,93200.0,93500.0,390
202604070900,93600.0,93600.0,93600.0,93600.0,15
202604070915,93800.0,94100.0,93700.0,93900.0,114
202604070930,94100.0,94100.0,93600.0,93600.0,118
202604070945,93600.0,93800.0,93400.0,93500.0,581
202604071000,93400.0,93500.0,93300.0,93400.0,589
202604071015,93400.0,93500.0,93300.0,93400.0,143
202604071030,93400.0,93500.0,93000.0,93100.0,205
202604071045,93100.0,93300.0,92400.0,92400.0,272
202604071100,92400.0,92500.0,92000.0,92000.0,184
202604071115,92000.0,92400.0,92000.0,92200.0,238
202604071130,92200.0,92300.0,92000.0,92200.0,172
202604071145,92200.0,92400.0,92200.0,92400.0,168
202604071200,92400.0,92400.0,92300.0,92300.0,146
202604071215,92400.0,92400.0,92300.0,92300.0,110
202604071230,92200.0,92300.0,92200.0,92300.0,134
202604071245,92300.0,92400.0,92200.0,92200.0,134
202604071300,92200.0,92300.0,92100.0,92100.0,341
202604071315,92100.0,92100.0,92000.0,92000.0,251
202604071330,92000.0,92100.0,91800.0,92000.0,211
202604071345,91900.0,92000.0,91900.0,92000.0,226
202604071400,92000.0,92000.0,91700.0,91700.0,198
202604071415,91700.0,91800.0,91700.0,91700.0,798
202604071430,91700.0,91800.0,91500.0,91500.0,551
202604071445,91500.0,91700.0,91500.0,91600.0,1080
202604071500,91600.0,91600.0,91500.0,91500.0,646
202604071515,91600.0,91600.0,91400.0,91500.0,1659
202604080900,94800.0,94800.0,93400.0,93900.0,831
202604080915,93700.0,94000.0,93300.0,93900.0,806
202604080930,93900.0,94300.0,93800.0,93900.0,645
202604080945,93900.0,94800.0,93900.0,94600.0,518
202604081000,94600.0,94900.0,94500.0,94500.0,775
202604081015,94700.0,94900.0,94500.0,94600.0,671
202604081030,94600.0,94900.0,94600.0,94900.0,316
202604081045,94900.0,95700.0,94900.0,95100.0,2415
202604081100,95000.0,95500.0,94900.0,95000.0,200
202604081115,95000.0,95500.0,94900.0,95000.0,200
202604081130,95000.0,95300.0,94900.0,95000.0,125
202604081145,94900.0,95200.0,94900.0,94900.0,92
202604081200,95000.0,95200.0,94900.0,95000.0,234
202604081215,95000.0,95100.0,94300.0,94300.0,998
202604081230,94400.0,94700.0,94300.0,94700.0,532
202604081245,94700.0,94800.0,94500.0,94700.0,221
202604081300,94600.0,94800.0,94200.0,94200.0,422
202604081315,94300.0,94700.0,94000.0,94100.0,296
202604081330,94100.0,94200.0,93700.0,93900.0,314
202604081345,93800.0,94800.0,93800.0,93900.0,319
202604081400,94000.0,94900.0,93900.0,94400.0,782
202604081415,94700.0,94800.0,94400.0,94700.0,564
202604081430,94700.0,94900.0,94500.0,94800.0,432
202604081445,94800.0,95000.0,94600.0,95000.0,499
202604081500,95000.0,95000.0,94400.0,94600.0,919
202604081515,94800.0,95100.0,94500.0,95100.0,981
202604090900,95000.0,95100.0,94200.0,94800.0,222
202604090915,94600.0,95800.0,94600.0,95500.0,831
202604090930,95500.0,95800.0,95300.0,95700.0,423
202604090945,95700.0,95900.0,95500.0,95700.0,483
202604091000,95700.0,95800.0,95000.0,95100.0,425
202604091015,95100.0,95300.0,95000.0,95000.0,410
202604091030,95000.0,95300.0,94500.0,94600.0,345
202604091045,94800.0,95200.0,94600.0,95000.0,365
202604091100,95000.0,95200.0,94500.0,94800.0,448
202604091115,94800.0,95000.0,94200.0,94200.0,441
202604091130,94200.0,94500.0,94200.0,94300.0,421
202604091145,94300.0,94400.0,94000.0,94200.0,430
202604091200,94200.0,95700.0,94000.0,94100.0,606
202604091215,94100.0,94200.0,93900.0,94100.0,481
202604091230,94150.0,94400.0,94000.0,94300.0,339
202604091245,94300.0,94400.0,93900.0,94100.0,468
202604091300,94200.0,94300.0,94000.0,94100.0,359
202604091315,94300.0,94400.0,93900.0,94100.0,493
202604091330,94150.0,94200.0,93700.0,93900.0,603
202604091345,94100.0,94100.0,93900.0,93900.0,389
202604091400,93950.0,94000.0,93700.0,93800.0,436
202604091415,93900.0,94000.0,93700.0,93700.0,513
202604091430,93700.0,93800.0,93600.0,93600.0,789
202604091445,93500.0,93700.0,93500.0,93600.0,443
202604091500,93600.0,93600.0,93400.0,93400.0,849
202604091515,93400.0,93900.0,93300.0,93600.0,779
202604100900,94200.0,94500.0,94100.0,94200.0,80
202604100915,94100.0,94500.0,94100.0,94400.0,242
202604100930,94400.0,94500.0,94300.0,94500.0,95
202604100945,94400.0,94700.0,94400.0,94600.0,178
202604101000,94600.0,94700.0,94300.0,94400.0,107
202604101015,94400.0,94600.0,94300.0,94400.0,253
202604101030,94500.0,94500.0,94300.0,94500.0,118
202604101045,94500.0,94800.0,94300.0,94800.0,133
202604101100,94700.0,94700.0,94200.0,94300.0,181
202604101115,94400.0,94600.0,94300.0,94600.0,99
202604101130,94500.0,94500.0,94100.0,94300.0,128
202604101145,94400.0,94500.0,94100.0,94500.0,185
202604101200,94200.0,94500.0,94200.0,94300.0,106
202604101215,94300.0,94500.0,94100.0,94300.0,83
202604101230,94400.0,94500.0,94100.0,94300.0,150
202604101245,94300.0,94500.0,94100.0,94100.0,109
202604101300,94200.0,94200.0,93700.0,93900.0,800
202604101315,93900.0,94700.0,93900.0,94600.0,667
202604101330,94600.0,94800.0,94400.0,94600.0,445
202604101345,94600.0,94900.0,94500.0,94900.0,471
202604101400,94800.0,95000.0,94700.0,94700.0,672
202604101415,94900.0,95200.0,94800.0,95100.0,624
202604101430,95200.0,95200.0,94900.0,95100.0,841
202604101445,95100.0,95300.0,94900.0,95100.0,609
202604101500,95100.0,95300.0,94700.0,94900.0,805
202604101515,95100.0,95300.0,94400.0,95000.0,168
202604130900,93700.0,94000.0,93600.0,93900.0,98
202604130915,93950.0,93950.0,93800.0,93900.0,42
202604130930,93900.0,94100.0,93800.0,93900.0,26
202604130945,93900.0,94200.0,93900.0,94200.0,107
202604131000,94300.0,94900.0,94300.0,94800.0,233
202604131015,94900.0,94900.0,94600.0,94800.0,453
202604131030,94800.0,95500.0,94700.0,95400.0,1020
202604131045,95500.0,95600.0,95200.0,95400.0,155
202604131100,95400.0,95500.0,95200.0,95300.0,163
202604131115,95400.0,95400.0,94800.0,95100.0,284
202604131130,95100.0,95400.0,95100.0,95400.0,299
202604131145,95300.0,95700.0,95200.0,95400.0,155
202604131200,95500.0,95600.0,95300.0,95400.0,161
202604131215,95500.0,95600.0,95300.0,95400.0,154
202604131230,95500.0,95600.0,95300.0,95400.0,155
202604131245,95500.0,95700.0,95400.0,95500.0,193
202604131300,95500.0,95500.0,95200.0,95400.0,182
202604131315,95400.0,95700.0,95300.0,95400.0,168
202604131330,95500.0,95600.0,95300.0,95400.0,153
202604131345,95400.0,95500.0,95300.0,95400.0,183
202604131400,95400.0,95500.0,95200.0,95300.0,189
202604131415,95400.0,95500.0,95200.0,95400.0,176
202604131430,95300.0,95400.0,95300.0,95300.0,87
202604131445,95300.0,95400.0,95000.0,95200.0,123
202604131500,95200.0,95300.0,94900.0,94900.0,125
202604131515,94900.0,95000.0,94100.0,94100.0,939
202604140900,95600.0,95600.0,95000.0,95000.0,413
202604140915,95000.0,95100.0,94500.0,94800.0,687
202604140930,94800.0,95600.0,94600.0,95500.0,877
202604140945,95500.0,96500.0,95500.0,96300.0,914
202604141000,96300.0,97500.0,96300.0,97200.0,1796
202604141015,97150.0,97300.0,96600.0,97200.0,555
202604141030,97300.0,97300.0,97000.0,97100.0,424
202604141045,97100.0,97300.0,97000.0,97100.0,671
202604141100,97100.0,97200.0,97100.0,97100.0,449
202604141115,97100.0,97300.0,97000.0,97100.0,769
202604141130,97100.0,97300.0,97000.0,97100.0,547
202604141145,97100.0,97300.0,97100.0,97300.0,440
202604141200,97200.0,97300.0,97050.0,97100.0,460
202604141215,97100.0,97700.0,97100.0,97700.0,883
202604141230,97600.0,97800.0,97400.0,97700.0,767
202604141245,97700.0,97900.0,97500.0,97600.0,661
202604141300,97600.0,97700.0,97000.0,97000.0,702
202604141315,97100.0,97400.0,97000.0,97100.0,521
202604141330,97100.0,97300.0,97000.0,97200.0,414
202604141345,97200.0,97200.0,97000.0,97100.0,483
202604141400,97200.0,97200.0,97000.0,97100.0,599
202604141415,97100.0,97300.0,97000.0,97100.0,482
202604141430,97100.0,97200.0,96700.0,96800.0,440
202604141445,96800.0,96900.0,96500.0,96700.0,475
202604141500,96600.0,96600.0,96200.0,96400.0,776
202604141515,96500.0,96800.0,96200.0,96800.0,1018
202604150900,97200.0,97200.0,96300.0,96300.0,1351
202604150915,96400.0,96400.0,95700.0,95700.0,619
202604150930,95600.0,95800.0,95500.0,95600.0,673
202604150945,95500.0,95900.0,95500.0,95800.0,794
202604151000,95800.0,96200.0,95750.0,96000.0,1244
202604151015,96000.0,96700.0,95800.0,96000.0,844
202604151030,96000.0,96100.0,95800.0,95800.0,268
202604151045,95850.0,96000.0,95800.0,95800.0,492
202604151100,95800.0,95900.0,95700.0,95750.0,455
202604151115,95800.0,96000.0,95700.0,95800.0,688
202604151130,95800.0,95900.0,95800.0,95850.0,527
202604151145,95800.0,96000.0,95800.0,95900.0,681
202604151200,95900.0,96000.0,95800.0,95900.0,420
202604151215,95900.0,96000.0,95800.0,95800.0,391
202604151230,95850.0,95900.0,95800.0,95800.0,268
202604151245,95800.0,95900.0,95800.0,95850.0,314
202604151300,95850.0,95850.0,95700.0,95800.0,617
202604151315,95700.0,96000.0,95700.0,95750.0,750
202604151330,95700.0,95800.0,95700.0,95800.0,422
202604151345,95800.0,95800.0,95700.0,95700.0,454
202604151400,95800.0,95900.0,95700.0,95900.0,771
202604151415,95800.0,95800.0,95600.0,95600.0,1139
202604151430,95600.0,95700.0,95500.0,95600.0,1483
202604151445,95600.0,95600.0,95500.0,95500.0,1526
202604151500,95500.0,95600.0,95300.0,95300.0,1149
202604151515,95200.0,95500.0,95200.0,95500.0,1509
202604160900,95400.0,96000.0,95400.0,95900.0,512
202604160915,95900.0,95900.0,95600.0,95700.0,458
202604160930,95800.0,96500.0,95700.0,96300.0,632
202604160945,96400.0,96800.0,96250.0,96350.0,619
202604161000,96300.0,96500.0,96000.0,96100.0,334
202604161015,96200.0,96200.0,95800.0,95900.0,357
202604161030,96000.0,96300.0,95900.0,96100.0,445
202604161045,96100.0,96200.0,95900.0,96050.0,369
202604161100,96050.0,96300.0,96000.0,96200.0,454
202604161115,96300.0,96500.0,96000.0,96400.0,382
202604161130,96400.0,96500.0,96000.0,96200.0,340
202604161145,96200.0,96300.0,96000.0,96100.0,428
202604161200,96100.0,96400.0,95900.0,96200.0,408
202604161215,96200.0,96400.0,96000.0,96000.0,354
202604161230,96200.0,96600.0,96100.0,96400.0,366
202604161245,96450.0,96800.0,96200.0,96800.0,492
202604161300,96800.0,97100.0,96600.0,97000.0,779
202604161315,97100.0,97400.0,96700.0,97300.0,846
202604161330,97300.0,98300.0,97200.0,98100.0,1473
202604161345,98100.0,98400.0,97700.0,97900.0,1892
202604161400,97900.0,98000.0,97600.0,97900.0,829
202604161415,97900.0,97900.0,97500.0,97800.0,893
202604161430,97800.0,97900.0,97200.0,97400.0,959
202604161445,97400.0,97700.0,97000.0,97200.0,940
202604161500,97300.0,97400.0,97100.0,97200.0,104
202604161515,97300.0,97400.0,96800.0,97300.0,395
202604170900,97600.0,98600.0,97300.0,97300.0,440
202604170915,97500.0,97700.0,97300.0,97400.0,152
202604170930,97400.0,97700.0,97100.0,97300.0,340
202604170945,97300.0,97600.0,97300.0,97600.0,283
202604171000,97400.0,97800.0,97400.0,97500.0,140
202604171015,97400.0,97800.0,97300.0,97600.0,844
202604171030,97600.0,97800.0,97500.0,97600.0,234
202604171045,97600.0,97800.0,97400.0,97400.0,176
202604171100,97400.0,97800.0,97400.0,97600.0,116
202604171115,97700.0,97700.0,97400.0,97700.0,140
202604171130,97600.0,98000.0,97500.0,97800.0,221
202604171145,98000.0,98400.0,97800.0,98300.0,513
202604171200,98000.0,98400.0,97900.0,98000.0,607
202604171215,98200.0,98200.0,97500.0,97800.0,289
202604171230,97600.0,98100.0,97600.0,98000.0,928
202604171245,98000.0,98400.0,97900.0,98200.0,497
202604171300,98200.0,98400.0,97700.0,97800.0,377
202604171315,97900.0,98300.0,97800.0,97900.0,374
202604171330,97800.0,98200.0,97700.0,97900.0,503
202604171345,97900.0,98000.0,97600.0,97700.0,354
202604171400,97600.0,97800.0,97400.0,97500.0,586
202604171415,97600.0,97900.0,97500.0,97700.0,925
202604171430,97500.0,97800.0,97400.0,97600.0,481
202604171445,97700.0,97800.0,97600.0,97600.0,664
202604171500,97600.0,97700.0,97500.0,97700.0,704
202604171515,97700.0,97900.0,97500.0,97900.0,303
202604200900,97200.0,97600.0,96300.0,96800.0,695
202604200915,96800.0,97100.0,96500.0,97000.0,837
202604200930,97100.0,97200.0,96700.0,96700.0,252
202604200945,96700.0,96900.0,96600.0,96700.0,640
202604201000,96800.0,97000.0,96600.0,96900.0,698
202604201015,96800.0,97000.0,96600.0,96800.0,380
202604201030,96750.0,97100.0,96600.0,96800.0,586
202604201045,96800.0,97000.0,96600.0,96700.0,419
202604201100,96600.0,96700.0,96500.0,96500.0,305
202604201115,96600.0,97000.0,96500.0,96700.0,532
202604201130,96900.0,98700.0,96700.0,97700.0,820
202604201145,97600.0,97900.0,97100.0,97900.0,479
202604201200,97900.0,98000.0,97700.0,98000.0,341
202604201215,97800.0,98000.0,97700.0,97900.0,663
202604201230,97900.0,98000.0,97700.0,97900.0,464
202604201245,97900.0,98100.0,97800.0,98000.0,389
202604201300,97900.0,98000.0,97900.0,98000.0,419
202604201315,97900.0,98300.0,97900.0,98200.0,918
202604201330,98300.0,98300.0,97200.0,97600.0,2291
202604201345,97600.0,97800.0,97100.0,97200.0,1074
202604201400,97100.0,97500.0,97100.0,97400.0,1233
202604201415,97300.0,97400.0,97000.0,97200.0,1183
202604201430,97200.0,97600.0,97100.0,97300.0,794
202604201445,97300.0,97400.0,97200.0,97400.0,1150
202604201500,97400.0,97500.0,97200.0,97500.0,422
202604201515,97500.0,97600.0,97100.0,97100.0,304
202604210900,97500.0,97800.0,97200.0,97200.0,661
202604210915,97300.0,97400.0,96450.0,96500.0,482
202604210930,96400.0,96900.0,96200.0,96800.0,387
202604210945,96800.0,96900.0,96100.0,96200.0,1179
202604211000,96300.0,96500.0,96200.0,96300.0,199
202604211015,96300.0,96400.0,96000.0,96250.0,433
202604211030,96200.0,97100.0,96200.0,96700.0,1051
202604211045,96800.0,97100.0,96800.0,96900.0,228
202604211100,96850.0,97000.0,96600.0,97000.0,352
202604211115,97000.0,97000.0,96500.0,96700.0,263
202604211130,96700.0,96800.0,96500.0,96700.0,291
202604211145,96700.0,96800.0,96600.0,96800.0,321
202604211200,96800.0,96800.0,96400.0,96400.0,391
202604211215,96500.0,96700.0,96400.0,96500.0,277
202604211230,96600.0,96700.0,96500.0,96700.0,229
202604211245,96700.0,96900.0,96500.0,96500.0,209
202604211300,96600.0,96700.0,96300.0,96500.0,676
202604211315,96500.0,96600.0,96400.0,96600.0,252
202604211330,96500.0,96500.0,96300.0,96400.0,381
202604211345,96400.0,96500.0,96300.0,96300.0,334
202604211400,96300.0,96500.0,96300.0,96500.0,208
202604211415,96400.0,96500.0,96300.0,96400.0,444
202604211430,96500.0,96600.0,96300.0,96400.0,617
202604211445,96400.0,96900.0,96300.0,96700.0,535
202604211500,96800.0,97000.0,96400.0,96700.0,1272
202604211515,96600.0,96800.0,96400.0,96400.0,381
202604220900,96400.0,97000.0,96200.0,96200.0,139
202604220915,96300.0,96300.0,95500.0,95500.0,939
202604220930,95600.0,95700.0,95100.0,95100.0,656
202604220945,95200.0,95400.0,95100.0,95200.0,749
202604221000,95200.0,95500.0,95200.0,95300.0,760
202604221015,95400.0,95800.0,95200.0,95200.0,841
202604221030,95400.0,95900.0,95200.0,95500.0,556
202604221045,95500.0,95800.0,95300.0,95600.0,596
202604221100,95700.0,95900.0,95500.0,95700.0,625
202604221115,95700.0,95800.0,95500.0,95700.0,609
202604221130,95800.0,95800.0,95500.0,95700.0,521
202604221145,95600.0,95700.0,95400.0,95500.0,530
202604221200,95500.0,95800.0,95300.0,95400.0,526
202604221215,95300.0,95600.0,95100.0,95300.0,997
202604221230,95300.0,95600.0,95100.0,95400.0,560
202604221245,95300.0,95900.0,95200.0,95300.0,625
202604221300,95300.0,96600.0,95200.0,95300.0,1273
202604221315,95300.0,95800.0,95200.0,95400.0,630
202604221330,95500.0,95600.0,95300.0,95400.0,638
202604221345,95400.0,95600.0,95300.0,95500.0,761
202604221400,95500.0,96800.0,95400.0,96500.0,970
202604221415,96600.0,96800.0,96400.0,96700.0,1026
202604221430,96800.0,97000.0,96500.0,96700.0,1136
202604221445,96800.0,97000.0,96600.0,96800.0,1224
202604221500,96800.0,97200.0,96600.0,97100.0,1272
202604221515,96800.0,96900.0,96000.0,96500.0,341
202604230900,96900.0,96900.0,95700.0,95700.0,162
202604230915,95700.0,95850.0,95600.0,95800.0,431
202604230930,95800.0,96700.0,95700.0,96100.0,498
202604230945,96100.0,96400.0,96000.0,96000.0,530
202604231000,96100.0,96100.0,95700.0,95800.0,580
202604231015,95900.0,96100.0,95800.0,95900.0,762
202604231030,95950.0,96000.0,95700.0,95900.0,617
202604231045,95800.0,96900.0,95800.0,96700.0,860
202604231100,96700.0,96800.0,96350.0,96600.0,711
202604231115,96500.0,97300.0,96400.0,97000.0,902
202604231130,97100.0,97300.0,96800.0,97000.0,727
202604231145,96900.0,97100.0,96800.0,96900.0,662
202604231200,96900.0,96900.0,96500.0,96600.0,723
202604231215,96500.0,96600.0,96200.0,96400.0,648
202604231230,96400.0,96800.0,96200.0,96400.0,700
202604231245,96300.0,96700.0,96100.0,96500.0,707
202604231300,96500.0,96600.0,96000.0,96300.0,825
202604231315,96300.0,96500.0,95900.0,96000.0,877
202604231330,96000.0,96300.0,95800.0,96000.0,916
202604231345,96000.0,96200.0,95800.0,95900.0,915
202604231400,96000.0,96700.0,95900.0,96700.0,892
202604231415,96600.0,96900.0,96200.0,96200.0,990
202604231430,96400.0,97000.0,96300.0,96800.0,1408
202604231445,96800.0,96900.0,96400.0,96500.0,995
202604231500,96500.0,97000.0,96500.0,97000.0,605
202604231515,97000.0,97700.0,96400.0,97200.0,1494
202604240900,96600.0,97100.0,96600.0,96600.0,722
202604240915,96700.0,97100.0,96500.0,96600.0,379
202604240930,96600.0,97100.0,96500.0,96600.0,302
202604240945,96600.0,96900.0,96600.0,96800.0,406
202604241000,96800.0,97100.0,96600.0,97100.0,462
202604241015,96900.0,97300.0,96700.0,97100.0,420
202604241030,97100.0,97300.0,97000.0,97100.0,676
202604241045,97100.0,97600.0,97000.0,97400.0,994
202604241100,97400.0,97500.0,97100.0,97300.0,454
202604241115,97300.0,97900.0,97200.0,97900.0,835
202604241130,97700.0,98100.0,97500.0,97800.0,604
202604241145,97800.0,98000.0,97700.0,98000.0,360
202604241200,97850.0,97900.0,97700.0,97800.0,375
202604241215,97700.0,97900.0,97600.0,97600.0,387
202604241230,97700.0,97900.0,97600.0,97900.0,392
202604241245,97800.0,98200.0,97650.0,97850.0,593
202604241300,97800.0,98700.0,97700.0,98500.0,1046
202604241315,98400.0,98500.0,98100.0,98300.0,773
202604241330,98200.0,98500.0,98000.0,98400.0,552
202604241345,98400.0,98800.0,98300.0,98400.0,822
202604241400,98400.0,99000.0,98350.0,99000.0,1848
202604241415,98900.0,99000.0,98600.0,98800.0,867
202604241430,98800.0,98900.0,98600.0,98600.0,886
202604241445,98600.0,98900.0,98500.0,98800.0,1144
202604241500,98800.0,98900.0,98600.0,98900.0,475
202604241515,98700.0,98900.0,98600.0,98900.0,702
202604270900,99400.0,99500.0,99000.0,99500.0,651
202604270915,99500.0,99600.0,98200.0,98200.0,556
202604270930,98300.0,98900.0,98300.0,98700.0,224
202604270945,98700.0,98800.0,98500.0,98500.0,214
202604271000,98600.0,98800.0,98500.0,98600.0,210
202604271015,98600.0,99800.0,98400.0,99000.0,795
202604271030,99200.0,100300.0,99200.0,100100.0,1566
202604271045,100000.0,100400.0,99500.0,99800.0,584
202604271100,99800.0,100200.0,99600.0,99700.0,585
202604271115,99700.0,99900.0,99600.0,99700.0,458
202604271130,99600.0,99900.0,99600.0,99900.0,390
202604271145,99800.0,100100.0,99700.0,99900.0,511
202604271200,99950.0,100100.0,99600.0,99900.0,994
202604271215,99800.0,100000.0,99600.0,99900.0,454
202604271230,99900.0,100000.0,99400.0,99600.0,453
202604271245,99600.0,99900.0,99400.0,99600.0,367
202604271300,99700.0,99700.0,99200.0,99200.0,527
202604271315,99250.0,99500.0,98700.0,99100.0,936
202604271330,99100.0,99400.0,98300.0,98900.0,1212
202604271345,98900.0,99100.0,98500.0,98600.0,854
202604271400,98600.0,98700.0,98200.0,98300.0,839
202604271415,98200.0,98400.0,98100.0,98200.0,1172
202604271430,98200.0,98600.0,98200.0,98300.0,445
202604271445,98400.0,99000.0,98300.0,98800.0,547
202604271500,98900.0,99000.0,98700.0,99000.0,470
202604271515,99000.0,99100.0,98600.0,98600.0,531
202604280900,99800.0,100000.0,99000.0,99300.0,730
202604280915,99100.0,99600.0,98600.0,99600.0,1397
202604280930,99600.0,99800.0,99300.0,99300.0,839
202604280945,99300.0,99600.0,99300.0,99300.0,63
202604281000,99400.0,100600.0,99300.0,100500.0,1449
202604281015,100500.0,100800.0,100400.0,100700.0,1123
202604281030,100700.0,101800.0,100700.0,101100.0,3213
202604281045,101300.0,101500.0,100900.0,101400.0,990
202604281100,101400.0,102100.0,101400.0,102000.0,1474
202604281115,102000.0,102200.0,101900.0,102000.0,744
202604281130,102000.0,102100.0,101700.0,101900.0,583
202604281145,101900.0,102000.0,101700.0,101800.0,536
202604281200,101900.0,102000.0,101500.0,101800.0,560
202604281215,101600.0,101900.0,101200.0,101500.0,693
202604281230,101400.0,101800.0,101100.0,101400.0,622
202604281245,101500.0,101500.0,100900.0,101300.0,635
202604281300,101300.0,101400.0,101000.0,101300.0,593
202604281315,101400.0,101500.0,100600.0,101000.0,1204
202604281330,100900.0,101200.0,100800.0,101000.0,599
202604281345,101000.0,101500.0,100900.0,101000.0,735
202604281400,101000.0,101400.0,100300.0,100400.0,1143
202604281415,100400.0,100400.0,100000.0,100200.0,698
202604281430,100000.0,100500.0,99900.0,100000.0,502
202604281445,100100.0,100500.0,100000.0,100400.0,685
202604281500,100400.0,101400.0,100400.0,100600.0,616
202604281515,100800.0,100800.0,100100.0,100800.0,340
202604290900,100100.0,100400.0,99400.0,99400.0,420
202604290915,99400.0,99500.0,99200.0,99350.0,336
202604290930,99300.0,99700.0,99200.0,99400.0,161
202604290945,99300.0,99400.0,99000.0,99000.0,215
202604291000,99000.0,99600.0,99000.0,99500.0,418
202604291015,99500.0,100400.0,99100.0,99700.0,445
202604291030,99800.0,99900.0,99000.0,99400.0,922
202604291045,99300.0,99900.0,99100.0,99500.0,499
202604291100,99500.0,100000.0,99300.0,99700.0,471
202604291115,99700.0,99800.0,99400.0,99400.0,331
202604291130,99400.0,99900.0,99400.0,99900.0,295
202604291145,99900.0,99900.0,99500.0,99700.0,500
202604291200,99600.0,99700.0,99300.0,99600.0,360
202604291215,99500.0,99700.0,99300.0,99600.0,290
202604291230,99700.0,99800.0,99400.0,99500.0,276
202604291245,99600.0,99800.0,99300.0,99600.0,641
202604291300,99700.0,100000.0,99500.0,99900.0,289
202604291315,100000.0,100100.0,99500.0,99800.0,374
202604291330,99700.0,100400.0,99600.0,100200.0,1406
202604291345,100100.0,100200.0,100000.0,100000.0,323
202604291400,100000.0,100200.0,99900.0,100100.0,313
202604291415,100200.0,100300.0,100000.0,100200.0,381
202604291430,100200.0,100300.0,100100.0,100100.0,362
202604291445,100200.0,100300.0,100000.0,100200.0,348
202604291500,100200.0,100500.0,100100.0,100300.0,620
202604291515,100300.0,100500.0,100100.0,100100.0,420
202604300900,100300.0,100300.0,99000.0,99000.0,206
202604300915,99100.0,99500.0,98800.0,99300.0,352
202604300930,99300.0,99400.0,98850.0,99300.0,174
202604300945,99200.0,99400.0,99100.0,99400.0,290
202604301000,99400.0,99400.0,99100.0,99200.0,230
202604301015,99100.0,99300.0,99000.0,99200.0,243
202604301030,99300.0,99300.0,99000.0,99300.0,233
202604301045,99300.0,99500.0,99200.0,99300.0,219
202604301100,99300.0,99700.0,99300.0,99400.0,215
202604301115,99300.0,99700.0,99300.0,99500.0,327
202604301130,99500.0,99700.0,99400.0,99600.0,191
202604301145,99600.0,99700.0,99100.0,99500.0,530
202604301200,99400.0,100000.0,99400.0,99700.0,387
202604301215,99700.0,99800.0,99500.0,99700.0,250
202604301230,99800.0,99900.0,99600.0,99800.0,246
202604301245,99800.0,99800.0,99500.0,99600.0,287
202604301300,99700.0,99800.0,99600.0,99700.0,303
202604301315,99600.0,99600.0,99400.0,99600.0,311
202604301330,99500.0,99600.0,98900.0,99200.0,669
202604301345,99250.0,99300.0,98900.0,99100.0,461
202604301400,99100.0,99300.0,98900.0,99200.0,335
202604301415,99200.0,99400.0,99100.0,99200.0,348
202604301430,99200.0,99400.0,98900.0,99100.0,295
202604301445,99000.0,99200.0,98900.0,98900.0,314
202604301500,99000.0,99200.0,98800.0,98800.0,455
202604301515,98900.0,98900.0,97900.0,97900.0,954
202605040900,99200.0,100000.0,99000.0,99300.0,267
202605040915,99100.0,100100.0,99100.0,100000.0,225
202605040930,99900.0,100100.0,99500.0,99900.0,451
202605040945,99900.0,100100.0,99500.0,99700.0,238
202605041000,99850.0,99900.0,99500.0,99500.0,560
202605041015,99500.0,100100.0,98800.0,98900.0,4051
202605041030,98800.0,99400.0,98800.0,99100.0,302
202605041045,99400.0,99400.0,99100.0,99100.0,146
202605041100,99200.0,99300.0,99000.0,99000.0,69
202605041115,99000.0,99300.0,99000.0,99000.0,265
202605041130,99000.0,99500.0,98800.0,99300.0,246
202605041145,99400.0,99500.0,98800.0,99000.0,155
202605041200,99000.0,99300.0,98800.0,99000.0,510
202605041215,99000.0,99500.0,98900.0,99000.0,157
202605041230,99100.0,99200.0,99000.0,99100.0,162
202605041245,99100.0,99200.0,98900.0,99000.0,98
202605041300,98900.0,99000.0,98900.0,98900.0,72
202605041315,99000.0,99100.0,98900.0,99000.0,535
202605041330,99000.0,99400.0,99000.0,99100.0,148
202605041345,99100.0,99200.0,99000.0,99000.0,514
202605041400,99100.0,99500.0,99000.0,99100.0,207
202605041415,99300.0,99700.0,99000.0,99100.0,343
202605041430,99100.0,99200.0,99100.0,99100.0,272
202605041445,99100.0,99100.0,98800.0,98900.0,217
202605041500,98800.0,98900.0,98500.0,98500.0,1062
202605041515,98500.0,98700.0,98500.0,98500.0,358
202605060900,99400.0,99700.0,98500.0,98900.0,136
202605060915,98800.0,99400.0,98000.0,98200.0,1118
202605060930,98100.0,98300.0,97800.0,97800.0,289
202605060945,97800.0,98200.0,97500.0,97500.0,414
202605061000,97600.0,97800.0,97100.0,97600.0,606
202605061015,97700.0,97700.0,97200.0,97500.0,478
202605061030,97600.0,97600.0,97200.0,97300.0,302
202605061045,97300.0,97500.0,96900.0,96900.0,825
202605061100,96900.0,97000.0,96600.0,96600.0,616
202605061115,96600.0,96800.0,96600.0,96700.0,195
202605061130,96700.0,96800.0,96600.0,96700.0,157
202605061145,96600.0,96900.0,96500.0,96800.0,454
202605061200,96600.0,96900.0,96600.0,96700.0,115
202605061215,96700.0,96900.0,96700.0,96800.0,143
202605061230,96700.0,96800.0,96700.0,96700.0,204
202605061245,96700.0,97000.0,96700.0,96900.0,405
202605061300,96800.0,96900.0,96800.0,96800.0,133
202605061315,96900.0,97000.0,96800.0,96900.0,452
202605061330,96800.0,96900.0,96700.0,96800.0,330
202605061345,96800.0,96900.0,96700.0,96700.0,199
202605061400,96700.0,96900.0,96400.0,96400.0,780
202605061415,96400.0,96800.0,96100.0,96100.0,619
202605061430,96100.0,96500.0,96000.0,96000.0,406
202605061445,96000.0,96300.0,96000.0,96100.0,458
202605061500,96300.0,97100.0,96100.0,96800.0,589
202605061515,96600.0,97000.0,96400.0,97000.0,1240
202605070900,95900.0,96600.0,95900.0,96200.0,1041
202605070915,96500.0,96500.0,95800.0,95800.0,603
202605070930,95800.0,95900.0,95300.0,95400.0,740
202605070945,95400.0,96600.0,95300.0,95900.0,1433
202605071000,95800.0,95900.0,95300.0,95300.0,342
202605071015,95300.0,95700.0,95300.0,95400.0,413
202605071030,95300.0,95900.0,95300.0,95500.0,981
202605071045,95500.0,95900.0,95400.0,95400.0,394
202605071100,95400.0,95500.0,95200.0,95200.0,845
202605071115,95200.0,95300.0,95100.0,95100.0,732
202605071130,95100.0,95400.0,95100.0,95200.0,801
202605071145,95200.0,95300.0,95000.0,95000.0,689
202605071200,95000.0,95300.0,94900.0,95000.0,782
202605071215,94900.0,95100.0,94900.0,95000.0,785
202605071230,95000.0,95100.0,94900.0,94900.0,740
202605071245,94900.0,95200.0,94800.0,94900.0,726
202605071300,94800.0,95200.0,94800.0,94800.0,792
202605071315,94800.0,95000.0,94700.0,94700.0,820
202605071330,94700.0,94800.0,94500.0,94500.0,979
202605071345,94500.0,94600.0,94400.0,94400.0,1203
202605071400,94400.0,94500.0,94000.0,94000.0,1895
202605071415,94100.0,94400.0,94000.0,94200.0,1343
202605071430,94200.0,94400.0,94000.0,94000.0,1018
202605071445,94000.0,94400.0,93900.0,94400.0,1110
202605071500,94200.0,95800.0,94100.0,94900.0,1326
202605071515,94800.0,95100.0,94700.0,95000.0,586
202605080900,94800.0,95400.0,94000.0,94000.0,1334
202605080915,94000.0,94200.0,93600.0,93800.0,437
202605080930,93800.0,94200.0,93700.0,94000.0,673
202605080945,94000.0,94100.0,93500.0,93600.0,498
202605081000,93600.0,93800.0,93500.0,93600.0,285
202605081015,93700.0,94800.0,93600.0,94000.0,802
202605081030,94000.0,94600.0,94000.0,94600.0,494
202605081045,94500.0,94600.0,94100.0,94200.0,416
202605081100,94300.0,94400.0,94100.0,94300.0,332
202605081115,94300.0,94600.0,94100.0,94600.0,870
202605081130,94500.0,95000.0,94500.0,94700.0,377
202605081145,94700.0,94900.0,94500.0,94600.0,450
202605081200,94500.0,94900.0,94500.0,94600.0,317
202605081215,94700.0,95300.0,94600.0,95000.0,534
202605081230,95100.0,95500.0,95100.0,95400.0,641
202605081245,95400.0,95500.0,95200.0,95500.0,432
202605081300,95300.0,95600.0,95200.0,95400.0,501
202605081315,95400.0,95500.0,95200.0,95300.0,602
202605081330,95200.0,95600.0,95200.0,95200.0,736
202605081345,95200.0,95300.0,95000.0,95200.0,547
202605081400,95200.0,95500.0,95100.0,95200.0,770
202605081415,95300.0,95300.0,94700.0,95000.0,425
202605081430,94900.0,95600.0,94600.0,95500.0,1516
202605081445,95500.0,96200.0,95100.0,95400.0,2489
202605081500,95500.0,95900.0,95400.0,95800.0,627
202605081515,95800.0,95900.0,95500.0,95900.0,416
202605110900,94700.0,95200.0,94400.0,94500.0,770
202605110915,94500.0,94700.0,94300.0,94500.0,592
202605110930,94500.0,94800.0,94000.0,94000.0,986
202605110945,94100.0,94200.0,93200.0,93400.0,912
202605111000,93300.0,94400.0,93300.0,94100.0,391
202605111015,94200.0,95400.0,93900.0,94900.0,916
202605111030,95000.0,95800.0,94900.0,95800.0,780
202605111045,95400.0,95800.0,95100.0,95800.0,653
202605111100,95600.0,95700.0,95000.0,95000.0,872
202605111115,95300.0,95700.0,94500.0,95300.0,1087
202605111130,95400.0,95600.0,95000.0,95000.0,500
202605111145,95200.0,95500.0,94900.0,94900.0,537
202605111200,95000.0,95500.0,94900.0,95300.0,786
202605111215,95400.0,95500.0,94800.0,95000.0,742
202605111230,95000.0,95300.0,94800.0,95200.0,545
202605111245,95000.0,95300.0,94500.0,94700.0,976
202605111300,94900.0,95400.0,94600.0,95100.0,594
202605111315,94900.0,95200.0,94800.0,94800.0,612
202605111330,94700.0,95500.0,94700.0,95200.0,761
202605111345,95100.0,95400.0,94600.0,94800.0,755
202605111400,94800.0,95100.0,94400.0,94700.0,622
202605111415,94700.0,95700.0,94500.0,94700.0,1313
202605111430,94700.0,94900.0,94400.0,94600.0,984
202605111445,94500.0,95300.0,94300.0,94400.0,1166
202605111500,94500.0,94900.0,94200.0,94500.0,767
202605111515,94500.0,95300.0,94200.0,95300.0,814
202605120900,94500.0,94500.0,93300.0,93300.0,2048
202605120915,93300.0,93400.0,92900.0,93200.0,933
202605120930,93000.0,93100.0,92800.0,92800.0,1054
202605120945,92800.0,93300.0,92800.0,93000.0,1072
202605121000,92900.0,93200.0,92600.0,93200.0,1695
202605121015,93200.0,93400.0,93000.0,93100.0,580
202605121030,93100.0,93100.0,92400.0,92400.0,2226
202605121045,92500.0,92600.0,91800.0,91900.0,2295
202605121100,91800.0,92600.0,91700.0,92600.0,1115
202605121115,92600.0,93300.0,92500.0,93000.0,749
202605121130,93100.0,93300.0,92900.0,93000.0,841
202605121145,93100.0,93200.0,92600.0,93000.0,506
202605121200,93000.0,93500.0,92900.0,93300.0,762
202605121215,93100.0,93400.0,92900.0,93000.0,612
202605121230,93000.0,93500.0,93000.0,93400.0,595
202605121245,93400.0,93500.0,93000.0,93400.0,549
202605121300,93300.0,93900.0,93300.0,93400.0,637
202605121315,93400.0,93600.0,93000.0,93200.0,1490
202605121330,93200.0,93200.0,92700.0,93200.0,892
202605121345,93200.0,94000.0,92700.0,93300.0,2003
202605121400,93200.0,93300.0,92750.0,93000.0,736
202605121415,93000.0,93300.0,92700.0,93000.0,961
202605121430,93000.0,93300.0,92800.0,93000.0,740
202605121445,92900.0,93800.0,92700.0,93400.0,1681
202605121500,93400.0,94200.0,93000.0,93800.0,2426
202605121515,93600.0,94000.0,93000.0,94000.0,546
202605130900,94100.0,94600.0,93700.0,94100.0,317
202605130915,94400.0,95100.0,94200.0,94500.0,1761
202605130930,94700.0,95400.0,94100.0,94300.0,931
202605130945,94300.0,95100.0,94000.0,94700.0,1478
202605131000,94700.0,95100.0,94100.0,94600.0,836
202605131015,94700.0,95200.0,94500.0,95200.0,259
202605131030,95200.0,95500.0,95000.0,95500.0,1368
202605131045,95200.0,96200.0,95200.0,96000.0,927
202605131100,95900.0,96500.0,95900.0,96100.0,1451
202605131115,95900.0,96500.0,95800.0,96200.0,497
202605131130,96200.0,96600.0,96100.0,96400.0,485
202605131145,96400.0,96500.0,96000.0,96400.0,282
202605131200,96400.0,96500.0,96000.0,96300.0,393
202605131215,96300.0,96400.0,94600.0,94900.0,2069
202605131230,94900.0,95200.0,94500.0,94800.0,791
202605131245,95000.0,95300.0,94000.0,94600.0,1238
202605131300,94400.0,96200.0,94200.0,95000.0,1729
202605131315,95100.0,95700.0,94700.0,95300.0,1200
202605131330,95100.0,95300.0,94500.0,94500.0,890
202605131345,94500.0,95200.0,94100.0,95200.0,1511
202605131400,94800.0,95200.0,94300.0,94700.0,1192
202605131415,94700.0,95200.0,94000.0,94200.0,1203
202605131430,94000.0,95000.0,93900.0,94200.0,1568
202605131445,94200.0,95200.0,93900.0,94400.0,2025
202605131500,94400.0,94600.0,94000.0,94300.0,725
202605131515,94400.0,95000.0,94000.0,94700.0,636
202605140900,94600.0,95000.0,93900.0,94200.0,392
202605140915,94300.0,94400.0,93600.0,93900.0,350
202605140930,93800.0,94700.0,93800.0,93900.0,218
202605140945,93800.0,94900.0,93700.0,94100.0,1515
202605141000,93900.0,96000.0,93900.0,95200.0,718
202605141015,95300.0,95700.0,95100.0,95300.0,327
202605141030,95200.0,95200.0,93900.0,94700.0,346
202605141045,94800.0,95200.0,94400.0,94600.0,1213
202605141100,94800.0,95000.0,94500.0,94800.0,288
202605141115,94800.0,95000.0,94500.0,94700.0,515
202605141130,94600.0,95300.0,94600.0,94800.0,1300
202605141145,95100.0,95600.0,94800.0,95100.0,918
202605141200,95300.0,95600.0,95100.0,95300.0,317
202605141215,95300.0,95700.0,95200.0,95200.0,264
202605141230,95500.0,95700.0,95100.0,95400.0,481
202605141245,95400.0,95700.0,95200.0,95700.0,418
202605141300,95500.0,95700.0,95300.0,95700.0,282
202605141315,95600.0,95900.0,95600.0,95800.0,590
202605141330,95700.0,96400.0,95700.0,96300.0,782
202605141345,96200.0,96400.0,96000.0,96300.0,613
202605141400,96300.0,96300.0,96000.0,96000.0,456
202605141415,96000.0,96600.0,95600.0,96400.0,1541
202605141430,96500.0,96500.0,95600.0,95700.0,301
202605141445,95900.0,96100.0,95400.0,96100.0,395
202605141500,96000.0,96300.0,95700.0,96300.0,373
202605141515,95800.0,96700.0,95700.0,96700.0,587
202605150900,96200.0,96700.0,95500.0,95700.0,424
202605150915,95800.0,96300.0,95100.0,95300.0,259
202605150930,95300.0,95400.0,94800.0,95300.0,464
202605150945,95000.0,96200.0,94900.0,95500.0,665
202605151000,95400.0,96400.0,95400.0,96000.0,1432
202605151015,96000.0,96300.0,95900.0,96200.0,408
202605151030,96100.0,96200.0,95500.0,95500.0,625
202605151045,95900.0,96100.0,95200.0,95700.0,446
202605151100,95700.0,95700.0,94700.0,95000.0,840
202605151115,94900.0,95200.0,94500.0,94900.0,716
202605151130,95000.0,95900.0,94900.0,95600.0,429
202605151145,95700.0,96000.0,95500.0,96000.0,408
202605151200,96000.0,96100.0,95600.0,96000.0,409
202605151215,96000.0,96300.0,95800.0,96000.0,405
202605151230,96000.0,97400.0,95800.0,97200.0,1049
202605151245,97200.0,97700.0,97100.0,97400.0,721
202605151300,97500.0,97600.0,97100.0,97400.0,1064
202605151315,97400.0,97400.0,96700.0,96900.0,595
202605151330,96800.0,96900.0,95800.0,96300.0,881
202605151345,96300.0,96300.0,95600.0,96000.0,1164
202605151400,96100.0,96800.0,95600.0,96800.0,1624
202605151415,96300.0,96500.0,95800.0,95800.0,600
202605151430,95700.0,95700.0,94500.0,94800.0,774
202605151445,94700.0,95000.0,94400.0,94500.0,1296
202605151500,94500.0,94900.0,94200.0,94600.0,880
202605151515,94500.0,95200.0,94400.0,95200.0,723
202605180900,94100.0,94600.0,92100.0,92150.0,812
202605180915,92200.0,94000.0,91700.0,92100.0,910
202605180930,92000.0,92100.0,91600.0,91600.0,550
202605180945,91600.0,92000.0,91400.0,92000.0,848
202605181000,92000.0,92700.0,92000.0,92400.0,925
202605181015,92400.0,92500.0,91900.0,92300.0,722
202605181030,92200.0,92500.0,91900.0,92500.0,449
202605181045,92000.0,92500.0,92000.0,92400.0,275
202605181100,92400.0,92400.0,91800.0,92100.0,308
202605181115,92100.0,92400.0,92000.0,92300.0,173
202605181130,92300.0,92300.0,91800.0,91900.0,237
202605181145,91900.0,92400.0,91600.0,92300.0,721
202605181200,92100.0,92300.0,91700.0,92100.0,280
202605181215,92100.0,92400.0,92000.0,92300.0,250
202605181230,92300.0,92500.0,92300.0,92400.0,182
202605181245,92500.0,92700.0,92200.0,92400.0,183
202605181300,92300.0,92800.0,92100.0,92800.0,617
202605181315,92800.0,92800.0,92100.0,92300.0,816
202605181330,92300.0,92600.0,92000.0,92300.0,259
202605181345,92200.0,92300.0,91800.0,91900.0,458
202605181400,92000.0,92300.0,92000.0,92100.0,283
202605181415,92100.0,92200.0,91700.0,92200.0,796
202605181430,92200.0,92300.0,92100.0,92200.0,49
202605181445,92300.0,92300.0,91800.0,92000.0,588
202605181500,92300.0,92400.0,91800.0,92100.0,494
202605181515,92300.0,92600.0,92200.0,92600.0,1293
202605190900,92600.0,92600.0,91700.0,92400.0,414
202605190915,92200.0,92600.0,91900.0,92200.0,486
202605190930,92500.0,92500.0,91600.0,91600.0,691
202605190945,91700.0,91900.0,91500.0,91700.0,790
202605191000,92000.0,92000.0,91500.0,91600.0,878
202605191015,91700.0,91800.0,91300.0,91700.0,1124
202605191030,91700.0,92200.0,91500.0,92000.0,414
202605191045,91900.0,91900.0,91200.0,91200.0,587
202605191100,91300.0,91300.0,91000.0,91000.0,405
202605191115,91100.0,91300.0,91000.0,91100.0,424
202605191130,91200.0,92400.0,91000.0,92000.0,1008
202605191145,91900.0,92100.0,91500.0,91600.0,231
202605191200,91600.0,92000.0,91300.0,91700.0,305
202605191215,91700.0,92000.0,91500.0,91900.0,189
202605191230,91900.0,92000.0,91600.0,91800.0,311
202605191245,91700.0,92000.0,91300.0,91800.0,490
202605191300,91600.0,92000.0,91500.0,91700.0,426
202605191315,91500.0,91800.0,91400.0,91400.0,235
202605191330,91400.0,91600.0,91300.0,91400.0,168
202605191345,91400.0,91500.0,91000.0,91000.0,650
202605191400,91100.0,91400.0,91000.0,91400.0,505
202605191415,91300.0,91600.0,91100.0,91400.0,550
202605191430,91400.0,91500.0,91100.0,91200.0,234
202605191445,91200.0,91500.0,91100.0,91200.0,433
202605191500,91200.0,91500.0,91100.0,91500.0,817
202605191515,91400.0,91800.0,91300.0,91800.0,617
202605200900,91500.0,91500.0,90100.0,90300.0,986
202605200915,90300.0,90600.0,89700.0,90100.0,1873
202605200930,90100.0,90100.0,89700.0,89700.0,420
202605200945,89700.0,90200.0,89600.0,90100.0,585
202605201000,89900.0,90400.0,89900.0,89900.0,319
202605201015,90000.0,90000.0,89400.0,89400.0,1060
202605201030,89500.0,89500.0,89300.0,89400.0,669
202605201045,89300.0,89500.0,89300.0,89500.0,320
202605201100,89300.0,89500.0,89200.0,89300.0,537
202605201115,89300.0,89600.0,89300.0,89300.0,511
202605201130,89300.0,89300.0,89000.0,89000.0,674
202605201145,89000.0,89100.0,88800.0,88800.0,404
202605201200,88800.0,88900.0,88700.0,88900.0,291
202605201215,88900.0,88900.0,88600.0,88600.0,206
202605201230,88700.0,88800.0,88500.0,88700.0,261
202605201245,88700.0,88800.0,88400.0,88800.0,340
202605201300,88700.0,89000.0,88700.0,88800.0,303
202605201315,88700.0,88900.0,88600.0,88600.0,268
202605201330,88700.0,89300.0,88500.0,88600.0,296
202605201345,88700.0,89000.0,88500.0,88600.0,695
202605201400,88500.0,88700.0,88500.0,88500.0,378
202605201415,88500.0,88600.0,88200.0,88300.0,870
202605201430,88200.0,88600.0,88200.0,88400.0,348
202605201445,88400.0,88400.0,88200.0,88400.0,391
202605201500,88400.0,88500.0,88200.0,88400.0,1245
202605201515,88400.0,88400.0,88200.0,88300.0,422
202605210900,89700.0,90100.0,89200.0,89700.0,505
202605210915,89600.0,90200.0,89400.0,90100.0,523
202605210930,90100.0,90800.0,89800.0,90400.0,861
202605210945,90500.0,90700.0,90400.0,90600.0,267
202605211000,90600.0,90600.0,90200.0,90400.0,297
202605211015,90400.0,90500.0,89800.0,90100.0,321
202605211030,90100.0,90500.0,89800.0,89900.0,884
202605211045,89900.0,90600.0,89900.0,90600.0,315
202605211100,90500.0,91100.0,90000.0,91100.0,791
202605211115,91000.0,91000.0,90600.0,90700.0,516
202605211130,90700.0,90800.0,90600.0,90800.0,288
202605211145,90700.0,90800.0,90700.0,90700.0,448
202605211200,90600.0,90800.0,90200.0,90200.0,382
202605211215,90200.0,90300.0,89900.0,90200.0,280
202605211230,90100.0,90200.0,89800.0,89800.0,200
202605211245,89800.0,89900.0,89600.0,89700.0,215
202605211300,89700.0,89700.0,89400.0,89400.0,285
202605211315,89400.0,89400.0,89000.0,89200.0,613
202605211330,89200.0,89600.0,89200.0,89300.0,752
202605211345,89200.0,89600.0,89200.0,89300.0,843
202605211400,89300.0,89600.0,89300.0,89300.0,778
202605211415,89400.0,89400.0,89200.0,89200.0,678
202605211430,89200.0,89600.0,89200.0,89400.0,1008
202605211445,89400.0,89500.0,89300.0,89300.0,884
202605211500,89300.0,89600.0,89300.0,89300.0,599
202605211515,89300.0,90000.0,89300.0,90000.0,1250
202605220900,90500.0,91300.0,90000.0,90500.0,304
202605220915,90500.0,91200.0,90300.0,91100.0,497
202605220930,91200.0,91600.0,90800.0,91000.0,551
202605220945,91100.0,91500.0,90900.0,91300.0,355
202605221000,91200.0,91400.0,90800.0,91100.0,306
202605221015,91000.0,91400.0,90800.0,91200.0,467
202605221030,91200.0,92500.0,90700.0,92100.0,1148
202605221045,92000.0,92100.0,90700.0,91000.0,723
202605221100,91000.0,91800.0,90600.0,91300.0,612
202605221115,91300.0,91800.0,91100.0,91600.0,1054
202605221130,91600.0,92000.0,91500.0,91800.0,617
202605221145,91800.0,92100.0,91200.0,91600.0,704
202605221200,91700.0,92000.0,91100.0,92000.0,599
202605221215,91800.0,92400.0,91300.0,91900.0,892
202605221230,92200.0,92400.0,91800.0,92200.0,554
202605221245,92300.0,92400.0,91200.0,92200.0,786
202605221300,91900.0,92400.0,91200.0,92000.0,937
202605221315,92100.0,92100.0,91300.0,91700.0,1162
202605221330,91600.0,91900.0,91400.0,91900.0,943
202605221345,91900.0,92200.0,91300.0,92000.0,1102
202605221400,91700.0,92000.0,91400.0,91800.0,843
202605221415,91600.0,92300.0,91300.0,91800.0,1106
202605221430,91900.0,92300.0,91800.0,91800.0,506
202605221445,92000.0,92400.0,91700.0,91900.0,902
202605221500,92000.0,92500.0,91800.0,92400.0,567
202605221515,92500.0,92700.0,91900.0,92600.0,1227
202605260900,92800.0,93900.0,91300.0,91600.0,1062
202605260915,91300.0,91600.0,91100.0,91300.0,837
202605260930,91200.0,91300.0,91000.0,91100.0,417
202605260945,91000.0,91200.0,90700.0,90800.0,1573
202605261000,90800.0,91200.0,90700.0,90800.0,616
202605261015,90800.0,91200.0,90800.0,90800.0,644
202605261030,90800.0,90900.0,89600.0,90200.0,2297
202605261045,90200.0,90600.0,90000.0,90200.0,500
202605261100,90500.0,90600.0,90000.0,90500.0,494
202605261115,90300.0,90500.0,90200.0,90500.0,506
202605261130,90400.0,90700.0,90200.0,90700.0,519
202605261145,90400.0,90700.0,90200.0,90500.0,484
202605261200,90500.0,90800.0,90200.0,90400.0,450
202605261215,90400.0,91000.0,90400.0,90400.0,484
202605261230,90400.0,90900.0,90400.0,90700.0,467
202605261245,90600.0,91000.0,90400.0,90800.0,625
202605261300,90800.0,91000.0,90600.0,90800.0,526
202605261315,90800.0,91000.0,90500.0,90500.0,598
202605261330,90500.0,91000.0,90400.0,90600.0,641
202605261345,90600.0,90900.0,90100.0,90300.0,1178
202605261400,90400.0,90700.0,90200.0,90400.0,571
202605261415,90500.0,90700.0,90200.0,90300.0,557
202605261430,90300.0,90700.0,90100.0,90500.0,563
202605261445,90300.0,90500.0,90100.0,90100.0,867
202605261500,90100.0,90400.0,90000.0,90000.0,702
202605261515,90000.0,90200.0,90000.0,90200.0,406
202605270900,90000.0,90000.0,89000.0,89200.0,2375
202605270915,89100.0,90000.0,88750.0,90000.0,1015
202605270930,89700.0,90100.0,89600.0,89700.0,1236
202605270945,89600.0,90100.0,89150.0,89700.0,750
202605271000,89900.0,90600.0,89600.0,89800.0,712
202605271015,89800.0,90400.0,89600.0,90300.0,1639
202605271030,90200.0,90300.0,89800.0,90200.0,444
202605271045,89900.0,90200.0,89800.0,89850.0,428
202605271100,89800.0,90000.0,89700.0,90000.0,499
202605271115,89900.0,90000.0,89600.0,89800.0,376
202605271130,89700.0,89800.0,89500.0,89600.0,369
202605271145,89600.0,89900.0,89500.0,89600.0,614
202605271200,89600.0,90200.0,89600.0,90200.0,579
202605271215,90100.0,90200.0,90000.0,90000.0,859
202605271230,90000.0,90200.0,89800.0,89800.0,919
202605271245,90000.0,90100.0,89700.0,90000.0,438
202605271300,89700.0,90100.0,89600.0,89700.0,410
202605271315,89750.0,90000.0,89600.0,89700.0,435
202605271330,89700.0,90000.0,89600.0,89600.0,930
202605271345,89600.0,89900.0,89500.0,89600.0,456
202605271400,89600.0,89900.0,89600.0,89600.0,380
202605271415,89600.0,89800.0,89500.0,89700.0,525
202605271430,89600.0,89800.0,89100.0,89600.0,2220
202605271445,89200.0,90300.0,89200.0,90300.0,1699
202605271500,90100.0,90300.0,89800.0,90300.0,1888
202605271515,90200.0,90600.0,89900.0,90600.0,858
202605280900,90000.0,90300.0,89300.0,89300.0,232
202605280915,89250.0,89600.0,89000.0,89300.0,634
202605280930,89100.0,89200.0,88900.0,88900.0,196
202605280945,88900.0,89000.0,88700.0,88800.0,466
202605281000,88800.0,88900.0,88600.0,88900.0,403
202605281015,88800.0,88900.0,88600.0,88700.0,601
202605281030,88700.0,88900.0,88500.0,88900.0,849
202605281045,88800.0,88900.0,88700.0,88900.0,680
202605281100,88800.0,89400.0,88800.0,89400.0,993
202605281115,89400.0,89400.0,89200.0,89200.0,339
202605281130,89200.0,89300.0,89000.0,89100.0,638
202605281145,89100.0,89100.0,89000.0,89000.0,430
202605281200,89100.0,89100.0,88800.0,89100.0,542
202605281215,89100.0,89200.0,88800.0,89100.0,638
202605281230,89100.0,89100.0,88700.0,88700.0,942
202605281245,88800.0,89000.0,88700.0,88800.0,675
202605281300,88900.0,89000.0,88700.0,88700.0,1888
202605281315,88800.0,89100.0,88700.0,88800.0,2174
202605281330,88700.0,89400.0,88700.0,89200.0,1033
202605281345,89200.0,89600.0,89200.0,89200.0,396
202605281400,89300.0,89600.0,89200.0,89400.0,634
202605281415,89500.0,89800.0,89300.0,89700.0,320
202605281430,89700.0,90300.0,89500.0,90200.0,527
202605281445,90150.0,90300.0,89700.0,90000.0,570
202605281500,90000.0,90200.0,89700.0,90200.0,433
202605281515,90100.0,90300.0,89800.0,90300.0,517
202605290900,90200.0,90200.0,89400.0,89700.0,211
202605290915,89700.0,89800.0,88800.0,88800.0,522
202605290930,88700.0,88800.0,88300.0,88300.0,603
202605290945,88300.0,88500.0,88200.0,88500.0,453
202605291000,88500.0,88600.0,88200.0,88400.0,515
202605291015,88500.0,89300.0,88500.0,89300.0,1171
202605291030,89300.0,89500.0,89200.0,89400.0,365
202605291045,89400.0,89500.0,89000.0,89100.0,673
202605291100,89100.0,89300.0,89000.0,89000.0,310
202605291115,89000.0,89100.0,89000.0,89000.0,1240
202605291130,89100.0,89200.0,89000.0,89100.0,354
202605291145,89000.0,89200.0,89000.0,89000.0,431
202605291200,89000.0,89200.0,89000.0,89100.0,1212
202605291215,89000.0,89300.0,89000.0,89100.0,610
202605291230,89100.0,89700.0,89100.0,89400.0,914
202605291245,89300.0,89400.0,89000.0,89300.0,375
202605291300,89300.0,90500.0,89000.0,90300.0,1206
202605291315,90300.0,90400.0,89400.0,89800.0,1624
202605291330,89800.0,89800.0,89200.0,89400.0,448
202605291345,89500.0,89800.0,89100.0,89400.0,511
202605291400,89200.0,89900.0,89200.0,89800.0,660
202605291415,89800.0,89900.0,89200.0,89500.0,479
202605291430,89500.0,90300.0,89200.0,90100.0,1081
202605291445,90100.0,90200.0,89600.0,90000.0,1292
202605291500,90000.0,90200.0,89400.0,90000.0,1157
202605291515,90100.0,90300.0,89700.0,90300.0,1215
202606010900,88800.0,89300.0,88300.0,88400.0,744
202606010915,88350.0,89600.0,88350.0,89000.0,501
202606010930,89050.0,89200.0,88700.0,88850.0,933
202606010945,88850.0,89400.0,88700.0,89200.0,951
202606011000,89200.0,89400.0,88900.0,89100.0,856
202606011015,89200.0,89600.0,89150.0,89300.0,511
202606011030,89300.0,89300.0,88900.0,89100.0,794
202606011045,89200.0,89500.0,89000.0,89500.0,491
202606011100,89500.0,89500.0,89200.0,89300.0,568
202606011115,89300.0,89300.0,89000.0,89200.0,622
202606011130,89100.0,89300.0,89000.0,89100.0,529
202606011145,89100.0,89300.0,88900.0,89100.0,829
202606011200,88900.0,89400.0,88900.0,89100.0,524
202606011215,89100.0,89400.0,89050.0,89100.0,597
202606011230,89150.0,89300.0,89100.0,89100.0,645
202606011245,89100.0,89400.0,89100.0,89300.0,704
202606011300,89200.0,89400.0,89000.0,89200.0,677
202606011315,89300.0,89300.0,88900.0,89100.0,786
202606011330,88950.0,89200.0,88900.0,89100.0,930
202606011345,89100.0,89300.0,88900.0,89100.0,744
202606011400,89100.0,89400.0,89000.0,89300.0,746
202606011415,89400.0,89800.0,89200.0,89500.0,470
202606011430,89500.0,89800.0,89200.0,89300.0,507
202606011445,89300.0,89600.0,89200.0,89200.0,711
202606011500,89250.0,89250.0,88500.0,88500.0,664
202606011515,88500.0,89600.0,88500.0,89600.0,792
202606020900,88400.0,88400.0,87600.0,87700.0,1342
202606020915,87700.0,88700.0,87400.0,87400.0,974
202606020930,87400.0,88100.0,87400.0,88000.0,919
202606020945,88000.0,88200.0,87600.0,87900.0,645
202606021000,87900.0,88600.0,87800.0,88500.0,677
202606021015,88500.0,88500.0,88000.0,88200.0,406
202606021030,88200.0,88300.0,88100.0,88300.0,546
202606021045,88300.0,88500.0,88000.0,88100.0,377
202606021100,88100.0,88200.0,87800.0,87900.0,537
202606021115,87800.0,88100.0,87800.0,87900.0,385
202606021130,87800.0,88000.0,87700.0,87900.0,533
202606021145,87900.0,88000.0,87600.0,87700.0,682
202606021200,87800.0,88600.0,87600.0,88200.0,1447
202606021215,88100.0,88300.0,87700.0,87900.0,549
202606021230,87800.0,88100.0,87700.0,87900.0,549
202606021245,87800.0,88000.0,87600.0,87800.0,532
202606021300,87900.0,88000.0,87600.0,87900.0,480
202606021315,87800.0,88000.0,87600.0,87900.0,485
202606021330,88000.0,88000.0,87700.0,87900.0,558
202606021345,87800.0,88000.0,87700.0,87900.0,528
202606021400,87900.0,88100.0,87800.0,87800.0,475
202606021415,88000.0,88300.0,87700.0,88100.0,667
202606021430,88100.0,88400.0,88000.0,88100.0,998
202606021445,88200.0,88400.0,88100.0,88100.0,601
202606021500,88200.0,88200.0,87600.0,88000.0,644
202606021515,87600.0,88300.0,87600.0,88300.0,939
202606040900,87600.0,87900.0,86600.0,86700.0,1079
202606040915,86700.0,86900.0,86700.0,86800.0,492
202606040930,86800.0,86800.0,86500.0,86500.0,791
202606040945,86600.0,86600.0,86300.0,86300.0,789
202606041000,86300.0,86500.0,86100.0,86100.0,1075
202606041015,86100.0,86100.0,85300.0,85500.0,1958
202606041030,85500.0,86000.0,85500.0,85900.0,1030
202606041045,85900.0,85900.0,85600.0,85800.0,597
202606041100,85800.0,85900.0,85700.0,85700.0,1034
202606041115,85700.0,85800.0,85500.0,85500.0,872
202606041130,85500.0,85600.0,85500.0,85500.0,539
202606041145,85500.0,85600.0,85300.0,85300.0,570
202606041200,85300.0,85500.0,85300.0,85400.0,666
202606041215,85400.0,85600.0,85300.0,85400.0,615
202606041230,85400.0,85500.0,85300.0,85300.0,586
202606041245,85300.0,85400.0,85200.0,85300.0,825
202606041300,85200.0,85300.0,85100.0,85100.0,879
202606041315,85100.0,85200.0,84800.0,84900.0,2764
202606041330,84900.0,85200.0,84900.0,85000.0,1019
202606041345,85000.0,85200.0,85000.0,85000.0,760
202606041400,85000.0,85800.0,85000.0,85400.0,1794
202606041415,85300.0,85300.0,85000.0,85100.0,970
202606041430,85000.0,85700.0,85000.0,85200.0,910
202606041445,85200.0,85800.0,85200.0,85600.0,1015
202606041500,85500.0,86400.0,85400.0,85400.0,2471
202606041515,85500.0,86400.0,85400.0,86400.0,750
202606050900,85900.0,86100.0,85500.0,85900.0,413
202606050915,86000.0,86200.0,85900.0,86000.0,1125
202606050930,86000.0,86200.0,85700.0,85800.0,393
202606050945,85800.0,85800.0,85300.0,85400.0,404
202606051000,85300.0,85300.0,85100.0,85100.0,482
202606051015,85100.0,85100.0,84600.0,84700.0,748
202606051030,84700.0,85000.0,84500.0,84600.0,312
202606051045,84600.0,85000.0,84600.0,85000.0,470
202606051100,84800.0,85200.0,84700.0,85000.0,324
202606051115,84900.0,85000.0,84800.0,84800.0,241
202606051130,84800.0,84900.0,84500.0,84600.0,344
202606051145,84600.0,84700.0,84400.0,84600.0,271
202606051200,84700.0,84800.0,84400.0,84400.0,458
202606051215,84500.0,84600.0,84400.0,84400.0,289
202606051230,84500.0,84500.0,84000.0,84100.0,601
202606051245,84300.0,84300.0,84100.0,84200.0,236
202606051300,84100.0,84300.0,84100.0,84200.0,352
202606051315,84100.0,84400.0,84100.0,84300.0,433
202606051330,84300.0,84600.0,84300.0,84400.0,371
202606051345,84300.0,85200.0,84300.0,84800.0,469
202606051400,84700.0,85700.0,84600.0,85600.0,1303
202606051415,85400.0,85800.0,85300.0,85400.0,1105
202606051430,85400.0,86000.0,85400.0,85800.0,1686
202606051445,85500.0,86000.0,85300.0,85400.0,1117
202606051500,85500.0,85500.0,85000.0,85200.0,666
202606051515,85500.0,85500.0,84900.0,85300.0,620
202606080900,82900.0,83000.0,82100.0,82500.0,189
202606080930,82200.0,82700.0,81600.0,81800.0,2003
202606080945,81800.0,81900.0,81200.0,81300.0,373
202606081000,81300.0,81700.0,81300.0,81400.0,349
202606081015,81400.0,81400.0,81100.0,81100.0,475
202606081030,81100.0,81300.0,81000.0,81100.0,1206
202606081045,81100.0,81200.0,80900.0,80900.0,1236
202606081100,80900.0,81000.0,80200.0,80600.0,974
202606081115,80500.0,80800.0,80300.0,80400.0,993
202606081130,80500.0,80700.0,80300.0,80700.0,896
202606081145,80800.0,81000.0,80500.0,80700.0,1219
202606081200,80500.0,80600.0,80200.0,80200.0,2072
202606081215,80300.0,80300.0,80000.0,80300.0,744
202606081230,80200.0,80300.0,80000.0,80100.0,560
202606081245,80100.0,80200.0,79900.0,80000.0,1088
202606081300,80000.0,80100.0,79500.0,80100.0,1637
202606081315,80200.0,80300.0,80000.0,80100.0,573
202606081330,80100.0,80800.0,80100.0,80300.0,896
202606081345,80200.0,80400.0,80200.0,80200.0,367
202606081400,80200.0,80300.0,80000.0,80000.0,733
202606081415,80000.0,80200.0,79800.0,79900.0,1154
202606081430,79900.0,79900.0,79600.0,79700.0,465
202606081445,79700.0,81100.0,79700.0,80800.0,2525
202606081500,80900.0,81600.0,80400.0,80800.0,3338
202606081515,80800.0,81000.0,80800.0,80800.0,2007
202606090900,81400.0,81400.0,79800.0,79800.0,262
202606090915,79800.0,82800.0,79800.0,82300.0,333
202606090930,82300.0,83200.0,81900.0,83200.0,698
202606090945,83000.0,83900.0,82800.0,83600.0,626
202606091000,83500.0,83800.0,82800.0,82900.0,704
202606091015,82900.0,84200.0,82900.0,83500.0,678
202606091030,83500.0,83500.0,83100.0,83100.0,436
202606091045,83200.0,83600.0,82900.0,83600.0,1080
202606091100,83500.0,84000.0,83500.0,83800.0,512
202606091115,83700.0,84000.0,83500.0,83500.0,1654
202606091130,83600.0,84100.0,83600.0,83900.0,528
202606091145,83900.0,84200.0,83700.0,83800.0,393
202606091200,84000.0,84100.0,83600.0,83800.0,270
202606091215,83700.0,83900.0,83700.0,83700.0,365
202606091230,83700.0,83800.0,83600.0,83700.0,406
202606091245,83700.0,83900.0,83600.0,83800.0,277
202606091300,83600.0,83800.0,83600.0,83700.0,280
202606091315,83600.0,83700.0,83500.0,83500.0,1090
202606091330,83600.0,83600.0,82900.0,83200.0,531
202606091345,83200.0,83500.0,82800.0,83000.0,362
202606091400,83000.0,83500.0,82900.0,83300.0,428
202606091415,83200.0,83400.0,82800.0,82900.0,573
202606091430,82900.0,83000.0,82500.0,82600.0,323
202606091445,82600.0,83000.0,82600.0,83000.0,614
202606091500,82800.0,83500.0,82600.0,83400.0,483
202606091515,83400.0,83800.0,83100.0,83200.0,538
202606100900,82300.0,82900.0,81400.0,82300.0,323
202606100915,82300.0,82800.0,82100.0,82100.0,236
202606100930,82100.0,82700.0,82100.0,82400.0,242
202606100945,82400.0,82700.0,82300.0,82500.0,357
202606101000,82500.0,82700.0,82300.0,82400.0,803
202606101015,82400.0,82500.0,82300.0,82400.0,196
202606101030,82400.0,82600.0,82100.0,82100.0,569
202606101045,82100.0,82500.0,82000.0,82100.0,289
202606101100,82100.0,82200.0,81700.0,81700.0,207
202606101115,81600.0,82100.0,81400.0,81400.0,442
202606101130,81400.0,81900.0,81300.0,81300.0,264
202606101145,81300.0,81600.0,81300.0,81400.0,225
202606101200,81400.0,82200.0,81300.0,81500.0,607
202606101215,81600.0,82200.0,81600.0,81600.0,609
202606101230,81700.0,81700.0,81600.0,81700.0,242
202606101245,81600.0,83200.0,81500.0,83100.0,1222
202606101300,83000.0,83200.0,82200.0,82700.0,1241
202606101315,82800.0,83400.0,82200.0,82500.0,872
202606101330,82300.0,82500.0,81900.0,81900.0,952
202606101345,81700.0,82000.0,81700.0,81800.0,770
202606101400,81800.0,82200.0,81600.0,82100.0,764
202606101415,82000.0,82800.0,81700.0,82000.0,1231
202606101430,82100.0,82200.0,81500.0,82000.0,448
202606101445,81900.0,82000.0,81500.0,81800.0,260
202606101500,81800.0,82700.0,81500.0,82600.0,310
202606101515,82300.0,82600.0,82300.0,82600.0,139
202606110900,81100.0,81500.0,80900.0,81200.0,263
202606110915,81200.0,81600.0,81200.0,81400.0,123
202606110930,81500.0,82000.0,81200.0,81700.0,132
202606110945,81500.0,82100.0,81500.0,81900.0,184
202606111000,81800.0,82000.0,81600.0,81800.0,177
202606111015,81600.0,82000.0,81400.0,81400.0,356
202606111030,81300.0,81800.0,81300.0,81600.0,93
202606111045,81800.0,82100.0,81600.0,82100.0,126
202606111100,81800.0,83300.0,81800.0,82200.0,954
202606111115,82200.0,82300.0,81600.0,81600.0,227
202606111130,81600.0,82000.0,81600.0,81800.0,129
202606111145,81800.0,82200.0,81600.0,81700.0,122
202606111200,81700.0,81800.0,81600.0,81800.0,82
202606111215,81700.0,82900.0,81600.0,82100.0,285
202606111230,82100.0,82400.0,81400.0,82000.0,737
202606111245,82300.0,82300.0,81900.0,82000.0,75
202606111300,82000.0,82400.0,82000.0,82100.0,112
202606111315,82100.0,82400.0,81900.0,82100.0,274
202606111330,82100.0,82100.0,81500.0,81900.0,344
202606111345,81900.0,82000.0,81700.0,81800.0,369
202606111400,81700.0,82000.0,81500.0,81900.0,413
202606111415,81900.0,82100.0,81700.0,81900.0,455
202606111430,81800.0,82100.0,81800.0,81800.0,517
202606111445,81800.0,82300.0,81800.0,81900.0,482
202606111500,81900.0,82100.0,81700.0,82000.0,390
202606111515,81900.0,82800.0,81800.0,82400.0,313
202606120900,84100.0,84100.0,82700.0,82800.0,225
202606120915,82800.0,83400.0,82700.0,83300.0,154
202606120930,83450.0,83600.0,83000.0,83000.0,390
202606120945,83000.0,83100.0,82900.0,82900.0,139
202606121000,83000.0,83100.0,82900.0,82900.0,152
202606121015,83100.0,83500.0,82900.0,83200.0,389
202606121030,83200.0,84200.0,83000.0,83700.0,763
202606121045,83600.0,84200.0,83500.0,83500.0,1271
202606121100,83500.0,83900.0,83100.0,83400.0,369
202606121115,83400.0,84200.0,83300.0,84200.0,1704
202606121130,83900.0,84200.0,83400.0,83700.0,3126
202606121145,83700.0,83800.0,82800.0,83400.0,2306
202606121200,83200.0,83500.0,82800.0,82800.0,1434
202606121215,82800.0,83000.0,82800.0,82900.0,398
202606121230,82900.0,83000.0,82600.0,82900.0,1066
202606121245,82900.0,83000.0,82600.0,82700.0,943
202606121300,82700.0,82900.0,82700.0,82800.0,256
202606121315,82800.0,83000.0,82700.0,82800.0,310
202606121330,82850.0,82900.0,82200.0,82300.0,1252
202606121345,82300.0,82500.0,82200.0,82400.0,982
202606121400,82300.0,82500.0,82000.0,82300.0,1067
202606121415,82300.0,82500.0,82200.0,82400.0,320
202606121430,82300.0,82500.0,81800.0,82000.0,1879
202606121445,81800.0,81900.0,81600.0,81900.0,1438
202606121500,81900.0,82200.0,81700.0,82200.0,996
202606121515,82200.0,82300.0,81900.0,82100.0,1776
202606150900,83200.0,83900.0,82500.0,82500.0,511
202606150915,82500.0,83300.0,82400.0,83100.0,275
202606150930,83200.0,83900.0,83000.0,83700.0,775
202606150945,83700.0,84100.0,83700.0,83900.0,573
202606151000,84000.0,84800.0,84000.0,84400.0,549
202606151015,84200.0,84300.0,83800.0,84000.0,1491
202606151030,83900.0,84500.0,83900.0,84400.0,513
202606151045,84500.0,84500.0,84100.0,84100.0,436
202606151100,84100.0,84200.0,83600.0,83600.0,372
202606151115,83700.0,83800.0,83600.0,83600.0,415
202606151130,83650.0,84200.0,83600.0,84200.0,439
202606151145,84200.0,84300.0,84000.0,84200.0,457
202606151200,84200.0,84400.0,84000.0,84100.0,356
202606151215,84000.0,84200.0,84000.0,84200.0,422
202606151230,84150.0,84400.0,84100.0,84100.0,391
202606151245,84200.0,84200.0,84000.0,84100.0,418
202606151300,84000.0,84200.0,83900.0,84200.0,774
202606151315,84100.0,84200.0,83900.0,83900.0,428
202606151330,84000.0,84100.0,83900.0,84000.0,499
202606151345,84000.0,84100.0,83900.0,84000.0,575
202606151400,84000.0,84100.0,83900.0,83900.0,444
202606151415,84100.0,84500.0,83900.0,84100.0,671
202606151430,84100.0,84500.0,84000.0,84100.0,650
202606151445,84100.0,84500.0,84000.0,84300.0,628
202606151500,84300.0,84600.0,84100.0,84400.0,472
202606151515,84700.0,84800.0,84400.0,84800.0,2140
202606160900,85300.0,85300.0,83700.0,84300.0,655
202606160915,84200.0,85300.0,84000.0,85100.0,664
202606160930,84800.0,85400.0,83900.0,85400.0,423
202606160945,85400.0,85400.0,84900.0,85000.0,868
202606161000,85100.0,86200.0,85000.0,86000.0,941
202606161015,85900.0,86000.0,85200.0,85600.0,889
202606161030,85700.0,85800.0,85200.0,85300.0,349
202606161045,85300.0,85700.0,85300.0,85300.0,187
202606161100,85600.0,86000.0,85400.0,85600.0,267
202606161115,85800.0,85900.0,85300.0,85700.0,191
202606161130,85800.0,86000.0,85300.0,85900.0,248
202606161145,85700.0,85800.0,85300.0,85400.0,184
202606161200,85500.0,85500.0,85200.0,85200.0,238
202606161215,85500.0,85800.0,85300.0,85800.0,243
202606161230,85400.0,85800.0,85300.0,85300.0,223
202606161245,85500.0,85800.0,85200.0,85300.0,301
202606161300,85500.0,85600.0,85200.0,85400.0,305
202606161315,85500.0,85700.0,85100.0,85100.0,669
202606161330,85200.0,85400.0,85100.0,85100.0,788
202606161345,85100.0,85800.0,85100.0,85800.0,547
202606161400,85700.0,85800.0,85200.0,85600.0,495
202606161415,85600.0,85700.0,85300.0,85400.0,257
202606161430,85500.0,85800.0,85300.0,85400.0,314
202606161445,85700.0,86000.0,85300.0,85700.0,866
202606161500,85700.0,86200.0,85700.0,86100.0,322
202606161515,85900.0,86200.0,85800.0,85900.0,254
202606170900,85700.0,86000.0,84400.0,84700.0,232
202606170915,84700.0,85100.0,84700.0,84700.0,130
202606170930,84800.0,86100.0,84600.0,86100.0,304
202606170945,85100.0,86100.0,85000.0,85100.0,146
202606171000,85200.0,86100.0,85000.0,85600.0,174
202606171015,85600.0,85800.0,85300.0,85500.0,129
202606171030,85500.0,85800.0,85500.0,85500.0,222
202606171045,85500.0,86100.0,85500.0,85600.0,142
202606171100,85600.0,86300.0,85500.0,86300.0,170
202606171115,86100.0,86300.0,85800.0,86100.0,262
202606171130,86100.0,86400.0,85800.0,86200.0,339
202606171145,86200.0,86500.0,86000.0,86500.0,339
202606171200,86300.0,86300.0,85800.0,86000.0,195
202606171215,86200.0,86300.0,85800.0,86100.0,698
202606171230,86200.0,86800.0,86000.0,86200.0,1293
202606171245,86200.0,86300.0,85900.0,85900.0,259
202606171300,85900.0,86800.0,85500.0,85500.0,569
202606171315,85500.0,86000.0,85100.0,85800.0,1231
202606171330,85400.0,86000.0,85000.0,85100.0,1288
202606171345,85100.0,85500.0,84800.0,84800.0,1259
202606171400,84850.0,85500.0,84700.0,84800.0,1314
202606171415,84800.0,85000.0,84400.0,84800.0,1337
202606171430,84600.0,84900.0,84300.0,84500.0,1271
202606171445,84400.0,85100.0,84200.0,84200.0,1289
202606171500,84500.0,84800.0,84000.0,84200.0,1106
202606171515,84000.0,84500.0,84000.0,84100.0,424
202606180900,83800.0,84000.0,83200.0,84000.0,350
202606180915,83700.0,84100.0,83300.0,83300.0,422
202606180930,83300.0,84300.0,83300.0,84000.0,499
202606180945,83900.0,84400.0,83700.0,84100.0,506
202606181000,84100.0,84300.0,84000.0,84000.0,287
202606181015,84000.0,84200.0,83700.0,84000.0,458
202606181030,84000.0,84200.0,83700.0,83900.0,1068
202606181045,83800.0,84200.0,83600.0,83700.0,517
202606181100,83800.0,84100.0,83600.0,83700.0,494
202606181115,83800.0,84000.0,83600.0,84000.0,460
202606181130,84000.0,84100.0,83600.0,83600.0,665
202606181145,83600.0,84100.0,83600.0,83900.0,485
202606181200,83800.0,84100.0,83800.0,83900.0,1161
202606181215,83900.0,84200.0,83800.0,83900.0,573
202606181230,84000.0,84200.0,83900.0,84000.0,601
202606181245,84000.0,84200.0,84000.0,84000.0,383
202606181300,84000.0,84100.0,84000.0,84000.0,363
202606181315,84000.0,84100.0,83800.0,84000.0,511
202606181330,84000.0,84100.0,83600.0,83600.0,550
202606181345,83700.0,84100.0,83700.0,84000.0,367
202606181400,84000.0,84100.0,83600.0,83700.0,502
202606181415,83600.0,84000.0,83500.0,83500.0,624
202606181430,83500.0,84100.0,83500.0,83900.0,514
202606181445,83600.0,84000.0,83500.0,83600.0,570
202606181500,83500.0,84000.0,83500.0,84000.0,312
202606181515,83600.0,84200.0,83500.0,84200.0,659
202606190900,83500.0,83500.0,82400.0,82400.0,810
202606190915,82400.0,82600.0,81800.0,82200.0,1008
202606190930,82100.0,82700.0,82100.0,82300.0,1107
202606190945,82300.0,82600.0,81900.0,82100.0,866
202606191000,81900.0,82100.0,81800.0,81800.0,365
202606191015,81900.0,82200.0,81700.0,81800.0,706
202606191030,81700.0,81700.0,81400.0,81500.0,706
202606191045,81500.0,81700.0,81400.0,81600.0,341
202606191100,81500.0,81700.0,81500.0,81600.0,599
202606191115,81600.0,81700.0,81400.0,81500.0,330
202606191130,81600.0,81700.0,81000.0,81000.0,720
202606191145,81000.0,81100.0,80800.0,80800.0,577
202606191200,80800.0,81300.0,80600.0,80900.0,683
202606191215,80800.0,81000.0,80100.0,80500.0,1818
202606191230,80400.0,80600.0,79900.0,80200.0,1040
202606191245,80000.0,80300.0,79300.0,79400.0,1361
202606191300,79400.0,79800.0,79200.0,79300.0,1596
202606191315,79300.0,80000.0,79300.0,79600.0,1505
202606191330,79600.0,79600.0,79300.0,79400.0,1491
202606191345,79400.0,79800.0,79300.0,79600.0,1376
202606191400,79700.0,79900.0,79400.0,79500.0,1350
202606191415,79500.0,79700.0,79400.0,79500.0,1346
202606191430,79600.0,79900.0,79500.0,79900.0,1387
202606191445,79900.0,80100.0,79500.0,79800.0,1623
202606191500,79900.0,80500.0,79600.0,80000.0,5115
202606191515,80000.0,80300.0,79600.0,79600.0,4387
202606220900,79700.0,79800.0,79200.0,79400.0,405
202606220915,79400.0,79700.0,79300.0,79400.0,255
202606220930,79400.0,79500.0,79000.0,79200.0,418
202606220945,79100.0,79200.0,78900.0,79100.0,864
202606221000,79100.0,79100.0,78600.0,78600.0,964
202606221015,78600.0,79000.0,78500.0,78500.0,529
202606221030,78600.0,78700.0,78300.0,78400.0,354
202606221045,78400.0,78500.0,78100.0,78200.0,355
202606221100,78200.0,78200.0,77700.0,77900.0,661
202606221115,77700.0,77800.0,77600.0,77700.0,662
202606221130,77700.0,78400.0,77600.0,77900.0,446
202606221145,77900.0,78000.0,77800.0,78000.0,181
202606221200,78000.0,78200.0,78000.0,78200.0,186
202606221215,78200.0,78300.0,78100.0,78300.0,151
202606221230,78200.0,78200.0,77900.0,77900.0,363
202606221245,78000.0,78100.0,77800.0,78100.0,235
202606221300,78100.0,78900.0,78100.0,78800.0,453
202606221315,78800.0,78900.0,78600.0,78600.0,470
202606221330,78700.0,78800.0,78400.0,78600.0,575
202606221345,78500.0,78900.0,78400.0,78600.0,611
202606221400,78600.0,78900.0,78400.0,78800.0,1289
202606221415,78800.0,78900.0,78600.0,78600.0,543
202606221430,78600.0,78700.0,78600.0,78600.0,482
202606221445,78700.0,78700.0,78400.0,78600.0,655
202606221500,78500.0,79100.0,78500.0,78900.0,1523
202606221515,78900.0,79000.0,78800.0,78900.0,404
202606230900,78100.0,79300.0,78100.0,78900.0,492
202606230915,78900.0,79000.0,78100.0,78700.0,338
202606230930,78800.0,79500.0,78600.0,79200.0,888
202606230945,79200.0,79300.0,78600.0,79000.0,453
202606231000,78900.0,79500.0,78500.0,79000.0,840
202606231015,79000.0,79800.0,78800.0,79700.0,1162
202606231030,79700.0,80000.0,79100.0,79100.0,1031
202606231045,79100.0,79200.0,78800.0,78800.0,402
202606231100,78800.0,79000.0,78600.0,78700.0,288
202606231115,78700.0,78900.0,78600.0,78700.0,146
202606231130,78700.0,79100.0,78600.0,78900.0,148
202606231145,78900.0,79000.0,78400.0,78500.0,342
202606231200,78500.0,78600.0,78000.0,78400.0,2245
202606231215,78100.0,78400.0,78000.0,78100.0,217
202606231230,78100.0,78200.0,77900.0,78000.0,437
202606231245,78000.0,79000.0,77600.0,78400.0,1054
202606231300,78300.0,78600.0,78200.0,78400.0,183
202606231315,78300.0,79500.0,78200.0,78400.0,457
202606231330,78400.0,79000.0,78200.0,78500.0,308
202606231345,78400.0,78700.0,78200.0,78700.0,335
202606231400,78400.0,78500.0,78000.0,78000.0,296
202606231415,78100.0,78200.0,77700.0,77900.0,424
202606231430,77700.0,78000.0,77700.0,77700.0,30
202606231500,77700.0,77900.0,77300.0,77300.0,1294
202606231515,77200.0,77500.0,76500.0,76500.0,806
202606240900,76500.0,76600.0,75500.0,75600.0,436
202606240915,75500.0,75700.0,75200.0,75300.0,1092
202606240930,75200.0,76400.0,75200.0,76000.0,402
202606240945,76000.0,76800.0,75800.0,76600.0,554
202606241000,76600.0,76800.0,76400.0,76600.0,262
202606241015,76600.0,77400.0,76500.0,77100.0,456
202606241030,77100.0,78300.0,77100.0,78000.0,630
202606241045,77900.0,78500.0,77600.0,78500.0,202
202606241100,78400.0,78700.0,78400.0,78500.0,129
202606241115,78600.0,78600.0,78400.0,78400.0,603
202606241130,78500.0,78600.0,77600.0,77800.0,870
202606241145,77900.0,78000.0,77000.0,77100.0,322
202606241200,77300.0,77300.0,76900.0,77200.0,230
202606241215,77300.0,78200.0,76600.0,77600.0,745
202606241230,77500.0,78400.0,77500.0,78200.0,313
202606241245,78200.0,78200.0,77600.0,77900.0,262
202606241300,77700.0,77700.0,77100.0,77500.0,231
202606241315,77400.0,77500.0,76500.0,76500.0,369
202606241330,76500.0,77100.0,76500.0,76700.0,309
202606241345,76700.0,77600.0,76700.0,76900.0,286
202606241400,76900.0,77800.0,76700.0,77400.0,406
202606241415,77300.0,77800.0,77000.0,77300.0,571
202606241430,77500.0,77900.0,77400.0,77400.0,236
202606241445,77400.0,77600.0,77000.0,77600.0,375
202606241500,77300.0,77700.0,77300.0,77400.0,393
202606241515,77800.0,78000.0,77400.0,78000.0,784
202606250900,78300.0,78600.0,77000.0,77800.0,315
202606250915,77800.0,77900.0,77500.0,77900.0,172
202606250930,77500.0,78200.0,77500.0,78200.0,397
202606250945,78200.0,78200.0,77600.0,77600.0,1188
202606251000,77600.0,77700.0,77500.0,77500.0,213
202606251015,77500.0,77500.0,77200.0,77400.0,287
202606251030,77300.0,77500.0,77300.0,77400.0,171
202606251045,77400.0,78100.0,77300.0,77300.0,192
202606251100,77300.0,77400.0,77200.0,77200.0,406
202606251115,77200.0,77500.0,77100.0,77200.0,264
202606251130,77200.0,78000.0,77200.0,77400.0,272
202606251145,77200.0,77700.0,77100.0,77300.0,207
202606251200,77300.0,77600.0,77200.0,77300.0,223
202606251215,77300.0,78200.0,77300.0,77600.0,355
202606251230,77600.0,77800.0,77600.0,77600.0,263
202606251245,77600.0,77800.0,77600.0,77700.0,358
202606251300,77600.0,77900.0,77600.0,77600.0,649
202606251315,77700.0,77700.0,77500.0,77500.0,590
202606251330,77500.0,77700.0,77400.0,77500.0,333
202606251345,77400.0,77600.0,77300.0,77300.0,316
202606251400,77300.0,77400.0,77200.0,77200.0,533
202606251415,77200.0,77300.0,77100.0,77100.0,320
202606251430,77100.0,77100.0,77000.0,77100.0,203
202606251445,77000.0,77300.0,77000.0,77000.0,300
202606251500,77200.0,77200.0,77000.0,77000.0,241
202606251515,77100.0,77100.0,77000.0,77100.0,891
202606260900,76400.0,76400.0,75400.0,75400.0,1014
202606260915,75400.0,75600.0,75300.0,75300.0,375
202606260930,75500.0,75800.0,75300.0,75300.0,587
202606260945,75300.0,75800.0,75200.0,75800.0,558
202606261000,75700.0,75900.0,75500.0,75700.0,267
202606261015,75700.0,76200.0,75500.0,76000.0,1544
202606261030,76100.0,76100.0,75600.0,76100.0,354
202606261045,76100.0,76600.0,76000.0,76100.0,395
202606261100,76000.0,76500.0,76000.0,76200.0,907
202606261115,76000.0,76300.0,75400.0,76000.0,657
202606261130,76000.0,76100.0,75200.0,75200.0,524
202606261145,75500.0,75500.0,75200.0,75300.0,416
202606261200,75300.0,75500.0,75100.0,75100.0,457
202606261230,75000.0,75100.0,74900.0,75000.0,1279
202606261245,74900.0,75400.0,74800.0,75400.0,1088
202606261300,75400.0,75600.0,75100.0,75300.0,543
202606261315,75400.0,76000.0,75100.0,75700.0,1126
202606261330,75600.0,75600.0,74500.0,74800.0,1867
202606261345,74800.0,75100.0,74500.0,74800.0,718
202606261400,74900.0,75100.0,74600.0,74800.0,683
202606261415,74900.0,75100.0,74700.0,74900.0,682
202606261430,74900.0,75400.0,74700.0,75100.0,735
202606261445,75100.0,75400.0,74900.0,75100.0,613
202606261500,75000.0,75100.0,74800.0,75100.0,498
202606261515,75100.0,75800.0,74800.0,75800.0,624
202606290900,75300.0,76100.0,75100.0,76100.0,660
202606290915,76100.0,79400.0,75900.0,76300.0,755
202606290930,76300.0,78600.0,76300.0,77800.0,307
202606290945,77600.0,78100.0,76800.0,76800.0,869
202606291000,76900.0,77500.0,76900.0,77500.0,260
202606291015,77500.0,77900.0,77200.0,77700.0,228
202606291030,77700.0,78000.0,76900.0,77400.0,613
202606291045,77300.0,77800.0,77100.0,77800.0,196
202606291100,77800.0,77900.0,77200.0,77500.0,344
202606291115,77500.0,78100.0,77400.0,77700.0,178
202606291130,77700.0,78000.0,77500.0,77900.0,144
202606291145,77900.0,78200.0,77700.0,78100.0,813
202606291200,77900.0,78200.0,77400.0,78200.0,228
202606291215,78100.0,78300.0,77800.0,78100.0,213
202606291230,78300.0,78300.0,77900.0,78000.0,299
202606291245,78000.0,78300.0,77900.0,78100.0,249
202606291300,78000.0,78200.0,78000.0,78200.0,245
202606291315,78200.0,78500.0,78100.0,78300.0,647
202606291330,78200.0,78300.0,78000.0,78000.0,274
202606291345,78100.0,78900.0,77700.0,78100.0,584
202606291400,78100.0,78600.0,77800.0,78200.0,604
202606291415,78300.0,78500.0,78000.0,78200.0,279
202606291430,78200.0,79000.0,78100.0,78700.0,475
202606291445,78500.0,79300.0,78500.0,79300.0,785
202606291500,79300.0,79400.0,79000.0,79000.0,661
202606291515,79100.0,79300.0,79000.0,79000.0,303
202606300900,78300.0,79000.0,77700.0,78400.0,874
202606300915,78300.0,78300.0,77200.0,77700.0,782
202606300930,77700.0,77900.0,77600.0,77700.0,1371
202606300945,77600.0,77900.0,77200.0,77800.0,337
202606301000,77300.0,82200.0,77100.0,78000.0,508
202606301015,77700.0,81800.0,77700.0,79500.0,962
202606301030,79300.0,79700.0,78700.0,79300.0,1098
202606301045,79300.0,80800.0,78700.0,79200.0,891
202606301100,79400.0,80100.0,79000.0,79400.0,804
202606301115,79300.0,80800.0,79200.0,79800.0,1450
202606301130,79600.0,80700.0,79500.0,80100.0,922
202606301145,80100.0,81400.0,79900.0,80700.0,1547
202606301200,80700.0,81400.0,80400.0,81000.0,1018
202606301215,80950.0,81700.0,80500.0,80900.0,1220
202606301230,80800.0,81700.0,80700.0,80900.0,958
202606301245,80800.0,81500.0,80500.0,80500.0,1341
202606301300,80600.0,81300.0,80200.0,80500.0,956
202606301315,80450.0,81400.0,80100.0,80600.0,1506
202606301330,80600.0,80900.0,80200.0,80500.0,1015
202606301345,80500.0,81800.0,80400.0,81600.0,1287
202606301400,81700.0,81700.0,81200.0,81600.0,932
202606301415,81600.0,81800.0,81100.0,81400.0,1110
202606301430,81500.0,81700.0,81000.0,81300.0,1105
202606301445,81500.0,81700.0,81200.0,81300.0,1406
202606301500,81200.0,81400.0,81000.0,81100.0,1532
202606301515,81300.0,81400.0,81100.0,81100.0,1014
202607010900,82000.0,82000.0,80500.0,80500.0,288
202607010915,80500.0,80900.0,80500.0,80700.0,242
202607010930,80900.0,82900.0,80800.0,81300.0,894
202607010945,81300.0,82000.0,81100.0,81100.0,670
202607011000,81100.0,81800.0,81000.0,81300.0,569
202607011015,81300.0,82200.0,81000.0,81700.0,841
202607011030,81700.0,81700.0,81200.0,81500.0,521
202607011045,81200.0,82200.0,80900.0,82200.0,709
202607011100,81500.0,82100.0,81000.0,81000.0,524
202607011115,81100.0,82000.0,80900.0,81400.0,1038
202607011130,81300.0,82100.0,81100.0,81700.0,772
202607011145,81600.0,82200.0,81400.0,81400.0,660
202607011200,81500.0,82100.0,81200.0,81700.0,625
202607011215,81400.0,82300.0,81300.0,81500.0,823
202607011230,81500.0,82200.0,81400.0,81600.0,478
202607011245,81600.0,82100.0,81100.0,81600.0,754
202607011300,81300.0,81500.0,80550.0,80600.0,448
202607011315,80550.0,81800.0,80100.0,80500.0,1146
202607011330,80400.0,80900.0,80000.0,80200.0,805
202607011345,80100.0,81500.0,80100.0,80600.0,1103
202607011400,80600.0,81500.0,80200.0,80400.0,764
202607011415,80400.0,82400.0,80100.0,81100.0,1188
202607011430,81200.0,82400.0,80700.0,81300.0,995
202607011445,81400.0,83000.0,81100.0,81800.0,1472
202607011500,81700.0,82700.0,81100.0,81400.0,953
202607011515,81400.0,82400.0,80900.0,81600.0,581
202607020900,81000.0,81500.0,79900.0,79900.0,664
202607020915,79900.0,81400.0,79400.0,81400.0,725
202607020930,81400.0,82400.0,81400.0,81700.0,410
202607020945,81700.0,83000.0,81700.0,82400.0,624
202607021000,82400.0,83600.0,82300.0,83400.0,1457
202607021015,83300.0,84000.0,83300.0,83700.0,608
202607021030,83700.0,83700.0,83400.0,83500.0,425
202607021045,83400.0,84000.0,83300.0,83900.0,505
202607021100,83700.0,85000.0,83300.0,84400.0,1144
202607021115,84450.0,84900.0,84000.0,84200.0,950
202607021130,84200.0,85000.0,84100.0,84100.0,835
202607021145,84200.0,84600.0,83600.0,84100.0,902
202607021200,84100.0,84500.0,83500.0,83900.0,947
202607021215,83900.0,84500.0,83700.0,84100.0,1075
202607021230,84000.0,84500.0,83400.0,83800.0,733
202607021245,83700.0,84500.0,83200.0,83600.0,1115
202607021300,84300.0,84300.0,83300.0,83400.0,675
202607021315,83500.0,84500.0,83200.0,83500.0,925
202607021330,83400.0,84100.0,82800.0,83000.0,871
202607021345,83100.0,84500.0,82900.0,83400.0,1333
202607021400,83400.0,84300.0,82950.0,83200.0,970
202607021415,83200.0,84400.0,82600.0,82900.0,1303
202607021430,83000.0,84200.0,82400.0,82450.0,1016
202607021445,82450.0,83700.0,82400.0,82800.0,1220
202607021500,82800.0,83700.0,81800.0,82700.0,1117
202607021515,82700.0,82700.0,82000.0,82100.0,183
202607030900,82100.0,82400.0,81700.0,81800.0,210
202607030915,81800.0,84200.0,81500.0,82100.0,643
202607030930,81800.0,82100.0,81400.0,81600.0,624
202607030945,81700.0,81800.0,80800.0,81000.0,1171
202607031000,81000.0,81900.0,80800.0,81700.0,752
202607031015,81400.0,82100.0,81100.0,81700.0,912
202607031030,81500.0,81900.0,81500.0,81500.0,533
202607031045,81500.0,81700.0,81100.0,81300.0,452
202607031100,81300.0,82100.0,81100.0,81600.0,464
202607031115,81600.0,82100.0,81200.0,81900.0,573
202607031130,81900.0,82000.0,81700.0,81800.0,383
202607031145,81700.0,82100.0,81700.0,82100.0,440
202607031200,82000.0,82200.0,81700.0,82200.0,1137
202607031215,82200.0,82500.0,82100.0,82200.0,442
202607031230,82300.0,82300.0,81700.0,81900.0,833
202607031245,82000.0,83200.0,81700.0,82100.0,784
202607031300,82500.0,82500.0,82100.0,82200.0,293
202607031315,82200.0,82300.0,81400.0,82200.0,873
202607031330,82100.0,82200.0,81700.0,81900.0,520
202607031345,81900.0,82200.0,81700.0,82200.0,569
202607031400,82100.0,82400.0,82100.0,82200.0,729
202607031415,82200.0,83400.0,81500.0,82300.0,1111
202607031430,82200.0,83400.0,82200.0,82800.0,495
202607031445,82800.0,83000.0,82200.0,83000.0,846
202607031500,83000.0,83500.0,82600.0,83300.0,758
202607031515,83300.0,83700.0,82000.0,82800.0,403
202607060900,83300.0,83700.0,81700.0,81700.0,1043
202607060915,81800.0,83000.0,81600.0,82600.0,604
202607060930,82600.0,83600.0,82600.0,83500.0,648
202607060945,83400.0,83500.0,82800.0,82800.0,319
202607061000,82800.0,82900.0,82200.0,82200.0,383
202607061015,82100.0,82500.0,82100.0,82300.0,356
202607061030,82200.0,82300.0,81900.0,82200.0,264
202607061045,82200.0,82300.0,81700.0,81900.0,265
202607061100,81900.0,82100.0,81700.0,81700.0,263
202607061115,81700.0,81800.0,81300.0,81300.0,378
202607061130,81300.0,81400.0,81100.0,81200.0,252
202607061145,81100.0,81400.0,80800.0,81300.0,371
202607061200,81300.0,82300.0,81300.0,82000.0,324
202607061215,82200.0,82200.0,81700.0,81900.0,249
202607061230,81800.0,82100.0,81700.0,81900.0,256
202607061245,81700.0,82400.0,81300.0,82400.0,394
202607061300,82500.0,82900.0,82100.0,82500.0,668
202607061315,82500.0,83100.0,82100.0,83000.0,616
202607061330,83000.0,83600.0,82100.0,83200.0,734
202607061345,83100.0,83400.0,82600.0,83100.0,631
202607061400,83200.0,83600.0,82700.0,83400.0,693
202607061415,83100.0,84000.0,82900.0,83300.0,1001
202607061430,83300.0,83700.0,83100.0,83300.0,1038
202607061445,83300.0,84000.0,83100.0,83400.0,1146
202607061500,83500.0,83600.0,82900.0,83100.0,384
202607061515,83500.0,83900.0,82500.0,83400.0,188
202607070900,83200.0,83700.0,82600.0,82900.0,697
202607070915,82900.0,83100.0,82100.0,82800.0,516
202607070930,82600.0,83300.0,82600.0,82800.0,381
202607070945,82800.0,83300.0,82600.0,83100.0,278
202607071000,83000.0,83000.0,82400.0,82700.0,269
202607071015,82700.0,83100.0,82300.0,83000.0,299
202607071030,82900.0,84000.0,82700.0,83500.0,673
202607071045,83500.0,84400.0,83200.0,83900.0,767
202607071100,83900.0,84100.0,83300.0,83900.0,562
202607071115,84000.0,84100.0,83400.0,83600.0,479
202607071130,83800.0,83900.0,83400.0,83700.0,470
202607071145,83700.0,83800.0,83200.0,83300.0,440
202607071200,83400.0,83900.0,83300.0,83800.0,474
202607071215,83800.0,83900.0,83000.0,83000.0,484
202607071230,83100.0,83700.0,82900.0,83400.0,641
202607071245,83400.0,83400.0,82700.0,83100.0,475
202607071300,83000.0,83600.0,82800.0,83400.0,570
202607071315,83300.0,83900.0,82700.0,82800.0,2114
202607071330,82700.0,83300.0,82700.0,83000.0,441
202607071345,83200.0,83200.0,82600.0,82700.0,171
202607071415,82900.0,83900.0,82900.0,83600.0,1331
202607071430,83800.0,83900.0,83000.0,83700.0,812
202607071445,83750.0,84400.0,83700.0,84300.0,1280
202607071500,84300.0,84500.0,83000.0,84300.0,908
202607071515,84000.0,85600.0,83700.0,85600.0,1058
202607080900,84000.0,85200.0,82800.0,83050.0,495
202607080915,83000.0,84000.0,83000.0,83500.0,395
202607080930,83500.0,85800.0,83100.0,85600.0,1185
202607080945,85600.0,86900.0,83600.0,86100.0,894
202607081000,85900.0,86500.0,85100.0,85100.0,813
202607081015,85100.0,85900.0,84800.0,85200.0,426
202607081030,85300.0,85900.0,84800.0,85800.0,471
202607081045,85500.0,86500.0,84900.0,84900.0,712
202607081100,84900.0,85500.0,84100.0,84300.0,633
202607081115,84300.0,86600.0,84300.0,85000.0,626
202607081130,85000.0,86100.0,83800.0,84500.0,550
202607081145,84500.0,86000.0,84500.0,84800.0,466
202607081200,84800.0,85800.0,84500.0,85000.0,404
202607081215,85000.0,85900.0,84600.0,84600.0,519
202607081230,84600.0,85100.0,84300.0,84700.0,360
202607081245,84600.0,85400.0,84400.0,84700.0,866
202607081300,84600.0,84600.0,83700.0,83900.0,1146
202607081315,83800.0,85000.0,83600.0,83650.0,810
202607081330,83650.0,85000.0,83550.0,83600.0,633
202607081345,83600.0,84200.0,82700.0,83800.0,954
202607081400,83900.0,85600.0,83250.0,83900.0,1179
202607081415,83700.0,85700.0,83100.0,84000.0,893
202607081430,84100.0,84600.0,83000.0,83800.0,875
202607081445,83500.0,84800.0,83400.0,84700.0,997
202607081500,84600.0,84900.0,84200.0,84900.0,1222
202607081515,84800.0,84900.0,83900.0,84100.0,144
202607090900,84100.0,84300.0,83200.0,83300.0,216
202607090915,83300.0,83600.0,83100.0,83400.0,220
202607090930,83200.0,83800.0,83100.0,83400.0,228
202607090945,83400.0,83700.0,83000.0,83300.0,278
202607091000,83400.0,84400.0,83300.0,83800.0,448
202607091015,83600.0,83900.0,83100.0,83200.0,449
202607091030,83200.0,83500.0,83100.0,83200.0,184
202607091045,83100.0,83200.0,82800.0,83100.0,191
202607091100,83000.0,83200.0,82300.0,82800.0,740
202607091115,83100.0,83400.0,82900.0,83100.0,304
202607091130,83100.0,83200.0,82700.0,83000.0,183
202607091145,82900.0,83100.0,82900.0,82900.0,66
202607091200,83000.0,83000.0,82200.0,82700.0,1710
202607091215,82800.0,84100.0,82600.0,83200.0,370
202607091230,83100.0,83800.0,83100.0,83300.0,97
202607091245,83400.0,83700.0,82600.0,83300.0,1221
202607091300,83000.0,83100.0,82500.0,82600.0,70
202607091315,82500.0,82600.0,82200.0,82300.0,152
202607091330,82250.0,82300.0,81500.0,81600.0,266
202607091345,81500.0,83500.0,81400.0,83100.0,800
202607091400,83200.0,83500.0,82600.0,83200.0,831
202607091415,83100.0,83100.0,82400.0,82800.0,1047
202607091430,82900.0,85000.0,82900.0,84800.0,3821
202607091445,84800.0,85100.0,84400.0,85100.0,3813
202607091500,85100.0,85600.0,83800.0,84800.0,3296
202607091515,85100.0,85300.0,83000.0,83000.0,1286
202607100900,84600.0,84800.0,83200.0,84600.0,645
202607100915,84600.0,84700.0,84000.0,84200.0,455
202607100930,84100.0,84100.0,83300.0,83700.0,306
202607100945,83600.0,83800.0,83500.0,83600.0,314
202607101000,83500.0,84000.0,83400.0,84000.0,261
202607101015,83900.0,83900.0,83100.0,83200.0,434
202607101030,83100.0,83500.0,82900.0,83300.0,281
202607101045,83300.0,83400.0,83200.0,83300.0,1054
202607101100,83100.0,83300.0,82500.0,82800.0,506
202607101115,82700.0,82900.0,82600.0,82700.0,424
202607101130,82800.0,83200.0,82600.0,83200.0,552
202607101145,83000.0,83300.0,82800.0,83300.0,421
202607101200,83200.0,83300.0,82900.0,83300.0,406
202607101215,83100.0,83300.0,83000.0,83000.0,483
202607101230,83000.0,83200.0,82600.0,82600.0,1152
202607101245,82600.0,82800.0,82300.0,82700.0,662
202607101300,82400.0,82800.0,82400.0,82600.0,404
202607101315,82500.0,82700.0,82400.0,82400.0,420
202607101330,82400.0,82500.0,82200.0,82300.0,336
202607101345,82300.0,82300.0,81900.0,81900.0,421
202607101400,81900.0,82400.0,81900.0,81900.0,549
202607101415,81900.0,82000.0,81700.0,81800.0,505
202607101430,81800.0,82300.0,81600.0,82200.0,708
202607101445,82100.0,82600.0,82100.0,82200.0,620
202607101500,82100.0,83000.0,82100.0,82900.0,1559
202607101515,82800.0,83000.0,82800.0,82900.0,507
202607130900,83200.0,84300.0,82700.0,83500.0,425
202607130915,83500.0,84200.0,82700.0,83400.0,306
202607130930,83200.0,83400.0,83000.0,83200.0,232
202607130945,83100.0,83800.0,82600.0,83800.0,607
202607131000,83800.0,83800.0,82600.0,83600.0,459
202607131015,83500.0,83600.0,83000.0,83000.0,207
202607131030,83000.0,83500.0,83000.0,83100.0,588
202607131045,83100.0,83100.0,82500.0,82800.0,374
202607131100,82500.0,83000.0,82300.0,82700.0,414
202607131115,82700.0,83200.0,82700.0,83100.0,203
202607131130,83100.0,83200.0,83000.0,83100.0,313
202607131145,83100.0,83300.0,82500.0,82800.0,307
202607131200,82800.0,82900.0,82400.0,82500.0,186
202607131215,82500.0,82900.0,82100.0,82200.0,553
202607131230,82200.0,82500.0,82000.0,82000.0,494
202607131245,82300.0,83900.0,82000.0,83900.0,594
202607131300,83900.0,84000.0,83400.0,83600.0,791
202607131315,83500.0,83700.0,83200.0,83700.0,715
202607131345,84000.0,84000.0,83000.0,83100.0,749
202607131400,83100.0,84000.0,83000.0,83900.0,907
202607131415,84000.0,84000.0,83100.0,83400.0,944
202607131430,83400.0,83900.0,83000.0,83900.0,1044
202607131445,83900.0,84000.0,82400.0,83500.0,1214
202607131500,83500.0,83700.0,82400.0,83300.0,992
202607131515,83200.0,83300.0,82100.0,82900.0,266
202607140900,82200.0,82300.0,81300.0,82100.0,338
202607140915,82000.0,82400.0,81600.0,82400.0,404
202607140930,82300.0,82800.0,82200.0,82200.0,215
202607140945,82200.0,82500.0,81800.0,82000.0,545
202607141000,81800.0,82400.0,81800.0,82100.0,467
202607141015,82100.0,82100.0,81400.0,81800.0,647
202607141030,81900.0,82000.0,81500.0,81800.0,390
202607141045,81800.0,81800.0,81500.0,81600.0,245
202607141100,81600.0,81600.0,81200.0,81300.0,872
202607141115,81300.0,81500.0,81200.0,81200.0,285
202607141130,81300.0,81800.0,81100.0,81800.0,434
202607141145,81700.0,81800.0,81300.0,81400.0,288
202607141200,81400.0,81500.0,80900.0,81000.0,736
202607141215,81000.0,81300.0,80800.0,81300.0,731
202607141230,81300.0,81800.0,81200.0,81800.0,356
202607141245,81700.0,82000.0,81300.0,81700.0,435
202607141300,81800.0,81800.0,80900.0,81200.0,388
202607141315,81300.0,81500.0,81000.0,81400.0,310
202607141330,81300.0,82600.0,81300.0,82500.0,709
202607141345,82500.0,83500.0,82000.0,82200.0,1522
202607141400,82200.0,82500.0,81700.0,82000.0,1215
202607141415,82100.0,82300.0,81600.0,81800.0,1142
202607141430,81900.0,82000.0,81300.0,81700.0,1148
202607141445,81700.0,82100.0,81300.0,82000.0,1235
202607141500,81900.0,82000.0,81500.0,81700.0,627
202607141515,81700.0,82100.0,81200.0,81200.0,363
202607150900,82400.0,83000.0,81300.0,82400.0,502
202607150915,82200.0,82300.0,81400.0,81500.0,310
202607150930,81200.0,81700.0,81200.0,81300.0,400
202607150945,81300.0,81500.0,81200.0,81300.0,336
202607151000,81200.0,81500.0,80700.0,80800.0,384
202607151015,80800.0,80900.0,80700.0,80900.0,232
202607151030,80800.0,81100.0,80800.0,80900.0,231
202607151045,80900.0,81100.0,80800.0,81000.0,273
202607151100,81000.0,81200.0,80700.0,80700.0,365
202607151115,80800.0,80900.0,80600.0,80800.0,276
202607151130,80800.0,81050.0,80800.0,80800.0,265
202607151145,80900.0,81100.0,80800.0,80800.0,312
202607151200,80900.0,81200.0,80800.0,81000.0,350
202607151215,81100.0,81300.0,81000.0,81100.0,269
202607151230,81100.0,81400.0,81000.0,81000.0,570
202607151245,81000.0,81200.0,80900.0,80900.0,309
202607151300,80900.0,81000.0,80800.0,80800.0,441
202607151315,80800.0,81100.0,80800.0,80900.0,382
202607151330,81000.0,81200.0,80900.0,80900.0,289
202607151345,80900.0,81300.0,80900.0,81000.0,377
202607151400,81000.0,81400.0,81000.0,81100.0,428
202607151415,81100.0,81400.0,81000.0,81100.0,557
202607151430,81100.0,81500.0,81000.0,81200.0,515
202607151445,81300.0,81900.0,81100.0,81600.0,561
202607151500,81700.0,81900.0,81600.0,81600.0,262
202607151515,81700.0,81700.0,81500.0,81500.0,387
202607160900,81100.0,83000.0,81100.0,83000.0,584
202607160915,83000.0,83600.0,82700.0,83400.0,943
202607160930,83300.0,84000.0,82800.0,83200.0,823
202607160945,83200.0,83300.0,82400.0,82500.0,390
202607161000,82500.0,82700.0,82400.0,82500.0,218
202607161015,82500.0,82800.0,82300.0,82500.0,327
202607161030,82500.0,82700.0,82500.0,82700.0,179
202607161045,82700.0,82900.0,82300.0,82400.0,196
202607161100,82100.0,82400.0,81600.0,81700.0,483
202607161115,81600.0,82000.0,81400.0,81900.0,230
202607161130,82000.0,82000.0,81900.0,81900.0,28
202607161145,81900.0,82400.0,81900.0,82100.0,426
202607161200,82400.0,82400.0,82100.0,82100.0,128
202607161215,82100.0,82100.0,81500.0,81800.0,340
202607161230,81800.0,82200.0,81700.0,82200.0,237
202607161245,82200.0,82200.0,81900.0,81900.0,97
202607161300,82200.0,82200.0,81900.0,82100.0,269
202607161315,82200.0,82200.0,81800.0,81850.0,105
202607161330,81850.0,81850.0,81400.0,81600.0,262
202607161345,81650.0,81900.0,81600.0,81900.0,250
202607161400,82300.0,82800.0,82000.0,82500.0,254
202607161415,82600.0,82800.0,82400.0,82700.0,131
202607161430,82600.0,82600.0,82300.0,82300.0,150
202607161445,82200.0,82300.0,81600.0,82200.0,177
202607161500,81900.0,82050.0,81500.0,81900.0,143
202607161515,81700.0,82200.0,81300.0,81900.0,428
202607200900,81200.0,81200.0,79800.0,80100.0,323
202607200915,80200.0,80200.0,80000.0,80000.0,1236
202607200930,80200.0,81000.0,80200.0,81000.0,171
202607200945,80900.0,80900.0,80500.0,80500.0,76
202607201000,80600.0,80800.0,80000.0,80300.0,296
202607201015,80300.0,80400.0,80100.0,80100.0,111
202607201030,80000.0,80000.0,79500.0,79600.0,231
202607201045,79600.0,79800.0,79300.0,79800.0,261
202607201100,79900.0,80000.0,79100.0,79200.0,317
202607201115,79200.0,79300.0,78900.0,78900.0,291
202607201130,78900.0,79600.0,78900.0,79300.0,277
202607201145,79400.0,79500.0,79300.0,79400.0,168
202607201200,79300.0,79400.0,79000.0,79200.0,267
202607201215,79100.0,79200.0,78900.0,79000.0,164
202607201230,78900.0,79000.0,78400.0,78500.0,580
202607201245,78600.0,79100.0,78500.0,78700.0,236
202607201300,78800.0,78800.0,78500.0,78500.0,319
202607201315,78500.0,78800.0,78400.0,78600.0,240
202607201330,78700.0,79000.0,78600.0,78900.0,419
202607201345,78700.0,78800.0,78400.0,78500.0,526
202607201400,78500.0,78500.0,78000.0,78200.0,319
202607201415,78200.0,78600.0,78100.0,78400.0,318
202607201430,78400.0,78700.0,78100.0,78500.0,428
202607201445,78500.0,78700.0,78100.0,78400.0,1604
202607201500,78400.0,78900.0,78100.0,78300.0,378
202607201515,78400.0,78500.0,78300.0,78400.0,352
202607210900,78100.0,78400.0,77000.0,77400.0,315
202607210915,77500.0,77500.0,77100.0,77200.0,164
202607210930,77200.0,77500.0,77200.0,77400.0,267
202607210945,77400.0,77500.0,77200.0,77500.0,87
202607211000,77500.0,78300.0,77200.0,77600.0,174
202607211015,77600.0,78000.0,77100.0,77600.0,187
202607211030,77700.0,77900.0,77400.0,77400.0,77
202607211045,77500.0,77700.0,77300.0,77500.0,196
202607211100,77700.0,78100.0,77500.0,77600.0,134
202607211115,77600.0,77800.0,77400.0,77400.0,179
202607211130,77500.0,77600.0,77400.0,77500.0,115
202607211145,77500.0,77800.0,77500.0,77500.0,111
202607211200,77500.0,78000.0,77500.0,78000.0,149
202607211215,78000.0,78100.0,77700.0,77700.0,164
202607211230,77700.0,77800.0,77500.0,77500.0,140
202607211245,77600.0,78500.0,77600.0,78300.0,189
202607211300,78300.0,78400.0,78100.0,78200.0,127
202607211315,78100.0,78400.0,77900.0,78100.0,150
202607211330,78100.0,78100.0,77900.0,78000.0,64
202607211345,78100.0,78200.0,78000.0,78100.0,136
202607211400,78100.0,78200.0,77700.0,77700.0,938
202607211415,77700.0,77900.0,77500.0,77600.0,236
202607211430,77600.0,78800.0,77600.0,78800.0,627
202607211445,78700.0,79000.0,78500.0,78600.0,933
202607211500,78700.0,79200.0,78200.0,78200.0,790
202607211515,78600.0,79100.0,78000.0,78900.0,304
202607220900,79400.0,79500.0,78500.0,79300.0,283
202607220915,79600.0,79700.0,79000.0,79000.0,202
202607220930,79000.0,79100.0,78300.0,78400.0,509
202607220945,78400.0,78400.0,78000.0,78100.0,528
202607221000,78000.0,78400.0,78000.0,78100.0,254
202607221015,78100.0,78500.0,78100.0,78200.0,247
202607221030,78200.0,78500.0,78200.0,78400.0,259
202607221045,78400.0,78600.0,78300.0,78400.0,334
202607221100,78400.0,78500.0,78300.0,78300.0,243
202607221115,78300.0,78500.0,78000.0,78000.0,776
202607221130,78000.0,78200.0,77900.0,77900.0,316
202607221145,77900.0,78200.0,77800.0,77800.0,371
202607221200,77800.0,78000.0,77800.0,77800.0,325
202607221215,77800.0,78200.0,77800.0,78200.0,362
202607221230,78050.0,78200.0,77800.0,78000.0,331
202607221245,78000.0,78200.0,77900.0,78100.0,362
202607221300,78100.0,78400.0,77900.0,78100.0,476
202607221315,78100.0,78300.0,78000.0,78100.0,439
202607221330,78100.0,78300.0,78000.0,78050.0,388
202607221345,78000.0,78200.0,78000.0,78050.0,430
202607221400,78000.0,78100.0,77800.0,78000.0,454
202607221415,78000.0,78100.0,77500.0,77500.0,720
202607221430,77500.0,77600.0,77400.0,77400.0,351
202607221445,77400.0,77600.0,77400.0,77550.0,507
202607221500,77500.0,77500.0,77000.0,77100.0,505
202607221515,77100.0,77300.0,77000.0,77000.0,678
202607230900,77200.0,77600.0,77000.0,77000.0,120
202607230915,76900.0,77700.0,76500.0,77600.0,277
202607230930,77800.0,78400.0,77700.0,78200.0,451
202607230945,78300.0,78300.0,77800.0,78000.0,221
202607231000,78000.0,78100.0,78000.0,78000.0,188
202607231015,78100.0,78100.0,77900.0,78000.0,341
202607231030,78100.0,78200.0,77900.0,78000.0,264
202607231045,77900.0,78100.0,77900.0,77900.0,233
202607231100,78100.0,78500.0,77900.0,78400.0,462
202607231115,78400.0,78400.0,78000.0,78000.0,435
202607231130,78200.0,78300.0,78000.0,78100.0,176
202607231145,78200.0,78500.0,78100.0,78100.0,339
202607231200,78200.0,78600.0,78200.0,78300.0,289
202607231215,78400.0,78700.0,78200.0,78600.0,522
202607231230,78800.0,78800.0,78300.0,78300.0,188
202607231245,78600.0,78900.0,78400.0,78600.0,444
202607231300,78600.0,80500.0,78200.0,79800.0,2175
202607231315,79900.0,80000.0,79000.0,79500.0,630
202607231330,79600.0,79600.0,79100.0,79600.0,538
202607231345,79500.0,80200.0,79500.0,80200.0,1026
202607231400,80200.0,80300.0,79800.0,79800.0,976
202607231415,79900.0,80400.0,79800.0,80400.0,1016
202607231430,80200.0,80500.0,80100.0,80400.0,921
202607231445,80400.0,80900.0,79900.0,80700.0,1088
202607231500,80500.0,81200.0,80500.0,80800.0,1144
202607231515,81200.0,81400.0,80500.0,80500.0,390
202607240900,86900.0,88100.0,85300.0,86000.0,2777
202607240915,85900.0,87000.0,85800.0,87000.0,963
202607240930,86700.0,88000.0,86700.0,86800.0,2160
202607240945,86800.0,87900.0,86700.0,87600.0,1069
202607241000,87500.0,89400.0,87100.0,88200.0,4108
202607241015,88200.0,89000.0,87500.0,88500.0,2154
202607241030,88500.0,89000.0,88000.0,88500.0,1808
202607241045,88600.0,89100.0,87700.0,87700.0,2226
202607241100,87500.0,88300.0,86500.0,86900.0,3646
202607241115,86900.0,87000.0,84600.0,85300.0,3254
202607241130,85300.0,86000.0,84600.0,85300.0,1166
202607241145,85300.0,85600.0,84900.0,85200.0,1236
202607241200,85200.0,86000.0,84900.0,85300.0,982
202607241215,85100.0,85300.0,84900.0,85000.0,1131
202607241230,85100.0,85500.0,85000.0,85300.0,730
202607241245,85300.0,85500.0,85000.0,85100.0,870
202607241300,85200.0,85300.0,84300.0,84400.0,2408
202607241315,84400.0,85000.0,84100.0,84500.0,1964
202607241330,84300.0,84600.0,83400.0,83500.0,1501
202607241345,83400.0,84600.0,82800.0,84000.0,1357
202607241400,84000.0,84500.0,83800.0,84200.0,1097
202607241415,84200.0,84600.0,83800.0,84100.0,1356
202607241430,84100.0,84500.0,83800.0,84000.0,1361
202607241445,84000.0,84500.0,83000.0,83300.0,1300
202607241500,83500.0,83700.0,82900.0,83100.0,952
202607241515,83300.0,84100.0,83000.0,83700.0,350
202607270900,83700.0,84300.0,83100.0,84200.0,526
202607270915,84300.0,85600.0,84300.0,85500.0,408
202607270930,85400.0,85700.0,80200.0,85700.0,1772
202607270945,85700.0,85700.0,84500.0,84800.0,928
202607271000,84800.0,84900.0,83700.0,84500.0,1021
202607271015,84500.0,84800.0,84300.0,84700.0,700
202607271030,84700.0,85100.0,84100.0,84200.0,462
202607271045,84200.0,84300.0,83600.0,84000.0,437
202607271100,84000.0,84000.0,83700.0,83900.0,336
202607271115,84000.0,84800.0,83800.0,84500.0,621
202607271130,84500.0,84700.0,84400.0,84500.0,470
202607271145,84600.0,84600.0,84200.0,84400.0,461
202607271200,84300.0,84500.0,84000.0,84200.0,433
202607271215,84200.0,84500.0,84000.0,84100.0,341
202607271230,84100.0,84300.0,83800.0,84300.0,817
202607271245,84200.0,84300.0,83800.0,84000.0,424
202607271300,83900.0,84300.0,83800.0,83900.0,525
202607271315,83850.0,84200.0,83700.0,83700.0,470
202607271330,83750.0,84100.0,83700.0,83950.0,567
202607271345,83900.0,84100.0,83800.0,83800.0,583
202607271400,83800.0,91500.0,83750.0,87800.0,7718
202607271415,87800.0,88800.0,86800.0,87500.0,8422
202607271430,87500.0,88300.0,87100.0,87800.0,2111
202607271445,87800.0,88000.0,87400.0,87900.0,1584
202607271500,87700.0,87700.0,86900.0,87200.0,2493
202607271515,87500.0,88500.0,87500.0,88000.0,738
202607280900,87100.0,90800.0,86600.0,89100.0,1638
202607280915,89000.0,91900.0,88000.0,91100.0,7360
202607280930,91000.0,91400.0,90200.0,90300.0,1368
202607280945,90200.0,90500.0,88500.0,89300.0,1210
202607281000,89300.0,90500.0,88800.0,89800.0,4946
202607281030,90300.0,91000.0,89600.0,90000.0,1466
202607281045,90200.0,91100.0,89800.0,90900.0,1797
202607281100,90900.0,91200.0,90300.0,91100.0,1605
202607281115,91000.0,91200.0,90200.0,90400.0,1659
202607281130,90300.0,91000.0,89700.0,90700.0,1384
202607281145,90700.0,91000.0,90500.0,90500.0,1489
202607281200,90500.0,91100.0,90200.0,90800.0,1407
202607281215,90800.0,91100.0,90700.0,90700.0,1355
202607281230,90800.0,91000.0,90300.0,90900.0,1415
202607281245,90700.0,91000.0,89800.0,90300.0,1355
202607281300,90400.0,90800.0,89600.0,89900.0,5017
202607281315,89700.0,90700.0,89600.0,89800.0,3203
202607281330,89800.0,90500.0,89500.0,89800.0,2680
202607281345,89800.0,89800.0,88200.0,89000.0,4066
202607281400,89400.0,89400.0,88200.0,88500.0,2749
202607281415,88400.0,88600.0,87500.0,87800.0,3190
202607281430,88000.0,88000.0,87400.0,87700.0,2495
202607281445,87700.0,88900.0,87500.0,87800.0,1713
202607281500,87800.0,89200.0,87700.0,88100.0,1178
202607281515,88300.0,89600.0,87800.0,87900.0,733
202607290900,87500.0,88500.0,84500.0,87500.0,1625
202607290915,87600.0,88000.0,87300.0,87800.0,611
202607290930,87900.0,88200.0,87600.0,87800.0,469
202607290945,87600.0,87700.0,87200.0,87600.0,410
202607291000,87600.0,87900.0,87400.0,87400.0,363
202607291015,87500.0,88000.0,87300.0,87500.0,464
202607291030,87500.0,87700.0,86800.0,87500.0,1140
202607291045,87500.0,87700.0,86300.0,86400.0,846
202607291100,86500.0,87100.0,85800.0,87100.0,1419
202607291115,87100.0,87100.0,85600.0,85700.0,1085
202607291130,85800.0,85900.0,85100.0,85200.0,983
202607291145,85200.0,85200.0,83900.0,84000.0,606
202607291200,84100.0,85200.0,84000.0,84500.0,803
202607291215,84500.0,84600.0,84000.0,84400.0,649
202607291230,84400.0,84400.0,84300.0,84300.0,10
202607291300,84300.0,84300.0,83600.0,83700.0,3364
202607291315,83800.0,84300.0,83300.0,84300.0,1112
202607291330,83500.0,84800.0,83500.0,84700.0,1228
202607291345,84700.0,85500.0,84700.0,85400.0,891
202607291400,85350.0,86000.0,84700.0,85700.0,797
202607291415,85700.0,86000.0,85100.0,85600.0,907
202607291430,85550.0,85700.0,85300.0,85300.0,461
202607291445,85200.0,85400.0,84900.0,85400.0,1842
202607291500,85300.0,85800.0,84700.0,85300.0,1348
202607291515,85300.0,87400.0,85000.0,85500.0,492
202607300900,85200.0,86400.0,84500.0,86400.0,685
202607300915,86400.0,87700.0,85800.0,87700.0,1475
202607300930,87700.0,88400.0,87100.0,87800.0,751
202607300945,87500.0,88300.0,87200.0,87300.0,865
202607301000,87400.0,87700.0,87100.0,87300.0,506
202607301015,87400.0,88100.0,87100.0,88100.0,371
202607301030,87900.0,88100.0,87600.0,87800.0,256
202607301045,87600.0,87900.0,87400.0,87600.0,759
202607301100,87600.0,87600.0,87200.0,87400.0,464
202607301115,87300.0,87400.0,86500.0,87000.0,511
202607301130,87000.0,87300.0,86800.0,87000.0,374
202607301145,87000.0,88600.0,86800.0,87100.0,936
202607301200,87100.0,87200.0,86100.0,86200.0,436
202607301215,86100.0,88400.0,86000.0,86500.0,848
202607301230,86400.0,88300.0,86100.0,86900.0,506
202607301245,87000.0,88300.0,86500.0,87300.0,479
202607301300,87200.0,87300.0,86000.0,86600.0,572
202607301315,86600.0,88000.0,86100.0,86800.0,855
202607301330,86800.0,87800.0,86400.0,86700.0,417
202607301345,86700.0,88000.0,86600.0,86600.0,899
202607301400,86600.0,87600.0,86200.0,86400.0,1096
202607301415,86500.0,87600.0,86200.0,86400.0,820
202607301430,86400.0,86900.0,85900.0,86700.0,906
202607301445,86600.0,86800.0,85800.0,86400.0,729
202607301500,85800.0,86400.0,85700.0,86000.0,479
202607301515,85900.0,86300.0,85800.0,85800.0,421
202607310900,86800.0,86800.0,84900.0,85100.0,459
202607310915,85100.0,86000.0,85000.0,85700.0,559
202607310930,85700.0,86500.0,85700.0,85900.0,507
202607310945,85900.0,86000.0,85600.0,85900.0,555
202607311000,85900.0,86500.0,85800.0,86300.0,378
202607311015,86100.0,86700.0,85900.0,86200.0,445
202607311030,86200.0,86800.0,86200.0,86300.0,365
202607311045,86400.0,86500.0,86200.0,86500.0,281
202607311100,86500.0,86800.0,86300.0,86350.0,313
202607311115,86350.0,86400.0,86200.0,86400.0,379
202607311130,86400.0,86800.0,86400.0,86800.0,414
202607311145,86800.0,87000.0,86600.0,86700.0,231
202607311200,86700.0,87600.0,86700.0,87500.0,403
202607311215,87200.0,87700.0,87200.0,87500.0,279
202607311230,87200.0,87500.0,87100.0,87200.0,336
202607311245,87200.0,87400.0,86900.0,86900.0,284
202607311300,86900.0,87200.0,86100.0,86500.0,1341
202607311315,86300.0,87000.0,86300.0,86600.0,359
202607311330,86700.0,86900.0,86300.0,86800.0,1059
202607311345,86600.0,86800.0,86300.0,86300.0,283
202607311400,86600.0,87000.0,86300.0,86850.0,363
202607311415,86800.0,87100.0,86600.0,86900.0,598
202607311430,86900.0,87100.0,86600.0,86800.0,648
202607311445,86900.0,87400.0,86800.0,87150.0,753
202607311500,87150.0,87600.0,87100.0,87200.0,668
202607311515,87100.0,88200.0,87100.0,88200.0,1391
202608030900,87500.0,88200.0,86100.0,86800.0,332
202608030915,86800.0,86900.0,86000.0,86700.0,714
202608030930,86700.0,87100.0,86500.0,86700.0,540
202608030945,86700.0,87100.0,86200.0,86500.0,291
202608031000,86600.0,87600.0,86300.0,87400.0,911
202608031015,87400.0,88000.0,87300.0,87400.0,1116
202608031030,87500.0,88300.0,87300.0,88000.0,586
202608031045,88000.0,88200.0,87500.0,87600.0,587
202608031100,87600.0,88100.0,87100.0,87900.0,653
202608031115,87900.0,87900.0,86900.0,87700.0,482
202608031130,87400.0,87700.0,86800.0,87200.0,617
202608031145,87400.0,87700.0,86600.0,86900.0,973
202608031200,87100.0,87800.0,86700.0,87300.0,942
202608031215,87300.0,87600.0,86800.0,87300.0,1040
202608031230,87100.0,87700.0,86900.0,87600.0,615
202608031245,87200.0,87600.0,86800.0,87300.0,1067
202608031300,86900.0,87600.0,86900.0,87000.0,703
202608031315,87100.0,87300.0,86200.0,87000.0,1148
202608031330,86900.0,87400.0,86400.0,86900.0,916
202608031345,86900.0,87300.0,86200.0,86600.0,1275
202608031400,86400.0,87200.0,85700.0,85800.0,1264
202608031415,85800.0,86100.0,85600.0,85800.0,681
202608031430,85800.0,85900.0,85400.0,85600.0,536
202608031445,85600.0,85800.0,85300.0,85300.0,637
202608031500,85600.0,85600.0,85000.0,85100.0,613
202608031515,85400.0,87200.0,85100.0,86100.0,125
202608040900,86000.0,86100.0,84000.0,85200.0,1060
202608040915,85200.0,86100.0,84900.0,85900.0,570
202608040930,85800.0,86500.0,85300.0,86300.0,343
202608040945,86300.0,86600.0,85000.0,85800.0,641
202608041000,85800.0,87500.0,85600.0,87400.0,857
202608041015,87400.0,88500.0,85900.0,88200.0,1802
202608041030,88000.0,88400.0,87500.0,87900.0,628
202608041045,87900.0,88000.0,87200.0,87600.0,542
202608041100,87700.0,87800.0,86800.0,87800.0,420
202608041115,87400.0,87800.0,87100.0,87400.0,551
202608041130,87400.0,87900.0,87300.0,87500.0,400
202608041145,87600.0,87600.0,87000.0,87200.0,585
202608041200,87400.0,87700.0,87000.0,87500.0,346
202608041215,87500.0,88000.0,87000.0,87800.0,392
202608041230,87800.0,88000.0,87200.0,87900.0,358
202608041245,87600.0,87800.0,87000.0,87600.0,696
202608041300,87600.0,87700.0,87000.0,87600.0,395
202608041315,87600.0,87700.0,87000.0,87500.0,691
202608041330,87500.0,87900.0,87100.0,87600.0,408
202608041345,87500.0,88000.0,87100.0,87400.0,418
202608041400,87500.0,87800.0,87000.0,87300.0,411
202608041415,87100.0,87500.0,86800.0,87100.0,1011
202608041430,87100.0,87100.0,86700.0,86900.0,515
202608041445,86900.0,87800.0,86700.0,87100.0,1490
202608041500,87200.0,87400.0,87000.0,87100.0,208
202608041515,87100.0,88000.0,87100.0,88000.0,325
202608050900,88400.0,88400.0,87600.0,87800.0,597
202608050915,87800.0,88100.0,87300.0,87500.0,643
202608050930,87400.0,87800.0,87400.0,87700.0,476
202608050945,87600.0,88000.0,87500.0,87800.0,541
202608051000,87700.0,87700.0,87100.0,87300.0,1212
202608051015,87200.0,87700.0,87200.0,87400.0,1228
202608051030,87400.0,87700.0,87200.0,87500.0,1034
202608051045,87600.0,87800.0,87300.0,87600.0,947
202608051100,87600.0,87800.0,87300.0,87500.0,1026
202608051115,87400.0,87800.0,87300.0,87500.0,989
202608051130,87700.0,87800.0,87300.0,87500.0,1009
202608051145,87500.0,87700.0,87300.0,87500.0,1498
202608051200,87500.0,87600.0,87100.0,87400.0,908
202608051215,87400.0,87700.0,87300.0,87500.0,970
202608051230,87500.0,87600.0,87200.0,87500.0,918
202608051245,87500.0,87600.0,87100.0,87100.0,905
202608051300,87100.0,87500.0,87000.0,87200.0,1032
202608051315,87100.0,87200.0,86800.0,87100.0,919
202608051330,87000.0,87300.0,86900.0,87200.0,1020
202608051345,87200.0,87400.0,86900.0,87100.0,890
202608051400,87200.0,88000.0,86900.0,87700.0,1324
202608051415,87600.0,87900.0,87100.0,87600.0,1287
202608051430,87500.0,87600.0,87100.0,87500.0,1256
202608051445,87500.0,88000.0,87100.0,87400.0,1510
202608051500,87400.0,87600.0,87100.0,87500.0,1097
202608051515,87500.0,87900.0,87100.0,87500.0,469
202608060900,87400.0,89200.0,87300.0,88600.0,1161
202608060915,88700.0,88900.0,87600.0,88100.0,731
202608060930,88200.0,88400.0,87900.0,88400.0,258
202608060945,88400.0,88700.0,88000.0,88400.0,417
202608061000,88200.0,88500.0,88000.0,88300.0,94
202608061015,88300.0,88300.0,87500.0,87700.0,228
202608061030,87500.0,87800.0,87300.0,87300.0,84
202608061045,87500.0,87700.0,87300.0,87700.0,169
202608061100,87700.0,88100.0,87400.0,87800.0,189
202608061115,87900.0,87900.0,87500.0,87800.0,133
202608061130,87500.0,88000.0,87300.0,87700.0,416
202608061145,88000.0,88000.0,87700.0,87700.0,324
202608061200,87700.0,88000.0,87400.0,87700.0,299
202608061215,87500.0,87900.0,87500.0,87600.0,231
202608061230,87900.0,88000.0,87600.0,87900.0,223
202608061245,87800.0,88200.0,87500.0,88200.0,365
202608061300,88200.0,88300.0,87800.0,88300.0,290
202608061315,88100.0,88600.0,88000.0,88600.0,501
202608061330,88300.0,88400.0,88000.0,88300.0,577
202608061345,88200.0,88900.0,88100.0,88700.0,665
202608061400,88900.0,89100.0,88700.0,88700.0,489
202608061415,88600.0,88900.0,88600.0,88600.0,545
202608061430,88600.0,88600.0,88200.0,88600.0,425
202608061445,88300.0,88800.0,88200.0,88700.0,437
202608061500,88700.0,88900.0,88500.0,88700.0,411
202608061515,88800.0,88800.0,88400.0,88500.0,401
202608070900,88600.0,88900.0,87800.0,88700.0,330
202608070915,88400.0,88500.0,88100.0,88500.0,126
202608070930,88200.0,89700.0,88200.0,88900.0,922
202608070945,89100.0,89600.0,88300.0,88600.0,374
202608071000,88700.0,88800.0,88200.0,88500.0,342
202608071015,88500.0,88700.0,88100.0,88200.0,334
202608071030,88400.0,88400.0,87700.0,88100.0,213
202608071045,88100.0,88500.0,87700.0,88200.0,308
202608071100,88200.0,88600.0,88100.0,88300.0,252
202608071115,88300.0,88300.0,87900.0,87900.0,155
202608071130,87900.0,88500.0,87600.0,87800.0,626
202608071145,87700.0,88000.0,87700.0,87700.0,167
202608071200,87800.0,88000.0,87700.0,87900.0,215
202608071215,87800.0,87900.0,87600.0,87700.0,164
202608071230,87600.0,87900.0,87600.0,87900.0,157
202608071245,87800.0,87900.0,87600.0,87700.0,236
202608071300,87600.0,87800.0,87500.0,87600.0,235
202608071315,87500.0,87700.0,87400.0,87600.0,257
202608071330,87600.0,88200.0,87500.0,87800.0,191
202608071345,87700.0,87900.0,87300.0,87800.0,211
202608071400,87900.0,88200.0,87800.0,88000.0,360
202608071415,87900.0,88400.0,87800.0,87900.0,286
202608071430,88000.0,88400.0,87900.0,88000.0,241
202608071445,88100.0,88500.0,87900.0,88300.0,338
202608071500,88300.0,89500.0,88200.0,88500.0,943
202608071515,88400.0,89000.0,87600.0,89000.0,820
202608100900,89400.0,89600.0,88200.0,88300.0,361
202608100915,88200.0,88300.0,87900.0,88200.0,195
202608100930,88200.0,88600.0,88100.0,88600.0,151
202608100945,88500.0,89100.0,88400.0,88900.0,347
202608101000,88900.0,89000.0,88600.0,88900.0,145
202608101015,88800.0,89200.0,88800.0,88800.0,394
202608101030,88800.0,89000.0,88800.0,88900.0,203
202608101045,88800.0,89000.0,88700.0,89000.0,467
202608101100,88900.0,88900.0,88600.0,88700.0,137
202608101115,88700.0,88900.0,88500.0,88900.0,223
202608101130,88800.0,89100.0,88600.0,88800.0,154
202608101145,88800.0,89000.0,88600.0,88600.0,295
202608101200,88700.0,88800.0,88600.0,88700.0,198
202608101215,88800.0,88800.0,88500.0,88500.0,156
202608101230,88600.0,88700.0,88500.0,88500.0,143
202608101245,88600.0,88600.0,88300.0,88300.0,127
202608101300,88300.0,88500.0,88200.0,88300.0,257
202608101315,88300.0,89000.0,88200.0,88600.0,419
202608101330,88700.0,89100.0,88400.0,89100.0,337
202608101345,89200.0,91300.0,89100.0,91000.0,2329
202608101400,91000.0,91000.0,90300.0,90700.0,2094
202608101415,90700.0,90900.0,90200.0,90700.0,1944
202608101430,90600.0,90900.0,89900.0,90600.0,2090
202608101445,90600.0,91300.0,90400.0,91200.0,2216
202608101500,91200.0,91400.0,90700.0,91300.0,1359
202608101515,91400.0,91500.0,90700.0,91300.0,350
202608110900,90300.0,92200.0,90300.0,91800.0,871
202608110915,91900.0,94100.0,91900.0,93400.0,1967
202608110930,93300.0,95000.0,92900.0,94500.0,2400
202608110945,94500.0,96800.0,94400.0,96700.0,4389
202608111000,96700.0,98300.0,96700.0,98100.0,3361
202608111015,98200.0,98600.0,97700.0,98500.0,2973
202608111030,98500.0,98500.0,97300.0,97600.0,2002
202608111045,97700.0,98000.0,97400.0,97900.0,1857
202608111100,97900.0,98500.0,97900.0,98500.0,1140
202608111115,98500.0,98700.0,97900.0,98000.0,1848
202608111130,98000.0,98500.0,97600.0,97800.0,1941
202608111145,97900.0,98700.0,97700.0,98600.0,1955
202608111200,98500.0,98700.0,98300.0,98400.0,1558
202608111215,98400.0,98800.0,98300.0,98300.0,1333
202608111230,98500.0,98600.0,97900.0,98100.0,1780
202608111245,98000.0,98200.0,97700.0,97900.0,1546
202608111300,97800.0,98000.0,97300.0,97400.0,1591
202608111315,97500.0,97900.0,97100.0,97200.0,1363
202608111330,97200.0,97200.0,94700.0,96400.0,2266
202608111345,96500.0,96600.0,95700.0,96400.0,1517
202608111400,96300.0,96500.0,95900.0,96300.0,758
202608111415,96300.0,96500.0,95300.0,95900.0,1107
202608111430,95800.0,97700.0,95700.0,96300.0,1352
202608111445,96300.0,97800.0,96300.0,96700.0,1027
202608111500,96700.0,97800.0,96400.0,96700.0,1189
202608111515,96600.0,97000.0,96600.0,97000.0,414
202608120900,96900.0,97800.0,96400.0,96900.0,675
202608120915,96900.0,97000.0,95800.0,96100.0,854
202608120930,96000.0,96400.0,96000.0,96200.0,638
202608120945,96300.0,97400.0,96200.0,97300.0,520
202608121000,97300.0,97700.0,96900.0,96900.0,812
202608121015,97000.0,97900.0,96900.0,97100.0,761
202608121030,97100.0,97900.0,97000.0,97000.0,615
202608121045,97100.0,97900.0,97100.0,97100.0,1207
202608121100,97200.0,97200.0,96500.0,96600.0,1457
202608121115,96700.0,96800.0,96100.0,96300.0,1907
202608121130,96300.0,96600.0,95800.0,96500.0,1784
202608121145,96500.0,96700.0,96300.0,96300.0,1516
202608121200,96300.0,96800.0,96000.0,96500.0,1740
202608121215,96600.0,96700.0,96000.0,96200.0,1330
202608121230,96200.0,96500.0,95400.0,95400.0,1084
202608121245,95500.0,95600.0,95300.0,95400.0,875
202608121300,95400.0,95500.0,94600.0,94700.0,933
202608121315,94700.0,95200.0,94600.0,94900.0,850
202608121330,94900.0,94900.0,94600.0,94600.0,881
202608121345,94600.0,94900.0,94500.0,94600.0,880
202608121400,94500.0,94600.0,94200.0,94200.0,967
202608121415,94200.0,94400.0,94000.0,94200.0,1156
202608121430,94200.0,95300.0,94000.0,95100.0,1035
202608121445,95100.0,95200.0,94500.0,95100.0,1736
202608121500,95100.0,97500.0,94500.0,95100.0,1645
202608121515,95000.0,95300.0,94800.0,94800.0,220
202608130900,94900.0,95100.0,93600.0,93800.0,407
202608130915,93600.0,93600.0,92900.0,92900.0,697
202608130930,92700.0,94100.0,92700.0,93400.0,536
202608130945,93300.0,93400.0,92800.0,92900.0,225
202608131000,92900.0,93400.0,92800.0,93100.0,364
202608131015,93000.0,93900.0,93000.0,93600.0,497
202608131030,93700.0,93900.0,93200.0,93300.0,317
202608131045,93200.0,94200.0,93200.0,93900.0,275
202608131100,94000.0,94100.0,93300.0,93600.0,289
202608131115,93700.0,93800.0,93600.0,93700.0,310
202608131130,93700.0,93900.0,93600.0,93800.0,233
202608131145,93900.0,94100.0,93800.0,93900.0,222
202608131200,94000.0,94400.0,93900.0,94200.0,426
202608131215,94300.0,94300.0,93800.0,94000.0,282
202608131230,93900.0,94000.0,93900.0,93900.0,406
202608131245,93900.0,94300.0,93800.0,94100.0,292
202608131300,94100.0,94300.0,93800.0,93900.0,492
202608131315,94000.0,94800.0,93900.0,94200.0,595
202608131330,94200.0,94200.0,93600.0,93600.0,423
202608131345,93700.0,94300.0,93600.0,94200.0,469
202608131400,94100.0,94400.0,93800.0,93900.0,515
202608131415,93800.0,94200.0,93700.0,94200.0,511
202608131430,94100.0,94300.0,93700.0,93800.0,727
202608131445,93800.0,93900.0,93600.0,93600.0,481
202608131500,93600.0,93900.0,93500.0,93900.0,637
202608131515,93800.0,94400.0,93400.0,94400.0,340
202608140900,94000.0,94400.0,93300.0,93800.0,407
202608140915,93800.0,93800.0,92900.0,93300.0,994
202608140930,93400.0,93500.0,92100.0,92100.0,551
202608140945,92100.0,92300.0,91400.0,91700.0,754
202608141000,91600.0,91700.0,91300.0,91400.0,547
202608141015,91500.0,91700.0,91200.0,91600.0,436
202608141030,91600.0,92100.0,91500.0,91700.0,582
202608141045,91700.0,92100.0,91500.0,91700.0,567
202608141100,91700.0,91900.0,91500.0,91900.0,726
202608141115,91700.0,91700.0,91100.0,91500.0,1534
202608141130,91600.0,94100.0,91400.0,91500.0,895
202608141145,91500.0,92800.0,91500.0,91700.0,682
202608141200,91700.0,92400.0,91700.0,92400.0,657
202608141215,92500.0,92600.0,92100.0,92300.0,579
202608141230,92300.0,92400.0,91900.0,92200.0,541
202608141245,92200.0,92400.0,91600.0,91900.0,804
202608141300,91900.0,92100.0,91500.0,91600.0,836
202608141315,91500.0,92200.0,91500.0,91900.0,901
202608141330,91900.0,92200.0,91700.0,91900.0,960
202608141345,91800.0,92000.0,91700.0,91800.0,880
202608141400,91800.0,91900.0,91600.0,91700.0,1202
202608141415,91600.0,92000.0,91500.0,91700.0,1894
202608141430,91700.0,91900.0,91500.0,91600.0,1624
202608141445,91500.0,92000.0,91500.0,92000.0,1644
202608141500,91900.0,92400.0,91600.0,92400.0,655
202608141515,92000.0,93000.0,91900.0,93000.0,990
202608180900,91800.0,91800.0,90200.0,90200.0,1005
202608180915,90300.0,90300.0,89500.0,89700.0,1319
202608180930,89600.0,89800.0,89200.0,89700.0,1007
202608180945,89700.0,89900.0,89300.0,89900.0,352
202608181000,89900.0,89900.0,89500.0,89700.0,492
202608181015,89700.0,90000.0,89500.0,89900.0,644
202608181030,89900.0,90700.0,89750.0,90300.0,460
202608181045,90300.0,90500.0,90100.0,90500.0,593
202608181100,90500.0,90800.0,90300.0,90300.0,441
202608181115,90300.0,90600.0,90200.0,90200.0,460
202608181130,90300.0,90400.0,90100.0,90100.0,512
202608181145,90100.0,90500.0,90000.0,90400.0,634
202608181200,90500.0,90700.0,90200.0,90500.0,548
202608181215,90500.0,90700.0,90300.0,90700.0,465
202608181230,90700.0,91100.0,90400.0,91000.0,547
202608181245,91000.0,91000.0,90400.0,90400.0,502
202608181300,90500.0,90800.0,90000.0,90000.0,599
202608181315,90200.0,91000.0,90100.0,90800.0,599
202608181330,90800.0,90900.0,90500.0,90600.0,736
202608181345,90700.0,90900.0,90500.0,90800.0,527
202608181400,90600.0,90900.0,90500.0,90600.0,627
202608181415,90600.0,90800.0,90400.0,90500.0,623
202608181430,90500.0,91400.0,90400.0,91200.0,1135
202608181445,91200.0,91300.0,90800.0,90900.0,1526
202608181500,91200.0,91600.0,90700.0,91400.0,1445
202608181515,91500.0,91900.0,90900.0,91300.0,399
202608190900,90100.0,90600.0,88600.0,88600.0,650
202608190915,88600.0,89500.0,88600.0,89200.0,662
202608190930,89000.0,89200.0,88800.0,88800.0,485
202608190945,88800.0,89000.0,88700.0,89000.0,362
202608191000,88800.0,89300.0,88800.0,88900.0,599
202608191015,88900.0,89000.0,88700.0,88800.0,582
202608191030,88700.0,88800.0,88500.0,88600.0,1081
202608191045,88500.0,88600.0,88200.0,88300.0,1114
202608191100,88200.0,88200.0,87900.0,87900.0,777
202608191115,87900.0,88000.0,87500.0,87500.0,676
202608191130,87500.0,87600.0,87100.0,87500.0,1302
202608191145,87500.0,87800.0,87200.0,87500.0,968
202608191200,87500.0,87600.0,87100.0,87500.0,1272
202608191215,87500.0,87700.0,87100.0,87500.0,1104
202608191230,87300.0,87800.0,87200.0,87600.0,1541
202608191245,87700.0,87700.0,87400.0,87600.0,1121
202608191300,87600.0,87800.0,87500.0,87500.0,972
202608191315,87500.0,88000.0,87500.0,88000.0,1311
202608191330,87900.0,88000.0,87600.0,88000.0,1148
202608191345,88000.0,88000.0,87500.0,87700.0,1126
202608191400,87500.0,87800.0,87400.0,87600.0,1315
202608191415,87600.0,87700.0,87200.0,87400.0,1225
202608191430,87400.0,87600.0,87200.0,87300.0,1048
202608191445,87300.0,87700.0,87300.0,87600.0,1372
202608191500,87500.0,88200.0,87200.0,87400.0,2296
202608191515,88200.0,88300.0,87200.0,88200.0,767
202608200900,91200.0,93500.0,90500.0,90700.0,2039
202608200915,90500.0,90500.0,89400.0,90000.0,1486
202608200930,90000.0,90900.0,89500.0,89600.0,642
202608200945,89600.0,89600.0,89000.0,89200.0,750
202608201000,89100.0,89400.0,89000.0,89100.0,326
202608201015,89100.0,89400.0,89100.0,89300.0,242
202608201030,89300.0,90500.0,89300.0,90100.0,519
202608201045,90100.0,90300.0,89900.0,90100.0,649
202608201100,90000.0,90900.0,90000.0,90800.0,541
202608201115,90500.0,90900.0,90300.0,90400.0,449
202608201130,90300.0,90400.0,90000.0,90200.0,518
202608201145,90100.0,90400.0,90100.0,90200.0,670
202608201200,90300.0,90400.0,90100.0,90200.0,470
202608201215,90100.0,90300.0,90000.0,90300.0,566
202608201230,90200.0,90700.0,90100.0,90500.0,738
202608201245,90300.0,90700.0,90200.0,90400.0,599
202608201300,90400.0,90600.0,90200.0,90300.0,500
202608201315,90300.0,90400.0,90100.0,90200.0,550
202608201330,90200.0,90700.0,90200.0,90400.0,674
202608201345,90400.0,90500.0,90100.0,90400.0,1105
202608201400,90400.0,91000.0,90100.0,90900.0,1275
202608201415,90700.0,91000.0,90200.0,90300.0,1826
202608201430,90500.0,90700.0,90100.0,90500.0,2125
202608201445,90300.0,90700.0,90200.0,90500.0,2244
202608201500,90200.0,91200.0,90200.0,90900.0,1740
202608201515,90500.0,91500.0,90400.0,91200.0,585
202608210900,90100.0,90100.0,89200.0,89500.0,1807
202608210915,89500.0,90800.0,89500.0,90000.0,228
202608210930,90000.0,90100.0,89400.0,89900.0,596
202608210945,89900.0,90000.0,89600.0,89800.0,242
202608211000,89800.0,89800.0,89500.0,89700.0,576
202608211015,89700.0,89800.0,89000.0,89000.0,930
202608211030,88900.0,88900.0,88300.0,88400.0,415
202608211045,88400.0,88700.0,88200.0,88700.0,359
202608211100,88600.0,88900.0,88600.0,88800.0,323
202608211115,88800.0,88900.0,88600.0,88700.0,377
202608211130,88700.0,88800.0,88700.0,88800.0,337
202608211145,88800.0,89700.0,88700.0,88900.0,495
202608211200,88900.0,89100.0,88800.0,88800.0,279
202608211215,88800.0,89200.0,88800.0,89000.0,351
202608211230,89000.0,89400.0,89000.0,89200.0,329
202608211245,89200.0,89700.0,89200.0,89500.0,457
202608211300,89400.0,89500.0,89100.0,89500.0,428
202608211315,89400.0,89800.0,89300.0,89600.0,422
202608211330,89600.0,89700.0,89500.0,89700.0,328
202608211345,89800.0,90000.0,89600.0,89800.0,424
202608211400,89800.0,89900.0,89500.0,89600.0,302
202608211415,89600.0,89800.0,89400.0,89500.0,468
202608211430,89500.0,90400.0,89500.0,90200.0,294
202608211445,90100.0,90300.0,89700.0,89900.0,757
202608211500,90000.0,90300.0,89600.0,89900.0,1626
202608211515,89900.0,90400.0,89600.0,90000.0,232
202608240900,90600.0,91000.0,90600.0,91000.0,113
202608240915,91000.0,92100.0,91000.0,91800.0,203
202608240930,91700.0,92000.0,91000.0,91000.0,226
202608240945,91100.0,91400.0,91000.0,91100.0,449
202608241000,91100.0,91100.0,90700.0,90700.0,135
202608241015,90600.0,90600.0,90400.0,90400.0,146
202608241030,90400.0,90700.0,90400.0,90700.0,119
202608241045,90700.0,91400.0,90700.0,91300.0,1530
202608241100,91300.0,91400.0,90800.0,91100.0,325
202608241115,91200.0,91900.0,91000.0,91700.0,896
202608241130,91500.0,91700.0,91100.0,91300.0,324
202608241145,91500.0,91500.0,91000.0,91300.0,391
202608241200,91200.0,91200.0,91000.0,91200.0,185
202608241215,91100.0,91200.0,91000.0,91100.0,275
202608241230,91000.0,91300.0,91000.0,91000.0,182
202608241245,91000.0,91500.0,91000.0,91100.0,576
202608241300,91100.0,91400.0,90700.0,91300.0,626
202608241315,91300.0,91400.0,90800.0,90900.0,672
202608241330,90900.0,91300.0,90500.0,90500.0,496
202608241345,90800.0,91200.0,90600.0,90900.0,489
202608241400,91200.0,91600.0,90700.0,91100.0,798
202608241415,91400.0,91800.0,91000.0,91300.0,796
202608241430,91300.0,91800.0,91000.0,91500.0,586
202608241445,91500.0,92000.0,91200.0,91900.0,815
202608241500,92000.0,92200.0,91600.0,92200.0,596
202608241515,92200.0,92300.0,91700.0,92200.0,245
202608250900,91600.0,91600.0,90400.0,90400.0,273
202608250915,90300.0,90700.0,89700.0,90300.0,744
202608250930,90300.0,90700.0,89800.0,90300.0,359
202608250945,90300.0,90500.0,90100.0,90400.0,188
202608251000,90300.0,90600.0,90300.0,90300.0,107
202608251015,90300.0,91100.0,89800.0,90300.0,488
202608251030,90200.0,90200.0,89800.0,89900.0,156
202608251045,89900.0,90900.0,89900.0,90100.0,256
202608251100,90300.0,90400.0,90000.0,90100.0,135
202608251115,90100.0,91700.0,90000.0,91300.0,421
202608251130,91400.0,91400.0,90400.0,90400.0,218
202608251145,90600.0,91300.0,90400.0,90900.0,290
202608251200,91100.0,92000.0,90800.0,91600.0,232
202608251215,91800.0,92400.0,91300.0,92400.0,513
202608251230,92100.0,92100.0,91500.0,91700.0,227
202608251245,91900.0,92800.0,91700.0,92500.0,1271
202608251300,92500.0,92900.0,92100.0,92700.0,308
202608251315,92700.0,93000.0,92200.0,92400.0,246
202608251330,92600.0,93100.0,92400.0,93000.0,522
202608251345,93100.0,93300.0,92300.0,92900.0,397
202608251400,92900.0,93200.0,92700.0,92900.0,330
202608251415,93000.0,93200.0,92100.0,92100.0,423
202608251430,92500.0,92700.0,91600.0,92400.0,586
202608251445,92500.0,92700.0,91900.0,92100.0,743
202608251500,92100.0,92800.0,91800.0,92400.0,392
202608251515,92500.0,92700.0,91800.0,91800.0,147
202608260900,92900.0,93000.0,91900.0,92900.0,223
202608260915,92900.0,93800.0,92500.0,93800.0,514
202608260930,93800.0,94200.0,92900.0,93500.0,345
202608260945,93300.0,93400.0,93000.0,93400.0,233
202608261000,93200.0,93600.0,93000.0,93600.0,218
202608261015,93600.0,93800.0,93200.0,93300.0,283
202608261030,93200.0,93700.0,93200.0,93600.0,213
202608261045,93500.0,93800.0,93400.0,93600.0,251
202608261100,93400.0,93800.0,92800.0,93500.0,1050
202608261115,93500.0,93600.0,92800.0,93300.0,783
202608261130,93300.0,93500.0,93200.0,93400.0,227
202608261145,93300.0,93500.0,93100.0,93100.0,279
202608261200,93200.0,93300.0,92900.0,93200.0,190
202608261215,93100.0,93300.0,93000.0,93300.0,185
202608261230,93000.0,93300.0,93000.0,93000.0,163
202608261245,93000.0,93400.0,93000.0,93200.0,448
202608261300,93300.0,93600.0,93200.0,93200.0,444
202608261315,93200.0,93300.0,93000.0,93100.0,203
202608261330,93050.0,93750.0,93050.0,93700.0,949
202608261345,93700.0,93700.0,93200.0,93350.0,622
202608261400,93350.0,93500.0,93200.0,93300.0,675
202608261415,93400.0,93500.0,93000.0,93200.0,546
202608261430,93200.0,93300.0,93000.0,93100.0,402
202608261445,93200.0,93300.0,93000.0,93100.0,542
202608261500,93200.0,93300.0,92900.0,92900.0,337
202608261515,93200.0,93600.0,93000.0,93600.0,260
202608270900,93600.0,93900.0,92700.0,93100.0,1409
202608270915,93000.0,93800.0,93000.0,93700.0,486
202608270930,93600.0,93800.0,93000.0,93200.0,1585
202608270945,93200.0,93700.0,93000.0,93300.0,508
202608271000,93300.0,93700.0,93300.0,93700.0,395
202608271015,93400.0,93700.0,92700.0,92700.0,1797
202608271030,92800.0,93000.0,92700.0,92700.0,307
202608271045,92700.0,93200.0,92500.0,92700.0,738
202608271100,92600.0,93100.0,92500.0,92800.0,397
202608271115,92800.0,92800.0,92200.0,92500.0,500
202608271130,92300.0,93200.0,92000.0,92300.0,1002
202608271145,92400.0,92700.0,92200.0,92200.0,260
202608271200,92500.0,92800.0,91700.0,92300.0,1114
202608271215,92000.0,92300.0,91600.0,91600.0,143
202608271230,91600.0,93000.0,91600.0,91700.0,483
202608271245,91700.0,92100.0,91600.0,91800.0,224
202608271300,91700.0,92100.0,91600.0,91600.0,180
202608271315,91600.0,92300.0,91400.0,91500.0,2382
202608271330,91500.0,91600.0,91300.0,91300.0,524
202608271345,91400.0,92300.0,91300.0,91400.0,784
202608271400,91300.0,91300.0,91100.0,91300.0,294
202608271415,91300.0,91300.0,90900.0,91000.0,685
202608271430,91000.0,92100.0,91000.0,91600.0,1780
202608271445,91600.0,91800.0,91100.0,91300.0,664
202608271500,91300.0,91600.0,91200.0,91400.0,595
202608271515,91300.0,92600.0,91300.0,92200.0,1456
202608280900,91100.0,94200.0,91100.0,92100.0,231
202608280915,92300.0,92500.0,91600.0,92100.0,350
202608280930,92000.0,92000.0,91500.0,91500.0,141
202608280945,91500.0,92500.0,91500.0,92500.0,306
202608281000,92500.0,93000.0,92300.0,92400.0,255
202608281015,92300.0,92600.0,92000.0,92600.0,426
202608281030,92500.0,92900.0,92300.0,92600.0,387
202608281045,92500.0,93100.0,92300.0,93100.0,262
202608281100,93200.0,93400.0,92700.0,93300.0,148
202608281115,93350.0,94000.0,93300.0,93600.0,443
202608281130,93800.0,93900.0,93600.0,93650.0,232
202608281145,93650.0,93700.0,93300.0,93400.0,176
202608281200,93300.0,94000.0,93300.0,93800.0,299
202608281215,93850.0,94200.0,93700.0,94200.0,548
202608281230,94150.0,94150.0,93900.0,94000.0,226
202608281245,93950.0,94400.0,93800.0,94300.0,490
202608281300,94250.0,94400.0,94000.0,94100.0,248
202608281315,94200.0,96000.0,94200.0,95800.0,3935
202608281330,95600.0,96300.0,94100.0,94600.0,2737
202608281345,94800.0,95000.0,94600.0,94750.0,432
202608281400,94700.0,95550.0,94700.0,95550.0,1016
202608281415,95700.0,96800.0,95400.0,96700.0,2577
202608281430,96700.0,96700.0,95400.0,96100.0,1262
202608281445,96200.0,96300.0,95900.0,96100.0,699
202608281500,96100.0,96400.0,95800.0,96400.0,936
202608281515,96300.0,96400.0,96000.0,96000.0,269
202608310900,95200.0,95500.0,93600.0,94700.0,591
202608310915,94600.0,94800.0,94300.0,94500.0,146
202608310930,94600.0,94800.0,94500.0,94600.0,218
202608310945,94600.0,94800.0,94600.0,94700.0,153
202608311000,94700.0,94800.0,94500.0,94700.0,199
202608311015,94800.0,94800.0,94000.0,94400.0,1162
202608311030,94400.0,94800.0,94100.0,94200.0,515
202608311045,94200.0,94500.0,93900.0,94500.0,1019
202608311100,94400.0,94500.0,94000.0,94500.0,267
202608311115,94100.0,94500.0,93800.0,94000.0,706
202608311130,93800.0,94500.0,93700.0,94200.0,858
202608311145,94200.0,94500.0,94100.0,94400.0,235
202608311200,94500.0,94500.0,94100.0,94300.0,283
202608311215,94200.0,94500.0,93700.0,93700.0,1443
202608311230,93700.0,94100.0,93600.0,94100.0,241
202608311245,94000.0,94100.0,93900.0,94100.0,164
202608311300,94100.0,94300.0,93800.0,94100.0,345
202608311315,94100.0,94400.0,93900.0,94200.0,185
202608311330,94300.0,94400.0,94200.0,94200.0,221
202608311345,94400.0,94400.0,94100.0,94300.0,143
202608311400,94300.0,94400.0,94000.0,94100.0,243
202608311415,94200.0,94200.0,93900.0,94000.0,157
202608311430,93900.0,94100.0,93800.0,94000.0,241
202608311445,94100.0,94400.0,93900.0,94000.0,326
202608311500,94100.0,94100.0,93800.0,93800.0,410
202608311515,94000.0,94200.0,93800.0,94200.0,911
202609010900,94000.0,95100.0,93300.0,94400.0,229
202609010915,94400.0,94400.0,93200.0,93800.0,183
202609010930,93800.0,94000.0,93500.0,93600.0,272
202609010945,93500.0,93900.0,93300.0,93500.0,324
202609011000,93300.0,94000.0,92900.0,93200.0,408
202609011015,93200.0,94000.0,93000.0,93700.0,525
202609011030,93800.0,94000.0,93000.0,93500.0,543
202609011045,93200.0,93700.0,93000.0,93700.0,484
202609011100,93900.0,93900.0,93100.0,93400.0,528
202609011115,93600.0,93900.0,93100.0,93500.0,620
202609011130,93700.0,93800.0,93000.0,93500.0,598
202609011145,93100.0,93900.0,93100.0,93900.0,604
202609011200,93300.0,93900.0,93200.0,93500.0,471
202609011215,93500.0,93900.0,93500.0,93700.0,298
202609011230,93100.0,93900.0,93100.0,93700.0,435
202609011245,93600.0,94000.0,93400.0,93800.0,354
202609011300,93700.0,94000.0,93100.0,93400.0,529
202609011315,93400.0,94000.0,92700.0,92800.0,1117
202609011330,92800.0,93500.0,92700.0,92700.0,554
202609011345,92700.0,93100.0,92600.0,92800.0,559
202609011400,92800.0,93000.0,92400.0,92500.0,599
202609011415,92600.0,92800.0,92300.0,92400.0,590
202609011430,92400.0,92900.0,92300.0,92800.0,732
202609011445,92900.0,93500.0,92700.0,93200.0,787
202609011500,93100.0,93300.0,93100.0,93100.0,510
202609011515,93100.0,93400.0,93100.0,93200.0,166
202609020900,92300.0,93600.0,91300.0,91800.0,222
202609020915,91800.0,92600.0,91800.0,92000.0,94
202609020930,92100.0,92200.0,91900.0,92100.0,79
202609020945,92100.0,92200.0,92000.0,92100.0,230
202609021000,92000.0,92700.0,92000.0,92600.0,213
202609021015,92800.0,92800.0,92300.0,92500.0,149
202609021030,92500.0,92500.0,92000.0,92400.0,252
202609021045,92400.0,92600.0,92000.0,92500.0,692
202609021100,92500.0,92600.0,92200.0,92300.0,204
202609021115,92500.0,92600.0,92400.0,92500.0,196
202609021130,92400.0,92500.0,92200.0,92400.0,282
202609021145,92200.0,92400.0,92000.0,92300.0,211
202609021200,92300.0,92500.0,92000.0,92200.0,189
202609021215,92400.0,92500.0,92100.0,92200.0,190
202609021230,92300.0,92500.0,92200.0,92400.0,198
202609021245,92300.0,92700.0,92300.0,92600.0,235
202609021300,92600.0,92700.0,92000.0,92100.0,268
202609021315,92100.0,92700.0,92100.0,92700.0,245
202609021330,92600.0,92700.0,92000.0,92200.0,243
202609021345,92300.0,92400.0,92000.0,92100.0,289
202609021400,92200.0,92400.0,91500.0,91600.0,798
202609021415,91600.0,93100.0,91600.0,92200.0,776
202609021430,92200.0,92200.0,91800.0,92000.0,644
202609021445,92000.0,92700.0,91700.0,91700.0,748
202609021500,91700.0,92000.0,91400.0,91500.0,688
202609021515,91600.0,93000.0,91400.0,92700.0,533
202609030900,92700.0,92700.0,91600.0,92400.0,158
202609030915,92400.0,93100.0,92400.0,93100.0,120
202609030930,93200.0,94400.0,93200.0,94200.0,325
202609030945,94200.0,95300.0,93800.0,95300.0,882
202609031000,95300.0,95300.0,94000.0,94100.0,406
202609031015,94100.0,94300.0,93400.0,93900.0,386
202609031030,93900.0,94200.0,93700.0,93900.0,360
202609031045,94100.0,94100.0,93200.0,93600.0,377
202609031100,93600.0,94100.0,93600.0,93800.0,328
202609031115,93800.0,94000.0,93300.0,93600.0,346
202609031130,93600.0,93800.0,93400.0,93800.0,304
202609031145,93800.0,93800.0,93400.0,93600.0,299
202609031200,93600.0,93700.0,93400.0,93500.0,299
202609031215,93500.0,93700.0,93000.0,93200.0,381
202609031230,93200.0,93400.0,93100.0,93400.0,329
202609031245,93300.0,93400.0,92900.0,93300.0,465
202609031300,93200.0,93500.0,93000.0,93300.0,306
202609031315,93300.0,93400.0,93100.0,93200.0,329
202609031330,93200.0,94300.0,92900.0,93900.0,1079
202609031345,93800.0,94100.0,93700.0,93800.0,886
202609031400,93900.0,93900.0,93000.0,93100.0,331
202609031415,93000.0,93100.0,92100.0,92500.0,812
202609031430,92500.0,92700.0,92400.0,92500.0,402
202609031445,92600.0,92900.0,92500.0,92600.0,423
202609031500,92600.0,92800.0,92000.0,92600.0,258
202609031515,92200.0,94000.0,92100.0,94000.0,343
202609040900,95000.0,95000.0,93900.0,94600.0,446
202609040915,94800.0,94800.0,93900.0,94200.0,661
202609040930,94100.0,94100.0,93500.0,93500.0,490
202609040945,93500.0,93900.0,93500.0,93700.0,229
202609041000,93600.0,93800.0,93300.0,93500.0,532
202609041015,93400.0,93500.0,93200.0,93300.0,374
202609041030,93300.0,93600.0,93300.0,93500.0,241
202609041045,93400.0,93700.0,93400.0,93500.0,236
202609041100,93600.0,93600.0,93400.0,93500.0,529
202609041115,93400.0,93500.0,93200.0,93300.0,542
202609041130,93300.0,93600.0,93200.0,93600.0,300
202609041145,93500.0,93600.0,93500.0,93500.0,271
202609041200,93500.0,93600.0,92600.0,92600.0,883
202609041215,92600.0,92800.0,92600.0,92800.0,120
202609041230,92800.0,93500.0,92800.0,93100.0,616
202609041245,93000.0,93500.0,93000.0,93200.0,283
202609041300,93300.0,93800.0,92600.0,92700.0,1120
202609041315,92700.0,92700.0,92200.0,92400.0,769
202609041330,92300.0,92400.0,92200.0,92200.0,636
202609041345,92100.0,92400.0,92000.0,92100.0,620
202609041400,92000.0,92600.0,92000.0,92500.0,802
202609041415,92500.0,93000.0,92100.0,92300.0,984
202609041430,92600.0,92800.0,92500.0,92700.0,105
202609041445,92700.0,93000.0,92700.0,92800.0,237
202609041500,92700.0,93100.0,92700.0,93000.0,254
202609041515,93000.0,93000.0,92400.0,92600.0,412
202609070900,92400.0,92400.0,91600.0,92100.0,368
202609070915,91700.0,93000.0,91700.0,92200.0,755
202609070930,92100.0,93600.0,92000.0,92500.0,1027
202609070945,92300.0,92600.0,91800.0,92100.0,364
202609071000,92100.0,93900.0,91800.0,93000.0,1335
202609071015,92900.0,93200.0,92100.0,92300.0,2002
202609071030,92300.0,93100.0,92000.0,92100.0,876
202609071045,92100.0,92800.0,91900.0,92100.0,300
202609071100,92200.0,92300.0,91900.0,92000.0,231
202609071115,92000.0,92800.0,91800.0,91900.0,316
202609071130,91900.0,92000.0,91700.0,91700.0,223
202609071145,91800.0,92000.0,91700.0,91700.0,167
202609071200,91900.0,92100.0,91500.0,91700.0,160
202609071215,91600.0,91700.0,91500.0,91600.0,389
202609071230,91600.0,91700.0,91400.0,91600.0,298
202609071245,91500.0,91500.0,91300.0,91300.0,263
202609071300,91400.0,91700.0,91200.0,91700.0,749
202609071315,91400.0,91400.0,91200.0,91300.0,128
202609071330,91200.0,91400.0,91200.0,91300.0,76
202609071345,91300.0,92000.0,91200.0,91700.0,537
202609071400,91700.0,92700.0,91600.0,92700.0,454
202609071415,92700.0,92700.0,91900.0,92300.0,971
202609071430,92400.0,92500.0,91900.0,92100.0,1102
202609071445,92400.0,92500.0,91800.0,92500.0,862
202609071500,92500.0,92600.0,91800.0,92000.0,640
202609071515,92000.0,92600.0,91800.0,92100.0,350
202609080900,92800.0,93300.0,92400.0,92600.0,83
202609080915,92500.0,92600.0,91900.0,92200.0,290
202609080930,92100.0,92200.0,91900.0,92200.0,232
202609080945,92200.0,92600.0,92000.0,92100.0,260
202609081000,92000.0,92100.0,91800.0,91800.0,176
202609081015,91800.0,91900.0,91800.0,91800.0,89
202609081030,91800.0,91900.0,91500.0,91500.0,526
202609081045,91600.0,91800.0,91500.0,91600.0,195
202609081100,91700.0,91900.0,91600.0,91800.0,210
202609081115,91800.0,92200.0,91700.0,91700.0,178
202609081130,91800.0,91900.0,91500.0,91600.0,173
202609081145,91600.0,91700.0,91400.0,91400.0,177
202609081200,91500.0,92000.0,91500.0,91600.0,161
202609081215,91600.0,92300.0,91500.0,91900.0,240
202609081230,91800.0,91800.0,91500.0,91600.0,218
202609081245,91500.0,92000.0,91500.0,92000.0,217
202609081300,91900.0,92400.0,91600.0,91900.0,304
202609081315,91900.0,92400.0,91600.0,92100.0,223
202609081330,92200.0,92200.0,91600.0,91900.0,211
202609081345,91800.0,92200.0,91700.0,92200.0,248
202609081400,92100.0,92400.0,91800.0,91800.0,351
202609081415,91800.0,92400.0,91800.0,92300.0,395
202609081430,92300.0,92300.0,91700.0,91900.0,376
202609081445,92000.0,92400.0,91700.0,91900.0,396
202609081500,91800.0,92300.0,91700.0,91800.0,296
202609081515,92000.0,92300.0,91600.0,91600.0,331
202609090900,91600.0,91600.0,90800.0,90800.0,283
202609090915,90900.0,91100.0,90300.0,91000.0,927
202609090930,91100.0,91200.0,90800.0,91100.0,438
202609090945,91100.0,91200.0,90800.0,90900.0,633
202609091000,90800.0,91200.0,90700.0,91100.0,1439
202609091015,91000.0,91100.0,90900.0,91000.0,178
202609091030,90900.0,91200.0,90900.0,91100.0,373
202609091045,91100.0,91200.0,91000.0,91100.0,104
202609091100,91100.0,91900.0,91000.0,91200.0,1238
202609091115,91100.0,91100.0,91000.0,91000.0,54
202609091130,91100.0,91200.0,91000.0,91100.0,88
202609091145,91000.0,91400.0,91000.0,91200.0,82
202609091200,91100.0,91400.0,91100.0,91300.0,69
202609091215,91300.0,91400.0,91200.0,91300.0,48
202609091230,91200.0,91500.0,91200.0,91400.0,84
202609091245,91500.0,91600.0,91400.0,91500.0,72
202609091300,91500.0,91500.0,91400.0,91500.0,80
202609091315,91500.0,91700.0,91400.0,91700.0,552
202609091330,91400.0,91600.0,91400.0,91400.0,140
202609091345,91400.0,91500.0,91000.0,91300.0,620
202609091400,91100.0,91400.0,91000.0,91200.0,117
202609091415,91300.0,91300.0,91100.0,91200.0,63
202609091430,91100.0,91400.0,91100.0,91300.0,80
202609091445,91400.0,91600.0,91300.0,91600.0,135
202609091500,91600.0,91700.0,91300.0,91600.0,79
202609091515,91400.0,91600.0,91000.0,91000.0,150
202609100900,90700.0,91300.0,90500.0,91000.0,160
202609100915,91100.0,91100.0,90900.0,90900.0,84
202609100930,90900.0,91000.0,90400.0,90600.0,202
202609100945,90600.0,90700.0,90400.0,90500.0,114
202609101000,90500.0,90700.0,90300.0,90600.0,404
202609101015,90500.0,91000.0,90500.0,90700.0,192
202609101030,90700.0,91000.0,90400.0,90500.0,275
202609101045,90500.0,90700.0,90400.0,90500.0,308
202609101100,90500.0,90700.0,90400.0,90600.0,192
202609101115,90600.0,91000.0,90500.0,90600.0,304
202609101130,90800.0,91300.0,90600.0,90800.0,314
202609101145,90800.0,90900.0,90300.0,90400.0,271
202609101200,90300.0,91100.0,90300.0,90600.0,382
202609101215,90500.0,90600.0,90500.0,90600.0,176
202609101230,90500.0,90600.0,90500.0,90500.0,204
202609101245,90500.0,90900.0,90500.0,90700.0,257
202609101300,90700.0,91700.0,90700.0,91700.0,363
202609101315,91700.0,91900.0,91200.0,91400.0,352
202609101330,91600.0,91600.0,90500.0,91000.0,587
202609101345,91000.0,91900.0,90800.0,91200.0,599
202609101400,91300.0,92000.0,91000.0,91000.0,534
202609101415,91100.0,91600.0,90800.0,91300.0,475
202609101430,91200.0,91900.0,90900.0,91900.0,512
202609101445,91200.0,92000.0,90900.0,91200.0,451
202609101500,91200.0,92000.0,90800.0,91100.0,863
202609101515,91100.0,91600.0,90900.0,90900.0,2882
202609110900,89800.0,91200.0,89800.0,90800.0,177
202609110915,90700.0,90900.0,90300.0,90300.0,432
202609110930,90600.0,90800.0,90500.0,90500.0,205
202609110945,90500.0,91000.0,90500.0,91000.0,238
202609111000,91000.0,91900.0,90600.0,90700.0,83
202609111015,90600.0,90700.0,90500.0,90500.0,172
202609111030,90500.0,90600.0,90500.0,90500.0,165
202609111045,90500.0,90600.0,90300.0,90300.0,185
202609111100,90600.0,91600.0,90300.0,90800.0,323
202609111115,90700.0,90700.0,90200.0,90500.0,181
202609111130,90500.0,91200.0,90300.0,90600.0,307
202609111145,90600.0,90800.0,90300.0,90800.0,234
202609111200,90900.0,91200.0,90800.0,90800.0,182
202609111215,90900.0,91100.0,90700.0,90800.0,250
202609111230,91000.0,91000.0,90700.0,91000.0,178
202609111245,91000.0,91500.0,90900.0,91200.0,225
202609111300,91200.0,91400.0,90750.0,91100.0,260
202609111315,91050.0,91400.0,90850.0,91200.0,230
202609111330,91300.0,91500.0,90800.0,90800.0,221
202609111345,91050.0,91300.0,90800.0,90850.0,241
202609111400,90850.0,90900.0,90500.0,90700.0,129
202609111415,90650.0,90700.0,90500.0,90500.0,127
202609111430,90550.0,90700.0,90300.0,90500.0,219
202609111445,90400.0,91300.0,90400.0,91000.0,327
202609111500,91000.0,91800.0,90500.0,90600.0,1249
202609111515,90600.0,91200.0,90500.0,90700.0,216
202609140900,90700.0,91800.0,90700.0,91500.0,156
202609140915,91300.0,92100.0,91300.0,91500.0,267
202609140930,91600.0,92000.0,91600.0,92000.0,181
202609140945,92000.0,92800.0,92000.0,92800.0,266
202609141000,92800.0,93500.0,92800.0,93400.0,392
202609141015,93300.0,93400.0,92500.0,92600.0,340
202609141030,92600.0,92900.0,92600.0,92900.0,177
202609141045,93000.0,93000.0,92500.0,92600.0,431
202609141100,92600.0,93000.0,92500.0,93000.0,199
202609141115,93000.0,93300.0,92600.0,92900.0,370
202609141130,92900.0,93300.0,92800.0,93100.0,149
202609141145,93100.0,93500.0,92800.0,93500.0,321
202609141200,93200.0,93500.0,93000.0,93000.0,126
202609141215,93300.0,93300.0,93000.0,93200.0,271
202609141230,93200.0,93300.0,93000.0,93300.0,153
202609141245,93000.0,93100.0,92800.0,93000.0,136
202609141300,93000.0,93300.0,92800.0,92900.0,428
202609141315,93000.0,93300.0,92900.0,93000.0,400
202609141330,93000.0,93000.0,92700.0,92900.0,146
202609141345,92900.0,92900.0,92600.0,92600.0,167
202609141400,92600.0,92900.0,92600.0,92600.0,108
202609141415,92600.0,93000.0,92600.0,92800.0,262
202609141430,92700.0,93000.0,92600.0,93000.0,341
202609141445,93000.0,93000.0,92500.0,92600.0,1002
202609141500,92600.0,93300.0,92100.0,92500.0,1776
202609141515,92500.0,92800.0,92000.0,92700.0,626
202609150900,92600.0,93500.0,92600.0,92700.0,1441
202609150915,92800.0,92800.0,92300.0,92400.0,371
202609150930,92300.0,93000.0,92300.0,92800.0,204
202609150945,92800.0,93300.0,92500.0,93000.0,165
202609151000,93300.0,93800.0,93000.0,93500.0,492
202609151015,93700.0,95000.0,93700.0,94500.0,1054
202609151030,94300.0,94600.0,94200.0,94400.0,363
202609151045,94300.0,94400.0,94000.0,94100.0,471
202609151100,94100.0,94300.0,93700.0,94000.0,339
202609151115,94000.0,94200.0,93700.0,93700.0,324
202609151130,93700.0,94300.0,93700.0,94000.0,433
202609151145,94200.0,94300.0,93700.0,93800.0,507
202609151200,94000.0,94300.0,93900.0,94100.0,131
202609151215,94400.0,94400.0,93900.0,94000.0,374
202609151230,94100.0,94300.0,94000.0,94200.0,154
202609151245,94100.0,94300.0,93900.0,94000.0,647
202609151300,94000.0,94100.0,93700.0,94100.0,371
202609151315,94100.0,94600.0,93900.0,94500.0,620
202609151330,94400.0,94700.0,94300.0,94400.0,227
202609151345,94600.0,94700.0,94300.0,94500.0,627
202609151400,94200.0,94500.0,94200.0,94300.0,341
202609151415,94400.0,94500.0,94200.0,94500.0,522
202609151430,94500.0,94500.0,94100.0,94300.0,636
202609151445,94300.0,94300.0,94000.0,94200.0,557
202609151500,94100.0,94100.0,93600.0,93800.0,628
202609151515,93700.0,94400.0,93600.0,94400.0,417
202609160900,93000.0,93700.0,92900.0,93100.0,45
202609160915,93100.0,93200.0,93000.0,93200.0,49
202609160930,93200.0,94400.0,93000.0,93000.0,196
202609160945,92900.0,93300.0,92700.0,92900.0,370
202609161000,92900.0,93300.0,92700.0,92800.0,190
202609161015,92700.0,92700.0,92100.0,92500.0,128
202609161030,92200.0,93300.0,92100.0,92400.0,226
202609161045,92100.0,92400.0,92100.0,92200.0,31
202609161100,92200.0,92900.0,92100.0,92800.0,97
202609161115,92800.0,93500.0,92300.0,92400.0,176
202609161130,92400.0,92400.0,92200.0,92300.0,75
202609161145,92300.0,93100.0,92200.0,92500.0,95
202609161200,92500.0,93100.0,92400.0,92800.0,220
202609161215,92600.0,93700.0,92300.0,93000.0,209
202609161230,93000.0,93600.0,92400.0,92400.0,282
202609161245,92500.0,93100.0,92400.0,93000.0,108
202609161300,93200.0,93600.0,92500.0,93200.0,730
202609161315,93200.0,93700.0,93000.0,93400.0,372
202609161330,93600.0,94200.0,93300.0,93600.0,394
202609161345,93800.0,94200.0,93300.0,93400.0,423
202609161400,93300.0,93700.0,92900.0,93200.0,502
202609161415,93200.0,93800.0,92800.0,93200.0,808
202609161430,93200.0,94300.0,92800.0,93100.0,781
202609161445,93100.0,93500.0,92800.0,93200.0,865
202609161500,93200.0,94200.0,92600.0,93600.0,2894
202609161515,93600.0,94500.0,93400.0,94100.0,493
202609170900,93100.0,94200.0,92400.0,93600.0,381
202609170915,93600.0,93900.0,93200.0,93400.0,239
202609170930,93500.0,93500.0,93400.0,93400.0,13
202609170945,93300.0,93400.0,93000.0,93300.0,73
202609171000,93400.0,93800.0,93400.0,93700.0,46
202609171015,93600.0,93700.0,93600.0,93700.0,84
202609171030,93700.0,93700.0,93500.0,93600.0,91
202609171045,93700.0,93700.0,93500.0,93600.0,80
202609171100,93600.0,93700.0,93300.0,93700.0,80
202609171115,93700.0,93700.0,93300.0,93400.0,74
202609171130,93400.0,93700.0,93100.0,93600.0,116
202609171145,93600.0,93600.0,93100.0,93500.0,72
202609171200,93500.0,93600.0,93300.0,93400.0,67
202609171215,93600.0,93600.0,93100.0,93100.0,290
202609171230,93300.0,93400.0,93000.0,93200.0,116
202609171245,93300.0,93600.0,93000.0,93300.0,75
202609171300,93300.0,93800.0,93000.0,93700.0,147
202609171315,93700.0,93700.0,93600.0,93700.0,81
202609171330,93600.0,93700.0,93100.0,93400.0,564
202609171345,93300.0,93700.0,93100.0,93500.0,349
202609171400,93700.0,93700.0,93300.0,93600.0,76
202609171415,93700.0,93900.0,93500.0,93500.0,567
202609171430,93500.0,93800.0,93400.0,93400.0,186
202609171445,93500.0,93700.0,93100.0,93200.0,243
202609171500,93200.0,93300.0,93000.0,93000.0,254
202609171515,93000.0,93400.0,93000.0,93000.0,300
202609180900,93200.0,94600.0,93200.0,93900.0,242
202609180915,93800.0,94500.0,93600.0,94400.0,315
202609180930,94300.0,94500.0,94100.0,94400.0,348
202609180945,94500.0,94500.0,93900.0,93900.0,226
202609181000,94100.0,94200.0,93900.0,94000.0,125
202609181015,94100.0,94400.0,94000.0,94100.0,93
202609181030,94200.0,94300.0,93800.0,94100.0,134
202609181045,94200.0,94300.0,93900.0,94300.0,199
202609181100,94300.0,94300.0,94100.0,94200.0,149
202609181115,94200.0,94200.0,93800.0,94000.0,193
202609181130,94100.0,94100.0,93700.0,93800.0,181
202609181145,93900.0,93900.0,93600.0,93900.0,145
202609181200,93900.0,93900.0,93400.0,93500.0,163
202609181215,93600.0,93600.0,93000.0,93300.0,348
202609181230,93400.0,93600.0,93100.0,93400.0,161
202609181245,93400.0,93600.0,93100.0,93400.0,157
202609181300,93500.0,93600.0,93000.0,93000.0,222
202609181315,93200.0,93400.0,93000.0,93300.0,288
202609181330,93400.0,93600.0,93200.0,93500.0,169
202609181345,93400.0,93500.0,93100.0,93200.0,354
202609181400,93400.0,93500.0,93200.0,93500.0,204
202609181415,93500.0,94500.0,93100.0,94100.0,1000
202609181430,94400.0,95500.0,93300.0,93700.0,1777
202609181445,93700.0,94600.0,93400.0,94200.0,230
202609181500,93900.0,94000.0,93500.0,93800.0,386
202609181515,93900.0,94800.0,93500.0,93600.0,7796
202609210900,93500.0,93600.0,92800.0,93600.0,128
202609210915,93900.0,93900.0,93000.0,93200.0,131
202609210930,93400.0,94000.0,93300.0,93600.0,86
202609210945,93600.0,93700.0,93300.0,93300.0,65
202609211000,93400.0,93500.0,93100.0,93300.0,249
202609211015,93300.0,93500.0,93100.0,93300.0,145
202609211030,93300.0,93500.0,93100.0,93500.0,235
202609211045,93600.0,93700.0,93400.0,93600.0,30
202609211100,93600.0,93700.0,93500.0,93600.0,182
202609211115,93600.0,93700.0,93400.0,93500.0,57
202609211130,93400.0,93500.0,93000.0,93000.0,179
202609211145,93100.0,93200.0,93000.0,93200.0,103
202609211200,93100.0,93300.0,93100.0,93300.0,540
202609211215,93300.0,93300.0,93000.0,93100.0,308
202609211230,93100.0,93100.0,92900.0,93100.0,63
202609211245,93100.0,93200.0,93000.0,93100.0,61
202609211300,93100.0,93700.0,93000.0,93000.0,124
202609211315,93000.0,93200.0,92800.0,93000.0,292
202609211330,93000.0,93000.0,92900.0,92900.0,96
202609211345,93000.0,93000.0,92500.0,92800.0,152
202609211400,92900.0,93600.0,92700.0,93100.0,155
202609211415,93200.0,93600.0,92900.0,93500.0,160
202609211430,93400.0,93600.0,93000.0,93500.0,136
202609211445,93500.0,93500.0,93000.0,93200.0,169
202609211500,93200.0,93300.0,93100.0,93200.0,245
202609211515,93200.0,93200.0,92600.0,92600.0,435
202609220900,94600.0,94600.0,93500.0,94000.0,976
202609220915,93800.0,94100.0,93400.0,94000.0,445
202609220930,93700.0,94000.0,93200.0,93500.0,354
202609220945,93700.0,94000.0,93500.0,93700.0,63
202609221000,93700.0,94000.0,93400.0,94000.0,353
202609221015,93900.0,94000.0,93600.0,93900.0,233
202609221030,93700.0,94000.0,93600.0,93900.0,167
202609221045,93800.0,94000.0,93200.0,93400.0,538
202609221100,93300.0,94000.0,93100.0,94000.0,175
202609221115,94000.0,94000.0,93600.0,94000.0,88
202609221130,93800.0,94000.0,93600.0,93700.0,120
202609221145,93700.0,94000.0,93600.0,93700.0,118
202609221200,93800.0,94000.0,93400.0,93900.0,170
202609221215,94000.0,94000.0,93400.0,93600.0,276
202609221230,93400.0,93800.0,93300.0,93300.0,309
202609221245,93300.0,94000.0,92800.0,93400.0,2647
202609221300,93300.0,93500.0,93100.0,93500.0,170
202609221315,93200.0,93800.0,93100.0,93200.0,157
202609221330,93200.0,93300.0,93000.0,93100.0,85
202609221345,93100.0,93200.0,93000.0,93100.0,97
202609221400,93100.0,93100.0,93000.0,93100.0,88
202609221415,93000.0,93200.0,92600.0,92800.0,374
202609221430,92700.0,93100.0,92500.0,92900.0,1163
202609221445,92800.0,93100.0,92600.0,92900.0,1348
202609221500,92900.0,93400.0,92700.0,93200.0,1264
202609221515,92800.0,93900.0,92700.0,93000.0,407
202609230900,92500.0,93000.0,92500.0,92500.0,390
202609230915,92400.0,93200.0,92000.0,93000.0,375
202609230930,93100.0,93100.0,92400.0,92400.0,149
202609230945,92600.0,92900.0,92000.0,92300.0,434
202609231000,92100.0,93000.0,92000.0,92400.0,425
202609231015,92500.0,92900.0,92300.0,92300.0,186
202609231030,92300.0,92900.0,92100.0,92400.0,329
202609231045,92300.0,92800.0,92000.0,92500.0,284
202609231100,92300.0,92500.0,92000.0,92300.0,273
202609231115,92100.0,92700.0,92100.0,92700.0,278
202609231130,92700.0,92900.0,92200.0,92400.0,201
202609231145,92800.0,93000.0,92300.0,92600.0,308
202609231200,92600.0,93000.0,92500.0,92900.0,216
202609231215,92600.0,93200.0,92500.0,93200.0,517
202609231230,92900.0,93200.0,92500.0,92800.0,175
202609231245,92800.0,93000.0,92300.0,92300.0,796
202609231300,92900.0,92900.0,92100.0,92200.0,1299
202609231315,92300.0,92300.0,92100.0,92100.0,187
202609231330,92100.0,92200.0,91800.0,92100.0,429
202609231345,92000.0,92100.0,91800.0,92000.0,216
202609231400,91900.0,92100.0,91800.0,92100.0,261
202609231415,92000.0,92200.0,91800.0,92000.0,595
202609231430,91900.0,92100.0,91700.0,91800.0,610
202609231445,92200.0,92200.0,91700.0,92000.0,326
202609231500,92000.0,92100.0,91800.0,92000.0,229
202609231515,91850.0,92600.0,91700.0,92600.0,390
202609280900,92800.0,93500.0,92500.0,93100.0,116
202609280915,93100.0,93100.0,92200.0,92500.0,342
202609280930,92500.0,92800.0,92400.0,92400.0,209
202609280945,92400.0,93000.0,92400.0,92600.0,198
202609281000,92500.0,92800.0,92400.0,92700.0,131
202609281015,92500.0,92800.0,92500.0,92600.0,69
202609281030,92700.0,94100.0,92600.0,92800.0,530
202609281045,92800.0,92900.0,92500.0,92800.0,214
202609281100,92800.0,92800.0,92500.0,92800.0,123
202609281115,92500.0,92800.0,92500.0,92700.0,70
202609281130,92700.0,93100.0,92700.0,92900.0,207
202609281145,92900.0,93900.0,92700.0,93000.0,215
202609281200,92900.0,93100.0,92800.0,93100.0,73
202609281215,93100.0,93100.0,92700.0,92700.0,295
202609281230,92700.0,93000.0,92700.0,93000.0,98
202609281245,93000.0,93100.0,92700.0,92800.0,387
202609281300,93100.0,93200.0,92800.0,92800.0,97
202609281315,92800.0,93100.0,92800.0,92800.0,112
202609281330,92900.0,93500.0,92700.0,93300.0,459
202609281345,93300.0,93900.0,92900.0,93300.0,317
202609281400,93300.0,93700.0,93200.0,93400.0,150
202609281415,93600.0,93800.0,93300.0,93300.0,175
202609281430,93400.0,94000.0,93200.0,93400.0,569
202609281445,93400.0,93700.0,93300.0,93600.0,188
202609281500,93600.0,93800.0,93200.0,93200.0,410
202609281515,93200.0,94000.0,93200.0,94000.0,347
202609290900,93500.0,93600.0,93000.0,93100.0,401
202609290915,93200.0,93200.0,92700.0,92900.0,348
202609290930,92700.0,93200.0,92200.0,92300.0,702
202609290945,92300.0,92400.0,92200.0,92200.0,114
202609291000,92200.0,92500.0,92200.0,92500.0,112
202609291015,92400.0,92600.0,92300.0,92500.0,114
202609291030,92500.0,92600.0,92400.0,92400.0,100
202609291045,92400.0,92500.0,92400.0,92400.0,85
202609291100,92400.0,92600.0,92400.0,92500.0,79
202609291115,92500.0,92500.0,92400.0,92400.0,78
202609291130,92500.0,92500.0,92200.0,92200.0,659
202609291145,92200.0,92300.0,92000.0,92000.0,285
202609291200,92000.0,93400.0,92000.0,93000.0,628
202609291215,92500.0,93100.0,92500.0,92800.0,236
202609291230,92800.0,93100.0,92700.0,93000.0,206
202609291245,92800.0,93300.0,92800.0,93000.0,249
202609291300,92900.0,93000.0,92900.0,92900.0,97
202609291315,92900.0,93000.0,92900.0,93000.0,168
202609291330,92900.0,93000.0,92900.0,92900.0,115
202609291345,93000.0,93700.0,92900.0,93400.0,361
202609291400,93400.0,94000.0,93200.0,93800.0,451
202609291415,93600.0,94000.0,93300.0,93500.0,401
202609291430,93400.0,93600.0,93300.0,93600.0,400
202609291445,93600.0,93800.0,93400.0,93800.0,669
202609291500,93800.0,94200.0,93500.0,93800.0,589
202609291515,93800.0,94500.0,93800.0,94500.0,297
202609300900,94200.0,94600.0,93800.0,94300.0,200
202609300915,94300.0,94300.0,93200.0,93200.0,176
202609300930,93300.0,93600.0,93200.0,93500.0,207
202609300945,93500.0,93600.0,93300.0,93400.0,79
202609301000,93300.0,93300.0,92600.0,92600.0,433
202609301015,92600.0,92800.0,92400.0,92400.0,107
202609301030,92400.0,92700.0,92400.0,92600.0,154
202609301045,92500.0,92700.0,92500.0,92600.0,169
202609301100,92600.0,93200.0,92500.0,92600.0,188
202609301115,92600.0,93600.0,92600.0,92800.0,213
202609301130,92800.0,92900.0,92600.0,92600.0,126
202609301145,92600.0,92700.0,92600.0,92600.0,112
202609301200,92600.0,92800.0,92600.0,92800.0,168
202609301215,92800.0,92800.0,92600.0,92700.0,150
202609301230,92600.0,93000.0,92600.0,92700.0,138
202609301245,92700.0,92800.0,92200.0,92400.0,851
202609301300,92300.0,92300.0,91800.0,92100.0,629
202609301315,92000.0,92200.0,91900.0,92100.0,643
202609301330,92000.0,92200.0,91900.0,92000.0,518
202609301345,91900.0,92100.0,91800.0,92000.0,491
202609301400,91900.0,92300.0,91900.0,92000.0,593
202609301415,92000.0,92200.0,92000.0,92100.0,535
202609301430,92000.0,92100.0,92000.0,92100.0,474
202609301445,92000.0,92100.0,91700.0,91900.0,611
202609301500,91700.0,92000.0,91700.0,91800.0,181
202609301515,91800.0,91900.0,91700.0,91700.0,577
202610010900,92700.0,94000.0,92600.0,93700.0,461
202610010915,93900.0,95200.0,93900.0,95200.0,840
202610010930,95200.0,95800.0,94800.0,95300.0,1011
202610010945,95100.0,95500.0,94400.0,94700.0,375
202610011000,94800.0,95000.0,94400.0,95000.0,978
202610011015,94900.0,95300.0,94800.0,95300.0,200
202610011030,95100.0,95300.0,95000.0,95200.0,263
202610011045,95100.0,95700.0,94900.0,94900.0,551
202610011100,95000.0,95000.0,94700.0,94700.0,163
202610011115,94700.0,94900.0,94600.0,94800.0,114
202610011130,94900.0,95000.0,94200.0,94400.0,2115
202610011145,94400.0,94700.0,94200.0,94600.0,167
202610011200,94600.0,94700.0,94400.0,94600.0,171
202610011215,94500.0,94600.0,94400.0,94600.0,211
202610011230,94400.0,94600.0,94200.0,94200.0,947
202610011245,94200.0,94400.0,94000.0,94300.0,334
202610011300,94400.0,94400.0,94200.0,94200.0,404
202610011315,94200.0,95400.0,94200.0,94900.0,907
202610011330,94900.0,95500.0,94700.0,95000.0,421
202610011345,95300.0,95500.0,95100.0,95500.0,288
202610011400,95400.0,95600.0,95000.0,95100.0,288
202610011415,95200.0,95500.0,95000.0,95200.0,316
202610011430,95000.0,95600.0,95000.0,95500.0,575
202610011445,95500.0,95500.0,95100.0,95400.0,696
202610011500,95100.0,95400.0,95000.0,95000.0,89
202610011515,95000.0,95400.0,95000.0,95400.0,155
202610020900,95200.0,96000.0,93800.0,93800.0,606
202610020915,93800.0,95000.0,93800.0,94800.0,302
202610020930,94800.0,95100.0,94400.0,94500.0,343
202610020945,94600.0,95400.0,94300.0,94800.0,420
202610021000,94800.0,95500.0,94400.0,95300.0,1077
202610021015,95200.0,95600.0,94400.0,94600.0,569
202610021030,94700.0,95200.0,94400.0,95100.0,246
202610021045,94500.0,95200.0,94500.0,95000.0,703
202610021100,95000.0,95300.0,94500.0,95000.0,258
202610021115,94900.0,95400.0,94600.0,95000.0,212
202610021130,94700.0,95500.0,94700.0,94800.0,185
202610021145,94800.0,95200.0,94800.0,95200.0,285
202610021200,95200.0,95400.0,94800.0,94800.0,248
202610021215,94900.0,95300.0,94700.0,95100.0,341
202610021230,95100.0,95400.0,94800.0,94800.0,326
202610021245,94900.0,95500.0,94800.0,95000.0,213
202610021300,94900.0,95400.0,94900.0,95400.0,146
202610021315,95400.0,95500.0,94900.0,95400.0,180
202610021330,95400.0,95500.0,95000.0,95100.0,311
202610021345,95100.0,95500.0,94700.0,94700.0,1827
202610021400,94700.0,95500.0,94600.0,94800.0,719
202610021415,94800.0,94800.0,94400.0,94500.0,704
202610021430,94500.0,94600.0,94300.0,94400.0,571
202610021445,94300.0,94500.0,94300.0,94300.0,637
202610021500,94400.0,94400.0,93900.0,94400.0,648
202610021515,94300.0,95500.0,94000.0,94600.0,362
202610060900,94600.0,95300.0,93800.0,94700.0,699
202610060915,94600.0,94900.0,94400.0,94600.0,161
202610060930,94500.0,94600.0,94300.0,94400.0,230
202610060945,94400.0,94600.0,93900.0,93900.0,619
202610061000,94000.0,94100.0,93900.0,93900.0,230
202610061015,94000.0,94100.0,93900.0,93900.0,297
202610061030,93900.0,94000.0,93800.0,93900.0,298
202610061045,93900.0,94000.0,93700.0,93700.0,321
202610061100,93800.0,94000.0,93600.0,93800.0,436
202610061115,93800.0,93800.0,93600.0,93600.0,149
202610061130,93600.0,93700.0,93500.0,93600.0,160
202610061145,93600.0,93700.0,93500.0,93600.0,108
202610061200,93500.0,93700.0,93500.0,93500.0,139
202610061215,93500.0,93500.0,93100.0,93200.0,749
202610061230,93200.0,93400.0,93200.0,93300.0,102
202610061245,93200.0,93300.0,93100.0,93200.0,75
202610061300,93100.0,93300.0,93100.0,93200.0,117
202610061315,93200.0,93300.0,93000.0,93100.0,88
202610061330,93000.0,93200.0,92900.0,92900.0,137
202610061345,92900.0,93200.0,92800.0,93000.0,186
202610061400,93100.0,93100.0,92800.0,93000.0,265
202610061415,93100.0,93100.0,92700.0,93000.0,1140
202610061430,93000.0,93200.0,92800.0,93000.0,1362
202610061445,92900.0,94000.0,92800.0,93400.0,1454
202610061500,93400.0,93400.0,93000.0,93400.0,107
202610061515,93000.0,93400.0,93000.0,93000.0,102
202610070900,94200.0,94200.0,93100.0,93800.0,90
202610070915,93600.0,93700.0,93300.0,93700.0,50
202610070930,93500.0,93900.0,93100.0,93400.0,119
202610070945,93600.0,93800.0,93400.0,93400.0,40
202610071000,93700.0,94000.0,93400.0,93500.0,106
202610071015,93700.0,93700.0,93100.0,93700.0,141
202610071030,93600.0,93800.0,93600.0,93700.0,219
202610071045,93500.0,93700.0,93400.0,93500.0,163
202610071100,93500.0,94100.0,93500.0,94100.0,381
202610071115,94300.0,94600.0,94000.0,94400.0,338
202610071130,94200.0,94500.0,94100.0,94200.0,148
202610071145,94100.0,94600.0,94100.0,94200.0,254
202610071200,94200.0,94400.0,94200.0,94400.0,150
202610071215,94400.0,94600.0,93900.0,93900.0,84
202610071230,94100.0,94500.0,94100.0,94500.0,71
202610071245,94400.0,94400.0,93900.0,94100.0,326
202610071300,93900.0,94300.0,93500.0,94200.0,404
202610071315,94100.0,94500.0,94000.0,94300.0,240
202610071330,94400.0,94700.0,94400.0,94400.0,112
202610071345,94500.0,94700.0,94400.0,94600.0,123
202610071400,94500.0,94900.0,94500.0,94800.0,215
202610071415,94800.0,95000.0,94500.0,94500.0,344
202610071430,94500.0,95100.0,94500.0,95100.0,244
202610071445,95000.0,95000.0,94500.0,94600.0,263
202610071500,94500.0,94700.0,94400.0,94400.0,93
202610071515,94600.0,94800.0,94400.0,94700.0,276
