202601020945,7530.0,7780.0,7530.0,7770.0,1108866
202601021000,7770.0,7950.0,7530.0,7740.0,4921125
202601021015,7750.0,7820.0,7690.0,7690.0,1816639
202601021030,7690.0,7850.0,7640.0,7840.0,1765646
202601021045,7845.0,7850.0,7760.0,7800.0,920868
202601021100,7800.0,7800.0,7750.0,7760.0,556233
202601021115,7760.0,7800.0,7750.0,7790.0,487106
202601021130,7780.0,7800.0,7770.0,7800.0,310224
202601021145,7800.0,7850.0,7790.0,7820.0,773416
202601021200,7820.0,7850.0,7800.0,7830.0,371399
202601021215,7840.0,8040.0,7830.0,8035.0,1632255
202601021230,8035.0,8650.0,8030.0,8500.0,8313364
202601021245,8480.0,8540.0,8250.0,8400.0,4516584
202601021300,8390.0,8540.0,8320.0,8430.0,2399154
202601021315,8430.0,8440.0,8260.0,8390.0,1519616
202601021330,8390.0,8390.0,8310.0,8340.0,840258
202601021345,8330.0,8370.0,8220.0,8240.0,1116591
202601021400,8240.0,8300.0,8150.0,8270.0,1721666
202601021415,8270.0,8360.0,8200.0,8290.0,927891
202601021430,8290.0,8330.0,8210.0,8260.0,638761
202601021445,8260.0,8270.0,8210.0,8230.0,652905
202601021500,8235.0,8240.0,8050.0,8170.0,1456230
202601021515,8160.0,8190.0,8160.0,8190.0,506545
202601050900,8440.0,8620.0,8220.0,8380.0,4441508
202601050915,8370.0,8500.0,8330.0,8400.0,1654517
202601050930,8410.0,8410.0,7680.0,8060.0,4559729
202601050945,8060.0,8270.0,8000.0,8210.0,1454391
202601051000,8210.0,8400.0,8200.0,8270.0,1594077
202601051015,8270.0,8300.0,8200.0,8250.0,592823
202601051030,8260.0,8400.0,8220.0,8400.0,691440
202601051045,8400.0,8450.0,8330.0,8400.0,1023858
202601051100,8400.0,8430.0,8340.0,8350.0,636667
202601051115,8360.0,8380.0,8350.0,8350.0,259377
202601051130,8355.0,8390.0,8350.0,8370.0,242458
202601051145,8380.0,8380.0,8350.0,8360.0,223853
202601051200,8370.0,8370.0,8350.0,8360.0,213315
202601051215,8360.0,8370.0,8300.0,8310.0,368502
202601051230,8300.0,8310.0,8220.0,8270.0,444652
202601051245,8280.0,8280.0,8260.0,8260.0,222905
202601051300,8270.0,8320.0,8260.0,8280.0,287692
202601051315,8280.0,8280.0,8220.0,8220.0,334629
202601051330,8230.0,8250.0,8130.0,8130.0,623862
202601051345,8130.0,8250.0,8120.0,8250.0,496105
202601051400,8250.0,8260.0,8220.0,8250.0,217842
202601051415,8250.0,8260.0,8230.0,8260.0,272069
202601051430,8260.0,8260.0,8170.0,8210.0,371709
202601051445,8210.0,8230.0,8200.0,8205.0,267645
202601051500,8205.0,8250.0,8200.0,8240.0,263975
202601051515,8250.0,8270.0,8240.0,8270.0,232768
202601060900,8700.0,8720.0,8280.0,8500.0,2898433
202601060915,8500.0,8550.0,8370.0,8450.0,1817884
202601060930,8440.0,8450.0,8330.0,8330.0,817981
202601060945,8340.0,8360.0,8170.0,8180.0,1077496
202601061000,8170.0,8340.0,8110.0,8290.0,755890
202601061015,8290.0,8330.0,8240.0,8310.0,401996
202601061030,8320.0,8330.0,8280.0,8320.0,272993
202601061045,8320.0,8340.0,8300.0,8320.0,207946
202601061100,8330.0,8330.0,8300.0,8300.0,146018
202601061115,8300.0,8320.0,8250.0,8260.0,285132
202601061130,8260.0,8260.0,8230.0,8240.0,189830
202601061145,8250.0,8310.0,8240.0,8300.0,133615
202601061200,8300.0,8300.0,8290.0,8300.0,78844
202601061215,8300.0,8320.0,8290.0,8320.0,129623
202601061230,8310.0,8320.0,8310.0,8320.0,121698
202601061245,8310.0,8330.0,8310.0,8320.0,106982
202601061300,8320.0,8370.0,8320.0,8360.0,205598
202601061315,8370.0,8390.0,8350.0,8380.0,244046
202601061330,8370.0,8390.0,8350.0,8390.0,251132
202601061345,8390.0,8390.0,8310.0,8320.0,288745
202601061400,8320.0,8360.0,8310.0,8350.0,175087
202601061415,8340.0,8360.0,8340.0,8345.0,112301
202601061430,8340.0,8350.0,8310.0,8315.0,190258
202601061445,8315.0,8320.0,8280.0,8320.0,317298
202601061500,8315.0,8360.0,8310.0,8355.0,349208
202601061515,8355.0,8500.0,8350.0,8500.0,584845
202601070900,8550.0,8580.0,8260.0,8280.0,1843861
202601070915,8280.0,8340.0,8250.0,8290.0,1018075
202601070930,8290.0,8290.0,7970.0,8050.0,1370267
202601070945,8050.0,8280.0,8040.0,8210.0,846422
202601071000,8210.0,8300.0,8140.0,8300.0,516810
202601071015,8300.0,8370.0,8250.0,8360.0,515061
202601071030,8360.0,8390.0,8270.0,8290.0,561881
202601071045,8300.0,8330.0,8270.0,8330.0,245780
202601071100,8330.0,8400.0,8320.0,8380.0,401694
202601071115,8380.0,8380.0,8350.0,8360.0,211560
202601071130,8360.0,8360.0,8330.0,8340.0,133222
202601071145,8350.0,8390.0,8340.0,8370.0,203964
202601071200,8360.0,8380.0,8350.0,8370.0,193515
202601071215,8370.0,8400.0,8360.0,8400.0,158928
202601071230,8400.0,8670.0,8390.0,8490.0,2125062
202601071245,8495.0,8530.0,8310.0,8320.0,959343
202601071300,8310.0,8370.0,8230.0,8290.0,607762
202601071315,8290.0,8330.0,8210.0,8220.0,437177
202601071330,8210.0,8320.0,8200.0,8310.0,260716
202601071345,8300.0,8310.0,8280.0,8300.0,124858
202601071400,8300.0,8300.0,8270.0,8280.0,145228
202601071415,8290.0,8300.0,8270.0,8280.0,119563
202601071430,8290.0,8310.0,8280.0,8310.0,134062
202601071445,8305.0,8320.0,8290.0,8310.0,182096
202601071500,8310.0,8390.0,8300.0,8380.0,231545
202601071515,8390.0,8390.0,8360.0,8370.0,177543
202601080900,8390.0,8410.0,7940.0,7970.0,2181524
202601080915,7980.0,8100.0,7950.0,7980.0,1420997
202601080930,7990.0,8050.0,7920.0,8020.0,1027250
202601080945,8010.0,8060.0,7930.0,7940.0,679462
202601081000,7940.0,8060.0,7930.0,8040.0,534438
202601081015,8040.0,8040.0,7970.0,7970.0,311431
202601081030,7980.0,8000.0,7970.0,8000.0,206987
202601081045,8000.0,8000.0,7960.0,7970.0,300290
202601081100,7980.0,7990.0,7950.0,7960.0,237018
202601081115,7960.0,7960.0,7930.0,7930.0,295248
202601081130,7940.0,7940.0,7900.0,7900.0,496714
202601081145,7900.0,7910.0,7800.0,7860.0,1002585
202601081200,7865.0,7900.0,7810.0,7900.0,292212
202601081215,7900.0,7920.0,7850.0,7870.0,258064
202601081230,7870.0,7920.0,7860.0,7870.0,214376
202601081245,7870.0,7870.0,7850.0,7860.0,207683
202601081300,7870.0,7920.0,7860.0,7910.0,185817
202601081315,7920.0,7970.0,7910.0,7920.0,239563
202601081330,7920.0,7920.0,7890.0,7900.0,180436
202601081345,7900.0,7900.0,7870.0,7890.0,189900
202601081400,7890.0,7910.0,7830.0,7840.0,315649
202601081415,7840.0,7880.0,7840.0,7870.0,137117
202601081430,7880.0,7900.0,7865.0,7890.0,175782
202601081445,7890.0,7890.0,7870.0,7880.0,171789
202601081500,7870.0,7880.0,7830.0,7840.0,311271
202601081515,7840.0,7850.0,7830.0,7850.0,252918
202601090900,8040.0,8100.0,7850.0,7940.0,1922529
202601090915,7940.0,8000.0,7850.0,8000.0,745232
202601090930,8000.0,8060.0,7950.0,7980.0,713596
202601090945,7980.0,8080.0,7950.0,8060.0,653927
202601091000,8055.0,8070.0,7990.0,8010.0,346756
202601091015,8010.0,8080.0,7970.0,8075.0,477721
202601091030,8070.0,8200.0,8060.0,8090.0,1360820
202601091045,8080.0,8120.0,8030.0,8070.0,322507
202601091100,8080.0,8110.0,8050.0,8090.0,204676
202601091115,8080.0,8150.0,8080.0,8150.0,246980
202601091130,8150.0,8200.0,8140.0,8190.0,503181
202601091145,8180.0,8190.0,8130.0,8150.0,204707
202601091200,8150.0,8190.0,8120.0,8180.0,252214
202601091215,8190.0,8240.0,8140.0,8170.0,551119
202601091230,8160.0,8200.0,8160.0,8200.0,151644
202601091245,8190.0,8200.0,8130.0,8150.0,236102
202601091300,8160.0,8190.0,8120.0,8130.0,175927
202601091315,8140.0,8140.0,8110.0,8110.0,161928
202601091330,8120.0,8140.0,8100.0,8110.0,149375
202601091345,8100.0,8110.0,8070.0,8090.0,162644
202601091400,8090.0,8160.0,8080.0,8110.0,231713
202601091415,8120.0,8120.0,8080.0,8110.0,136142
202601091430,8120.0,8130.0,8090.0,8130.0,115920
202601091445,8130.0,8140.0,8100.0,8140.0,168959
202601091500,8130.0,8145.0,8120.0,8130.0,225363
202601091515,8130.0,8130.0,8110.0,8130.0,120697
202601120900,8240.0,8400.0,8140.0,8370.0,2247365
202601120915,8380.0,8380.0,8260.0,8330.0,775460
202601120930,8330.0,8330.0,8220.0,8290.0,524976
202601120945,8290.0,8390.0,8280.0,8360.0,715818
202601121000,8350.0,8380.0,8280.0,8300.0,453867
202601121015,8300.0,8300.0,8260.0,8300.0,298009
202601121030,8300.0,8300.0,8260.0,8270.0,209938
202601121045,8270.0,8270.0,8230.0,8250.0,316047
202601121100,8260.0,8260.0,8220.0,8240.0,176005
202601121115,8230.0,8240.0,8210.0,8230.0,124618
202601121130,8220.0,8230.0,8220.0,8220.0,114838
202601121145,8220.0,8290.0,8220.0,8270.0,153461
202601121200,8280.0,8310.0,8270.0,8290.0,162585
202601121215,8290.0,8350.0,8280.0,8320.0,244174
202601121230,8310.0,8330.0,8300.0,8320.0,116142
202601121245,8320.0,8320.0,8300.0,8300.0,99399
202601121300,8310.0,8310.0,8270.0,8290.0,125329
202601121315,8290.0,8290.0,8270.0,8280.0,133442
202601121330,8280.0,8290.0,8280.0,8280.0,81863
202601121345,8280.0,8285.0,8260.0,8270.0,94403
202601121400,8270.0,8290.0,8270.0,8280.0,107229
202601121415,8290.0,8290.0,8270.0,8270.0,97122
202601121430,8270.0,8280.0,8210.0,8210.0,302725
202601121445,8220.0,8280.0,8140.0,8270.0,517818
202601121500,8280.0,8300.0,8260.0,8290.0,231728
202601121515,8280.0,8310.0,8280.0,8310.0,222992
202601130900,8430.0,8920.0,8350.0,8640.0,4224522
202601130915,8660.0,8750.0,8590.0,8710.0,1870474
202601130930,8710.0,8790.0,8660.0,8760.0,1232011
202601130945,8760.0,8990.0,8750.0,8990.0,2565338
202601131000,8980.0,9390.0,8910.0,9180.0,6524454
202601131015,9180.0,9300.0,9080.0,9170.0,2946653
202601131030,9170.0,9790.0,9160.0,9610.0,6050641
202601131045,9610.0,9700.0,9420.0,9430.0,3424314
202601131100,9430.0,9510.0,9230.0,9340.0,2384299
202601131115,9330.0,9480.0,9300.0,9480.0,1093378
202601131130,9480.0,9500.0,9300.0,9310.0,1186895
202601131145,9300.0,9310.0,9150.0,9290.0,1361350
202601131200,9290.0,9340.0,9250.0,9290.0,547495
202601131215,9300.0,9400.0,9270.0,9340.0,732211
202601131230,9340.0,9370.0,9280.0,9290.0,452269
202601131245,9280.0,9290.0,9170.0,9260.0,689207
202601131300,9260.0,9270.0,9160.0,9210.0,479543
202601131315,9210.0,9290.0,9170.0,9230.0,388460
202601131330,9220.0,9260.0,9170.0,9220.0,352259
202601131345,9220.0,9290.0,9210.0,9280.0,289228
202601131400,9280.0,9390.0,9280.0,9380.0,670136
202601131415,9380.0,9380.0,9320.0,9335.0,430217
202601131430,9335.0,9370.0,9320.0,9360.0,408762
202601131445,9350.0,9450.0,9350.0,9370.0,921487
202601131500,9370.0,9370.0,9240.0,9280.0,893417
202601131515,9280.0,9380.0,9280.0,9380.0,587108
202601140900,9650.0,9830.0,8950.0,9440.0,5820482
202601140915,9450.0,9480.0,9200.0,9400.0,1750260
202601140930,9390.0,9410.0,9270.0,9310.0,1066213
202601140945,9300.0,9350.0,9260.0,9340.0,601663
202601141000,9340.0,9430.0,9300.0,9390.0,582199
202601141015,9390.0,9430.0,9370.0,9430.0,386790
202601141030,9420.0,9550.0,9420.0,9430.0,935961
202601141045,9430.0,9430.0,9350.0,9360.0,460013
202601141100,9360.0,9420.0,9350.0,9370.0,326995
202601141115,9370.0,9420.0,9360.0,9420.0,196008
202601141130,9420.0,9440.0,9380.0,9390.0,214849
202601141145,9390.0,9390.0,9360.0,9390.0,176043
202601141200,9390.0,9450.0,9380.0,9440.0,296782
202601141215,9440.0,9440.0,9410.0,9425.0,148885
202601141230,9430.0,9430.0,9400.0,9410.0,171602
202601141245,9410.0,9420.0,9400.0,9420.0,146527
202601141300,9410.0,9420.0,9400.0,9420.0,202122
202601141315,9420.0,9420.0,9400.0,9400.0,178902
202601141330,9400.0,9420.0,9380.0,9420.0,206561
202601141345,9420.0,9430.0,9410.0,9430.0,189341
202601141400,9430.0,9440.0,9420.0,9430.0,142486
202601141415,9440.0,9550.0,9430.0,9470.0,678339
202601141430,9480.0,9530.0,9410.0,9440.0,338049
202601141445,9430.0,9490.0,9430.0,9480.0,187461
202601141500,9480.0,9520.0,9460.0,9520.0,445796
202601141515,9520.0,9520.0,9500.0,9520.0,323245
202601150900,9670.0,10000.0,9520.0,9800.0,4132101
202601150915,9790.0,9980.0,9770.0,9980.0,2860090
202601150930,9980.0,10940.0,9970.0,10930.0,7770198
202601150945,10940.0,11000.0,10640.0,10730.0,5605252
202601151000,10720.0,10900.0,10490.0,10830.0,3250467
202601151015,10800.0,11750.0,10780.0,11730.0,7018777
202601151030,11730.0,11770.0,11410.0,11550.0,4717568
202601151045,11540.0,11640.0,11330.0,11460.0,2609693
202601151100,11450.0,11480.0,10930.0,11180.0,3817066
202601151115,11180.0,11350.0,11120.0,11140.0,2236068
202601151130,11120.0,11270.0,11040.0,11080.0,1381809
202601151145,11080.0,11210.0,11070.0,11130.0,907741
202601151200,11130.0,11190.0,11080.0,11150.0,615357
202601151215,11150.0,11420.0,11120.0,11380.0,1431415
202601151230,11390.0,11390.0,11200.0,11220.0,930882
202601151245,11220.0,11310.0,11150.0,11160.0,824143
202601151300,11150.0,11240.0,11120.0,11230.0,732679
202601151315,11240.0,11280.0,11180.0,11250.0,524572
202601151330,11250.0,11300.0,11250.0,11255.0,485182
202601151345,11255.0,11270.0,11160.0,11180.0,621892
202601151400,11180.0,11270.0,11160.0,11210.0,486892
202601151415,11220.0,11260.0,11180.0,11250.0,546202
202601151430,11250.0,11280.0,11220.0,11240.0,433098
202601151445,11230.0,11240.0,11130.0,11170.0,754242
202601151500,11170.0,11230.0,11160.0,11180.0,701702
202601151515,11180.0,11180.0,11120.0,11170.0,674696
202601160900,11740.0,13190.0,11710.0,12670.0,10201917
202601160915,12660.0,12800.0,12430.0,12670.0,3568585
202601160930,12670.0,13470.0,12640.0,13460.0,5716603
202601160945,13460.0,13550.0,13080.0,13380.0,4934100
202601161000,13380.0,13690.0,13170.0,13380.0,3155994
202601161015,13380.0,13470.0,13190.0,13270.0,2059111
202601161030,13280.0,13370.0,13250.0,13290.0,1031252
202601161045,13290.0,13300.0,12660.0,12920.0,3033946
202601161100,12920.0,13180.0,12900.0,13030.0,1461357
202601161115,13030.0,13180.0,13020.0,13180.0,674492
202601161130,13170.0,13180.0,12970.0,13100.0,747379
202601161145,13100.0,13210.0,13090.0,13210.0,500603
202601161200,13210.0,13300.0,13200.0,13220.0,787963
202601161215,13220.0,13240.0,13200.0,13240.0,349104
202601161230,13240.0,13240.0,13050.0,13090.0,656420
202601161245,13090.0,13110.0,12860.0,13070.0,1027686
202601161300,13070.0,13145.0,12830.0,12960.0,790368
202601161315,12960.0,13000.0,12540.0,12545.0,1046559
202601161330,12545.0,12700.0,12270.0,12350.0,2174429
202601161345,12355.0,12700.0,11720.0,12450.0,4159781
202601161400,12450.0,12790.0,12450.0,12600.0,1361259
202601161415,12600.0,12660.0,12520.0,12580.0,513260
202601161430,12585.0,12740.0,12530.0,12680.0,617746
202601161445,12670.0,12750.0,12620.0,12720.0,614772
202601161500,12720.0,12720.0,12540.0,12690.0,896501
202601161515,12690.0,12810.0,12660.0,12810.0,748208
202601190900,14200.0,14910.0,13800.0,14410.0,7997465
202601190915,14410.0,14910.0,14400.0,14800.0,4629182
202601190930,14800.0,14850.0,14600.0,14850.0,1794729
202601190945,14840.0,15200.0,14690.0,14880.0,3442861
202601191000,14890.0,15480.0,14880.0,15350.0,3962476
202601191015,15350.0,15880.0,15300.0,15880.0,3499246
202601191030,15880.0,15940.0,15480.0,15680.0,3340580
202601191045,15680.0,15830.0,15630.0,15830.0,1197496
202601191100,15830.0,15970.0,15770.0,15910.0,1736858
202601191115,15910.0,15920.0,15770.0,15920.0,802442
202601191130,15910.0,15920.0,15680.0,15770.0,1251883
202601191145,15760.0,15780.0,15630.0,15720.0,791513
202601191200,15720.0,15780.0,15570.0,15770.0,883939
202601191215,15770.0,15830.0,15670.0,15770.0,731188
202601191230,15760.0,15800.0,15710.0,15720.0,393982
202601191245,15720.0,15810.0,15710.0,15790.0,498632
202601191300,15790.0,15800.0,15750.0,15800.0,329663
202601191315,15790.0,15920.0,15790.0,15920.0,687541
202601191330,15920.0,16490.0,15910.0,16480.0,2806029
202601191345,16490.0,16560.0,16060.0,16330.0,2191512
202601191400,16330.0,16360.0,16250.0,16320.0,690719
202601191415,16320.0,16450.0,16300.0,16440.0,760292
202601191430,16440.0,16640.0,16420.0,16570.0,1677521
202601191445,16580.0,16630.0,16530.0,16540.0,1255682
202601191500,16540.0,16650.0,16530.0,16650.0,1874111
202601191515,16650.0,16650.0,16650.0,16650.0,184159
202601210900,14630.0,20700.0,14080.0,20700.0,13690501
202601210915,20700.0,20800.0,18000.0,19750.0,12496902
202601210930,19740.0,19840.0,19210.0,19550.0,3855166
202601210945,19540.0,19700.0,19240.0,19650.0,2358043
202601211000,19660.0,20750.0,19650.0,20450.0,4678492
202601211015,20450.0,20900.0,20350.0,20900.0,2084190
202601211030,20850.0,21400.0,20850.0,21100.0,3379157
202601211045,21100.0,21150.0,20500.0,20650.0,2254950
202601211100,20700.0,20950.0,20500.0,20950.0,1112105
202601211115,20950.0,20950.0,20150.0,20250.0,1395681
202601211130,20250.0,20700.0,19500.0,20450.0,2942442
202601211145,20500.0,20700.0,20300.0,20650.0,770785
202601211200,20700.0,20700.0,20500.0,20550.0,408561
202601211215,20600.0,20800.0,20550.0,20800.0,503545
202601211230,20800.0,21000.0,20700.0,21000.0,667770
202601211245,21000.0,21300.0,20750.0,20950.0,1498878
202601211300,21000.0,21200.0,20800.0,21150.0,786957
202601211315,21125.0,21200.0,21000.0,21150.0,622380
202601211330,21150.0,21200.0,21100.0,21150.0,479021
202601211345,21100.0,21150.0,20700.0,20750.0,819565
202601211400,20750.0,20950.0,20400.0,20850.0,1054307
202601211415,20850.0,20950.0,20800.0,20900.0,410333
202601211430,20950.0,20950.0,20500.0,20500.0,650752
202601211445,20500.0,20900.0,19250.0,20750.0,3358627
202601211500,20750.0,21150.0,20500.0,21150.0,1474077
202601211515,21150.0,21500.0,21100.0,21500.0,1799634
202601230900,24200.0,26600.0,22250.0,25500.0,14049360
202601230915,25450.0,25800.0,23900.0,24600.0,5870811
202601230930,24600.0,25450.0,24500.0,25050.0,3123246
202601230945,25100.0,25900.0,25050.0,25550.0,2939045
202601231000,25550.0,25700.0,25000.0,25100.0,1830443
202601231015,25100.0,25200.0,24150.0,24200.0,2743215
202601231030,24200.0,24550.0,22950.0,23600.0,4078707
202601231045,23600.0,23850.0,21550.0,23000.0,7342858
202601231100,23100.0,23450.0,22150.0,22750.0,3146694
202601231115,22800.0,24000.0,22600.0,23500.0,2265492
202601231130,23550.0,23750.0,23000.0,23650.0,1505428
202601231145,23650.0,23700.0,23150.0,23300.0,860398
202601231200,23250.0,23375.0,23000.0,23200.0,716956
202601231215,23200.0,23200.0,22550.0,22850.0,1057116
202601231230,22850.0,23200.0,22750.0,23100.0,834075
202601231245,23050.0,23100.0,22550.0,22575.0,643598
202601231300,22575.0,23250.0,22550.0,23000.0,854756
202601231315,22950.0,23000.0,22650.0,22850.0,570267
202601231330,22850.0,22850.0,22100.0,22100.0,956134
202601231345,22100.0,22750.0,21650.0,21800.0,2054804
202601231400,21800.0,22350.0,21500.0,22250.0,2379222
202601231415,22200.0,22450.0,21550.0,21600.0,1195424
202601231430,21600.0,21950.0,19700.0,19700.0,3551167
202601231445,19730.0,19730.0,17670.0,17670.0,9582092
202601231500,17780.0,17890.0,15050.0,15060.0,12620968
202601231515,15060.0,15760.0,15050.0,15280.0,3535217
202601260900,14030.0,14760.0,11270.0,12710.0,22967704
202601260915,12700.0,14400.0,12690.0,14380.0,13056191
202601260930,14400.0,16530.0,13870.0,14730.0,21314434
202601260945,14730.0,15900.0,14110.0,15760.0,11598810
202601261000,15760.0,16370.0,14950.0,16160.0,8671761
202601261015,16190.0,16640.0,15600.0,15810.0,10205461
202601261030,15810.0,16350.0,15600.0,16320.0,4430752
202601261045,16320.0,17000.0,16230.0,16370.0,9288470
202601261100,16370.0,16400.0,15990.0,16170.0,4019160
202601261115,16170.0,16170.0,15600.0,15890.0,3836636
202601261130,15880.0,15930.0,15010.0,15710.0,4455219
202601261145,15700.0,15770.0,15340.0,15620.0,2402253
202601261200,15620.0,15720.0,15460.0,15570.0,1246101
202601261215,15570.0,15890.0,15530.0,15780.0,1645075
202601261230,15790.0,15870.0,15620.0,15720.0,1116172
202601261245,15720.0,15730.0,15420.0,15580.0,1238728
202601261300,15580.0,15600.0,15120.0,15400.0,1959587
202601261315,15380.0,15400.0,14450.0,14850.0,5250311
202601261330,14850.0,14910.0,14050.0,14060.0,4503059
202601261345,14070.0,14450.0,13520.0,14260.0,6928661
202601261400,14250.0,14390.0,14070.0,14180.0,2072222
202601261415,14190.0,14640.0,14150.0,14350.0,1990741
202601261430,14350.0,14880.0,14350.0,14680.0,2458679
202601261445,14670.0,15050.0,14550.0,14670.0,2876394
202601261500,14670.0,14900.0,14400.0,14890.0,2016180
202601261515,14900.0,14900.0,14740.0,14820.0,1135190
202601270900,15510.0,15570.0,14020.0,14850.0,6747608
202601270915,14850.0,15300.0,14670.0,15240.0,4013011
202601270930,15240.0,15240.0,14730.0,14880.0,2066342
202601270945,14870.0,14870.0,14520.0,14770.0,1614642
202601271000,14770.0,14930.0,14700.0,14785.0,1029570
202601271015,14780.0,14950.0,14760.0,14830.0,748825
202601271030,14830.0,15090.0,14820.0,15060.0,1125133
202601271045,15060.0,15200.0,14860.0,14960.0,1467434
202601271100,14950.0,15040.0,14900.0,14900.0,529809
202601271115,14910.0,14940.0,14820.0,14850.0,544654
202601271130,14845.0,14860.0,14720.0,14730.0,671304
202601271145,14720.0,14790.0,14650.0,14730.0,734474
202601271200,14720.0,14850.0,14720.0,14810.0,289947
202601271215,14810.0,14810.0,14720.0,14760.0,307989
202601271230,14760.0,14770.0,14720.0,14720.0,254972
202601271245,14730.0,14730.0,14660.0,14710.0,422531
202601271300,14720.0,14730.0,14600.0,14600.0,485976
202601271315,14605.0,14760.0,14570.0,14640.0,599160
202601271330,14630.0,14670.0,14560.0,14560.0,350479
202601271345,14560.0,14630.0,14510.0,14630.0,622739
202601271400,14640.0,14770.0,14630.0,14720.0,480491
202601271415,14710.0,15040.0,14700.0,14970.0,1492706
202601271430,14960.0,15100.0,14920.0,15010.0,1203256
202601271445,15010.0,15020.0,14930.0,14990.0,470120
202601271500,14990.0,15090.0,14970.0,15000.0,783046
202601271515,15000.0,15020.0,14990.0,15020.0,416185
202601280900,15460.0,16420.0,15360.0,16160.0,9463377
202601280915,16155.0,16340.0,15680.0,15940.0,4662148
202601280930,15930.0,16200.0,15930.0,16100.0,2984709
202601280945,16110.0,16280.0,15910.0,16020.0,2948989
202601281000,16010.0,16010.0,15750.0,15850.0,1909508
202601281015,15870.0,16000.0,15850.0,15890.0,869317
202601281030,15880.0,15930.0,15820.0,15920.0,730439
202601281045,15920.0,15920.0,15830.0,15890.0,440408
202601281100,15890.0,15890.0,15740.0,15740.0,774447
202601281115,15750.0,15810.0,15560.0,15590.0,1263608
202601281130,15560.0,15750.0,15550.0,15720.0,766918
202601281145,15720.0,15740.0,15520.0,15630.0,587745
202601281200,15630.0,15680.0,15600.0,15640.0,323127
202601281215,15630.0,15740.0,15610.0,15700.0,354320
202601281230,15700.0,15830.0,15680.0,15690.0,533468
202601281245,15700.0,15730.0,15620.0,15620.0,318209
202601281300,15620.0,15720.0,15620.0,15710.0,305774
202601281315,15710.0,15710.0,15600.0,15600.0,433732
202601281330,15600.0,15690.0,15550.0,15670.0,394944
202601281345,15670.0,15720.0,15650.0,15680.0,277488
202601281400,15670.0,15710.0,15670.0,15700.0,206609
202601281415,15700.0,15700.0,15620.0,15640.0,265070
202601281430,15640.0,15690.0,15630.0,15670.0,212138
202601281445,15670.0,15750.0,15650.0,15740.0,357482
202601281500,15750.0,15870.0,15710.0,15740.0,698648
202601281515,15740.0,15780.0,15740.0,15770.0,377553
202601290900,16020.0,16030.0,15000.0,15110.0,4147639
202601290915,15110.0,15350.0,15010.0,15170.0,2220598
202601290930,15170.0,15170.0,14530.0,15060.0,2261707
202601290945,15060.0,15170.0,14820.0,15120.0,1084146
202601291000,15120.0,15135.0,14950.0,14960.0,605453
202601291015,14950.0,15000.0,14910.0,15000.0,525931
202601291030,14990.0,15270.0,14990.0,15180.0,777811
202601291045,15180.0,15250.0,15130.0,15230.0,385639
202601291100,15220.0,15240.0,15110.0,15150.0,408671
202601291115,15150.0,15220.0,15140.0,15180.0,280599
202601291130,15180.0,15180.0,15100.0,15100.0,268301
202601291145,15110.0,15190.0,15100.0,15160.0,206915
202601291200,15150.0,15190.0,15130.0,15190.0,140542
202601291215,15180.0,15230.0,15110.0,15140.0,383816
202601291230,15140.0,15160.0,15110.0,15120.0,184948
202601291245,15120.0,15140.0,15100.0,15140.0,179696
202601291300,15140.0,15180.0,15120.0,15170.0,169474
202601291315,15170.0,15200.0,15130.0,15140.0,171464
202601291330,15140.0,15170.0,15110.0,15115.0,211021
202601291345,15115.0,15130.0,15110.0,15110.0,249204
202601291400,15110.0,15110.0,15010.0,15060.0,525661
202601291415,15050.0,15110.0,15050.0,15100.0,200178
202601291430,15100.0,15250.0,15100.0,15250.0,397586
202601291445,15250.0,15260.0,15150.0,15210.0,334280
202601291500,15220.0,15220.0,15160.0,15180.0,399920
202601291515,15180.0,15190.0,15180.0,15180.0,233827
202601300900,15290.0,15470.0,14960.0,15250.0,2511491
202601300915,15250.0,15250.0,15000.0,15000.0,1079110
202601300930,15010.0,15010.0,14510.0,14660.0,2320581
202601300945,14650.0,14870.0,14580.0,14780.0,930105
202601301000,14780.0,14850.0,14670.0,14700.0,628398
202601301015,14710.0,14730.0,14620.0,14650.0,595406
202601301030,14660.0,14680.0,14570.0,14580.0,685839
202601301045,14570.0,14640.0,14520.0,14590.0,586718
202601301100,14590.0,14630.0,14530.0,14540.0,354359
202601301115,14540.0,14590.0,14510.0,14510.0,386103
202601301130,14510.0,14550.0,14500.0,14520.0,466842
202601301145,14510.0,14630.0,14500.0,14590.0,286629
202601301200,14600.0,14640.0,14580.0,14640.0,170371
202601301215,14640.0,14640.0,14580.0,14590.0,214251
202601301230,14600.0,14620.0,14580.0,14590.0,167925
202601301245,14580.0,14600.0,14540.0,14550.0,189204
202601301300,14550.0,14595.0,14520.0,14570.0,219861
202601301315,14560.0,14750.0,14550.0,14700.0,390096
202601301330,14690.0,14840.0,14630.0,14750.0,354111
202601301345,14760.0,14840.0,14720.0,14720.0,313967
202601301400,14720.0,14830.0,14720.0,14800.0,208736
202601301415,14810.0,14810.0,14770.0,14770.0,168695
202601301430,14780.0,14790.0,14750.0,14790.0,166910
202601301445,14790.0,14800.0,14760.0,14760.0,229991
202601301500,14760.0,14770.0,14700.0,14700.0,353269
202601301515,14710.0,14750.0,14700.0,14740.0,175597
202602020900,14175.0,15050.0,13650.0,14890.0,2409100
202602020915,14880.0,15050.0,14770.0,14830.0,1390545
202602020930,14830.0,15330.0,14620.0,15230.0,1748786
202602020945,15230.0,15450.0,14920.0,14990.0,2473107
202602021000,14990.0,15040.0,14850.0,14880.0,743731
202602021015,14890.0,14940.0,14810.0,14850.0,388609
202602021030,14850.0,14860.0,14610.0,14650.0,645979
202602021045,14650.0,14830.0,14590.0,14740.0,347081
202602021100,14750.0,14770.0,14550.0,14570.0,292695
202602021115,14550.0,14660.0,14450.0,14640.0,382033
202602021130,14640.0,14790.0,14630.0,14710.0,221434
202602021145,14700.0,14710.0,14600.0,14610.0,164769
202602021200,14610.0,14640.0,14580.0,14590.0,104967
202602021215,14580.0,14590.0,14430.0,14430.0,227584
202602021230,14435.0,14470.0,14280.0,14280.0,297353
202602021245,14290.0,14390.0,14210.0,14260.0,334478
202602021300,14270.0,14300.0,13940.0,14160.0,594610
202602021315,14160.0,14440.0,14150.0,14420.0,379397
202602021330,14420.0,14640.0,14360.0,14560.0,263858
202602021345,14560.0,14610.0,14470.0,14530.0,167440
202602021400,14530.0,14550.0,14440.0,14480.0,108220
202602021415,14490.0,14490.0,14310.0,14320.0,176584
202602021430,14310.0,14390.0,14310.0,14320.0,118592
202602021445,14320.0,14550.0,14270.0,14520.0,259928
202602021500,14520.0,14530.0,14340.0,14420.0,229374
202602021515,14420.0,14420.0,14360.0,14380.0,126257
202602030900,14750.0,14800.0,14300.0,14440.0,1543705
202602030915,14440.0,14790.0,14410.0,14780.0,903342
202602030930,14780.0,14850.0,14530.0,14530.0,800283
202602030945,14530.0,14650.0,14460.0,14610.0,467879
202602031000,14610.0,14620.0,14500.0,14550.0,251284
202602031015,14550.0,14550.0,14460.0,14495.0,328196
202602031030,14495.0,14510.0,14450.0,14500.0,314946
202602031045,14500.0,14510.0,14460.0,14460.0,202738
202602031100,14470.0,14470.0,14360.0,14370.0,433773
202602031115,14370.0,14450.0,14320.0,14380.0,322412
202602031130,14370.0,14410.0,14350.0,14410.0,183047
202602031145,14410.0,14450.0,14400.0,14410.0,113983
202602031200,14400.0,14430.0,14380.0,14420.0,137284
202602031215,14420.0,14430.0,14390.0,14420.0,113799
202602031230,14425.0,14490.0,14420.0,14440.0,175417
202602031245,14430.0,14480.0,14410.0,14470.0,124460
202602031300,14480.0,14480.0,14420.0,14450.0,123727
202602031315,14440.0,14480.0,14430.0,14460.0,118948
202602031330,14460.0,14470.0,14450.0,14460.0,87657
202602031345,14460.0,14470.0,14460.0,14460.0,92576
202602031400,14470.0,14490.0,14450.0,14480.0,151308
202602031415,14470.0,14580.0,14470.0,14540.0,289315
202602031430,14530.0,14590.0,14510.0,14560.0,202008
202602031445,14560.0,14580.0,14510.0,14580.0,228798
202602031500,14580.0,14700.0,14570.0,14670.0,389116
202602031515,14670.0,14680.0,14640.0,14650.0,168223
202602040900,14270.0,14430.0,14110.0,14190.0,1516866
202602040915,14190.0,14270.0,14110.0,14140.0,998838
202602040930,14130.0,14190.0,14050.0,14050.0,819955
202602040945,14060.0,14140.0,13980.0,14100.0,975912
202602041000,14100.0,14140.0,14060.0,14090.0,301925
202602041015,14090.0,14120.0,14050.0,14110.0,282373
202602041030,14120.0,14220.0,14100.0,14170.0,361650
202602041045,14170.0,14180.0,14130.0,14140.0,226609
202602041100,14150.0,14300.0,14150.0,14280.0,246899
202602041115,14270.0,14290.0,14230.0,14230.0,219240
202602041130,14220.0,14300.0,14210.0,14300.0,180487
202602041145,14300.0,14320.0,14210.0,14210.0,222748
202602041200,14220.0,14250.0,14200.0,14230.0,134285
202602041215,14245.0,14250.0,14200.0,14210.0,127106
202602041230,14210.0,14220.0,14190.0,14190.0,128625
202602041245,14200.0,14220.0,14190.0,14220.0,109037
202602041300,14210.0,14230.0,14200.0,14210.0,98830
202602041315,14210.0,14210.0,14200.0,14210.0,105195
202602041330,14210.0,14290.0,14210.0,14270.0,148949
202602041345,14280.0,14430.0,14270.0,14340.0,332094
202602041400,14340.0,14350.0,14270.0,14270.0,179646
202602041415,14280.0,14280.0,14230.0,14250.0,214310
202602041430,14250.0,14300.0,14240.0,14280.0,169734
202602041445,14290.0,14340.0,14280.0,14330.0,212328
202602041500,14330.0,14330.0,14300.0,14320.0,209794
202602041515,14330.0,14360.0,14330.0,14340.0,176144
202602050900,14020.0,14130.0,13820.0,13980.0,1029587
202602050915,13970.0,13990.0,13660.0,13780.0,1021255
202602050930,13780.0,13900.0,13700.0,13715.0,540361
202602050945,13715.0,13715.0,13510.0,13510.0,716618
202602051000,13520.0,13690.0,13510.0,13680.0,605380
202602051015,13680.0,13680.0,13550.0,13620.0,270007
202602051030,13615.0,13620.0,13560.0,13570.0,241722
202602051045,13570.0,13600.0,13510.0,13520.0,286635
202602051100,13520.0,13520.0,13310.0,13320.0,754239
202602051115,13320.0,13400.0,13250.0,13400.0,431845
202602051130,13390.0,13430.0,13320.0,13330.0,217586
202602051145,13340.0,13350.0,13130.0,13160.0,469434
202602051200,13170.0,13300.0,13125.0,13300.0,343888
202602051215,13300.0,13350.0,13240.0,13240.0,221665
202602051230,13240.0,13260.0,13160.0,13190.0,169375
202602051245,13190.0,13190.0,12890.0,12990.0,676568
202602051300,12990.0,13110.0,12990.0,13010.0,370723
202602051315,13000.0,13200.0,12950.0,13190.0,304207
202602051330,13200.0,13530.0,13190.0,13490.0,406229
202602051345,13490.0,13540.0,13390.0,13490.0,222185
202602051400,13490.0,13490.0,13190.0,13310.0,246458
202602051415,13310.0,13480.0,13310.0,13450.0,156518
202602051430,13470.0,13470.0,13330.0,13430.0,145762
202602051445,13430.0,13450.0,13310.0,13360.0,149130
202602051500,13360.0,13360.0,13220.0,13260.0,238151
202602051515,13250.0,13400.0,13250.0,13360.0,126253
202602060900,12970.0,12980.0,12040.0,12230.0,1881946
202602060915,12230.0,12510.0,12050.0,12500.0,974938
202602060930,12500.0,12920.0,12490.0,12910.0,743742
202602060945,12920.0,14020.0,12900.0,13810.0,3077120
202602061000,13810.0,13870.0,13480.0,13490.0,1547605
202602061015,13490.0,14200.0,13310.0,13920.0,1968332
202602061030,13920.0,14540.0,13750.0,14450.0,2930295
202602061045,14440.0,15140.0,14360.0,14410.0,4758086
202602061100,14400.0,14620.0,14110.0,14190.0,2071238
202602061115,14190.0,14300.0,13850.0,13850.0,1278638
202602061130,13860.0,14110.0,13840.0,14030.0,690441
202602061145,14030.0,14260.0,14020.0,14050.0,451871
202602061200,14050.0,14055.0,13780.0,13810.0,519136
202602061215,13810.0,13990.0,13800.0,13970.0,250816
202602061230,13980.0,13980.0,13750.0,13750.0,306387
202602061245,13760.0,13890.0,13630.0,13750.0,468888
202602061300,13750.0,13790.0,13640.0,13670.0,283651
202602061315,13670.0,13760.0,13450.0,13500.0,501084
202602061330,13500.0,13530.0,13310.0,13530.0,442706
202602061345,13530.0,13670.0,13470.0,13560.0,267757
202602061400,13560.0,13570.0,13430.0,13560.0,173591
202602061415,13560.0,13710.0,13550.0,13620.0,228553
202602061430,13620.0,13750.0,13610.0,13720.0,243538
202602061445,13720.0,13790.0,13600.0,13780.0,214519
202602061500,13780.0,13920.0,13710.0,13780.0,422062
202602061515,13780.0,13800.0,13740.0,13770.0,159742
202602090900,14380.0,14400.0,13900.0,14340.0,1492119
202602090915,14340.0,14380.0,14010.0,14090.0,864644
202602090930,14090.0,14310.0,14000.0,14310.0,804171
202602090945,14310.0,14500.0,14100.0,14180.0,1311798
202602091000,14190.0,14200.0,14110.0,14200.0,376923
202602091015,14195.0,14230.0,14130.0,14170.0,247935
202602091030,14170.0,14180.0,14070.0,14140.0,340372
202602091045,14140.0,14160.0,14080.0,14080.0,137146
202602091100,14090.0,14090.0,14010.0,14070.0,237022
202602091115,14060.0,14100.0,14050.0,14070.0,115155
202602091130,14070.0,14070.0,14050.0,14060.0,102185
202602091145,14050.0,14080.0,14030.0,14080.0,158834
202602091200,14080.0,14080.0,14030.0,14040.0,100116
202602091215,14040.0,14050.0,14000.0,14010.0,154405
202602091230,14005.0,14060.0,14000.0,14010.0,152506
202602091245,14010.0,14040.0,13950.0,13960.0,248202
202602091300,13960.0,13970.0,13860.0,13860.0,282334
202602091315,13860.0,14000.0,13850.0,13920.0,192386
202602091330,13920.0,13990.0,13860.0,13980.0,169427
202602091345,13980.0,13990.0,13920.0,13950.0,79105
202602091400,13950.0,13970.0,13940.0,13955.0,88352
202602091415,13950.0,13970.0,13910.0,13920.0,96984
202602091430,13910.0,13930.0,13900.0,13920.0,111290
202602091445,13930.0,14000.0,13910.0,13990.0,174249
202602091500,13990.0,14050.0,13990.0,14010.0,197767
202602091515,14010.0,14010.0,13910.0,13920.0,168595
202602100900,14400.0,14500.0,14050.0,14070.0,2241451
202602100915,14070.0,14330.0,14060.0,14260.0,896004
202602100930,14270.0,14280.0,14090.0,14120.0,431934
202602100945,14110.0,14710.0,14070.0,14660.0,2238916
202602101000,14660.0,14680.0,14280.0,14320.0,1607890
202602101015,14320.0,14410.0,14200.0,14350.0,668620
202602101030,14350.0,15000.0,14300.0,14980.0,3090707
202602101045,14980.0,15000.0,14570.0,14870.0,2513615
202602101100,14870.0,15500.0,14750.0,15500.0,4864869
202602101115,15500.0,15800.0,15200.0,15200.0,6366582
202602101130,15210.0,15370.0,15030.0,15220.0,2180275
202602101145,15210.0,15220.0,14850.0,15040.0,1832436
202602101200,15050.0,15100.0,14770.0,14830.0,1289069
202602101215,14830.0,14870.0,14540.0,14550.0,1241851
202602101230,14550.0,14910.0,14530.0,14720.0,849326
202602101245,14720.0,14870.0,14660.0,14830.0,485731
202602101300,14840.0,14890.0,14720.0,14830.0,406781
202602101315,14830.0,15110.0,14830.0,15100.0,941138
202602101330,15100.0,15290.0,14830.0,14950.0,1340833
202602101345,14940.0,14970.0,14750.0,14800.0,603985
202602101400,14800.0,14820.0,14675.0,14770.0,519775
202602101415,14770.0,14890.0,14700.0,14810.0,320988
202602101430,14820.0,14820.0,14680.0,14690.0,345880
202602101445,14690.0,14750.0,14590.0,14720.0,536798
202602101500,14730.0,14780.0,14600.0,14705.0,467311
202602101515,14705.0,14710.0,14670.0,14670.0,272554
202602110900,14920.0,15050.0,14010.0,14030.0,2114718
202602110915,14030.0,14390.0,13990.0,14280.0,1476314
202602110930,14290.0,14530.0,14190.0,14340.0,516018
202602110945,14340.0,14350.0,14170.0,14320.0,436592
202602111000,14320.0,14710.0,14300.0,14710.0,535301
202602111015,14710.0,14900.0,14550.0,14770.0,912225
202602111030,14770.0,14780.0,14570.0,14690.0,382618
202602111045,14690.0,14740.0,14580.0,14580.0,237911
202602111100,14590.0,14590.0,14480.0,14510.0,303192
202602111115,14500.0,14550.0,14420.0,14470.0,244341
202602111130,14470.0,14470.0,14400.0,14410.0,177096
202602111145,14420.0,14450.0,14400.0,14450.0,111284
202602111200,14450.0,14460.0,14420.0,14420.0,85362
202602111215,14420.0,14430.0,14400.0,14400.0,105640
202602111230,14410.0,14410.0,14360.0,14360.0,126014
202602111245,14360.0,14490.0,14350.0,14480.0,147777
202602111300,14490.0,14490.0,14390.0,14395.0,107112
202602111315,14390.0,14450.0,14390.0,14410.0,133117
202602111330,14410.0,14440.0,14400.0,14400.0,88736
202602111345,14400.0,14410.0,14370.0,14380.0,143963
202602111400,14380.0,14390.0,14370.0,14390.0,123233
202602111415,14390.0,14400.0,14370.0,14370.0,103665
202602111430,14370.0,14380.0,14350.0,14370.0,136238
202602111445,14370.0,14370.0,14300.0,14330.0,230517
202602111500,14330.0,14330.0,14260.0,14270.0,247109
202602111515,14270.0,14320.0,14270.0,14310.0,117939
202602120900,14520.0,14630.0,13910.0,14130.0,1359296
202602120915,14140.0,14260.0,13940.0,14010.0,642938
202602120930,14010.0,14030.0,13940.0,13990.0,460170
202602120945,13990.0,14050.0,13970.0,14050.0,259374
202602121000,14050.0,14060.0,13960.0,13990.0,255512
202602121015,13990.0,14080.0,13960.0,14080.0,231837
202602121030,14080.0,14130.0,14000.0,14010.0,202159
202602121045,14000.0,14010.0,13970.0,13970.0,166287
202602121100,13980.0,14000.0,13960.0,14000.0,143470
202602121115,14000.0,14060.0,13990.0,14040.0,106357
202602121130,14040.0,14040.0,14000.0,14030.0,83572
202602121145,14030.0,14080.0,14020.0,14070.0,71740
202602121200,14070.0,14080.0,14050.0,14050.0,67883
202602121215,14060.0,14060.0,14020.0,14030.0,80325
202602121230,14030.0,14050.0,14020.0,14050.0,84614
202602121245,14050.0,14090.0,14030.0,14070.0,73145
202602121300,14080.0,14080.0,14030.0,14050.0,77418
202602121315,14050.0,14090.0,14040.0,14080.0,86361
202602121330,14080.0,14110.0,14080.0,14110.0,114598
202602121345,14110.0,14180.0,14100.0,14170.0,122669
202602121400,14170.0,14190.0,14050.0,14110.0,178168
202602121415,14110.0,14110.0,14060.0,14070.0,60475
202602121430,14070.0,14100.0,14060.0,14090.0,78454
202602121445,14090.0,14100.0,14070.0,14070.0,115550
202602121500,14070.0,14100.0,14070.0,14100.0,107767
202602121515,14090.0,14100.0,14080.0,14100.0,94045
202602130900,13550.0,14000.0,13510.0,13680.0,839968
202602130915,13680.0,13730.0,13600.0,13610.0,505844
202602130930,13610.0,13630.0,13530.0,13630.0,447069
202602130945,13630.0,13690.0,13600.0,13600.0,192703
202602131000,13610.0,13660.0,13600.0,13660.0,162471
202602131015,13660.0,13690.0,13630.0,13660.0,129502
202602131030,13660.0,13690.0,13630.0,13680.0,119344
202602131045,13680.0,13760.0,13670.0,13740.0,144363
202602131100,13740.0,13750.0,13680.0,13680.0,108365
202602131115,13690.0,13690.0,13660.0,13675.0,104257
202602131130,13680.0,13760.0,13675.0,13760.0,91490
202602131145,13760.0,13760.0,13710.0,13720.0,68423
202602131200,13720.0,13750.0,13700.0,13730.0,67106
202602131215,13740.0,13740.0,13710.0,13710.0,56676
202602131230,13710.0,13730.0,13700.0,13730.0,68271
202602131245,13730.0,13750.0,13710.0,13750.0,76669
202602131300,13740.0,13870.0,13740.0,13870.0,84678
202602131315,13870.0,13980.0,13810.0,13930.0,191505
202602131330,13925.0,13940.0,13860.0,13940.0,110438
202602131345,13940.0,14000.0,13940.0,13950.0,170930
202602131400,13950.0,14030.0,13950.0,14030.0,127883
202602131415,14030.0,14420.0,14020.0,14180.0,814201
202602131430,14170.0,14180.0,13960.0,13980.0,290510
202602131445,13980.0,13980.0,13910.0,13920.0,145601
202602131500,13920.0,13990.0,13910.0,13990.0,124739
202602131515,13985.0,14000.0,13980.0,14000.0,119196
202602190900,14130.0,14220.0,13470.0,13660.0,1260296
202602190915,13660.0,13800.0,13560.0,13700.0,605158
202602190930,13700.0,13710.0,13540.0,13560.0,477603
202602190945,13550.0,13630.0,13550.0,13590.0,290821
202602191000,13590.0,13700.0,13580.0,13690.0,280032
202602191015,13680.0,13940.0,13680.0,13770.0,493430
202602191030,13770.0,13880.0,13720.0,13820.0,256996
202602191045,13820.0,14150.0,13820.0,13980.0,681253
202602191100,13980.0,14050.0,13920.0,14040.0,352715
202602191115,14040.0,14390.0,14030.0,14170.0,1157940
202602191130,14160.0,14200.0,14070.0,14080.0,367256
202602191145,14090.0,14130.0,14060.0,14060.0,195636
202602191200,14065.0,14160.0,14010.0,14160.0,203705
202602191215,14160.0,14160.0,14060.0,14100.0,143205
202602191230,14110.0,14140.0,14080.0,14130.0,122431
202602191245,14130.0,14130.0,14110.0,14120.0,94204
202602191300,14110.0,14120.0,14040.0,14050.0,148675
202602191315,14050.0,14060.0,14000.0,14010.0,208725
202602191330,14010.0,14030.0,14000.0,14020.0,130210
202602191345,14025.0,14025.0,13950.0,13950.0,268284
202602191400,13960.0,14000.0,13880.0,13990.0,284190
202602191415,13990.0,14000.0,13910.0,13910.0,142497
202602191430,13910.0,13960.0,13910.0,13940.0,124910
202602191445,13940.0,13950.0,13900.0,13920.0,165803
202602191500,13930.0,13930.0,13900.0,13910.0,188200
202602191515,13900.0,14000.0,13900.0,14000.0,137943
202602200900,13860.0,14070.0,13780.0,13840.0,722183
202602200915,13830.0,13940.0,13770.0,13930.0,430175
202602200930,13930.0,13940.0,13830.0,13870.0,338767
202602200945,13870.0,13900.0,13820.0,13860.0,238907
202602201000,13860.0,13890.0,13830.0,13830.0,159673
202602201015,13840.0,13870.0,13830.0,13870.0,190370
202602201030,13870.0,13890.0,13850.0,13860.0,109623
202602201045,13860.0,13870.0,13840.0,13850.0,104116
202602201100,13840.0,13870.0,13820.0,13860.0,146211
202602201115,13860.0,13930.0,13850.0,13920.0,121065
202602201130,13910.0,14070.0,13910.0,14050.0,358761
202602201145,14050.0,14630.0,14020.0,14550.0,2023908
202602201200,14550.0,15120.0,14450.0,14800.0,4281070
202602201215,14790.0,14800.0,14420.0,14610.0,1627106
202602201230,14620.0,14630.0,14460.0,14480.0,604482
202602201245,14480.0,14550.0,14330.0,14550.0,607306
202602201300,14550.0,14580.0,14320.0,14340.0,579098
202602201315,14340.0,14400.0,14290.0,14330.0,311380
202602201330,14330.0,14430.0,14330.0,14350.0,257105
202602201345,14350.0,14350.0,14230.0,14290.0,343047
202602201400,14290.0,14390.0,14250.0,14330.0,215166
202602201415,14340.0,14340.0,14250.0,14260.0,203249
202602201430,14270.0,14290.0,14200.0,14290.0,256482
202602201445,14290.0,14360.0,14250.0,14300.0,204196
202602201500,14300.0,14300.0,14250.0,14290.0,212261
202602201515,14280.0,14300.0,14280.0,14290.0,124777
202602230900,14580.0,14790.0,14310.0,14350.0,1434260
202602230915,14360.0,14560.0,14340.0,14350.0,578953
202602230930,14350.0,14490.0,14340.0,14370.0,371707
202602230945,14370.0,14440.0,14360.0,14410.0,279112
202602231000,14410.0,14490.0,14400.0,14460.0,262383
202602231015,14460.0,14460.0,14410.0,14420.0,160106
202602231030,14420.0,14590.0,14415.0,14510.0,434647
202602231045,14510.0,14540.0,14420.0,14430.0,241439
202602231100,14430.0,14430.0,14360.0,14370.0,213428
202602231115,14360.0,14400.0,14350.0,14400.0,140020
202602231130,14400.0,14420.0,14390.0,14400.0,107234
202602231145,14395.0,14410.0,14370.0,14400.0,94014
202602231200,14400.0,14410.0,14390.0,14390.0,74561
202602231215,14400.0,14420.0,14380.0,14400.0,85335
202602231230,14405.0,14420.0,14400.0,14400.0,72319
202602231245,14410.0,14450.0,14400.0,14450.0,109999
202602231300,14450.0,14450.0,14410.0,14420.0,94744
202602231315,14420.0,14420.0,14400.0,14410.0,95677
202602231330,14405.0,14410.0,14380.0,14380.0,97860
202602231345,14380.0,14390.0,14360.0,14370.0,98846
202602231400,14365.0,14390.0,14360.0,14370.0,76433
202602231415,14375.0,14375.0,14320.0,14320.0,182960
202602231430,14320.0,14380.0,14310.0,14380.0,137113
202602231445,14380.0,14470.0,14375.0,14460.0,166906
202602231500,14460.0,14720.0,14460.0,14610.0,844512
202602231515,14600.0,14730.0,14590.0,14720.0,409331
202602240900,14390.0,14630.0,14330.0,14330.0,801781
202602240915,14330.0,14430.0,14330.0,14400.0,438896
202602240930,14400.0,14410.0,14330.0,14370.0,311879
202602240945,14370.0,14430.0,14350.0,14400.0,194946
202602241000,14400.0,14690.0,14370.0,14650.0,498407
202602241015,14650.0,14670.0,14540.0,14600.0,319122
202602241030,14610.0,14610.0,14530.0,14560.0,165160
202602241045,14570.0,14570.0,14500.0,14510.0,214160
202602241100,14510.0,14690.0,14510.0,14590.0,375882
202602241115,14590.0,14950.0,14570.0,14800.0,1109056
202602241130,14820.0,14880.0,14750.0,14810.0,552241
202602241145,14800.0,14910.0,14790.0,14910.0,393640
202602241200,14910.0,15300.0,14900.0,15120.0,2203085
202602241215,15130.0,15470.0,15130.0,15390.0,2600778
202602241230,15380.0,15500.0,15200.0,15440.0,1798437
202602241245,15440.0,15460.0,15150.0,15240.0,1326308
202602241300,15240.0,15290.0,15010.0,15090.0,817972
202602241315,15090.0,15150.0,15030.0,15140.0,481607
202602241330,15135.0,15140.0,15060.0,15080.0,279821
202602241345,15080.0,15080.0,14980.0,14990.0,478250
202602241400,14980.0,15130.0,14920.0,15080.0,461283
202602241415,15090.0,15150.0,15050.0,15145.0,334905
202602241430,15145.0,15230.0,15120.0,15150.0,474006
202602241445,15160.0,15200.0,15140.0,15180.0,339639
202602241500,15180.0,15230.0,15170.0,15210.0,505191
202602241515,15210.0,15220.0,15190.0,15190.0,448933
202602250900,15280.0,15400.0,14880.0,15010.0,1953606
202602250915,15010.0,15290.0,14980.0,15100.0,736232
202602250930,15090.0,15140.0,15060.0,15060.0,427041
202602250945,15060.0,15130.0,15030.0,15050.0,363303
202602251000,15050.0,15170.0,15030.0,15150.0,323334
202602251015,15150.0,15260.0,15080.0,15250.0,404795
202602251030,15250.0,15280.0,15150.0,15260.0,461408
202602251045,15250.0,15300.0,15220.0,15270.0,459075
202602251100,15265.0,15270.0,15200.0,15220.0,243825
202602251115,15210.0,15220.0,15200.0,15220.0,144321
202602251130,15220.0,15240.0,15210.0,15230.0,176479
202602251145,15230.0,15280.0,15230.0,15250.0,204718
202602251200,15260.0,15260.0,15200.0,15220.0,204557
202602251215,15210.0,15240.0,15210.0,15230.0,133483
202602251230,15240.0,15240.0,15200.0,15210.0,219389
202602251245,15210.0,15210.0,15190.0,15200.0,202080
202602251300,15190.0,15220.0,15180.0,15210.0,194570
202602251315,15210.0,15220.0,15210.0,15220.0,105313
202602251330,15215.0,15230.0,15210.0,15230.0,142267
202602251345,15230.0,15250.0,15220.0,15230.0,210510
202602251400,15230.0,15230.0,15210.0,15230.0,143386
202602251415,15230.0,15230.0,15200.0,15200.0,168670
202602251430,15200.0,15210.0,15190.0,15200.0,276879
202602251445,15200.0,15250.0,15200.0,15250.0,248874
202602251500,15240.0,15250.0,15200.0,15230.0,252546
202602251515,15230.0,15250.0,15220.0,15240.0,240514
202602260900,15300.0,15300.0,14950.0,15090.0,1221389
202602260915,15080.0,15090.0,14890.0,15040.0,1174607
202602260930,15030.0,15080.0,14890.0,14890.0,549257
202602260945,14890.0,14970.0,14800.0,14960.0,570504
202602261000,14960.0,14970.0,14890.0,14950.0,223947
202602261015,14950.0,15040.0,14940.0,14980.0,254320
202602261030,14980.0,14980.0,14900.0,14910.0,237036
202602261045,14910.0,14920.0,14900.0,14920.0,137628
202602261100,14920.0,14920.0,14880.0,14890.0,163656
202602261115,14890.0,14900.0,14860.0,14860.0,157742
202602261130,14870.0,14870.0,14840.0,14850.0,159161
202602261145,14850.0,14880.0,14830.0,14830.0,194311
202602261200,14850.0,14850.0,14820.0,14830.0,147587
202602261215,14830.0,14850.0,14820.0,14850.0,124412
202602261230,14840.0,14990.0,14840.0,14910.0,227598
202602261245,14920.0,14920.0,14890.0,14910.0,139467
202602261300,14920.0,14930.0,14850.0,14860.0,180890
202602261315,14870.0,14870.0,14820.0,14840.0,171015
202602261330,14835.0,14840.0,14820.0,14840.0,167791
202602261345,14830.0,14910.0,14830.0,14860.0,126286
202602261400,14870.0,14880.0,14840.0,14850.0,111640
202602261415,14850.0,14940.0,14840.0,14940.0,138062
202602261430,14940.0,14970.0,14895.0,14900.0,184389
202602261445,14910.0,15040.0,14910.0,15010.0,316231
202602261500,15010.0,15040.0,15000.0,15040.0,279438
202602261515,15030.0,15050.0,15020.0,15040.0,204720
202602270900,14940.0,15740.0,14760.0,14920.0,3938323
202602270915,14910.0,14920.0,14180.0,14290.0,2347169
202602270930,14300.0,14490.0,14250.0,14430.0,847497
202602270945,14410.0,14460.0,14280.0,14330.0,682332
202602271000,14330.0,14360.0,14200.0,14290.0,643227
202602271015,14290.0,14320.0,14260.0,14280.0,293529
202602271030,14280.0,14400.0,14270.0,14300.0,263241
202602271045,14290.0,14340.0,14270.0,14300.0,181472
202602271100,14300.0,14340.0,14260.0,14270.0,229514
202602271115,14270.0,14330.0,14260.0,14330.0,131130
202602271130,14330.0,14485.0,14320.0,14480.0,245020
202602271145,14480.0,14580.0,14430.0,14520.0,375306
202602271200,14520.0,14680.0,14400.0,14620.0,415172
202602271215,14620.0,14640.0,14510.0,14520.0,244239
202602271230,14510.0,14570.0,14470.0,14540.0,150332
202602271245,14540.0,14580.0,14520.0,14550.0,130980
202602271300,14550.0,14550.0,14470.0,14480.0,174019
202602271315,14480.0,14480.0,14390.0,14440.0,206862
202602271330,14440.0,14450.0,14410.0,14440.0,147759
202602271345,14440.0,14470.0,14430.0,14450.0,104206
202602271400,14450.0,14470.0,14440.0,14450.0,135138
202602271415,14460.0,14460.0,14440.0,14440.0,153978
202602271430,14450.0,14490.0,14410.0,14480.0,232492
202602271445,14480.0,14580.0,14420.0,14420.0,333339
202602271500,14430.0,14490.0,14420.0,14430.0,211979
202602271515,14420.0,14430.0,14420.0,14430.0,169201
202603030900,13670.0,14150.0,13480.0,13670.0,1607389
202603030915,13680.0,13700.0,13420.0,13650.0,1142469
202603030930,13650.0,13815.0,13620.0,13810.0,540742
202603030945,13810.0,13980.0,13800.0,13910.0,407934
202603031000,13910.0,14320.0,13900.0,14230.0,820931
202603031015,14230.0,14400.0,14150.0,14300.0,418167
202603031030,14300.0,14500.0,14210.0,14210.0,668167
202603031045,14210.0,14250.0,13970.0,14040.0,393239
202603031100,14070.0,14070.0,13810.0,13810.0,360229
202603031115,13810.0,13860.0,13680.0,13860.0,319247
202603031130,13860.0,13880.0,13770.0,13770.0,169279
202603031145,13770.0,13770.0,13620.0,13620.0,263240
202603031200,13630.0,13650.0,13500.0,13600.0,324136
202603031215,13600.0,13645.0,13350.0,13350.0,540732
202603031230,13360.0,13550.0,13320.0,13520.0,363326
202603031245,13520.0,13590.0,13470.0,13580.0,138892
202603031300,13590.0,13610.0,13440.0,13480.0,196510
202603031315,13480.0,13500.0,13350.0,13360.0,232184
202603031330,13370.0,13400.0,13210.0,13260.0,380512
202603031345,13250.0,13260.0,13010.0,13150.0,506337
202603031400,13160.0,13380.0,13100.0,13340.0,366004
202603031415,13340.0,13350.0,13240.0,13300.0,203696
202603031430,13300.0,13300.0,13110.0,13120.0,213821
202603031445,13120.0,13120.0,13010.0,13060.0,454068
202603031500,13050.0,13120.0,13020.0,13030.0,269180
202603031515,13030.0,13030.0,13000.0,13000.0,222491
202603040900,11390.0,12280.0,11000.0,11810.0,2222343
202603040915,11830.0,12090.0,11720.0,11810.0,1070507
202603040930,11800.0,11810.0,11380.0,11440.0,932733
202603040945,11440.0,11960.0,11430.0,11890.0,636438
202603041000,11880.0,11910.0,11530.0,11580.0,493321
202603041015,11570.0,11600.0,11270.0,11280.0,568421
202603041030,11290.0,11530.0,11170.0,11420.0,533791
202603041045,11420.0,11420.0,11250.0,11320.0,294731
202603041100,11340.0,11340.0,11070.0,11120.0,532100
202603041115,11120.0,11140.0,11110.0,11130.0,8083
202603041145,11120.0,11320.0,10560.0,10750.0,1122332
202603041200,10720.0,10950.0,10170.0,10400.0,1005371
202603041215,10400.0,10620.0,10180.0,10190.0,818440
202603041230,10200.0,10680.0,10000.0,10650.0,976357
202603041245,10650.0,11190.0,10620.0,10950.0,647478
202603041300,10950.0,11080.0,10830.0,10900.0,501819
202603041315,10890.0,10950.0,10640.0,10650.0,400868
202603041330,10650.0,10800.0,10540.0,10700.0,414656
202603041345,10690.0,10780.0,10600.0,10740.0,297753
202603041400,10730.0,10780.0,10570.0,10680.0,227452
202603041415,10680.0,10720.0,10460.0,10470.0,379321
202603041430,10470.0,10770.0,10370.0,10750.0,373182
202603041445,10750.0,10950.0,10650.0,10670.0,357189
202603041500,10660.0,10710.0,10460.0,10460.0,381563
202603041515,10470.0,10470.0,10400.0,10410.0,275348
202603050900,12000.0,12620.0,11600.0,12570.0,3454507
202603050915,12560.0,13090.0,12550.0,13040.0,2493818
202603050930,13040.0,13080.0,12670.0,12905.0,1169438
202603050945,12905.0,13030.0,12740.0,12920.0,704928
202603051000,12920.0,13100.0,12860.0,13100.0,620246
202603051015,13090.0,13100.0,12800.0,12800.0,522011
202603051030,12810.0,12870.0,12410.0,12470.0,627214
202603051045,12480.0,12680.0,12250.0,12530.0,592569
202603051100,12530.0,12830.0,12520.0,12800.0,313503
202603051115,12800.0,12870.0,12700.0,12820.0,228645
202603051130,12840.0,12970.0,12720.0,12950.0,282693
202603051145,12960.0,13080.0,12890.0,12965.0,531436
202603051200,12960.0,13120.0,12950.0,13110.0,388645
202603051215,13100.0,13200.0,12970.0,13050.0,599401
202603051230,13050.0,13050.0,12800.0,12980.0,341457
202603051245,12950.0,12980.0,12740.0,12850.0,320254
202603051300,12840.0,13000.0,12710.0,12990.0,232541
202603051315,12980.0,13030.0,12910.0,12980.0,162038
202603051330,12980.0,13020.0,12940.0,13020.0,170918
202603051345,13010.0,13020.0,12920.0,12970.0,151733
202603051400,12970.0,13010.0,12900.0,12960.0,160562
202603051415,12950.0,13110.0,12920.0,13100.0,308217
202603051430,13100.0,13250.0,13090.0,13250.0,422571
202603051445,13250.0,13400.0,13080.0,13120.0,653406
202603051500,13100.0,13130.0,12910.0,12920.0,524171
202603051515,12920.0,13000.0,12910.0,12990.0,237106
202603060900,12800.0,13620.0,12780.0,13210.0,1879551
202603060915,13230.0,13450.0,13030.0,13030.0,887709
202603060930,13040.0,13160.0,12820.0,12850.0,924762
202603060945,12840.0,12880.0,12600.0,12700.0,783381
202603061000,12700.0,12700.0,12390.0,12480.0,640369
202603061015,12500.0,12510.0,12090.0,12340.0,737256
202603061030,12340.0,12500.0,12270.0,12360.0,350357
202603061045,12350.0,12450.0,12250.0,12400.0,231373
202603061100,12400.0,12570.0,12370.0,12570.0,159229
202603061115,12570.0,12600.0,12460.0,12520.0,207463
202603061130,12530.0,12550.0,12400.0,12470.0,200090
202603061145,12480.0,12540.0,12450.0,12540.0,69106
202603061200,12540.0,12590.0,12470.0,12470.0,122150
202603061215,12470.0,12540.0,12450.0,12530.0,91682
202603061230,12540.0,12600.0,12430.0,12545.0,133413
202603061245,12545.0,12660.0,12540.0,12610.0,129698
202603061300,12610.0,12620.0,12520.0,12520.0,132996
202603061315,12550.0,12550.0,12500.0,12520.0,97818
202603061330,12520.0,12680.0,12510.0,12660.0,130982
202603061345,12660.0,12680.0,12590.0,12610.0,127499
202603061400,12610.0,12790.0,12600.0,12790.0,152084
202603061415,12770.0,12800.0,12700.0,12770.0,153368
202603061430,12780.0,12890.0,12770.0,12850.0,193186
202603061445,12850.0,12890.0,12750.0,12890.0,201093
202603061500,12890.0,12990.0,12810.0,12810.0,282115
202603061515,12810.0,12860.0,12800.0,12860.0,131471
202603090900,11795.0,12290.0,11600.0,12010.0,1155288
202603090915,12010.0,12110.0,11830.0,11960.0,577716
202603090930,11950.0,12130.0,11910.0,11930.0,266142
202603090945,11940.0,11970.0,11810.0,11850.0,313978
202603091000,11820.0,11930.0,11760.0,11840.0,254896
202603091015,11850.0,11900.0,11710.0,11720.0,171876
202603091030,11720.0,11780.0,11630.0,11660.0,225412
202603091045,11660.0,11730.0,11600.0,11640.0,132105
202603091100,11650.0,11940.0,11560.0,11860.0,273895
202603091115,11870.0,11910.0,11750.0,11870.0,126750
202603091130,11870.0,11940.0,11800.0,11930.0,93107
202603091145,11930.0,11950.0,11830.0,11860.0,104117
202603091200,11860.0,11880.0,11800.0,11810.0,53405
202603091215,11820.0,11850.0,11780.0,11790.0,100377
202603091230,11790.0,11880.0,11690.0,11690.0,161388
202603091245,11690.0,11780.0,11630.0,11630.0,112969
202603091300,11650.0,11720.0,11620.0,11640.0,92830
202603091315,11640.0,11690.0,11620.0,11630.0,63697
202603091330,11640.0,11665.0,11540.0,11570.0,196865
202603091345,11570.0,11590.0,11500.0,11520.0,120656
202603091400,11520.0,11720.0,11510.0,11710.0,101426
202603091415,11700.0,11820.0,11630.0,11820.0,126210
202603091430,11820.0,11920.0,11800.0,11870.0,171270
202603091445,11870.0,11910.0,11820.0,11910.0,81828
202603091500,11900.0,11920.0,11830.0,11920.0,99285
202603091515,11910.0,11940.0,11910.0,11940.0,78370
202603100900,12560.0,12870.0,12410.0,12520.0,1038964
202603100915,12510.0,12640.0,12290.0,12400.0,478127
202603100930,12410.0,12550.0,12380.0,12550.0,245043
202603100945,12540.0,13060.0,12500.0,13040.0,1051405
202603101000,13040.0,13160.0,12700.0,12800.0,793923
202603101015,12790.0,12990.0,12770.0,12850.0,386789
202603101030,12850.0,12900.0,12810.0,12830.0,176256
202603101045,12820.0,12890.0,12730.0,12890.0,248972
202603101100,12860.0,12970.0,12860.0,12900.0,190200
202603101115,12900.0,12970.0,12850.0,12950.0,182723
202603101130,12960.0,12960.0,12860.0,12880.0,110634
202603101145,12880.0,12890.0,12720.0,12770.0,209192
202603101200,12770.0,12870.0,12750.0,12830.0,107683
202603101215,12820.0,12830.0,12720.0,12740.0,96694
202603101230,12740.0,12750.0,12580.0,12590.0,190523
202603101245,12580.0,12750.0,12520.0,12640.0,160259
202603101300,12640.0,12660.0,12520.0,12640.0,101183
202603101315,12630.0,12770.0,12620.0,12670.0,109936
202603101330,12675.0,12760.0,12660.0,12720.0,59551
202603101345,12720.0,12720.0,12630.0,12680.0,71193
202603101400,12690.0,12740.0,12670.0,12720.0,84064
202603101415,12710.0,12750.0,12700.0,12720.0,53842
202603101430,12720.0,12780.0,12700.0,12730.0,102613
202603101445,12730.0,12740.0,12700.0,12710.0,77628
202603101500,12720.0,12730.0,12700.0,12710.0,118906
202603101515,12710.0,12720.0,12700.0,12710.0,77200
202603110900,13285.0,13490.0,12950.0,13310.0,1648035
202603110915,13310.0,13330.0,13030.0,13150.0,611562
202603110930,13150.0,13220.0,13040.0,13070.0,322335
202603110945,13070.0,13100.0,13060.0,13070.0,213615
202603111000,13070.0,13080.0,12960.0,13070.0,329953
202603111015,13070.0,13140.0,13040.0,13040.0,183054
202603111030,13050.0,13200.0,13040.0,13180.0,199588
202603111045,13180.0,13190.0,13060.0,13070.0,118147
202603111100,13060.0,13110.0,13060.0,13080.0,133508
202603111115,13070.0,13100.0,13010.0,13015.0,130964
202603111130,13015.0,13020.0,12970.0,12980.0,162918
202603111145,12980.0,13020.0,12970.0,13020.0,89585
202603111200,13020.0,13020.0,12970.0,12990.0,85286
202603111215,12990.0,13000.0,12950.0,12970.0,120443
202603111230,12970.0,13030.0,12950.0,12960.0,144536
202603111245,12970.0,13010.0,12960.0,13010.0,74328
202603111300,13000.0,13030.0,13000.0,13010.0,67166
202603111315,13005.0,13020.0,13000.0,13000.0,85533
202603111330,13010.0,13010.0,12970.0,12980.0,92026
202603111345,12970.0,12990.0,12960.0,12960.0,74240
202603111400,12970.0,12970.0,12900.0,12910.0,249357
202603111415,12900.0,12910.0,12810.0,12870.0,187168
202603111430,12870.0,12870.0,12710.0,12720.0,223239
202603111445,12720.0,12800.0,12515.0,12520.0,394208
202603111500,12520.0,12770.0,12380.0,12760.0,354644
202603111515,12750.0,12780.0,12730.0,12730.0,92023
202603120900,12640.0,12910.0,12570.0,12740.0,586916
202603120915,12750.0,12920.0,12710.0,12830.0,379698
202603120930,12830.0,12890.0,12700.0,12710.0,231685
202603120945,12705.0,12740.0,12600.0,12610.0,242483
202603121000,12610.0,12660.0,12530.0,12590.0,249481
202603121015,12590.0,12600.0,12550.0,12560.0,106149
202603121030,12570.0,12650.0,12560.0,12630.0,99022
202603121045,12630.0,12640.0,12550.0,12590.0,100495
202603121100,12590.0,12590.0,12460.0,12460.0,213657
202603121115,12460.0,12465.0,12410.0,12440.0,122852
202603121130,12430.0,12440.0,12280.0,12330.0,156459
202603121145,12340.0,12350.0,12280.0,12340.0,92135
202603121200,12340.0,12350.0,12290.0,12310.0,90861
202603121215,12300.0,12380.0,12300.0,12310.0,58134
202603121230,12320.0,12330.0,12250.0,12250.0,122720
202603121245,12260.0,12330.0,12230.0,12310.0,106652
202603121300,12310.0,12380.0,12300.0,12340.0,55193
202603121315,12340.0,12430.0,12320.0,12370.0,59706
202603121330,12370.0,12370.0,12310.0,12350.0,66195
202603121345,12350.0,12360.0,12310.0,12320.0,63100
202603121400,12320.0,12370.0,12300.0,12370.0,72280
202603121415,12370.0,12390.0,12320.0,12340.0,70191
202603121430,12350.0,12350.0,12330.0,12350.0,36744
202603121445,12350.0,12390.0,12340.0,12380.0,61529
202603121500,12380.0,12400.0,12350.0,12380.0,118396
202603121515,12380.0,12400.0,12360.0,12370.0,51044
202603130900,12090.0,12270.0,11980.0,12190.0,488164
202603130915,12190.0,12240.0,12080.0,12210.0,186543
202603130930,12210.0,12240.0,12060.0,12105.0,193242
202603130945,12100.0,12180.0,12100.0,12170.0,104191
202603131000,12180.0,12190.0,12070.0,12100.0,163770
202603131015,12090.0,12190.0,12070.0,12130.0,164357
202603131030,12130.0,12190.0,12120.0,12150.0,121886
202603131045,12150.0,12150.0,12080.0,12100.0,138091
202603131100,12100.0,12120.0,12050.0,12060.0,191339
202603131115,12060.0,12070.0,12030.0,12050.0,121682
202603131130,12040.0,12050.0,12020.0,12040.0,94003
202603131145,12040.0,12050.0,12020.0,12030.0,80010
202603131200,12030.0,12060.0,12020.0,12050.0,79174
202603131215,12045.0,12050.0,12030.0,12040.0,54095
202603131230,12040.0,12040.0,12010.0,12020.0,98942
202603131245,12020.0,12070.0,12010.0,12060.0,88413
202603131300,12060.0,12090.0,12050.0,12060.0,71108
202603131315,12060.0,12070.0,12010.0,12010.0,112152
202603131330,12010.0,12030.0,12000.0,12030.0,131101
202603131345,12030.0,12040.0,12010.0,12010.0,66909
202603131400,12010.0,12030.0,12010.0,12020.0,62456
202603131415,12030.0,12070.0,12020.0,12070.0,73948
202603131430,12070.0,12120.0,12050.0,12060.0,71064
202603131445,12060.0,12100.0,12050.0,12090.0,86158
202603131500,12090.0,12120.0,12070.0,12100.0,140819
202603131515,12090.0,12130.0,12090.0,12120.0,78480
202603160900,12000.0,12180.0,11810.0,11890.0,514880
202603160915,11880.0,12070.0,11880.0,11980.0,300265
202603160930,11980.0,12230.0,11960.0,12220.0,350836
202603160945,12220.0,12350.0,12120.0,12190.0,412540
202603161000,12190.0,12280.0,12150.0,12160.0,186459
202603161015,12160.0,12250.0,12060.0,12070.0,172497
202603161030,12060.0,12080.0,11980.0,12020.0,158509
202603161045,12020.0,12050.0,11970.0,12020.0,84614
202603161100,12020.0,12020.0,11970.0,11980.0,75291
202603161115,11980.0,11985.0,11870.0,11870.0,161950
202603161130,11870.0,11890.0,11860.0,11870.0,70603
202603161145,11870.0,11890.0,11850.0,11880.0,69578
202603161200,11870.0,11920.0,11870.0,11900.0,58117
202603161215,11900.0,11910.0,11850.0,11880.0,82363
202603161230,11880.0,11980.0,11870.0,11980.0,46964
202603161245,11980.0,11980.0,11920.0,11950.0,44605
202603161300,11950.0,11970.0,11940.0,11950.0,32003
202603161315,11950.0,11960.0,11910.0,11930.0,54109
202603161330,11930.0,11930.0,11880.0,11890.0,61283
202603161345,11890.0,11900.0,11870.0,11900.0,47822
202603161400,11890.0,11910.0,11890.0,11910.0,27359
202603161415,11910.0,11950.0,11900.0,11910.0,55868
202603161430,11910.0,11920.0,11900.0,11910.0,38885
202603161445,11910.0,11960.0,11910.0,11950.0,50072
202603161500,11960.0,12020.0,11950.0,11990.0,112610
202603161515,11980.0,11990.0,11940.0,11960.0,58338
202603170900,12150.0,13340.0,12110.0,13250.0,3445690
202603170915,13220.0,13400.0,12800.0,13340.0,3072646
202603170930,13330.0,13990.0,13080.0,13850.0,5279464
202603170945,13840.0,14150.0,13470.0,14140.0,4361645
202603171000,14130.0,14470.0,13960.0,14200.0,5541428
202603171015,14210.0,14210.0,13810.0,13910.0,2507250
202603171030,13900.0,13980.0,13540.0,13550.0,1739995
202603171045,13550.0,13650.0,13380.0,13530.0,1520900
202603171100,13530.0,13700.0,13320.0,13350.0,1228389
202603171115,13340.0,13470.0,13260.0,13390.0,852011
202603171130,13390.0,13500.0,13210.0,13260.0,655992
202603171145,13270.0,13340.0,13190.0,13230.0,586106
202603171200,13230.0,13470.0,13210.0,13365.0,463295
202603171215,13370.0,13470.0,13300.0,13460.0,269432
202603171230,13470.0,13470.0,13320.0,13335.0,331975
202603171245,13340.0,13530.0,13330.0,13380.0,358149
202603171300,13380.0,13480.0,13310.0,13330.0,296657
202603171315,13330.0,13430.0,13330.0,13430.0,152321
202603171330,13430.0,13650.0,13410.0,13530.0,812470
202603171345,13530.0,13565.0,13400.0,13510.0,310065
202603171400,13510.0,13540.0,13430.0,13520.0,216181
202603171415,13520.0,13530.0,13420.0,13460.0,204445
202603171430,13460.0,13470.0,13360.0,13460.0,306666
202603171445,13460.0,13500.0,13330.0,13410.0,408303
202603171500,13410.0,13470.0,13330.0,13340.0,425516
202603171515,13340.0,13440.0,13330.0,13440.0,262077
202603180900,13700.0,14970.0,13630.0,14860.0,6947076
202603180915,14860.0,15170.0,14660.0,14750.0,6834744
202603180930,14750.0,14970.0,14510.0,14810.0,3400236
202603180945,14820.0,15000.0,14650.0,14920.0,2166921
202603181000,14920.0,15210.0,14820.0,14880.0,4108253
202603181015,14880.0,15150.0,14740.0,14790.0,2171199
202603181030,14840.0,14920.0,14740.0,14840.0,1032796
202603181045,14840.0,15000.0,14790.0,14790.0,915695
202603181100,14800.0,14950.0,14770.0,14900.0,593384
202603181115,14900.0,14920.0,14820.0,14840.0,384315
202603181130,14850.0,14870.0,14610.0,14720.0,937135
202603181145,14730.0,14770.0,14630.0,14670.0,507680
202603181200,14680.0,14890.0,14640.0,14850.0,612018
202603181215,14860.0,14950.0,14720.0,14930.0,712525
202603181230,14930.0,14940.0,14820.0,14850.0,443840
202603181245,14840.0,14880.0,14800.0,14810.0,346554
202603181300,14820.0,14860.0,14740.0,14740.0,387642
202603181315,14740.0,14750.0,14570.0,14580.0,707327
202603181330,14580.0,14840.0,14460.0,14840.0,1120907
202603181345,14840.0,14860.0,14710.0,14710.0,659979
202603181400,14715.0,14860.0,14685.0,14840.0,518075
202603181415,14840.0,14920.0,14800.0,14810.0,461981
202603181430,14820.0,15030.0,14810.0,14890.0,1205400
202603181445,14900.0,14910.0,14810.0,14880.0,469920
202603181500,14900.0,14910.0,14770.0,14850.0,702696
202603181515,14850.0,14890.0,14850.0,14890.0,381398
202603190900,14580.0,15450.0,14370.0,15160.0,5237431
202603190915,15170.0,15200.0,14660.0,14720.0,2355600
202603190930,14720.0,14730.0,14420.0,14420.0,1368201
202603190945,14420.0,14590.0,14390.0,14480.0,804034
202603191000,14490.0,14560.0,14260.0,14280.0,737459
202603191015,14270.0,14360.0,14170.0,14310.0,718276
202603191030,14330.0,14350.0,14220.0,14230.0,385771
202603191045,14240.0,14500.0,14230.0,14450.0,425641
202603191100,14450.0,14450.0,14320.0,14325.0,264266
202603191115,14320.0,14435.0,14300.0,14410.0,260582
202603191130,14400.0,14440.0,14350.0,14420.0,169002
202603191145,14410.0,14430.0,14310.0,14350.0,217382
202603191200,14350.0,14380.0,14330.0,14360.0,93492
202603191215,14360.0,14480.0,14350.0,14420.0,193624
202603191230,14420.0,14420.0,14320.0,14350.0,187798
202603191245,14350.0,14380.0,14300.0,14320.0,176649
202603191300,14320.0,14330.0,14250.0,14290.0,249620
202603191315,14290.0,14290.0,14250.0,14260.0,124547
202603191330,14260.0,14290.0,14240.0,14250.0,143852
202603191345,14250.0,14400.0,14230.0,14350.0,147071
202603191400,14350.0,14380.0,14310.0,14330.0,106770
202603191415,14330.0,14390.0,14310.0,14370.0,99575
202603191430,14370.0,14400.0,14300.0,14320.0,181619
202603191445,14320.0,14330.0,14320.0,14330.0,99797
202603191500,14330.0,14390.0,14320.0,14330.0,265790
202603191515,14340.0,14350.0,14330.0,14330.0,120946
202603200900,14575.0,15000.0,14420.0,14430.0,2727048
202603200915,14430.0,14440.0,13880.0,14090.0,1897739
202603200930,14090.0,14200.0,13940.0,13970.0,738063
202603200945,13970.0,13990.0,13840.0,13990.0,771771
202603201000,13990.0,14170.0,13980.0,14090.0,447289
202603201015,14090.0,14090.0,13950.0,14030.0,322632
202603201030,14030.0,14070.0,13970.0,13990.0,412181
202603201045,14000.0,14040.0,13950.0,13990.0,265852
202603201100,13990.0,13990.0,13880.0,13900.0,444233
202603201115,13900.0,13900.0,13850.0,13870.0,294212
202603201130,13870.0,13955.0,13850.0,13940.0,276876
202603201145,13940.0,13970.0,13890.0,13920.0,147349
202603201200,13920.0,13930.0,13890.0,13900.0,119389
202603201215,13900.0,13900.0,13850.0,13870.0,231127
202603201230,13870.0,13910.0,13810.0,13820.0,294516
202603201245,13820.0,13835.0,13800.0,13820.0,245734
202603201300,13820.0,13900.0,13820.0,13900.0,106609
202603201315,13890.0,13940.0,13870.0,13930.0,150160
202603201330,13920.0,13960.0,13890.0,13890.0,170560
202603201345,13890.0,13900.0,13830.0,13830.0,185124
202603201400,13840.0,13840.0,13800.0,13810.0,194582
202603201415,13810.0,13850.0,13800.0,13850.0,136221
202603201430,13860.0,13900.0,13830.0,13840.0,155114
202603201445,13845.0,13950.0,13830.0,13940.0,200062
202603201500,13950.0,13970.0,13880.0,13900.0,249439
202603201515,13900.0,14020.0,13860.0,14020.0,2297148
202603230900,13830.0,14120.0,13730.0,13760.0,1545860
202603230915,13750.0,13820.0,13450.0,13490.0,714022
202603230930,13490.0,13490.0,13350.0,13430.0,410537
202603230945,13410.0,13420.0,13210.0,13380.0,469794
202603231000,13380.0,13950.0,13370.0,13800.0,411606
202603231015,13840.0,14060.0,13730.0,13960.0,717929
202603231030,13960.0,14360.0,13950.0,14190.0,1438576
202603231045,14190.0,14360.0,14090.0,14100.0,1019684
202603231100,14100.0,14280.0,13920.0,13920.0,525224
202603231115,13950.0,14190.0,13930.0,14180.0,301206
202603231130,14190.0,14200.0,14010.0,14020.0,249440
202603231145,14020.0,14100.0,13960.0,14070.0,217183
202603231200,14060.0,14080.0,13980.0,13990.0,128170
202603231215,13990.0,14010.0,13950.0,13990.0,132336
202603231230,13990.0,13990.0,13850.0,13910.0,210567
202603231245,13910.0,13985.0,13870.0,13870.0,110566
202603231300,13880.0,13930.0,13800.0,13920.0,170285
202603231315,13920.0,14100.0,13920.0,14070.0,267394
202603231330,14070.0,14070.0,13910.0,13960.0,178026
202603231345,13950.0,14260.0,13950.0,14220.0,613125
202603231400,14240.0,14860.0,14160.0,14840.0,2788069
202603231415,14830.0,14860.0,14310.0,14380.0,1700823
202603231430,14380.0,14560.0,14350.0,14480.0,911923
202603231445,14480.0,14480.0,14290.0,14390.0,708011
202603231500,14400.0,14500.0,14310.0,14360.0,672580
202603231515,14350.0,14360.0,14290.0,14320.0,430090
202603240900,14950.0,14980.0,14420.0,14490.0,2415051
202603240915,14490.0,14610.0,14330.0,14430.0,848668
202603240930,14420.0,14430.0,14090.0,14180.0,961962
202603240945,14180.0,14200.0,14020.0,14020.0,515449
202603241000,14030.0,14060.0,13820.0,13830.0,630248
202603241015,13830.0,14050.0,13760.0,13930.0,415796
202603241030,13930.0,13930.0,13700.0,13720.0,355893
202603241045,13710.0,13770.0,13550.0,13680.0,424209
202603241100,13680.0,13840.0,13630.0,13700.0,207543
202603241115,13700.0,13830.0,13680.0,13820.0,152991
202603241130,13820.0,13890.0,13760.0,13780.0,132124
202603241145,13780.0,13790.0,13680.0,13700.0,161767
202603241200,13695.0,13770.0,13680.0,13720.0,69454
202603241215,13715.0,13890.0,13710.0,13850.0,99357
202603241230,13850.0,13880.0,13730.0,13870.0,104317
202603241245,13860.0,13880.0,13770.0,13870.0,93939
202603241300,13870.0,13900.0,13850.0,13860.0,88807
202603241315,13860.0,13860.0,13710.0,13730.0,183067
202603241330,13730.0,13780.0,13710.0,13760.0,74923
202603241345,13750.0,13760.0,13720.0,13730.0,66729
202603241400,13740.0,13740.0,13670.0,13700.0,142949
202603241415,13700.0,13760.0,13670.0,13700.0,102184
202603241430,13690.0,13710.0,13660.0,13700.0,83532
202603241445,13700.0,13750.0,13700.0,13750.0,94428
202603241500,13740.0,13820.0,13730.0,13800.0,129704
202603241515,13790.0,13830.0,13790.0,13820.0,98509
202603250900,13940.0,13990.0,13650.0,13730.0,729427
202603250915,13710.0,13850.0,13650.0,13840.0,439406
202603250930,13840.0,13870.0,13720.0,13740.0,317950
202603250945,13730.0,13810.0,13700.0,13810.0,239484
202603251000,13810.0,13890.0,13800.0,13870.0,285631
202603251015,13860.0,13870.0,13800.0,13860.0,166679
202603251030,13860.0,13870.0,13800.0,13860.0,166364
202603251045,13860.0,13890.0,13820.0,13840.0,144721
202603251100,13830.0,13840.0,13710.0,13720.0,213281
202603251115,13730.0,13800.0,13710.0,13760.0,83877
202603251130,13780.0,13780.0,13730.0,13740.0,56929
202603251145,13740.0,13740.0,13700.0,13720.0,99440
202603251200,13720.0,13730.0,13700.0,13730.0,76962
202603251215,13720.0,13730.0,13680.0,13690.0,110453
202603251230,13690.0,13690.0,13670.0,13680.0,61080
202603251245,13690.0,13740.0,13670.0,13720.0,77846
202603251300,13720.0,13730.0,13680.0,13700.0,94482
202603251315,13710.0,13840.0,13700.0,13740.0,134536
202603251330,13750.0,13810.0,13730.0,13780.0,71818
202603251345,13790.0,13790.0,13720.0,13740.0,81293
202603251400,13730.0,13750.0,13700.0,13700.0,93880
202603251415,13700.0,13720.0,13680.0,13720.0,83101
202603251430,13720.0,13740.0,13700.0,13710.0,71964
202603251445,13710.0,13730.0,13690.0,13730.0,115696
202603251500,13720.0,13760.0,13720.0,13730.0,135149
202603251515,13730.0,13740.0,13700.0,13720.0,105663
202603260900,13570.0,13620.0,13380.0,13390.0,542969
202603260915,13390.0,13490.0,13370.0,13380.0,295249
202603260930,13380.0,13440.0,13280.0,13280.0,319893
202603260945,13280.0,13290.0,13220.0,13290.0,257064
202603261000,13290.0,13360.0,13280.0,13280.0,131922
202603261015,13280.0,13360.0,13270.0,13300.0,108108
202603261030,13300.0,13400.0,13290.0,13340.0,106770
202603261045,13340.0,13340.0,13260.0,13290.0,106637
202603261100,13290.0,13320.0,13220.0,13230.0,129935
202603261115,13230.0,13230.0,13150.0,13150.0,236981
202603261130,13160.0,13160.0,13040.0,13070.0,237018
202603261145,13070.0,13130.0,13060.0,13070.0,84212
202603261200,13070.0,13120.0,13070.0,13110.0,58214
202603261215,13120.0,13140.0,13080.0,13120.0,86038
202603261230,13120.0,13270.0,13110.0,13220.0,87985
202603261245,13220.0,13220.0,13180.0,13220.0,47032
202603261300,13220.0,13290.0,13210.0,13240.0,53493
202603261315,13250.0,13270.0,13220.0,13270.0,36119
202603261330,13270.0,13270.0,13200.0,13220.0,52219
202603261345,13220.0,13240.0,13160.0,13170.0,50602
202603261400,13170.0,13190.0,13120.0,13130.0,63735
202603261415,13130.0,13140.0,13080.0,13100.0,96870
202603261430,13100.0,13100.0,13060.0,13070.0,98462
202603261445,13080.0,13100.0,13060.0,13060.0,95913
202603261500,13070.0,13080.0,13030.0,13080.0,156232
202603261515,13080.0,13110.0,13070.0,13110.0,54829
202603270900,12700.0,12990.0,12510.0,12530.0,751790
202603270915,12530.0,12620.0,12430.0,12620.0,411631
202603270930,12620.0,12620.0,12450.0,12450.0,160255
202603270945,12450.0,12460.0,12400.0,12430.0,185036
202603271000,12440.0,12560.0,12430.0,12530.0,135410
202603271015,12530.0,12580.0,12520.0,12560.0,94639
202603271030,12570.0,12680.0,12560.0,12595.0,125592
202603271045,12595.0,12620.0,12520.0,12600.0,110858
202603271100,12620.0,12660.0,12570.0,12580.0,83887
202603271115,12580.0,12590.0,12530.0,12550.0,80238
202603271130,12550.0,12660.0,12550.0,12650.0,54007
202603271145,12640.0,12830.0,12630.0,12730.0,130600
202603271200,12740.0,12790.0,12670.0,12770.0,73224
202603271215,12760.0,12820.0,12710.0,12800.0,71195
202603271230,12800.0,13070.0,12800.0,12930.0,217682
202603271245,12910.0,12920.0,12830.0,12880.0,113684
202603271300,12880.0,12990.0,12840.0,12910.0,102932
202603271315,12910.0,12960.0,12860.0,12910.0,125582
202603271330,12910.0,13000.0,12900.0,12990.0,101519
202603271345,12990.0,13010.0,12930.0,12990.0,119613
202603271400,12990.0,13150.0,12980.0,13100.0,167052
202603271415,13090.0,13110.0,12960.0,12990.0,168697
202603271430,12990.0,12990.0,12930.0,12940.0,94650
202603271445,12940.0,12940.0,12860.0,12870.0,120405
202603271500,12870.0,12920.0,12840.0,12920.0,127369
202603271515,12920.0,12920.0,12890.0,12920.0,103648
202603300900,12240.0,12410.0,12060.0,12090.0,567659
202603300915,12090.0,12260.0,12080.0,12150.0,239214
202603300930,12150.0,12220.0,12110.0,12160.0,161029
202603300945,12160.0,12170.0,12080.0,12140.0,165481
202603301000,12140.0,12180.0,12110.0,12160.0,107745
202603301015,12150.0,12170.0,12140.0,12160.0,70654
202603301030,12160.0,12340.0,12140.0,12290.0,126361
202603301045,12290.0,12300.0,12200.0,12220.0,58354
202603301100,12220.0,12290.0,12200.0,12280.0,52221
202603301115,12280.0,12290.0,12200.0,12210.0,47599
202603301130,12210.0,12230.0,12160.0,12220.0,75002
202603301145,12220.0,12300.0,12210.0,12260.0,34800
202603301200,12270.0,12320.0,12250.0,12320.0,45260
202603301215,12320.0,12330.0,12275.0,12280.0,47904
202603301230,12280.0,12280.0,12250.0,12250.0,54182
202603301245,12250.0,12280.0,12230.0,12230.0,48953
202603301300,12230.0,12250.0,12170.0,12180.0,82376
202603301315,12180.0,12250.0,12180.0,12240.0,35344
202603301330,12240.0,12250.0,12190.0,12200.0,43920
202603301345,12200.0,12200.0,12170.0,12190.0,47382
202603301400,12200.0,12230.0,12180.0,12220.0,45348
202603301415,12210.0,12230.0,12180.0,12180.0,52594
202603301430,12180.0,12230.0,12160.0,12170.0,85308
202603301445,12170.0,12180.0,12150.0,12160.0,105062
202603301500,12160.0,12170.0,12140.0,12145.0,111034
202603301515,12145.0,12150.0,12130.0,12140.0,69620
202603310900,12190.0,12220.0,11470.0,11490.0,816333
202603310915,11470.0,11550.0,11350.0,11510.0,517953
202603310930,11510.0,11510.0,11210.0,11410.0,571814
202603310945,11410.0,11460.0,11230.0,11240.0,391424
202603311000,11240.0,11400.0,11140.0,11160.0,533775
202603311015,11160.0,11180.0,11090.0,11150.0,753830
202603311030,11150.0,11260.0,11140.0,11200.0,410811
202603311045,11200.0,11310.0,11170.0,11190.0,463032
202603311100,11200.0,11210.0,11120.0,11120.0,381740
202603311115,11120.0,11160.0,10950.0,10990.0,789870
202603311130,10990.0,10990.0,10780.0,10900.0,779920
202603311145,10900.0,11060.0,10880.0,10950.0,445346
202603311200,10960.0,11020.0,10920.0,10950.0,268669
202603311215,10950.0,10960.0,10830.0,10860.0,358929
202603311230,10860.0,10860.0,10670.0,10720.0,543111
202603311245,10710.0,10760.0,10650.0,10650.0,290485
202603311300,10660.0,10660.0,10500.0,10550.0,662008
202603311315,10540.0,10650.0,10440.0,10510.0,550216
202603311330,10520.0,10530.0,10220.0,10420.0,739649
202603311345,10420.0,10500.0,10340.0,10390.0,480121
202603311400,10380.0,10440.0,10280.0,10300.0,423581
202603311415,10290.0,10380.0,10230.0,10280.0,568407
202603311430,10270.0,10370.0,10190.0,10320.0,1030750
202603311445,10320.0,10460.0,10240.0,10330.0,700268
202603311500,10330.0,10350.0,10240.0,10280.0,379764
202603311515,10280.0,10300.0,10240.0,10300.0,232073
202604010900,11040.0,11120.0,10700.0,10820.0,1595901
202604010915,10820.0,10900.0,10700.0,10880.0,662677
202604010930,10880.0,10890.0,10810.0,10870.0,271620
202604010945,10870.0,10870.0,10740.0,10840.0,319351
202604011000,10830.0,10850.0,10610.0,10750.0,472817
202604011015,10740.0,10820.0,10710.0,10820.0,182130
202604011030,10820.0,10990.0,10810.0,10920.0,471677
202604011045,10920.0,10940.0,10830.0,10830.0,209882
202604011100,10840.0,10960.0,10810.0,10850.0,252412
202604011115,10860.0,10920.0,10820.0,10920.0,132024
202604011130,10920.0,10950.0,10850.0,10930.0,135279
202604011145,10930.0,10980.0,10910.0,10955.0,150158
202604011200,10950.0,10960.0,10900.0,10910.0,96273
202604011215,10910.0,11170.0,10910.0,11165.0,493994
202604011230,11165.0,11170.0,11020.0,11050.0,279148
202604011245,11040.0,11070.0,11000.0,11010.0,135641
202604011300,11020.0,11090.0,11000.0,11080.0,141033
202604011315,11070.0,11150.0,11070.0,11140.0,277913
202604011330,11150.0,11160.0,11060.0,11090.0,236443
202604011345,11090.0,11120.0,11050.0,11050.0,139247
202604011400,11060.0,11160.0,11050.0,11120.0,170170
202604011415,11110.0,11270.0,11110.0,11220.0,423851
202604011430,11220.0,11250.0,11130.0,11230.0,213724
202604011445,11230.0,11250.0,11100.0,11110.0,198180
202604011500,11110.0,11140.0,11090.0,11140.0,189331
202604011515,11130.0,11150.0,11110.0,11120.0,109227
202604020900,12060.0,12230.0,11360.0,11790.0,3015872
202604020915,11800.0,11950.0,11550.0,11670.0,1033393
202604020930,11670.0,11680.0,11500.0,11660.0,576261
202604020945,11670.0,11750.0,11610.0,11710.0,320324
202604021000,11710.0,11920.0,11520.0,11620.0,581318
202604021015,11625.0,11630.0,11000.0,11060.0,1259075
202604021030,11060.0,11260.0,10850.0,10860.0,699368
202604021045,10860.0,11170.0,10810.0,11070.0,460005
202604021100,11070.0,11080.0,10770.0,10800.0,386229
202604021115,10800.0,10850.0,10650.0,10730.0,286774
202604021130,10730.0,10770.0,10580.0,10720.0,228144
202604021145,10730.0,10810.0,10690.0,10730.0,161090
202604021200,10730.0,10730.0,10630.0,10720.0,121713
202604021215,10720.0,10730.0,10640.0,10700.0,83588
202604021230,10700.0,10700.0,10580.0,10610.0,159676
202604021245,10610.0,10640.0,10590.0,10630.0,98994
202604021300,10630.0,10700.0,10610.0,10690.0,98193
202604021315,10700.0,10730.0,10680.0,10710.0,57340
202604021330,10710.0,10740.0,10660.0,10670.0,109581
202604021345,10670.0,10690.0,10590.0,10660.0,122994
202604021400,10660.0,10680.0,10640.0,10660.0,61256
202604021415,10650.0,10660.0,10610.0,10610.0,80828
202604021430,10610.0,10610.0,10550.0,10560.0,148654
202604021445,10560.0,10580.0,10480.0,10490.0,268162
202604021500,10490.0,10640.0,10410.0,10640.0,216063
202604021515,10640.0,10800.0,10630.0,10800.0,101945
202604030900,11080.0,11160.0,10850.0,10880.0,672150
202604030915,10870.0,10970.0,10800.0,10840.0,394263
202604030930,10840.0,10850.0,10700.0,10800.0,284094
202604030945,10800.0,10870.0,10790.0,10870.0,182777
202604031000,10870.0,10880.0,10800.0,10840.0,156967
202604031015,10840.0,10960.0,10800.0,10900.0,174097
202604031030,10910.0,10920.0,10750.0,10770.0,196244
202604031045,10770.0,10770.0,10710.0,10720.0,155628
202604031100,10720.0,10760.0,10710.0,10740.0,91894
202604031115,10730.0,10770.0,10720.0,10730.0,78101
202604031130,10730.0,10730.0,10600.0,10600.0,265962
202604031145,10600.0,10730.0,10560.0,10660.0,125960
202604031200,10660.0,10690.0,10630.0,10650.0,73977
202604031215,10650.0,10740.0,10650.0,10710.0,78910
202604031230,10720.0,10740.0,10710.0,10740.0,36401
202604031245,10740.0,10780.0,10730.0,10765.0,83143
202604031300,10765.0,10840.0,10750.0,10840.0,81239
202604031315,10830.0,10840.0,10800.0,10810.0,76997
202604031330,10810.0,10820.0,10800.0,10810.0,52543
202604031345,10800.0,10860.0,10795.0,10820.0,105367
202604031400,10820.0,10840.0,10780.0,10820.0,83320
202604031415,10820.0,10830.0,10780.0,10780.0,76781
202604031430,10780.0,10820.0,10780.0,10810.0,76803
202604031445,10800.0,10870.0,10800.0,10870.0,106302
202604031500,10870.0,10890.0,10840.0,10860.0,131470
202604031515,10850.0,10880.0,10850.0,10880.0,138064
202604060900,10770.0,11140.0,10750.0,10900.0,569956
202604060915,10900.0,10920.0,10620.0,10660.0,388667
202604060930,10650.0,10700.0,10600.0,10660.0,270776
202604060945,10660.0,10790.0,10660.0,10730.0,111263
202604061000,10730.0,10740.0,10660.0,10670.0,107842
202604061015,10660.0,10670.0,10610.0,10620.0,139044
202604061030,10610.0,10630.0,10560.0,10600.0,204003
202604061045,10590.0,10600.0,10450.0,10540.0,225535
202604061100,10540.0,10620.0,10460.0,10605.0,115005
202604061115,10600.0,10680.0,10600.0,10650.0,81232
202604061130,10650.0,10660.0,10510.0,10600.0,117303
202604061145,10600.0,10600.0,10540.0,10550.0,53292
202604061200,10560.0,10590.0,10540.0,10590.0,48557
202604061215,10585.0,10610.0,10530.0,10560.0,61076
202604061230,10560.0,10560.0,10530.0,10540.0,37698
202604061245,10545.0,10550.0,10520.0,10530.0,59982
202604061300,10530.0,10550.0,10510.0,10520.0,39785
202604061315,10510.0,10520.0,10500.0,10510.0,67559
202604061330,10510.0,10560.0,10500.0,10550.0,50977
202604061345,10550.0,10580.0,10520.0,10530.0,43950
202604061400,10530.0,10560.0,10500.0,10550.0,88878
202604061415,10560.0,10570.0,10530.0,10560.0,46087
202604061430,10560.0,10560.0,10540.0,10540.0,42115
202604061445,10540.0,10580.0,10530.0,10570.0,64647
202604061500,10570.0,10610.0,10560.0,10610.0,82655
202604061515,10600.0,10610.0,10590.0,10600.0,62906
202604070900,10850.0,11090.0,10790.0,10920.0,714878
202604070915,10920.0,11090.0,10810.0,10830.0,413396
202604070930,10820.0,10860.0,10790.0,10850.0,166403
202604070945,10850.0,10860.0,10750.0,10760.0,140151
202604071000,10750.0,10760.0,10650.0,10690.0,208014
202604071015,10680.0,10700.0,10610.0,10650.0,105938
202604071030,10640.0,10650.0,10510.0,10570.0,196723
202604071045,10570.0,10600.0,10470.0,10490.0,135163
202604071100,10490.0,10530.0,10450.0,10460.0,145480
202604071115,10460.0,10550.0,10450.0,10520.0,80992
202604071130,10520.0,10550.0,10500.0,10520.0,86260
202604071145,10520.0,10520.0,10480.0,10490.0,83991
202604071200,10490.0,10510.0,10470.0,10480.0,38464
202604071215,10470.0,10480.0,10430.0,10470.0,85517
202604071230,10460.0,10500.0,10430.0,10450.0,52364
202604071245,10460.0,10460.0,10420.0,10420.0,45583
202604071300,10420.0,10430.0,10200.0,10240.0,243590
202604071315,10230.0,10350.0,10180.0,10320.0,161756
202604071330,10310.0,10330.0,10260.0,10300.0,56567
202604071345,10300.0,10320.0,10270.0,10280.0,51436
202604071400,10280.0,10280.0,10250.0,10280.0,75242
202604071415,10280.0,10300.0,10240.0,10250.0,59996
202604071430,10250.0,10290.0,10240.0,10260.0,70496
202604071445,10260.0,10380.0,10250.0,10380.0,85278
202604071500,10380.0,10400.0,10360.0,10370.0,86966
202604071515,10370.0,10400.0,10370.0,10400.0,62721
202604080900,10940.0,10980.0,10750.0,10880.0,1099340
202604080915,10890.0,10970.0,10850.0,10890.0,499234
202604080930,10880.0,11050.0,10870.0,11030.0,642779
202604080945,11020.0,11050.0,10950.0,11020.0,286309
202604081000,11010.0,11180.0,11000.0,11170.0,538998
202604081015,11160.0,11170.0,11050.0,11070.0,280273
202604081030,11070.0,11150.0,11050.0,11150.0,189525
202604081045,11140.0,11280.0,11090.0,11210.0,374100
202604081100,11220.0,11300.0,11200.0,11290.0,174551
202604081115,11300.0,11430.0,11290.0,11350.0,557057
202604081130,11340.0,11360.0,11290.0,11310.0,188975
202604081145,11310.0,11320.0,11240.0,11250.0,235403
202604081200,11250.0,11400.0,11230.0,11390.0,196100
202604081215,11390.0,11600.0,11390.0,11570.0,726262
202604081230,11570.0,11740.0,11430.0,11450.0,851173
202604081245,11450.0,11470.0,11320.0,11380.0,268059
202604081300,11380.0,11450.0,11330.0,11440.0,128248
202604081315,11440.0,11440.0,11320.0,11370.0,158052
202604081330,11360.0,11520.0,11350.0,11520.0,181969
202604081345,11520.0,11520.0,11430.0,11460.0,148721
202604081400,11460.0,11470.0,11420.0,11450.0,102944
202604081415,11440.0,11530.0,11430.0,11480.0,159627
202604081430,11480.0,11490.0,11430.0,11490.0,147407
202604081445,11490.0,11540.0,11460.0,11540.0,159287
202604081500,11540.0,11570.0,11520.0,11560.0,161416
202604081515,11560.0,11580.0,11550.0,11580.0,114771
202604090900,11250.0,11320.0,11010.0,11110.0,780776
202604090915,11120.0,11210.0,11070.0,11070.0,307019
202604090930,11070.0,11130.0,11040.0,11040.0,272441
202604090945,11040.0,11060.0,11000.0,11060.0,257061
202604091000,11060.0,11070.0,10910.0,10980.0,314464
202604091015,10980.0,10990.0,10880.0,10900.0,242977
202604091030,10900.0,10950.0,10880.0,10900.0,101731
202604091045,10910.0,11020.0,10880.0,11010.0,134772
202604091100,11010.0,11070.0,11000.0,11030.0,82791
202604091115,11035.0,11040.0,11000.0,11010.0,50896
202604091130,11010.0,11020.0,10960.0,10970.0,79578
202604091145,10970.0,11030.0,10970.0,11020.0,43442
202604091200,11030.0,11060.0,11010.0,11015.0,69343
202604091215,11010.0,11020.0,10980.0,11010.0,77195
202604091230,11010.0,11010.0,10990.0,11000.0,43789
202604091245,10990.0,11010.0,10960.0,10960.0,55387
202604091300,10960.0,10970.0,10960.0,10960.0,39874
202604091315,10960.0,10970.0,10950.0,10960.0,72319
202604091330,10960.0,10980.0,10950.0,10980.0,35060
202604091345,10980.0,10990.0,10970.0,10980.0,27485
202604091400,10980.0,10980.0,10960.0,10970.0,58496
202604091415,10970.0,11010.0,10970.0,11010.0,51050
202604091430,11010.0,11050.0,10980.0,10990.0,75612
202604091445,10990.0,11010.0,10960.0,10980.0,96527
202604091500,10970.0,11030.0,10970.0,11000.0,81645
202604091515,11000.0,11000.0,10980.0,11000.0,62592
202604100900,11140.0,11170.0,10880.0,10910.0,636275
202604100915,10900.0,10910.0,10710.0,10750.0,518883
202604100930,10750.0,10840.0,10730.0,10810.0,238476
202604100945,10810.0,11030.0,10770.0,11020.0,278327
202604101000,11020.0,11030.0,10870.0,10900.0,199421
202604101015,10900.0,10920.0,10840.0,10850.0,112385
202604101030,10860.0,10900.0,10840.0,10850.0,106672
202604101045,10850.0,10870.0,10830.0,10845.0,84807
202604101100,10850.0,10850.0,10830.0,10840.0,61660
202604101115,10840.0,10850.0,10820.0,10820.0,63816
202604101130,10810.0,10830.0,10810.0,10820.0,58831
202604101145,10820.0,10840.0,10820.0,10840.0,50466
202604101200,10830.0,10860.0,10830.0,10840.0,57624
202604101215,10840.0,10860.0,10820.0,10840.0,51266
202604101230,10850.0,10900.0,10840.0,10875.0,62465
202604101245,10880.0,10930.0,10870.0,10900.0,68248
202604101300,10900.0,10930.0,10900.0,10910.0,55010
202604101315,10900.0,10910.0,10890.0,10900.0,48344
202604101330,10890.0,10900.0,10880.0,10900.0,57763
202604101345,10900.0,10910.0,10890.0,10910.0,45068
202604101400,10900.0,10910.0,10900.0,10910.0,41209
202604101415,10900.0,10920.0,10900.0,10920.0,52126
202604101430,10920.0,10930.0,10890.0,10890.0,83653
202604101445,10900.0,10900.0,10890.0,10890.0,74838
202604101500,10890.0,10900.0,10880.0,10890.0,85393
202604101515,10890.0,10890.0,10880.0,10890.0,76891
202604130900,10540.0,10680.0,10440.0,10620.0,497508
202604130915,10620.0,10720.0,10600.0,10700.0,233781
202604130930,10700.0,10800.0,10680.0,10780.0,184107
202604130945,10790.0,10850.0,10760.0,10830.0,130849
202604131000,10840.0,10890.0,10720.0,10730.0,238081
202604131015,10740.0,10790.0,10700.0,10760.0,111147
202604131030,10770.0,10840.0,10730.0,10830.0,73066
202604131045,10830.0,10850.0,10800.0,10820.0,87126
202604131100,10820.0,10840.0,10780.0,10810.0,65650
202604131115,10830.0,10880.0,10810.0,10870.0,64369
202604131130,10870.0,10870.0,10820.0,10840.0,49205
202604131145,10840.0,10950.0,10830.0,10930.0,144041
202604131200,10930.0,10930.0,10860.0,10860.0,87514
202604131215,10870.0,10870.0,10810.0,10810.0,46504
202604131230,10810.0,10840.0,10800.0,10840.0,40565
202604131245,10840.0,10850.0,10810.0,10820.0,56231
202604131300,10820.0,10820.0,10770.0,10770.0,82998
202604131315,10780.0,10780.0,10750.0,10750.0,45114
202604131330,10760.0,10770.0,10750.0,10760.0,51758
202604131345,10760.0,10790.0,10740.0,10790.0,43827
202604131400,10790.0,10800.0,10760.0,10770.0,25283
202604131415,10770.0,10780.0,10750.0,10760.0,50554
202604131430,10770.0,10770.0,10740.0,10740.0,51746
202604131445,10750.0,10750.0,10710.0,10720.0,84795
202604131500,10720.0,10740.0,10710.0,10740.0,62142
202604131515,10740.0,10750.0,10730.0,10750.0,84661
202604140900,10930.0,10970.0,10830.0,10850.0,453861
202604140915,10850.0,10950.0,10840.0,10930.0,250444
202604140930,10930.0,11220.0,10930.0,11110.0,738523
202604140945,11110.0,11450.0,11050.0,11440.0,577959
202604141000,11440.0,11660.0,11260.0,11300.0,1262570
202604141015,11300.0,11470.0,11200.0,11250.0,565695
202604141030,11260.0,11390.0,11170.0,11330.0,214620
202604141045,11320.0,11430.0,11300.0,11400.0,246490
202604141100,11400.0,11440.0,11320.0,11330.0,178303
202604141115,11330.0,11430.0,11310.0,11320.0,169047
202604141130,11320.0,11330.0,11250.0,11310.0,107555
202604141145,11310.0,11310.0,11260.0,11280.0,82857
202604141200,11280.0,11320.0,11280.0,11300.0,79473
202604141215,11300.0,11310.0,11260.0,11260.0,80436
202604141230,11260.0,11270.0,11220.0,11250.0,111789
202604141245,11250.0,11260.0,11220.0,11230.0,54019
202604141300,11230.0,11230.0,11200.0,11215.0,76330
202604141315,11210.0,11250.0,11200.0,11220.0,86334
202604141330,11220.0,11230.0,11120.0,11200.0,172199
202604141345,11200.0,11210.0,11150.0,11190.0,108818
202604141400,11200.0,11240.0,11190.0,11240.0,53861
202604141415,11230.0,11290.0,11230.0,11240.0,70602
202604141430,11230.0,11250.0,11160.0,11170.0,67802
202604141445,11180.0,11200.0,11160.0,11170.0,81701
202604141500,11180.0,11200.0,11170.0,11190.0,80492
202604141515,11180.0,11190.0,11170.0,11170.0,59732
202604150900,11480.0,11500.0,11250.0,11330.0,876037
202604150915,11330.0,11710.0,11320.0,11360.0,688785
202604150930,11360.0,11430.0,11320.0,11360.0,280090
202604150945,11360.0,11490.0,11350.0,11430.0,267904
202604151000,11430.0,11550.0,11360.0,11410.0,280656
202604151015,11420.0,11450.0,11400.0,11405.0,123370
202604151030,11405.0,11490.0,11370.0,11430.0,140971
202604151045,11440.0,11450.0,11380.0,11390.0,121882
202604151100,11400.0,11430.0,11380.0,11400.0,97767
202604151115,11410.0,11560.0,11400.0,11520.0,233237
202604151130,11520.0,11530.0,11460.0,11490.0,91772
202604151145,11500.0,11570.0,11470.0,11500.0,175700
202604151200,11490.0,11590.0,11490.0,11510.0,161422
202604151215,11510.0,11570.0,11510.0,11570.0,104698
202604151230,11570.0,11640.0,11450.0,11480.0,267286
202604151245,11480.0,11500.0,11460.0,11500.0,92412
202604151300,11500.0,11500.0,11460.0,11460.0,86918
202604151315,11470.0,11520.0,11460.0,11510.0,128902
202604151330,11510.0,11510.0,11470.0,11500.0,100376
202604151345,11490.0,11560.0,11490.0,11550.0,122042
202604151400,11550.0,11680.0,11510.0,11650.0,275001
202604151415,11650.0,11850.0,11560.0,11590.0,859387
202604151430,11590.0,11590.0,11500.0,11510.0,159642
202604151445,11510.0,11550.0,11450.0,11540.0,227037
202604151500,11540.0,11540.0,11500.0,11510.0,150092
202604151515,11510.0,11540.0,11500.0,11540.0,84455
202604160900,11700.0,12090.0,11680.0,11760.0,1656451
202604160915,11770.0,11900.0,11550.0,11650.0,635221
202604160930,11660.0,11900.0,11650.0,11830.0,349638
202604160945,11820.0,11910.0,11760.0,11760.0,262683
202604161000,11780.0,11780.0,11670.0,11710.0,249894
202604161015,11720.0,11780.0,11700.0,11780.0,122044
202604161030,11780.0,11790.0,11660.0,11730.0,173288
202604161045,11720.0,11780.0,11710.0,11780.0,114399
202604161100,11780.0,11780.0,11700.0,11720.0,91426
202604161115,11720.0,11740.0,11680.0,11690.0,116143
202604161130,11690.0,11760.0,11680.0,11730.0,93489
202604161145,11720.0,11730.0,11690.0,11700.0,69819
202604161200,11700.0,11710.0,11660.0,11670.0,86439
202604161215,11660.0,11670.0,11610.0,11660.0,146969
202604161230,11650.0,11670.0,11620.0,11640.0,73012
202604161245,11640.0,11660.0,11610.0,11640.0,111641
202604161300,11640.0,11640.0,11570.0,11570.0,180182
202604161315,11570.0,11580.0,11540.0,11540.0,209607
202604161330,11540.0,11590.0,11540.0,11570.0,106788
202604161345,11580.0,11590.0,11420.0,11440.0,265695
202604161400,11430.0,11540.0,11400.0,11510.0,171469
202604161415,11500.0,11530.0,11480.0,11510.0,83449
202604161430,11500.0,11540.0,11500.0,11510.0,76400
202604161445,11500.0,11520.0,11450.0,11490.0,148063
202604161500,11480.0,11530.0,11470.0,11510.0,130981
202604161515,11500.0,11540.0,11500.0,11540.0,71639
202604170900,11860.0,11870.0,11420.0,11530.0,900493
202604170915,11530.0,11620.0,11450.0,11450.0,335504
202604170930,11460.0,11500.0,11420.0,11480.0,214624
202604170945,11480.0,11500.0,11420.0,11420.0,124120
202604171000,11430.0,11440.0,11330.0,11340.0,274910
202604171015,11340.0,11380.0,11300.0,11370.0,143879
202604171030,11370.0,11420.0,11320.0,11330.0,85526
202604171045,11330.0,11360.0,11300.0,11345.0,83114
202604171100,11345.0,11470.0,11340.0,11430.0,94215
202604171115,11435.0,11490.0,11410.0,11420.0,63880
202604171130,11420.0,11430.0,11380.0,11400.0,44890
202604171145,11400.0,11420.0,11350.0,11410.0,53553
202604171200,11410.0,11460.0,11400.0,11430.0,30402
202604171215,11430.0,11430.0,11390.0,11420.0,47770
202604171230,11420.0,11430.0,11380.0,11395.0,42359
202604171245,11400.0,11530.0,11390.0,11510.0,87566
202604171300,11510.0,11520.0,11480.0,11500.0,52459
202604171315,11500.0,11560.0,11480.0,11560.0,122091
202604171330,11560.0,11570.0,11450.0,11490.0,85479
202604171345,11490.0,11570.0,11490.0,11530.0,82981
202604171400,11530.0,11540.0,11500.0,11515.0,54029
202604171415,11510.0,11520.0,11495.0,11510.0,39939
202604171430,11510.0,11530.0,11500.0,11520.0,54147
202604171445,11520.0,11630.0,11510.0,11610.0,168082
202604171500,11610.0,11620.0,11560.0,11580.0,96116
202604171515,11585.0,11600.0,11570.0,11600.0,115554
202604200900,11370.0,11370.0,11160.0,11250.0,422652
202604200915,11260.0,11430.0,11250.0,11430.0,217418
202604200930,11430.0,11430.0,11330.0,11330.0,116079
202604200945,11330.0,11450.0,11315.0,11420.0,119550
202604201000,11420.0,11630.0,11410.0,11520.0,292650
202604201015,11530.0,11580.0,11450.0,11500.0,155553
202604201030,11500.0,11510.0,11450.0,11480.0,94239
202604201045,11480.0,11540.0,11450.0,11460.0,78689
202604201100,11460.0,11460.0,11420.0,11430.0,90386
202604201115,11440.0,11440.0,11400.0,11405.0,84090
202604201130,11410.0,11430.0,11400.0,11430.0,40922
202604201145,11430.0,11430.0,11370.0,11380.0,105870
202604201200,11390.0,11400.0,11360.0,11370.0,35548
202604201215,11370.0,11370.0,11330.0,11370.0,78309
202604201230,11360.0,11420.0,11360.0,11380.0,65911
202604201245,11380.0,11390.0,11350.0,11380.0,41540
202604201300,11380.0,11380.0,11360.0,11380.0,34729
202604201315,11380.0,11390.0,11360.0,11370.0,42165
202604201330,11365.0,11370.0,11320.0,11330.0,78110
202604201345,11330.0,11350.0,11320.0,11340.0,37915
202604201400,11340.0,11350.0,11310.0,11330.0,63524
202604201415,11330.0,11330.0,11310.0,11330.0,51320
202604201430,11320.0,11330.0,11280.0,11290.0,151688
202604201445,11290.0,11310.0,11270.0,11300.0,95393
202604201500,11300.0,11300.0,11260.0,11280.0,95221
202604201515,11280.0,11300.0,11270.0,11290.0,57496
202604210900,11460.0,11540.0,11240.0,11260.0,615318
202604210915,11260.0,11300.0,11170.0,11200.0,412711
202604210930,11200.0,11250.0,11190.0,11200.0,168649
202604210945,11210.0,11210.0,11180.0,11180.0,170373
202604211000,11180.0,11240.0,11180.0,11190.0,121186
202604211015,11190.0,11210.0,11130.0,11130.0,228654
202604211030,11140.0,11170.0,11130.0,11170.0,105196
202604211045,11170.0,11175.0,11150.0,11160.0,60808
202604211100,11160.0,11240.0,11150.0,11200.0,119847
202604211115,11200.0,11220.0,11170.0,11170.0,50318
202604211130,11170.0,11180.0,11160.0,11165.0,52969
202604211145,11160.0,11170.0,11150.0,11160.0,59491
202604211200,11160.0,11160.0,11120.0,11120.0,136279
202604211215,11130.0,11150.0,11120.0,11150.0,74782
202604211230,11140.0,11170.0,11140.0,11160.0,56391
202604211245,11160.0,11230.0,11160.0,11200.0,70256
202604211300,11210.0,11240.0,11190.0,11230.0,72819
202604211315,11230.0,11270.0,11220.0,11220.0,73407
202604211330,11220.0,11250.0,11200.0,11230.0,61974
202604211345,11230.0,11230.0,11190.0,11200.0,53152
202604211400,11200.0,11200.0,11180.0,11200.0,60721
202604211415,11200.0,11200.0,11190.0,11200.0,34019
202604211430,11190.0,11220.0,11190.0,11220.0,71375
202604211445,11220.0,11230.0,11200.0,11220.0,56483
202604211500,11210.0,11250.0,11210.0,11240.0,101168
202604211515,11235.0,11240.0,11220.0,11240.0,76817
202604220900,11170.0,11210.0,10980.0,11050.0,453787
202604220915,11050.0,11070.0,11000.0,11040.0,252637
202604220930,11040.0,11050.0,10950.0,10970.0,379852
202604220945,10970.0,11000.0,10920.0,10920.0,306923
202604221000,10930.0,10930.0,10850.0,10900.0,318452
202604221015,10900.0,10920.0,10880.0,10900.0,112562
202604221030,10890.0,10950.0,10880.0,10950.0,120591
202604221045,10950.0,11000.0,10930.0,10990.0,80323
202604221100,11010.0,11010.0,10980.0,11000.0,71083
202604221115,11000.0,11000.0,10960.0,10990.0,44516
202604221130,10990.0,10990.0,10950.0,10960.0,55128
202604221145,10960.0,10960.0,10930.0,10950.0,54404
202604221200,10950.0,10950.0,10940.0,10940.0,43925
202604221215,10950.0,10950.0,10920.0,10920.0,61714
202604221230,10920.0,10990.0,10920.0,10990.0,85798
202604221245,10990.0,10990.0,10970.0,10970.0,43959
202604221300,10970.0,11000.0,10960.0,10990.0,65966
202604221315,10990.0,11010.0,10980.0,10990.0,65341
202604221330,10990.0,11000.0,10980.0,10990.0,46917
202604221345,10990.0,11000.0,10970.0,10990.0,98123
202604221400,10990.0,10990.0,10970.0,10980.0,47015
202604221415,10980.0,11070.0,10980.0,11040.0,118060
202604221430,11040.0,11080.0,11030.0,11080.0,68164
202604221445,11070.0,11100.0,11070.0,11080.0,84950
202604221500,11080.0,11120.0,11080.0,11100.0,91723
202604221515,11100.0,11120.0,11100.0,11120.0,68974
202604230900,11350.0,11400.0,11030.0,11040.0,853345
202604230915,11040.0,11170.0,11010.0,11150.0,267013
202604230930,11150.0,11240.0,11120.0,11240.0,294081
202604230945,11230.0,11300.0,11210.0,11260.0,312466
202604231000,11260.0,11330.0,11250.0,11310.0,225142
202604231015,11310.0,11460.0,11280.0,11410.0,678058
202604231030,11410.0,11790.0,11370.0,11460.0,1201171
202604231045,11460.0,11460.0,11350.0,11350.0,305028
202604231100,11350.0,11400.0,11320.0,11350.0,179855
202604231115,11330.0,11470.0,11330.0,11450.0,178820
202604231130,11460.0,11470.0,11280.0,11280.0,190328
202604231145,11290.0,11350.0,11210.0,11230.0,129412
202604231200,11210.0,11230.0,11110.0,11150.0,231002
202604231215,11140.0,11190.0,11110.0,11130.0,146396
202604231230,11130.0,11170.0,11060.0,11140.0,174949
202604231245,11150.0,11200.0,11130.0,11190.0,73058
202604231300,11180.0,11190.0,11130.0,11170.0,57427
202604231315,11170.0,11170.0,11150.0,11160.0,46851
202604231330,11150.0,11270.0,11150.0,11250.0,106632
202604231345,11250.0,11300.0,11240.0,11290.0,61726
202604231400,11290.0,11310.0,11270.0,11280.0,52760
202604231415,11280.0,11290.0,11270.0,11280.0,48101
202604231430,11290.0,11300.0,11280.0,11290.0,73038
202604231445,11290.0,11390.0,11280.0,11340.0,173178
202604231500,11340.0,11350.0,11300.0,11300.0,89876
202604231515,11300.0,11320.0,11290.0,11320.0,74687
202604240900,11260.0,11520.0,11190.0,11220.0,448087
202604240915,11230.0,11270.0,11160.0,11260.0,318780
202604240930,11270.0,11380.0,11240.0,11280.0,169708
202604240945,11280.0,11330.0,11220.0,11330.0,124861
202604241000,11330.0,11380.0,11320.0,11320.0,222306
202604241015,11320.0,11470.0,11280.0,11430.0,251196
202604241030,11450.0,11570.0,11420.0,11540.0,446524
202604241045,11550.0,11600.0,11500.0,11540.0,329206
202604241100,11540.0,11950.0,11520.0,11810.0,1334198
202604241115,11810.0,12240.0,11740.0,12000.0,2237535
202604241130,11990.0,12850.0,11950.0,12810.0,4178518
202604241145,12810.0,13400.0,12680.0,12870.0,6436514
202604241200,12870.0,13580.0,12870.0,13400.0,5974240
202604241215,13400.0,13620.0,13000.0,13470.0,4245567
202604241230,13460.0,13900.0,13420.0,13690.0,4616776
202604241245,13690.0,13750.0,13210.0,13250.0,3370914
202604241300,13250.0,13460.0,13120.0,13255.0,2405703
202604241315,13260.0,13420.0,12950.0,13050.0,2039643
202604241330,13040.0,13230.0,13020.0,13170.0,1150948
202604241345,13170.0,13440.0,13150.0,13270.0,1641284
202604241400,13270.0,13270.0,13110.0,13180.0,832712
202604241415,13180.0,13200.0,13025.0,13130.0,746442
202604241430,13130.0,13230.0,13100.0,13130.0,694943
202604241445,13130.0,13270.0,13090.0,13260.0,730687
202604241500,13260.0,13260.0,13120.0,13200.0,851794
202604241515,13195.0,13250.0,13190.0,13250.0,593331
202604270900,13430.0,13450.0,12510.0,12930.0,3298089
202604270915,12930.0,13250.0,12760.0,13190.0,1328450
202604270930,13190.0,13280.0,13040.0,13190.0,1326105
202604270945,13190.0,13890.0,13170.0,13590.0,5323435
202604271000,13590.0,13640.0,13300.0,13500.0,2283827
202604271015,13500.0,13810.0,13470.0,13660.0,2375173
202604271030,13660.0,14200.0,13490.0,14150.0,3036333
202604271045,14140.0,14220.0,13840.0,13880.0,3124720
202604271100,13880.0,14050.0,13790.0,13860.0,1218856
202604271115,13860.0,13870.0,13650.0,13660.0,987873
202604271130,13660.0,13700.0,13580.0,13670.0,681421
202604271145,13670.0,13680.0,13500.0,13570.0,671223
202604271200,13570.0,13610.0,13410.0,13430.0,638928
202604271215,13440.0,13580.0,13420.0,13530.0,381327
202604271230,13540.0,13570.0,13490.0,13500.0,288053
202604271245,13500.0,13550.0,13440.0,13460.0,390089
202604271300,13460.0,13550.0,13410.0,13530.0,359646
202604271315,13530.0,13560.0,13460.0,13460.0,273431
202604271330,13470.0,13490.0,13410.0,13460.0,400621
202604271345,13470.0,13470.0,13270.0,13290.0,676681
202604271400,13290.0,13350.0,13100.0,13240.0,883774
202604271415,13260.0,13280.0,13200.0,13210.0,327530
202604271430,13210.0,13230.0,13090.0,13150.0,507388
202604271445,13150.0,13190.0,13140.0,13140.0,259723
202604271500,13140.0,13150.0,13100.0,13120.0,472502
202604271515,13120.0,13140.0,13110.0,13120.0,187363
202604280900,13320.0,13330.0,12650.0,12650.0,2101313
202604280915,12660.0,12870.0,12640.0,12690.0,865114
202604280930,12690.0,12930.0,12680.0,12830.0,547832
202604280945,12840.0,12980.0,12830.0,12960.0,337500
202604281000,12970.0,13050.0,12840.0,13010.0,411447
202604281015,13010.0,13200.0,12990.0,13150.0,668229
202604281030,13150.0,13310.0,13070.0,13230.0,820815
202604281045,13230.0,13230.0,12960.0,13000.0,429476
202604281100,12990.0,13010.0,12900.0,12960.0,195816
202604281115,12970.0,13030.0,12930.0,12990.0,146600
202604281130,12980.0,12990.0,12900.0,12900.0,161097
202604281145,12910.0,12910.0,12870.0,12880.0,155337
202604281200,12880.0,12900.0,12850.0,12890.0,136157
202604281215,12890.0,12990.0,12880.0,12980.0,99302
202604281230,12970.0,12980.0,12920.0,12970.0,90918
202604281245,12970.0,13050.0,12960.0,12995.0,130768
202604281300,13000.0,13000.0,12910.0,12960.0,114733
202604281315,12960.0,12960.0,12920.0,12940.0,78545
202604281330,12940.0,13030.0,12930.0,13000.0,111605
202604281345,12990.0,13000.0,12930.0,12930.0,88469
202604281400,12930.0,12970.0,12920.0,12920.0,116853
202604281415,12920.0,12940.0,12870.0,12920.0,158976
202604281430,12920.0,12930.0,12850.0,12850.0,154886
202604281445,12850.0,12890.0,12850.0,12890.0,100587
202604281500,12890.0,12910.0,12790.0,12820.0,311310
202604281515,12820.0,12820.0,12800.0,12800.0,124516
202604290900,12850.0,13490.0,12700.0,13420.0,2300496
202604290915,13420.0,13600.0,12950.0,13010.0,2059287
202604290930,13020.0,13160.0,12810.0,12840.0,782836
202604290945,12840.0,12870.0,12700.0,12870.0,622635
202604291000,12865.0,12970.0,12750.0,12950.0,355757
202604291015,12950.0,12960.0,12890.0,12920.0,171995
202604291030,12915.0,13035.0,12910.0,13010.0,231207
202604291045,13010.0,13020.0,12950.0,12960.0,103530
202604291100,12970.0,12970.0,12880.0,12890.0,142395
202604291115,12890.0,12910.0,12850.0,12850.0,113706
202604291130,12855.0,12860.0,12820.0,12830.0,126145
202604291145,12840.0,12860.0,12810.0,12810.0,75701
202604291200,12820.0,12840.0,12800.0,12820.0,94243
202604291215,12810.0,12850.0,12810.0,12850.0,66022
202604291230,12850.0,12860.0,12800.0,12820.0,121100
202604291245,12820.0,12830.0,12800.0,12820.0,136624
202604291300,12810.0,12870.0,12810.0,12860.0,69665
202604291315,12860.0,12880.0,12800.0,12820.0,138996
202604291330,12820.0,12860.0,12800.0,12830.0,90401
202604291345,12830.0,12860.0,12820.0,12850.0,58830
202604291400,12860.0,12870.0,12840.0,12840.0,79762
202604291415,12850.0,12900.0,12830.0,12860.0,112672
202604291430,12870.0,12880.0,12860.0,12880.0,59400
202604291445,12875.0,12890.0,12850.0,12890.0,120082
202604291500,12880.0,12910.0,12880.0,12900.0,133093
202604291515,12910.0,12920.0,12900.0,12910.0,99570
202604300900,13790.0,13800.0,13200.0,13350.0,2816507
202604300915,13350.0,13350.0,13000.0,13010.0,1124177
202604300930,13010.0,13090.0,12920.0,12930.0,715909
202604300945,12930.0,13020.0,12900.0,13020.0,536513
202604301000,13020.0,13020.0,12850.0,12910.0,451925
202604301015,12910.0,12990.0,12900.0,12930.0,193180
202604301030,12930.0,12930.0,12890.0,12890.0,210511
202604301045,12890.0,12900.0,12850.0,12880.0,212468
202604301100,12880.0,12960.0,12880.0,12920.0,121616
202604301115,12920.0,12930.0,12860.0,12870.0,154219
202604301130,12860.0,12870.0,12830.0,12830.0,187268
202604301145,12830.0,12830.0,12800.0,12810.0,152736
202604301200,12810.0,12820.0,12750.0,12760.0,178619
202604301215,12750.0,12760.0,12700.0,12730.0,167219
202604301230,12740.0,12760.0,12720.0,12760.0,98113
202604301245,12760.0,12760.0,12730.0,12730.0,73439
202604301300,12740.0,12740.0,12700.0,12700.0,122623
202604301315,12710.0,12710.0,12500.0,12510.0,345843
202604301330,12520.0,12520.0,12420.0,12500.0,252329
202604301345,12500.0,12510.0,12440.0,12450.0,127071
202604301400,12450.0,12660.0,12440.0,12570.0,105097
202604301415,12570.0,12640.0,12540.0,12600.0,105100
202604301430,12600.0,12620.0,12590.0,12600.0,56627
202604301445,12600.0,12630.0,12590.0,12620.0,88983
202604301500,12630.0,12690.0,12600.0,12610.0,142220
202604301515,12620.0,12620.0,12610.0,12620.0,79898
202605040900,12850.0,12860.0,12220.0,12310.0,1368170
202605040915,12310.0,12410.0,12230.0,12320.0,715190
202605040930,12340.0,12410.0,12270.0,12350.0,349161
202605040945,12350.0,12470.0,12290.0,12420.0,252096
202605041000,12420.0,12420.0,12340.0,12370.0,221011
202605041015,12370.0,12590.0,12360.0,12560.0,361267
202605041030,12560.0,12570.0,12460.0,12520.0,188680
202605041045,12530.0,12550.0,12490.0,12510.0,112171
202605041100,12510.0,12510.0,12460.0,12460.0,122766
202605041115,12460.0,12470.0,12410.0,12420.0,134671
202605041130,12420.0,12430.0,12400.0,12420.0,102164
202605041145,12410.0,12430.0,12380.0,12400.0,146991
202605041200,12400.0,12440.0,12390.0,12430.0,75454
202605041215,12430.0,12440.0,12410.0,12410.0,58039
202605041230,12410.0,12420.0,12390.0,12400.0,90035
202605041245,12390.0,12430.0,12390.0,12420.0,90380
202605041300,12420.0,12450.0,12410.0,12430.0,82150
202605041315,12425.0,12440.0,12410.0,12430.0,53705
202605041330,12430.0,12490.0,12420.0,12480.0,112816
202605041345,12480.0,12530.0,12460.0,12520.0,111918
202605041400,12520.0,12520.0,12430.0,12470.0,98339
202605041415,12470.0,12500.0,12460.0,12470.0,61272
202605041430,12470.0,12490.0,12460.0,12490.0,67621
202605041445,12490.0,12500.0,12470.0,12490.0,73272
202605041500,12490.0,12530.0,12470.0,12530.0,174952
202605041515,12520.0,12530.0,12500.0,12510.0,106250
202605060900,12450.0,12490.0,12260.0,12270.0,898338
202605060915,12270.0,12270.0,12110.0,12110.0,679876
202605060930,12110.0,12310.0,12110.0,12290.0,431595
202605060945,12280.0,12350.0,12220.0,12310.0,273639
202605061000,12310.0,12480.0,12300.0,12470.0,217098
202605061015,12470.0,12530.0,12300.0,12300.0,271376
202605061030,12310.0,12380.0,12300.0,12360.0,130645
202605061045,12360.0,12360.0,12300.0,12320.0,107939
202605061100,12320.0,12350.0,12280.0,12300.0,122043
202605061115,12290.0,12330.0,12280.0,12320.0,81909
202605061130,12320.0,12320.0,12280.0,12280.0,74614
202605061145,12280.0,12380.0,12280.0,12370.0,94806
202605061200,12360.0,12400.0,12330.0,12390.0,96559
202605061215,12380.0,12460.0,12340.0,12340.0,155007
202605061230,12340.0,12410.0,12320.0,12400.0,133321
202605061245,12400.0,12440.0,12320.0,12440.0,128773
202605061300,12440.0,12440.0,12340.0,12420.0,89682
202605061315,12430.0,12500.0,12380.0,12390.0,126124
202605061330,12390.0,12390.0,12320.0,12350.0,102268
202605061345,12350.0,12360.0,12320.0,12330.0,74666
202605061400,12330.0,12350.0,12320.0,12330.0,66456
202605061415,12320.0,12350.0,12320.0,12340.0,65464
202605061430,12340.0,12420.0,12330.0,12410.0,110092
202605061445,12410.0,12420.0,12370.0,12390.0,77774
202605061500,12390.0,12500.0,12390.0,12470.0,201004
202605061515,12480.0,12480.0,12430.0,12460.0,103017
202605070900,12290.0,12460.0,12150.0,12350.0,688039
202605070915,12350.0,12510.0,12180.0,12190.0,524121
202605070930,12190.0,12230.0,12160.0,12160.0,274429
202605070945,12170.0,12200.0,12070.0,12080.0,424964
202605071000,12080.0,12100.0,12010.0,12070.0,317778
202605071015,12075.0,12080.0,12030.0,12060.0,164554
202605071030,12060.0,12110.0,12030.0,12110.0,121463
202605071045,12110.0,12110.0,12070.0,12080.0,78048
202605071100,12070.0,12080.0,12040.0,12050.0,87794
202605071115,12045.0,12060.0,12020.0,12060.0,123634
202605071130,12050.0,12060.0,12020.0,12030.0,65800
202605071145,12030.0,12060.0,12020.0,12055.0,62487
202605071200,12055.0,12055.0,12010.0,12020.0,111862
202605071215,12020.0,12020.0,12000.0,12020.0,136639
202605071230,12020.0,12050.0,12010.0,12040.0,69201
202605071245,12030.0,12060.0,12020.0,12050.0,60298
202605071300,12050.0,12100.0,12020.0,12060.0,85694
202605071315,12070.0,12100.0,12030.0,12080.0,66343
202605071330,12085.0,12200.0,12080.0,12180.0,120485
202605071345,12190.0,12220.0,12110.0,12110.0,73991
202605071400,12120.0,12130.0,12075.0,12090.0,70459
202605071415,12100.0,12100.0,12020.0,12050.0,90597
202605071430,12050.0,12060.0,12030.0,12050.0,87329
202605071445,12050.0,12070.0,12040.0,12050.0,68102
202605071500,12050.0,12050.0,12000.0,12000.0,187228
202605071515,12010.0,12010.0,12000.0,12000.0,179688
202605080900,12540.0,13180.0,12370.0,12930.0,5244073
202605080915,12920.0,13480.0,12840.0,13410.0,4687629
202605080930,13400.0,13680.0,13000.0,13050.0,4808297
202605080945,13050.0,13280.0,13020.0,13160.0,1521958
202605081000,13140.0,13150.0,12770.0,13080.0,1643950
202605081015,13080.0,13280.0,12890.0,13200.0,1085337
202605081030,13200.0,13400.0,13150.0,13160.0,1469707
202605081045,13180.0,13190.0,12980.0,13080.0,727699
202605081100,13080.0,13090.0,12970.0,13010.0,598797
202605081115,13010.0,13270.0,12980.0,13230.0,734867
202605081130,13230.0,13250.0,13050.0,13070.0,436165
202605081145,13065.0,13230.0,13040.0,13050.0,400282
202605081200,13050.0,13170.0,13010.0,13140.0,306001
202605081215,13130.0,13140.0,13060.0,13080.0,181258
202605081230,13080.0,13150.0,13080.0,13140.0,175579
202605081245,13135.0,13140.0,12860.0,12880.0,563368
202605081300,12880.0,12990.0,12880.0,12930.0,259690
202605081315,12920.0,13060.0,12900.0,13050.0,274203
202605081330,13050.0,13070.0,12970.0,12980.0,217107
202605081345,12990.0,13100.0,12920.0,13080.0,304139
202605081400,13090.0,13090.0,12900.0,12910.0,322418
202605081415,12910.0,12910.0,12720.0,12760.0,542370
202605081430,12760.0,12810.0,12670.0,12780.0,392375
202605081445,12790.0,12850.0,12760.0,12800.0,226736
202605081500,12800.0,12820.0,12770.0,12790.0,281967
202605081515,12790.0,12810.0,12780.0,12790.0,226546
202605110900,12500.0,12510.0,12110.0,12250.0,1321325
202605110915,12260.0,12370.0,12220.0,12290.0,510280
202605110930,12290.0,12300.0,12150.0,12200.0,586109
202605110945,12200.0,12210.0,12110.0,12140.0,484992
202605111000,12140.0,12220.0,12100.0,12210.0,335656
202605111015,12200.0,12290.0,12200.0,12250.0,213847
202605111030,12260.0,12280.0,12220.0,12230.0,173994
202605111045,12230.0,12240.0,12200.0,12210.0,137825
202605111100,12210.0,12230.0,12170.0,12180.0,149743
202605111115,12180.0,12210.0,12150.0,12210.0,144867
202605111130,12210.0,12250.0,12180.0,12190.0,121387
202605111145,12190.0,12320.0,12170.0,12320.0,217272
202605111200,12320.0,12430.0,12300.0,12410.0,234175
202605111215,12410.0,12590.0,12400.0,12510.0,390286
202605111230,12510.0,12560.0,12430.0,12440.0,207693
202605111245,12440.0,12510.0,12420.0,12490.0,147235
202605111300,12500.0,12620.0,12500.0,12540.0,335995
202605111315,12550.0,12630.0,12510.0,12530.0,220506
202605111330,12520.0,12600.0,12460.0,12480.0,208858
202605111345,12470.0,12570.0,12470.0,12510.0,210601
202605111400,12500.0,12510.0,12370.0,12380.0,253614
202605111415,12380.0,12390.0,12310.0,12310.0,167431
202605111430,12320.0,12400.0,12250.0,12260.0,200159
202605111445,12270.0,12290.0,12250.0,12270.0,145788
202605111500,12270.0,12270.0,12220.0,12230.0,202622
202605111515,12230.0,12330.0,12210.0,12330.0,151345
202605120900,12420.0,13590.0,12280.0,13540.0,5088344
202605120915,13540.0,14190.0,13470.0,13880.0,8943026
202605120930,13880.0,14290.0,13750.0,13880.0,7005966
202605120945,13890.0,14100.0,13350.0,13390.0,4145441
202605121000,13390.0,13460.0,13110.0,13330.0,2379581
202605121015,13330.0,13340.0,12650.0,12670.0,2403143
202605121030,12660.0,12730.0,11130.0,12490.0,2347917
202605121045,12520.0,12820.0,12330.0,12470.0,2187165
202605121100,12480.0,13000.0,12450.0,12815.0,1458609
202605121115,12815.0,13190.0,12700.0,12930.0,1361354
202605121130,12930.0,12950.0,12710.0,12930.0,579406
202605121145,12940.0,13160.0,12930.0,13110.0,740019
202605121200,13110.0,13120.0,12870.0,12870.0,451546
202605121215,12870.0,13060.0,12840.0,13050.0,314942
202605121230,13050.0,13120.0,12970.0,13050.0,411487
202605121245,13040.0,13050.0,12860.0,12870.0,372549
202605121300,12870.0,13030.0,12850.0,12880.0,290674
202605121315,12910.0,12910.0,12750.0,12790.0,268499
202605121330,12790.0,12870.0,12680.0,12730.0,340466
202605121345,12730.0,12740.0,12630.0,12680.0,332462
202605121400,12680.0,12820.0,12620.0,12650.0,261203
202605121415,12650.0,12870.0,12560.0,12850.0,357227
202605121430,12850.0,12900.0,12770.0,12900.0,261067
202605121445,12900.0,12970.0,12850.0,12940.0,366604
202605121500,12940.0,13050.0,12860.0,12960.0,513010
202605121515,12950.0,12970.0,12940.0,12970.0,249518
202605130900,12650.0,13440.0,12410.0,12670.0,2357056
202605130915,12670.0,13160.0,12580.0,12870.0,971886
202605130930,12870.0,12990.0,12650.0,12740.0,602852
202605130945,12730.0,12780.0,12650.0,12710.0,307564
202605131000,12720.0,12790.0,12560.0,12580.0,427371
202605131015,12580.0,12850.0,12550.0,12770.0,359418
202605131030,12770.0,12775.0,12640.0,12650.0,284515
202605131045,12660.0,12730.0,12630.0,12710.0,227508
202605131100,12700.0,12810.0,12640.0,12780.0,203789
202605131115,12780.0,12930.0,12740.0,12880.0,232369
202605131130,12890.0,12940.0,12760.0,12790.0,169358
202605131145,12800.0,12830.0,12710.0,12720.0,167838
202605131200,12720.0,12820.0,12680.0,12780.0,140516
202605131215,12780.0,12820.0,12750.0,12760.0,94291
202605131230,12760.0,12860.0,12750.0,12850.0,118215
202605131245,12840.0,12860.0,12750.0,12750.0,114773
202605131300,12750.0,12760.0,12680.0,12720.0,186810
202605131315,12720.0,12750.0,12690.0,12710.0,84168
202605131330,12700.0,12790.0,12680.0,12780.0,122527
202605131345,12770.0,12780.0,12710.0,12710.0,100625
202605131400,12720.0,12740.0,12700.0,12720.0,78996
202605131415,12720.0,12770.0,12680.0,12730.0,116454
202605131430,12740.0,12740.0,12690.0,12700.0,85554
202605131445,12720.0,12720.0,12700.0,12720.0,103486
202605131500,12710.0,12740.0,12700.0,12720.0,204558
202605131515,12720.0,12760.0,12720.0,12760.0,111693
202605140900,13250.0,13300.0,12610.0,13110.0,1636055
202605140915,13120.0,13130.0,12720.0,12870.0,628848
202605140930,12870.0,13270.0,12810.0,12960.0,1183258
202605140945,12960.0,13020.0,12820.0,12830.0,393404
202605141000,12840.0,12840.0,12500.0,12510.0,898648
202605141015,12510.0,12590.0,12420.0,12570.0,376660
202605141030,12570.0,12580.0,12460.0,12460.0,202116
202605141045,12470.0,12470.0,12320.0,12320.0,418101
202605141100,12320.0,12530.0,12310.0,12510.0,174072
202605141115,12500.0,12640.0,12500.0,12560.0,262018
202605141130,12570.0,12660.0,12510.0,12510.0,117063
202605141145,12510.0,12530.0,12440.0,12480.0,123276
202605141200,12480.0,12530.0,12440.0,12520.0,62176
202605141215,12530.0,12530.0,12470.0,12490.0,61263
202605141230,12500.0,12520.0,12460.0,12470.0,56463
202605141245,12470.0,12480.0,12450.0,12450.0,53564
202605141300,12450.0,12490.0,12420.0,12430.0,112189
202605141315,12430.0,12560.0,12430.0,12520.0,114750
202605141330,12520.0,12590.0,12520.0,12560.0,77951
202605141345,12570.0,12570.0,12530.0,12540.0,44484
202605141400,12540.0,12540.0,12490.0,12490.0,74481
202605141415,12500.0,12510.0,12460.0,12500.0,76126
202605141430,12490.0,12530.0,12450.0,12520.0,99231
202605141445,12510.0,12630.0,12500.0,12620.0,127382
202605141500,12620.0,12650.0,12610.0,12640.0,164978
202605141515,12650.0,12650.0,12610.0,12630.0,89806
202605150900,12950.0,13890.0,12880.0,13520.0,6473849
202605150915,13520.0,14120.0,13440.0,13735.0,5469371
202605150930,13730.0,14470.0,13700.0,14190.0,7596391
202605150945,14180.0,14690.0,14130.0,14500.0,8067863
202605151000,14500.0,14600.0,14150.0,14310.0,3955422
202605151015,14310.0,14400.0,13760.0,13790.0,2759630
202605151030,13780.0,14090.0,13580.0,13940.0,2471634
202605151045,13940.0,14000.0,13580.0,13760.0,1460339
202605151100,13760.0,13790.0,13330.0,13450.0,1824767
202605151115,13450.0,13600.0,13310.0,13500.0,1099235
202605151130,13500.0,13690.0,13480.0,13650.0,775462
202605151145,13640.0,13720.0,13360.0,13420.0,676207
202605151200,13410.0,13440.0,13310.0,13330.0,522600
202605151215,13330.0,13380.0,13230.0,13270.0,563519
202605151230,13280.0,13400.0,13210.0,13320.0,408582
202605151245,13320.0,13510.0,13310.0,13390.0,434940
202605151300,13400.0,13450.0,13250.0,13260.0,362100
202605151315,13250.0,13260.0,13000.0,13040.0,788803
202605151330,13040.0,13200.0,13030.0,13100.0,397844
202605151345,13100.0,13170.0,12950.0,12970.0,604178
202605151400,12960.0,13160.0,12920.0,13150.0,428293
202605151415,13150.0,13180.0,12950.0,12970.0,399828
202605151430,12980.0,13010.0,12840.0,12840.0,661448
202605151445,12840.0,12920.0,12710.0,12750.0,853776
202605151500,12750.0,13050.0,12630.0,13040.0,966984
202605151515,13040.0,13120.0,12900.0,13120.0,422712
202605180900,13410.0,13450.0,12440.0,12450.0,2551975
202605180915,12450.0,12580.0,12310.0,12480.0,994353
202605180930,12480.0,12490.0,12010.0,12100.0,1066368
202605180945,12090.0,12250.0,11950.0,12250.0,650446
202605181000,12250.0,12300.0,12060.0,12140.0,503973
202605181015,12140.0,12380.0,12030.0,12350.0,370005
202605181030,12360.0,12590.0,12300.0,12380.0,342786
202605181045,12370.0,12430.0,12260.0,12280.0,298304
202605181100,12280.0,12450.0,12260.0,12410.0,174204
202605181115,12410.0,12540.0,12390.0,12500.0,199419
202605181130,12500.0,12530.0,12380.0,12410.0,175389
202605181145,12410.0,12530.0,12360.0,12400.0,154196
202605181200,12390.0,12450.0,12370.0,12410.0,79146
202605181215,12410.0,12450.0,12370.0,12445.0,90216
202605181230,12440.0,12570.0,12400.0,12500.0,161039
202605181245,12500.0,12580.0,12500.0,12550.0,92447
202605181300,12550.0,12590.0,12460.0,12510.0,125805
202605181315,12510.0,12550.0,12360.0,12380.0,209213
202605181330,12380.0,12400.0,12320.0,12350.0,147030
202605181345,12350.0,12370.0,12320.0,12340.0,104489
202605181400,12350.0,12410.0,12320.0,12330.0,103808
202605181415,12330.0,12380.0,12260.0,12370.0,165404
202605181430,12360.0,12405.0,12320.0,12370.0,85086
202605181445,12370.0,12530.0,12350.0,12460.0,140406
202605181500,12480.0,12520.0,12430.0,12510.0,155665
202605181515,12520.0,12540.0,12510.0,12520.0,116172
202605190900,12180.0,12310.0,11600.0,11640.0,1361822
202605190915,11650.0,11950.0,11630.0,11810.0,506499
202605190930,11805.0,11900.0,11580.0,11600.0,555673
202605190945,11590.0,11610.0,11500.0,11530.0,416827
202605191000,11530.0,11590.0,11500.0,11520.0,363280
202605191015,11520.0,11530.0,11360.0,11400.0,477233
202605191030,11400.0,11490.0,11360.0,11420.0,265522
202605191045,11420.0,11430.0,11310.0,11330.0,223480
202605191100,11340.0,11350.0,11280.0,11320.0,216788
202605191115,11320.0,11370.0,11290.0,11330.0,122228
202605191130,11330.0,11400.0,11290.0,11390.0,106707
202605191145,11380.0,11410.0,11340.0,11370.0,64081
202605191200,11370.0,11430.0,11330.0,11410.0,83061
202605191215,11420.0,11450.0,11370.0,11450.0,82465
202605191230,11450.0,11480.0,11380.0,11380.0,92515
202605191245,11390.0,11420.0,11360.0,11390.0,90791
202605191300,11390.0,11390.0,11340.0,11350.0,88164
202605191315,11350.0,11350.0,11300.0,11310.0,95882
202605191330,11310.0,11360.0,11310.0,11350.0,82976
202605191345,11350.0,11420.0,11330.0,11420.0,60640
202605191400,11420.0,11470.0,11380.0,11430.0,75504
202605191415,11430.0,11480.0,11380.0,11480.0,76010
202605191430,11480.0,11560.0,11430.0,11510.0,116650
202605191445,11510.0,11550.0,11460.0,11540.0,80953
202605191500,11530.0,11550.0,11480.0,11500.0,111428
202605191515,11490.0,11510.0,11490.0,11500.0,74904
202605200900,11530.0,11610.0,11000.0,11010.0,709524
202605200915,11000.0,11120.0,10800.0,11100.0,602745
202605200930,11120.0,11160.0,10760.0,10800.0,424786
202605200945,10800.0,10940.0,10750.0,10850.0,295808
202605201000,10850.0,11040.0,10780.0,11020.0,195416
202605201015,11020.0,11040.0,10790.0,10790.0,157857
202605201030,10800.0,10850.0,10770.0,10840.0,195890
202605201045,10840.0,10910.0,10770.0,10880.0,136984
202605201100,10880.0,10970.0,10810.0,10950.0,106584
202605201115,10950.0,11000.0,10810.0,10810.0,132607
202605201130,10820.0,10820.0,10610.0,10630.0,392312
202605201145,10650.0,10730.0,10610.0,10670.0,129845
202605201200,10670.0,10700.0,10610.0,10630.0,117040
202605201215,10630.0,10660.0,10600.0,10620.0,137460
202605201230,10620.0,10650.0,10580.0,10630.0,104312
202605201245,10630.0,10700.0,10620.0,10690.0,73469
202605201300,10700.0,10800.0,10690.0,10760.0,98372
202605201315,10770.0,10810.0,10750.0,10780.0,71495
202605201330,10770.0,10840.0,10710.0,10780.0,89131
202605201345,10780.0,10800.0,10730.0,10800.0,77018
202605201400,10760.0,10840.0,10730.0,10760.0,62184
202605201415,10760.0,10800.0,10750.0,10780.0,72440
202605201430,10780.0,10870.0,10740.0,10750.0,128443
202605201445,10740.0,10810.0,10740.0,10800.0,81908
202605201500,10800.0,10820.0,10750.0,10800.0,123855
202605201515,10810.0,10840.0,10780.0,10840.0,92703
202605210900,11380.0,11450.0,11110.0,11390.0,786275
202605210915,11380.0,11550.0,11340.0,11380.0,464549
202605210930,11380.0,11600.0,11360.0,11420.0,462623
202605210945,11420.0,11470.0,11360.0,11370.0,216632
202605211000,11360.0,11450.0,11360.0,11440.0,165058
202605211015,11450.0,11470.0,11400.0,11440.0,134840
202605211030,11440.0,11460.0,11370.0,11380.0,151519
202605211045,11380.0,11410.0,11310.0,11410.0,173257
202605211100,11410.0,11450.0,11370.0,11430.0,110703
202605211115,11430.0,11450.0,11390.0,11440.0,68922
202605211130,11440.0,11530.0,11440.0,11480.0,163481
202605211145,11470.0,11650.0,11460.0,11610.0,176273
202605211200,11610.0,11740.0,11500.0,11510.0,272402
202605211215,11505.0,11510.0,11430.0,11470.0,123147
202605211230,11470.0,11510.0,11450.0,11480.0,77583
202605211245,11470.0,11550.0,11460.0,11550.0,72258
202605211300,11540.0,11610.0,11490.0,11590.0,139423
202605211315,11600.0,11630.0,11560.0,11560.0,116604
202605211330,11560.0,11650.0,11550.0,11630.0,152438
202605211345,11630.0,11650.0,11560.0,11570.0,102207
202605211400,11570.0,11650.0,11560.0,11600.0,119950
202605211415,11600.0,11690.0,11600.0,11625.0,163922
202605211430,11625.0,11650.0,11600.0,11650.0,74244
202605211445,11640.0,11690.0,11600.0,11660.0,185936
202605211500,11660.0,11680.0,11610.0,11640.0,127950
202605211515,11630.0,11640.0,11600.0,11620.0,85484
202605220900,11600.0,11830.0,11430.0,11460.0,695942
202605220915,11450.0,11750.0,11450.0,11620.0,408219
202605220930,11620.0,11760.0,11620.0,11750.0,257969
202605220945,11750.0,11820.0,11620.0,11630.0,257697
202605221000,11630.0,11710.0,11570.0,11680.0,219118
202605221015,11680.0,11680.0,11625.0,11630.0,99490
202605221030,11630.0,11660.0,11610.0,11660.0,95904
202605221045,11660.0,11670.0,11570.0,11600.0,165130
202605221100,11590.0,11610.0,11530.0,11540.0,118114
202605221115,11540.0,11590.0,11530.0,11540.0,74909
202605221130,11540.0,11570.0,11530.0,11570.0,65689
202605221145,11570.0,11640.0,11560.0,11630.0,63382
202605221200,11630.0,11650.0,11600.0,11645.0,86716
202605221215,11645.0,11670.0,11620.0,11650.0,93970
202605221230,11640.0,11720.0,11640.0,11720.0,106102
202605221245,11720.0,11740.0,11700.0,11720.0,111183
202605221300,11720.0,11740.0,11710.0,11720.0,83336
202605221315,11730.0,11780.0,11710.0,11760.0,105843
202605221330,11760.0,11850.0,11740.0,11750.0,184178
202605221345,11760.0,11800.0,11750.0,11790.0,63868
202605221400,11790.0,11820.0,11780.0,11790.0,77880
202605221415,11790.0,11790.0,11710.0,11720.0,73191
202605221430,11720.0,11750.0,11710.0,11730.0,65387
202605221445,11740.0,11750.0,11630.0,11630.0,126515
202605221500,11630.0,11680.0,11620.0,11640.0,123765
202605221515,11640.0,11670.0,11630.0,11640.0,91511
202605260900,12070.0,12430.0,11950.0,12260.0,1294997
202605260915,12260.0,12280.0,12140.0,12190.0,464459
202605260930,12190.0,12370.0,12180.0,12200.0,446544
202605260945,12195.0,12250.0,12050.0,12075.0,303449
202605261000,12075.0,12100.0,11880.0,12000.0,332417
202605261015,12000.0,12030.0,11880.0,11890.0,243581
202605261030,11890.0,11890.0,11750.0,11840.0,366480
202605261045,11840.0,11890.0,11820.0,11880.0,119184
202605261100,11880.0,11880.0,11830.0,11850.0,142595
202605261115,11840.0,11850.0,11820.0,11820.0,90421
202605261130,11830.0,11850.0,11820.0,11840.0,77109
202605261145,11840.0,11850.0,11780.0,11810.0,142171
202605261200,11810.0,11860.0,11800.0,11860.0,64588
202605261215,11850.0,11940.0,11850.0,11900.0,109830
202605261230,11910.0,11940.0,11880.0,11900.0,95894
202605261245,11880.0,11910.0,11860.0,11890.0,73182
202605261300,11890.0,11900.0,11870.0,11880.0,70070
202605261315,11880.0,11900.0,11870.0,11880.0,59278
202605261330,11880.0,11900.0,11830.0,11850.0,83423
202605261345,11850.0,11860.0,11820.0,11850.0,78660
202605261400,11850.0,11850.0,11780.0,11820.0,122823
202605261415,11820.0,11840.0,11810.0,11820.0,52315
202605261430,11820.0,11820.0,11780.0,11800.0,72337
202605261445,11800.0,11810.0,11790.0,11790.0,83191
202605261500,11800.0,11800.0,11770.0,11780.0,85985
202605261515,11780.0,11810.0,11760.0,11810.0,74268
202605270900,11470.0,11760.0,11270.0,11290.0,1006151
202605270915,11290.0,11330.0,11130.0,11280.0,644062
202605270930,11280.0,11290.0,11140.0,11160.0,378262
202605270945,11160.0,11170.0,11120.0,11160.0,291309
202605271000,11160.0,11200.0,11120.0,11170.0,248119
202605271015,11175.0,11230.0,11040.0,11060.0,484611
202605271030,11060.0,11060.0,10910.0,10940.0,481432
202605271045,10940.0,11020.0,10930.0,10970.0,240530
202605271100,10970.0,10980.0,10920.0,10940.0,215438
202605271115,10940.0,10960.0,10930.0,10950.0,141391
202605271130,10950.0,10960.0,10810.0,10850.0,482796
202605271145,10840.0,10900.0,10840.0,10880.0,114715
202605271200,10880.0,10920.0,10850.0,10900.0,140043
202605271215,10900.0,10920.0,10900.0,10920.0,71722
202605271230,10920.0,10930.0,10880.0,10910.0,109495
202605271245,10910.0,10920.0,10860.0,10860.0,135200
202605271300,10870.0,10960.0,10860.0,10910.0,98830
202605271315,10900.0,10910.0,10810.0,10840.0,186813
202605271330,10835.0,10910.0,10810.0,10900.0,147010
202605271345,10910.0,10940.0,10850.0,10890.0,72184
202605271400,10890.0,10900.0,10820.0,10840.0,106735
202605271415,10830.0,10930.0,10830.0,10930.0,84438
202605271430,10920.0,10960.0,10860.0,10950.0,136335
202605271445,10950.0,10950.0,10860.0,10930.0,115480
202605271500,10930.0,10970.0,10900.0,10960.0,126508
202605271515,10950.0,10990.0,10950.0,10990.0,75344
202605280900,11190.0,11390.0,10850.0,10880.0,959704
202605280915,10890.0,10890.0,10720.0,10810.0,415990
202605280930,10810.0,10850.0,10740.0,10820.0,185822
202605280945,10840.0,10840.0,10740.0,10770.0,219133
202605281000,10770.0,10980.0,10760.0,10920.0,180937
202605281015,10920.0,10960.0,10780.0,10800.0,131861
202605281030,10800.0,10800.0,10740.0,10740.0,135427
202605281045,10750.0,10770.0,10650.0,10760.0,280926
202605281100,10760.0,10770.0,10650.0,10690.0,86711
202605281115,10700.0,10700.0,10630.0,10650.0,79833
202605281130,10650.0,10650.0,10620.0,10620.0,61598
202605281145,10630.0,10640.0,10560.0,10560.0,155557
202605281200,10560.0,10630.0,10530.0,10630.0,85033
202605281215,10630.0,10650.0,10520.0,10530.0,108720
202605281230,10520.0,10530.0,10400.0,10410.0,254775
202605281245,10430.0,10500.0,10400.0,10440.0,96141
202605281300,10430.0,10440.0,10300.0,10300.0,192010
202605281315,10300.0,10340.0,10260.0,10320.0,214459
202605281330,10320.0,10370.0,10300.0,10370.0,99285
202605281345,10370.0,10370.0,10310.0,10310.0,84137
202605281400,10320.0,10430.0,10300.0,10430.0,94109
202605281415,10420.0,10520.0,10420.0,10510.0,85012
202605281430,10520.0,10550.0,10490.0,10530.0,86953
202605281445,10540.0,10600.0,10530.0,10590.0,63380
202605281500,10590.0,10670.0,10590.0,10660.0,72203
202605281515,10660.0,10710.0,10650.0,10690.0,68814
202605290900,10740.0,10870.0,10250.0,10360.0,709572
202605290915,10390.0,10470.0,10320.0,10370.0,340479
202605290930,10370.0,10410.0,10300.0,10320.0,286184
202605290945,10310.0,10320.0,10200.0,10280.0,356944
202605291000,10280.0,10370.0,10230.0,10320.0,154728
202605291015,10320.0,10370.0,10280.0,10290.0,157238
202605291030,10280.0,10290.0,10220.0,10230.0,151529
202605291045,10220.0,10230.0,10150.0,10210.0,225752
202605291100,10200.0,10230.0,10190.0,10200.0,105570
202605291115,10200.0,10210.0,10150.0,10190.0,174093
202605291130,10200.0,10290.0,10190.0,10265.0,107160
202605291145,10270.0,10280.0,10210.0,10270.0,78133
202605291200,10270.0,10350.0,10260.0,10330.0,80324
202605291215,10330.0,10400.0,10310.0,10310.0,86594
202605291230,10310.0,10410.0,10310.0,10350.0,80483
202605291245,10350.0,10380.0,10320.0,10320.0,89307
202605291300,10320.0,10420.0,10320.0,10390.0,70726
202605291315,10390.0,10390.0,10350.0,10360.0,68134
202605291330,10350.0,10360.0,10330.0,10340.0,82216
202605291345,10330.0,10350.0,10310.0,10320.0,76731
202605291400,10310.0,10340.0,10300.0,10330.0,83694
202605291415,10330.0,10350.0,10320.0,10340.0,50171
202605291430,10350.0,10390.0,10340.0,10350.0,69535
202605291445,10360.0,10370.0,10350.0,10370.0,70455
202605291500,10370.0,10430.0,10370.0,10420.0,136704
202605291515,10420.0,10440.0,10410.0,10440.0,85945
202606010900,11080.0,11800.0,10970.0,11530.0,3881783
202606010915,11530.0,11840.0,11200.0,11650.0,2138793
202606010930,11650.0,11680.0,11230.0,11410.0,927938
202606010945,11420.0,11430.0,11100.0,11230.0,650877
202606011000,11230.0,11560.0,11220.0,11470.0,755473
202606011015,11480.0,11600.0,11400.0,11490.0,570794
202606011030,11490.0,11500.0,11320.0,11360.0,295921
202606011045,11370.0,11480.0,11300.0,11430.0,317508
202606011100,11430.0,11690.0,11430.0,11630.0,567915
202606011115,11630.0,11680.0,11510.0,11530.0,466662
202606011130,11530.0,11560.0,11450.0,11520.0,243843
202606011145,11520.0,11560.0,11420.0,11490.0,244431
202606011200,11490.0,11650.0,11470.0,11600.0,207332
202606011215,11600.0,11650.0,11580.0,11590.0,209177
202606011230,11590.0,11640.0,11550.0,11570.0,185870
202606011245,11580.0,11700.0,11500.0,11530.0,435369
202606011300,11530.0,11600.0,11420.0,11420.0,230736
202606011315,11420.0,11440.0,11280.0,11310.0,302039
202606011330,11310.0,11320.0,11250.0,11270.0,247835
202606011345,11270.0,11280.0,11220.0,11220.0,209797
202606011400,11220.0,11340.0,11180.0,11270.0,280086
202606011415,11260.0,11300.0,11110.0,11110.0,263240
202606011430,11120.0,11150.0,11050.0,11145.0,257601
202606011445,11145.0,11190.0,11100.0,11190.0,155901
202606011500,11190.0,11230.0,11130.0,11180.0,188844
202606011515,11180.0,11200.0,11160.0,11170.0,132587
202606020900,11780.0,11890.0,10600.0,10860.0,2291186
202606020915,10860.0,11040.0,10730.0,10860.0,552774
202606020930,10880.0,11030.0,10660.0,10670.0,527249
202606020945,10670.0,10720.0,10510.0,10660.0,460003
202606021000,10660.0,10780.0,10580.0,10720.0,192318
202606021015,10720.0,10830.0,10680.0,10760.0,166539
202606021030,10760.0,10810.0,10660.0,10690.0,129116
202606021045,10680.0,10710.0,10650.0,10680.0,104368
202606021100,10680.0,10740.0,10640.0,10690.0,133951
202606021115,10710.0,10750.0,10670.0,10740.0,87223
202606021130,10740.0,10810.0,10710.0,10800.0,53361
202606021145,10810.0,10820.0,10720.0,10760.0,60880
202606021200,10760.0,10780.0,10660.0,10660.0,76637
202606021215,10670.0,10680.0,10630.0,10630.0,91865
202606021230,10630.0,10680.0,10610.0,10650.0,78325
202606021245,10650.0,10680.0,10630.0,10670.0,65735
202606021300,10670.0,10730.0,10650.0,10690.0,72573
202606021315,10690.0,10730.0,10680.0,10700.0,43143
202606021330,10710.0,10720.0,10680.0,10680.0,54404
202606021345,10680.0,10730.0,10670.0,10700.0,79120
202606021400,10700.0,10760.0,10680.0,10740.0,58217
202606021415,10740.0,10890.0,10730.0,10830.0,122876
202606021430,10840.0,10880.0,10810.0,10830.0,81180
202606021445,10830.0,11160.0,10820.0,10920.0,323304
202606021500,10920.0,10950.0,10850.0,10910.0,119270
202606021515,10910.0,10960.0,10890.0,10940.0,89761
202606040900,10580.0,10810.0,10480.0,10520.0,544365
202606040915,10520.0,10520.0,10350.0,10350.0,441723
202606040930,10350.0,10420.0,10300.0,10330.0,317971
202606040945,10330.0,10430.0,10320.0,10360.0,164823
202606041000,10370.0,10480.0,10350.0,10360.0,173909
202606041015,10370.0,10460.0,10350.0,10460.0,108788
202606041030,10450.0,10510.0,10420.0,10430.0,126414
202606041045,10420.0,10460.0,10410.0,10450.0,77338
202606041100,10450.0,10490.0,10420.0,10430.0,94368
202606041115,10430.0,10440.0,10410.0,10430.0,54674
202606041130,10440.0,10450.0,10420.0,10420.0,55757
202606041145,10430.0,10470.0,10420.0,10450.0,50313
202606041200,10450.0,10470.0,10420.0,10430.0,71759
202606041215,10420.0,10500.0,10420.0,10475.0,93009
202606041230,10475.0,10480.0,10420.0,10430.0,74310
202606041245,10430.0,10440.0,10400.0,10420.0,101813
202606041300,10420.0,10440.0,10420.0,10430.0,45502
202606041315,10440.0,10460.0,10420.0,10450.0,51892
202606041330,10450.0,10470.0,10420.0,10430.0,53856
202606041345,10430.0,10450.0,10430.0,10450.0,39685
202606041400,10450.0,10450.0,10400.0,10420.0,86161
202606041415,10420.0,10430.0,10410.0,10420.0,39248
202606041430,10420.0,10430.0,10410.0,10420.0,58787
202606041445,10420.0,10420.0,10380.0,10380.0,188062
202606041500,10380.0,10430.0,10380.0,10430.0,122836
202606041515,10430.0,10450.0,10420.0,10440.0,56634
202606050900,10230.0,10340.0,10080.0,10240.0,383381
202606050915,10240.0,10270.0,10150.0,10240.0,259713
202606050930,10230.0,10240.0,10120.0,10150.0,149358
202606050945,10160.0,10220.0,10070.0,10090.0,234432
202606051000,10080.0,10110.0,9880.0,9890.0,353577
202606051015,9890.0,10000.0,9880.0,9970.0,185544
202606051030,9980.0,10120.0,9960.0,10070.0,110479
202606051045,10080.0,10090.0,10000.0,10070.0,91089
202606051100,10060.0,10070.0,10000.0,10020.0,95856
202606051115,10020.0,10060.0,10020.0,10050.0,50870
202606051130,10050.0,10070.0,10020.0,10030.0,62949
202606051145,10030.0,10050.0,9990.0,10010.0,92909
202606051200,10010.0,10050.0,9990.0,10050.0,58461
202606051215,10050.0,10070.0,10020.0,10060.0,41327
202606051230,10060.0,10060.0,10020.0,10040.0,38410
202606051245,10050.0,10050.0,10010.0,10020.0,59119
202606051300,10010.0,10030.0,10010.0,10010.0,44530
202606051315,10010.0,10030.0,10000.0,10010.0,40723
202606051330,10010.0,10050.0,10010.0,10030.0,56261
202606051345,10020.0,10180.0,10010.0,10140.0,92111
202606051400,10140.0,10230.0,10130.0,10190.0,80830
202606051415,10190.0,10270.0,10180.0,10230.0,66332
202606051430,10230.0,10340.0,10220.0,10280.0,79242
202606051445,10280.0,10320.0,10175.0,10200.0,69929
202606051500,10200.0,10230.0,10160.0,10170.0,122794
202606051515,10170.0,10250.0,10160.0,10180.0,64435
202606080900,9260.0,10440.0,9110.0,10440.0,643484
202606080915,10450.0,10740.0,10220.0,10570.0,1336291
202606080930,10560.0,10700.0,10310.0,10360.0,836759
202606080945,10360.0,10450.0,10310.0,10410.0,278324
202606081000,10410.0,10420.0,10030.0,10060.0,323915
202606081015,10050.0,10150.0,9950.0,9980.0,237246
202606081030,9980.0,10050.0,9900.0,10030.0,173529
202606081045,10030.0,10060.0,9980.0,10040.0,96011
202606081100,10040.0,10075.0,9960.0,10070.0,99628
202606081115,10070.0,10240.0,9960.0,10180.0,154236
202606081130,10160.0,10250.0,10110.0,10230.0,112455
202606081145,10230.0,10250.0,10140.0,10200.0,117572
202606081200,10190.0,10240.0,10140.0,10200.0,69501
202606081215,10210.0,10230.0,10180.0,10230.0,68898
202606081230,10220.0,10230.0,10160.0,10210.0,56160
202606081245,10210.0,10220.0,10150.0,10200.0,52854
202606081300,10200.0,10220.0,10180.0,10200.0,47527
202606081315,10200.0,10210.0,10110.0,10130.0,103148
202606081330,10130.0,10130.0,10060.0,10060.0,81613
202606081345,10060.0,10120.0,10020.0,10050.0,123319
202606081400,10030.0,10080.0,9970.0,9970.0,92703
202606081415,9980.0,10050.0,9970.0,10030.0,69437
202606081430,10040.0,10050.0,10020.0,10040.0,18129
202606081500,10040.0,10040.0,9960.0,9990.0,217178
202606081515,9990.0,10000.0,9950.0,9970.0,89204
202606090900,10400.0,10600.0,10210.0,10340.0,611969
202606090915,10340.0,10650.0,10280.0,10290.0,528797
202606090930,10280.0,10400.0,10170.0,10260.0,189767
202606090945,10260.0,10420.0,10260.0,10350.0,131875
202606091000,10360.0,10360.0,10230.0,10230.0,116410
202606091015,10230.0,10435.0,10190.0,10400.0,182726
202606091030,10400.0,10420.0,10310.0,10360.0,73405
202606091045,10360.0,10480.0,10330.0,10440.0,117915
202606091100,10440.0,10440.0,10390.0,10430.0,60566
202606091115,10430.0,10460.0,10370.0,10390.0,69992
202606091130,10390.0,10420.0,10370.0,10410.0,42582
202606091145,10410.0,10420.0,10360.0,10370.0,37411
202606091200,10380.0,10380.0,10360.0,10380.0,35147
202606091215,10380.0,10430.0,10370.0,10420.0,44330
202606091230,10410.0,10420.0,10370.0,10390.0,38281
202606091245,10400.0,10430.0,10390.0,10430.0,34315
202606091300,10430.0,10450.0,10390.0,10450.0,64354
202606091315,10440.0,10500.0,10440.0,10490.0,69061
202606091330,10500.0,10550.0,10490.0,10490.0,106780
202606091345,10490.0,10540.0,10470.0,10540.0,74506
202606091400,10530.0,10580.0,10520.0,10570.0,82803
202606091415,10570.0,10590.0,10530.0,10530.0,77643
202606091430,10540.0,10690.0,10530.0,10680.0,170462
202606091445,10680.0,10690.0,10600.0,10640.0,97773
202606091500,10630.0,10690.0,10630.0,10680.0,131002
202606091515,10670.0,10700.0,10670.0,10680.0,74652
202606100900,10560.0,11130.0,10490.0,10820.0,763298
202606100915,10810.0,11150.0,10700.0,11090.0,557412
202606100930,11085.0,11190.0,11040.0,11040.0,640295
202606100945,11040.0,11050.0,10700.0,10860.0,295310
202606101000,10870.0,11060.0,10840.0,10860.0,200992
202606101015,10860.0,10880.0,10710.0,10770.0,136159
202606101030,10770.0,10950.0,10760.0,10935.0,92134
202606101045,10930.0,10940.0,10840.0,10850.0,58690
202606101100,10840.0,10850.0,10790.0,10810.0,77878
202606101115,10800.0,10900.0,10780.0,10900.0,73391
202606101130,10900.0,11000.0,10770.0,10810.0,99807
202606101145,10810.0,10850.0,10740.0,10750.0,64559
202606101200,10740.0,10780.0,10680.0,10780.0,83649
202606101215,10780.0,10790.0,10710.0,10730.0,43186
202606101230,10710.0,10750.0,10670.0,10680.0,53186
202606101245,10680.0,10680.0,10620.0,10630.0,89828
202606101300,10630.0,10650.0,10500.0,10530.0,107117
202606101315,10540.0,10630.0,10530.0,10540.0,70817
202606101330,10540.0,10540.0,10430.0,10460.0,107603
202606101345,10470.0,10570.0,10450.0,10470.0,71629
202606101400,10470.0,10500.0,10360.0,10360.0,103120
202606101415,10350.0,10495.0,10300.0,10460.0,125813
202606101430,10480.0,10480.0,10300.0,10300.0,73355
202606101445,10310.0,10370.0,10250.0,10360.0,89891
202606101500,10360.0,10460.0,10340.0,10460.0,95553
202606101515,10460.0,10470.0,10420.0,10460.0,68809
202606110900,10190.0,10190.0,9670.0,9770.0,546502
202606110915,9780.0,9810.0,9670.0,9750.0,268096
202606110930,9740.0,9805.0,9670.0,9740.0,114923
202606110945,9740.0,9910.0,9720.0,9880.0,126477
202606111000,9870.0,9950.0,9840.0,9900.0,112466
202606111015,9910.0,9920.0,9820.0,9890.0,117079
202606111030,9890.0,9890.0,9820.0,9830.0,107262
202606111045,9840.0,9840.0,9620.0,9640.0,359134
202606111100,9640.0,9690.0,9630.0,9670.0,85950
202606111115,9660.0,9790.0,9630.0,9790.0,124262
202606111130,9775.0,10230.0,9730.0,10190.0,333951
202606111145,10190.0,10750.0,10180.0,10720.0,515014
202606111200,10730.0,11070.0,10680.0,10980.0,768486
202606111215,10970.0,11120.0,10910.0,11020.0,437530
202606111230,11010.0,11100.0,10650.0,11030.0,483706
202606111245,11030.0,11080.0,10950.0,11070.0,353741
202606111300,11070.0,11150.0,10980.0,10990.0,404008
202606111315,10990.0,11160.0,10900.0,11160.0,319514
202606111330,11170.0,11300.0,11170.0,11240.0,486770
202606111345,11240.0,11300.0,10940.0,10940.0,362309
202606111400,10940.0,11250.0,10700.0,11240.0,387254
202606111415,11250.0,11860.0,11250.0,11620.0,1626781
202606111430,11650.0,11800.0,11590.0,11710.0,775461
202606111445,11720.0,11800.0,11680.0,11730.0,758628
202606111500,11720.0,11800.0,11690.0,11770.0,693287
202606111515,11770.0,11780.0,11540.0,11540.0,1929331
202606120900,11880.0,11930.0,11310.0,11490.0,1137850
202606120915,11490.0,11700.0,11340.0,11570.0,616248
202606120930,11580.0,11830.0,11570.0,11820.0,521189
202606120945,11830.0,11900.0,11620.0,11660.0,433644
202606121000,11670.0,11780.0,11580.0,11590.0,297850
202606121015,11590.0,11780.0,11570.0,11720.0,269342
202606121030,11720.0,12170.0,11710.0,12030.0,1202297
202606121045,12030.0,12060.0,11940.0,12000.0,289062
202606121100,12000.0,12240.0,11990.0,12210.0,602700
202606121115,12210.0,12400.0,12170.0,12370.0,605644
202606121130,12370.0,12430.0,12070.0,12100.0,682279
202606121145,12090.0,12100.0,12000.0,12000.0,328007
202606121200,12010.0,12050.0,11970.0,12030.0,192508
202606121215,12030.0,12050.0,12000.0,12000.0,157078
202606121230,12010.0,12060.0,11990.0,12000.0,137815
202606121245,12010.0,12050.0,11980.0,12000.0,141467
202606121300,12000.0,12050.0,11980.0,12020.0,142655
202606121315,12020.0,12120.0,12010.0,12120.0,192115
202606121330,12120.0,12240.0,12110.0,12170.0,222661
202606121345,12180.0,12330.0,12170.0,12320.0,362504
202606121400,12320.0,12400.0,12230.0,12370.0,473543
202606121415,12370.0,12400.0,12160.0,12180.0,341431
202606121430,12170.0,12170.0,11750.0,11860.0,455114
202606121445,11860.0,11880.0,11620.0,11680.0,335148
202606121500,11670.0,11800.0,11640.0,11750.0,211143
202606121515,11750.0,11750.0,11710.0,11730.0,156614
202606150900,12020.0,12020.0,11200.0,11270.0,1209607
202606150915,11290.0,11370.0,11060.0,11160.0,630289
202606150930,11160.0,11210.0,11000.0,11010.0,620297
202606150945,11010.0,11210.0,11000.0,11170.0,286311
202606151000,11170.0,11170.0,11110.0,11130.0,165632
202606151015,11130.0,11140.0,11040.0,11130.0,185975
202606151030,11130.0,11140.0,11080.0,11120.0,90360
202606151045,11120.0,11300.0,11110.0,11240.0,184187
202606151100,11240.0,11270.0,11160.0,11200.0,103675
202606151115,11210.0,11280.0,11200.0,11270.0,79062
202606151130,11270.0,11280.0,11200.0,11220.0,87128
202606151145,11220.0,11270.0,11190.0,11270.0,75999
202606151200,11260.0,11310.0,11220.0,11230.0,94907
202606151215,11230.0,11230.0,11190.0,11210.0,63774
202606151230,11210.0,11210.0,11190.0,11200.0,53998
202606151245,11200.0,11250.0,11190.0,11220.0,62129
202606151300,11220.0,11230.0,11190.0,11210.0,69754
202606151315,11210.0,11260.0,11200.0,11260.0,73904
202606151330,11260.0,11260.0,11210.0,11220.0,73036
202606151345,11220.0,11280.0,11210.0,11280.0,67933
202606151400,11280.0,11280.0,11250.0,11260.0,58102
202606151415,11260.0,11300.0,11250.0,11270.0,81907
202606151430,11260.0,11270.0,11210.0,11220.0,71022
202606151445,11230.0,11250.0,11210.0,11230.0,86333
202606151500,11230.0,11260.0,11220.0,11260.0,78738
202606151515,11250.0,11260.0,11230.0,11250.0,102146
202606160900,11240.0,11240.0,11010.0,11050.0,439826
202606160915,11040.0,11250.0,11030.0,11100.0,301482
202606160930,11110.0,11130.0,11000.0,11010.0,347167
202606160945,11005.0,11070.0,10910.0,11050.0,288664
202606161000,11050.0,11050.0,10910.0,10930.0,143672
202606161015,10940.0,10970.0,10930.0,10960.0,58441
202606161030,10960.0,10960.0,10920.0,10920.0,66772
202606161045,10930.0,10960.0,10920.0,10950.0,55673
202606161100,10940.0,10950.0,10920.0,10930.0,48188
202606161115,10930.0,10980.0,10920.0,10950.0,55140
202606161130,10950.0,10960.0,10930.0,10950.0,34043
202606161145,10950.0,10950.0,10920.0,10920.0,48881
202606161200,10930.0,10940.0,10920.0,10930.0,57327
202606161215,10930.0,10970.0,10920.0,10950.0,30856
202606161230,10950.0,10970.0,10930.0,10940.0,39219
202606161245,10940.0,10960.0,10930.0,10940.0,34699
202606161300,10940.0,10960.0,10930.0,10955.0,43310
202606161315,10950.0,10980.0,10930.0,10950.0,59919
202606161330,10950.0,11000.0,10940.0,10990.0,49669
202606161345,10990.0,11020.0,10990.0,11010.0,56308
202606161400,11010.0,11010.0,10940.0,10960.0,55553
202606161415,10960.0,10970.0,10950.0,10970.0,24621
202606161430,10960.0,10970.0,10930.0,10940.0,68905
202606161445,10930.0,10960.0,10930.0,10960.0,45974
202606161500,10950.0,11020.0,10950.0,11000.0,62728
202606161515,11010.0,11020.0,11000.0,11000.0,63723
202606170900,10910.0,10950.0,10810.0,10820.0,175898
202606170915,10820.0,11000.0,10760.0,10980.0,171107
202606170930,10980.0,10990.0,10840.0,10840.0,74952
202606170945,10840.0,10860.0,10790.0,10840.0,86181
202606171000,10840.0,10870.0,10840.0,10860.0,28764
202606171015,10860.0,10900.0,10810.0,10830.0,65654
202606171030,10840.0,10860.0,10820.0,10840.0,35998
202606171045,10840.0,10930.0,10830.0,10910.0,61963
202606171100,10910.0,10930.0,10870.0,10920.0,40129
202606171115,10920.0,11000.0,10900.0,10990.0,65375
202606171130,10995.0,11060.0,10990.0,11020.0,68122
202606171145,11020.0,11040.0,10980.0,10990.0,47519
202606171200,10990.0,10990.0,10950.0,10960.0,41172
202606171215,10960.0,10970.0,10900.0,10900.0,24934
202606171230,10900.0,10980.0,10900.0,10960.0,20934
202606171245,10960.0,11020.0,10950.0,11020.0,35576
202606171300,11020.0,11020.0,10930.0,10970.0,28969
202606171315,10970.0,10970.0,10900.0,10950.0,39282
202606171330,10960.0,10960.0,10930.0,10940.0,28507
202606171345,10950.0,10950.0,10920.0,10940.0,25467
202606171400,10950.0,10960.0,10910.0,10960.0,40569
202606171415,10950.0,10960.0,10890.0,10940.0,84978
202606171430,10940.0,11030.0,10930.0,11000.0,67662
202606171445,11000.0,11020.0,10990.0,11010.0,55183
202606171500,11000.0,11010.0,10970.0,10970.0,48587
202606171515,10970.0,10990.0,10960.0,10970.0,42835
202606180900,11000.0,11000.0,10590.0,10600.0,317988
202606180915,10600.0,10690.0,10570.0,10600.0,152609
202606180930,10600.0,10620.0,10540.0,10570.0,129564
202606180945,10570.0,10570.0,10510.0,10520.0,144755
202606181000,10520.0,10570.0,10510.0,10540.0,60364
202606181015,10540.0,10550.0,10500.0,10510.0,116642
202606181030,10510.0,10520.0,10480.0,10490.0,79764
202606181045,10490.0,10510.0,10460.0,10480.0,67853
202606181100,10475.0,10530.0,10460.0,10530.0,57294
202606181115,10520.0,10540.0,10480.0,10490.0,44040
202606181130,10500.0,10500.0,10470.0,10480.0,27945
202606181145,10480.0,10480.0,10460.0,10470.0,32537
202606181200,10480.0,10490.0,10450.0,10480.0,70601
202606181215,10480.0,10500.0,10460.0,10490.0,35985
202606181230,10490.0,10500.0,10460.0,10480.0,27732
202606181245,10480.0,10480.0,10440.0,10460.0,70517
202606181300,10460.0,10480.0,10440.0,10470.0,47292
202606181315,10470.0,10480.0,10450.0,10460.0,44617
202606181330,10450.0,10530.0,10450.0,10530.0,54182
202606181345,10530.0,10540.0,10490.0,10500.0,21309
202606181400,10500.0,10520.0,10470.0,10480.0,23322
202606181415,10480.0,10480.0,10450.0,10460.0,38750
202606181430,10460.0,10470.0,10450.0,10470.0,50820
202606181445,10470.0,10480.0,10410.0,10480.0,291717
202606181500,10480.0,10500.0,10460.0,10470.0,36727
202606181515,10470.0,10480.0,10460.0,10470.0,54532
202606190900,10300.0,10370.0,10080.0,10170.0,330521
202606190915,10175.0,10240.0,10070.0,10120.0,203131
202606190930,10130.0,10140.0,10050.0,10080.0,151067
202606190945,10080.0,10140.0,10060.0,10130.0,110149
202606191000,10130.0,10190.0,10070.0,10090.0,126511
202606191015,10090.0,10090.0,10020.0,10030.0,122517
202606191030,10030.0,10040.0,10000.0,10020.0,133835
202606191045,10010.0,10020.0,9970.0,9990.0,200243
202606191100,9990.0,10000.0,9970.0,9980.0,70327
202606191115,9980.0,9980.0,9950.0,9970.0,91289
202606191130,9980.0,9990.0,9960.0,9960.0,42430
202606191145,9970.0,9990.0,9960.0,9970.0,40700
202606191200,9960.0,9990.0,9960.0,9990.0,55349
202606191215,9990.0,10000.0,9970.0,9970.0,96715
202606191230,9970.0,10000.0,9950.0,9990.0,119572
202606191245,10000.0,10000.0,9940.0,9960.0,187198
202606191300,9955.0,9960.0,9930.0,9940.0,69973
202606191315,9940.0,10000.0,9930.0,9970.0,48843
202606191330,9970.0,9970.0,9910.0,9910.0,67009
202606191345,9920.0,9940.0,9900.0,9940.0,80969
202606191400,9940.0,9970.0,9930.0,9960.0,47461
202606191415,9950.0,9990.0,9940.0,9960.0,30386
202606191430,9950.0,9970.0,9930.0,9960.0,56627
202606191445,9960.0,10020.0,9950.0,10010.0,50445
202606191500,10020.0,10080.0,10010.0,10030.0,68493
202606191515,10020.0,10120.0,10010.0,10120.0,69960
202606220900,9940.0,10180.0,9930.0,9970.0,169686
202606220915,9980.0,10020.0,9930.0,9940.0,100761
202606220930,9930.0,10000.0,9900.0,9930.0,146599
202606220945,9930.0,9940.0,9850.0,9870.0,146336
202606221000,9870.0,9870.0,9670.0,9690.0,225329
202606221015,9690.0,9690.0,9570.0,9610.0,246038
202606221030,9620.0,9640.0,9530.0,9580.0,166150
202606221045,9570.0,9600.0,9550.0,9560.0,81108
202606221100,9550.0,9580.0,9540.0,9550.0,68070
202606221115,9545.0,9550.0,9500.0,9510.0,117893
202606221130,9510.0,9510.0,9450.0,9480.0,105245
202606221145,9480.0,9490.0,9420.0,9460.0,95115
202606221200,9460.0,9470.0,9420.0,9465.0,63487
202606221215,9460.0,9470.0,9410.0,9420.0,60424
202606221230,9420.0,9420.0,9400.0,9410.0,75408
202606221245,9400.0,9430.0,9400.0,9420.0,50133
202606221300,9420.0,9420.0,9400.0,9410.0,39069
202606221315,9400.0,9410.0,9300.0,9320.0,166144
202606221330,9330.0,9370.0,9320.0,9350.0,49446
202606221345,9360.0,9460.0,9340.0,9450.0,54562
202606221400,9460.0,9550.0,9440.0,9520.0,57509
202606221415,9520.0,9550.0,9460.0,9470.0,53079
202606221430,9470.0,9480.0,9430.0,9440.0,34562
202606221445,9440.0,9470.0,9390.0,9460.0,92593
202606221500,9470.0,9600.0,9460.0,9590.0,96501
202606221515,9590.0,9600.0,9580.0,9580.0,42582
202606230900,9430.0,9680.0,9190.0,9190.0,243531
202606230915,9200.0,9200.0,9100.0,9150.0,227876
202606230930,9140.0,9190.0,9090.0,9120.0,134199
202606230945,9120.0,9130.0,9060.0,9070.0,120202
202606231000,9070.0,9150.0,9060.0,9100.0,85919
202606231015,9120.0,9120.0,9010.0,9040.0,124290
202606231030,9040.0,9040.0,8930.0,8930.0,170276
202606231045,8930.0,8930.0,8820.0,8840.0,176511
202606231100,8840.0,8870.0,8780.0,8850.0,179195
202606231115,8850.0,8850.0,8790.0,8840.0,57110
202606231130,8840.0,8840.0,8790.0,8820.0,98522
202606231145,8830.0,8830.0,8760.0,8810.0,63345
202606231200,8810.0,8810.0,8735.0,8740.0,65826
202606231215,8740.0,8740.0,8690.0,8700.0,133300
202606231230,8710.0,8710.0,8630.0,8670.0,136304
202606231245,8670.0,8805.0,8640.0,8800.0,93092
202606231300,8800.0,8810.0,8720.0,8730.0,60145
202606231315,8730.0,8740.0,8680.0,8730.0,68856
202606231330,8730.0,8750.0,8700.0,8710.0,47877
202606231345,8710.0,8730.0,8680.0,8680.0,92823
202606231400,8680.0,8720.0,8660.0,8680.0,61056
202606231415,8670.0,8680.0,8650.0,8660.0,96796
202606231430,8660.0,8680.0,8610.0,8670.0,108170
202606231445,8670.0,8700.0,8630.0,8640.0,89057
202606231500,8640.0,8750.0,8600.0,8620.0,174120
202606231515,8610.0,8630.0,8600.0,8600.0,113248
202606240900,8900.0,9030.0,8670.0,8780.0,416205
202606240915,8780.0,8950.0,8650.0,8880.0,221573
202606240930,8880.0,9000.0,8770.0,8960.0,131320
202606240945,8960.0,9010.0,8830.0,8830.0,132691
202606241000,8840.0,8850.0,8740.0,8820.0,98799
202606241015,8820.0,8850.0,8760.0,8840.0,67834
202606241030,8840.0,8840.0,8790.0,8810.0,37595
202606241045,8810.0,8860.0,8800.0,8860.0,36400
202606241100,8860.0,8920.0,8850.0,8910.0,43822
202606241115,8910.0,8930.0,8790.0,8850.0,73323
202606241130,8850.0,8850.0,8750.0,8755.0,63553
202606241145,8755.0,8760.0,8560.0,8580.0,126307
202606241200,8580.0,8660.0,8500.0,8590.0,97361
202606241215,8590.0,8660.0,8520.0,8650.0,55994
202606241230,8650.0,8720.0,8640.0,8700.0,53529
202606241245,8700.0,8710.0,8650.0,8700.0,38801
202606241300,8690.0,8700.0,8620.0,8650.0,40471
202606241315,8650.0,8650.0,8550.0,8570.0,39355
202606241330,8570.0,8680.0,8560.0,8670.0,57096
202606241345,8670.0,8720.0,8660.0,8700.0,41275
202606241400,8700.0,8775.0,8690.0,8775.0,110077
202606241415,8780.0,8780.0,8730.0,8750.0,37222
202606241430,8750.0,8750.0,8680.0,8690.0,52691
202606241445,8680.0,8690.0,8630.0,8640.0,36384
202606241500,8640.0,8700.0,8630.0,8690.0,87133
202606241515,8680.0,8690.0,8650.0,8670.0,47034
202606250900,8790.0,8840.0,8600.0,8680.0,290063
202606250915,8680.0,8720.0,8580.0,8590.0,163323
202606250930,8590.0,8600.0,8300.0,8400.0,310025
202606250945,8390.0,8420.0,8230.0,8320.0,242979
202606251000,8320.0,8320.0,8190.0,8230.0,150121
202606251015,8230.0,8300.0,8220.0,8280.0,89017
202606251030,8290.0,8310.0,8240.0,8270.0,64064
202606251045,8270.0,8350.0,8220.0,8230.0,109815
202606251100,8230.0,8240.0,8190.0,8200.0,118554
202606251115,8200.0,8260.0,8190.0,8240.0,46145
202606251130,8240.0,8260.0,8210.0,8250.0,47163
202606251145,8250.0,8270.0,8200.0,8200.0,46714
202606251200,8200.0,8220.0,8180.0,8190.0,52694
202606251215,8190.0,8190.0,8140.0,8150.0,84208
202606251230,8150.0,8160.0,8110.0,8130.0,104811
202606251245,8130.0,8140.0,8100.0,8110.0,80153
202606251300,8110.0,8120.0,8050.0,8060.0,104253
202606251315,8060.0,8060.0,8000.0,8030.0,204645
202606251330,8030.0,8050.0,7960.0,8040.0,158303
202606251345,8040.0,8040.0,7960.0,7970.0,100768
202606251400,7980.0,8000.0,7970.0,7990.0,91891
202606251415,7990.0,8000.0,7920.0,7950.0,140477
202606251430,7940.0,8040.0,7930.0,7980.0,119054
202606251445,7980.0,8030.0,7960.0,7970.0,119727
202606251500,7980.0,8010.0,7950.0,7960.0,134608
202606251515,7960.0,7990.0,7950.0,7970.0,66516
202606260900,7810.0,7900.0,7530.0,7630.0,470704
202606260915,7640.0,7750.0,7600.0,7660.0,174127
202606260930,7660.0,7670.0,7580.0,7610.0,193638
202606260945,7610.0,7700.0,7550.0,7700.0,150019
202606261000,7700.0,7870.0,7660.0,7740.0,204108
202606261015,7740.0,7750.0,7660.0,7660.0,63857
202606261030,7670.0,7690.0,7600.0,7630.0,116960
202606261045,7620.0,7670.0,7540.0,7550.0,88982
202606261100,7550.0,7550.0,7450.0,7460.0,132035
202606261115,7460.0,7470.0,7380.0,7430.0,117592
202606261130,7420.0,7430.0,7350.0,7360.0,91627
202606261145,7370.0,7370.0,7240.0,7250.0,188663
202606261200,7250.0,7260.0,7180.0,7200.0,142887
202606261215,7200.0,7230.0,7170.0,7220.0,102289
202606261230,7220.0,7260.0,7140.0,7200.0,108261
202606261245,7200.0,7320.0,7170.0,7300.0,132913
202606261300,7300.0,7350.0,7280.0,7350.0,94065
202606261315,7350.0,7360.0,7260.0,7330.0,92905
202606261330,7300.0,7330.0,7210.0,7260.0,54890
202606261345,7260.0,7330.0,7230.0,7310.0,66823
202606261400,7330.0,7400.0,7270.0,7400.0,90256
202606261415,7390.0,7440.0,7350.0,7410.0,87018
202606261430,7420.0,7440.0,7370.0,7400.0,78062
202606261445,7400.0,7460.0,7380.0,7440.0,75420
202606261500,7440.0,7440.0,7370.0,7410.0,102943
202606261515,7410.0,7430.0,7410.0,7420.0,57070
202606290900,7510.0,7990.0,7440.0,7960.0,469002
202606290915,7960.0,8120.0,7910.0,7920.0,323807
202606290930,7910.0,8220.0,7880.0,8150.0,321354
202606290945,8140.0,8230.0,8070.0,8090.0,161233
202606291000,8080.0,8200.0,8040.0,8200.0,135294
202606291015,8200.0,8330.0,8160.0,8210.0,154692
202606291030,8220.0,8230.0,8120.0,8150.0,59480
202606291045,8150.0,8170.0,8100.0,8130.0,70078
202606291100,8130.0,8150.0,8020.0,8050.0,68689
202606291115,8040.0,8110.0,8020.0,8100.0,38392
202606291130,8105.0,8140.0,8080.0,8130.0,47281
202606291145,8130.0,8150.0,8100.0,8140.0,34256
202606291200,8140.0,8150.0,8110.0,8120.0,17926
202606291215,8120.0,8150.0,8090.0,8140.0,37274
202606291230,8140.0,8150.0,8030.0,8060.0,35527
202606291245,8060.0,8160.0,8050.0,8150.0,28910
202606291300,8150.0,8190.0,8110.0,8170.0,33376
202606291315,8170.0,8170.0,8120.0,8150.0,25253
202606291330,8140.0,8160.0,8100.0,8120.0,36388
202606291345,8120.0,8190.0,8120.0,8130.0,37181
202606291400,8130.0,8190.0,8130.0,8190.0,36760
202606291415,8180.0,8380.0,8180.0,8340.0,144452
202606291430,8330.0,8350.0,8230.0,8270.0,83919
202606291445,8270.0,8360.0,8250.0,8350.0,74946
202606291500,8350.0,8360.0,8280.0,8300.0,65839
202606291515,8290.0,8340.0,8290.0,8340.0,53699
202606300900,8370.0,8370.0,7880.0,8280.0,464122
202606300915,8280.0,8350.0,8080.0,8090.0,131961
202606300930,8090.0,8170.0,8040.0,8040.0,87144
202606300945,8050.0,8120.0,8010.0,8070.0,72625
202606301000,8070.0,8100.0,8000.0,8060.0,43175
202606301015,8060.0,8190.0,8050.0,8190.0,41541
202606301030,8190.0,8250.0,8120.0,8150.0,37214
202606301045,8150.0,8190.0,8080.0,8190.0,21479
202606301100,8190.0,8190.0,8070.0,8080.0,40969
202606301115,8080.0,8150.0,8060.0,8100.0,37269
202606301130,8090.0,8160.0,8070.0,8130.0,31585
202606301145,8140.0,8160.0,8110.0,8120.0,20483
202606301200,8120.0,8190.0,8120.0,8180.0,24007
202606301215,8190.0,8220.0,8160.0,8190.0,33423
202606301230,8180.0,8230.0,8150.0,8230.0,24650
202606301245,8230.0,8230.0,8160.0,8180.0,17025
202606301300,8180.0,8210.0,8170.0,8170.0,17593
202606301315,8170.0,8200.0,8130.0,8150.0,24510
202606301330,8150.0,8230.0,8110.0,8200.0,32119
202606301345,8200.0,8280.0,8190.0,8280.0,43614
202606301400,8280.0,8350.0,8260.0,8315.0,45498
202606301415,8310.0,8340.0,8250.0,8280.0,42306
202606301430,8260.0,8330.0,8250.0,8290.0,31810
202606301445,8290.0,8310.0,8240.0,8250.0,33310
202606301500,8240.0,8250.0,8160.0,8230.0,60976
202606301515,8240.0,8270.0,8230.0,8240.0,27349
202607010900,8150.0,8330.0,7940.0,8300.0,232987
202607010915,8300.0,8370.0,8250.0,8320.0,149406
202607010930,8320.0,8420.0,8270.0,8420.0,141665
202607010945,8430.0,8440.0,8320.0,8350.0,214139
202607011000,8360.0,8380.0,8195.0,8210.0,135460
202607011015,8210.0,8290.0,8160.0,8290.0,46378
202607011030,8290.0,8290.0,8220.0,8240.0,39734
202607011045,8240.0,8250.0,8150.0,8170.0,64480
202607011100,8170.0,8170.0,8030.0,8090.0,84158
202607011115,8080.0,8180.0,8060.0,8120.0,40613
202607011130,8140.0,8220.0,8100.0,8200.0,24535
202607011145,8210.0,8210.0,8160.0,8160.0,26441
202607011200,8170.0,8210.0,8160.0,8200.0,29013
202607011215,8210.0,8210.0,8180.0,8200.0,18995
202607011230,8190.0,8250.0,8180.0,8210.0,22067
202607011245,8220.0,8230.0,8170.0,8180.0,24095
202607011300,8170.0,8200.0,8140.0,8160.0,27788
202607011315,8160.0,8170.0,8130.0,8130.0,21757
202607011330,8130.0,8160.0,8100.0,8120.0,30935
202607011345,8130.0,8140.0,8050.0,8070.0,48812
202607011400,8070.0,8100.0,8040.0,8070.0,33947
202607011415,8070.0,8080.0,8040.0,8050.0,47401
202607011430,8050.0,8080.0,8030.0,8050.0,99647
202607011445,8050.0,8120.0,8040.0,8070.0,37008
202607011500,8070.0,8080.0,8010.0,8030.0,73152
202607011515,8030.0,8080.0,8020.0,8080.0,44092
202607020900,7710.0,7710.0,7400.0,7460.0,231593
202607020915,7430.0,7550.0,7420.0,7550.0,142540
202607020930,7520.0,7580.0,7420.0,7420.0,88182
202607020945,7430.0,7470.0,7410.0,7430.0,71819
202607021000,7430.0,7510.0,7410.0,7460.0,90534
202607021015,7460.0,7560.0,7460.0,7560.0,61772
202607021030,7560.0,7630.0,7550.0,7600.0,59643
202607021045,7600.0,7670.0,7590.0,7660.0,42615
202607021100,7660.0,7670.0,7570.0,7620.0,51214
202607021115,7620.0,7620.0,7530.0,7550.0,53756
202607021130,7545.0,7580.0,7530.0,7580.0,36078
202607021145,7580.0,7590.0,7530.0,7570.0,23800
202607021200,7580.0,7580.0,7540.0,7560.0,16470
202607021215,7560.0,7580.0,7520.0,7540.0,27899
202607021230,7540.0,7540.0,7500.0,7510.0,30568
202607021245,7510.0,7510.0,7470.0,7480.0,55282
202607021300,7480.0,7480.0,7450.0,7470.0,31887
202607021315,7450.0,7510.0,7440.0,7500.0,28745
202607021330,7500.0,7500.0,7440.0,7450.0,32496
202607021345,7450.0,7530.0,7430.0,7500.0,35473
202607021400,7460.0,7510.0,7460.0,7490.0,25941
202607021415,7490.0,7500.0,7440.0,7460.0,32343
202607021430,7450.0,7460.0,7410.0,7420.0,52023
202607021445,7420.0,7420.0,7330.0,7380.0,148565
202607021500,7380.0,7380.0,7290.0,7310.0,112004
202607021515,7310.0,7330.0,7280.0,7330.0,38043
202607030900,7440.0,7440.0,7000.0,7010.0,187254
202607030915,7010.0,7040.0,6900.0,6960.0,185834
202607030930,6960.0,7050.0,6930.0,6950.0,125385
202607030945,6950.0,6980.0,6900.0,6910.0,71992
202607031000,6930.0,7120.0,6910.0,7100.0,133455
202607031015,7090.0,7170.0,7050.0,7070.0,71904
202607031030,7050.0,7150.0,7050.0,7085.0,38548
202607031045,7085.0,7140.0,7050.0,7060.0,36265
202607031100,7060.0,7180.0,7050.0,7120.0,69408
202607031115,7110.0,7160.0,7080.0,7150.0,18901
202607031130,7140.0,7160.0,7090.0,7120.0,25684
202607031145,7110.0,7180.0,7110.0,7160.0,38817
202607031200,7150.0,7150.0,7100.0,7100.0,25640
202607031215,7100.0,7170.0,7090.0,7155.0,26534
202607031230,7160.0,7160.0,7060.0,7070.0,33682
202607031245,7070.0,7150.0,7060.0,7150.0,25081
202607031300,7150.0,7170.0,7130.0,7160.0,33328
202607031315,7160.0,7190.0,7150.0,7180.0,29634
202607031330,7180.0,7210.0,7150.0,7190.0,61078
202607031345,7190.0,7260.0,7180.0,7240.0,49205
202607031400,7240.0,7260.0,7220.0,7250.0,26418
202607031415,7250.0,7310.0,7240.0,7310.0,53286
202607031430,7310.0,7340.0,7250.0,7270.0,65692
202607031445,7260.0,7290.0,7220.0,7290.0,35383
202607031500,7290.0,7390.0,7240.0,7380.0,97913
202607031515,7380.0,7400.0,7350.0,7390.0,54003
202607060900,7320.0,7490.0,7170.0,7380.0,150830
202607060915,7380.0,7400.0,7280.0,7330.0,69708
202607060930,7330.0,7390.0,7250.0,7340.0,51422
202607060945,7340.0,7360.0,7200.0,7230.0,73262
202607061000,7210.0,7230.0,7150.0,7200.0,68453
202607061015,7190.0,7210.0,7130.0,7160.0,66424
202607061030,7160.0,7180.0,7130.0,7160.0,29085
202607061045,7160.0,7160.0,7080.0,7110.0,64366
202607061100,7100.0,7140.0,7060.0,7060.0,43303
202607061115,7060.0,7070.0,7010.0,7020.0,49201
202607061130,7020.0,7050.0,6980.0,7010.0,61767
202607061145,7010.0,7030.0,6970.0,7020.0,43579
202607061200,7020.0,7070.0,7010.0,7070.0,26043
202607061215,7070.0,7080.0,7030.0,7080.0,28266
202607061230,7080.0,7100.0,7040.0,7060.0,24356
202607061245,7060.0,7090.0,7050.0,7050.0,19192
202607061300,7050.0,7160.0,7040.0,7140.0,35714
202607061315,7140.0,7180.0,7130.0,7180.0,24753
202607061330,7180.0,7250.0,7170.0,7220.0,32984
202607061345,7210.0,7300.0,7210.0,7270.0,41958
202607061400,7260.0,7320.0,7200.0,7310.0,35918
202607061415,7300.0,7310.0,7230.0,7230.0,26164
202607061430,7230.0,7230.0,7200.0,7200.0,31503
202607061445,7210.0,7300.0,7190.0,7290.0,39114
202607061500,7300.0,7340.0,7260.0,7310.0,48151
202607061515,7310.0,7310.0,7250.0,7280.0,41400
202607070900,7150.0,7310.0,7090.0,7270.0,136380
202607070915,7260.0,7420.0,7200.0,7340.0,135323
202607070930,7350.0,7370.0,7200.0,7230.0,55618
202607070945,7210.0,7260.0,7150.0,7200.0,61528
202607071000,7200.0,7210.0,7100.0,7120.0,32456
202607071015,7120.0,7120.0,6980.0,7030.0,70808
202607071030,7030.0,7080.0,6990.0,7080.0,71213
202607071045,7080.0,7170.0,7050.0,7080.0,30358
202607071100,7080.0,7130.0,7040.0,7060.0,24031
202607071115,7090.0,7090.0,7020.0,7030.0,16909
202607071130,7020.0,7050.0,7010.0,7030.0,25750
202607071145,7020.0,7030.0,6990.0,7010.0,34711
202607071200,7000.0,7030.0,6990.0,7020.0,38959
202607071215,7020.0,7020.0,6930.0,6950.0,55518
202607071230,6945.0,6970.0,6930.0,6960.0,45758
202607071245,6950.0,6960.0,6920.0,6940.0,37399
202607071300,6950.0,6980.0,6920.0,6920.0,33419
202607071315,6920.0,6950.0,6910.0,6940.0,31273
202607071330,6940.0,6970.0,6910.0,6960.0,40017
202607071345,6950.0,6960.0,6900.0,6940.0,31753
202607071400,6940.0,6940.0,6900.0,6910.0,44535
202607071415,6900.0,6970.0,6850.0,6940.0,113968
202607071430,6940.0,7000.0,6910.0,6980.0,67376
202607071445,6990.0,7050.0,6970.0,7020.0,61001
202607071500,7040.0,7060.0,7000.0,7050.0,36522
202607071515,7050.0,7090.0,7040.0,7080.0,30163
202607080900,6840.0,6850.0,6570.0,6670.0,214859
202607080915,6680.0,6850.0,6660.0,6780.0,110859
202607080930,6790.0,6890.0,6690.0,6870.0,82742
202607080945,6860.0,6880.0,6800.0,6870.0,52716
202607081000,6870.0,6880.0,6780.0,6810.0,65562
202607081015,6820.0,6820.0,6720.0,6740.0,46740
202607081030,6740.0,6750.0,6680.0,6700.0,56657
202607081045,6700.0,6740.0,6620.0,6640.0,50227
202607081100,6640.0,6660.0,6610.0,6640.0,59426
202607081115,6640.0,6650.0,6600.0,6620.0,61849
202607081130,6620.0,6630.0,6560.0,6600.0,65432
202607081145,6600.0,6650.0,6580.0,6610.0,37090
202607081200,6610.0,6660.0,6570.0,6650.0,37835
202607081215,6640.0,6700.0,6630.0,6690.0,22271
202607081230,6690.0,6690.0,6620.0,6640.0,28981
202607081245,6640.0,6680.0,6600.0,6610.0,21782
202607081300,6610.0,6610.0,6550.0,6560.0,62407
202607081315,6560.0,6565.0,6510.0,6530.0,53896
202607081330,6530.0,6540.0,6440.0,6480.0,90861
202607081345,6480.0,6550.0,6440.0,6550.0,94664
202607081400,6550.0,6580.0,6480.0,6530.0,46619
202607081415,6530.0,6540.0,6470.0,6480.0,38726
202607081430,6480.0,6520.0,6450.0,6480.0,67749
202607081445,6490.0,6500.0,6460.0,6490.0,47387
202607081500,6490.0,6560.0,6490.0,6520.0,71993
202607081515,6520.0,6530.0,6460.0,6520.0,50220
202607090900,6630.0,6730.0,6520.0,6580.0,151799
202607090915,6590.0,6750.0,6580.0,6730.0,136870
202607090930,6720.0,6900.0,6720.0,6880.0,128026
202607090945,6880.0,6970.0,6800.0,6890.0,74486
202607091000,6890.0,6980.0,6860.0,6970.0,86230
202607091015,6970.0,7070.0,6940.0,6940.0,224202
202607091030,6940.0,6970.0,6880.0,6930.0,48214
202607091045,6930.0,6950.0,6770.0,6780.0,76437
202607091100,6780.0,6820.0,6710.0,6790.0,48744
202607091115,6790.0,6920.0,6780.0,6920.0,43924
202607091130,6900.0,6920.0,6760.0,6770.0,39616
202607091145,6780.0,6780.0,6660.0,6680.0,81389
202607091200,6680.0,6690.0,6600.0,6630.0,54680
202607091215,6620.0,6780.0,6580.0,6730.0,58933
202607091230,6730.0,6770.0,6700.0,6750.0,19073
202607091245,6740.0,6800.0,6730.0,6770.0,26063
202607091300,6770.0,6780.0,6710.0,6710.0,22165
202607091315,6710.0,6740.0,6620.0,6690.0,33051
202607091330,6690.0,6740.0,6670.0,6680.0,24300
202607091345,6680.0,6710.0,6640.0,6680.0,24522
202607091400,6680.0,6720.0,6630.0,6680.0,33847
202607091415,6680.0,6690.0,6600.0,6610.0,30923
202607091430,6600.0,6680.0,6590.0,6665.0,42745
202607091445,6665.0,6750.0,6640.0,6740.0,35993
202607091500,6740.0,6740.0,6660.0,6670.0,49616
202607091515,6680.0,6710.0,6660.0,6710.0,25757
202607100900,6970.0,7100.0,6880.0,7020.0,198707
202607100915,7030.0,7030.0,6870.0,7020.0,172712
202607100930,7010.0,7150.0,6990.0,7130.0,124075
202607100945,7120.0,7160.0,7100.0,7120.0,73231
202607101000,7130.0,7200.0,7110.0,7190.0,80553
202607101015,7190.0,7220.0,7140.0,7200.0,62645
202607101030,7190.0,7240.0,7170.0,7230.0,38686
202607101045,7230.0,7320.0,7220.0,7220.0,97436
202607101100,7230.0,7280.0,7190.0,7250.0,50950
202607101115,7260.0,7360.0,7250.0,7360.0,71088
202607101130,7360.0,7430.0,7350.0,7430.0,79243
202607101145,7420.0,7430.0,7390.0,7430.0,42348
202607101200,7430.0,7440.0,7410.0,7440.0,25547
202607101215,7430.0,7450.0,7410.0,7450.0,47958
202607101230,7440.0,7480.0,7400.0,7450.0,61435
202607101245,7440.0,7480.0,7420.0,7470.0,37194
202607101300,7460.0,7490.0,7400.0,7450.0,65199
202607101315,7460.0,7460.0,7380.0,7380.0,39654
202607101330,7390.0,7390.0,7340.0,7360.0,42707
202607101345,7350.0,7360.0,7295.0,7320.0,52543
202607101400,7320.0,7400.0,7290.0,7390.0,41989
202607101415,7390.0,7400.0,7360.0,7380.0,21794
202607101430,7380.0,7400.0,7340.0,7360.0,29717
202607101445,7360.0,7400.0,7350.0,7360.0,49489
202607101500,7350.0,7370.0,7280.0,7330.0,51202
202607101515,7330.0,7350.0,7300.0,7320.0,39462
202607130900,7240.0,7570.0,7230.0,7400.0,181373
202607130915,7420.0,7470.0,7300.0,7400.0,115819
202607130930,7400.0,7400.0,7250.0,7340.0,124832
202607130945,7340.0,7350.0,7100.0,7110.0,125262
202607131000,7110.0,7140.0,7020.0,7130.0,82135
202607131015,7110.0,7150.0,6980.0,7010.0,72494
202607131030,7040.0,7100.0,6990.0,7020.0,55296
202607131045,7020.0,7050.0,6910.0,6930.0,70571
202607131100,6940.0,6950.0,6870.0,6920.0,43538
202607131115,6920.0,6950.0,6890.0,6930.0,34031
202607131130,6930.0,6950.0,6900.0,6950.0,29269
202607131145,6950.0,6950.0,6870.0,6880.0,39412
202607131200,6880.0,6890.0,6820.0,6830.0,49401
202607131215,6830.0,6900.0,6820.0,6860.0,26468
202607131230,6850.0,6880.0,6800.0,6840.0,39440
202607131245,6850.0,6890.0,6830.0,6850.0,17748
202607131300,6850.0,6880.0,6790.0,6800.0,63587
202607131315,6800.0,6810.0,6750.0,6790.0,127492
202607131330,6780.0,6790.0,6720.0,6740.0,26601
202607131345,6740.0,6790.0,6710.0,6740.0,29753
202607131400,6750.0,6850.0,6720.0,6840.0,36976
202607131415,6820.0,6840.0,6680.0,6690.0,57596
202607131430,6680.0,6820.0,6680.0,6780.0,29375
202607131445,6790.0,6790.0,6690.0,6750.0,80059
202607131500,6740.0,6780.0,6650.0,6670.0,54380
202607131515,6650.0,6690.0,6650.0,6670.0,30962
202607140900,6610.0,6740.0,6450.0,6600.0,151140
202607140915,6590.0,6600.0,6470.0,6565.0,64965
202607140930,6565.0,6640.0,6500.0,6520.0,44160
202607140945,6520.0,6690.0,6500.0,6660.0,34378
202607141000,6670.0,6680.0,6560.0,6570.0,38011
202607141015,6570.0,6640.0,6550.0,6600.0,36882
202607141030,6610.0,6610.0,6500.0,6520.0,38696
202607141045,6520.0,6530.0,6460.0,6480.0,38268
202607141100,6480.0,6520.0,6450.0,6480.0,25964
202607141115,6490.0,6510.0,6430.0,6450.0,52749
202607141130,6450.0,6520.0,6400.0,6500.0,41965
202607141145,6490.0,6500.0,6380.0,6380.0,37260
202607141200,6380.0,6390.0,6250.0,6280.0,66046
202607141215,6280.0,6330.0,6215.0,6320.0,65137
202607141230,6320.0,6360.0,6280.0,6340.0,27806
202607141245,6340.0,6410.0,6330.0,6390.0,21903
202607141300,6390.0,6400.0,6310.0,6320.0,25378
202607141315,6315.0,6390.0,6310.0,6360.0,20706
202607141330,6360.0,6420.0,6360.0,6420.0,19446
202607141345,6420.0,6460.0,6390.0,6450.0,24174
202607141400,6440.0,6500.0,6400.0,6480.0,30983
202607141415,6470.0,6550.0,6470.0,6550.0,27788
202607141430,6550.0,6560.0,6450.0,6490.0,32499
202607141445,6490.0,6500.0,6410.0,6480.0,30172
202607141500,6480.0,6520.0,6430.0,6510.0,32277
202607141515,6500.0,6580.0,6490.0,6580.0,30280
202607150900,6830.0,6980.0,6800.0,6900.0,255110
202607150915,6910.0,6980.0,6840.0,6940.0,128698
202607150930,6940.0,6990.0,6900.0,6900.0,74617
202607150945,6900.0,6950.0,6900.0,6940.0,49389
202607151000,6930.0,6940.0,6800.0,6850.0,58915
202607151015,6850.0,6930.0,6830.0,6920.0,66932
202607151030,6920.0,6930.0,6800.0,6830.0,51894
202607151045,6830.0,6890.0,6810.0,6880.0,23238
202607151100,6890.0,6910.0,6850.0,6880.0,19407
202607151115,6880.0,6890.0,6820.0,6820.0,25137
202607151130,6820.0,6880.0,6820.0,6870.0,8802
202607151145,6870.0,6870.0,6820.0,6830.0,15969
202607151200,6830.0,6880.0,6820.0,6850.0,13797
202607151215,6850.0,6900.0,6850.0,6880.0,22086
202607151230,6890.0,6930.0,6860.0,6920.0,31246
202607151245,6920.0,6950.0,6900.0,6940.0,29461
202607151300,6940.0,6970.0,6930.0,6930.0,38458
202607151315,6930.0,6950.0,6900.0,6920.0,42638
202607151330,6920.0,6930.0,6880.0,6920.0,28205
202607151345,6920.0,6940.0,6910.0,6940.0,15598
202607151400,6940.0,6940.0,6870.0,6880.0,40208
202607151415,6880.0,6910.0,6850.0,6860.0,23356
202607151430,6860.0,6890.0,6820.0,6880.0,35437
202607151445,6880.0,6940.0,6880.0,6930.0,42968
202607151500,6930.0,6930.0,6870.0,6910.0,39895
202607151515,6910.0,6930.0,6900.0,6920.0,26193
202607160900,6660.0,6740.0,6600.0,6680.0,113992
202607160915,6680.0,6690.0,6560.0,6580.0,104370
202607160930,6590.0,6650.0,6570.0,6580.0,40931
202607160945,6580.0,6630.0,6560.0,6600.0,33050
202607161000,6600.0,6600.0,6520.0,6540.0,59070
202607161015,6530.0,6540.0,6450.0,6490.0,80943
202607161030,6490.0,6560.0,6470.0,6480.0,27451
202607161045,6480.0,6530.0,6440.0,6450.0,34872
202607161100,6450.0,6450.0,6370.0,6390.0,43878
202607161115,6380.0,6440.0,6360.0,6440.0,33000
202607161130,6440.0,6440.0,6400.0,6440.0,16647
202607161145,6435.0,6460.0,6410.0,6440.0,19744
202607161200,6430.0,6480.0,6430.0,6450.0,19172
202607161215,6450.0,6460.0,6410.0,6430.0,19754
202607161230,6430.0,6440.0,6410.0,6420.0,17371
202607161245,6420.0,6430.0,6400.0,6430.0,17660
202607161300,6420.0,6460.0,6410.0,6440.0,18391
202607161315,6440.0,6460.0,6410.0,6420.0,24046
202607161330,6410.0,6430.0,6400.0,6420.0,15112
202607161345,6415.0,6430.0,6410.0,6410.0,14254
202607161400,6410.0,6470.0,6400.0,6460.0,20383
202607161415,6450.0,6500.0,6440.0,6490.0,36109
202607161430,6480.0,6490.0,6410.0,6410.0,41711
202607161445,6420.0,6450.0,6380.0,6390.0,62036
202607161500,6380.0,6390.0,6350.0,6370.0,61381
202607161515,6370.0,6410.0,6370.0,6390.0,28703
202607200900,6080.0,6320.0,6025.0,6230.0,127496
202607200915,6220.0,6280.0,6190.0,6200.0,59388
202607200930,6200.0,6280.0,6120.0,6200.0,138896
202607200945,6190.0,6230.0,6120.0,6120.0,39900
202607201000,6130.0,6160.0,6100.0,6120.0,37173
202607201015,6120.0,6150.0,6080.0,6090.0,41581
202607201030,6100.0,6100.0,6030.0,6060.0,64658
202607201045,6060.0,6060.0,6000.0,6040.0,41961
202607201100,6040.0,6070.0,6020.0,6030.0,33537
202607201115,6030.0,6030.0,5970.0,6000.0,61347
202607201130,6000.0,6050.0,5980.0,6040.0,24934
202607201145,6040.0,6050.0,6020.0,6030.0,13099
202607201200,6030.0,6030.0,5980.0,6030.0,28240
202607201215,6030.0,6030.0,5980.0,6000.0,15530
202607201230,6000.0,6000.0,5980.0,6000.0,10929
202607201245,6000.0,6070.0,5980.0,6050.0,25240
202607201300,6050.0,6050.0,5980.0,5990.0,16045
202607201315,5990.0,6040.0,5980.0,6040.0,16506
202607201330,6040.0,6100.0,6030.0,6100.0,27622
202607201345,6090.0,6120.0,6070.0,6080.0,14688
202607201400,6080.0,6090.0,6040.0,6070.0,18247
202607201415,6070.0,6090.0,6020.0,6080.0,12130
202607201430,6080.0,6080.0,6020.0,6050.0,18825
202607201445,6070.0,6080.0,6040.0,6050.0,16836
202607201500,6050.0,6070.0,6010.0,6060.0,33050
202607201515,6060.0,6080.0,6000.0,6040.0,27946
202607210900,6010.0,6060.0,5820.0,5840.0,136590
202607210915,5860.0,5970.0,5830.0,5920.0,72876
202607210930,5910.0,5970.0,5900.0,5960.0,35810
202607210945,5950.0,5990.0,5910.0,5930.0,36992
202607211000,5930.0,6130.0,5910.0,6100.0,86285
202607211015,6100.0,6110.0,6020.0,6050.0,19443
202607211030,6060.0,6110.0,6040.0,6070.0,24690
202607211045,6070.0,6070.0,5950.0,5970.0,31631
202607211100,5970.0,6030.0,5970.0,6000.0,28870
202607211115,5990.0,6000.0,5960.0,5980.0,18423
202607211130,5980.0,6050.0,5980.0,6050.0,15432
202607211145,6050.0,6100.0,6030.0,6100.0,24326
202607211200,6090.0,6230.0,6090.0,6200.0,57277
202607211215,6200.0,6330.0,6200.0,6290.0,115623
202607211230,6280.0,6350.0,6260.0,6340.0,75213
202607211245,6340.0,6550.0,6310.0,6410.0,297788
202607211300,6420.0,6930.0,6310.0,6740.0,744389
202607211315,6750.0,6790.0,6410.0,6470.0,1039822
202607211330,6460.0,6480.0,6370.0,6380.0,217768
202607211345,6380.0,6450.0,6290.0,6290.0,175478
202607211400,6300.0,6340.0,6250.0,6270.0,100752
202607211415,6270.0,6300.0,6190.0,6300.0,111621
202607211430,6300.0,6360.0,6260.0,6340.0,45680
202607211445,6340.0,6380.0,6310.0,6330.0,44332
202607211500,6330.0,6370.0,6330.0,6340.0,57610
202607211515,6340.0,6350.0,6290.0,6290.0,51106
202607220900,7070.0,7600.0,6940.0,7550.0,2240916
202607220915,7550.0,7650.0,7080.0,7080.0,1319833
202607220930,7080.0,7180.0,7010.0,7050.0,463410
202607220945,7050.0,7170.0,6960.0,7085.0,369348
202607221000,7085.0,7685.0,7050.0,7620.0,1200527
202607221015,7620.0,7630.0,7260.0,7290.0,794796
202607221030,7290.0,7350.0,7210.0,7260.0,341627
202607221045,7260.0,7500.0,7240.0,7390.0,402697
202607221100,7380.0,7490.0,7350.0,7390.0,339541
202607221115,7410.0,7470.0,7350.0,7410.0,315874
202607221130,7400.0,7450.0,7310.0,7340.0,251328
202607221145,7340.0,7340.0,7250.0,7250.0,172402
202607221200,7250.0,7270.0,7160.0,7190.0,212749
202607221215,7190.0,7350.0,7160.0,7300.0,193190
202607221230,7300.0,7300.0,7200.0,7270.0,91936
202607221245,7270.0,7330.0,7200.0,7240.0,121481
202607221300,7240.0,7280.0,7220.0,7280.0,61683
202607221315,7280.0,7370.0,7260.0,7310.0,117053
202607221330,7320.0,7350.0,7280.0,7290.0,82609
202607221345,7280.0,7290.0,7160.0,7220.0,156625
202607221400,7220.0,7220.0,7100.0,7100.0,158088
202607221415,7110.0,7170.0,7090.0,7090.0,132354
202607221430,7100.0,7130.0,7020.0,7025.0,142789
202607221445,7025.0,7070.0,7010.0,7040.0,128201
202607221500,7040.0,7040.0,6930.0,6940.0,219209
202607221515,6940.0,6950.0,6900.0,6900.0,144530
202607230900,7200.0,7230.0,6770.0,6920.0,710959
202607230915,6920.0,7660.0,6910.0,7590.0,1083219
202607230930,7590.0,7920.0,7390.0,7440.0,1639758
202607230945,7440.0,7560.0,7310.0,7360.0,500108
202607231000,7370.0,7430.0,7320.0,7350.0,196406
202607231015,7350.0,7400.0,7220.0,7240.0,251766
202607231030,7240.0,7310.0,7190.0,7190.0,132004
202607231045,7200.0,7280.0,7180.0,7210.0,141762
202607231100,7210.0,7280.0,7200.0,7240.0,94637
202607231115,7250.0,7250.0,7100.0,7150.0,129617
202607231130,7150.0,7170.0,7040.0,7120.0,124011
202607231145,7130.0,7240.0,7120.0,7210.0,50245
202607231200,7210.0,7240.0,7180.0,7210.0,56853
202607231215,7220.0,7270.0,7200.0,7260.0,54345
202607231230,7260.0,7340.0,7220.0,7310.0,71902
202607231245,7310.0,7340.0,7300.0,7320.0,63559
202607231300,7320.0,7320.0,7250.0,7310.0,61755
202607231315,7290.0,7340.0,7280.0,7310.0,56843
202607231330,7310.0,7310.0,7250.0,7250.0,44445
202607231345,7250.0,7290.0,7240.0,7260.0,38256
202607231400,7260.0,7260.0,7210.0,7210.0,56940
202607231415,7210.0,7290.0,7200.0,7280.0,81821
202607231430,7290.0,7330.0,7230.0,7320.0,111855
202607231445,7320.0,7320.0,7270.0,7290.0,52285
202607231500,7300.0,7320.0,7220.0,7260.0,115896
202607231515,7270.0,7280.0,7250.0,7270.0,56101
202607240900,7060.0,7060.0,6710.0,6710.0,461176
202607240915,6720.0,6810.0,6690.0,6710.0,190324
202607240930,6700.0,6730.0,6650.0,6690.0,157288
202607240945,6690.0,6740.0,6680.0,6700.0,65410
202607241000,6710.0,6760.0,6680.0,6690.0,96576
202607241015,6690.0,6730.0,6660.0,6690.0,63887
202607241030,6690.0,6740.0,6680.0,6730.0,37246
202607241045,6720.0,6740.0,6660.0,6670.0,52316
202607241100,6660.0,6670.0,6650.0,6660.0,49666
202607241115,6660.0,6660.0,6620.0,6640.0,84571
202607241130,6640.0,6660.0,6540.0,6560.0,122702
202607241145,6560.0,6570.0,6510.0,6520.0,67038
202607241200,6520.0,6570.0,6510.0,6540.0,46986
202607241215,6530.0,6570.0,6520.0,6560.0,32978
202607241230,6560.0,6570.0,6530.0,6550.0,29453
202607241245,6550.0,6570.0,6530.0,6540.0,23894
202607241300,6540.0,6590.0,6530.0,6550.0,23028
202607241315,6550.0,6630.0,6550.0,6620.0,25308
202607241330,6620.0,6650.0,6590.0,6590.0,28569
202607241345,6600.0,6650.0,6590.0,6630.0,20915
202607241400,6630.0,6650.0,6600.0,6650.0,23861
202607241415,6640.0,6650.0,6610.0,6630.0,20112
202607241430,6630.0,6640.0,6600.0,6610.0,28729
202607241445,6610.0,6610.0,6580.0,6600.0,54858
202607241500,6590.0,6600.0,6560.0,6560.0,62929
202607241515,6560.0,6580.0,6560.0,6560.0,28846
202607270900,6780.0,6840.0,6620.0,6790.0,219300
202607270915,6780.0,6955.0,6780.0,6940.0,302999
202607270930,6940.0,7030.0,6840.0,6980.0,174211
202607270945,6970.0,7040.0,6910.0,6915.0,140021
202607271000,6915.0,7000.0,6850.0,6870.0,95800
202607271015,6870.0,6880.0,6720.0,6770.0,95323
202607271030,6770.0,6900.0,6770.0,6800.0,70388
202607271045,6790.0,6850.0,6740.0,6790.0,42388
202607271100,6795.0,6840.0,6740.0,6750.0,35688
202607271115,6760.0,6810.0,6740.0,6770.0,39304
202607271130,6760.0,6800.0,6740.0,6770.0,27219
202607271145,6760.0,6780.0,6730.0,6730.0,27845
202607271200,6740.0,6750.0,6700.0,6740.0,28194
202607271215,6730.0,6770.0,6700.0,6705.0,22155
202607271230,6705.0,6740.0,6680.0,6720.0,30165
202607271245,6700.0,6700.0,6630.0,6660.0,41170
202607271300,6660.0,6680.0,6640.0,6660.0,21936
202607271315,6660.0,6730.0,6660.0,6690.0,20405
202607271330,6680.0,6720.0,6680.0,6720.0,23680
202607271345,6720.0,6720.0,6680.0,6680.0,24402
202607271400,6680.0,6710.0,6660.0,6670.0,22883
202607271415,6670.0,6730.0,6670.0,6690.0,25723
202607271430,6700.0,6710.0,6670.0,6680.0,27801
202607271445,6670.0,6680.0,6620.0,6630.0,40684
202607271500,6620.0,6670.0,6610.0,6670.0,48767
202607271515,6670.0,6710.0,6660.0,6710.0,27274
202607280900,6370.0,6520.0,6260.0,6290.0,171642
202607280915,6290.0,6310.0,6200.0,6210.0,145604
202607280930,6220.0,6240.0,6160.0,6170.0,70740
202607280945,6170.0,6210.0,6150.0,6160.0,52936
202607281000,6160.0,6190.0,6150.0,6170.0,45933
202607281015,6160.0,6190.0,6150.0,6170.0,27647
202607281030,6170.0,6190.0,6150.0,6180.0,33406
202607281045,6170.0,6190.0,6130.0,6140.0,66437
202607281100,6140.0,6160.0,6050.0,6100.0,80856
202607281115,6100.0,6160.0,6080.0,6120.0,19684
202607281130,6120.0,6150.0,6090.0,6120.0,25194
202607281145,6120.0,6130.0,6090.0,6100.0,30115
202607281200,6100.0,6100.0,6100.0,6100.0,11
202607281230,6100.0,6180.0,6060.0,6150.0,52908
202607281245,6150.0,6170.0,6120.0,6140.0,29141
202607281300,6140.0,6150.0,6100.0,6140.0,13948
202607281315,6140.0,6190.0,6130.0,6160.0,25447
202607281330,6160.0,6160.0,6130.0,6150.0,48943
202607281345,6160.0,6190.0,6150.0,6170.0,18178
202607281400,6170.0,6200.0,6140.0,6140.0,38344
202607281415,6140.0,6160.0,6080.0,6090.0,53345
202607281430,6090.0,6095.0,6050.0,6070.0,45293
202607281445,6070.0,6130.0,6060.0,6100.0,49562
202607281500,6110.0,6170.0,6080.0,6170.0,87718
202607281515,6170.0,6200.0,6160.0,6200.0,47927
202607290900,6490.0,6580.0,6310.0,6320.0,402733
202607290915,6330.0,6430.0,6070.0,6140.0,223479
202607290930,6150.0,6220.0,6070.0,6170.0,138062
202607290945,6170.0,6200.0,6010.0,6030.0,176679
202607291000,6020.0,6110.0,5880.0,5920.0,124483
202607291015,5930.0,6000.0,5890.0,5970.0,74540
202607291030,5970.0,5990.0,5820.0,5820.0,121264
202607291045,5830.0,5840.0,5710.0,5760.0,117497
202607291100,5770.0,5890.0,5740.0,5800.0,69376
202607291115,5800.0,5820.0,5730.0,5800.0,106503
202607291130,5800.0,5800.0,5660.0,5680.0,91616
202607291145,5680.0,5700.0,5610.0,5640.0,49207
202607291200,5640.0,5740.0,5600.0,5650.0,66007
202607291215,5640.0,5650.0,5610.0,5620.0,10768
202607291245,5620.0,5640.0,5570.0,5600.0,56011
202607291300,5610.0,5695.0,5570.0,5570.0,76909
202607291315,5570.0,5580.0,5500.0,5530.0,124990
202607291330,5530.0,5650.0,5510.0,5630.0,107256
202607291345,5640.0,5820.0,5610.0,5770.0,93741
202607291400,5770.0,5840.0,5740.0,5800.0,80892
202607291415,5810.0,5830.0,5720.0,5750.0,44895
202607291430,5750.0,5870.0,5740.0,5790.0,45921
202607291445,5780.0,5830.0,5760.0,5800.0,67685
202607291500,5800.0,5940.0,5780.0,5910.0,153562
202607291515,5910.0,5960.0,5890.0,5960.0,62847
202607300900,6040.0,6180.0,5820.0,6080.0,233425
202607300915,6080.0,6090.0,5850.0,5970.0,128638
202607300930,5970.0,5970.0,5620.0,5740.0,162416
202607300945,5740.0,5780.0,5620.0,5710.0,64066
202607301000,5710.0,5890.0,5670.0,5750.0,86341
202607301015,5720.0,5890.0,5720.0,5880.0,37850
202607301030,5880.0,5990.0,5880.0,5940.0,101247
202607301045,5950.0,6020.0,5910.0,5950.0,87714
202607301100,5950.0,5960.0,5760.0,5770.0,73159
202607301115,5760.0,5850.0,5760.0,5790.0,48658
202607301130,5780.0,5790.0,5690.0,5710.0,40878
202607301145,5710.0,5770.0,5670.0,5710.0,36822
202607301200,5700.0,5730.0,5610.0,5620.0,43255
202607301215,5620.0,5630.0,5600.0,5610.0,65142
202607301230,5610.0,5700.0,5610.0,5700.0,30555
202607301245,5700.0,5740.0,5680.0,5710.0,22642
202607301300,5720.0,5720.0,5630.0,5650.0,35764
202607301315,5650.0,5710.0,5650.0,5710.0,24335
202607301330,5710.0,5730.0,5620.0,5620.0,19487
202607301345,5640.0,5660.0,5620.0,5630.0,19707
202607301400,5630.0,5650.0,5560.0,5630.0,61920
202607301415,5630.0,5660.0,5590.0,5600.0,35920
202607301430,5595.0,5640.0,5560.0,5640.0,23445
202607301445,5640.0,5640.0,5550.0,5590.0,46122
202607301500,5570.0,5590.0,5560.0,5590.0,31536
202607301515,5580.0,5580.0,5550.0,5550.0,57077
202607310900,6000.0,6140.0,5830.0,6080.0,429683
202607310915,6060.0,6210.0,6010.0,6200.0,277444
202607310930,6200.0,6230.0,6130.0,6200.0,206686
202607310945,6200.0,6220.0,6100.0,6200.0,103287
202607311000,6200.0,6250.0,6170.0,6240.0,129757
202607311015,6250.0,6250.0,6090.0,6100.0,100121
202607311030,6110.0,6140.0,6020.0,6040.0,83394
202607311045,6030.0,6090.0,5980.0,6090.0,89709
202607311100,6090.0,6100.0,6000.0,6010.0,67727
202607311115,6010.0,6120.0,6000.0,6120.0,41494
202607311130,6120.0,6140.0,6100.0,6120.0,47922
202607311145,6130.0,6140.0,6100.0,6110.0,27903
202607311200,6110.0,6130.0,6090.0,6100.0,21846
202607311215,6100.0,6135.0,6090.0,6110.0,25281
202607311230,6110.0,6130.0,6090.0,6110.0,30965
202607311245,6110.0,6130.0,6100.0,6120.0,27939
202607311300,6120.0,6120.0,6080.0,6090.0,24882
202607311315,6090.0,6140.0,6080.0,6130.0,37731
202607311330,6140.0,6140.0,6110.0,6120.0,25494
202607311345,6130.0,6150.0,6120.0,6140.0,46278
202607311400,6150.0,6250.0,6140.0,6230.0,212930
202607311415,6230.0,6280.0,6210.0,6280.0,120170
202607311430,6280.0,6290.0,6180.0,6250.0,70750
202607311445,6230.0,6280.0,6210.0,6270.0,91738
202607311500,6260.0,6270.0,6220.0,6230.0,57541
202607311515,6230.0,6260.0,6190.0,6190.0,81716
202608030900,6180.0,6340.0,6070.0,6240.0,429928
202608030915,6240.0,6450.0,6190.0,6430.0,434380
202608030930,6410.0,6530.0,6350.0,6500.0,276934
202608030945,6500.0,6570.0,6450.0,6570.0,179169
202608031000,6570.0,6610.0,6500.0,6530.0,156667
202608031015,6540.0,6800.0,6530.0,6770.0,262349
202608031030,6770.0,6930.0,6750.0,6880.0,426283
202608031045,6880.0,6930.0,6810.0,6830.0,161948
202608031100,6830.0,7050.0,6810.0,7000.0,328260
202608031115,7000.0,7000.0,6870.0,6910.0,162521
202608031130,6890.0,6940.0,6790.0,6800.0,108622
202608031145,6800.0,6820.0,6710.0,6730.0,124744
202608031200,6730.0,6770.0,6700.0,6720.0,60672
202608031215,6730.0,6750.0,6660.0,6720.0,67576
202608031230,6720.0,6860.0,6710.0,6820.0,59160
202608031245,6820.0,6880.0,6775.0,6840.0,44730
202608031300,6840.0,6840.0,6740.0,6760.0,59147
202608031315,6760.0,6790.0,6740.0,6770.0,30974
202608031330,6770.0,6800.0,6710.0,6730.0,53647
202608031345,6735.0,6770.0,6660.0,6750.0,59632
202608031400,6750.0,6770.0,6670.0,6720.0,36674
202608031415,6720.0,6770.0,6700.0,6770.0,35013
202608031430,6770.0,6770.0,6730.0,6770.0,27778
202608031445,6770.0,6770.0,6680.0,6700.0,64349
202608031500,6700.0,6710.0,6630.0,6680.0,79258
202608031515,6680.0,6690.0,6640.0,6640.0,50280
202608040900,6840.0,6980.0,6760.0,6870.0,382483
202608040915,6860.0,7260.0,6850.0,6995.0,527436
202608040930,6990.0,7020.0,6850.0,6960.0,197464
202608040945,6960.0,6970.0,6800.0,6810.0,109250
202608041000,6810.0,7070.0,6800.0,7020.0,144876
202608041015,7015.0,7120.0,6950.0,7090.0,128945
202608041030,7110.0,7150.0,7030.0,7130.0,92590
202608041045,7120.0,7160.0,7050.0,7060.0,102959
202608041100,7050.0,7070.0,6990.0,6990.0,54606
202608041115,6990.0,7055.0,6990.0,7040.0,52364
202608041130,7040.0,7090.0,7040.0,7040.0,26480
202608041145,7040.0,7070.0,6990.0,7010.0,45636
202608041200,7010.0,7020.0,6910.0,6920.0,55683
202608041215,6920.0,6990.0,6910.0,6970.0,44369
202608041230,6970.0,7000.0,6960.0,6970.0,30904
202608041245,6970.0,7000.0,6950.0,6980.0,20656
202608041300,6980.0,7020.0,6960.0,6990.0,39577
202608041315,6990.0,7020.0,6980.0,6980.0,37088
202608041330,6980.0,7000.0,6950.0,6970.0,33318
202608041345,6970.0,6990.0,6950.0,6980.0,22262
202608041400,6980.0,6990.0,6910.0,6990.0,56954
202608041415,6990.0,7050.0,6950.0,7050.0,53815
202608041430,7040.0,7060.0,7020.0,7020.0,37781
202608041445,7020.0,7070.0,7010.0,7070.0,63037
202608041500,7070.0,7070.0,7030.0,7060.0,59100
202608041515,7050.0,7080.0,7050.0,7070.0,75181
202608050900,7130.0,7450.0,7070.0,7425.0,468675
202608050915,7425.0,7700.0,7390.0,7530.0,441076
202608050930,7530.0,7580.0,7470.0,7490.0,167839
202608050945,7490.0,7580.0,7480.0,7520.0,108928
202608051000,7520.0,7620.0,7430.0,7560.0,174367
202608051015,7560.0,7560.0,7440.0,7460.0,64122
202608051030,7460.0,7520.0,7430.0,7490.0,58886
202608051045,7490.0,7540.0,7450.0,7530.0,49403
202608051100,7530.0,7580.0,7510.0,7540.0,55512
202608051115,7540.0,7550.0,7510.0,7520.0,25736
202608051130,7530.0,7540.0,7500.0,7540.0,33720
202608051145,7540.0,7600.0,7530.0,7600.0,84680
202608051200,7590.0,7650.0,7570.0,7640.0,100626
202608051215,7640.0,7650.0,7540.0,7550.0,73837
202608051230,7560.0,7600.0,7540.0,7590.0,26871
202608051245,7590.0,7590.0,7540.0,7540.0,32995
202608051300,7540.0,7560.0,7530.0,7540.0,27704
202608051315,7530.0,7540.0,7440.0,7440.0,92103
202608051330,7440.0,7470.0,7430.0,7440.0,60512
202608051345,7440.0,7500.0,7430.0,7490.0,54174
202608051400,7490.0,7540.0,7480.0,7520.0,48314
202608051415,7530.0,7600.0,7520.0,7550.0,96045
202608051430,7540.0,7600.0,7540.0,7580.0,74918
202608051445,7580.0,7640.0,7580.0,7630.0,117635
202608051500,7625.0,7650.0,7600.0,7630.0,155658
202608051515,7630.0,7650.0,7610.0,7640.0,103750
202608060900,7770.0,7780.0,7150.0,7220.0,961590
202608060915,7230.0,7250.0,7090.0,7170.0,272817
202608060930,7170.0,7250.0,7100.0,7210.0,136000
202608060945,7210.0,7230.0,7080.0,7080.0,132096
202608061000,7090.0,7190.0,7050.0,7080.0,125127
202608061015,7080.0,7090.0,7000.0,7030.0,103149
202608061030,7030.0,7100.0,7000.0,7050.0,60101
202608061045,7050.0,7100.0,7040.0,7080.0,37006
202608061100,7080.0,7130.0,7040.0,7130.0,33611
202608061115,7120.0,7200.0,7110.0,7200.0,53109
202608061130,7190.0,7330.0,7190.0,7310.0,93191
202608061145,7310.0,7320.0,7180.0,7220.0,65849
202608061200,7220.0,7280.0,7200.0,7220.0,37499
202608061215,7230.0,7240.0,7170.0,7190.0,28379
202608061230,7190.0,7190.0,7150.0,7170.0,22563
202608061245,7170.0,7190.0,7160.0,7190.0,20901
202608061300,7180.0,7180.0,7140.0,7150.0,33501
202608061315,7150.0,7250.0,7130.0,7240.0,37091
202608061330,7240.0,7270.0,7200.0,7220.0,33112
202608061345,7230.0,7300.0,7220.0,7280.0,41452
202608061400,7280.0,7320.0,7240.0,7270.0,39701
202608061415,7270.0,7300.0,7230.0,7240.0,29561
202608061430,7240.0,7240.0,7180.0,7230.0,40753
202608061445,7240.0,7250.0,7160.0,7210.0,32205
202608061500,7210.0,7220.0,7160.0,7170.0,46817
202608061515,7170.0,7170.0,7150.0,7160.0,35635
202608070900,7330.0,7420.0,7250.0,7280.0,261507
202608070915,7270.0,7330.0,7170.0,7280.0,142393
202608070930,7290.0,7340.0,7140.0,7140.0,121048
202608070945,7150.0,7150.0,7030.0,7100.0,115860
202608071000,7090.0,7100.0,6920.0,6950.0,160294
202608071015,6950.0,6960.0,6810.0,6850.0,154485
202608071030,6850.0,6860.0,6760.0,6830.0,115984
202608071045,6840.0,6840.0,6750.0,6790.0,54125
202608071100,6790.0,6840.0,6780.0,6810.0,44386
202608071115,6810.0,6840.0,6790.0,6800.0,37133
202608071130,6800.0,6810.0,6780.0,6810.0,24032
202608071145,6800.0,6850.0,6800.0,6830.0,13816
202608071200,6830.0,6870.0,6830.0,6830.0,23721
202608071215,6840.0,6840.0,6810.0,6830.0,16828
202608071230,6830.0,6860.0,6810.0,6820.0,22169
202608071245,6820.0,6830.0,6770.0,6800.0,48905
202608071300,6800.0,6850.0,6790.0,6840.0,19507
202608071315,6850.0,6880.0,6800.0,6870.0,23359
202608071330,6860.0,6890.0,6860.0,6880.0,17215
202608071345,6870.0,6880.0,6820.0,6870.0,18892
202608071400,6870.0,6960.0,6850.0,6950.0,31874
202608071415,6940.0,6995.0,6920.0,6940.0,26909
202608071430,6940.0,6950.0,6910.0,6910.0,30810
202608071445,6910.0,6950.0,6900.0,6930.0,23813
202608071500,6930.0,6980.0,6920.0,6970.0,28772
202608071515,6970.0,6990.0,6960.0,6980.0,43123
202608100900,6930.0,7110.0,6920.0,7060.0,151218
202608100915,7060.0,7220.0,7020.0,7190.0,146151
202608100930,7190.0,7300.0,7180.0,7290.0,155569
202608100945,7290.0,7360.0,7260.0,7300.0,152267
202608101000,7310.0,7340.0,7260.0,7320.0,68269
202608101015,7320.0,7400.0,7320.0,7360.0,113701
202608101030,7350.0,7390.0,7280.0,7380.0,92681
202608101045,7380.0,7450.0,7350.0,7350.0,108159
202608101100,7350.0,7370.0,7300.0,7340.0,46313
202608101115,7340.0,7370.0,7300.0,7320.0,41002
202608101130,7320.0,7390.0,7310.0,7380.0,37065
202608101145,7380.0,7380.0,7330.0,7350.0,19824
202608101200,7340.0,7370.0,7330.0,7340.0,19517
202608101215,7340.0,7360.0,7310.0,7330.0,24517
202608101230,7320.0,7350.0,7300.0,7330.0,23281
202608101245,7330.0,7340.0,7310.0,7340.0,21085
202608101300,7340.0,7360.0,7320.0,7350.0,26195
202608101315,7350.0,7360.0,7320.0,7330.0,20070
202608101330,7320.0,7320.0,7230.0,7260.0,55161
202608101345,7250.0,7280.0,7200.0,7230.0,43837
202608101400,7230.0,7320.0,7230.0,7290.0,28679
202608101415,7300.0,7330.0,7280.0,7330.0,28113
202608101430,7320.0,7330.0,7280.0,7310.0,34172
202608101445,7310.0,7350.0,7290.0,7350.0,44583
202608101500,7350.0,7400.0,7340.0,7380.0,76759
202608101515,7370.0,7390.0,7360.0,7370.0,50312
202608110900,7370.0,7390.0,7120.0,7270.0,209345
202608110915,7260.0,7290.0,7190.0,7260.0,138479
202608110930,7260.0,7430.0,7250.0,7420.0,161992
202608110945,7420.0,7500.0,7410.0,7450.0,164615
202608111000,7450.0,7450.0,7320.0,7370.0,98415
202608111015,7370.0,7370.0,7230.0,7250.0,104334
202608111030,7240.0,7290.0,7230.0,7260.0,43535
202608111045,7260.0,7260.0,7200.0,7205.0,77268
202608111100,7210.0,7240.0,7200.0,7240.0,36977
202608111115,7210.0,7290.0,7210.0,7290.0,20540
202608111130,7290.0,7320.0,7260.0,7320.0,22722
202608111145,7320.0,7320.0,7260.0,7290.0,25408
202608111200,7290.0,7320.0,7250.0,7300.0,20992
202608111215,7300.0,7300.0,7270.0,7270.0,13067
202608111230,7270.0,7300.0,7230.0,7240.0,38938
202608111245,7240.0,7290.0,7230.0,7280.0,21460
202608111300,7280.0,7300.0,7270.0,7280.0,18454
202608111315,7280.0,7280.0,7250.0,7270.0,12915
202608111330,7280.0,7300.0,7270.0,7270.0,14019
202608111345,7270.0,7370.0,7270.0,7370.0,46316
202608111400,7370.0,7400.0,7340.0,7380.0,54282
202608111415,7380.0,7390.0,7360.0,7380.0,55132
202608111430,7390.0,7400.0,7370.0,7370.0,52632
202608111445,7380.0,7390.0,7360.0,7370.0,38307
202608111500,7370.0,7490.0,7370.0,7470.0,114976
202608111515,7460.0,7470.0,7430.0,7440.0,41709
202608120900,7290.0,7380.0,7200.0,7230.0,138870
202608120915,7240.0,7310.0,7230.0,7260.0,67028
202608120930,7260.0,7330.0,7250.0,7310.0,55886
202608120945,7300.0,7380.0,7290.0,7380.0,57259
202608121000,7380.0,7460.0,7350.0,7460.0,82818
202608121015,7460.0,7550.0,7440.0,7530.0,108829
202608121030,7520.0,7570.0,7460.0,7560.0,120368
202608121045,7560.0,7610.0,7500.0,7570.0,138573
202608121100,7570.0,7580.0,7470.0,7530.0,50011
202608121115,7530.0,7570.0,7520.0,7530.0,32485
202608121130,7520.0,7540.0,7490.0,7530.0,38464
202608121145,7530.0,7560.0,7510.0,7550.0,40091
202608121200,7540.0,7570.0,7520.0,7530.0,31998
202608121215,7530.0,7590.0,7520.0,7580.0,63490
202608121230,7580.0,7580.0,7520.0,7540.0,34890
202608121245,7540.0,7560.0,7530.0,7540.0,30391
202608121300,7540.0,7600.0,7540.0,7560.0,60872
202608121315,7560.0,7580.0,7540.0,7550.0,31119
202608121330,7540.0,7550.0,7510.0,7520.0,31601
202608121345,7520.0,7550.0,7510.0,7540.0,25026
202608121400,7540.0,7570.0,7510.0,7540.0,43567
202608121415,7540.0,7540.0,7500.0,7530.0,29512
202608121430,7530.0,7540.0,7510.0,7540.0,27317
202608121445,7540.0,7560.0,7520.0,7560.0,38498
202608121500,7550.0,7570.0,7550.0,7550.0,43887
202608121515,7560.0,7560.0,7540.0,7540.0,32110
202608130900,7590.0,7780.0,7500.0,7550.0,333995
202608130915,7540.0,7720.0,7490.0,7690.0,177069
202608130930,7680.0,7720.0,7610.0,7700.0,113924
202608130945,7700.0,7820.0,7680.0,7790.0,207110
202608131000,7790.0,7890.0,7720.0,7760.0,192045
202608131015,7760.0,7770.0,7700.0,7700.0,68154
202608131030,7710.0,7760.0,7700.0,7760.0,45234
202608131045,7760.0,7790.0,7730.0,7770.0,46434
202608131100,7770.0,7780.0,7740.0,7770.0,34025
202608131115,7770.0,7780.0,7760.0,7780.0,35552
202608131130,7770.0,7780.0,7710.0,7750.0,34360
202608131145,7750.0,7770.0,7740.0,7760.0,32343
202608131200,7760.0,7760.0,7730.0,7750.0,15639
202608131215,7760.0,7770.0,7740.0,7750.0,20104
202608131230,7750.0,7750.0,7740.0,7750.0,25170
202608131245,7740.0,7770.0,7740.0,7760.0,21596
202608131300,7760.0,7760.0,7710.0,7720.0,41928
202608131315,7720.0,7750.0,7710.0,7720.0,26319
202608131330,7720.0,7770.0,7700.0,7720.0,53197
202608131345,7730.0,7760.0,7720.0,7730.0,46734
202608131400,7750.0,7800.0,7750.0,7770.0,65977
202608131415,7770.0,7780.0,7750.0,7770.0,28493
202608131430,7770.0,7770.0,7670.0,7690.0,69571
202608131445,7700.0,7740.0,7690.0,7720.0,47710
202608131500,7710.0,7730.0,7660.0,7710.0,59498
202608131515,7700.0,7730.0,7690.0,7720.0,47646
202608140900,7620.0,7990.0,7560.0,7970.0,378426
202608140915,7980.0,8040.0,7730.0,7870.0,383205
202608140930,7860.0,7910.0,7840.0,7860.0,138298
202608140945,7865.0,7870.0,7490.0,7490.0,216725
202608141000,7490.0,7530.0,7360.0,7360.0,143299
202608141015,7360.0,7450.0,7350.0,7430.0,67111
202608141030,7430.0,7450.0,7400.0,7440.0,47512
202608141045,7440.0,7490.0,7440.0,7480.0,36548
202608141100,7480.0,7500.0,7440.0,7470.0,29146
202608141115,7470.0,7480.0,7410.0,7420.0,53731
202608141130,7420.0,7450.0,7400.0,7430.0,39663
202608141145,7430.0,7430.0,7350.0,7370.0,60394
202608141200,7370.0,7400.0,7360.0,7390.0,21701
202608141215,7390.0,7440.0,7390.0,7420.0,21319
202608141230,7410.0,7430.0,7390.0,7400.0,20892
202608141245,7410.0,7420.0,7400.0,7410.0,21283
202608141300,7410.0,7460.0,7400.0,7460.0,19081
202608141315,7450.0,7470.0,7430.0,7440.0,22378
202608141330,7440.0,7450.0,7430.0,7430.0,26044
202608141345,7440.0,7460.0,7430.0,7450.0,14443
202608141400,7450.0,7460.0,7410.0,7440.0,32067
202608141415,7440.0,7440.0,7410.0,7420.0,19174
202608141430,7425.0,7450.0,7420.0,7430.0,21025
202608141445,7430.0,7470.0,7420.0,7470.0,29653
202608141500,7470.0,7480.0,7450.0,7470.0,40559
202608141515,7470.0,7470.0,7460.0,7470.0,26163
202608180900,7590.0,7610.0,7300.0,7310.0,186130
202608180915,7310.0,7330.0,7260.0,7310.0,101872
202608180930,7310.0,7380.0,7300.0,7370.0,71144
202608180945,7370.0,7430.0,7370.0,7390.0,52620
202608181000,7400.0,7410.0,7380.0,7380.0,22524
202608181015,7390.0,7390.0,7360.0,7360.0,27072
202608181030,7360.0,7370.0,7280.0,7290.0,68219
202608181045,7290.0,7290.0,7230.0,7250.0,64526
202608181100,7250.0,7280.0,7230.0,7230.0,36534
202608181115,7230.0,7250.0,7200.0,7200.0,70314
202608181130,7200.0,7240.0,7150.0,7210.0,56508
202608181145,7200.0,7200.0,7160.0,7160.0,27220
202608181200,7170.0,7180.0,7150.0,7150.0,18217
202608181215,7160.0,7160.0,7100.0,7100.0,46798
202608181230,7110.0,7110.0,7070.0,7100.0,32370
202608181245,7100.0,7110.0,7090.0,7105.0,33726
202608181300,7100.0,7150.0,7100.0,7150.0,15433
202608181315,7140.0,7150.0,7110.0,7140.0,21085
202608181330,7140.0,7150.0,7120.0,7120.0,13280
202608181345,7120.0,7170.0,7110.0,7150.0,24515
202608181400,7150.0,7160.0,7100.0,7110.0,21134
202608181415,7110.0,7110.0,7060.0,7070.0,61621
202608181430,7070.0,7070.0,7010.0,7020.0,45022
202608181445,7030.0,7030.0,7010.0,7020.0,27666
202608181500,7010.0,7020.0,6980.0,7000.0,102197
202608181515,7000.0,7030.0,6990.0,7030.0,26811
202608190900,6710.0,6710.0,6550.0,6600.0,125062
202608190915,6600.0,6680.0,6550.0,6670.0,110561
202608190930,6670.0,6900.0,6670.0,6890.0,56106
202608190945,6900.0,6970.0,6840.0,6890.0,47636
202608191000,6870.0,7050.0,6750.0,7020.0,62927
202608191015,7010.0,7030.0,6960.0,7000.0,25749
202608191030,7010.0,7030.0,6910.0,6990.0,37866
202608191045,6990.0,6990.0,6890.0,6910.0,21582
202608191100,6910.0,6920.0,6850.0,6890.0,24891
202608191115,6890.0,6950.0,6880.0,6950.0,17036
202608191130,6950.0,6970.0,6890.0,6890.0,11288
202608191145,6900.0,6960.0,6890.0,6920.0,7141
202608191200,6920.0,6940.0,6910.0,6930.0,6906
202608191215,6940.0,6960.0,6920.0,6930.0,10113
202608191230,6930.0,6950.0,6920.0,6920.0,10596
202608191245,6930.0,6940.0,6890.0,6900.0,12541
202608191300,6910.0,6910.0,6830.0,6870.0,20075
202608191315,6830.0,6930.0,6820.0,6920.0,15994
202608191330,6910.0,6910.0,6850.0,6850.0,11499
202608191345,6860.0,6900.0,6840.0,6870.0,12480
202608191400,6870.0,6930.0,6860.0,6860.0,14318
202608191415,6860.0,6890.0,6840.0,6880.0,13428
202608191430,6880.0,6890.0,6840.0,6840.0,12424
202608191445,6840.0,6870.0,6840.0,6860.0,19492
202608191500,6860.0,6860.0,6800.0,6800.0,26355
202608191515,6800.0,6820.0,6800.0,6820.0,15316
202608200900,6940.0,6990.0,6920.0,6930.0,56162
202608200915,6930.0,6940.0,6850.0,6900.0,45077
202608200930,6900.0,7000.0,6890.0,7000.0,34082
202608200945,7000.0,7010.0,6990.0,6990.0,42985
202608201000,6990.0,6990.0,6900.0,6940.0,19291
202608201015,6930.0,6990.0,6910.0,6990.0,29619
202608201030,6990.0,7020.0,6980.0,7020.0,40598
202608201045,7020.0,7040.0,6990.0,7000.0,29748
202608201100,7000.0,7010.0,6990.0,7000.0,14879
202608201115,6990.0,7020.0,6990.0,7015.0,14701
202608201130,7010.0,7020.0,6980.0,6990.0,11821
202608201145,6990.0,7000.0,6960.0,7000.0,15957
202608201200,7000.0,7000.0,6970.0,6980.0,6559
202608201215,6980.0,6990.0,6960.0,6980.0,16353
202608201230,6980.0,6980.0,6950.0,6950.0,13698
202608201245,6960.0,7000.0,6950.0,6970.0,9598
202608201300,6970.0,6990.0,6940.0,6950.0,16765
202608201315,6950.0,6990.0,6940.0,6970.0,22061
202608201330,6980.0,6980.0,6910.0,6920.0,11607
202608201345,6910.0,6970.0,6900.0,6920.0,16335
202608201400,6915.0,6920.0,6880.0,6920.0,23738
202608201415,6920.0,6940.0,6880.0,6940.0,15203
202608201430,6940.0,6940.0,6890.0,6900.0,8230
202608201445,6900.0,6910.0,6880.0,6885.0,21929
202608201500,6890.0,6890.0,6870.0,6880.0,19465
202608201515,6880.0,6890.0,6880.0,6890.0,9329
202608210900,6610.0,6620.0,6570.0,6600.0,79793
202608210915,6590.0,6650.0,6590.0,6590.0,30178
202608210930,6600.0,6600.0,6580.0,6600.0,24431
202608210945,6600.0,6600.0,6570.0,6580.0,35379
202608211000,6580.0,6580.0,6550.0,6580.0,47965
202608211015,6580.0,6590.0,6550.0,6590.0,22682
202608211030,6590.0,6590.0,6570.0,6580.0,15639
202608211045,6580.0,6590.0,6570.0,6580.0,31652
202608211100,6580.0,6600.0,6570.0,6600.0,15875
202608211115,6600.0,6640.0,6590.0,6610.0,26654
202608211130,6610.0,6620.0,6590.0,6600.0,13841
202608211145,6600.0,6650.0,6590.0,6640.0,11545
202608211200,6640.0,6650.0,6610.0,6610.0,11487
202608211215,6610.0,6620.0,6600.0,6610.0,5164
202608211230,6610.0,6640.0,6600.0,6630.0,11294
202608211245,6630.0,6640.0,6620.0,6620.0,8751
202608211300,6620.0,6630.0,6600.0,6610.0,22085
202608211315,6610.0,6630.0,6600.0,6620.0,10918
202608211330,6620.0,6630.0,6610.0,6630.0,15445
202608211345,6630.0,6670.0,6620.0,6660.0,17216
202608211400,6660.0,6660.0,6630.0,6650.0,15615
202608211415,6650.0,6650.0,6630.0,6640.0,6348
202608211430,6640.0,6650.0,6610.0,6620.0,31026
202608211445,6620.0,6630.0,6600.0,6610.0,17211
202608211500,6610.0,6630.0,6600.0,6620.0,22277
202608211515,6620.0,6630.0,6620.0,6630.0,22492
202608240900,6670.0,6730.0,6660.0,6680.0,46891
202608240915,6680.0,6680.0,6590.0,6600.0,48150
202608240930,6600.0,6640.0,6560.0,6640.0,37803
202608240945,6640.0,6690.0,6630.0,6680.0,22149
202608241000,6660.0,6700.0,6630.0,6700.0,27666
202608241015,6700.0,6710.0,6650.0,6680.0,25142
202608241030,6680.0,6680.0,6610.0,6610.0,15539
202608241045,6610.0,6640.0,6610.0,6620.0,12689
202608241100,6620.0,6650.0,6610.0,6645.0,14155
202608241115,6640.0,6700.0,6630.0,6680.0,19917
202608241130,6680.0,6690.0,6600.0,6650.0,18034
202608241145,6650.0,6660.0,6580.0,6610.0,12530
202608241200,6610.0,6610.0,6580.0,6590.0,9097
202608241215,6590.0,6590.0,6570.0,6570.0,9262
202608241230,6570.0,6600.0,6570.0,6590.0,11118
202608241245,6590.0,6590.0,6560.0,6570.0,19760
202608241300,6560.0,6570.0,6550.0,6570.0,10724
202608241315,6570.0,6570.0,6550.0,6570.0,18945
202608241330,6570.0,6580.0,6550.0,6570.0,14160
202608241345,6570.0,6590.0,6560.0,6580.0,15379
202608241400,6590.0,6600.0,6570.0,6580.0,8456
202608241415,6575.0,6590.0,6540.0,6540.0,33025
202608241430,6530.0,6550.0,6520.0,6530.0,18070
202608241445,6530.0,6540.0,6520.0,6540.0,13688
202608241500,6530.0,6540.0,6520.0,6540.0,22236
202608241515,6530.0,6540.0,6530.0,6540.0,11595
202608250900,6670.0,6670.0,6330.0,6330.0,125826
202608250915,6340.0,6360.0,6310.0,6350.0,40423
202608250930,6350.0,6390.0,6330.0,6380.0,43854
202608250945,6380.0,6400.0,6370.0,6370.0,24762
202608251000,6380.0,6380.0,6330.0,6340.0,27926
202608251015,6330.0,6350.0,6310.0,6330.0,28998
202608251030,6330.0,6350.0,6320.0,6340.0,15639
202608251045,6340.0,6380.0,6340.0,6360.0,24010
202608251100,6360.0,6360.0,6330.0,6350.0,15385
202608251115,6350.0,6370.0,6340.0,6370.0,18432
202608251130,6370.0,6370.0,6340.0,6350.0,13006
202608251145,6350.0,6350.0,6340.0,6340.0,7337
202608251200,6350.0,6370.0,6340.0,6360.0,14954
202608251215,6360.0,6400.0,6350.0,6400.0,24459
202608251230,6400.0,6400.0,6380.0,6390.0,29562
202608251245,6385.0,6390.0,6370.0,6380.0,16511
202608251300,6385.0,6430.0,6380.0,6430.0,19439
202608251315,6430.0,6480.0,6420.0,6450.0,14627
202608251330,6440.0,6450.0,6430.0,6440.0,18538
202608251345,6440.0,6450.0,6440.0,6440.0,10995
202608251400,6440.0,6450.0,6420.0,6430.0,26195
202608251415,6430.0,6450.0,6420.0,6450.0,31075
202608251430,6440.0,6500.0,6430.0,6470.0,22982
202608251445,6470.0,6500.0,6470.0,6500.0,17732
202608251500,6500.0,6580.0,6490.0,6550.0,26584
202608251515,6560.0,6570.0,6550.0,6570.0,22027
202608260900,6500.0,6570.0,6470.0,6490.0,47296
202608260915,6490.0,6500.0,6400.0,6410.0,70339
202608260930,6420.0,6420.0,6350.0,6380.0,84276
202608260945,6390.0,6410.0,6370.0,6390.0,32085
202608261000,6390.0,6420.0,6380.0,6420.0,20023
202608261015,6420.0,6420.0,6370.0,6380.0,41052
202608261030,6380.0,6420.0,6360.0,6410.0,23228
202608261045,6410.0,6420.0,6390.0,6420.0,9918
202608261100,6420.0,6420.0,6410.0,6410.0,12241
202608261115,6410.0,6420.0,6410.0,6420.0,16874
202608261130,6420.0,6420.0,6410.0,6420.0,28811
202608261145,6420.0,6440.0,6410.0,6430.0,38292
202608261200,6430.0,6430.0,6410.0,6420.0,13784
202608261215,6420.0,6450.0,6420.0,6440.0,11775
202608261230,6450.0,6460.0,6440.0,6460.0,8527
202608261245,6460.0,6490.0,6450.0,6490.0,20836
202608261300,6490.0,6510.0,6480.0,6510.0,20028
202608261315,6510.0,6510.0,6500.0,6500.0,10782
202608261330,6500.0,6520.0,6500.0,6510.0,14305
202608261345,6510.0,6530.0,6500.0,6520.0,12586
202608261400,6520.0,6520.0,6490.0,6510.0,22817
202608261415,6510.0,6510.0,6440.0,6450.0,27227
202608261430,6450.0,6510.0,6440.0,6490.0,23163
202608261445,6490.0,6520.0,6450.0,6510.0,21906
202608261500,6510.0,6520.0,6500.0,6510.0,16325
202608261515,6510.0,6520.0,6500.0,6500.0,11246
202608270900,6390.0,6530.0,6380.0,6500.0,43230
202608270915,6510.0,6550.0,6500.0,6520.0,43427
202608270930,6520.0,6520.0,6480.0,6490.0,37414
202608270945,6490.0,6500.0,6400.0,6420.0,62414
202608271000,6420.0,6450.0,6400.0,6440.0,26477
202608271015,6440.0,6510.0,6420.0,6480.0,20205
202608271030,6480.0,6480.0,6440.0,6480.0,16318
202608271045,6470.0,6500.0,6460.0,6500.0,19521
202608271100,6500.0,6530.0,6500.0,6530.0,22216
202608271115,6530.0,6540.0,6520.0,6540.0,22927
202608271130,6530.0,6560.0,6530.0,6560.0,25806
202608271145,6560.0,6570.0,6550.0,6560.0,8098
202608271200,6560.0,6600.0,6550.0,6600.0,25337
202608271215,6590.0,6640.0,6580.0,6610.0,33222
202608271230,6610.0,6620.0,6570.0,6600.0,17300
202608271245,6600.0,6600.0,6570.0,6590.0,13861
202608271300,6590.0,6600.0,6570.0,6580.0,13536
202608271315,6580.0,6580.0,6550.0,6560.0,15230
202608271330,6560.0,6590.0,6550.0,6590.0,16304
202608271345,6590.0,6600.0,6570.0,6590.0,17708
202608271400,6590.0,6600.0,6580.0,6590.0,11515
202608271415,6590.0,6600.0,6570.0,6590.0,17243
202608271430,6590.0,6590.0,6570.0,6580.0,14769
202608271445,6590.0,6610.0,6580.0,6590.0,32558
202608271500,6590.0,6600.0,6580.0,6600.0,21318
202608271515,6590.0,6600.0,6580.0,6600.0,30107
202608280900,6540.0,6650.0,6490.0,6630.0,44923
202608280915,6630.0,6630.0,6520.0,6540.0,40072
202608280930,6540.0,6560.0,6500.0,6530.0,41076
202608280945,6530.0,6550.0,6510.0,6520.0,16939
202608281000,6520.0,6550.0,6520.0,6540.0,13618
202608281015,6540.0,6540.0,6510.0,6520.0,19670
202608281030,6520.0,6520.0,6500.0,6510.0,13194
202608281045,6510.0,6540.0,6500.0,6540.0,15150
202608281100,6540.0,6550.0,6510.0,6540.0,11224
202608281115,6550.0,6550.0,6530.0,6550.0,10638
202608281130,6550.0,6550.0,6540.0,6550.0,10850
202608281145,6550.0,6570.0,6540.0,6560.0,11894
202608281200,6570.0,6620.0,6560.0,6620.0,23137
202608281215,6620.0,6630.0,6610.0,6630.0,19940
202608281230,6630.0,6630.0,6600.0,6600.0,14057
202608281245,6600.0,6620.0,6570.0,6610.0,18060
202608281300,6620.0,6620.0,6600.0,6620.0,13295
202608281315,6620.0,6630.0,6610.0,6625.0,13623
202608281330,6625.0,6630.0,6600.0,6610.0,14313
202608281345,6610.0,6620.0,6600.0,6620.0,13410
202608281400,6620.0,6620.0,6600.0,6600.0,16503
202608281415,6600.0,6610.0,6590.0,6600.0,10641
202608281430,6600.0,6600.0,6580.0,6590.0,16470
202608281445,6590.0,6590.0,6580.0,6590.0,20809
202608281500,6590.0,6630.0,6580.0,6620.0,28361
202608281515,6620.0,6650.0,6620.0,6650.0,27619
202608310900,6430.0,6460.0,6290.0,6370.0,107217
202608310915,6370.0,6440.0,6340.0,6440.0,48361
202608310930,6440.0,6490.0,6400.0,6460.0,29833
202608310945,6460.0,6460.0,6350.0,6370.0,43110
202608311000,6360.0,6360.0,6310.0,6340.0,42953
202608311015,6340.0,6360.0,6310.0,6360.0,26949
202608311030,6360.0,6360.0,6310.0,6330.0,22974
202608311045,6330.0,6340.0,6310.0,6330.0,23039
202608311100,6330.0,6350.0,6310.0,6310.0,25315
202608311115,6320.0,6335.0,6300.0,6300.0,24872
202608311130,6310.0,6320.0,6300.0,6320.0,17917
202608311145,6320.0,6350.0,6310.0,6340.0,13174
202608311200,6340.0,6390.0,6340.0,6390.0,13677
202608311215,6390.0,6390.0,6350.0,6370.0,26162
202608311230,6380.0,6400.0,6370.0,6375.0,11414
202608311245,6375.0,6380.0,6360.0,6370.0,10160
202608311300,6370.0,6380.0,6360.0,6370.0,10906
202608311315,6370.0,6405.0,6370.0,6400.0,11840
202608311330,6400.0,6450.0,6390.0,6420.0,26094
202608311345,6410.0,6510.0,6410.0,6480.0,42560
202608311400,6480.0,6550.0,6480.0,6510.0,20606
202608311415,6510.0,6540.0,6500.0,6530.0,20782
202608311430,6530.0,6530.0,6480.0,6520.0,28551
202608311445,6520.0,6540.0,6500.0,6520.0,23785
202608311500,6520.0,6570.0,6500.0,6570.0,35992
202608311515,6570.0,6590.0,6550.0,6550.0,30358
202609010900,6490.0,6570.0,6370.0,6420.0,113637
202609010915,6420.0,6460.0,6390.0,6400.0,68980
202609010930,6410.0,6420.0,6380.0,6400.0,51278
202609010945,6400.0,6420.0,6380.0,6420.0,40329
202609011000,6420.0,6440.0,6380.0,6400.0,62999
202609011015,6400.0,6400.0,6350.0,6360.0,44882
202609011030,6360.0,6370.0,6350.0,6370.0,25922
202609011045,6370.0,6370.0,6310.0,6320.0,68280
202609011100,6320.0,6330.0,6300.0,6310.0,52027
202609011115,6310.0,6330.0,6280.0,6290.0,85478
202609011130,6290.0,6300.0,6270.0,6280.0,42081
202609011145,6270.0,6300.0,6260.0,6300.0,33770
202609011200,6290.0,6300.0,6290.0,6300.0,14452
202609011215,6300.0,6310.0,6290.0,6290.0,19582
202609011230,6300.0,6310.0,6290.0,6290.0,14442
202609011245,6290.0,6320.0,6290.0,6310.0,14149
202609011300,6310.0,6320.0,6270.0,6290.0,33813
202609011315,6290.0,6300.0,6280.0,6300.0,24514
202609011330,6300.0,6300.0,6280.0,6290.0,17252
202609011345,6290.0,6290.0,6270.0,6270.0,25033
202609011400,6280.0,6280.0,6260.0,6260.0,37531
202609011415,6270.0,6270.0,6250.0,6260.0,47060
202609011430,6250.0,6300.0,6250.0,6300.0,48353
202609011445,6290.0,6320.0,6280.0,6310.0,26960
202609011500,6320.0,6340.0,6300.0,6310.0,30222
202609011515,6300.0,6310.0,6290.0,6290.0,22246
202609020900,6100.0,6150.0,6050.0,6120.0,69562
202609020915,6120.0,6250.0,6120.0,6250.0,37572
202609020930,6240.0,6280.0,6210.0,6240.0,28804
202609020945,6240.0,6240.0,6180.0,6210.0,36728
202609021000,6200.0,6230.0,6170.0,6210.0,17721
202609021015,6220.0,6230.0,6180.0,6190.0,18367
202609021030,6190.0,6200.0,6160.0,6160.0,17191
202609021045,6190.0,6190.0,6150.0,6180.0,14274
202609021100,6170.0,6200.0,6150.0,6200.0,10356
202609021115,6200.0,6240.0,6170.0,6220.0,35271
202609021130,6220.0,6230.0,6200.0,6220.0,7907
202609021145,6220.0,6240.0,6200.0,6220.0,15862
202609021200,6220.0,6220.0,6200.0,6210.0,9826
202609021215,6210.0,6220.0,6160.0,6160.0,19514
202609021230,6160.0,6170.0,6150.0,6160.0,7638
202609021245,6160.0,6180.0,6150.0,6170.0,8542
202609021300,6170.0,6170.0,6150.0,6150.0,10662
202609021315,6160.0,6200.0,6140.0,6160.0,14524
202609021330,6160.0,6180.0,6150.0,6160.0,7633
202609021345,6160.0,6190.0,6150.0,6150.0,13314
202609021400,6150.0,6180.0,6150.0,6180.0,16002
202609021415,6180.0,6210.0,6170.0,6210.0,20803
202609021430,6210.0,6210.0,6170.0,6180.0,10549
202609021445,6190.0,6200.0,6160.0,6170.0,16630
202609021500,6180.0,6190.0,6160.0,6170.0,20307
202609021515,6170.0,6190.0,6140.0,6140.0,37546
202609030900,6250.0,6250.0,6100.0,6120.0,48044
202609030915,6140.0,6160.0,6080.0,6110.0,67289
202609030930,6110.0,6180.0,6100.0,6110.0,68951
202609030945,6110.0,6130.0,6090.0,6130.0,29880
202609031000,6130.0,6220.0,6130.0,6170.0,25045
202609031015,6170.0,6200.0,6140.0,6150.0,16089
202609031030,6150.0,6190.0,6150.0,6170.0,15507
202609031045,6170.0,6170.0,6120.0,6140.0,13436
202609031100,6140.0,6180.0,6120.0,6170.0,12081
202609031115,6170.0,6170.0,6150.0,6150.0,7095
202609031130,6160.0,6160.0,6120.0,6140.0,12313
202609031145,6140.0,6140.0,6120.0,6130.0,13332
202609031200,6140.0,6170.0,6130.0,6170.0,26098
202609031215,6170.0,6190.0,6150.0,6160.0,10946
202609031230,6170.0,6170.0,6150.0,6160.0,10177
202609031245,6160.0,6170.0,6150.0,6160.0,7096
202609031300,6170.0,6190.0,6150.0,6190.0,9771
202609031315,6190.0,6200.0,6160.0,6170.0,10711
202609031330,6170.0,6220.0,6150.0,6170.0,23118
202609031345,6170.0,6180.0,6150.0,6150.0,8805
202609031400,6150.0,6160.0,6100.0,6110.0,38310
202609031415,6100.0,6100.0,6010.0,6020.0,97767
202609031430,6020.0,6070.0,6020.0,6050.0,29734
202609031445,6050.0,6100.0,6020.0,6100.0,29497
202609031500,6100.0,6110.0,6070.0,6070.0,19616
202609031515,6090.0,6090.0,6060.0,6060.0,16480
202609040900,6210.0,6320.0,6180.0,6280.0,182254
202609040915,6280.0,6410.0,6280.0,6360.0,279764
202609040930,6355.0,6380.0,6230.0,6230.0,141139
202609040945,6240.0,6310.0,6230.0,6260.0,68386
202609041000,6260.0,6290.0,6250.0,6260.0,43045
202609041015,6260.0,6260.0,6200.0,6230.0,56779
202609041030,6230.0,6240.0,6200.0,6235.0,26369
202609041045,6235.0,6280.0,6220.0,6280.0,30043
202609041100,6280.0,6340.0,6270.0,6330.0,65873
202609041115,6330.0,6340.0,6250.0,6270.0,27473
202609041130,6270.0,6300.0,6250.0,6280.0,24701
202609041145,6280.0,6330.0,6280.0,6300.0,25332
202609041200,6300.0,6320.0,6290.0,6300.0,21187
202609041215,6300.0,6300.0,6270.0,6280.0,11910
202609041230,6280.0,6320.0,6280.0,6310.0,26481
202609041245,6310.0,6310.0,6270.0,6290.0,14830
202609041300,6290.0,6290.0,6260.0,6290.0,14253
202609041315,6280.0,6300.0,6270.0,6290.0,13570
202609041330,6290.0,6310.0,6280.0,6310.0,25770
202609041345,6310.0,6400.0,6300.0,6370.0,111479
202609041400,6380.0,6380.0,6310.0,6320.0,41960
202609041415,6330.0,6370.0,6320.0,6320.0,46722
202609041430,6320.0,6330.0,6260.0,6270.0,33232
202609041445,6270.0,6300.0,6250.0,6280.0,41596
202609041500,6280.0,6300.0,6240.0,6260.0,59729
202609041515,6260.0,6280.0,6260.0,6270.0,41779
202609070900,6350.0,6570.0,6350.0,6430.0,230452
202609070915,6430.0,6440.0,6360.0,6420.0,118236
202609070930,6420.0,6480.0,6380.0,6430.0,111501
202609070945,6430.0,6450.0,6380.0,6390.0,54366
202609071000,6390.0,6420.0,6360.0,6410.0,48740
202609071015,6400.0,6410.0,6380.0,6380.0,53689
202609071030,6380.0,6400.0,6370.0,6390.0,25232
202609071045,6380.0,6400.0,6360.0,6400.0,29347
202609071100,6400.0,6415.0,6370.0,6370.0,23054
202609071115,6380.0,6380.0,6360.0,6380.0,20890
202609071130,6380.0,6390.0,6370.0,6390.0,12527
202609071145,6390.0,6390.0,6360.0,6370.0,12053
202609071200,6370.0,6370.0,6350.0,6350.0,22014
202609071215,6350.0,6360.0,6310.0,6340.0,51090
202609071230,6340.0,6340.0,6320.0,6320.0,16748
202609071245,6320.0,6340.0,6310.0,6320.0,16533
202609071300,6330.0,6330.0,6280.0,6290.0,50674
202609071315,6280.0,6300.0,6270.0,6290.0,52972
202609071330,6290.0,6300.0,6280.0,6280.0,29021
202609071345,6280.0,6290.0,6280.0,6290.0,16198
202609071400,6290.0,6300.0,6270.0,6290.0,39256
202609071415,6290.0,6300.0,6280.0,6300.0,14405
202609071430,6300.0,6320.0,6280.0,6320.0,33968
202609071445,6320.0,6320.0,6300.0,6310.0,19358
202609071500,6310.0,6320.0,6290.0,6290.0,26724
202609071515,6290.0,6300.0,6290.0,6300.0,16892
202609080900,6220.0,6400.0,6190.0,6310.0,100879
202609080915,6320.0,6320.0,6270.0,6300.0,72785
202609080930,6300.0,6300.0,6230.0,6260.0,86510
202609080945,6260.0,6340.0,6240.0,6300.0,78881
202609081000,6300.0,6410.0,6290.0,6410.0,110016
202609081015,6410.0,6450.0,6370.0,6440.0,80039
202609081030,6450.0,6450.0,6390.0,6400.0,52457
202609081045,6400.0,6440.0,6390.0,6430.0,49289
202609081100,6430.0,6440.0,6410.0,6420.0,38624
202609081115,6420.0,6450.0,6400.0,6430.0,45581
202609081130,6440.0,6440.0,6420.0,6420.0,26716
202609081145,6430.0,6430.0,6400.0,6410.0,24678
202609081200,6410.0,6440.0,6400.0,6400.0,38029
202609081215,6400.0,6410.0,6370.0,6390.0,38505
202609081230,6390.0,6410.0,6380.0,6400.0,38978
202609081245,6400.0,6400.0,6380.0,6390.0,15362
202609081300,6390.0,6400.0,6380.0,6400.0,19043
202609081315,6400.0,6410.0,6380.0,6390.0,34025
202609081330,6390.0,6400.0,6370.0,6380.0,18655
202609081345,6380.0,6380.0,6350.0,6360.0,26596
202609081400,6360.0,6360.0,6320.0,6330.0,60872
202609081415,6330.0,6360.0,6330.0,6340.0,42469
202609081430,6340.0,6350.0,6320.0,6340.0,23704
202609081445,6340.0,6350.0,6300.0,6300.0,36734
202609081500,6310.0,6310.0,6270.0,6290.0,49709
202609081515,6290.0,6290.0,6270.0,6270.0,24968
202609090900,6230.0,6420.0,6220.0,6390.0,118055
202609090915,6390.0,6420.0,6350.0,6360.0,83693
202609090930,6360.0,6390.0,6340.0,6380.0,42752
202609090945,6380.0,6420.0,6370.0,6390.0,61398
202609091000,6390.0,6420.0,6380.0,6390.0,51416
202609091015,6400.0,6410.0,6360.0,6370.0,41804
202609091030,6370.0,6380.0,6350.0,6370.0,38366
202609091045,6360.0,6370.0,6340.0,6370.0,33652
202609091100,6370.0,6420.0,6360.0,6400.0,60852
202609091115,6400.0,6400.0,6370.0,6380.0,26043
202609091130,6380.0,6390.0,6350.0,6380.0,23585
202609091145,6380.0,6380.0,6360.0,6370.0,16146
202609091200,6360.0,6370.0,6340.0,6360.0,17261
202609091215,6360.0,6380.0,6340.0,6380.0,22667
202609091230,6380.0,6380.0,6360.0,6370.0,13622
202609091245,6370.0,6380.0,6330.0,6360.0,26876
202609091300,6360.0,6370.0,6340.0,6350.0,21715
202609091315,6340.0,6360.0,6330.0,6350.0,24646
202609091330,6350.0,6380.0,6350.0,6380.0,20472
202609091345,6370.0,6380.0,6350.0,6380.0,24468
202609091400,6370.0,6380.0,6340.0,6350.0,17296
202609091415,6350.0,6350.0,6310.0,6340.0,40158
202609091430,6340.0,6360.0,6330.0,6360.0,18574
202609091445,6360.0,6370.0,6350.0,6360.0,24564
202609091500,6370.0,6390.0,6360.0,6390.0,44485
202609091515,6380.0,6400.0,6380.0,6400.0,40747
202609100900,6610.0,6630.0,6240.0,6345.0,496441
202609100915,6350.0,6370.0,6300.0,6340.0,92304
202609100930,6330.0,6360.0,6290.0,6330.0,74283
202609100945,6330.0,6360.0,6300.0,6310.0,54826
202609101000,6320.0,6320.0,6240.0,6250.0,69857
202609101015,6250.0,6270.0,6220.0,6240.0,56814
202609101030,6250.0,6280.0,6220.0,6280.0,18068
202609101045,6280.0,6300.0,6250.0,6300.0,23787
202609101100,6290.0,6290.0,6250.0,6280.0,15861
202609101115,6280.0,6320.0,6260.0,6290.0,22885
202609101130,6290.0,6340.0,6290.0,6330.0,27971
202609101145,6330.0,6340.0,6300.0,6320.0,13751
202609101200,6320.0,6390.0,6310.0,6380.0,32134
202609101215,6375.0,6500.0,6360.0,6440.0,64754
202609101230,6440.0,6450.0,6360.0,6360.0,25125
202609101245,6370.0,6400.0,6360.0,6390.0,19345
202609101300,6390.0,6390.0,6360.0,6370.0,19623
202609101315,6370.0,6370.0,6350.0,6350.0,13605
202609101330,6350.0,6380.0,6340.0,6380.0,17082
202609101345,6380.0,6390.0,6360.0,6370.0,19276
202609101400,6370.0,6410.0,6350.0,6360.0,29749
202609101415,6360.0,6370.0,6350.0,6370.0,16994
202609101430,6370.0,6390.0,6370.0,6380.0,27199
202609101445,6380.0,6390.0,6350.0,6380.0,37897
202609101500,6380.0,6400.0,6360.0,6400.0,42752
202609101515,6390.0,6440.0,6380.0,6440.0,147066
202609110900,6270.0,6310.0,6230.0,6230.0,101061
202609110915,6230.0,6300.0,6230.0,6270.0,48209
202609110930,6280.0,6280.0,6210.0,6220.0,88016
202609110945,6220.0,6240.0,6210.0,6230.0,53012
202609111000,6230.0,6270.0,6210.0,6260.0,40326
202609111015,6260.0,6260.0,6230.0,6260.0,15748
202609111030,6260.0,6270.0,6220.0,6230.0,35054
202609111045,6230.0,6270.0,6220.0,6260.0,22778
202609111100,6270.0,6280.0,6250.0,6260.0,18360
202609111115,6260.0,6270.0,6240.0,6260.0,20125
202609111130,6260.0,6260.0,6220.0,6220.0,24247
202609111145,6230.0,6240.0,6220.0,6220.0,20018
202609111200,6220.0,6230.0,6210.0,6220.0,24671
202609111215,6220.0,6230.0,6210.0,6210.0,15388
202609111230,6210.0,6220.0,6180.0,6220.0,80577
202609111245,6220.0,6220.0,6200.0,6210.0,15292
202609111300,6210.0,6210.0,6190.0,6200.0,19791
202609111315,6200.0,6220.0,6190.0,6220.0,17217
202609111330,6220.0,6240.0,6210.0,6210.0,10511
202609111345,6210.0,6230.0,6210.0,6210.0,11516
202609111400,6210.0,6210.0,6200.0,6200.0,26237
202609111415,6200.0,6210.0,6190.0,6190.0,23715
202609111430,6190.0,6200.0,6180.0,6190.0,34170
202609111445,6200.0,6240.0,6180.0,6230.0,32141
202609111500,6220.0,6230.0,6180.0,6190.0,48399
202609111515,6190.0,6200.0,6180.0,6200.0,33444
202609140900,6000.0,6100.0,5950.0,5990.0,112633
202609140915,6000.0,6010.0,5960.0,5980.0,73466
202609140930,5970.0,5980.0,5920.0,5970.0,113142
202609140945,5970.0,6040.0,5960.0,5980.0,57156
202609141000,5980.0,6040.0,5960.0,5970.0,46635
202609141015,5970.0,5980.0,5950.0,5980.0,18610
202609141030,5980.0,6000.0,5960.0,5980.0,17131
202609141045,5980.0,6030.0,5970.0,6030.0,24017
202609141100,6030.0,6040.0,6000.0,6040.0,27648
202609141115,6035.0,6040.0,6010.0,6030.0,17536
202609141130,6030.0,6040.0,6010.0,6040.0,15611
202609141145,6040.0,6060.0,6030.0,6050.0,11748
202609141200,6040.0,6070.0,6040.0,6050.0,15857
202609141215,6050.0,6060.0,6000.0,6040.0,30255
202609141230,6050.0,6060.0,6020.0,6060.0,10056
202609141245,6060.0,6060.0,6030.0,6040.0,7672
202609141300,6040.0,6060.0,6030.0,6050.0,12903
202609141315,6050.0,6060.0,6020.0,6040.0,10027
202609141330,6030.0,6040.0,6010.0,6020.0,18920
202609141345,6020.0,6030.0,6010.0,6030.0,11441
202609141400,6030.0,6030.0,5980.0,5990.0,40536
202609141415,6000.0,6000.0,5970.0,5980.0,26019
202609141430,5980.0,5980.0,5960.0,5960.0,27024
202609141445,5970.0,5990.0,5960.0,5970.0,27142
202609141500,5980.0,5990.0,5970.0,5980.0,20702
202609141515,5980.0,6000.0,5970.0,5970.0,29414
202609150900,5970.0,6030.0,5950.0,6000.0,57049
202609150915,6010.0,6180.0,5990.0,6140.0,83848
202609150930,6140.0,6270.0,6140.0,6240.0,156828
202609150945,6240.0,6310.0,6200.0,6270.0,152198
202609151000,6270.0,6380.0,6230.0,6350.0,155836
202609151015,6340.0,6420.0,6300.0,6360.0,187957
202609151030,6360.0,6380.0,6300.0,6310.0,77450
202609151045,6330.0,6340.0,6300.0,6330.0,45115
202609151100,6330.0,6350.0,6310.0,6340.0,40249
202609151115,6330.0,6360.0,6330.0,6350.0,36386
202609151130,6350.0,6350.0,6320.0,6330.0,24543
202609151145,6330.0,6340.0,6270.0,6300.0,32628
202609151200,6290.0,6310.0,6260.0,6280.0,16232
202609151215,6280.0,6300.0,6270.0,6300.0,18496
202609151230,6300.0,6310.0,6270.0,6290.0,13614
202609151245,6290.0,6290.0,6230.0,6240.0,22727
202609151300,6240.0,6260.0,6230.0,6250.0,16642
202609151315,6250.0,6250.0,6190.0,6210.0,43388
202609151330,6210.0,6250.0,6170.0,6230.0,37272
202609151345,6230.0,6230.0,6180.0,6190.0,28785
202609151400,6190.0,6210.0,6120.0,6120.0,26639
202609151415,6120.0,6240.0,6110.0,6190.0,28722
202609151430,6170.0,6190.0,6140.0,6190.0,22180
202609151445,6190.0,6200.0,6150.0,6150.0,26175
202609151500,6160.0,6160.0,6120.0,6130.0,23214
202609151515,6140.0,6150.0,6130.0,6140.0,25106
202609160900,6070.0,6180.0,6030.0,6080.0,74405
202609160915,6080.0,6130.0,6070.0,6110.0,41295
202609160930,6120.0,6120.0,6050.0,6070.0,35329
202609160945,6070.0,6090.0,6060.0,6080.0,28492
202609161000,6080.0,6080.0,6030.0,6040.0,49624
202609161015,6040.0,6120.0,6030.0,6110.0,25409
202609161030,6110.0,6130.0,6090.0,6100.0,14597
202609161045,6100.0,6100.0,6070.0,6070.0,9695
202609161100,6070.0,6100.0,6040.0,6080.0,14929
202609161115,6090.0,6120.0,6080.0,6090.0,18013
202609161130,6090.0,6100.0,6070.0,6080.0,11001
202609161145,6080.0,6100.0,6070.0,6090.0,10164
202609161200,6090.0,6110.0,6080.0,6100.0,14760
202609161215,6100.0,6120.0,6090.0,6115.0,13506
202609161230,6115.0,6130.0,6080.0,6100.0,29716
202609161245,6100.0,6100.0,6080.0,6090.0,8008
202609161300,6090.0,6120.0,6090.0,6110.0,13521
202609161315,6110.0,6130.0,6100.0,6100.0,12622
202609161330,6110.0,6120.0,6080.0,6080.0,11846
202609161345,6080.0,6090.0,6050.0,6050.0,27030
202609161400,6050.0,6060.0,6040.0,6050.0,18966
202609161415,6050.0,6060.0,6040.0,6055.0,17052
202609161430,6060.0,6060.0,6040.0,6050.0,20454
202609161445,6050.0,6060.0,6040.0,6060.0,19473
202609161500,6050.0,6100.0,6050.0,6090.0,25341
202609161515,6070.0,6090.0,6070.0,6090.0,22217
202609170900,6100.0,6160.0,6080.0,6100.0,55512
202609170915,6100.0,6150.0,6090.0,6120.0,43505
202609170930,6120.0,6210.0,6110.0,6150.0,44873
202609170945,6150.0,6190.0,6120.0,6130.0,14971
202609171000,6130.0,6220.0,6130.0,6200.0,53927
202609171015,6200.0,6200.0,6160.0,6165.0,8331
202609171030,6165.0,6220.0,6150.0,6210.0,31830
202609171045,6210.0,6210.0,6160.0,6180.0,19178
202609171100,6180.0,6180.0,6150.0,6160.0,13324
202609171115,6160.0,6160.0,6140.0,6150.0,4244
202609171130,6150.0,6170.0,6140.0,6160.0,10707
202609171145,6170.0,6170.0,6150.0,6160.0,5867
202609171200,6150.0,6180.0,6150.0,6170.0,9515
202609171215,6170.0,6175.0,6150.0,6170.0,5577
202609171230,6170.0,6190.0,6160.0,6180.0,10750
202609171245,6180.0,6200.0,6170.0,6190.0,13500
202609171300,6200.0,6220.0,6190.0,6190.0,25865
202609171315,6200.0,6220.0,6190.0,6200.0,10045
202609171330,6200.0,6200.0,6160.0,6190.0,14220
202609171345,6190.0,6200.0,6165.0,6170.0,8615
202609171400,6170.0,6200.0,6170.0,6180.0,8186
202609171415,6180.0,6190.0,6150.0,6150.0,10244
202609171430,6150.0,6160.0,6130.0,6130.0,18157
202609171445,6130.0,6140.0,6120.0,6130.0,11625
202609171500,6130.0,6140.0,6110.0,6140.0,17052
202609171515,6140.0,6150.0,6120.0,6130.0,9535
202609180900,6250.0,6360.0,6210.0,6270.0,116970
202609180915,6260.0,6380.0,6260.0,6340.0,97925
202609180930,6340.0,6430.0,6320.0,6430.0,207419
202609180945,6420.0,6430.0,6360.0,6400.0,161747
202609181000,6400.0,6410.0,6350.0,6410.0,84164
202609181015,6410.0,6480.0,6390.0,6420.0,173259
202609181030,6430.0,6540.0,6420.0,6480.0,223792
202609181045,6480.0,6490.0,6400.0,6420.0,80372
202609181100,6420.0,6420.0,6380.0,6410.0,39094
202609181115,6410.0,6440.0,6390.0,6430.0,49375
202609181130,6430.0,6430.0,6370.0,6380.0,29368
202609181145,6385.0,6410.0,6370.0,6400.0,23688
202609181200,6390.0,6420.0,6380.0,6410.0,25981
202609181215,6400.0,6420.0,6390.0,6410.0,26276
202609181230,6410.0,6420.0,6370.0,6370.0,35969
202609181245,6370.0,6400.0,6360.0,6370.0,35678
202609181300,6370.0,6370.0,6310.0,6370.0,50599
202609181315,6370.0,6410.0,6350.0,6400.0,49478
202609181330,6400.0,6400.0,6380.0,6390.0,18560
202609181345,6390.0,6410.0,6380.0,6400.0,28660
202609181400,6400.0,6410.0,6390.0,6400.0,25817
202609181415,6400.0,6410.0,6370.0,6380.0,28143
202609181430,6390.0,6400.0,6370.0,6390.0,17071
202609181445,6390.0,6400.0,6360.0,6370.0,25875
202609181500,6370.0,6400.0,6360.0,6390.0,45380
202609181515,6390.0,6450.0,6380.0,6450.0,233945
202609210900,6420.0,6470.0,6320.0,6360.0,168014
202609210915,6360.0,6400.0,6335.0,6380.0,42400
202609210930,6380.0,6450.0,6380.0,6420.0,51638
202609210945,6420.0,6430.0,6385.0,6410.0,33936
202609211000,6410.0,6640.0,6400.0,6600.0,180096
202609211015,6610.0,6630.0,6540.0,6550.0,93761
202609211030,6550.0,6560.0,6450.0,6490.0,51444
202609211045,6490.0,6500.0,6450.0,6480.0,40162
202609211100,6480.0,6530.0,6470.0,6520.0,27576
202609211115,6515.0,6530.0,6490.0,6510.0,45386
202609211130,6510.0,6520.0,6490.0,6510.0,19630
202609211145,6510.0,6510.0,6450.0,6450.0,29146
202609211200,6460.0,6460.0,6410.0,6410.0,22073
202609211215,6420.0,6480.0,6410.0,6480.0,25354
202609211230,6480.0,6490.0,6460.0,6460.0,11287
202609211245,6460.0,6470.0,6440.0,6470.0,13695
202609211300,6470.0,6470.0,6420.0,6440.0,24844
202609211315,6440.0,6460.0,6430.0,6450.0,26889
202609211330,6450.0,6490.0,6450.0,6490.0,16728
202609211345,6490.0,6490.0,6450.0,6470.0,26116
202609211400,6470.0,6520.0,6460.0,6490.0,58743
202609211415,6500.0,6500.0,6470.0,6480.0,18099
202609211430,6480.0,6490.0,6470.0,6490.0,19160
202609211445,6490.0,6500.0,6470.0,6480.0,31875
202609211500,6480.0,6510.0,6480.0,6500.0,55364
202609211515,6510.0,6520.0,6500.0,6510.0,29721
202609220900,6520.0,6700.0,6520.0,6600.0,226972
202609220915,6610.0,6640.0,6540.0,6630.0,121580
202609220930,6630.0,6640.0,6590.0,6620.0,51437
202609220945,6620.0,6650.0,6590.0,6640.0,90151
202609221000,6650.0,6650.0,6580.0,6590.0,48831
202609221015,6590.0,6590.0,6570.0,6570.0,31030
202609221030,6580.0,6580.0,6530.0,6560.0,51162
202609221045,6570.0,6600.0,6550.0,6590.0,18615
202609221100,6590.0,6600.0,6570.0,6580.0,12559
202609221115,6580.0,6590.0,6570.0,6570.0,33179
202609221130,6570.0,6580.0,6560.0,6570.0,29165
202609221145,6570.0,6590.0,6570.0,6580.0,12986
202609221200,6580.0,6580.0,6540.0,6570.0,23813
202609221215,6560.0,6570.0,6550.0,6570.0,9991
202609221230,6570.0,6570.0,6550.0,6550.0,11973
202609221245,6550.0,6570.0,6500.0,6520.0,53048
202609221300,6510.0,6530.0,6460.0,6470.0,60046
202609221315,6470.0,6480.0,6450.0,6470.0,18779
202609221330,6470.0,6480.0,6440.0,6460.0,39091
202609221345,6470.0,6470.0,6410.0,6420.0,29591
202609221400,6420.0,6460.0,6410.0,6440.0,22634
202609221415,6440.0,6450.0,6410.0,6420.0,16811
202609221430,6420.0,6430.0,6410.0,6420.0,19495
202609221445,6420.0,6460.0,6420.0,6450.0,13309
202609221500,6440.0,6450.0,6400.0,6410.0,49074
202609221515,6410.0,6420.0,6400.0,6400.0,21535
202609230900,6630.0,7030.0,6520.0,6650.0,838522
202609230915,6660.0,6660.0,6560.0,6610.0,154385
202609230930,6610.0,6620.0,6540.0,6550.0,82368
202609230945,6560.0,6570.0,6460.0,6500.0,137799
202609231000,6500.0,6500.0,6460.0,6470.0,50586
202609231015,6460.0,6480.0,6410.0,6420.0,61956
202609231030,6420.0,6440.0,6400.0,6410.0,41904
202609231045,6410.0,6420.0,6310.0,6330.0,114345
202609231100,6330.0,6340.0,6300.0,6310.0,43566
202609231115,6310.0,6360.0,6300.0,6330.0,40644
202609231130,6320.0,6340.0,6300.0,6340.0,42228
202609231145,6340.0,6350.0,6320.0,6340.0,10769
202609231200,6340.0,6350.0,6330.0,6340.0,17380
202609231215,6350.0,6350.0,6340.0,6350.0,12600
202609231230,6350.0,6370.0,6350.0,6350.0,9554
202609231245,6350.0,6360.0,6330.0,6340.0,9390
202609231300,6340.0,6350.0,6330.0,6350.0,12705
202609231315,6350.0,6350.0,6280.0,6310.0,104422
202609231330,6310.0,6330.0,6300.0,6330.0,7617
202609231345,6330.0,6340.0,6320.0,6330.0,16198
202609231400,6330.0,6340.0,6300.0,6310.0,61158
202609231415,6310.0,6315.0,6300.0,6310.0,15374
202609231430,6310.0,6350.0,6300.0,6330.0,15685
202609231445,6330.0,6340.0,6320.0,6330.0,14281
202609231500,6330.0,6330.0,6300.0,6320.0,30508
202609231515,6320.0,6330.0,6300.0,6330.0,27181
202609280900,6120.0,6290.0,6080.0,6260.0,169663
202609280915,6250.0,6310.0,6250.0,6300.0,66413
202609280930,6300.0,6350.0,6280.0,6340.0,76855
202609280945,6340.0,6360.0,6280.0,6290.0,59640
202609281000,6280.0,6340.0,6270.0,6280.0,52011
202609281015,6280.0,6300.0,6250.0,6300.0,31038
202609281030,6300.0,6300.0,6270.0,6270.0,21546
202609281045,6270.0,6270.0,6220.0,6240.0,58859
202609281100,6240.0,6240.0,6210.0,6220.0,22986
202609281115,6220.0,6220.0,6150.0,6190.0,62006
202609281130,6190.0,6200.0,6170.0,6190.0,16663
202609281145,6190.0,6190.0,6160.0,6170.0,22947
202609281200,6170.0,6190.0,6170.0,6180.0,11741
202609281215,6190.0,6190.0,6170.0,6180.0,13771
202609281230,6180.0,6190.0,6170.0,6180.0,19062
202609281245,6190.0,6220.0,6180.0,6210.0,30522
202609281300,6210.0,6220.0,6190.0,6200.0,13054
202609281315,6200.0,6200.0,6180.0,6200.0,39130
202609281330,6200.0,6220.0,6200.0,6210.0,26412
202609281345,6210.0,6210.0,6190.0,6210.0,24970
202609281400,6210.0,6220.0,6190.0,6190.0,13188
202609281415,6190.0,6200.0,6180.0,6190.0,22214
202609281430,6190.0,6200.0,6150.0,6150.0,51822
202609281445,6150.0,6170.0,6140.0,6170.0,29390
202609281500,6170.0,6170.0,6150.0,6150.0,20634
202609281515,6160.0,6170.0,6150.0,6150.0,21188
202609290900,6160.0,6180.0,6050.0,6070.0,122699
202609290915,6080.0,6080.0,6020.0,6060.0,132353
202609290930,6060.0,6060.0,6000.0,6010.0,66153
202609290945,6000.0,6010.0,5950.0,5960.0,136857
202609291000,5970.0,6010.0,5970.0,6010.0,41505
202609291015,6010.0,6030.0,5990.0,6030.0,19089
202609291030,6030.0,6060.0,6010.0,6060.0,25555
202609291045,6050.0,6060.0,6010.0,6030.0,17986
202609291100,6030.0,6030.0,6010.0,6030.0,15245
202609291115,6030.0,6040.0,6010.0,6030.0,11445
202609291130,6020.0,6030.0,6000.0,6020.0,24428
202609291145,6030.0,6030.0,6000.0,6020.0,18297
202609291200,6020.0,6030.0,6000.0,6020.0,15262
202609291215,6020.0,6030.0,6020.0,6020.0,7864
202609291230,6020.0,6050.0,6010.0,6050.0,22069
202609291245,6045.0,6050.0,6020.0,6030.0,7792
202609291300,6030.0,6030.0,5990.0,6000.0,58261
202609291315,6000.0,6020.0,5990.0,6000.0,27425
202609291330,6000.0,6010.0,5990.0,6010.0,9929
202609291345,6005.0,6010.0,5990.0,6000.0,10591
202609291400,6000.0,6000.0,5990.0,5990.0,12923
202609291415,6000.0,6000.0,5970.0,5980.0,49122
202609291430,5970.0,5980.0,5960.0,5960.0,27936
202609291445,5970.0,5990.0,5960.0,5990.0,19151
202609291500,6000.0,6060.0,5990.0,6040.0,35893
202609291515,6040.0,6050.0,6040.0,6050.0,18682
202609300900,6020.0,6145.0,6020.0,6060.0,77133
202609300915,6060.0,6080.0,6040.0,6080.0,41652
202609300930,6080.0,6120.0,6070.0,6090.0,41938
202609300945,6090.0,6100.0,6060.0,6090.0,29075
202609301000,6090.0,6110.0,6080.0,6110.0,26889
202609301015,6110.0,6130.0,6090.0,6110.0,31952
202609301030,6110.0,6110.0,6080.0,6110.0,12705
202609301045,6110.0,6140.0,6090.0,6130.0,23596
202609301100,6130.0,6130.0,6090.0,6100.0,18639
202609301115,6100.0,6110.0,6080.0,6100.0,13800
202609301130,6100.0,6100.0,6060.0,6080.0,25849
202609301145,6080.0,6100.0,6070.0,6080.0,4147
202609301200,6070.0,6080.0,6050.0,6060.0,13655
202609301215,6060.0,6070.0,6060.0,6060.0,9229
202609301230,6060.0,6090.0,6060.0,6070.0,8151
202609301245,6070.0,6080.0,6070.0,6080.0,5145
202609301300,6080.0,6080.0,6060.0,6070.0,10351
202609301315,6070.0,6080.0,6060.0,6070.0,9530
202609301330,6070.0,6080.0,6050.0,6070.0,19519
202609301345,6070.0,6080.0,6050.0,6070.0,8246
202609301400,6070.0,6070.0,6040.0,6040.0,26360
202609301415,6040.0,6050.0,6020.0,6030.0,24287
202609301430,6020.0,6050.0,6020.0,6050.0,18680
202609301445,6050.0,6060.0,6040.0,6045.0,14013
202609301500,6045.0,6050.0,6030.0,6050.0,19991
202609301515,6050.0,6060.0,6040.0,6060.0,14055
202610010900,5980.0,6060.0,5960.0,6010.0,41998
202610010915,6000.0,6020.0,5980.0,6000.0,49258
202610010930,6000.0,6040.0,5990.0,6010.0,25372
202610010945,6010.0,6030.0,6000.0,6010.0,18687
202610011000,6010.0,6100.0,6010.0,6100.0,31101
202610011015,6100.0,6140.0,6070.0,6140.0,45767
202610011030,6140.0,6150.0,6110.0,6130.0,35378
202610011045,6140.0,6140.0,6120.0,6140.0,17981
202610011100,6130.0,6140.0,6120.0,6130.0,13549
202610011115,6130.0,6170.0,6120.0,6160.0,57143
202610011130,6150.0,6170.0,6150.0,6170.0,21948
202610011145,6160.0,6220.0,6160.0,6220.0,62732
202610011200,6220.0,6220.0,6180.0,6190.0,27492
202610011215,6190.0,6220.0,6180.0,6200.0,35862
202610011230,6200.0,6230.0,6200.0,6210.0,33023
202610011245,6220.0,6230.0,6200.0,6220.0,29567
202610011300,6220.0,6220.0,6200.0,6220.0,20572
202610011315,6210.0,6290.0,6200.0,6260.0,82466
202610011330,6260.0,6270.0,6250.0,6250.0,22983
202610011345,6250.0,6270.0,6240.0,6260.0,23091
202610011400,6260.0,6270.0,6250.0,6270.0,22242
202610011415,6270.0,6290.0,6250.0,6290.0,41693
202610011430,6290.0,6340.0,6280.0,6310.0,90652
202610011445,6310.0,6320.0,6295.0,6310.0,28278
202610011500,6310.0,6360.0,6300.0,6350.0,84664
202610011515,6350.0,6370.0,6340.0,6360.0,44909
202610020900,6350.0,6550.0,6350.0,6480.0,218939
202610020915,6480.0,6480.0,6420.0,6470.0,140461
202610020930,6470.0,6510.0,6440.0,6490.0,82675
202610020945,6490.0,6510.0,6470.0,6485.0,47436
202610021000,6485.0,6495.0,6420.0,6480.0,76528
202610021015,6470.0,6520.0,6460.0,6480.0,76581
202610021030,6480.0,6480.0,6400.0,6410.0,62099
202610021045,6420.0,6470.0,6410.0,6470.0,28702
202610021100,6465.0,6480.0,6450.0,6460.0,24048
202610021115,6460.0,6470.0,6440.0,6440.0,15744
202610021130,6445.0,6450.0,6430.0,6450.0,16979
202610021145,6440.0,6460.0,6440.0,6460.0,17837
202610021200,6455.0,6460.0,6420.0,6425.0,19570
202610021215,6420.0,6430.0,6410.0,6420.0,15922
202610021230,6420.0,6420.0,6400.0,6410.0,30863
202610021245,6410.0,6420.0,6390.0,6410.0,37664
202610021300,6420.0,6430.0,6390.0,6410.0,18746
202610021315,6410.0,6410.0,6400.0,6410.0,11122
202610021330,6410.0,6440.0,6410.0,6440.0,28259
202610021345,6440.0,6460.0,6420.0,6460.0,27737
202610021400,6460.0,6470.0,6430.0,6460.0,23759
202610021415,6460.0,6480.0,6450.0,6460.0,35549
202610021430,6460.0,6460.0,6420.0,6440.0,23514
202610021445,6430.0,6460.0,6430.0,6455.0,35017
202610021500,6455.0,6470.0,6440.0,6460.0,25173
202610021515,6470.0,6470.0,6440.0,6450.0,34011
202610060900,6490.0,6740.0,6470.0,6710.0,293238
202610060915,6720.0,6790.0,6680.0,6730.0,243068
202610060930,6740.0,6750.0,6590.0,6600.0,140263
202610060945,6600.0,6635.0,6560.0,6610.0,75187
202610061000,6600.0,6650.0,6590.0,6640.0,50526
202610061015,6630.0,6670.0,6620.0,6670.0,58455
202610061030,6670.0,6690.0,6660.0,6680.0,35506
202610061045,6680.0,6730.0,6660.0,6690.0,101657
202610061100,6690.0,6730.0,6680.0,6705.0,59985
202610061115,6705.0,6720.0,6660.0,6660.0,33770
202610061130,6660.0,6670.0,6630.0,6650.0,30694
202610061145,6650.0,6700.0,6640.0,6700.0,41729
202610061200,6700.0,6730.0,6640.0,6700.0,64745
202610061215,6700.0,6710.0,6670.0,6700.0,31352
202610061230,6710.0,6710.0,6670.0,6680.0,23661
202610061245,6680.0,6680.0,6590.0,6620.0,63686
202610061300,6620.0,6630.0,6530.0,6550.0,78362
202610061315,6560.0,6580.0,6550.0,6560.0,34966
202610061330,6560.0,6570.0,6515.0,6520.0,48979
202610061345,6510.0,6540.0,6500.0,6530.0,42949
202610061400,6530.0,6550.0,6530.0,6530.0,29961
202610061415,6530.0,6550.0,6530.0,6540.0,28017
202610061430,6540.0,6550.0,6520.0,6530.0,40568
202610061445,6530.0,6540.0,6500.0,6510.0,40405
202610061500,6510.0,6530.0,6500.0,6520.0,36439
202610061515,6520.0,6550.0,6515.0,6540.0,34729
