202601020945,778000.0,780000.0,765000.0,766000.0,3328
202601021000,766000.0,773000.0,757000.0,766000.0,14365
202601021015,766000.0,769000.0,761000.0,766000.0,8007
202601021030,766000.0,772000.0,764000.0,765000.0,7697
202601021045,764000.0,769000.0,760000.0,766000.0,7172
202601021100,766000.0,767000.0,763000.0,765000.0,4044
202601021115,765000.0,766000.0,762000.0,762000.0,4358
202601021130,762000.0,764000.0,761000.0,762000.0,6371
202601021145,763000.0,763000.0,761000.0,763000.0,5096
202601021200,762000.0,764000.0,761000.0,763000.0,2855
202601021215,764000.0,768000.0,762000.0,766000.0,4359
202601021230,767000.0,769000.0,766000.0,766000.0,3047
202601021245,766000.0,768000.0,762000.0,765000.0,5086
202601021300,765000.0,768000.0,762000.0,765000.0,5048
202601021315,764000.0,766000.0,762000.0,762000.0,3484
202601021330,762000.0,764000.0,761000.0,762000.0,4036
202601021345,762000.0,764000.0,760000.0,762000.0,5262
202601021400,760000.0,763000.0,760000.0,761000.0,3622
202601021415,761000.0,762000.0,760000.0,761000.0,4800
202601021430,760000.0,762000.0,759000.0,761000.0,5078
202601021445,761000.0,762000.0,760000.0,760000.0,4087
202601021500,760000.0,763000.0,760000.0,760000.0,4171
202601021515,760000.0,763000.0,760000.0,763000.0,4305
202601050900,781000.0,792000.0,778000.0,786000.0,25973
202601050915,786000.0,799000.0,785000.0,796000.0,20374
202601050930,795000.0,796000.0,786000.0,787000.0,9916
202601050945,787000.0,790000.0,780000.0,783000.0,9555
202601051000,782000.0,785000.0,779000.0,782000.0,5044
202601051015,783000.0,791000.0,782000.0,790000.0,4174
202601051030,789000.0,791000.0,787000.0,787000.0,4410
202601051045,788000.0,798000.0,787000.0,795000.0,7151
202601051100,795000.0,803000.0,790000.0,798000.0,12817
202601051115,797000.0,798000.0,792000.0,793000.0,4228
202601051130,794000.0,796000.0,792000.0,793000.0,3168
202601051145,793000.0,796000.0,791000.0,793000.0,3758
202601051200,793000.0,794000.0,790000.0,791000.0,3655
202601051215,791000.0,794000.0,789000.0,790000.0,3657
202601051230,790000.0,791000.0,786000.0,786500.0,3997
202601051245,786000.0,788000.0,783000.0,786000.0,4308
202601051300,786000.0,791000.0,784000.0,791000.0,3342
202601051315,790000.0,791000.0,787000.0,789000.0,3798
202601051330,790000.0,795000.0,788000.0,792000.0,4096
202601051345,792000.0,799000.0,791000.0,793000.0,7760
202601051400,793000.0,797000.0,791000.0,794000.0,3844
202601051415,793000.0,794000.0,790000.0,791000.0,4188
202601051430,790000.0,793000.0,790000.0,792000.0,3980
202601051445,791000.0,793000.0,788000.0,791000.0,7202
202601051500,791000.0,798000.0,790000.0,796000.0,8766
202601051515,796000.0,799000.0,793000.0,799000.0,8522
202601060900,803000.0,803000.0,773000.0,774000.0,13146
202601060915,775000.0,791000.0,765000.0,778000.0,13551
202601060930,778000.0,782000.0,774000.0,782000.0,6926
202601060945,781000.0,781000.0,775000.0,776500.0,5293
202601061000,776500.0,782000.0,776000.0,782000.0,3774
202601061015,782000.0,782000.0,777000.0,781000.0,4183
202601061030,781000.0,783000.0,779000.0,782000.0,3445
202601061045,782000.0,786000.0,782000.0,784000.0,3045
202601061100,784000.0,785000.0,779000.0,781000.0,3197
202601061115,780000.0,783000.0,780000.0,781000.0,2310
202601061130,782000.0,782000.0,779000.0,781000.0,3727
202601061145,780000.0,785000.0,779000.0,783000.0,2552
202601061200,783000.0,786000.0,782000.0,784000.0,3041
202601061215,784000.0,785000.0,782000.0,785000.0,3114
202601061230,785000.0,786000.0,784000.0,785000.0,2635
202601061245,785000.0,789000.0,783000.0,789000.0,4111
202601061300,789000.0,792000.0,788000.0,791000.0,3398
202601061315,790000.0,800000.0,789000.0,799000.0,4969
202601061330,800000.0,803000.0,794000.0,795000.0,9087
202601061345,795000.0,799000.0,792000.0,792000.0,6074
202601061400,793000.0,793000.0,785500.0,787000.0,5491
202601061415,787000.0,793000.0,786000.0,792000.0,5456
202601061430,792000.0,794000.0,787000.0,788500.0,5265
202601061445,788000.0,793000.0,787000.0,792000.0,6497
202601061500,793000.0,795000.0,791000.0,793000.0,5697
202601061515,793000.0,798000.0,793000.0,798000.0,4831
202601070900,787000.0,798000.0,785000.0,788000.0,9376
202601070915,789000.0,792000.0,782000.0,784000.0,7554
202601070930,783000.0,785000.0,777000.0,778000.0,8565
202601070945,778000.0,785000.0,778000.0,782000.0,5608
202601071000,783000.0,786000.0,777000.0,777000.0,6196
202601071015,778000.0,781000.0,776000.0,777000.0,4786
202601071030,778000.0,780000.0,774000.0,775000.0,6634
202601071045,775000.0,778000.0,773000.0,775000.0,7621
202601071100,774000.0,780000.0,774000.0,778000.0,2600
202601071115,778000.0,780000.0,775000.0,776000.0,3174
202601071130,776000.0,777000.0,771000.0,771000.0,8601
202601071145,771000.0,774000.0,771000.0,774000.0,8212
202601071200,774000.0,774000.0,771000.0,771000.0,4405
202601071215,772000.0,772000.0,771000.0,771000.0,3566
202601071230,771000.0,772000.0,768000.0,769000.0,8992
202601071245,768000.0,769000.0,763000.0,763000.0,8446
202601071300,763000.0,764000.0,756000.0,756000.0,12043
202601071315,757000.0,759000.0,749000.0,751000.0,15101
202601071330,751000.0,753000.0,749000.0,753000.0,10202
202601071345,752000.0,754000.0,751000.0,751000.0,7782
202601071400,752000.0,757000.0,751000.0,756000.0,6299
202601071415,756000.0,758000.0,754000.0,755000.0,7360
202601071430,755000.0,756000.0,752000.0,753000.0,7736
202601071445,753000.0,754000.0,750000.0,751000.0,10851
202601071500,751000.0,756000.0,750000.0,755000.0,11950
202601071515,755000.0,758000.0,755000.0,758000.0,7823
202601080900,755000.0,759000.0,748000.0,754000.0,10116
202601080915,754000.0,766000.0,752000.0,763000.0,9088
202601080930,763000.0,780000.0,762000.0,778000.0,18709
202601080945,778000.0,780000.0,773000.0,777000.0,11437
202601081000,778000.0,780000.0,768000.0,769000.0,8982
202601081015,769000.0,771000.0,764000.0,765000.0,5304
202601081030,765000.0,768000.0,762000.0,767000.0,3540
202601081045,767000.0,772000.0,760000.0,763000.0,7030
202601081100,763000.0,766000.0,760000.0,762000.0,4208
202601081115,762000.0,765000.0,761000.0,762000.0,2774
202601081130,763000.0,765000.0,760000.0,761000.0,3320
202601081145,762000.0,762000.0,756000.0,758000.0,4392
202601081200,758000.0,761000.0,757000.0,760000.0,2762
202601081215,760000.0,761000.0,758000.0,760000.0,2968
202601081230,759000.0,761000.0,758000.0,758000.0,2733
202601081245,759000.0,761000.0,758000.0,761000.0,2577
202601081300,761000.0,766000.0,760000.0,761000.0,3289
202601081315,761000.0,767000.0,760000.0,764000.0,4035
202601081330,764000.0,765000.0,761000.0,765000.0,3279
202601081345,764000.0,768000.0,762000.0,765000.0,4305
202601081400,764000.0,770000.0,763000.0,765000.0,5018
202601081415,765000.0,769000.0,764000.0,765000.0,3499
202601081430,764000.0,766000.0,762000.0,763000.0,3179
202601081445,763000.0,765000.0,758000.0,758000.0,5147
202601081500,759000.0,761000.0,757000.0,758000.0,6125
202601081515,758000.0,762000.0,758000.0,759000.0,14988
202601090900,756000.0,757000.0,747000.0,749000.0,10969
202601090915,748000.0,750000.0,740000.0,743000.0,11386
202601090930,744000.0,744000.0,740000.0,743000.0,8670
202601090945,743000.0,743000.0,738000.0,740000.0,8641
202601091000,740000.0,741000.0,736000.0,737000.0,9189
202601091015,737000.0,741000.0,735000.0,739000.0,9236
202601091030,740000.0,742000.0,735000.0,740000.0,7158
202601091045,740000.0,744000.0,738000.0,743000.0,3539
202601091100,743000.0,747000.0,742000.0,745000.0,3463
202601091115,745000.0,747000.0,744000.0,745000.0,2792
202601091130,745000.0,748000.0,745000.0,747000.0,2970
202601091145,747000.0,749000.0,746000.0,747000.0,2961
202601091200,748000.0,748000.0,745000.0,747000.0,2321
202601091215,745000.0,750000.0,745000.0,747000.0,2913
202601091230,746000.0,747000.0,745000.0,745000.0,2533
202601091245,745000.0,746000.0,742000.0,744000.0,4281
202601091300,743000.0,745000.0,741000.0,742000.0,4137
202601091315,742000.0,748000.0,741000.0,747000.0,4301
202601091330,747000.0,750000.0,745000.0,747000.0,3939
202601091345,747000.0,747000.0,742000.0,742000.0,3963
202601091400,742000.0,745000.0,741000.0,741000.0,4050
202601091415,741000.0,744000.0,740000.0,740000.0,6088
202601091430,740000.0,742000.0,739000.0,740000.0,6165
202601091445,740000.0,744000.0,739000.0,743000.0,5330
202601091500,743000.0,747000.0,741000.0,747000.0,5172
202601091515,747000.0,748000.0,745000.0,747000.0,6181
202601120900,763000.0,774000.0,760000.0,764000.0,16809
202601120915,764000.0,772000.0,762000.0,769000.0,8981
202601120930,768000.0,773000.0,767000.0,773000.0,7664
202601120945,773000.0,779000.0,771000.0,778000.0,11938
202601121000,778000.0,780000.0,776000.0,780000.0,8071
202601121015,780000.0,781000.0,774000.0,775000.0,6282
202601121030,774000.0,779000.0,774000.0,777000.0,3385
202601121045,777000.0,779000.0,777000.0,778000.0,4130
202601121100,777000.0,779000.0,775000.0,779000.0,3810
202601121115,779000.0,779000.0,773000.0,774000.0,3393
202601121130,774000.0,777000.0,774000.0,776000.0,2129
202601121145,775000.0,780000.0,775000.0,778000.0,3854
202601121200,778000.0,779000.0,772000.0,772000.0,4322
202601121215,774000.0,776000.0,772000.0,774000.0,2208
202601121230,773000.0,774000.0,771000.0,773000.0,2140
202601121245,772000.0,773000.0,767000.0,770000.0,3889
202601121300,770000.0,771000.0,763000.0,763000.0,4492
202601121315,763000.0,769000.0,754000.0,761000.0,7742
202601121330,761000.0,764000.0,760000.0,761000.0,3019
202601121345,761000.0,762000.0,756000.0,760000.0,4563
202601121400,763000.0,764000.0,758000.0,762000.0,2665
202601121415,762000.0,764000.0,760000.0,761000.0,2339
202601121430,760000.0,762000.0,753000.0,753000.0,4503
202601121445,754000.0,764000.0,754000.0,762000.0,5944
202601121500,762000.0,769000.0,762000.0,767000.0,3890
202601121515,767000.0,770000.0,766000.0,770000.0,4309
202601130900,772000.0,773000.0,764000.0,767000.0,4766
202601130915,767000.0,775000.0,766000.0,775000.0,3017
202601130930,774000.0,777000.0,771000.0,773500.0,3578
202601130945,774000.0,775000.0,769000.0,770000.0,2192
202601131000,770000.0,772000.0,767000.0,769000.0,2172
202601131015,768000.0,775000.0,768000.0,772000.0,3188
202601131030,773000.0,774000.0,769000.0,769000.0,2546
202601131045,769000.0,773000.0,767000.0,769000.0,1711
202601131100,769000.0,770000.0,767000.0,768000.0,2092
202601131115,768000.0,768000.0,762000.0,764000.0,3923
202601131130,764000.0,765000.0,763000.0,763000.0,1718
202601131145,763000.0,768000.0,763000.0,765000.0,1663
202601131200,765000.0,770000.0,765000.0,769000.0,1888
202601131215,769500.0,771000.0,767000.0,768000.0,2458
202601131230,768000.0,772000.0,768000.0,770000.0,1941
202601131245,769000.0,770000.0,769000.0,769000.0,1204
202601131300,769000.0,773000.0,769000.0,771000.0,2536
202601131315,772000.0,774000.0,771000.0,771000.0,2046
202601131330,771000.0,773000.0,770000.0,771000.0,2075
202601131345,770000.0,775000.0,770000.0,775000.0,3764
202601131400,774000.0,776000.0,774000.0,775000.0,4310
202601131415,775000.0,778000.0,775000.0,778000.0,4013
202601131430,778000.0,786000.0,777000.0,784000.0,9155
202601131445,784000.0,789000.0,783000.0,786000.0,8671
202601131500,786000.0,788000.0,785000.0,788000.0,6176
202601131515,788000.0,788000.0,784000.0,787000.0,5016
202601140900,792000.0,804000.0,790000.0,793000.0,15557
202601140915,793000.0,822000.0,791000.0,822000.0,28930
202601140930,821000.0,822000.0,810000.0,820000.0,17956
202601140945,819000.0,828000.0,816500.0,827000.0,17091
202601141000,827000.0,838000.0,824000.0,831000.0,26564
202601141015,831000.0,841000.0,831000.0,835000.0,26768
202601141030,836000.0,848000.0,831000.0,831000.0,21677
202601141045,831000.0,834000.0,825000.0,831000.0,11522
202601141100,831000.0,838000.0,831000.0,832000.0,8023
202601141115,832000.0,835000.0,830000.0,835000.0,4175
202601141130,835000.0,838000.0,832000.0,838000.0,4801
202601141145,838000.0,838000.0,833000.0,833000.0,3895
202601141200,834000.0,834000.0,830000.0,834000.0,3999
202601141215,834000.0,837000.0,832000.0,837000.0,2784
202601141230,836000.0,840000.0,834000.0,835000.0,5936
202601141245,834000.0,841000.0,834000.0,840000.0,5261
202601141300,840000.0,841000.0,836000.0,839000.0,5582
202601141315,839000.0,848000.0,837000.0,845000.0,16938
202601141330,845000.0,847000.0,843000.0,846000.0,8444
202601141345,847000.0,849000.0,846000.0,847000.0,9225
202601141400,847000.0,849000.0,844000.0,849000.0,7076
202601141415,849000.0,849000.0,844000.0,848000.0,7416
202601141430,848000.0,850000.0,846000.0,850000.0,6967
202601141445,849500.0,850000.0,848000.0,849000.0,8344
202601141500,849000.0,851000.0,848000.0,849500.0,10405
202601141515,850000.0,851000.0,849000.0,850000.0,7599
202601150900,840000.0,840000.0,825000.0,835000.0,22531
202601150915,835000.0,841000.0,828000.0,834000.0,8419
202601150930,834000.0,835000.0,827000.0,828000.0,8325
202601150945,828000.0,831000.0,825000.0,828000.0,8857
202601151000,827000.0,828000.0,819000.0,819000.0,13039
202601151015,820000.0,826000.0,818000.0,825000.0,6130
202601151030,825000.0,826000.0,818000.0,819000.0,5641
202601151045,820000.0,822000.0,818000.0,822000.0,4473
202601151100,820000.0,825000.0,819000.0,824000.0,3884
202601151115,824000.0,827000.0,819000.0,822000.0,3558
202601151130,821000.0,825000.0,820000.0,824000.0,2170
202601151145,823000.0,826000.0,821000.0,822000.0,2816
202601151200,822000.0,823000.0,819000.0,820000.0,3371
202601151215,820000.0,823000.0,817000.0,819000.0,6344
202601151230,819000.0,824000.0,818000.0,823000.0,2511
202601151245,822000.0,825000.0,821000.0,824000.0,3171
202601151300,823500.0,824000.0,822000.0,823000.0,2667
202601151315,823000.0,823000.0,820000.0,820000.0,3862
202601151330,820000.0,825000.0,820000.0,824000.0,3416
202601151345,824000.0,830000.0,823000.0,826000.0,4198
202601151400,827000.0,830000.0,826000.0,829000.0,2151
202601151415,829000.0,830000.0,825000.0,828000.0,3408
202601151430,827000.0,828000.0,823000.0,827000.0,4249
202601151445,828000.0,831000.0,827000.0,831000.0,5055
202601151500,830000.0,833000.0,830000.0,832000.0,4232
202601151515,831000.0,834000.0,831000.0,834000.0,7211
202601160900,831000.0,835000.0,820000.0,823000.0,9352
202601160915,822000.0,833000.0,820000.0,820000.0,6998
202601160930,820000.0,825000.0,816000.0,819000.0,6845
202601160945,819000.0,823000.0,810000.0,814000.0,11468
202601161000,814000.0,821000.0,811000.0,819000.0,6629
202601161015,819000.0,823000.0,815000.0,819000.0,3842
202601161030,818000.0,820000.0,812000.0,813000.0,3162
202601161045,813000.0,819000.0,812000.0,817000.0,3799
202601161100,817000.0,823000.0,817000.0,821000.0,1987
202601161115,821000.0,829000.0,821000.0,829000.0,3860
202601161130,829000.0,834000.0,828000.0,834000.0,3632
202601161145,833000.0,833000.0,831000.0,831000.0,3206
202601161200,832000.0,832000.0,827000.0,831000.0,4515
202601161215,831000.0,832000.0,825000.0,825500.0,2339
202601161230,825500.0,827000.0,824500.0,825000.0,3168
202601161245,825000.0,826000.0,822000.0,825000.0,3984
202601161300,825000.0,825000.0,816000.0,818000.0,5701
202601161315,819000.0,824000.0,817000.0,821000.0,3369
202601161330,821000.0,823000.0,817000.0,823000.0,2919
202601161345,823000.0,827000.0,822000.0,825000.0,2410
202601161400,826000.0,830000.0,824000.0,827000.0,3882
202601161415,828000.0,838000.0,826000.0,838000.0,7566
202601161430,838000.0,838000.0,826000.0,826000.0,5584
202601161445,825000.0,829000.0,825000.0,826000.0,3877
202601161500,826000.0,826000.0,821000.0,824000.0,3447
202601161515,824000.0,828000.0,823000.0,828000.0,4329
202601190900,846000.0,859000.0,843000.0,855000.0,19754
202601190915,855000.0,855000.0,842000.0,846000.0,12259
202601190930,846000.0,848000.0,843000.0,844000.0,7210
202601190945,845000.0,852000.0,844000.0,845000.0,7902
202601191000,845000.0,850000.0,842000.0,846000.0,5120
202601191015,845000.0,846000.0,835000.0,839000.0,7050
202601191030,839000.0,840000.0,834000.0,834000.0,5716
202601191045,834000.0,840000.0,834000.0,838000.0,3670
202601191100,838000.0,840000.0,837000.0,839000.0,2806
202601191115,839000.0,841000.0,838000.0,841000.0,2467
202601191130,841000.0,841000.0,839000.0,840000.0,2138
202601191145,840000.0,844000.0,839000.0,843000.0,2885
202601191200,842000.0,843000.0,840000.0,841000.0,1989
202601191215,841000.0,843000.0,835000.0,836000.0,5305
202601191230,836000.0,838000.0,836000.0,837000.0,2195
202601191245,836000.0,837000.0,832000.0,833000.0,5679
202601191300,833000.0,834000.0,831000.0,833000.0,3511
202601191315,832000.0,834000.0,830000.0,831000.0,5141
202601191330,832000.0,834000.0,830000.0,832000.0,4105
202601191345,832000.0,834000.0,830000.0,831000.0,4576
202601191400,831000.0,836000.0,830000.0,833000.0,4744
202601191415,833000.0,835000.0,832000.0,832000.0,3218
202601191430,833000.0,836000.0,832000.0,835000.0,3753
202601191445,836000.0,836000.0,833000.0,835000.0,3374
202601191500,834000.0,836000.0,833000.0,835000.0,4880
202601191515,835000.0,837000.0,833000.0,833000.0,4326
202601200900,826000.0,826000.0,805000.0,807000.0,15582
202601200915,807000.0,809000.0,797000.0,808000.0,13173
202601200930,808000.0,813000.0,803000.0,811000.0,4647
202601200945,811000.0,812000.0,804000.0,805000.0,4224
202601201000,805000.0,807000.0,802000.0,804000.0,3427
202601201015,804000.0,818000.0,802000.0,818000.0,3982
202601201030,818000.0,832000.0,816000.0,831000.0,7644
202601201045,831000.0,834000.0,825000.0,829000.0,9009
202601201100,829000.0,832000.0,825000.0,830000.0,2393
202601201115,829000.0,833000.0,826000.0,833000.0,3143
202601201130,832000.0,835000.0,831000.0,835000.0,3484
202601201145,834000.0,840000.0,833000.0,839000.0,7642
202601201200,839000.0,858000.0,838000.0,854000.0,16620
202601201215,854000.0,858000.0,847000.0,858000.0,10950
202601201230,858000.0,874000.0,858000.0,868000.0,24836
202601201245,868000.0,872000.0,864000.0,870000.0,10169
202601201300,871000.0,889000.0,867000.0,876000.0,25001
202601201315,877000.0,887000.0,875000.0,886000.0,13089
202601201330,886000.0,886000.0,871000.0,877000.0,9015
202601201345,877000.0,882000.0,875000.0,880000.0,6378
202601201400,880000.0,883000.0,877000.0,879000.0,5554
202601201415,878000.0,881000.0,873000.0,878000.0,5665
202601201430,878000.0,878000.0,867000.0,869000.0,4834
202601201445,868000.0,870000.0,865000.0,867000.0,5386
202601201500,867000.0,870000.0,853000.0,858000.0,8625
202601201515,858000.0,859000.0,854000.0,858000.0,4509
202601210900,821000.0,838000.0,820000.0,828000.0,13941
202601210915,828000.0,836000.0,825000.0,835000.0,7343
202601210930,835000.0,839000.0,826000.0,829000.0,9736
202601210945,830000.0,835000.0,825000.0,831000.0,9031
202601211000,831000.0,842000.0,829000.0,837000.0,7217
202601211015,836000.0,837000.0,829000.0,831000.0,4806
202601211030,831000.0,834000.0,826000.0,827000.0,5201
202601211045,828000.0,830000.0,825000.0,826000.0,5991
202601211100,827000.0,830000.0,826000.0,827000.0,5049
202601211115,826000.0,827000.0,815000.0,816000.0,16286
202601211130,816000.0,817000.0,809000.0,811000.0,8319
202601211145,813000.0,823000.0,811000.0,820000.0,3838
202601211200,821000.0,824000.0,820000.0,822000.0,2116
202601211215,822000.0,825000.0,822000.0,825000.0,2029
202601211230,825000.0,826000.0,823000.0,823000.0,3462
202601211245,824000.0,826000.0,821000.0,822000.0,3741
202601211300,822000.0,827000.0,822000.0,823000.0,2885
202601211315,823000.0,828000.0,823000.0,826000.0,2679
202601211330,826000.0,831000.0,826000.0,828000.0,4871
202601211345,828000.0,830000.0,826000.0,827000.0,4809
202601211400,827000.0,829000.0,826000.0,828000.0,2900
202601211415,827000.0,829000.0,822000.0,824000.0,4016
202601211430,824000.0,830000.0,823000.0,828000.0,3324
202601211445,828000.0,830000.0,827000.0,828000.0,4113
202601211500,828000.0,829000.0,824000.0,825000.0,5322
202601211515,824000.0,826000.0,823000.0,825000.0,5577
202601220900,901000.0,926000.0,887000.0,899000.0,113938
202601220915,902000.0,917000.0,900000.0,900000.0,30628
202601220930,900000.0,901000.0,879000.0,898000.0,26283
202601220945,897000.0,909000.0,891000.0,907000.0,17802
202601221000,907000.0,908000.0,897000.0,900000.0,16306
202601221015,899000.0,911000.0,899000.0,911000.0,13985
202601221030,911000.0,922000.0,910500.0,919000.0,24004
202601221045,919000.0,919000.0,909000.0,911500.0,7741
202601221100,912000.0,915000.0,904000.0,910000.0,7641
202601221115,910000.0,917000.0,909000.0,915000.0,7475
202601221130,915000.0,915000.0,901000.0,902000.0,9306
202601221145,902000.0,908000.0,901000.0,901000.0,5842
202601221200,901000.0,903000.0,887000.0,901000.0,9408
202601221215,902000.0,903000.0,893000.0,893000.0,4387
202601221230,893000.0,894000.0,885000.0,889000.0,8523
202601221245,889000.0,891000.0,887000.0,891000.0,2723
202601221300,891000.0,891000.0,886000.0,889000.0,4743
202601221315,889000.0,900000.0,885000.0,899000.0,7573
202601221330,900000.0,908000.0,896000.0,907000.0,9511
202601221345,906000.0,909000.0,903000.0,907000.0,5240
202601221400,908000.0,908000.0,900000.0,904000.0,5613
202601221415,904000.0,905000.0,897000.0,900000.0,5903
202601221430,900000.0,902000.0,895000.0,896000.0,5501
202601221445,896000.0,901000.0,892000.0,898000.0,9617
202601221500,897000.0,899000.0,892000.0,892000.0,7873
202601221515,892000.0,900000.0,891000.0,900000.0,6774
202601230900,911000.0,935000.0,904000.0,931000.0,21173
202601230915,931000.0,936000.0,924000.0,924000.0,17235
202601230930,924000.0,949000.0,924000.0,948000.0,18738
202601230945,948000.0,958000.0,942000.0,949000.0,20522
202601231000,948000.0,953000.0,937000.0,944000.0,10744
202601231015,945000.0,948000.0,937000.0,946000.0,6636
202601231030,945000.0,946000.0,924000.0,927000.0,9007
202601231045,927000.0,936000.0,926000.0,935000.0,5235
202601231100,936000.0,946000.0,929000.0,945000.0,7286
202601231115,945000.0,946000.0,940000.0,941000.0,4816
202601231130,941000.0,942000.0,931000.0,935000.0,2789
202601231145,935000.0,937000.0,932000.0,934000.0,2656
202601231200,934000.0,936000.0,926500.0,930000.0,3599
202601231215,930000.0,934000.0,926000.0,932000.0,4078
202601231230,932000.0,940000.0,930000.0,938000.0,3434
202601231245,939000.0,949000.0,937000.0,945000.0,6541
202601231300,946000.0,948000.0,943000.0,946000.0,5011
202601231315,946000.0,955000.0,945000.0,955000.0,7083
202601231330,955000.0,958000.0,951000.0,953000.0,7977
202601231345,953000.0,953000.0,935000.0,937000.0,10354
202601231400,938000.0,944000.0,931000.0,941000.0,7144
202601231415,940000.0,947000.0,939000.0,946000.0,3810
202601231430,946500.0,950000.0,945000.0,950000.0,3454
202601231445,950000.0,953000.0,946000.0,948500.0,4356
202601231500,949000.0,951000.0,945000.0,949000.0,4069
202601231515,949000.0,950000.0,944000.0,946000.0,5779
202601260900,919000.0,923000.0,901000.0,915000.0,19430
202601260915,915000.0,917000.0,897000.0,898000.0,18088
202601260930,898000.0,905000.0,894000.0,896000.0,9808
202601260945,896000.0,901000.0,893000.0,896500.0,9349
202601261000,896500.0,906000.0,896500.0,897000.0,5274
202601261015,898000.0,898000.0,888000.0,889000.0,12167
202601261030,889000.0,896000.0,885000.0,886000.0,10101
202601261045,886000.0,896000.0,884000.0,893000.0,8009
202601261100,892000.0,898000.0,890000.0,895000.0,3999
202601261115,895000.0,901000.0,894000.0,899000.0,4492
202601261130,899000.0,900000.0,892000.0,893000.0,2913
202601261145,892000.0,895000.0,891000.0,891000.0,2308
202601261200,892000.0,895000.0,891000.0,891000.0,1713
202601261215,891000.0,893000.0,891000.0,891000.0,2229
202601261230,891000.0,892000.0,887000.0,887000.0,4475
202601261245,888000.0,888000.0,886000.0,887000.0,3715
202601261300,887000.0,887000.0,885000.0,885500.0,4938
202601261315,885500.0,888000.0,885000.0,886000.0,4913
202601261330,886000.0,888000.0,885000.0,886000.0,4955
202601261345,886000.0,887000.0,884000.0,885000.0,5896
202601261400,886000.0,886000.0,883000.0,885000.0,3804
202601261415,885000.0,885000.0,883000.0,883000.0,3218
202601261430,883000.0,890000.0,883000.0,886000.0,4055
202601261445,886000.0,890000.0,886000.0,887000.0,3668
202601261500,887000.0,890000.0,886000.0,888000.0,3838
202601261515,887000.0,890000.0,887000.0,890000.0,4555
202601270900,914000.0,915000.0,881000.0,895000.0,14598
202601270915,894000.0,903000.0,894000.0,895000.0,6065
202601270930,896000.0,902000.0,891000.0,898000.0,4820
202601270945,898000.0,900000.0,892000.0,898500.0,2978
202601271000,899000.0,900000.0,893000.0,893000.0,3538
202601271015,893000.0,905000.0,892000.0,895000.0,4506
202601271030,895000.0,898000.0,895000.0,896000.0,2225
202601271045,895500.0,904000.0,895000.0,901000.0,2500
202601271100,901000.0,901000.0,897000.0,898000.0,2007
202601271115,899000.0,900000.0,895000.0,898000.0,2598
202601271130,897000.0,901000.0,895000.0,900000.0,1593
202601271145,900000.0,901000.0,898000.0,901000.0,1567
202601271200,901000.0,901000.0,895000.0,896000.0,1948
202601271215,895000.0,898000.0,895000.0,897000.0,1055
202601271230,897000.0,897000.0,894000.0,895000.0,2144
202601271245,896000.0,900000.0,896000.0,897000.0,2011
202601271300,897000.0,898000.0,895000.0,897000.0,1288
202601271315,896000.0,900000.0,895000.0,895000.0,2021
202601271330,895000.0,898000.0,895000.0,895000.0,1549
202601271345,895000.0,896000.0,894000.0,895000.0,2327
202601271400,895000.0,897000.0,894000.0,895000.0,1916
202601271415,895000.0,899000.0,894000.0,898000.0,2302
202601271430,898000.0,901000.0,896000.0,900000.0,2487
202601271445,900000.0,901000.0,896000.0,898000.0,3466
202601271500,898000.0,899000.0,896000.0,897000.0,3827
202601271515,898000.0,899000.0,896000.0,899000.0,5456
202601280900,900000.0,901000.0,894000.0,900000.0,6995
202601280915,899000.0,901000.0,891000.0,899000.0,9775
202601280930,899000.0,900000.0,893000.0,897000.0,3784
202601280945,896000.0,904000.0,895000.0,903000.0,5135
202601281000,903000.0,910000.0,901000.0,907000.0,8808
202601281015,906000.0,907000.0,900000.0,907000.0,3419
202601281030,908000.0,908000.0,902000.0,904000.0,2683
202601281045,903000.0,909000.0,901000.0,909000.0,3657
202601281100,908000.0,909000.0,901000.0,903000.0,2604
202601281115,903000.0,904000.0,900000.0,901000.0,2111
202601281130,900000.0,902000.0,897000.0,898000.0,2603
202601281145,898000.0,901000.0,896000.0,896000.0,3216
202601281200,897000.0,898000.0,895000.0,895000.0,2475
202601281215,895000.0,898000.0,895000.0,896000.0,1903
202601281230,895000.0,898000.0,895000.0,898000.0,1577
202601281245,898000.0,899000.0,895000.0,896000.0,1899
202601281300,896000.0,897000.0,894000.0,894000.0,2268
202601281315,894000.0,898000.0,893000.0,895000.0,2891
202601281330,896000.0,900000.0,895000.0,897000.0,2160
202601281345,896000.0,900000.0,896000.0,896000.0,1789
202601281400,897000.0,900000.0,896000.0,900000.0,2655
202601281415,900000.0,902000.0,899000.0,899000.0,2693
202601281430,900000.0,903000.0,899000.0,903000.0,3196
202601281445,902000.0,905000.0,901000.0,902000.0,5093
202601281500,902000.0,906000.0,901000.0,905000.0,3900
202601281515,905000.0,907000.0,902000.0,907000.0,4362
202601290900,908000.0,928000.0,902000.0,906000.0,18431
202601290915,906000.0,908000.0,887000.0,888000.0,13470
202601290930,887000.0,888000.0,871000.0,884000.0,15649
202601290945,883000.0,886000.0,876000.0,884000.0,8749
202601291000,884000.0,888000.0,879000.0,879000.0,8794
202601291015,880000.0,884000.0,870000.0,879000.0,8926
202601291030,879000.0,893000.0,879000.0,887000.0,4848
202601291045,887000.0,887000.0,884000.0,885000.0,3013
202601291100,885000.0,886000.0,880000.0,883000.0,7319
202601291115,883000.0,889000.0,880000.0,883000.0,3978
202601291130,883000.0,884000.0,880000.0,880000.0,2370
202601291145,880000.0,886000.0,880000.0,884000.0,1943
202601291200,884000.0,892000.0,884000.0,892000.0,3406
202601291215,892000.0,895000.0,891000.0,894000.0,2156
202601291230,894000.0,895500.0,891000.0,894000.0,3274
202601291245,895000.0,895000.0,890000.0,892000.0,2494
202601291300,892000.0,894000.0,891000.0,892000.0,2153
202601291315,891000.0,894000.0,890000.0,891500.0,2648
202601291330,891500.0,892000.0,888000.0,889000.0,2947
202601291345,889000.0,894000.0,889000.0,889000.0,2925
202601291400,889000.0,890000.0,886000.0,888000.0,3412
202601291415,888000.0,892000.0,888000.0,889000.0,2446
202601291430,890000.0,894000.0,888000.0,889000.0,5625
202601291445,888000.0,893000.0,887000.0,889000.0,6724
202601291500,889000.0,892000.0,888000.0,888000.0,5746
202601291515,888000.0,889000.0,887000.0,889000.0,5848
202601300900,877000.0,882000.0,875000.0,878000.0,7767
202601300915,878000.0,881000.0,870000.0,871000.0,7052
202601300930,871000.0,874000.0,870000.0,871000.0,5901
202601300945,872000.0,873000.0,863000.0,870000.0,10543
202601301000,869000.0,874000.0,866000.0,872000.0,4087
202601301015,872000.0,880000.0,872000.0,879000.0,4203
202601301030,878000.0,882000.0,873000.0,873000.0,4816
202601301045,873000.0,874000.0,869000.0,870000.0,3728
202601301100,870000.0,871000.0,867000.0,868000.0,4250
202601301115,868000.0,869000.0,860000.0,860000.0,7747
202601301130,861000.0,865000.0,857000.0,861000.0,5178
202601301145,862000.0,869000.0,861000.0,868000.0,2631
202601301200,868000.0,874000.0,868000.0,869000.0,2734
202601301215,869000.0,870000.0,865000.0,869000.0,2074
202601301230,869000.0,869000.0,865000.0,867000.0,1715
202601301245,867000.0,868000.0,865000.0,866000.0,1514
202601301300,865000.0,873000.0,864000.0,868000.0,1979
202601301315,869000.0,870000.0,865000.0,865000.0,2014
202601301330,865000.0,866000.0,861000.0,861000.0,3267
202601301345,862000.0,870000.0,861000.0,867000.0,4308
202601301400,866000.0,870000.0,865000.0,866000.0,2719
202601301415,866000.0,867000.0,862000.0,863000.0,3583
202601301430,864000.0,865000.0,861000.0,862000.0,4440
202601301445,862000.0,862000.0,852000.0,858000.0,11083
202601301500,858000.0,860000.0,856000.0,856000.0,4505
202601301515,856000.0,858000.0,851000.0,851000.0,8676
202602020900,835000.0,850000.0,826000.0,849000.0,7290
202602020915,848000.0,867000.0,848000.0,855000.0,9180
202602020930,856000.0,862000.0,854000.0,860000.0,4116
202602020945,860000.0,867000.0,854000.0,858000.0,5871
202602021000,858000.0,862000.0,841000.0,842000.0,5088
202602021015,842000.0,849000.0,837000.0,838000.0,3405
202602021030,838000.0,840000.0,831000.0,833000.0,4954
202602021045,833000.0,834000.0,830000.0,831000.0,4227
202602021100,831000.0,832000.0,825000.0,826000.0,5131
202602021115,826000.0,830000.0,821000.0,830000.0,5081
202602021130,830000.0,832000.0,827000.0,827000.0,2298
202602021145,828000.0,830000.0,822000.0,823000.0,2378
202602021200,824000.0,824000.0,821000.0,821500.0,2818
202602021215,821500.0,821500.0,810000.0,813500.0,8526
202602021230,813000.0,818000.0,809000.0,811000.0,4991
202602021245,812000.0,813000.0,807000.0,811000.0,4390
202602021300,810500.0,815000.0,801000.0,812000.0,8195
202602021315,814000.0,826000.0,812000.0,825000.0,5988
202602021330,824000.0,845000.0,823000.0,842000.0,6889
202602021345,841000.0,845000.0,834000.0,835000.0,7458
202602021400,835000.0,854000.0,833000.0,842000.0,13130
202602021415,842000.0,848000.0,832000.0,833000.0,8584
202602021430,833000.0,839000.0,831000.0,834000.0,5595
202602021445,833000.0,841000.0,832000.0,840000.0,5562
202602021500,840000.0,841000.0,833000.0,834000.0,3574
202602021515,834000.0,836000.0,832000.0,832000.0,4141
202602030900,856000.0,871000.0,856000.0,867000.0,12302
202602030915,867000.0,878000.0,866000.0,874000.0,10407
202602030930,874000.0,890000.0,873000.0,888000.0,17018
202602030945,888000.0,889000.0,882000.0,884000.0,8733
202602031000,884000.0,888000.0,880000.0,887000.0,5360
202602031015,886000.0,890000.0,885000.0,889000.0,5472
202602031030,889000.0,889000.0,883000.0,884000.0,3251
202602031045,885000.0,888000.0,880000.0,883000.0,3586
202602031100,883000.0,883000.0,874000.0,879000.0,3812
202602031115,879000.0,888000.0,879000.0,886000.0,3824
202602031130,886000.0,889000.0,885000.0,885000.0,2842
202602031145,886000.0,889000.0,882000.0,888000.0,3299
202602031200,888000.0,890000.0,885000.0,887000.0,2470
202602031215,887000.0,889000.0,885000.0,887000.0,1904
202602031230,887000.0,890000.0,886000.0,889000.0,2572
202602031245,889000.0,889000.0,886000.0,889000.0,1666
202602031300,888000.0,891000.0,886000.0,891000.0,5044
202602031315,891000.0,898000.0,890000.0,894000.0,7919
202602031330,895000.0,899000.0,893000.0,898000.0,5128
202602031345,897000.0,899000.0,894000.0,895000.0,4267
202602031400,896000.0,896000.0,885000.0,890000.0,5324
202602031415,889000.0,892000.0,889000.0,891000.0,2946
202602031430,891000.0,892000.0,889000.0,891000.0,3034
202602031445,891000.0,896000.0,890000.0,895000.0,4773
202602031500,896000.0,897000.0,892000.0,895000.0,4800
202602031515,895000.0,899000.0,895000.0,899000.0,8294
202602040900,883000.0,889000.0,875000.0,885000.0,11057
202602040915,884000.0,892000.0,880000.0,887000.0,5127
202602040930,887000.0,890000.0,885000.0,889000.0,3753
202602040945,888500.0,892000.0,885000.0,886000.0,3751
202602041000,887000.0,895000.0,885000.0,894000.0,3518
202602041015,894000.0,910000.0,893000.0,900000.0,9002
202602041030,900000.0,903000.0,897000.0,902000.0,4286
202602041045,902000.0,906000.0,899000.0,902000.0,4189
202602041100,903000.0,904000.0,896000.0,896000.0,4002
202602041115,897000.0,898000.0,893000.0,896000.0,4173
202602041130,896000.0,897000.0,891000.0,896000.0,2357
202602041145,896000.0,896000.0,890000.0,891000.0,5277
202602041200,891000.0,893000.0,889000.0,892000.0,1885
202602041215,892000.0,894000.0,888000.0,894000.0,1681
202602041230,894000.0,895000.0,890000.0,891000.0,1482
202602041245,892000.0,894000.0,889000.0,891000.0,2327
202602041300,891000.0,893000.0,889000.0,891000.0,2370
202602041315,891000.0,893000.0,890000.0,893000.0,2307
202602041330,893000.0,899000.0,892000.0,899000.0,2431
202602041345,899000.0,900000.0,896000.0,897000.0,3643
202602041400,897000.0,900000.0,897000.0,900000.0,2754
202602041415,899500.0,902000.0,898000.0,901000.0,3381
202602041430,902000.0,902000.0,897000.0,899000.0,3926
202602041445,898000.0,903000.0,898000.0,900500.0,5079
202602041500,901000.0,902000.0,900000.0,902000.0,3772
202602041515,901000.0,903000.0,900000.0,902000.0,5496
202602050900,895000.0,909000.0,880000.0,893000.0,9549
202602050915,892000.0,896000.0,886000.0,893000.0,5543
202602050930,893000.0,898000.0,892000.0,892000.0,5356
202602050945,892000.0,896000.0,882000.0,884000.0,5768
202602051000,883000.0,884000.0,872000.0,874000.0,8543
202602051015,874000.0,875000.0,869000.0,874000.0,6744
202602051030,874000.0,879000.0,873000.0,877000.0,3389
202602051045,877000.0,879000.0,872000.0,873000.0,2812
202602051100,873000.0,873000.0,867000.0,867000.0,4656
202602051115,867000.0,870000.0,865000.0,870000.0,3917
202602051130,870000.0,875000.0,868000.0,875000.0,2248
202602051145,875000.0,875000.0,863000.0,863000.0,4215
202602051200,863000.0,865000.0,862000.0,862000.0,2223
202602051215,862000.0,868000.0,862000.0,864000.0,2766
202602051230,864000.0,865000.0,862000.0,862000.0,2241
202602051245,862000.0,863000.0,856000.0,859000.0,4001
202602051300,858000.0,863000.0,856000.0,857000.0,4211
202602051315,857000.0,858000.0,853000.0,857000.0,5280
202602051330,857000.0,866000.0,857000.0,866000.0,3696
202602051345,865000.0,871000.0,865000.0,867000.0,3461
202602051400,867000.0,867000.0,863000.0,865000.0,3691
202602051415,865000.0,866000.0,861000.0,864000.0,2971
202602051430,863000.0,871000.0,862000.0,868000.0,4601
202602051445,868000.0,868000.0,865000.0,867000.0,3133
202602051500,866000.0,867000.0,861000.0,862000.0,4362
202602051515,863000.0,864000.0,861000.0,864000.0,3929
202602060900,819000.0,820000.0,792000.0,795000.0,15716
202602060915,795000.0,810000.0,792000.0,807000.0,10131
202602060930,806000.0,812000.0,804000.0,811000.0,5199
202602060945,811000.0,817000.0,805000.0,813000.0,4922
202602061000,813000.0,818000.0,803000.0,808000.0,9362
202602061015,808000.0,811000.0,798000.0,799000.0,7675
202602061030,800000.0,811000.0,797000.0,811000.0,4441
202602061045,810000.0,818000.0,808000.0,817000.0,5116
202602061100,818000.0,827000.0,816000.0,823000.0,5355
202602061115,824000.0,829000.0,821000.0,828000.0,4361
202602061130,828000.0,832000.0,827000.0,829000.0,2537
202602061145,829000.0,831000.0,825000.0,825000.0,3288
202602061200,826000.0,828000.0,821000.0,823000.0,2441
202602061215,823000.0,823000.0,818000.0,823000.0,2993
202602061230,823000.0,825000.0,819000.0,820000.0,1928
202602061245,820000.0,828000.0,819000.0,827000.0,2973
202602061300,827000.0,828000.0,821000.0,823000.0,2486
202602061315,823000.0,826000.0,820000.0,821000.0,2590
202602061330,821000.0,821000.0,817000.0,817000.0,3173
202602061345,817000.0,820000.0,817000.0,818000.0,3655
202602061400,818000.0,821000.0,816000.0,818000.0,4155
202602061415,818000.0,821000.0,812000.0,821000.0,4901
202602061430,821000.0,828000.0,821000.0,824000.0,3009
202602061445,824000.0,828000.0,820000.0,825000.0,4676
202602061500,824000.0,829000.0,824000.0,827000.0,3349
202602061515,827000.0,828000.0,825000.0,828000.0,4628
202602090900,875000.0,887000.0,868000.0,882000.0,14272
202602090915,882000.0,887000.0,875000.0,882000.0,7524
202602090930,882000.0,886000.0,880000.0,882000.0,5468
202602090945,882000.0,889000.0,881000.0,887000.0,6256
202602091000,887000.0,889000.0,883000.0,885000.0,3611
202602091015,884000.0,887000.0,883000.0,886000.0,1819
202602091030,886000.0,888000.0,880000.0,886000.0,2508
202602091045,885500.0,888000.0,884000.0,886000.0,2536
202602091100,887000.0,888000.0,884000.0,886000.0,3243
202602091115,886000.0,886000.0,882000.0,885000.0,2514
202602091130,885000.0,888000.0,880000.0,881000.0,2987
202602091145,881000.0,885000.0,880000.0,884000.0,2661
202602091200,884000.0,886000.0,882000.0,885000.0,1885
202602091215,885000.0,888000.0,884000.0,887000.0,2044
202602091230,886000.0,889000.0,885000.0,888000.0,3012
202602091245,888000.0,890000.0,886000.0,888000.0,2994
202602091300,887000.0,889000.0,885000.0,886000.0,2093
202602091315,887000.0,887000.0,884000.0,887000.0,2048
202602091330,886500.0,887000.0,879000.0,880500.0,2982
202602091345,880500.0,886000.0,880000.0,886000.0,2798
202602091400,886000.0,888000.0,885000.0,886000.0,1797
202602091415,886000.0,888000.0,885000.0,887000.0,2272
202602091430,888000.0,889000.0,885000.0,885000.0,2477
202602091445,886000.0,888000.0,884000.0,886000.0,3372
202602091500,885000.0,887000.0,884000.0,886000.0,2961
202602091515,887000.0,887000.0,885000.0,885000.0,3716
202602100900,884000.0,890000.0,872000.0,878000.0,5881
202602100915,878000.0,897000.0,878000.0,888000.0,9004
202602100930,889000.0,892000.0,882000.0,887000.0,4536
202602100945,886000.0,891000.0,880000.0,882000.0,4395
202602101000,883000.0,890000.0,880000.0,888000.0,4313
202602101015,888000.0,890000.0,882000.0,882000.0,3628
202602101030,883000.0,891000.0,879000.0,889000.0,4840
202602101045,888000.0,894000.0,887000.0,888000.0,4085
202602101100,888000.0,891000.0,885000.0,886000.0,1375
202602101115,886000.0,887000.0,884000.0,885000.0,1286
202602101130,885000.0,885000.0,882000.0,883000.0,1581
202602101145,882000.0,884000.0,877000.0,878000.0,2274
202602101200,877000.0,879000.0,876000.0,877000.0,1307
202602101215,877000.0,880000.0,875000.0,877000.0,1659
202602101230,877000.0,880000.0,876000.0,877000.0,872
202602101245,878000.0,884000.0,876000.0,884000.0,1711
202602101300,884000.0,885000.0,881000.0,882000.0,3018
202602101315,883000.0,895000.0,882000.0,892000.0,5266
202602101330,892000.0,916000.0,890000.0,913000.0,14619
202602101345,914000.0,916000.0,894000.0,898000.0,9045
202602101400,898000.0,900000.0,886000.0,888000.0,6145
202602101415,888000.0,889000.0,886000.0,886000.0,3159
202602101430,886000.0,892000.0,882000.0,882000.0,10345
202602101445,882000.0,890000.0,879000.0,883000.0,6497
202602101500,883000.0,885000.0,878000.0,879000.0,5241
202602101515,879000.0,884000.0,877000.0,878000.0,3148
202602110900,853000.0,857000.0,841000.0,841500.0,15584
202602110915,841500.0,847000.0,835000.0,839000.0,13360
202602110930,839000.0,848000.0,834000.0,847000.0,11922
202602110945,847000.0,867000.0,847000.0,866000.0,13832
202602111000,866000.0,889000.0,862000.0,880000.0,16696
202602111015,881000.0,905000.0,876500.0,900000.0,17470
202602111030,898000.0,905000.0,889000.0,894000.0,11834
202602111045,895000.0,904000.0,890000.0,904000.0,9200
202602111100,904000.0,905000.0,895500.0,904000.0,12269
202602111115,904000.0,907000.0,900000.0,900000.0,6671
202602111130,902000.0,903000.0,898000.0,900000.0,4596
202602111145,900000.0,903000.0,899000.0,901000.0,3402
202602111200,901000.0,902000.0,897000.0,897000.0,3772
202602111215,897500.0,900000.0,897000.0,900000.0,2629
202602111230,899000.0,905000.0,898000.0,905000.0,4589
202602111245,904000.0,910000.0,903000.0,909000.0,8131
202602111300,910000.0,919000.0,909000.0,913000.0,15095
202602111315,913000.0,922000.0,912000.0,919000.0,10805
202602111330,920000.0,923000.0,915000.0,922000.0,6864
202602111345,922000.0,930000.0,922000.0,928000.0,10441
202602111400,928000.0,928500.0,919000.0,921000.0,5556
202602111415,921000.0,925000.0,918000.0,924000.0,4953
202602111430,923000.0,924000.0,917000.0,917000.0,5475
202602111445,917000.0,922000.0,913000.0,920000.0,5499
202602111500,920000.0,922000.0,917000.0,917000.0,4977
202602111515,917000.0,918000.0,915000.0,918000.0,4192
202602120900,901000.0,913000.0,898000.0,906000.0,11166
202602120915,906000.0,928000.0,899000.0,925000.0,10305
202602120930,926000.0,939000.0,919000.0,934000.0,17602
202602120945,934000.0,974000.0,933000.0,960000.0,30974
202602121000,959000.0,962000.0,950000.0,958000.0,11263
202602121015,958000.0,982000.0,957000.0,982000.0,24128
202602121030,982000.0,999000.0,980000.0,987000.0,27034
202602121045,986000.0,989000.0,978000.0,978000.0,12113
202602121100,979000.0,990000.0,977000.0,983000.0,8045
202602121115,983000.0,989000.0,979000.0,981000.0,6335
202602121130,981000.0,986000.0,979000.0,982000.0,6350
202602121145,982000.0,983000.0,979000.0,981000.0,3642
202602121200,981000.0,984000.0,977000.0,983000.0,5228
202602121215,983000.0,985000.0,979000.0,983000.0,4167
202602121230,984000.0,985000.0,979000.0,984000.0,3756
202602121245,985000.0,988000.0,984000.0,988000.0,3975
202602121300,988000.0,988000.0,977000.0,983000.0,7237
202602121315,983000.0,989000.0,982000.0,985000.0,9000
202602121330,985000.0,987000.0,982000.0,987000.0,5261
202602121345,987000.0,987000.0,973000.0,975000.0,8086
202602121400,975000.0,984000.0,975000.0,979000.0,8232
202602121415,979000.0,984000.0,979000.0,982000.0,6951
202602121430,981000.0,985000.0,980000.0,985000.0,7280
202602121445,985000.0,987000.0,978000.0,980000.0,7938
202602121500,980000.0,981000.0,975000.0,978000.0,6413
202602121515,976000.0,978000.0,970000.0,973000.0,13307
202602130900,985000.0,994000.0,964000.0,967000.0,18341
202602130915,968000.0,977000.0,959000.0,959000.0,15185
202602130930,961000.0,978000.0,958000.0,976000.0,8663
202602130945,976000.0,978000.0,965000.0,966000.0,4786
202602131000,966000.0,971000.0,963000.0,971000.0,3934
202602131015,971000.0,971000.0,965000.0,969000.0,2871
202602131030,969000.0,978000.0,968000.0,974000.0,4312
202602131045,975000.0,975000.0,967000.0,971000.0,4308
202602131100,971000.0,974000.0,970000.0,971000.0,3140
202602131115,971000.0,974000.0,967000.0,971000.0,3226
202602131130,973000.0,975000.0,968000.0,970000.0,3189
202602131145,970000.0,971000.0,965000.0,967000.0,2690
202602131200,967000.0,971000.0,967000.0,970000.0,1836
202602131215,971000.0,971000.0,964000.0,967000.0,2649
202602131230,966000.0,971000.0,966000.0,970000.0,2138
202602131245,970000.0,972000.0,968000.0,970000.0,2808
202602131300,970000.0,974000.0,970000.0,974000.0,2519
202602131315,973000.0,975000.0,970000.0,973000.0,3196
202602131330,973000.0,974000.0,964000.0,965000.0,3367
202602131345,964000.0,967000.0,962000.0,963000.0,4023
202602131400,963000.0,966000.0,953000.0,956000.0,6287
202602131415,955500.0,961000.0,952000.0,952000.0,5470
202602131430,952000.0,953000.0,942000.0,943000.0,9631
202602131445,943000.0,946000.0,940000.0,944000.0,5215
202602131500,946000.0,946000.0,941000.0,943000.0,4654
202602131515,942000.0,946000.0,941000.0,942000.0,6985
202602190900,970000.0,980000.0,961000.0,970000.0,10123
202602190915,970000.0,975000.0,963000.0,972000.0,7410
202602190930,972000.0,1009000.0,971000.0,1007000.0,25890
202602190945,1007000.0,1011000.0,995500.0,996000.0,9682
202602191000,996000.0,1000000.0,988000.0,990000.0,5270
202602191015,990000.0,991000.0,984000.0,984000.0,4356
202602191030,984000.0,989000.0,978000.0,986000.0,4065
202602191045,985000.0,990000.0,985000.0,990000.0,2388
202602191100,990000.0,996000.0,987000.0,996000.0,2869
202602191115,996000.0,1000000.0,995000.0,997000.0,2191
202602191130,997000.0,1000000.0,995000.0,997000.0,2353
202602191145,997000.0,998000.0,993000.0,993000.0,1487
202602191200,993000.0,995000.0,989000.0,991000.0,1290
202602191215,990000.0,993000.0,989000.0,993000.0,1376
202602191230,993000.0,996000.0,990000.0,994000.0,1564
202602191245,995000.0,997000.0,993000.0,993000.0,1225
202602191300,994000.0,996000.0,992000.0,995000.0,1235
202602191315,995000.0,1001000.0,994000.0,996000.0,3901
202602191330,995000.0,997000.0,989000.0,990000.0,1766
202602191345,990000.0,990000.0,984000.0,987000.0,4579
202602191400,988000.0,990000.0,986000.0,987000.0,1604
202602191415,987000.0,991000.0,985000.0,987000.0,2089
202602191430,987000.0,990000.0,985000.0,989000.0,2084
202602191445,989000.0,992000.0,987000.0,991000.0,1909
202602191500,990000.0,991000.0,988000.0,988000.0,1865
202602191515,988000.0,990000.0,986000.0,990000.0,4088
202602200900,976000.0,999000.0,963000.0,992000.0,8272
202602200915,992000.0,1003000.0,986000.0,999000.0,7991
202602200930,999000.0,1027000.0,995000.0,1022000.0,12871
202602200945,1022000.0,1040000.0,1020000.0,1039000.0,9343
202602201000,1039000.0,1053000.0,1038000.0,1044000.0,8800
202602201015,1045000.0,1051000.0,1034000.0,1035000.0,5323
202602201030,1034000.0,1041000.0,1024000.0,1026000.0,4202
202602201045,1027000.0,1029000.0,1022000.0,1026000.0,3747
202602201100,1026000.0,1030000.0,1023000.0,1025000.0,2857
202602201115,1026000.0,1029000.0,1023000.0,1026000.0,2216
202602201130,1025000.0,1028000.0,1022000.0,1025000.0,1897
202602201145,1024000.0,1031000.0,1023000.0,1030000.0,1772
202602201200,1028000.0,1033000.0,1028000.0,1031000.0,1891
202602201215,1032000.0,1037000.0,1031000.0,1035000.0,1891
202602201230,1036000.0,1041000.0,1034500.0,1039000.0,2736
202602201245,1039000.0,1044000.0,1039000.0,1042000.0,2277
202602201300,1042000.0,1048000.0,1041000.0,1045000.0,3987
202602201315,1045000.0,1051000.0,1044000.0,1050000.0,4594
202602201330,1050000.0,1051000.0,1044000.0,1050000.0,3456
202602201345,1050000.0,1052000.0,1049000.0,1050000.0,6011
202602201400,1050000.0,1051000.0,1047000.0,1047000.0,4076
202602201415,1047000.0,1051000.0,1046000.0,1051000.0,4151
202602201430,1051000.0,1055000.0,1050000.0,1054000.0,5571
202602201445,1054000.0,1059000.0,1053500.0,1058000.0,4593
202602201500,1058000.0,1059000.0,1050000.0,1052000.0,4803
202602201515,1052000.0,1053000.0,1043000.0,1047000.0,3725
202602230900,1080000.0,1080000.0,1047000.0,1071000.0,17628
202602230915,1071000.0,1119000.0,1071000.0,1105000.0,25498
202602230930,1104000.0,1148000.0,1099000.0,1126000.0,19878
202602230945,1126000.0,1129000.0,1116000.0,1126000.0,7372
202602231000,1128000.0,1145000.0,1125000.0,1136000.0,8241
202602231015,1136000.0,1137000.0,1126000.0,1134000.0,5945
202602231030,1134000.0,1139000.0,1127000.0,1133000.0,5779
202602231045,1132000.0,1133000.0,1127000.0,1132000.0,3607
202602231100,1131000.0,1132000.0,1118000.0,1118000.0,5706
202602231115,1119000.0,1129000.0,1117000.0,1123000.0,4529
202602231130,1125000.0,1136000.0,1125000.0,1133000.0,5101
202602231145,1133000.0,1134000.0,1119000.0,1122000.0,4046
202602231200,1122000.0,1122000.0,1117000.0,1118000.0,3758
202602231215,1118000.0,1118500.0,1110000.0,1112000.0,4657
202602231230,1112000.0,1113000.0,1104000.0,1107000.0,5011
202602231245,1106000.0,1107000.0,1098000.0,1106000.0,4795
202602231300,1106000.0,1120000.0,1102000.0,1110000.0,5356
202602231315,1110000.0,1121000.0,1108000.0,1113000.0,5622
202602231330,1113000.0,1115000.0,1109000.0,1114000.0,3795
202602231345,1113000.0,1115000.0,1108000.0,1113000.0,4086
202602231400,1113000.0,1116000.0,1104000.0,1106000.0,4011
202602231415,1107000.0,1112000.0,1096000.0,1110000.0,7581
202602231430,1110000.0,1112000.0,1100000.0,1108000.0,5532
202602231445,1109000.0,1112000.0,1105000.0,1108000.0,4319
202602231500,1110000.0,1120000.0,1108000.0,1116000.0,5807
202602231515,1114000.0,1122000.0,1114000.0,1122000.0,7557
202602240900,1098000.0,1110000.0,1062000.0,1072000.0,10750
202602240915,1072000.0,1078000.0,1054000.0,1067000.0,8409
202602240930,1065000.0,1066000.0,1045000.0,1060000.0,9663
202602240945,1060000.0,1071000.0,1055000.0,1071000.0,8054
202602241000,1071000.0,1088000.0,1066000.0,1085000.0,6497
202602241015,1086000.0,1092000.0,1081000.0,1091000.0,5577
202602241030,1091000.0,1092000.0,1081000.0,1081000.0,5234
202602241045,1082000.0,1087000.0,1081000.0,1084000.0,3199
202602241100,1083000.0,1087000.0,1082000.0,1085000.0,2283
202602241115,1084000.0,1086000.0,1080000.0,1084000.0,3087
202602241130,1083000.0,1086000.0,1082000.0,1086000.0,2141
202602241145,1085000.0,1091000.0,1084000.0,1091000.0,2447
202602241200,1091000.0,1092000.0,1084000.0,1089000.0,2377
202602241215,1089000.0,1090000.0,1088000.0,1088000.0,1775
202602241230,1088000.0,1090000.0,1088000.0,1089000.0,1635
202602241245,1089000.0,1091000.0,1088000.0,1091000.0,2432
202602241300,1091000.0,1095000.0,1089000.0,1089000.0,5180
202602241315,1089000.0,1091000.0,1087000.0,1089000.0,2492
202602241330,1090000.0,1095000.0,1089000.0,1095000.0,2946
202602241345,1095000.0,1103000.0,1093000.0,1096000.0,3929
202602241400,1096000.0,1100000.0,1095000.0,1095000.0,2746
202602241415,1095000.0,1101000.0,1093000.0,1096000.0,2407
202602241430,1097000.0,1103000.0,1096000.0,1099000.0,3073
202602241445,1099000.0,1104000.0,1098000.0,1102000.0,3275
202602241500,1101000.0,1103000.0,1094000.0,1094000.0,3491
202602241515,1094000.0,1101000.0,1093000.0,1101000.0,7174
202602250900,1123000.0,1135000.0,1103000.0,1120000.0,15648
202602250915,1120000.0,1128000.0,1110000.0,1117000.0,9759
202602250930,1117000.0,1135000.0,1110000.0,1129000.0,9774
202602250945,1129000.0,1158000.0,1128000.0,1152000.0,8932
202602251000,1153000.0,1159000.0,1144000.0,1148000.0,6948
202602251015,1148000.0,1165000.0,1143000.0,1164000.0,6511
202602251030,1165000.0,1171000.0,1164000.0,1169000.0,4628
202602251045,1170000.0,1175000.0,1160000.0,1163000.0,4755
202602251100,1163000.0,1172000.0,1163000.0,1168000.0,2942
202602251115,1168000.0,1175000.0,1165000.0,1169000.0,4386
202602251130,1169000.0,1179000.0,1166000.0,1176000.0,2969
202602251145,1175000.0,1186000.0,1175000.0,1185000.0,4383
202602251200,1185000.0,1189000.0,1169000.0,1170000.0,3708
202602251215,1171000.0,1173500.0,1163000.0,1169000.0,3779
202602251230,1169000.0,1170000.0,1160000.0,1166000.0,6267
202602251245,1167000.0,1180000.0,1166000.0,1176000.0,4111
202602251300,1176000.0,1176000.0,1167000.0,1168000.0,2643
202602251315,1170000.0,1173000.0,1161000.0,1172000.0,4011
202602251330,1171000.0,1183000.0,1167000.0,1178000.0,5374
202602251345,1179000.0,1185000.0,1176000.0,1183000.0,5669
202602251400,1182000.0,1186000.0,1176000.0,1176000.0,5174
202602251415,1176500.0,1178000.0,1161000.0,1164000.0,5685
202602251430,1164000.0,1170000.0,1157000.0,1162000.0,7158
202602251445,1162000.0,1169000.0,1155000.0,1156000.0,5791
202602251500,1156000.0,1166000.0,1154000.0,1162000.0,4816
202602251515,1162000.0,1165000.0,1159000.0,1165000.0,5218
202602260900,1160000.0,1185000.0,1154000.0,1168000.0,11498
202602260915,1169000.0,1175000.0,1144000.0,1156000.0,9661
202602260930,1156000.0,1156000.0,1143000.0,1152000.0,7116
202602260945,1152000.0,1153000.0,1136000.0,1137000.0,5412
202602261000,1137000.0,1142000.0,1128000.0,1130000.0,5804
202602261015,1130000.0,1147000.0,1128000.0,1142000.0,5852
202602261030,1142000.0,1166000.0,1141000.0,1166000.0,5771
202602261045,1166500.0,1174000.0,1166000.0,1173000.0,5196
202602261100,1173000.0,1183000.0,1171000.0,1182000.0,4586
202602261115,1183000.0,1184000.0,1177000.0,1180000.0,3872
202602261130,1180000.0,1184000.0,1174000.0,1177000.0,3571
202602261145,1177000.0,1184000.0,1172000.0,1178000.0,6354
202602261200,1178000.0,1179000.0,1170000.0,1175000.0,2861
202602261215,1175000.0,1184000.0,1174000.0,1180000.0,3206
202602261230,1181000.0,1187000.0,1180000.0,1182000.0,4549
202602261245,1183000.0,1185000.0,1181000.0,1182000.0,2498
202602261300,1183000.0,1190000.0,1182000.0,1189000.0,4145
202602261315,1188000.0,1194000.0,1187000.0,1188000.0,3847
202602261330,1189000.0,1189000.0,1171000.0,1180000.0,5909
202602261345,1180000.0,1243000.0,1177000.0,1206000.0,32954
202602261400,1206000.0,1285000.0,1200000.0,1211000.0,44380
202602261415,1211000.0,1212000.0,1178000.0,1203000.0,16190
202602261430,1202000.0,1216000.0,1196000.0,1206000.0,9394
202602261445,1205000.0,1222000.0,1203000.0,1208000.0,9703
202602261500,1208000.0,1214000.0,1203000.0,1211000.0,6961
202602261515,1211000.0,1215000.0,1205000.0,1215000.0,7957
202602270900,1193000.0,1265000.0,1181000.0,1253000.0,21971
202602270915,1253000.0,1256000.0,1196000.0,1225000.0,11199
202602270930,1224000.0,1226000.0,1195000.0,1203000.0,9657
202602270945,1203000.0,1214000.0,1202000.0,1207000.0,5772
202602271000,1208000.0,1212000.0,1185000.0,1207000.0,10852
202602271015,1207000.0,1208000.0,1188000.0,1188000.0,10490
202602271030,1190000.0,1239000.0,1186000.0,1234000.0,13805
202602271045,1232000.0,1235000.0,1221000.0,1223000.0,7986
202602271100,1223000.0,1235000.0,1223000.0,1234000.0,3770
202602271115,1235000.0,1264000.0,1232000.0,1263000.0,7665
202602271130,1264000.0,1276000.0,1259000.0,1275000.0,8615
202602271145,1275000.0,1289000.0,1273000.0,1280000.0,5318
202602271200,1280000.0,1286000.0,1269000.0,1271000.0,3834
202602271215,1271000.0,1273000.0,1265000.0,1270000.0,2781
202602271230,1270000.0,1274000.0,1262000.0,1269000.0,3054
202602271245,1269500.0,1284000.0,1268000.0,1282000.0,3727
202602271300,1281000.0,1295000.0,1276000.0,1290000.0,7265
202602271315,1290000.0,1293000.0,1269000.0,1270000.0,6376
202602271330,1270000.0,1280000.0,1261000.0,1270000.0,3333
202602271345,1269000.0,1274000.0,1263000.0,1269000.0,3152
202602271400,1269000.0,1275000.0,1266000.0,1272000.0,2837
202602271415,1272000.0,1278000.0,1267000.0,1275000.0,4447
202602271430,1275000.0,1278000.0,1265000.0,1270000.0,5876
202602271445,1269000.0,1271000.0,1252000.0,1253000.0,8708
202602271500,1253000.0,1259000.0,1250000.0,1256000.0,5834
202602271515,1256000.0,1278000.0,1256000.0,1278000.0,49233
202603030900,1268000.0,1282000.0,1224000.0,1227000.0,16971
202603030915,1227000.0,1238000.0,1213000.0,1228000.0,11174
202603030930,1228000.0,1233000.0,1220000.0,1226000.0,5784
202603030945,1225000.0,1233000.0,1213000.0,1227000.0,7487
202603031000,1228000.0,1235000.0,1223000.0,1227000.0,6967
202603031015,1226000.0,1238000.0,1221000.0,1227000.0,5638
202603031030,1227000.0,1232000.0,1223000.0,1225000.0,3775
202603031045,1224000.0,1225000.0,1205000.0,1209000.0,8370
202603031100,1208000.0,1208000.0,1190000.0,1198000.0,8627
202603031115,1198000.0,1199000.0,1183000.0,1199000.0,8152
202603031130,1199000.0,1200000.0,1188000.0,1189000.0,3995
202603031145,1190000.0,1192000.0,1173000.0,1177000.0,5870
202603031200,1178000.0,1180000.0,1167000.0,1178000.0,5334
202603031215,1178000.0,1190000.0,1155000.0,1158000.0,7697
202603031230,1158000.0,1184000.0,1153000.0,1182000.0,5718
202603031245,1182000.0,1199000.0,1174000.0,1194000.0,4573
202603031300,1195000.0,1196000.0,1175000.0,1180000.0,3886
202603031315,1180000.0,1186000.0,1175000.0,1179000.0,2564
202603031330,1179000.0,1181000.0,1165000.0,1169000.0,4865
202603031345,1169000.0,1170000.0,1153000.0,1159000.0,5672
202603031400,1159000.0,1174000.0,1154000.0,1171000.0,5863
202603031415,1171000.0,1172000.0,1162000.0,1171000.0,3021
202603031430,1170000.0,1171000.0,1155000.0,1157000.0,3775
202603031445,1156000.0,1157000.0,1148000.0,1153000.0,5734
202603031500,1153000.0,1158000.0,1143000.0,1145000.0,4334
202603031515,1144000.0,1152000.0,1111000.0,1152000.0,7033
202603040900,1055000.0,1099000.0,1040000.0,1096000.0,11011
202603040915,1096000.0,1117000.0,1089000.0,1090000.0,10220
202603040930,1089000.0,1096000.0,1064000.0,1073000.0,12265
202603040945,1073000.0,1104000.0,1073000.0,1095000.0,7951
202603041000,1096000.0,1105000.0,1065000.0,1073000.0,8506
202603041015,1073000.0,1074000.0,1038000.0,1039000.0,10846
202603041030,1040000.0,1070000.0,1038000.0,1051000.0,7573
202603041045,1050000.0,1054000.0,1032000.0,1042000.0,8007
202603041100,1041000.0,1041000.0,1013000.0,1022000.0,10437
202603041115,1021000.0,1032000.0,1019000.0,1024000.0,1147
202603041145,1022000.0,1042000.0,990000.0,1009000.0,13673
202603041200,1009000.0,1017000.0,967000.0,968000.0,11542
202603041215,968000.0,989000.0,957000.0,962000.0,10757
202603041230,962000.0,999000.0,937000.0,994000.0,10039
202603041245,990000.0,1020000.0,987000.0,1007000.0,6167
202603041300,1007000.0,1024000.0,1005000.0,1016000.0,5856
202603041315,1016000.0,1018000.0,990000.0,994000.0,6940
202603041330,993000.0,1009000.0,978000.0,997000.0,6872
202603041345,997000.0,1003000.0,986000.0,997000.0,4518
202603041400,997000.0,1006000.0,991000.0,997000.0,4188
202603041415,997000.0,1000000.0,975000.0,975000.0,5715
202603041430,976000.0,1000000.0,971000.0,994000.0,7664
202603041445,994000.0,999000.0,973000.0,974000.0,4971
202603041500,975000.0,980000.0,961000.0,962000.0,5130
202603041515,963000.0,963000.0,944000.0,945000.0,2172
202603050900,1107000.0,1116000.0,1070000.0,1112000.0,15303
202603050915,1112000.0,1130000.0,1110000.0,1130000.0,8329
202603050930,1131000.0,1136000.0,1087000.0,1099000.0,7503
202603050945,1100000.0,1119000.0,1094000.0,1105000.0,5502
202603051000,1105000.0,1111000.0,1099000.0,1105000.0,2970
202603051015,1104000.0,1105000.0,1090000.0,1099000.0,5257
202603051030,1098000.0,1103000.0,1073000.0,1077000.0,6336
202603051045,1078000.0,1084000.0,1062000.0,1080000.0,5654
202603051100,1080000.0,1103000.0,1079000.0,1097000.0,5257
202603051115,1097000.0,1102000.0,1072000.0,1074000.0,4759
202603051130,1073000.0,1087000.0,1071000.0,1082000.0,3038
202603051145,1084000.0,1091000.0,1081000.0,1086000.0,2406
202603051200,1086000.0,1097000.0,1086000.0,1087000.0,1876
202603051215,1088000.0,1092000.0,1075000.0,1075000.0,2668
202603051230,1076000.0,1079000.0,1068000.0,1074000.0,3351
202603051245,1073000.0,1074000.0,1060000.0,1062000.0,3729
202603051300,1061000.0,1074000.0,1051000.0,1070000.0,3765
202603051315,1070000.0,1071000.0,1065000.0,1069000.0,3875
202603051330,1069000.0,1077000.0,1068000.0,1076000.0,4124
202603051345,1076000.0,1085000.0,1076000.0,1084000.0,3954
202603051400,1083000.0,1088000.0,1078000.0,1084000.0,3888
202603051415,1085000.0,1089000.0,1080000.0,1087000.0,3330
202603051430,1086000.0,1091000.0,1081000.0,1084000.0,3122
202603051445,1084000.0,1092000.0,1066000.0,1068000.0,4741
202603051500,1068000.0,1076000.0,1052000.0,1056000.0,5583
202603051515,1056000.0,1073000.0,1054000.0,1073000.0,7847
202603060900,1017000.0,1090000.0,1015000.0,1084000.0,10034
202603060915,1085000.0,1091000.0,1066000.0,1066000.0,4236
202603060930,1066000.0,1070000.0,1047000.0,1051000.0,3641
202603060945,1051000.0,1059000.0,1034000.0,1049000.0,3472
202603061000,1049000.0,1049000.0,1028000.0,1033000.0,2919
202603061015,1038000.0,1038000.0,1002000.0,1016000.0,4197
202603061030,1016000.0,1032000.0,1015000.0,1022000.0,3975
202603061045,1021000.0,1037000.0,1017000.0,1028000.0,1900
202603061100,1028000.0,1036000.0,1023000.0,1027000.0,2417
202603061115,1027000.0,1033000.0,1025000.0,1029000.0,3296
202603061130,1029000.0,1032000.0,1022000.0,1029000.0,2678
202603061145,1028000.0,1031000.0,1021000.0,1026000.0,2582
202603061200,1027000.0,1034000.0,1018000.0,1019000.0,3895
202603061215,1019000.0,1026000.0,1016000.0,1022000.0,3258
202603061230,1021000.0,1025000.0,1018000.0,1024000.0,2408
202603061245,1024000.0,1027000.0,1021000.0,1027000.0,2467
202603061300,1026000.0,1032000.0,1024000.0,1025000.0,2194
202603061315,1026000.0,1028000.0,1019000.0,1020000.0,2675
202603061330,1021000.0,1029000.0,1020000.0,1027000.0,1965
202603061345,1027000.0,1029000.0,1023000.0,1027000.0,2162
202603061400,1027000.0,1042000.0,1027000.0,1035000.0,3543
202603061415,1035000.0,1042000.0,1033000.0,1041000.0,2579
202603061430,1042000.0,1044000.0,1035000.0,1036000.0,3259
202603061445,1037000.0,1049000.0,1033000.0,1046000.0,4324
202603061500,1046000.0,1050000.0,1043000.0,1047000.0,2682
202603061515,1046000.0,1058000.0,1046000.0,1050000.0,4141
202603090900,976000.0,993000.0,962000.0,968000.0,6837
202603090915,970000.0,972000.0,955000.0,963000.0,3936
202603090930,966000.0,978000.0,957000.0,967000.0,3871
202603090945,968000.0,972000.0,955000.0,955000.0,3727
202603091000,955000.0,964000.0,946000.0,961000.0,4470
202603091015,960000.0,964000.0,944000.0,944000.0,2480
202603091030,944000.0,946000.0,943000.0,943000.0,252
202603091100,943000.0,952000.0,930000.0,947000.0,6328
202603091115,946000.0,954000.0,937000.0,948000.0,2280
202603091130,948000.0,957000.0,943000.0,952000.0,1581
202603091145,955000.0,962000.0,948000.0,951000.0,2420
202603091200,954000.0,954000.0,946000.0,948000.0,1353
202603091215,949000.0,951000.0,945000.0,946000.0,1093
202603091230,946000.0,953000.0,940000.0,940000.0,1647
202603091245,941000.0,941000.0,937000.0,938000.0,1717
202603091300,939000.0,948000.0,937000.0,944000.0,1631
202603091315,944000.0,952000.0,940000.0,947000.0,1520
202603091330,948000.0,948000.0,938000.0,941000.0,1975
202603091345,941000.0,946000.0,935000.0,935000.0,2043
202603091400,936000.0,950000.0,930000.0,948000.0,3900
202603091415,946000.0,964000.0,936000.0,963000.0,3302
202603091430,963000.0,974000.0,962000.0,964000.0,3719
202603091445,963000.0,973000.0,960000.0,971000.0,3127
202603091500,971000.0,981000.0,959000.0,976000.0,5320
202603091515,976000.0,980000.0,970000.0,980000.0,3122
202603100900,1040000.0,1067000.0,1017000.0,1066000.0,7951
202603100915,1065000.0,1077000.0,1060000.0,1066000.0,5591
202603100930,1067000.0,1070000.0,1051000.0,1065000.0,4000
202603100945,1064000.0,1077000.0,1063000.0,1066000.0,3848
202603101000,1066000.0,1068000.0,1051000.0,1052000.0,3199
202603101015,1052000.0,1060000.0,1047000.0,1056000.0,3392
202603101030,1056000.0,1069000.0,1056000.0,1066000.0,2392
202603101045,1067000.0,1073000.0,1066000.0,1071000.0,2982
202603101100,1071000.0,1074000.0,1068000.0,1073000.0,2646
202603101115,1074000.0,1074000.0,1070000.0,1072000.0,1891
202603101130,1072000.0,1072000.0,1058000.0,1062000.0,2464
202603101145,1059000.0,1061000.0,1048000.0,1052000.0,2706
202603101200,1053000.0,1058000.0,1052000.0,1053000.0,1512
202603101215,1054000.0,1063000.0,1051000.0,1053000.0,1751
202603101230,1052000.0,1055000.0,1036000.0,1040000.0,2751
202603101245,1040000.0,1047000.0,1033000.0,1036000.0,2675
202603101300,1040000.0,1051000.0,1035000.0,1048000.0,2246
202603101315,1048000.0,1059000.0,1046000.0,1053000.0,2575
202603101330,1053000.0,1057000.0,1050000.0,1053000.0,1866
202603101345,1052000.0,1052000.0,1042000.0,1047000.0,1957
202603101400,1049000.0,1057000.0,1048000.0,1056000.0,2845
202603101415,1056000.0,1056000.0,1048000.0,1054000.0,2155
202603101430,1054000.0,1058000.0,1047000.0,1054000.0,2797
202603101445,1054000.0,1059000.0,1051000.0,1056000.0,2734
202603101500,1056000.0,1063000.0,1055000.0,1059000.0,3576
202603101515,1059000.0,1061000.0,1049000.0,1053000.0,4092
202603110900,1070000.0,1097000.0,1058000.0,1082000.0,8755
202603110915,1082000.0,1093000.0,1078000.0,1081000.0,6803
202603110930,1080000.0,1088000.0,1067000.0,1084000.0,4336
202603110945,1084000.0,1095000.0,1075000.0,1094000.0,3457
202603111000,1093000.0,1134000.0,1091000.0,1132000.0,10426
202603111015,1132000.0,1148000.0,1127000.0,1142000.0,7439
202603111030,1143000.0,1149000.0,1139000.0,1147000.0,3843
202603111045,1148000.0,1150000.0,1145000.0,1147000.0,2646
202603111100,1148000.0,1156000.0,1145000.0,1156000.0,4147
202603111115,1155000.0,1177000.0,1154000.0,1171000.0,6298
202603111130,1170500.0,1172000.0,1158000.0,1159000.0,3751
202603111145,1159000.0,1169000.0,1157000.0,1168000.0,2390
202603111200,1167000.0,1167000.0,1149000.0,1150000.0,2119
202603111215,1149000.0,1155000.0,1149000.0,1149000.0,1677
202603111230,1150000.0,1158000.0,1150000.0,1156000.0,1808
202603111245,1157000.0,1160000.0,1155000.0,1157000.0,2731
202603111300,1158000.0,1158000.0,1149000.0,1152000.0,1859
202603111315,1151000.0,1153000.0,1143000.0,1144000.0,2345
202603111330,1144000.0,1144000.0,1127000.0,1130000.0,2752
202603111345,1130000.0,1132000.0,1124000.0,1131000.0,3582
202603111400,1131000.0,1131000.0,1116000.0,1118000.0,3511
202603111415,1117000.0,1123000.0,1111000.0,1112000.0,5643
202603111430,1112000.0,1116000.0,1097000.0,1100000.0,5478
202603111445,1101000.0,1111000.0,1083000.0,1088000.0,5846
202603111500,1087000.0,1107000.0,1080000.0,1103000.0,6195
202603111515,1104000.0,1104000.0,1097000.0,1101000.0,3667
202603120900,1087000.0,1117000.0,1086000.0,1112000.0,4819
202603120915,1112000.0,1143000.0,1110000.0,1143000.0,6031
202603120930,1143000.0,1150000.0,1125000.0,1132000.0,7584
202603120945,1132000.0,1140000.0,1126000.0,1129000.0,3868
202603121000,1130000.0,1131000.0,1116000.0,1121000.0,3402
202603121015,1121000.0,1121000.0,1111000.0,1120000.0,2483
202603121030,1119000.0,1139000.0,1119000.0,1139000.0,3312
202603121045,1139000.0,1139000.0,1121000.0,1123000.0,3546
202603121100,1123000.0,1124000.0,1111000.0,1112000.0,2342
202603121115,1111000.0,1113000.0,1108000.0,1111000.0,1971
202603121130,1111000.0,1117000.0,1104000.0,1110000.0,2290
202603121145,1110000.0,1111000.0,1106000.0,1109000.0,1620
202603121200,1109000.0,1110000.0,1102000.0,1103000.0,1364
202603121215,1102000.0,1108000.0,1102000.0,1104000.0,1463
202603121230,1103000.0,1107000.0,1103000.0,1107000.0,1219
202603121245,1106000.0,1113000.0,1105000.0,1113000.0,1502
202603121300,1112000.0,1120000.0,1112000.0,1120000.0,1777
202603121315,1120000.0,1124000.0,1119000.0,1124000.0,2822
202603121330,1124000.0,1126000.0,1120000.0,1125000.0,2304
202603121345,1124000.0,1126000.0,1122000.0,1123000.0,1938
202603121400,1124000.0,1130000.0,1123000.0,1128000.0,2523
202603121415,1128000.0,1128000.0,1122000.0,1124000.0,1890
202603121430,1124000.0,1128000.0,1120000.0,1128000.0,2495
202603121445,1128000.0,1131000.0,1126000.0,1131000.0,2745
202603121500,1130000.0,1130000.0,1126000.0,1128000.0,2998
202603121515,1127000.0,1143000.0,1127000.0,1143000.0,14976
202603130900,1106000.0,1129000.0,1089000.0,1120000.0,4990
202603130915,1121000.0,1124000.0,1110000.0,1116000.0,3189
202603130930,1116000.0,1122000.0,1102000.0,1104000.0,2919
202603130945,1104000.0,1117000.0,1101000.0,1116000.0,2475
202603131000,1116000.0,1118000.0,1107000.0,1109000.0,2317
202603131015,1109000.0,1120000.0,1108000.0,1120000.0,1529
202603131030,1120000.0,1120000.0,1110000.0,1118000.0,2063
202603131045,1117000.0,1119000.0,1111000.0,1113000.0,2188
202603131100,1113000.0,1120000.0,1112000.0,1116000.0,1690
202603131115,1116000.0,1117500.0,1111000.0,1114000.0,1986
202603131130,1114500.0,1115000.0,1105000.0,1112500.0,2086
202603131145,1112500.0,1113000.0,1110000.0,1111000.0,620
202603131200,1110000.0,1111000.0,1104000.0,1106000.0,1208
202603131215,1106000.0,1107000.0,1104000.0,1106000.0,811
202603131230,1105000.0,1106000.0,1101000.0,1106000.0,1500
202603131245,1106000.0,1111000.0,1105000.0,1108000.0,1005
202603131300,1109000.0,1109000.0,1100000.0,1100000.0,938
202603131315,1100000.0,1101000.0,1088000.0,1088000.0,2139
202603131330,1087000.0,1093000.0,1086000.0,1093000.0,1715
202603131345,1094000.0,1094000.0,1088000.0,1090000.0,1140
202603131400,1090000.0,1096000.0,1089000.0,1095000.0,1407
202603131415,1096000.0,1096000.0,1092000.0,1095000.0,1370
202603131430,1095000.0,1101000.0,1091000.0,1096000.0,2689
202603131445,1096000.0,1098000.0,1091000.0,1096000.0,1862
202603131500,1096000.0,1099000.0,1091000.0,1099000.0,2638
202603131515,1098000.0,1101000.0,1098000.0,1099000.0,2225
202603160900,1082000.0,1091000.0,1065000.0,1068000.0,6872
202603160915,1069000.0,1079000.0,1062000.0,1071000.0,4728
202603160930,1071000.0,1093000.0,1071000.0,1093000.0,3072
202603160945,1092000.0,1115000.0,1086000.0,1115000.0,4522
202603161000,1115000.0,1122000.0,1090000.0,1095000.0,4488
202603161015,1095000.0,1097000.0,1083000.0,1086000.0,2655
202603161030,1085000.0,1087000.0,1076000.0,1078000.0,3315
202603161045,1078000.0,1092000.0,1076000.0,1090000.0,2551
202603161100,1090000.0,1090000.0,1071000.0,1072000.0,3353
202603161115,1072000.0,1073000.0,1068000.0,1069000.0,1769
202603161130,1069000.0,1070000.0,1060000.0,1062000.0,3136
202603161145,1062000.0,1064000.0,1060000.0,1063000.0,1612
202603161200,1063000.0,1063000.0,1057000.0,1060000.0,2272
202603161215,1060000.0,1063000.0,1053000.0,1061000.0,2327
202603161230,1062000.0,1075000.0,1062000.0,1074000.0,1888
202603161245,1074000.0,1074000.0,1069000.0,1071000.0,1231
202603161300,1071000.0,1088000.0,1071000.0,1088000.0,3491
202603161315,1087000.0,1089000.0,1083000.0,1085000.0,2246
202603161330,1085000.0,1088000.0,1084000.0,1085000.0,1723
202603161345,1085000.0,1086000.0,1081000.0,1086000.0,1230
202603161400,1085500.0,1092000.0,1084000.0,1090000.0,2026
202603161415,1090000.0,1094000.0,1084000.0,1090000.0,3444
202603161430,1090000.0,1091000.0,1084000.0,1089000.0,2826
202603161445,1088000.0,1093000.0,1084000.0,1092000.0,3594
202603161500,1091000.0,1095000.0,1088000.0,1095000.0,3784
202603161515,1095000.0,1098000.0,1088000.0,1088000.0,4395
202603170900,1168000.0,1185000.0,1149000.0,1149000.0,9730
202603170915,1150000.0,1162000.0,1130000.0,1142000.0,5748
202603170930,1142000.0,1155000.0,1137000.0,1141000.0,2798
202603170945,1140000.0,1142000.0,1132000.0,1139000.0,2091
202603171000,1137000.0,1139000.0,1131000.0,1134000.0,1702
202603171015,1135000.0,1137000.0,1125000.0,1128000.0,3333
202603171030,1128000.0,1132000.0,1122000.0,1123000.0,2149
202603171045,1125000.0,1126000.0,1120000.0,1121000.0,1919
202603171100,1120500.0,1121000.0,1115000.0,1117000.0,1704
202603171115,1117000.0,1129000.0,1116000.0,1124000.0,997
202603171130,1124000.0,1130000.0,1121000.0,1121000.0,968
202603171145,1123000.0,1124000.0,1118000.0,1119000.0,872
202603171200,1119000.0,1121000.0,1115000.0,1117000.0,1158
202603171215,1117000.0,1120000.0,1115000.0,1118000.0,1227
202603171230,1117000.0,1118000.0,1106000.0,1108000.0,2017
202603171245,1109000.0,1112000.0,1107000.0,1109000.0,1430
202603171300,1109000.0,1111000.0,1100000.0,1108000.0,1968
202603171315,1108000.0,1112000.0,1104000.0,1108000.0,2054
202603171330,1109000.0,1128000.0,1109000.0,1126000.0,2010
202603171345,1128000.0,1136000.0,1120000.0,1129000.0,2730
202603171400,1130000.0,1134000.0,1122000.0,1134000.0,1829
202603171415,1134000.0,1137000.0,1131000.0,1134000.0,2152
202603171430,1134000.0,1137000.0,1131000.0,1131000.0,1862
202603171445,1132000.0,1132000.0,1121000.0,1124000.0,3470
202603171500,1122000.0,1123000.0,1110000.0,1110000.0,4192
202603171515,1110000.0,1116000.0,1108000.0,1110000.0,4303
202603180900,1156000.0,1178000.0,1155000.0,1176000.0,10720
202603180915,1177000.0,1184000.0,1166000.0,1179000.0,8880
202603180930,1180000.0,1188000.0,1174000.0,1187000.0,4866
202603180945,1187000.0,1196000.0,1185000.0,1193000.0,5317
202603181000,1193000.0,1200000.0,1190000.0,1190000.0,3728
202603181015,1191000.0,1195000.0,1185000.0,1189000.0,3088
202603181030,1190000.0,1191000.0,1184000.0,1184000.0,2118
202603181045,1185000.0,1186000.0,1180000.0,1183000.0,1417
202603181100,1184000.0,1189000.0,1183000.0,1188000.0,1778
202603181115,1188000.0,1190000.0,1187000.0,1190000.0,1383
202603181130,1190000.0,1194000.0,1189000.0,1194000.0,1319
202603181145,1194000.0,1195000.0,1185000.0,1186000.0,1676
202603181200,1186000.0,1190000.0,1185000.0,1187000.0,1305
202603181215,1187000.0,1191000.0,1184000.0,1190000.0,1125
202603181230,1191000.0,1193000.0,1188000.0,1189000.0,1802
202603181245,1190000.0,1192000.0,1189000.0,1190000.0,1252
202603181300,1190000.0,1194000.0,1188000.0,1194000.0,1793
202603181315,1193000.0,1195000.0,1191000.0,1193000.0,1667
202603181330,1194000.0,1199000.0,1193000.0,1198000.0,2167
202603181345,1198000.0,1205000.0,1195000.0,1198000.0,7043
202603181400,1198000.0,1200000.0,1186000.0,1189000.0,2890
202603181415,1188000.0,1193000.0,1184000.0,1192000.0,1882
202603181430,1192000.0,1198000.0,1189000.0,1193000.0,2356
202603181445,1193000.0,1195000.0,1190000.0,1194000.0,2541
202603181500,1194000.0,1194000.0,1185000.0,1187000.0,2031
202603181515,1186000.0,1190000.0,1184000.0,1189000.0,2866
202603190900,1146000.0,1160000.0,1139000.0,1147000.0,5102
202603190915,1148000.0,1154000.0,1142000.0,1154000.0,2522
202603190930,1154000.0,1154000.0,1136000.0,1136000.0,3895
202603190945,1136000.0,1144000.0,1135000.0,1141000.0,2491
202603191000,1140000.0,1142000.0,1134000.0,1134000.0,2414
202603191015,1134000.0,1146000.0,1130000.0,1141000.0,2772
202603191030,1141000.0,1152000.0,1138000.0,1144000.0,1991
202603191045,1145000.0,1158000.0,1144000.0,1157000.0,2218
202603191100,1155000.0,1176000.0,1152000.0,1169000.0,2470
202603191115,1169000.0,1178000.0,1169000.0,1170000.0,1465
202603191130,1171000.0,1175000.0,1169000.0,1170000.0,987
202603191145,1172000.0,1172000.0,1163000.0,1163000.0,1252
202603191200,1163000.0,1175000.0,1163000.0,1174000.0,1260
202603191215,1173000.0,1175000.0,1168000.0,1169000.0,1155
202603191230,1169000.0,1172000.0,1167000.0,1168000.0,1076
202603191245,1168000.0,1169000.0,1165000.0,1167000.0,1073
202603191300,1168000.0,1168000.0,1157000.0,1162000.0,2108
202603191315,1162000.0,1167000.0,1157000.0,1159000.0,1612
202603191330,1159000.0,1160000.0,1151000.0,1155000.0,1604
202603191345,1155000.0,1162000.0,1151000.0,1162000.0,1095
202603191400,1161000.0,1163500.0,1154000.0,1160000.0,1477
202603191415,1160000.0,1167000.0,1159000.0,1165000.0,1849
202603191430,1165000.0,1167000.0,1153000.0,1155000.0,1570
202603191445,1155000.0,1158000.0,1152000.0,1153000.0,1705
202603191500,1153000.0,1161000.0,1153000.0,1160000.0,1875
202603191515,1160000.0,1162000.0,1149000.0,1149000.0,3192
202603200900,1179000.0,1202000.0,1171000.0,1181000.0,11250
202603200915,1182000.0,1183000.0,1161000.0,1167500.0,4342
202603200930,1168000.0,1179000.0,1167000.0,1173000.0,2674
202603200945,1173000.0,1175000.0,1165000.0,1165000.0,1958
202603201000,1165000.0,1172000.0,1165000.0,1171000.0,1926
202603201015,1170000.0,1175000.0,1164000.0,1171000.0,1732
202603201030,1170000.0,1182000.0,1169000.0,1174000.0,1123
202603201045,1174000.0,1175000.0,1169000.0,1169000.0,1864
202603201100,1169000.0,1172000.0,1161000.0,1163000.0,3218
202603201115,1163000.0,1177000.0,1161000.0,1175000.0,1915
202603201130,1175000.0,1176000.0,1172000.0,1175000.0,838
202603201145,1175000.0,1186000.0,1175000.0,1186000.0,1317
202603201200,1186000.0,1193000.0,1184000.0,1192000.0,2122
202603201215,1193000.0,1198000.0,1192000.0,1195000.0,2810
202603201230,1195000.0,1195000.0,1187000.0,1190000.0,1136
202603201245,1190000.0,1194000.0,1189000.0,1189000.0,1144
202603201300,1189500.0,1193000.0,1182000.0,1182000.0,1234
202603201315,1183000.0,1183000.0,1176000.0,1179000.0,810
202603201330,1180000.0,1187000.0,1179000.0,1185000.0,786
202603201345,1184000.0,1187000.0,1182000.0,1183000.0,815
202603201400,1183000.0,1185000.0,1175000.0,1179000.0,1198
202603201415,1179000.0,1179000.0,1172000.0,1174000.0,1895
202603201430,1174500.0,1178000.0,1173000.0,1176000.0,1297
202603201445,1176000.0,1180000.0,1174000.0,1175000.0,1386
202603201500,1175000.0,1183000.0,1174000.0,1183000.0,1796
202603201515,1183000.0,1186000.0,1179000.0,1186000.0,21286
202603230900,1120000.0,1121000.0,1101000.0,1111000.0,5138
202603230915,1112000.0,1134000.0,1106000.0,1108000.0,4808
202603230930,1108000.0,1109000.0,1094000.0,1097000.0,6284
202603230945,1097000.0,1097000.0,1070000.0,1076000.0,3969
202603231000,1076000.0,1090000.0,1075000.0,1090000.0,3213
202603231015,1090000.0,1096000.0,1088000.0,1089000.0,2488
202603231030,1089000.0,1107000.0,1087000.0,1102000.0,2634
202603231045,1101000.0,1102000.0,1095000.0,1099000.0,2353
202603231100,1100000.0,1108000.0,1094000.0,1096000.0,1824
202603231115,1095000.0,1102000.0,1089000.0,1095000.0,2263
202603231130,1096000.0,1096000.0,1084000.0,1087000.0,1756
202603231145,1086000.0,1092000.0,1084000.0,1092000.0,1740
202603231200,1092000.0,1092000.0,1083000.0,1085000.0,1512
202603231215,1084000.0,1086000.0,1082000.0,1083000.0,1409
202603231230,1083000.0,1086000.0,1081000.0,1082000.0,1280
202603231245,1081000.0,1083000.0,1078000.0,1080000.0,1834
202603231300,1080000.0,1082000.0,1077000.0,1079000.0,2411
202603231315,1081000.0,1085000.0,1077000.0,1082000.0,1342
202603231330,1082000.0,1082000.0,1077000.0,1079000.0,1523
202603231345,1079000.0,1085000.0,1076000.0,1084000.0,1992
202603231400,1085000.0,1088000.0,1081000.0,1082000.0,1572
202603231415,1082000.0,1083000.0,1076000.0,1076000.0,2392
202603231430,1077000.0,1078000.0,1070000.0,1071000.0,2924
202603231445,1071000.0,1072000.0,1068000.0,1068000.0,3745
202603231500,1069000.0,1071000.0,1065000.0,1069000.0,3204
202603231515,1069000.0,1070000.0,1066000.0,1066000.0,3711
202603240900,1149000.0,1174000.0,1133000.0,1168000.0,10484
202603240915,1168000.0,1187000.0,1156000.0,1177000.0,9640
202603240930,1176000.0,1183000.0,1141000.0,1166000.0,6896
202603240945,1165000.0,1169000.0,1146000.0,1149000.0,4664
202603241000,1149000.0,1156000.0,1137000.0,1137000.0,6515
202603241015,1136000.0,1148000.0,1131000.0,1140000.0,4215
202603241030,1141000.0,1143000.0,1128000.0,1130000.0,5731
202603241045,1130000.0,1130000.0,1117000.0,1123000.0,2667
202603241100,1124000.0,1138000.0,1122000.0,1126000.0,2089
202603241115,1126000.0,1138000.0,1124000.0,1137000.0,1270
202603241130,1137000.0,1146000.0,1136000.0,1143000.0,1099
202603241145,1143000.0,1145000.0,1130000.0,1132000.0,865
202603241200,1130000.0,1140000.0,1129000.0,1138000.0,767
202603241215,1138000.0,1146000.0,1128000.0,1145000.0,2205
202603241230,1145000.0,1153000.0,1139000.0,1152000.0,3061
202603241245,1153000.0,1153000.0,1141000.0,1150000.0,2844
202603241300,1150000.0,1157000.0,1149000.0,1157000.0,1562
202603241315,1157000.0,1157000.0,1150000.0,1153000.0,903
202603241330,1153000.0,1159000.0,1150000.0,1156000.0,957
202603241345,1156000.0,1159000.0,1151000.0,1151000.0,1116
202603241400,1150000.0,1151000.0,1141000.0,1145000.0,1585
202603241415,1145000.0,1157000.0,1136000.0,1136000.0,1461
202603241430,1139000.0,1146000.0,1135000.0,1144000.0,1376
202603241445,1145000.0,1151000.0,1142000.0,1149000.0,1124
202603241500,1149000.0,1152000.0,1148000.0,1149000.0,1320
202603241515,1149000.0,1152000.0,1148000.0,1151000.0,2236
202603250900,1190000.0,1245000.0,1190000.0,1240000.0,10466
202603250915,1240000.0,1247000.0,1228000.0,1246000.0,5128
202603250930,1245000.0,1250000.0,1240000.0,1244000.0,3838
202603250945,1245000.0,1260000.0,1245000.0,1259000.0,5301
202603251000,1260000.0,1262000.0,1255000.0,1259000.0,3963
202603251015,1258000.0,1267000.0,1257000.0,1266000.0,3724
202603251030,1266000.0,1269000.0,1261000.0,1266000.0,3207
202603251045,1267000.0,1268000.0,1256000.0,1259000.0,2370
202603251100,1255000.0,1256000.0,1241000.0,1245000.0,3480
202603251115,1245000.0,1255000.0,1241000.0,1252000.0,1846
202603251130,1251000.0,1254000.0,1247000.0,1248000.0,1495
202603251145,1249000.0,1251000.0,1240000.0,1243000.0,1465
202603251200,1244000.0,1252000.0,1243000.0,1244000.0,1501
202603251215,1244000.0,1251000.0,1244000.0,1251000.0,1313
202603251230,1251000.0,1255000.0,1250000.0,1254000.0,1559
202603251245,1254000.0,1260000.0,1253000.0,1259000.0,1432
202603251300,1260000.0,1260000.0,1254000.0,1255000.0,1457
202603251315,1257000.0,1274000.0,1256000.0,1272000.0,4528
202603251330,1273000.0,1280000.0,1269000.0,1279000.0,4062
202603251345,1278000.0,1279000.0,1271000.0,1271000.0,2319
202603251400,1270000.0,1272000.0,1263000.0,1265000.0,2346
202603251415,1265000.0,1266000.0,1250000.0,1253000.0,2565
202603251430,1253000.0,1258000.0,1248000.0,1253000.0,2804
202603251445,1253000.0,1255000.0,1241000.0,1245000.0,2223
202603251500,1246000.0,1253000.0,1241000.0,1246000.0,2962
202603251515,1246000.0,1251000.0,1246000.0,1250000.0,3245
202603260900,1239000.0,1259000.0,1230000.0,1258000.0,5338
202603260915,1257000.0,1264000.0,1240000.0,1244000.0,2785
202603260930,1244000.0,1261000.0,1240000.0,1241000.0,2220
202603260945,1241000.0,1256000.0,1236000.0,1249000.0,2010
202603261000,1249000.0,1250000.0,1244000.0,1245000.0,1285
202603261015,1245000.0,1255000.0,1236000.0,1247000.0,1947
202603261030,1247000.0,1255000.0,1246000.0,1252000.0,1077
202603261045,1251000.0,1252000.0,1242000.0,1247000.0,1365
202603261100,1248000.0,1249000.0,1231000.0,1231000.0,1065
202603261115,1231000.0,1231000.0,1219000.0,1221000.0,2384
202603261130,1221000.0,1229000.0,1215000.0,1224000.0,1814
202603261145,1223000.0,1227000.0,1220000.0,1220000.0,1101
202603261200,1221000.0,1228000.0,1219000.0,1226000.0,854
202603261215,1226000.0,1230000.0,1222000.0,1230000.0,752
202603261230,1230000.0,1246000.0,1229000.0,1243000.0,1485
202603261245,1244000.0,1248000.0,1233000.0,1239000.0,1197
202603261300,1240000.0,1250000.0,1239000.0,1250000.0,1060
202603261315,1249000.0,1250000.0,1240000.0,1247000.0,1480
202603261330,1248000.0,1249000.0,1241000.0,1248000.0,1492
202603261345,1248000.0,1254000.0,1245000.0,1248000.0,2027
202603261400,1250000.0,1253000.0,1242000.0,1243000.0,1840
202603261415,1244000.0,1252000.0,1243000.0,1251000.0,1965
202603261430,1251000.0,1253000.0,1246000.0,1246000.0,2596
202603261445,1247000.0,1247000.0,1237000.0,1240000.0,2416
202603261500,1241000.0,1249000.0,1238000.0,1243000.0,2567
202603261515,1244000.0,1250000.0,1235000.0,1239000.0,4117
202603270900,1165000.0,1167000.0,1136000.0,1136000.0,8616
202603270915,1136500.0,1153000.0,1132000.0,1150000.0,4876
202603270930,1150000.0,1160000.0,1147000.0,1153000.0,4719
202603270945,1155000.0,1167000.0,1148000.0,1164000.0,3448
202603271000,1165000.0,1184000.0,1161000.0,1183000.0,3874
202603271015,1184000.0,1202000.0,1181000.0,1201000.0,4246
202603271030,1201000.0,1225000.0,1201000.0,1201000.0,4090
202603271045,1201000.0,1203000.0,1186000.0,1195000.0,2330
202603271100,1195000.0,1196000.0,1174000.0,1175000.0,2467
202603271115,1175000.0,1180000.0,1172000.0,1175000.0,1407
202603271130,1175000.0,1190000.0,1175000.0,1188000.0,1735
202603271145,1186000.0,1188000.0,1182000.0,1185000.0,1114
202603271200,1185000.0,1188000.0,1178000.0,1179000.0,1692
202603271215,1178000.0,1183000.0,1174000.0,1178000.0,1231
202603271230,1178000.0,1195000.0,1178000.0,1190000.0,3304
202603271245,1190000.0,1205000.0,1189000.0,1202000.0,2040
202603271300,1203000.0,1204000.0,1196000.0,1202000.0,1537
202603271315,1202000.0,1212000.0,1200000.0,1207000.0,2159
202603271330,1206000.0,1216000.0,1203000.0,1210000.0,1905
202603271345,1210000.0,1216000.0,1208000.0,1214000.0,2500
202603271400,1213000.0,1230000.0,1213000.0,1222000.0,5145
202603271415,1222000.0,1223000.0,1204000.0,1212000.0,2584
202603271430,1212000.0,1214000.0,1203000.0,1205000.0,1852
202603271445,1203000.0,1209000.0,1197000.0,1200000.0,1976
202603271500,1200000.0,1211000.0,1199000.0,1204000.0,4276
202603271515,1203000.0,1204000.0,1198000.0,1203000.0,3646
202603300900,1118000.0,1124000.0,1107000.0,1117000.0,4174
202603300915,1117000.0,1128000.0,1111000.0,1111000.0,3711
202603300930,1113000.0,1124000.0,1103000.0,1104000.0,4758
202603300945,1104000.0,1108000.0,1091000.0,1104000.0,7103
202603301000,1105000.0,1106000.0,1082000.0,1083000.0,6096
202603301015,1083000.0,1085000.0,1075000.0,1078000.0,6627
202603301030,1077000.0,1106000.0,1077000.0,1104000.0,7825
202603301045,1104000.0,1105000.0,1087000.0,1094000.0,2888
202603301100,1094000.0,1096000.0,1084000.0,1094000.0,2351
202603301115,1091000.0,1092000.0,1081000.0,1082000.0,1843
202603301130,1082000.0,1091000.0,1081000.0,1090000.0,1378
202603301145,1089000.0,1096000.0,1088000.0,1093000.0,1453
202603301200,1093000.0,1103000.0,1091000.0,1102000.0,2048
202603301215,1103000.0,1113000.0,1101000.0,1108000.0,2383
202603301230,1107000.0,1111000.0,1104000.0,1109000.0,1674
202603301245,1109000.0,1111000.0,1102000.0,1105000.0,1862
202603301300,1105000.0,1112000.0,1102000.0,1110000.0,1313
202603301315,1111000.0,1112000.0,1106000.0,1111000.0,1255
202603301330,1111000.0,1119000.0,1110000.0,1115000.0,1759
202603301345,1115000.0,1117000.0,1113000.0,1116000.0,1607
202603301400,1115000.0,1120000.0,1111000.0,1119000.0,2044
202603301415,1119000.0,1124000.0,1117000.0,1120000.0,2172
202603301430,1120000.0,1124000.0,1116000.0,1118000.0,1941
202603301445,1119000.0,1119000.0,1108000.0,1111000.0,2106
202603301500,1109000.0,1119000.0,1109000.0,1112000.0,2197
202603301515,1112000.0,1114000.0,1110000.0,1112000.0,4375
202603310900,1065000.0,1078000.0,1034000.0,1036000.0,6196
202603310915,1036000.0,1041000.0,1026000.0,1037000.0,5323
202603310930,1036000.0,1053000.0,1029000.0,1051000.0,4899
202603310945,1052000.0,1062000.0,1049000.0,1057000.0,4595
202603311000,1058000.0,1073000.0,1041000.0,1050000.0,4117
202603311015,1051000.0,1068000.0,1048000.0,1064000.0,3376
202603311030,1063000.0,1082000.0,1062000.0,1079000.0,4233
202603311045,1080000.0,1093000.0,1074000.0,1075000.0,4697
202603311100,1075000.0,1076000.0,1063000.0,1063000.0,3495
202603311115,1063000.0,1068000.0,1054000.0,1054000.0,2968
202603311130,1056000.0,1059000.0,1048000.0,1051000.0,2637
202603311145,1051000.0,1058000.0,1048000.0,1053000.0,3555
202603311200,1053000.0,1065000.0,1052000.0,1056000.0,3698
202603311215,1056000.0,1056000.0,1046000.0,1047000.0,2579
202603311230,1047000.0,1049000.0,1035000.0,1036000.0,2931
202603311245,1037000.0,1040000.0,1032000.0,1032000.0,2631
202603311300,1032000.0,1033000.0,1026000.0,1028000.0,3530
202603311315,1028000.0,1031000.0,1024000.0,1027000.0,4087
202603311330,1027000.0,1031000.0,1023000.0,1026000.0,3338
202603311345,1023000.0,1025000.0,1015000.0,1025000.0,4581
202603311400,1024000.0,1029000.0,1017000.0,1017000.0,3775
202603311415,1017000.0,1037000.0,1016000.0,1027000.0,4542
202603311430,1027000.0,1032000.0,1026000.0,1031000.0,4035
202603311445,1031500.0,1036000.0,1030000.0,1034000.0,4086
202603311500,1034000.0,1035000.0,1028000.0,1030000.0,6993
202603311515,1030000.0,1032000.0,1026000.0,1026000.0,17668
202604010900,1112000.0,1112000.0,1089000.0,1100000.0,5378
202604010915,1100000.0,1103000.0,1086000.0,1103000.0,3633
202604010930,1103000.0,1110000.0,1100000.0,1101000.0,3167
202604010945,1101000.0,1108000.0,1100000.0,1101000.0,2503
202604011000,1100000.0,1103000.0,1089000.0,1101000.0,2826
202604011015,1101000.0,1115000.0,1100000.0,1114500.0,3966
202604011030,1115000.0,1119000.0,1108000.0,1113000.0,2676
202604011045,1113000.0,1115000.0,1105000.0,1106000.0,2178
202604011100,1106000.0,1106000.0,1096000.0,1097000.0,1332
202604011115,1097000.0,1109000.0,1097000.0,1104000.0,1612
202604011130,1104000.0,1109000.0,1101000.0,1108000.0,1253
202604011145,1108000.0,1109000.0,1106000.0,1106000.0,645
202604011200,1107000.0,1109000.0,1105000.0,1108000.0,1233
202604011215,1107000.0,1113000.0,1107000.0,1108000.0,1542
202604011230,1108000.0,1111000.0,1108000.0,1110000.0,740
202604011245,1111000.0,1113000.0,1109000.0,1111000.0,868
202604011300,1110000.0,1113500.0,1105000.0,1113000.0,1967
202604011315,1113000.0,1121000.0,1112000.0,1119000.0,2364
202604011330,1119000.0,1124000.0,1118000.0,1121000.0,1694
202604011345,1121000.0,1126000.0,1121000.0,1123000.0,1680
202604011400,1123000.0,1130000.0,1122000.0,1128000.0,2317
202604011415,1128000.0,1132000.0,1128000.0,1131000.0,1823
202604011430,1131000.0,1134000.0,1130000.0,1133000.0,1780
202604011445,1133000.0,1134000.0,1119000.0,1122000.0,2546
202604011500,1122000.0,1127500.0,1118000.0,1119000.0,2566
202604011515,1119000.0,1120000.0,1112000.0,1115000.0,2937
202604020900,1126000.0,1130000.0,1111000.0,1128000.0,4927
202604020915,1127000.0,1134000.0,1113000.0,1119000.0,3413
202604020930,1118000.0,1124000.0,1106000.0,1118000.0,2795
202604020945,1118000.0,1132000.0,1117000.0,1125000.0,2909
202604021000,1125000.0,1130000.0,1103000.0,1110000.0,3801
202604021015,1110000.0,1115000.0,1064000.0,1066000.0,7451
202604021030,1066000.0,1081000.0,1055000.0,1057000.0,4030
202604021045,1057000.0,1077000.0,1048000.0,1070000.0,3744
202604021100,1070000.0,1070000.0,1037000.0,1039000.0,4551
202604021115,1041000.0,1046000.0,1037000.0,1038000.0,2790
202604021130,1039000.0,1056000.0,1036000.0,1051000.0,2822
202604021145,1052000.0,1055000.0,1046000.0,1048000.0,1840
202604021200,1049000.0,1050000.0,1041000.0,1048000.0,1459
202604021215,1049000.0,1053000.0,1045000.0,1046000.0,1241
202604021230,1050000.0,1050000.0,1027000.0,1036000.0,3053
202604021245,1035000.0,1036000.0,1030000.0,1036000.0,1564
202604021300,1034000.0,1038000.0,1025000.0,1037000.0,3973
202604021315,1037000.0,1037000.0,1025000.0,1029000.0,2469
202604021330,1029000.0,1029000.0,1025000.0,1026000.0,1823
202604021345,1026000.0,1034000.0,1026000.0,1034000.0,2070
202604021400,1034000.0,1034000.0,1025000.0,1029000.0,2536
202604021415,1029000.0,1029000.0,1025000.0,1028000.0,2106
202604021430,1026000.0,1027000.0,1017500.0,1018000.0,3656
202604021445,1017000.0,1020000.0,1009000.0,1012500.0,5193
202604021500,1012000.0,1024000.0,1010000.0,1021000.0,6435
202604021515,1019000.0,1022000.0,1014000.0,1021000.0,4242
202604030900,1066000.0,1075000.0,1048500.0,1049000.0,4188
202604030915,1049000.0,1058000.0,1039000.0,1050000.0,3998
202604030930,1050000.0,1053000.0,1041000.0,1044000.0,1360
202604030945,1044000.0,1048000.0,1042000.0,1045000.0,1133
202604031000,1046000.0,1052000.0,1040000.0,1049000.0,1635
202604031015,1048000.0,1055000.0,1046000.0,1049000.0,1296
202604031030,1049000.0,1051000.0,1040000.0,1040000.0,1462
202604031045,1040000.0,1044000.0,1035000.0,1035000.0,1366
202604031100,1036000.0,1039000.0,1032000.0,1034000.0,1650
202604031115,1034500.0,1036000.0,1028000.0,1030000.0,1339
202604031130,1031000.0,1034000.0,1022000.0,1026000.0,1431
202604031145,1026000.0,1035000.0,1024000.0,1034000.0,914
202604031200,1032000.0,1038000.0,1031000.0,1035000.0,694
202604031215,1036000.0,1042000.0,1034000.0,1040000.0,1620
202604031230,1040000.0,1044000.0,1036000.0,1041000.0,770
202604031245,1042000.0,1044000.0,1038000.0,1043000.0,793
202604031300,1043000.0,1045000.0,1041000.0,1042000.0,1077
202604031315,1042000.0,1045000.0,1032000.0,1032000.0,1688
202604031330,1032000.0,1040000.0,1031000.0,1032000.0,1304
202604031345,1035000.0,1040000.0,1032000.0,1038000.0,830
202604031400,1039000.0,1042000.0,1032000.0,1034000.0,1203
202604031415,1035000.0,1037000.0,1031000.0,1037000.0,1079
202604031430,1037000.0,1042000.0,1033000.0,1037000.0,1805
202604031445,1037000.0,1057000.0,1035000.0,1055000.0,3395
202604031500,1056000.0,1071000.0,1056000.0,1071000.0,6349
202604031515,1071000.0,1075000.0,1069000.0,1071000.0,3168
202604060900,1068000.0,1076000.0,1065000.0,1067000.0,2227
202604060915,1069000.0,1071000.0,1051000.0,1052000.0,3856
202604060930,1052000.0,1066000.0,1050000.0,1062000.0,2738
202604060945,1062000.0,1071000.0,1062000.0,1065000.0,2547
202604061000,1065000.0,1084000.0,1060000.0,1070000.0,6609
202604061015,1069000.0,1069000.0,1058000.0,1059000.0,4000
202604061030,1059000.0,1067000.0,1051000.0,1060000.0,2098
202604061045,1059000.0,1061000.0,1048000.0,1054000.0,2872
202604061100,1055000.0,1076000.0,1051000.0,1071000.0,2931
202604061115,1069000.0,1092000.0,1069000.0,1090000.0,4625
202604061130,1090000.0,1091000.0,1074000.0,1079000.0,1808
202604061145,1079000.0,1081000.0,1070000.0,1071000.0,1580
202604061200,1070000.0,1074000.0,1065000.0,1067000.0,1556
202604061215,1067000.0,1069000.0,1061000.0,1063000.0,1889
202604061230,1064000.0,1066000.0,1054000.0,1056000.0,1764
202604061245,1056000.0,1070000.0,1054000.0,1070000.0,2199
202604061300,1069000.0,1077000.0,1066000.0,1073000.0,3493
202604061315,1073000.0,1080000.0,1066000.0,1079000.0,2395
202604061330,1077000.0,1082000.0,1072000.0,1079000.0,3041
202604061345,1079000.0,1080000.0,1074000.0,1078000.0,2104
202604061400,1079000.0,1081000.0,1077000.0,1078000.0,2110
202604061415,1078000.0,1082000.0,1077000.0,1082000.0,2114
202604061430,1081000.0,1082000.0,1074000.0,1077000.0,2708
202604061445,1077000.0,1077000.0,1073000.0,1073000.0,1931
202604061500,1073000.0,1079000.0,1072000.0,1078000.0,1870
202604061515,1079000.0,1079000.0,1077000.0,1078000.0,1738
202604070900,1100000.0,1102000.0,1065000.0,1083000.0,7123
202604070915,1082000.0,1082000.0,1073000.0,1077000.0,3173
202604070930,1077000.0,1080000.0,1066000.0,1068000.0,3649
202604070945,1069000.0,1073000.0,1051000.0,1051000.0,4990
202604071000,1051000.0,1055000.0,1044000.0,1046000.0,4649
202604071015,1045000.0,1048000.0,1042000.0,1046000.0,2312
202604071030,1047000.0,1052000.0,1038000.0,1044000.0,2838
202604071045,1044000.0,1047000.0,1031000.0,1033000.0,2941
202604071100,1033000.0,1037000.0,1031000.0,1032000.0,1845
202604071115,1032000.0,1043000.0,1032000.0,1042000.0,1509
202604071130,1042000.0,1048000.0,1040000.0,1045000.0,1517
202604071145,1045000.0,1048000.0,1041000.0,1042000.0,1231
202604071200,1043000.0,1045000.0,1040000.0,1043000.0,1029
202604071215,1042000.0,1044000.0,1037000.0,1039000.0,1197
202604071230,1039000.0,1043000.0,1036000.0,1038000.0,1252
202604071245,1037000.0,1040000.0,1035000.0,1036000.0,1055
202604071300,1036000.0,1036000.0,1027000.0,1028000.0,3868
202604071315,1029000.0,1037000.0,1028000.0,1037000.0,1258
202604071330,1036000.0,1039000.0,1033000.0,1038000.0,1553
202604071345,1037000.0,1042000.0,1035000.0,1036000.0,1449
202604071400,1036000.0,1039000.0,1033000.0,1037000.0,1398
202604071415,1037000.0,1044000.0,1034000.0,1039000.0,2425
202604071430,1039000.0,1042000.0,1037000.0,1039000.0,1852
202604071445,1040000.0,1049000.0,1039000.0,1049000.0,1998
202604071500,1049000.0,1052000.0,1047000.0,1048000.0,2353
202604071515,1049000.0,1052000.0,1048000.0,1049000.0,2827
202604080900,1200000.0,1218000.0,1134000.0,1212000.0,33234
202604080915,1213000.0,1220000.0,1194000.0,1201000.0,13667
202604080930,1201000.0,1211000.0,1188000.0,1207000.0,11779
202604080945,1208000.0,1218000.0,1195000.0,1201000.0,6645
202604081000,1199000.0,1203000.0,1188000.0,1193000.0,6171
202604081015,1192000.0,1204000.0,1190000.0,1195000.0,4698
202604081030,1194000.0,1218000.0,1189000.0,1215000.0,7058
202604081045,1214000.0,1218000.0,1203000.0,1204000.0,8026
202604081100,1205000.0,1212000.0,1202000.0,1209000.0,3418
202604081115,1210000.0,1219000.0,1210000.0,1216000.0,2881
202604081130,1216000.0,1220000.0,1215000.0,1217000.0,2753
202604081145,1216000.0,1224000.0,1213000.0,1218000.0,4401
202604081200,1218000.0,1223000.0,1218000.0,1220000.0,1981
202604081215,1221000.0,1223000.0,1216000.0,1218000.0,2681
202604081230,1217000.0,1220000.0,1214000.0,1217000.0,2578
202604081245,1217000.0,1221000.0,1216000.0,1218000.0,2322
202604081300,1218000.0,1222000.0,1206000.0,1207000.0,3488
202604081315,1209000.0,1214000.0,1201000.0,1212000.0,4549
202604081330,1212000.0,1215000.0,1207000.0,1208000.0,4026
202604081345,1207500.0,1212000.0,1205000.0,1205000.0,3702
202604081400,1205000.0,1210000.0,1196000.0,1208000.0,4546
202604081415,1209000.0,1210000.0,1196000.0,1199000.0,3796
202604081430,1199000.0,1204000.0,1187000.0,1194000.0,5096
202604081445,1194000.0,1202000.0,1191000.0,1202000.0,4191
202604081500,1200000.0,1203000.0,1197000.0,1199000.0,3835
202604081515,1200000.0,1204000.0,1197000.0,1204000.0,4231
202604090900,1187000.0,1309000.0,1185000.0,1294000.0,23583
202604090915,1292000.0,1299000.0,1270000.0,1293000.0,10744
202604090930,1292000.0,1300000.0,1277000.0,1278000.0,8659
202604090945,1278000.0,1296000.0,1271000.0,1290000.0,6718
202604091000,1291000.0,1292000.0,1273000.0,1273000.0,4965
202604091015,1273000.0,1278000.0,1257000.0,1269000.0,14000
202604091030,1268000.0,1277000.0,1266000.0,1269000.0,5511
202604091045,1269000.0,1291000.0,1267000.0,1285000.0,5042
202604091100,1285000.0,1295000.0,1282000.0,1291000.0,3262
202604091115,1292000.0,1294000.0,1280000.0,1285000.0,2404
202604091130,1284000.0,1290000.0,1282000.0,1286000.0,1655
202604091145,1285000.0,1294000.0,1285000.0,1292000.0,2417
202604091200,1292000.0,1298000.0,1290000.0,1294000.0,2975
202604091215,1293000.0,1294000.0,1286000.0,1292000.0,2298
202604091230,1291000.0,1294000.0,1290000.0,1293000.0,2507
202604091245,1293000.0,1294000.0,1280000.0,1283000.0,2801
202604091300,1283000.0,1294000.0,1280000.0,1291000.0,3714
202604091315,1291000.0,1294000.0,1283000.0,1290000.0,4221
202604091330,1290000.0,1299000.0,1289000.0,1295000.0,5227
202604091345,1295000.0,1297000.0,1288000.0,1288000.0,2805
202604091400,1289000.0,1291000.0,1281000.0,1288000.0,3361
202604091415,1287500.0,1289000.0,1283000.0,1288000.0,3150
202604091430,1287000.0,1292000.0,1284000.0,1285500.0,2837
202604091445,1285500.0,1288000.0,1278000.0,1282000.0,3668
202604091500,1282000.0,1286000.0,1275000.0,1278000.0,3602
202604091515,1277000.0,1295000.0,1277000.0,1295000.0,11963
202604100900,1267000.0,1289000.0,1232000.0,1283000.0,11073
202604100915,1283000.0,1288000.0,1272000.0,1275000.0,4890
202604100930,1274000.0,1283000.0,1270000.0,1275000.0,2686
202604100945,1276000.0,1280000.0,1270000.0,1274000.0,2988
202604101000,1274000.0,1283000.0,1272000.0,1282000.0,2778
202604101015,1283000.0,1290000.0,1276000.0,1276000.0,3422
202604101030,1277000.0,1284000.0,1270000.0,1277000.0,3235
202604101045,1277000.0,1282000.0,1273000.0,1275000.0,2368
202604101100,1276000.0,1279000.0,1273000.0,1277000.0,1684
202604101115,1277000.0,1279000.0,1265000.0,1271000.0,3163
202604101130,1269000.0,1272000.0,1260000.0,1261000.0,2178
202604101145,1261000.0,1272500.0,1260000.0,1269000.0,1665
202604101200,1270500.0,1276000.0,1269000.0,1274000.0,1277
202604101215,1273500.0,1277000.0,1270000.0,1270000.0,1872
202604101230,1270500.0,1275000.0,1269000.0,1269500.0,1745
202604101245,1270000.0,1271000.0,1265000.0,1269000.0,2390
202604101300,1269000.0,1272500.0,1266000.0,1269500.0,1558
202604101315,1270000.0,1273500.0,1266000.0,1271000.0,1815
202604101330,1270000.0,1278000.0,1270000.0,1277000.0,2713
202604101345,1276000.0,1284000.0,1275000.0,1283000.0,2559
202604101400,1282000.0,1285000.0,1279000.0,1281500.0,2738
202604101415,1281500.0,1285000.0,1281000.0,1283000.0,2900
202604101430,1283000.0,1286000.0,1281000.0,1283000.0,2517
202604101445,1282000.0,1284000.0,1281000.0,1284000.0,2485
202604101500,1284000.0,1284000.0,1274000.0,1275000.0,4575
202604101515,1274500.0,1281000.0,1272000.0,1281000.0,3728
202604130900,1226000.0,1278000.0,1224000.0,1274000.0,7935
202604130915,1277000.0,1298000.0,1270000.0,1279000.0,5329
202604130930,1279000.0,1288000.0,1270000.0,1282000.0,2464
202604130945,1281000.0,1283000.0,1274000.0,1280000.0,1537
202604131000,1280000.0,1282000.0,1272000.0,1278000.0,2016
202604131015,1277000.0,1290000.0,1277000.0,1286000.0,2165
202604131030,1286000.0,1286000.0,1275000.0,1277000.0,1547
202604131045,1277000.0,1281000.0,1274000.0,1281000.0,1179
202604131100,1281000.0,1281000.0,1272000.0,1278000.0,2074
202604131115,1277000.0,1280000.0,1275000.0,1279000.0,859
202604131130,1280000.0,1288000.0,1279000.0,1288000.0,1372
202604131145,1287000.0,1294000.0,1285000.0,1291000.0,1553
202604131200,1292000.0,1292000.0,1281000.0,1282000.0,1319
202604131215,1283000.0,1284000.0,1280000.0,1283000.0,1027
202604131230,1282000.0,1286000.0,1282000.0,1286000.0,874
202604131245,1286000.0,1287000.0,1283000.0,1285000.0,898
202604131300,1286000.0,1286000.0,1283000.0,1284000.0,1036
202604131315,1285000.0,1288000.0,1279000.0,1281000.0,1374
202604131330,1280000.0,1281000.0,1276000.0,1277000.0,993
202604131345,1277000.0,1282000.0,1275000.0,1281000.0,1150
202604131400,1281000.0,1284000.0,1279000.0,1281000.0,1294
202604131415,1281000.0,1284000.0,1279000.0,1282000.0,1045
202604131430,1281000.0,1283000.0,1280000.0,1281000.0,934
202604131445,1281000.0,1284000.0,1279000.0,1282000.0,1780
202604131500,1283000.0,1286000.0,1281000.0,1286000.0,2686
202604131515,1286000.0,1294000.0,1283000.0,1294000.0,20188
202604140900,1374000.0,1385000.0,1353000.0,1379000.0,9082
202604140915,1380000.0,1383000.0,1362000.0,1382000.0,5750
202604140930,1382000.0,1392000.0,1354000.0,1375000.0,11258
202604140945,1375000.0,1377000.0,1356000.0,1371000.0,4685
202604141000,1372000.0,1388000.0,1368000.0,1388000.0,4120
202604141015,1388000.0,1397000.0,1384000.0,1388000.0,5482
202604141030,1390000.0,1399000.0,1387000.0,1392000.0,4110
202604141045,1393000.0,1395000.0,1377000.0,1378000.0,3609
202604141100,1377000.0,1394000.0,1372000.0,1394000.0,2829
202604141115,1394000.0,1398000.0,1391000.0,1397000.0,2340
202604141130,1396000.0,1398000.0,1389000.0,1395000.0,1751
202604141145,1395000.0,1396000.0,1386000.0,1387000.0,1527
202604141200,1386000.0,1392000.0,1383000.0,1389500.0,1553
202604141215,1389500.0,1390000.0,1384000.0,1386000.0,1169
202604141230,1386000.0,1399000.0,1385000.0,1391000.0,2627
202604141245,1391000.0,1394000.0,1389000.0,1391000.0,1076
202604141300,1393000.0,1394000.0,1389000.0,1394000.0,1256
202604141315,1393000.0,1395000.0,1388000.0,1390000.0,2138
202604141330,1390000.0,1391000.0,1385000.0,1387000.0,1547
202604141345,1387000.0,1395000.0,1387000.0,1389000.0,1652
202604141400,1390000.0,1393000.0,1379000.0,1382000.0,2036
202604141415,1382000.0,1389000.0,1381000.0,1388000.0,1633
202604141430,1388000.0,1388000.0,1376000.0,1376000.0,2290
202604141445,1377000.0,1381000.0,1376000.0,1377000.0,2230
202604141500,1377000.0,1378000.0,1368000.0,1370000.0,3065
202604141515,1372000.0,1373000.0,1367000.0,1370000.0,3833
202604150900,1398000.0,1408000.0,1383000.0,1390500.0,6258
202604150915,1390500.0,1397000.0,1378000.0,1386000.0,4953
202604150930,1386000.0,1388000.0,1375000.0,1379000.0,3222
202604150945,1379000.0,1384000.0,1370000.0,1372000.0,3430
202604151000,1372000.0,1383000.0,1368000.0,1371000.0,2957
202604151015,1372000.0,1380000.0,1370000.0,1377000.0,3073
202604151030,1377000.0,1384000.0,1371000.0,1381000.0,2311
202604151045,1381000.0,1385000.0,1377000.0,1383000.0,2047
202604151100,1383000.0,1386000.0,1381000.0,1386000.0,1956
202604151115,1385000.0,1390000.0,1385000.0,1387000.0,2034
202604151130,1388000.0,1388000.0,1382000.0,1387000.0,1828
202604151145,1387000.0,1388000.0,1382000.0,1386000.0,1214
202604151200,1386000.0,1387000.0,1377000.0,1378000.0,1188
202604151215,1378000.0,1381000.0,1377000.0,1377000.0,828
202604151230,1377000.0,1379000.0,1371000.0,1372000.0,1407
202604151245,1372000.0,1376000.0,1364000.0,1366000.0,3020
202604151300,1366000.0,1370000.0,1363000.0,1370000.0,1699
202604151315,1369000.0,1382000.0,1369000.0,1381000.0,3083
202604151330,1381000.0,1382000.0,1371000.0,1374000.0,2196
202604151345,1374000.0,1376000.0,1367000.0,1371000.0,2776
202604151400,1372000.0,1376000.0,1368000.0,1373000.0,2436
202604151415,1373000.0,1375000.0,1369000.0,1372000.0,3275
202604151430,1373000.0,1374000.0,1358000.0,1360000.0,4627
202604151445,1359000.0,1364000.0,1336000.0,1361000.0,6059
202604151500,1361000.0,1362000.0,1349000.0,1356000.0,3642
202604151515,1356000.0,1363000.0,1355000.0,1358000.0,3782
202604160900,1368000.0,1372000.0,1342000.0,1344000.0,4789
202604160915,1343000.0,1347000.0,1328000.0,1341000.0,5040
202604160930,1341000.0,1358000.0,1336000.0,1353000.0,3658
202604160945,1354000.0,1368000.0,1353000.0,1364000.0,3663
202604161000,1364000.0,1366000.0,1357000.0,1359000.0,2598
202604161015,1359000.0,1367000.0,1352000.0,1360500.0,3037
202604161030,1360000.0,1361000.0,1352000.0,1356000.0,3247
202604161045,1355000.0,1359000.0,1350500.0,1353000.0,3010
202604161100,1353000.0,1354000.0,1345000.0,1346000.0,3158
202604161115,1346000.0,1350000.0,1341000.0,1350000.0,2564
202604161130,1350000.0,1354000.0,1349000.0,1351000.0,1627
202604161145,1352000.0,1358000.0,1351000.0,1358000.0,2099
202604161200,1357000.0,1363000.0,1350000.0,1352000.0,1976
202604161215,1351000.0,1352000.0,1346000.0,1346000.0,1952
202604161230,1346000.0,1348000.0,1342000.0,1343000.0,1940
202604161245,1342000.0,1343000.0,1340000.0,1341000.0,1705
202604161300,1340000.0,1341000.0,1330000.0,1334000.0,3464
202604161315,1334000.0,1340000.0,1334000.0,1336000.0,2060
202604161330,1336000.0,1342000.0,1335000.0,1341000.0,2368
202604161345,1340000.0,1342000.0,1337000.0,1337000.0,2158
202604161400,1337000.0,1340000.0,1334000.0,1335000.0,2577
202604161415,1335000.0,1338000.0,1333000.0,1333000.0,2303
202604161430,1334000.0,1341000.0,1333000.0,1336000.0,3714
202604161445,1336000.0,1344000.0,1335000.0,1338000.0,3508
202604161500,1338000.0,1340000.0,1336000.0,1337000.0,2190
202604161515,1337000.0,1339000.0,1334000.0,1335000.0,5211
202604170900,1335000.0,1339000.0,1316000.0,1321000.0,5214
202604170915,1320000.0,1326000.0,1306000.0,1309000.0,4754
202604170930,1309000.0,1317000.0,1301000.0,1315000.0,3145
202604170945,1316000.0,1316000.0,1300000.0,1300000.0,3104
202604171000,1301000.0,1304000.0,1292000.0,1298000.0,4088
202604171015,1298000.0,1302000.0,1296000.0,1299000.0,2346
202604171030,1299000.0,1304000.0,1299000.0,1302000.0,1817
202604171045,1302000.0,1304000.0,1300000.0,1302000.0,1681
202604171100,1302000.0,1320000.0,1302000.0,1319000.0,3227
202604171115,1319000.0,1339000.0,1316000.0,1332000.0,3386
202604171130,1331000.0,1338000.0,1328000.0,1333000.0,2331
202604171145,1333000.0,1342000.0,1332000.0,1341000.0,2394
202604171200,1341000.0,1349000.0,1338000.0,1340000.0,2745
202604171215,1340000.0,1340000.0,1331000.0,1331000.0,1212
202604171230,1331500.0,1337000.0,1330000.0,1334000.0,1218
202604171245,1334500.0,1337000.0,1331000.0,1331000.0,1128
202604171300,1331000.0,1339000.0,1331000.0,1333000.0,1728
202604171315,1332000.0,1333000.0,1330000.0,1331000.0,1122
202604171330,1331000.0,1332000.0,1327000.0,1331000.0,1454
202604171345,1330000.0,1339000.0,1330000.0,1335000.0,2120
202604171400,1335000.0,1336000.0,1330000.0,1333000.0,1761
202604171415,1332000.0,1334000.0,1330000.0,1331000.0,1212
202604171430,1331000.0,1334000.0,1328000.0,1330000.0,1865
202604171445,1330000.0,1332000.0,1323000.0,1327000.0,2694
202604171500,1327000.0,1336000.0,1324000.0,1335000.0,2677
202604171515,1335000.0,1335000.0,1330000.0,1330000.0,3430
202604200900,1409000.0,1415000.0,1392000.0,1402000.0,19184
202604200915,1402000.0,1404000.0,1387000.0,1399000.0,4312
202604200930,1399000.0,1414000.0,1396000.0,1413000.0,4405
202604200945,1413000.0,1435000.0,1411000.0,1434000.0,8446
202604201000,1434000.0,1457000.0,1433000.0,1457000.0,7482
202604201015,1457000.0,1457000.0,1429000.0,1430000.0,5066
202604201030,1430000.0,1437000.0,1422000.0,1429000.0,2907
202604201045,1428000.0,1446000.0,1425000.0,1439000.0,2874
202604201100,1439000.0,1456000.0,1439000.0,1456000.0,3449
202604201115,1456000.0,1457000.0,1443000.0,1454000.0,3576
202604201130,1454000.0,1459000.0,1445000.0,1458000.0,2367
202604201145,1459000.0,1462000.0,1451000.0,1460000.0,2710
202604201200,1459000.0,1475000.0,1459000.0,1467000.0,3793
202604201215,1467000.0,1471000.0,1460000.0,1463000.0,2585
202604201230,1463000.0,1469000.0,1454000.0,1454000.0,2645
202604201245,1453000.0,1466000.0,1445000.0,1451000.0,3736
202604201300,1450000.0,1461000.0,1442000.0,1443500.0,2792
202604201315,1444000.0,1444000.0,1432500.0,1440000.0,2547
202604201330,1440000.0,1441000.0,1425000.0,1428000.0,4182
202604201345,1427000.0,1431000.0,1426000.0,1431000.0,2539
202604201400,1431000.0,1431000.0,1424000.0,1424000.0,3372
202604201415,1424000.0,1427000.0,1418000.0,1422000.0,3538
202604201430,1421000.0,1424000.0,1411000.0,1411000.0,4073
202604201445,1411000.0,1414000.0,1404000.0,1410000.0,3702
202604201500,1409000.0,1411000.0,1402000.0,1408000.0,5663
202604201515,1408000.0,1409000.0,1405000.0,1407000.0,3913
202604210900,1421500.0,1439000.0,1410000.0,1430000.0,5442
202604210915,1428000.0,1435000.0,1413000.0,1421000.0,6777
202604210930,1420000.0,1426000.0,1408000.0,1413000.0,3142
202604210945,1412000.0,1415000.0,1407000.0,1410000.0,2730
202604211000,1409000.0,1416000.0,1388000.0,1389000.0,7165
202604211015,1389000.0,1395000.0,1385000.0,1394000.0,4538
202604211030,1394000.0,1400000.0,1390000.0,1390000.0,2178
202604211045,1390000.0,1395000.0,1386000.0,1392000.0,2769
202604211100,1391500.0,1403000.0,1389000.0,1400000.0,1803
202604211115,1400000.0,1408000.0,1400000.0,1402000.0,1686
202604211130,1402000.0,1403500.0,1396000.0,1397500.0,3271
202604211145,1398000.0,1410000.0,1396000.0,1407000.0,2705
202604211200,1407000.0,1409000.0,1406000.0,1408000.0,1168
202604211215,1407500.0,1409000.0,1405000.0,1407000.0,1232
202604211230,1408000.0,1410000.0,1405000.0,1409000.0,1262
202604211245,1409000.0,1411000.0,1408000.0,1409000.0,1531
202604211300,1409000.0,1412000.0,1405000.0,1411000.0,2030
202604211315,1411000.0,1417000.0,1411000.0,1416500.0,1571
202604211330,1416500.0,1424000.0,1416000.0,1419000.0,2757
202604211345,1419500.0,1421000.0,1418000.0,1419000.0,1341
202604211400,1420000.0,1421000.0,1417500.0,1419000.0,2068
202604211415,1419000.0,1421000.0,1413000.0,1413500.0,1968
202604211430,1413000.0,1417500.0,1411000.0,1411500.0,1637
202604211445,1412000.0,1416000.0,1411000.0,1412000.0,1913
202604211500,1412000.0,1414000.0,1408000.0,1408000.0,2152
202604211515,1408000.0,1413000.0,1404000.0,1409000.0,3380
202604220900,1419000.0,1431000.0,1399000.0,1399000.0,9752
202604220915,1399000.0,1430000.0,1396000.0,1420000.0,5049
202604220930,1421000.0,1433000.0,1413000.0,1418000.0,5833
202604220945,1419000.0,1422000.0,1407000.0,1412000.0,3968
202604221000,1413000.0,1419000.0,1407000.0,1411000.0,2746
202604221015,1411000.0,1420000.0,1410000.0,1410000.0,2198
202604221030,1410000.0,1414000.0,1402000.0,1406000.0,2339
202604221045,1405000.0,1410000.0,1402000.0,1402000.0,1188
202604221100,1403000.0,1405000.0,1399000.0,1399000.0,1753
202604221115,1399000.0,1401000.0,1387000.0,1394000.0,5068
202604221130,1395000.0,1400000.0,1394000.0,1396000.0,847
202604221145,1396500.0,1400000.0,1390000.0,1391000.0,1673
202604221200,1391000.0,1398000.0,1391000.0,1391000.0,831
202604221215,1391000.0,1400000.0,1390000.0,1396000.0,1776
202604221230,1396000.0,1409000.0,1395000.0,1406000.0,1487
202604221245,1405000.0,1414000.0,1405000.0,1407000.0,2208
202604221300,1407000.0,1425000.0,1406000.0,1421000.0,3182
202604221315,1421000.0,1423000.0,1416000.0,1417000.0,1675
202604221330,1417000.0,1419000.0,1413000.0,1417000.0,1146
202604221345,1416000.0,1417000.0,1407000.0,1409000.0,1173
202604221400,1408000.0,1422000.0,1407000.0,1420000.0,1376
202604221415,1419000.0,1427000.0,1419000.0,1422000.0,2590
202604221430,1422000.0,1432000.0,1422000.0,1430000.0,4051
202604221445,1429000.0,1448000.0,1428000.0,1435500.0,4591
202604221500,1435000.0,1442500.0,1434000.0,1440000.0,2019
202604221515,1440000.0,1440000.0,1434000.0,1438000.0,2543
202604230900,1467000.0,1510000.0,1462000.0,1477000.0,7622
202604230915,1476000.0,1488000.0,1465000.0,1482000.0,4952
202604230930,1480000.0,1486000.0,1470000.0,1480000.0,4175
202604230945,1480000.0,1482000.0,1470000.0,1471000.0,2648
202604231000,1471000.0,1473000.0,1453000.0,1453000.0,4328
202604231015,1453000.0,1457000.0,1438000.0,1448000.0,3724
202604231030,1448000.0,1450000.0,1440000.0,1448000.0,2322
202604231045,1447000.0,1451000.0,1440000.0,1445000.0,3512
202604231100,1445000.0,1449000.0,1439000.0,1439000.0,1947
202604231115,1439000.0,1463000.0,1439000.0,1455000.0,2418
202604231130,1455000.0,1461000.0,1441000.0,1441000.0,1906
202604231145,1442000.0,1450000.0,1431000.0,1431000.0,2491
202604231200,1432000.0,1438000.0,1414000.0,1418000.0,2169
202604231215,1417000.0,1423000.0,1410000.0,1410000.0,2323
202604231230,1409000.0,1432000.0,1404000.0,1430000.0,4234
202604231245,1430000.0,1445000.0,1429000.0,1436000.0,1673
202604231300,1436000.0,1445000.0,1433000.0,1444000.0,2801
202604231315,1443000.0,1445000.0,1439000.0,1439000.0,1033
202604231330,1438000.0,1450000.0,1437000.0,1447000.0,1156
202604231345,1448000.0,1451000.0,1437000.0,1438000.0,1325
202604231400,1438000.0,1442000.0,1436000.0,1440000.0,1487
202604231415,1439000.0,1442000.0,1437000.0,1440000.0,1291
202604231430,1439000.0,1445000.0,1435000.0,1435000.0,1642
202604231445,1436000.0,1443000.0,1433000.0,1434000.0,1873
202604231500,1433000.0,1438000.0,1427000.0,1433000.0,2280
202604231515,1433000.0,1442000.0,1431000.0,1442000.0,2759
202604240900,1455000.0,1469000.0,1438000.0,1457000.0,6183
202604240915,1456000.0,1477000.0,1454000.0,1471000.0,3703
202604240930,1470000.0,1507000.0,1469000.0,1486000.0,6375
202604240945,1488000.0,1515000.0,1484000.0,1510000.0,6477
202604241000,1510000.0,1510000.0,1482000.0,1500000.0,4628
202604241015,1500000.0,1513000.0,1496000.0,1512000.0,4284
202604241030,1512000.0,1513000.0,1492000.0,1497000.0,5126
202604241045,1497000.0,1521000.0,1495000.0,1514000.0,4159
202604241100,1515000.0,1519000.0,1506000.0,1511000.0,2026
202604241115,1510000.0,1512000.0,1495000.0,1498000.0,1411
202604241130,1498000.0,1510000.0,1498000.0,1508000.0,911
202604241145,1509000.0,1520000.0,1506500.0,1520000.0,1686
202604241200,1520000.0,1520000.0,1512000.0,1516000.0,1318
202604241215,1515000.0,1525000.0,1507000.0,1508000.0,2587
202604241230,1508000.0,1511000.0,1505000.0,1509000.0,1468
202604241245,1509000.0,1510000.0,1498000.0,1498000.0,1891
202604241300,1499000.0,1515000.0,1493000.0,1514000.0,2120
202604241315,1514000.0,1518000.0,1503000.0,1507000.0,1546
202604241330,1506000.0,1524000.0,1506000.0,1522000.0,4259
202604241345,1523000.0,1549000.0,1523000.0,1547000.0,4722
202604241400,1548000.0,1549000.0,1531000.0,1535000.0,2875
202604241415,1536000.0,1538000.0,1531000.0,1534000.0,2215
202604241430,1533000.0,1541000.0,1532000.0,1539000.0,1949
202604241445,1539000.0,1544000.0,1538000.0,1544000.0,1652
202604241500,1544000.0,1546000.0,1542000.0,1545000.0,2431
202604241515,1544000.0,1547000.0,1541000.0,1541000.0,3721
202604270900,1583000.0,1588000.0,1560000.0,1580000.0,10930
202604270915,1580000.0,1594000.0,1571000.0,1580000.0,4261
202604270930,1580000.0,1592000.0,1577000.0,1582000.0,2410
202604270945,1582000.0,1600000.0,1576000.0,1596000.0,2698
202604271000,1596000.0,1601000.0,1589000.0,1590000.0,3056
202604271015,1590000.0,1612000.0,1589000.0,1610000.0,3813
202604271030,1609000.0,1618000.0,1595000.0,1598000.0,3982
202604271045,1598000.0,1610000.0,1593000.0,1594000.0,3131
202604271100,1596000.0,1605000.0,1590000.0,1605000.0,1890
202604271115,1605000.0,1605000.0,1593000.0,1596000.0,1114
202604271130,1596000.0,1599000.0,1590000.0,1594000.0,1319
202604271145,1595000.0,1595000.0,1590000.0,1592000.0,1183
202604271200,1591000.0,1595000.0,1590000.0,1593000.0,594
202604271215,1594000.0,1612000.0,1590000.0,1591000.0,3468
202604271230,1591000.0,1594000.0,1581000.0,1590000.0,1928
202604271245,1591000.0,1591000.0,1582000.0,1582000.0,1873
202604271300,1581000.0,1588000.0,1581000.0,1585000.0,1590
202604271315,1585000.0,1592000.0,1582000.0,1587000.0,1542
202604271330,1589000.0,1591000.0,1586000.0,1588000.0,872
202604271345,1587000.0,1588000.0,1578000.0,1584000.0,1949
202604271400,1584000.0,1589000.0,1579000.0,1581000.0,1656
202604271415,1581000.0,1584000.0,1576000.0,1577000.0,1833
202604271430,1576000.0,1584000.0,1574000.0,1579000.0,1758
202604271445,1579000.0,1582000.0,1579000.0,1580000.0,2143
202604271500,1581000.0,1585000.0,1580000.0,1584000.0,1785
202604271515,1583000.0,1584000.0,1580000.0,1582000.0,1936
202604280900,1580000.0,1597000.0,1572000.0,1582000.0,7936
202604280915,1583000.0,1591000.0,1556000.0,1560000.0,7901
202604280930,1560000.0,1580000.0,1559000.0,1578000.0,6230
202604280945,1578000.0,1585000.0,1573000.0,1574000.0,3878
202604281000,1574000.0,1588000.0,1573000.0,1586000.0,3220
202604281015,1586000.0,1589000.0,1581000.0,1583000.0,3117
202604281030,1583000.0,1612000.0,1582000.0,1603000.0,7851
202604281045,1603000.0,1603000.0,1583000.0,1585000.0,2832
202604281100,1584000.0,1590000.0,1581000.0,1587000.0,2392
202604281115,1587000.0,1594000.0,1581000.0,1588000.0,2318
202604281130,1588000.0,1593000.0,1587000.0,1592000.0,1580
202604281145,1591000.0,1602000.0,1590000.0,1598000.0,2325
202604281200,1597000.0,1607000.0,1593000.0,1604000.0,2091
202604281215,1604000.0,1608000.0,1598000.0,1600000.0,1686
202604281230,1600000.0,1602000.0,1596000.0,1599000.0,1579
202604281245,1599000.0,1605000.0,1599000.0,1602000.0,2067
202604281300,1602000.0,1603000.0,1590000.0,1591000.0,3193
202604281315,1591000.0,1601000.0,1591000.0,1598000.0,2159
202604281330,1597500.0,1602000.0,1585000.0,1585000.0,2463
202604281345,1585000.0,1589000.0,1584000.0,1586000.0,2727
202604281400,1587000.0,1589000.0,1586000.0,1587000.0,2430
202604281415,1587000.0,1587000.0,1582000.0,1583000.0,2404
202604281430,1584000.0,1592000.0,1576000.0,1577000.0,4455
202604281445,1576000.0,1589000.0,1575000.0,1584000.0,3393
202604281500,1584000.0,1591000.0,1580000.0,1586000.0,3795
202604281515,1588000.0,1593000.0,1582000.0,1583000.0,4051
202604290900,1579000.0,1579000.0,1550000.0,1563000.0,5468
202604290915,1564000.0,1568000.0,1556000.0,1558000.0,2600
202604290930,1558000.0,1565000.0,1555000.0,1557000.0,2197
202604290945,1558000.0,1570000.0,1557000.0,1564000.0,2132
202604291000,1564000.0,1566000.0,1556000.0,1564000.0,1648
202604291015,1563000.0,1568000.0,1558000.0,1566000.0,1625
202604291030,1566000.0,1571000.0,1565000.0,1566000.0,1434
202604291045,1566000.0,1596000.0,1566000.0,1585000.0,2798
202604291100,1585000.0,1608000.0,1577000.0,1598000.0,2829
202604291115,1598000.0,1604000.0,1586000.0,1587000.0,1772
202604291130,1585000.0,1592000.0,1580000.0,1580000.0,1023
202604291145,1580000.0,1588000.0,1580000.0,1586000.0,902
202604291200,1586000.0,1596000.0,1585000.0,1591000.0,1017
202604291215,1591000.0,1596000.0,1590000.0,1592000.0,1200
202604291230,1592000.0,1592000.0,1585000.0,1589000.0,1228
202604291245,1589000.0,1590000.0,1580000.0,1583000.0,1807
202604291300,1583000.0,1585000.0,1575000.0,1576000.0,2423
202604291315,1577000.0,1583000.0,1575000.0,1576000.0,1803
202604291330,1576000.0,1582000.0,1574000.0,1576000.0,1563
202604291345,1576000.0,1582000.0,1575000.0,1581000.0,1578
202604291400,1580000.0,1581000.0,1572000.0,1573000.0,1281
202604291415,1573000.0,1573000.0,1567000.0,1571000.0,1587
202604291430,1571000.0,1574000.0,1567000.0,1567000.0,2084
202604291445,1567000.0,1575000.0,1566000.0,1574000.0,2794
202604291500,1573000.0,1577000.0,1569000.0,1569000.0,2389
202604291515,1569000.0,1573000.0,1566000.0,1572000.0,2434
202604300900,1650000.0,1682000.0,1582000.0,1589000.0,14229
202604300915,1588000.0,1592000.0,1537000.0,1573000.0,10055
202604300930,1574000.0,1595000.0,1561000.0,1587000.0,5871
202604300945,1590000.0,1592000.0,1558000.0,1561000.0,5046
202604301000,1562000.0,1581000.0,1552000.0,1577000.0,3293
202604301015,1577000.0,1588000.0,1567000.0,1571000.0,3667
202604301030,1572000.0,1577000.0,1561000.0,1561000.0,3891
202604301045,1561000.0,1575000.0,1561000.0,1574000.0,2278
202604301100,1574000.0,1592000.0,1573000.0,1592000.0,2976
202604301115,1592000.0,1593000.0,1580000.0,1580000.0,2824
202604301130,1580000.0,1590000.0,1576000.0,1581000.0,1883
202604301145,1582000.0,1588000.0,1577000.0,1588000.0,1766
202604301200,1588000.0,1591000.0,1578000.0,1580000.0,1803
202604301215,1580000.0,1583000.0,1576000.0,1577000.0,1383
202604301230,1577000.0,1592000.0,1576000.0,1592000.0,1368
202604301245,1592000.0,1601000.0,1590000.0,1599000.0,3386
202604301300,1600000.0,1601000.0,1586000.0,1588000.0,3992
202604301315,1588000.0,1588000.0,1580000.0,1585000.0,2955
202604301330,1585000.0,1606000.0,1580000.0,1604000.0,4244
202604301345,1605000.0,1610000.0,1579000.0,1584000.0,4377
202604301400,1584000.0,1598000.0,1582000.0,1592000.0,2190
202604301415,1593000.0,1596000.0,1588000.0,1591000.0,2217
202604301430,1592000.0,1597000.0,1591000.0,1594500.0,1996
202604301445,1594000.0,1596000.0,1589000.0,1595000.0,2543
202604301500,1594000.0,1602000.0,1592000.0,1602000.0,4181
202604301515,1601000.0,1604000.0,1590000.0,1596000.0,9138
202605040900,1707000.0,1728000.0,1660000.0,1685000.0,10565
202605040915,1684000.0,1708000.0,1683000.0,1692000.0,6474
202605040930,1692000.0,1704000.0,1689000.0,1692000.0,4828
202605040945,1691000.0,1702000.0,1683000.0,1689000.0,4022
202605041000,1689000.0,1706000.0,1685000.0,1690000.0,5330
202605041015,1691000.0,1699000.0,1664000.0,1664000.0,5058
202605041030,1664000.0,1669000.0,1656000.0,1662000.0,5857
202605041045,1662000.0,1672000.0,1654000.0,1669000.0,3486
202605041100,1668000.0,1672000.0,1660000.0,1661000.0,2566
202605041115,1662000.0,1671000.0,1658000.0,1668000.0,1519
202605041130,1668000.0,1671000.0,1665000.0,1669000.0,966
202605041145,1669000.0,1672000.0,1663000.0,1666000.0,1602
202605041200,1665000.0,1670000.0,1661000.0,1665000.0,1079
202605041215,1664000.0,1689000.0,1663000.0,1684000.0,3408
202605041230,1683000.0,1686000.0,1677000.0,1686000.0,1265
202605041245,1686000.0,1696000.0,1682000.0,1694500.0,2073
202605041300,1694000.0,1695000.0,1683000.0,1691000.0,1207
202605041315,1690000.0,1703000.0,1690000.0,1703000.0,2096
202605041330,1703000.0,1709000.0,1701000.0,1705000.0,1701
202605041345,1706000.0,1718000.0,1706000.0,1711000.0,2743
202605041400,1710000.0,1711000.0,1699000.0,1706000.0,1655
202605041415,1708000.0,1711000.0,1702000.0,1703000.0,1678
202605041430,1703000.0,1710000.0,1701000.0,1709000.0,1886
202605041445,1709000.0,1712000.0,1705000.0,1707000.0,2575
202605041500,1706000.0,1706000.0,1700000.0,1702000.0,3116
202605041515,1702000.0,1708000.0,1700000.0,1705000.0,2930
202605060900,1787000.0,1802000.0,1738000.0,1772000.0,14208
202605060915,1772000.0,1825000.0,1763000.0,1789000.0,10097
202605060930,1789000.0,1798000.0,1773000.0,1776000.0,6039
202605060945,1776000.0,1800000.0,1773000.0,1798000.0,6323
202605061000,1798000.0,1820000.0,1790000.0,1812000.0,5110
202605061015,1813000.0,1890000.0,1812000.0,1873000.0,15501
202605061030,1873000.0,1897000.0,1865000.0,1885000.0,7698
202605061045,1885000.0,1900000.0,1856000.0,1858000.0,7531
202605061100,1857000.0,1864000.0,1842000.0,1843000.0,3947
202605061115,1843000.0,1852000.0,1833000.0,1845000.0,2467
202605061130,1846000.0,1850000.0,1811000.0,1822000.0,3554
202605061145,1823000.0,1835000.0,1817000.0,1826000.0,1838
202605061200,1826000.0,1828000.0,1810000.0,1819000.0,1986
202605061215,1819000.0,1828000.0,1809000.0,1809000.0,1879
202605061230,1809000.0,1815000.0,1800000.0,1806000.0,2389
202605061245,1803000.0,1812000.0,1795000.0,1810000.0,1892
202605061300,1810000.0,1812000.0,1792000.0,1802000.0,1522
202605061315,1802000.0,1815000.0,1792000.0,1793000.0,2901
202605061330,1793000.0,1805000.0,1786000.0,1798000.0,2955
202605061345,1799000.0,1809000.0,1794000.0,1801000.0,1461
202605061400,1800500.0,1806000.0,1790000.0,1793000.0,1603
202605061415,1794000.0,1807000.0,1792000.0,1797000.0,2120
202605061430,1797000.0,1803000.0,1792000.0,1800000.0,2938
202605061445,1800000.0,1803000.0,1790000.0,1791000.0,3003
202605061500,1793000.0,1798000.0,1790000.0,1793000.0,2307
202605061515,1793000.0,1795000.0,1790000.0,1790000.0,5059
202605070900,1827000.0,1845000.0,1800000.0,1813000.0,7489
202605070915,1813000.0,1823000.0,1767000.0,1768000.0,6318
202605070930,1769000.0,1810500.0,1769000.0,1794000.0,3841
202605070945,1796000.0,1806000.0,1771000.0,1780000.0,2474
202605071000,1778000.0,1810000.0,1773000.0,1809000.0,2591
202605071015,1809000.0,1819000.0,1795000.0,1803500.0,2360
202605071030,1803000.0,1822000.0,1791000.0,1822000.0,1772
202605071045,1821000.0,1841000.0,1821000.0,1839000.0,2884
202605071100,1837500.0,1844000.0,1823000.0,1826000.0,2065
202605071115,1827000.0,1837000.0,1823000.0,1827000.0,1631
202605071130,1827000.0,1835000.0,1820000.0,1821000.0,1574
202605071145,1820000.0,1821000.0,1811000.0,1814000.0,1455
202605071200,1814000.0,1818000.0,1808000.0,1813000.0,1207
202605071215,1812000.0,1813000.0,1808000.0,1812000.0,947
202605071230,1812000.0,1817000.0,1807000.0,1807500.0,1193
202605071245,1808000.0,1811000.0,1803000.0,1810000.0,1081
202605071300,1810000.0,1836000.0,1802000.0,1828000.0,2493
202605071315,1829000.0,1841000.0,1829000.0,1841000.0,2580
202605071330,1840000.0,1841000.0,1822000.0,1824000.0,1820
202605071345,1824000.0,1825000.0,1811000.0,1816000.0,1576
202605071400,1815000.0,1824000.0,1812000.0,1824000.0,2623
202605071415,1824000.0,1829000.0,1813000.0,1817000.0,2082
202605071430,1817000.0,1829000.0,1815000.0,1824000.0,2354
202605071445,1825000.0,1833000.0,1822000.0,1823000.0,2520
202605071500,1823000.0,1828000.0,1819000.0,1821000.0,2614
202605071515,1821000.0,1823000.0,1817000.0,1817000.0,6350
202605080900,1764000.0,1792000.0,1763000.0,1790000.0,3501
202605080915,1789000.0,1798000.0,1776000.0,1777000.0,2105
202605080930,1778000.0,1791000.0,1762000.0,1768000.0,2751
202605080945,1768000.0,1783000.0,1761000.0,1782000.0,1993
202605081000,1782000.0,1785000.0,1771000.0,1771000.0,1872
202605081015,1771000.0,1771000.0,1747000.0,1751000.0,4023
202605081030,1750000.0,1757000.0,1735000.0,1751000.0,4279
202605081045,1751000.0,1751000.0,1730000.0,1730000.0,3607
202605081100,1730000.0,1731000.0,1716000.0,1717000.0,3018
202605081115,1717000.0,1730000.0,1714000.0,1723000.0,2981
202605081130,1723000.0,1728000.0,1712000.0,1721000.0,3417
202605081145,1722000.0,1729000.0,1717000.0,1723000.0,2830
202605081200,1722000.0,1725000.0,1719000.0,1719000.0,2166
202605081215,1719000.0,1723000.0,1716000.0,1720000.0,1744
202605081230,1720000.0,1724000.0,1717000.0,1721000.0,2200
202605081245,1722000.0,1724000.0,1717000.0,1719000.0,1735
202605081300,1718000.0,1726000.0,1717000.0,1719000.0,3004
202605081315,1719000.0,1734000.0,1717000.0,1728000.0,2411
202605081330,1727000.0,1728000.0,1714000.0,1714000.0,2639
202605081345,1714000.0,1731000.0,1714000.0,1730000.0,3408
202605081400,1730000.0,1737000.0,1725000.0,1736000.0,3200
202605081415,1737000.0,1744000.0,1735000.0,1740000.0,3803
202605081430,1740000.0,1747000.0,1738000.0,1747000.0,2548
202605081445,1746000.0,1747000.0,1735000.0,1735000.0,3394
202605081500,1736000.0,1744000.0,1734000.0,1739000.0,2840
202605081515,1737000.0,1743000.0,1735000.0,1735000.0,3970
202605110900,1769000.0,1775000.0,1721000.0,1728000.0,4579
202605110915,1728500.0,1742500.0,1717000.0,1725000.0,5078
202605110930,1725000.0,1730000.0,1717000.0,1725000.0,2901
202605110945,1725000.0,1732000.0,1697000.0,1697000.0,4576
202605111000,1698000.0,1719000.0,1686000.0,1719000.0,5271
202605111015,1719000.0,1728000.0,1693000.0,1721000.0,4755
202605111030,1722000.0,1724000.0,1698000.0,1708000.0,4846
202605111045,1708000.0,1714000.0,1703000.0,1707000.0,1640
202605111100,1707000.0,1714000.0,1706000.0,1708000.0,2133
202605111115,1708000.0,1716000.0,1708000.0,1714000.0,1389
202605111130,1713000.0,1715000.0,1702000.0,1708000.0,1308
202605111145,1708000.0,1715000.0,1704000.0,1711000.0,1449
202605111200,1711000.0,1721000.0,1708000.0,1721000.0,1493
202605111215,1720000.0,1733000.0,1720000.0,1725000.0,2182
202605111230,1725000.0,1730000.0,1720000.0,1720000.0,998
202605111245,1720000.0,1721000.0,1717000.0,1717000.0,754
202605111300,1717000.0,1719000.0,1708000.0,1716000.0,1234
202605111315,1716000.0,1721000.0,1710000.0,1711000.0,1262
202605111330,1711000.0,1714000.0,1705000.0,1709000.0,2123
202605111345,1710000.0,1729000.0,1707000.0,1716000.0,2395
202605111400,1716000.0,1722000.0,1708000.0,1714000.0,2356
202605111415,1714000.0,1719000.0,1705000.0,1712000.0,3075
202605111430,1712000.0,1730000.0,1707000.0,1713000.0,4584
202605111445,1713000.0,1729000.0,1713000.0,1716000.0,3003
202605111500,1717000.0,1725000.0,1714000.0,1723000.0,2396
202605111515,1724000.0,1724000.0,1717000.0,1720000.0,2844
202605120900,1767000.0,1793000.0,1742000.0,1756000.0,8302
202605120915,1757000.0,1758000.0,1718000.0,1736000.0,5258
202605120930,1736000.0,1748000.0,1726000.0,1729000.0,3068
202605120945,1728000.0,1742000.0,1726000.0,1735000.0,2371
202605121000,1735000.0,1735000.0,1706000.0,1711000.0,2513
202605121015,1709000.0,1710000.0,1674000.0,1676000.0,6535
202605121030,1674000.0,1677000.0,1603000.0,1647000.0,10566
202605121045,1648000.0,1669000.0,1635000.0,1659000.0,6144
202605121100,1659000.0,1702000.0,1654000.0,1686000.0,4196
202605121115,1686000.0,1723500.0,1685000.0,1710000.0,2489
202605121130,1711000.0,1717500.0,1688000.0,1704000.0,1403
202605121145,1704000.0,1714000.0,1700000.0,1710000.0,1110
202605121200,1710000.0,1710000.0,1695000.0,1699000.0,1146
202605121215,1697000.0,1700000.0,1693000.0,1700000.0,760
202605121230,1704000.0,1705000.0,1698000.0,1698000.0,849
202605121245,1698000.0,1698000.0,1684000.0,1685000.0,1237
202605121300,1685000.0,1689000.0,1666000.0,1675000.0,2291
202605121315,1671000.0,1679000.0,1661000.0,1661000.0,1479
202605121330,1662000.0,1676000.0,1662000.0,1670000.0,2149
202605121345,1670000.0,1675000.0,1653000.0,1662000.0,2737
202605121400,1662000.0,1673000.0,1652000.0,1652000.0,2705
202605121415,1652000.0,1671000.0,1646000.0,1668000.0,2083
202605121430,1668000.0,1669000.0,1651000.0,1654000.0,2198
202605121445,1653000.0,1684000.0,1653000.0,1673000.0,2831
202605121500,1674000.0,1685000.0,1668000.0,1684000.0,2610
202605121515,1685000.0,1688000.0,1676000.0,1676000.0,4424
202605130900,1645000.0,1645000.0,1591000.0,1600000.0,6635
202605130915,1600000.0,1624000.0,1594000.0,1611000.0,2953
202605130930,1611000.0,1632000.0,1604000.0,1630000.0,2205
202605130945,1630000.0,1635000.0,1620000.0,1630000.0,2848
202605131000,1630000.0,1654000.0,1626000.0,1653000.0,3377
202605131015,1653000.0,1668000.0,1642000.0,1667000.0,4301
202605131030,1666000.0,1678000.0,1659000.0,1667000.0,2667
202605131045,1667000.0,1674000.0,1660000.0,1667000.0,2059
202605131100,1667000.0,1667000.0,1653000.0,1662000.0,1537
202605131115,1661000.0,1671000.0,1658000.0,1670000.0,1010
202605131130,1670000.0,1675000.0,1663000.0,1663000.0,1131
202605131145,1663000.0,1672000.0,1660000.0,1670000.0,1171
202605131200,1670000.0,1674000.0,1662000.0,1672000.0,1429
202605131215,1672000.0,1675000.0,1670000.0,1671000.0,1022
202605131230,1671000.0,1673000.0,1666000.0,1668000.0,1060
202605131245,1667000.0,1668000.0,1659000.0,1664000.0,940
202605131300,1663000.0,1685000.0,1660000.0,1664000.0,1536
202605131315,1665000.0,1666000.0,1659000.0,1662000.0,1084
202605131330,1662000.0,1664000.0,1656000.0,1656000.0,1022
202605131345,1657000.0,1665000.0,1655000.0,1663000.0,1196
202605131400,1663000.0,1668000.0,1657000.0,1665000.0,1313
202605131415,1665000.0,1669000.0,1662000.0,1667000.0,1183
202605131430,1666000.0,1679000.0,1665000.0,1678000.0,2666
202605131445,1677000.0,1691000.0,1674000.0,1683000.0,2842
202605131500,1684000.0,1688000.0,1680000.0,1681000.0,2747
202605131515,1681000.0,1683000.0,1679000.0,1682000.0,4081
202605140900,1691000.0,1698000.0,1653000.0,1675000.0,6218
202605140915,1675000.0,1679000.0,1647000.0,1654000.0,3495
202605140930,1655000.0,1658000.0,1646000.0,1648000.0,3060
202605140945,1648500.0,1652000.0,1633000.0,1652000.0,2699
202605141000,1651000.0,1665000.0,1625000.0,1665000.0,3752
202605141015,1666000.0,1677000.0,1650000.0,1672000.0,2898
202605141030,1671000.0,1674000.0,1658000.0,1659000.0,2167
202605141045,1658000.0,1658000.0,1633000.0,1646000.0,2560
202605141100,1646000.0,1649000.0,1638000.0,1638000.0,1112
202605141115,1639000.0,1647000.0,1638000.0,1644000.0,816
202605141130,1644000.0,1647000.0,1639000.0,1641000.0,725
202605141145,1642000.0,1650000.0,1635000.0,1650000.0,1422
202605141200,1649000.0,1655000.0,1646000.0,1654000.0,748
202605141215,1651000.0,1654000.0,1638000.0,1645000.0,1710
202605141230,1645000.0,1647000.0,1635000.0,1646000.0,1189
202605141245,1645000.0,1648000.0,1639000.0,1646000.0,838
202605141300,1645000.0,1657000.0,1640000.0,1655000.0,1959
202605141315,1654000.0,1655000.0,1641000.0,1655000.0,1836
202605141330,1654000.0,1661000.0,1648000.0,1652000.0,1420
202605141345,1652000.0,1655000.0,1643000.0,1645000.0,1419
202605141400,1644000.0,1646000.0,1632000.0,1632000.0,1573
202605141415,1633000.0,1639000.0,1627000.0,1637000.0,1994
202605141430,1636000.0,1639000.0,1629000.0,1638000.0,1923
202605141445,1639000.0,1729000.0,1631000.0,1724000.0,6395
202605141500,1723000.0,1733000.0,1695000.0,1714000.0,11018
202605141515,1713500.0,1714000.0,1702000.0,1703000.0,11901
202605150900,1687000.0,1770000.0,1684000.0,1770000.0,11766
202605150915,1770000.0,1796000.0,1769500.0,1780000.0,10013
202605150930,1781000.0,1798000.0,1763000.0,1785000.0,5747
202605150945,1784000.0,1814000.0,1778000.0,1793000.0,8639
202605151000,1794000.0,1807000.0,1786000.0,1791000.0,5762
202605151015,1791000.0,1802000.0,1765000.0,1768000.0,5098
202605151030,1769000.0,1786000.0,1763000.0,1779000.0,3730
202605151045,1778000.0,1780000.0,1732500.0,1737000.0,5193
202605151100,1740000.0,1741000.0,1699000.0,1708000.0,4509
202605151115,1708000.0,1722000.0,1690000.0,1703000.0,3906
202605151130,1702000.0,1716000.0,1691000.0,1714000.0,2113
202605151145,1714000.0,1716000.0,1690000.0,1692000.0,1991
202605151200,1692000.0,1698000.0,1690000.0,1690000.0,1326
202605151215,1691000.0,1699000.0,1686000.0,1687000.0,1154
202605151230,1687000.0,1696000.0,1683000.0,1687000.0,1793
202605151245,1688000.0,1701000.0,1680000.0,1681000.0,3867
202605151300,1681000.0,1686000.0,1667000.0,1672000.0,3008
202605151315,1672000.0,1673000.0,1653000.0,1663000.0,2767
202605151330,1663000.0,1666500.0,1650000.0,1651000.0,2557
202605151345,1653000.0,1653000.0,1636000.0,1638000.0,2819
202605151400,1638000.0,1660000.0,1632000.0,1660000.0,3842
202605151415,1660000.0,1663000.0,1632000.0,1632000.0,2842
202605151430,1633000.0,1633000.0,1614000.0,1618000.0,4442
202605151445,1619000.0,1621000.0,1582000.0,1582000.0,9827
202605151500,1588000.0,1613000.0,1573000.0,1609000.0,8205
202605151515,1609000.0,1620000.0,1603000.0,1614000.0,4781
202605180900,1591000.0,1606000.0,1500000.0,1507000.0,14518
202605180915,1507000.0,1560000.0,1497000.0,1544000.0,8679
202605180930,1542000.0,1542000.0,1502000.0,1510000.0,4809
202605180945,1511000.0,1556000.0,1507000.0,1556000.0,3793
202605181000,1556000.0,1565000.0,1533000.0,1554000.0,4344
202605181015,1553000.0,1574000.0,1542000.0,1570000.0,3161
202605181030,1570000.0,1587000.0,1564000.0,1573000.0,3561
202605181045,1574000.0,1595000.0,1561000.0,1563000.0,4034
202605181100,1563000.0,1585000.0,1559000.0,1580000.0,2303
202605181115,1580000.0,1603000.0,1572000.0,1593000.0,2319
202605181130,1593000.0,1597000.0,1575000.0,1582000.0,5458
202605181145,1583000.0,1590000.0,1564000.0,1573000.0,2314
202605181200,1574000.0,1574000.0,1563000.0,1566000.0,1406
202605181215,1566000.0,1569000.0,1559000.0,1562000.0,1509
202605181230,1563000.0,1589000.0,1560000.0,1584000.0,2623
202605181245,1585000.0,1593000.0,1578000.0,1590000.0,2148
202605181300,1590000.0,1601000.0,1582000.0,1601000.0,1993
202605181315,1601000.0,1603000.0,1575000.0,1581000.0,2307
202605181330,1580000.0,1595000.0,1574000.0,1589000.0,2689
202605181345,1589000.0,1594000.0,1581000.0,1591000.0,2250
202605181400,1590000.0,1597000.0,1581000.0,1581000.0,2477
202605181415,1581000.0,1582000.0,1562000.0,1581000.0,3173
202605181430,1581000.0,1588000.0,1573000.0,1585000.0,2345
202605181445,1585000.0,1601000.0,1583000.0,1594500.0,9364
202605181500,1595000.0,1609000.0,1588000.0,1599000.0,8461
202605181515,1599000.0,1603000.0,1590000.0,1593000.0,4439
202605190900,1589000.0,1591000.0,1540000.0,1546000.0,4975
202605190915,1546000.0,1565000.0,1542000.0,1559000.0,3501
202605190930,1558000.0,1564000.0,1524000.0,1526000.0,6498
202605190945,1525000.0,1537000.0,1512000.0,1512000.0,4783
202605191000,1513000.0,1517000.0,1498000.0,1502000.0,3983
202605191015,1502000.0,1507000.0,1493000.0,1493000.0,3540
202605191030,1494000.0,1506000.0,1481000.0,1493000.0,6084
202605191045,1493000.0,1497000.0,1467000.0,1477000.0,4794
202605191100,1477000.0,1483000.0,1467000.0,1471000.0,3732
202605191115,1471000.0,1490000.0,1469000.0,1480000.0,4059
202605191130,1481000.0,1491000.0,1477000.0,1489000.0,3138
202605191145,1490000.0,1497000.0,1476000.0,1477000.0,2922
202605191200,1478000.0,1492000.0,1476000.0,1489000.0,2670
202605191215,1489000.0,1506000.0,1488000.0,1506000.0,3327
202605191230,1506000.0,1513000.0,1498000.0,1498000.0,2679
202605191245,1499000.0,1499000.0,1489000.0,1493000.0,2554
202605191300,1493000.0,1495000.0,1475000.0,1478000.0,3026
202605191315,1478000.0,1478000.0,1467000.0,1469000.0,3106
202605191330,1470000.0,1479000.0,1467000.0,1476000.0,3643
202605191345,1475000.0,1487000.0,1469000.0,1486000.0,4095
202605191400,1486000.0,1494000.0,1474000.0,1488000.0,3765
202605191415,1489000.0,1509000.0,1482000.0,1508000.0,4349
202605191430,1509000.0,1513000.0,1500000.0,1502000.0,3658
202605191445,1503000.0,1510000.0,1500000.0,1503000.0,4243
202605191500,1502000.0,1508000.0,1500000.0,1503000.0,3594
202605191515,1504000.0,1512000.0,1498000.0,1500000.0,6493
202605200900,1516000.0,1534000.0,1456000.0,1460000.0,8957
202605200915,1460000.0,1474000.0,1401000.0,1470000.0,11518
202605200930,1470000.0,1472000.0,1424000.0,1428000.0,7957
202605200945,1428000.0,1467000.0,1421000.0,1440000.0,6525
202605201000,1440000.0,1466000.0,1427000.0,1455000.0,4517
202605201015,1455000.0,1461000.0,1430000.0,1431000.0,4147
202605201030,1430000.0,1438000.0,1426000.0,1428000.0,2803
202605201045,1427000.0,1457000.0,1425000.0,1457000.0,3233
202605201100,1456000.0,1471000.0,1443000.0,1471000.0,2840
202605201115,1471000.0,1479000.0,1447000.0,1448000.0,3534
202605201130,1448000.0,1454000.0,1430000.0,1445000.0,4348
202605201145,1444000.0,1451000.0,1437000.0,1442000.0,2446
202605201200,1441000.0,1447000.0,1435000.0,1435000.0,1820
202605201215,1435000.0,1440000.0,1428000.0,1434000.0,1712
202605201230,1434000.0,1442000.0,1429000.0,1432000.0,1663
202605201245,1433000.0,1444000.0,1430000.0,1442000.0,1705
202605201300,1444000.0,1450000.0,1434000.0,1443000.0,2254
202605201315,1443000.0,1449000.0,1440000.0,1443000.0,1753
202605201330,1443000.0,1450000.0,1438000.0,1444000.0,1765
202605201345,1444000.0,1449000.0,1438000.0,1448000.0,1779
202605201400,1446000.0,1460000.0,1445000.0,1449000.0,2065
202605201415,1449000.0,1460000.0,1435000.0,1456000.0,2391
202605201430,1458000.0,1478000.0,1451000.0,1453000.0,3471
202605201445,1451000.0,1461000.0,1448000.0,1461000.0,2852
202605201500,1461000.0,1470000.0,1458000.0,1469000.0,4345
202605201515,1470000.0,1485000.0,1469000.0,1478000.0,5033
202605210900,1546000.0,1588000.0,1546000.0,1578000.0,7459
202605210915,1578000.0,1579000.0,1538000.0,1555000.0,4009
202605210930,1555000.0,1565000.0,1549000.0,1557000.0,3256
202605210945,1557000.0,1561000.0,1548000.0,1560000.0,2374
202605211000,1560000.0,1575000.0,1554000.0,1575000.0,2752
202605211015,1575000.0,1590000.0,1570000.0,1582000.0,2413
202605211030,1583000.0,1595000.0,1580000.0,1585000.0,2335
202605211045,1585000.0,1590000.0,1572000.0,1584000.0,1743
202605211100,1584000.0,1585000.0,1577000.0,1580000.0,2412
202605211115,1580000.0,1588000.0,1579000.0,1582000.0,1097
202605211130,1582000.0,1589000.0,1581000.0,1587000.0,950
202605211145,1587000.0,1590000.0,1578000.0,1581000.0,1193
202605211200,1580000.0,1587000.0,1579000.0,1582000.0,1038
202605211215,1582000.0,1585000.0,1573000.0,1584000.0,1628
202605211230,1584000.0,1589000.0,1583000.0,1584000.0,1293
202605211245,1584000.0,1597000.0,1581000.0,1582000.0,2346
202605211300,1583000.0,1599000.0,1581000.0,1598000.0,2390
202605211315,1598000.0,1606000.0,1592000.0,1600000.0,2326
202605211330,1600000.0,1604000.0,1594000.0,1600000.0,2008
202605211345,1601000.0,1604000.0,1595000.0,1598000.0,1491
202605211400,1599000.0,1601000.0,1586000.0,1587000.0,2396
202605211415,1588000.0,1593000.0,1583000.0,1587000.0,2073
202605211430,1587000.0,1596000.0,1584000.0,1591000.0,1844
202605211445,1591000.0,1604000.0,1585000.0,1596000.0,4841
202605211500,1598000.0,1602000.0,1585000.0,1590000.0,4054
202605211515,1588000.0,1600000.0,1585000.0,1600000.0,4020
202605220900,1619000.0,1637000.0,1582000.0,1585000.0,6095
202605220915,1585000.0,1598000.0,1566000.0,1586000.0,4730
202605220930,1586000.0,1592000.0,1575000.0,1591000.0,2768
202605220945,1591000.0,1597000.0,1560000.0,1561000.0,3434
202605221000,1560000.0,1589000.0,1552000.0,1582000.0,2880
202605221015,1583000.0,1584000.0,1570000.0,1577000.0,1762
202605221030,1577000.0,1583000.0,1574000.0,1582000.0,1166
202605221045,1582000.0,1583000.0,1571000.0,1576000.0,1281
202605221100,1577000.0,1581000.0,1571000.0,1574000.0,1138
202605221115,1575000.0,1578000.0,1573000.0,1576000.0,1158
202605221130,1576000.0,1584000.0,1575000.0,1582000.0,1399
202605221145,1581000.0,1600000.0,1581000.0,1590000.0,2010
202605221200,1589000.0,1593000.0,1580000.0,1582000.0,1350
202605221215,1581000.0,1585000.0,1576000.0,1579000.0,1201
202605221230,1580000.0,1589000.0,1576000.0,1586000.0,1060
202605221245,1585000.0,1595000.0,1584000.0,1590000.0,1347
202605221300,1591000.0,1598000.0,1590000.0,1598000.0,1109
202605221315,1598000.0,1598000.0,1588000.0,1591000.0,1672
202605221330,1592000.0,1596000.0,1590000.0,1594000.0,1144
202605221345,1594000.0,1594000.0,1589000.0,1592000.0,1202
202605221400,1592000.0,1594000.0,1589000.0,1594000.0,1613
202605221415,1595000.0,1595000.0,1589000.0,1590000.0,1292
202605221430,1589000.0,1597000.0,1587000.0,1594000.0,2223
202605221445,1594000.0,1600000.0,1583000.0,1585000.0,2502
202605221500,1585000.0,1595000.0,1585000.0,1591000.0,1514
202605221515,1590000.0,1593000.0,1587000.0,1593000.0,2580
202605260900,1678000.0,1750000.0,1678000.0,1743000.0,15775
202605260915,1743000.0,1765000.0,1733000.0,1763000.0,8971
202605260930,1764000.0,1768000.0,1740000.0,1751000.0,6701
202605260945,1750000.0,1760000.0,1736000.0,1752000.0,3264
202605261000,1753000.0,1768000.0,1725000.0,1766000.0,7641
202605261015,1765000.0,1766000.0,1747000.0,1758000.0,2904
202605261030,1758500.0,1768000.0,1752000.0,1766000.0,3880
202605261045,1766000.0,1794000.0,1766000.0,1794000.0,6457
202605261100,1794000.0,1810000.0,1793000.0,1803000.0,5381
202605261115,1803000.0,1807000.0,1795000.0,1805000.0,4028
202605261130,1804000.0,1813000.0,1803000.0,1810000.0,4153
202605261145,1810000.0,1812000.0,1798000.0,1809000.0,3466
202605261200,1809000.0,1811000.0,1806000.0,1808000.0,1978
202605261215,1808000.0,1814000.0,1807000.0,1814000.0,2337
202605261230,1813000.0,1815000.0,1810000.0,1810000.0,3065
202605261245,1811000.0,1815000.0,1806000.0,1814000.0,2329
202605261300,1814000.0,1830000.0,1813000.0,1824000.0,4282
202605261315,1824000.0,1828000.0,1794000.0,1804000.0,4250
202605261330,1803000.0,1803000.0,1786000.0,1787000.0,4117
202605261345,1787000.0,1789000.0,1781000.0,1786000.0,2866
202605261400,1787000.0,1789000.0,1773000.0,1786000.0,5570
202605261415,1786000.0,1792000.0,1778000.0,1781000.0,3247
202605261430,1781000.0,1785000.0,1774000.0,1776000.0,3180
202605261445,1775000.0,1779000.0,1766000.0,1774000.0,4298
202605261500,1775000.0,1782000.0,1765000.0,1773000.0,4495
202605261515,1771000.0,1781000.0,1770000.0,1781000.0,5859
202605270900,1804000.0,1825000.0,1751000.0,1773000.0,9780
202605270915,1774000.0,1781000.0,1730000.0,1768000.0,7249
202605270930,1767000.0,1775000.0,1731000.0,1754000.0,4196
202605270945,1754000.0,1762000.0,1740000.0,1743000.0,3492
202605271000,1743000.0,1747000.0,1726000.0,1741000.0,3638
202605271015,1742000.0,1750000.0,1739000.0,1743000.0,1904
202605271030,1743000.0,1751000.0,1736000.0,1748000.0,2032
202605271045,1749000.0,1749000.0,1740000.0,1742000.0,2030
202605271100,1742000.0,1747000.0,1739000.0,1745000.0,1739
202605271115,1745000.0,1758000.0,1740000.0,1757000.0,2437
202605271130,1757000.0,1757000.0,1745000.0,1747000.0,1916
202605271145,1747000.0,1749000.0,1741000.0,1744000.0,2065
202605271200,1744000.0,1755000.0,1743000.0,1749000.0,2110
202605271215,1749000.0,1750000.0,1742000.0,1748000.0,1748
202605271230,1748000.0,1749000.0,1740000.0,1740000.0,1863
202605271245,1740000.0,1742000.0,1731000.0,1733000.0,2901
202605271300,1732000.0,1737000.0,1731000.0,1732000.0,1810
202605271315,1731000.0,1738000.0,1713000.0,1719000.0,5339
202605271330,1717000.0,1732000.0,1715000.0,1730000.0,4312
202605271345,1730000.0,1747000.0,1724000.0,1726000.0,4129
202605271400,1726000.0,1729000.0,1711000.0,1713000.0,4247
202605271415,1713000.0,1724000.0,1710000.0,1723000.0,3509
202605271430,1723000.0,1736000.0,1717000.0,1731000.0,3914
202605271445,1731000.0,1733000.0,1717000.0,1725000.0,5241
202605271500,1725000.0,1729000.0,1719000.0,1720000.0,4297
202605271515,1719000.0,1725000.0,1715000.0,1715000.0,3762
202605280900,1710000.0,1714000.0,1650000.0,1657000.0,7317
202605280915,1658000.0,1678000.0,1641000.0,1650000.0,6974
202605280930,1650000.0,1664000.0,1641000.0,1649000.0,4175
202605280945,1650000.0,1685000.0,1647000.0,1680000.0,4163
202605281000,1680000.0,1725000.0,1659000.0,1673000.0,6136
202605281015,1673000.0,1695000.0,1671000.0,1687000.0,4336
202605281030,1687000.0,1691000.0,1662000.0,1669000.0,2862
202605281045,1669000.0,1674000.0,1661000.0,1673000.0,3258
202605281100,1672000.0,1672000.0,1639000.0,1641000.0,3276
202605281115,1641000.0,1642000.0,1635000.0,1640000.0,2275
202605281130,1641000.0,1645000.0,1636000.0,1640000.0,1719
202605281145,1641000.0,1647000.0,1637000.0,1640000.0,1920
202605281200,1640000.0,1641000.0,1634000.0,1634000.0,1876
202605281215,1634000.0,1639000.0,1623000.0,1623000.0,3563
202605281230,1623000.0,1623000.0,1601000.0,1608000.0,4485
202605281245,1608000.0,1622000.0,1605000.0,1607000.0,3703
202605281300,1607000.0,1610000.0,1589000.0,1591000.0,6389
202605281315,1591000.0,1599000.0,1573000.0,1590000.0,6327
202605281330,1589000.0,1603000.0,1589000.0,1601000.0,2842
202605281345,1601000.0,1602000.0,1590000.0,1595000.0,2879
202605281400,1595000.0,1618000.0,1588000.0,1618000.0,3588
202605281415,1619000.0,1638000.0,1617000.0,1635000.0,3539
202605281430,1638000.0,1644000.0,1633000.0,1641000.0,3648
202605281445,1641000.0,1657000.0,1640000.0,1657000.0,4020
202605281500,1656000.0,1663000.0,1645000.0,1659000.0,4102
202605281515,1659000.0,1664000.0,1650000.0,1660000.0,3901
202605290900,1745000.0,1800000.0,1731000.0,1763000.0,16264
202605290915,1763000.0,1767000.0,1724000.0,1730000.0,6190
202605290930,1732000.0,1737000.0,1703000.0,1703000.0,3815
202605290945,1704000.0,1748000.0,1689000.0,1742000.0,5974
202605291000,1739000.0,1776000.0,1722000.0,1761000.0,7896
202605291015,1761000.0,1794000.0,1761000.0,1780000.0,7048
202605291030,1780000.0,1825000.0,1772000.0,1823000.0,9227
202605291045,1823000.0,1824000.0,1785000.0,1816000.0,6509
202605291100,1817000.0,1844000.0,1816000.0,1829000.0,8851
202605291115,1829000.0,1899000.0,1829000.0,1879000.0,14973
202605291130,1879000.0,1910000.0,1876000.0,1905000.0,7269
202605291145,1905000.0,1905000.0,1872000.0,1885000.0,4094
202605291200,1885000.0,1899000.0,1870000.0,1899000.0,3534
202605291215,1899000.0,1943000.0,1898000.0,1930000.0,8441
202605291230,1931000.0,1979000.0,1928000.0,1953000.0,6754
202605291245,1953000.0,1955000.0,1943000.0,1951000.0,3101
202605291300,1951000.0,2012000.0,1951000.0,1998000.0,10083
202605291315,1998000.0,2001000.0,1911000.0,1974000.0,8848
202605291330,1974000.0,1976000.0,1940000.0,1963000.0,7274
202605291345,1963000.0,1977000.0,1957000.0,1970000.0,4701
202605291400,1969000.0,1970000.0,1914000.0,1936000.0,6537
202605291415,1935000.0,1954500.0,1930000.0,1943000.0,5030
202605291430,1943000.0,1950000.0,1923000.0,1927000.0,5643
202605291445,1927000.0,1938000.0,1921000.0,1929000.0,6340
202605291500,1928000.0,1940000.0,1922000.0,1935000.0,5856
202605291515,1934500.0,1972000.0,1919000.0,1972000.0,49093
202606010900,2196000.0,2377000.0,2172000.0,2294000.0,27708
202606010915,2296000.0,2299000.0,2186000.0,2195000.0,16192
202606010930,2193000.0,2211000.0,2162000.0,2183000.0,15876
202606010945,2181000.0,2227000.0,2160000.0,2221000.0,10967
202606011000,2221000.0,2295000.0,2213000.0,2287000.0,10523
202606011015,2287000.0,2310000.0,2248000.0,2271000.0,11261
202606011030,2271000.0,2318000.0,2248000.0,2317000.0,6111
202606011045,2317000.0,2337000.0,2270000.0,2310000.0,8285
202606011100,2311000.0,2338000.0,2293000.0,2338000.0,5193
202606011115,2337000.0,2349000.0,2320000.0,2322000.0,4586
202606011130,2322000.0,2335000.0,2293000.0,2324000.0,4247
202606011145,2325000.0,2405000.0,2319000.0,2400000.0,8935
202606011200,2400000.0,2489000.0,2399000.0,2436000.0,10316
202606011215,2436000.0,2458000.0,2411000.0,2458000.0,5350
202606011230,2457000.0,2470000.0,2422000.0,2430000.0,5563
202606011245,2430000.0,2440000.0,2332000.0,2342000.0,12663
202606011300,2341000.0,2383000.0,2341000.0,2373000.0,4270
202606011315,2373000.0,2397000.0,2370000.0,2391000.0,3941
202606011330,2390000.0,2398000.0,2335000.0,2344000.0,4859
202606011345,2344000.0,2375000.0,2337000.0,2340000.0,3436
202606011400,2340000.0,2341000.0,2310000.0,2311000.0,4661
202606011415,2310000.0,2316000.0,2237000.0,2266000.0,7118
202606011430,2266000.0,2272000.0,2230000.0,2254000.0,6635
202606011445,2257000.0,2264000.0,2213000.0,2225000.0,6352
202606011500,2227000.0,2232000.0,2201000.0,2202000.0,7579
202606011515,2203000.0,2224000.0,2202000.0,2203000.0,5878
202606020900,2061000.0,2168000.0,1940000.0,2037000.0,19663
202606020915,2036000.0,2042000.0,1974000.0,2013000.0,11897
202606020930,2014000.0,2015000.0,1976000.0,1983000.0,10478
202606020945,1983000.0,2008000.0,1943000.0,1948000.0,7297
202606021000,1954000.0,1988000.0,1942000.0,1982000.0,4993
202606021015,1981000.0,2000000.0,1960000.0,1990000.0,6813
202606021030,1992000.0,1992000.0,1950000.0,1951000.0,4127
202606021045,1951000.0,1955000.0,1910000.0,1932000.0,7221
202606021100,1933000.0,1937000.0,1912000.0,1931000.0,3841
202606021115,1931000.0,1946000.0,1922000.0,1939000.0,3398
202606021130,1938000.0,1952000.0,1934000.0,1948000.0,3047
202606021145,1948000.0,1955000.0,1934000.0,1949000.0,2634
202606021200,1943000.0,1947000.0,1823000.0,1852000.0,10784
202606021215,1851000.0,1860000.0,1810000.0,1818000.0,10175
202606021230,1820000.0,1850000.0,1817000.0,1835000.0,6326
202606021245,1832000.0,1839000.0,1814000.0,1818000.0,4281
202606021300,1818000.0,1843000.0,1811000.0,1817000.0,6842
202606021315,1819000.0,1849000.0,1817000.0,1838000.0,5528
202606021330,1838000.0,1863000.0,1818000.0,1860000.0,5176
202606021345,1860000.0,1884000.0,1855000.0,1867000.0,5225
202606021400,1867000.0,1880000.0,1856000.0,1856000.0,6059
202606021415,1856000.0,1882000.0,1851000.0,1881000.0,7048
202606021430,1880000.0,1930000.0,1876000.0,1918500.0,7333
202606021445,1919000.0,1928000.0,1887000.0,1891000.0,9778
202606021500,1891000.0,1909000.0,1884000.0,1896000.0,6434
202606021515,1896000.0,1924000.0,1896000.0,1918000.0,5780
202606040900,1829000.0,1873000.0,1810000.0,1819000.0,7587
202606040915,1819000.0,1839000.0,1800000.0,1825000.0,7573
202606040930,1824000.0,1830000.0,1785000.0,1788000.0,8180
202606040945,1790000.0,1800000.0,1779000.0,1800000.0,4721
202606041000,1800000.0,1819000.0,1791000.0,1792000.0,4826
202606041015,1791000.0,1811000.0,1791000.0,1802000.0,3919
202606041030,1802000.0,1820000.0,1795000.0,1796000.0,3683
202606041045,1796000.0,1801000.0,1773000.0,1773000.0,5094
202606041100,1774000.0,1775000.0,1755000.0,1756000.0,5294
202606041115,1755000.0,1781000.0,1755000.0,1780000.0,4677
202606041130,1780000.0,1813000.0,1779000.0,1813000.0,4130
202606041145,1811000.0,1819000.0,1797000.0,1804000.0,3386
202606041200,1804000.0,1809000.0,1790000.0,1806000.0,2850
202606041215,1806000.0,1811000.0,1801000.0,1808000.0,2523
202606041230,1808000.0,1812000.0,1795000.0,1797000.0,3130
202606041245,1797000.0,1811000.0,1793000.0,1807000.0,3549
202606041300,1807000.0,1807000.0,1797000.0,1798000.0,2947
202606041315,1798000.0,1804000.0,1795000.0,1799000.0,2933
202606041330,1799000.0,1813000.0,1796000.0,1809000.0,3040
202606041345,1808000.0,1817000.0,1801000.0,1817000.0,3342
202606041400,1818000.0,1825000.0,1805000.0,1805000.0,3754
202606041415,1805000.0,1812000.0,1795000.0,1798000.0,5035
202606041430,1799000.0,1811000.0,1798000.0,1805000.0,4172
202606041445,1804000.0,1805000.0,1797000.0,1801000.0,4662
202606041500,1801000.0,1802000.0,1794000.0,1794000.0,3927
202606041515,1794000.0,1805000.0,1791000.0,1800000.0,7686
202606050900,1745000.0,1755000.0,1633000.0,1716000.0,13262
202606050915,1713000.0,1714000.0,1677000.0,1703000.0,11887
202606050930,1703000.0,1707000.0,1674000.0,1678000.0,5848
202606050945,1678000.0,1684000.0,1626000.0,1628000.0,7550
202606051000,1629000.0,1629000.0,1605000.0,1613000.0,5323
202606051015,1612000.0,1636000.0,1608000.0,1635000.0,4356
202606051030,1632000.0,1653000.0,1624000.0,1652000.0,5122
202606051045,1652000.0,1689000.0,1642000.0,1682000.0,4661
202606051100,1681000.0,1709000.0,1674000.0,1700000.0,4775
202606051115,1700000.0,1723000.0,1695000.0,1717000.0,4263
202606051130,1717000.0,1724000.0,1700000.0,1701000.0,3588
202606051145,1701000.0,1714000.0,1692000.0,1695000.0,2400
202606051200,1694000.0,1718000.0,1694000.0,1710000.0,2963
202606051215,1710000.0,1719000.0,1707000.0,1710000.0,1831
202606051230,1710000.0,1717000.0,1702000.0,1709000.0,2602
202606051245,1709000.0,1710000.0,1687000.0,1689000.0,3775
202606051300,1688000.0,1696000.0,1686000.0,1690000.0,2740
202606051315,1691000.0,1692000.0,1680000.0,1680000.0,3463
202606051330,1680000.0,1696000.0,1672000.0,1679000.0,4822
202606051345,1680000.0,1698000.0,1679000.0,1694000.0,2553
202606051400,1694000.0,1714000.0,1691000.0,1711000.0,3226
202606051415,1711000.0,1744500.0,1710000.0,1728000.0,5294
202606051430,1728000.0,1738000.0,1728000.0,1729000.0,4145
202606051445,1729000.0,1735000.0,1712000.0,1718000.0,5087
202606051500,1717000.0,1757000.0,1715000.0,1727000.0,6855
202606051515,1727000.0,1752000.0,1727000.0,1740000.0,9784
202606080900,1560000.0,1566000.0,1535000.0,1540000.0,3522
202606080930,1575000.0,1671000.0,1556000.0,1580000.0,10523
202606080945,1578000.0,1600000.0,1553000.0,1586000.0,7297
202606081000,1586000.0,1599000.0,1557000.0,1568000.0,6486
202606081015,1567000.0,1582000.0,1561000.0,1564000.0,5195
202606081030,1564000.0,1582000.0,1550000.0,1573000.0,5723
202606081045,1573000.0,1583000.0,1564000.0,1577000.0,4017
202606081100,1578000.0,1599000.0,1569000.0,1590000.0,4143
202606081115,1591000.0,1620000.0,1585000.0,1611000.0,4150
202606081130,1611000.0,1626000.0,1607000.0,1625000.0,4549
202606081145,1626000.0,1638000.0,1616000.0,1630000.0,3674
202606081200,1630000.0,1634000.0,1619000.0,1625000.0,2930
202606081215,1625000.0,1637000.0,1615000.0,1633000.0,2999
202606081230,1631000.0,1637000.0,1627000.0,1635000.0,2651
202606081245,1635000.0,1639000.0,1626000.0,1630000.0,3010
202606081300,1631000.0,1633000.0,1612000.0,1617000.0,4596
202606081315,1616000.0,1620000.0,1601000.0,1603000.0,4494
202606081330,1604000.0,1606000.0,1594000.0,1594000.0,4663
202606081345,1594000.0,1605000.0,1594000.0,1603000.0,3818
202606081400,1602000.0,1614000.0,1588000.0,1592000.0,5905
202606081415,1592000.0,1598000.0,1582000.0,1586000.0,5627
202606081430,1588000.0,1590000.0,1563000.0,1563000.0,11768
202606081445,1563000.0,1564000.0,1550000.0,1555000.0,5979
202606081500,1555000.0,1558000.0,1542000.0,1552000.0,7202
202606081515,1552000.0,1579000.0,1549000.0,1578000.0,6120
202606090900,1641000.0,1681000.0,1600000.0,1609000.0,8272
202606090915,1609000.0,1635000.0,1550000.0,1557000.0,9870
202606090930,1558000.0,1560000.0,1514000.0,1531000.0,8401
202606090945,1531000.0,1550000.0,1510000.0,1520000.0,7013
202606091000,1518000.0,1519000.0,1480000.0,1486000.0,8518
202606091015,1486000.0,1522000.0,1474000.0,1516000.0,7728
202606091030,1516000.0,1550000.0,1503000.0,1513000.0,6375
202606091045,1514000.0,1520000.0,1500000.0,1508000.0,5227
202606091100,1508000.0,1515000.0,1497000.0,1504000.0,4321
202606091115,1504000.0,1516000.0,1501000.0,1505000.0,4325
202606091130,1505000.0,1515000.0,1501000.0,1510000.0,3926
202606091145,1509000.0,1522000.0,1505000.0,1519000.0,3580
202606091200,1519000.0,1526000.0,1511000.0,1526000.0,3937
202606091215,1525000.0,1534000.0,1521000.0,1533000.0,4378
202606091230,1533000.0,1537000.0,1524000.0,1528000.0,4308
202606091245,1529000.0,1536000.0,1526000.0,1535000.0,3479
202606091300,1535000.0,1545000.0,1532000.0,1541000.0,3714
202606091315,1542000.0,1574000.0,1542000.0,1572000.0,5014
202606091330,1572000.0,1628000.0,1530000.0,1562000.0,9749
202606091345,1562000.0,1583000.0,1560000.0,1577000.0,6076
202606091400,1577000.0,1584000.0,1570000.0,1581000.0,5742
202606091415,1580500.0,1581000.0,1557000.0,1563000.0,5911
202606091430,1563000.0,1579000.0,1558000.0,1568000.0,5104
202606091445,1568000.0,1572000.0,1556000.0,1563000.0,6504
202606091500,1562000.0,1575000.0,1560000.0,1571000.0,3897
202606091515,1571000.0,1573000.0,1566000.0,1566000.0,5524
202606100900,1561000.0,1634000.0,1542000.0,1567000.0,8569
202606100915,1567000.0,1595000.0,1559000.0,1587000.0,4461
202606100930,1582000.0,1589000.0,1570000.0,1579000.0,2719
202606100945,1578000.0,1589000.0,1567000.0,1587000.0,2790
202606101000,1587000.0,1611000.0,1582000.0,1604000.0,3321
202606101015,1605000.0,1623000.0,1599000.0,1617000.0,3232
202606101030,1618000.0,1638000.0,1609000.0,1628000.0,4133
202606101045,1629000.0,1643000.0,1623000.0,1635000.0,3734
202606101100,1632000.0,1637000.0,1600000.0,1601000.0,2541
202606101115,1601000.0,1601000.0,1581000.0,1597000.0,2009
202606101130,1596000.0,1600000.0,1591000.0,1598000.0,1089
202606101145,1598000.0,1604000.0,1591000.0,1599000.0,1115
202606101200,1599000.0,1610000.0,1589000.0,1604000.0,1721
202606101215,1605000.0,1612000.0,1591000.0,1595000.0,1522
202606101230,1595000.0,1596000.0,1585000.0,1586000.0,1330
202606101245,1586000.0,1592000.0,1575000.0,1584000.0,2141
202606101300,1584000.0,1589000.0,1567000.0,1572000.0,1357
202606101315,1570000.0,1589000.0,1550000.0,1555000.0,2732
202606101330,1556000.0,1556000.0,1534000.0,1534000.0,3550
202606101345,1535000.0,1558000.0,1534000.0,1544000.0,2754
202606101400,1543000.0,1558000.0,1540000.0,1547000.0,1812
202606101415,1547000.0,1580000.0,1527000.0,1571000.0,5163
202606101430,1569000.0,1573000.0,1531000.0,1538000.0,4632
202606101445,1538000.0,1567000.0,1526000.0,1550000.0,5191
202606101500,1548000.0,1575000.0,1541000.0,1573000.0,2111
202606101515,1573000.0,1585000.0,1566000.0,1584000.0,2943
202606110900,1512000.0,1570000.0,1485000.0,1516000.0,6416
202606110915,1516000.0,1553000.0,1514000.0,1536000.0,5262
202606110930,1536000.0,1547000.0,1528000.0,1540000.0,3288
202606110945,1536000.0,1596000.0,1536000.0,1589000.0,3773
202606111000,1589000.0,1610000.0,1582000.0,1593000.0,4039
202606111015,1593000.0,1634000.0,1580000.0,1631000.0,4632
202606111030,1630000.0,1632000.0,1603000.0,1605000.0,3172
202606111045,1605000.0,1613000.0,1592000.0,1598000.0,2839
202606111100,1599000.0,1605000.0,1570000.0,1576000.0,2887
202606111115,1576000.0,1582000.0,1567000.0,1575000.0,2159
202606111130,1575000.0,1577000.0,1562000.0,1572000.0,2189
202606111145,1572000.0,1590000.0,1567000.0,1582000.0,2234
202606111200,1581000.0,1590000.0,1571000.0,1576000.0,1559
202606111215,1576000.0,1589000.0,1573000.0,1584000.0,1292
202606111230,1584000.0,1605000.0,1580000.0,1603000.0,2048
202606111245,1603000.0,1610000.0,1598000.0,1607000.0,1460
202606111300,1608000.0,1613000.0,1601000.0,1607000.0,1770
202606111315,1607000.0,1618000.0,1595000.0,1615000.0,2232
202606111330,1616000.0,1626000.0,1604000.0,1622000.0,2108
202606111345,1625000.0,1626000.0,1603000.0,1603000.0,1810
202606111400,1604000.0,1615000.0,1601000.0,1603000.0,2034
202606111415,1603000.0,1610000.0,1591000.0,1599000.0,2649
202606111430,1598000.0,1615000.0,1596000.0,1612000.0,2301
202606111445,1611000.0,1619000.0,1607000.0,1610000.0,2601
202606111500,1611000.0,1613000.0,1601000.0,1613000.0,2545
202606111515,1612000.0,1622000.0,1606000.0,1621000.0,17588
202606120900,1762000.0,1848000.0,1749000.0,1847000.0,12325
202606120915,1847000.0,1920000.0,1791000.0,1796000.0,13876
202606120930,1797000.0,1824000.0,1797000.0,1812000.0,4697
202606120945,1811000.0,1824000.0,1766000.0,1767000.0,6526
202606121000,1768000.0,1835000.0,1762000.0,1809000.0,4812
202606121015,1808000.0,1835000.0,1780000.0,1791000.0,6056
202606121030,1790000.0,1806000.0,1776000.0,1786000.0,4875
202606121045,1786000.0,1796000.0,1782000.0,1794000.0,1938
202606121100,1794000.0,1797000.0,1789000.0,1793000.0,1473
202606121115,1794000.0,1803000.0,1781000.0,1785000.0,1829
202606121130,1785000.0,1785000.0,1728000.0,1732000.0,6080
202606121145,1732000.0,1745000.0,1725000.0,1740000.0,5681
202606121200,1739000.0,1751000.0,1732000.0,1744000.0,5670
202606121215,1744000.0,1752000.0,1738000.0,1743000.0,5152
202606121230,1742000.0,1746000.0,1737000.0,1738000.0,4571
202606121245,1738000.0,1765000.0,1737000.0,1744000.0,6366
202606121300,1744000.0,1748000.0,1738000.0,1744000.0,5592
202606121315,1743000.0,1750000.0,1729000.0,1739000.0,5703
202606121330,1738000.0,1744000.0,1700000.0,1723000.0,7209
202606121345,1723000.0,1725000.0,1705000.0,1714000.0,6001
202606121400,1714000.0,1714000.0,1681000.0,1688000.0,7773
202606121415,1692000.0,1702000.0,1682000.0,1682000.0,6474
202606121430,1682000.0,1685000.0,1656000.0,1663000.0,11162
202606121445,1662000.0,1689000.0,1640000.0,1641000.0,8637
202606121500,1643000.0,1659000.0,1634000.0,1654000.0,8939
202606121515,1654000.0,1655000.0,1642000.0,1649000.0,1321
202606150900,1761000.0,1773000.0,1726000.0,1751000.0,12647
202606150915,1750000.0,1776000.0,1742000.0,1768000.0,6598
202606150930,1768000.0,1787000.0,1752000.0,1771000.0,5693
202606150945,1771000.0,1794000.0,1769000.0,1784000.0,4700
202606151000,1784000.0,1784500.0,1748000.0,1751000.0,4953
202606151015,1751000.0,1760000.0,1738000.0,1754000.0,3671
202606151030,1753000.0,1755000.0,1731000.0,1733000.0,3719
202606151045,1732500.0,1752000.0,1732000.0,1737000.0,2893
202606151100,1738000.0,1747000.0,1735000.0,1742000.0,1796
202606151115,1743000.0,1750000.0,1738000.0,1749000.0,1510
202606151130,1748000.0,1752000.0,1745000.0,1746000.0,1309
202606151145,1746000.0,1752000.0,1742000.0,1745000.0,1461
202606151200,1745000.0,1749000.0,1737000.0,1741000.0,2234
202606151215,1741000.0,1748000.0,1738000.0,1746000.0,1556
202606151230,1745000.0,1747000.0,1736000.0,1740000.0,2170
202606151245,1741000.0,1745000.0,1736000.0,1737000.0,2093
202606151300,1737000.0,1740000.0,1729000.0,1731000.0,3699
202606151315,1731000.0,1739000.0,1730000.0,1736000.0,1735
202606151330,1737000.0,1737000.0,1721000.0,1722000.0,3646
202606151345,1722000.0,1730000.0,1716000.0,1719000.0,3168
202606151400,1719000.0,1729000.0,1716000.0,1723000.0,3071
202606151415,1723000.0,1724000.0,1709000.0,1709000.0,3995
202606151430,1710000.0,1710000.0,1698000.0,1699000.0,4225
202606151445,1699000.0,1704000.0,1692000.0,1698000.0,4798
202606151500,1696000.0,1703000.0,1695000.0,1697000.0,3072
202606151515,1697000.0,1709000.0,1695000.0,1709000.0,4162
202606160900,1766000.0,1814000.0,1714000.0,1791000.0,9522
202606160915,1791000.0,1799000.0,1755000.0,1789000.0,4354
202606160930,1788000.0,1799000.0,1761000.0,1765000.0,3625
202606160945,1766000.0,1766000.0,1745000.0,1748000.0,3428
202606161000,1748000.0,1755000.0,1726000.0,1745000.0,3519
202606161015,1746000.0,1750000.0,1729000.0,1736000.0,1789
202606161030,1735000.0,1750000.0,1723000.0,1736000.0,3322
202606161045,1737000.0,1744000.0,1729000.0,1736000.0,1726
202606161100,1736000.0,1739000.0,1725000.0,1738000.0,2253
202606161115,1737000.0,1744000.0,1736000.0,1743000.0,1378
202606161130,1743000.0,1748000.0,1742000.0,1744000.0,1051
202606161145,1743000.0,1747000.0,1740000.0,1742000.0,981
202606161200,1742000.0,1749000.0,1739000.0,1740000.0,1417
202606161215,1741000.0,1748000.0,1739000.0,1747000.0,1075
202606161230,1747000.0,1755000.0,1744000.0,1748000.0,1519
202606161245,1748000.0,1749000.0,1740000.0,1742000.0,1124
202606161300,1743000.0,1748000.0,1738000.0,1745000.0,1402
202606161315,1743000.0,1745000.0,1723000.0,1725000.0,2574
202606161330,1726000.0,1741000.0,1717000.0,1729000.0,3769
202606161345,1728000.0,1729000.0,1720000.0,1726000.0,1599
202606161400,1725000.0,1726000.0,1711000.0,1711000.0,2993
202606161415,1711000.0,1713000.0,1694000.0,1701000.0,6138
202606161430,1701000.0,1702000.0,1684000.0,1687000.0,4595
202606161445,1687000.0,1701000.0,1685000.0,1693000.0,4074
202606161500,1693000.0,1706000.0,1692000.0,1698000.0,3388
202606161515,1698000.0,1705000.0,1696000.0,1699000.0,3299
202606170900,1675000.0,1694000.0,1650000.0,1655000.0,6267
202606170915,1651000.0,1663000.0,1631000.0,1644000.0,7839
202606170930,1644000.0,1651000.0,1634000.0,1636000.0,3790
202606170945,1635000.0,1646000.0,1629000.0,1639000.0,3445
202606171000,1638000.0,1647000.0,1635000.0,1643000.0,1625
202606171015,1643000.0,1646000.0,1637000.0,1637000.0,2384
202606171030,1638000.0,1641000.0,1635000.0,1635000.0,2684
202606171045,1636000.0,1641000.0,1634000.0,1638000.0,1809
202606171100,1638000.0,1640000.0,1635000.0,1639000.0,2241
202606171115,1639000.0,1639000.0,1635000.0,1635000.0,2274
202606171130,1635000.0,1635000.0,1630000.0,1630000.0,2904
202606171145,1630000.0,1633000.0,1630000.0,1630000.0,1954
202606171200,1630000.0,1631000.0,1625000.0,1626000.0,3144
202606171215,1625500.0,1628000.0,1621000.0,1624000.0,2567
202606171230,1625000.0,1633000.0,1624000.0,1630000.0,2368
202606171245,1630000.0,1635000.0,1628000.0,1629000.0,2139
202606171300,1629000.0,1632000.0,1622000.0,1623000.0,2598
202606171315,1624000.0,1630000.0,1623000.0,1626000.0,2913
202606171330,1625000.0,1626000.0,1621000.0,1623000.0,3178
202606171345,1622000.0,1623000.0,1617000.0,1619000.0,3564
202606171400,1619000.0,1624000.0,1619000.0,1620000.0,3120
202606171415,1620000.0,1625000.0,1618000.0,1622000.0,3532
202606171430,1622000.0,1625000.0,1615000.0,1619000.0,5817
202606171445,1619000.0,1628000.0,1618000.0,1619000.0,3843
202606171500,1619000.0,1624000.0,1617000.0,1618000.0,2926
202606171515,1618000.0,1624000.0,1618000.0,1624000.0,3178
202606180900,1627000.0,1639000.0,1594000.0,1594000.0,5448
202606180915,1594000.0,1639000.0,1592000.0,1630000.0,3776
202606180930,1629000.0,1634000.0,1612000.0,1631000.0,3186
202606180945,1630000.0,1633000.0,1603000.0,1605000.0,3439
202606181000,1604000.0,1630000.0,1603000.0,1623000.0,3202
202606181015,1626000.0,1632000.0,1620000.0,1622000.0,2282
202606181030,1622000.0,1629000.0,1614500.0,1615000.0,3112
202606181045,1616000.0,1616000.0,1602000.0,1607000.0,2554
202606181100,1607000.0,1625000.0,1607000.0,1616000.0,2051
202606181115,1619000.0,1622000.0,1615000.0,1617000.0,1907
202606181130,1617000.0,1624000.0,1615000.0,1619000.0,1665
202606181145,1620000.0,1622000.0,1614000.0,1618000.0,1806
202606181200,1617000.0,1620000.0,1610000.0,1615000.0,1941
202606181215,1616000.0,1624000.0,1613000.0,1624000.0,1644
202606181230,1622000.0,1631000.0,1621000.0,1629000.0,2965
202606181245,1629000.0,1630000.0,1622000.0,1624000.0,2068
202606181300,1624000.0,1640000.0,1621000.0,1623000.0,3728
202606181315,1622000.0,1630000.0,1622000.0,1630000.0,2147
202606181330,1630000.0,1631000.0,1618000.0,1627000.0,2809
202606181345,1626000.0,1629000.0,1616000.0,1617000.0,2773
202606181400,1617000.0,1628000.0,1616000.0,1626000.0,2824
202606181415,1626000.0,1635000.0,1622000.0,1632000.0,3408
202606181430,1632000.0,1635000.0,1626000.0,1634000.0,4005
202606181445,1635000.0,1652000.0,1633000.0,1652000.0,7570
202606181500,1652000.0,1662000.0,1651000.0,1656000.0,5751
202606181515,1657000.0,1663000.0,1651000.0,1654000.0,1368
202606190900,1679000.0,1708000.0,1658000.0,1689000.0,9839
202606190915,1690000.0,1691000.0,1662000.0,1673000.0,4714
202606190930,1673000.0,1708000.0,1672000.0,1704000.0,5250
202606190945,1702000.0,1710000.0,1684000.0,1692000.0,4777
202606191000,1691000.0,1696000.0,1681000.0,1688000.0,2391
202606191015,1687000.0,1688000.0,1665000.0,1665000.0,3001
202606191030,1665000.0,1669000.0,1648000.0,1649000.0,3555
202606191045,1650000.0,1658000.0,1641000.0,1641000.0,2719
202606191100,1642000.0,1648000.0,1632000.0,1632000.0,2885
202606191115,1633000.0,1633000.0,1621000.0,1630000.0,3027
202606191130,1629000.0,1630000.0,1622000.0,1623000.0,1170
202606191145,1622000.0,1622000.0,1611000.0,1614000.0,1640
202606191200,1613000.0,1616000.0,1595000.0,1595000.0,2387
202606191215,1596000.0,1596000.0,1572000.0,1573000.0,2397
202606191230,1573000.0,1585000.0,1562000.0,1568000.0,3119
202606191245,1566000.0,1576000.0,1550000.0,1558000.0,3544
202606191300,1558000.0,1567000.0,1547000.0,1554000.0,3212
202606191315,1554000.0,1564000.0,1547000.0,1549000.0,2965
202606191330,1548000.0,1550000.0,1536000.0,1538000.0,3480
202606191345,1538000.0,1540000.0,1530000.0,1538000.0,3383
202606191400,1538000.0,1546000.0,1527000.0,1529000.0,3637
202606191415,1528000.0,1537000.0,1525000.0,1526000.0,2805
202606191430,1526000.0,1537000.0,1520000.0,1535500.0,3035
202606191445,1535000.0,1570000.0,1535000.0,1563000.0,4157
202606191500,1563000.0,1585000.0,1562000.0,1584000.0,2366
202606191515,1583000.0,1586000.0,1580000.0,1584000.0,402
202606220900,1597000.0,1641000.0,1597000.0,1617000.0,5654
202606220915,1618000.0,1645000.0,1609000.0,1641000.0,4205
202606220930,1641000.0,1644000.0,1626000.0,1639000.0,2887
202606220945,1638000.0,1688000.0,1635000.0,1683000.0,5224
202606221000,1682000.0,1690000.0,1661000.0,1663000.0,5665
202606221015,1663000.0,1670000.0,1647000.0,1657000.0,3316
202606221030,1651000.0,1667000.0,1649000.0,1651000.0,2127
202606221045,1652000.0,1660000.0,1652000.0,1656000.0,1264
202606221100,1655000.0,1657000.0,1644000.0,1645000.0,1519
202606221115,1644000.0,1654000.0,1636000.0,1645000.0,2292
202606221130,1645000.0,1650000.0,1641000.0,1641000.0,945
202606221145,1641000.0,1651000.0,1638000.0,1649000.0,1036
202606221200,1650000.0,1652000.0,1645000.0,1651000.0,1025
202606221215,1651000.0,1656000.0,1645000.0,1647000.0,1002
202606221230,1647000.0,1648000.0,1639000.0,1641000.0,897
202606221245,1641000.0,1654000.0,1637000.0,1639000.0,2359
202606221300,1638000.0,1645000.0,1631000.0,1633000.0,1958
202606221315,1633000.0,1646000.0,1632000.0,1634000.0,1929
202606221330,1634000.0,1642000.0,1630000.0,1634000.0,2589
202606221345,1634000.0,1644000.0,1630000.0,1640000.0,2081
202606221400,1640000.0,1660000.0,1632000.0,1659000.0,2921
202606221415,1659000.0,1663000.0,1654000.0,1656000.0,1990
202606221430,1656000.0,1656000.0,1640000.0,1643000.0,2660
202606221445,1643000.0,1650000.0,1639000.0,1650000.0,2588
202606221500,1649000.0,1654000.0,1639000.0,1640000.0,3093
202606221515,1640000.0,1649000.0,1631000.0,1631000.0,3165
202606230900,1679000.0,1733000.0,1657000.0,1717000.0,21286
202606230915,1717000.0,1752000.0,1689000.0,1744000.0,17000
202606230930,1744000.0,1768500.0,1694000.0,1700000.0,11764
202606230945,1702000.0,1704000.0,1657000.0,1657000.0,5270
202606231000,1660000.0,1693000.0,1642000.0,1674000.0,5296
202606231015,1675000.0,1682000.0,1663000.0,1670000.0,2356
202606231030,1671000.0,1674000.0,1659000.0,1659000.0,2757
202606231045,1659000.0,1662000.0,1630000.0,1637000.0,4734
202606231100,1637000.0,1643000.0,1629000.0,1641000.0,3088
202606231115,1640000.0,1643000.0,1629000.0,1634000.0,2974
202606231130,1634000.0,1635000.0,1613000.0,1619000.0,3132
202606231145,1620000.0,1641000.0,1611000.0,1628000.0,2320
202606231200,1629000.0,1629000.0,1600000.0,1610000.0,2562
202606231215,1611000.0,1619000.0,1606000.0,1610000.0,1814
202606231230,1610000.0,1611000.0,1590000.0,1598000.0,2401
202606231245,1597000.0,1619000.0,1592000.0,1616000.0,2197
202606231300,1616000.0,1617000.0,1605000.0,1610000.0,2120
202606231315,1610000.0,1615000.0,1607000.0,1614000.0,1824
202606231330,1611000.0,1614000.0,1594000.0,1594000.0,2381
202606231345,1595000.0,1600000.0,1580000.0,1583000.0,2826
202606231400,1583000.0,1595000.0,1575000.0,1583000.0,2361
202606231415,1584000.0,1585000.0,1565000.0,1568000.0,3018
202606231430,1568000.0,1573000.0,1552000.0,1555000.0,1090
202606231500,1541000.0,1561000.0,1529000.0,1554000.0,10343
202606231515,1554000.0,1566000.0,1529000.0,1531000.0,6561
202606240900,1550000.0,1613000.0,1525000.0,1581000.0,9600
202606240915,1581000.0,1606000.0,1552000.0,1604000.0,4570
202606240930,1605000.0,1619000.0,1586000.0,1607000.0,4020
202606240945,1606000.0,1630000.0,1601000.0,1617000.0,4308
202606241000,1616000.0,1621000.0,1570000.0,1591000.0,4146
202606241015,1588000.0,1614000.0,1580000.0,1614000.0,2867
202606241030,1614000.0,1635000.0,1614000.0,1630000.0,2817
202606241045,1630000.0,1655000.0,1626000.0,1647000.0,3135
202606241100,1649000.0,1668000.0,1647000.0,1667000.0,3047
202606241115,1667000.0,1668000.0,1646000.0,1657000.0,2446
202606241130,1656500.0,1657000.0,1625000.0,1625000.0,2464
202606241145,1624000.0,1624000.0,1585000.0,1587000.0,3102
202606241200,1587000.0,1587000.0,1561000.0,1570000.0,4149
202606241215,1571000.0,1588000.0,1555000.0,1587000.0,2412
202606241230,1588000.0,1595000.0,1572000.0,1577000.0,2164
202606241245,1579000.0,1585000.0,1569000.0,1580000.0,2148
202606241300,1580000.0,1580000.0,1549000.0,1554000.0,2276
202606241315,1554000.0,1554000.0,1531000.0,1536000.0,2548
202606241330,1533500.0,1549000.0,1532000.0,1542000.0,2310
202606241345,1541000.0,1557000.0,1540000.0,1550000.0,2328
202606241400,1550000.0,1570000.0,1550000.0,1569000.0,3170
202606241415,1570000.0,1582000.0,1565000.0,1579000.0,3200
202606241430,1578000.0,1584000.0,1552000.0,1556000.0,4843
202606241445,1555000.0,1558000.0,1540000.0,1545000.0,4591
202606241500,1545000.0,1554000.0,1536000.0,1546000.0,5426
202606241515,1545000.0,1550000.0,1539000.0,1545000.0,4206
202606250900,1611000.0,1637000.0,1593000.0,1620000.0,5931
202606250915,1620000.0,1622000.0,1599000.0,1614000.0,3159
202606250930,1614000.0,1615000.0,1571000.0,1574000.0,2970
202606250945,1574000.0,1587000.0,1560000.0,1587000.0,3189
202606251000,1588000.0,1588000.0,1565000.0,1572000.0,1877
202606251015,1572000.0,1577000.0,1551000.0,1560000.0,1958
202606251030,1560000.0,1562000.0,1548000.0,1560000.0,1725
202606251045,1561000.0,1570000.0,1559000.0,1566000.0,1431
202606251100,1566000.0,1576000.0,1547000.0,1547000.0,2021
202606251115,1546000.0,1560000.0,1546000.0,1558000.0,1283
202606251130,1557000.0,1569000.0,1557000.0,1568000.0,1585
202606251145,1568000.0,1573000.0,1566000.0,1568000.0,1095
202606251200,1568000.0,1575000.0,1541000.0,1541000.0,3357
202606251215,1542000.0,1543000.0,1527000.0,1534000.0,3240
202606251230,1534000.0,1545000.0,1530000.0,1539000.0,1979
202606251245,1539000.0,1547000.0,1538000.0,1542000.0,1588
202606251300,1540000.0,1544000.0,1532000.0,1533000.0,1788
202606251315,1534000.0,1536000.0,1529000.0,1530000.0,2130
202606251330,1530000.0,1540000.0,1501000.0,1536000.0,4239
202606251345,1536000.0,1537000.0,1526000.0,1530000.0,2176
202606251400,1529000.0,1540000.0,1523000.0,1538000.0,2599
202606251415,1540000.0,1540000.0,1523000.0,1526000.0,2837
202606251430,1527000.0,1535000.0,1510000.0,1526000.0,3932
202606251445,1526000.0,1531000.0,1513000.0,1517000.0,4428
202606251500,1518000.0,1525000.0,1515000.0,1518000.0,4533
202606251515,1518000.0,1530000.0,1518000.0,1530000.0,654
202606260900,1484000.0,1534000.0,1468000.0,1526000.0,5280
202606260915,1525000.0,1529000.0,1490000.0,1513000.0,4163
202606260930,1513000.0,1519000.0,1490000.0,1509000.0,5058
202606260945,1510000.0,1519000.0,1495000.0,1506000.0,3338
202606261000,1507000.0,1521000.0,1484000.0,1506000.0,3637
202606261015,1505000.0,1523000.0,1505000.0,1511000.0,2259
202606261030,1512000.0,1520000.0,1488000.0,1489000.0,2708
202606261045,1489000.0,1495000.0,1476000.0,1481000.0,2746
202606261100,1481000.0,1485000.0,1470000.0,1480000.0,1969
202606261115,1480000.0,1481000.0,1447000.0,1452000.0,3659
202606261130,1453000.0,1459000.0,1423000.0,1427000.0,3278
202606261145,1429000.0,1432000.0,1412000.0,1413000.0,2618
202606261200,1414000.0,1414000.0,1397000.0,1399000.0,1908
202606261230,1360000.0,1402000.0,1360000.0,1374000.0,5753
202606261245,1373000.0,1404000.0,1364000.0,1402000.0,4424
202606261300,1402000.0,1435000.0,1398000.0,1431000.0,3062
202606261315,1428000.0,1437000.0,1414000.0,1428000.0,2994
202606261330,1430000.0,1433000.0,1408000.0,1409000.0,2669
202606261345,1409000.0,1422000.0,1402000.0,1422000.0,2359
202606261400,1421000.0,1436000.0,1410000.0,1436000.0,2672
202606261415,1431000.0,1448000.0,1413000.0,1444000.0,2067
202606261430,1445000.0,1450000.0,1428000.0,1431000.0,2248
202606261445,1431000.0,1450000.0,1428000.0,1433000.0,2045
202606261500,1433000.0,1448000.0,1429000.0,1448000.0,1940
202606261515,1444000.0,1455000.0,1430000.0,1442000.0,4137
202606290900,1427000.0,1443000.0,1404000.0,1405000.0,4161
202606290915,1405000.0,1413000.0,1385000.0,1403000.0,3855
202606290930,1405000.0,1418000.0,1380000.0,1402000.0,4578
202606290945,1402000.0,1434000.0,1382000.0,1423000.0,3322
202606291000,1423000.0,1427000.0,1408000.0,1408000.0,2544
202606291015,1410000.0,1424000.0,1400000.0,1419000.0,2254
202606291030,1418000.0,1436000.0,1416000.0,1418000.0,1693
202606291045,1417000.0,1441000.0,1415000.0,1431000.0,1803
202606291100,1431000.0,1436000.0,1396000.0,1402000.0,2818
202606291115,1402000.0,1414000.0,1392000.0,1413000.0,1386
202606291130,1412000.0,1430000.0,1404000.0,1429000.0,1168
202606291145,1429000.0,1437000.0,1423000.0,1433000.0,1456
202606291200,1433000.0,1451000.0,1430000.0,1435000.0,1693
202606291215,1435000.0,1452000.0,1428000.0,1445000.0,1844
202606291230,1445000.0,1445000.0,1429000.0,1438000.0,1360
202606291245,1439000.0,1462000.0,1435000.0,1457000.0,1770
202606291300,1457000.0,1462000.0,1449000.0,1462000.0,1544
202606291315,1461000.0,1467000.0,1445000.0,1446000.0,1534
202606291330,1447000.0,1452000.0,1438000.0,1440000.0,2058
202606291345,1440000.0,1454000.0,1431000.0,1433000.0,1654
202606291400,1432000.0,1456000.0,1431000.0,1451000.0,1842
202606291415,1451000.0,1455000.0,1444000.0,1445000.0,1889
202606291430,1445000.0,1467000.0,1445000.0,1463000.0,2700
202606291445,1463000.0,1489000.0,1459000.0,1482000.0,4023
202606291500,1482000.0,1485000.0,1469000.0,1476000.0,3728
202606291515,1472000.0,1483000.0,1471000.0,1478000.0,3531
202606300900,1473000.0,1490000.0,1450000.0,1471000.0,3742
202606300915,1470000.0,1482000.0,1453000.0,1456000.0,2649
202606300930,1456000.0,1468000.0,1437000.0,1438000.0,2655
202606300945,1439000.0,1450000.0,1434000.0,1445000.0,3302
202606301000,1445000.0,1449000.0,1431000.0,1440000.0,2833
202606301015,1440000.0,1468000.0,1440000.0,1464000.0,2353
202606301030,1464000.0,1479000.0,1451000.0,1451000.0,3067
202606301045,1451000.0,1481000.0,1447000.0,1479000.0,3031
202606301100,1478000.0,1478000.0,1456000.0,1457000.0,1341
202606301115,1456000.0,1482000.0,1451000.0,1475000.0,1625
202606301130,1475000.0,1478000.0,1470000.0,1473000.0,982
202606301145,1474000.0,1481000.0,1473000.0,1481000.0,1104
202606301200,1482000.0,1488000.0,1478000.0,1487000.0,1692
202606301215,1487000.0,1498000.0,1484000.0,1493000.0,1504
202606301230,1493000.0,1502000.0,1491000.0,1495000.0,1348
202606301245,1496000.0,1505000.0,1494000.0,1504000.0,1813
202606301300,1500000.0,1512000.0,1493000.0,1505000.0,1927
202606301315,1504000.0,1509000.0,1498000.0,1500000.0,1332
202606301330,1500000.0,1530000.0,1500000.0,1525000.0,2228
202606301345,1523000.0,1526000.0,1510000.0,1512000.0,2075
202606301400,1512000.0,1516000.0,1503000.0,1508000.0,2246
202606301415,1507000.0,1511000.0,1497000.0,1504000.0,2561
202606301430,1504000.0,1505000.0,1490000.0,1497000.0,2303
202606301445,1497000.0,1500000.0,1482000.0,1493000.0,3476
202606301500,1492000.0,1496000.0,1482000.0,1492000.0,3221
202606301515,1492000.0,1498000.0,1487000.0,1487000.0,19167
202607010900,1548000.0,1550000.0,1520000.0,1549000.0,4238
202607010915,1549000.0,1590000.0,1542000.0,1579000.0,5943
202607010930,1579000.0,1605000.0,1563000.0,1604000.0,5692
202607010945,1604000.0,1619000.0,1593000.0,1595000.0,4026
202607011000,1595000.0,1605000.0,1563000.0,1569000.0,4176
202607011015,1569000.0,1600000.0,1552000.0,1597000.0,4250
202607011030,1597000.0,1613000.0,1593000.0,1600000.0,3632
202607011045,1600000.0,1600000.0,1566000.0,1567000.0,2615
202607011100,1566000.0,1569000.0,1542000.0,1551000.0,2547
202607011115,1550000.0,1553000.0,1539000.0,1547000.0,1882
202607011130,1547000.0,1575000.0,1538000.0,1570000.0,2069
202607011145,1571000.0,1589000.0,1570000.0,1580000.0,1681
202607011200,1580000.0,1585000.0,1575000.0,1582000.0,1067
202607011215,1582000.0,1585000.0,1565000.0,1574000.0,1373
202607011230,1574000.0,1597000.0,1572000.0,1584000.0,2091
202607011245,1585000.0,1613000.0,1585000.0,1598000.0,3404
202607011300,1599000.0,1619000.0,1599000.0,1604000.0,5161
202607011315,1604000.0,1624000.0,1589000.0,1623000.0,4548
202607011330,1623000.0,1623000.0,1600000.0,1616000.0,2969
202607011345,1615000.0,1620000.0,1561000.0,1601000.0,2681
202607011400,1601000.0,1605000.0,1590000.0,1601000.0,2449
202607011415,1601000.0,1604000.0,1589000.0,1591000.0,1858
202607011430,1591000.0,1599000.0,1582000.0,1583000.0,2245
202607011445,1582000.0,1593000.0,1576000.0,1585000.0,2034
202607011500,1585000.0,1596000.0,1578000.0,1590000.0,1881
202607011515,1585000.0,1595000.0,1585000.0,1590000.0,2459
202607020900,1508000.0,1511000.0,1460000.0,1461000.0,6277
202607020915,1462000.0,1484000.0,1442000.0,1447000.0,5266
202607020930,1447000.0,1448000.0,1408000.0,1411000.0,4844
202607020945,1411000.0,1437000.0,1402000.0,1431000.0,3983
202607021000,1432000.0,1458000.0,1421000.0,1455000.0,2806
202607021015,1456000.0,1508000.0,1455000.0,1506000.0,3998
202607021030,1507000.0,1549000.0,1507000.0,1529000.0,3666
202607021045,1529000.0,1540000.0,1520000.0,1521000.0,2252
202607021100,1521000.0,1531000.0,1520000.0,1528000.0,1357
202607021115,1528000.0,1528000.0,1500000.0,1502000.0,1368
202607021130,1504000.0,1511000.0,1500000.0,1510000.0,1254
202607021145,1511000.0,1518000.0,1495000.0,1515000.0,1111
202607021200,1515000.0,1517000.0,1497000.0,1498000.0,843
202607021215,1498000.0,1502000.0,1485000.0,1486000.0,975
202607021230,1490000.0,1496000.0,1481000.0,1482000.0,1019
202607021245,1481000.0,1483000.0,1475000.0,1481000.0,1172
202607021300,1480000.0,1481000.0,1465000.0,1466000.0,1113
202607021315,1466000.0,1479000.0,1453000.0,1472000.0,2154
202607021330,1472000.0,1476000.0,1451000.0,1452000.0,2284
202607021345,1451000.0,1482000.0,1451000.0,1474000.0,2036
202607021400,1471000.0,1488000.0,1468000.0,1486000.0,2036
202607021415,1485000.0,1489000.0,1472000.0,1475000.0,1837
202607021430,1475000.0,1478000.0,1459000.0,1461000.0,2302
202607021445,1461000.0,1472000.0,1450000.0,1455000.0,3408
202607021500,1456000.0,1462000.0,1430000.0,1436000.0,6063
202607021515,1436000.0,1460000.0,1432000.0,1447000.0,4133
202607030900,1429000.0,1433000.0,1351000.0,1352000.0,6446
202607030915,1352000.0,1360000.0,1333000.0,1333000.0,5568
202607030930,1334000.0,1364000.0,1330000.0,1339000.0,4181
202607030945,1337000.0,1352000.0,1324000.0,1333000.0,4711
202607031000,1335000.0,1382000.0,1326000.0,1377000.0,4575
202607031015,1375000.0,1390000.0,1368000.0,1371000.0,3127
202607031030,1372000.0,1380000.0,1363000.0,1374000.0,2117
202607031045,1374000.0,1388000.0,1369000.0,1385000.0,1618
202607031100,1386000.0,1416000.0,1385000.0,1399000.0,2317
202607031115,1400000.0,1418000.0,1392000.0,1413000.0,1453
202607031130,1410000.0,1415000.0,1368000.0,1414000.0,1766
202607031145,1414000.0,1419000.0,1407000.0,1408000.0,925
202607031200,1407000.0,1411000.0,1396000.0,1406000.0,1282
202607031215,1406000.0,1423000.0,1404000.0,1423000.0,945
202607031230,1422000.0,1423000.0,1399000.0,1401000.0,965
202607031245,1404000.0,1423000.0,1402000.0,1418000.0,1250
202607031300,1418000.0,1434000.0,1416000.0,1430000.0,1486
202607031315,1430000.0,1431000.0,1421000.0,1422000.0,1375
202607031330,1421000.0,1441000.0,1420000.0,1439000.0,1577
202607031345,1440000.0,1453000.0,1407000.0,1435000.0,3788
202607031400,1435000.0,1435000.0,1418000.0,1418000.0,1926
202607031415,1418000.0,1428000.0,1413000.0,1421000.0,2488
202607031430,1423000.0,1433000.0,1413000.0,1415000.0,2487
202607031445,1415000.0,1424000.0,1404000.0,1424000.0,3223
202607031500,1424000.0,1441000.0,1418000.0,1435000.0,2718
202607031515,1434000.0,1440000.0,1433000.0,1433000.0,3259
202607060900,1438000.0,1490000.0,1422000.0,1490000.0,3273
202607060915,1489000.0,1496000.0,1458000.0,1467000.0,2118
202607060930,1469000.0,1503000.0,1467000.0,1498000.0,2271
202607060945,1498000.0,1503000.0,1463000.0,1464000.0,1700
202607061000,1465000.0,1467000.0,1445000.0,1446000.0,1668
202607061015,1445000.0,1458000.0,1416000.0,1427000.0,1617
202607061030,1427000.0,1434000.0,1417000.0,1418000.0,1813
202607061045,1417000.0,1418000.0,1391000.0,1401000.0,2814
202607061100,1402000.0,1410000.0,1376000.0,1382000.0,2345
202607061115,1381000.0,1387000.0,1369000.0,1369000.0,1967
202607061130,1369000.0,1373000.0,1360000.0,1361000.0,1832
202607061145,1361000.0,1371000.0,1356000.0,1366000.0,1788
202607061200,1365000.0,1387000.0,1363000.0,1385000.0,1413
202607061215,1385000.0,1395000.0,1382000.0,1388000.0,1397
202607061230,1388000.0,1392000.0,1381000.0,1382000.0,1302
202607061245,1382000.0,1394000.0,1380000.0,1385000.0,1396
202607061300,1385000.0,1386000.0,1376000.0,1380000.0,1445
202607061315,1381000.0,1410000.0,1379000.0,1410000.0,2136
202607061330,1410000.0,1424000.0,1401000.0,1420000.0,2180
202607061345,1421000.0,1427000.0,1407000.0,1414000.0,2322
202607061400,1415000.0,1424000.0,1404000.0,1413000.0,2857
202607061415,1413000.0,1417000.0,1401000.0,1405000.0,2543
202607061430,1406000.0,1409000.0,1387000.0,1395000.0,2961
202607061445,1395000.0,1418000.0,1390000.0,1417000.0,4190
202607061500,1416000.0,1417000.0,1407000.0,1408000.0,2671
202607061515,1407000.0,1417000.0,1407000.0,1410000.0,3226
202607070900,1396000.0,1407000.0,1364000.0,1374000.0,2733
202607070915,1375000.0,1401000.0,1365000.0,1401000.0,2357
202607070930,1400000.0,1400000.0,1356000.0,1357000.0,3036
202607070945,1357000.0,1374000.0,1350000.0,1369000.0,3227
202607071000,1365000.0,1367000.0,1353000.0,1353000.0,1720
202607071015,1354000.0,1354000.0,1326000.0,1328000.0,3397
202607071030,1328000.0,1350000.0,1317000.0,1346000.0,2752
202607071045,1346000.0,1352000.0,1325000.0,1328000.0,2834
202607071100,1326000.0,1339000.0,1325000.0,1325000.0,1961
202607071115,1327000.0,1330000.0,1317000.0,1317000.0,1887
202607071130,1317000.0,1318000.0,1302000.0,1306000.0,2063
202607071145,1306000.0,1309000.0,1300000.0,1307000.0,2203
202607071200,1309000.0,1313000.0,1300000.0,1301000.0,1931
202607071215,1301000.0,1303000.0,1281000.0,1282000.0,2463
202607071230,1284000.0,1293000.0,1280000.0,1282000.0,2042
202607071245,1282000.0,1286000.0,1274000.0,1282000.0,2891
202607071300,1281000.0,1303000.0,1272000.0,1282000.0,1786
202607071315,1281000.0,1281000.0,1268000.0,1271000.0,3127
202607071330,1271000.0,1277000.0,1256000.0,1257000.0,4315
202607071345,1257500.0,1261000.0,1250000.0,1252000.0,2055
202607071415,1247000.0,1284000.0,1242000.0,1284000.0,8271
202607071430,1285000.0,1306000.0,1271000.0,1301000.0,6058
202607071445,1302000.0,1316000.0,1295000.0,1312000.0,5986
202607071500,1312000.0,1317000.0,1302000.0,1309000.0,3740
202607071515,1310000.0,1320000.0,1306000.0,1320000.0,2899
202607080900,1263000.0,1299000.0,1250000.0,1296000.0,7181
202607080915,1293000.0,1351000.0,1290000.0,1332000.0,7327
202607080930,1331000.0,1335000.0,1301000.0,1316000.0,5739
202607080945,1316000.0,1344000.0,1316000.0,1341000.0,3085
202607081000,1341000.0,1344000.0,1305000.0,1315000.0,3624
202607081015,1315000.0,1320000.0,1294000.0,1300000.0,2802
202607081030,1299000.0,1301000.0,1280000.0,1294000.0,2713
202607081045,1294000.0,1294000.0,1267000.0,1267000.0,2365
202607081100,1268000.0,1271000.0,1253000.0,1259000.0,3958
202607081115,1259000.0,1270000.0,1253000.0,1260000.0,2686
202607081130,1261000.0,1276000.0,1253000.0,1275000.0,1688
202607081145,1275000.0,1281000.0,1264000.0,1278000.0,2078
202607081200,1279000.0,1292000.0,1279000.0,1288000.0,1871
202607081215,1288000.0,1295000.0,1283000.0,1293000.0,1153
202607081230,1294000.0,1295000.0,1281000.0,1281000.0,1123
202607081245,1282000.0,1282000.0,1262000.0,1266500.0,1157
202607081300,1267000.0,1271000.0,1251000.0,1253000.0,2681
202607081315,1253000.0,1264000.0,1249000.0,1251000.0,3064
202607081330,1250000.0,1252000.0,1236000.0,1247000.0,3785
202607081345,1240000.0,1289000.0,1220000.0,1259000.0,4727
202607081400,1258000.0,1266000.0,1231000.0,1259000.0,3474
202607081415,1259000.0,1260000.0,1241000.0,1244000.0,3471
202607081430,1243000.0,1264000.0,1232000.0,1255000.0,5861
202607081445,1254000.0,1266000.0,1249000.0,1263000.0,5597
202607081500,1256000.0,1273000.0,1250000.0,1264000.0,7389
202607081515,1263000.0,1280000.0,1260000.0,1268000.0,6435
202607090900,1254000.0,1288000.0,1247000.0,1284000.0,4446
202607090915,1283000.0,1292000.0,1266000.0,1284000.0,2975
202607090930,1283000.0,1304000.0,1266000.0,1303000.0,4500
202607090945,1303000.0,1318000.0,1283000.0,1297000.0,4010
202607091000,1296000.0,1303000.0,1290000.0,1293000.0,2536
202607091015,1293000.0,1302000.0,1263000.0,1264000.0,2907
202607091030,1265000.0,1271000.0,1244000.0,1255000.0,2608
202607091045,1255000.0,1258000.0,1213000.0,1214000.0,4933
202607091100,1214000.0,1227000.0,1204000.0,1222000.0,4221
202607091115,1221000.0,1230000.0,1215000.0,1220000.0,2433
202607091130,1221000.0,1221000.0,1182000.0,1186000.0,3696
202607091145,1186000.0,1189000.0,1169000.0,1173000.0,4405
202607091200,1173000.0,1179000.0,1163000.0,1167000.0,4145
202607091215,1167000.0,1210000.0,1160000.0,1207000.0,4518
202607091230,1208000.0,1218000.0,1205000.0,1214000.0,3593
202607091245,1214000.0,1225000.0,1213000.0,1218000.0,2819
202607091300,1218000.0,1224000.0,1209000.0,1209000.0,3164
202607091315,1210000.0,1217000.0,1191000.0,1206000.0,3079
202607091330,1207000.0,1215000.0,1198000.0,1201000.0,3270
202607091345,1201000.0,1210000.0,1192000.0,1206000.0,3302
202607091400,1205000.0,1220000.0,1195000.0,1206000.0,4038
202607091415,1207000.0,1207000.0,1191000.0,1191000.0,4764
202607091430,1191000.0,1210000.0,1184000.0,1204000.0,6836
202607091445,1203000.0,1214000.0,1199000.0,1210000.0,6540
202607091500,1212000.0,1212000.0,1190000.0,1197000.0,7882
202607091515,1197000.0,1203000.0,1192000.0,1203000.0,18961
202607100900,1259000.0,1314000.0,1241000.0,1306000.0,5343
202607100915,1306000.0,1349000.0,1301000.0,1339000.0,6208
202607100930,1339000.0,1355000.0,1317000.0,1353000.0,3968
202607100945,1353000.0,1374000.0,1345000.0,1360000.0,5258
202607101000,1360000.0,1406000.0,1359000.0,1402000.0,5227
202607101015,1402000.0,1422000.0,1393000.0,1407000.0,6087
202607101030,1407000.0,1416000.0,1398000.0,1405000.0,3025
202607101045,1404000.0,1411000.0,1397000.0,1397000.0,2985
202607101100,1399000.0,1415000.0,1399000.0,1405000.0,2428
202607101115,1406000.0,1415000.0,1402000.0,1408000.0,2093
202607101130,1407000.0,1422000.0,1407000.0,1421000.0,2281
202607101145,1422000.0,1432000.0,1417000.0,1424000.0,2844
202607101200,1425000.0,1435000.0,1422000.0,1427000.0,3114
202607101215,1428000.0,1433000.0,1411000.0,1414000.0,2779
202607101230,1414000.0,1429000.0,1408000.0,1426000.0,2474
202607101245,1426000.0,1432000.0,1420000.0,1432000.0,3243
202607101300,1432000.0,1445000.0,1430000.0,1440000.0,3251
202607101315,1440000.0,1444000.0,1398000.0,1423000.0,2905
202607101330,1423000.0,1424000.0,1411000.0,1412000.0,2908
202607101345,1411000.0,1418000.0,1397000.0,1401000.0,2587
202607101400,1402000.0,1414000.0,1393000.0,1410000.0,2791
202607101415,1410000.0,1420000.0,1397000.0,1401000.0,3871
202607101430,1401000.0,1405000.0,1388000.0,1396000.0,3256
202607101445,1397000.0,1400000.0,1384000.0,1390000.0,3913
202607101500,1390000.0,1392000.0,1381000.0,1387000.0,5300
202607101515,1387000.0,1388000.0,1381000.0,1382000.0,4172
202607130900,1381000.0,1428000.0,1376000.0,1423000.0,3533
202607130915,1423000.0,1426000.0,1398000.0,1403000.0,3160
202607130930,1404000.0,1409000.0,1379000.0,1393000.0,3454
202607130945,1393000.0,1393000.0,1342000.0,1346000.0,3920
202607131000,1346000.0,1358000.0,1332000.0,1355000.0,3971
202607131015,1353000.0,1354000.0,1325000.0,1332000.0,2970
202607131030,1332000.0,1363000.0,1316000.0,1319000.0,4679
202607131045,1318000.0,1318000.0,1278000.0,1286000.0,5498
202607131100,1286000.0,1302000.0,1271000.0,1300000.0,4859
202607131115,1300000.0,1319000.0,1289000.0,1312000.0,3380
202607131130,1308000.0,1318000.0,1296000.0,1301000.0,3484
202607131145,1300000.0,1307000.0,1292000.0,1296000.0,2066
202607131200,1295000.0,1298000.0,1277000.0,1278000.0,2428
202607131215,1278000.0,1283000.0,1271000.0,1274000.0,3027
202607131230,1274000.0,1278000.0,1260000.0,1269000.0,2869
202607131245,1269000.0,1279000.0,1267000.0,1269000.0,1606
202607131300,1268000.0,1270000.0,1261000.0,1263000.0,2702
202607131315,1263000.0,1268000.0,1257000.0,1260000.0,2040
202607131345,1257000.0,1258000.0,1249000.0,1254000.0,2947
202607131400,1253000.0,1277000.0,1253000.0,1268000.0,4010
202607131415,1267000.0,1268000.0,1238000.0,1239000.0,5936
202607131430,1238000.0,1264000.0,1238000.0,1250000.0,6225
202607131445,1251000.0,1260000.0,1239000.0,1258000.0,6356
202607131500,1258000.0,1261000.0,1223000.0,1226000.0,7009
202607131515,1226000.0,1238000.0,1220000.0,1238000.0,7517
202607140900,1206000.0,1223000.0,1165000.0,1205000.0,6049
202607140915,1205000.0,1209000.0,1190000.0,1209000.0,3418
202607140930,1209000.0,1217000.0,1182000.0,1192000.0,3030
202607140945,1191000.0,1233000.0,1190000.0,1233000.0,2388
202607141000,1233000.0,1268000.0,1223000.0,1234000.0,5015
202607141015,1234000.0,1236000.0,1209000.0,1211000.0,2964
202607141030,1211000.0,1213000.0,1186000.0,1198000.0,3532
202607141045,1198000.0,1204000.0,1175000.0,1178000.0,3104
202607141100,1178000.0,1200000.0,1175000.0,1186000.0,3102
202607141115,1186000.0,1194000.0,1182000.0,1193000.0,2837
202607141130,1193000.0,1210000.0,1175000.0,1199000.0,3219
202607141145,1198000.0,1209000.0,1186000.0,1192000.0,2476
202607141200,1192000.0,1193000.0,1170000.0,1170000.0,2483
202607141215,1170000.0,1189000.0,1160000.0,1187000.0,3172
202607141230,1188000.0,1199000.0,1179000.0,1187000.0,2745
202607141245,1188000.0,1204000.0,1187000.0,1199000.0,2260
202607141300,1199000.0,1207000.0,1183000.0,1189000.0,2419
202607141315,1189000.0,1211000.0,1187000.0,1206000.0,2540
202607141330,1207000.0,1216000.0,1204000.0,1210000.0,2461
202607141345,1212000.0,1220000.0,1209000.0,1213000.0,2413
202607141400,1212000.0,1228000.0,1210000.0,1221000.0,3164
202607141415,1221000.0,1238000.0,1219000.0,1237000.0,2619
202607141430,1237000.0,1241000.0,1220000.0,1225000.0,3717
202607141445,1225000.0,1228000.0,1212000.0,1222000.0,2777
202607141500,1221000.0,1225000.0,1211000.0,1220000.0,2275
202607141515,1220000.0,1222000.0,1207000.0,1217000.0,3704
202607150900,1310000.0,1389000.0,1290000.0,1310000.0,4834
202607150915,1310000.0,1320000.0,1293000.0,1314000.0,3471
202607150930,1314000.0,1316000.0,1285000.0,1293000.0,3025
202607150945,1293000.0,1320000.0,1292000.0,1306000.0,3599
202607151000,1306000.0,1306000.0,1276000.0,1289000.0,4186
202607151015,1288000.0,1300000.0,1285000.0,1299000.0,1602
202607151030,1299000.0,1303000.0,1277000.0,1285000.0,2099
202607151045,1286000.0,1299000.0,1280000.0,1298000.0,1114
202607151100,1299000.0,1305000.0,1296000.0,1299000.0,1360
202607151115,1300000.0,1302000.0,1289000.0,1296000.0,1346
202607151130,1293000.0,1301000.0,1291000.0,1299000.0,1066
202607151145,1300000.0,1301000.0,1290000.0,1290000.0,1811
202607151200,1291000.0,1295000.0,1290000.0,1292000.0,851
202607151215,1292000.0,1297000.0,1291000.0,1294000.0,1147
202607151230,1294000.0,1298000.0,1286000.0,1286000.0,1608
202607151245,1287000.0,1292000.0,1286000.0,1291000.0,1386
202607151300,1292000.0,1298000.0,1291000.0,1291000.0,1261
202607151315,1292000.0,1300000.0,1286000.0,1290000.0,1911
202607151330,1291000.0,1293000.0,1285000.0,1286000.0,1747
202607151345,1285000.0,1290000.0,1282000.0,1288000.0,1685
202607151400,1288000.0,1288000.0,1270000.0,1274000.0,3798
202607151415,1274000.0,1285000.0,1265000.0,1268000.0,2451
202607151430,1267000.0,1279000.0,1265000.0,1275000.0,2369
202607151445,1274000.0,1295000.0,1271000.0,1291000.0,2790
202607151500,1291000.0,1296000.0,1286000.0,1287000.0,3233
202607151515,1288000.0,1289000.0,1285000.0,1289000.0,4139
202607160900,1265000.0,1265000.0,1227000.0,1229000.0,2891
202607160915,1229000.0,1241000.0,1220000.0,1239000.0,1732
202607160930,1240000.0,1240000.0,1200000.0,1210000.0,1819
202607160945,1210000.0,1214000.0,1199000.0,1206000.0,2453
202607161000,1206000.0,1214000.0,1190000.0,1197000.0,1540
202607161015,1198000.0,1203000.0,1190000.0,1201000.0,1341
202607161030,1202000.0,1209000.0,1190000.0,1194000.0,1312
202607161045,1195000.0,1211000.0,1192000.0,1193000.0,1315
202607161100,1193000.0,1198000.0,1184000.0,1193000.0,1926
202607161115,1194000.0,1211000.0,1185000.0,1208000.0,1185
202607161130,1208000.0,1211000.0,1199000.0,1202000.0,1180
202607161145,1202000.0,1220000.0,1199000.0,1203000.0,1423
202607161200,1206000.0,1216000.0,1203000.0,1211000.0,1035
202607161215,1211000.0,1214000.0,1201000.0,1207000.0,1178
202607161230,1207000.0,1216000.0,1206000.0,1207000.0,1192
202607161245,1206000.0,1217000.0,1206000.0,1216000.0,921
202607161300,1216000.0,1223000.0,1211000.0,1219000.0,1039
202607161315,1218000.0,1219000.0,1201000.0,1202000.0,1078
202607161330,1203000.0,1209000.0,1201000.0,1202000.0,982
202607161345,1203000.0,1206000.0,1200000.0,1202000.0,955
202607161400,1202000.0,1229000.0,1200000.0,1226000.0,1572
202607161415,1226000.0,1239000.0,1221000.0,1229000.0,1877
202607161430,1227000.0,1230000.0,1202000.0,1203000.0,1971
202607161445,1203000.0,1212000.0,1201000.0,1208000.0,1778
202607161500,1208000.0,1211000.0,1198000.0,1203000.0,1913
202607161515,1204000.0,1212000.0,1196000.0,1202000.0,5273
202607200900,1144000.0,1183000.0,1135000.0,1174000.0,2630
202607200915,1175000.0,1181000.0,1160000.0,1161000.0,2573
202607200930,1161000.0,1183000.0,1151000.0,1165000.0,2800
202607200945,1166000.0,1171000.0,1150000.0,1156000.0,2532
202607201000,1156000.0,1164000.0,1135000.0,1135000.0,5120
202607201015,1135000.0,1150000.0,1131000.0,1131000.0,3024
202607201030,1132000.0,1133000.0,1119000.0,1119000.0,3698
202607201045,1120000.0,1126000.0,1101000.0,1125000.0,4290
202607201100,1125000.0,1138000.0,1116000.0,1118000.0,2632
202607201115,1117000.0,1118000.0,1105000.0,1114000.0,2320
202607201130,1115000.0,1130000.0,1114000.0,1127000.0,2329
202607201145,1126000.0,1133000.0,1119000.0,1125000.0,1812
202607201200,1125000.0,1125000.0,1112000.0,1122000.0,1882
202607201215,1123000.0,1123000.0,1114000.0,1120000.0,1541
202607201230,1119000.0,1121000.0,1112000.0,1117000.0,1904
202607201245,1116000.0,1132000.0,1113000.0,1123000.0,2232
202607201300,1123000.0,1124000.0,1105000.0,1106000.0,2518
202607201315,1105000.0,1118000.0,1103000.0,1117000.0,2776
202607201330,1116000.0,1132000.0,1115000.0,1128000.0,3072
202607201345,1127000.0,1136000.0,1122000.0,1124000.0,2369
202607201400,1124000.0,1126000.0,1110000.0,1119000.0,2551
202607201415,1120000.0,1120000.0,1110000.0,1112000.0,2674
202607201430,1112000.0,1117000.0,1109000.0,1114000.0,2933
202607201445,1113000.0,1126000.0,1111000.0,1115000.0,3269
202607201500,1116000.0,1122000.0,1112000.0,1122000.0,2732
202607201515,1124000.0,1124000.0,1117000.0,1119000.0,4974
202607210900,1099000.0,1113000.0,1066000.0,1078000.0,3519
202607210915,1079000.0,1099000.0,1077000.0,1087000.0,1428
202607210930,1086000.0,1105000.0,1081000.0,1097000.0,1308
202607210945,1096000.0,1104000.0,1082000.0,1086000.0,1334
202607211000,1086000.0,1185000.0,1082000.0,1185000.0,3889
202607211015,1157000.0,1157000.0,1110000.0,1120000.0,3484
202607211030,1120000.0,1128000.0,1116000.0,1119000.0,1621
202607211045,1119000.0,1127000.0,1107000.0,1111000.0,1642
202607211100,1111000.0,1119000.0,1095000.0,1101000.0,1164
202607211115,1101000.0,1106000.0,1094000.0,1105000.0,941
202607211130,1105000.0,1113000.0,1102000.0,1111000.0,921
202607211145,1111000.0,1122000.0,1110000.0,1122000.0,1146
202607211200,1122000.0,1135000.0,1121000.0,1134000.0,1127
202607211215,1134000.0,1139000.0,1129000.0,1129000.0,1115
202607211230,1130000.0,1137000.0,1127000.0,1130000.0,793
202607211245,1129000.0,1147000.0,1127000.0,1144000.0,1595
202607211300,1144000.0,1147000.0,1139000.0,1145000.0,1650
202607211315,1145000.0,1152000.0,1139000.0,1139000.0,1439
202607211330,1139000.0,1140000.0,1127000.0,1128000.0,2184
202607211345,1129000.0,1130000.0,1119000.0,1122000.0,1546
202607211400,1121000.0,1123000.0,1113000.0,1113000.0,1238
202607211415,1114000.0,1122000.0,1105000.0,1116000.0,1955
202607211430,1116000.0,1121000.0,1109000.0,1119000.0,2334
202607211445,1119000.0,1125000.0,1116000.0,1119000.0,2469
202607211500,1119000.0,1129000.0,1118000.0,1126000.0,2092
202607211515,1125000.0,1131000.0,1122000.0,1123000.0,3296
202607220900,1185000.0,1277000.0,1185000.0,1269000.0,9086
202607220915,1269000.0,1290000.0,1267000.0,1285000.0,8901
202607220930,1285000.0,1296000.0,1273000.0,1292000.0,6620
202607220945,1292000.0,1307000.0,1285000.0,1304000.0,6397
202607221000,1305000.0,1313000.0,1297000.0,1313000.0,6348
202607221015,1315000.0,1320000.0,1292000.0,1293000.0,6924
202607221030,1295000.0,1309000.0,1289000.0,1304000.0,3735
202607221045,1304000.0,1318000.0,1292000.0,1306000.0,4647
202607221100,1303000.0,1306000.0,1285000.0,1289000.0,2602
202607221115,1287000.0,1296000.0,1286000.0,1286000.0,2146
202607221130,1286000.0,1291000.0,1279000.0,1281000.0,2007
202607221145,1280000.0,1285000.0,1277000.0,1281000.0,1801
202607221200,1281000.0,1285000.0,1263000.0,1266000.0,2327
202607221215,1266000.0,1300000.0,1266000.0,1278000.0,3385
202607221230,1278000.0,1284000.0,1277000.0,1281000.0,1871
202607221245,1280000.0,1285000.0,1270000.0,1274000.0,1862
202607221300,1274000.0,1288000.0,1270000.0,1286000.0,1381
202607221315,1286000.0,1287000.0,1270000.0,1279000.0,2403
202607221330,1279000.0,1279000.0,1270000.0,1272000.0,1575
202607221345,1273000.0,1273000.0,1258000.0,1260000.0,2218
202607221400,1260000.0,1261000.0,1234000.0,1236000.0,3101
202607221415,1233000.0,1244000.0,1225000.0,1242000.0,2590
202607221430,1243000.0,1248000.0,1230000.0,1233000.0,3587
202607221445,1233000.0,1240000.0,1216500.0,1219000.0,3907
202607221500,1217000.0,1224000.0,1207000.0,1208000.0,5280
202607221515,1208000.0,1223000.0,1204000.0,1215000.0,3259
202607230900,1269000.0,1317000.0,1269000.0,1303000.0,5472
202607230915,1302000.0,1305000.0,1271000.0,1277000.0,3723
202607230930,1277000.0,1283000.0,1266000.0,1277000.0,2412
202607230945,1277000.0,1281000.0,1257000.0,1259000.0,2232
202607231000,1258000.0,1275000.0,1258000.0,1269000.0,1274
202607231015,1268000.0,1270000.0,1250000.0,1252000.0,1332
202607231030,1252000.0,1263000.0,1251000.0,1255000.0,1055
202607231045,1256000.0,1258000.0,1232000.0,1232000.0,2734
202607231100,1238000.0,1256000.0,1233000.0,1247000.0,1370
202607231115,1246000.0,1250000.0,1233000.0,1239000.0,1073
202607231130,1241000.0,1249000.0,1235000.0,1249000.0,901
202607231145,1246000.0,1256000.0,1244000.0,1252000.0,791
202607231200,1251000.0,1251500.0,1240000.0,1242000.0,699
202607231215,1240000.0,1251000.0,1240000.0,1249000.0,570
202607231230,1250000.0,1255000.0,1245000.0,1254000.0,631
202607231245,1254000.0,1261000.0,1253000.0,1258000.0,702
202607231300,1258000.0,1263000.0,1253000.0,1263000.0,823
202607231315,1264000.0,1283000.0,1256000.0,1277000.0,1771
202607231330,1281000.0,1281000.0,1265000.0,1270000.0,1289
202607231345,1273000.0,1275000.0,1266000.0,1270000.0,1031
202607231400,1270000.0,1272000.0,1265000.0,1267000.0,1001
202607231415,1268000.0,1281000.0,1265000.0,1279000.0,1353
202607231430,1280000.0,1285000.0,1279000.0,1284000.0,1546
202607231445,1284000.0,1284000.0,1273000.0,1279000.0,1976
202607231500,1279000.0,1282000.0,1273000.0,1281000.0,2265
202607231515,1281000.0,1283000.0,1273000.0,1276000.0,3609
202607240900,1266000.0,1279000.0,1251000.0,1259000.0,2133
202607240915,1259000.0,1260000.0,1242000.0,1248000.0,2229
202607240930,1248000.0,1249000.0,1229000.0,1232000.0,2053
202607240945,1233000.0,1244000.0,1226000.0,1239000.0,1399
202607241000,1239000.0,1266000.0,1237000.0,1237000.0,2067
202607241015,1237000.0,1266000.0,1237000.0,1243000.0,2161
202607241030,1243000.0,1252000.0,1238000.0,1245000.0,1192
202607241045,1245000.0,1246000.0,1227000.0,1227000.0,1661
202607241100,1227000.0,1228000.0,1215000.0,1215000.0,1650
202607241115,1216000.0,1218000.0,1205000.0,1207000.0,1640
202607241130,1207000.0,1212500.0,1193000.0,1193000.0,1258
202607241145,1193000.0,1193000.0,1182000.0,1187000.0,1363
202607241200,1187000.0,1196000.0,1185000.0,1194000.0,1105
202607241215,1194000.0,1202000.0,1189000.0,1194000.0,1297
202607241230,1193000.0,1202000.0,1189000.0,1196000.0,1132
202607241245,1196000.0,1200000.0,1185000.0,1185000.0,1097
202607241300,1187000.0,1198000.0,1182000.0,1184000.0,1935
202607241315,1185000.0,1203000.0,1184000.0,1196000.0,1559
202607241330,1196000.0,1199000.0,1187000.0,1191000.0,1275
202607241345,1190000.0,1199000.0,1183000.0,1195000.0,1606
202607241400,1195000.0,1214000.0,1188000.0,1208000.0,1951
202607241415,1207000.0,1209000.0,1186000.0,1198000.0,3255
202607241430,1198000.0,1204000.0,1192000.0,1198000.0,1732
202607241445,1197000.0,1202000.0,1190000.0,1192000.0,1842
202607241500,1193000.0,1193000.0,1183000.0,1187000.0,2351
202607241515,1188000.0,1194000.0,1185000.0,1191000.0,2966
202607270900,1206000.0,1214000.0,1172000.0,1198000.0,3111
202607270915,1199000.0,1235000.0,1197000.0,1229000.0,2718
202607270930,1229000.0,1230000.0,1210000.0,1218000.0,3141
202607270945,1217000.0,1232000.0,1201000.0,1209000.0,2090
202607271000,1209000.0,1212000.0,1184000.0,1187000.0,1792
202607271015,1190000.0,1193000.0,1177000.0,1189000.0,1588
202607271030,1190000.0,1206000.0,1187000.0,1195000.0,1469
202607271045,1195000.0,1207000.0,1187000.0,1193000.0,1046
202607271100,1196000.0,1199000.0,1183000.0,1190000.0,925
202607271115,1190000.0,1193000.0,1180000.0,1181000.0,911
202607271130,1181000.0,1195000.0,1179000.0,1189000.0,737
202607271145,1188000.0,1190000.0,1179000.0,1188000.0,472
202607271200,1188000.0,1190000.0,1175000.0,1188000.0,645
202607271215,1188000.0,1194000.0,1174000.0,1174000.0,580
202607271230,1175000.0,1179000.0,1172000.0,1172000.0,587
202607271245,1173000.0,1177000.0,1166000.0,1177000.0,557
202607271300,1177000.0,1182000.0,1170000.0,1178000.0,764
202607271315,1176000.0,1190000.0,1176000.0,1182000.0,738
202607271330,1180000.0,1193000.0,1176000.0,1185000.0,904
202607271345,1186000.0,1191000.0,1166000.0,1189000.0,892
202607271400,1190000.0,1202000.0,1188000.0,1196000.0,771
202607271415,1197000.0,1205000.0,1191000.0,1202000.0,879
202607271430,1203000.0,1204000.0,1195000.0,1199000.0,787
202607271445,1200000.0,1202000.0,1194000.0,1196000.0,1126
202607271500,1197000.0,1203000.0,1191000.0,1197000.0,2378
202607271515,1197000.0,1203000.0,1195000.0,1197000.0,2162
202607280900,1124000.0,1196000.0,1121000.0,1151000.0,5511
202607280915,1151000.0,1156000.0,1107000.0,1107000.0,3803
202607280930,1107000.0,1119000.0,1096000.0,1105000.0,3133
202607280945,1105000.0,1116000.0,1100000.0,1102000.0,2444
202607281000,1102000.0,1102000.0,1081000.0,1082000.0,2473
202607281030,1076000.0,1085000.0,1071000.0,1081000.0,1900
202607281045,1080000.0,1091000.0,1066000.0,1068000.0,4101
202607281100,1069000.0,1075000.0,1056000.0,1059000.0,2838
202607281115,1060000.0,1080000.0,1056000.0,1064000.0,2040
202607281130,1064000.0,1064000.0,1051000.0,1052000.0,1458
202607281145,1052000.0,1063000.0,1050000.0,1052000.0,1996
202607281200,1051000.0,1052000.0,1038000.0,1044000.0,1873
202607281215,1046000.0,1059000.0,1040000.0,1042000.0,1996
202607281230,1042000.0,1054000.0,1038000.0,1045000.0,3349
202607281245,1045000.0,1050000.0,1039000.0,1041000.0,2225
202607281300,1040000.0,1044000.0,1032000.0,1039000.0,2066
202607281315,1038000.0,1042000.0,1030000.0,1030000.0,2301
202607281330,1033000.0,1043000.0,1030000.0,1039000.0,2928
202607281345,1038000.0,1047000.0,1032000.0,1044000.0,2871
202607281400,1045000.0,1049000.0,1035000.0,1036000.0,3179
202607281415,1035000.0,1038000.0,1027000.0,1028000.0,2749
202607281430,1028000.0,1039000.0,1023000.0,1038000.0,3501
202607281445,1036000.0,1048000.0,1032000.0,1042000.0,4682
202607281500,1042000.0,1046000.0,1027000.0,1043000.0,5073
202607281515,1038000.0,1061000.0,1037000.0,1046000.0,9165
202607290900,1076000.0,1123000.0,1076000.0,1103000.0,5375
202607290915,1103000.0,1128000.0,1080000.0,1082000.0,6088
202607290930,1083000.0,1095000.0,1075000.0,1092000.0,4240
202607290945,1092000.0,1095000.0,1075000.0,1079000.0,2073
202607291000,1078000.0,1090000.0,1050000.0,1054000.0,2310
202607291015,1054000.0,1079000.0,1042000.0,1066000.0,3223
202607291030,1065000.0,1068000.0,1031000.0,1031000.0,3995
202607291045,1031000.0,1033000.0,1003000.0,1005000.0,3912
202607291100,1006000.0,1026000.0,1004000.0,1006000.0,3006
202607291115,1006000.0,1020000.0,998000.0,1018000.0,2854
202607291130,1016000.0,1017000.0,990000.0,991000.0,2518
202607291145,992000.0,992000.0,977000.0,980000.0,2470
202607291200,980000.0,1000000.0,951000.0,953000.0,3850
202607291215,960000.0,969000.0,947000.0,951000.0,3269
202607291230,951000.0,953000.0,947000.0,949000.0,226
202607291300,948000.0,953000.0,925000.0,931000.0,5667
202607291315,931000.0,938000.0,914000.0,924000.0,4939
202607291330,924000.0,935000.0,910000.0,916000.0,4802
202607291345,916000.0,948000.0,910000.0,944000.0,3468
202607291400,944000.0,989000.0,940000.0,972000.0,3267
202607291415,971000.0,999000.0,958000.0,985000.0,3242
202607291430,985000.0,996000.0,981000.0,981000.0,3193
202607291445,981000.0,989000.0,977000.0,979000.0,3550
202607291500,979000.0,993000.0,970000.0,991000.0,3058
202607291515,991000.0,999000.0,988000.0,999000.0,4305
202607300900,1006000.0,1008000.0,967000.0,999000.0,5070
202607300915,995000.0,1008000.0,985000.0,991000.0,3872
202607300930,991000.0,992000.0,959000.0,972000.0,3465
202607300945,972000.0,993000.0,951000.0,993000.0,3726
202607301000,979000.0,996000.0,955000.0,963000.0,4571
202607301015,962000.0,998000.0,955000.0,988000.0,4304
202607301030,988000.0,1022000.0,987000.0,1001000.0,5995
202607301045,1003000.0,1027000.0,998000.0,1006000.0,6044
202607301100,1006000.0,1008000.0,971000.0,1003000.0,4574
202607301115,968000.0,994000.0,956000.0,958000.0,4040
202607301130,958000.0,968000.0,941000.0,945000.0,5261
202607301145,946000.0,954000.0,932000.0,933000.0,4760
202607301200,933000.0,950000.0,923000.0,924000.0,3580
202607301215,924000.0,927000.0,914000.0,917000.0,2977
202607301230,916000.0,923000.0,907000.0,918000.0,3185
202607301245,918000.0,927000.0,912000.0,912000.0,2476
202607301300,913000.0,922000.0,906000.0,907000.0,2286
202607301315,906000.0,923000.0,897000.0,923000.0,3408
202607301330,923000.0,928000.0,906000.0,909000.0,2519
202607301345,909000.0,916000.0,896000.0,908000.0,3691
202607301400,907000.0,911000.0,896000.0,907000.0,2998
202607301415,907000.0,918000.0,897000.0,899000.0,3836
202607301430,899000.0,913000.0,896000.0,911000.0,3985
202607301445,911000.0,914000.0,889000.0,893000.0,5919
202607301500,893000.0,909000.0,890000.0,894000.0,5804
202607301515,894000.0,896000.0,890000.0,891000.0,776
202607310900,1070000.0,1116000.0,1062000.0,1115000.0,16107
202607310915,1116000.0,1150000.0,1102000.0,1130000.0,7785
202607310930,1131000.0,1143000.0,1125000.0,1137000.0,7068
202607310945,1136000.0,1152000.0,1116000.0,1149000.0,7359
202607311000,1149000.0,1157000.0,1142000.0,1154000.0,5108
202607311015,1154000.0,1160000.0,1136000.0,1143000.0,7754
202607311030,1144000.0,1149000.0,1113000.0,1124000.0,5977
202607311045,1124000.0,1144000.0,1119000.0,1144000.0,3767
202607311100,1143000.0,1170000.0,1121000.0,1122000.0,6583
202607311115,1123000.0,1129000.0,1114000.0,1123000.0,2841
202607311130,1122000.0,1124000.0,1117000.0,1124000.0,1765
202607311145,1123000.0,1158000.0,1118000.0,1118000.0,2763
202607311200,1118000.0,1120000.0,1109000.0,1112000.0,2706
202607311215,1113000.0,1133000.0,1111000.0,1126000.0,3183
202607311230,1126000.0,1129000.0,1119000.0,1119500.0,1980
202607311245,1119500.0,1124000.0,1114000.0,1114000.0,1983
202607311300,1114000.0,1139000.0,1113000.0,1129000.0,2667
202607311315,1130000.0,1139000.0,1126000.0,1134000.0,2203
202607311330,1134000.0,1150000.0,1126000.0,1150000.0,3004
202607311345,1150000.0,1158000.0,1144000.0,1152000.0,5625
202607311400,1152000.0,1156000.0,1147000.0,1150000.0,4072
202607311415,1149000.0,1168000.0,1148000.0,1150000.0,4833
202607311430,1154000.0,1161000.0,1141000.0,1151000.0,4369
202607311445,1151000.0,1170000.0,1150000.0,1166000.0,9907
202607311500,1166000.0,1170000.0,1155000.0,1165000.0,8109
202607311515,1169000.0,1170000.0,1161000.0,1170000.0,5109
202608030900,1188000.0,1234000.0,1156000.0,1198000.0,12811
202608030915,1196000.0,1226000.0,1185000.0,1214000.0,7590
202608030930,1214000.0,1231000.0,1209000.0,1229000.0,6591
202608030945,1229000.0,1270000.0,1228000.0,1245000.0,11269
202608031000,1242000.0,1248000.0,1208000.0,1210000.0,4867
202608031015,1211000.0,1224000.0,1201000.0,1217000.0,4355
202608031030,1217000.0,1225000.0,1203000.0,1217000.0,3326
202608031045,1215000.0,1228000.0,1209000.0,1222000.0,2686
202608031100,1221000.0,1245000.0,1218000.0,1241000.0,3076
202608031115,1241000.0,1243000.0,1218000.0,1221000.0,2893
202608031130,1221000.0,1234000.0,1218000.0,1229000.0,2047
202608031145,1229000.0,1238000.0,1224000.0,1225000.0,2127
202608031200,1226000.0,1228000.0,1220000.0,1225000.0,2052
202608031215,1224000.0,1225000.0,1216000.0,1222000.0,1883
202608031230,1222000.0,1232000.0,1220000.0,1225000.0,1506
202608031245,1225000.0,1234000.0,1221000.0,1223000.0,1748
202608031300,1224000.0,1226000.0,1216000.0,1217000.0,2212
202608031315,1217000.0,1231000.0,1215000.0,1231000.0,2084
202608031330,1229000.0,1240000.0,1227000.0,1234000.0,3249
202608031345,1234000.0,1236000.0,1220000.0,1232000.0,3709
202608031400,1232000.0,1233000.0,1209000.0,1210000.0,3412
202608031415,1211000.0,1219000.0,1205000.0,1218000.0,3220
202608031430,1219000.0,1224000.0,1214000.0,1219000.0,3409
202608031445,1219000.0,1229000.0,1216000.0,1223000.0,5187
202608031500,1223000.0,1228000.0,1219000.0,1228000.0,5371
202608031515,1228000.0,1238000.0,1227000.0,1238000.0,6985
202608040900,1281000.0,1285000.0,1193000.0,1203000.0,6490
202608040915,1204000.0,1224000.0,1185000.0,1199000.0,4441
202608040930,1203000.0,1204000.0,1177000.0,1184000.0,3424
202608040945,1183000.0,1189000.0,1161000.0,1163000.0,3209
202608041000,1164000.0,1189000.0,1164000.0,1183000.0,3155
202608041015,1183000.0,1202000.0,1171000.0,1201000.0,2374
202608041030,1201000.0,1211000.0,1195000.0,1205000.0,2254
202608041045,1207000.0,1234000.0,1205000.0,1222000.0,4272
202608041100,1222000.0,1222000.0,1196000.0,1196000.0,1889
202608041115,1196000.0,1202000.0,1194000.0,1197000.0,1926
202608041130,1198000.0,1219000.0,1197000.0,1215000.0,2193
202608041145,1215000.0,1219000.0,1208000.0,1219000.0,967
202608041200,1219000.0,1219000.0,1198000.0,1198000.0,1471
202608041215,1200000.0,1214000.0,1197000.0,1210000.0,1211
202608041230,1211000.0,1215000.0,1206000.0,1208000.0,1052
202608041245,1208000.0,1218000.0,1206000.0,1216000.0,1025
202608041300,1217000.0,1221000.0,1207000.0,1220000.0,1804
202608041315,1219000.0,1232000.0,1218000.0,1231000.0,1592
202608041330,1231000.0,1233000.0,1219000.0,1225000.0,1131
202608041345,1226000.0,1230000.0,1219000.0,1227000.0,1778
202608041400,1227000.0,1243000.0,1221000.0,1233000.0,3220
202608041415,1234000.0,1248000.0,1228000.0,1247000.0,2556
202608041430,1246000.0,1275000.0,1246000.0,1261000.0,4056
202608041445,1261000.0,1268000.0,1255000.0,1262000.0,3884
202608041500,1262000.0,1275000.0,1260000.0,1274000.0,4412
202608041515,1274000.0,1281000.0,1271000.0,1274000.0,3157
202608050900,1343000.0,1347000.0,1286000.0,1297000.0,6734
202608050915,1297000.0,1320000.0,1296000.0,1306000.0,2985
202608050930,1305000.0,1306000.0,1274000.0,1276000.0,4759
202608050945,1276000.0,1282000.0,1257000.0,1272000.0,4618
202608051000,1272000.0,1282000.0,1259000.0,1275000.0,3907
202608051015,1275000.0,1276000.0,1257000.0,1269000.0,3033
202608051030,1268000.0,1278000.0,1265000.0,1274000.0,1950
202608051045,1274000.0,1279000.0,1271000.0,1276000.0,2134
202608051100,1277000.0,1280000.0,1266000.0,1266000.0,1988
202608051115,1268000.0,1272000.0,1259000.0,1261000.0,2527
202608051130,1260000.0,1261000.0,1250000.0,1250000.0,2661
202608051145,1251000.0,1260000.0,1250000.0,1257000.0,2959
202608051200,1257000.0,1263000.0,1255000.0,1259000.0,1822
202608051215,1259000.0,1260000.0,1255000.0,1256000.0,1575
202608051230,1256000.0,1259000.0,1254000.0,1255000.0,1283
202608051245,1256000.0,1270000.0,1255000.0,1259000.0,3641
202608051300,1259000.0,1268000.0,1259000.0,1260000.0,2008
202608051315,1261000.0,1264000.0,1253000.0,1256000.0,2027
202608051330,1256000.0,1275000.0,1256000.0,1274000.0,3773
202608051345,1274000.0,1275000.0,1265000.0,1269000.0,1962
202608051400,1269000.0,1273000.0,1261000.0,1273000.0,2190
202608051415,1272000.0,1274000.0,1269000.0,1273000.0,2127
202608051430,1273000.0,1274000.0,1262000.0,1262000.0,2898
202608051445,1263000.0,1270000.0,1261000.0,1268000.0,2630
202608051500,1268000.0,1269000.0,1264000.0,1265000.0,2113
202608051515,1265000.0,1266000.0,1260000.0,1260000.0,5463
202608060900,1236000.0,1265000.0,1225000.0,1254000.0,3088
202608060915,1254000.0,1267000.0,1222000.0,1230000.0,2630
202608060930,1230000.0,1239000.0,1222000.0,1223000.0,1766
202608060945,1223000.0,1223000.0,1182000.0,1183000.0,4975
202608061000,1183000.0,1189000.0,1174000.0,1175000.0,3025
202608061015,1174000.0,1178000.0,1149000.0,1162000.0,3181
202608061030,1161000.0,1174000.0,1158000.0,1162000.0,2778
202608061045,1160000.0,1176000.0,1160000.0,1173000.0,1605
202608061100,1173000.0,1180000.0,1170000.0,1179000.0,1027
202608061115,1177000.0,1187000.0,1176000.0,1185000.0,928
202608061130,1185000.0,1200000.0,1185000.0,1193000.0,1632
202608061145,1193000.0,1195000.0,1188000.0,1193000.0,867
202608061200,1192000.0,1200000.0,1190000.0,1198000.0,1220
202608061215,1198000.0,1199000.0,1190000.0,1195000.0,847
202608061230,1193000.0,1202000.0,1189000.0,1197000.0,974
202608061245,1198000.0,1202000.0,1193000.0,1194000.0,945
202608061300,1194000.0,1198000.0,1187000.0,1194000.0,726
202608061315,1194500.0,1205000.0,1192000.0,1201000.0,1503
202608061330,1201000.0,1201000.0,1180000.0,1187000.0,1791
202608061345,1186000.0,1199000.0,1186000.0,1193000.0,1248
202608061400,1194000.0,1206000.0,1190000.0,1194000.0,1416
202608061415,1195000.0,1203000.0,1191000.0,1191000.0,1586
202608061430,1190000.0,1191000.0,1180000.0,1186000.0,2284
202608061445,1186000.0,1191000.0,1174000.0,1184000.0,2712
202608061500,1184000.0,1194000.0,1181000.0,1186000.0,1825
202608061515,1186000.0,1189000.0,1182000.0,1188000.0,3669
202608070900,1200000.0,1225000.0,1182000.0,1182000.0,2922
202608070915,1182000.0,1189000.0,1171000.0,1182000.0,2540
202608070930,1183000.0,1197000.0,1179000.0,1195000.0,2853
202608070945,1196000.0,1203000.0,1186000.0,1203000.0,1441
202608071000,1201000.0,1201000.0,1176000.0,1180000.0,1273
202608071015,1180000.0,1181000.0,1160000.0,1178000.0,2483
202608071030,1177000.0,1182000.0,1151000.0,1172000.0,1889
202608071045,1171000.0,1173000.0,1158000.0,1170000.0,1214
202608071100,1170000.0,1179000.0,1161000.0,1172000.0,1971
202608071115,1173000.0,1177000.0,1163000.0,1164000.0,1339
202608071130,1164000.0,1170000.0,1162000.0,1166000.0,1390
202608071145,1166000.0,1178000.0,1165000.0,1178000.0,1295
202608071200,1178000.0,1186000.0,1177000.0,1179000.0,995
202608071215,1178000.0,1184000.0,1174000.0,1183000.0,611
202608071230,1183000.0,1187000.0,1182000.0,1182000.0,664
202608071245,1182000.0,1187000.0,1176000.0,1176000.0,583
202608071300,1177000.0,1186000.0,1173000.0,1180000.0,809
202608071315,1180000.0,1186000.0,1172000.0,1176000.0,1331
202608071330,1177000.0,1178000.0,1170000.0,1171000.0,1304
202608071345,1171000.0,1173000.0,1164000.0,1172000.0,1371
202608071400,1171000.0,1181000.0,1171000.0,1179000.0,1655
202608071415,1180000.0,1187000.0,1179000.0,1180000.0,2108
202608071430,1184000.0,1185000.0,1179000.0,1182000.0,1486
202608071445,1182000.0,1191000.0,1181000.0,1189000.0,2218
202608071500,1189500.0,1194000.0,1185000.0,1191000.0,2759
202608071515,1191000.0,1197000.0,1189000.0,1191000.0,2904
202608100900,1224000.0,1226000.0,1201000.0,1208000.0,2785
202608100915,1207000.0,1251000.0,1203000.0,1247000.0,2991
202608100930,1248000.0,1253000.0,1223000.0,1225000.0,2007
202608100945,1225000.0,1243000.0,1225000.0,1227000.0,1393
202608101000,1227000.0,1234000.0,1216500.0,1234000.0,1345
202608101015,1235000.0,1237000.0,1220000.0,1220000.0,769
202608101030,1221000.0,1223000.0,1210000.0,1212000.0,1118
202608101045,1212000.0,1234000.0,1210000.0,1213000.0,1507
202608101100,1213000.0,1230000.0,1210000.0,1217000.0,959
202608101115,1218000.0,1220000.0,1211000.0,1216000.0,959
202608101130,1216000.0,1226000.0,1211000.0,1226000.0,954
202608101145,1226000.0,1232000.0,1221000.0,1230000.0,895
202608101200,1230000.0,1230000.0,1220000.0,1222000.0,761
202608101215,1222000.0,1226000.0,1218000.0,1218000.0,537
202608101230,1218000.0,1229000.0,1217000.0,1225000.0,1995
202608101245,1224000.0,1230000.0,1220000.0,1227000.0,668
202608101300,1230000.0,1231000.0,1224000.0,1224000.0,664
202608101315,1224000.0,1232000.0,1217000.0,1217000.0,2871
202608101330,1219000.0,1220000.0,1206000.0,1212000.0,3386
202608101345,1212000.0,1215000.0,1207000.0,1211000.0,1367
202608101400,1212000.0,1230000.0,1212000.0,1229000.0,1152
202608101415,1229000.0,1230000.0,1220000.0,1225000.0,1164
202608101430,1226000.0,1227000.0,1221000.0,1223000.0,1577
202608101445,1223000.0,1230000.0,1220000.0,1225000.0,1403
202608101500,1225000.0,1239000.0,1223000.0,1233000.0,1677
202608101515,1231000.0,1237000.0,1231000.0,1233000.0,3149
202608110900,1191000.0,1196000.0,1173000.0,1179000.0,2899
202608110915,1179000.0,1179000.0,1168000.0,1172000.0,2332
202608110930,1173000.0,1180000.0,1155000.0,1163000.0,3893
202608110945,1163000.0,1170000.0,1158000.0,1158000.0,3016
202608111000,1158000.0,1161000.0,1140000.0,1159000.0,4769
202608111015,1158000.0,1175000.0,1157000.0,1157500.0,3685
202608111030,1157500.0,1174000.0,1150000.0,1172000.0,2802
202608111045,1172000.0,1182000.0,1167000.0,1172000.0,2414
202608111100,1171000.0,1177000.0,1165500.0,1172000.0,1622
202608111115,1172000.0,1177000.0,1167000.0,1170000.0,1187
202608111130,1169000.0,1177000.0,1167000.0,1174000.0,1130
202608111145,1173000.0,1178000.0,1170000.0,1173000.0,1033
202608111200,1173000.0,1177000.0,1170000.0,1173000.0,961
202608111215,1172000.0,1183000.0,1171000.0,1180000.0,1129
202608111230,1180000.0,1182000.0,1173000.0,1177000.0,1081
202608111245,1177000.0,1179000.0,1172000.0,1177000.0,1088
202608111300,1177000.0,1178000.0,1171000.0,1173000.0,1096
202608111315,1173000.0,1177000.0,1171000.0,1177000.0,1170
202608111330,1178000.0,1184000.0,1175000.0,1181000.0,1372
202608111345,1178000.0,1179000.0,1171000.0,1175000.0,1364
202608111400,1175000.0,1184000.0,1173000.0,1180000.0,1726
202608111415,1181000.0,1184000.0,1174000.0,1175000.0,1398
202608111430,1176000.0,1186000.0,1175000.0,1177000.0,1592
202608111445,1177000.0,1184000.0,1177000.0,1179000.0,1702
202608111500,1182000.0,1182000.0,1176000.0,1178000.0,2478
202608111515,1178000.0,1184000.0,1177000.0,1177000.0,2544
202608120900,1209000.0,1233000.0,1196000.0,1229000.0,4798
202608120915,1229000.0,1254000.0,1228000.0,1244000.0,4995
202608120930,1244000.0,1259000.0,1241000.0,1254000.0,2564
202608120945,1254000.0,1259000.0,1230000.0,1235000.0,2080
202608121000,1235000.0,1249000.0,1234000.0,1249000.0,1173
202608121015,1249000.0,1257000.0,1246000.0,1255000.0,1830
202608121030,1255000.0,1258000.0,1250000.0,1255000.0,1047
202608121045,1255000.0,1259000.0,1249000.0,1253000.0,1022
202608121100,1253000.0,1258000.0,1246000.0,1255000.0,1249
202608121115,1254000.0,1262000.0,1252000.0,1262000.0,1458
202608121130,1262000.0,1271000.0,1261000.0,1271000.0,2043
202608121145,1271000.0,1277000.0,1266000.0,1267000.0,1607
202608121200,1267000.0,1277000.0,1266000.0,1267000.0,1070
202608121215,1267000.0,1275000.0,1267000.0,1271000.0,1320
202608121230,1272000.0,1275000.0,1265000.0,1266000.0,1098
202608121245,1267000.0,1270000.0,1260000.0,1269000.0,1372
202608121300,1268000.0,1279000.0,1265000.0,1274000.0,2161
202608121315,1274000.0,1274000.0,1260000.0,1260000.0,1373
202608121330,1260000.0,1263000.0,1251000.0,1252000.0,1362
202608121345,1253000.0,1256000.0,1248000.0,1251000.0,1145
202608121400,1250000.0,1251000.0,1242000.0,1246000.0,1740
202608121415,1246000.0,1254000.0,1245000.0,1253000.0,2199
202608121430,1255000.0,1270000.0,1253000.0,1268000.0,2327
202608121445,1268000.0,1275000.0,1263000.0,1268000.0,3361
202608121500,1268000.0,1269000.0,1256000.0,1257000.0,3078
202608121515,1259000.0,1262000.0,1253000.0,1254000.0,3085
202608130900,1298000.0,1317000.0,1290000.0,1303000.0,2756
202608130915,1304000.0,1307000.0,1272000.0,1292000.0,2852
202608130930,1291000.0,1292000.0,1251000.0,1259000.0,4539
202608130945,1259000.0,1283000.0,1258000.0,1276000.0,1794
202608131000,1276000.0,1296000.0,1275000.0,1290000.0,2449
202608131015,1289000.0,1291000.0,1271000.0,1274000.0,1507
202608131030,1274000.0,1284000.0,1272000.0,1279000.0,1031
202608131045,1280000.0,1285000.0,1272000.0,1282000.0,1235
202608131100,1283000.0,1298000.0,1281000.0,1281000.0,1450
202608131115,1280000.0,1281000.0,1270000.0,1272000.0,1029
202608131130,1271000.0,1273000.0,1264000.0,1267000.0,1493
202608131145,1267000.0,1274000.0,1267000.0,1272000.0,824
202608131200,1272000.0,1274000.0,1268000.0,1270000.0,780
202608131215,1269000.0,1274000.0,1268000.0,1272000.0,672
202608131230,1272000.0,1274000.0,1268000.0,1272000.0,1003
202608131245,1268000.0,1277000.0,1268000.0,1275000.0,1252
202608131300,1275000.0,1284000.0,1275000.0,1279000.0,1889
202608131315,1278000.0,1279000.0,1271000.0,1276000.0,1171
202608131330,1276000.0,1278000.0,1271000.0,1271000.0,1121
202608131345,1272000.0,1282000.0,1270000.0,1271000.0,3245
202608131400,1270000.0,1272000.0,1265000.0,1265000.0,1501
202608131415,1265000.0,1270000.0,1264000.0,1265000.0,1240
202608131430,1266000.0,1267000.0,1254000.0,1254000.0,2046
202608131445,1255000.0,1264000.0,1254000.0,1260000.0,2899
202608131500,1260000.0,1265000.0,1254000.0,1264000.0,2046
202608131515,1264000.0,1264000.0,1262000.0,1262000.0,11238
202608140900,1274000.0,1294000.0,1258000.0,1261000.0,3298
202608140915,1261000.0,1271000.0,1256000.0,1270000.0,2455
202608140930,1270000.0,1271000.0,1256000.0,1257000.0,1616
202608140945,1256000.0,1256000.0,1232000.0,1232000.0,3928
202608141000,1232000.0,1234000.0,1220000.0,1220000.0,3106
202608141015,1220000.0,1237000.0,1220000.0,1230000.0,2011
202608141030,1230000.0,1231000.0,1220000.0,1225000.0,2930
202608141045,1224000.0,1226000.0,1221000.0,1222000.0,1000
202608141100,1224000.0,1238000.0,1223000.0,1236000.0,1820
202608141115,1236000.0,1241000.0,1230000.0,1240000.0,1445
202608141130,1240000.0,1246000.0,1239000.0,1244000.0,1279
202608141145,1244000.0,1245000.0,1232000.0,1235000.0,1226
202608141200,1234000.0,1242000.0,1232000.0,1240000.0,808
202608141215,1239000.0,1248000.0,1239000.0,1247000.0,855
202608141230,1246000.0,1249000.0,1241000.0,1246500.0,1008
202608141245,1246500.0,1253000.0,1243000.0,1243000.0,1170
202608141300,1243000.0,1253000.0,1241000.0,1249000.0,1109
202608141315,1250000.0,1256000.0,1249000.0,1251000.0,1200
202608141330,1251000.0,1253000.0,1239000.0,1247000.0,2647
202608141345,1246000.0,1251000.0,1243000.0,1250000.0,1109
202608141400,1250000.0,1252000.0,1245000.0,1248000.0,907
202608141415,1247000.0,1255000.0,1245000.0,1253000.0,1126
202608141430,1252000.0,1262000.0,1250000.0,1260500.0,1498
202608141445,1260000.0,1270000.0,1260000.0,1269000.0,1995
202608141500,1269000.0,1283000.0,1267000.0,1279000.0,2211
202608141515,1280000.0,1282000.0,1276000.0,1276000.0,7533
202608180900,1286000.0,1293000.0,1263000.0,1276000.0,4572
202608180915,1276500.0,1323000.0,1272000.0,1305000.0,5580
202608180930,1305000.0,1320000.0,1303000.0,1318000.0,3987
202608180945,1317000.0,1320000.0,1300000.0,1300000.0,3192
202608181000,1300000.0,1319000.0,1298000.0,1318000.0,1983
202608181015,1317500.0,1319000.0,1313000.0,1315000.0,1442
202608181030,1314000.0,1315000.0,1302000.0,1303000.0,1666
202608181045,1302000.0,1305000.0,1285000.0,1296000.0,2255
202608181100,1296000.0,1302000.0,1285000.0,1285000.0,1163
202608181115,1285000.0,1287000.0,1271000.0,1273000.0,1590
202608181130,1272000.0,1285000.0,1266000.0,1267000.0,2549
202608181145,1267000.0,1280000.0,1267000.0,1279000.0,1804
202608181200,1280000.0,1292000.0,1270000.0,1272000.0,2054
202608181215,1275000.0,1275000.0,1263000.0,1264000.0,2179
202608181230,1264000.0,1272000.0,1260000.0,1272000.0,1914
202608181245,1271000.0,1276000.0,1266000.0,1268000.0,1152
202608181300,1268000.0,1277000.0,1263000.0,1275000.0,1509
202608181315,1275000.0,1280000.0,1272000.0,1277000.0,995
202608181330,1277000.0,1277000.0,1268000.0,1268000.0,1457
202608181345,1268000.0,1281000.0,1267000.0,1279000.0,1239
202608181400,1277000.0,1277000.0,1265000.0,1266000.0,1001
202608181415,1266000.0,1266000.0,1255000.0,1255000.0,1746
202608181430,1256000.0,1256000.0,1239000.0,1245000.0,2537
202608181445,1245000.0,1248000.0,1237000.0,1237000.0,2377
202608181500,1237000.0,1246000.0,1228000.0,1243000.0,2574
202608181515,1243000.0,1250000.0,1228000.0,1250000.0,3055
202608190900,1168000.0,1176000.0,1139000.0,1150000.0,3990
202608190915,1150000.0,1178000.0,1147000.0,1177000.0,1789
202608190930,1176000.0,1187000.0,1164000.0,1185000.0,1782
202608190945,1185000.0,1190000.0,1176000.0,1183000.0,967
202608191000,1184000.0,1207000.0,1184000.0,1207000.0,1665
202608191015,1205000.0,1222000.0,1200000.0,1215000.0,1267
202608191030,1216000.0,1218000.0,1200000.0,1201000.0,964
202608191045,1202000.0,1207000.0,1198000.0,1198000.0,826
202608191100,1199000.0,1199000.0,1183000.0,1188000.0,880
202608191115,1189000.0,1193000.0,1182000.0,1187000.0,744
202608191130,1187000.0,1194000.0,1186000.0,1188000.0,524
202608191145,1188000.0,1197000.0,1186000.0,1194000.0,520
202608191200,1195000.0,1199000.0,1187000.0,1195000.0,604
202608191215,1195000.0,1197000.0,1187000.0,1192000.0,378
202608191230,1192000.0,1198000.0,1188000.0,1188000.0,422
202608191245,1188000.0,1194000.0,1186000.0,1189000.0,387
202608191300,1188000.0,1193000.0,1186000.0,1190000.0,479
202608191315,1189000.0,1202000.0,1187000.0,1200000.0,545
202608191330,1199000.0,1200000.0,1190000.0,1191000.0,682
202608191345,1192000.0,1193000.0,1186000.0,1192000.0,706
202608191400,1192000.0,1199000.0,1190000.0,1193000.0,822
202608191415,1193000.0,1197000.0,1186000.0,1194000.0,987
202608191430,1195000.0,1195000.0,1186000.0,1189000.0,979
202608191445,1188000.0,1192000.0,1179000.0,1179000.0,1276
202608191500,1182000.0,1187000.0,1178000.0,1184000.0,1421
202608191515,1185000.0,1193000.0,1184000.0,1193000.0,2917
202608200900,1182000.0,1185000.0,1143000.0,1157000.0,4000
202608200915,1159000.0,1194000.0,1158000.0,1176000.0,3455
202608200930,1177000.0,1194000.0,1173000.0,1194000.0,2562
202608200945,1194000.0,1194000.0,1182000.0,1183000.0,1780
202608201000,1184000.0,1190000.0,1171000.0,1177000.0,1588
202608201015,1176000.0,1187000.0,1172000.0,1187000.0,882
202608201030,1187000.0,1193000.0,1180000.0,1193000.0,1448
202608201045,1192000.0,1201000.0,1190000.0,1192000.0,1845
202608201100,1193000.0,1198000.0,1188000.0,1189000.0,891
202608201115,1190000.0,1192000.0,1181000.0,1184000.0,3370
202608201130,1182000.0,1187000.0,1179000.0,1184000.0,797
202608201145,1185000.0,1186000.0,1179000.0,1181000.0,1023
202608201200,1182000.0,1187000.0,1181000.0,1184000.0,753
202608201215,1183000.0,1185000.0,1180000.0,1180000.0,746
202608201230,1180000.0,1186000.0,1179000.0,1183000.0,871
202608201245,1182000.0,1190000.0,1181000.0,1182000.0,961
202608201300,1182000.0,1190000.0,1182000.0,1186000.0,955
202608201315,1186000.0,1189000.0,1180000.0,1184000.0,1036
202608201330,1184000.0,1188000.0,1180000.0,1182000.0,1074
202608201345,1182000.0,1187000.0,1181000.0,1182000.0,1007
202608201400,1181000.0,1184000.0,1165000.0,1173000.0,3174
202608201415,1176000.0,1186000.0,1174000.0,1183000.0,1152
202608201430,1182000.0,1185000.0,1178000.0,1180000.0,1350
202608201445,1181000.0,1181000.0,1170000.0,1170000.0,1409
202608201500,1170000.0,1182000.0,1170000.0,1176000.0,1310
202608201515,1177000.0,1180000.0,1175000.0,1178000.0,3098
202608210900,1117000.0,1120000.0,1091000.0,1102000.0,6452
202608210915,1103000.0,1104000.0,1092000.0,1095000.0,4426
202608210930,1094000.0,1103000.0,1092000.0,1095000.0,4535
202608210945,1096000.0,1100000.0,1079000.0,1080000.0,7844
202608211000,1080000.0,1086000.0,1072000.0,1086000.0,5472
202608211015,1085000.0,1090000.0,1077000.0,1077000.0,2650
202608211030,1077500.0,1085000.0,1072000.0,1080000.0,3355
202608211045,1081000.0,1092000.0,1079000.0,1088000.0,2430
202608211100,1089000.0,1090000.0,1081000.0,1083000.0,2223
202608211115,1084000.0,1088000.0,1081000.0,1085000.0,1925
202608211130,1085000.0,1087000.0,1084000.0,1085000.0,1799
202608211145,1084000.0,1095000.0,1084000.0,1092000.0,2212
202608211200,1093000.0,1095000.0,1085000.0,1089000.0,2259
202608211215,1088000.0,1090000.0,1086000.0,1089000.0,1738
202608211230,1086000.0,1090000.0,1083000.0,1083000.0,2012
202608211245,1084000.0,1087000.0,1077000.0,1079000.0,3381
202608211300,1079000.0,1080000.0,1074000.0,1075000.0,2840
202608211315,1075000.0,1076000.0,1070000.0,1071000.0,3918
202608211330,1071000.0,1076000.0,1071000.0,1073000.0,2990
202608211345,1072000.0,1077000.0,1071000.0,1071000.0,2909
202608211400,1071000.0,1076000.0,1071000.0,1074000.0,2721
202608211415,1073000.0,1076000.0,1071000.0,1073000.0,3174
202608211430,1073000.0,1074000.0,1071000.0,1073000.0,3295
202608211445,1074000.0,1075000.0,1070000.0,1072000.0,4126
202608211500,1072000.0,1080000.0,1071000.0,1074000.0,2987
202608211515,1072000.0,1078000.0,1072000.0,1078000.0,3811
202608240900,1080000.0,1093000.0,1065000.0,1069000.0,3700
202608240915,1069000.0,1076000.0,1064000.0,1076000.0,2988
202608240930,1077000.0,1079000.0,1067000.0,1074000.0,3670
202608240945,1074000.0,1090000.0,1070000.0,1087000.0,5366
202608241000,1087000.0,1095000.0,1075000.0,1094000.0,3544
202608241015,1094000.0,1096000.0,1089000.0,1090000.0,1732
202608241030,1089000.0,1090000.0,1077000.0,1078000.0,1234
202608241045,1078000.0,1084000.0,1074000.0,1076000.0,1298
202608241100,1075000.0,1081000.0,1072000.0,1080000.0,993
202608241115,1079000.0,1086000.0,1079000.0,1085000.0,1064
202608241130,1085000.0,1097000.0,1083000.0,1097000.0,1663
202608241145,1096000.0,1098000.0,1083000.0,1087000.0,1118
202608241200,1087000.0,1087000.0,1081000.0,1081000.0,773
202608241215,1082000.0,1083000.0,1075000.0,1077000.0,972
202608241230,1075000.0,1082000.0,1075000.0,1076000.0,820
202608241245,1076000.0,1079000.0,1072000.0,1074000.0,1203
202608241300,1073000.0,1081000.0,1071000.0,1079000.0,2232
202608241315,1076000.0,1084000.0,1076000.0,1080000.0,2357
202608241330,1081000.0,1084000.0,1075000.0,1082000.0,1992
202608241345,1082000.0,1086000.0,1080000.0,1083000.0,1267
202608241400,1083000.0,1087000.0,1078000.0,1082000.0,1341
202608241415,1085000.0,1088000.0,1080000.0,1084000.0,1350
202608241430,1081000.0,1086000.0,1078000.0,1083000.0,1451
202608241445,1085000.0,1086000.0,1082000.0,1082000.0,1368
202608241500,1082000.0,1090000.0,1082000.0,1089000.0,1453
202608241515,1089000.0,1090000.0,1085000.0,1085000.0,5980
202608250900,1045000.0,1048000.0,1004000.0,1004000.0,3992
202608250915,1004500.0,1035000.0,1000000.0,1032000.0,4773
202608250930,1032000.0,1058000.0,1027000.0,1054000.0,6160
202608250945,1053000.0,1057000.0,1033000.0,1036000.0,3803
202608251000,1036000.0,1046000.0,1035000.0,1038000.0,3948
202608251015,1037000.0,1045000.0,1031000.0,1043000.0,2285
202608251030,1045000.0,1049000.0,1037000.0,1048000.0,4529
202608251045,1048000.0,1058000.0,1044000.0,1050000.0,4425
202608251100,1050000.0,1056000.0,1047000.0,1053000.0,2438
202608251115,1053000.0,1060000.0,1051000.0,1056000.0,1756
202608251130,1056000.0,1059000.0,1049000.0,1051000.0,1416
202608251145,1051000.0,1053000.0,1045000.0,1051000.0,1229
202608251200,1051000.0,1056000.0,1049000.0,1053000.0,1373
202608251215,1054000.0,1069000.0,1053000.0,1067000.0,2531
202608251230,1067000.0,1079000.0,1065000.0,1075000.0,3593
202608251245,1075000.0,1079000.0,1072000.0,1078000.0,2417
202608251300,1074000.0,1102000.0,1074000.0,1096000.0,5238
202608251315,1096000.0,1105000.0,1089000.0,1090000.0,1954
202608251330,1090000.0,1097000.0,1088000.0,1093000.0,1899
202608251345,1093000.0,1094000.0,1085000.0,1087000.0,1453
202608251400,1087000.0,1092000.0,1084000.0,1088000.0,1618
202608251415,1088000.0,1096000.0,1088000.0,1094000.0,3135
202608251430,1095000.0,1099000.0,1088000.0,1089000.0,2704
202608251445,1089000.0,1097000.0,1089000.0,1097000.0,2643
202608251500,1095000.0,1100000.0,1093000.0,1098000.0,3316
202608251515,1097000.0,1102000.0,1096000.0,1101000.0,7201
202608260900,1130000.0,1150000.0,1115000.0,1125000.0,6481
202608260915,1125000.0,1127000.0,1105000.0,1115000.0,3038
202608260930,1115000.0,1124000.0,1107000.0,1113000.0,2855
202608260945,1113000.0,1117000.0,1101000.0,1111000.0,3074
202608261000,1110000.0,1112000.0,1105000.0,1109000.0,2250
202608261015,1109000.0,1114000.0,1102000.0,1103000.0,1975
202608261030,1103000.0,1109000.0,1097000.0,1099000.0,2023
202608261045,1097000.0,1107000.0,1095000.0,1103000.0,1571
202608261100,1104000.0,1114000.0,1100000.0,1111000.0,1392
202608261115,1111000.0,1132000.0,1110000.0,1132000.0,2335
202608261130,1131000.0,1142000.0,1131000.0,1139000.0,2660
202608261145,1138000.0,1146000.0,1129000.0,1129000.0,2570
202608261200,1129000.0,1138000.0,1128000.0,1136000.0,1331
202608261215,1137000.0,1156000.0,1135000.0,1149000.0,3277
202608261230,1148000.0,1163000.0,1148000.0,1162000.0,2844
202608261245,1162000.0,1176000.0,1159000.0,1174000.0,3046
202608261300,1174000.0,1184000.0,1172000.0,1181500.0,4246
202608261315,1181000.0,1183000.0,1175000.0,1181000.0,2968
202608261330,1181000.0,1182000.0,1172000.0,1176000.0,2157
202608261345,1176000.0,1182000.0,1172000.0,1182000.0,2667
202608261400,1182000.0,1186000.0,1171000.0,1171000.0,2290
202608261415,1171000.0,1180000.0,1166000.0,1179000.0,2376
202608261430,1180000.0,1192500.0,1178000.0,1191000.0,3480
202608261445,1189500.0,1191000.0,1183000.0,1188000.0,2556
202608261500,1188000.0,1190000.0,1184000.0,1186000.0,1890
202608261515,1185000.0,1187000.0,1179000.0,1180000.0,4146
202608270900,1237000.0,1249000.0,1160000.0,1164000.0,10924
202608270915,1163000.0,1180000.0,1144000.0,1167000.0,6871
202608270930,1167000.0,1167000.0,1148000.0,1157000.0,4649
202608270945,1158000.0,1163000.0,1149000.0,1154000.0,2587
202608271000,1153000.0,1168000.0,1150000.0,1157000.0,2897
202608271015,1157000.0,1175000.0,1153000.0,1168000.0,2802
202608271030,1167000.0,1185000.0,1167000.0,1180000.0,3020
202608271045,1180000.0,1188000.0,1179000.0,1188000.0,1614
202608271100,1188000.0,1197000.0,1185000.0,1192000.0,1619
202608271115,1192000.0,1195000.0,1182000.0,1187000.0,1064
202608271130,1187000.0,1196000.0,1186000.0,1190000.0,1458
202608271145,1189000.0,1199000.0,1188000.0,1194000.0,1145
202608271200,1193000.0,1200000.0,1190000.0,1200000.0,1508
202608271215,1200000.0,1204000.0,1195000.0,1204000.0,1198
202608271230,1204000.0,1209000.0,1199000.0,1200000.0,1371
202608271245,1201000.0,1204000.0,1195000.0,1199000.0,1248
202608271300,1198000.0,1200000.0,1187000.0,1198000.0,1742
202608271315,1198000.0,1205000.0,1197000.0,1200000.0,1867
202608271330,1200000.0,1203000.0,1190000.0,1197000.0,1597
202608271345,1197000.0,1205000.0,1193000.0,1203000.0,2288
202608271400,1202000.0,1225000.0,1202000.0,1215000.0,5420
202608271415,1216000.0,1223500.0,1205000.0,1221000.0,3389
202608271430,1220000.0,1221000.0,1211000.0,1212000.0,2528
202608271445,1213000.0,1217000.0,1208000.0,1212000.0,2797
202608271500,1213000.0,1214000.0,1206000.0,1209000.0,1967
202608271515,1207000.0,1214000.0,1206000.0,1214000.0,3603
202608280900,1199000.0,1240000.0,1196000.0,1209000.0,4789
202608280915,1209000.0,1217000.0,1203000.0,1208000.0,1815
202608280930,1207000.0,1222000.0,1207000.0,1219000.0,3177
202608280945,1218000.0,1222000.0,1197000.0,1202000.0,1724
202608281000,1199000.0,1205000.0,1192000.0,1205000.0,1729
202608281015,1206000.0,1216000.0,1201000.0,1203000.0,4202
202608281030,1203000.0,1213000.0,1200000.0,1206000.0,1154
202608281045,1206000.0,1227000.0,1205000.0,1226000.0,2665
202608281100,1226000.0,1230000.0,1218000.0,1222000.0,1277
202608281115,1222000.0,1227000.0,1217000.0,1224000.0,702
202608281130,1223000.0,1227000.0,1218000.0,1219000.0,653
202608281145,1218000.0,1230000.0,1214000.0,1226000.0,1948
202608281200,1227000.0,1238000.0,1224000.0,1238000.0,1254
202608281215,1238000.0,1239000.0,1232000.0,1234000.0,998
202608281230,1232000.0,1234000.0,1224000.0,1226000.0,792
202608281245,1226000.0,1239000.0,1220000.0,1230000.0,2379
202608281300,1230000.0,1234000.0,1225000.0,1230000.0,926
202608281315,1230000.0,1235000.0,1224000.0,1229000.0,1546
202608281330,1229000.0,1232000.0,1223000.0,1228000.0,1188
202608281345,1229000.0,1235000.0,1225000.0,1228000.0,2041
202608281400,1228000.0,1233000.0,1221000.0,1223000.0,1721
202608281415,1223000.0,1227000.0,1220000.0,1222000.0,871
202608281430,1222000.0,1239000.0,1221000.0,1238000.0,3031
202608281445,1237000.0,1238000.0,1228000.0,1229000.0,7372
202608281500,1229000.0,1236000.0,1224000.0,1234000.0,2233
202608281515,1235000.0,1238000.0,1234000.0,1238000.0,2730
202608310900,1194000.0,1278000.0,1188000.0,1271000.0,11692
202608310915,1271000.0,1300000.0,1271000.0,1290000.0,9058
202608310930,1290000.0,1290000.0,1261000.0,1261000.0,4393
202608310945,1262000.0,1263000.0,1231000.0,1235000.0,4278
202608311000,1234000.0,1260000.0,1224000.0,1225000.0,3785
202608311015,1224000.0,1234000.0,1222000.0,1233000.0,2031
202608311030,1233000.0,1238000.0,1226000.0,1234000.0,1855
202608311045,1235000.0,1246000.0,1232000.0,1242000.0,2147
202608311100,1241000.0,1249000.0,1239000.0,1245000.0,2207
202608311115,1246000.0,1248000.0,1236000.0,1244000.0,1590
202608311130,1244000.0,1247000.0,1235000.0,1237000.0,1087
202608311145,1237000.0,1241000.0,1232000.0,1241000.0,1143
202608311200,1240000.0,1247000.0,1239000.0,1245000.0,1057
202608311215,1243000.0,1247000.0,1240000.0,1241000.0,660
202608311230,1241000.0,1247000.0,1240000.0,1242000.0,674
202608311245,1244000.0,1246000.0,1236000.0,1237000.0,890
202608311300,1237000.0,1238000.0,1232000.0,1235000.0,908
202608311315,1234000.0,1247000.0,1232000.0,1244000.0,2290
202608311330,1245000.0,1245000.0,1235000.0,1244000.0,786
202608311345,1244000.0,1251000.0,1240000.0,1249000.0,958
202608311400,1249000.0,1277000.0,1247000.0,1276000.0,2222
202608311415,1277000.0,1280000.0,1269000.0,1275000.0,2573
202608311430,1276000.0,1276000.0,1255000.0,1263000.0,2439
202608311445,1263000.0,1269000.0,1256000.0,1260000.0,2621
202608311500,1260000.0,1271000.0,1257000.0,1271000.0,4796
202608311515,1271000.0,1272000.0,1261000.0,1263000.0,14348
202609010900,1251000.0,1256000.0,1207000.0,1215500.0,3871
202609010915,1215000.0,1225000.0,1208000.0,1214000.0,2177
202609010930,1215000.0,1216000.0,1200000.0,1210000.0,2820
202609010945,1209000.0,1217000.0,1202000.0,1215000.0,1697
202609011000,1215000.0,1220000.0,1204000.0,1206500.0,1346
202609011015,1206500.0,1212000.0,1200000.0,1200000.0,1386
202609011030,1202000.0,1213000.0,1198000.0,1212000.0,1381
202609011045,1211000.0,1212000.0,1200000.0,1201000.0,1613
202609011100,1201000.0,1202000.0,1195000.0,1200000.0,1430
202609011115,1200000.0,1203000.0,1190000.0,1190000.0,1407
202609011130,1190000.0,1193000.0,1185000.0,1188000.0,1650
202609011145,1189000.0,1194000.0,1188000.0,1192000.0,543
202609011200,1192000.0,1194000.0,1189000.0,1191000.0,299
202609011215,1191000.0,1193000.0,1188000.0,1188500.0,535
202609011230,1189000.0,1192000.0,1188000.0,1191000.0,412
202609011245,1191000.0,1205000.0,1190000.0,1199000.0,1033
202609011300,1199000.0,1202000.0,1196000.0,1197000.0,615
202609011315,1197000.0,1200000.0,1195000.0,1196000.0,475
202609011330,1196000.0,1199000.0,1192000.0,1198000.0,592
202609011345,1199000.0,1204000.0,1191000.0,1191000.0,1141
202609011400,1191000.0,1193000.0,1187000.0,1188000.0,1019
202609011415,1188000.0,1200000.0,1187000.0,1200000.0,942
202609011430,1200000.0,1209000.0,1196000.0,1209000.0,1902
202609011445,1208000.0,1212000.0,1202000.0,1209000.0,2482
202609011500,1209000.0,1210000.0,1202000.0,1204000.0,2414
202609011515,1204000.0,1209000.0,1204000.0,1206000.0,2340
202609020900,1144000.0,1158000.0,1141000.0,1151000.0,2212
202609020915,1152000.0,1174000.0,1150000.0,1165000.0,1982
202609020930,1165000.0,1173000.0,1160000.0,1163000.0,966
202609020945,1163000.0,1166000.0,1152000.0,1155000.0,1954
202609021000,1154000.0,1156000.0,1150000.0,1150000.0,1044
202609021015,1151000.0,1152000.0,1144000.0,1144000.0,1383
202609021030,1144000.0,1147000.0,1140000.0,1141000.0,1234
202609021045,1142000.0,1142000.0,1136000.0,1136000.0,1572
202609021100,1136000.0,1141000.0,1136000.0,1137000.0,1108
202609021115,1137000.0,1140000.0,1134000.0,1134000.0,1189
202609021130,1134000.0,1136000.0,1133000.0,1135000.0,527
202609021145,1135000.0,1137000.0,1129000.0,1131000.0,1944
202609021200,1131000.0,1133000.0,1130000.0,1130500.0,523
202609021215,1130000.0,1131000.0,1128000.0,1128000.0,717
202609021230,1128000.0,1129000.0,1125000.0,1126000.0,725
202609021245,1126000.0,1128000.0,1121000.0,1121000.0,1210
202609021300,1121000.0,1124000.0,1116000.0,1124000.0,1838
202609021315,1122000.0,1125000.0,1117000.0,1118000.0,910
202609021330,1118000.0,1124000.0,1118000.0,1122000.0,1139
202609021345,1122000.0,1123000.0,1114000.0,1119000.0,1671
202609021400,1118000.0,1122000.0,1114000.0,1118000.0,1013
202609021415,1118000.0,1130000.0,1118000.0,1128000.0,1435
202609021430,1128000.0,1128000.0,1118000.0,1125000.0,1246
202609021445,1126000.0,1134000.0,1122000.0,1123000.0,1613
202609021500,1123000.0,1124000.0,1117000.0,1122000.0,1679
202609021515,1122000.0,1125000.0,1118000.0,1121000.0,2395
202609030900,1126000.0,1126000.0,1098000.0,1099000.0,2801
202609030915,1099000.0,1106000.0,1091000.0,1096000.0,2208
202609030930,1098000.0,1117000.0,1096000.0,1106000.0,1185
202609030945,1105000.0,1108000.0,1100000.0,1105000.0,2190
202609031000,1105000.0,1125000.0,1105000.0,1123000.0,1681
202609031015,1123000.0,1134000.0,1117000.0,1117000.0,1156
202609031030,1117000.0,1125000.0,1109000.0,1109000.0,955
202609031045,1109000.0,1112000.0,1105000.0,1107000.0,640
202609031100,1107000.0,1116000.0,1104000.0,1111000.0,580
202609031115,1111000.0,1115000.0,1108000.0,1111000.0,596
202609031130,1111000.0,1112000.0,1104000.0,1104000.0,527
202609031145,1105000.0,1109000.0,1103000.0,1107000.0,678
202609031200,1107000.0,1122000.0,1107000.0,1122000.0,730
202609031215,1122000.0,1133000.0,1118000.0,1132000.0,1517
202609031230,1132000.0,1136000.0,1129000.0,1131000.0,1160
202609031245,1131000.0,1137000.0,1128000.0,1129000.0,951
202609031300,1129000.0,1134000.0,1128000.0,1131000.0,1131
202609031315,1132000.0,1134000.0,1127000.0,1129000.0,1334
202609031330,1130000.0,1131000.0,1121000.0,1123000.0,1141
202609031345,1123000.0,1130000.0,1121000.0,1128000.0,1069
202609031400,1127000.0,1128000.0,1109000.0,1110000.0,1732
202609031415,1111000.0,1111000.0,1091000.0,1101000.0,3641
202609031430,1102000.0,1132000.0,1100000.0,1120000.0,3285
202609031445,1118000.0,1132000.0,1117000.0,1124000.0,2432
202609031500,1124000.0,1130000.0,1120000.0,1126000.0,2067
202609031515,1126000.0,1129000.0,1122000.0,1125000.0,2665
202609040900,1144000.0,1154000.0,1138000.0,1141000.0,2401
202609040915,1142000.0,1149000.0,1140000.0,1146000.0,1100
202609040930,1146000.0,1151000.0,1139000.0,1143000.0,835
202609040945,1143000.0,1146000.0,1133000.0,1133000.0,870
202609041000,1133000.0,1134000.0,1128000.0,1129000.0,765
202609041015,1128000.0,1131000.0,1126000.0,1127000.0,589
202609041030,1126000.0,1129000.0,1122000.0,1123000.0,640
202609041045,1123000.0,1124000.0,1119000.0,1122000.0,701
202609041100,1122000.0,1127000.0,1121000.0,1125000.0,565
202609041115,1126000.0,1127000.0,1122000.0,1127000.0,682
202609041130,1127000.0,1129000.0,1120000.0,1121000.0,741
202609041145,1121000.0,1130000.0,1121000.0,1124000.0,551
202609041200,1124000.0,1126000.0,1121000.0,1122000.0,488
202609041215,1122000.0,1123000.0,1120000.0,1121000.0,496
202609041230,1120000.0,1122000.0,1119000.0,1120000.0,482
202609041245,1120000.0,1121000.0,1117000.0,1120000.0,712
202609041300,1120000.0,1128000.0,1118000.0,1126000.0,617
202609041315,1126000.0,1129000.0,1125000.0,1129000.0,498
202609041330,1128000.0,1131000.0,1125000.0,1126000.0,2993
202609041345,1126000.0,1129000.0,1121000.0,1126000.0,1860
202609041400,1126000.0,1136000.0,1124000.0,1135000.0,1553
202609041415,1135000.0,1155000.0,1134000.0,1152000.0,3114
202609041430,1153000.0,1153000.0,1145000.0,1147000.0,2035
202609041445,1147000.0,1149000.0,1140000.0,1146000.0,1562
202609041500,1146000.0,1147000.0,1142000.0,1144000.0,1324
202609041515,1144000.0,1145000.0,1140000.0,1142000.0,1354
202609070900,1236000.0,1243000.0,1214000.0,1217500.0,15463
202609070915,1217000.0,1226000.0,1203000.0,1214000.0,7069
202609070930,1214000.0,1221000.0,1195000.0,1214000.0,5764
202609070945,1218000.0,1234000.0,1212000.0,1216000.0,3062
202609071000,1216000.0,1226000.0,1205000.0,1222000.0,1803
202609071015,1221000.0,1222000.0,1211000.0,1211000.0,1632
202609071030,1211000.0,1230000.0,1206000.0,1225000.0,3013
202609071045,1225000.0,1225000.0,1215000.0,1220000.0,1207
202609071100,1223000.0,1228000.0,1215000.0,1222000.0,1060
202609071115,1220000.0,1222000.0,1214000.0,1216000.0,998
202609071130,1216000.0,1220000.0,1210000.0,1212000.0,896
202609071145,1212000.0,1218000.0,1210000.0,1214000.0,938
202609071200,1214000.0,1220000.0,1211000.0,1219000.0,952
202609071215,1220000.0,1225000.0,1216000.0,1223000.0,1330
202609071230,1223000.0,1226000.0,1222000.0,1225000.0,1460
202609071245,1224000.0,1230000.0,1223000.0,1229000.0,1484
202609071300,1229000.0,1237000.0,1223000.0,1234000.0,3217
202609071315,1232000.0,1248000.0,1231000.0,1248000.0,6542
202609071330,1246000.0,1259000.0,1242000.0,1256000.0,6538
202609071345,1256000.0,1257000.0,1251000.0,1252000.0,4377
202609071400,1250000.0,1253000.0,1244000.0,1248000.0,2130
202609071415,1247000.0,1256000.0,1246000.0,1256000.0,3207
202609071430,1256000.0,1272000.0,1255000.0,1269000.0,8778
202609071445,1270000.0,1273000.0,1265000.0,1270000.0,7123
202609071500,1270000.0,1270000.0,1263000.0,1264000.0,4520
202609071515,1265000.0,1271000.0,1260000.0,1271000.0,4165
202609080900,1256000.0,1298000.0,1254000.0,1284000.0,8734
202609080915,1284000.0,1285000.0,1251000.0,1267000.0,4149
202609080930,1267000.0,1280000.0,1260000.0,1276000.0,2784
202609080945,1276000.0,1289000.0,1273000.0,1284000.0,2973
202609081000,1284500.0,1286000.0,1274000.0,1283000.0,3194
202609081015,1282000.0,1286000.0,1276000.0,1280000.0,2234
202609081030,1280000.0,1281000.0,1271000.0,1273000.0,2231
202609081045,1273000.0,1281000.0,1272000.0,1275000.0,1758
202609081100,1276000.0,1283000.0,1272000.0,1273000.0,1859
202609081115,1274000.0,1283000.0,1273000.0,1280000.0,1359
202609081130,1281000.0,1283000.0,1276000.0,1277000.0,893
202609081145,1278000.0,1281000.0,1275000.0,1279000.0,1135
202609081200,1279000.0,1284000.0,1278000.0,1282000.0,1169
202609081215,1282000.0,1290000.0,1282000.0,1289000.0,1690
202609081230,1288000.0,1290000.0,1284000.0,1286000.0,1793
202609081245,1285000.0,1290000.0,1285000.0,1287000.0,1324
202609081300,1287000.0,1288000.0,1277000.0,1278000.0,1165
202609081315,1277000.0,1280000.0,1264000.0,1265000.0,1085
202609081330,1265000.0,1273000.0,1261000.0,1273000.0,2481
202609081345,1272000.0,1274000.0,1253000.0,1257000.0,2884
202609081400,1254000.0,1261000.0,1242000.0,1259000.0,3297
202609081415,1260000.0,1297000.0,1258000.0,1294000.0,5402
202609081430,1295000.0,1298000.0,1272000.0,1273000.0,6368
202609081445,1272000.0,1277000.0,1261000.0,1263000.0,4026
202609081500,1261000.0,1262000.0,1247000.0,1251000.0,4101
202609081515,1251000.0,1252000.0,1246000.0,1247000.0,3007
202609090900,1255000.0,1307000.0,1243000.0,1298000.0,8902
202609090915,1298000.0,1304000.0,1281000.0,1300000.0,5366
202609090930,1300000.0,1301000.0,1291000.0,1301000.0,5242
202609090945,1301000.0,1305000.0,1298000.0,1304000.0,4786
202609091000,1305000.0,1306000.0,1299000.0,1305000.0,2923
202609091015,1305000.0,1319000.0,1302000.0,1317000.0,6183
202609091030,1318000.0,1320000.0,1306000.0,1317000.0,3234
202609091045,1317000.0,1317000.0,1305000.0,1311000.0,2471
202609091100,1312000.0,1319000.0,1311000.0,1318000.0,1969
202609091115,1319000.0,1322000.0,1317000.0,1319000.0,2890
202609091130,1320000.0,1322000.0,1317000.0,1320000.0,1622
202609091145,1319000.0,1320000.0,1307000.0,1314000.0,1838
202609091200,1314000.0,1315000.0,1302000.0,1310000.0,2113
202609091215,1309000.0,1314000.0,1309000.0,1314000.0,1405
202609091230,1314000.0,1317000.0,1309000.0,1310000.0,1971
202609091245,1309000.0,1310000.0,1295000.0,1297000.0,4001
202609091300,1297000.0,1302000.0,1296000.0,1299000.0,1591
202609091315,1299000.0,1307000.0,1291000.0,1304000.0,1884
202609091330,1301000.0,1306000.0,1299000.0,1305000.0,1613
202609091345,1304000.0,1306000.0,1293000.0,1303000.0,2183
202609091400,1304000.0,1306000.0,1301000.0,1305000.0,2395
202609091415,1305000.0,1305000.0,1288000.0,1289000.0,3243
202609091430,1289000.0,1299000.0,1288000.0,1299000.0,2476
202609091445,1299000.0,1304000.0,1298000.0,1303000.0,2870
202609091500,1303000.0,1305000.0,1299000.0,1302000.0,3035
202609091515,1300000.0,1302000.0,1293000.0,1299000.0,4531
202609100900,1271000.0,1305000.0,1268000.0,1280000.0,4659
202609100915,1276000.0,1293000.0,1275000.0,1284000.0,3249
202609100930,1284000.0,1294000.0,1275000.0,1285000.0,2877
202609100945,1285000.0,1291000.0,1270000.0,1276000.0,2957
202609101000,1276000.0,1277000.0,1251000.0,1262000.0,3917
202609101015,1262000.0,1263000.0,1250000.0,1251000.0,2350
202609101030,1252000.0,1256000.0,1244000.0,1252000.0,1761
202609101045,1252000.0,1274000.0,1250000.0,1270000.0,2657
202609101100,1270000.0,1280000.0,1267000.0,1276000.0,2404
202609101115,1277000.0,1283000.0,1273000.0,1281000.0,2029
202609101130,1280000.0,1290000.0,1278000.0,1290000.0,1679
202609101145,1288000.0,1291000.0,1278000.0,1289000.0,1897
202609101200,1285000.0,1297000.0,1285000.0,1295000.0,1893
202609101215,1295000.0,1300000.0,1287000.0,1292000.0,1951
202609101230,1294000.0,1310000.0,1288000.0,1307000.0,3063
202609101245,1307000.0,1312000.0,1300000.0,1303000.0,4119
202609101300,1307000.0,1312000.0,1302000.0,1310000.0,3270
202609101315,1309000.0,1317000.0,1309000.0,1317000.0,3060
202609101330,1317000.0,1330000.0,1312000.0,1329000.0,4949
202609101345,1330000.0,1334000.0,1322000.0,1325000.0,5991
202609101400,1325000.0,1326000.0,1312000.0,1315000.0,4394
202609101415,1315000.0,1323000.0,1311000.0,1322000.0,4865
202609101430,1322000.0,1329000.0,1320000.0,1325000.0,5374
202609101445,1325000.0,1327000.0,1313000.0,1318000.0,5553
202609101500,1319000.0,1329000.0,1314000.0,1325000.0,4372
202609101515,1325000.0,1329000.0,1322000.0,1322000.0,13050
202609110900,1286000.0,1353000.0,1279000.0,1348000.0,6622
202609110915,1350000.0,1385000.0,1340000.0,1373000.0,10727
202609110930,1373000.0,1381000.0,1358000.0,1366000.0,9882
202609110945,1366000.0,1375000.0,1360000.0,1366000.0,4156
202609111000,1366000.0,1375000.0,1358000.0,1370000.0,4270
202609111015,1368000.0,1375000.0,1358000.0,1360000.0,4088
202609111030,1359000.0,1375000.0,1358000.0,1371000.0,4593
202609111045,1371000.0,1375000.0,1358000.0,1366000.0,4424
202609111100,1366000.0,1377000.0,1361000.0,1375000.0,2350
202609111115,1375000.0,1380000.0,1362000.0,1367000.0,3565
202609111130,1367000.0,1369000.0,1358000.0,1362000.0,2415
202609111145,1361000.0,1366000.0,1357000.0,1357000.0,2084
202609111200,1358000.0,1361000.0,1352000.0,1353000.0,4497
202609111215,1353000.0,1358000.0,1350000.0,1354000.0,3768
202609111230,1354000.0,1367000.0,1350000.0,1365000.0,2281
202609111245,1366000.0,1366000.0,1355000.0,1360000.0,1260
202609111300,1360000.0,1362000.0,1352000.0,1356000.0,2293
202609111315,1356000.0,1365000.0,1351000.0,1364000.0,1557
202609111330,1364000.0,1364000.0,1355000.0,1361000.0,1531
202609111345,1361000.0,1361000.0,1351000.0,1352000.0,2123
202609111400,1352000.0,1352000.0,1341000.0,1350000.0,2299
202609111415,1350000.0,1356000.0,1346000.0,1350000.0,1934
202609111430,1349000.0,1350000.0,1345000.0,1346000.0,2434
202609111445,1345000.0,1360000.0,1344000.0,1354000.0,3887
202609111500,1353000.0,1358000.0,1350000.0,1356000.0,3399
202609111515,1355000.0,1357000.0,1355000.0,1356000.0,3076
202609140900,1295000.0,1295000.0,1270000.0,1278000.0,6243
202609140915,1279000.0,1279000.0,1264000.0,1271000.0,5328
202609140930,1271000.0,1287000.0,1268000.0,1277000.0,2262
202609140945,1277000.0,1285000.0,1274000.0,1277000.0,2562
202609141000,1277000.0,1281000.0,1267000.0,1271000.0,2965
202609141015,1271000.0,1272000.0,1257000.0,1260000.0,2750
202609141030,1260000.0,1268000.0,1259000.0,1264000.0,1892
202609141045,1263000.0,1278000.0,1262000.0,1277000.0,1626
202609141100,1276000.0,1282000.0,1273000.0,1277000.0,1449
202609141115,1277000.0,1280000.0,1274000.0,1276000.0,908
202609141130,1276000.0,1278500.0,1273000.0,1274000.0,703
202609141145,1275000.0,1276000.0,1273000.0,1273000.0,818
202609141200,1273000.0,1275000.0,1271000.0,1273000.0,633
202609141215,1272000.0,1277000.0,1271000.0,1273000.0,909
202609141230,1272000.0,1274000.0,1270000.0,1272000.0,735
202609141245,1272000.0,1272000.0,1268000.0,1268000.0,968
202609141300,1268000.0,1269000.0,1262000.0,1263000.0,1511
202609141315,1263000.0,1264000.0,1258000.0,1258000.0,1534
202609141330,1259000.0,1259000.0,1250000.0,1250000.0,4263
202609141345,1250000.0,1257000.0,1245000.0,1253000.0,5581
202609141400,1252000.0,1255000.0,1244000.0,1248000.0,6758
202609141415,1247000.0,1248000.0,1240000.0,1245000.0,7085
202609141430,1246000.0,1254000.0,1245000.0,1251000.0,3544
202609141445,1250000.0,1251000.0,1245000.0,1247000.0,3544
202609141500,1247000.0,1262000.0,1245000.0,1261000.0,6178
202609141515,1261000.0,1261000.0,1255000.0,1255000.0,3479
202609150900,1264000.0,1264000.0,1232000.0,1243000.0,2121
202609150915,1245000.0,1290000.0,1244000.0,1269000.0,3485
202609150930,1268000.0,1277000.0,1262000.0,1275000.0,2311
202609150945,1276000.0,1285000.0,1266000.0,1278000.0,5047
202609151000,1278000.0,1298000.0,1275000.0,1298000.0,3086
202609151015,1298000.0,1309000.0,1289000.0,1289500.0,3765
202609151030,1290000.0,1297000.0,1283000.0,1284000.0,2711
202609151045,1283000.0,1298000.0,1283000.0,1296000.0,2170
202609151100,1297000.0,1310000.0,1296000.0,1306000.0,2486
202609151115,1306000.0,1311000.0,1303000.0,1311000.0,1838
202609151130,1310000.0,1311000.0,1303000.0,1308000.0,1162
202609151145,1307000.0,1311000.0,1301000.0,1310000.0,1100
202609151200,1310000.0,1319000.0,1309000.0,1311000.0,1560
202609151215,1311000.0,1313000.0,1310000.0,1312000.0,1187
202609151230,1312000.0,1313000.0,1308000.0,1313000.0,1686
202609151245,1313000.0,1313000.0,1296000.0,1297000.0,1902
202609151300,1297000.0,1299000.0,1289000.0,1289000.0,981
202609151315,1289000.0,1290000.0,1276000.0,1282000.0,1506
202609151330,1282000.0,1292000.0,1278000.0,1289000.0,1125
202609151345,1290000.0,1295000.0,1285000.0,1291000.0,1875
202609151400,1291000.0,1292000.0,1271000.0,1272000.0,2873
202609151415,1272000.0,1290000.0,1270000.0,1287000.0,2008
202609151430,1288000.0,1298000.0,1285000.0,1293000.0,1578
202609151445,1292000.0,1294000.0,1284000.0,1285000.0,1408
202609151500,1284000.0,1293000.0,1284000.0,1290000.0,1921
202609151515,1290000.0,1294000.0,1286000.0,1289000.0,2368
202609160900,1301000.0,1312000.0,1273000.0,1281000.0,2214
202609160915,1282000.0,1313000.0,1282000.0,1303000.0,4349
202609160930,1304000.0,1315000.0,1296500.0,1315000.0,2269
202609160945,1314500.0,1323000.0,1310000.0,1311000.0,3000
202609161000,1311000.0,1313000.0,1303000.0,1305000.0,1870
202609161015,1305000.0,1338000.0,1300000.0,1335000.0,2864
202609161030,1335000.0,1345000.0,1326000.0,1339000.0,3590
202609161045,1338000.0,1352000.0,1336000.0,1340000.0,5355
202609161100,1340000.0,1346000.0,1336000.0,1342000.0,2148
202609161115,1342000.0,1349000.0,1339000.0,1345000.0,2173
202609161130,1345000.0,1349000.0,1340000.0,1341000.0,1678
202609161145,1341000.0,1349000.0,1338000.0,1348000.0,1918
202609161200,1348000.0,1368000.0,1348000.0,1367000.0,3607
202609161215,1367500.0,1377000.0,1360000.0,1369000.0,3824
202609161230,1370000.0,1371000.0,1361000.0,1366000.0,2031
202609161245,1366000.0,1379000.0,1364000.0,1376000.0,4754
202609161300,1376000.0,1380000.0,1372000.0,1375000.0,3151
202609161315,1376000.0,1376000.0,1365000.0,1371000.0,2586
202609161330,1371000.0,1371000.0,1357000.0,1358000.0,2033
202609161345,1358000.0,1366000.0,1356000.0,1362000.0,1929
202609161400,1362000.0,1373000.0,1361000.0,1372000.0,2818
202609161415,1373000.0,1380000.0,1365000.0,1373000.0,4603
202609161430,1373000.0,1383000.0,1371000.0,1382000.0,4780
202609161445,1382000.0,1383000.0,1371000.0,1383000.0,4855
202609161500,1383000.0,1387000.0,1378000.0,1385000.0,5441
202609161515,1384000.0,1397000.0,1383000.0,1387000.0,3527
202609170900,1428000.0,1444000.0,1407000.0,1420000.0,9393
202609170915,1420000.0,1440000.0,1410000.0,1435000.0,7426
202609170930,1436000.0,1441000.0,1422000.0,1432000.0,6713
202609170945,1432000.0,1449000.0,1428000.0,1440000.0,6241
202609171000,1440000.0,1456000.0,1440000.0,1452000.0,7858
202609171015,1452000.0,1473000.0,1450000.0,1462000.0,10511
202609171030,1462000.0,1491000.0,1461000.0,1474000.0,9806
202609171045,1475000.0,1477000.0,1451000.0,1452000.0,5936
202609171100,1451000.0,1477000.0,1450000.0,1471000.0,3466
202609171145,1490000.0,1490000.0,1436000.0,1443000.0,16031
202609171200,1442000.0,1444000.0,1410000.0,1437000.0,8289
202609171215,1436500.0,1450500.0,1425000.0,1445000.0,6217
202609171230,1445000.0,1459000.0,1432000.0,1443000.0,5975
202609171245,1443000.0,1456000.0,1432000.0,1448000.0,6375
202609171300,1449000.0,1466000.0,1445000.0,1447000.0,5735
202609171315,1448000.0,1451000.0,1434000.0,1436000.0,5402
202609171330,1436000.0,1451000.0,1430000.0,1434000.0,6368
202609171345,1434000.0,1463000.0,1410000.0,1437000.0,14112
202609171400,1437000.0,1448000.0,1422000.0,1432000.0,7304
202609171415,1432000.0,1435000.0,1420000.0,1421000.0,7282
202609171430,1421000.0,1433000.0,1418000.0,1424000.0,5624
202609171445,1424000.0,1427000.0,1383000.0,1390000.0,13144
202609171500,1390000.0,1413000.0,1385000.0,1399000.0,9166
202609171515,1399000.0,1405000.0,1397000.0,1405000.0,5310
202609180900,1468000.0,1473000.0,1425000.0,1451000.0,19635
202609180915,1451000.0,1457000.0,1431000.0,1455000.0,10886
202609180930,1455000.0,1479000.0,1446000.0,1454000.0,11492
202609180945,1451000.0,1460000.0,1446000.0,1450000.0,7005
202609181000,1449000.0,1457000.0,1437000.0,1447000.0,4574
202609181015,1447000.0,1450000.0,1435000.0,1440000.0,3608
202609181030,1440000.0,1444000.0,1435000.0,1443000.0,2775
202609181045,1442500.0,1451000.0,1441000.0,1450000.0,3329
202609181100,1449000.0,1458000.0,1447000.0,1450000.0,3039
202609181115,1450000.0,1451000.0,1443000.0,1445000.0,1936
202609181130,1445000.0,1459000.0,1442000.0,1458000.0,2578
202609181145,1457000.0,1459000.0,1448000.0,1452000.0,2362
202609181200,1452000.0,1458000.0,1449000.0,1458000.0,1725
202609181215,1457000.0,1459000.0,1452000.0,1453000.0,1783
202609181230,1453000.0,1453000.0,1440000.0,1442000.0,3094
202609181245,1442000.0,1442000.0,1434000.0,1437000.0,3720
202609181300,1436000.0,1442000.0,1434000.0,1438000.0,2995
202609181315,1438000.0,1443000.0,1435000.0,1439000.0,2078
202609181330,1438000.0,1440000.0,1431000.0,1432000.0,3460
202609181345,1433000.0,1444000.0,1425000.0,1438000.0,4650
202609181400,1437000.0,1450000.0,1436000.0,1448000.0,3021
202609181415,1448000.0,1452000.0,1441000.0,1448000.0,4039
202609181430,1448000.0,1456000.0,1447000.0,1448000.0,4468
202609181445,1448000.0,1451000.0,1441000.0,1443000.0,4184
202609181500,1443000.0,1453000.0,1440000.0,1453000.0,4786
202609181515,1453000.0,1453000.0,1447000.0,1447000.0,18152
202609210900,1455000.0,1459000.0,1429000.0,1439000.0,9276
202609210915,1439000.0,1463000.0,1438000.0,1450000.0,6346
202609210930,1452000.0,1452000.0,1422000.0,1431000.0,7047
202609210945,1431000.0,1441000.0,1430000.0,1440000.0,2395
202609211000,1441000.0,1453000.0,1440000.0,1447000.0,3867
202609211015,1447000.0,1451000.0,1440000.0,1443000.0,3146
202609211030,1443000.0,1443000.0,1425000.0,1426000.0,3419
202609211045,1425000.0,1430000.0,1423000.0,1425000.0,2774
202609211100,1425000.0,1432000.0,1422000.0,1426000.0,1953
202609211115,1427000.0,1434000.0,1425000.0,1431000.0,1228
202609211130,1431000.0,1431000.0,1425000.0,1430000.0,959
202609211145,1429000.0,1437000.0,1425000.0,1426000.0,2113
202609211200,1426000.0,1430000.0,1425000.0,1426000.0,1001
202609211215,1426000.0,1430000.0,1426000.0,1427000.0,822
202609211230,1427000.0,1429000.0,1424000.0,1425000.0,1279
202609211245,1426000.0,1430000.0,1425000.0,1426000.0,1100
202609211300,1426000.0,1435000.0,1424000.0,1433000.0,2152
202609211315,1433000.0,1442000.0,1431000.0,1438000.0,2120
202609211330,1438000.0,1438000.0,1430000.0,1432000.0,1378
202609211345,1433000.0,1440000.0,1431000.0,1432000.0,1986
202609211400,1433000.0,1439000.0,1430000.0,1434000.0,2667
202609211415,1434000.0,1436000.0,1431000.0,1434000.0,1974
202609211430,1434000.0,1436000.0,1425000.0,1433000.0,5377
202609211445,1433000.0,1441000.0,1433000.0,1440000.0,2814
202609211500,1440000.0,1440000.0,1429000.0,1438000.0,2661
202609211515,1439000.0,1440000.0,1430000.0,1432000.0,4026
202609220900,1469000.0,1513000.0,1452000.0,1510000.0,12821
202609220915,1511000.0,1512000.0,1477000.0,1500000.0,8715
202609220930,1500000.0,1510000.0,1484000.0,1493000.0,7183
202609220945,1493000.0,1494000.0,1474000.0,1486000.0,4856
202609221000,1486000.0,1489000.0,1471000.0,1473000.0,2624
202609221015,1475000.0,1487000.0,1472000.0,1481000.0,2396
202609221030,1481000.0,1498000.0,1478000.0,1498000.0,3775
202609221045,1498000.0,1500000.0,1484000.0,1492000.0,3162
202609221100,1492000.0,1494000.0,1481000.0,1481000.0,1750
202609221115,1481000.0,1485000.0,1478000.0,1481000.0,1483
202609221130,1481000.0,1486000.0,1478000.0,1484000.0,1473
202609221145,1483000.0,1484000.0,1477000.0,1482000.0,1298
202609221200,1483000.0,1484000.0,1476000.0,1480000.0,1186
202609221215,1481000.0,1481000.0,1476000.0,1479000.0,1099
202609221230,1479000.0,1480000.0,1477000.0,1480000.0,1103
202609221245,1478000.0,1480000.0,1468000.0,1474000.0,2544
202609221300,1473000.0,1476000.0,1468000.0,1469000.0,1743
202609221315,1469000.0,1475000.0,1467000.0,1474000.0,1540
202609221330,1473000.0,1474000.0,1455000.0,1461000.0,2902
202609221345,1461000.0,1464000.0,1454000.0,1459000.0,2443
202609221400,1459000.0,1469000.0,1458000.0,1462000.0,2543
202609221415,1460000.0,1466000.0,1453000.0,1463000.0,4966
202609221430,1462000.0,1478000.0,1459000.0,1478000.0,2453
202609221445,1479000.0,1483000.0,1474000.0,1482000.0,3801
202609221500,1483000.0,1483000.0,1474000.0,1481000.0,2906
202609221515,1479000.0,1482000.0,1473000.0,1473000.0,2575
202609230900,1462000.0,1486000.0,1452000.0,1483000.0,5521
202609230915,1483000.0,1519000.0,1477000.0,1499000.0,11166
202609230930,1498000.0,1509000.0,1480000.0,1486000.0,5067
202609230945,1485000.0,1486000.0,1465000.0,1476000.0,3871
202609231000,1476000.0,1481000.0,1464000.0,1479500.0,2592
202609231015,1480000.0,1481000.0,1474000.0,1474000.0,1690
202609231030,1474000.0,1475000.0,1465000.0,1466000.0,2198
202609231045,1465000.0,1471000.0,1459000.0,1464000.0,2760
202609231100,1464000.0,1472000.0,1462000.0,1468000.0,1579
202609231115,1469000.0,1473000.0,1466000.0,1470000.0,1105
202609231130,1470000.0,1475000.0,1468000.0,1475000.0,1416
202609231145,1474000.0,1477000.0,1468000.0,1470000.0,1144
202609231200,1470000.0,1477000.0,1469000.0,1472000.0,1132
202609231215,1472000.0,1479000.0,1472000.0,1474000.0,774
202609231230,1475000.0,1479000.0,1474000.0,1474000.0,1053
202609231245,1474000.0,1475000.0,1471000.0,1471000.0,2075
202609231300,1470000.0,1491000.0,1470000.0,1489000.0,1761
202609231315,1490000.0,1495000.0,1489000.0,1490000.0,1552
202609231330,1490000.0,1492000.0,1487000.0,1491000.0,1715
202609231345,1492000.0,1500000.0,1489000.0,1499000.0,3628
202609231400,1499000.0,1504000.0,1498000.0,1504000.0,3810
202609231415,1503500.0,1508000.0,1501000.0,1504000.0,3880
202609231430,1504000.0,1509000.0,1503000.0,1509000.0,3414
202609231445,1508500.0,1512000.0,1506000.0,1509000.0,4276
202609231500,1508000.0,1514000.0,1506000.0,1511000.0,3547
202609231515,1511000.0,1512000.0,1510000.0,1512000.0,4034
202609280900,1520000.0,1530000.0,1489000.0,1524000.0,6895
202609280915,1524000.0,1535000.0,1514000.0,1514000.0,2757
202609280930,1513000.0,1519000.0,1493000.0,1503000.0,6997
202609280945,1503000.0,1506000.0,1469000.0,1477000.0,8937
202609281000,1476000.0,1476000.0,1455000.0,1459000.0,5305
202609281015,1459000.0,1465000.0,1434000.0,1452000.0,5907
202609281030,1453000.0,1458000.0,1440000.0,1441000.0,2854
202609281045,1441000.0,1444000.0,1435000.0,1435000.0,2927
202609281100,1436000.0,1438000.0,1430000.0,1434000.0,2425
202609281115,1434000.0,1435000.0,1425000.0,1432000.0,1941
202609281130,1432000.0,1433000.0,1427000.0,1428000.0,1297
202609281145,1428000.0,1430000.0,1423000.0,1427000.0,1834
202609281200,1428000.0,1435000.0,1427000.0,1427000.0,1209
202609281215,1427000.0,1429000.0,1426000.0,1426000.0,1078
202609281230,1427000.0,1431000.0,1426000.0,1430000.0,680
202609281245,1431000.0,1437000.0,1429000.0,1430000.0,1200
202609281300,1430000.0,1438000.0,1428000.0,1435000.0,952
202609281315,1435000.0,1444000.0,1433000.0,1439000.0,1329
202609281330,1439000.0,1450000.0,1438000.0,1446000.0,1371
202609281345,1445000.0,1446000.0,1440000.0,1444000.0,1107
202609281400,1445000.0,1446000.0,1437000.0,1437000.0,1344
202609281415,1437000.0,1438000.0,1423000.0,1424000.0,3000
202609281430,1424000.0,1426000.0,1416000.0,1417000.0,5347
202609281445,1418000.0,1423000.0,1413000.0,1419000.0,3343
202609281500,1419000.0,1422000.0,1410000.0,1415000.0,3882
202609281515,1415000.0,1428000.0,1415000.0,1423000.0,3193
202609290900,1395000.0,1411000.0,1392000.0,1398000.0,3196
202609290915,1399000.0,1403000.0,1386000.0,1388000.0,3412
202609290930,1388000.0,1399000.0,1376000.0,1376000.0,4561
202609290945,1376000.0,1378000.0,1364000.0,1373000.0,5227
202609291000,1374000.0,1381000.0,1365000.0,1366000.0,2044
202609291015,1367000.0,1370500.0,1361000.0,1364000.0,5116
202609291030,1364000.0,1380000.0,1363000.0,1380000.0,4375
202609291045,1380000.0,1381000.0,1376000.0,1379000.0,1820
202609291100,1379000.0,1379000.0,1371000.0,1376000.0,1404
202609291115,1377000.0,1379000.0,1372000.0,1377000.0,1501
202609291130,1377000.0,1378000.0,1373000.0,1377000.0,775
202609291145,1377000.0,1378000.0,1373000.0,1377000.0,810
202609291200,1377000.0,1385000.0,1377000.0,1378000.0,1091
202609291215,1378000.0,1386000.0,1377000.0,1384000.0,883
202609291230,1385000.0,1387000.0,1382000.0,1384000.0,1079
202609291245,1384000.0,1386000.0,1375000.0,1377000.0,2016
202609291300,1378000.0,1379000.0,1373000.0,1374000.0,2171
202609291315,1373000.0,1378000.0,1372000.0,1374000.0,1967
202609291330,1374000.0,1377000.0,1371000.0,1372000.0,1039
202609291345,1371000.0,1372000.0,1364000.0,1370000.0,2634
202609291400,1368000.0,1371000.0,1362000.0,1368000.0,2033
202609291415,1367000.0,1372000.0,1364000.0,1367000.0,1783
202609291430,1366000.0,1368000.0,1363000.0,1367000.0,2423
202609291445,1367000.0,1372000.0,1365000.0,1370000.0,2059
202609291500,1371000.0,1386000.0,1369000.0,1385000.0,3341
202609291515,1384000.0,1385000.0,1380000.0,1381000.0,9777
202609300900,1387000.0,1398000.0,1376000.0,1386000.0,4236
202609300915,1386000.0,1387000.0,1368000.0,1386000.0,2811
202609300930,1386000.0,1396000.0,1376000.0,1376000.0,2748
202609300945,1377000.0,1389000.0,1372000.0,1388000.0,1855
202609301000,1388000.0,1397000.0,1386000.0,1392000.0,1567
202609301015,1392000.0,1404000.0,1384000.0,1388000.0,2827
202609301030,1388000.0,1391000.0,1382000.0,1388000.0,1047
202609301045,1387000.0,1389000.0,1383000.0,1385000.0,931
202609301100,1387000.0,1391000.0,1381000.0,1382000.0,924
202609301115,1382000.0,1384000.0,1379000.0,1382000.0,1249
202609301130,1381000.0,1382000.0,1372000.0,1376000.0,1372
202609301145,1377000.0,1382000.0,1377000.0,1377000.0,562
202609301200,1377000.0,1382000.0,1376000.0,1378000.0,537
202609301215,1379000.0,1381000.0,1375000.0,1377000.0,779
202609301230,1377000.0,1384000.0,1377000.0,1380000.0,614
202609301245,1380000.0,1382000.0,1374000.0,1379000.0,846
202609301300,1379000.0,1382000.0,1375000.0,1376000.0,822
202609301315,1377000.0,1382000.0,1374000.0,1382000.0,876
202609301330,1380000.0,1384000.0,1380000.0,1382000.0,613
202609301345,1384000.0,1384000.0,1375000.0,1379000.0,912
202609301400,1380000.0,1382000.0,1373000.0,1373000.0,1223
202609301415,1373000.0,1376000.0,1366000.0,1368000.0,2402
202609301430,1368000.0,1375000.0,1364000.0,1364000.0,2435
202609301445,1364000.0,1373000.0,1364000.0,1366000.0,2497
202609301500,1365000.0,1370000.0,1364000.0,1367000.0,1749
202609301515,1367000.0,1369000.0,1362000.0,1368000.0,6578
202610010900,1402000.0,1412000.0,1384000.0,1394000.0,5132
202610010915,1393000.0,1409000.0,1380000.0,1390000.0,3740
202610010930,1389000.0,1400000.0,1383000.0,1388000.0,1800
202610010945,1387000.0,1400000.0,1379000.0,1400000.0,1951
202610011000,1399000.0,1407000.0,1391000.0,1401000.0,3306
202610011015,1400000.0,1403000.0,1385000.0,1387000.0,1930
202610011030,1390000.0,1392000.0,1379000.0,1382000.0,2694
202610011045,1382000.0,1384000.0,1376000.0,1379000.0,1502
202610011100,1379000.0,1382000.0,1374000.0,1374000.0,1509
202610011115,1374000.0,1389000.0,1373000.0,1387000.0,1609
202610011130,1388000.0,1397000.0,1386000.0,1388000.0,1631
202610011145,1389000.0,1389000.0,1385000.0,1387000.0,926
202610011200,1387000.0,1394000.0,1387000.0,1392000.0,1163
202610011215,1392000.0,1393000.0,1382000.0,1385000.0,979
202610011230,1383000.0,1386000.0,1380000.0,1383000.0,989
202610011245,1382000.0,1384000.0,1379000.0,1382000.0,1012
202610011300,1382000.0,1393000.0,1381000.0,1388000.0,1633
202610011315,1389000.0,1389000.0,1381000.0,1386000.0,1486
202610011330,1386000.0,1388000.0,1375000.0,1379000.0,1491
202610011345,1379000.0,1380000.0,1368000.0,1373000.0,5631
202610011400,1372000.0,1380000.0,1369000.0,1370000.0,3110
202610011415,1370000.0,1378000.0,1369000.0,1376000.0,2909
202610011430,1376000.0,1380000.0,1373000.0,1374000.0,3091
202610011445,1375000.0,1384000.0,1373000.0,1377000.0,4287
202610011500,1374000.0,1383000.0,1374000.0,1382000.0,2538
202610011515,1382000.0,1384000.0,1379000.0,1384000.0,2472
202610020900,1347000.0,1351000.0,1327000.0,1338000.0,13386
202610020915,1339000.0,1339000.0,1328000.0,1336000.0,8678
202610020930,1332000.0,1338000.0,1327000.0,1328000.0,5127
202610020945,1329000.0,1333000.0,1328000.0,1328000.0,4513
202610021000,1329000.0,1329000.0,1315000.0,1317000.0,8808
202610021015,1317000.0,1317000.0,1304000.0,1304000.0,13284
202610021030,1304000.0,1309000.0,1298000.0,1298000.0,8626
202610021045,1298000.0,1301000.0,1295000.0,1295000.0,5496
202610021100,1295000.0,1300000.0,1289000.0,1299000.0,6051
202610021115,1299000.0,1305000.0,1298000.0,1303000.0,3943
202610021130,1302500.0,1303000.0,1295000.0,1297000.0,2193
202610021145,1298000.0,1300000.0,1293000.0,1298000.0,2281
202610021200,1298000.0,1305000.0,1295000.0,1300000.0,3138
202610021215,1300500.0,1303000.0,1298000.0,1300000.0,2109
202610021230,1300000.0,1300000.0,1289000.0,1290000.0,4995
202610021245,1291000.0,1294000.0,1287000.0,1287000.0,5259
202610021300,1288000.0,1289000.0,1286000.0,1288000.0,3897
202610021315,1288000.0,1297000.0,1287000.0,1297000.0,2769
202610021330,1296000.0,1313000.0,1296000.0,1308000.0,6754
202610021345,1308000.0,1324000.0,1308000.0,1324000.0,5446
202610021400,1324000.0,1337000.0,1322000.0,1334000.0,7023
202610021415,1333000.0,1336000.0,1329000.0,1330000.0,3908
202610021430,1330000.0,1335000.0,1320000.0,1334000.0,6041
202610021445,1335000.0,1335000.0,1331000.0,1333000.0,4499
202610021500,1333000.0,1341500.0,1333000.0,1340000.0,5589
202610021515,1341000.0,1342000.0,1340000.0,1341000.0,4623
