202601020945,114700.0,114800.0,113600.0,113600.0,436
202601021000,113500.0,113900.0,111100.0,111100.0,4472
202601021015,111100.0,111500.0,110600.0,110600.0,4763
202601021030,110600.0,112500.0,110100.0,111600.0,7837
202601021045,111500.0,111700.0,110800.0,111200.0,2342
202601021100,111300.0,112500.0,111200.0,112500.0,2219
202601021115,112500.0,113500.0,112400.0,113200.0,1983
202601021130,113100.0,113900.0,112800.0,112800.0,1129
202601021145,112900.0,113600.0,112800.0,113000.0,1377
202601021200,112900.0,113500.0,112900.0,113300.0,1078
202601021215,113200.0,113500.0,113100.0,113100.0,1000
202601021230,113200.0,113600.0,113100.0,113300.0,1108
202601021245,113300.0,113500.0,112800.0,113100.0,1242
202601021300,113100.0,113500.0,112800.0,112800.0,1572
202601021315,112900.0,113000.0,112300.0,112400.0,1808
202601021330,112400.0,112600.0,112200.0,112400.0,1440
202601021345,112400.0,112500.0,112200.0,112400.0,1907
202601021400,112600.0,113300.0,112400.0,112900.0,1416
202601021415,112800.0,112900.0,111600.0,112100.0,3989
202601021430,112100.0,113000.0,112100.0,112800.0,811
202601021445,112800.0,113200.0,112800.0,113000.0,1663
202601021500,113000.0,113300.0,112400.0,112400.0,1888
202601021515,112400.0,113100.0,112400.0,112500.0,879
202601050900,113600.0,116200.0,113500.0,115100.0,3113
202601050915,115200.0,116300.0,115200.0,116100.0,2704
202601050930,116100.0,116100.0,115000.0,115800.0,1702
202601050945,115900.0,116200.0,115300.0,115500.0,1682
202601051000,115500.0,115600.0,115100.0,115200.0,1172
202601051015,115300.0,116000.0,115100.0,115700.0,1102
202601051030,115700.0,116300.0,115700.0,116300.0,1231
202601051045,116300.0,117400.0,116200.0,117200.0,2932
202601051100,117300.0,118800.0,117000.0,118200.0,6230
202601051115,118200.0,118300.0,117000.0,117100.0,1708
202601051130,117000.0,117200.0,116400.0,116500.0,2412
202601051145,116500.0,117400.0,116400.0,117400.0,1432
202601051200,117500.0,118300.0,117400.0,117900.0,1227
202601051215,117900.0,117900.0,117300.0,117500.0,867
202601051230,117500.0,118200.0,117500.0,117600.0,1828
202601051245,117600.0,117800.0,117400.0,117400.0,1301
202601051300,117400.0,117500.0,117300.0,117300.0,1369
202601051315,117500.0,118300.0,117100.0,118100.0,2850
202601051330,118100.0,118700.0,118100.0,118600.0,2492
202601051345,118600.0,119000.0,118600.0,118600.0,1612
202601051400,118600.0,119100.0,118600.0,119100.0,1716
202601051415,119100.0,119600.0,118900.0,119200.0,3223
202601051430,119300.0,119700.0,119100.0,119400.0,2902
202601051445,119400.0,120100.0,119200.0,119700.0,4343
202601051500,119700.0,119900.0,119500.0,119500.0,2042
202601051515,119600.0,120000.0,119500.0,119700.0,2410
202601060900,119600.0,120000.0,117400.0,118800.0,2923
202601060915,118200.0,119200.0,117700.0,118500.0,2283
202601060930,118500.0,119500.0,118500.0,119000.0,1294
202601060945,119000.0,119100.0,117800.0,117800.0,1522
202601061000,117900.0,118000.0,112000.0,116500.0,1914
202601061015,116600.0,117200.0,116400.0,116600.0,1075
202601061030,116600.0,117200.0,116500.0,116600.0,1311
202601061045,116600.0,117500.0,116500.0,117300.0,1371
202601061100,117300.0,117300.0,116500.0,116700.0,1067
202601061115,116700.0,116800.0,116500.0,116500.0,879
202601061130,116600.0,116700.0,116200.0,116500.0,998
202601061145,116500.0,117300.0,116200.0,117000.0,1196
202601061200,116800.0,117300.0,116700.0,117000.0,886
202601061215,117000.0,117100.0,116700.0,116900.0,725
202601061230,116700.0,117000.0,116700.0,116800.0,641
202601061245,116800.0,117100.0,116600.0,117100.0,853
202601061300,117100.0,117300.0,117000.0,117300.0,1048
202601061315,117300.0,117900.0,117300.0,117800.0,839
202601061330,117800.0,118000.0,117700.0,117700.0,757
202601061345,117800.0,118000.0,116400.0,117300.0,3327
202601061400,117200.0,117400.0,116900.0,117000.0,1186
202601061415,117100.0,117300.0,116800.0,117300.0,1194
202601061430,117200.0,117500.0,117200.0,117300.0,849
202601061445,117200.0,117400.0,117000.0,117300.0,1135
202601061500,117200.0,117800.0,117000.0,117700.0,1294
202601061515,117700.0,118000.0,117600.0,117800.0,1168
202601070900,118000.0,119900.0,117600.0,118000.0,1738
202601070915,118000.0,118200.0,115900.0,115900.0,1210
202601070930,116000.0,116600.0,115700.0,116000.0,1318
202601070945,116100.0,117300.0,116000.0,117100.0,1213
202601071000,117100.0,117500.0,116900.0,117200.0,924
202601071015,117100.0,117300.0,116800.0,117200.0,910
202601071030,117200.0,117300.0,116600.0,116800.0,1034
202601071045,116700.0,117000.0,116100.0,116100.0,1121
202601071100,116100.0,116300.0,115800.0,116300.0,1271
202601071115,116300.0,117300.0,116200.0,117300.0,1271
202601071130,117300.0,117300.0,116800.0,116900.0,747
202601071145,116900.0,117400.0,116900.0,117200.0,713
202601071200,117100.0,117500.0,117100.0,117500.0,749
202601071215,117400.0,117700.0,117300.0,117500.0,854
202601071230,117300.0,117400.0,116900.0,117100.0,796
202601071245,117100.0,117200.0,116200.0,116200.0,1149
202601071300,116200.0,116300.0,115400.0,115400.0,1974
202601071315,115400.0,115600.0,115000.0,115400.0,1768
202601071330,115400.0,116000.0,115400.0,115600.0,1048
202601071345,115600.0,116400.0,115500.0,115900.0,1337
202601071400,116000.0,116300.0,115800.0,116200.0,938
202601071415,116200.0,116500.0,116000.0,116100.0,1427
202601071430,116100.0,116400.0,116000.0,116300.0,685
202601071445,116200.0,116500.0,116000.0,116300.0,818
202601071500,116300.0,117000.0,116000.0,116100.0,846
202601071515,116100.0,116400.0,116100.0,116300.0,380
202601080900,116400.0,118400.0,115500.0,118200.0,3768
202601080915,118200.0,118500.0,117800.0,118200.0,2348
202601080930,118300.0,119200.0,118300.0,119100.0,2452
202601080945,119200.0,119300.0,118000.0,118400.0,1874
202601081000,118300.0,118900.0,117900.0,118000.0,1447
202601081015,118000.0,118600.0,117900.0,118200.0,1117
202601081030,118200.0,118400.0,118000.0,118300.0,1261
202601081045,118300.0,118800.0,118300.0,118600.0,1118
202601081100,118700.0,118800.0,118400.0,118400.0,1408
202601081115,118400.0,118800.0,118400.0,118700.0,896
202601081130,118700.0,118800.0,117800.0,118100.0,2186
202601081145,117900.0,118000.0,117700.0,117800.0,1486
202601081200,117800.0,118000.0,117800.0,117900.0,954
202601081215,117900.0,118900.0,117900.0,118800.0,1577
202601081230,118800.0,118900.0,118100.0,118300.0,1332
202601081245,118200.0,118500.0,118200.0,118300.0,974
202601081300,118400.0,118600.0,117900.0,118200.0,2484
202601081315,118200.0,118700.0,118100.0,118600.0,1220
202601081330,118600.0,118700.0,118500.0,118700.0,1110
202601081345,118700.0,118800.0,118400.0,118600.0,1234
202601081400,118500.0,118800.0,118400.0,118800.0,1269
202601081415,118700.0,118800.0,118200.0,118700.0,1426
202601081430,118500.0,118800.0,118400.0,118600.0,1322
202601081445,118600.0,118700.0,117900.0,117900.0,1641
202601081500,117900.0,118200.0,117000.0,117600.0,2079
202601081515,117550.0,117600.0,117200.0,117500.0,1241
202601090900,118300.0,119600.0,118000.0,118500.0,2682
202601090915,118700.0,119600.0,118400.0,119550.0,2357
202601090930,119550.0,119800.0,119200.0,119500.0,1623
202601090945,119500.0,120000.0,119400.0,120000.0,1541
202601091000,120000.0,120200.0,119700.0,119900.0,3572
202601091015,119900.0,120200.0,119700.0,119700.0,1396
202601091030,119800.0,120000.0,119400.0,120000.0,1072
202601091045,119900.0,120700.0,119900.0,120500.0,2000
202601091100,120600.0,120700.0,120100.0,120400.0,1446
202601091115,120400.0,120700.0,120300.0,120300.0,1417
202601091130,120400.0,120500.0,119900.0,120400.0,1244
202601091145,120400.0,120600.0,120300.0,120600.0,628
202601091200,120600.0,120700.0,120400.0,120600.0,951
202601091215,120700.0,120700.0,120600.0,120700.0,874
202601091230,120700.0,120700.0,120300.0,120600.0,1096
202601091245,120500.0,120600.0,119800.0,119900.0,1229
202601091300,119800.0,120100.0,119800.0,119900.0,763
202601091315,119900.0,120400.0,119800.0,120100.0,1697
202601091330,120400.0,120400.0,119500.0,119600.0,1494
202601091345,119500.0,119600.0,118800.0,119600.0,1381
202601091400,119400.0,119700.0,119000.0,119200.0,990
202601091415,119200.0,119800.0,119200.0,119600.0,801
202601091430,119700.0,120000.0,119500.0,119900.0,1126
202601091445,119700.0,120300.0,119700.0,120200.0,1859
202601091500,120100.0,120400.0,120000.0,120200.0,1554
202601091515,120200.0,120500.0,120000.0,120500.0,942
202601120900,121100.0,123400.0,120700.0,121500.0,2966
202601120915,121600.0,121600.0,121100.0,121400.0,1202
202601120930,121400.0,122600.0,121400.0,122400.0,1706
202601120945,122300.0,123400.0,122300.0,123200.0,2090
202601121000,123200.0,123500.0,123000.0,123400.0,2489
202601121015,123400.0,125600.0,123300.0,125500.0,4554
202601121030,125400.0,126300.0,125000.0,126300.0,2127
202601121045,126300.0,126400.0,125500.0,125800.0,1833
202601121100,125800.0,126700.0,125600.0,126700.0,2504
202601121115,126500.0,126700.0,126300.0,126500.0,1342
202601121130,126500.0,126800.0,126500.0,126700.0,1385
202601121145,126700.0,127100.0,126600.0,126900.0,2159
202601121200,126800.0,126900.0,126500.0,126700.0,1532
202601121215,126700.0,127000.0,126600.0,126800.0,1718
202601121230,126800.0,127000.0,126400.0,126500.0,1582
202601121245,126500.0,126600.0,126100.0,126300.0,1718
202601121300,126300.0,126400.0,125000.0,125200.0,1801
202601121315,125100.0,125500.0,124600.0,125000.0,1631
202601121330,125000.0,125100.0,124700.0,125000.0,1320
202601121345,125000.0,125800.0,124800.0,125600.0,2108
202601121400,125600.0,125800.0,125200.0,125800.0,1300
202601121415,125700.0,126000.0,125300.0,125800.0,2038
202601121430,125700.0,125900.0,124800.0,125000.0,3593
202601121445,124900.0,125400.0,124500.0,125400.0,1572
202601121500,125400.0,126200.0,124700.0,125300.0,1764
202601121515,125300.0,126300.0,125200.0,125700.0,1246
202601130900,126500.0,129400.0,125100.0,129400.0,4468
202601130915,129500.0,130000.0,129100.0,129500.0,3121
202601130930,129400.0,131500.0,129200.0,131300.0,5746
202601130945,131100.0,131900.0,130600.0,131000.0,5254
202601131000,131000.0,131300.0,130100.0,130500.0,2043
202601131015,130600.0,131600.0,130300.0,131400.0,2066
202601131030,131400.0,131500.0,130900.0,130900.0,2037
202601131045,130900.0,131000.0,130300.0,130950.0,856
202601131100,130950.0,130950.0,129750.0,130400.0,1669
202601131115,130400.0,130500.0,129600.0,130200.0,1040
202601131130,130200.0,130600.0,130100.0,130300.0,1055
202601131145,130200.0,130300.0,129700.0,130100.0,717
202601131200,130000.0,130800.0,129700.0,130700.0,680
202601131215,130700.0,130900.0,129900.0,130400.0,887
202601131230,130400.0,130900.0,130100.0,130400.0,1486
202601131245,130400.0,130700.0,130300.0,130500.0,960
202601131300,130500.0,130500.0,130300.0,130400.0,676
202601131315,130600.0,130900.0,130500.0,130600.0,1230
202601131330,130500.0,130800.0,130300.0,130700.0,713
202601131345,130700.0,131200.0,130500.0,131200.0,1483
202601131400,131200.0,132500.0,131100.0,131600.0,7419
202601131415,131600.0,132100.0,131500.0,132000.0,995
202601131430,132000.0,132400.0,131600.0,132300.0,1464
202601131445,132300.0,132400.0,131700.0,132200.0,1333
202601131500,132200.0,132400.0,131500.0,131500.0,1723
202601131515,131500.0,132300.0,131000.0,132000.0,1115
202601140900,131700.0,137600.0,131700.0,136300.0,11714
202601140915,136500.0,137300.0,134200.0,137000.0,8316
202601140930,136800.0,137300.0,134000.0,134800.0,4493
202601140945,134600.0,135000.0,134300.0,134600.0,1679
202601141000,134600.0,135300.0,134600.0,135300.0,1546
202601141015,135100.0,135600.0,134900.0,135600.0,1952
202601141030,135600.0,135800.0,134500.0,134500.0,1564
202601141045,134500.0,134500.0,133800.0,134400.0,1434
202601141100,134300.0,134400.0,133900.0,134100.0,1414
202601141115,134200.0,135300.0,134000.0,135300.0,904
202601141130,135300.0,135400.0,134300.0,135000.0,878
202601141145,135000.0,135300.0,134800.0,135000.0,1249
202601141200,135000.0,135100.0,134800.0,135000.0,659
202601141215,135100.0,135900.0,135000.0,135900.0,1486
202601141230,135800.0,136700.0,135800.0,136600.0,1147
202601141245,136600.0,136900.0,135400.0,135700.0,1223
202601141300,135800.0,136100.0,135500.0,136000.0,901
202601141315,135900.0,138500.0,135800.0,137300.0,9680
202601141330,137300.0,137300.0,136100.0,137300.0,3115
202601141345,137300.0,137500.0,136800.0,137000.0,1367
202601141400,137000.0,137100.0,136300.0,137000.0,2213
202601141415,137000.0,137500.0,136900.0,137300.0,1245
202601141430,137300.0,138000.0,136700.0,137600.0,2168
202601141445,137800.0,137900.0,137100.0,137100.0,2514
202601141500,137500.0,137500.0,136200.0,136700.0,3832
202601141515,136700.0,136900.0,136100.0,136900.0,1791
202601150900,155600.0,163900.0,153000.0,160700.0,91462
202601150915,160800.0,161300.0,154100.0,156000.0,51755
202601150930,155900.0,157800.0,153800.0,157300.0,21602
202601150945,157100.0,157300.0,152200.0,152200.0,18264
202601151000,152400.0,152950.0,147900.0,147900.0,24580
202601151015,147900.0,148200.0,146100.0,148100.0,12541
202601151030,148200.0,148600.0,146600.0,147100.0,5925
202601151045,147100.0,148900.0,146600.0,148900.0,5620
202601151100,148900.0,149400.0,147500.0,147650.0,5486
202601151115,147650.0,149000.0,147500.0,148300.0,4872
202601151130,148500.0,150000.0,148200.0,149600.0,3229
202601151145,149700.0,152500.0,149000.0,151900.0,7449
202601151200,152000.0,152300.0,150700.0,151400.0,2993
202601151215,151400.0,151800.0,151100.0,151600.0,2053
202601151230,151600.0,151600.0,150300.0,150500.0,2615
202601151245,150600.0,150800.0,149700.0,150800.0,2186
202601151300,150700.0,152700.0,149900.0,151800.0,6181
202601151315,151800.0,152400.0,150500.0,151100.0,3864
202601151330,150900.0,151300.0,150200.0,150600.0,2667
202601151345,150700.0,151000.0,149500.0,149700.0,4010
202601151400,149700.0,150700.0,149500.0,150400.0,3574
202601151415,150300.0,152400.0,150200.0,152400.0,6657
202601151430,152400.0,152900.0,151400.0,152100.0,5223
202601151445,152200.0,152200.0,150700.0,151200.0,5936
202601151500,151100.0,151400.0,150500.0,150600.0,5849
202601151515,150500.0,151400.0,150500.0,151300.0,6362
202601160900,148700.0,152000.0,147700.0,147800.0,8430
202601160915,148000.0,149400.0,146400.0,148000.0,9526
202601160930,148100.0,148500.0,146400.0,146500.0,6307
202601160945,146400.0,147800.0,145500.0,146100.0,5490
202601161000,146300.0,149100.0,146300.0,148100.0,2223
202601161015,148100.0,148200.0,147400.0,147700.0,1576
202601161030,147700.0,148200.0,147000.0,147300.0,1463
202601161045,147000.0,147500.0,145600.0,147200.0,3079
202601161100,146500.0,148000.0,146200.0,147600.0,1818
202601161115,147600.0,149400.0,147600.0,148200.0,2479
202601161130,148100.0,148400.0,147800.0,148000.0,963
202601161145,147900.0,148100.0,147500.0,147700.0,1135
202601161200,147700.0,148400.0,146900.0,147900.0,2089
202601161215,148000.0,148000.0,147300.0,147800.0,1744
202601161230,148000.0,148000.0,146800.0,147900.0,3708
202601161245,147200.0,148000.0,145900.0,146600.0,9467
202601161300,146350.0,147000.0,145300.0,145600.0,4271
202601161315,145600.0,146400.0,144700.0,144800.0,3800
202601161330,144800.0,145500.0,144400.0,144900.0,3327
202601161345,144900.0,146000.0,144900.0,145400.0,1766
202601161400,145400.0,146200.0,145400.0,145500.0,1913
202601161415,145500.0,146300.0,145300.0,146100.0,2774
202601161430,146200.0,147100.0,145900.0,146000.0,2208
202601161445,146000.0,146300.0,145600.0,145900.0,1837
202601161500,145900.0,146000.0,145300.0,145400.0,1721
202601161515,145400.0,146500.0,145300.0,145700.0,2236
202601190900,144900.0,151300.0,144900.0,150000.0,7264
202601190915,149400.0,153600.0,149200.0,152000.0,7844
202601190930,152400.0,152500.0,149900.0,150300.0,3500
202601190945,150200.0,151000.0,149900.0,150700.0,1553
202601191000,151000.0,152600.0,150700.0,151700.0,3115
202601191015,151700.0,151900.0,150200.0,150800.0,1124
202601191030,150600.0,151700.0,150100.0,151700.0,1511
202601191045,151700.0,151900.0,150800.0,150800.0,1009
202601191100,150600.0,150900.0,150200.0,150800.0,1020
202601191115,150400.0,151300.0,150300.0,151000.0,772
202601191130,151000.0,151000.0,150500.0,150700.0,424
202601191145,150800.0,150900.0,150400.0,150800.0,475
202601191200,150800.0,150900.0,150300.0,150400.0,337
202601191215,150400.0,151100.0,150300.0,150900.0,1047
202601191230,151000.0,151000.0,150500.0,150500.0,425
202601191245,150600.0,153200.0,150500.0,151700.0,5973
202601191300,151600.0,152000.0,150500.0,151100.0,2010
202601191315,151100.0,151600.0,150500.0,151000.0,1611
202601191330,151000.0,151800.0,150800.0,151600.0,1662
202601191345,151600.0,151700.0,151200.0,151600.0,1550
202601191400,151500.0,151900.0,151200.0,151800.0,1923
202601191415,151800.0,152000.0,151400.0,152000.0,2608
202601191430,152000.0,152000.0,151600.0,151700.0,2259
202601191445,151800.0,152300.0,151600.0,151900.0,2358
202601191500,151900.0,152300.0,151700.0,151900.0,3064
202601191515,151900.0,153000.0,151800.0,153000.0,4052
202601200900,152100.0,158200.0,150800.0,151600.0,9472
202601200915,151800.0,153400.0,150900.0,153300.0,4638
202601200930,153100.0,153800.0,152500.0,153700.0,2109
202601200945,153600.0,154500.0,152800.0,153500.0,2495
202601201000,153200.0,154400.0,152800.0,154400.0,1592
202601201015,154100.0,155000.0,153900.0,154800.0,1941
202601201030,154800.0,157200.0,154300.0,157000.0,2608
202601201045,156500.0,157400.0,156200.0,156600.0,1891
202601201100,156600.0,156900.0,155900.0,156300.0,1128
202601201115,156300.0,156400.0,155500.0,156000.0,1061
202601201130,156100.0,156900.0,155700.0,156900.0,990
202601201145,156900.0,156900.0,156300.0,156800.0,778
202601201200,156700.0,159400.0,156300.0,157300.0,5938
202601201215,157300.0,158400.0,157200.0,157700.0,1296
202601201230,157700.0,158400.0,157700.0,158300.0,1236
202601201245,158100.0,159000.0,158000.0,158900.0,1787
202601201300,158900.0,159400.0,158700.0,158800.0,1243
202601201315,158900.0,162400.0,158700.0,160100.0,8247
202601201330,160100.0,160700.0,158900.0,159000.0,2155
202601201345,159000.0,161200.0,158900.0,160100.0,3592
202601201400,160000.0,160600.0,159900.0,160400.0,1553
202601201415,160500.0,160800.0,160200.0,160600.0,1698
202601201430,160500.0,160800.0,159100.0,160100.0,2583
202601201445,160200.0,160800.0,159500.0,160800.0,3880
202601201500,160500.0,160800.0,158900.0,159100.0,3003
202601201515,159200.0,159600.0,158800.0,159400.0,1873
202601210900,153800.0,154800.0,152000.0,153000.0,5762
202601210915,153200.0,153800.0,151000.0,153700.0,5036
202601210930,153700.0,153700.0,151300.0,151400.0,2664
202601210945,151400.0,154000.0,151000.0,153800.0,3228
202601211000,154000.0,154600.0,153600.0,154300.0,1935
202601211015,154500.0,154700.0,153600.0,154000.0,1979
202601211030,154000.0,154600.0,153600.0,154100.0,1663
202601211045,154000.0,154700.0,153800.0,154400.0,1751
202601211100,154400.0,154600.0,154000.0,154200.0,1515
202601211115,154200.0,154400.0,152200.0,152300.0,1724
202601211130,152200.0,153200.0,151500.0,151900.0,3170
202601211145,151700.0,153200.0,151300.0,152100.0,2006
202601211200,152300.0,153100.0,152200.0,153000.0,1031
202601211215,153100.0,153800.0,152100.0,152100.0,1217
202601211230,152100.0,152200.0,151600.0,151600.0,1766
202601211245,151600.0,151700.0,150200.0,150500.0,3668
202601211300,150500.0,150800.0,150500.0,150500.0,1780
202601211315,150500.0,150500.0,149800.0,149900.0,2389
202601211330,149800.0,150200.0,149700.0,150200.0,1764
202601211345,150100.0,151000.0,150100.0,150500.0,1691
202601211400,150300.0,151100.0,150200.0,150600.0,2002
202601211415,150500.0,151900.0,150400.0,150700.0,2701
202601211430,150800.0,151600.0,150700.0,151000.0,1872
202601211445,151100.0,151200.0,150800.0,151000.0,2202
202601211500,151000.0,151900.0,150800.0,151100.0,2314
202601211515,151700.0,151700.0,150700.0,151200.0,2262
202601220900,153900.0,153900.0,150800.0,150900.0,4483
202601220915,151000.0,152000.0,149800.0,150500.0,3050
202601220930,151000.0,151000.0,148800.0,149900.0,3133
202601220945,149900.0,149900.0,148900.0,149600.0,1778
202601221000,149600.0,150900.0,149000.0,149400.0,1821
202601221015,149400.0,149900.0,149200.0,149500.0,982
202601221030,149500.0,151000.0,149400.0,150800.0,1536
202601221045,150800.0,150800.0,149800.0,149900.0,983
202601221100,149900.0,150800.0,149900.0,150000.0,1332
202601221115,150000.0,150100.0,149300.0,149300.0,1687
202601221130,149300.0,150000.0,149000.0,149700.0,1537
202601221145,149700.0,150700.0,149700.0,150300.0,1306
202601221200,150300.0,150900.0,150200.0,150800.0,827
202601221215,150900.0,150900.0,150700.0,150800.0,601
202601221230,150800.0,150800.0,149900.0,150100.0,855
202601221245,150100.0,150500.0,149900.0,149900.0,710
202601221300,150000.0,150000.0,149700.0,149900.0,994
202601221315,149900.0,152100.0,149800.0,151500.0,2204
202601221330,151500.0,152900.0,151200.0,152700.0,4198
202601221345,152700.0,152800.0,152400.0,152400.0,2998
202601221400,152400.0,152600.0,151400.0,152500.0,2618
202601221415,152400.0,153300.0,152000.0,153100.0,3490
202601221430,153100.0,154300.0,152700.0,153500.0,4810
202601221445,153500.0,154000.0,151400.0,151500.0,4314
202601221500,151500.0,153000.0,151100.0,151200.0,3759
202601221515,151200.0,153000.0,151200.0,151500.0,2566
202601230900,153000.0,153600.0,151400.0,152400.0,1380
202601230915,152600.0,155800.0,152600.0,154400.0,2902
202601230930,154300.0,156500.0,153400.0,155900.0,2020
202601230945,155800.0,156000.0,155000.0,155400.0,1738
202601231000,155700.0,155800.0,152800.0,154000.0,806
202601231015,154100.0,155000.0,153800.0,154000.0,1332
202601231030,153900.0,153900.0,152100.0,152300.0,1065
202601231045,152200.0,152600.0,152000.0,152100.0,700
202601231100,152000.0,152900.0,151600.0,152100.0,1661
202601231115,152000.0,153000.0,151800.0,153000.0,2413
202601231130,153000.0,153000.0,152200.0,152200.0,538
202601231145,152200.0,152300.0,152100.0,152200.0,230
202601231200,152300.0,153500.0,152300.0,153100.0,599
202601231215,153200.0,153700.0,152700.0,153700.0,502
202601231230,153800.0,153900.0,153400.0,153500.0,396
202601231245,153500.0,155200.0,153500.0,154500.0,2050
202601231300,154300.0,154900.0,152100.0,154800.0,617
202601231315,154700.0,155300.0,154300.0,155200.0,1577
202601231330,155300.0,155300.0,154600.0,155000.0,720
202601231345,155000.0,155100.0,152200.0,153800.0,971
202601231400,153700.0,155200.0,153000.0,154900.0,919
202601231415,154700.0,155000.0,154500.0,154900.0,465
202601231430,154900.0,155100.0,154700.0,154700.0,793
202601231445,154700.0,154800.0,154100.0,154400.0,890
202601231500,154500.0,154800.0,153500.0,154300.0,1312
202601231515,154100.0,155100.0,154100.0,154400.0,1147
202601260900,154300.0,156600.0,152900.0,156000.0,1649
202601260915,155800.0,157500.0,154500.0,156700.0,3197
202601260930,155900.0,157000.0,155400.0,156100.0,1795
202601260945,155600.0,156200.0,155000.0,155100.0,670
202601261000,155000.0,156500.0,154900.0,154900.0,917
202601261015,154900.0,155700.0,154100.0,154900.0,1094
202601261030,155000.0,155400.0,153100.0,153300.0,738
202601261045,153500.0,154400.0,153000.0,153600.0,1039
202601261100,153600.0,153600.0,153000.0,153200.0,462
202601261115,153100.0,153400.0,153000.0,153100.0,843
202601261130,153100.0,153400.0,153100.0,153200.0,510
202601261145,153200.0,153400.0,152900.0,153000.0,581
202601261200,153000.0,153100.0,152700.0,152700.0,428
202601261215,152700.0,153000.0,152600.0,152600.0,331
202601261230,152600.0,153500.0,152400.0,152900.0,452
202601261245,152800.0,152900.0,152100.0,152200.0,853
202601261300,152300.0,152300.0,151600.0,151700.0,594
202601261315,151700.0,151900.0,151500.0,151600.0,573
202601261330,151500.0,152200.0,151100.0,151500.0,988
202601261345,151500.0,151900.0,151000.0,151100.0,773
202601261400,151100.0,151500.0,151100.0,151300.0,1857
202601261415,151400.0,152300.0,151200.0,151700.0,870
202601261430,151500.0,152100.0,151100.0,151300.0,814
202601261445,151900.0,151900.0,151000.0,151000.0,935
202601261500,151100.0,151800.0,150700.0,150700.0,1281
202601261515,150700.0,151500.0,150700.0,150800.0,762
202601270900,150400.0,150600.0,146600.0,147600.0,2929
202601270915,147600.0,148800.0,147600.0,147700.0,1655
202601270930,148100.0,149000.0,147700.0,148100.0,1025
202601270945,148000.0,148500.0,147900.0,147900.0,574
202601271000,148000.0,148000.0,147300.0,147900.0,1218
202601271015,147900.0,148400.0,147700.0,148100.0,502
202601271030,148000.0,148200.0,147700.0,148100.0,417
202601271045,148100.0,149100.0,148000.0,148700.0,1270
202601271100,148700.0,148900.0,148300.0,148400.0,1111
202601271115,148500.0,149400.0,148300.0,148800.0,772
202601271130,148800.0,149000.0,148500.0,148700.0,772
202601271145,148700.0,149100.0,148700.0,149000.0,592
202601271200,149000.0,149200.0,148600.0,148700.0,573
202601271215,148700.0,149200.0,148600.0,148700.0,673
202601271230,148600.0,149200.0,148500.0,148600.0,640
202601271245,148600.0,149300.0,148600.0,149100.0,593
202601271300,149000.0,149500.0,148800.0,149300.0,893
202601271315,149300.0,149700.0,148300.0,148600.0,1211
202601271330,148600.0,148800.0,148400.0,148800.0,1253
202601271345,148800.0,149400.0,148200.0,149400.0,1860
202601271400,149000.0,149300.0,148200.0,148500.0,1272
202601271415,148200.0,149400.0,148000.0,149300.0,1466
202601271430,148500.0,149800.0,148500.0,149600.0,1768
202601271445,148900.0,149700.0,148700.0,148800.0,1595
202601271500,148800.0,149800.0,148700.0,148900.0,1475
202601271515,148900.0,150400.0,148800.0,150000.0,1449
202601280900,150300.0,151500.0,148800.0,151100.0,3056
202601280915,151000.0,152700.0,150200.0,151000.0,4052
202601280930,151000.0,152700.0,151000.0,152100.0,2604
202601280945,152100.0,154000.0,151800.0,153600.0,5245
202601281000,153600.0,156000.0,153400.0,155700.0,5310
202601281015,155200.0,155900.0,151000.0,154700.0,3202
202601281030,154700.0,154700.0,151500.0,153100.0,1121
202601281045,153000.0,153100.0,151100.0,152400.0,1267
202601281100,152400.0,152400.0,151300.0,151400.0,2387
202601281115,151200.0,151400.0,150000.0,150300.0,2869
202601281130,150400.0,150700.0,150000.0,150100.0,1268
202601281145,150100.0,151900.0,150000.0,151200.0,2130
202601281200,151000.0,151500.0,150800.0,151200.0,759
202601281215,151200.0,151300.0,150700.0,150800.0,769
202601281230,150800.0,151000.0,150300.0,150700.0,836
202601281245,150700.0,151500.0,150700.0,151400.0,2144
202601281300,151400.0,151500.0,150700.0,150700.0,728
202601281315,150700.0,151500.0,150700.0,151500.0,978
202601281330,151400.0,152400.0,151400.0,152300.0,1502
202601281345,152300.0,152300.0,151600.0,152200.0,1100
202601281400,151900.0,152200.0,151400.0,151700.0,1253
202601281415,151600.0,151800.0,151000.0,151000.0,969
202601281430,151100.0,152000.0,150800.0,151500.0,1418
202601281445,151500.0,152300.0,151400.0,152300.0,1635
202601281500,152300.0,152300.0,151600.0,151600.0,2327
202601281515,151600.0,151800.0,151500.0,151500.0,1560
202601290900,153500.0,155000.0,151000.0,152800.0,2391
202601290915,152800.0,153900.0,150800.0,150800.0,2591
202601290930,150800.0,152500.0,147300.0,152400.0,3973
202601290945,151800.0,153300.0,150600.0,152200.0,1664
202601291000,151700.0,152100.0,151300.0,151400.0,813
202601291015,151300.0,151600.0,148000.0,150900.0,2841
202601291030,151600.0,152200.0,150600.0,151000.0,1045
202601291045,151600.0,152200.0,151000.0,152200.0,899
202601291100,152100.0,153400.0,151600.0,153000.0,3291
202601291115,152700.0,155800.0,152500.0,155100.0,4059
202601291130,155200.0,155200.0,153800.0,154500.0,2651
202601291145,154600.0,157000.0,154300.0,156700.0,3135
202601291200,156700.0,157500.0,156200.0,156500.0,3272
202601291215,156500.0,156600.0,154300.0,155800.0,1906
202601291230,155400.0,156500.0,154700.0,156200.0,1536
202601291245,156200.0,156200.0,155100.0,155500.0,632
202601291300,156000.0,156900.0,154300.0,156300.0,2241
202601291315,156900.0,159000.0,156200.0,157700.0,4292
202601291330,157600.0,158000.0,157000.0,157800.0,1204
202601291345,157600.0,158000.0,157200.0,157200.0,1349
202601291400,158000.0,158000.0,157100.0,157500.0,1464
202601291415,157600.0,158000.0,157200.0,157500.0,1491
202601291430,157200.0,157900.0,156700.0,157900.0,2137
202601291445,157000.0,158000.0,156200.0,156800.0,2706
202601291500,156800.0,157800.0,156700.0,157100.0,1812
202601291515,157100.0,157900.0,157100.0,157800.0,1961
202601300900,155800.0,157800.0,153900.0,157500.0,2004
202601300915,157500.0,158600.0,156000.0,157300.0,2064
202601300930,157300.0,157900.0,156700.0,156700.0,1249
202601300945,156900.0,157100.0,156200.0,157100.0,1380
202601301000,157100.0,157200.0,156400.0,156800.0,749
202601301015,156700.0,157900.0,156200.0,157000.0,959
202601301030,156500.0,157000.0,155000.0,155000.0,1083
202601301045,154900.0,155200.0,154100.0,155200.0,2198
202601301100,154900.0,155700.0,154300.0,154300.0,735
202601301115,154200.0,154300.0,151600.0,152000.0,3409
202601301130,152000.0,153000.0,151600.0,152400.0,523
202601301145,152400.0,153900.0,152300.0,153700.0,634
202601301200,153700.0,153900.0,153300.0,153600.0,430
202601301215,153600.0,153800.0,153100.0,153400.0,395
202601301230,153400.0,153800.0,151600.0,151700.0,1674
202601301245,151600.0,152000.0,151500.0,152000.0,1554
202601301300,151800.0,153600.0,151700.0,153300.0,786
202601301315,153500.0,153900.0,153000.0,153400.0,1978
202601301330,153300.0,153900.0,153300.0,153600.0,895
202601301345,153600.0,154500.0,153200.0,154000.0,1716
202601301400,154100.0,154600.0,154100.0,154400.0,1061
202601301415,154300.0,154600.0,153900.0,154400.0,1304
202601301430,154300.0,154700.0,153300.0,154300.0,1470
202601301445,154200.0,154500.0,153400.0,154200.0,1345
202601301500,154100.0,154500.0,153500.0,154300.0,1894
202601301515,153600.0,154300.0,152800.0,152800.0,1831
202602020900,148800.0,148900.0,140000.0,146700.0,3182
202602020915,146800.0,150000.0,146700.0,148400.0,2356
202602020930,148500.0,148900.0,147100.0,148900.0,1598
202602020945,148900.0,148900.0,147400.0,148000.0,590
202602021000,148000.0,148000.0,145100.0,145300.0,2811
202602021015,145200.0,146800.0,144100.0,144400.0,2593
202602021030,144200.0,144700.0,142400.0,143300.0,4319
202602021045,142900.0,144000.0,142400.0,143000.0,1538
202602021100,143000.0,143000.0,140700.0,140900.0,3172
202602021115,140900.0,141300.0,140000.0,141200.0,3384
202602021130,141200.0,141200.0,139800.0,140000.0,2793
202602021145,139900.0,140400.0,139200.0,139200.0,2763
202602021200,139300.0,140700.0,139000.0,140000.0,1921
202602021215,139900.0,140500.0,139300.0,139700.0,1338
202602021230,139900.0,142700.0,138800.0,139100.0,3397
202602021245,139100.0,139500.0,137900.0,138600.0,3661
202602021300,138600.0,138800.0,137300.0,138000.0,4158
202602021315,138000.0,140200.0,138000.0,139900.0,3139
202602021330,139600.0,140900.0,139500.0,140800.0,2113
202602021345,140800.0,141100.0,139300.0,139500.0,2700
202602021400,139400.0,139800.0,138200.0,138300.0,3011
202602021415,138300.0,138800.0,137400.0,137500.0,3261
202602021430,137600.0,139900.0,137200.0,137200.0,3234
202602021445,137200.0,139700.0,136800.0,138000.0,5190
202602021500,138000.0,138500.0,136900.0,137000.0,2178
202602021515,137300.0,138100.0,137000.0,137300.0,2775
202602030900,140000.0,142700.0,138600.0,142500.0,3737
202602030915,142600.0,143400.0,140800.0,140900.0,2316
202602030930,140900.0,144000.0,140900.0,143800.0,2291
202602030945,143700.0,145000.0,142800.0,145000.0,2780
202602031000,144600.0,147500.0,144600.0,147300.0,3007
202602031015,147400.0,147500.0,146000.0,147000.0,1326
202602031030,146900.0,148100.0,146200.0,147500.0,2305
202602031045,147600.0,147800.0,146400.0,147000.0,1787
202602031100,147100.0,147400.0,146100.0,146900.0,1470
202602031115,146900.0,147500.0,146700.0,146800.0,1303
202602031130,146800.0,147100.0,141800.0,146800.0,1523
202602031145,146600.0,147500.0,146500.0,147500.0,1332
202602031200,147300.0,147500.0,147000.0,147400.0,1147
202602031215,147400.0,148000.0,147200.0,147800.0,1457
202602031230,147600.0,148000.0,147500.0,147500.0,1340
202602031245,147800.0,147900.0,147400.0,147800.0,1002
202602031300,147800.0,148500.0,147700.0,148500.0,1738
202602031315,148500.0,148700.0,147800.0,148000.0,1434
202602031330,148300.0,148400.0,148000.0,148100.0,936
202602031345,148100.0,148500.0,147600.0,147600.0,1053
202602031400,147600.0,147600.0,146500.0,146600.0,886
202602031415,146700.0,147300.0,146600.0,147200.0,707
202602031430,147200.0,148000.0,146900.0,148000.0,763
202602031445,147700.0,147800.0,146800.0,147300.0,1367
202602031500,147300.0,148200.0,147300.0,148200.0,677
202602031515,148200.0,148400.0,146500.0,147900.0,1094
202602040900,145300.0,149400.0,145000.0,147500.0,1469
202602040915,147500.0,148900.0,146100.0,147100.0,975
202602040930,146900.0,148900.0,146900.0,148200.0,598
202602040945,148400.0,148800.0,146600.0,147700.0,1256
202602041000,147700.0,148900.0,147600.0,148000.0,843
202602041015,148000.0,148900.0,147600.0,148200.0,896
202602041030,148200.0,150100.0,148100.0,149700.0,2740
202602041045,149700.0,150100.0,148400.0,149500.0,807
202602041100,149500.0,150100.0,148900.0,149500.0,1062
202602041115,149500.0,150100.0,148600.0,148700.0,1563
202602041130,148600.0,149900.0,148600.0,148900.0,550
202602041145,148900.0,149000.0,148100.0,148600.0,495
202602041200,148100.0,149000.0,147600.0,148100.0,1023
202602041215,148100.0,149900.0,147600.0,148500.0,409
202602041230,148600.0,149400.0,147600.0,148500.0,518
202602041245,148300.0,149700.0,147500.0,147900.0,489
202602041300,147600.0,148300.0,147000.0,147200.0,943
202602041315,147900.0,148300.0,147000.0,147800.0,1054
202602041330,147800.0,151200.0,147700.0,148600.0,3145
202602041345,148500.0,148900.0,147000.0,148200.0,1407
202602041400,147500.0,148800.0,147400.0,148100.0,956
202602041415,148100.0,149500.0,147900.0,149000.0,1110
202602041430,148700.0,149500.0,148100.0,149500.0,1421
202602041445,149400.0,149900.0,148500.0,149200.0,937
202602041500,149100.0,149900.0,148500.0,149800.0,1127
202602041515,149600.0,149900.0,149400.0,149900.0,1347
202602050900,148400.0,153200.0,148300.0,150600.0,5739
202602050915,150700.0,152100.0,148600.0,151200.0,4958
202602050930,151200.0,151200.0,148100.0,148200.0,2383
202602050945,148200.0,149500.0,148200.0,148800.0,1509
202602051000,148800.0,148900.0,148600.0,148900.0,826
202602051015,148900.0,149100.0,147300.0,147500.0,1530
202602051030,147500.0,148100.0,147000.0,147800.0,1048
202602051045,147800.0,147800.0,147200.0,147400.0,912
202602051100,147300.0,147500.0,146400.0,146600.0,1952
202602051115,146700.0,147000.0,146300.0,147000.0,1190
202602051130,146800.0,147300.0,146700.0,147300.0,512
202602051145,147100.0,147400.0,145000.0,145400.0,1218
202602051200,145400.0,145600.0,145100.0,145600.0,669
202602051215,145200.0,146000.0,145100.0,145700.0,807
202602051230,145700.0,145800.0,145400.0,145800.0,613
202602051245,145600.0,145900.0,144500.0,145400.0,1169
202602051300,145300.0,145800.0,144300.0,144500.0,878
202602051315,144300.0,144800.0,144000.0,144400.0,1159
202602051330,144400.0,145800.0,144400.0,145700.0,1184
202602051345,145900.0,146200.0,145300.0,145800.0,1102
202602051400,145800.0,145900.0,145200.0,145200.0,914
202602051415,145200.0,145600.0,144900.0,145600.0,1319
202602051430,145600.0,146300.0,145200.0,145600.0,2139
202602051445,145500.0,145600.0,145000.0,145300.0,1388
202602051500,145200.0,145300.0,144300.0,145000.0,2064
202602051515,145100.0,145600.0,144600.0,145600.0,1091
202602060900,140600.0,141600.0,135100.0,137000.0,4395
202602060915,137500.0,139800.0,136500.0,139700.0,3292
202602060930,139700.0,140900.0,139200.0,140900.0,2026
202602060945,140900.0,141900.0,139800.0,140500.0,3311
202602061000,140500.0,140900.0,139700.0,139800.0,1420
202602061015,139700.0,139700.0,138800.0,139100.0,1094
202602061030,139100.0,139500.0,138600.0,139500.0,895
202602061045,139500.0,140500.0,139500.0,140500.0,654
202602061100,140500.0,140600.0,139900.0,140500.0,1312
202602061115,140500.0,141300.0,140200.0,141300.0,1319
202602061130,141300.0,141800.0,141000.0,141300.0,777
202602061145,141400.0,141400.0,140600.0,141100.0,985
202602061200,140900.0,141000.0,140200.0,140400.0,481
202602061215,140400.0,140600.0,140000.0,140400.0,549
202602061230,141200.0,141200.0,139700.0,139700.0,678
202602061245,139700.0,141100.0,139500.0,140800.0,846
202602061300,140700.0,140800.0,140100.0,140400.0,762
202602061315,140200.0,140400.0,139700.0,139800.0,658
202602061330,139700.0,139800.0,138500.0,138700.0,1597
202602061345,138700.0,138700.0,138100.0,138300.0,813
202602061400,138200.0,138400.0,137100.0,137200.0,2886
202602061415,137300.0,138000.0,137100.0,137900.0,785
202602061430,137900.0,139800.0,137900.0,139200.0,946
202602061445,139200.0,139800.0,138900.0,139700.0,1023
202602061500,139500.0,139800.0,139400.0,139800.0,935
202602061515,139800.0,140000.0,139700.0,140000.0,1143
202602090900,142600.0,145500.0,141900.0,145100.0,2221
202602090915,145100.0,147200.0,144500.0,146600.0,2965
202602090930,146500.0,147700.0,145900.0,146800.0,1630
202602090945,146800.0,148900.0,146500.0,147700.0,1374
202602091000,147700.0,150800.0,147700.0,150400.0,2699
202602091015,150400.0,150400.0,147300.0,148600.0,1247
202602091030,148500.0,148500.0,147000.0,147400.0,726
202602091045,147400.0,148400.0,147300.0,148250.0,657
202602091100,148300.0,151000.0,148250.0,150600.0,2472
202602091115,150500.0,150500.0,149300.0,149650.0,946
202602091130,149700.0,150000.0,149600.0,150000.0,666
202602091145,149950.0,150000.0,148800.0,149100.0,689
202602091200,149050.0,150000.0,149050.0,150000.0,474
202602091215,149900.0,150000.0,149700.0,149900.0,556
202602091230,149900.0,150000.0,149400.0,149400.0,614
202602091245,149300.0,149400.0,148700.0,148750.0,564
202602091300,148800.0,149000.0,148500.0,148700.0,630
202602091315,148900.0,148900.0,148600.0,148700.0,433
202602091330,148650.0,149500.0,148400.0,149400.0,937
202602091345,149500.0,150800.0,149100.0,150200.0,2168
202602091400,150100.0,150400.0,149800.0,150200.0,767
202602091415,150250.0,150300.0,149800.0,149900.0,683
202602091430,149900.0,150100.0,149600.0,149600.0,1054
202602091445,149600.0,150400.0,149500.0,150100.0,1072
202602091500,150000.0,151300.0,149800.0,150800.0,3459
202602091515,150700.0,151400.0,150600.0,151400.0,2417
202602100900,152600.0,153600.0,151600.0,152600.0,1592
202602100915,152600.0,152700.0,150500.0,150900.0,1475
202602100930,151100.0,151500.0,149500.0,150200.0,1774
202602100945,150200.0,150200.0,149400.0,149500.0,983
202602101000,149500.0,150300.0,149000.0,149400.0,1631
202602101015,149400.0,150000.0,148900.0,148900.0,844
202602101030,148900.0,149100.0,147600.0,148300.0,1584
202602101045,148400.0,149600.0,148100.0,149500.0,734
202602101100,149300.0,150600.0,148900.0,149600.0,2281
202602101115,149600.0,150200.0,149100.0,149900.0,641
202602101130,149800.0,150100.0,149500.0,149500.0,716
202602101145,149800.0,149900.0,148900.0,149700.0,665
202602101200,149700.0,150000.0,149200.0,149700.0,732
202602101215,149200.0,150000.0,148800.0,149800.0,1116
202602101230,149100.0,150000.0,149000.0,149800.0,709
202602101245,149200.0,149900.0,148700.0,149000.0,956
202602101300,149100.0,149700.0,149000.0,149000.0,894
202602101315,149100.0,150100.0,148700.0,149800.0,1304
202602101330,149800.0,150300.0,149500.0,150300.0,745
202602101345,150300.0,151000.0,150300.0,150700.0,758
202602101400,150700.0,151400.0,150200.0,151000.0,1477
202602101415,150900.0,151100.0,150200.0,150200.0,958
202602101430,150200.0,150700.0,150200.0,150400.0,1225
202602101445,150400.0,150800.0,150300.0,150600.0,1293
202602101500,150700.0,150700.0,150300.0,150400.0,1535
202602101515,150300.0,150400.0,150000.0,150300.0,1165
202602110900,151100.0,153000.0,149300.0,149300.0,1330
202602110915,149200.0,150400.0,148000.0,150000.0,1345
202602110930,150400.0,151500.0,149500.0,149500.0,1328
202602110945,149500.0,150900.0,145500.0,150700.0,1574
202602111000,150700.0,151500.0,150500.0,150600.0,1159
202602111015,150600.0,150700.0,150000.0,150100.0,694
202602111030,150100.0,150300.0,149500.0,149900.0,663
202602111045,149800.0,149900.0,149500.0,149600.0,890
202602111100,149600.0,149700.0,148900.0,148900.0,736
202602111115,148900.0,149100.0,148400.0,148400.0,582
202602111130,148450.0,148500.0,148000.0,148100.0,1179
202602111145,148200.0,148400.0,148100.0,148400.0,540
202602111200,148300.0,148500.0,148300.0,148300.0,659
202602111215,148300.0,148400.0,148300.0,148300.0,227
202602111230,148300.0,148800.0,148300.0,148800.0,845
202602111245,148600.0,149800.0,148600.0,149500.0,716
202602111300,149600.0,150400.0,149600.0,149700.0,1290
202602111315,149700.0,149800.0,149500.0,149500.0,1100
202602111330,149600.0,149600.0,149000.0,149300.0,1007
202602111345,149300.0,149300.0,149000.0,149300.0,679
202602111400,149300.0,149400.0,149100.0,149200.0,675
202602111415,149200.0,149300.0,148600.0,148600.0,1271
202602111430,148600.0,148600.0,147500.0,147600.0,1670
202602111445,147600.0,148300.0,147500.0,147800.0,1418
202602111500,147900.0,147900.0,147800.0,147800.0,938
202602111515,147900.0,147900.0,147600.0,147700.0,1354
202602120900,149400.0,149500.0,148000.0,149500.0,968
202602120915,149100.0,149900.0,148500.0,149800.0,874
202602120930,149800.0,150800.0,148300.0,148700.0,1022
202602120945,148300.0,151100.0,148300.0,149900.0,1555
202602121000,149800.0,149900.0,149200.0,149200.0,930
202602121015,149300.0,149400.0,148200.0,148400.0,1030
202602121030,148400.0,148700.0,147600.0,148500.0,1717
202602121045,148500.0,148600.0,148100.0,148500.0,750
202602121100,148400.0,148400.0,148000.0,148200.0,762
202602121115,148100.0,148500.0,148100.0,148300.0,680
202602121130,148300.0,148400.0,148000.0,148300.0,767
202602121145,148300.0,148700.0,148300.0,148500.0,654
202602121200,148600.0,148800.0,148500.0,148700.0,539
202602121215,148800.0,149100.0,148700.0,148900.0,960
202602121230,149100.0,149200.0,148800.0,149200.0,676
202602121245,149100.0,149200.0,148600.0,148600.0,598
202602121300,148800.0,149000.0,148400.0,148900.0,840
202602121315,148900.0,149100.0,148800.0,148900.0,730
202602121330,149000.0,149000.0,148400.0,148600.0,640
202602121345,148600.0,148900.0,148500.0,148500.0,809
202602121400,148400.0,149300.0,148400.0,149200.0,904
202602121415,149300.0,149700.0,149100.0,149500.0,670
202602121430,149500.0,150600.0,149300.0,150400.0,1704
202602121445,150500.0,150800.0,150200.0,150500.0,1539
202602121500,150300.0,150500.0,149500.0,150300.0,1735
202602121515,150300.0,150500.0,149400.0,150000.0,1136
202602130900,151700.0,151700.0,148500.0,149100.0,857
202602130915,149000.0,150500.0,148100.0,149900.0,1472
202602130930,149900.0,155000.0,149400.0,153200.0,5472
202602130945,153200.0,157000.0,152900.0,154000.0,8736
202602131000,153800.0,155000.0,152500.0,154900.0,2988
202602131015,154900.0,159000.0,154100.0,159000.0,12491
202602131030,159000.0,159500.0,157500.0,159000.0,4651
202602131045,158900.0,162000.0,158900.0,161900.0,16071
202602131100,162000.0,162300.0,161600.0,162000.0,3899
202602131115,162000.0,166000.0,161800.0,165400.0,14764
202602131130,165400.0,165500.0,162500.0,163100.0,5156
202602131145,163000.0,163300.0,153400.0,161900.0,5158
202602131200,161900.0,162400.0,161300.0,162400.0,3033
202602131215,162200.0,162900.0,161900.0,162700.0,2770
202602131230,162900.0,163500.0,162200.0,163200.0,3419
202602131245,163200.0,163800.0,162200.0,163700.0,3659
202602131300,163700.0,164100.0,163400.0,164000.0,3261
202602131315,164000.0,165000.0,163700.0,164900.0,4632
202602131330,164900.0,165000.0,163200.0,164300.0,3649
202602131345,163700.0,164900.0,163700.0,164900.0,4010
202602131400,164900.0,165000.0,164400.0,164600.0,5147
202602131415,164500.0,165500.0,163500.0,164500.0,8015
202602131430,164500.0,164800.0,161300.0,162200.0,6511
202602131445,162200.0,163000.0,160500.0,160800.0,6100
202602131500,160700.0,161500.0,160200.0,160400.0,5946
202602131515,160300.0,161900.0,159700.0,161900.0,4862
202602190900,163400.0,163600.0,160400.0,162200.0,4377
202602190915,162200.0,163700.0,160100.0,160300.0,5851
202602190930,160400.0,163600.0,160200.0,163300.0,2368
202602190945,163200.0,163700.0,162600.0,163500.0,1176
202602191000,163100.0,163500.0,161800.0,161900.0,1426
202602191015,161800.0,162200.0,161200.0,161200.0,987
202602191030,161200.0,161500.0,160100.0,161100.0,1384
202602191045,161000.0,161200.0,160500.0,160700.0,830
202602191100,160800.0,160800.0,159800.0,160000.0,3339
202602191115,160100.0,161400.0,160000.0,161400.0,1075
202602191130,161400.0,162500.0,161400.0,162200.0,1470
202602191145,162300.0,162500.0,162000.0,162100.0,1081
202602191200,162100.0,162500.0,162000.0,162300.0,1125
202602191215,162300.0,162600.0,162200.0,162200.0,1046
202602191230,162500.0,162600.0,162100.0,162500.0,780
202602191245,162600.0,163000.0,162300.0,162900.0,1474
202602191300,162900.0,163100.0,162600.0,163100.0,815
202602191315,163100.0,163800.0,163100.0,163800.0,1257
202602191330,163700.0,163800.0,163300.0,163500.0,929
202602191345,163300.0,163700.0,163200.0,163500.0,760
202602191400,163500.0,163700.0,163300.0,163600.0,734
202602191415,163600.0,163600.0,163200.0,163400.0,993
202602191430,163300.0,163600.0,163200.0,163500.0,1050
202602191445,163600.0,163700.0,163100.0,163300.0,1747
202602191500,163300.0,163500.0,162800.0,162800.0,1719
202602191515,162800.0,163300.0,162200.0,163300.0,1757
202602200900,161600.0,164200.0,160600.0,163100.0,1031
202602200915,163600.0,164100.0,161200.0,164000.0,1231
202602200930,163400.0,165900.0,163400.0,165600.0,3551
202602200945,165100.0,166500.0,164900.0,166100.0,3803
202602201000,166100.0,169500.0,165000.0,167900.0,6684
202602201015,167800.0,168500.0,167400.0,168000.0,1625
202602201030,168000.0,168100.0,166600.0,167100.0,1327
202602201045,167200.0,167300.0,166600.0,166700.0,884
202602201100,166800.0,167600.0,166300.0,167400.0,856
202602201115,167300.0,167700.0,167100.0,167600.0,1037
202602201130,167700.0,167700.0,167050.0,167300.0,731
202602201145,167400.0,167800.0,167400.0,167700.0,800
202602201200,167700.0,168000.0,167500.0,168000.0,1114
202602201215,168000.0,168700.0,167900.0,168300.0,1176
202602201230,168400.0,169500.0,168300.0,169400.0,1407
202602201245,169300.0,169500.0,169200.0,169500.0,918
202602201300,169500.0,169500.0,169100.0,169400.0,848
202602201315,169400.0,171000.0,168500.0,168800.0,5158
202602201330,168800.0,169300.0,168700.0,169000.0,1078
202602201345,169000.0,169100.0,168300.0,168400.0,1168
202602201400,168400.0,169000.0,167900.0,168100.0,1433
202602201415,168000.0,168100.0,167400.0,167600.0,1172
202602201430,167600.0,168200.0,167500.0,168200.0,1041
202602201445,168100.0,168200.0,167600.0,168000.0,946
202602201500,168000.0,168000.0,167500.0,167800.0,938
202602201515,167900.0,168000.0,167300.0,167700.0,861
202602230900,170200.0,170200.0,168400.0,168900.0,2405
202602230915,169000.0,170500.0,166500.0,168200.0,4325
202602230930,168200.0,169700.0,168200.0,168900.0,710
202602230945,169000.0,169900.0,168500.0,169100.0,611
202602231000,169100.0,169300.0,168300.0,168700.0,744
202602231015,168700.0,169200.0,168200.0,168800.0,816
202602231030,169000.0,171100.0,168600.0,170500.0,2209
202602231045,170500.0,172900.0,170500.0,171300.0,4478
202602231100,171300.0,171600.0,169600.0,169700.0,1195
202602231115,169800.0,171400.0,169300.0,171400.0,1151
202602231130,171500.0,171800.0,171400.0,171800.0,837
202602231145,171800.0,171900.0,170900.0,171000.0,730
202602231200,171100.0,171500.0,171000.0,171400.0,765
202602231215,171500.0,171600.0,170700.0,170800.0,648
202602231230,170800.0,171000.0,170400.0,171000.0,974
202602231245,171000.0,171700.0,170500.0,171100.0,968
202602231300,171100.0,172500.0,171100.0,172300.0,1772
202602231315,172300.0,172600.0,172300.0,172600.0,1228
202602231330,172600.0,172600.0,172400.0,172400.0,939
202602231345,172400.0,173000.0,172300.0,173000.0,1377
202602231400,173000.0,173200.0,170700.0,171700.0,2532
202602231415,171700.0,172200.0,170500.0,171500.0,1212
202602231430,171300.0,171600.0,171000.0,171300.0,1111
202602231445,171300.0,171700.0,171200.0,171600.0,844
202602231500,171700.0,172500.0,171600.0,171900.0,1646
202602231515,171900.0,172300.0,171600.0,172300.0,1046
202602240900,169500.0,169500.0,167200.0,167400.0,2009
202602240915,167500.0,168300.0,167200.0,168300.0,978
202602240930,168500.0,168800.0,167200.0,168700.0,927
202602240945,168800.0,170000.0,168800.0,169700.0,376
202602241000,169800.0,170000.0,168800.0,169950.0,242
202602241015,170000.0,172000.0,170000.0,170700.0,1242
202602241030,171000.0,171700.0,170300.0,170300.0,541
202602241045,170800.0,170800.0,169900.0,170000.0,267
202602241100,170000.0,170000.0,168800.0,169800.0,437
202602241115,169800.0,169900.0,169000.0,169100.0,711
202602241130,169200.0,169600.0,168900.0,169000.0,295
202602241145,168900.0,169600.0,168900.0,169600.0,262
202602241200,169600.0,169600.0,169400.0,169400.0,318
202602241215,169400.0,170000.0,169400.0,169900.0,334
202602241230,169900.0,169900.0,169200.0,169400.0,438
202602241245,169400.0,169700.0,169100.0,169700.0,379
202602241300,169800.0,169900.0,169400.0,169600.0,449
202602241315,169600.0,169900.0,169200.0,169200.0,582
202602241330,169300.0,169300.0,169200.0,169300.0,274
202602241345,169200.0,170100.0,169200.0,170100.0,859
202602241400,170000.0,170100.0,169700.0,169900.0,271
202602241415,169800.0,170200.0,168700.0,169300.0,2142
202602241430,169300.0,170200.0,169100.0,170200.0,1148
202602241445,170200.0,170300.0,169500.0,169700.0,838
202602241500,169800.0,170100.0,169500.0,169700.0,896
202602241515,169700.0,170200.0,169500.0,170100.0,1061
202602250900,171100.0,171100.0,166600.0,169500.0,5910
202602250915,168500.0,170600.0,168300.0,168600.0,1544
202602250930,168600.0,171500.0,168600.0,170800.0,1969
202602250945,170500.0,170800.0,169600.0,170000.0,1215
202602251000,169900.0,171000.0,169900.0,170600.0,987
202602251015,170500.0,171700.0,170500.0,171600.0,1475
202602251030,171600.0,171700.0,170200.0,171200.0,769
202602251045,171100.0,172800.0,171100.0,172300.0,4345
202602251100,172200.0,172800.0,171200.0,172100.0,1839
202602251115,172100.0,172600.0,171800.0,172600.0,1132
202602251130,172500.0,174400.0,172400.0,174300.0,4605
202602251145,174200.0,177000.0,173900.0,176900.0,6982
202602251200,176900.0,177600.0,175900.0,177100.0,3186
202602251215,177300.0,177500.0,175700.0,175700.0,1817
202602251230,175700.0,175900.0,174500.0,175000.0,1832
202602251245,175100.0,176200.0,174800.0,176000.0,991
202602251300,175900.0,176000.0,175100.0,175100.0,3318
202602251315,175100.0,175100.0,174300.0,174700.0,966
202602251330,174800.0,175300.0,174400.0,174800.0,1770
202602251345,174900.0,174900.0,173700.0,174000.0,1252
202602251400,173900.0,174000.0,173400.0,173400.0,1153
202602251415,173400.0,173400.0,172300.0,172800.0,1107
202602251430,172600.0,172800.0,171600.0,171800.0,1659
202602251445,171700.0,172300.0,171500.0,171700.0,1101
202602251500,171800.0,173100.0,171600.0,172500.0,1166
202602251515,172500.0,173000.0,172000.0,172800.0,899
202602260900,174000.0,175600.0,171400.0,172200.0,1354
202602260915,172200.0,173600.0,170500.0,170900.0,1594
202602260930,171400.0,171800.0,169900.0,170700.0,1776
202602260945,170800.0,171400.0,170000.0,171200.0,780
202602261000,170700.0,171200.0,169500.0,170200.0,1227
202602261015,170700.0,170700.0,169600.0,169800.0,914
202602261030,170000.0,171400.0,169800.0,171000.0,460
202602261045,170900.0,171500.0,170600.0,171400.0,245
202602261100,171500.0,172000.0,171300.0,171700.0,316
202602261115,171600.0,172000.0,171100.0,171800.0,343
202602261130,171700.0,171900.0,171200.0,171900.0,749
202602261145,171200.0,175000.0,171200.0,175000.0,2363
202602261200,174500.0,175900.0,173800.0,175400.0,3359
202602261215,175400.0,175900.0,174700.0,175500.0,716
202602261230,175400.0,175500.0,174100.0,174500.0,599
202602261245,174500.0,175000.0,173900.0,174900.0,970
202602261300,175000.0,175200.0,174200.0,174600.0,1917
202602261315,175000.0,175000.0,173900.0,174300.0,1055
202602261330,174400.0,174600.0,174000.0,174300.0,659
202602261345,174200.0,175900.0,174200.0,175400.0,3974
202602261400,175400.0,175400.0,174400.0,174500.0,1192
202602261415,174400.0,174600.0,174200.0,174600.0,1068
202602261430,174600.0,174900.0,174400.0,174700.0,873
202602261445,174600.0,175100.0,174500.0,175100.0,1803
202602261500,175000.0,175200.0,173800.0,173900.0,3171
202602261515,173900.0,174800.0,173900.0,174700.0,1258
202602270900,172200.0,174700.0,172100.0,173900.0,2139
202602270915,173900.0,174300.0,172700.0,173400.0,1762
202602270930,173400.0,174000.0,169600.0,172500.0,2042
202602270945,172300.0,173200.0,172200.0,172600.0,1130
202602271000,172600.0,172700.0,170600.0,171300.0,1147
202602271015,171300.0,172000.0,171000.0,171400.0,525
202602271030,171400.0,171500.0,170800.0,171200.0,1030
202602271045,171400.0,172500.0,171200.0,171500.0,1376
202602271100,171500.0,172000.0,171300.0,171300.0,688
202602271115,171200.0,171900.0,171100.0,171700.0,554
202602271130,171500.0,172500.0,171500.0,172500.0,327
202602271145,172100.0,173100.0,172100.0,172600.0,427
202602271200,172700.0,173700.0,172500.0,173500.0,359
202602271215,173800.0,174000.0,172600.0,172700.0,1650
202602271230,172700.0,173200.0,172400.0,172600.0,793
202602271245,172900.0,173800.0,172900.0,173800.0,364
202602271300,173800.0,173800.0,172700.0,173300.0,819
202602271315,173400.0,173600.0,172700.0,173000.0,495
202602271330,173100.0,173600.0,171800.0,171800.0,1358
202602271345,171800.0,171900.0,171100.0,171300.0,1336
202602271400,171200.0,171600.0,170100.0,170200.0,3360
202602271415,170100.0,171500.0,170100.0,170600.0,1558
202602271430,170500.0,171700.0,170400.0,171700.0,1832
202602271445,171600.0,171700.0,170200.0,170300.0,2221
202602271500,170300.0,170500.0,169800.0,169900.0,2463
202602271515,169900.0,170400.0,169000.0,169000.0,2277
202603030900,166300.0,168400.0,163100.0,165600.0,1952
202603030915,166000.0,168500.0,165700.0,168200.0,2927
202603030930,168200.0,168300.0,167200.0,168200.0,1049
202603030945,168200.0,169400.0,168200.0,168900.0,1886
202603031000,168900.0,168900.0,165400.0,165400.0,913
202603031015,165400.0,165700.0,165000.0,165300.0,1048
202603031030,165200.0,165900.0,165200.0,165300.0,374
202603031045,165300.0,165400.0,164700.0,165400.0,896
202603031100,164900.0,165200.0,164300.0,164300.0,1210
202603031115,164300.0,164300.0,162900.0,164200.0,1413
202603031130,164400.0,164500.0,163700.0,164100.0,755
202603031145,164000.0,164000.0,162500.0,162500.0,1227
202603031200,162700.0,162900.0,160700.0,162300.0,1620
202603031215,162600.0,163400.0,160400.0,160600.0,1689
202603031230,160500.0,162900.0,157400.0,162600.0,2909
202603031245,162900.0,162900.0,162000.0,162500.0,576
202603031300,162700.0,162800.0,160400.0,160600.0,699
202603031315,160500.0,162100.0,157500.0,160500.0,1826
202603031330,160800.0,160800.0,159100.0,159300.0,1452
202603031345,159200.0,159300.0,157200.0,157900.0,2765
202603031400,157900.0,159400.0,157500.0,159100.0,2003
202603031415,159000.0,159100.0,158500.0,158600.0,1633
202603031430,158600.0,158800.0,157700.0,157900.0,2414
202603031445,157800.0,157900.0,157000.0,157200.0,2209
202603031500,157200.0,158000.0,156100.0,156100.0,1384
202603031515,156200.0,156500.0,156000.0,156500.0,1749
202603040900,150000.0,150600.0,143000.0,148600.0,4491
202603040915,148500.0,151600.0,148000.0,149300.0,2719
202603040930,150700.0,150700.0,146100.0,148200.0,1584
202603040945,148200.0,149400.0,146100.0,148800.0,1283
202603041000,148700.0,148800.0,145900.0,147500.0,1113
202603041015,147100.0,147100.0,140000.0,143500.0,2404
202603041030,144200.0,146300.0,143500.0,145500.0,1124
202603041045,145300.0,145700.0,143200.0,143400.0,1084
202603041100,143500.0,144000.0,140500.0,141100.0,1749
202603041115,140900.0,141500.0,140100.0,140400.0,230
202603041145,141600.0,141900.0,136600.0,137300.0,5605
202603041200,138600.0,140600.0,134000.0,134800.0,4276
202603041215,134700.0,138100.0,133400.0,133700.0,3860
202603041230,133300.0,137900.0,130900.0,136900.0,9292
202603041245,136800.0,141500.0,136400.0,140300.0,3308
202603041300,140400.0,141900.0,138700.0,140700.0,3107
202603041315,140000.0,141300.0,137000.0,137500.0,2587
202603041330,137400.0,139300.0,135500.0,138500.0,2379
202603041345,138100.0,138600.0,136000.0,137700.0,1826
202603041400,137300.0,137800.0,135500.0,137200.0,1728
202603041415,137200.0,137400.0,134000.0,134400.0,1928
202603041430,134600.0,137400.0,133500.0,136500.0,3595
202603041445,136100.0,137500.0,133900.0,133900.0,3512
202603041500,133900.0,134200.0,131700.0,131700.0,4070
202603041515,131800.0,131900.0,130900.0,131500.0,3060
202603050900,142100.0,145000.0,141400.0,143700.0,2163
202603050915,143700.0,146000.0,143700.0,145100.0,2266
202603050930,145100.0,146000.0,144100.0,145700.0,1925
202603050945,145700.0,148900.0,145700.0,147900.0,1880
202603051000,148100.0,149600.0,147700.0,148700.0,1405
202603051015,148500.0,149300.0,147100.0,147100.0,931
202603051030,147100.0,147900.0,144700.0,144800.0,1653
202603051045,145000.0,145900.0,144400.0,145500.0,2089
202603051100,145500.0,146900.0,145100.0,145900.0,1820
202603051115,145900.0,146600.0,144400.0,145300.0,1168
202603051130,145200.0,148700.0,145100.0,148600.0,2239
202603051145,148700.0,149800.0,147600.0,148500.0,2128
202603051200,148500.0,149500.0,148400.0,148800.0,976
202603051215,148800.0,149500.0,147000.0,148600.0,1232
202603051230,148600.0,148600.0,146600.0,147000.0,1075
202603051245,147000.0,147000.0,144900.0,145500.0,1000
202603051300,145500.0,145700.0,144600.0,145500.0,998
202603051315,145500.0,147100.0,145200.0,146400.0,1298
202603051330,146400.0,147600.0,146400.0,147600.0,718
202603051345,147600.0,148400.0,147500.0,148100.0,832
202603051400,148100.0,149600.0,148100.0,148800.0,1611
202603051415,148700.0,148800.0,147900.0,148400.0,800
202603051430,148400.0,149600.0,148200.0,149100.0,2622
202603051445,149100.0,149500.0,146600.0,147100.0,3952
202603051500,147100.0,148000.0,145400.0,146100.0,3051
202603051515,146050.0,148000.0,145500.0,146100.0,1147
202603060900,143800.0,145300.0,143100.0,144600.0,1123
202603060915,145300.0,146100.0,144600.0,145000.0,856
202603060930,144800.0,145800.0,144200.0,144600.0,593
202603060945,144600.0,145400.0,143600.0,143900.0,1415
202603061000,143900.0,144200.0,142500.0,143000.0,886
202603061015,143100.0,143100.0,141000.0,142200.0,1096
202603061030,142300.0,143300.0,141700.0,142300.0,304
202603061045,142500.0,144100.0,142300.0,144000.0,514
202603061100,144000.0,144400.0,142900.0,144000.0,312
202603061115,144400.0,146100.0,144100.0,144600.0,604
202603061130,144700.0,145000.0,143900.0,144800.0,350
202603061145,144800.0,145300.0,144100.0,144900.0,430
202603061200,145100.0,145200.0,143600.0,143600.0,872
202603061215,143600.0,143600.0,143100.0,143400.0,235
202603061230,143600.0,143800.0,143100.0,143500.0,252
202603061245,143800.0,144500.0,143600.0,144000.0,253
202603061300,144000.0,144500.0,143900.0,144300.0,298
202603061315,144200.0,144200.0,143500.0,143900.0,429
202603061330,143900.0,144600.0,143800.0,144400.0,390
202603061345,144400.0,144800.0,143900.0,144000.0,518
202603061400,144000.0,145700.0,143900.0,145600.0,889
202603061415,145600.0,145900.0,144800.0,145700.0,482
202603061430,145800.0,146500.0,145700.0,145800.0,699
202603061445,145900.0,146500.0,143000.0,146500.0,1013
202603061500,146000.0,146500.0,145900.0,146100.0,1264
202603061515,146200.0,146200.0,146100.0,146200.0,515
202603090900,135800.0,137400.0,134700.0,135700.0,1136
202603090915,135700.0,135800.0,132000.0,134800.0,1980
202603090930,134300.0,134800.0,132200.0,134200.0,1101
202603090945,134200.0,134200.0,132200.0,132600.0,1055
202603091000,132900.0,134000.0,132200.0,132900.0,1004
202603091015,133400.0,133900.0,132800.0,133100.0,614
202603091030,132900.0,132900.0,132800.0,132900.0,11
202603091100,132900.0,136000.0,131700.0,133900.0,2706
202603091115,134800.0,135700.0,133600.0,135100.0,596
202603091130,135100.0,136000.0,134500.0,135800.0,684
202603091145,135700.0,136100.0,134500.0,135400.0,1416
202603091200,134900.0,135500.0,133800.0,134500.0,749
202603091215,134600.0,135100.0,134200.0,134400.0,501
202603091230,134300.0,135300.0,134100.0,134600.0,686
202603091245,134600.0,134600.0,133400.0,133800.0,1560
202603091300,133800.0,135100.0,133100.0,133900.0,921
202603091315,133900.0,134100.0,133200.0,133500.0,819
202603091330,133500.0,133800.0,133000.0,133500.0,790
202603091345,133400.0,134300.0,132300.0,132700.0,1279
202603091400,132300.0,133300.0,131900.0,132200.0,4598
202603091415,132900.0,134400.0,132000.0,134000.0,4037
202603091430,134500.0,135200.0,133100.0,133300.0,3461
202603091445,133300.0,134600.0,133000.0,133400.0,2660
202603091500,133300.0,134400.0,132700.0,133800.0,3147
202603091515,133800.0,134400.0,132800.0,134200.0,3287
202603100900,139600.0,140000.0,136200.0,136900.0,2296
202603100915,137400.0,138350.0,137100.0,137700.0,471
202603100930,137700.0,141500.0,137700.0,138200.0,3532
202603100945,138300.0,140500.0,138100.0,139100.0,1019
202603101000,139100.0,139200.0,138100.0,138800.0,1066
202603101015,138900.0,138900.0,137400.0,138000.0,1539
202603101030,138000.0,139600.0,138000.0,139200.0,728
202603101045,139200.0,140000.0,139200.0,139800.0,993
202603101100,139800.0,141000.0,138400.0,141000.0,1916
202603101115,141000.0,141000.0,140200.0,140200.0,750
202603101130,140200.0,140200.0,139600.0,139800.0,2180
202603101145,139700.0,139800.0,138300.0,138800.0,4600
202603101200,138800.0,139300.0,138300.0,139000.0,483
202603101215,139000.0,139200.0,138500.0,138800.0,832
202603101230,138600.0,138700.0,137400.0,137800.0,1279
202603101245,137700.0,138700.0,137300.0,138000.0,824
202603101300,137900.0,139000.0,137700.0,138600.0,615
202603101315,138600.0,138700.0,138100.0,138200.0,566
202603101330,138200.0,138500.0,138200.0,138300.0,507
202603101345,138300.0,138300.0,137600.0,137900.0,786
202603101400,137900.0,138800.0,137800.0,138700.0,968
202603101415,138700.0,138700.0,138400.0,138700.0,612
202603101430,138700.0,139000.0,138700.0,138900.0,582
202603101445,138900.0,139700.0,138900.0,139700.0,943
202603101500,139800.0,140800.0,139700.0,140700.0,1779
202603101515,140700.0,141000.0,139900.0,139900.0,1306
202603110900,142500.0,143800.0,141300.0,143200.0,2413
202603110915,143200.0,144500.0,143000.0,144000.0,1571
202603110930,143400.0,143900.0,142200.0,142800.0,1156
202603110945,143000.0,143900.0,142500.0,143900.0,701
202603111000,143900.0,145000.0,143900.0,144500.0,1076
202603111015,144600.0,145500.0,144400.0,144400.0,1168
202603111030,144500.0,145000.0,144500.0,144600.0,576
202603111045,144600.0,145200.0,144400.0,144400.0,905
202603111100,144500.0,145100.0,143800.0,144700.0,672
202603111115,144700.0,145200.0,143800.0,144000.0,1125
202603111130,143900.0,144200.0,143400.0,144200.0,818
202603111145,144000.0,144800.0,143500.0,144100.0,686
202603111200,144000.0,144900.0,143500.0,143500.0,708
202603111215,143600.0,145000.0,143500.0,143800.0,581
202603111230,144600.0,145100.0,143900.0,144000.0,542
202603111245,144600.0,145000.0,143500.0,144300.0,2556
202603111300,144200.0,144200.0,143000.0,144100.0,1265
202603111315,144100.0,144200.0,143500.0,144100.0,839
202603111330,144000.0,144400.0,143500.0,143500.0,1079
202603111345,143800.0,143800.0,143100.0,143300.0,679
202603111400,143300.0,143400.0,142700.0,142800.0,1034
202603111415,142800.0,142800.0,141700.0,141700.0,1870
202603111430,141800.0,141900.0,140400.0,140600.0,2131
202603111445,140600.0,141100.0,139000.0,139100.0,3233
202603111500,139100.0,142500.0,138400.0,140100.0,3428
202603111515,140100.0,141000.0,139700.0,140000.0,1237
202603120900,136600.0,138800.0,136000.0,136500.0,1752
202603120915,136500.0,137700.0,136500.0,137400.0,691
202603120930,137400.0,137700.0,137200.0,137700.0,281
202603120945,138000.0,138000.0,136400.0,137500.0,930
202603121000,137400.0,138000.0,137100.0,137700.0,282
202603121015,137800.0,138300.0,137600.0,137800.0,211
202603121030,137800.0,138600.0,137700.0,138400.0,237
202603121045,138300.0,138300.0,136600.0,136700.0,2325
202603121100,136700.0,136700.0,136100.0,136700.0,1650
202603121115,136500.0,136600.0,136000.0,136200.0,840
202603121130,136300.0,136600.0,136000.0,136200.0,732
202603121145,136200.0,136400.0,135600.0,136400.0,1567
202603121200,136400.0,136700.0,136300.0,136300.0,185
202603121215,136300.0,136800.0,136200.0,136200.0,344
202603121230,136200.0,136200.0,135900.0,136100.0,350
202603121245,136200.0,136800.0,136000.0,136800.0,967
202603121300,136900.0,137400.0,136700.0,136900.0,396
202603121315,137300.0,137700.0,136900.0,137600.0,615
202603121330,137600.0,138000.0,137400.0,137600.0,478
202603121345,137700.0,138500.0,137600.0,138100.0,682
202603121400,138100.0,138500.0,137800.0,138400.0,821
202603121415,138400.0,138600.0,138000.0,138100.0,580
202603121430,138100.0,138200.0,137600.0,137900.0,323
202603121445,137900.0,137900.0,137500.0,137700.0,346
202603121500,137700.0,138300.0,137600.0,137800.0,509
202603121515,137800.0,138400.0,137700.0,138400.0,565
202603130900,134000.0,134500.0,132500.0,132600.0,1829
202603130915,132700.0,133900.0,132600.0,132800.0,1301
202603130930,132800.0,133300.0,132700.0,132800.0,1015
202603130945,132800.0,133700.0,132700.0,133500.0,1239
202603131000,133400.0,134000.0,133300.0,133700.0,409
202603131015,133700.0,134100.0,133500.0,133600.0,553
202603131030,133700.0,133800.0,133200.0,133200.0,989
202603131045,133300.0,133400.0,132700.0,132900.0,1581
202603131100,133000.0,133500.0,132800.0,133000.0,977
202603131115,133100.0,133200.0,132700.0,132800.0,1036
202603131130,132900.0,133000.0,131600.0,131600.0,4560
202603131145,131600.0,132300.0,131600.0,132200.0,2095
202603131200,132300.0,132800.0,132200.0,132800.0,672
202603131215,132700.0,132700.0,132000.0,132000.0,370
202603131230,132100.0,132300.0,131900.0,132100.0,1438
202603131245,132100.0,132200.0,131800.0,131900.0,620
202603131300,132000.0,132100.0,131800.0,131800.0,858
202603131315,131800.0,132000.0,131100.0,131400.0,2500
202603131330,131500.0,131700.0,131300.0,131700.0,661
202603131345,131500.0,131600.0,131400.0,131400.0,537
202603131400,131400.0,131500.0,131200.0,131400.0,907
202603131415,131200.0,132000.0,131200.0,131900.0,810
202603131430,131800.0,132100.0,131600.0,131700.0,737
202603131445,131600.0,132800.0,131300.0,132300.0,1438
202603131500,132300.0,133000.0,132200.0,132500.0,1777
202603131515,132500.0,133000.0,132300.0,132400.0,2540
202603160900,131200.0,131800.0,131100.0,131600.0,696
202603160915,131600.0,132400.0,131300.0,131500.0,1067
202603160930,131700.0,132200.0,131300.0,131500.0,836
202603160945,131600.0,133100.0,131500.0,132700.0,1000
202603161000,132700.0,132800.0,132100.0,132400.0,554
202603161015,132400.0,132400.0,131200.0,131200.0,619
202603161030,131100.0,131500.0,130700.0,130900.0,639
202603161045,130800.0,131800.0,130800.0,131800.0,352
202603161100,131500.0,132200.0,131000.0,131200.0,362
202603161115,131300.0,131300.0,130300.0,130500.0,766
202603161130,130500.0,130600.0,130000.0,130400.0,450
202603161145,130300.0,130700.0,130000.0,130500.0,785
202603161200,130600.0,131300.0,130600.0,131100.0,360
202603161215,130700.0,131300.0,130700.0,131300.0,266
202603161230,131200.0,132100.0,131200.0,131900.0,355
202603161245,131900.0,132000.0,131200.0,131400.0,284
202603161300,131400.0,132000.0,131400.0,131800.0,265
202603161315,131800.0,131800.0,131200.0,131400.0,339
202603161330,131400.0,131500.0,130700.0,131200.0,662
202603161345,131000.0,131800.0,130900.0,131300.0,562
202603161400,131400.0,131900.0,131400.0,131600.0,587
202603161415,131500.0,131700.0,130900.0,131500.0,713
202603161430,131500.0,131500.0,131200.0,131300.0,248
202603161445,131300.0,131600.0,131200.0,131500.0,216
202603161500,131500.0,132000.0,131200.0,131600.0,738
202603161515,131500.0,132000.0,131200.0,131900.0,475
202603170900,133100.0,135000.0,133100.0,134200.0,1110
202603170915,134000.0,134200.0,133200.0,134000.0,1079
202603170930,133900.0,133900.0,133500.0,133600.0,560
202603170945,133500.0,133700.0,132900.0,133300.0,649
202603171000,133300.0,133500.0,132900.0,133300.0,473
202603171015,133300.0,133300.0,132900.0,133100.0,390
202603171030,133100.0,133600.0,133000.0,133400.0,737
202603171045,133200.0,134500.0,133200.0,134100.0,1911
202603171100,134200.0,134500.0,134000.0,134000.0,615
202603171115,134100.0,134300.0,133700.0,134300.0,357
202603171130,134300.0,134500.0,134200.0,134300.0,149
202603171145,134300.0,134500.0,134000.0,134200.0,925
202603171200,134300.0,134600.0,134100.0,134300.0,665
202603171215,134300.0,134400.0,134200.0,134300.0,217
202603171230,134300.0,134300.0,133000.0,133200.0,1592
202603171245,133200.0,133600.0,133200.0,133600.0,532
202603171300,133500.0,133600.0,133300.0,133400.0,203
202603171315,133300.0,133600.0,133300.0,133600.0,333
202603171330,133600.0,133600.0,133300.0,133400.0,254
202603171345,133500.0,134100.0,133400.0,134100.0,164
202603171400,134000.0,134100.0,133700.0,133700.0,176
202603171415,133700.0,134000.0,133600.0,133800.0,222
202603171430,133900.0,134000.0,133600.0,133800.0,178
202603171445,133700.0,133700.0,133000.0,133000.0,856
202603171500,133000.0,133300.0,132800.0,132900.0,1276
202603171515,132900.0,133900.0,132700.0,133900.0,718
202603180900,135700.0,137200.0,135200.0,135600.0,1745
202603180915,135700.0,137000.0,135500.0,136800.0,1257
202603180930,136900.0,138400.0,136800.0,138100.0,1661
202603180945,138100.0,138800.0,137800.0,138700.0,1784
202603181000,138800.0,139300.0,138500.0,139000.0,1419
202603181015,139000.0,140300.0,138800.0,139800.0,2076
202603181030,140100.0,140900.0,139700.0,140800.0,2452
202603181045,140800.0,142000.0,140800.0,142000.0,2035
202603181100,141900.0,142500.0,141900.0,142400.0,1382
202603181115,142300.0,143000.0,142200.0,142900.0,1694
202603181130,143000.0,143400.0,142600.0,143400.0,1477
202603181145,143500.0,143600.0,142900.0,142900.0,1286
202603181200,142900.0,143300.0,142800.0,143200.0,597
202603181215,143200.0,143200.0,143000.0,143100.0,496
202603181230,143000.0,143400.0,142800.0,143200.0,781
202603181245,143200.0,143600.0,143200.0,143400.0,743
202603181300,143400.0,144600.0,143300.0,144100.0,2009
202603181315,144100.0,144300.0,143500.0,143600.0,1170
202603181330,143600.0,143600.0,143000.0,143200.0,906
202603181345,143200.0,145000.0,143000.0,145000.0,3415
202603181400,145000.0,146300.0,144800.0,145700.0,2146
202603181415,145700.0,146700.0,145600.0,146500.0,1844
202603181430,146600.0,147200.0,143400.0,146000.0,2400
202603181445,146000.0,147000.0,145800.0,147000.0,1572
202603181500,147000.0,147800.0,146800.0,147800.0,2861
202603181515,147800.0,148000.0,147600.0,148000.0,3505
202603190900,143800.0,149700.0,143800.0,147500.0,5986
202603190915,147500.0,150800.0,147300.0,150300.0,2915
202603190930,150500.0,150500.0,147500.0,148400.0,1847
202603190945,148500.0,148800.0,148100.0,148400.0,975
202603191000,148200.0,148600.0,147800.0,148300.0,562
202603191015,148300.0,148500.0,147800.0,147800.0,566
202603191030,147900.0,148200.0,147200.0,147200.0,733
202603191045,147200.0,147700.0,146500.0,147000.0,1189
202603191100,147000.0,147800.0,146800.0,147700.0,535
202603191115,147600.0,148400.0,147500.0,147800.0,812
202603191130,147800.0,148500.0,147800.0,148300.0,398
202603191145,148500.0,148500.0,148000.0,148400.0,739
202603191200,148400.0,148500.0,147800.0,148200.0,563
202603191215,148200.0,148400.0,147600.0,147700.0,580
202603191230,147700.0,147800.0,147300.0,147500.0,539
202603191245,147600.0,147600.0,147100.0,147300.0,996
202603191300,147300.0,147400.0,146200.0,146200.0,1456
202603191315,146100.0,146200.0,145900.0,146000.0,463
202603191330,146000.0,146000.0,145000.0,145000.0,771
202603191345,145000.0,145000.0,144200.0,144900.0,2006
202603191400,145000.0,145200.0,144200.0,144200.0,805
202603191415,144300.0,145400.0,144200.0,144800.0,2047
202603191430,144700.0,144800.0,144400.0,144400.0,631
202603191445,144500.0,144800.0,144400.0,144700.0,982
202603191500,144600.0,145500.0,144500.0,145300.0,1818
202603191515,145400.0,145400.0,144800.0,145000.0,1237
202603200900,148700.0,149900.0,146500.0,149000.0,1135
202603200915,149000.0,149000.0,146500.0,148100.0,621
202603200930,148100.0,148500.0,146900.0,147200.0,547
202603200945,147200.0,149500.0,147100.0,149000.0,1707
202603201000,149200.0,149400.0,149100.0,149300.0,367
202603201015,149300.0,149300.0,148800.0,148800.0,197
202603201030,149000.0,149600.0,148800.0,149300.0,642
202603201045,149400.0,149500.0,149200.0,149500.0,225
202603201100,149200.0,150800.0,148900.0,150400.0,1389
202603201115,150300.0,151400.0,150000.0,151400.0,962
202603201130,151300.0,151800.0,151300.0,151800.0,738
202603201145,151800.0,152300.0,151700.0,152200.0,620
202603201200,152200.0,152500.0,151800.0,152500.0,515
202603201215,152200.0,152800.0,152200.0,152600.0,347
202603201230,152600.0,152600.0,151900.0,152300.0,476
202603201245,152300.0,152800.0,151900.0,152200.0,1052
202603201300,152200.0,152300.0,151800.0,152000.0,417
202603201315,152000.0,152000.0,151700.0,151800.0,309
202603201330,151700.0,152000.0,151400.0,152000.0,614
202603201345,151900.0,152100.0,150300.0,150300.0,535
202603201400,150300.0,150800.0,149500.0,149500.0,919
202603201415,149500.0,150700.0,149200.0,150600.0,822
202603201430,150600.0,150900.0,150000.0,150400.0,1041
202603201445,150400.0,150900.0,150300.0,150900.0,1033
202603201500,150900.0,150900.0,149600.0,150200.0,1903
202603201515,150200.0,150400.0,149500.0,150300.0,3989
202603230900,143500.0,144200.0,139500.0,140400.0,3014
202603230915,139800.0,142000.0,139000.0,139600.0,3081
202603230930,139600.0,139700.0,139000.0,139600.0,880
202603230945,139600.0,140900.0,139300.0,140500.0,990
202603231000,140500.0,141800.0,140200.0,141800.0,618
202603231015,141900.0,143100.0,141800.0,142500.0,873
202603231030,142500.0,143100.0,141900.0,141900.0,605
202603231045,141900.0,142000.0,140200.0,141400.0,1156
202603231100,141000.0,141300.0,139900.0,140000.0,856
202603231115,140100.0,141300.0,140000.0,140400.0,477
202603231130,140500.0,140900.0,139600.0,140000.0,567
202603231145,139800.0,141100.0,139200.0,139300.0,1120
202603231200,139300.0,139500.0,139000.0,139100.0,1186
202603231215,139200.0,139200.0,138900.0,139200.0,635
202603231230,139200.0,139400.0,138800.0,139200.0,367
202603231245,139300.0,139300.0,138700.0,138800.0,841
202603231300,138800.0,139100.0,138600.0,139000.0,505
202603231315,139000.0,139800.0,138800.0,139500.0,513
202603231330,139500.0,139500.0,138600.0,138600.0,724
202603231345,138700.0,138900.0,138500.0,138800.0,607
202603231400,138800.0,139600.0,138600.0,138900.0,601
202603231415,138900.0,139600.0,138400.0,138500.0,987
202603231430,138400.0,138500.0,137100.0,137300.0,2040
202603231445,137100.0,137200.0,136200.0,136500.0,2453
202603231500,136400.0,136500.0,135400.0,135500.0,3472
202603231515,135500.0,136100.0,135100.0,135800.0,1421
202603240900,141000.0,141000.0,138000.0,139500.0,1278
202603240915,139600.0,140800.0,138900.0,139000.0,4388
202603240930,139200.0,139700.0,138600.0,138700.0,2170
202603240945,138700.0,139900.0,138600.0,138800.0,1154
202603241000,138800.0,138900.0,137800.0,137800.0,830
202603241015,137800.0,138900.0,137000.0,138500.0,602
202603241030,138500.0,138900.0,136500.0,136500.0,481
202603241045,137100.0,137200.0,135600.0,136500.0,765
202603241100,136500.0,137100.0,135500.0,136200.0,502
202603241115,136800.0,138500.0,136300.0,138400.0,383
202603241130,137500.0,138900.0,137500.0,138900.0,524
202603241145,138900.0,140000.0,138000.0,138000.0,1736
202603241200,138000.0,138700.0,137100.0,138700.0,539
202603241215,138350.0,139600.0,138300.0,139300.0,282
202603241230,138900.0,139400.0,138000.0,139300.0,358
202603241245,139200.0,139200.0,138700.0,139100.0,263
202603241300,139200.0,139700.0,139000.0,139400.0,585
202603241315,139400.0,139700.0,138700.0,139100.0,364
202603241330,139000.0,139300.0,138800.0,139100.0,258
202603241345,139100.0,139300.0,138700.0,138900.0,332
202603241400,138900.0,139400.0,137900.0,139400.0,455
202603241415,138900.0,139500.0,138400.0,138600.0,597
202603241430,138500.0,139700.0,138500.0,139400.0,246
202603241445,139400.0,139600.0,139100.0,139500.0,476
202603241500,139500.0,140500.0,139400.0,140500.0,1526
202603241515,140500.0,140600.0,140500.0,140600.0,937
202603250900,142400.0,143500.0,142000.0,142800.0,1374
202603250915,142800.0,144000.0,141800.0,143800.0,2881
202603250930,143800.0,146600.0,143600.0,146000.0,2823
202603250945,146200.0,146900.0,146100.0,146700.0,1545
202603251000,146800.0,148000.0,146500.0,147700.0,1986
202603251015,147700.0,147700.0,146000.0,146000.0,1338
202603251030,146000.0,147300.0,146000.0,146900.0,1129
202603251045,146900.0,147300.0,146600.0,146900.0,1170
202603251100,146800.0,147000.0,145500.0,146000.0,1871
202603251115,146000.0,147500.0,145900.0,147500.0,990
202603251130,147400.0,148600.0,147100.0,148200.0,2824
202603251145,148100.0,148200.0,146700.0,147200.0,2081
202603251200,147200.0,147800.0,147100.0,147200.0,1171
202603251215,147200.0,147300.0,146800.0,147300.0,1152
202603251230,147300.0,147600.0,146700.0,146900.0,2252
202603251245,146800.0,147500.0,146800.0,147400.0,1084
202603251300,147450.0,147600.0,147200.0,147600.0,968
202603251315,147600.0,150800.0,147600.0,150500.0,2812
202603251330,150600.0,152200.0,150600.0,152100.0,2441
202603251345,152000.0,152500.0,151400.0,151700.0,1828
202603251400,151800.0,151900.0,150300.0,150800.0,2509
202603251415,150800.0,151400.0,150100.0,151000.0,2503
202603251430,151400.0,154300.0,151400.0,154000.0,9232
202603251445,154000.0,154900.0,152400.0,153800.0,7344
202603251500,153700.0,155000.0,152400.0,154500.0,6394
202603251515,154800.0,155000.0,154400.0,155000.0,3074
202603260900,151300.0,152400.0,148400.0,148900.0,2902
202603260915,148600.0,149700.0,148400.0,148800.0,1893
202603260930,148800.0,149200.0,147400.0,147500.0,2700
202603260945,147900.0,147900.0,147400.0,147900.0,881
202603261000,147900.0,148000.0,146200.0,147000.0,2772
202603261015,146600.0,147200.0,146500.0,147000.0,755
202603261030,147000.0,147800.0,146900.0,147400.0,1233
202603261045,147500.0,149000.0,147300.0,147500.0,2288
202603261100,147500.0,147700.0,145700.0,145800.0,1647
202603261115,145700.0,145900.0,144400.0,144500.0,1409
202603261130,144500.0,145700.0,144000.0,144700.0,1508
202603261145,144600.0,145300.0,144500.0,144600.0,895
202603261200,144600.0,144700.0,144500.0,144500.0,932
202603261215,144700.0,145200.0,144500.0,144900.0,1393
202603261230,144900.0,145900.0,144900.0,145900.0,1188
202603261245,145900.0,146000.0,145000.0,145600.0,1111
202603261300,145600.0,145700.0,145100.0,145200.0,734
202603261315,145300.0,145600.0,145200.0,145600.0,808
202603261330,145600.0,145600.0,144200.0,144400.0,1904
202603261345,144400.0,144400.0,144100.0,144200.0,1755
202603261400,144300.0,144300.0,143500.0,143500.0,1777
202603261415,143600.0,143700.0,143100.0,143300.0,1224
202603261430,143200.0,143700.0,143200.0,143400.0,1301
202603261445,143500.0,143500.0,142600.0,142700.0,1774
202603261500,142700.0,142700.0,142200.0,142700.0,1535
202603261515,142700.0,142800.0,142600.0,142700.0,753
202603270900,140400.0,141700.0,137900.0,138100.0,3162
202603270915,138100.0,138500.0,137200.0,137700.0,1599
202603270930,137500.0,137700.0,136800.0,136800.0,1843
202603270945,136700.0,137100.0,135800.0,136500.0,1611
202603271000,136500.0,137300.0,136500.0,137200.0,5506
202603271015,137300.0,138500.0,137200.0,138100.0,953
202603271030,138100.0,138200.0,137500.0,137500.0,1027
202603271045,137400.0,138600.0,137100.0,138600.0,931
202603271100,138700.0,138700.0,137000.0,137200.0,943
202603271115,137100.0,137100.0,136500.0,137000.0,934
202603271130,137000.0,138600.0,137000.0,137500.0,772
202603271145,137500.0,137700.0,137100.0,137600.0,678
202603271200,137600.0,138000.0,137200.0,137300.0,659
202603271215,137300.0,137300.0,137000.0,137100.0,472
202603271230,137000.0,138600.0,137000.0,138300.0,629
202603271245,138600.0,138600.0,138200.0,138600.0,712
202603271300,138600.0,139300.0,138600.0,138700.0,868
202603271315,138700.0,139400.0,138700.0,139200.0,705
202603271330,139100.0,140000.0,139100.0,139300.0,1627
202603271345,139300.0,139900.0,139000.0,139600.0,1668
202603271400,139700.0,140100.0,139600.0,139900.0,2020
202603271415,139800.0,139900.0,138700.0,139100.0,2611
202603271430,139100.0,139900.0,138800.0,138800.0,1458
202603271445,138800.0,139800.0,138600.0,138900.0,1507
202603271500,138900.0,139000.0,138000.0,138400.0,2788
202603271515,138100.0,139600.0,138100.0,139600.0,1560
202603300900,134300.0,135500.0,133000.0,134700.0,3477
202603300915,134800.0,136600.0,134400.0,135200.0,5473
202603300930,134800.0,135400.0,134600.0,135000.0,1610
202603300945,134700.0,135300.0,134400.0,135000.0,1328
202603301000,134900.0,136100.0,134400.0,135200.0,911
202603301015,135300.0,135800.0,134500.0,134700.0,1080
202603301030,135000.0,137800.0,134500.0,137400.0,955
202603301045,137200.0,137200.0,134300.0,134300.0,1317
202603301100,134300.0,134700.0,134200.0,134200.0,1039
202603301115,134200.0,134300.0,133100.0,133200.0,1752
202603301130,133200.0,133500.0,132400.0,132400.0,1914
202603301145,132300.0,133000.0,132300.0,132600.0,1612
202603301200,132600.0,133800.0,132600.0,133100.0,802
202603301215,133300.0,133500.0,133200.0,133200.0,440
202603301230,133100.0,133300.0,132700.0,133100.0,516
202603301245,133300.0,133300.0,132700.0,132900.0,1134
202603301300,132900.0,133000.0,132500.0,132700.0,872
202603301315,132700.0,133400.0,132700.0,133300.0,848
202603301330,133300.0,133500.0,133200.0,133200.0,822
202603301345,133200.0,133200.0,132400.0,132900.0,1717
202603301400,132900.0,133200.0,132800.0,133200.0,1141
202603301415,133200.0,133700.0,133000.0,133400.0,843
202603301430,133400.0,133900.0,133000.0,133500.0,1401
202603301445,133300.0,133500.0,133000.0,133200.0,1348
202603301500,133200.0,133500.0,133100.0,133100.0,1430
202603301515,133100.0,133200.0,132900.0,133200.0,1325
202603310900,132000.0,132700.0,128000.0,128300.0,2522
202603310915,128000.0,128900.0,126900.0,128500.0,2298
202603310930,128700.0,131400.0,128400.0,131400.0,1274
202603310945,131500.0,131900.0,131100.0,131900.0,675
202603311000,131900.0,132500.0,130500.0,131400.0,801
202603311015,131500.0,134000.0,131400.0,133700.0,506
202603311030,133300.0,135000.0,133000.0,134300.0,1724
202603311045,134300.0,134500.0,133300.0,133600.0,595
202603311100,133400.0,133800.0,132700.0,133600.0,711
202603311115,133500.0,134500.0,132600.0,132700.0,1002
202603311130,132700.0,133500.0,132100.0,132200.0,998
202603311145,132800.0,133700.0,132200.0,133200.0,797
202603311200,132600.0,133500.0,132600.0,132900.0,1104
202603311215,133200.0,133300.0,132100.0,132400.0,1250
202603311230,133000.0,133000.0,131500.0,132300.0,1016
202603311245,132200.0,132700.0,131000.0,131400.0,587
202603311300,131400.0,131400.0,130300.0,131000.0,662
202603311315,130800.0,131400.0,130200.0,130200.0,923
202603311330,130200.0,130600.0,129800.0,130400.0,687
202603311345,130400.0,130500.0,129100.0,129900.0,662
202603311400,130100.0,130500.0,129200.0,129200.0,804
202603311415,129600.0,130800.0,129200.0,130300.0,622
202603311430,130500.0,130700.0,129500.0,130400.0,612
202603311445,130600.0,130900.0,130300.0,130300.0,707
202603311500,130300.0,130600.0,128500.0,129000.0,2706
202603311515,128600.0,129500.0,128500.0,128500.0,1062
202604010900,134400.0,135200.0,132100.0,133100.0,2067
202604010915,132800.0,133000.0,132200.0,133000.0,972
202604010930,132600.0,133000.0,132100.0,132500.0,1026
202604010945,132500.0,134600.0,132400.0,134200.0,1314
202604011000,134100.0,135800.0,134100.0,135300.0,1668
202604011015,135400.0,138000.0,134800.0,137900.0,1804
202604011030,137900.0,138200.0,135800.0,136600.0,1859
202604011045,136000.0,137000.0,136000.0,136900.0,1094
202604011100,136900.0,136900.0,135800.0,136000.0,1049
202604011115,136000.0,136700.0,135900.0,136000.0,943
202604011130,136100.0,136300.0,135800.0,136300.0,1255
202604011145,136200.0,136800.0,136100.0,136200.0,850
202604011200,136200.0,136500.0,136000.0,136400.0,964
202604011215,136500.0,137100.0,136400.0,137100.0,1178
202604011230,137100.0,137100.0,136800.0,137000.0,783
202604011245,137000.0,137100.0,136700.0,137000.0,1041
202604011300,137000.0,137600.0,136800.0,137500.0,978
202604011315,137500.0,137600.0,137300.0,137600.0,1118
202604011330,137600.0,138000.0,137300.0,137700.0,1504
202604011345,137700.0,137900.0,137400.0,137500.0,1400
202604011400,137400.0,138400.0,137400.0,138000.0,1513
202604011415,137900.0,138900.0,137900.0,138800.0,1442
202604011430,138700.0,138900.0,138200.0,138500.0,1575
202604011445,138600.0,138700.0,137900.0,138400.0,2297
202604011500,138500.0,138900.0,138000.0,138000.0,1772
202604011515,138000.0,138600.0,137500.0,138100.0,1263
202604020900,141200.0,142400.0,137100.0,139200.0,2391
202604020915,139200.0,139600.0,136600.0,136800.0,2046
202604020930,137000.0,137100.0,134600.0,136000.0,3216
202604020945,136300.0,136300.0,135000.0,135600.0,1973
202604021000,135500.0,137800.0,134900.0,137100.0,4318
202604021015,137100.0,137400.0,133900.0,134400.0,5561
202604021030,134300.0,135000.0,132500.0,132600.0,3414
202604021045,132600.0,135000.0,132100.0,133400.0,2599
202604021100,133600.0,133700.0,132100.0,132600.0,2091
202604021115,132600.0,133000.0,131700.0,131700.0,1788
202604021130,131800.0,133900.0,131300.0,132300.0,2571
202604021145,132100.0,132800.0,131900.0,132500.0,1317
202604021200,132500.0,132600.0,131600.0,132300.0,1911
202604021215,132400.0,132400.0,131800.0,132200.0,1206
202604021230,132300.0,132400.0,131500.0,131800.0,1758
202604021245,131800.0,131800.0,131100.0,131400.0,1615
202604021300,131500.0,131800.0,130800.0,131600.0,1968
202604021315,131700.0,131700.0,131100.0,131400.0,1261
202604021330,131300.0,131400.0,130900.0,130900.0,1182
202604021345,131000.0,131400.0,130800.0,130800.0,1798
202604021400,131000.0,131200.0,130800.0,131000.0,1421
202604021415,131000.0,131000.0,130600.0,131000.0,1489
202604021430,130900.0,131000.0,130000.0,130300.0,2315
202604021445,130300.0,130700.0,129600.0,129800.0,2367
202604021500,129800.0,130700.0,129600.0,130000.0,1893
202604021515,130100.0,131200.0,130000.0,131200.0,1128
202604030900,133000.0,134100.0,132600.0,134000.0,1256
202604030915,134000.0,136000.0,132800.0,136000.0,2637
202604030930,135600.0,135800.0,134300.0,134500.0,241
202604030945,134500.0,134800.0,133900.0,134200.0,395
202604031000,134200.0,134600.0,134200.0,134300.0,372
202604031015,134600.0,134600.0,133900.0,133900.0,271
202604031030,133900.0,135000.0,133400.0,134700.0,1054
202604031045,134700.0,134800.0,134000.0,134300.0,420
202604031100,134300.0,134800.0,134200.0,134600.0,291
202604031115,134500.0,137300.0,134500.0,137100.0,2319
202604031130,137000.0,137500.0,134700.0,134800.0,5316
202604031145,134800.0,135800.0,134500.0,135200.0,1402
202604031200,135500.0,135600.0,135200.0,135500.0,260
202604031215,135500.0,136300.0,135300.0,136200.0,232
202604031230,136200.0,136400.0,135800.0,135800.0,329
202604031245,136000.0,136500.0,135800.0,136400.0,465
202604031300,136400.0,136600.0,135800.0,136000.0,862
202604031315,136000.0,136700.0,135800.0,136200.0,571
202604031330,136200.0,137600.0,136200.0,137400.0,993
202604031345,137500.0,138100.0,137500.0,137900.0,1494
202604031400,138000.0,140000.0,137600.0,139600.0,1639
202604031415,139700.0,139900.0,138700.0,139200.0,2082
202604031430,139300.0,139500.0,138600.0,138700.0,1307
202604031445,138700.0,139400.0,138400.0,138800.0,1564
202604031500,139000.0,139000.0,137000.0,138000.0,479
202604031515,137800.0,138800.0,137800.0,138000.0,1821
202604060900,139100.0,140900.0,138400.0,139400.0,891
202604060915,139500.0,140000.0,138800.0,139000.0,744
202604060930,139000.0,140300.0,138800.0,140000.0,2135
202604060945,139800.0,140800.0,139800.0,140700.0,968
202604061000,140700.0,140700.0,139600.0,139600.0,645
202604061015,139600.0,139800.0,139100.0,139300.0,411
202604061030,139300.0,139300.0,138000.0,138100.0,752
202604061045,138400.0,138700.0,136800.0,137600.0,496
202604061100,136900.0,138700.0,136900.0,138100.0,388
202604061115,138300.0,139100.0,138200.0,138400.0,344
202604061130,138400.0,138600.0,138100.0,138100.0,451
202604061145,138100.0,138200.0,137600.0,137700.0,448
202604061200,137700.0,138800.0,137600.0,138800.0,226
202604061215,138900.0,138900.0,137700.0,138200.0,358
202604061230,138300.0,138300.0,137200.0,137300.0,453
202604061245,137300.0,137900.0,137300.0,137700.0,398
202604061300,137700.0,138800.0,137700.0,137700.0,338
202604061315,137700.0,138500.0,137200.0,137400.0,351
202604061330,137400.0,138600.0,137400.0,138200.0,584
202604061345,138200.0,139000.0,138200.0,138700.0,359
202604061400,138700.0,139000.0,138700.0,138800.0,395
202604061415,138800.0,139000.0,138600.0,138600.0,330
202604061430,138600.0,138800.0,138400.0,138500.0,291
202604061445,138500.0,138700.0,138000.0,138500.0,379
202604061500,138200.0,138900.0,138200.0,138700.0,841
202604061515,138800.0,138900.0,138100.0,138100.0,323
202604070900,139200.0,143000.0,138400.0,142600.0,2127
202604070915,142600.0,144000.0,142000.0,143200.0,2841
202604070930,143100.0,144000.0,142400.0,143900.0,1087
202604070945,143900.0,144100.0,142100.0,142200.0,738
202604071000,142200.0,142200.0,141000.0,141000.0,313
202604071015,141100.0,141400.0,140400.0,140500.0,227
202604071030,140600.0,141100.0,139900.0,140300.0,237
202604071045,140200.0,140500.0,138400.0,138400.0,513
202604071100,138400.0,138700.0,138000.0,138000.0,330
202604071115,137900.0,138800.0,137900.0,138400.0,269
202604071130,138300.0,139600.0,138300.0,139200.0,291
202604071145,139300.0,139500.0,138000.0,138500.0,455
202604071200,138600.0,138900.0,137500.0,138500.0,282
202604071215,138500.0,138800.0,137800.0,138800.0,347
202604071230,138800.0,139400.0,138400.0,138600.0,444
202604071245,138400.0,138500.0,137800.0,137800.0,83
202604071300,137800.0,138100.0,137400.0,137400.0,340
202604071315,137300.0,137800.0,136700.0,137800.0,551
202604071330,137800.0,138400.0,137800.0,138200.0,918
202604071345,138300.0,138600.0,138100.0,138200.0,303
202604071400,138300.0,139300.0,138300.0,138800.0,585
202604071415,138700.0,139400.0,138400.0,139000.0,1455
202604071430,139000.0,139600.0,139000.0,139200.0,558
202604071445,139200.0,139700.0,139100.0,139300.0,815
202604071500,139300.0,140300.0,139300.0,140300.0,1034
202604071515,140400.0,141100.0,140300.0,141000.0,1713
202604080900,145700.0,147200.0,143800.0,146600.0,2956
202604080915,146500.0,149000.0,146400.0,148300.0,2129
202604080930,148300.0,148400.0,146900.0,147800.0,1438
202604080945,147900.0,148800.0,147900.0,148200.0,1412
202604081000,148400.0,152400.0,148400.0,151100.0,4908
202604081015,150800.0,150900.0,149800.0,150000.0,708
202604081030,150000.0,150800.0,149800.0,150700.0,631
202604081045,150700.0,150800.0,150400.0,150700.0,642
202604081100,150400.0,151900.0,150400.0,151900.0,1632
202604081115,151700.0,152000.0,151400.0,151900.0,858
202604081130,151900.0,152000.0,151800.0,152000.0,635
202604081145,151900.0,153000.0,151800.0,152900.0,1613
202604081200,152800.0,154000.0,152700.0,153900.0,1617
202604081215,153900.0,154300.0,153800.0,154200.0,1058
202604081230,154200.0,154300.0,153400.0,153500.0,861
202604081245,153500.0,153800.0,153500.0,153600.0,601
202604081300,153600.0,154400.0,153600.0,154300.0,796
202604081315,154400.0,154400.0,153400.0,153700.0,1249
202604081330,153900.0,154400.0,153800.0,154300.0,797
202604081345,154300.0,154800.0,154200.0,154800.0,1472
202604081400,154600.0,154900.0,154400.0,154700.0,1216
202604081415,154800.0,154900.0,154100.0,154200.0,923
202604081430,154200.0,154300.0,153500.0,153500.0,1088
202604081445,153600.0,153800.0,153300.0,153500.0,1790
202604081500,153500.0,153900.0,152900.0,153000.0,2344
202604081515,153000.0,153500.0,151900.0,152100.0,2708
202604090900,149500.0,150000.0,146700.0,148000.0,1910
202604090915,148000.0,151500.0,147900.0,150000.0,1053
202604090930,150000.0,151500.0,149600.0,150300.0,1295
202604090945,150000.0,150000.0,148000.0,149050.0,881
202604091000,149000.0,149200.0,148000.0,148000.0,811
202604091015,148000.0,148200.0,147450.0,148100.0,855
202604091030,148100.0,149300.0,148000.0,149300.0,756
202604091045,149300.0,150000.0,148950.0,149600.0,682
202604091100,149600.0,150000.0,148800.0,148800.0,477
202604091115,148800.0,149200.0,148800.0,148900.0,459
202604091130,148900.0,149200.0,148800.0,149000.0,463
202604091145,149050.0,149200.0,148900.0,148900.0,449
202604091200,148900.0,149100.0,148400.0,148400.0,527
202604091215,148450.0,148800.0,148250.0,148400.0,440
202604091230,148400.0,148800.0,148400.0,148800.0,462
202604091245,148800.0,149100.0,148700.0,148800.0,537
202604091300,148800.0,149200.0,148700.0,148800.0,456
202604091315,148700.0,148800.0,147200.0,147600.0,849
202604091330,147600.0,148500.0,147600.0,148500.0,1032
202604091345,148500.0,148700.0,148400.0,148500.0,551
202604091400,148500.0,148500.0,148200.0,148400.0,440
202604091415,148400.0,149200.0,148400.0,149200.0,877
202604091430,149000.0,149800.0,149000.0,149200.0,998
202604091445,149300.0,149900.0,148100.0,149200.0,931
202604091500,148650.0,149200.0,148300.0,148600.0,599
202604091515,148350.0,149600.0,148200.0,149600.0,1162
202604100900,153000.0,154000.0,151600.0,152200.0,925
202604100915,152300.0,153000.0,149000.0,149600.0,986
202604100930,149600.0,150400.0,149400.0,150200.0,876
202604100945,149800.0,149900.0,148700.0,149700.0,1078
202604101000,149300.0,149900.0,149100.0,149100.0,370
202604101015,149300.0,149300.0,148500.0,148500.0,1466
202604101030,148600.0,148800.0,147300.0,147900.0,1428
202604101045,147900.0,148500.0,147800.0,147900.0,846
202604101100,147900.0,147900.0,147100.0,147100.0,1231
202604101115,147300.0,148400.0,147200.0,148000.0,1765
202604101130,148000.0,148000.0,147500.0,147700.0,458
202604101145,147600.0,148100.0,147600.0,147800.0,563
202604101200,147700.0,148100.0,147500.0,148000.0,1027
202604101215,148100.0,148500.0,148000.0,148100.0,724
202604101230,148100.0,148700.0,148100.0,148300.0,1426
202604101245,148400.0,148500.0,148100.0,148300.0,1163
202604101300,148300.0,148300.0,147300.0,147300.0,952
202604101315,147300.0,147400.0,147100.0,147300.0,1298
202604101330,147300.0,148400.0,147300.0,148000.0,1240
202604101345,148000.0,148000.0,147300.0,147300.0,657
202604101400,147300.0,148400.0,147200.0,147600.0,1304
202604101415,147600.0,148700.0,147600.0,148500.0,1763
202604101430,148400.0,149500.0,148000.0,149500.0,1729
202604101445,149500.0,150300.0,148700.0,148800.0,1604
202604101500,148700.0,149200.0,148500.0,148600.0,1080
202604101515,148600.0,149500.0,148600.0,149300.0,1409
202604130900,144600.0,145900.0,143900.0,145300.0,1525
202604130915,145300.0,146700.0,145200.0,146600.0,1222
202604130930,146500.0,146800.0,146000.0,146000.0,693
202604130945,146100.0,147600.0,146000.0,147300.0,1130
202604131000,147400.0,148300.0,147300.0,148000.0,1186
202604131015,148000.0,149200.0,147600.0,148100.0,2145
202604131030,148300.0,148800.0,147600.0,147800.0,1350
202604131045,147800.0,147800.0,146500.0,146900.0,695
202604131100,146700.0,146800.0,146100.0,146200.0,1182
202604131115,146300.0,146300.0,145700.0,145700.0,890
202604131130,145700.0,146200.0,145600.0,146000.0,884
202604131145,146200.0,146400.0,145700.0,146100.0,1003
202604131200,146100.0,146300.0,145800.0,145800.0,559
202604131215,145900.0,146200.0,145700.0,146000.0,761
202604131230,146000.0,146300.0,145700.0,146000.0,677
202604131245,145900.0,146300.0,145800.0,146000.0,939
202604131300,146000.0,146900.0,145900.0,146800.0,1983
202604131315,146800.0,147100.0,146400.0,146700.0,907
202604131330,146800.0,147100.0,146600.0,146600.0,1150
202604131345,146600.0,147200.0,146500.0,146900.0,1493
202604131400,147100.0,147300.0,146400.0,146600.0,993
202604131415,146400.0,146800.0,146200.0,146300.0,632
202604131430,146300.0,147100.0,146300.0,147000.0,869
202604131445,147100.0,148400.0,147000.0,148000.0,1603
202604131500,148000.0,148300.0,147100.0,148300.0,1570
202604131515,148200.0,148900.0,148000.0,148700.0,1792
202604140900,153600.0,156600.0,152600.0,156500.0,7299
202604140915,156500.0,158200.0,155800.0,157500.0,7097
202604140930,157400.0,158300.0,156800.0,157300.0,4345
202604140945,157400.0,158000.0,156900.0,157200.0,3453
202604141000,157200.0,157200.0,153800.0,154600.0,1929
202604141015,154700.0,155400.0,154000.0,154600.0,2222
202604141030,154600.0,155000.0,154000.0,154300.0,952
202604141045,154300.0,154400.0,152600.0,152800.0,2159
202604141100,152600.0,153800.0,152100.0,152600.0,1291
202604141115,152600.0,153000.0,152400.0,152900.0,682
202604141130,153400.0,154300.0,152600.0,153900.0,931
202604141145,153800.0,154000.0,153100.0,153600.0,1532
202604141200,153300.0,154200.0,153300.0,154100.0,912
202604141215,154000.0,154300.0,153600.0,153700.0,495
202604141230,153700.0,154800.0,153700.0,154400.0,1189
202604141245,154700.0,154800.0,154000.0,154300.0,608
202604141300,154500.0,154500.0,152500.0,152500.0,1543
202604141315,152900.0,153100.0,152500.0,152600.0,2163
202604141330,152800.0,153300.0,152400.0,153000.0,2419
202604141345,152600.0,153500.0,152500.0,152600.0,1524
202604141400,152500.0,152900.0,152400.0,152600.0,1526
202604141415,152600.0,153500.0,152500.0,152700.0,2063
202604141430,152900.0,153400.0,152500.0,152700.0,1799
202604141445,152900.0,153200.0,152500.0,152900.0,3135
202604141500,152900.0,153500.0,152500.0,152900.0,2044
202604141515,152800.0,152800.0,152600.0,152600.0,1538
202604150900,157200.0,157200.0,154700.0,156000.0,1716
202604150915,155900.0,156900.0,155500.0,156500.0,1961
202604150930,156700.0,156700.0,155400.0,156000.0,1496
202604150945,155900.0,156300.0,155700.0,155800.0,1571
202604151000,155800.0,156000.0,155500.0,155900.0,1265
202604151015,155800.0,156500.0,155700.0,155700.0,3029
202604151030,155700.0,155800.0,154400.0,154400.0,1010
202604151045,154500.0,155500.0,154400.0,154800.0,747
202604151100,154700.0,156900.0,154700.0,156900.0,1177
202604151115,156800.0,157000.0,156000.0,156200.0,922
202604151130,156200.0,156300.0,155600.0,156100.0,436
202604151145,156100.0,156100.0,155500.0,155800.0,370
202604151200,155800.0,156300.0,155400.0,155700.0,530
202604151215,155700.0,155700.0,155100.0,155100.0,317
202604151230,155100.0,155200.0,154800.0,155200.0,341
202604151245,155100.0,155500.0,154700.0,155200.0,310
202604151300,155300.0,155300.0,154600.0,154900.0,1532
202604151315,155100.0,155600.0,155000.0,155400.0,374
202604151330,155400.0,155600.0,155200.0,155300.0,345
202604151345,155300.0,156000.0,155300.0,155900.0,872
202604151400,155900.0,156000.0,155600.0,155800.0,379
202604151415,155800.0,156000.0,155400.0,155400.0,751
202604151430,155400.0,155500.0,154600.0,154700.0,660
202604151445,154600.0,155300.0,154500.0,155000.0,853
202604151500,155100.0,155500.0,155000.0,155300.0,1001
202604151515,155300.0,156000.0,155300.0,156000.0,648
202604160900,157900.0,158900.0,150000.0,157200.0,1881
202604160915,157200.0,159500.0,153600.0,159500.0,5985
202604160930,159000.0,160800.0,158900.0,160700.0,4512
202604160945,160600.0,160800.0,158200.0,158600.0,1619
202604161000,158600.0,159200.0,158600.0,158600.0,1081
202604161015,158600.0,159100.0,158400.0,158700.0,823
202604161030,158700.0,159100.0,158500.0,158500.0,921
202604161045,158500.0,159000.0,158500.0,159000.0,1066
202604161100,158900.0,159100.0,158000.0,158100.0,997
202604161115,158200.0,158200.0,157600.0,157700.0,502
202604161130,157600.0,157900.0,157500.0,157600.0,480
202604161145,157600.0,158000.0,157500.0,157800.0,458
202604161200,157700.0,158000.0,157500.0,157600.0,526
202604161215,157700.0,158000.0,157400.0,157400.0,509
202604161230,157400.0,157500.0,157200.0,157200.0,1227
202604161245,157200.0,157300.0,157000.0,157300.0,614
202604161300,157200.0,157200.0,156800.0,156800.0,524
202604161315,156800.0,157300.0,156700.0,156700.0,1244
202604161330,156800.0,156800.0,156000.0,156300.0,1765
202604161345,156300.0,156400.0,156100.0,156100.0,1033
202604161400,156200.0,156500.0,155800.0,156400.0,1425
202604161415,156300.0,156400.0,155700.0,155800.0,1035
202604161430,155800.0,156500.0,155800.0,156400.0,1417
202604161445,156300.0,157700.0,156300.0,157300.0,1988
202604161500,156800.0,157300.0,156200.0,156500.0,1379
202604161515,157000.0,157500.0,156500.0,157200.0,1265
202604170900,157400.0,158900.0,156300.0,157700.0,636
202604170915,157100.0,159400.0,156800.0,157300.0,570
202604170930,157800.0,157900.0,157000.0,157500.0,624
202604170945,157300.0,157600.0,156800.0,156900.0,414
202604171000,156900.0,157500.0,156800.0,157300.0,258
202604171015,157200.0,157200.0,156800.0,156900.0,609
202604171030,157100.0,157500.0,156800.0,157000.0,513
202604171045,156900.0,157300.0,156800.0,157000.0,362
202604171100,157100.0,157300.0,156900.0,157200.0,278
202604171115,157200.0,157600.0,157100.0,157500.0,406
202604171130,157500.0,157500.0,157200.0,157400.0,229
202604171145,157400.0,157800.0,157200.0,157600.0,624
202604171200,157600.0,157700.0,157200.0,157300.0,302
202604171215,157300.0,157500.0,157200.0,157300.0,344
202604171230,157300.0,157400.0,157100.0,157200.0,413
202604171245,157200.0,157700.0,157200.0,157500.0,409
202604171300,157300.0,158300.0,157000.0,158300.0,899
202604171315,158400.0,158700.0,158000.0,158600.0,577
202604171330,158700.0,158900.0,158500.0,158700.0,514
202604171345,158800.0,159000.0,158500.0,158700.0,765
202604171400,158700.0,159000.0,158300.0,158900.0,443
202604171415,158900.0,159200.0,158700.0,158900.0,952
202604171430,158700.0,159300.0,158700.0,159300.0,1492
202604171445,159200.0,159500.0,159200.0,159400.0,543
202604171500,159500.0,159600.0,159200.0,159600.0,1104
202604171515,159600.0,159600.0,159300.0,159600.0,597
202604200900,159300.0,159500.0,157100.0,157400.0,1482
202604200915,157400.0,157900.0,156800.0,157100.0,2103
202604200930,157100.0,157700.0,157000.0,157500.0,1604
202604200945,157500.0,157900.0,157400.0,157900.0,738
202604201000,157900.0,159000.0,157900.0,158500.0,918
202604201015,158500.0,158500.0,158100.0,158400.0,733
202604201030,158300.0,159600.0,158300.0,159400.0,1453
202604201045,159400.0,159600.0,159300.0,159500.0,675
202604201100,159500.0,160000.0,159300.0,160000.0,725
202604201115,160000.0,160000.0,159800.0,160000.0,632
202604201130,160000.0,160100.0,159700.0,159700.0,618
202604201145,159800.0,160600.0,159500.0,160300.0,2242
202604201200,160300.0,160400.0,160100.0,160200.0,1091
202604201215,160100.0,160300.0,160000.0,160200.0,846
202604201230,160200.0,160600.0,160100.0,160300.0,774
202604201245,160200.0,161700.0,160000.0,160900.0,1362
202604201300,160800.0,161400.0,160700.0,160900.0,880
202604201315,160900.0,161400.0,160700.0,160900.0,732
202604201330,160800.0,161200.0,160700.0,161100.0,703
202604201345,161100.0,161200.0,160500.0,160500.0,939
202604201400,160300.0,160300.0,159500.0,159700.0,1185
202604201415,159700.0,160000.0,159500.0,159500.0,887
202604201430,159600.0,159600.0,159000.0,159300.0,1025
202604201445,159100.0,159600.0,159000.0,159300.0,1143
202604201500,159300.0,160000.0,159300.0,159300.0,612
202604201515,159300.0,159900.0,159300.0,159600.0,362
202604210900,162000.0,166500.0,161800.0,166100.0,5370
202604210915,165600.0,165800.0,165000.0,165500.0,1433
202604210930,165200.0,165600.0,165100.0,165400.0,797
202604210945,165400.0,167100.0,164800.0,166700.0,3303
202604211000,166700.0,167400.0,166300.0,166800.0,2250
202604211015,166800.0,166800.0,165800.0,165900.0,867
202604211030,165800.0,165800.0,165200.0,165400.0,1777
202604211045,165300.0,165500.0,164700.0,165400.0,2852
202604211100,165300.0,165500.0,164900.0,165000.0,2183
202604211115,164900.0,165500.0,164800.0,165400.0,1050
202604211130,165400.0,165600.0,165300.0,165400.0,882
202604211145,165400.0,165700.0,164900.0,165400.0,1088
202604211200,165200.0,166800.0,165200.0,166800.0,3008
202604211215,166800.0,167200.0,166600.0,166600.0,1214
202604211230,166600.0,167100.0,166600.0,166900.0,1063
202604211245,166900.0,166900.0,165500.0,165700.0,1550
202604211300,165600.0,165800.0,165200.0,165500.0,2088
202604211315,165400.0,165500.0,164900.0,165000.0,1067
202604211330,165000.0,165500.0,164900.0,165300.0,1104
202604211345,165200.0,165500.0,164700.0,164800.0,1483
202604211400,164900.0,164900.0,163800.0,163800.0,1186
202604211415,163800.0,164000.0,163100.0,163200.0,1052
202604211430,163200.0,164400.0,163100.0,164000.0,1060
202604211445,164000.0,164400.0,164000.0,164100.0,695
202604211500,164000.0,164800.0,163700.0,164000.0,1114
202604211515,164100.0,164400.0,163600.0,163800.0,1063
202604220900,163000.0,163000.0,161200.0,161700.0,1622
202604220915,162100.0,162800.0,161800.0,162100.0,541
202604220930,162100.0,162600.0,161900.0,161900.0,439
202604220945,162000.0,162100.0,160500.0,160500.0,1944
202604221000,160500.0,160500.0,158800.0,159000.0,2319
202604221015,159100.0,159500.0,158800.0,159000.0,1189
202604221030,159000.0,159200.0,158700.0,158800.0,1225
202604221045,158800.0,159200.0,158800.0,158800.0,746
202604221100,158800.0,158900.0,158000.0,158300.0,2395
202604221115,158300.0,158800.0,158100.0,158300.0,709
202604221130,158200.0,159000.0,158200.0,158800.0,692
202604221145,158800.0,159200.0,158500.0,158900.0,795
202604221200,159000.0,159300.0,158900.0,159000.0,935
202604221215,159000.0,159100.0,158700.0,158800.0,752
202604221230,158900.0,159100.0,158500.0,158500.0,854
202604221245,158500.0,158800.0,158400.0,158500.0,870
202604221300,158500.0,158800.0,158300.0,158600.0,827
202604221315,158500.0,158700.0,158400.0,158500.0,843
202604221330,158500.0,158600.0,158300.0,158400.0,849
202604221345,158400.0,158500.0,158200.0,158400.0,1195
202604221400,158400.0,158400.0,158200.0,158200.0,1031
202604221415,158200.0,159000.0,158200.0,158500.0,826
202604221430,158400.0,159000.0,158300.0,158800.0,1508
202604221445,158700.0,159500.0,158500.0,159500.0,2555
202604221500,159600.0,161500.0,159000.0,161100.0,872
202604221515,160900.0,160900.0,159200.0,160000.0,694
202604230900,162600.0,163800.0,161900.0,162000.0,2643
202604230915,161900.0,163800.0,161000.0,163700.0,3560
202604230930,163900.0,165200.0,162800.0,164800.0,3053
202604230945,164800.0,167300.0,164300.0,165900.0,5307
202604231000,165900.0,166000.0,163700.0,164500.0,2034
202604231015,164500.0,165700.0,164100.0,165500.0,1660
202604231030,165500.0,165500.0,163800.0,163800.0,1354
202604231045,164000.0,164500.0,163700.0,163800.0,1191
202604231100,163800.0,164300.0,163200.0,163200.0,1334
202604231115,163200.0,163600.0,162500.0,162700.0,1427
202604231130,162700.0,163000.0,161500.0,162500.0,1049
202604231145,162400.0,162900.0,162000.0,162000.0,1359
202604231200,162000.0,162300.0,161200.0,161300.0,1339
202604231215,161300.0,161700.0,160600.0,160900.0,1439
202604231230,160800.0,161300.0,160700.0,160800.0,2208
202604231245,160800.0,162000.0,160800.0,161700.0,1429
202604231300,161600.0,162000.0,161400.0,161800.0,1252
202604231315,161700.0,161700.0,161300.0,161400.0,949
202604231330,161400.0,161800.0,161200.0,161500.0,1289
202604231345,161400.0,162600.0,161200.0,161800.0,1434
202604231400,161800.0,162300.0,161800.0,162000.0,1257
202604231415,162100.0,162200.0,161600.0,161800.0,1230
202604231430,161800.0,162500.0,161500.0,162400.0,1504
202604231445,162400.0,163300.0,162400.0,162900.0,1935
202604231500,162900.0,164000.0,162900.0,163800.0,3588
202604231515,163800.0,164200.0,163700.0,163900.0,2137
202604240900,164400.0,166500.0,163400.0,163500.0,1039
202604240915,163600.0,169500.0,163600.0,168800.0,4137
202604240930,168600.0,172500.0,168200.0,172400.0,8042
202604240945,172400.0,173500.0,172200.0,173200.0,3967
202604241000,173200.0,173200.0,170800.0,171400.0,2204
202604241015,171300.0,171500.0,170500.0,171300.0,1682
202604241030,171400.0,171700.0,170700.0,170900.0,1381
202604241045,170900.0,171100.0,170600.0,170900.0,1121
202604241100,170900.0,171100.0,170300.0,170700.0,993
202604241115,171000.0,171000.0,169600.0,170400.0,1909
202604241130,170400.0,171000.0,170200.0,171000.0,933
202604241145,170900.0,171500.0,170800.0,171500.0,1453
202604241200,171400.0,171700.0,171400.0,171500.0,1462
202604241215,171450.0,171500.0,170900.0,171000.0,1536
202604241230,170900.0,171300.0,170600.0,171100.0,1047
202604241245,171100.0,171200.0,170000.0,170000.0,1117
202604241300,170200.0,170900.0,169600.0,170700.0,1273
202604241315,170750.0,170900.0,170200.0,170600.0,1057
202604241330,170600.0,170800.0,169800.0,170800.0,1283
202604241345,170800.0,170800.0,169800.0,169900.0,1253
202604241400,169900.0,170900.0,169800.0,170900.0,1453
202604241415,170900.0,171000.0,170800.0,171000.0,1362
202604241430,171000.0,171400.0,170800.0,171200.0,2641
202604241445,171300.0,171700.0,170900.0,171000.0,4975
202604241500,171000.0,171600.0,170800.0,171000.0,1821
202604241515,171000.0,171100.0,170400.0,171000.0,1638
202604270900,178500.0,181300.0,175700.0,180500.0,10174
202604270915,180500.0,185900.0,178800.0,184700.0,13400
202604270930,184700.0,187600.0,184200.0,187500.0,10383
202604270945,187600.0,187800.0,186900.0,187800.0,5349
202604271000,187700.0,188300.0,187400.0,187500.0,4489
202604271015,187600.0,191000.0,187600.0,188700.0,6279
202604271030,188700.0,191600.0,188600.0,191500.0,4230
202604271045,191500.0,199800.0,190900.0,195700.0,8890
202604271100,195700.0,198900.0,195000.0,197800.0,6856
202604271115,197800.0,198500.0,194900.0,195700.0,4986
202604271130,195700.0,198900.0,195300.0,198700.0,6706
202604271145,198700.0,199900.0,197100.0,198200.0,8200
202604271200,198200.0,200500.0,197600.0,200000.0,8531
202604271215,200500.0,203500.0,200000.0,203500.0,5771
202604271230,203000.0,204000.0,200000.0,201500.0,7945
202604271245,201500.0,203500.0,200500.0,200500.0,4451
202604271300,200500.0,202500.0,200500.0,201500.0,4207
202604271315,201500.0,203000.0,200500.0,201000.0,4501
202604271330,201500.0,202500.0,199800.0,201500.0,4716
202604271345,201500.0,203000.0,200500.0,201000.0,4826
202604271400,201000.0,202000.0,200000.0,200500.0,3814
202604271415,201000.0,203000.0,200500.0,202500.0,6760
202604271430,203000.0,203500.0,200500.0,201000.0,6461
202604271445,200500.0,203000.0,200500.0,202500.0,6898
202604271500,203000.0,204000.0,202000.0,203500.0,6570
202604271515,203500.0,205000.0,203000.0,204500.0,5529
202604280900,265500.0,265500.0,221000.0,229000.0,125665
202604280915,229000.0,232000.0,222500.0,223500.0,50277
202604280930,223000.0,226500.0,219000.0,220000.0,30531
202604280945,220000.0,222500.0,216500.0,218000.0,16582
202604281000,218500.0,223000.0,217000.0,223000.0,14391
202604281015,223000.0,225500.0,219000.0,220000.0,11281
202604281030,219500.0,225000.0,219500.0,222000.0,6754
202604281045,222500.0,224000.0,219500.0,220000.0,5656
202604281100,220500.0,223000.0,219500.0,223000.0,5192
202604281115,222500.0,225500.0,222500.0,223500.0,5738
202604281130,223500.0,226000.0,223500.0,225000.0,4463
202604281145,224500.0,230000.0,224500.0,228500.0,10523
202604281200,228500.0,231000.0,227500.0,228500.0,9464
202604281215,228000.0,230000.0,226500.0,229500.0,4979
202604281230,229500.0,230000.0,226000.0,226750.0,5470
202604281245,226750.0,228000.0,225500.0,225500.0,4261
202604281300,225500.0,228000.0,225500.0,227500.0,3297
202604281315,227500.0,230000.0,226000.0,226000.0,5105
202604281330,226000.0,228000.0,225500.0,226000.0,3924
202604281345,226500.0,228000.0,226000.0,228000.0,3363
202604281400,228000.0,228000.0,225000.0,225500.0,3995
202604281415,225500.0,226500.0,223750.0,226000.0,4931
202604281430,226500.0,226500.0,225000.0,226000.0,4034
202604281445,226000.0,227000.0,225500.0,226750.0,4353
202604281500,226750.0,227500.0,226000.0,226500.0,6673
202604281515,226500.0,227500.0,226000.0,227000.0,3514
202604290900,220000.0,223000.0,215000.0,218000.0,12099
202604290915,217500.0,219000.0,215500.0,219000.0,8711
202604290930,219000.0,220000.0,218000.0,218000.0,3543
202604290945,218000.0,218500.0,216500.0,216500.0,2773
202604291000,217000.0,220000.0,216500.0,219500.0,4820
202604291015,219500.0,220500.0,217000.0,217000.0,3120
202604291030,217500.0,218500.0,217500.0,218000.0,2075
202604291045,217500.0,219000.0,217500.0,219000.0,1607
202604291100,218500.0,219000.0,217500.0,218000.0,2220
202604291115,218000.0,218500.0,217000.0,217500.0,1558
202604291130,217500.0,219000.0,217500.0,218500.0,1525
202604291145,218500.0,220000.0,218500.0,218500.0,2679
202604291200,219000.0,220500.0,218000.0,219500.0,1951
202604291215,219000.0,220500.0,219000.0,219500.0,1735
202604291230,219000.0,219500.0,218500.0,218500.0,1572
202604291245,219000.0,221000.0,218500.0,220000.0,1837
202604291300,220500.0,224500.0,219500.0,224500.0,3160
202604291315,224500.0,231000.0,224000.0,225500.0,13002
202604291330,225500.0,226000.0,223000.0,223000.0,4327
202604291345,223500.0,224500.0,223000.0,224000.0,3071
202604291400,224000.0,225000.0,223500.0,224000.0,2032
202604291415,224000.0,224000.0,222500.0,223000.0,2388
202604291430,223000.0,224000.0,222500.0,224000.0,1855
202604291445,223500.0,226000.0,222500.0,225000.0,3564
202604291500,224500.0,226000.0,224000.0,224000.0,2440
202604291515,224500.0,225000.0,224000.0,224500.0,2108
202604300900,222500.0,224500.0,219000.0,220000.0,7553
202604300915,219500.0,222500.0,218000.0,221500.0,4902
202604300930,222000.0,227000.0,222000.0,227000.0,4167
202604300945,227000.0,227500.0,222000.0,223000.0,3430
202604301000,222500.0,225000.0,222000.0,224500.0,2303
202604301015,224500.0,225000.0,222500.0,223000.0,2118
202604301030,222500.0,224500.0,222000.0,223500.0,1540
202604301045,223500.0,226000.0,223500.0,226000.0,2171
202604301100,226000.0,230000.0,226000.0,229500.0,4259
202604301115,229500.0,232000.0,227500.0,227500.0,7900
202604301130,227500.0,228000.0,226000.0,227500.0,7136
202604301145,227500.0,227500.0,226000.0,227500.0,5263
202604301200,227500.0,228500.0,227000.0,228000.0,3066
202604301215,228000.0,229500.0,227500.0,228500.0,2036
202604301230,228500.0,229000.0,227500.0,228000.0,1719
202604301245,228500.0,229000.0,227500.0,228000.0,2123
202604301300,228000.0,228500.0,227000.0,227500.0,2867
202604301315,227500.0,228000.0,225500.0,226000.0,4143
202604301330,226500.0,228000.0,225500.0,227500.0,2822
202604301345,227500.0,228000.0,226500.0,227000.0,3191
202604301400,227000.0,227500.0,226000.0,227000.0,2730
202604301415,227500.0,228000.0,227000.0,227500.0,2860
202604301430,227500.0,228000.0,227000.0,227500.0,1995
202604301445,228000.0,228500.0,227500.0,228000.0,2710
202604301500,228500.0,228500.0,227500.0,228500.0,1887
202604301515,228500.0,228500.0,227500.0,228000.0,2639
202605040900,229500.0,230000.0,223500.0,223500.0,11176
202605040915,223500.0,225000.0,221000.0,222500.0,7614
202605040930,222500.0,222500.0,220500.0,222000.0,5775
202605040945,222000.0,222000.0,220000.0,220500.0,3943
202605041000,221000.0,222500.0,220000.0,222000.0,2913
202605041015,222000.0,222000.0,218000.0,219000.0,6060
202605041030,218500.0,223000.0,218000.0,222500.0,4064
202605041045,222500.0,224500.0,222500.0,223500.0,2871
202605041100,224000.0,225500.0,223000.0,225000.0,3225
202605041115,225000.0,225500.0,222500.0,223500.0,3243
202605041130,223500.0,226000.0,223000.0,224000.0,2875
202605041145,225000.0,226500.0,225000.0,226000.0,2196
202605041200,226000.0,226500.0,225500.0,226000.0,1649
202605041215,225500.0,228000.0,225500.0,228000.0,3936
202605041230,228000.0,228500.0,227000.0,227500.0,2434
202605041245,227500.0,228000.0,226500.0,227500.0,2368
202605041300,227000.0,228000.0,226000.0,226500.0,1847
202605041315,227000.0,228000.0,226000.0,226250.0,2006
202605041330,226500.0,226500.0,224500.0,225000.0,2009
202605041345,224500.0,225000.0,222500.0,223500.0,2848
202605041400,223500.0,224000.0,222000.0,222500.0,2393
202605041415,222500.0,224000.0,222500.0,223500.0,1827
202605041430,223500.0,223500.0,222500.0,222500.0,1866
202605041445,222500.0,223000.0,221000.0,221000.0,4815
202605041500,221000.0,222500.0,220500.0,222000.0,4989
202605041515,222000.0,222000.0,220000.0,221000.0,7124
202605060900,230500.0,242500.0,228500.0,241000.0,25057
202605060915,241500.0,246000.0,240000.0,245000.0,20430
202605060930,246000.0,262000.0,244500.0,254250.0,25751
202605060945,254000.0,265000.0,251500.0,261000.0,21699
202605061000,261000.0,265000.0,253000.0,253500.0,22476
202605061015,253500.0,257500.0,253000.0,254500.0,10124
202605061030,254000.0,260500.0,253500.0,258500.0,9023
202605061045,258500.0,260000.0,257000.0,258500.0,5998
202605061100,259000.0,261000.0,258500.0,260000.0,4625
202605061115,260500.0,261000.0,256000.0,257000.0,6418
202605061130,256500.0,259500.0,256000.0,256500.0,5475
202605061145,256500.0,259000.0,256000.0,256500.0,3947
202605061200,257000.0,258000.0,255000.0,258000.0,3391
202605061215,257500.0,258500.0,254500.0,255500.0,4726
202605061230,255500.0,255500.0,251500.0,252000.0,5654
202605061245,252000.0,253500.0,251000.0,253500.0,5120
202605061300,253000.0,254500.0,251000.0,252500.0,4303
202605061315,252500.0,255000.0,252000.0,253500.0,5196
202605061330,253500.0,257500.0,252500.0,256000.0,5872
202605061345,256000.0,256500.0,253500.0,254500.0,4547
202605061400,254000.0,256000.0,253500.0,256000.0,3871
202605061415,256000.0,256000.0,253500.0,254000.0,2239
202605061430,254500.0,257000.0,253500.0,257000.0,5172
202605061445,257000.0,258000.0,256000.0,257500.0,5074
202605061500,257000.0,259000.0,257000.0,258000.0,6014
202605061515,258000.0,259500.0,257500.0,258500.0,4452
202605070900,305000.0,318000.0,280000.0,290500.0,50507
202605070915,290000.0,292500.0,274000.0,276500.0,32298
202605070930,276000.0,297000.0,275500.0,293000.0,29967
202605070945,292000.0,293500.0,280000.0,280500.0,9600
202605071000,280000.0,281500.0,271000.0,275000.0,15039
202605071015,275500.0,277500.0,271000.0,274500.0,7039
202605071030,275000.0,277500.0,271000.0,277500.0,4456
202605071045,277500.0,279500.0,275500.0,279000.0,3836
202605071100,279000.0,283000.0,277000.0,278500.0,8341
202605071115,279000.0,280000.0,272500.0,274500.0,6478
202605071130,274500.0,275500.0,272000.0,272500.0,3369
202605071145,272500.0,273000.0,268500.0,268500.0,5813
202605071200,268500.0,268500.0,264000.0,266000.0,4647
202605071215,266000.0,267000.0,264000.0,265500.0,2532
202605071230,265500.0,271000.0,265000.0,269500.0,3339
202605071245,269500.0,274000.0,269500.0,272500.0,3287
202605071300,272500.0,273000.0,268500.0,271500.0,3535
202605071315,272000.0,276000.0,270000.0,276000.0,2657
202605071330,275000.0,277000.0,270000.0,271500.0,3914
202605071345,271500.0,272000.0,269000.0,269500.0,2547
202605071400,269000.0,273500.0,269000.0,273000.0,3671
202605071415,273000.0,274000.0,271000.0,274000.0,3190
202605071430,273500.0,280000.0,273500.0,276000.0,5677
202605071445,276000.0,278000.0,275000.0,276000.0,3701
202605071500,276000.0,276500.0,273000.0,276000.0,6507
202605071515,276000.0,276500.0,275000.0,276000.0,5339
202605080900,267500.0,269500.0,260000.0,263000.0,15023
202605080915,263500.0,264500.0,262000.0,264000.0,8183
202605080930,263500.0,265500.0,262000.0,262500.0,5897
202605080945,262500.0,266500.0,262500.0,266500.0,4931
202605081000,266500.0,270500.0,265000.0,267500.0,4983
202605081015,267500.0,267500.0,264000.0,264500.0,3247
202605081030,264000.0,264500.0,261000.0,263000.0,4642
202605081045,262500.0,263500.0,260000.0,260000.0,3454
202605081100,260000.0,260500.0,255500.0,256500.0,6652
202605081115,256500.0,259500.0,255500.0,256500.0,6153
202605081130,257500.0,257500.0,254500.0,256500.0,3975
202605081145,256500.0,259000.0,256000.0,258500.0,2348
202605081200,258000.0,259500.0,257000.0,258000.0,1564
202605081215,258000.0,259500.0,257000.0,259000.0,1765
202605081230,259000.0,260000.0,257500.0,260000.0,1765
202605081245,259750.0,260500.0,259000.0,259000.0,1873
202605081300,259500.0,261000.0,259000.0,259500.0,2095
202605081315,259500.0,262500.0,259000.0,261000.0,2319
202605081330,261000.0,262000.0,258000.0,258500.0,2904
202605081345,258000.0,260500.0,257000.0,260000.0,2331
202605081400,260000.0,262000.0,259500.0,262000.0,2029
202605081415,262000.0,263500.0,261500.0,261500.0,4506
202605081430,261500.0,264000.0,261000.0,263000.0,3461
202605081445,262500.0,265500.0,262500.0,263000.0,5631
202605081500,263000.0,264500.0,262500.0,263000.0,4552
202605081515,263000.0,263000.0,262500.0,263000.0,4743
202605110900,261000.0,261500.0,254000.0,257500.0,9237
202605110915,257000.0,257500.0,255000.0,256000.0,5291
202605110930,256000.0,261500.0,254500.0,259500.0,4919
202605110945,260000.0,261000.0,254500.0,254500.0,4560
202605111000,254500.0,257500.0,253500.0,256500.0,3692
202605111015,256500.0,260500.0,256000.0,259500.0,2206
202605111030,259500.0,260000.0,257500.0,259000.0,1601
202605111045,258500.0,260500.0,257500.0,259500.0,2115
202605111100,259500.0,259500.0,257000.0,257000.0,1764
202605111115,257000.0,258500.0,256500.0,256500.0,1738
202605111130,256500.0,258500.0,256000.0,258000.0,3285
202605111145,257500.0,258000.0,255500.0,256000.0,1141
202605111200,256500.0,260000.0,255500.0,259500.0,2332
202605111215,259500.0,264000.0,256500.0,264000.0,3319
202605111230,263500.0,265000.0,262500.0,263000.0,3001
202605111245,263000.0,263000.0,261500.0,262500.0,1743
202605111300,262500.0,263000.0,261500.0,262500.0,2083
202605111315,262000.0,263250.0,261500.0,262000.0,2228
202605111330,262000.0,262500.0,261000.0,261000.0,2179
202605111345,261000.0,263000.0,260500.0,261500.0,2660
202605111400,261500.0,262000.0,260500.0,261000.0,1866
202605111415,261000.0,262000.0,261000.0,261500.0,2101
202605111430,261000.0,261500.0,259000.0,259500.0,2790
202605111445,260000.0,261000.0,259000.0,260000.0,2757
202605111500,260000.0,261000.0,258500.0,259500.0,4843
202605111515,259500.0,260500.0,259000.0,260000.0,2613
202605120900,269000.0,274500.0,265000.0,272500.0,17536
202605120915,272000.0,273500.0,263500.0,269500.0,7547
202605120930,269000.0,269000.0,262500.0,267000.0,5731
202605120945,266500.0,267500.0,262500.0,264000.0,3611
202605121000,264000.0,264500.0,261000.0,262000.0,3229
202605121015,262000.0,262500.0,255500.0,255500.0,6659
202605121030,256500.0,257000.0,247000.0,255000.0,10490
202605121045,255000.0,258000.0,250500.0,254000.0,4391
202605121100,254000.0,259500.0,251500.0,256500.0,6016
202605121115,256500.0,259000.0,256000.0,257000.0,2177
202605121130,257500.0,257500.0,254000.0,255500.0,1706
202605121145,255500.0,258000.0,255500.0,256500.0,1640
202605121200,256500.0,257000.0,254500.0,255500.0,1820
202605121215,255500.0,256500.0,254000.0,256500.0,1249
202605121230,256000.0,256500.0,253500.0,256500.0,1824
202605121245,256500.0,257000.0,252500.0,253000.0,1969
202605121300,252500.0,253000.0,250500.0,251500.0,2020
202605121315,251000.0,251500.0,248000.0,248500.0,2272
202605121330,248500.0,250000.0,247000.0,248500.0,2586
202605121345,248500.0,249000.0,245500.0,246500.0,3534
202605121400,246500.0,247500.0,244000.0,244000.0,2852
202605121415,244000.0,247000.0,240000.0,246500.0,5630
202605121430,247000.0,249000.0,246500.0,247000.0,2783
202605121445,247000.0,250000.0,246500.0,248500.0,4269
202605121500,248500.0,250500.0,247500.0,250000.0,2939
202605121515,250000.0,251000.0,249500.0,250000.0,3030
202605130900,243500.0,244000.0,237500.0,238000.0,3058
202605130915,238000.0,241000.0,236000.0,240000.0,3696
202605130930,239500.0,245000.0,239500.0,243000.0,2799
202605130945,243000.0,244500.0,241500.0,244000.0,1083
202605131000,244000.0,248500.0,243500.0,248000.0,1879
202605131015,248500.0,254500.0,247500.0,254000.0,3353
202605131030,254000.0,257000.0,252000.0,255500.0,3545
202605131045,255500.0,258000.0,252000.0,253500.0,3073
202605131100,253000.0,254000.0,248500.0,249500.0,1947
202605131115,249000.0,251500.0,249000.0,250000.0,1917
202605131130,250500.0,252000.0,249500.0,250500.0,1289
202605131145,251500.0,253500.0,250500.0,253000.0,1393
202605131200,252000.0,255000.0,251000.0,254000.0,1432
202605131215,254500.0,256000.0,253500.0,254500.0,1470
202605131230,254500.0,256500.0,254000.0,256000.0,2292
202605131245,255500.0,256000.0,251000.0,251500.0,1264
202605131300,252500.0,253000.0,250000.0,251000.0,1290
202605131315,251000.0,252000.0,250000.0,251000.0,1282
202605131330,251000.0,251000.0,248000.0,249000.0,2467
202605131345,248500.0,250000.0,248000.0,248500.0,1555
202605131400,249000.0,252000.0,247500.0,251000.0,1847
202605131415,251000.0,252000.0,250000.0,251000.0,1514
202605131430,251000.0,252000.0,249000.0,250000.0,1588
202605131445,250000.0,251000.0,249000.0,249500.0,1079
202605131500,250000.0,251000.0,249500.0,250500.0,1758
202605131515,250500.0,250500.0,249000.0,249500.0,2454
202605140900,252000.0,252000.0,244500.0,249500.0,2368
202605140915,249500.0,249500.0,244500.0,245000.0,2342
202605140930,245000.0,245000.0,241000.0,241000.0,2862
202605140945,241000.0,242000.0,239500.0,241000.0,2537
202605141000,240000.0,241500.0,238500.0,241500.0,1853
202605141015,241000.0,241500.0,238000.0,240000.0,2099
202605141030,240000.0,241000.0,238500.0,239000.0,1830
202605141045,239000.0,239500.0,236000.0,236500.0,2867
202605141100,236500.0,237000.0,235000.0,237000.0,1947
202605141115,237000.0,238500.0,236000.0,237500.0,884
202605141130,237500.0,238000.0,236500.0,238000.0,591
202605141145,238000.0,238000.0,235000.0,235500.0,1766
202605141200,236500.0,239000.0,234000.0,238000.0,968
202605141215,238000.0,238500.0,235500.0,237500.0,687
202605141230,237500.0,238500.0,237000.0,238000.0,710
202605141245,237500.0,239000.0,236500.0,237500.0,765
202605141300,237500.0,238500.0,237000.0,237500.0,932
202605141315,238000.0,240500.0,237500.0,240000.0,775
202605141330,240500.0,243500.0,238500.0,243500.0,1808
202605141345,243500.0,244000.0,241000.0,242500.0,3081
202605141400,242500.0,244000.0,241500.0,241500.0,3756
202605141415,243000.0,244500.0,241500.0,244000.0,2576
202605141430,244000.0,244000.0,241500.0,243000.0,2375
202605141445,243000.0,245500.0,242500.0,245000.0,2269
202605141500,245000.0,247000.0,243000.0,246000.0,2931
202605141515,246000.0,247500.0,245000.0,246000.0,1518
202605150900,241000.0,244000.0,240000.0,240000.0,3826
202605150915,240000.0,242000.0,238000.0,240000.0,3229
202605150930,240000.0,240500.0,233000.0,234500.0,3902
202605150945,234500.0,235000.0,232500.0,234000.0,5519
202605151000,233500.0,234000.0,230500.0,231000.0,3316
202605151015,231000.0,234000.0,230500.0,231000.0,1194
202605151030,230500.0,233000.0,230000.0,232500.0,2633
202605151045,232000.0,232000.0,228000.0,230000.0,3257
202605151100,230000.0,231500.0,228000.0,228500.0,2740
202605151115,228500.0,231000.0,228000.0,230000.0,2257
202605151130,230000.0,231500.0,228500.0,231500.0,1946
202605151145,230500.0,231500.0,229000.0,230500.0,1463
202605151200,230500.0,230500.0,229000.0,229500.0,1486
202605151215,229500.0,230000.0,228500.0,229000.0,1897
202605151230,229500.0,230500.0,229000.0,229500.0,1499
202605151245,229500.0,230500.0,228000.0,228000.0,1536
202605151300,228000.0,228500.0,226000.0,227500.0,3195
202605151315,227500.0,229000.0,226000.0,228000.0,6086
202605151330,227500.0,230000.0,226500.0,227500.0,3039
202605151345,227500.0,228000.0,225000.0,225500.0,2482
202605151400,225500.0,227500.0,224000.0,227500.0,4186
202605151415,226500.0,227500.0,225000.0,225000.0,2522
202605151430,225000.0,225500.0,222500.0,222500.0,4536
202605151445,223000.0,224500.0,220500.0,220500.0,5670
202605151500,220500.0,224000.0,220000.0,223000.0,6734
202605151515,222500.0,226000.0,222500.0,226000.0,2450
202605180900,216500.0,218000.0,208500.0,209000.0,8852
202605180915,208500.0,213500.0,208500.0,211000.0,3609
202605180930,210000.0,211000.0,206000.0,206500.0,4818
202605180945,207000.0,211500.0,206000.0,211500.0,3782
202605181000,211500.0,213500.0,209500.0,212000.0,2121
202605181015,211500.0,213000.0,210000.0,212500.0,2281
202605181030,212500.0,213000.0,211500.0,213000.0,1441
202605181045,213000.0,214500.0,212500.0,213500.0,3958
202605181100,213000.0,217500.0,213000.0,216500.0,2555
202605181115,217000.0,219000.0,216000.0,216500.0,2000
202605181130,216500.0,217500.0,215500.0,217000.0,1787
202605181145,217000.0,218500.0,215500.0,217500.0,1811
202605181200,217500.0,217500.0,215000.0,215000.0,2499
202605181215,215500.0,217000.0,214000.0,216500.0,1749
202605181230,216500.0,218000.0,216000.0,218000.0,1627
202605181245,218000.0,218500.0,216500.0,216500.0,1109
202605181300,217500.0,220500.0,216000.0,219500.0,2614
202605181315,219500.0,220000.0,218000.0,219000.0,1817
202605181330,218500.0,221500.0,217500.0,220500.0,2203
202605181345,221000.0,221000.0,219500.0,220000.0,1152
202605181400,220000.0,220500.0,217000.0,217000.0,1497
202605181415,217000.0,218000.0,216000.0,217500.0,2280
202605181430,218000.0,219500.0,216500.0,219000.0,1950
202605181445,219000.0,220500.0,218000.0,219500.0,1597
202605181500,219500.0,220000.0,217500.0,219500.0,2011
202605181515,219000.0,220000.0,216000.0,216000.0,2046
202605190900,218000.0,227000.0,214000.0,216000.0,4488
202605190915,215500.0,218000.0,213500.0,217500.0,2794
202605190930,216500.0,218000.0,212500.0,212500.0,2258
202605190945,212500.0,213000.0,207500.0,207500.0,3740
202605191000,207500.0,208000.0,205000.0,205500.0,2288
202605191015,205500.0,207000.0,204000.0,205000.0,2550
202605191030,204500.0,206500.0,203500.0,204000.0,1674
202605191045,204000.0,205000.0,202500.0,203000.0,1605
202605191100,203000.0,203500.0,201500.0,201500.0,2150
202605191115,202000.0,203500.0,201000.0,201500.0,1555
202605191130,201500.0,203000.0,201000.0,202500.0,934
202605191145,202000.0,202500.0,200000.0,202000.0,1728
202605191200,201500.0,204000.0,200500.0,203000.0,1217
202605191215,203000.0,204500.0,202000.0,203500.0,1195
202605191230,203500.0,204500.0,202500.0,203500.0,1562
202605191245,203000.0,205500.0,202500.0,203500.0,1489
202605191300,204000.0,204500.0,202500.0,203000.0,2144
202605191315,202500.0,203500.0,200500.0,201000.0,1548
202605191330,201500.0,203000.0,201000.0,202500.0,1275
202605191345,202500.0,204000.0,201500.0,203000.0,1865
202605191400,202500.0,204000.0,201000.0,203000.0,1734
202605191415,202500.0,203000.0,201000.0,202000.0,2349
202605191430,202500.0,204000.0,202000.0,202000.0,2270
202605191445,202500.0,203500.0,201500.0,202000.0,4236
202605191500,202000.0,202500.0,201000.0,202000.0,4254
202605191515,201500.0,203000.0,201000.0,203000.0,2840
202605200900,196900.0,202000.0,191000.0,191100.0,6248
202605200915,192100.0,194900.0,190000.0,194500.0,6485
202605200930,194500.0,196500.0,192300.0,192600.0,2847
202605200945,192600.0,193500.0,190700.0,191500.0,2614
202605201000,191600.0,193800.0,190200.0,193700.0,2626
202605201015,193600.0,194000.0,190000.0,190400.0,2523
202605201030,190500.0,192600.0,189800.0,190600.0,2870
202605201045,190600.0,193600.0,190600.0,192200.0,3146
202605201100,192200.0,196100.0,192200.0,195000.0,3661
202605201115,194900.0,196600.0,192800.0,192800.0,3671
202605201130,192900.0,194400.0,191300.0,191700.0,4862
202605201145,191700.0,192900.0,191200.0,191800.0,3192
202605201200,191800.0,192500.0,191000.0,191100.0,2208
202605201215,191100.0,191400.0,190000.0,190300.0,2142
202605201230,190500.0,191600.0,190100.0,190800.0,2751
202605201245,190700.0,193200.0,190500.0,192100.0,1887
202605201300,192200.0,193800.0,192200.0,193800.0,2223
202605201315,193700.0,194000.0,192500.0,193100.0,1812
202605201330,192900.0,193100.0,192300.0,192700.0,1464
202605201345,192500.0,192700.0,191500.0,192400.0,1770
202605201400,192400.0,192900.0,191900.0,192100.0,1664
202605201415,192100.0,193800.0,191950.0,193600.0,4202
202605201430,193600.0,194100.0,192600.0,192600.0,2524
202605201445,192700.0,193800.0,192000.0,193200.0,2840
202605201500,193500.0,194000.0,192400.0,193900.0,3652
202605201515,193900.0,194400.0,193800.0,194200.0,2960
202605210900,200500.0,208500.0,200500.0,208000.0,2784
202605210915,208000.0,209000.0,205000.0,207000.0,2261
202605210930,207500.0,210000.0,207000.0,209500.0,2340
202605210945,209500.0,211000.0,209000.0,210500.0,3081
202605211000,210500.0,212000.0,210000.0,212000.0,1916
202605211015,212000.0,213000.0,210000.0,210000.0,2644
202605211030,210000.0,213000.0,209500.0,212000.0,2093
202605211045,212000.0,213000.0,210500.0,212000.0,2141
202605211100,212000.0,213000.0,210500.0,212500.0,2312
202605211115,212500.0,213500.0,211500.0,213000.0,1544
202605211130,213000.0,215000.0,212500.0,214000.0,1750
202605211145,213500.0,215000.0,212500.0,214000.0,1663
202605211200,214000.0,216500.0,213000.0,215500.0,4605
202605211215,216500.0,217500.0,214500.0,216000.0,2624
202605211230,215500.0,217500.0,214500.0,215500.0,1713
202605211245,215500.0,217000.0,214500.0,215000.0,1814
202605211300,216000.0,216000.0,215000.0,216000.0,1545
202605211315,215500.0,216500.0,214500.0,216000.0,2446
202605211330,215500.0,217000.0,215000.0,216500.0,1560
202605211345,216500.0,216500.0,213500.0,215500.0,2465
202605211400,215500.0,218500.0,215500.0,217000.0,4228
202605211415,217000.0,220000.0,217000.0,218000.0,4221
202605211430,218000.0,219500.0,217500.0,217500.0,4188
202605211445,217500.0,220000.0,216000.0,217750.0,3885
202605211500,217500.0,218000.0,216000.0,217000.0,2185
202605211515,216500.0,220500.0,216000.0,219000.0,4393
202605220900,220000.0,224500.0,216500.0,220500.0,2327
202605220915,220000.0,222500.0,216500.0,221000.0,3451
202605220930,220500.0,221000.0,218500.0,219500.0,1390
202605220945,219000.0,219500.0,216500.0,217500.0,1572
202605221000,217500.0,222500.0,217000.0,222000.0,1474
202605221015,222000.0,222000.0,219000.0,220500.0,962
202605221030,220000.0,226000.0,220000.0,223500.0,5316
202605221045,223500.0,223500.0,221500.0,223000.0,1758
202605221100,223000.0,223000.0,220500.0,221500.0,1311
202605221115,221500.0,223000.0,220500.0,222000.0,1593
202605221130,221000.0,221500.0,220000.0,220500.0,824
202605221145,221000.0,221000.0,218000.0,218000.0,1027
202605221200,218500.0,221500.0,218000.0,221500.0,1161
202605221215,221500.0,221500.0,220000.0,221000.0,446
202605221230,221000.0,222000.0,220500.0,221000.0,1031
202605221245,221000.0,223000.0,220000.0,222000.0,1725
202605221300,222500.0,223000.0,221000.0,222000.0,703
202605221315,222000.0,222000.0,221500.0,222000.0,1278
202605221330,222000.0,222000.0,219500.0,219500.0,1280
202605221345,220000.0,222500.0,219000.0,222000.0,4057
202605221400,221500.0,223500.0,221000.0,222000.0,1259
202605221415,222000.0,222000.0,221000.0,221500.0,1041
202605221430,221500.0,222500.0,221000.0,222500.0,1313
202605221445,223000.0,223000.0,221000.0,221000.0,1523
202605221500,221000.0,221500.0,220500.0,220500.0,2130
202605221515,221000.0,222000.0,220500.0,221000.0,1584
202605260900,228500.0,228500.0,218000.0,220000.0,3232
202605260915,220000.0,220000.0,217500.0,219500.0,2290
202605260930,219000.0,220000.0,218000.0,218500.0,1658
202605260945,218000.0,220500.0,218000.0,220000.0,2094
202605261000,220000.0,221000.0,218000.0,220500.0,1897
202605261015,220500.0,223500.0,220000.0,222000.0,1704
202605261030,221500.0,222000.0,220000.0,221000.0,866
202605261045,221000.0,223500.0,221000.0,221500.0,911
202605261100,221500.0,221500.0,220500.0,221000.0,581
202605261115,220500.0,221500.0,220000.0,220500.0,725
202605261130,220000.0,220500.0,219000.0,219500.0,692
202605261145,219000.0,220000.0,219000.0,219000.0,389
202605261200,219500.0,220500.0,219000.0,220000.0,220
202605261215,220000.0,221000.0,219500.0,220500.0,432
202605261230,220500.0,221000.0,219500.0,219500.0,1083
202605261245,220000.0,220500.0,219000.0,220000.0,510
202605261300,220500.0,221000.0,220500.0,220500.0,267
202605261315,220000.0,220500.0,219500.0,219500.0,509
202605261330,219500.0,221500.0,219500.0,220500.0,690
202605261345,220500.0,220500.0,219000.0,219000.0,1476
202605261400,219000.0,221000.0,218000.0,219500.0,2118
202605261415,219500.0,220000.0,218500.0,219000.0,1011
202605261430,219000.0,219500.0,218000.0,218000.0,971
202605261445,218500.0,219500.0,218000.0,219000.0,1020
202605261500,218500.0,219500.0,218000.0,219500.0,494
202605261515,219500.0,219500.0,218000.0,218000.0,1091
202605270900,224000.0,226000.0,216000.0,217500.0,3188
202605270915,217000.0,218500.0,208000.0,217000.0,2224
202605270930,216500.0,217500.0,213000.0,214000.0,2128
202605270945,214000.0,214500.0,211000.0,211500.0,2079
202605271000,212000.0,212000.0,209000.0,209000.0,1813
202605271015,209000.0,209750.0,204500.0,206500.0,3659
202605271030,206500.0,208000.0,205000.0,207000.0,1488
202605271045,207000.0,207500.0,206000.0,207000.0,2191
202605271100,206500.0,208500.0,206500.0,207500.0,1740
202605271115,207500.0,209500.0,207000.0,208000.0,2338
202605271130,208000.0,209000.0,206000.0,208000.0,1880
202605271145,207500.0,207500.0,205500.0,206000.0,1803
202605271200,205500.0,208000.0,205000.0,207500.0,2167
202605271215,207000.0,208000.0,205500.0,206000.0,1967
202605271230,206000.0,208000.0,205500.0,206000.0,2635
202605271245,206500.0,209000.0,205500.0,205500.0,3372
202605271300,205500.0,206500.0,205000.0,206500.0,1897
202605271315,206500.0,207000.0,204500.0,205000.0,3223
202605271330,204500.0,206000.0,204000.0,204500.0,2161
202605271345,205000.0,207500.0,204000.0,204500.0,3489
202605271400,204500.0,204500.0,202000.0,202000.0,1572
202605271415,202000.0,206000.0,202000.0,204500.0,2745
202605271430,204500.0,208500.0,204500.0,206500.0,2333
202605271445,206000.0,208000.0,203000.0,204000.0,3566
202605271500,203500.0,206500.0,203000.0,204000.0,1441
202605271515,204000.0,206500.0,202500.0,202500.0,2755
202605280900,205000.0,206500.0,200500.0,201500.0,1504
202605280915,201000.0,204500.0,201000.0,203000.0,1111
202605280930,202500.0,204000.0,201500.0,202500.0,948
202605280945,202500.0,208000.0,201500.0,204500.0,1670
202605281000,205500.0,205500.0,202000.0,203000.0,1222
202605281015,203000.0,205000.0,201500.0,201500.0,826
202605281030,201500.0,202000.0,201000.0,202000.0,411
202605281045,202000.0,205000.0,201000.0,204000.0,733
202605281100,204000.0,204000.0,200000.0,201000.0,1342
202605281115,201000.0,201500.0,198900.0,200000.0,1475
202605281130,200000.0,201500.0,199800.0,200000.0,521
202605281145,200000.0,200500.0,198500.0,199000.0,1184
202605281200,199700.0,199700.0,197900.0,198600.0,817
202605281215,198600.0,198600.0,196800.0,196800.0,1102
202605281230,196900.0,196900.0,193600.0,194100.0,1486
202605281245,194100.0,196800.0,193200.0,193400.0,2145
202605281300,193400.0,193400.0,190800.0,191200.0,2755
202605281315,191000.0,193500.0,190100.0,191700.0,4416
202605281330,191800.0,194700.0,191800.0,194000.0,1346
202605281345,193900.0,194500.0,193500.0,194400.0,1813
202605281400,194400.0,196700.0,193600.0,196600.0,1656
202605281415,196700.0,197400.0,196300.0,197200.0,1046
202605281430,197100.0,197600.0,197000.0,197600.0,980
202605281445,197300.0,199500.0,197300.0,198700.0,1004
202605281500,198800.0,202500.0,198700.0,201000.0,2031
202605281515,201000.0,202000.0,199600.0,202000.0,2386
202605290900,201500.0,202000.0,194500.0,194600.0,3577
202605290915,194300.0,194600.0,190000.0,193900.0,3879
202605290930,192900.0,194100.0,189700.0,189900.0,2765
202605290945,189900.0,191000.0,189500.0,191000.0,1884
202605291000,191000.0,191800.0,189400.0,190600.0,1144
202605291015,190600.0,192000.0,189800.0,190200.0,1840
202605291030,190100.0,192800.0,189000.0,191800.0,3062
202605291045,191800.0,192600.0,190300.0,190800.0,1745
202605291100,190800.0,193800.0,190800.0,191600.0,2166
202605291115,191800.0,193000.0,190900.0,191100.0,2744
202605291130,191100.0,193200.0,191000.0,193200.0,1785
202605291145,193500.0,195700.0,193100.0,195000.0,1345
202605291200,195000.0,197700.0,191700.0,196100.0,1963
202605291215,196100.0,197000.0,195000.0,196800.0,1416
202605291230,196800.0,197600.0,196300.0,197300.0,1417
202605291245,197400.0,201500.0,197200.0,199700.0,2758
202605291300,199800.0,200000.0,198500.0,198700.0,1833
202605291315,198800.0,198900.0,196200.0,197000.0,2473
202605291330,197000.0,197500.0,196300.0,196900.0,2188
202605291345,196800.0,197400.0,196600.0,196600.0,2340
202605291400,196700.0,198500.0,195700.0,197500.0,4618
202605291415,197400.0,197400.0,196000.0,196300.0,2561
202605291430,196200.0,197000.0,196100.0,196500.0,2934
202605291445,196500.0,197500.0,196100.0,196600.0,3162
202605291500,196700.0,197100.0,195800.0,196100.0,4270
202605291515,196100.0,198300.0,195300.0,198300.0,9054
202606010900,191600.0,198300.0,190800.0,196000.0,2917
202606010915,196000.0,205000.0,195600.0,203000.0,3644
202606010930,202500.0,203500.0,199500.0,199700.0,3706
202606010945,199600.0,199800.0,198300.0,198400.0,1599
202606011000,198400.0,198400.0,196500.0,197600.0,1595
202606011015,197600.0,199100.0,196400.0,197000.0,1719
202606011030,197400.0,198700.0,196700.0,198600.0,1221
202606011045,198600.0,198700.0,196200.0,196700.0,1629
202606011100,196700.0,197200.0,196300.0,196700.0,353
202606011115,196500.0,199100.0,196400.0,198100.0,2250
202606011130,198100.0,202000.0,197300.0,200500.0,2664
202606011145,200000.0,200500.0,199000.0,199600.0,2774
202606011200,199500.0,200500.0,199000.0,200000.0,1307
202606011215,200500.0,200500.0,199000.0,199000.0,791
202606011230,199600.0,199700.0,198000.0,198400.0,1263
202606011245,198500.0,199300.0,197900.0,198800.0,729
202606011300,198000.0,198900.0,197300.0,197400.0,926
202606011315,197400.0,197800.0,196800.0,196800.0,1109
202606011330,196800.0,197900.0,196500.0,197900.0,497
202606011345,197900.0,198400.0,195800.0,195800.0,1651
202606011400,195800.0,197900.0,195600.0,196800.0,852
202606011415,196900.0,198700.0,196500.0,197500.0,2448
202606011430,197400.0,198300.0,196800.0,198100.0,1974
202606011445,198100.0,198800.0,197800.0,198500.0,1586
202606011500,198500.0,198600.0,197900.0,198000.0,937
202606011515,198000.0,198300.0,197500.0,197500.0,1679
202606020900,193000.0,193500.0,187000.0,188600.0,4278
202606020915,188600.0,190000.0,187100.0,187800.0,2964
202606020930,187900.0,190100.0,187600.0,189200.0,3222
202606020945,188700.0,188800.0,184300.0,185500.0,2634
202606021000,185500.0,187000.0,184800.0,187000.0,1872
202606021015,186800.0,187100.0,185800.0,186900.0,1060
202606021030,187000.0,188000.0,185300.0,185300.0,2155
202606021045,185100.0,185100.0,183600.0,183700.0,4189
202606021100,183700.0,184800.0,183400.0,184800.0,2246
202606021115,184100.0,185300.0,184100.0,185100.0,1155
202606021130,185100.0,185900.0,184200.0,185900.0,763
202606021145,185900.0,186000.0,185200.0,185900.0,804
202606021200,186000.0,186300.0,184700.0,184700.0,1457
202606021215,184600.0,184700.0,183400.0,183800.0,1266
202606021230,183800.0,186600.0,183300.0,185900.0,1467
202606021245,186200.0,187400.0,185800.0,187200.0,719
202606021300,187300.0,187700.0,187000.0,187200.0,870
202606021315,187200.0,188700.0,186100.0,188000.0,1175
202606021330,188000.0,188700.0,187800.0,188300.0,984
202606021345,188200.0,189800.0,188200.0,189100.0,1091
202606021400,189000.0,190300.0,188900.0,190200.0,1570
202606021415,190300.0,192000.0,190300.0,192000.0,1177
202606021430,191900.0,192000.0,190000.0,190400.0,1260
202606021445,190300.0,190400.0,188500.0,188700.0,2170
202606021500,188600.0,188800.0,188000.0,188600.0,2505
202606021515,188600.0,189300.0,188500.0,189300.0,2832
202606040900,190000.0,196800.0,188700.0,196000.0,2531
202606040915,196300.0,196500.0,192800.0,194100.0,1543
202606040930,194100.0,196000.0,193800.0,195100.0,1248
202606040945,195100.0,196600.0,193800.0,195600.0,979
202606041000,195600.0,196400.0,191300.0,191700.0,931
202606041015,191700.0,191800.0,188800.0,189900.0,712
202606041030,189900.0,192500.0,189600.0,190100.0,1388
202606041045,190000.0,191400.0,189200.0,190000.0,799
202606041100,190000.0,191300.0,189600.0,190100.0,801
202606041115,190000.0,190400.0,188100.0,188200.0,3592
202606041130,188300.0,190800.0,188200.0,189900.0,5235
202606041145,190200.0,191500.0,190200.0,190600.0,278
202606041200,190800.0,192000.0,190600.0,191600.0,325
202606041215,191600.0,192900.0,191500.0,192500.0,350
202606041230,192500.0,193100.0,191700.0,191700.0,433
202606041245,191700.0,192300.0,191300.0,192000.0,285
202606041300,192000.0,192200.0,191300.0,192000.0,327
202606041315,192000.0,192100.0,190700.0,191000.0,364
202606041330,191000.0,191700.0,190900.0,191500.0,227
202606041345,191500.0,192000.0,190700.0,191500.0,434
202606041400,191400.0,192500.0,191000.0,191200.0,463
202606041415,191300.0,191900.0,191000.0,191100.0,722
202606041430,191100.0,192000.0,191100.0,191200.0,725
202606041445,191300.0,191400.0,190000.0,190000.0,748
202606041500,190500.0,191500.0,190000.0,190900.0,1326
202606041515,190900.0,191700.0,190500.0,191700.0,494
202606050900,185500.0,185800.0,179900.0,180200.0,2819
202606050915,180200.0,180400.0,177300.0,178800.0,3136
202606050930,178800.0,178800.0,176800.0,177200.0,1420
202606050945,177300.0,177300.0,172900.0,174100.0,3225
202606051000,174100.0,174200.0,172000.0,172300.0,2349
202606051015,172200.0,174200.0,172000.0,174200.0,3473
202606051030,174600.0,177800.0,174500.0,176900.0,2646
202606051045,176900.0,177400.0,175100.0,177400.0,1841
202606051100,177300.0,181000.0,176600.0,179300.0,6868
202606051115,179400.0,180300.0,177100.0,180000.0,1838
202606051130,179900.0,180900.0,179400.0,180400.0,1472
202606051145,180100.0,180300.0,179700.0,179700.0,929
202606051200,179800.0,181000.0,179600.0,180200.0,1050
202606051215,180300.0,181900.0,180300.0,180400.0,1348
202606051230,180500.0,180800.0,179600.0,180400.0,1022
202606051245,180300.0,180700.0,179700.0,180600.0,1835
202606051300,180300.0,180900.0,179500.0,179600.0,947
202606051315,179500.0,180100.0,179300.0,179600.0,1171
202606051330,179400.0,180700.0,178400.0,179800.0,1791
202606051345,179800.0,181000.0,179800.0,181000.0,1052
202606051400,180800.0,181100.0,180100.0,180100.0,1622
202606051415,180100.0,181100.0,180000.0,180700.0,1651
202606051430,180700.0,181100.0,180400.0,180600.0,2569
202606051445,180600.0,180600.0,178800.0,180000.0,1639
202606051500,180000.0,180900.0,178600.0,179100.0,2112
202606051515,179100.0,179800.0,178500.0,179000.0,2103
202606080900,166150.0,167100.0,160000.0,161000.0,1701
202606080930,161500.0,170000.0,161200.0,163900.0,3876
202606080945,164000.0,169600.0,162200.0,167300.0,3604
202606081000,167400.0,168600.0,165700.0,165800.0,1679
202606081015,165800.0,166700.0,164500.0,165100.0,1728
202606081030,165100.0,167900.0,164400.0,167900.0,1653
202606081045,167900.0,167900.0,164300.0,165400.0,1849
202606081100,165300.0,168500.0,164500.0,167900.0,1406
202606081115,167900.0,172600.0,166700.0,170800.0,2137
202606081130,170800.0,177100.0,169600.0,173100.0,965
202606081145,174600.0,174600.0,170500.0,172300.0,1696
202606081200,172300.0,173300.0,170900.0,171700.0,1478
202606081215,172000.0,173000.0,170200.0,172800.0,1201
202606081230,172300.0,174100.0,171600.0,173000.0,1500
202606081245,172900.0,174000.0,171000.0,173300.0,1396
202606081300,173300.0,174600.0,172500.0,174400.0,1194
202606081315,174400.0,174700.0,172100.0,172800.0,1406
202606081330,172800.0,174300.0,171800.0,172000.0,1515
202606081345,172000.0,173700.0,171900.0,172700.0,1638
202606081400,172700.0,174000.0,170800.0,171100.0,1826
202606081415,170900.0,172000.0,170200.0,171200.0,1482
202606081430,171100.0,171400.0,169700.0,170100.0,1663
202606081445,170100.0,170500.0,168900.0,170500.0,2057
202606081500,170000.0,170600.0,168600.0,168800.0,3030
202606081515,168700.0,171000.0,168400.0,169100.0,2254
202606090900,174900.0,179400.0,172400.0,172400.0,1930
202606090915,172300.0,175100.0,171600.0,172600.0,884
202606090930,172100.0,172800.0,171200.0,172400.0,1355
202606090945,172400.0,172900.0,171200.0,171700.0,698
202606091000,171600.0,171600.0,167600.0,167900.0,1881
202606091015,168000.0,172200.0,167600.0,172000.0,1693
202606091030,172000.0,172600.0,171600.0,171900.0,492
202606091045,171900.0,172200.0,171200.0,171600.0,619
202606091100,171600.0,172700.0,171600.0,172500.0,595
202606091115,172400.0,172900.0,171700.0,172900.0,1210
202606091130,172900.0,174000.0,172600.0,172900.0,1712
202606091145,172900.0,173900.0,172900.0,173500.0,558
202606091200,173500.0,174200.0,173400.0,174100.0,795
202606091215,174200.0,175500.0,173900.0,175300.0,761
202606091230,175200.0,175600.0,174800.0,175100.0,794
202606091245,175100.0,175900.0,174900.0,175900.0,768
202606091300,175900.0,177400.0,175300.0,176600.0,1767
202606091315,176400.0,176800.0,175300.0,176800.0,1029
202606091330,176800.0,177900.0,176500.0,176500.0,1019
202606091345,176600.0,177200.0,176600.0,176900.0,1062
202606091400,176900.0,177600.0,176400.0,176800.0,1738
202606091415,176800.0,176800.0,173600.0,173900.0,2337
202606091430,173900.0,174900.0,173700.0,174400.0,1658
202606091445,174500.0,176100.0,174300.0,174600.0,1830
202606091500,174700.0,176100.0,174700.0,175800.0,1377
202606091515,175700.0,176600.0,175500.0,175500.0,1188
202606100900,174300.0,178500.0,171300.0,177800.0,5555
202606100915,176400.0,178600.0,175800.0,177200.0,2236
202606100930,177300.0,177400.0,170100.0,174600.0,2173
202606100945,174700.0,176800.0,174100.0,176800.0,1485
202606101000,176800.0,178900.0,175800.0,178900.0,3943
202606101015,178900.0,179400.0,177900.0,178800.0,1364
202606101030,178500.0,180000.0,178400.0,179600.0,1849
202606101045,178900.0,179500.0,178100.0,178500.0,1219
202606101100,178400.0,178600.0,176900.0,177300.0,1244
202606101115,177300.0,177800.0,176700.0,176800.0,1074
202606101130,177200.0,178000.0,176800.0,178000.0,1012
202606101145,178000.0,179300.0,178000.0,178800.0,955
202606101200,178800.0,180000.0,178200.0,180000.0,931
202606101215,179900.0,181200.0,179300.0,179900.0,1190
202606101230,179900.0,180100.0,178100.0,178100.0,969
202606101245,178100.0,179300.0,178100.0,178500.0,1080
202606101300,178500.0,178900.0,176700.0,177600.0,1226
202606101315,177600.0,180300.0,176500.0,177000.0,1716
202606101330,176600.0,177900.0,175300.0,175400.0,2651
202606101345,175400.0,176400.0,174800.0,175000.0,2019
202606101400,175100.0,176400.0,174800.0,175800.0,1444
202606101415,175500.0,178700.0,174200.0,177100.0,2756
202606101430,178000.0,178400.0,176000.0,177000.0,1595
202606101445,176600.0,177900.0,175800.0,177000.0,2144
202606101500,177500.0,180000.0,177000.0,178500.0,1721
202606101515,180000.0,181200.0,178500.0,180500.0,1993
202606110900,173700.0,174900.0,170100.0,173000.0,2436
202606110915,173000.0,174600.0,171500.0,173600.0,1065
202606110930,173500.0,174800.0,171200.0,173000.0,623
202606110945,173000.0,178700.0,172300.0,176400.0,485
202606111000,176500.0,179900.0,175100.0,178100.0,596
202606111015,177000.0,180000.0,176800.0,178900.0,758
202606111030,178900.0,179500.0,176800.0,178300.0,572
202606111045,179000.0,179000.0,175400.0,176900.0,556
202606111100,176800.0,177100.0,173500.0,174500.0,629
202606111115,173800.0,176100.0,173100.0,174800.0,595
202606111130,174100.0,175000.0,173300.0,174500.0,524
202606111145,173700.0,176800.0,173700.0,176800.0,435
202606111200,176800.0,178500.0,174800.0,174900.0,439
202606111215,174900.0,176900.0,174700.0,176200.0,404
202606111230,176100.0,179400.0,175300.0,179200.0,494
202606111245,179300.0,179300.0,176200.0,177700.0,508
202606111300,177700.0,178800.0,177000.0,177400.0,477
202606111315,177400.0,178800.0,176800.0,178400.0,527
202606111330,178400.0,179400.0,177300.0,179400.0,501
202606111345,178300.0,179900.0,178000.0,179000.0,1053
202606111400,179000.0,179900.0,177300.0,179300.0,625
202606111415,179200.0,179200.0,175800.0,176500.0,1106
202606111430,176500.0,179600.0,175600.0,178100.0,564
202606111445,177900.0,177900.0,176100.0,176100.0,625
202606111500,176700.0,177800.0,175300.0,175500.0,1088
202606111515,175600.0,178900.0,175100.0,178900.0,462
202606120900,187900.0,189150.0,186000.0,187900.0,1439
202606120915,187800.0,188000.0,185100.0,185900.0,2321
202606120930,185900.0,186700.0,184700.0,184800.0,1862
202606120945,184700.0,185200.0,183400.0,183400.0,1428
202606121000,183400.0,183800.0,182500.0,183100.0,1800
202606121015,183100.0,183300.0,181700.0,182400.0,1330
202606121030,182400.0,184700.0,182400.0,183000.0,1143
202606121045,183000.0,185600.0,183000.0,185200.0,797
202606121100,185300.0,185900.0,184800.0,184900.0,1625
202606121115,184900.0,186000.0,184900.0,185200.0,4911
202606121130,185200.0,186000.0,185000.0,186000.0,1580
202606121145,186000.0,186200.0,185800.0,186000.0,1638
202606121200,186000.0,186300.0,185800.0,185900.0,1299
202606121215,185900.0,188400.0,185400.0,188000.0,1496
202606121230,188000.0,188400.0,187500.0,187700.0,866
202606121245,187600.0,187700.0,185500.0,187300.0,761
202606121300,187300.0,187500.0,186500.0,187400.0,739
202606121315,187400.0,188100.0,186500.0,188000.0,1039
202606121330,188100.0,188400.0,187900.0,188200.0,837
202606121345,188200.0,188300.0,187300.0,187600.0,1057
202606121400,187700.0,187900.0,185400.0,186800.0,1838
202606121415,186700.0,187900.0,186400.0,186600.0,1331
202606121430,186500.0,186500.0,183300.0,183300.0,1948
202606121445,183300.0,184000.0,181200.0,181300.0,2641
202606121500,181400.0,183400.0,181300.0,182800.0,995
202606121515,182900.0,182900.0,181200.0,181200.0,2298
202606150900,196500.0,196600.0,191000.0,191900.0,1449
202606150915,192000.0,194100.0,191600.0,194000.0,800
202606150930,193500.0,194100.0,188500.0,188800.0,1812
202606150945,188800.0,189800.0,188700.0,189700.0,1224
202606151000,189700.0,189900.0,186200.0,186200.0,2229
202606151015,186200.0,188600.0,184900.0,187400.0,1421
202606151030,187400.0,187800.0,185700.0,187700.0,942
202606151045,187700.0,187700.0,186000.0,186200.0,1084
202606151100,186200.0,187300.0,186100.0,187300.0,773
202606151115,187300.0,187300.0,186300.0,186600.0,1332
202606151130,186600.0,187650.0,186400.0,187000.0,643
202606151145,187100.0,187700.0,186800.0,187200.0,598
202606151200,187300.0,188900.0,187000.0,188400.0,998
202606151215,188400.0,192500.0,188300.0,190800.0,1701
202606151230,190600.0,190800.0,189100.0,189700.0,842
202606151245,189700.0,191100.0,189600.0,190200.0,776
202606151300,190200.0,194300.0,189400.0,193900.0,2255
202606151315,193900.0,195600.0,192400.0,194100.0,3255
202606151330,194100.0,199000.0,193600.0,197600.0,5645
202606151345,197800.0,199500.0,195700.0,195700.0,3771
202606151400,195400.0,199500.0,194600.0,196300.0,4182
202606151415,196200.0,199900.0,196200.0,197400.0,4025
202606151430,198200.0,198200.0,193000.0,193100.0,4587
202606151445,192800.0,195200.0,191000.0,191700.0,2739
202606151500,191700.0,194600.0,191200.0,192200.0,2835
202606151515,192300.0,192600.0,191400.0,191400.0,1836
202606160900,198400.0,211000.0,197400.0,211000.0,4288
202606160915,210500.0,211000.0,203000.0,204500.0,3114
202606160930,204500.0,206500.0,203500.0,204000.0,1447
202606160945,204000.0,204000.0,201500.0,203000.0,1109
202606161000,202500.0,202500.0,188000.0,200500.0,3423
202606161015,200500.0,201000.0,199000.0,199300.0,1787
202606161030,199300.0,200000.0,198800.0,199100.0,936
202606161045,199100.0,201000.0,199100.0,200500.0,672
202606161100,200500.0,201000.0,198500.0,199800.0,917
202606161115,199800.0,199800.0,199000.0,199000.0,678
202606161130,199000.0,199600.0,198300.0,198500.0,793
202606161145,198400.0,198500.0,197500.0,197700.0,1023
202606161200,197700.0,197700.0,197500.0,197600.0,247
202606161215,197600.0,199200.0,197500.0,199100.0,630
202606161230,199100.0,199200.0,197700.0,198800.0,918
202606161245,198800.0,198800.0,196000.0,197100.0,1457
202606161300,197400.0,198000.0,197200.0,198000.0,499
202606161315,197900.0,198000.0,196700.0,196800.0,1040
202606161330,196900.0,198700.0,196700.0,198000.0,1685
202606161345,197900.0,198100.0,197400.0,197500.0,865
202606161400,197500.0,197600.0,196100.0,196800.0,1197
202606161415,196800.0,197600.0,196600.0,197500.0,933
202606161430,197600.0,197600.0,196700.0,197200.0,967
202606161445,197200.0,197200.0,196500.0,196600.0,796
202606161500,196600.0,197500.0,196500.0,196800.0,1499
202606161515,196800.0,196900.0,196700.0,196800.0,1367
202606170900,196600.0,201000.0,195200.0,196000.0,1383
202606170915,196000.0,197500.0,195500.0,195700.0,708
202606170930,195800.0,196700.0,195100.0,195700.0,762
202606170945,195500.0,197600.0,195400.0,197300.0,884
202606171000,197300.0,202000.0,197300.0,201000.0,2054
202606171015,201000.0,201000.0,199900.0,200500.0,453
202606171030,200500.0,201000.0,199700.0,199800.0,501
202606171045,199800.0,202000.0,199500.0,201500.0,1006
202606171100,201000.0,201500.0,200000.0,201500.0,563
202606171115,201500.0,205500.0,201000.0,205000.0,1188
202606171130,204500.0,205500.0,204000.0,204000.0,829
202606171145,204000.0,204500.0,202000.0,203000.0,599
202606171200,203000.0,204000.0,202500.0,203500.0,1143
202606171215,203500.0,204500.0,202500.0,203000.0,825
202606171230,203000.0,205000.0,202500.0,202500.0,675
202606171245,202500.0,203000.0,200500.0,200500.0,874
202606171300,200500.0,201000.0,200000.0,200000.0,335
202606171315,200000.0,200500.0,197300.0,199100.0,2584
202606171330,199200.0,200500.0,199000.0,199300.0,1399
202606171345,199300.0,199300.0,198100.0,198500.0,1441
202606171400,198400.0,199600.0,198100.0,199300.0,1185
202606171415,199300.0,199700.0,198000.0,198900.0,1406
202606171430,198900.0,199500.0,198500.0,199200.0,1439
202606171445,199200.0,199500.0,198500.0,198800.0,1426
202606171500,198800.0,199100.0,198500.0,198700.0,699
202606171515,198500.0,199000.0,198400.0,198400.0,1404
202606180900,202500.0,207500.0,199800.0,201000.0,3082
202606180915,200000.0,201500.0,198800.0,199800.0,2632
202606180930,199800.0,199900.0,196100.0,197100.0,2086
202606180945,197200.0,197200.0,184900.0,193700.0,4192
202606181000,193700.0,194900.0,193600.0,193900.0,951
202606181015,193800.0,193900.0,192700.0,193000.0,1135
202606181030,193000.0,193100.0,191000.0,191000.0,2149
202606181045,191000.0,191500.0,190800.0,191300.0,724
202606181100,191300.0,191900.0,191000.0,191700.0,814
202606181115,191700.0,191900.0,190400.0,190400.0,923
202606181130,190400.0,190500.0,190100.0,190100.0,486
202606181145,190200.0,190300.0,189900.0,190000.0,1152
202606181200,190000.0,190700.0,190000.0,190100.0,705
202606181215,190100.0,190900.0,190000.0,190900.0,535
202606181230,190900.0,191000.0,190800.0,190900.0,481
202606181245,190800.0,191100.0,190100.0,190800.0,653
202606181300,190400.0,191100.0,190400.0,191100.0,379
202606181315,191000.0,191300.0,190100.0,190800.0,1149
202606181330,190200.0,191000.0,190200.0,191000.0,920
202606181345,190500.0,191200.0,190500.0,191200.0,856
202606181400,191200.0,191600.0,190400.0,190400.0,1072
202606181415,190500.0,190600.0,190300.0,190600.0,835
202606181430,190400.0,191800.0,190300.0,190900.0,1007
202606181445,191000.0,191400.0,189800.0,190400.0,2923
202606181500,190400.0,191500.0,189500.0,190000.0,3485
202606181515,190100.0,191200.0,188700.0,188700.0,4026
202606190900,192700.0,204500.0,190000.0,201500.0,6449
202606190915,200000.0,203000.0,198600.0,199800.0,2624
202606190930,199700.0,204000.0,198900.0,203000.0,2042
202606190945,203000.0,206000.0,199800.0,201500.0,3363
202606191000,203500.0,205000.0,200500.0,201500.0,1755
202606191015,203000.0,203500.0,199900.0,203500.0,2304
202606191030,203500.0,204000.0,201000.0,202000.0,1540
202606191045,202500.0,203000.0,200500.0,200500.0,1211
202606191100,201000.0,204000.0,200500.0,202500.0,1574
202606191115,201000.0,203000.0,200000.0,202500.0,1635
202606191130,202500.0,203000.0,201000.0,201000.0,1322
202606191145,201500.0,202500.0,200000.0,200500.0,967
202606191200,201500.0,201500.0,198700.0,198700.0,1460
202606191215,198500.0,198900.0,195500.0,196200.0,1799
202606191230,196000.0,196400.0,191500.0,193600.0,2309
202606191245,193500.0,194800.0,190200.0,192000.0,1921
202606191300,192000.0,193200.0,189800.0,189800.0,2611
202606191315,189900.0,191600.0,188500.0,188900.0,2330
202606191330,188900.0,188900.0,186000.0,186200.0,3074
202606191345,186000.0,187400.0,185100.0,185500.0,1689
202606191400,185700.0,187300.0,185300.0,187200.0,1752
202606191415,186300.0,190000.0,185200.0,187000.0,1599
202606191430,186000.0,187100.0,184100.0,186000.0,1922
202606191445,185900.0,188300.0,185900.0,187900.0,1211
202606191500,188000.0,191100.0,187900.0,188600.0,1195
202606191515,188900.0,190500.0,188500.0,188800.0,4125
202606220900,184100.0,187900.0,180300.0,183800.0,1429
202606220915,183000.0,187900.0,181100.0,186700.0,785
202606220930,186500.0,189500.0,183000.0,188800.0,990
202606220945,188400.0,189100.0,186400.0,188700.0,560
202606221000,188700.0,188700.0,183900.0,184700.0,1167
202606221015,184800.0,187000.0,184500.0,186000.0,1303
202606221030,186000.0,187100.0,185300.0,185300.0,453
202606221045,185600.0,186400.0,184800.0,185800.0,348
202606221100,185200.0,187300.0,185200.0,186800.0,420
202606221115,186400.0,187500.0,186400.0,187300.0,404
202606221130,187200.0,188700.0,186900.0,186900.0,436
202606221145,187000.0,188800.0,186000.0,187700.0,571
202606221200,187800.0,188800.0,186000.0,186700.0,485
202606221215,186700.0,189000.0,186600.0,187400.0,589
202606221230,187400.0,189900.0,186100.0,186300.0,707
202606221245,186300.0,188100.0,185000.0,185900.0,689
202606221300,186000.0,186200.0,185000.0,186200.0,417
202606221315,185400.0,185900.0,185300.0,185500.0,364
202606221330,185600.0,186700.0,183300.0,183300.0,930
202606221345,183500.0,187200.0,182700.0,184700.0,967
202606221400,183900.0,186900.0,183700.0,186600.0,772
202606221415,186500.0,187200.0,185000.0,186200.0,936
202606221430,186100.0,188100.0,184800.0,185700.0,783
202606221445,185200.0,186600.0,184100.0,186500.0,1070
202606221500,186500.0,189100.0,185600.0,185800.0,1515
202606221515,185800.0,186600.0,184800.0,185200.0,842
202606230900,185000.0,192000.0,184900.0,190600.0,2145
202606230915,191000.0,191800.0,188300.0,191600.0,2361
202606230930,191700.0,192300.0,188200.0,191100.0,2458
202606230945,191000.0,192600.0,190600.0,191500.0,2121
202606231000,191100.0,191400.0,189100.0,190700.0,1054
202606231015,190700.0,191900.0,189300.0,191900.0,1034
202606231030,191800.0,192600.0,190500.0,191100.0,1394
202606231045,191200.0,191200.0,188100.0,188300.0,1244
202606231100,188200.0,188800.0,186200.0,188800.0,1248
202606231115,188600.0,189100.0,187900.0,189000.0,1062
202606231130,189100.0,189500.0,187800.0,188000.0,742
202606231145,187700.0,188200.0,185000.0,187900.0,825
202606231200,187900.0,188000.0,184900.0,186100.0,630
202606231215,186100.0,186100.0,183900.0,184200.0,685
202606231230,184300.0,184800.0,182300.0,184300.0,649
202606231245,183500.0,186200.0,183000.0,186200.0,1684
202606231300,186400.0,189000.0,186000.0,187100.0,1094
202606231315,187100.0,187100.0,184700.0,185500.0,1343
202606231330,185500.0,185600.0,184900.0,185300.0,886
202606231345,185200.0,185500.0,184200.0,184600.0,1201
202606231400,184400.0,185300.0,183500.0,183700.0,1335
202606231415,183700.0,184700.0,182100.0,183200.0,1189
202606231430,183100.0,183200.0,182500.0,182500.0,140
202606231500,185300.0,185300.0,177600.0,178600.0,4306
202606231515,178000.0,178100.0,176100.0,177600.0,1333
202606240900,174900.0,179100.0,173000.0,177300.0,2912
202606240915,176900.0,179100.0,175000.0,177600.0,765
202606240930,177700.0,179200.0,172900.0,178700.0,1376
202606240945,178600.0,180300.0,177800.0,177900.0,1030
202606241000,177900.0,178000.0,173800.0,174300.0,697
202606241015,174300.0,177700.0,173800.0,177700.0,702
202606241030,177400.0,177800.0,176400.0,177300.0,251
202606241045,177500.0,178500.0,177000.0,178200.0,165
202606241100,178200.0,181700.0,178200.0,181700.0,580
202606241115,181200.0,182000.0,179200.0,181100.0,497
202606241130,181100.0,181100.0,177200.0,177200.0,412
202606241145,177300.0,179000.0,173500.0,174300.0,1004
202606241200,174000.0,174900.0,173000.0,174400.0,942
202606241215,174000.0,175600.0,172500.0,175600.0,623
202606241230,175600.0,176700.0,175500.0,176600.0,322
202606241245,175700.0,177600.0,175400.0,176000.0,458
202606241300,175600.0,177200.0,174900.0,176000.0,454
202606241315,175900.0,176400.0,173600.0,174500.0,514
202606241330,173600.0,177000.0,173000.0,176000.0,680
202606241345,176000.0,176400.0,175700.0,176000.0,452
202606241400,175900.0,178000.0,175800.0,176600.0,711
202606241415,176600.0,178000.0,174300.0,177000.0,827
202606241430,176500.0,178800.0,175000.0,176000.0,1519
202606241445,176100.0,178200.0,175600.0,177000.0,1247
202606241500,178100.0,179400.0,176200.0,177900.0,1752
202606241515,177900.0,179700.0,177000.0,179700.0,1264
202606250900,183600.0,187500.0,180500.0,183500.0,798
202606250915,183500.0,183500.0,181100.0,181600.0,782
202606250930,181400.0,181400.0,179500.0,179500.0,824
202606250945,179500.0,179500.0,177700.0,178100.0,1083
202606251000,177900.0,179100.0,177900.0,178300.0,595
202606251015,178200.0,178200.0,175900.0,176000.0,898
202606251030,176000.0,177200.0,175500.0,176200.0,349
202606251045,176300.0,177000.0,176000.0,176300.0,268
202606251100,176300.0,176600.0,174300.0,174400.0,505
202606251115,174400.0,176300.0,174000.0,174100.0,921
202606251130,174000.0,175000.0,174000.0,174350.0,246
202606251145,174400.0,175300.0,174300.0,174300.0,256
202606251200,174300.0,174700.0,174000.0,174100.0,254
202606251215,174100.0,174300.0,173600.0,174000.0,449
202606251230,174000.0,174300.0,173200.0,173500.0,556
202606251245,173400.0,174300.0,173200.0,173700.0,314
202606251300,173700.0,174000.0,172600.0,172600.0,414
202606251315,172600.0,172700.0,169800.0,172000.0,887
202606251330,172000.0,172100.0,170000.0,171100.0,1526
202606251345,171200.0,171200.0,170000.0,170300.0,1631
202606251400,170200.0,170500.0,169400.0,170300.0,1650
202606251415,170300.0,170500.0,169900.0,170200.0,1393
202606251430,170100.0,171200.0,170100.0,170100.0,898
202606251445,170100.0,171100.0,169800.0,171100.0,1021
202606251500,171100.0,171900.0,170600.0,171300.0,872
202606251515,171300.0,174000.0,171200.0,171300.0,1549
202606260900,165400.0,170000.0,163300.0,165200.0,2202
202606260915,164900.0,167200.0,161100.0,163600.0,2512
202606260930,163500.0,165100.0,161400.0,165100.0,2593
202606260945,165400.0,166700.0,163400.0,164500.0,2565
202606261000,164600.0,166700.0,163700.0,165600.0,2511
202606261015,165600.0,166500.0,164500.0,165100.0,2052
202606261030,165100.0,165800.0,164400.0,165500.0,1799
202606261045,165400.0,165800.0,164200.0,164200.0,1651
202606261100,164400.0,165200.0,163100.0,164100.0,1645
202606261115,164400.0,164900.0,161500.0,162500.0,2108
202606261130,162500.0,162900.0,161700.0,161900.0,869
202606261145,161900.0,162100.0,160200.0,160800.0,1169
202606261200,160800.0,161000.0,159600.0,159700.0,1557
202606261230,160500.0,160800.0,158500.0,159400.0,1666
202606261245,159800.0,159800.0,155800.0,158400.0,3111
202606261300,157800.0,159900.0,157300.0,159800.0,3824
202606261315,159700.0,162500.0,159000.0,161900.0,1589
202606261330,161900.0,162300.0,159400.0,160800.0,1037
202606261345,160800.0,161500.0,159100.0,161500.0,1389
202606261400,161500.0,164400.0,161100.0,164300.0,2018
202606261415,164300.0,166000.0,162900.0,165900.0,2039
202606261430,166000.0,167400.0,165000.0,165400.0,2020
202606261445,165400.0,167400.0,165200.0,165800.0,1773
202606261500,165900.0,166000.0,164800.0,165800.0,1520
202606261515,165400.0,167000.0,165400.0,167000.0,1187
202606290900,167300.0,169200.0,165000.0,165200.0,935
202606290915,165300.0,165300.0,162500.0,163600.0,1040
202606290930,163600.0,169100.0,161500.0,168100.0,1819
202606290945,168600.0,169800.0,168000.0,168400.0,1666
202606291000,168400.0,169800.0,167500.0,169400.0,1051
202606291015,169400.0,169800.0,169300.0,169600.0,1118
202606291030,169600.0,170100.0,168000.0,168200.0,798
202606291045,168200.0,168200.0,167000.0,167500.0,195
202606291100,167500.0,168300.0,166100.0,166600.0,714
202606291115,166200.0,171000.0,165900.0,170900.0,1757
202606291130,170600.0,171500.0,169200.0,171300.0,895
202606291145,171200.0,171700.0,170600.0,171500.0,593
202606291200,171500.0,171600.0,170800.0,171500.0,668
202606291215,171300.0,171700.0,170700.0,171500.0,538
202606291230,171700.0,171700.0,170400.0,170600.0,543
202606291245,170700.0,172700.0,170400.0,172700.0,860
202606291300,172600.0,172900.0,170300.0,172100.0,573
202606291315,171800.0,172300.0,170400.0,172100.0,583
202606291330,172100.0,172800.0,167300.0,172200.0,721
202606291345,172200.0,172700.0,171800.0,172500.0,628
202606291400,171800.0,172600.0,171600.0,172200.0,650
202606291415,172200.0,172900.0,171400.0,172200.0,863
202606291430,172300.0,172900.0,171500.0,172900.0,824
202606291445,172900.0,174700.0,172400.0,174700.0,2671
202606291500,174700.0,174700.0,173000.0,173800.0,1359
202606291515,173700.0,174700.0,172800.0,174100.0,1438
202606300900,175000.0,176700.0,171600.0,174300.0,858
202606300915,174300.0,174300.0,170100.0,171000.0,1121
202606300930,170400.0,173700.0,170400.0,171800.0,783
202606300945,171600.0,173900.0,171000.0,173500.0,1291
202606301000,173400.0,173400.0,171100.0,172500.0,1026
202606301015,172500.0,174000.0,171700.0,174000.0,965
202606301030,174000.0,175000.0,173000.0,175000.0,846
202606301045,175000.0,177000.0,174350.0,175400.0,822
202606301100,175600.0,175700.0,174800.0,174900.0,551
202606301115,174800.0,177700.0,174300.0,176000.0,973
202606301130,176000.0,176800.0,174700.0,176800.0,558
202606301145,176800.0,177900.0,176400.0,177300.0,554
202606301200,177300.0,178700.0,177000.0,178500.0,596
202606301215,178500.0,178900.0,177600.0,178600.0,618
202606301230,178700.0,178800.0,177300.0,178600.0,537
202606301245,178600.0,178900.0,177800.0,178100.0,472
202606301300,178200.0,178900.0,176900.0,177900.0,570
202606301315,177700.0,178800.0,170600.0,178000.0,966
202606301330,178000.0,179700.0,178000.0,179500.0,923
202606301345,179500.0,179700.0,179000.0,179700.0,618
202606301400,179600.0,179700.0,179000.0,179000.0,674
202606301415,179200.0,179300.0,178500.0,178500.0,620
202606301430,178500.0,179200.0,177100.0,179000.0,693
202606301445,178100.0,178700.0,177100.0,178200.0,732
202606301500,178300.0,178500.0,177000.0,177100.0,1099
202606301515,177200.0,177200.0,175300.0,175300.0,1148
202607010900,181200.0,187700.0,179900.0,186500.0,2908
202607010915,186500.0,186500.0,183900.0,185000.0,549
202607010930,185000.0,189300.0,184800.0,189100.0,1457
202607010945,188800.0,189400.0,187100.0,188400.0,1372
202607011000,188500.0,191100.0,188300.0,188950.0,2775
202607011015,189000.0,189500.0,187100.0,189000.0,1553
202607011030,189300.0,190000.0,188100.0,188300.0,1090
202607011045,188500.0,188500.0,184000.0,184700.0,1486
202607011100,184700.0,184800.0,182300.0,183100.0,1782
202607011115,183100.0,184600.0,182900.0,183900.0,1794
202607011130,183900.0,186800.0,183900.0,186800.0,1409
202607011145,186800.0,186800.0,185200.0,185800.0,1307
202607011200,185800.0,186800.0,185700.0,186300.0,1257
202607011215,186300.0,186300.0,185600.0,185600.0,862
202607011230,185700.0,186500.0,185100.0,186100.0,1009
202607011245,186100.0,188300.0,186000.0,187400.0,1208
202607011300,187200.0,187800.0,186700.0,186900.0,893
202607011315,186850.0,189500.0,186600.0,188500.0,1921
202607011330,189300.0,190150.0,188300.0,190000.0,2143
202607011345,190100.0,190100.0,187800.0,187800.0,1399
202607011400,187800.0,187900.0,186600.0,187200.0,1642
202607011415,187200.0,187200.0,186000.0,186200.0,1203
202607011430,186200.0,186450.0,185400.0,185900.0,1437
202607011445,185850.0,187100.0,185600.0,186900.0,1605
202607011500,187000.0,187000.0,185700.0,186200.0,512
202607011515,186300.0,186800.0,185800.0,186300.0,627
202607020900,180100.0,180100.0,173900.0,173900.0,1005
202607020915,174200.0,174400.0,168100.0,170200.0,4856
202607020930,170300.0,172800.0,169100.0,171300.0,4101
202607020945,171100.0,176000.0,170300.0,174400.0,1325
202607021000,174400.0,174900.0,170500.0,173500.0,835
202607021015,173600.0,175500.0,173600.0,175500.0,470
202607021030,175500.0,177700.0,175500.0,176000.0,698
202607021045,176000.0,177400.0,169000.0,176900.0,2974
202607021100,176400.0,178900.0,176000.0,178800.0,846
202607021115,178600.0,178800.0,176400.0,177400.0,881
202607021130,177400.0,178000.0,176100.0,177200.0,483
202607021145,177100.0,177900.0,176600.0,177300.0,645
202607021200,177200.0,178000.0,176900.0,177100.0,501
202607021215,177500.0,177500.0,175000.0,175400.0,725
202607021230,175300.0,177200.0,175300.0,175400.0,368
202607021245,175300.0,176000.0,174500.0,174700.0,488
202607021300,174700.0,174800.0,173800.0,174000.0,446
202607021315,173800.0,175800.0,173400.0,175300.0,908
202607021330,175300.0,175600.0,173900.0,173900.0,640
202607021345,173900.0,175500.0,173800.0,175200.0,609
202607021400,175000.0,175800.0,174700.0,174800.0,502
202607021415,174800.0,176000.0,173600.0,173700.0,1248
202607021430,173600.0,173700.0,172600.0,172800.0,882
202607021445,172600.0,173700.0,171600.0,172600.0,1161
202607021500,172700.0,173400.0,171200.0,171300.0,1580
202607021515,171200.0,173900.0,170900.0,171800.0,1575
202607030900,172300.0,173600.0,167300.0,167900.0,2092
202607030915,167300.0,168500.0,163000.0,163500.0,1378
202607030930,163900.0,167400.0,163500.0,164400.0,1432
202607030945,164400.0,165200.0,162700.0,162800.0,1238
202607031000,162800.0,170000.0,162000.0,169900.0,2482
202607031015,169800.0,169800.0,167000.0,167200.0,1086
202607031030,167200.0,168700.0,167000.0,167400.0,838
202607031045,167400.0,170000.0,167400.0,169500.0,1015
202607031100,169500.0,171500.0,169000.0,169200.0,1006
202607031115,169700.0,170000.0,169200.0,169900.0,716
202607031130,169700.0,171400.0,169200.0,169800.0,554
202607031145,170000.0,171400.0,170000.0,170900.0,408
202607031200,170900.0,171100.0,169800.0,170200.0,404
202607031215,170400.0,171400.0,169900.0,171400.0,551
202607031230,171400.0,171400.0,167200.0,168800.0,507
202607031245,168700.0,170700.0,168000.0,169300.0,551
202607031300,169300.0,170800.0,169100.0,169600.0,588
202607031315,169600.0,171500.0,169200.0,170700.0,556
202607031330,170800.0,170800.0,168600.0,170100.0,985
202607031345,170100.0,170400.0,165000.0,169400.0,1126
202607031400,169400.0,170100.0,168600.0,169400.0,1146
202607031415,169400.0,170400.0,168800.0,170300.0,887
202607031430,170200.0,171500.0,169800.0,170500.0,943
202607031445,170000.0,170900.0,169700.0,170500.0,1122
202607031500,170700.0,172100.0,170700.0,172000.0,1027
202607031515,172000.0,172400.0,171900.0,172400.0,584
202607060900,172100.0,173600.0,171000.0,172300.0,744
202607060915,172300.0,173500.0,169700.0,170500.0,738
202607060930,170500.0,173600.0,170500.0,173600.0,1128
202607060945,173600.0,173700.0,169600.0,170300.0,778
202607061000,170300.0,172300.0,169100.0,169400.0,1333
202607061015,169400.0,171000.0,168600.0,168900.0,744
202607061030,168900.0,170000.0,166000.0,166000.0,551
202607061045,166100.0,166800.0,163500.0,166500.0,2181
202607061100,165000.0,167000.0,164400.0,164500.0,1071
202607061115,165000.0,165100.0,163500.0,163600.0,554
202607061130,163600.0,163700.0,161800.0,161800.0,1066
202607061145,161700.0,162900.0,160000.0,162500.0,852
202607061200,162600.0,164900.0,162400.0,164000.0,594
202607061215,163900.0,164000.0,163300.0,163600.0,604
202607061230,163600.0,163900.0,162800.0,162900.0,609
202607061245,162900.0,163200.0,162700.0,162700.0,642
202607061300,162800.0,163000.0,162200.0,163000.0,638
202607061315,163000.0,164100.0,162400.0,163200.0,627
202607061330,163200.0,164900.0,162900.0,164100.0,1159
202607061345,164100.0,165100.0,163900.0,164900.0,794
202607061400,164800.0,165100.0,164100.0,164200.0,968
202607061415,164200.0,164300.0,163200.0,163400.0,937
202607061430,163300.0,163700.0,162800.0,163300.0,873
202607061445,163300.0,165100.0,162700.0,164700.0,1002
202607061500,164800.0,165800.0,164600.0,165600.0,1237
202607061515,165800.0,166000.0,165000.0,165400.0,724
202607070900,164800.0,167000.0,162300.0,163300.0,1036
202607070915,163600.0,165800.0,162500.0,164500.0,1328
202607070930,164800.0,164800.0,161200.0,161800.0,1558
202607070945,161800.0,163500.0,161300.0,163000.0,1970
202607071000,163000.0,163800.0,161800.0,162100.0,1164
202607071015,162200.0,163200.0,160700.0,161000.0,1191
202607071030,161000.0,161600.0,158600.0,160900.0,1883
202607071045,161600.0,162900.0,160200.0,160800.0,1329
202607071100,160800.0,161000.0,159800.0,160500.0,990
202607071115,160600.0,160800.0,159600.0,159700.0,1146
202607071130,159800.0,159900.0,159000.0,159000.0,1520
202607071145,159200.0,159200.0,158400.0,158500.0,992
202607071200,158500.0,159500.0,158500.0,159100.0,875
202607071215,159000.0,159000.0,157500.0,157500.0,1369
202607071230,157700.0,158700.0,157500.0,158100.0,793
202607071245,158100.0,158100.0,156700.0,157000.0,1088
202607071300,157000.0,158100.0,156600.0,156800.0,1254
202607071315,156800.0,156900.0,156200.0,156800.0,1278
202607071330,156600.0,157100.0,156100.0,156300.0,1153
202607071345,156300.0,156300.0,155100.0,155100.0,502
202607071415,155200.0,157300.0,154200.0,156400.0,3759
202607071430,156900.0,157500.0,154600.0,156800.0,3349
202607071445,156800.0,157500.0,155300.0,156600.0,4560
202607071500,156600.0,157600.0,155400.0,155900.0,2787
202607071515,155900.0,157600.0,154200.0,156700.0,2341
202607080900,151900.0,153500.0,150100.0,153500.0,980
202607080915,153700.0,154800.0,150500.0,153900.0,767
202607080930,153800.0,154800.0,151100.0,154800.0,568
202607080945,154800.0,156900.0,152400.0,156900.0,1470
202607081000,156300.0,156600.0,154500.0,155000.0,495
202607081015,154900.0,155700.0,153600.0,154200.0,746
202607081030,154200.0,154300.0,152700.0,153200.0,589
202607081045,153300.0,153300.0,151500.0,153000.0,1227
202607081100,152100.0,153000.0,150500.0,150700.0,1218
202607081115,150700.0,153100.0,150500.0,152500.0,1468
202607081130,151800.0,152300.0,150700.0,151900.0,662
202607081145,151900.0,153100.0,150900.0,152200.0,721
202607081200,151400.0,153300.0,151200.0,152500.0,614
202607081215,152600.0,154000.0,151900.0,152900.0,767
202607081230,152900.0,152900.0,151500.0,152600.0,736
202607081245,152000.0,152400.0,150600.0,150600.0,913
202607081300,151100.0,151100.0,149000.0,149200.0,1921
202607081315,149700.0,149800.0,149000.0,149100.0,1190
202607081330,149100.0,150100.0,147000.0,148200.0,1931
202607081345,147900.0,150000.0,145200.0,149100.0,2996
202607081400,149200.0,150600.0,146000.0,150200.0,4720
202607081415,150100.0,150100.0,148500.0,149100.0,2658
202607081430,148900.0,150200.0,147600.0,149000.0,5352
202607081445,148900.0,150200.0,148400.0,150200.0,2535
202607081500,150200.0,150600.0,148000.0,149600.0,3111
202607081515,149600.0,150000.0,148400.0,149100.0,2009
202607090900,150400.0,154800.0,150400.0,154400.0,2331
202607090915,153900.0,154400.0,152600.0,152600.0,1241
202607090930,152600.0,153300.0,151000.0,151600.0,944
202607090945,151500.0,152400.0,151300.0,152000.0,720
202607091000,152200.0,154100.0,152000.0,154000.0,824
202607091015,154000.0,154700.0,152500.0,152500.0,1356
202607091030,152500.0,152500.0,150200.0,151900.0,1858
202607091045,151400.0,152100.0,148100.0,148100.0,1710
202607091100,148100.0,149400.0,147100.0,148900.0,1000
202607091115,148900.0,149600.0,148200.0,149100.0,1062
202607091130,149100.0,150600.0,147600.0,148000.0,1275
202607091145,148000.0,148200.0,146000.0,146400.0,1665
202607091200,146300.0,146900.0,145000.0,145600.0,1841
202607091215,145700.0,147100.0,144100.0,147100.0,2249
202607091230,147100.0,148700.0,146200.0,146800.0,1368
202607091245,147000.0,148000.0,147000.0,147400.0,1206
202607091300,147400.0,148000.0,146300.0,146300.0,1276
202607091315,146300.0,147300.0,145000.0,146800.0,1438
202607091330,146600.0,147200.0,145900.0,146000.0,1071
202607091345,145900.0,146800.0,145200.0,146100.0,1478
202607091400,146100.0,147600.0,145200.0,146500.0,1504
202607091415,146500.0,146500.0,144300.0,144400.0,1677
202607091430,144400.0,145300.0,144200.0,144700.0,1889
202607091445,144700.0,147100.0,144200.0,146400.0,2477
202607091500,146400.0,146400.0,144300.0,146300.0,1428
202607091515,146100.0,146800.0,145800.0,146700.0,1512
202607100900,148900.0,153100.0,148900.0,150800.0,782
202607100915,151700.0,151700.0,149300.0,150400.0,346
202607100930,150000.0,154500.0,149600.0,154500.0,1074
202607100945,154400.0,154700.0,152400.0,152600.0,796
202607101000,154200.0,155600.0,153900.0,155600.0,631
202607101015,155500.0,155700.0,154900.0,155700.0,282
202607101030,155500.0,157500.0,155500.0,157400.0,743
202607101045,157400.0,157900.0,156600.0,157300.0,538
202607101100,157100.0,157400.0,156100.0,156600.0,404
202607101115,157000.0,157900.0,156800.0,157700.0,570
202607101130,157700.0,158600.0,157700.0,158600.0,429
202607101145,158500.0,158600.0,157800.0,157900.0,243
202607101200,157900.0,158200.0,157500.0,158200.0,436
202607101215,158200.0,158600.0,157500.0,157600.0,181
202607101230,157500.0,158100.0,157200.0,157800.0,319
202607101245,157800.0,157800.0,157100.0,157700.0,276
202607101300,157700.0,158500.0,157700.0,158400.0,290
202607101315,158400.0,158400.0,158000.0,158050.0,308
202607101330,158050.0,158050.0,156200.0,156600.0,234
202607101345,156500.0,157200.0,156100.0,156200.0,853
202607101400,156200.0,157500.0,155500.0,157300.0,436
202607101415,157000.0,157000.0,155900.0,155900.0,271
202607101430,156000.0,157100.0,155900.0,157100.0,606
202607101445,157100.0,157700.0,156900.0,157100.0,472
202607101500,157100.0,157300.0,156000.0,156500.0,563
202607101515,156400.0,156900.0,155500.0,155500.0,280
202607130900,156300.0,159200.0,156300.0,158100.0,548
202607130915,158200.0,159000.0,156000.0,158600.0,609
202607130930,158300.0,158500.0,156700.0,158000.0,1188
202607130945,158000.0,158000.0,150800.0,155300.0,1288
202607131000,155200.0,155900.0,152800.0,155600.0,1158
202607131015,155600.0,155600.0,150800.0,151300.0,1142
202607131030,151300.0,155900.0,150400.0,150400.0,573
202607131045,150400.0,150800.0,149000.0,149200.0,1896
202607131100,149000.0,149900.0,148000.0,149300.0,1445
202607131115,149300.0,152700.0,149200.0,151600.0,1196
202607131130,151600.0,152200.0,150900.0,151700.0,532
202607131145,151600.0,151700.0,150000.0,150100.0,493
202607131200,150100.0,150100.0,147700.0,148000.0,705
202607131215,148000.0,149800.0,147800.0,148300.0,593
202607131230,148300.0,149400.0,147400.0,147500.0,706
202607131245,147500.0,149200.0,147300.0,147400.0,433
202607131300,147300.0,149100.0,146400.0,146700.0,1012
202607131315,146800.0,146900.0,146500.0,146600.0,505
202607131345,146600.0,146900.0,145300.0,145800.0,1096
202607131400,145800.0,149300.0,145800.0,146900.0,1093
202607131415,146700.0,146700.0,144300.0,144500.0,1037
202607131430,144700.0,148300.0,144500.0,147300.0,844
202607131445,147300.0,147900.0,145900.0,147500.0,1019
202607131500,147500.0,148400.0,145700.0,147100.0,940
202607131515,146900.0,148300.0,145700.0,146900.0,565
202607140900,143600.0,146000.0,138000.0,141200.0,2158
202607140915,140700.0,141100.0,138400.0,140500.0,1589
202607140930,140600.0,141200.0,139100.0,141000.0,950
202607140945,140000.0,144400.0,139500.0,144400.0,1128
202607141000,144000.0,144500.0,141800.0,142600.0,646
202607141015,142400.0,143600.0,141800.0,142500.0,828
202607141030,142400.0,142800.0,141100.0,142300.0,580
202607141045,142500.0,144000.0,140400.0,141000.0,868
202607141100,141000.0,142500.0,139500.0,139600.0,1274
202607141115,140000.0,140400.0,139100.0,139400.0,1074
202607141130,139100.0,141800.0,138200.0,140000.0,1253
202607141145,140000.0,141800.0,138600.0,138800.0,892
202607141200,138700.0,139000.0,137300.0,137300.0,2215
202607141215,137300.0,139500.0,137000.0,139000.0,1925
202607141230,138400.0,141400.0,138400.0,139600.0,1306
202607141245,139800.0,144300.0,139400.0,144300.0,1743
202607141300,144100.0,144800.0,142900.0,143600.0,1350
202607141315,143000.0,144700.0,142500.0,143900.0,1490
202607141330,143700.0,144100.0,140500.0,143000.0,1373
202607141345,143200.0,144000.0,142000.0,143600.0,1192
202607141400,143600.0,144500.0,142300.0,143600.0,1081
202607141415,143600.0,144500.0,143000.0,144500.0,1133
202607141430,144500.0,144600.0,142400.0,143800.0,1328
202607141445,143700.0,143700.0,141600.0,142500.0,1247
202607141500,142200.0,143400.0,141600.0,143100.0,1135
202607141515,143100.0,143200.0,142800.0,143200.0,833
202607150900,150000.0,152000.0,146100.0,151800.0,4158
202607150915,151800.0,153000.0,150300.0,152400.0,2118
202607150930,152400.0,153800.0,149900.0,150700.0,1637
202607150945,150700.0,151100.0,149500.0,150300.0,1110
202607151000,150200.0,151500.0,148600.0,149500.0,1289
202607151015,149500.0,150600.0,149200.0,149900.0,1095
202607151030,149800.0,149800.0,147600.0,147800.0,1183
202607151045,147900.0,148300.0,147000.0,148200.0,1563
202607151100,148000.0,149400.0,147500.0,148900.0,1252
202607151115,148900.0,150300.0,148100.0,148800.0,1348
202607151130,149000.0,150500.0,148700.0,149600.0,770
202607151145,149600.0,149600.0,148300.0,148300.0,1062
202607151200,148300.0,149300.0,148300.0,148900.0,867
202607151215,148800.0,150100.0,148800.0,149300.0,984
202607151230,149300.0,149400.0,148800.0,149000.0,1166
202607151245,148900.0,149600.0,148800.0,149300.0,903
202607151300,149300.0,150100.0,149200.0,149400.0,1052
202607151315,149400.0,149500.0,148800.0,148800.0,902
202607151330,148800.0,150400.0,148500.0,148800.0,1427
202607151345,148800.0,150100.0,148700.0,149200.0,1172
202607151400,149200.0,149300.0,147500.0,147900.0,1651
202607151415,148000.0,149100.0,147900.0,148100.0,956
202607151430,147900.0,148900.0,147700.0,148400.0,1435
202607151445,148300.0,149200.0,147700.0,149100.0,4339
202607151500,149100.0,149900.0,148700.0,148700.0,1919
202607151515,148700.0,149600.0,148300.0,148300.0,906
202607160900,146700.0,147900.0,145300.0,146700.0,544
202607160915,147600.0,147600.0,143800.0,145300.0,690
202607160930,145300.0,146800.0,143700.0,144400.0,943
202607160945,144100.0,145200.0,143100.0,144100.0,726
202607161000,144000.0,145100.0,141700.0,143200.0,917
202607161015,142300.0,143500.0,141600.0,142500.0,707
202607161030,142400.0,143400.0,141700.0,142000.0,643
202607161045,141900.0,143500.0,141700.0,141800.0,750
202607161100,141800.0,141900.0,141000.0,141800.0,1243
202607161115,141700.0,142000.0,140500.0,142000.0,1018
202607161130,141900.0,142200.0,141300.0,141300.0,612
202607161145,141300.0,142800.0,141200.0,141800.0,1002
202607161200,141800.0,142900.0,141700.0,142600.0,871
202607161215,142700.0,143000.0,141300.0,142100.0,1272
202607161230,142100.0,142700.0,141600.0,142100.0,923
202607161245,142000.0,143600.0,141700.0,142900.0,1240
202607161300,142900.0,143500.0,142500.0,143100.0,663
202607161315,143050.0,143100.0,141650.0,142200.0,824
202607161330,142000.0,142500.0,141150.0,142050.0,1220
202607161345,142100.0,142500.0,141450.0,142100.0,1423
202607161400,142100.0,143900.0,141700.0,143100.0,1204
202607161415,143300.0,145200.0,143100.0,144800.0,1613
202607161430,144800.0,145100.0,143200.0,143300.0,1458
202607161445,143200.0,144000.0,142600.0,143500.0,2056
202607161500,143450.0,144000.0,143200.0,143300.0,1190
202607161515,143200.0,143900.0,142400.0,143100.0,750
202607200900,138500.0,142100.0,138500.0,141700.0,1614
202607200915,141700.0,143700.0,141700.0,142500.0,1322
202607200930,142300.0,143500.0,141200.0,143000.0,1306
202607200945,143100.0,147500.0,143100.0,145100.0,1573
202607201000,145300.0,147100.0,144800.0,145300.0,1131
202607201015,145300.0,145800.0,144000.0,144100.0,1057
202607201030,144100.0,144100.0,141900.0,142100.0,1220
202607201045,142100.0,142200.0,140000.0,141100.0,1380
202607201100,141100.0,143000.0,141100.0,141400.0,1345
202607201115,141400.0,143400.0,140700.0,141500.0,1238
202607201130,141400.0,142700.0,141400.0,142700.0,893
202607201145,142600.0,143300.0,142100.0,142400.0,876
202607201200,142500.0,143300.0,141300.0,142200.0,1242
202607201215,142200.0,142300.0,141300.0,141500.0,1446
202607201230,141500.0,141800.0,141000.0,141400.0,1257
202607201245,141500.0,143000.0,141000.0,142100.0,1116
202607201300,142100.0,142100.0,140800.0,140900.0,997
202607201315,140800.0,141900.0,140400.0,141700.0,1103
202607201330,141600.0,143300.0,141500.0,143000.0,999
202607201345,143000.0,143000.0,142100.0,142400.0,890
202607201400,142400.0,142500.0,139100.0,140700.0,1726
202607201415,140600.0,141000.0,139300.0,139700.0,1713
202607201430,139600.0,142300.0,139300.0,141100.0,3190
202607201445,141100.0,141500.0,139600.0,140500.0,1919
202607201500,140500.0,140600.0,139300.0,139900.0,1179
202607201515,139900.0,140700.0,138700.0,138700.0,575
202607210900,141300.0,148700.0,137900.0,137900.0,1923
202607210915,137500.0,139400.0,136600.0,138600.0,1162
202607210930,138400.0,139500.0,137700.0,139000.0,925
202607210945,138700.0,139700.0,138300.0,139700.0,890
202607211000,139400.0,143400.0,139100.0,142500.0,1446
202607211015,142400.0,142700.0,141500.0,142000.0,959
202607211030,141700.0,142700.0,141100.0,141500.0,1416
202607211045,141500.0,142600.0,140900.0,141300.0,848
202607211100,141300.0,142600.0,140000.0,141400.0,1206
202607211115,141300.0,142500.0,140600.0,142500.0,1304
202607211130,142500.0,143900.0,142400.0,143900.0,1275
202607211145,143800.0,144700.0,143700.0,144600.0,785
202607211200,144600.0,145500.0,144400.0,145500.0,1078
202607211215,145500.0,145500.0,145000.0,145400.0,602
202607211230,145500.0,145500.0,144600.0,144600.0,754
202607211245,144500.0,148000.0,144500.0,147400.0,1123
202607211300,147500.0,148300.0,147400.0,148000.0,1164
202607211315,148000.0,148700.0,147600.0,148100.0,1377
202607211330,148100.0,148200.0,146700.0,146900.0,1144
202607211345,146900.0,147000.0,145800.0,145900.0,904
202607211400,145900.0,146000.0,144800.0,145300.0,1086
202607211415,145200.0,146500.0,144800.0,146000.0,1885
202607211430,146000.0,146200.0,145100.0,145850.0,1164
202607211445,145900.0,146300.0,145800.0,145900.0,1506
202607211500,145900.0,146300.0,145900.0,146100.0,1040
202607211515,146300.0,146300.0,144900.0,145900.0,593
202607220900,150500.0,155000.0,150500.0,154800.0,1889
202607220915,154800.0,157300.0,154000.0,156400.0,2586
202607220930,156500.0,158400.0,156100.0,157100.0,2314
202607220945,157100.0,157100.0,155000.0,156700.0,999
202607221000,156600.0,158000.0,155300.0,157800.0,1250
202607221015,157800.0,157900.0,156000.0,156200.0,907
202607221030,156300.0,156500.0,155000.0,156400.0,1428
202607221045,156400.0,158000.0,156300.0,157500.0,506
202607221100,156900.0,158000.0,156000.0,157700.0,609
202607221115,157700.0,157800.0,157000.0,157000.0,650
202607221130,157000.0,157000.0,155100.0,155800.0,808
202607221145,155800.0,156500.0,155300.0,155700.0,523
202607221200,155700.0,155700.0,153600.0,154600.0,1410
202607221215,154500.0,156400.0,154300.0,155600.0,824
202607221230,155600.0,156400.0,154700.0,156400.0,665
202607221245,156300.0,156500.0,155500.0,156500.0,778
202607221300,156500.0,157100.0,156400.0,156600.0,710
202607221315,156500.0,156800.0,156000.0,156200.0,442
202607221330,156100.0,157500.0,156000.0,156200.0,661
202607221345,156200.0,156200.0,154700.0,155400.0,923
202607221400,155600.0,155600.0,153800.0,153800.0,926
202607221415,153800.0,153900.0,153100.0,153600.0,775
202607221430,153600.0,154500.0,152100.0,152100.0,1003
202607221445,152000.0,153800.0,151600.0,152200.0,1740
202607221500,152200.0,152200.0,151100.0,151300.0,922
202607221515,151200.0,151200.0,150500.0,150800.0,698
202607230900,155000.0,157800.0,153900.0,155000.0,928
202607230915,155000.0,155700.0,152800.0,153900.0,925
202607230930,153900.0,155400.0,153800.0,154200.0,563
202607230945,154300.0,155100.0,153900.0,154100.0,687
202607231000,154100.0,155400.0,154000.0,155000.0,335
202607231015,155000.0,155000.0,154000.0,154300.0,478
202607231030,154200.0,155000.0,153900.0,154000.0,385
202607231045,154000.0,154200.0,153400.0,153500.0,220
202607231100,153300.0,154300.0,153100.0,153400.0,468
202607231115,153400.0,153500.0,151800.0,152000.0,881
202607231130,152000.0,154000.0,152000.0,153000.0,630
202607231145,153300.0,154400.0,153200.0,154200.0,256
202607231200,154200.0,154900.0,153700.0,154900.0,872
202607231215,154900.0,155400.0,154200.0,155300.0,470
202607231230,155300.0,156500.0,155100.0,156000.0,544
202607231245,155900.0,156400.0,155200.0,156300.0,418
202607231300,156300.0,156300.0,155100.0,156200.0,648
202607231315,156200.0,157600.0,155600.0,157600.0,824
202607231330,157500.0,159300.0,157200.0,159300.0,1586
202607231345,159000.0,159300.0,158000.0,159200.0,965
202607231400,159000.0,159100.0,157600.0,157800.0,810
202607231415,157800.0,159400.0,157600.0,159400.0,887
202607231430,159300.0,159900.0,158800.0,159200.0,1004
202607231445,159200.0,159600.0,158200.0,159200.0,844
202607231500,159200.0,160800.0,159100.0,160500.0,1032
202607231515,160500.0,161500.0,160000.0,160600.0,782
202607240900,161100.0,164500.0,160200.0,162600.0,2751
202607240915,162600.0,163400.0,158600.0,159000.0,1119
202607240930,159100.0,160100.0,157600.0,160100.0,1052
202607240945,160100.0,161800.0,159900.0,160600.0,904
202607241000,160700.0,163100.0,160300.0,160600.0,909
202607241015,160500.0,163000.0,159900.0,161800.0,1718
202607241030,161500.0,162600.0,161400.0,162300.0,525
202607241045,162300.0,162600.0,160700.0,160800.0,708
202607241100,160800.0,161500.0,159800.0,160500.0,732
202607241115,160100.0,160600.0,158600.0,158700.0,542
202607241130,158700.0,159600.0,157700.0,157900.0,710
202607241145,157900.0,157900.0,157000.0,157300.0,647
202607241200,157300.0,157800.0,156100.0,157200.0,791
202607241215,157200.0,158700.0,156600.0,158000.0,586
202607241230,157800.0,158800.0,157600.0,158500.0,544
202607241245,158500.0,159600.0,157000.0,158100.0,1896
202607241300,158200.0,158600.0,156500.0,158100.0,681
202607241315,157300.0,159500.0,157200.0,159100.0,643
202607241330,159200.0,160600.0,158700.0,159150.0,919
202607241345,159150.0,160100.0,158100.0,159300.0,1254
202607241400,159100.0,161000.0,158700.0,160300.0,751
202607241415,160300.0,161000.0,159000.0,160100.0,1084
202607241430,160000.0,160100.0,158800.0,159300.0,1019
202607241445,159000.0,159600.0,158150.0,158500.0,1185
202607241500,158400.0,158500.0,157500.0,157500.0,861
202607241515,157500.0,157600.0,156600.0,156800.0,939
202607270900,158200.0,158600.0,152600.0,154600.0,760
202607270915,154700.0,155300.0,153800.0,155100.0,470
202607270930,155100.0,155400.0,154000.0,154700.0,331
202607270945,154400.0,156400.0,153800.0,153800.0,331
202607271000,153900.0,154100.0,151700.0,151700.0,445
202607271015,152000.0,152100.0,150100.0,150600.0,642
202607271030,150800.0,153900.0,150500.0,151500.0,278
202607271045,151600.0,152200.0,151000.0,152000.0,374
202607271100,151700.0,152500.0,150400.0,152500.0,412
202607271115,151800.0,152400.0,150800.0,151800.0,337
202607271130,151800.0,152900.0,150800.0,151600.0,321
202607271145,151700.0,152000.0,150800.0,151900.0,269
202607271200,151000.0,152700.0,151000.0,151900.0,394
202607271215,151900.0,152400.0,151100.0,151100.0,187
202607271230,151000.0,151900.0,150900.0,151300.0,277
202607271245,151100.0,151500.0,150500.0,150800.0,467
202607271300,150700.0,151400.0,150700.0,150900.0,145
202607271315,150700.0,152300.0,150700.0,151500.0,244
202607271330,151000.0,152500.0,151000.0,152500.0,346
202607271345,151800.0,152500.0,151800.0,152200.0,355
202607271400,151800.0,152700.0,151500.0,152300.0,335
202607271415,152300.0,153100.0,152000.0,152900.0,420
202607271430,152500.0,153100.0,152000.0,152200.0,387
202607271445,152200.0,153500.0,151700.0,152500.0,461
202607271500,152300.0,153200.0,152100.0,152800.0,595
202607271515,152700.0,153200.0,152100.0,152100.0,243
202607280900,146200.0,147900.0,144000.0,144400.0,1174
202607280915,144400.0,144400.0,142100.0,142100.0,970
202607280930,142100.0,142800.0,141700.0,142100.0,501
202607280945,142000.0,142200.0,141200.0,142200.0,857
202607281000,142450.0,143600.0,141100.0,141100.0,678
202607281030,140600.0,141800.0,140600.0,141000.0,447
202607281045,141000.0,141900.0,140200.0,140400.0,1155
202607281100,140200.0,141500.0,139400.0,140100.0,1044
202607281115,139900.0,141600.0,139800.0,140000.0,585
202607281130,140000.0,140000.0,137700.0,137700.0,1861
202607281145,137700.0,138200.0,137200.0,138100.0,1116
202607281200,138100.0,139300.0,137400.0,138800.0,1079
202607281215,138600.0,139900.0,138600.0,139200.0,787
202607281230,139100.0,140100.0,138600.0,139600.0,670
202607281245,140000.0,140200.0,139500.0,139700.0,749
202607281300,139600.0,139900.0,138600.0,139900.0,827
202607281315,139900.0,140000.0,139000.0,139000.0,1077
202607281330,139000.0,139100.0,137800.0,138300.0,2692
202607281345,138300.0,140400.0,137800.0,139500.0,703
202607281400,139500.0,140200.0,139300.0,139400.0,879
202607281415,139400.0,139700.0,138800.0,139200.0,933
202607281430,138900.0,139200.0,137800.0,138900.0,1570
202607281445,139200.0,139800.0,137600.0,139400.0,2019
202607281500,139400.0,140000.0,138200.0,139000.0,3290
202607281515,139000.0,139700.0,138900.0,139300.0,829
202607290900,138700.0,140900.0,136600.0,138000.0,1135
202607290915,137900.0,138700.0,137000.0,137000.0,964
202607290930,136800.0,138700.0,135300.0,135800.0,1235
202607290945,135800.0,135800.0,133700.0,134600.0,1220
202607291000,134600.0,135100.0,132200.0,132400.0,1505
202607291015,132400.0,133000.0,131000.0,131800.0,2542
202607291030,132200.0,132300.0,129800.0,130200.0,2124
202607291045,129900.0,129900.0,127000.0,127200.0,1801
202607291100,127200.0,128900.0,126100.0,126700.0,3665
202607291115,126700.0,127700.0,125700.0,127500.0,3362
202607291130,127500.0,127500.0,124600.0,125000.0,2349
202607291145,124800.0,124800.0,123100.0,123500.0,2923
202607291200,123100.0,125000.0,122400.0,123900.0,1756
202607291215,123100.0,123800.0,122000.0,122200.0,1528
202607291230,122100.0,122500.0,122000.0,122400.0,465
202607291300,122000.0,124000.0,119600.0,119600.0,6242
202607291315,119700.0,119800.0,117200.0,117700.0,4415
202607291330,117300.0,119000.0,117000.0,117100.0,3663
202607291345,117300.0,120900.0,117200.0,120700.0,3577
202607291400,120400.0,122700.0,120400.0,122100.0,4016
202607291415,122000.0,122700.0,120600.0,120900.0,4534
202607291430,120900.0,123000.0,120600.0,121200.0,4517
202607291445,121200.0,121500.0,120000.0,120500.0,4659
202607291500,120500.0,121000.0,119700.0,121000.0,5680
202607291515,121000.0,122400.0,120900.0,122400.0,1873
202607300900,123700.0,129500.0,123000.0,127000.0,3892
202607300915,127600.0,128600.0,124500.0,125100.0,2031
202607300930,125100.0,125300.0,121700.0,121900.0,1598
202607300945,121900.0,123100.0,121100.0,122700.0,1941
202607301000,121600.0,124600.0,121600.0,122600.0,1431
202607301015,122600.0,124200.0,122000.0,124200.0,1243
202607301030,123600.0,125200.0,123600.0,124600.0,2161
202607301045,124600.0,126000.0,124400.0,125100.0,1760
202607301100,125000.0,125500.0,123100.0,123100.0,1502
202607301115,123300.0,123400.0,122200.0,122900.0,1291
202607301130,122800.0,123500.0,122100.0,123300.0,1011
202607301145,122700.0,123300.0,121400.0,121400.0,1181
202607301200,121400.0,122600.0,121000.0,121000.0,1302
202607301215,121000.0,122300.0,120900.0,121600.0,1443
202607301230,121600.0,123200.0,121400.0,123000.0,1555
202607301245,122700.0,123500.0,122400.0,122600.0,1050
202607301300,122600.0,123000.0,121800.0,121900.0,1470
202607301315,121800.0,122900.0,120800.0,122900.0,1454
202607301330,122900.0,122900.0,121600.0,122200.0,1354
202607301345,121800.0,122400.0,121500.0,122300.0,1578
202607301400,122500.0,123400.0,122300.0,123400.0,2131
202607301415,123300.0,123500.0,122500.0,122800.0,2334
202607301430,122200.0,124000.0,122200.0,123900.0,2187
202607301445,124000.0,124000.0,122300.0,123000.0,2310
202607301500,123100.0,123200.0,122300.0,122900.0,1981
202607301515,122900.0,123500.0,122600.0,123500.0,845
202607310900,131300.0,133100.0,129000.0,132600.0,2384
202607310915,132600.0,136300.0,132400.0,136300.0,1767
202607310930,136100.0,138200.0,136100.0,137500.0,2451
202607310945,137500.0,140000.0,136200.0,139400.0,2463
202607311000,139900.0,140000.0,138100.0,138800.0,2739
202607311015,138700.0,140400.0,138000.0,140000.0,2052
202607311030,140000.0,140100.0,139000.0,139600.0,1719
202607311045,139400.0,140200.0,138500.0,140200.0,1705
202607311100,139900.0,140500.0,139100.0,140100.0,1769
202607311115,139800.0,140600.0,138600.0,140200.0,2634
202607311130,140300.0,140800.0,139300.0,140000.0,2149
202607311145,139900.0,140800.0,139600.0,139600.0,1726
202607311200,140000.0,140800.0,139100.0,140200.0,1539
202607311215,139900.0,140500.0,139900.0,140100.0,1027
202607311230,140200.0,140500.0,139800.0,140200.0,1262
202607311245,140100.0,140200.0,139900.0,140100.0,1516
202607311300,139900.0,140900.0,139800.0,140700.0,1029
202607311315,140700.0,143000.0,140600.0,141900.0,2724
202607311330,142000.0,142700.0,141200.0,142700.0,1091
202607311345,142800.0,143500.0,142000.0,142500.0,1084
202607311400,142500.0,145000.0,142500.0,143300.0,1953
202607311415,143550.0,145000.0,142800.0,145000.0,1232
202607311430,144850.0,145200.0,142000.0,144300.0,1727
202607311445,144300.0,144700.0,143500.0,143900.0,1289
202607311500,143700.0,144800.0,143000.0,143500.0,1574
202607311515,143600.0,144700.0,143400.0,144500.0,1282
202608030900,147500.0,150400.0,142100.0,147200.0,3702
202608030915,147200.0,150200.0,147200.0,149600.0,2417
202608030930,149900.0,151500.0,146900.0,147200.0,1351
202608030945,147300.0,148700.0,146800.0,148500.0,569
202608031000,148600.0,149300.0,146800.0,147300.0,987
202608031015,147300.0,148700.0,146200.0,148600.0,600
202608031030,148600.0,148700.0,145800.0,147200.0,996
202608031045,147200.0,147200.0,146600.0,146700.0,554
202608031100,146600.0,147900.0,146500.0,147400.0,626
202608031115,147400.0,147500.0,146700.0,146800.0,427
202608031130,146800.0,147000.0,146200.0,146500.0,747
202608031145,146600.0,146600.0,145700.0,146300.0,1268
202608031200,146200.0,146300.0,145800.0,145900.0,351
202608031215,145900.0,145900.0,144600.0,144800.0,646
202608031230,144700.0,145500.0,144700.0,145100.0,461
202608031245,145200.0,146300.0,144600.0,144600.0,902
202608031300,144500.0,145500.0,144400.0,145200.0,665
202608031315,145000.0,145000.0,144500.0,144800.0,503
202608031330,144800.0,144800.0,144200.0,144300.0,522
202608031345,144300.0,144300.0,143400.0,143600.0,523
202608031400,143600.0,143600.0,142800.0,142800.0,653
202608031415,142900.0,143200.0,142500.0,143200.0,815
202608031430,143300.0,143300.0,142600.0,142700.0,682
202608031445,142500.0,142900.0,142000.0,142400.0,1017
202608031500,142400.0,142500.0,142100.0,142500.0,889
202608031515,142500.0,143100.0,142100.0,143100.0,352
202608040900,144500.0,148600.0,143500.0,147200.0,1640
202608040915,146900.0,147100.0,144100.0,145500.0,1499
202608040930,143300.0,147000.0,143200.0,145200.0,827
202608040945,145100.0,145100.0,143000.0,143100.0,452
202608041000,143400.0,145000.0,142700.0,144800.0,473
202608041015,144500.0,146100.0,143800.0,146100.0,880
202608041030,145800.0,147000.0,145800.0,146700.0,495
202608041045,146800.0,148400.0,146700.0,147200.0,541
202608041100,147300.0,147300.0,145900.0,146200.0,430
202608041115,146300.0,147300.0,146000.0,147200.0,402
202608041130,147200.0,147300.0,145500.0,147300.0,646
202608041145,147300.0,147600.0,142600.0,147500.0,441
202608041200,147400.0,147600.0,146000.0,146100.0,374
202608041215,146100.0,147700.0,146100.0,147500.0,228
202608041230,147300.0,147700.0,147300.0,147400.0,306
202608041245,147400.0,147900.0,147000.0,147900.0,999
202608041300,147800.0,148000.0,146800.0,147000.0,303
202608041315,146900.0,147500.0,146900.0,147400.0,310
202608041330,147400.0,147400.0,146400.0,146400.0,375
202608041345,146500.0,147500.0,146300.0,147200.0,422
202608041400,147100.0,147200.0,146100.0,146300.0,365
202608041415,146300.0,147200.0,145900.0,147100.0,710
202608041430,147100.0,148300.0,146900.0,147400.0,1102
202608041445,147300.0,148400.0,147200.0,148300.0,707
202608041500,148300.0,148400.0,147700.0,147900.0,697
202608041515,148000.0,148400.0,147900.0,148300.0,475
202608050900,153900.0,162500.0,153800.0,154900.0,1318
202608050915,154900.0,158500.0,154300.0,158000.0,1829
202608050930,158100.0,159200.0,157000.0,159200.0,1532
202608050945,159400.0,160400.0,159000.0,159900.0,1525
202608051000,159900.0,161500.0,159400.0,160400.0,1746
202608051015,160300.0,160400.0,158300.0,159500.0,1073
202608051030,159600.0,161500.0,159200.0,160900.0,729
202608051045,161000.0,163000.0,160000.0,163000.0,2430
202608051100,163000.0,163700.0,162200.0,162200.0,815
202608051115,162300.0,162800.0,161600.0,162100.0,625
202608051130,162100.0,162600.0,161400.0,161500.0,549
202608051145,161400.0,162800.0,161400.0,162400.0,507
202608051200,162400.0,163100.0,162300.0,162900.0,515
202608051215,162900.0,163000.0,162400.0,162400.0,507
202608051230,162400.0,163000.0,162100.0,162500.0,468
202608051245,162500.0,162800.0,161200.0,162300.0,501
202608051300,162400.0,162700.0,162100.0,162100.0,518
202608051315,162200.0,162800.0,162100.0,162700.0,631
202608051330,162800.0,162900.0,162700.0,162800.0,663
202608051345,162800.0,163300.0,162500.0,163200.0,1411
202608051400,163300.0,163500.0,162900.0,163500.0,1108
202608051415,163400.0,163600.0,162600.0,163000.0,1181
202608051430,162900.0,163200.0,160500.0,160700.0,2291
202608051445,160800.0,161800.0,160700.0,161100.0,2714
202608051500,161100.0,162000.0,160600.0,161200.0,3677
202608051515,161000.0,162400.0,161000.0,161800.0,990
202608060900,161100.0,161100.0,157900.0,159500.0,996
202608060915,159100.0,161700.0,158700.0,160700.0,1342
202608060930,160700.0,161800.0,159000.0,159500.0,715
202608060945,159500.0,160300.0,158300.0,159300.0,696
202608061000,159600.0,160000.0,158600.0,159100.0,631
202608061015,158800.0,159200.0,156200.0,157500.0,936
202608061030,156700.0,159000.0,156700.0,157500.0,976
202608061045,157600.0,159700.0,157600.0,159100.0,1116
202608061100,159300.0,159500.0,159000.0,159300.0,455
202608061115,159300.0,160500.0,159300.0,160300.0,407
202608061130,160200.0,161600.0,160200.0,161300.0,453
202608061145,161300.0,161300.0,160000.0,161000.0,583
202608061200,161300.0,161400.0,160300.0,160500.0,454
202608061215,160500.0,160500.0,160000.0,160100.0,525
202608061230,160000.0,160100.0,159800.0,159900.0,524
202608061245,160000.0,160300.0,159800.0,160300.0,629
202608061300,160300.0,160300.0,159400.0,159800.0,625
202608061315,159800.0,160800.0,159600.0,160600.0,556
202608061330,160600.0,160800.0,159700.0,159800.0,592
202608061345,159800.0,160500.0,159600.0,160200.0,662
202608061400,160100.0,160500.0,159600.0,159600.0,969
202608061415,159800.0,159800.0,159300.0,159400.0,742
202608061430,159400.0,159400.0,157900.0,157900.0,1050
202608061445,157900.0,159200.0,157000.0,157900.0,1124
202608061500,157900.0,159200.0,157600.0,157800.0,803
202608061515,157800.0,160600.0,157800.0,158100.0,522
202608070900,159800.0,166000.0,159600.0,163000.0,1600
202608070915,162700.0,164000.0,160500.0,161500.0,1580
202608070930,161500.0,162900.0,160400.0,161400.0,845
202608070945,161400.0,162200.0,160300.0,162100.0,402
202608071000,162100.0,162400.0,160100.0,160500.0,584
202608071015,160100.0,160500.0,157600.0,159100.0,632
202608071030,159100.0,159700.0,157100.0,158100.0,516
202608071045,158200.0,158600.0,157700.0,157900.0,337
202608071100,158000.0,159500.0,157100.0,157900.0,413
202608071115,158200.0,159400.0,157800.0,157800.0,300
202608071130,157800.0,158700.0,157300.0,157900.0,298
202608071145,158000.0,159700.0,157700.0,158900.0,327
202608071200,158700.0,159900.0,158700.0,158800.0,440
202608071215,158700.0,160400.0,157300.0,158900.0,331
202608071230,158600.0,159800.0,158300.0,158400.0,415
202608071245,158400.0,158400.0,156000.0,157100.0,1191
202608071300,157200.0,158000.0,156900.0,157900.0,832
202608071315,157900.0,157900.0,157500.0,157700.0,775
202608071330,157700.0,158000.0,157000.0,157100.0,716
202608071345,157100.0,158000.0,156300.0,158000.0,1086
202608071400,158000.0,158900.0,157900.0,158200.0,772
202608071415,158300.0,158800.0,157300.0,158200.0,1016
202608071430,158300.0,158300.0,156400.0,156800.0,1163
202608071445,157100.0,157900.0,156700.0,157700.0,1115
202608071500,157600.0,157700.0,156200.0,157700.0,1376
202608071515,157800.0,159700.0,157600.0,158100.0,519
202608100900,160400.0,163000.0,160200.0,161700.0,802
202608100915,161700.0,162900.0,160500.0,162700.0,240
202608100930,162300.0,162700.0,160700.0,161300.0,261
202608100945,161300.0,163300.0,161300.0,163200.0,318
202608101000,163200.0,164500.0,163200.0,164300.0,573
202608101015,164400.0,164500.0,163500.0,163500.0,272
202608101030,163600.0,163600.0,161700.0,161700.0,474
202608101045,161900.0,162500.0,161800.0,161900.0,590
202608101100,161800.0,162800.0,161300.0,162300.0,732
202608101115,162200.0,162200.0,161650.0,162200.0,499
202608101130,162200.0,162700.0,161800.0,162700.0,471
202608101145,162600.0,162700.0,162000.0,162000.0,322
202608101200,162000.0,162300.0,161700.0,162100.0,545
202608101215,162200.0,162300.0,161800.0,162300.0,490
202608101230,162200.0,162900.0,162200.0,162700.0,481
202608101245,162800.0,162800.0,162000.0,162400.0,506
202608101300,162500.0,162500.0,161700.0,162200.0,792
202608101315,162300.0,162400.0,161700.0,161800.0,341
202608101330,161800.0,161900.0,160800.0,160800.0,407
202608101345,160800.0,160900.0,159100.0,159500.0,491
202608101400,159400.0,161200.0,159400.0,160700.0,629
202608101415,160800.0,160900.0,159200.0,160700.0,581
202608101430,160600.0,160800.0,160200.0,160400.0,572
202608101445,160300.0,161400.0,160300.0,161100.0,598
202608101500,161200.0,162300.0,161100.0,162100.0,472
202608101515,162100.0,162100.0,161500.0,161600.0,212
202608110900,160200.0,161500.0,159000.0,161000.0,290
202608110915,160900.0,162700.0,160500.0,162500.0,203
202608110930,162400.0,162900.0,160900.0,162900.0,259
202608110945,162700.0,163500.0,162100.0,162500.0,454
202608111000,162100.0,162100.0,160000.0,161700.0,300
202608111015,161200.0,161700.0,160500.0,160500.0,156
202608111030,160900.0,161600.0,160500.0,161400.0,115
202608111045,161400.0,161500.0,160000.0,160200.0,600
202608111100,160200.0,161000.0,159800.0,160000.0,380
202608111115,160000.0,160200.0,159900.0,159900.0,183
202608111130,160000.0,162500.0,159800.0,160400.0,430
202608111145,160400.0,160800.0,159900.0,160000.0,122
202608111200,160000.0,160200.0,159400.0,159500.0,337
202608111215,159500.0,160400.0,159500.0,160400.0,287
202608111230,160200.0,160300.0,159500.0,159700.0,231
202608111245,159700.0,159900.0,159700.0,159800.0,181
202608111300,159900.0,159900.0,159800.0,159900.0,115
202608111315,159900.0,160000.0,158300.0,158400.0,1068
202608111330,158600.0,158800.0,158300.0,158300.0,481
202608111345,158300.0,158500.0,158000.0,158000.0,376
202608111400,158300.0,158300.0,157500.0,157600.0,521
202608111415,157600.0,158500.0,157500.0,158000.0,655
202608111430,158000.0,158200.0,157700.0,158100.0,1450
202608111445,158000.0,158400.0,157800.0,158000.0,1159
202608111500,158100.0,158500.0,158000.0,158200.0,592
202608111515,158300.0,159000.0,158100.0,159000.0,206
202608120900,160400.0,162800.0,159300.0,159400.0,689
202608120915,159400.0,160900.0,158100.0,160100.0,586
202608120930,159900.0,160900.0,158900.0,159700.0,700
202608120945,159800.0,163700.0,159600.0,163600.0,1218
202608121000,163600.0,164200.0,163100.0,163900.0,1409
202608121015,164000.0,166000.0,163800.0,165900.0,1665
202608121030,165800.0,167300.0,165600.0,167300.0,1279
202608121045,167000.0,167400.0,164500.0,164600.0,470
202608121100,164500.0,164600.0,162900.0,162900.0,456
202608121115,163000.0,163000.0,162000.0,162400.0,529
202608121130,162500.0,162500.0,161700.0,161900.0,1056
202608121145,162000.0,163900.0,161800.0,162000.0,630
202608121200,162100.0,163700.0,162000.0,163700.0,680
202608121215,163700.0,164300.0,163300.0,164200.0,595
202608121230,164100.0,164200.0,162400.0,162900.0,525
202608121245,162900.0,163300.0,162600.0,162900.0,613
202608121300,162900.0,163600.0,162500.0,163000.0,663
202608121315,162800.0,163600.0,162700.0,163000.0,501
202608121330,163000.0,163000.0,162000.0,162100.0,553
202608121345,162000.0,162400.0,161800.0,162000.0,662
202608121400,162100.0,162600.0,161500.0,161600.0,400
202608121415,161600.0,163600.0,161200.0,162700.0,645
202608121430,163000.0,163400.0,162200.0,162400.0,483
202608121445,161300.0,163100.0,161300.0,162800.0,584
202608121500,162800.0,163600.0,162800.0,163200.0,507
202608121515,163300.0,163300.0,162000.0,162700.0,579
202608130900,166300.0,168800.0,166200.0,167800.0,558
202608130915,167800.0,167900.0,165900.0,166600.0,301
202608130930,166700.0,168000.0,165800.0,166100.0,204
202608130945,166400.0,167900.0,166100.0,167900.0,149
202608131000,167900.0,168300.0,166600.0,166600.0,198
202608131015,166600.0,166700.0,165500.0,165500.0,588
202608131030,165500.0,166500.0,165500.0,165900.0,119
202608131045,165800.0,165900.0,165500.0,165500.0,271
202608131100,165500.0,165600.0,165400.0,165400.0,183
202608131115,165400.0,165400.0,164900.0,165100.0,472
202608131130,165300.0,165300.0,164900.0,165100.0,191
202608131145,165000.0,165400.0,164900.0,165400.0,199
202608131200,165100.0,165600.0,165000.0,165300.0,233
202608131215,165200.0,165400.0,164800.0,165000.0,193
202608131230,165000.0,165200.0,164900.0,165200.0,442
202608131245,165100.0,165300.0,165100.0,165100.0,122
202608131300,165000.0,165100.0,164900.0,165000.0,259
202608131315,165000.0,165100.0,164900.0,165000.0,1143
202608131330,165000.0,165100.0,165000.0,165000.0,736
202608131345,165000.0,165100.0,164900.0,165000.0,840
202608131400,165000.0,165600.0,165000.0,165200.0,749
202608131415,165200.0,165500.0,165000.0,165200.0,526
202608131430,165200.0,165400.0,164300.0,164700.0,1004
202608131445,164700.0,164800.0,164000.0,164100.0,671
202608131500,164100.0,164800.0,164000.0,164600.0,409
202608131515,164700.0,164900.0,164500.0,164900.0,205
202608140900,167400.0,171000.0,166100.0,167700.0,1590
202608140915,167400.0,167800.0,164800.0,167400.0,1353
202608140930,167600.0,168500.0,167600.0,168300.0,1210
202608140945,168400.0,168400.0,166300.0,167200.0,1105
202608141000,167200.0,167200.0,164000.0,164000.0,449
202608141015,163900.0,164700.0,163300.0,164700.0,283
202608141030,164600.0,164700.0,163400.0,164400.0,255
202608141045,164500.0,165000.0,164400.0,165000.0,267
202608141100,165000.0,166300.0,165000.0,166200.0,138
202608141115,166200.0,166200.0,165000.0,165400.0,344
202608141130,165400.0,165700.0,165000.0,165000.0,221
202608141145,165000.0,165100.0,164700.0,164800.0,156
202608141200,164700.0,165200.0,164700.0,165100.0,185
202608141215,165100.0,166100.0,165000.0,165900.0,240
202608141230,165800.0,166500.0,165300.0,166500.0,169
202608141245,166000.0,166500.0,165800.0,166400.0,192
202608141300,166100.0,167300.0,166100.0,167300.0,237
202608141315,167300.0,168600.0,166900.0,168600.0,833
202608141330,168600.0,169400.0,168000.0,169200.0,428
202608141345,169300.0,169500.0,168000.0,168500.0,266
202608141400,169500.0,169500.0,167900.0,168400.0,320
202608141415,168300.0,168700.0,168100.0,168600.0,280
202608141430,168500.0,169000.0,168200.0,168700.0,446
202608141445,168600.0,169300.0,168600.0,169200.0,636
202608141500,169200.0,169400.0,168900.0,169200.0,346
202608141515,169100.0,169700.0,169000.0,169700.0,1503
202608180900,171500.0,173900.0,169800.0,170000.0,1802
202608180915,170100.0,173400.0,170100.0,171100.0,1095
202608180930,171200.0,173100.0,170400.0,171500.0,1261
202608180945,171500.0,172900.0,170700.0,171100.0,701
202608181000,171100.0,171800.0,170700.0,171600.0,892
202608181015,171600.0,171700.0,170400.0,170700.0,726
202608181030,170700.0,170900.0,169000.0,169900.0,1021
202608181045,169400.0,170400.0,169400.0,170100.0,436
202608181100,170300.0,171100.0,170200.0,170300.0,556
202608181115,170300.0,170300.0,169200.0,169300.0,903
202608181130,169300.0,169300.0,168000.0,168200.0,762
202608181145,168200.0,169400.0,168000.0,168800.0,690
202608181200,168800.0,169300.0,168500.0,168600.0,439
202608181215,168700.0,168900.0,167500.0,168000.0,613
202608181230,167900.0,168900.0,167400.0,168600.0,760
202608181245,168600.0,170000.0,168600.0,170000.0,405
202608181300,169800.0,169900.0,169200.0,169500.0,790
202608181315,169500.0,169500.0,169200.0,169200.0,532
202608181330,169200.0,169300.0,168800.0,168800.0,639
202608181345,168800.0,169700.0,168800.0,169600.0,1616
202608181400,169600.0,169700.0,169300.0,169500.0,794
202608181415,169500.0,169600.0,168100.0,168400.0,2842
202608181430,168500.0,168500.0,167100.0,167500.0,933
202608181445,167600.0,167700.0,166700.0,166800.0,1025
202608181500,166700.0,168200.0,165400.0,167900.0,1074
202608181515,167400.0,168400.0,166300.0,167300.0,627
202608190900,156800.0,160600.0,155300.0,156900.0,1608
202608190915,156800.0,158600.0,156000.0,158500.0,791
202608190930,158300.0,162300.0,158200.0,161700.0,592
202608190945,161700.0,162700.0,160100.0,160800.0,597
202608191000,161200.0,163900.0,161200.0,163900.0,542
202608191015,164000.0,165800.0,163900.0,165500.0,527
202608191030,165500.0,165500.0,163400.0,164600.0,492
202608191045,164900.0,165300.0,163500.0,164100.0,335
202608191100,164000.0,164300.0,162400.0,163300.0,353
202608191115,163000.0,164400.0,162000.0,164200.0,465
202608191130,163500.0,164300.0,163300.0,163400.0,301
202608191145,163500.0,164500.0,163400.0,163800.0,236
202608191200,163900.0,164800.0,163600.0,164000.0,238
202608191215,164000.0,165000.0,163600.0,163900.0,272
202608191230,163800.0,165500.0,163800.0,164500.0,377
202608191245,164400.0,164500.0,164000.0,164000.0,267
202608191300,164000.0,164100.0,163300.0,163400.0,358
202608191315,163400.0,164900.0,163400.0,164500.0,324
202608191330,164100.0,164900.0,163600.0,163900.0,344
202608191345,163900.0,164900.0,162700.0,164900.0,378
202608191400,164800.0,164900.0,163500.0,163800.0,456
202608191415,163600.0,164600.0,158000.0,164100.0,1764
202608191430,164100.0,165000.0,163200.0,164100.0,960
202608191445,163400.0,163500.0,162500.0,162800.0,355
202608191500,162900.0,162900.0,160900.0,161400.0,503
202608191515,161500.0,164700.0,161100.0,162600.0,667
202608200900,163200.0,164300.0,159200.0,160600.0,1587
202608200915,160500.0,162500.0,160500.0,162100.0,876
202608200930,162200.0,164300.0,162100.0,164000.0,227
202608200945,164000.0,164000.0,162000.0,162000.0,208
202608201000,162000.0,163000.0,161900.0,162900.0,935
202608201015,162700.0,162800.0,162200.0,162700.0,183
202608201030,162600.0,162700.0,161700.0,161700.0,505
202608201045,161700.0,161700.0,160200.0,160600.0,1027
202608201100,160600.0,162000.0,160600.0,161200.0,446
202608201115,161200.0,161700.0,160000.0,160100.0,609
202608201130,160000.0,160200.0,159600.0,160000.0,895
202608201145,160000.0,160500.0,160000.0,160100.0,228
202608201200,160200.0,160500.0,160100.0,160500.0,337
202608201215,160300.0,161400.0,160200.0,160600.0,558
202608201230,160500.0,160500.0,160200.0,160200.0,319
202608201245,160200.0,160600.0,160200.0,160300.0,304
202608201300,160300.0,160600.0,160200.0,160300.0,281
202608201315,160400.0,161500.0,160200.0,161100.0,637
202608201330,160800.0,160800.0,159300.0,159500.0,1580
202608201345,159500.0,161000.0,159500.0,159800.0,1019
202608201400,159800.0,159900.0,159200.0,159600.0,1115
202608201415,159900.0,160700.0,159600.0,159900.0,1069
202608201430,160300.0,160300.0,159300.0,159700.0,1606
202608201445,159700.0,159800.0,159200.0,159600.0,1571
202608201500,159600.0,161200.0,159400.0,161000.0,1510
202608201515,161000.0,161000.0,159700.0,160800.0,501
202608210900,158300.0,159700.0,157250.0,157500.0,686
202608210915,157600.0,157600.0,156700.0,156700.0,401
202608210930,156800.0,158900.0,156500.0,158700.0,729
202608210945,158800.0,159200.0,156000.0,156500.0,1222
202608211000,156500.0,156500.0,155600.0,156000.0,856
202608211015,156000.0,157000.0,156000.0,156400.0,721
202608211030,156400.0,156500.0,155500.0,156100.0,620
202608211045,156100.0,157200.0,155700.0,155900.0,1013
202608211100,155900.0,156400.0,155800.0,156300.0,679
202608211115,156300.0,156300.0,155900.0,156000.0,503
202608211130,156100.0,156300.0,155800.0,155900.0,631
202608211145,155900.0,156400.0,155900.0,156000.0,605
202608211200,156200.0,156300.0,155900.0,155900.0,606
202608211215,155800.0,155800.0,155200.0,155300.0,855
202608211230,155400.0,155500.0,155200.0,155400.0,554
202608211245,155400.0,156100.0,155100.0,155600.0,683
202608211300,155700.0,156000.0,155000.0,155500.0,1067
202608211315,155500.0,155700.0,155100.0,155400.0,614
202608211330,155500.0,155800.0,155300.0,155300.0,1019
202608211345,155300.0,155800.0,155000.0,155100.0,1001
202608211400,155000.0,155800.0,154400.0,154500.0,1393
202608211415,154500.0,155600.0,154300.0,154700.0,1396
202608211430,154700.0,155100.0,154500.0,154800.0,1362
202608211445,154800.0,154900.0,154400.0,154700.0,1442
202608211500,154700.0,156200.0,154700.0,155100.0,1193
202608211515,155100.0,155900.0,155100.0,155900.0,593
202608240900,155900.0,157500.0,155000.0,155900.0,307
202608240915,155900.0,155900.0,153800.0,154000.0,441
202608240930,154400.0,155800.0,153900.0,155500.0,268
202608240945,155600.0,156300.0,154600.0,156000.0,239
202608241000,156300.0,156800.0,156000.0,156300.0,497
202608241015,156300.0,156300.0,154800.0,156200.0,662
202608241030,156200.0,156200.0,154700.0,154900.0,649
202608241045,154900.0,155600.0,154100.0,154700.0,741
202608241100,154700.0,155000.0,154000.0,155000.0,787
202608241115,155200.0,156000.0,154400.0,155600.0,454
202608241130,155600.0,156200.0,155400.0,155600.0,776
202608241145,155600.0,155600.0,154700.0,155100.0,255
202608241200,155100.0,155100.0,154500.0,155000.0,445
202608241215,154500.0,155000.0,154000.0,154500.0,151
202608241230,154100.0,155000.0,153900.0,154800.0,603
202608241245,154800.0,155000.0,154200.0,154200.0,455
202608241300,154100.0,154700.0,154000.0,154700.0,395
202608241315,154900.0,155800.0,154300.0,154400.0,290
202608241330,154400.0,155000.0,154400.0,154800.0,255
202608241345,155000.0,155500.0,154800.0,154900.0,269
202608241400,155000.0,155300.0,154700.0,155200.0,329
202608241415,155600.0,155600.0,155000.0,155000.0,550
202608241430,154900.0,155000.0,154600.0,155000.0,413
202608241445,155000.0,155000.0,154700.0,154700.0,241
202608241500,154700.0,155200.0,154600.0,154700.0,271
202608241515,154700.0,155900.0,154700.0,155000.0,387
202608250900,155900.0,154100.0,149000.0,149700.0,245
202608250915,149700.0,151600.0,148600.0,151100.0,1292
202608250930,151600.0,153400.0,151100.0,153400.0,1123
202608250945,153300.0,153500.0,152400.0,152800.0,677
202608251000,152500.0,153500.0,151800.0,152200.0,1001
202608251015,152200.0,152500.0,151800.0,152500.0,381
202608251030,152500.0,153600.0,152200.0,153500.0,109
202608251045,153600.0,154800.0,153500.0,153700.0,165
202608251100,154000.0,154000.0,153100.0,153200.0,100
202608251115,153200.0,154700.0,153200.0,154500.0,493
202608251130,154500.0,154900.0,153900.0,153900.0,317
202608251145,154000.0,154000.0,153600.0,153700.0,142
202608251200,153800.0,155000.0,153800.0,154500.0,101
202608251215,154500.0,155300.0,154500.0,155200.0,341
202608251230,155200.0,155900.0,154300.0,155200.0,659
202608251245,155600.0,155600.0,154600.0,155500.0,296
202608251300,155100.0,157100.0,155100.0,155500.0,271
202608251315,156300.0,157000.0,156300.0,156300.0,244
202608251330,156300.0,156600.0,156200.0,156500.0,156
202608251345,156600.0,156600.0,155600.0,156300.0,214
202608251400,156500.0,156800.0,156500.0,156700.0,92
202608251415,156700.0,157500.0,156700.0,157500.0,125
202608251430,157500.0,157700.0,154900.0,155000.0,6570
202608251445,155000.0,156700.0,154900.0,156000.0,3163
202608251500,156000.0,157700.0,155900.0,156200.0,931
202608251515,156400.0,157600.0,156000.0,157600.0,700
202608260900,156400.0,158000.0,156400.0,157000.0,161
202608260915,157800.0,157900.0,155500.0,155500.0,179
202608260930,156400.0,156600.0,155500.0,155500.0,209
202608260945,156600.0,156900.0,155600.0,156900.0,164
202608261000,157000.0,157700.0,156200.0,156700.0,114
202608261015,156400.0,157000.0,155900.0,155900.0,112
202608261030,156100.0,156200.0,155100.0,155600.0,253
202608261045,155500.0,156100.0,155300.0,156000.0,98
202608261100,156100.0,157000.0,155900.0,157000.0,143
202608261115,157000.0,157600.0,156400.0,157600.0,260
202608261130,157900.0,157900.0,157400.0,157800.0,333
202608261145,157800.0,157900.0,157000.0,157000.0,142
202608261200,157000.0,157800.0,156900.0,157500.0,79
202608261215,157500.0,157600.0,157300.0,157600.0,167
202608261230,157600.0,157900.0,157400.0,157900.0,206
202608261245,157900.0,158300.0,157800.0,157800.0,136
202608261300,157800.0,158400.0,157800.0,158000.0,577
202608261315,158000.0,158000.0,157700.0,157700.0,251
202608261330,158100.0,158500.0,157700.0,157800.0,162
202608261345,157900.0,158400.0,155500.0,158000.0,302
202608261400,158000.0,158000.0,157100.0,157200.0,178
202608261415,157100.0,158800.0,156500.0,158800.0,759
202608261430,158800.0,160000.0,158600.0,159600.0,864
202608261445,159700.0,159900.0,159200.0,159900.0,1045
202608261500,159900.0,161900.0,159900.0,161000.0,3082
202608261515,161100.0,161100.0,159100.0,160400.0,426
202608270900,163500.0,165900.0,161300.0,162000.0,1312
202608270915,162000.0,163400.0,161200.0,162600.0,809
202608270930,163200.0,163300.0,161800.0,162800.0,391
202608270945,162300.0,163200.0,162200.0,162400.0,386
202608271000,162500.0,164000.0,162500.0,163000.0,1004
202608271015,163100.0,165000.0,163100.0,165000.0,1269
202608271030,165000.0,165100.0,164500.0,164500.0,330
202608271045,164800.0,165200.0,164600.0,165100.0,679
202608271100,165100.0,166500.0,164900.0,166000.0,806
202608271115,166000.0,166300.0,165800.0,165900.0,599
202608271130,165900.0,168600.0,165900.0,167800.0,1177
202608271145,167800.0,168100.0,167800.0,168000.0,372
202608271200,167900.0,168000.0,167000.0,167100.0,401
202608271215,167300.0,167400.0,166900.0,167000.0,332
202608271230,167000.0,167400.0,166900.0,167000.0,225
202608271245,167000.0,167900.0,166900.0,167800.0,442
202608271300,167900.0,168000.0,166800.0,167100.0,1853
202608271315,167500.0,167600.0,167000.0,167600.0,619
202608271330,167600.0,167900.0,166600.0,167700.0,1783
202608271345,167800.0,168900.0,167300.0,167400.0,1885
202608271400,166900.0,167400.0,166300.0,166300.0,476
202608271415,166200.0,166900.0,165600.0,166700.0,489
202608271430,166800.0,166900.0,166300.0,166900.0,544
202608271445,166800.0,167500.0,166600.0,167000.0,767
202608271500,167000.0,167400.0,165800.0,166600.0,3630
202608271515,166500.0,167000.0,165800.0,167000.0,770
202608280900,166600.0,171800.0,166100.0,169100.0,1777
202608280915,169000.0,169400.0,167000.0,168000.0,939
202608280930,167700.0,170900.0,167500.0,170600.0,1217
202608280945,170200.0,170200.0,167700.0,168600.0,687
202608281000,168400.0,169300.0,167300.0,167600.0,981
202608281015,167600.0,168900.0,167500.0,167500.0,880
202608281030,167600.0,168800.0,167600.0,167600.0,556
202608281045,167600.0,168500.0,167500.0,168000.0,986
202608281100,168200.0,168200.0,168000.0,168000.0,555
202608281115,168100.0,168500.0,167800.0,167800.0,579
202608281130,167900.0,168800.0,167900.0,168500.0,687
202608281145,168500.0,169500.0,168400.0,169400.0,547
202608281200,169400.0,169600.0,168100.0,169600.0,1079
202608281215,169500.0,169800.0,168600.0,169100.0,861
202608281230,169100.0,169100.0,168500.0,168500.0,473
202608281245,168400.0,169800.0,168300.0,169600.0,791
202608281300,169500.0,169600.0,168700.0,169600.0,878
202608281315,169600.0,170700.0,169600.0,170700.0,844
202608281330,170700.0,170800.0,169600.0,170100.0,850
202608281345,170200.0,170200.0,169600.0,169800.0,574
202608281400,169700.0,171900.0,169600.0,171800.0,1576
202608281415,172000.0,172000.0,170000.0,172000.0,4234
202608281430,172000.0,172200.0,171400.0,172000.0,1829
202608281445,171600.0,172000.0,171100.0,171500.0,1771
202608281500,171600.0,172200.0,171200.0,172200.0,1709
202608281515,172200.0,172500.0,171000.0,171600.0,910
202608310900,167300.0,167300.0,164100.0,165100.0,772
202608310915,165200.0,167100.0,165200.0,166500.0,963
202608310930,167000.0,167900.0,166500.0,166600.0,650
202608310945,166500.0,167500.0,166500.0,166600.0,844
202608311000,166500.0,166700.0,164900.0,165100.0,678
202608311015,165100.0,165100.0,164700.0,164800.0,332
202608311030,164800.0,165000.0,164000.0,164000.0,780
202608311045,164000.0,164600.0,164000.0,164500.0,555
202608311100,164500.0,164800.0,164500.0,164500.0,298
202608311115,164600.0,164600.0,164200.0,164400.0,403
202608311130,164400.0,164400.0,164300.0,164300.0,152
202608311145,164300.0,165000.0,164200.0,164700.0,453
202608311200,165000.0,165800.0,164500.0,165000.0,345
202608311215,165000.0,165000.0,164300.0,164900.0,724
202608311230,164800.0,164900.0,164300.0,164500.0,414
202608311245,164400.0,164500.0,164000.0,164100.0,493
202608311300,164000.0,164100.0,164000.0,164000.0,327
202608311315,164000.0,164100.0,164000.0,164000.0,356
202608311330,164000.0,165100.0,163900.0,165000.0,994
202608311345,165000.0,165400.0,164400.0,165100.0,1052
202608311400,165100.0,165700.0,165100.0,165700.0,531
202608311415,165800.0,166500.0,165500.0,165500.0,974
202608311430,165400.0,165900.0,164700.0,164800.0,896
202608311445,164900.0,165400.0,164500.0,164700.0,717
202608311500,164500.0,166100.0,164400.0,166100.0,1403
202608311515,165700.0,166800.0,164800.0,166800.0,2780
202609010900,164400.0,165800.0,163900.0,165500.0,630
202609010915,164100.0,168100.0,164000.0,168000.0,700
202609010930,167500.0,168800.0,166900.0,168800.0,606
202609010945,168800.0,169000.0,168000.0,169000.0,763
202609011000,169400.0,170000.0,168400.0,168400.0,717
202609011015,168100.0,168700.0,168000.0,168100.0,466
202609011030,168000.0,168000.0,167300.0,167600.0,438
202609011045,167500.0,167500.0,166300.0,166900.0,678
202609011100,166800.0,167600.0,166300.0,167600.0,674
202609011115,167400.0,168500.0,167400.0,168100.0,547
202609011130,167300.0,167600.0,167000.0,167300.0,247
202609011145,167000.0,167800.0,167000.0,167600.0,546
202609011200,167500.0,167800.0,167400.0,167600.0,311
202609011215,167300.0,167500.0,167200.0,167300.0,260
202609011230,167300.0,168400.0,167300.0,168300.0,542
202609011245,168300.0,168800.0,168300.0,168600.0,402
202609011300,168600.0,169400.0,168600.0,168700.0,583
202609011315,168800.0,169500.0,168700.0,169500.0,617
202609011330,169600.0,169700.0,169500.0,169600.0,563
202609011345,169500.0,170400.0,169500.0,169800.0,753
202609011400,169800.0,169900.0,168900.0,169100.0,425
202609011415,169100.0,170000.0,168900.0,169800.0,561
202609011430,169800.0,171000.0,169800.0,170700.0,1388
202609011445,170700.0,173000.0,170600.0,172900.0,1601
202609011500,172700.0,172900.0,171500.0,172100.0,958
202609011515,172100.0,172900.0,171900.0,172500.0,630
202609020900,168800.0,171000.0,165600.0,167000.0,1083
202609020915,166200.0,167500.0,164600.0,165100.0,1313
202609020930,165200.0,166500.0,164800.0,165400.0,1025
202609020945,165000.0,165300.0,163700.0,164000.0,1265
202609021000,163900.0,165000.0,163300.0,164300.0,991
202609021015,164200.0,179200.0,163600.0,164000.0,2705
202609021030,163900.0,164200.0,163000.0,163000.0,938
202609021045,163000.0,164000.0,162300.0,162800.0,1079
202609021100,162800.0,162800.0,162300.0,162400.0,429
202609021115,162400.0,163500.0,161800.0,162300.0,956
202609021130,161900.0,162200.0,161500.0,161600.0,499
202609021145,161500.0,161900.0,161500.0,161800.0,503
202609021200,161600.0,161600.0,160500.0,161200.0,1232
202609021215,161200.0,161200.0,160700.0,160800.0,408
202609021230,160800.0,160900.0,160400.0,160700.0,692
202609021245,160700.0,160700.0,160200.0,160200.0,602
202609021300,160300.0,161700.0,159500.0,160300.0,1130
202609021315,160300.0,161600.0,160100.0,160900.0,587
202609021330,160800.0,162800.0,160800.0,161400.0,1468
202609021345,161400.0,161400.0,160800.0,161000.0,527
202609021400,161100.0,161100.0,160600.0,160700.0,634
202609021415,160700.0,161600.0,160600.0,161500.0,1030
202609021430,161500.0,161600.0,160900.0,161100.0,547
202609021445,161100.0,161100.0,160500.0,160800.0,620
202609021500,160800.0,160800.0,159500.0,159600.0,951
202609021515,159700.0,159800.0,159000.0,159800.0,839
202609030900,160700.0,161900.0,158000.0,158500.0,804
202609030915,158400.0,159600.0,158200.0,159500.0,573
202609030930,159500.0,161600.0,159500.0,160200.0,501
202609030945,160000.0,161700.0,160000.0,161200.0,892
202609031000,161200.0,162600.0,160500.0,162300.0,1105
202609031015,162300.0,162400.0,161400.0,161600.0,492
202609031030,161600.0,162500.0,161400.0,161800.0,449
202609031045,161800.0,161800.0,160300.0,160800.0,693
202609031100,160800.0,161200.0,160200.0,160700.0,570
202609031115,161000.0,161300.0,160600.0,160800.0,533
202609031130,160800.0,161100.0,160600.0,160600.0,446
202609031145,160600.0,161100.0,160500.0,161100.0,539
202609031200,161200.0,161500.0,160700.0,161400.0,661
202609031215,161200.0,162300.0,161200.0,162200.0,543
202609031230,162200.0,162500.0,161900.0,161900.0,583
202609031245,161900.0,162200.0,160400.0,161000.0,1397
202609031300,160600.0,161700.0,160600.0,161400.0,558
202609031315,161300.0,161500.0,160500.0,160500.0,1259
202609031330,160500.0,160700.0,159900.0,159900.0,866
202609031345,159900.0,160100.0,159600.0,159800.0,909
202609031400,159900.0,161700.0,158600.0,158600.0,993
202609031415,158500.0,158500.0,156500.0,157500.0,1838
202609031430,157500.0,158600.0,156900.0,157700.0,1092
202609031445,157700.0,159600.0,157200.0,159300.0,1285
202609031500,159000.0,159300.0,158200.0,158900.0,892
202609031515,159000.0,159400.0,157500.0,159000.0,619
202609040900,161000.0,163900.0,160100.0,161000.0,1490
202609040915,161200.0,161700.0,160400.0,160600.0,755
202609040930,160700.0,161300.0,160000.0,160300.0,1195
202609040945,160100.0,160600.0,159200.0,159300.0,1529
202609041000,159200.0,159300.0,158300.0,158500.0,1215
202609041015,158300.0,158700.0,158100.0,158100.0,1085
202609041030,158000.0,158700.0,157300.0,158500.0,641
202609041045,158500.0,159200.0,158400.0,158400.0,890
202609041100,158600.0,159100.0,157900.0,158300.0,1015
202609041115,158300.0,160000.0,158100.0,160000.0,1079
202609041130,159500.0,160300.0,159300.0,160100.0,930
202609041145,159500.0,160900.0,159500.0,160900.0,1107
202609041200,160000.0,160900.0,159300.0,159300.0,1237
202609041215,159400.0,160200.0,158800.0,159100.0,1160
202609041230,159100.0,159200.0,158300.0,158600.0,1069
202609041245,158500.0,158900.0,158100.0,158900.0,1146
202609041300,158900.0,159900.0,158300.0,159400.0,809
202609041315,159400.0,159800.0,159000.0,159800.0,574
202609041330,159700.0,159900.0,159300.0,159400.0,715
202609041345,159400.0,159500.0,158900.0,158900.0,944
202609041400,159000.0,159200.0,158500.0,158700.0,756
202609041415,158700.0,159100.0,158500.0,158700.0,1219
202609041430,158700.0,158900.0,158400.0,158900.0,1444
202609041445,158700.0,159500.0,158400.0,158900.0,1320
202609041500,158900.0,159200.0,158500.0,158900.0,951
202609041515,158900.0,159600.0,158900.0,159000.0,1017
202609070900,161400.0,163400.0,160200.0,162200.0,753
202609070915,162200.0,163500.0,162000.0,162500.0,392
202609070930,163100.0,164700.0,162300.0,163000.0,1892
202609070945,162700.0,165200.0,162700.0,164200.0,720
202609071000,164200.0,164600.0,163800.0,164100.0,431
202609071015,164100.0,164500.0,163600.0,164200.0,415
202609071030,163900.0,165300.0,163900.0,165300.0,928
202609071045,165100.0,165300.0,164500.0,165100.0,403
202609071100,165000.0,165700.0,164700.0,165500.0,773
202609071115,165700.0,165700.0,164600.0,164800.0,360
202609071130,165000.0,165300.0,164500.0,165000.0,347
202609071145,165100.0,165300.0,164500.0,164500.0,508
202609071200,164500.0,165000.0,164400.0,164400.0,349
202609071215,164700.0,165300.0,164200.0,164200.0,297
202609071230,164100.0,165400.0,164000.0,165100.0,564
202609071245,165100.0,167000.0,163900.0,166800.0,1433
202609071300,166100.0,168300.0,166100.0,168200.0,619
202609071315,168000.0,168300.0,167200.0,168200.0,472
202609071330,168300.0,168400.0,167300.0,168100.0,322
202609071345,167900.0,168100.0,166300.0,167100.0,409
202609071400,167100.0,168300.0,166800.0,167700.0,625
202609071415,167700.0,168800.0,167500.0,168700.0,1126
202609071430,168600.0,169700.0,168200.0,169700.0,771
202609071445,169600.0,169700.0,168900.0,169500.0,660
202609071500,169500.0,169800.0,169100.0,169600.0,516
202609071515,169600.0,169700.0,167100.0,169200.0,319
202609080900,171000.0,177000.0,170400.0,176300.0,6238
202609080915,176500.0,176500.0,174900.0,175300.0,1009
202609080930,174900.0,175800.0,174600.0,174700.0,883
202609080945,174600.0,174700.0,172600.0,172600.0,1393
202609081000,172600.0,173500.0,171700.0,172700.0,1657
202609081015,172600.0,172700.0,171500.0,171900.0,1865
202609081030,171900.0,173300.0,171800.0,172900.0,1467
202609081045,172200.0,173300.0,172200.0,173100.0,1044
202609081100,173000.0,174400.0,172700.0,174400.0,930
202609081115,174300.0,174800.0,173600.0,174600.0,1171
202609081130,174100.0,174500.0,173200.0,173300.0,815
202609081145,173300.0,173500.0,172700.0,173200.0,927
202609081200,173200.0,174000.0,172900.0,173800.0,1112
202609081215,173400.0,174000.0,172900.0,173000.0,993
202609081230,173000.0,173900.0,171600.0,171600.0,926
202609081245,171600.0,171700.0,171200.0,171700.0,1302
202609081300,171600.0,171600.0,171100.0,171200.0,924
202609081315,171100.0,172200.0,171000.0,171900.0,994
202609081330,171800.0,171900.0,171100.0,171300.0,1067
202609081345,171400.0,171500.0,170600.0,170600.0,1365
202609081400,170600.0,170700.0,168700.0,169100.0,2696
202609081415,169400.0,170600.0,169200.0,169800.0,1306
202609081430,169900.0,171000.0,169400.0,169800.0,1449
202609081445,169700.0,169700.0,167900.0,167900.0,1228
202609081500,167900.0,168000.0,166500.0,166500.0,1818
202609081515,167300.0,168100.0,166200.0,166400.0,977
202609090900,167500.0,170000.0,166100.0,168700.0,682
202609090915,169300.0,170000.0,167100.0,167500.0,557
202609090930,167200.0,167900.0,166900.0,167800.0,347
202609090945,167900.0,168300.0,167600.0,167700.0,372
202609091000,167700.0,168900.0,167600.0,168900.0,298
202609091015,168500.0,169400.0,167800.0,168300.0,437
202609091030,168500.0,169000.0,168300.0,168600.0,650
202609091045,168700.0,169900.0,168700.0,169200.0,488
202609091100,169300.0,170300.0,169200.0,169900.0,409
202609091115,170100.0,170100.0,168800.0,169100.0,1437
202609091130,169200.0,169600.0,169100.0,169400.0,460
202609091145,169500.0,169700.0,169200.0,169500.0,525
202609091200,169400.0,169500.0,169100.0,169300.0,747
202609091215,169300.0,169500.0,169000.0,169500.0,698
202609091230,169600.0,171000.0,169600.0,170600.0,716
202609091245,170800.0,170800.0,169300.0,169500.0,932
202609091300,169500.0,170000.0,169400.0,169400.0,1095
202609091315,169400.0,169400.0,169000.0,169300.0,784
202609091330,169000.0,169900.0,169000.0,169800.0,631
202609091345,169700.0,169800.0,169300.0,169500.0,476
202609091400,169500.0,169600.0,169200.0,169500.0,420
202609091415,169400.0,169400.0,168100.0,168100.0,1969
202609091430,168100.0,168400.0,168000.0,168300.0,1085
202609091445,168300.0,168800.0,168200.0,168600.0,964
202609091500,168800.0,169200.0,168500.0,168500.0,1413
202609091515,168600.0,168900.0,168500.0,168800.0,1167
202609100900,166800.0,169400.0,166200.0,166200.0,914
202609100915,166300.0,167000.0,165100.0,165100.0,1352
202609100930,165200.0,165300.0,162600.0,162900.0,959
202609100945,162700.0,163200.0,161300.0,161400.0,835
202609101000,161400.0,161700.0,159000.0,159400.0,1657
202609101015,159500.0,159800.0,159000.0,159800.0,816
202609101030,159800.0,160100.0,159400.0,159900.0,705
202609101045,160000.0,160000.0,159400.0,159500.0,1111
202609101100,159500.0,160900.0,159500.0,160700.0,524
202609101115,160800.0,161400.0,160700.0,161300.0,354
202609101130,161300.0,161700.0,160700.0,160800.0,721
202609101145,160800.0,160900.0,159400.0,159500.0,1181
202609101200,159500.0,160100.0,159300.0,159700.0,1179
202609101215,159700.0,159800.0,159500.0,159600.0,685
202609101230,159600.0,159900.0,159500.0,159900.0,588
202609101245,159900.0,160300.0,159600.0,159900.0,966
202609101300,159900.0,160400.0,159700.0,160100.0,1051
202609101315,160200.0,160200.0,159700.0,160200.0,807
202609101330,160200.0,160700.0,160000.0,160500.0,1221
202609101345,160500.0,160600.0,160100.0,160100.0,1552
202609101400,160200.0,161200.0,159800.0,161200.0,3508
202609101415,161200.0,161500.0,160100.0,161000.0,1706
202609101430,160900.0,161500.0,160700.0,161000.0,2166
202609101445,161000.0,161200.0,160200.0,160500.0,1055
202609101500,160500.0,160800.0,160400.0,160800.0,1379
202609101515,160800.0,161400.0,160400.0,160400.0,2988
202609110900,155900.0,156000.0,153800.0,155700.0,1907
202609110915,155600.0,156700.0,155000.0,156300.0,1012
202609110930,156300.0,157500.0,155800.0,156800.0,892
202609110945,156600.0,159000.0,156600.0,158600.0,1427
202609111000,158600.0,159500.0,158300.0,159200.0,785
202609111015,159200.0,159300.0,158100.0,158500.0,582
202609111030,158400.0,159700.0,158200.0,158600.0,628
202609111045,158700.0,158800.0,158000.0,158300.0,596
202609111100,158400.0,161500.0,158100.0,161200.0,1069
202609111115,161300.0,161600.0,160500.0,160700.0,751
202609111130,160500.0,160700.0,159500.0,160600.0,749
202609111145,160500.0,161000.0,160200.0,160300.0,673
202609111200,160400.0,160400.0,159300.0,160100.0,758
202609111215,160000.0,160300.0,159800.0,159900.0,643
202609111230,160000.0,160200.0,159200.0,159900.0,867
202609111245,160000.0,160500.0,159600.0,159900.0,910
202609111300,160000.0,160000.0,159300.0,159400.0,869
202609111315,159500.0,161000.0,159400.0,160800.0,969
202609111330,160800.0,161100.0,160400.0,160800.0,959
202609111345,160900.0,161100.0,159700.0,159700.0,1396
202609111400,159800.0,160000.0,159000.0,159900.0,1096
202609111415,159900.0,160000.0,158800.0,159300.0,1350
202609111430,159200.0,159900.0,159000.0,159400.0,1191
202609111445,159400.0,161300.0,159300.0,160200.0,1421
202609111500,160100.0,160100.0,159400.0,159600.0,1522
202609111515,159700.0,160300.0,159600.0,160300.0,1188
202609140900,153100.0,156900.0,152800.0,155000.0,2254
202609140915,155000.0,156900.0,154900.0,156900.0,533
202609140930,156900.0,159900.0,156500.0,159900.0,816
202609140945,159900.0,159900.0,158600.0,158600.0,752
202609141000,158700.0,159300.0,158300.0,158400.0,644
202609141015,158400.0,158800.0,158000.0,158800.0,650
202609141030,158700.0,158800.0,158400.0,158800.0,302
202609141045,158800.0,159300.0,158300.0,158400.0,805
202609141100,158700.0,159300.0,158400.0,159300.0,351
202609141115,159300.0,159400.0,158600.0,159100.0,606
202609141130,159100.0,159800.0,159100.0,159100.0,259
202609141145,159100.0,160000.0,159100.0,160000.0,620
202609141200,160000.0,160300.0,159900.0,160100.0,310
202609141215,160200.0,161300.0,160100.0,161200.0,597
202609141230,161200.0,161200.0,160400.0,160500.0,613
202609141245,160400.0,160500.0,160100.0,160200.0,385
202609141300,160200.0,160200.0,159600.0,159700.0,547
202609141315,159700.0,159700.0,159000.0,159400.0,798
202609141330,159500.0,159500.0,159200.0,159300.0,310
202609141345,159300.0,159300.0,158000.0,159000.0,699
202609141400,159000.0,159100.0,158700.0,158800.0,498
202609141415,158800.0,158900.0,158000.0,158900.0,1082
202609141430,158900.0,158900.0,157400.0,157400.0,856
202609141445,157600.0,158400.0,157000.0,158400.0,1030
202609141500,158400.0,159000.0,157500.0,157800.0,517
202609141515,157500.0,158800.0,157200.0,157300.0,514
202609150900,157600.0,157600.0,155000.0,156000.0,402
202609150915,156100.0,157400.0,155900.0,156800.0,387
202609150930,156600.0,156700.0,155500.0,156500.0,620
202609150945,156300.0,156400.0,155600.0,155700.0,799
202609151000,155600.0,156500.0,155600.0,156400.0,680
202609151015,156300.0,156900.0,156200.0,156300.0,533
202609151030,156200.0,156300.0,155100.0,155500.0,1507
202609151045,155500.0,155800.0,155400.0,155400.0,806
202609151100,155400.0,155900.0,155400.0,155600.0,770
202609151115,155700.0,155800.0,155400.0,155700.0,718
202609151130,155700.0,156000.0,155600.0,155700.0,619
202609151145,155600.0,156000.0,155500.0,155600.0,767
202609151200,155600.0,155800.0,155400.0,155700.0,750
202609151215,155700.0,155900.0,155500.0,155700.0,686
202609151230,155600.0,155800.0,155500.0,155500.0,562
202609151245,155500.0,156000.0,155500.0,155700.0,787
202609151300,155600.0,155700.0,153700.0,153700.0,3705
202609151315,153700.0,153900.0,153500.0,153900.0,2537
202609151330,153900.0,154200.0,153300.0,153700.0,2285
202609151345,153600.0,154200.0,153000.0,153400.0,2758
202609151400,153400.0,153500.0,153000.0,153000.0,2273
202609151415,153000.0,153300.0,152500.0,152900.0,4353
202609151430,152900.0,153700.0,152800.0,153200.0,2771
202609151445,153100.0,153900.0,152700.0,152800.0,2648
202609151500,152800.0,153700.0,152700.0,153700.0,378
202609151515,153700.0,154200.0,153600.0,153700.0,758
202609160900,152900.0,153900.0,152600.0,153500.0,453
202609160915,153700.0,155900.0,153500.0,155900.0,1322
202609160930,155400.0,156100.0,154600.0,155400.0,763
202609160945,155600.0,156000.0,155200.0,155600.0,874
202609161000,155500.0,156000.0,155400.0,156000.0,586
202609161015,156100.0,156600.0,155600.0,156600.0,850
202609161030,156500.0,156500.0,156100.0,156300.0,542
202609161045,156300.0,156400.0,156200.0,156300.0,375
202609161100,156300.0,157900.0,156300.0,157400.0,1461
202609161115,157300.0,157800.0,156700.0,157100.0,314
202609161130,157000.0,157300.0,157000.0,157100.0,148
202609161145,157200.0,157500.0,157000.0,157200.0,296
202609161200,157200.0,157900.0,157200.0,157200.0,465
202609161215,157200.0,158000.0,157200.0,157900.0,212
202609161230,157800.0,157900.0,157300.0,157500.0,312
202609161245,157600.0,160900.0,157400.0,159700.0,1271
202609161300,159600.0,160600.0,158500.0,159500.0,671
202609161315,159500.0,159800.0,158800.0,158800.0,477
202609161330,159000.0,159000.0,158300.0,158600.0,455
202609161345,158700.0,159200.0,158600.0,158800.0,560
202609161400,158800.0,159100.0,158400.0,158900.0,354
202609161415,159000.0,159500.0,158600.0,159100.0,661
202609161430,159000.0,159200.0,158900.0,159000.0,398
202609161445,159000.0,159700.0,158800.0,159300.0,808
202609161500,159300.0,160000.0,159200.0,160000.0,976
202609161515,160000.0,160200.0,159800.0,160200.0,1372
202609170900,159700.0,162700.0,158700.0,161400.0,900
202609170915,161400.0,162300.0,160900.0,161200.0,646
202609170930,161000.0,161800.0,160500.0,161200.0,385
202609170945,161200.0,161400.0,159900.0,160500.0,714
202609171000,160400.0,160500.0,159400.0,160000.0,626
202609171015,160100.0,160900.0,160000.0,160800.0,605
202609171030,160900.0,161800.0,160900.0,161700.0,608
202609171045,161800.0,161800.0,160300.0,160500.0,801
202609171100,160300.0,160400.0,159200.0,159500.0,1171
202609171115,159200.0,159400.0,158600.0,158800.0,1036
202609171130,158700.0,159200.0,158300.0,158900.0,1011
202609171145,158900.0,159200.0,158600.0,158900.0,877
202609171200,159000.0,159100.0,158500.0,158500.0,974
202609171215,158400.0,158600.0,158200.0,158300.0,836
202609171230,158300.0,159000.0,158200.0,158800.0,1142
202609171245,158300.0,159200.0,158300.0,158600.0,835
202609171300,158600.0,159300.0,158600.0,158700.0,858
202609171315,158700.0,158700.0,158000.0,158100.0,1334
202609171330,158100.0,158600.0,158000.0,158200.0,1180
202609171345,158200.0,158700.0,158100.0,158600.0,1062
202609171400,158700.0,159000.0,158200.0,158300.0,779
202609171415,158300.0,158400.0,158000.0,158100.0,973
202609171430,158100.0,158200.0,158000.0,158000.0,1165
202609171445,158000.0,158200.0,157900.0,157900.0,1703
202609171500,157900.0,158300.0,157500.0,158000.0,876
202609171515,158100.0,159000.0,158000.0,158000.0,2093
202609180900,160000.0,160500.0,158700.0,158800.0,438
202609180915,158800.0,160000.0,156900.0,159700.0,760
202609180930,159700.0,159800.0,159200.0,159700.0,351
202609180945,159400.0,161000.0,159400.0,160300.0,519
202609181000,160300.0,161100.0,160200.0,160400.0,272
202609181015,160300.0,161000.0,160100.0,161000.0,338
202609181030,160800.0,161200.0,160300.0,161200.0,264
202609181045,160900.0,160900.0,160200.0,160400.0,161
202609181100,160200.0,160500.0,160000.0,160100.0,208
202609181115,160100.0,160800.0,159400.0,159600.0,1012
202609181130,159400.0,160000.0,159400.0,159700.0,576
202609181145,159700.0,160200.0,159600.0,159600.0,584
202609181200,159600.0,159800.0,159500.0,159700.0,557
202609181215,159700.0,159900.0,159500.0,159600.0,561
202609181230,159800.0,160000.0,159500.0,159600.0,550
202609181245,159600.0,160500.0,159500.0,160300.0,630
202609181300,159900.0,160400.0,159800.0,160100.0,576
202609181315,160000.0,160100.0,159800.0,160100.0,653
202609181330,159800.0,160400.0,159800.0,160000.0,563
202609181345,160000.0,160200.0,159900.0,159900.0,633
202609181400,159900.0,160400.0,159800.0,160000.0,628
202609181415,160300.0,160500.0,160000.0,160300.0,718
202609181430,160200.0,161100.0,160200.0,160500.0,1107
202609181445,160500.0,160500.0,159900.0,160100.0,614
202609181500,160100.0,160900.0,160100.0,160800.0,372
202609181515,160700.0,161000.0,159900.0,159900.0,4293
202609210900,160700.0,163800.0,160700.0,162600.0,751
202609210915,162600.0,163200.0,162000.0,162300.0,986
202609210930,162200.0,163700.0,162200.0,163600.0,1171
202609210945,163300.0,163700.0,163000.0,163700.0,686
202609211000,163600.0,165300.0,163600.0,165100.0,1250
202609211015,165100.0,165500.0,165100.0,165300.0,493
202609211030,165300.0,165400.0,164900.0,165000.0,1205
202609211045,164900.0,165200.0,164500.0,164700.0,761
202609211100,164900.0,165300.0,164600.0,165200.0,762
202609211115,165300.0,165400.0,165000.0,165100.0,622
202609211130,165000.0,165400.0,164500.0,164600.0,975
202609211145,164700.0,164900.0,164300.0,164500.0,749
202609211200,164500.0,164700.0,164300.0,164700.0,542
202609211215,164600.0,164700.0,163100.0,163100.0,855
202609211230,163200.0,163700.0,163000.0,163200.0,477
202609211245,163200.0,163300.0,162800.0,162800.0,550
202609211300,162800.0,163300.0,162600.0,163000.0,521
202609211315,162900.0,163000.0,162500.0,162500.0,497
202609211330,162400.0,162800.0,162100.0,162500.0,680
202609211345,162500.0,163100.0,162400.0,163000.0,444
202609211400,163000.0,163000.0,162600.0,162900.0,527
202609211415,162800.0,163000.0,162400.0,162400.0,665
202609211430,162400.0,162900.0,162400.0,162500.0,568
202609211445,162500.0,162700.0,162200.0,162600.0,436
202609211500,162600.0,163300.0,162300.0,162900.0,606
202609211515,163000.0,163600.0,162900.0,163000.0,491
202609220900,164500.0,166300.0,164400.0,166000.0,377
202609220915,165800.0,167900.0,164800.0,164900.0,1336
202609220930,165200.0,166500.0,164900.0,165000.0,635
202609220945,165000.0,165600.0,164800.0,165500.0,663
202609221000,165400.0,165700.0,165000.0,165600.0,662
202609221015,165600.0,165700.0,165100.0,165100.0,443
202609221030,165100.0,165400.0,165000.0,165200.0,525
202609221045,165200.0,165900.0,165000.0,165300.0,997
202609221100,165300.0,165400.0,165000.0,165400.0,562
202609221115,165400.0,165400.0,165000.0,165200.0,387
202609221130,165300.0,165300.0,165000.0,165100.0,508
202609221145,165000.0,165300.0,165000.0,165100.0,533
202609221200,165100.0,165400.0,164800.0,165300.0,1123
202609221215,165400.0,165900.0,165300.0,165800.0,419
202609221230,165900.0,167800.0,165800.0,167800.0,921
202609221245,167800.0,167800.0,166200.0,167100.0,932
202609221300,167000.0,167500.0,166800.0,166800.0,760
202609221315,166800.0,167000.0,165100.0,165700.0,781
202609221330,165800.0,165800.0,164200.0,164300.0,668
202609221345,164300.0,164900.0,164200.0,164900.0,1270
202609221400,164700.0,165400.0,164600.0,165300.0,577
202609221415,165400.0,165400.0,164700.0,164800.0,572
202609221430,164800.0,165600.0,164800.0,165600.0,714
202609221445,165600.0,165900.0,165500.0,165800.0,580
202609221500,165800.0,166000.0,165000.0,165800.0,693
202609221515,165800.0,166200.0,164700.0,165600.0,500
202609230900,166600.0,166800.0,165000.0,166600.0,240
202609230915,166600.0,167000.0,165300.0,165300.0,382
202609230930,165400.0,165400.0,165000.0,165000.0,262
202609230945,165000.0,166400.0,164500.0,164500.0,329
202609231000,164600.0,165500.0,164500.0,165500.0,207
202609231015,165500.0,165500.0,164500.0,164500.0,225
202609231030,164500.0,164600.0,163800.0,164000.0,489
202609231045,164100.0,164200.0,163100.0,164000.0,350
202609231100,163600.0,163900.0,162000.0,163800.0,307
202609231115,163900.0,164000.0,163300.0,164000.0,226
202609231130,163900.0,164200.0,163800.0,163800.0,189
202609231145,163800.0,164300.0,163800.0,164200.0,208
202609231200,164100.0,164200.0,164000.0,164100.0,244
202609231215,164100.0,164400.0,164000.0,164200.0,207
202609231230,164100.0,164500.0,163900.0,163900.0,296
202609231245,164000.0,164100.0,163300.0,163400.0,338
202609231300,163400.0,163500.0,162200.0,162600.0,469
202609231315,162500.0,163000.0,162400.0,162400.0,737
202609231330,162400.0,162800.0,161200.0,161800.0,2440
202609231345,161800.0,163000.0,161500.0,162400.0,4233
202609231400,162400.0,164500.0,162200.0,162700.0,839
202609231415,162800.0,162800.0,162100.0,162700.0,633
202609231430,162600.0,163100.0,162300.0,163000.0,871
202609231445,162900.0,164200.0,162400.0,162800.0,884
202609231500,162800.0,164300.0,162400.0,163300.0,808
202609231515,163250.0,164200.0,163200.0,164200.0,706
202609280900,161900.0,163700.0,161900.0,163000.0,231
202609280915,163000.0,163800.0,162500.0,163400.0,394
202609280930,163300.0,164500.0,163200.0,164000.0,632
202609280945,164000.0,164500.0,162600.0,162600.0,821
202609281000,162700.0,163200.0,162500.0,162700.0,283
202609281015,162800.0,163000.0,162100.0,162800.0,704
202609281030,162700.0,162700.0,160600.0,160600.0,747
202609281045,160700.0,160900.0,160300.0,160600.0,555
202609281100,160700.0,160800.0,160200.0,160300.0,509
202609281115,160300.0,160300.0,159200.0,159400.0,763
202609281130,159400.0,160900.0,159400.0,160100.0,371
202609281145,160200.0,160200.0,159500.0,159900.0,434
202609281200,159900.0,160100.0,159500.0,159800.0,347
202609281215,159800.0,160200.0,159600.0,160100.0,300
202609281230,160100.0,160100.0,159300.0,159500.0,550
202609281245,159500.0,160000.0,159500.0,159500.0,265
202609281300,159500.0,159500.0,157800.0,159000.0,1699
202609281315,159000.0,159800.0,158900.0,159300.0,890
202609281330,159400.0,159500.0,158800.0,159000.0,1041
202609281345,159000.0,159100.0,158400.0,158800.0,1371
202609281400,158900.0,160200.0,158600.0,158600.0,1119
202609281415,158600.0,159000.0,158500.0,158500.0,1166
202609281430,158500.0,158600.0,157700.0,157900.0,1604
202609281445,158100.0,160600.0,157900.0,158200.0,1154
202609281500,158200.0,159000.0,158100.0,158200.0,700
202609281515,158300.0,158300.0,158000.0,158000.0,929
202609290900,156400.0,157900.0,156200.0,157000.0,413
202609290915,156900.0,157000.0,155700.0,156900.0,438
202609290930,157300.0,157800.0,156400.0,156700.0,184
202609290945,156700.0,157200.0,156200.0,156800.0,246
202609291000,156800.0,158000.0,155800.0,156300.0,301
202609291015,156200.0,157900.0,155500.0,157900.0,449
202609291030,157100.0,157900.0,156700.0,157800.0,191
202609291045,157800.0,157800.0,157000.0,157500.0,121
202609291100,157400.0,157500.0,156900.0,157400.0,249
202609291115,157500.0,157600.0,157300.0,157400.0,124
202609291130,157400.0,157800.0,157100.0,157200.0,164
202609291145,157300.0,157800.0,157100.0,157800.0,203
202609291200,157600.0,157900.0,157300.0,157300.0,230
202609291215,157500.0,157900.0,157300.0,157700.0,83
202609291230,157600.0,157800.0,157300.0,157400.0,109
202609291245,157500.0,157900.0,156900.0,157300.0,183
202609291300,157300.0,157300.0,156300.0,156500.0,372
202609291315,156500.0,157000.0,156500.0,156600.0,233
202609291330,156600.0,157000.0,156500.0,157000.0,178
202609291345,156700.0,157000.0,156500.0,156700.0,243
202609291400,156800.0,157000.0,156600.0,156900.0,95
202609291415,157000.0,157000.0,156600.0,156700.0,308
202609291430,156700.0,156900.0,156300.0,156500.0,404
202609291445,156500.0,156900.0,156500.0,156900.0,553
202609291500,156600.0,158800.0,156600.0,157800.0,672
202609291515,158600.0,158800.0,157800.0,158800.0,374
202609300900,158600.0,159100.0,157100.0,157500.0,523
202609300915,157700.0,157800.0,157200.0,157600.0,279
202609300930,157500.0,157700.0,156700.0,157400.0,458
202609300945,157400.0,158900.0,157000.0,158300.0,447
202609301000,158800.0,158900.0,158000.0,158300.0,236
202609301015,158200.0,159000.0,158200.0,158600.0,449
202609301030,158700.0,159000.0,158400.0,158700.0,326
202609301045,158700.0,158900.0,158600.0,158700.0,134
202609301100,158700.0,158900.0,158400.0,158500.0,227
202609301115,158400.0,158600.0,158200.0,158300.0,143
202609301130,158400.0,158400.0,157500.0,157700.0,243
202609301145,157700.0,158800.0,157600.0,158000.0,207
202609301200,158000.0,158200.0,157600.0,157700.0,157
202609301215,157600.0,157700.0,157500.0,157500.0,114
202609301230,157600.0,157800.0,157500.0,157800.0,148
202609301245,157800.0,158200.0,157800.0,157900.0,198
202609301300,157900.0,158100.0,157600.0,157600.0,297
202609301315,157700.0,157700.0,157500.0,157600.0,139
202609301330,157600.0,157800.0,157500.0,157600.0,308
202609301345,157600.0,157600.0,157100.0,157450.0,760
202609301400,157500.0,157500.0,156000.0,156500.0,1198
202609301415,156400.0,157600.0,156400.0,156700.0,1455
202609301430,156700.0,157400.0,156600.0,156700.0,394
202609301445,156700.0,157600.0,156700.0,157600.0,1699
202609301500,157400.0,157600.0,156800.0,156800.0,614
202609301515,156900.0,157200.0,156400.0,156400.0,740
202610010900,157900.0,157900.0,155200.0,155400.0,259
202610010915,155200.0,155300.0,153100.0,153200.0,782
202610010930,153700.0,154800.0,153300.0,154300.0,132
202610010945,154300.0,154700.0,153300.0,154400.0,385
202610011000,154400.0,155900.0,154200.0,154500.0,175
202610011015,154400.0,154400.0,153300.0,153500.0,331
202610011030,153500.0,154700.0,153200.0,153800.0,343
202610011045,153600.0,154100.0,153600.0,154100.0,161
202610011100,154100.0,155000.0,154100.0,154400.0,142
202610011115,154200.0,154700.0,154100.0,154700.0,83
202610011130,154700.0,154800.0,154600.0,154700.0,80
202610011145,154800.0,154900.0,154600.0,154700.0,143
202610011200,154700.0,154800.0,154400.0,154400.0,102
202610011215,154500.0,154800.0,154400.0,154700.0,79
202610011230,154700.0,154700.0,154500.0,154500.0,114
202610011245,154500.0,154700.0,154500.0,154700.0,48
202610011300,154700.0,155400.0,154700.0,155400.0,187
202610011315,155400.0,155400.0,155000.0,155100.0,64
202610011330,155000.0,155400.0,155000.0,155000.0,405
202610011345,155000.0,155200.0,155000.0,155000.0,374
202610011400,155000.0,155400.0,155000.0,155300.0,461
202610011415,155300.0,155400.0,155300.0,155400.0,110
202610011430,155400.0,155400.0,155300.0,155400.0,89
202610011445,155400.0,156000.0,155400.0,155700.0,349
202610011500,155700.0,155700.0,155400.0,155500.0,262
202610011515,155400.0,155600.0,155400.0,155600.0,363
202610020900,154500.0,155600.0,154000.0,155000.0,518
202610020915,155000.0,155500.0,154500.0,154600.0,199
202610020930,154600.0,155800.0,154600.0,155300.0,194
202610020945,155300.0,156500.0,155200.0,156000.0,253
202610021000,156200.0,156200.0,155200.0,155700.0,182
202610021015,155600.0,156700.0,153000.0,154800.0,1580
202610021030,155400.0,155400.0,154600.0,154700.0,363
202610021045,154900.0,157200.0,154500.0,156100.0,1382
202610021100,156100.0,157600.0,156100.0,157000.0,394
202610021115,157100.0,157500.0,156700.0,157100.0,265
202610021130,157300.0,157800.0,156900.0,157800.0,178
202610021145,157400.0,158000.0,157400.0,157750.0,335
202610021200,158000.0,158200.0,157500.0,158100.0,224
202610021215,158100.0,158200.0,157600.0,158000.0,136
202610021230,157900.0,158000.0,157100.0,157200.0,303
202610021245,157300.0,157400.0,156900.0,156900.0,269
202610021300,157000.0,157200.0,156500.0,156600.0,251
202610021315,156600.0,156900.0,156500.0,156900.0,220
202610021330,156900.0,157500.0,156900.0,157400.0,121
202610021345,157400.0,157400.0,157100.0,157300.0,209
202610021400,157400.0,157500.0,157100.0,157200.0,136
202610021415,157300.0,158000.0,157200.0,157900.0,208
202610021430,157900.0,158000.0,157300.0,158000.0,224
202610021445,158000.0,158100.0,157600.0,157800.0,258
202610021500,157800.0,158300.0,157700.0,158300.0,360
202610021515,157700.0,158500.0,157700.0,158300.0,544
