202601020945,28550.0,28550.0,28200.0,28300.0,33413
202601021000,28300.0,29300.0,28250.0,29150.0,118503
202601021015,29200.0,29450.0,28700.0,28900.0,71888
202601021030,28850.0,29450.0,28850.0,29350.0,49525
202601021045,29300.0,29650.0,29250.0,29300.0,55092
202601021100,29300.0,29350.0,29100.0,29200.0,29820
202601021115,29200.0,29300.0,29150.0,29250.0,19148
202601021130,29200.0,29300.0,29200.0,29250.0,16368
202601021145,29250.0,29300.0,29100.0,29150.0,13658
202601021200,29150.0,29250.0,29000.0,29100.0,19744
202601021215,29100.0,29400.0,29100.0,29300.0,19117
202601021230,29300.0,29750.0,29250.0,29500.0,124747
202601021245,29500.0,29550.0,29400.0,29400.0,22124
202601021300,29400.0,29650.0,29400.0,29500.0,23613
202601021315,29550.0,29650.0,29500.0,29550.0,18135
202601021330,29600.0,30250.0,29500.0,30200.0,126645
202601021345,30150.0,30300.0,29900.0,30050.0,82616
202601021400,30100.0,30200.0,29800.0,30050.0,40567
202601021415,30050.0,30100.0,29900.0,30100.0,25255
202601021430,30100.0,30150.0,29950.0,30050.0,30658
202601021445,30050.0,30200.0,29950.0,30100.0,62593
202601021500,30100.0,30400.0,30050.0,30300.0,73171
202601021515,30350.0,30400.0,30300.0,30400.0,50015
202601050900,31000.0,31850.0,30800.0,30900.0,217684
202601050915,30900.0,31450.0,30900.0,31350.0,56555
202601050930,31300.0,31350.0,30550.0,30600.0,96289
202601050945,30700.0,31250.0,30650.0,31200.0,54834
202601051000,31150.0,31750.0,31050.0,31700.0,51839
202601051015,31700.0,32800.0,31700.0,32550.0,246931
202601051030,32550.0,32550.0,31850.0,32050.0,57025
202601051045,32050.0,32100.0,31600.0,31750.0,41351
202601051100,31750.0,31900.0,31600.0,31750.0,38143
202601051115,31750.0,31950.0,31500.0,31550.0,41252
202601051130,31600.0,32300.0,31550.0,32250.0,37368
202601051145,32250.0,32300.0,31900.0,32075.0,36876
202601051200,32075.0,32100.0,31800.0,31900.0,17325
202601051215,31900.0,32000.0,31700.0,31900.0,13012
202601051230,31950.0,32050.0,31700.0,31750.0,13465
202601051245,31800.0,31900.0,31600.0,31800.0,15907
202601051300,31750.0,31950.0,31600.0,31650.0,18035
202601051315,31700.0,31750.0,31500.0,31700.0,24527
202601051330,31700.0,31900.0,31600.0,31700.0,16630
202601051345,31750.0,31800.0,31600.0,31750.0,14095
202601051400,31800.0,32250.0,31700.0,32050.0,34852
202601051415,32050.0,32250.0,32000.0,32150.0,33586
202601051430,32150.0,32300.0,31900.0,32200.0,23862
202601051445,32200.0,32200.0,32000.0,32100.0,17703
202601051500,32050.0,32250.0,32050.0,32250.0,23625
202601051515,32200.0,32350.0,32150.0,32300.0,27053
202601060900,31450.0,31850.0,31050.0,31050.0,93386
202601060915,31050.0,31800.0,30800.0,31700.0,80705
202601060930,31700.0,31750.0,31250.0,31300.0,29723
202601060945,31350.0,31350.0,31050.0,31100.0,25803
202601061000,31100.0,31500.0,31100.0,31450.0,13678
202601061015,31450.0,31700.0,31350.0,31600.0,19106
202601061030,31600.0,31800.0,31450.0,31650.0,21822
202601061045,31600.0,31700.0,31450.0,31600.0,8446
202601061100,31650.0,31750.0,31300.0,31300.0,16890
202601061115,31300.0,31450.0,31200.0,31250.0,9843
202601061130,31300.0,31400.0,31150.0,31250.0,9423
202601061145,31275.0,31400.0,31200.0,31300.0,4622
202601061200,31350.0,31450.0,31300.0,31350.0,8722
202601061215,31350.0,31450.0,31300.0,31400.0,3503
202601061230,31400.0,31400.0,31300.0,31300.0,4913
202601061245,31350.0,31500.0,31300.0,31500.0,16355
202601061300,31500.0,31550.0,31400.0,31500.0,4648
202601061315,31450.0,31500.0,31300.0,31350.0,11225
202601061330,31450.0,31650.0,31300.0,31600.0,13065
202601061345,31500.0,31700.0,31350.0,31600.0,18489
202601061400,31550.0,31650.0,31350.0,31550.0,12891
202601061415,31500.0,31800.0,31450.0,31800.0,16889
202601061430,31800.0,32000.0,31800.0,32000.0,22524
202601061445,31950.0,32150.0,31800.0,32050.0,27209
202601061500,32000.0,32100.0,31900.0,32000.0,24524
202601061515,32000.0,32100.0,32000.0,32050.0,13491
202601070900,31000.0,31000.0,29300.0,29400.0,318235
202601070915,29400.0,29600.0,29050.0,29250.0,173645
202601070930,29250.0,29650.0,29150.0,29600.0,59556
202601070945,29600.0,30050.0,29550.0,29850.0,69126
202601071000,29900.0,30000.0,29150.0,29350.0,78939
202601071015,29300.0,29400.0,28950.0,29000.0,75134
202601071030,29000.0,29150.0,28700.0,28900.0,84159
202601071045,28900.0,28900.0,28550.0,28800.0,80803
202601071100,28800.0,29100.0,28750.0,29050.0,28958
202601071115,29050.0,29250.0,28950.0,29100.0,27369
202601071130,29100.0,29150.0,29000.0,29000.0,17552
202601071145,29050.0,29150.0,28950.0,29000.0,15530
202601071200,29150.0,29150.0,29000.0,29050.0,14457
202601071215,29050.0,29050.0,28850.0,28900.0,23840
202601071230,28900.0,29000.0,28800.0,28900.0,34020
202601071245,28900.0,29000.0,28650.0,28650.0,40424
202601071300,28650.0,28700.0,28550.0,28600.0,36787
202601071315,28600.0,28600.0,28250.0,28600.0,75240
202601071330,28600.0,28900.0,28500.0,28850.0,29064
202601071345,28800.0,28900.0,28650.0,28700.0,18920
202601071400,28700.0,28900.0,28550.0,28900.0,18078
202601071415,28900.0,29000.0,28750.0,29000.0,23708
202601071430,28950.0,29050.0,28750.0,28800.0,26964
202601071445,28750.0,28850.0,28650.0,28800.0,26901
202601071500,28750.0,29000.0,28750.0,28850.0,25752
202601071515,28800.0,28850.0,28700.0,28700.0,25268
202601080900,28100.0,28350.0,28000.0,28100.0,43295
202601080915,28100.0,28150.0,27600.0,27900.0,137425
202601080930,27900.0,28450.0,27850.0,28400.0,36397
202601080945,28400.0,28700.0,28300.0,28600.0,35627
202601081000,28600.0,28900.0,28200.0,28250.0,82965
202601081015,28250.0,28550.0,28200.0,28350.0,14545
202601081030,28300.0,28450.0,28100.0,28400.0,20447
202601081045,28350.0,28400.0,28200.0,28250.0,20187
202601081100,28250.0,28350.0,28050.0,28050.0,21885
202601081115,28100.0,28150.0,27850.0,27950.0,25481
202601081130,27950.0,28000.0,27600.0,27750.0,41013
202601081145,27700.0,28000.0,27550.0,27850.0,31899
202601081200,27850.0,28000.0,27800.0,27950.0,10266
202601081215,28000.0,28050.0,27850.0,27850.0,9121
202601081230,27900.0,27950.0,27700.0,27750.0,42346
202601081245,27700.0,27800.0,27600.0,27750.0,9126
202601081300,27750.0,27750.0,27600.0,27650.0,9345
202601081315,27700.0,27750.0,27600.0,27650.0,8476
202601081330,27700.0,27700.0,27500.0,27550.0,20931
202601081345,27500.0,27750.0,27500.0,27700.0,15657
202601081400,27650.0,27750.0,27600.0,27700.0,10409
202601081415,27700.0,27850.0,27650.0,27800.0,8175
202601081430,27800.0,27800.0,27450.0,27550.0,43830
202601081445,27500.0,27650.0,27300.0,27450.0,74159
202601081500,27450.0,27650.0,27400.0,27650.0,38433
202601081515,27650.0,27650.0,27350.0,27350.0,33694
202601090900,27150.0,27200.0,26850.0,26950.0,30633
202601090915,26950.0,27050.0,26500.0,27050.0,50633
202601090930,26950.0,27600.0,26900.0,27450.0,21615
202601090945,27500.0,27600.0,27350.0,27500.0,21050
202601091000,27500.0,27500.0,27050.0,27250.0,13933
202601091015,27250.0,27450.0,27150.0,27450.0,5589
202601091030,27450.0,27500.0,27300.0,27500.0,8228
202601091045,27450.0,27700.0,27400.0,27600.0,24100
202601091100,27650.0,27750.0,27600.0,27650.0,7322
202601091115,27650.0,27750.0,27550.0,27750.0,13114
202601091130,27750.0,27800.0,27650.0,27750.0,10557
202601091145,27750.0,27750.0,27600.0,27700.0,7053
202601091200,27700.0,27800.0,27650.0,27800.0,9506
202601091215,27800.0,27900.0,27750.0,27800.0,10832
202601091230,27800.0,27850.0,27700.0,27750.0,7302
202601091245,27750.0,27750.0,27550.0,27550.0,8252
202601091300,27575.0,27575.0,27350.0,27500.0,10886
202601091315,27500.0,27550.0,27200.0,27350.0,9349
202601091330,27350.0,27500.0,27250.0,27350.0,10222
202601091345,27350.0,27350.0,27100.0,27300.0,7913
202601091400,27300.0,27550.0,27100.0,27100.0,6304
202601091415,27100.0,27300.0,27100.0,27300.0,6329
202601091430,27300.0,27300.0,27050.0,27100.0,9220
202601091445,27150.0,27700.0,26950.0,27150.0,22225
202601091500,27150.0,27400.0,27050.0,27200.0,5867
202601091515,27200.0,27250.0,27150.0,27200.0,8614
202601120900,27450.0,27550.0,26900.0,27250.0,35676
202601120915,27250.0,27600.0,27200.0,27400.0,22637
202601120930,27450.0,27650.0,27250.0,27500.0,12568
202601120945,27500.0,27800.0,27500.0,27500.0,16590
202601121000,27500.0,27750.0,27450.0,27650.0,10815
202601121015,27650.0,27650.0,27550.0,27550.0,11480
202601121030,27525.0,27600.0,27400.0,27450.0,13741
202601121045,27500.0,27700.0,27400.0,27650.0,8311
202601121100,27650.0,27700.0,27500.0,27600.0,8012
202601121115,27550.0,27600.0,27350.0,27500.0,6958
202601121130,27450.0,27550.0,27350.0,27400.0,4750
202601121145,27400.0,27500.0,27400.0,27500.0,3377
202601121200,27475.0,27500.0,27350.0,27450.0,4981
202601121215,27450.0,27550.0,27400.0,27500.0,3229
202601121230,27500.0,27550.0,27450.0,27550.0,4470
202601121245,27550.0,27550.0,27300.0,27300.0,11680
202601121300,27350.0,27450.0,27300.0,27300.0,5566
202601121315,27300.0,27300.0,27200.0,27250.0,9500
202601121330,27300.0,27400.0,27250.0,27350.0,3284
202601121345,27350.0,27400.0,27150.0,27350.0,18926
202601121400,27350.0,27500.0,27350.0,27500.0,8830
202601121415,27450.0,27500.0,27200.0,27300.0,15752
202601121430,27300.0,27400.0,27050.0,27050.0,9944
202601121445,27100.0,27300.0,27000.0,27250.0,10585
202601121500,27250.0,27450.0,27200.0,27350.0,11442
202601121515,27350.0,27450.0,27300.0,27300.0,40603
202601130900,27800.0,27850.0,27300.0,27350.0,22896
202601130915,27450.0,27750.0,27350.0,27600.0,16626
202601130930,27550.0,27600.0,27400.0,27400.0,10407
202601130945,27450.0,27550.0,27300.0,27350.0,11984
202601131000,27350.0,27350.0,27250.0,27350.0,13958
202601131015,27350.0,27500.0,27300.0,27450.0,15026
202601131030,27450.0,27450.0,27250.0,27300.0,8159
202601131045,27250.0,27300.0,27150.0,27200.0,14107
202601131100,27250.0,27250.0,27050.0,27100.0,15873
202601131115,27150.0,27250.0,27100.0,27200.0,8482
202601131130,27150.0,27300.0,27150.0,27250.0,6295
202601131145,27250.0,27250.0,27050.0,27200.0,7748
202601131200,27200.0,27200.0,27050.0,27200.0,5351
202601131215,27200.0,27250.0,27100.0,27150.0,4005
202601131230,27200.0,27200.0,27100.0,27150.0,3673
202601131245,27150.0,27150.0,27050.0,27050.0,5678
202601131300,27050.0,27100.0,27050.0,27050.0,9862
202601131315,27100.0,27150.0,27050.0,27075.0,5687
202601131330,27075.0,27250.0,27050.0,27200.0,7689
202601131345,27200.0,27250.0,27150.0,27250.0,3345
202601131400,27200.0,27450.0,27200.0,27400.0,9573
202601131415,27400.0,27500.0,27350.0,27400.0,7387
202601131430,27400.0,27500.0,27400.0,27500.0,8980
202601131445,27500.0,27500.0,27350.0,27400.0,7811
202601131500,27450.0,27550.0,27400.0,27450.0,10307
202601131515,27450.0,27550.0,27450.0,27550.0,10912
202601140900,27400.0,27750.0,27200.0,27450.0,30565
202601140915,27300.0,28150.0,27250.0,28100.0,40321
202601140930,28100.0,28150.0,27850.0,27950.0,28577
202601140945,27950.0,28050.0,27900.0,27950.0,16742
202601141000,27900.0,28050.0,27750.0,27800.0,18263
202601141015,27800.0,28150.0,27750.0,28050.0,18338
202601141030,28000.0,28050.0,27750.0,27750.0,11761
202601141045,27750.0,27800.0,27650.0,27650.0,10843
202601141100,27600.0,27650.0,27600.0,27600.0,5465
202601141115,27600.0,27800.0,27600.0,27800.0,5055
202601141130,27750.0,27800.0,27550.0,27700.0,7750
202601141145,27700.0,27750.0,27500.0,27700.0,11858
202601141200,27750.0,27750.0,27600.0,27600.0,3841
202601141215,27650.0,27750.0,27600.0,27700.0,2851
202601141230,27700.0,27750.0,27650.0,27700.0,3012
202601141245,27700.0,27750.0,27650.0,27650.0,2749
202601141300,27700.0,27750.0,27600.0,27700.0,5510
202601141315,27650.0,27700.0,27600.0,27600.0,3208
202601141330,27600.0,27650.0,27450.0,27550.0,13709
202601141345,27500.0,27550.0,27500.0,27500.0,2765
202601141400,27500.0,27550.0,27350.0,27400.0,9679
202601141415,27350.0,27450.0,27350.0,27400.0,5368
202601141430,27400.0,27500.0,27400.0,27500.0,3696
202601141445,27450.0,27550.0,27400.0,27475.0,7826
202601141500,27500.0,27600.0,27400.0,27600.0,10263
202601141515,27550.0,27600.0,27500.0,27600.0,14868
202601150900,27200.0,27300.0,27050.0,27150.0,20175
202601150915,27200.0,27400.0,27050.0,27300.0,14023
202601150930,27400.0,27500.0,27250.0,27400.0,8877
202601150945,27450.0,27650.0,27400.0,27600.0,11413
202601151000,27600.0,27600.0,27300.0,27500.0,13626
202601151015,27500.0,27500.0,27200.0,27250.0,13764
202601151030,27250.0,27250.0,27150.0,27200.0,8240
202601151045,27250.0,27300.0,27100.0,27250.0,9320
202601151100,27250.0,27300.0,27150.0,27250.0,3431
202601151115,27200.0,27250.0,27100.0,27150.0,4271
202601151130,27150.0,27225.0,27150.0,27150.0,5467
202601151145,27200.0,27200.0,27150.0,27150.0,3573
202601151200,27150.0,27200.0,27100.0,27200.0,4833
202601151215,27200.0,27350.0,27100.0,27300.0,7461
202601151230,27250.0,27300.0,27200.0,27200.0,4294
202601151245,27200.0,27225.0,27100.0,27200.0,4452
202601151300,27200.0,27200.0,27150.0,27150.0,3213
202601151315,27150.0,27200.0,27100.0,27150.0,2652
202601151330,27150.0,27200.0,27100.0,27150.0,5086
202601151345,27200.0,27200.0,27150.0,27200.0,4853
202601151400,27150.0,27250.0,27150.0,27150.0,4768
202601151415,27150.0,27250.0,27150.0,27200.0,5737
202601151430,27250.0,27350.0,27200.0,27250.0,9321
202601151445,27250.0,27350.0,27200.0,27300.0,10551
202601151500,27300.0,27450.0,27200.0,27400.0,14366
202601151515,27400.0,27500.0,27350.0,27500.0,9404
202601160900,28300.0,28350.0,27600.0,27650.0,56835
202601160915,27650.0,27950.0,27550.0,27600.0,42932
202601160930,27650.0,27650.0,27400.0,27450.0,24637
202601160945,27450.0,27750.0,27350.0,27750.0,17595
202601161000,27750.0,27900.0,27700.0,27850.0,16117
202601161015,27850.0,27850.0,27550.0,27550.0,11357
202601161030,27700.0,27850.0,27600.0,27700.0,6712
202601161045,27650.0,27700.0,27550.0,27600.0,7915
202601161100,27600.0,27650.0,27550.0,27550.0,7442
202601161115,27600.0,27750.0,27550.0,27700.0,4382
202601161130,27700.0,27750.0,27600.0,27650.0,5197
202601161145,27600.0,27700.0,27550.0,27650.0,3812
202601161200,27700.0,27700.0,27500.0,27650.0,6721
202601161215,27650.0,27700.0,27550.0,27600.0,4377
202601161230,27600.0,27700.0,27500.0,27550.0,10421
202601161245,27550.0,27600.0,27450.0,27600.0,11229
202601161300,27600.0,27600.0,27200.0,27400.0,33951
202601161315,27400.0,27700.0,27300.0,27450.0,11807
202601161330,27450.0,27500.0,27300.0,27350.0,8417
202601161345,27350.0,27500.0,27350.0,27450.0,5103
202601161400,27500.0,27600.0,27400.0,27500.0,4343
202601161415,27550.0,27600.0,27500.0,27600.0,8172
202601161430,27550.0,27600.0,27500.0,27500.0,7653
202601161445,27500.0,27600.0,27450.0,27550.0,6110
202601161500,27600.0,27650.0,27500.0,27650.0,12480
202601161515,27550.0,27600.0,27450.0,27600.0,6829
202601190900,27200.0,27400.0,26850.0,27350.0,35721
202601190915,27350.0,27450.0,27050.0,27300.0,11366
202601190930,27250.0,27650.0,27100.0,27450.0,18872
202601190945,27450.0,27650.0,27350.0,27550.0,7638
202601191000,27500.0,27500.0,27300.0,27400.0,11329
202601191015,27450.0,27550.0,27300.0,27550.0,13056
202601191030,27550.0,27550.0,27350.0,27400.0,13101
202601191045,27400.0,27450.0,27250.0,27400.0,12548
202601191100,27400.0,27450.0,27300.0,27375.0,5603
202601191115,27400.0,27500.0,27300.0,27450.0,5046
202601191130,27450.0,27500.0,27350.0,27500.0,6981
202601191145,27500.0,27500.0,27400.0,27400.0,4150
202601191200,27400.0,27500.0,27400.0,27400.0,5062
202601191215,27400.0,27450.0,27300.0,27300.0,8368
202601191230,27300.0,27500.0,27300.0,27500.0,2778
202601191245,27500.0,27500.0,27400.0,27400.0,5553
202601191300,27450.0,27450.0,27350.0,27350.0,11319
202601191315,27400.0,27500.0,27350.0,27450.0,5656
202601191330,27475.0,27500.0,27400.0,27500.0,3294
202601191345,27500.0,27500.0,27400.0,27450.0,7816
202601191400,27450.0,27500.0,27400.0,27500.0,4339
202601191415,27400.0,27500.0,27400.0,27500.0,4134
202601191430,27500.0,27600.0,27450.0,27450.0,6927
202601191445,27450.0,27600.0,27400.0,27550.0,8127
202601191500,27600.0,27600.0,27500.0,27550.0,9963
202601191515,27550.0,27550.0,27500.0,27500.0,11556
202601200900,27200.0,27250.0,26650.0,26700.0,60268
202601200915,26700.0,26700.0,26300.0,26500.0,48999
202601200930,26550.0,26950.0,26550.0,26900.0,5929
202601200945,26950.0,27050.0,26800.0,26800.0,14828
202601201000,26800.0,27000.0,26700.0,26750.0,8226
202601201015,26800.0,27000.0,26750.0,26950.0,13069
202601201030,26950.0,27050.0,26850.0,27050.0,5719
202601201045,27050.0,27100.0,26850.0,27100.0,4280
202601201100,27050.0,27200.0,27050.0,27100.0,6267
202601201115,27100.0,27125.0,26950.0,27050.0,6028
202601201130,27100.0,27250.0,27000.0,27200.0,8386
202601201145,27200.0,27250.0,27150.0,27150.0,2485
202601201200,27150.0,27300.0,27150.0,27175.0,5613
202601201215,27200.0,27300.0,27150.0,27300.0,3730
202601201230,27300.0,27300.0,27100.0,27150.0,5324
202601201245,27200.0,27300.0,27150.0,27150.0,3553
202601201300,27250.0,27350.0,27200.0,27200.0,5148
202601201315,27150.0,27250.0,27050.0,27100.0,7272
202601201330,27100.0,27150.0,27050.0,27100.0,4255
202601201345,27100.0,27150.0,27000.0,27100.0,7829
202601201400,27100.0,27150.0,27050.0,27100.0,6453
202601201415,27100.0,27200.0,27000.0,27100.0,8909
202601201430,27100.0,27250.0,27100.0,27100.0,7715
202601201445,27100.0,27200.0,27050.0,27150.0,7373
202601201500,27150.0,27250.0,27000.0,27050.0,15733
202601201515,27050.0,27050.0,26950.0,26950.0,13532
202601210900,26200.0,26800.0,26050.0,26800.0,14234
202601210915,26800.0,26850.0,26500.0,26600.0,8029
202601210930,26600.0,26750.0,26200.0,26200.0,14151
202601210945,26300.0,26350.0,26050.0,26200.0,14824
202601211000,26200.0,26450.0,26100.0,26400.0,8401
202601211015,26400.0,26400.0,26050.0,26150.0,13590
202601211030,26150.0,26250.0,26100.0,26250.0,7573
202601211045,26200.0,26300.0,26100.0,26200.0,6807
202601211100,26200.0,26200.0,25850.0,26000.0,20586
202601211115,26000.0,26050.0,25550.0,25800.0,27071
202601211130,25800.0,25950.0,25700.0,25800.0,5266
202601211145,25750.0,26000.0,25750.0,25900.0,5352
202601211200,25900.0,26000.0,25850.0,26000.0,5741
202601211215,26000.0,26200.0,26000.0,26200.0,8700
202601211230,26250.0,26250.0,26050.0,26100.0,1770
202601211245,26050.0,26200.0,25950.0,26100.0,4947
202601211300,26100.0,26100.0,25950.0,26000.0,2484
202601211315,26000.0,26050.0,25850.0,26050.0,13274
202601211330,26050.0,26100.0,25950.0,26100.0,5646
202601211345,26050.0,26100.0,26000.0,26000.0,4326
202601211400,26000.0,26050.0,25850.0,26050.0,8046
202601211415,26050.0,26050.0,25900.0,26000.0,7705
202601211430,26000.0,26100.0,25950.0,25950.0,8200
202601211445,25950.0,26050.0,25900.0,25900.0,22649
202601211500,25950.0,26050.0,25850.0,25950.0,23595
202601211515,25950.0,26050.0,25900.0,26050.0,8023
202601220900,26500.0,26900.0,26000.0,26000.0,37929
202601220915,26050.0,26300.0,25900.0,26000.0,31158
202601220930,25900.0,26050.0,25650.0,25950.0,32178
202601220945,25900.0,26100.0,25800.0,26100.0,11002
202601221000,26075.0,26100.0,25900.0,25950.0,8255
202601221015,26000.0,26200.0,25950.0,26100.0,7738
202601221030,26100.0,26200.0,26050.0,26100.0,9659
202601221045,26050.0,26050.0,25950.0,26000.0,4206
202601221100,26000.0,26050.0,25900.0,25950.0,9218
202601221115,26000.0,26050.0,25850.0,26000.0,13953
202601221130,26000.0,26000.0,25850.0,25950.0,5019
202601221145,25950.0,26100.0,25900.0,26050.0,4582
202601221200,26050.0,26150.0,26000.0,26100.0,5766
202601221215,26100.0,26150.0,26050.0,26100.0,2981
202601221230,26100.0,26150.0,25950.0,26100.0,5492
202601221245,26100.0,26100.0,26000.0,26000.0,5767
202601221300,26050.0,26100.0,25950.0,25950.0,8072
202601221315,25950.0,26000.0,25900.0,26000.0,8369
202601221330,25950.0,26100.0,25950.0,26000.0,5541
202601221345,26000.0,26050.0,25950.0,26000.0,3980
202601221400,26000.0,26100.0,25850.0,25900.0,11834
202601221415,25900.0,25950.0,25850.0,25900.0,11763
202601221430,25900.0,25950.0,25850.0,25850.0,7393
202601221445,25850.0,25900.0,25800.0,25800.0,7995
202601221500,25800.0,25850.0,25700.0,25750.0,19138
202601221515,25800.0,25850.0,25700.0,25750.0,7797
202601230900,25700.0,25700.0,25400.0,25550.0,33494
202601230915,25550.0,25900.0,25550.0,25800.0,9686
202601230930,25800.0,26000.0,25650.0,25700.0,16405
202601230945,25700.0,26000.0,25650.0,25700.0,13253
202601231000,25700.0,25700.0,25600.0,25650.0,10160
202601231015,25600.0,25650.0,25500.0,25550.0,19426
202601231030,25550.0,25600.0,25450.0,25500.0,9975
202601231045,25500.0,25550.0,25450.0,25450.0,11355
202601231100,25500.0,25600.0,25450.0,25550.0,9128
202601231115,25550.0,25750.0,25500.0,25750.0,12365
202601231130,25750.0,26000.0,25700.0,25950.0,10290
202601231145,25900.0,25950.0,25800.0,25800.0,12394
202601231200,25850.0,25900.0,25600.0,25800.0,9513
202601231215,25800.0,25800.0,25650.0,25750.0,4936
202601231230,25750.0,25800.0,25650.0,25750.0,5594
202601231245,25750.0,25900.0,25700.0,25850.0,6183
202601231300,25850.0,26050.0,25850.0,25950.0,10241
202601231315,25900.0,26050.0,25900.0,25950.0,5800
202601231330,25950.0,26000.0,25900.0,25950.0,12634
202601231345,25900.0,25950.0,25700.0,25700.0,12512
202601231400,25700.0,25950.0,25700.0,25850.0,4521
202601231415,25850.0,26000.0,25850.0,25950.0,5591
202601231430,25950.0,26150.0,25950.0,26100.0,8044
202601231445,26050.0,26100.0,26000.0,26000.0,8000
202601231500,26050.0,26100.0,25950.0,25950.0,12837
202601231515,26000.0,26000.0,25950.0,26000.0,8782
202601260900,26150.0,26450.0,26000.0,26400.0,27776
202601260915,26450.0,26500.0,26050.0,26300.0,22063
202601260930,26300.0,26350.0,26150.0,26200.0,13180
202601260945,26200.0,26300.0,26200.0,26250.0,6037
202601261000,26250.0,26750.0,26200.0,26700.0,27036
202601261015,26650.0,26800.0,26500.0,26700.0,28292
202601261030,26700.0,27300.0,26650.0,27100.0,49991
202601261045,27100.0,27150.0,26900.0,27000.0,15080
202601261100,26950.0,27100.0,26850.0,27000.0,17949
202601261115,27000.0,27200.0,26900.0,27100.0,14329
202601261130,27100.0,27100.0,27000.0,27050.0,5541
202601261145,27050.0,27100.0,26950.0,27000.0,6686
202601261200,27000.0,27200.0,27000.0,27100.0,10608
202601261215,27150.0,27300.0,27100.0,27250.0,16182
202601261230,27300.0,27400.0,27200.0,27300.0,13346
202601261245,27250.0,27550.0,27250.0,27450.0,28336
202601261300,27450.0,27550.0,27400.0,27500.0,17568
202601261315,27450.0,27500.0,27400.0,27400.0,11158
202601261330,27400.0,27450.0,27300.0,27300.0,8783
202601261345,27350.0,27350.0,27150.0,27250.0,9507
202601261400,27250.0,27300.0,27100.0,27150.0,6222
202601261415,27150.0,27400.0,27100.0,27350.0,9036
202601261430,27350.0,27450.0,27300.0,27400.0,8352
202601261445,27375.0,27500.0,27350.0,27500.0,14586
202601261500,27450.0,27500.0,27350.0,27400.0,12700
202601261515,27400.0,27500.0,27350.0,27350.0,16136
202601270900,27250.0,27650.0,27200.0,27450.0,31934
202601270915,27450.0,27600.0,27400.0,27500.0,18780
202601270930,27550.0,27700.0,27500.0,27700.0,18401
202601270945,27700.0,27700.0,27500.0,27550.0,15989
202601271000,27550.0,27675.0,27350.0,27375.0,13105
202601271015,27375.0,27500.0,27350.0,27500.0,3729
202601271030,27500.0,27550.0,27400.0,27450.0,5289
202601271045,27475.0,27500.0,27350.0,27350.0,6728
202601271100,27350.0,27700.0,27350.0,27600.0,9530
202601271115,27650.0,27650.0,27500.0,27500.0,6598
202601271130,27500.0,27750.0,27500.0,27700.0,14043
202601271145,27700.0,27900.0,27650.0,27700.0,15146
202601271200,27650.0,27800.0,27650.0,27800.0,3929
202601271215,27775.0,27800.0,27650.0,27650.0,5313
202601271230,27650.0,27800.0,27600.0,27750.0,5705
202601271245,27750.0,27750.0,27650.0,27700.0,16221
202601271300,27750.0,27750.0,27600.0,27650.0,7539
202601271315,27600.0,27850.0,27550.0,27750.0,26742
202601271330,27750.0,28000.0,27700.0,27950.0,26308
202601271345,28000.0,28200.0,27950.0,28150.0,26379
202601271400,28150.0,28200.0,28000.0,28100.0,12512
202601271415,28150.0,28350.0,28050.0,28150.0,22502
202601271430,28100.0,28250.0,28050.0,28200.0,10792
202601271445,28200.0,28350.0,28150.0,28350.0,22085
202601271500,28350.0,28550.0,28250.0,28500.0,50075
202601271515,28450.0,28500.0,28300.0,28350.0,20639
202601280900,28900.0,29300.0,28600.0,29050.0,52518
202601280915,29050.0,29100.0,28650.0,28750.0,51116
202601280930,28750.0,28850.0,28700.0,28750.0,19740
202601280945,28700.0,28950.0,28450.0,28900.0,30722
202601281000,28900.0,29050.0,28850.0,28900.0,17124
202601281015,28900.0,29050.0,28850.0,29000.0,15594
202601281030,29000.0,29250.0,28950.0,29100.0,36215
202601281045,29100.0,29300.0,29050.0,29250.0,27402
202601281100,29250.0,29450.0,29150.0,29250.0,33793
202601281115,29250.0,29650.0,29200.0,29400.0,59721
202601281130,29400.0,29450.0,29150.0,29150.0,31003
202601281145,29150.0,29500.0,29100.0,29450.0,20954
202601281200,29400.0,29550.0,29300.0,29350.0,17083
202601281215,29400.0,29450.0,29300.0,29350.0,8883
202601281230,29400.0,29400.0,29250.0,29400.0,9077
202601281245,29400.0,29450.0,29250.0,29300.0,13165
202601281300,29250.0,29650.0,29250.0,29600.0,26077
202601281315,29600.0,29700.0,29350.0,29550.0,28514
202601281330,29550.0,29800.0,29400.0,29750.0,32440
202601281345,29700.0,29850.0,29600.0,29850.0,39759
202601281400,29850.0,30450.0,29700.0,30400.0,143907
202601281415,30350.0,30450.0,30000.0,30050.0,75946
202601281430,30050.0,30200.0,29850.0,30050.0,34707
202601281445,30100.0,30350.0,30000.0,30300.0,29073
202601281500,30300.0,30300.0,30150.0,30300.0,32313
202601281515,30300.0,30300.0,30150.0,30300.0,20759
202601290900,30850.0,30900.0,29100.0,29200.0,152283
202601290915,29200.0,29300.0,28250.0,28300.0,142443
202601290930,28350.0,29000.0,27850.0,28850.0,120951
202601290945,28850.0,28900.0,28300.0,28800.0,40937
202601291000,28750.0,28800.0,28200.0,28200.0,32334
202601291015,28200.0,28450.0,28000.0,28450.0,37334
202601291030,28450.0,28950.0,28400.0,28800.0,32495
202601291045,28750.0,29250.0,28700.0,29200.0,25421
202601291100,29200.0,29500.0,29025.0,29150.0,38565
202601291115,29150.0,29250.0,28950.0,29150.0,29856
202601291130,29150.0,29150.0,28750.0,28800.0,18251
202601291145,28800.0,29200.0,28800.0,29100.0,9897
202601291200,29100.0,29200.0,29000.0,29200.0,16891
202601291215,29200.0,29350.0,29100.0,29350.0,22558
202601291230,29350.0,29350.0,29050.0,29100.0,13381
202601291245,29100.0,29100.0,28900.0,28950.0,15968
202601291300,28950.0,29000.0,28800.0,28850.0,16908
202601291315,28850.0,29000.0,28800.0,28950.0,8604
202601291330,28950.0,29000.0,28850.0,28950.0,14932
202601291345,28900.0,29000.0,28800.0,28850.0,16051
202601291400,28850.0,29000.0,28800.0,28850.0,14116
202601291415,28850.0,28950.0,28800.0,28850.0,9159
202601291430,28850.0,29000.0,28800.0,28950.0,15484
202601291445,28950.0,29050.0,28900.0,29000.0,11234
202601291500,29000.0,29100.0,28950.0,29050.0,14388
202601291515,29050.0,29050.0,29000.0,29050.0,13305
202601300900,28500.0,28900.0,28200.0,28650.0,34660
202601300915,28650.0,28650.0,28400.0,28500.0,33186
202601300930,28550.0,29900.0,28500.0,29500.0,102950
202601300945,29450.0,29650.0,29300.0,29650.0,53835
202601301000,29650.0,30000.0,29500.0,29900.0,85193
202601301015,29900.0,30300.0,29700.0,30075.0,59821
202601301030,30100.0,30250.0,29450.0,29500.0,74078
202601301045,29450.0,29750.0,29350.0,29650.0,35204
202601301100,29600.0,29750.0,29350.0,29450.0,25670
202601301115,29450.0,29600.0,28900.0,28950.0,46392
202601301130,28950.0,29600.0,28800.0,29500.0,31518
202601301145,29500.0,29800.0,29450.0,29750.0,21721
202601301200,29750.0,29900.0,29650.0,29800.0,13586
202601301215,29800.0,29850.0,29500.0,29625.0,20165
202601301230,29600.0,29650.0,29400.0,29550.0,14993
202601301245,29550.0,29600.0,29300.0,29350.0,9113
202601301300,29350.0,29700.0,29350.0,29650.0,11937
202601301315,29600.0,29750.0,29450.0,29600.0,12423
202601301330,29550.0,29850.0,29500.0,29800.0,15417
202601301345,29850.0,29850.0,29600.0,29700.0,9148
202601301400,29700.0,29800.0,29650.0,29750.0,10945
202601301415,29750.0,29800.0,29600.0,29650.0,11302
202601301430,29700.0,29900.0,29650.0,29900.0,24841
202601301445,29875.0,29900.0,29550.0,29750.0,15583
202601301500,29750.0,29750.0,29150.0,29400.0,64309
202601301515,29400.0,29450.0,29200.0,29200.0,19488
202602020900,28050.0,28900.0,27850.0,28600.0,38303
202602020915,28650.0,29100.0,28500.0,28800.0,20807
202602020930,28800.0,28950.0,28600.0,28700.0,16986
202602020945,28700.0,29100.0,28600.0,28900.0,14810
202602021000,28850.0,29000.0,28350.0,28500.0,22777
202602021015,28500.0,28700.0,28300.0,28300.0,15409
202602021030,28300.0,28500.0,28100.0,28100.0,13377
202602021045,28100.0,28350.0,28050.0,28250.0,16480
202602021100,28250.0,28250.0,27900.0,28000.0,16463
202602021115,27950.0,28200.0,27700.0,28200.0,24127
202602021130,28200.0,28200.0,28000.0,28050.0,6279
202602021145,28050.0,28050.0,27600.0,27800.0,23060
202602021200,27800.0,27900.0,27750.0,27750.0,10957
202602021215,27750.0,27800.0,27550.0,27600.0,25177
202602021230,27550.0,27800.0,27300.0,27300.0,19453
202602021245,27400.0,27600.0,27300.0,27400.0,11018
202602021300,27500.0,27500.0,27100.0,27450.0,17810
202602021315,27400.0,27850.0,27400.0,27700.0,14888
202602021330,27750.0,28000.0,27750.0,28000.0,8770
202602021345,28000.0,28000.0,27700.0,27850.0,11032
202602021400,27800.0,27800.0,27500.0,27650.0,10405
202602021415,27600.0,27850.0,27400.0,27450.0,11463
202602021430,27550.0,27650.0,27400.0,27400.0,10091
202602021445,27450.0,27600.0,27250.0,27550.0,18301
202602021500,27500.0,27550.0,27200.0,27300.0,25754
202602021515,27300.0,27300.0,27200.0,27250.0,7674
202602030900,28300.0,28500.0,28050.0,28400.0,26648
202602030915,28400.0,28400.0,28150.0,28200.0,15474
202602030930,28200.0,28350.0,28100.0,28250.0,12735
202602030945,28250.0,28600.0,28150.0,28350.0,16254
202602031000,28350.0,28900.0,28300.0,28650.0,20525
202602031015,28650.0,29000.0,28550.0,28900.0,17727
202602031030,28900.0,29000.0,28700.0,28850.0,12083
202602031045,28850.0,28850.0,28550.0,28650.0,6044
202602031100,28650.0,28650.0,28350.0,28450.0,12631
202602031115,28450.0,28500.0,28350.0,28400.0,3574
202602031130,28450.0,28700.0,28400.0,28500.0,14589
202602031145,28500.0,28550.0,28400.0,28550.0,2833
202602031200,28550.0,28750.0,28450.0,28600.0,4610
202602031215,28650.0,28750.0,28600.0,28700.0,2115
202602031230,28750.0,28800.0,28650.0,28750.0,4100
202602031245,28750.0,28800.0,28650.0,28750.0,4191
202602031300,28800.0,29050.0,28700.0,28950.0,24276
202602031315,28950.0,29050.0,28950.0,29000.0,7824
202602031330,29000.0,29100.0,29000.0,29025.0,6486
202602031345,29025.0,29300.0,29000.0,29250.0,20364
202602031400,29300.0,29350.0,29100.0,29150.0,14333
202602031415,29150.0,29200.0,29050.0,29150.0,9149
202602031430,29150.0,29250.0,29100.0,29200.0,7126
202602031445,29200.0,29400.0,29100.0,29250.0,13798
202602031500,29300.0,29400.0,29200.0,29300.0,13186
202602031515,29300.0,29350.0,29250.0,29300.0,13749
202602040900,28850.0,29450.0,28500.0,29200.0,29106
202602040915,29150.0,29500.0,28750.0,29000.0,29976
202602040930,28850.0,29050.0,28750.0,28850.0,15410
202602040945,28900.0,28950.0,28750.0,28800.0,14309
202602041000,28800.0,28900.0,28400.0,28450.0,38821
202602041015,28450.0,28750.0,28450.0,28750.0,18570
202602041030,28750.0,28850.0,28600.0,28700.0,16658
202602041045,28700.0,28900.0,28600.0,28850.0,14629
202602041100,28850.0,29050.0,28800.0,28850.0,14865
202602041115,28850.0,28900.0,28650.0,28650.0,9486
202602041130,28700.0,28850.0,28700.0,28750.0,7527
202602041145,28750.0,28750.0,28600.0,28650.0,7527
202602041200,28650.0,28750.0,28500.0,28550.0,12226
202602041215,28550.0,28650.0,28500.0,28600.0,7746
202602041230,28650.0,28700.0,28550.0,28550.0,6981
202602041245,28550.0,28600.0,28500.0,28550.0,7047
202602041300,28550.0,28600.0,28450.0,28450.0,10448
202602041315,28450.0,28500.0,28400.0,28450.0,10613
202602041330,28450.0,28600.0,28450.0,28550.0,8068
202602041345,28550.0,28650.0,28500.0,28550.0,7191
202602041400,28550.0,28650.0,28500.0,28600.0,7547
202602041415,28650.0,28850.0,28600.0,28850.0,13912
202602041430,28850.0,28850.0,28700.0,28800.0,8735
202602041445,28750.0,28900.0,28750.0,28800.0,10313
202602041500,28800.0,29000.0,28750.0,28900.0,16632
202602041515,28950.0,29000.0,28900.0,28950.0,7102
202602050900,28000.0,28400.0,28000.0,28300.0,18367
202602050915,28350.0,28500.0,28200.0,28450.0,15773
202602050930,28400.0,28550.0,28050.0,28100.0,17195
202602050945,28100.0,28150.0,27900.0,27900.0,15549
202602051000,27900.0,28000.0,27800.0,27850.0,13392
202602051015,27850.0,28100.0,27800.0,28050.0,9069
202602051030,28050.0,28150.0,27950.0,28050.0,6027
202602051045,28000.0,28000.0,27800.0,27800.0,7043
202602051100,27800.0,28150.0,27600.0,27800.0,24454
202602051115,27650.0,28050.0,27550.0,27800.0,13298
202602051130,27850.0,27950.0,27750.0,27850.0,6091
202602051145,27850.0,27850.0,27550.0,27600.0,6073
202602051200,27600.0,27750.0,27550.0,27650.0,4402
202602051215,27700.0,27800.0,27600.0,27700.0,4526
202602051230,27700.0,27700.0,27600.0,27600.0,5666
202602051245,27650.0,27750.0,27550.0,27650.0,18194
202602051300,27650.0,27750.0,27550.0,27550.0,6757
202602051315,27575.0,27700.0,27500.0,27650.0,8410
202602051330,27650.0,27850.0,27600.0,27800.0,4939
202602051345,27800.0,27900.0,27700.0,27750.0,7254
202602051400,27750.0,27800.0,27600.0,27650.0,8339
202602051415,27700.0,27700.0,27550.0,27600.0,9151
202602051430,27650.0,27750.0,27550.0,27650.0,9716
202602051445,27650.0,27750.0,27550.0,27550.0,16170
202602051500,27600.0,27650.0,27500.0,27550.0,15674
202602051515,27500.0,27600.0,27500.0,27600.0,6414
202602060900,26650.0,26650.0,25900.0,25950.0,38962
202602060915,25950.0,26350.0,25600.0,26250.0,21422
202602060930,26200.0,26650.0,26100.0,26550.0,15613
202602060945,26550.0,27000.0,26500.0,26950.0,13752
202602061000,26950.0,26950.0,26650.0,26700.0,10065
202602061015,26700.0,26700.0,26350.0,26350.0,17344
202602061030,26400.0,26600.0,26350.0,26600.0,4643
202602061045,26600.0,26900.0,26600.0,26900.0,6064
202602061100,26900.0,27200.0,26850.0,27100.0,9161
202602061115,27150.0,27300.0,27000.0,27300.0,6460
202602061130,27250.0,27600.0,27150.0,27300.0,17607
202602061145,27300.0,27350.0,27000.0,27050.0,5063
202602061200,27050.0,27200.0,26950.0,27150.0,5716
202602061215,27125.0,27250.0,27000.0,27150.0,4931
202602061230,27200.0,27350.0,27000.0,27050.0,7208
202602061245,27050.0,27300.0,27050.0,27250.0,2561
202602061300,27250.0,27250.0,27000.0,27100.0,2445
202602061315,27100.0,27150.0,26750.0,26850.0,7366
202602061330,26850.0,26900.0,26700.0,26750.0,5484
202602061345,26750.0,26850.0,26700.0,26800.0,4691
202602061400,26750.0,26850.0,26550.0,26750.0,7809
202602061415,26750.0,26900.0,26600.0,26750.0,5655
202602061430,26850.0,26950.0,26800.0,26900.0,2663
202602061445,26900.0,26950.0,26800.0,26950.0,2662
202602061500,26900.0,27100.0,26900.0,27100.0,4220
202602061515,27000.0,27150.0,26950.0,27100.0,5058
202602090900,28250.0,28550.0,28200.0,28350.0,29232
202602090915,28350.0,28550.0,28300.0,28500.0,29904
202602090930,28500.0,28900.0,28500.0,28900.0,31291
202602090945,28900.0,28950.0,28600.0,28700.0,11551
202602091000,28700.0,28850.0,28550.0,28800.0,11845
202602091015,28850.0,28900.0,28650.0,28850.0,12039
202602091030,28850.0,29000.0,28750.0,28900.0,21937
202602091045,28950.0,29150.0,28800.0,29100.0,28313
202602091100,29050.0,29150.0,28900.0,28900.0,9905
202602091115,28950.0,29050.0,28900.0,28950.0,8064
202602091130,28950.0,29100.0,28900.0,28950.0,9837
202602091145,29000.0,29100.0,28950.0,28950.0,6352
202602091200,29050.0,29200.0,28900.0,29000.0,17924
202602091215,28950.0,29100.0,28900.0,28950.0,6060
202602091230,29000.0,29000.0,28850.0,28850.0,5486
202602091245,29000.0,29050.0,28800.0,28850.0,3747
202602091300,28850.0,28950.0,28800.0,28850.0,4261
202602091315,28850.0,28900.0,28750.0,28800.0,3548
202602091330,28750.0,28800.0,28600.0,28750.0,9088
202602091345,28800.0,28950.0,28700.0,28850.0,8464
202602091400,28900.0,29250.0,28850.0,29250.0,18993
202602091415,29250.0,29400.0,29150.0,29200.0,13168
202602091430,29200.0,29450.0,29100.0,29250.0,17858
202602091445,29300.0,29500.0,29250.0,29300.0,30717
202602091500,29300.0,29400.0,29250.0,29350.0,12060
202602091515,29350.0,29400.0,29300.0,29300.0,11910
202602100900,29150.0,29400.0,29000.0,29100.0,15478
202602100915,29050.0,29150.0,28600.0,28800.0,16508
202602100930,28900.0,28950.0,28500.0,28600.0,14863
202602100945,28550.0,28800.0,28450.0,28650.0,16549
202602101000,28600.0,28700.0,28450.0,28600.0,9783
202602101015,28500.0,28600.0,28400.0,28450.0,10975
202602101030,28500.0,28700.0,28350.0,28500.0,13244
202602101045,28550.0,28800.0,28500.0,28700.0,7203
202602101100,28700.0,28900.0,28600.0,28800.0,4011
202602101115,28800.0,28900.0,28600.0,28900.0,5797
202602101130,28900.0,28900.0,28650.0,28750.0,3049
202602101145,28650.0,28800.0,28550.0,28650.0,5167
202602101200,28600.0,28750.0,28550.0,28750.0,4223
202602101215,28700.0,28700.0,28550.0,28600.0,5995
202602101230,28650.0,28750.0,28550.0,28750.0,2741
202602101245,28650.0,28850.0,28650.0,28800.0,6125
202602101300,28750.0,28800.0,28675.0,28800.0,3249
202602101315,28750.0,28800.0,28600.0,28650.0,2877
202602101330,28650.0,28700.0,28600.0,28650.0,2779
202602101345,28700.0,28800.0,28700.0,28750.0,2779
202602101400,28700.0,28750.0,28600.0,28600.0,3757
202602101415,28600.0,28650.0,28500.0,28550.0,4987
202602101430,28500.0,28650.0,28500.0,28600.0,3558
202602101445,28600.0,28600.0,28500.0,28600.0,6601
202602101500,28600.0,28700.0,28450.0,28500.0,10676
202602101515,28500.0,28650.0,28450.0,28450.0,7284
202602110900,28800.0,28800.0,28200.0,28250.0,13338
202602110915,28200.0,28550.0,28100.0,28450.0,13140
202602110930,28450.0,28800.0,28400.0,28750.0,7041
202602110945,28800.0,29400.0,28700.0,29350.0,22561
202602111000,29400.0,29400.0,29000.0,29000.0,11450
202602111015,28950.0,29100.0,28800.0,28850.0,6681
202602111030,28850.0,29000.0,28800.0,28950.0,4439
202602111045,28950.0,29000.0,28900.0,28950.0,4476
202602111100,28950.0,29000.0,28650.0,28750.0,16188
202602111115,28750.0,28950.0,28700.0,28950.0,5511
202602111130,28850.0,28950.0,28750.0,28850.0,5005
202602111145,28950.0,29000.0,28800.0,28850.0,4776
202602111200,28900.0,28950.0,28850.0,28950.0,4988
202602111215,29000.0,29000.0,28900.0,29000.0,3699
202602111230,29000.0,29000.0,28900.0,28950.0,3403
202602111245,28950.0,29050.0,28900.0,29050.0,6906
202602111300,28950.0,29100.0,28950.0,29050.0,7647
202602111315,29050.0,29150.0,28950.0,29050.0,5607
202602111330,29000.0,29100.0,28850.0,28850.0,7899
202602111345,28850.0,28950.0,28700.0,28850.0,10175
202602111400,28800.0,28950.0,28700.0,28900.0,3759
202602111415,28900.0,28950.0,28750.0,28850.0,5375
202602111430,28850.0,28900.0,28700.0,28700.0,7100
202602111445,28700.0,28750.0,28600.0,28650.0,7776
202602111500,28600.0,28700.0,28550.0,28650.0,8833
202602111515,28600.0,28750.0,28550.0,28750.0,7083
202602120900,29450.0,29600.0,28750.0,29050.0,33744
202602120915,29100.0,29650.0,29000.0,29450.0,34825
202602120930,29500.0,29950.0,29400.0,29650.0,68440
202602120945,29650.0,29800.0,29400.0,29500.0,18206
202602121000,29500.0,29550.0,29050.0,29050.0,15544
202602121015,29050.0,29250.0,29050.0,29200.0,12782
202602121030,29150.0,29250.0,29050.0,29100.0,8225
202602121045,29100.0,29300.0,29000.0,29250.0,10060
202602121100,29250.0,29350.0,29100.0,29200.0,8009
202602121115,29150.0,29350.0,29150.0,29300.0,7331
202602121130,29300.0,29450.0,29250.0,29400.0,6051
202602121145,29400.0,29400.0,29250.0,29300.0,4191
202602121200,29300.0,29500.0,29250.0,29350.0,8574
202602121215,29350.0,29400.0,29200.0,29350.0,3940
202602121230,29300.0,29400.0,29250.0,29350.0,4090
202602121245,29350.0,29400.0,29200.0,29300.0,4374
202602121300,29250.0,29300.0,29100.0,29200.0,5010
202602121315,29150.0,29500.0,29100.0,29400.0,12188
202602121330,29450.0,29450.0,29200.0,29250.0,4422
202602121345,29250.0,29300.0,29100.0,29150.0,5049
202602121400,29200.0,29300.0,29150.0,29200.0,5159
202602121415,29200.0,29300.0,29150.0,29150.0,3228
202602121430,29150.0,29200.0,29000.0,29150.0,8059
202602121445,29150.0,29200.0,29000.0,29050.0,7608
202602121500,29150.0,29200.0,29050.0,29150.0,5697
202602121515,29200.0,29200.0,29100.0,29150.0,6273
202602130900,28550.0,28800.0,28400.0,28550.0,22910
202602130915,28550.0,28850.0,28350.0,28450.0,24406
202602130930,28450.0,28650.0,28400.0,28550.0,5991
202602130945,28550.0,28600.0,28350.0,28400.0,7046
202602131000,28400.0,28400.0,28200.0,28350.0,9566
202602131015,28350.0,28550.0,28250.0,28300.0,8764
202602131030,28300.0,28400.0,28250.0,28350.0,4401
202602131045,28400.0,28550.0,28300.0,28400.0,4289
202602131100,28400.0,28400.0,28250.0,28300.0,9930
202602131115,28300.0,28350.0,28250.0,28300.0,7378
202602131130,28300.0,28350.0,28250.0,28300.0,3835
202602131145,28250.0,28350.0,28250.0,28250.0,4056
202602131200,28300.0,28500.0,28300.0,28450.0,4709
202602131215,28400.0,28400.0,28250.0,28300.0,4281
202602131230,28300.0,28400.0,28200.0,28250.0,7358
202602131245,28250.0,28350.0,28200.0,28350.0,7813
202602131300,28350.0,28400.0,28200.0,28300.0,6745
202602131315,28350.0,28500.0,28350.0,28500.0,1790
202602131330,28500.0,28600.0,28450.0,28500.0,3297
202602131345,28500.0,28600.0,28400.0,28400.0,3090
202602131400,28400.0,28500.0,28400.0,28500.0,2359
202602131415,28400.0,28550.0,28350.0,28450.0,8202
202602131430,28550.0,28550.0,28250.0,28350.0,7257
202602131445,28350.0,28450.0,28250.0,28400.0,7192
202602131500,28350.0,28650.0,28300.0,28550.0,10458
202602131515,28550.0,28650.0,28450.0,28550.0,7899
202602190900,29250.0,29250.0,28750.0,29050.0,20509
202602190915,29050.0,29300.0,28900.0,29275.0,15899
202602190930,29300.0,29350.0,29100.0,29100.0,15990
202602190945,29100.0,29450.0,29000.0,29400.0,15184
202602191000,29450.0,29600.0,29300.0,29500.0,22878
202602191015,29500.0,29550.0,29300.0,29400.0,7802
202602191030,29400.0,29650.0,29400.0,29600.0,14438
202602191045,29600.0,29900.0,29550.0,29900.0,28237
202602191100,29900.0,30150.0,29800.0,30000.0,35468
202602191115,29950.0,30200.0,29900.0,30100.0,18029
202602191130,30100.0,30100.0,29800.0,29900.0,11024
202602191145,29900.0,30000.0,29800.0,29900.0,14822
202602191200,29850.0,30000.0,29850.0,29950.0,17502
202602191215,29900.0,30000.0,29850.0,30000.0,6953
202602191230,30000.0,30000.0,29900.0,29950.0,6980
202602191245,29950.0,29950.0,29850.0,29850.0,5359
202602191300,29850.0,30000.0,29750.0,29900.0,11614
202602191315,29950.0,30000.0,29850.0,29950.0,8775
202602191330,29950.0,29950.0,29550.0,29900.0,11391
202602191345,29850.0,30150.0,29850.0,29900.0,33765
202602191400,29900.0,29950.0,29850.0,29900.0,8288
202602191415,29900.0,29900.0,29800.0,29850.0,11917
202602191430,29800.0,29950.0,29800.0,29950.0,5954
202602191445,29925.0,30000.0,29900.0,29950.0,11440
202602191500,29950.0,29950.0,29850.0,29900.0,15742
202602191515,29850.0,29900.0,29800.0,29850.0,10948
202602200900,29650.0,29650.0,29350.0,29450.0,19905
202602200915,29400.0,29550.0,29150.0,29500.0,33003
202602200930,29450.0,29500.0,29200.0,29400.0,13638
202602200945,29400.0,29450.0,29300.0,29450.0,7589
202602201000,29450.0,29850.0,29400.0,29850.0,11818
202602201015,29850.0,30000.0,29700.0,30000.0,19491
202602201030,30000.0,30500.0,29950.0,30300.0,31574
202602201045,30350.0,30500.0,30300.0,30450.0,24229
202602201100,30450.0,30500.0,30200.0,30300.0,14210
202602201115,30250.0,30350.0,30150.0,30300.0,9087
202602201130,30300.0,30350.0,30150.0,30150.0,5700
202602201145,30150.0,30200.0,30050.0,30100.0,6452
202602201200,30100.0,30200.0,30050.0,30150.0,3489
202602201215,30150.0,30200.0,30100.0,30150.0,4733
202602201230,30100.0,30200.0,30050.0,30050.0,6646
202602201245,30100.0,30150.0,30050.0,30100.0,9331
202602201300,30100.0,30150.0,30000.0,30050.0,4559
202602201315,30050.0,30150.0,30000.0,30100.0,6149
202602201330,30100.0,30150.0,30050.0,30050.0,5194
202602201345,30100.0,30100.0,29950.0,30000.0,10126
202602201400,30000.0,30000.0,29750.0,29750.0,10862
202602201415,29750.0,29900.0,29750.0,29800.0,9721
202602201430,29800.0,29950.0,29800.0,29850.0,4682
202602201445,29950.0,30000.0,29850.0,30000.0,6258
202602201500,30000.0,30000.0,29850.0,29850.0,9159
202602201515,29850.0,29950.0,29850.0,29850.0,9220
202602230900,30450.0,30500.0,29600.0,29800.0,43324
202602230915,29725.0,30200.0,29700.0,30200.0,39621
202602230930,30150.0,30850.0,30100.0,30450.0,46630
202602230945,30450.0,30750.0,30300.0,30400.0,39662
202602231000,30350.0,30500.0,30250.0,30400.0,11136
202602231015,30300.0,30400.0,30100.0,30250.0,8883
202602231030,30250.0,30300.0,30150.0,30200.0,8392
202602231045,30200.0,30300.0,30050.0,30100.0,9063
202602231100,30100.0,30150.0,29850.0,29900.0,15311
202602231115,29900.0,30700.0,29850.0,30100.0,20756
202602231130,30150.0,30150.0,29950.0,30100.0,4859
202602231145,30100.0,30300.0,30050.0,30150.0,10025
202602231200,30150.0,30200.0,30050.0,30050.0,6473
202602231215,30050.0,30100.0,29800.0,29850.0,10598
202602231230,29800.0,29900.0,29700.0,29800.0,12514
202602231245,29750.0,29850.0,29600.0,29600.0,19969
202602231300,29600.0,29700.0,29600.0,29600.0,8846
202602231315,29600.0,29700.0,29500.0,29550.0,8224
202602231330,29500.0,29600.0,29500.0,29500.0,3786
202602231345,29500.0,29550.0,29450.0,29450.0,10901
202602231400,29450.0,29500.0,29150.0,29300.0,20986
202602231415,29200.0,29300.0,29000.0,29150.0,20795
202602231430,29200.0,29350.0,29100.0,29300.0,5485
202602231445,29250.0,29450.0,29250.0,29450.0,5378
202602231500,29400.0,29500.0,29350.0,29400.0,6351
202602231515,29450.0,29550.0,29400.0,29400.0,5843
202602240900,29400.0,29450.0,28950.0,29050.0,20790
202602240915,29100.0,29450.0,29050.0,29300.0,7475
202602240930,29400.0,29800.0,29250.0,29650.0,14213
202602240945,29700.0,29900.0,29700.0,29850.0,9076
202602241000,29850.0,30000.0,29750.0,30000.0,13098
202602241015,29950.0,30350.0,29900.0,30100.0,67120
202602241030,30150.0,30250.0,30000.0,30000.0,10157
202602241045,30050.0,30100.0,29850.0,29900.0,5023
202602241100,29900.0,30050.0,29850.0,30000.0,7550
202602241115,29950.0,30150.0,29850.0,29950.0,8358
202602241130,29950.0,30050.0,29950.0,29950.0,3899
202602241145,29950.0,30050.0,29900.0,29950.0,8539
202602241200,29900.0,30000.0,29900.0,29950.0,3464
202602241215,30000.0,30000.0,29750.0,29800.0,8077
202602241230,29850.0,29900.0,29750.0,29800.0,5801
202602241245,29800.0,29950.0,29800.0,29900.0,4947
202602241300,29950.0,30000.0,29900.0,29900.0,5041
202602241315,29950.0,30000.0,29850.0,29850.0,7477
202602241330,29850.0,29900.0,29850.0,29850.0,2653
202602241345,29850.0,30000.0,29750.0,29950.0,14041
202602241400,29900.0,30150.0,29900.0,30050.0,6735
202602241415,30050.0,30400.0,29950.0,30350.0,28671
202602241430,30350.0,30450.0,30200.0,30200.0,22053
202602241445,30250.0,30350.0,30150.0,30250.0,11117
202602241500,30250.0,30350.0,30200.0,30300.0,17983
202602241515,30325.0,30350.0,30200.0,30250.0,12077
202602250900,32650.0,32700.0,31450.0,31550.0,144333
202602250915,31550.0,31700.0,31300.0,31350.0,90159
202602250930,31350.0,31400.0,31000.0,31150.0,46543
202602250945,31150.0,31225.0,31000.0,31050.0,32194
202602251000,31050.0,31150.0,30950.0,31050.0,20425
202602251015,31050.0,31100.0,30800.0,30850.0,31918
202602251030,30900.0,31000.0,30800.0,30900.0,27599
202602251045,30900.0,31200.0,30900.0,31000.0,14345
202602251100,31000.0,31000.0,30800.0,30850.0,14651
202602251115,30900.0,30950.0,30750.0,30800.0,23572
202602251130,30850.0,30900.0,30800.0,30850.0,7687
202602251145,30800.0,30900.0,30700.0,30800.0,14711
202602251200,30800.0,30800.0,30700.0,30725.0,12518
202602251215,30700.0,30800.0,30700.0,30750.0,6562
202602251230,30750.0,30800.0,30650.0,30750.0,11250
202602251245,30800.0,31050.0,30750.0,30900.0,10678
202602251300,30950.0,30950.0,30850.0,30850.0,6537
202602251315,30900.0,30950.0,30800.0,30800.0,4388
202602251330,30850.0,30900.0,30700.0,30900.0,13938
202602251345,30850.0,30950.0,30800.0,30900.0,9167
202602251400,30950.0,30950.0,30750.0,30800.0,14294
202602251415,30850.0,30850.0,30750.0,30775.0,3498
202602251430,30750.0,30800.0,30500.0,30500.0,29083
202602251445,30500.0,30600.0,30400.0,30550.0,20464
202602251500,30550.0,30600.0,30300.0,30550.0,16746
202602251515,30550.0,30600.0,30500.0,30600.0,12924
202602260900,31450.0,31600.0,31050.0,31200.0,28699
202602260915,31200.0,31450.0,30900.0,30950.0,21723
202602260930,31050.0,31100.0,30600.0,30950.0,21621
202602260945,30900.0,31000.0,30650.0,30700.0,14028
202602261000,30700.0,31050.0,30700.0,31000.0,13241
202602261015,31050.0,31400.0,31000.0,31000.0,22753
202602261030,31000.0,31300.0,30950.0,31200.0,12901
202602261045,31250.0,31350.0,31200.0,31300.0,9990
202602261100,31300.0,31400.0,31200.0,31250.0,8130
202602261115,31300.0,31450.0,31200.0,31450.0,13440
202602261130,31350.0,31700.0,31350.0,31700.0,14314
202602261145,31700.0,31800.0,31650.0,31650.0,17937
202602261200,31600.0,31700.0,31400.0,31400.0,6196
202602261215,31400.0,31500.0,31350.0,31500.0,6814
202602261230,31450.0,31650.0,31450.0,31500.0,15144
202602261245,31550.0,31800.0,31500.0,31800.0,10736
202602261300,31750.0,32050.0,31650.0,32000.0,45299
202602261315,32050.0,32200.0,31800.0,32000.0,27343
202602261330,32000.0,32350.0,32000.0,32350.0,40586
202602261345,32300.0,32600.0,31850.0,32000.0,58531
202602261400,32000.0,32150.0,31800.0,32050.0,19772
202602261415,32100.0,32200.0,32050.0,32100.0,17183
202602261430,32050.0,32100.0,31900.0,32050.0,18068
202602261445,32000.0,32350.0,31950.0,32300.0,23835
202602261500,32300.0,32350.0,32150.0,32250.0,18690
202602261515,32250.0,32350.0,32150.0,32250.0,13773
202602270900,30900.0,32000.0,30850.0,31850.0,45328
202602270915,31850.0,32000.0,31150.0,31350.0,35325
202602270930,31350.0,31450.0,30950.0,31000.0,23828
202602270945,31000.0,31200.0,30850.0,31000.0,15952
202602271000,31000.0,31000.0,30500.0,30750.0,30910
202602271015,30750.0,30850.0,30600.0,30700.0,13186
202602271030,30650.0,30900.0,30650.0,30800.0,12930
202602271045,30850.0,30950.0,30700.0,30850.0,8820
202602271100,30800.0,31000.0,30750.0,30950.0,9864
202602271115,31000.0,31100.0,30800.0,31000.0,6633
202602271130,31000.0,31600.0,31000.0,31600.0,24223
202602271145,31600.0,31900.0,31400.0,31800.0,18473
202602271200,31800.0,31850.0,31500.0,31550.0,15495
202602271215,31500.0,31750.0,31450.0,31550.0,8746
202602271230,31500.0,31650.0,31400.0,31450.0,11076
202602271245,31450.0,31750.0,31400.0,31650.0,6233
202602271300,31650.0,31800.0,31400.0,31450.0,11971
202602271315,31450.0,31700.0,31400.0,31650.0,10051
202602271330,31600.0,31750.0,31600.0,31600.0,11082
202602271345,31650.0,31750.0,31550.0,31650.0,7773
202602271400,31650.0,31750.0,31550.0,31725.0,8565
202602271415,31750.0,32100.0,31700.0,32050.0,20161
202602271430,32100.0,32200.0,32000.0,32100.0,21698
202602271445,32100.0,32100.0,31750.0,31800.0,18970
202602271500,31750.0,31800.0,31550.0,31800.0,13036
202602271515,31750.0,31800.0,31600.0,31750.0,6920
202603030900,30550.0,30750.0,30150.0,30200.0,29025
202603030915,30250.0,30750.0,30200.0,30750.0,16827
202603030930,30800.0,31800.0,30750.0,31750.0,38423
202603030945,31750.0,31900.0,31500.0,31900.0,22643
202603031000,31900.0,32450.0,31800.0,32100.0,29957
202603031015,32050.0,32350.0,31850.0,32100.0,17785
202603031030,32050.0,32100.0,31650.0,31750.0,11402
202603031045,31750.0,31750.0,31250.0,31350.0,14954
202603031100,31350.0,31400.0,30950.0,31050.0,21697
202603031115,31050.0,31200.0,30700.0,31150.0,20859
202603031130,31200.0,31300.0,31050.0,31050.0,8504
202603031145,31150.0,31200.0,30850.0,30850.0,10540
202603031200,30850.0,31050.0,30500.0,30850.0,18115
202603031215,30850.0,31150.0,30400.0,30450.0,21309
202603031230,30450.0,30950.0,30300.0,30950.0,15173
202603031245,30850.0,31000.0,30750.0,31000.0,7470
202603031300,31000.0,31050.0,30750.0,30900.0,9418
202603031315,30900.0,30950.0,30650.0,30750.0,6530
202603031330,30750.0,30800.0,30500.0,30500.0,8415
202603031345,30500.0,30550.0,30150.0,30300.0,18385
202603031400,30300.0,30650.0,30300.0,30600.0,8736
202603031415,30600.0,30600.0,30350.0,30500.0,4973
202603031430,30500.0,30550.0,30200.0,30250.0,9908
202603031445,30250.0,30250.0,29950.0,30000.0,25974
202603031500,30050.0,30100.0,29750.0,29800.0,23819
202603031515,29850.0,29850.0,29650.0,29650.0,14235
202603040900,27850.0,28550.0,27100.0,28550.0,44518
202603040915,28550.0,29650.0,28350.0,28900.0,61790
202603040930,28900.0,28950.0,28400.0,28700.0,24113
202603040945,28700.0,29850.0,28550.0,29650.0,36668
202603041000,29650.0,30150.0,29100.0,29400.0,53503
202603041015,29400.0,29500.0,28650.0,29100.0,18990
202603041030,28800.0,29500.0,28650.0,29250.0,14947
202603041045,29250.0,29300.0,28700.0,28850.0,11553
202603041100,28850.0,28850.0,28200.0,28450.0,28437
202603041115,28450.0,28450.0,28250.0,28350.0,506
202603041145,28350.0,28450.0,27350.0,27850.0,34751
202603041200,27600.0,27950.0,27000.0,27150.0,35613
202603041215,27250.0,27800.0,26800.0,26850.0,29681
202603041230,26800.0,27500.0,26300.0,27400.0,43630
202603041245,27400.0,28450.0,27200.0,28150.0,23382
202603041300,28000.0,28400.0,27650.0,28400.0,17825
202603041315,28400.0,28400.0,27600.0,27950.0,19462
202603041330,27850.0,28200.0,27400.0,28100.0,16915
202603041345,27900.0,28150.0,27250.0,27700.0,19039
202603041400,27650.0,27950.0,27000.0,27550.0,17849
202603041415,27550.0,27650.0,26850.0,27350.0,22058
202603041430,27150.0,27600.0,26900.0,27300.0,32353
202603041445,27250.0,27500.0,26900.0,26900.0,16652
202603041500,27050.0,27050.0,26500.0,26550.0,20011
202603041515,26550.0,26650.0,26300.0,26500.0,13049
202603050900,28650.0,29200.0,28350.0,29100.0,38864
202603050915,29050.0,29600.0,28950.0,29300.0,36336
202603050930,29400.0,29600.0,28900.0,29400.0,32093
202603050945,29350.0,29600.0,29200.0,29450.0,11770
202603051000,29450.0,29650.0,28950.0,29600.0,18605
202603051015,29600.0,29600.0,29200.0,29300.0,6312
202603051030,29300.0,29350.0,28850.0,28850.0,12049
202603051045,28950.0,29100.0,28550.0,28800.0,10970
202603051100,28900.0,29250.0,28800.0,29100.0,8519
202603051115,29200.0,29300.0,29000.0,29000.0,4330
202603051130,29050.0,29350.0,29000.0,29250.0,12702
202603051145,29350.0,29500.0,29300.0,29400.0,9477
202603051200,29350.0,29600.0,29350.0,29550.0,6283
202603051215,29450.0,29800.0,29450.0,29600.0,13222
202603051230,29600.0,29750.0,29300.0,29600.0,12323
202603051245,29500.0,29550.0,29150.0,29350.0,9342
202603051300,29300.0,29900.0,29100.0,29850.0,14050
202603051315,29850.0,30100.0,29800.0,29900.0,23353
202603051330,29900.0,31150.0,29900.0,31100.0,79301
202603051345,31100.0,31450.0,30900.0,31300.0,33291
202603051400,31350.0,31450.0,31000.0,31050.0,44669
202603051415,31050.0,31350.0,30850.0,31100.0,26694
202603051430,31050.0,31250.0,31000.0,31100.0,14399
202603051445,31100.0,31200.0,30600.0,30600.0,13227
202603051500,30600.0,30700.0,30150.0,30300.0,27066
202603051515,30300.0,30450.0,30200.0,30200.0,9034
202603060900,29950.0,31700.0,29800.0,31000.0,64183
202603060915,30950.0,31900.0,30950.0,31500.0,62923
202603060930,31450.0,31800.0,31000.0,31800.0,32996
202603060945,31800.0,31950.0,31100.0,31450.0,47466
202603061000,31450.0,31800.0,31250.0,31550.0,23618
202603061015,31500.0,31550.0,30400.0,31050.0,52150
202603061030,31050.0,32400.0,31050.0,32050.0,121830
202603061045,32000.0,32350.0,31650.0,31950.0,33746
202603061100,31950.0,32750.0,31900.0,32700.0,52052
202603061115,32700.0,33950.0,32600.0,33775.0,131971
202603061130,33800.0,34000.0,33200.0,33950.0,76034
202603061145,33950.0,34050.0,33400.0,33750.0,48273
202603061200,33750.0,33800.0,33300.0,33400.0,33014
202603061215,33400.0,33500.0,33200.0,33300.0,22071
202603061230,33350.0,33400.0,33000.0,33275.0,41919
202603061245,33275.0,33350.0,33050.0,33200.0,18719
202603061300,33200.0,33300.0,32950.0,32950.0,15475
202603061315,33050.0,33050.0,32800.0,32850.0,12702
202603061330,32850.0,33000.0,32800.0,32950.0,17327
202603061345,33000.0,33250.0,32950.0,33125.0,16903
202603061400,33100.0,33350.0,33050.0,33050.0,19658
202603061415,33050.0,33100.0,32850.0,32850.0,13099
202603061430,32900.0,33050.0,32800.0,32950.0,19765
202603061445,32950.0,33100.0,32800.0,32850.0,23444
202603061500,32850.0,33100.0,32850.0,33050.0,26063
202603061515,33100.0,33450.0,33050.0,33450.0,41537
202603090900,30800.0,31200.0,30000.0,30050.0,97595
202603090915,30100.0,30100.0,29300.0,29600.0,54254
202603090930,29550.0,30100.0,29500.0,29750.0,34016
202603090945,29750.0,29800.0,29250.0,29250.0,31647
202603091000,29250.0,29450.0,29000.0,29250.0,23469
202603091015,29300.0,29350.0,28850.0,28900.0,23603
202603091030,28900.0,29150.0,28800.0,28850.0,12047
202603091045,28900.0,28900.0,28650.0,28800.0,12863
202603091100,28800.0,29300.0,28600.0,28900.0,20925
202603091115,28900.0,29100.0,28650.0,28900.0,11664
202603091130,28950.0,29200.0,28650.0,29000.0,13969
202603091145,29050.0,29200.0,28750.0,28850.0,19072
202603091200,28800.0,28850.0,28600.0,28750.0,15874
202603091215,28750.0,28850.0,28650.0,28650.0,13488
202603091230,28600.0,28950.0,28600.0,28700.0,10131
202603091245,28700.0,28800.0,28650.0,28650.0,11192
202603091300,28700.0,28700.0,28450.0,28500.0,30241
202603091315,28500.0,28600.0,28400.0,28500.0,20408
202603091330,28500.0,28750.0,28450.0,28500.0,13159
202603091345,28550.0,28600.0,28300.0,28300.0,15652
202603091400,28400.0,28850.0,28200.0,28600.0,14364
202603091415,28600.0,29100.0,28400.0,29050.0,23793
202603091430,29000.0,29400.0,28750.0,28950.0,32747
202603091445,28950.0,29200.0,28800.0,29150.0,21126
202603091500,29100.0,29250.0,28900.0,29200.0,17555
202603091515,29200.0,29550.0,29200.0,29350.0,26178
202603100900,31250.0,31250.0,30500.0,30600.0,41450
202603100915,30550.0,30850.0,30300.0,30500.0,30743
202603100930,30500.0,30750.0,30400.0,30650.0,15065
202603100945,30650.0,30650.0,30350.0,30600.0,13043
202603101000,30500.0,30600.0,30350.0,30450.0,17853
202603101015,30500.0,30750.0,30450.0,30500.0,11820
202603101030,30550.0,30650.0,30450.0,30550.0,7863
202603101045,30550.0,30800.0,30500.0,30700.0,22832
202603101100,30750.0,30900.0,30700.0,30850.0,9326
202603101115,30850.0,31000.0,30850.0,30900.0,8695
202603101130,30900.0,31000.0,30750.0,30750.0,4641
202603101145,30750.0,30800.0,30400.0,30500.0,24642
202603101200,30600.0,30700.0,30450.0,30500.0,6701
202603101215,30450.0,30600.0,30150.0,30200.0,12819
202603101230,30150.0,30250.0,29850.0,29900.0,15068
202603101245,29850.0,30100.0,29750.0,29950.0,9965
202603101300,29850.0,30100.0,29650.0,30050.0,9987
202603101315,30050.0,30100.0,29950.0,30100.0,4310
202603101330,30050.0,30150.0,30000.0,30025.0,3547
202603101345,30025.0,30050.0,29850.0,30000.0,6080
202603101400,30000.0,30200.0,30000.0,30100.0,3331
202603101415,30100.0,30150.0,30000.0,30000.0,2234
202603101430,30000.0,30200.0,29950.0,29950.0,4851
202603101445,30050.0,30250.0,29900.0,30250.0,10045
202603101500,30200.0,30400.0,30200.0,30350.0,7617
202603101515,30350.0,30500.0,30150.0,30150.0,21266
202603110900,30650.0,30850.0,30400.0,30400.0,20294
202603110915,30350.0,30350.0,29900.0,30000.0,34318
202603110930,30000.0,30200.0,29450.0,29750.0,32601
202603110945,29750.0,29750.0,29400.0,29650.0,31967
202603111000,29650.0,30050.0,29650.0,30000.0,17457
202603111015,30000.0,30000.0,29700.0,29800.0,25985
202603111030,29800.0,30100.0,29800.0,30050.0,15689
202603111045,30000.0,30150.0,29950.0,30050.0,9766
202603111100,30000.0,30100.0,29850.0,29850.0,11416
202603111115,29900.0,30000.0,29900.0,29900.0,7576
202603111130,29950.0,29950.0,29850.0,29900.0,6146
202603111145,29850.0,30100.0,29850.0,30050.0,5762
202603111200,30000.0,30150.0,29950.0,30100.0,6119
202603111215,30050.0,30150.0,30000.0,30000.0,5823
202603111230,30000.0,30150.0,29950.0,30100.0,7228
202603111245,30050.0,30200.0,30000.0,30200.0,6638
202603111300,30150.0,30250.0,30050.0,30100.0,6372
202603111315,30150.0,30200.0,30050.0,30150.0,4836
202603111330,30100.0,30250.0,30050.0,30100.0,8388
202603111345,30100.0,30150.0,30000.0,30000.0,8551
202603111400,30050.0,30050.0,29900.0,29950.0,13560
202603111415,29950.0,30000.0,29750.0,29750.0,13219
202603111430,29750.0,29800.0,29350.0,29350.0,29210
202603111445,29300.0,29500.0,28950.0,29000.0,28580
202603111500,29000.0,29650.0,28850.0,29500.0,24580
202603111515,29500.0,29600.0,29450.0,29450.0,6182
202603120900,29050.0,29500.0,28950.0,29150.0,17936
202603120915,29300.0,29600.0,29200.0,29500.0,11804
202603120930,29500.0,29800.0,29450.0,29500.0,13148
202603120945,29500.0,29600.0,29400.0,29500.0,7137
202603121000,29450.0,29500.0,29350.0,29400.0,4774
202603121015,29450.0,29600.0,29400.0,29550.0,3390
202603121030,29500.0,29750.0,29400.0,29650.0,7092
202603121045,29700.0,29750.0,29400.0,29450.0,4746
202603121100,29400.0,29500.0,29250.0,29250.0,10616
202603121115,29250.0,29300.0,29050.0,29100.0,5865
202603121130,29100.0,29150.0,28950.0,29050.0,6182
202603121145,29050.0,29100.0,28950.0,29000.0,3650
202603121200,29050.0,29100.0,28850.0,29050.0,7178
202603121215,29050.0,29200.0,29000.0,29100.0,4559
202603121230,29075.0,29150.0,28900.0,28950.0,4549
202603121245,29000.0,29150.0,29000.0,29150.0,3951
202603121300,29150.0,29250.0,29100.0,29200.0,4340
202603121315,29250.0,29450.0,29250.0,29400.0,5902
202603121330,29400.0,29450.0,29200.0,29200.0,4984
202603121345,29200.0,29450.0,29150.0,29350.0,5377
202603121400,29350.0,29600.0,29250.0,29550.0,8126
202603121415,29550.0,29550.0,29400.0,29450.0,5209
202603121430,29450.0,29600.0,29350.0,29500.0,5644
202603121445,29500.0,29600.0,29450.0,29600.0,5724
202603121500,29600.0,29600.0,29400.0,29500.0,11273
202603121515,29450.0,29550.0,29400.0,29400.0,5962
202603130900,28450.0,28900.0,28350.0,28850.0,11446
202603130915,28850.0,29550.0,28850.0,29150.0,23698
202603130930,29150.0,29300.0,28750.0,28950.0,20512
202603130945,28950.0,29100.0,28750.0,28950.0,10097
202603131000,29000.0,29200.0,28850.0,29050.0,6336
202603131015,29050.0,29200.0,29000.0,29150.0,6181
202603131030,29150.0,29350.0,29100.0,29100.0,6503
202603131045,29100.0,29300.0,29000.0,29200.0,6591
202603131100,29200.0,29450.0,29150.0,29150.0,9608
202603131115,29150.0,29250.0,29050.0,29250.0,4781
202603131130,29250.0,29300.0,29150.0,29150.0,3318
202603131145,29150.0,29250.0,29000.0,29100.0,5035
202603131200,29100.0,29250.0,29000.0,29150.0,4864
202603131215,29150.0,29300.0,29100.0,29150.0,3316
202603131230,29150.0,29350.0,29050.0,29300.0,6392
202603131245,29350.0,29750.0,29300.0,29650.0,13419
202603131300,29650.0,29700.0,29500.0,29600.0,4159
202603131315,29550.0,29750.0,29500.0,29500.0,5953
202603131330,29500.0,29600.0,29350.0,29550.0,7877
202603131345,29550.0,29600.0,29450.0,29550.0,3989
202603131400,29550.0,29650.0,29400.0,29550.0,7641
202603131415,29550.0,29800.0,29500.0,29750.0,7610
202603131430,29750.0,29950.0,29650.0,29750.0,9666
202603131445,29750.0,29800.0,29600.0,29700.0,9686
202603131500,29700.0,29750.0,29550.0,29600.0,7709
202603131515,29600.0,29650.0,29550.0,29650.0,3418
202603160900,29550.0,30500.0,29550.0,30200.0,41355
202603160915,30150.0,30300.0,29750.0,30000.0,55692
202603160930,30000.0,30100.0,29800.0,29900.0,5489
202603160945,29900.0,30250.0,29900.0,30250.0,7846
202603161000,30250.0,30250.0,29800.0,29850.0,8309
202603161015,29800.0,29900.0,29450.0,29500.0,7734
202603161030,29500.0,29700.0,29300.0,29400.0,11027
202603161045,29500.0,29750.0,29450.0,29550.0,2518
202603161100,29550.0,29650.0,29450.0,29550.0,2307
202603161115,29500.0,29700.0,29300.0,29350.0,11318
202603161130,29400.0,29450.0,29200.0,29300.0,5144
202603161145,29300.0,29450.0,29250.0,29400.0,3302
202603161200,29350.0,29500.0,29300.0,29450.0,1898
202603161215,29450.0,29550.0,29300.0,29450.0,3139
202603161230,29500.0,29900.0,29400.0,29750.0,6420
202603161245,29850.0,29950.0,29700.0,29800.0,6459
202603161300,29800.0,30250.0,29800.0,30150.0,10972
202603161315,30100.0,30300.0,30050.0,30250.0,7349
202603161330,30300.0,30350.0,30100.0,30100.0,9964
202603161345,30100.0,30200.0,29950.0,29950.0,17432
202603161400,29950.0,30150.0,29950.0,30050.0,5783
202603161415,30100.0,30150.0,30000.0,30150.0,6559
202603161430,30050.0,30200.0,30000.0,30150.0,4214
202603161445,30150.0,30250.0,30050.0,30200.0,7133
202603161500,30200.0,30400.0,30200.0,30400.0,16574
202603161515,30400.0,30450.0,30400.0,30450.0,15060
202603170900,31150.0,31150.0,30350.0,30400.0,68745
202603170915,30350.0,30600.0,30200.0,30550.0,20298
202603170930,30550.0,30650.0,30350.0,30650.0,7151
202603170945,30650.0,30850.0,30550.0,30550.0,10353
202603171000,30550.0,30550.0,30350.0,30375.0,6411
202603171015,30350.0,30350.0,30150.0,30150.0,13427
202603171030,30200.0,30500.0,30150.0,30300.0,9429
202603171045,30300.0,30500.0,30200.0,30300.0,5509
202603171100,30350.0,30600.0,30350.0,30550.0,6300
202603171115,30550.0,30750.0,30500.0,30650.0,6093
202603171130,30550.0,30700.0,30500.0,30650.0,4971
202603171145,30650.0,30800.0,30550.0,30650.0,4838
202603171200,30650.0,30800.0,30600.0,30750.0,6173
202603171215,30650.0,30800.0,30600.0,30650.0,8260
202603171230,30650.0,30700.0,30450.0,30500.0,4762
202603171245,30500.0,30700.0,30450.0,30450.0,4509
202603171300,30500.0,30550.0,30350.0,30400.0,4048
202603171315,30350.0,30400.0,30250.0,30300.0,4670
202603171330,30300.0,30450.0,30250.0,30300.0,3641
202603171345,30300.0,30450.0,30250.0,30300.0,4401
202603171400,30300.0,30350.0,30200.0,30250.0,11474
202603171415,30250.0,30300.0,30200.0,30200.0,4205
202603171430,30250.0,30300.0,30050.0,30100.0,8836
202603171445,30100.0,30150.0,29650.0,29850.0,17650
202603171500,29700.0,29850.0,29600.0,29650.0,17191
202603171515,29650.0,29750.0,29600.0,29700.0,5904
202603180900,30350.0,30900.0,30200.0,30900.0,25954
202603180915,30900.0,30900.0,30300.0,30500.0,16850
202603180930,30450.0,30600.0,30350.0,30450.0,9722
202603180945,30400.0,30450.0,30300.0,30350.0,6317
202603181000,30300.0,30450.0,30200.0,30350.0,11142
202603181015,30300.0,30350.0,30200.0,30250.0,4535
202603181030,30250.0,30500.0,30250.0,30400.0,5163
202603181045,30400.0,30450.0,30300.0,30400.0,7563
202603181100,30450.0,30450.0,30300.0,30400.0,6875
202603181115,30350.0,30400.0,30250.0,30250.0,6715
202603181130,30250.0,30350.0,30050.0,30050.0,18782
202603181145,30050.0,30100.0,30000.0,30000.0,9215
202603181200,30000.0,30200.0,29950.0,30150.0,7537
202603181215,30150.0,30150.0,29950.0,30000.0,5831
202603181230,30000.0,30250.0,30000.0,30200.0,6207
202603181245,30200.0,30350.0,30150.0,30300.0,5676
202603181300,30300.0,30300.0,30150.0,30150.0,4526
202603181315,30150.0,30400.0,30150.0,30350.0,10941
202603181330,30300.0,30700.0,30300.0,30600.0,12742
202603181345,30600.0,30650.0,30450.0,30500.0,9793
202603181400,30550.0,30550.0,30400.0,30450.0,5639
202603181415,30450.0,30500.0,30400.0,30400.0,4995
202603181430,30450.0,30650.0,30400.0,30550.0,10423
202603181445,30600.0,30650.0,30450.0,30550.0,12328
202603181500,30550.0,30850.0,30500.0,30800.0,21941
202603181515,30750.0,30950.0,30750.0,30950.0,24239
202603190900,29800.0,30350.0,29750.0,30200.0,11116
202603190915,30200.0,30400.0,30050.0,30250.0,19663
202603190930,30250.0,30250.0,29850.0,30100.0,14695
202603190945,30100.0,30450.0,29900.0,30400.0,10271
202603191000,30350.0,30650.0,30300.0,30450.0,6325
202603191015,30450.0,30600.0,30350.0,30350.0,9271
202603191030,30400.0,30700.0,30250.0,30450.0,14236
202603191045,30450.0,30450.0,30200.0,30300.0,7481
202603191100,30250.0,30350.0,30050.0,30150.0,6693
202603191115,30150.0,30250.0,30050.0,30100.0,7484
202603191130,30150.0,30350.0,30100.0,30350.0,7580
202603191145,30350.0,30350.0,30200.0,30350.0,7459
202603191200,30350.0,30400.0,30250.0,30350.0,5630
202603191215,30350.0,30425.0,30300.0,30350.0,7727
202603191230,30350.0,30400.0,30200.0,30250.0,4328
202603191245,30250.0,30250.0,30100.0,30150.0,6830
202603191300,30150.0,30200.0,29900.0,29950.0,13945
202603191315,30000.0,30100.0,29900.0,30000.0,2826
202603191330,30050.0,30100.0,29950.0,30000.0,4473
202603191345,30100.0,30100.0,29950.0,30000.0,2826
202603191400,30050.0,30050.0,29900.0,30000.0,10628
202603191415,30000.0,30100.0,29900.0,30000.0,5434
202603191430,30100.0,30100.0,29850.0,29900.0,16448
202603191445,29900.0,30050.0,29900.0,29950.0,3903
202603191500,29950.0,30050.0,29950.0,30000.0,5584
202603191515,29950.0,30000.0,29900.0,30000.0,4642
202603200900,30000.0,30000.0,29400.0,29800.0,37194
202603200915,29750.0,29800.0,29400.0,29650.0,18917
202603200930,29650.0,29800.0,29350.0,29350.0,15676
202603200945,29350.0,29450.0,29200.0,29400.0,17101
202603201000,29450.0,29950.0,29400.0,29500.0,19196
202603201015,29500.0,29675.0,29400.0,29450.0,31649
202603201030,29500.0,29700.0,29450.0,29650.0,10099
202603201045,29650.0,29800.0,29600.0,29800.0,13227
202603201100,29850.0,29900.0,29600.0,29800.0,11828
202603201115,29750.0,29900.0,29700.0,29800.0,10002
202603201130,29800.0,29850.0,29700.0,29800.0,5699
202603201145,29800.0,30000.0,29750.0,29850.0,7836
202603201200,30000.0,30000.0,29850.0,29850.0,5867
202603201215,29850.0,30000.0,29850.0,29950.0,5232
202603201230,29950.0,29950.0,29750.0,29750.0,7902
202603201245,29700.0,29850.0,29700.0,29800.0,6019
202603201300,29800.0,29950.0,29800.0,29950.0,6664
202603201315,29900.0,30150.0,29850.0,30100.0,6717
202603201330,30100.0,30200.0,29950.0,30100.0,7057
202603201345,30100.0,30250.0,30000.0,30050.0,9065
202603201400,30050.0,30100.0,29850.0,29900.0,7754
202603201415,30000.0,30100.0,29900.0,30000.0,7295
202603201430,30100.0,30100.0,29950.0,30000.0,5918
202603201445,30000.0,30050.0,29950.0,29950.0,7842
202603201500,29950.0,30050.0,29850.0,30000.0,12382
202603201515,29900.0,30100.0,29900.0,30100.0,15566
202603230900,29050.0,29300.0,28900.0,29000.0,14119
202603230915,29000.0,29200.0,28900.0,29000.0,5207
202603230930,29000.0,29000.0,28850.0,28950.0,9077
202603230945,28900.0,28900.0,28600.0,28650.0,21502
202603231000,28650.0,29100.0,28600.0,29100.0,8563
202603231015,29100.0,29400.0,29050.0,29350.0,11035
202603231030,29350.0,29700.0,29350.0,29550.0,8084
202603231045,29500.0,29650.0,29450.0,29500.0,3287
202603231100,29500.0,29500.0,29250.0,29250.0,5529
202603231115,29250.0,29350.0,29150.0,29200.0,4365
202603231130,29200.0,29250.0,29100.0,29150.0,3893
202603231145,29100.0,29150.0,29000.0,29050.0,4457
202603231200,29100.0,29100.0,28950.0,28950.0,2819
202603231215,28950.0,29000.0,28900.0,28950.0,1659
202603231230,29000.0,29050.0,28950.0,28950.0,2324
202603231245,28950.0,29000.0,28850.0,28875.0,4380
202603231300,28850.0,28900.0,28800.0,28850.0,3939
202603231315,28900.0,29000.0,28900.0,28900.0,2054
202603231330,28925.0,28950.0,28750.0,28850.0,7001
202603231345,28800.0,28900.0,28750.0,28850.0,7368
202603231400,28800.0,28950.0,28750.0,28850.0,5602
202603231415,28850.0,28850.0,28650.0,28700.0,6171
202603231430,28700.0,28750.0,28550.0,28600.0,9410
202603231445,28600.0,28600.0,28500.0,28600.0,4730
202603231500,28550.0,28600.0,28400.0,28450.0,12609
202603231515,28450.0,28500.0,28350.0,28350.0,8002
202603240900,29300.0,29800.0,29050.0,29500.0,29393
202603240915,29500.0,29650.0,29200.0,29550.0,8675
202603240930,29500.0,29500.0,29050.0,29100.0,7208
202603240945,29100.0,29200.0,28800.0,28850.0,9156
202603241000,28850.0,28850.0,28200.0,28350.0,9367
202603241015,28350.0,28750.0,28000.0,28550.0,13626
202603241030,28550.0,28700.0,28100.0,28150.0,10327
202603241045,28150.0,28200.0,27750.0,27950.0,16985
202603241100,28000.0,28350.0,27750.0,28150.0,6722
202603241115,28150.0,28450.0,28100.0,28350.0,3156
202603241130,28400.0,28550.0,28350.0,28450.0,2824
202603241145,28450.0,28500.0,28200.0,28250.0,8574
202603241200,28200.0,28350.0,28150.0,28350.0,2061
202603241215,28300.0,28500.0,28300.0,28400.0,2108
202603241230,28350.0,28450.0,28250.0,28450.0,3358
202603241245,28450.0,28450.0,28250.0,28300.0,3775
202603241300,28300.0,28350.0,28200.0,28300.0,10011
202603241315,28250.0,28300.0,28000.0,28000.0,7620
202603241330,28000.0,28200.0,28000.0,28150.0,5788
202603241345,28150.0,28450.0,28100.0,28250.0,5430
202603241400,28250.0,28250.0,28050.0,28050.0,5874
202603241415,28050.0,28350.0,27950.0,27950.0,8299
202603241430,27950.0,28150.0,27950.0,28100.0,5427
202603241445,28150.0,28300.0,28050.0,28250.0,11408
202603241500,28250.0,28400.0,28150.0,28300.0,5996
202603241515,28300.0,28450.0,28300.0,28450.0,4496
202603250900,29000.0,29600.0,28950.0,29450.0,20385
202603250915,29450.0,29600.0,29300.0,29350.0,16176
202603250930,29400.0,29600.0,29400.0,29600.0,9057
202603250945,29550.0,29750.0,29400.0,29700.0,13270
202603251000,29700.0,29800.0,29550.0,29650.0,10304
202603251015,29600.0,29750.0,29450.0,29700.0,12188
202603251030,29700.0,29950.0,29600.0,29900.0,18503
202603251045,29900.0,29900.0,29550.0,29550.0,9797
202603251100,29550.0,29650.0,29450.0,29450.0,11154
202603251115,29500.0,29700.0,29400.0,29600.0,4174
202603251130,29600.0,29800.0,29550.0,29600.0,8259
202603251145,29650.0,29750.0,29500.0,29550.0,5645
202603251200,29550.0,29700.0,29400.0,29600.0,6876
202603251215,29450.0,29550.0,29450.0,29450.0,5337
202603251230,29450.0,29600.0,29450.0,29450.0,4950
202603251245,29450.0,29650.0,29400.0,29550.0,6253
202603251300,29600.0,29700.0,29550.0,29600.0,3510
202603251315,29600.0,29700.0,29550.0,29600.0,4479
202603251330,29600.0,29800.0,29600.0,29700.0,6286
202603251345,29650.0,29700.0,29350.0,29400.0,11908
202603251400,29400.0,29500.0,29300.0,29300.0,9680
202603251415,29300.0,29500.0,29150.0,29300.0,13255
202603251430,29300.0,29500.0,29150.0,29400.0,9136
202603251445,29450.0,29500.0,29350.0,29450.0,9549
202603251500,29450.0,29550.0,29400.0,29450.0,10510
202603251515,29450.0,29700.0,29450.0,29700.0,5346
202603260900,29350.0,29400.0,28900.0,29000.0,19542
202603260915,29000.0,29100.0,28800.0,28900.0,15825
202603260930,28900.0,29000.0,28650.0,28650.0,13544
202603260945,28650.0,28750.0,28550.0,28700.0,12617
202603261000,28750.0,28800.0,28500.0,28500.0,13579
202603261015,28500.0,28550.0,28250.0,28350.0,14911
202603261030,28350.0,28450.0,28250.0,28300.0,12304
202603261045,28300.0,28350.0,28200.0,28300.0,14615
202603261100,28300.0,28400.0,28100.0,28100.0,18537
202603261115,28100.0,28200.0,28000.0,28050.0,19020
202603261130,28050.0,28100.0,27850.0,28000.0,23041
202603261145,28000.0,28100.0,27900.0,27950.0,6633
202603261200,27950.0,28050.0,27900.0,28000.0,5892
202603261215,27950.0,28100.0,27850.0,28100.0,9119
202603261230,28050.0,28300.0,28050.0,28250.0,6521
202603261245,28300.0,28350.0,28150.0,28250.0,10954
202603261300,28300.0,28400.0,28200.0,28400.0,5324
202603261315,28300.0,28400.0,28200.0,28350.0,5385
202603261330,28250.0,28450.0,28200.0,28400.0,8310
202603261345,28400.0,28500.0,28150.0,28200.0,9892
202603261400,28250.0,28250.0,27950.0,28050.0,21756
202603261415,28050.0,28150.0,27950.0,28050.0,8329
202603261430,28050.0,28050.0,27900.0,27900.0,9240
202603261445,27950.0,27950.0,27650.0,27750.0,27907
202603261500,27750.0,27850.0,27600.0,27800.0,29649
202603261515,27800.0,27900.0,27700.0,27750.0,20238
202603270900,26800.0,27000.0,26450.0,26600.0,22444
202603270915,26600.0,26650.0,26400.0,26550.0,22105
202603270930,26550.0,26550.0,26150.0,26200.0,16479
202603270945,26150.0,26250.0,25950.0,26250.0,18179
202603271000,26250.0,26600.0,26200.0,26550.0,14311
202603271015,26550.0,26650.0,26400.0,26600.0,7164
202603271030,26650.0,26750.0,26550.0,26550.0,6446
202603271045,26700.0,26700.0,26500.0,26650.0,5965
202603271100,26700.0,26750.0,26300.0,26400.0,10398
202603271115,26350.0,26450.0,26250.0,26400.0,8012
202603271130,26350.0,26500.0,26350.0,26450.0,6045
202603271145,26400.0,26550.0,26400.0,26400.0,7354
202603271200,26450.0,26450.0,26300.0,26350.0,9957
202603271215,26350.0,26400.0,26200.0,26300.0,9791
202603271230,26300.0,26500.0,26250.0,26450.0,6480
202603271245,26450.0,26750.0,26400.0,26650.0,8525
202603271300,26650.0,26650.0,26400.0,26500.0,13288
202603271315,26500.0,26750.0,26450.0,26650.0,15707
202603271330,26650.0,27100.0,26550.0,27000.0,21735
202603271345,27100.0,27200.0,26800.0,27150.0,16877
202603271400,27150.0,27350.0,27050.0,27300.0,18899
202603271415,27200.0,27500.0,26900.0,26950.0,32872
202603271430,26950.0,27300.0,26850.0,26900.0,21217
202603271445,26900.0,26950.0,26800.0,26900.0,13534
202603271500,26900.0,27050.0,26800.0,26950.0,9034
202603271515,27000.0,27050.0,26900.0,27050.0,5427
202603300900,25550.0,25550.0,25250.0,25350.0,19865
202603300915,25250.0,25600.0,25200.0,25300.0,22946
202603300930,25300.0,25400.0,25100.0,25150.0,16061
202603300945,25150.0,25300.0,25100.0,25100.0,18021
202603301000,25150.0,25250.0,25100.0,25150.0,16304
202603301015,25200.0,25250.0,25100.0,25200.0,7425
202603301030,25150.0,25500.0,25150.0,25450.0,9494
202603301045,25450.0,25650.0,25350.0,25400.0,10669
202603301100,25400.0,25450.0,25250.0,25300.0,10404
202603301115,25250.0,25300.0,25100.0,25200.0,11382
202603301130,25200.0,25250.0,25100.0,25150.0,7466
202603301145,25150.0,25300.0,25100.0,25250.0,7365
202603301200,25300.0,25450.0,25200.0,25400.0,7736
202603301215,25350.0,25550.0,25350.0,25400.0,8472
202603301230,25400.0,25550.0,25350.0,25450.0,7709
202603301245,25400.0,25500.0,25300.0,25300.0,8053
202603301300,25350.0,25500.0,25300.0,25350.0,8355
202603301315,25300.0,25450.0,25300.0,25350.0,6762
202603301330,25350.0,25550.0,25350.0,25500.0,8978
202603301345,25450.0,25550.0,25350.0,25400.0,7170
202603301400,25400.0,25600.0,25350.0,25500.0,9309
202603301415,25500.0,25550.0,25350.0,25450.0,8520
202603301430,25500.0,25750.0,25400.0,25600.0,17712
202603301445,25550.0,25600.0,25350.0,25400.0,8880
202603301500,25500.0,25650.0,25400.0,25600.0,15578
202603301515,25550.0,25650.0,25500.0,25500.0,8378
202603310900,24900.0,25000.0,24450.0,24500.0,19273
202603310915,24450.0,24700.0,24350.0,24700.0,16153
202603310930,24650.0,24900.0,24550.0,24850.0,9898
202603310945,24900.0,25050.0,24850.0,24950.0,5612
202603311000,24950.0,25100.0,24850.0,24950.0,7253
202603311015,24950.0,25100.0,24800.0,25050.0,2515
202603311030,25050.0,25550.0,25050.0,25500.0,8172
202603311045,25500.0,25850.0,25475.0,25700.0,9293
202603311100,25650.0,25750.0,25550.0,25600.0,5237
202603311115,25600.0,25650.0,25450.0,25500.0,6306
202603311130,25450.0,25550.0,25350.0,25400.0,3480
202603311145,25400.0,25600.0,25400.0,25550.0,2056
202603311200,25550.0,25750.0,25400.0,25700.0,3040
202603311215,25650.0,25700.0,25350.0,25350.0,2531
202603311230,25350.0,25400.0,25250.0,25350.0,3527
202603311245,25300.0,25300.0,25200.0,25250.0,2769
202603311300,25200.0,25250.0,25100.0,25100.0,2971
202603311315,25100.0,25150.0,25000.0,25100.0,4499
202603311330,25150.0,25150.0,25000.0,25050.0,4457
202603311345,25050.0,25100.0,24800.0,24950.0,7976
202603311400,24900.0,24950.0,24800.0,24800.0,2977
202603311415,24750.0,25050.0,24700.0,24950.0,3966
202603311430,24900.0,25000.0,24850.0,25000.0,2103
202603311445,25000.0,25150.0,24850.0,24850.0,5142
202603311500,24850.0,24900.0,24700.0,24750.0,4567
202603311515,24750.0,24850.0,24650.0,24800.0,5256
202604010900,26000.0,26300.0,25950.0,26250.0,15576
202604010915,26250.0,26500.0,26150.0,26500.0,14998
202604010930,26500.0,26550.0,26300.0,26500.0,8485
202604010945,26500.0,26550.0,26400.0,26550.0,6126
202604011000,26550.0,26550.0,26350.0,26450.0,6230
202604011015,26450.0,26600.0,26400.0,26550.0,7004
202604011030,26500.0,26600.0,26400.0,26600.0,4317
202604011045,26600.0,26950.0,26600.0,26900.0,15740
202604011100,26900.0,26950.0,26750.0,26900.0,4734
202604011115,26900.0,26950.0,26800.0,26850.0,4951
202604011130,26850.0,26900.0,26750.0,26900.0,5185
202604011145,26850.0,26950.0,26650.0,26650.0,4237
202604011200,26700.0,26900.0,26650.0,26850.0,3243
202604011215,26800.0,26950.0,26800.0,26900.0,2711
202604011230,26900.0,26950.0,26850.0,26850.0,1553
202604011245,26850.0,26900.0,26850.0,26850.0,2292
202604011300,26950.0,27000.0,26750.0,26900.0,7248
202604011315,26950.0,27050.0,26900.0,27000.0,5863
202604011330,27050.0,27200.0,27000.0,27150.0,5635
202604011345,27150.0,27350.0,27150.0,27200.0,8630
202604011400,27225.0,27300.0,27150.0,27200.0,4345
202604011415,27200.0,27300.0,27000.0,27100.0,5539
202604011430,27100.0,27250.0,27000.0,27100.0,5657
202604011445,27200.0,27300.0,27050.0,27100.0,12543
202604011500,27100.0,27250.0,26950.0,27200.0,19125
202604011515,27200.0,27300.0,27150.0,27250.0,5920
202604020900,27300.0,27600.0,26700.0,26900.0,21817
202604020915,26900.0,27200.0,26850.0,27100.0,19165
202604020930,27000.0,27300.0,26800.0,27050.0,63111
202604020945,27100.0,27450.0,26750.0,27400.0,39387
202604021000,27450.0,27450.0,26600.0,27000.0,34247
202604021015,26950.0,27100.0,26300.0,26400.0,21019
202604021030,26350.0,26500.0,25950.0,26000.0,16030
202604021045,26000.0,26300.0,25550.0,26200.0,56488
202604021100,26150.0,26150.0,25700.0,25800.0,12210
202604021115,25850.0,25900.0,25550.0,25550.0,10350
202604021130,25600.0,25750.0,25450.0,25700.0,8554
202604021145,25700.0,26000.0,25550.0,25700.0,5297
202604021200,25700.0,26000.0,25550.0,25800.0,5582
202604021215,25800.0,25800.0,25500.0,25600.0,7017
202604021230,25600.0,25650.0,25450.0,25550.0,7254
202604021245,25550.0,25600.0,25350.0,25400.0,9742
202604021300,25450.0,25750.0,25300.0,25600.0,7306
202604021315,25600.0,25750.0,25450.0,25500.0,4624
202604021330,25450.0,25550.0,25350.0,25400.0,6316
202604021345,25400.0,25600.0,25350.0,25500.0,10377
202604021400,25450.0,25600.0,25350.0,25450.0,6934
202604021415,25450.0,25550.0,25350.0,25450.0,6014
202604021430,25450.0,25600.0,25200.0,25250.0,16216
202604021445,25250.0,25300.0,25100.0,25150.0,14062
202604021500,25100.0,25350.0,25050.0,25350.0,12659
202604021515,25350.0,25550.0,25300.0,25550.0,5692
202604030900,26150.0,26300.0,25950.0,26000.0,14224
202604030915,26025.0,26100.0,25800.0,25850.0,8302
202604030930,25850.0,25950.0,25700.0,25850.0,6375
202604030945,25850.0,26200.0,25800.0,26200.0,1920
202604031000,26200.0,26200.0,25950.0,26050.0,2478
202604031015,26050.0,26050.0,25950.0,26050.0,1272
202604031030,26050.0,26050.0,25750.0,25750.0,5532
202604031045,25750.0,25850.0,25500.0,25550.0,6857
202604031100,25550.0,25800.0,25500.0,25600.0,3704
202604031115,25600.0,25600.0,25500.0,25600.0,4395
202604031130,25600.0,25600.0,25350.0,25450.0,4203
202604031145,25400.0,25550.0,25300.0,25550.0,4181
202604031200,25600.0,25600.0,25400.0,25500.0,1625
202604031215,25500.0,25550.0,25400.0,25500.0,5532
202604031230,25500.0,25600.0,25450.0,25600.0,1650
202604031245,25600.0,25650.0,25500.0,25600.0,1479
202604031300,25600.0,25700.0,25550.0,25600.0,3172
202604031315,25600.0,25700.0,25550.0,25600.0,2674
202604031330,25600.0,25700.0,25550.0,25600.0,1289
202604031345,25550.0,25700.0,25500.0,25650.0,2764
202604031400,25700.0,25900.0,25650.0,25800.0,6208
202604031415,25800.0,25800.0,25650.0,25700.0,3999
202604031430,25700.0,25750.0,25650.0,25750.0,2895
202604031445,25750.0,25850.0,25700.0,25850.0,2606
202604031500,25850.0,25850.0,25750.0,25850.0,1169
202604031515,25850.0,25850.0,25750.0,25850.0,4536
202604060900,26250.0,26550.0,26150.0,26400.0,11901
202604060915,26400.0,26400.0,25950.0,26050.0,12502
202604060930,26050.0,26100.0,25900.0,26100.0,8581
202604060945,26050.0,26250.0,25950.0,26200.0,3259
202604061000,26150.0,26150.0,25850.0,25850.0,3895
202604061015,25850.0,25900.0,25800.0,25900.0,5360
202604061030,25900.0,25900.0,25750.0,25750.0,3566
202604061045,25800.0,25800.0,25650.0,25750.0,5639
202604061100,25800.0,25950.0,25650.0,25850.0,2685
202604061115,25850.0,26150.0,25850.0,26100.0,3660
202604061130,26100.0,26100.0,25900.0,25950.0,6479
202604061145,25950.0,25950.0,25850.0,25900.0,1440
202604061200,25850.0,25900.0,25750.0,25800.0,1847
202604061215,25800.0,25850.0,25650.0,25650.0,5491
202604061230,25700.0,25700.0,25550.0,25550.0,2874
202604061245,25600.0,25700.0,25500.0,25600.0,4000
202604061300,25600.0,25650.0,25550.0,25600.0,2525
202604061315,25600.0,25650.0,25550.0,25550.0,2502
202604061330,25550.0,25800.0,25550.0,25800.0,2623
202604061345,25800.0,25800.0,25650.0,25650.0,3533
202604061400,25700.0,25800.0,25650.0,25750.0,1528
202604061415,25750.0,25850.0,25700.0,25800.0,1468
202604061430,25750.0,25800.0,25650.0,25700.0,1830
202604061445,25750.0,25800.0,25650.0,25650.0,1257
202604061500,25700.0,25800.0,25650.0,25700.0,4060
202604061515,25700.0,25800.0,25700.0,25750.0,2112
202604070900,26400.0,26400.0,26000.0,26250.0,18152
202604070915,26250.0,26400.0,26100.0,26400.0,9416
202604070930,26400.0,26450.0,26300.0,26450.0,6671
202604070945,26450.0,27200.0,26350.0,26950.0,33147
202604071000,26900.0,27200.0,26750.0,27150.0,22676
202604071015,27150.0,27800.0,26950.0,27550.0,64959
202604071030,27550.0,28100.0,27500.0,27950.0,71975
202604071045,27950.0,28050.0,27300.0,27550.0,27561
202604071100,27550.0,27650.0,27150.0,27450.0,16983
202604071115,27450.0,27650.0,27050.0,27650.0,16701
202604071130,27600.0,27750.0,27500.0,27550.0,9554
202604071145,27550.0,27650.0,27350.0,27550.0,10827
202604071200,27550.0,27700.0,27500.0,27600.0,8960
202604071215,27600.0,27700.0,27500.0,27700.0,6135
202604071230,27700.0,27700.0,27350.0,27350.0,18277
202604071245,27400.0,27500.0,27050.0,27100.0,10011
202604071300,27100.0,27150.0,26800.0,26950.0,10858
202604071315,26950.0,27100.0,26800.0,27050.0,11698
202604071330,27050.0,27200.0,27000.0,27150.0,6801
202604071345,27100.0,27150.0,26950.0,27000.0,3465
202604071400,27000.0,27100.0,26900.0,27000.0,4468
202604071415,27000.0,27000.0,26800.0,26950.0,4044
202604071430,26900.0,26950.0,26750.0,26900.0,8848
202604071445,26900.0,27050.0,26850.0,26950.0,5034
202604071500,27000.0,27300.0,27000.0,27050.0,17214
202604071515,27100.0,27300.0,27050.0,27100.0,13455
202604080900,28450.0,29100.0,28400.0,28800.0,74624
202604080915,28700.0,29100.0,28600.0,28900.0,30999
202604080930,28950.0,29000.0,28650.0,28900.0,18177
202604080945,28900.0,29450.0,28900.0,29400.0,37894
202604081000,29400.0,29750.0,29350.0,29700.0,29533
202604081015,29700.0,29750.0,29300.0,29400.0,20636
202604081030,29300.0,29500.0,29200.0,29300.0,12076
202604081045,29300.0,29300.0,29100.0,29100.0,11091
202604081100,29150.0,29300.0,29050.0,29250.0,10530
202604081115,29200.0,29400.0,29200.0,29350.0,9677
202604081130,29400.0,29450.0,29250.0,29300.0,13794
202604081145,29400.0,29500.0,29300.0,29300.0,8747
202604081200,29400.0,29450.0,29200.0,29300.0,9207
202604081215,29250.0,29400.0,29200.0,29350.0,9943
202604081230,29400.0,29450.0,29200.0,29300.0,12046
202604081245,29350.0,29400.0,29200.0,29300.0,8847
202604081300,29350.0,29500.0,29250.0,29350.0,13208
202604081315,29350.0,29500.0,29300.0,29450.0,8937
202604081330,29450.0,29550.0,29300.0,29550.0,11043
202604081345,29450.0,29600.0,29450.0,29450.0,10545
202604081400,29450.0,29500.0,29300.0,29300.0,9304
202604081415,29350.0,29400.0,29200.0,29200.0,11094
202604081430,29250.0,29350.0,29150.0,29350.0,12765
202604081445,29350.0,29450.0,29150.0,29350.0,7560
202604081500,29350.0,29500.0,29250.0,29500.0,12946
202604081515,29500.0,29550.0,29500.0,29550.0,8624
202604090900,29250.0,30850.0,29150.0,30500.0,90295
202604090915,30550.0,31000.0,30400.0,31000.0,59456
202604090930,31000.0,31450.0,30900.0,31350.0,93841
202604090945,31350.0,31350.0,30650.0,30800.0,36327
202604091000,30850.0,31050.0,30400.0,30550.0,29608
202604091015,30550.0,30550.0,30200.0,30350.0,21432
202604091030,30200.0,30450.0,30200.0,30200.0,22732
202604091045,30250.0,30500.0,30150.0,30450.0,10915
202604091100,30500.0,30700.0,30400.0,30650.0,11945
202604091115,30550.0,30750.0,30450.0,30600.0,11413
202604091130,30600.0,30650.0,30350.0,30450.0,14349
202604091145,30450.0,30600.0,30400.0,30500.0,14440
202604091200,30500.0,30550.0,30250.0,30350.0,7882
202604091215,30350.0,30500.0,30300.0,30500.0,8400
202604091230,30450.0,30550.0,30350.0,30400.0,5698
202604091245,30350.0,30450.0,30200.0,30250.0,11154
202604091300,30250.0,30300.0,30150.0,30250.0,8351
202604091315,30250.0,30250.0,30050.0,30150.0,12461
202604091330,30050.0,30250.0,30000.0,30200.0,8534
202604091345,30100.0,30300.0,30100.0,30250.0,9944
202604091400,30200.0,30300.0,30100.0,30250.0,8866
202604091415,30200.0,30450.0,30150.0,30400.0,10634
202604091430,30400.0,30450.0,30250.0,30250.0,9482
202604091445,30250.0,30400.0,30150.0,30350.0,13028
202604091500,30300.0,30350.0,29950.0,30150.0,19869
202604091515,30250.0,30500.0,30150.0,30500.0,17466
202604100900,30750.0,31500.0,30650.0,31200.0,26306
202604100915,31200.0,31650.0,30650.0,30800.0,33051
202604100930,30850.0,31550.0,30750.0,31300.0,28634
202604100945,31300.0,31600.0,31250.0,31400.0,17724
202604101000,31300.0,31500.0,31050.0,31100.0,11884
202604101015,31100.0,31250.0,30900.0,30900.0,9392
202604101030,30950.0,31150.0,30900.0,30950.0,11536
202604101045,30950.0,31050.0,30850.0,30950.0,4693
202604101100,30950.0,31300.0,30900.0,31050.0,7435
202604101115,31100.0,31200.0,31050.0,31150.0,3546
202604101130,31150.0,31250.0,31050.0,31050.0,4267
202604101145,31050.0,31200.0,30900.0,31000.0,7912
202604101200,31000.0,31050.0,30850.0,30950.0,8389
202604101215,30950.0,31000.0,30850.0,31000.0,4727
202604101230,30900.0,31250.0,30900.0,31200.0,7888
202604101245,31200.0,31500.0,31150.0,31450.0,13116
202604101300,31400.0,31800.0,31400.0,31600.0,27271
202604101315,31600.0,31850.0,31550.0,31850.0,13028
202604101330,31800.0,32250.0,31800.0,31950.0,49718
202604101345,31850.0,32150.0,31850.0,32100.0,16132
202604101400,32050.0,32150.0,31900.0,31950.0,9063
202604101415,31900.0,32350.0,31900.0,32100.0,25176
202604101430,32100.0,32450.0,32100.0,32200.0,30882
202604101445,32200.0,32200.0,31950.0,32050.0,20819
202604101500,31950.0,32200.0,31700.0,32150.0,27870
202604101515,32150.0,32450.0,32150.0,32350.0,28513
202604130900,31300.0,33200.0,31200.0,33050.0,79101
202604130915,33150.0,34500.0,33100.0,34500.0,147290
202604130930,34500.0,36000.0,34150.0,36000.0,215502
202604130945,36000.0,36350.0,35250.0,35600.0,117521
202604131000,35550.0,36400.0,35500.0,36050.0,87515
202604131015,36050.0,36500.0,35900.0,36050.0,67229
202604131030,36000.0,36250.0,35600.0,35850.0,46461
202604131045,35850.0,36500.0,35750.0,36100.0,67509
202604131100,36100.0,36200.0,35800.0,36200.0,31157
202604131115,36200.0,36300.0,35550.0,35600.0,29131
202604131130,35600.0,36000.0,35550.0,35950.0,16480
202604131145,35950.0,35950.0,35750.0,35800.0,12570
202604131200,35800.0,35850.0,35250.0,35300.0,17450
202604131215,35300.0,35650.0,35200.0,35500.0,22128
202604131230,35550.0,35650.0,35250.0,35650.0,15363
202604131245,35650.0,35700.0,35500.0,35550.0,9328
202604131300,35550.0,35700.0,35500.0,35650.0,9980
202604131315,35650.0,35900.0,35650.0,35850.0,13831
202604131330,35850.0,35900.0,35650.0,35900.0,13154
202604131345,35900.0,35950.0,35750.0,35750.0,17050
202604131400,35750.0,35900.0,35650.0,35800.0,16477
202604131415,35750.0,36000.0,35700.0,35950.0,24039
202604131430,35950.0,36350.0,35900.0,36300.0,61397
202604131445,36300.0,36400.0,36050.0,36150.0,29645
202604131500,36200.0,36500.0,36050.0,36450.0,40509
202604131515,36450.0,37000.0,36450.0,36900.0,81126
202604140900,38500.0,39350.0,37700.0,39300.0,192990
202604140915,39300.0,39300.0,38500.0,38700.0,78952
202604140930,38700.0,38900.0,38150.0,38700.0,63435
202604140945,38700.0,38900.0,38400.0,38750.0,48821
202604141000,38750.0,38900.0,38500.0,38750.0,70727
202604141015,38750.0,39200.0,38500.0,38500.0,57645
202604141030,38600.0,38650.0,38250.0,38350.0,31534
202604141045,38400.0,38700.0,38350.0,38550.0,18463
202604141100,38550.0,38800.0,38550.0,38650.0,19735
202604141115,38600.0,38700.0,38500.0,38700.0,15177
202604141130,38700.0,38950.0,38550.0,38950.0,24772
202604141145,38950.0,39000.0,38800.0,38850.0,17938
202604141200,38850.0,39000.0,38750.0,38750.0,15316
202604141215,38750.0,38950.0,38750.0,38850.0,21442
202604141230,38800.0,39200.0,38750.0,38850.0,56817
202604141245,38900.0,38950.0,38750.0,38850.0,14275
202604141300,38850.0,39150.0,38800.0,39000.0,24575
202604141315,39050.0,39050.0,38650.0,38750.0,29646
202604141330,38700.0,38850.0,38650.0,38850.0,16772
202604141345,38850.0,39000.0,38700.0,38750.0,16153
202604141400,38750.0,39000.0,38700.0,38950.0,15343
202604141415,38950.0,39250.0,38850.0,38950.0,32867
202604141430,38950.0,39000.0,38700.0,38750.0,15021
202604141445,38750.0,39200.0,38700.0,39100.0,30371
202604141500,39100.0,39150.0,38950.0,38950.0,39658
202604141515,38950.0,39100.0,38900.0,39100.0,24370
202604150900,39700.0,39750.0,38650.0,39400.0,148924
202604150915,39350.0,40000.0,39300.0,39850.0,42409
202604150930,39850.0,40000.0,39450.0,39900.0,32934
202604150945,39850.0,40000.0,39500.0,39750.0,24959
202604151000,39700.0,39900.0,39550.0,39750.0,15815
202604151015,39700.0,39900.0,39550.0,39600.0,13291
202604151030,39600.0,39650.0,39300.0,39500.0,20159
202604151045,39450.0,39500.0,39250.0,39250.0,14958
202604151100,39300.0,39650.0,39300.0,39450.0,17904
202604151115,39450.0,39650.0,39350.0,39550.0,8714
202604151130,39550.0,39650.0,39350.0,39650.0,9209
202604151145,39600.0,39650.0,39500.0,39550.0,7396
202604151200,39550.0,39650.0,39550.0,39650.0,9525
202604151215,39650.0,39700.0,39600.0,39650.0,5085
202604151230,39675.0,39700.0,39450.0,39550.0,13019
202604151245,39550.0,39700.0,39450.0,39600.0,8543
202604151300,39600.0,39750.0,39500.0,39550.0,12349
202604151315,39600.0,39700.0,39450.0,39500.0,6707
202604151330,39500.0,39600.0,39250.0,39350.0,31837
202604151345,39350.0,39700.0,39250.0,39700.0,10853
202604151400,39650.0,39700.0,39350.0,39450.0,7938
202604151415,39500.0,39650.0,39450.0,39500.0,8354
202604151430,39550.0,39650.0,39100.0,39150.0,25329
202604151445,39200.0,39500.0,39100.0,39400.0,15904
202604151500,39400.0,39450.0,39200.0,39350.0,13367
202604151515,39400.0,39650.0,39350.0,39650.0,24353
202604160900,41350.0,41400.0,39150.0,40000.0,94219
202604160915,40050.0,40600.0,40000.0,40450.0,33308
202604160930,40450.0,40500.0,39950.0,40200.0,18355
202604160945,40200.0,40500.0,40125.0,40150.0,12837
202604161000,40150.0,41300.0,40150.0,41100.0,28568
202604161015,41100.0,41150.0,40550.0,40600.0,15988
202604161030,40600.0,40950.0,40500.0,40600.0,16164
202604161045,40600.0,40900.0,40600.0,40800.0,6503
202604161100,40800.0,42150.0,40650.0,41750.0,103703
202604161115,41750.0,42000.0,41350.0,41900.0,37743
202604161130,41950.0,42350.0,41700.0,41750.0,52022
202604161145,41800.0,42150.0,41750.0,41800.0,19998
202604161200,41800.0,41850.0,41500.0,41650.0,18129
202604161215,41650.0,42000.0,41650.0,41850.0,12805
202604161230,41800.0,41850.0,41450.0,41650.0,15688
202604161245,41650.0,41800.0,41400.0,41500.0,9154
202604161300,41450.0,41500.0,41200.0,41300.0,12036
202604161315,41200.0,41300.0,41050.0,41300.0,20826
202604161330,41300.0,41600.0,41250.0,41525.0,13112
202604161345,41550.0,42850.0,41450.0,42650.0,94903
202604161400,42700.0,42700.0,41900.0,42400.0,30514
202604161415,42350.0,42400.0,41850.0,42050.0,12263
202604161430,42050.0,42050.0,41550.0,41800.0,19019
202604161445,41800.0,42150.0,41800.0,41900.0,18890
202604161500,41850.0,42000.0,41700.0,41700.0,18715
202604161515,41750.0,42000.0,41700.0,41750.0,16756
202604170900,42300.0,42750.0,41650.0,42500.0,63190
202604170915,42450.0,42850.0,41900.0,42150.0,40220
202604170930,42150.0,42500.0,42100.0,42500.0,13413
202604170945,42500.0,42600.0,42400.0,42550.0,13984
202604171000,42525.0,43250.0,42500.0,42550.0,36751
202604171015,42500.0,42950.0,42350.0,42800.0,17274
202604171030,42800.0,42850.0,42350.0,42500.0,15060
202604171045,42450.0,42500.0,42200.0,42350.0,11368
202604171100,42350.0,42400.0,41650.0,41850.0,16797
202604171115,41800.0,42550.0,41800.0,42300.0,23843
202604171130,42300.0,42450.0,42150.0,42400.0,5835
202604171145,42400.0,42450.0,42250.0,42400.0,4802
202604171200,42350.0,42400.0,42200.0,42250.0,5086
202604171215,42200.0,42250.0,42000.0,42100.0,9225
202604171230,42100.0,42150.0,41800.0,42000.0,18374
202604171245,42000.0,42150.0,41850.0,42100.0,10318
202604171300,42100.0,42350.0,42050.0,42300.0,13928
202604171315,42300.0,42600.0,42250.0,42550.0,7857
202604171330,42550.0,42700.0,42400.0,42450.0,6932
202604171345,42500.0,42600.0,42350.0,42600.0,6910
202604171400,42550.0,42600.0,42050.0,42200.0,22658
202604171415,42200.0,42350.0,42100.0,42300.0,6552
202604171430,42300.0,42550.0,42000.0,42250.0,22268
202604171445,42300.0,42350.0,41950.0,42200.0,27751
202604171500,42100.0,42350.0,42000.0,42250.0,10675
202604171515,42250.0,42500.0,42250.0,42500.0,14249
202604200900,43000.0,43050.0,40900.0,41850.0,92182
202604200915,41850.0,42600.0,41600.0,42400.0,26129
202604200930,42400.0,42600.0,42250.0,42400.0,17830
202604200945,42400.0,42850.0,42350.0,42600.0,18856
202604201000,42550.0,42600.0,41800.0,42150.0,28289
202604201015,42125.0,42550.0,42050.0,42450.0,12494
202604201030,42500.0,42750.0,42250.0,42500.0,15787
202604201045,42500.0,43500.0,42450.0,42800.0,53685
202604201100,42800.0,43250.0,42650.0,43050.0,14312
202604201115,43050.0,43300.0,43050.0,43050.0,13994
202604201130,43100.0,43200.0,42800.0,42950.0,12652
202604201145,42900.0,43000.0,42800.0,42850.0,14095
202604201200,42950.0,43250.0,42800.0,43100.0,11168
202604201215,43100.0,43250.0,43000.0,43150.0,10506
202604201230,43200.0,43250.0,43000.0,43000.0,13291
202604201245,43000.0,43200.0,42950.0,43200.0,13880
202604201300,43200.0,43300.0,42950.0,43100.0,12371
202604201315,43100.0,43150.0,42800.0,42800.0,20836
202604201330,42800.0,43000.0,42650.0,42850.0,22467
202604201345,42850.0,43000.0,42700.0,42800.0,8951
202604201400,42750.0,43000.0,42750.0,42850.0,6073
202604201415,42900.0,43250.0,42850.0,43100.0,12390
202604201430,43050.0,43300.0,43000.0,43100.0,10758
202604201445,43150.0,43200.0,43050.0,43150.0,5112
202604201500,43150.0,43300.0,43050.0,43250.0,8557
202604201515,43250.0,43300.0,43150.0,43150.0,9121
202604210900,43750.0,43750.0,42300.0,42400.0,79753
202604210915,42400.0,43050.0,42250.0,42500.0,62988
202604210930,42450.0,43100.0,42450.0,42700.0,21151
202604210945,42650.0,42900.0,42450.0,42650.0,16630
202604211000,42700.0,42850.0,42450.0,42850.0,14104
202604211015,42850.0,42900.0,42500.0,42750.0,14599
202604211030,42750.0,42950.0,42550.0,42900.0,10670
202604211045,42850.0,42950.0,42700.0,42800.0,9809
202604211100,42800.0,42900.0,42600.0,42650.0,8131
202604211115,42600.0,42650.0,42500.0,42550.0,9875
202604211130,42600.0,42700.0,42500.0,42500.0,8030
202604211145,42500.0,42600.0,42500.0,42600.0,6981
202604211200,42600.0,42800.0,42550.0,42750.0,6670
202604211215,42750.0,42800.0,42600.0,42800.0,7087
202604211230,42800.0,42900.0,42700.0,42800.0,12112
202604211245,42750.0,42900.0,42700.0,42800.0,7103
202604211300,42850.0,43000.0,42700.0,42900.0,8650
202604211315,42950.0,43000.0,42750.0,42750.0,9483
202604211330,42800.0,42900.0,42650.0,42750.0,11387
202604211345,42750.0,43200.0,42600.0,43100.0,17797
202604211400,43100.0,43450.0,43100.0,43150.0,24664
202604211415,43200.0,43250.0,43000.0,43100.0,7205
202604211430,43100.0,43200.0,42950.0,43150.0,13279
202604211445,43150.0,43250.0,43050.0,43200.0,12772
202604211500,43150.0,43250.0,43100.0,43200.0,12806
202604211515,43250.0,43250.0,43100.0,43250.0,10713
202604220900,42700.0,43500.0,42350.0,43400.0,22424
202604220915,43350.0,44100.0,43250.0,43500.0,33271
202604220930,43500.0,43800.0,43250.0,43300.0,10936
202604220945,43250.0,43300.0,42700.0,42950.0,16644
202604221000,42850.0,43100.0,42700.0,43000.0,8066
202604221015,43000.0,43650.0,43000.0,43650.0,16999
202604221030,43650.0,43800.0,43200.0,43700.0,14545
202604221045,43750.0,44300.0,43650.0,43975.0,31622
202604221100,43950.0,44150.0,43700.0,44050.0,13513
202604221115,44000.0,44050.0,43650.0,43650.0,7984
202604221130,43650.0,44100.0,43650.0,44000.0,11139
202604221145,44000.0,44200.0,43950.0,44150.0,8053
202604221200,44200.0,44250.0,44000.0,44050.0,10510
202604221215,44000.0,44050.0,43850.0,44000.0,11464
202604221230,44000.0,45150.0,43850.0,44650.0,85792
202604221245,44650.0,44900.0,44400.0,44700.0,28497
202604221300,44700.0,44750.0,44000.0,44200.0,19713
202604221315,44200.0,44500.0,43850.0,44200.0,16404
202604221330,44150.0,44850.0,44000.0,44550.0,24811
202604221345,44500.0,44650.0,44200.0,44350.0,13144
202604221400,44400.0,44700.0,44300.0,44450.0,8826
202604221415,44500.0,44650.0,44450.0,44550.0,8263
202604221430,44600.0,44800.0,44550.0,44700.0,14428
202604221445,44700.0,44900.0,44600.0,44825.0,20420
202604221500,44825.0,44850.0,44650.0,44800.0,10629
202604221515,44800.0,44800.0,44700.0,44750.0,10832
202604230900,46400.0,46400.0,44550.0,45250.0,77576
202604230915,45300.0,45700.0,45100.0,45500.0,31750
202604230930,45600.0,45600.0,44850.0,45300.0,16768
202604230945,45250.0,45800.0,45050.0,45800.0,14338
202604231000,45800.0,46050.0,45100.0,45450.0,19318
202604231015,45450.0,46050.0,45150.0,45850.0,13022
202604231030,45900.0,46250.0,45650.0,46250.0,9959
202604231045,46200.0,46250.0,45400.0,45500.0,13422
202604231100,45500.0,45600.0,44950.0,45300.0,23107
202604231115,45300.0,45400.0,45100.0,45150.0,6291
202604231130,45150.0,45900.0,45000.0,45200.0,23985
202604231145,45200.0,45450.0,44950.0,45050.0,11307
202604231200,45050.0,45050.0,44350.0,44850.0,33542
202604231215,44800.0,45200.0,44500.0,44950.0,12999
202604231230,44950.0,45300.0,44350.0,45200.0,21375
202604231245,45250.0,45850.0,45200.0,45700.0,17770
202604231300,45700.0,45750.0,45050.0,45300.0,9408
202604231315,45200.0,45600.0,45100.0,45350.0,6673
202604231330,45350.0,45550.0,45350.0,45500.0,6474
202604231345,45500.0,45550.0,45400.0,45550.0,5665
202604231400,45500.0,45550.0,45350.0,45450.0,7913
202604231415,45400.0,45450.0,45150.0,45150.0,11391
202604231430,45200.0,45250.0,44950.0,45100.0,14739
202604231445,45100.0,45300.0,45050.0,45250.0,6296
202604231500,45250.0,45300.0,44950.0,45200.0,13841
202604231515,45150.0,45350.0,45150.0,45350.0,6006
202604240900,45050.0,45200.0,43150.0,43200.0,56408
202604240915,43200.0,44200.0,43050.0,43750.0,25529
202604240930,43700.0,44350.0,43700.0,44000.0,16351
202604240945,44000.0,44400.0,43750.0,44000.0,13184
202604241000,44000.0,44000.0,43500.0,43700.0,17442
202604241015,43700.0,43950.0,43650.0,43700.0,10281
202604241030,43750.0,44000.0,43550.0,44000.0,11928
202604241045,44000.0,44450.0,44000.0,44400.0,12010
202604241100,44400.0,44500.0,44100.0,44150.0,13683
202604241115,44150.0,44250.0,43900.0,43950.0,6208
202604241130,44000.0,44150.0,43850.0,43900.0,5721
202604241145,43900.0,44100.0,43750.0,44050.0,8104
202604241200,44100.0,44300.0,43950.0,44100.0,5014
202604241215,44100.0,44250.0,43900.0,43950.0,6557
202604241230,43900.0,44000.0,43750.0,43800.0,29759
202604241245,43800.0,43900.0,43700.0,43850.0,6113
202604241300,43850.0,44100.0,43750.0,44100.0,10728
202604241315,44100.0,44200.0,43950.0,44150.0,6264
202604241330,44100.0,44100.0,43950.0,44000.0,5054
202604241345,44100.0,44250.0,43700.0,43950.0,10765
202604241400,43900.0,44000.0,43700.0,43900.0,9044
202604241415,43900.0,44250.0,43800.0,44100.0,12606
202604241430,44100.0,44300.0,44050.0,44200.0,16084
202604241445,44200.0,44500.0,44150.0,44350.0,19387
202604241500,44350.0,44400.0,44150.0,44200.0,8250
202604241515,44200.0,44400.0,44200.0,44400.0,10996
202604270900,45200.0,46300.0,45150.0,45700.0,40116
202604270915,45700.0,46500.0,45350.0,45650.0,25386
202604270930,45650.0,46500.0,45500.0,45800.0,29628
202604270945,45800.0,46250.0,45550.0,46150.0,20702
202604271000,46100.0,46100.0,45600.0,45750.0,9477
202604271015,45750.0,46000.0,45600.0,45900.0,6081
202604271030,45900.0,47300.0,45800.0,46900.0,52399
202604271045,46950.0,47300.0,46550.0,46750.0,21277
202604271100,46725.0,46750.0,46150.0,46600.0,11794
202604271115,46600.0,46850.0,46575.0,46750.0,7409
202604271130,46750.0,47350.0,46550.0,47200.0,17082
202604271145,47200.0,47300.0,46850.0,47150.0,14565
202604271200,47150.0,47350.0,47100.0,47300.0,5477
202604271215,47300.0,47600.0,47100.0,47200.0,21368
202604271230,47200.0,47250.0,46900.0,47150.0,10964
202604271245,47150.0,47350.0,47000.0,47000.0,6586
202604271300,47000.0,47100.0,46900.0,46900.0,8530
202604271315,46950.0,47050.0,46850.0,46900.0,7476
202604271330,46900.0,46950.0,46675.0,46950.0,10072
202604271345,46900.0,46950.0,46600.0,46900.0,8945
202604271400,46900.0,47100.0,46750.0,46900.0,8952
202604271415,46900.0,47000.0,46850.0,46900.0,7045
202604271430,46900.0,47000.0,46700.0,46900.0,13659
202604271445,46900.0,47150.0,46850.0,47050.0,20051
202604271500,47050.0,47150.0,47000.0,47100.0,9174
202604271515,47100.0,47200.0,47050.0,47150.0,7768
202604280900,45700.0,46500.0,44750.0,46350.0,34305
202604280915,46300.0,46500.0,45750.0,45800.0,15594
202604280930,45800.0,46000.0,45700.0,45800.0,8295
202604280945,45800.0,46400.0,45800.0,46350.0,10523
202604281000,46400.0,46550.0,45750.0,45750.0,13390
202604281015,45750.0,45850.0,45500.0,45750.0,17907
202604281030,45750.0,45800.0,45400.0,45600.0,12914
202604281045,45600.0,45700.0,45400.0,45450.0,5651
202604281100,45500.0,46000.0,45400.0,45900.0,7822
202604281115,45925.0,46050.0,45900.0,45950.0,5253
202604281130,45950.0,46400.0,45900.0,46200.0,4995
202604281145,46250.0,46400.0,46200.0,46350.0,2280
202604281200,46300.0,46550.0,46200.0,46400.0,8348
202604281215,46450.0,46550.0,46400.0,46550.0,2296
202604281230,46550.0,46750.0,46450.0,46500.0,3568
202604281245,46500.0,46750.0,46450.0,46650.0,4166
202604281300,46650.0,46650.0,46450.0,46450.0,2617
202604281315,46450.0,46500.0,46350.0,46400.0,3353
202604281330,46400.0,46750.0,46400.0,46600.0,4489
202604281345,46650.0,46700.0,46400.0,46450.0,4079
202604281400,46450.0,46650.0,46350.0,46350.0,5567
202604281415,46350.0,46400.0,46150.0,46150.0,8129
202604281430,46150.0,46200.0,45950.0,46050.0,14181
202604281445,46050.0,46250.0,45850.0,46050.0,13015
202604281500,46050.0,46250.0,45950.0,46200.0,13241
202604281515,46200.0,46300.0,46150.0,46200.0,9244
202604290900,44950.0,46600.0,44950.0,46100.0,31621
202604290915,46100.0,46800.0,45800.0,46700.0,19157
202604290930,46750.0,46800.0,46300.0,46350.0,7047
202604290945,46350.0,46400.0,45950.0,46400.0,5727
202604291000,46350.0,47200.0,46000.0,46800.0,20393
202604291015,46800.0,47050.0,46600.0,46650.0,10968
202604291030,46650.0,46950.0,46500.0,46700.0,5892
202604291045,46700.0,47450.0,46650.0,47400.0,11552
202604291100,47400.0,47600.0,46950.0,46950.0,21057
202604291115,46950.0,47200.0,46900.0,46950.0,5688
202604291130,47000.0,47200.0,46850.0,47100.0,3388
202604291145,47125.0,47450.0,47100.0,47300.0,7590
202604291200,47300.0,47400.0,47200.0,47300.0,1859
202604291215,47250.0,47800.0,47150.0,47800.0,8696
202604291230,47800.0,48250.0,47750.0,48150.0,24973
202604291245,48150.0,48450.0,48050.0,48050.0,18503
202604291300,48100.0,48100.0,47450.0,47600.0,12006
202604291315,47600.0,49900.0,47600.0,49000.0,71804
202604291330,49000.0,50300.0,48950.0,49250.0,53491
202604291345,49250.0,49650.0,49100.0,49550.0,22351
202604291400,49550.0,49650.0,49200.0,49300.0,17532
202604291415,49300.0,49600.0,49050.0,49550.0,16405
202604291430,49450.0,49600.0,49200.0,49400.0,12090
202604291445,49350.0,49950.0,49300.0,49850.0,31829
202604291500,49850.0,49950.0,49550.0,49700.0,20361
202604291515,49750.0,49750.0,49550.0,49600.0,10992
202604300900,50500.0,51900.0,50100.0,51000.0,76342
202604300915,51000.0,52300.0,50600.0,50900.0,49740
202604300930,51000.0,51300.0,49950.0,50400.0,35142
202604300945,50300.0,50500.0,49500.0,50000.0,26493
202604301000,50000.0,50800.0,49800.0,50300.0,10719
202604301015,50300.0,50800.0,50200.0,50200.0,6942
202604301030,50200.0,50200.0,49900.0,49900.0,6216
202604301045,49950.0,50000.0,49700.0,49950.0,6754
202604301100,50000.0,50300.0,50000.0,50100.0,5451
202604301115,50100.0,50100.0,49350.0,49450.0,14493
202604301130,49450.0,49450.0,49200.0,49250.0,10625
202604301145,49200.0,49300.0,48900.0,49100.0,14846
202604301200,49100.0,49100.0,48750.0,48750.0,7577
202604301215,48750.0,48900.0,48700.0,48850.0,7040
202604301230,48800.0,49300.0,48800.0,49150.0,7296
202604301245,49150.0,49150.0,48900.0,49050.0,3619
202604301300,49050.0,49100.0,48850.0,48850.0,7451
202604301315,48800.0,48850.0,48500.0,48550.0,10985
202604301330,48550.0,48700.0,48350.0,48700.0,8562
202604301345,48650.0,48800.0,48350.0,48450.0,8144
202604301400,48400.0,48650.0,48250.0,48500.0,9704
202604301415,48550.0,48700.0,48400.0,48550.0,4567
202604301430,48600.0,48900.0,48450.0,48850.0,5666
202604301445,48850.0,49000.0,48650.0,48650.0,6800
202604301500,48650.0,48700.0,48450.0,48450.0,7974
202604301515,48450.0,48500.0,48400.0,48500.0,5143
202605040900,50400.0,50700.0,49700.0,49900.0,39391
202605040915,49850.0,50100.0,48950.0,49650.0,22728
202605040930,49650.0,50800.0,49550.0,50500.0,31612
202605040945,50500.0,50500.0,49950.0,50000.0,12128
202605041000,50000.0,50100.0,49900.0,50100.0,7114
202605041015,50100.0,50700.0,50000.0,50100.0,19169
202605041030,50100.0,50400.0,50000.0,50000.0,5110
202605041045,50000.0,50100.0,49350.0,49650.0,15001
202605041100,49650.0,49800.0,49500.0,49700.0,9209
202605041115,49650.0,49750.0,49400.0,49650.0,24201
202605041130,49650.0,49800.0,49500.0,49600.0,4521
202605041145,49600.0,49950.0,49550.0,49750.0,7418
202605041200,49700.0,49900.0,49600.0,49800.0,2794
202605041215,49800.0,49850.0,49650.0,49650.0,2496
202605041230,49650.0,50400.0,49600.0,50200.0,11860
202605041245,50200.0,50300.0,49900.0,50200.0,7707
202605041300,50100.0,50500.0,50100.0,50200.0,8031
202605041315,50200.0,50300.0,50000.0,50100.0,4392
202605041330,50100.0,50300.0,50000.0,50000.0,5295
202605041345,50000.0,50300.0,50000.0,50000.0,5118
202605041400,50000.0,50200.0,49950.0,50100.0,3534
202605041415,50100.0,50300.0,49950.0,50000.0,11528
202605041430,50100.0,50100.0,49900.0,49950.0,7584
202605041445,50000.0,50200.0,49950.0,50000.0,9565
202605041500,50000.0,50200.0,49950.0,50100.0,8301
202605041515,50100.0,50200.0,50100.0,50100.0,5444
202605060900,51700.0,53000.0,50500.0,52500.0,87781
202605060915,52400.0,53800.0,52300.0,53500.0,66918
202605060930,53600.0,56300.0,53400.0,56200.0,139551
202605060945,56200.0,59200.0,56200.0,58000.0,144484
202605061000,58100.0,59900.0,58000.0,59500.0,135238
202605061015,59500.0,61100.0,57400.0,57600.0,164614
202605061030,57600.0,58700.0,56400.0,56600.0,58119
202605061045,56700.0,57500.0,56100.0,56600.0,44115
202605061100,56600.0,56600.0,55900.0,56100.0,46718
202605061115,56100.0,56500.0,55900.0,56200.0,24058
202605061130,56200.0,56600.0,55900.0,56300.0,20109
202605061145,56300.0,56500.0,55900.0,56300.0,12566
202605061200,56400.0,56500.0,55900.0,56200.0,10785
202605061215,56100.0,56600.0,55900.0,56000.0,15113
202605061230,56100.0,56300.0,55500.0,55800.0,24110
202605061245,55800.0,56000.0,55200.0,55400.0,22406
202605061300,55300.0,55400.0,54700.0,54800.0,29262
202605061315,54800.0,55900.0,54600.0,55100.0,36368
202605061330,55100.0,55800.0,54800.0,55600.0,22485
202605061345,55500.0,55800.0,54800.0,54800.0,20268
202605061400,54800.0,56300.0,54600.0,55500.0,35114
202605061415,55500.0,56300.0,55500.0,56100.0,52747
202605061430,56000.0,56800.0,55800.0,56700.0,26930
202605061445,56750.0,57100.0,56600.0,56800.0,16902
202605061500,56800.0,57000.0,56700.0,56800.0,16005
202605061515,56800.0,57100.0,56700.0,56900.0,20244
202605070900,59200.0,60000.0,56900.0,58900.0,109796
202605070915,59000.0,59000.0,56000.0,56700.0,58059
202605070930,56700.0,58300.0,56500.0,57800.0,29282
202605070945,57800.0,58300.0,57500.0,57700.0,10291
202605071000,57700.0,58100.0,57000.0,57900.0,18227
202605071015,58000.0,58000.0,56300.0,57100.0,23110
202605071030,57200.0,57500.0,56300.0,57400.0,10934
202605071045,57500.0,58400.0,57400.0,58400.0,12712
202605071100,58400.0,59000.0,58400.0,58800.0,21830
202605071115,58800.0,59000.0,58400.0,58500.0,8837
202605071130,58600.0,58800.0,58300.0,58300.0,4819
202605071145,58300.0,58700.0,57700.0,58200.0,11554
202605071200,58200.0,58600.0,57900.0,58200.0,3283
202605071215,58250.0,58800.0,58200.0,58500.0,5802
202605071230,58500.0,58700.0,58300.0,58500.0,4299
202605071245,58500.0,58900.0,58000.0,58100.0,20729
202605071300,58100.0,58400.0,58100.0,58400.0,8457
202605071315,58300.0,58700.0,58200.0,58600.0,6026
202605071330,58500.0,58500.0,57800.0,58000.0,8282
202605071345,57900.0,58200.0,57900.0,57900.0,4927
202605071400,57900.0,58400.0,57900.0,58200.0,6495
202605071415,58200.0,58400.0,57500.0,57800.0,30546
202605071430,57800.0,58100.0,57500.0,57900.0,10944
202605071445,57800.0,58400.0,57800.0,57800.0,9210
202605071500,57900.0,58000.0,57500.0,57600.0,15976
202605071515,57600.0,58000.0,57300.0,58000.0,11324
202605080900,57500.0,58400.0,56100.0,58100.0,37268
202605080915,58100.0,58400.0,57600.0,58300.0,17620
202605080930,58200.0,58400.0,57600.0,57700.0,17110
202605080945,57700.0,57900.0,57200.0,57900.0,10008
202605081000,57800.0,59000.0,57500.0,58600.0,20704
202605081015,58600.0,59300.0,57600.0,57900.0,16463
202605081030,57800.0,58000.0,57000.0,57300.0,16686
202605081045,57400.0,57500.0,57100.0,57100.0,7387
202605081100,57200.0,57200.0,56700.0,56900.0,12134
202605081115,56900.0,57600.0,56800.0,57000.0,5437
202605081130,57100.0,57500.0,57000.0,57400.0,3845
202605081145,57400.0,57700.0,57400.0,57400.0,3151
202605081200,57400.0,58000.0,57400.0,57600.0,2985
202605081215,57700.0,57800.0,57500.0,57500.0,2050
202605081230,57500.0,57800.0,57400.0,57400.0,2750
202605081245,57450.0,57900.0,57400.0,57800.0,2563
202605081300,57800.0,58000.0,57600.0,57800.0,3233
202605081315,57700.0,58500.0,57700.0,58300.0,5584
202605081330,58400.0,58500.0,58000.0,58000.0,8909
202605081345,58000.0,58400.0,57900.0,58100.0,4519
202605081400,58000.0,58300.0,57900.0,58300.0,3454
202605081415,58300.0,58500.0,58200.0,58500.0,7111
202605081430,58500.0,58500.0,58100.0,58300.0,5571
202605081445,58300.0,58400.0,58200.0,58400.0,4260
202605081500,58300.0,58700.0,58300.0,58500.0,6868
202605081515,58500.0,58700.0,58300.0,58700.0,6990
202605110900,70000.0,70800.0,66400.0,67500.0,208157
202605110915,67700.0,68000.0,63800.0,64500.0,114133
202605110930,64500.0,64700.0,63050.0,64500.0,61528
202605110945,64500.0,64800.0,63300.0,63500.0,37642
202605111000,63500.0,65300.0,63400.0,65200.0,31419
202605111015,65200.0,66100.0,65100.0,65300.0,33098
202605111030,65300.0,65500.0,64500.0,64700.0,17601
202605111045,64700.0,65100.0,64600.0,64800.0,11849
202605111100,64800.0,65200.0,64500.0,65000.0,12091
202605111115,65000.0,65000.0,64500.0,64800.0,7334
202605111130,64800.0,65800.0,64800.0,65800.0,13348
202605111145,65800.0,66200.0,65300.0,66200.0,18395
202605111200,66200.0,66200.0,65500.0,66000.0,9647
202605111215,66000.0,66200.0,65500.0,66100.0,11153
202605111230,66100.0,66700.0,66000.0,66500.0,16171
202605111245,66500.0,67400.0,66200.0,66400.0,35844
202605111300,66300.0,66400.0,65100.0,65300.0,20606
202605111315,65300.0,65400.0,64400.0,65100.0,33055
202605111330,65100.0,65100.0,64100.0,64200.0,32712
202605111345,64300.0,64300.0,62700.0,63800.0,37648
202605111400,63700.0,65200.0,63600.0,65000.0,28295
202605111415,65000.0,65000.0,64500.0,64600.0,17992
202605111430,64500.0,65000.0,64300.0,65000.0,14197
202605111445,65000.0,65100.0,64500.0,64900.0,16898
202605111500,64800.0,65500.0,64800.0,65200.0,18182
202605111515,65000.0,65200.0,65000.0,65200.0,13570
202605120900,66150.0,68400.0,64100.0,66700.0,86709
202605120915,66600.0,67100.0,64000.0,64900.0,50927
202605120930,64950.0,65800.0,64400.0,65300.0,32526
202605120945,65200.0,66000.0,65100.0,65600.0,15864
202605121000,65500.0,65600.0,63500.0,63600.0,30326
202605121015,63800.0,64000.0,62500.0,62800.0,58371
202605121030,62800.0,63200.0,59500.0,63100.0,140614
202605121045,63100.0,64200.0,62300.0,62600.0,43165
202605121100,62600.0,65100.0,62600.0,64300.0,34642
202605121115,64300.0,64700.0,63900.0,64200.0,12804
202605121130,64200.0,64300.0,63000.0,64000.0,14407
202605121145,64000.0,64800.0,63800.0,64600.0,14434
202605121200,64600.0,64700.0,63500.0,63600.0,9325
202605121215,63800.0,64300.0,63600.0,64200.0,7640
202605121230,64200.0,64900.0,64200.0,64400.0,12570
202605121245,64400.0,64600.0,64000.0,64100.0,7345
202605121300,64100.0,64600.0,63700.0,63900.0,9723
202605121315,63900.0,64000.0,63500.0,63600.0,8138
202605121330,63600.0,63900.0,63200.0,63500.0,10499
202605121345,63500.0,63700.0,62700.0,63000.0,15392
202605121400,63000.0,63700.0,62500.0,62600.0,10468
202605121415,62500.0,63600.0,62200.0,63500.0,10819
202605121430,63500.0,63500.0,62800.0,62900.0,7000
202605121445,62900.0,63800.0,62900.0,63800.0,8494
202605121500,63800.0,63900.0,63200.0,63600.0,9641
202605121515,63700.0,63700.0,63500.0,63700.0,6149
202605130900,61000.0,62000.0,59700.0,59800.0,40965
202605130915,59800.0,61800.0,59600.0,60900.0,28124
202605130930,60900.0,62300.0,60500.0,61900.0,21217
202605130945,61900.0,62200.0,61300.0,61600.0,10852
202605131000,61700.0,62600.0,61400.0,62500.0,15129
202605131015,62500.0,62900.0,62100.0,62700.0,14525
202605131030,62700.0,63700.0,62400.0,63300.0,28241
202605131045,63100.0,63200.0,61500.0,61800.0,20448
202605131100,61900.0,61900.0,61200.0,61700.0,13054
202605131115,61700.0,62300.0,61600.0,62300.0,6524
202605131130,62300.0,62800.0,62100.0,62500.0,7426
202605131145,62600.0,63100.0,62300.0,62600.0,16235
202605131200,62700.0,64100.0,62500.0,63900.0,17412
202605131215,63900.0,64600.0,63900.0,64500.0,14334
202605131230,64500.0,64800.0,63800.0,63800.0,18643
202605131245,63800.0,64200.0,63700.0,63800.0,8477
202605131300,63800.0,65000.0,63700.0,64600.0,18491
202605131315,64600.0,65000.0,64600.0,64900.0,15116
202605131330,64900.0,65300.0,64400.0,64500.0,14692
202605131345,64500.0,64700.0,64000.0,64300.0,9326
202605131400,64300.0,65000.0,63800.0,64900.0,9299
202605131415,64800.0,65000.0,64100.0,64600.0,9527
202605131430,64600.0,65000.0,64400.0,64800.0,12007
202605131445,64800.0,65500.0,64600.0,65400.0,20196
202605131500,65400.0,67300.0,65200.0,66800.0,55164
202605131515,66800.0,67200.0,66500.0,66500.0,22881
202605140900,64900.0,66400.0,64100.0,64800.0,44247
202605140915,64700.0,66800.0,64700.0,66400.0,28344
202605140930,66300.0,67100.0,65400.0,65500.0,20323
202605140945,65500.0,66200.0,65100.0,65800.0,14883
202605141000,65800.0,65900.0,65100.0,65500.0,12688
202605141015,65500.0,65500.0,64400.0,65000.0,17330
202605141030,64700.0,65000.0,64400.0,64600.0,9846
202605141045,64600.0,64900.0,64300.0,64300.0,8730
202605141100,64400.0,65100.0,64400.0,64900.0,4908
202605141115,65000.0,65100.0,64800.0,64900.0,2325
202605141130,64900.0,65000.0,64000.0,64100.0,13902
202605141145,64100.0,64100.0,63700.0,64000.0,7278
202605141200,64100.0,64300.0,64000.0,64200.0,2919
202605141215,64300.0,64300.0,63800.0,64100.0,6190
202605141230,64100.0,64100.0,63700.0,63700.0,8301
202605141245,63800.0,64100.0,63700.0,63900.0,3754
202605141300,63900.0,64500.0,63700.0,64500.0,7939
202605141315,64600.0,64900.0,64300.0,64900.0,5010
202605141330,64900.0,65400.0,64500.0,65100.0,10258
202605141345,65100.0,65700.0,64600.0,64800.0,4915
202605141400,64800.0,65000.0,64100.0,64100.0,8454
202605141415,64200.0,64400.0,64000.0,64200.0,4200
202605141430,64400.0,64400.0,64000.0,64300.0,4118
202605141445,64400.0,64800.0,64000.0,64600.0,7764
202605141500,64700.0,64900.0,64500.0,64800.0,7966
202605141515,64700.0,64900.0,64600.0,64600.0,6278
202605150900,63000.0,63500.0,61000.0,63200.0,67279
202605150915,63100.0,63900.0,62300.0,63600.0,26501
202605150930,63600.0,63600.0,62400.0,62500.0,16186
202605150945,62600.0,63200.0,62000.0,62700.0,18368
202605151000,62700.0,62900.0,61800.0,62200.0,15661
202605151015,62100.0,62400.0,61500.0,61600.0,9416
202605151030,61600.0,62000.0,61300.0,61400.0,15258
202605151045,61450.0,61500.0,60400.0,60400.0,27374
202605151100,60600.0,60800.0,60100.0,60300.0,16246
202605151115,60300.0,61000.0,59900.0,60700.0,28766
202605151130,60600.0,61500.0,60300.0,61500.0,7729
202605151145,61500.0,61900.0,60900.0,61300.0,9913
202605151200,61300.0,61300.0,60300.0,60400.0,22648
202605151215,60600.0,60800.0,60400.0,60500.0,6863
202605151230,60500.0,60800.0,60000.0,60300.0,27547
202605151245,60200.0,60600.0,59800.0,60300.0,10222
202605151300,60300.0,60700.0,59800.0,59900.0,11053
202605151315,59900.0,59900.0,58700.0,58800.0,31300
202605151330,59000.0,60300.0,58850.0,59200.0,17445
202605151345,59600.0,59600.0,58600.0,58900.0,22599
202605151400,59000.0,59800.0,58800.0,59700.0,14775
202605151415,59700.0,59800.0,59000.0,59200.0,10100
202605151430,59200.0,59200.0,58400.0,58400.0,34002
202605151445,58400.0,58800.0,58200.0,58200.0,23018
202605151500,58200.0,59000.0,58000.0,58500.0,30489
202605151515,58700.0,59200.0,58500.0,59100.0,8757
202605180900,57200.0,58000.0,54700.0,54900.0,65475
202605180915,54900.0,57700.0,54400.0,57100.0,32517
202605180930,57100.0,57100.0,55600.0,55800.0,17437
202605180945,55800.0,57400.0,55700.0,57400.0,12629
202605181000,57300.0,57600.0,56300.0,57100.0,15469
202605181015,57100.0,59400.0,57000.0,59100.0,20220
202605181030,59200.0,60000.0,58500.0,59800.0,21659
202605181045,59800.0,60000.0,59300.0,59300.0,17676
202605181100,59200.0,60600.0,59200.0,60200.0,14176
202605181115,60400.0,60600.0,59900.0,60200.0,17087
202605181130,60000.0,60200.0,59700.0,60100.0,5518
202605181145,60100.0,60400.0,59300.0,59500.0,7301
202605181200,59600.0,59800.0,59100.0,59200.0,7155
202605181215,59200.0,59300.0,59000.0,59200.0,6357
202605181230,59200.0,60000.0,59000.0,59700.0,7446
202605181245,59700.0,59900.0,59200.0,59700.0,5350
202605181300,59700.0,60000.0,59200.0,59800.0,5547
202605181315,59800.0,60100.0,59200.0,59200.0,13024
202605181330,59200.0,59500.0,58900.0,59300.0,10937
202605181345,59300.0,59600.0,59100.0,59500.0,4501
202605181400,59600.0,59800.0,59200.0,59400.0,5418
202605181415,59400.0,59500.0,58500.0,59200.0,12853
202605181430,59200.0,59500.0,58900.0,59100.0,6370
202605181445,59100.0,59800.0,59100.0,59500.0,9550
202605181500,59500.0,59700.0,59400.0,59500.0,6934
202605181515,59500.0,59700.0,59400.0,59500.0,6496
202605190900,57700.0,58300.0,56500.0,56700.0,27613
202605190915,56700.0,58700.0,56000.0,58300.0,18933
202605190930,58400.0,58500.0,57200.0,57900.0,9303
202605190945,57900.0,58000.0,57000.0,57050.0,12463
202605191000,57100.0,57300.0,56600.0,56700.0,10864
202605191015,56700.0,56800.0,55000.0,55700.0,22376
202605191030,55700.0,56500.0,55400.0,56000.0,16662
202605191045,56200.0,56200.0,55400.0,55500.0,11867
202605191100,55400.0,55600.0,55000.0,55200.0,12430
202605191115,55200.0,55900.0,55100.0,55500.0,11165
202605191130,55500.0,55900.0,55200.0,55900.0,5026
202605191145,55900.0,56000.0,55400.0,55400.0,4972
202605191200,55300.0,56100.0,55200.0,56000.0,4388
202605191215,56000.0,56100.0,55300.0,55800.0,7952
202605191230,55900.0,55900.0,55300.0,55500.0,11720
202605191245,55500.0,55600.0,54800.0,55100.0,16213
202605191300,55100.0,55100.0,54400.0,54600.0,10144
202605191315,54500.0,54900.0,54000.0,54200.0,13960
202605191330,54600.0,54800.0,54200.0,54600.0,7736
202605191345,54700.0,55000.0,54400.0,54700.0,7415
202605191400,54800.0,55000.0,54300.0,54400.0,9393
202605191415,54500.0,55000.0,54100.0,54900.0,11185
202605191430,54900.0,55300.0,54600.0,55000.0,13174
202605191445,55000.0,55300.0,54800.0,55100.0,8627
202605191500,55100.0,55200.0,54600.0,54700.0,9246
202605191515,54700.0,54900.0,54600.0,54900.0,7646
202605200900,53600.0,54700.0,52100.0,52400.0,32641
202605200915,52400.0,53700.0,51900.0,53700.0,33376
202605200930,53700.0,53800.0,52800.0,53200.0,11741
202605200945,53200.0,53400.0,52600.0,53200.0,13493
202605201000,53100.0,54000.0,52500.0,54000.0,20059
202605201015,53900.0,54300.0,53000.0,53300.0,7326
202605201030,53200.0,53500.0,52800.0,53500.0,10409
202605201045,53300.0,55800.0,53300.0,55800.0,19428
202605201100,55700.0,56600.0,55300.0,56600.0,24438
202605201115,56500.0,56600.0,54900.0,55000.0,27502
202605201130,55000.0,55000.0,53200.0,53900.0,28669
202605201145,54000.0,54300.0,53700.0,54100.0,13745
202605201200,54000.0,54300.0,53600.0,53700.0,6630
202605201215,53700.0,53800.0,53100.0,53800.0,5403
202605201230,53600.0,53700.0,53300.0,53400.0,4437
202605201245,53500.0,54200.0,53200.0,54200.0,6329
202605201300,54100.0,54500.0,53800.0,54400.0,4907
202605201315,54300.0,54500.0,53900.0,54300.0,6710
202605201330,54200.0,54400.0,53500.0,53600.0,7041
202605201345,53700.0,53700.0,53100.0,53500.0,6066
202605201400,53600.0,53800.0,53200.0,53300.0,3078
202605201415,53300.0,53800.0,53200.0,53400.0,4975
202605201430,53500.0,54200.0,53500.0,53700.0,4714
202605201445,53600.0,54200.0,53300.0,54200.0,9087
202605201500,54200.0,54400.0,53800.0,54100.0,7749
202605201515,54200.0,54500.0,54100.0,54300.0,7687
202605210900,56800.0,56800.0,55300.0,56000.0,47909
202605210915,56050.0,56900.0,55900.0,56600.0,17457
202605210930,56600.0,57500.0,56400.0,57200.0,17869
202605210945,57200.0,57800.0,56900.0,57000.0,11753
202605211000,57000.0,57050.0,56500.0,56800.0,10097
202605211015,56800.0,56900.0,56500.0,56600.0,8987
202605211030,56600.0,57000.0,56500.0,56800.0,8712
202605211045,56800.0,57200.0,56600.0,57000.0,7800
202605211100,57100.0,57300.0,56800.0,57100.0,5641
202605211115,57100.0,57500.0,57000.0,57400.0,5663
202605211130,57400.0,57500.0,56500.0,56800.0,13960
202605211145,56800.0,58000.0,56700.0,57300.0,14477
202605211200,57300.0,57500.0,57000.0,57000.0,5131
202605211215,57200.0,57400.0,57000.0,57300.0,2848
202605211230,57300.0,57400.0,57000.0,57100.0,3799
202605211245,57100.0,57200.0,57000.0,57200.0,3098
202605211300,57200.0,57400.0,57000.0,57300.0,6202
202605211315,57300.0,57600.0,57300.0,57500.0,7833
202605211330,57500.0,57500.0,57200.0,57300.0,3461
202605211345,57400.0,57400.0,57100.0,57300.0,4391
202605211400,57300.0,57600.0,57200.0,57500.0,8029
202605211415,57400.0,57800.0,57400.0,57400.0,7081
202605211430,57400.0,58000.0,57400.0,57900.0,5645
202605211445,57900.0,58000.0,57400.0,57900.0,7192
202605211500,57700.0,57900.0,57400.0,57700.0,11482
202605211515,57600.0,57700.0,57500.0,57500.0,8741
202605220900,59700.0,61400.0,59400.0,59600.0,46111
202605220915,59600.0,60400.0,59500.0,60400.0,19163
202605220930,60400.0,61600.0,59700.0,61500.0,20267
202605220945,61600.0,61600.0,59600.0,59600.0,17287
202605221000,59600.0,60000.0,59300.0,59900.0,10458
202605221015,60000.0,60500.0,59700.0,60000.0,7322
202605221030,60000.0,60200.0,59500.0,60200.0,11987
202605221045,60200.0,60500.0,59700.0,59800.0,7707
202605221100,59800.0,59900.0,59500.0,59700.0,4461
202605221115,59700.0,59800.0,59500.0,59700.0,8983
202605221130,59600.0,59800.0,59500.0,59600.0,8754
202605221145,59650.0,60100.0,59650.0,59700.0,6820
202605221200,59700.0,59800.0,59300.0,59500.0,5938
202605221215,59500.0,59500.0,58700.0,59300.0,20979
202605221230,59200.0,59300.0,59100.0,59200.0,4425
202605221245,59200.0,59800.0,59100.0,59800.0,6230
202605221300,59700.0,59800.0,58800.0,59500.0,16072
202605221315,59500.0,59700.0,59000.0,59300.0,17900
202605221330,59400.0,59400.0,59200.0,59200.0,2219
202605221345,59200.0,59400.0,59200.0,59200.0,2943
202605221400,59200.0,59400.0,59100.0,59200.0,2612
202605221415,59200.0,59400.0,59100.0,59300.0,5396
202605221430,59300.0,59400.0,59000.0,59100.0,4770
202605221445,59000.0,59300.0,58300.0,58600.0,17742
202605221500,58600.0,58900.0,58000.0,58700.0,19913
202605221515,58700.0,59000.0,58600.0,59000.0,10114
202605260900,61900.0,62200.0,60500.0,60500.0,55394
202605260915,60500.0,60500.0,59300.0,60000.0,35892
202605260930,60000.0,60000.0,58600.0,59300.0,30439
202605260945,59200.0,59900.0,59200.0,59600.0,15222
202605261000,59600.0,60000.0,58800.0,59600.0,27301
202605261015,59550.0,59900.0,58800.0,58800.0,13593
202605261030,58800.0,58800.0,58200.0,58500.0,19753
202605261045,58500.0,58700.0,58000.0,58500.0,18438
202605261100,58600.0,58700.0,58300.0,58600.0,6077
202605261115,58700.0,58800.0,58200.0,58300.0,5855
202605261130,58300.0,58900.0,58300.0,58850.0,6643
202605261145,58900.0,58900.0,58400.0,58500.0,6433
202605261200,58400.0,58600.0,58200.0,58600.0,8728
202605261215,58600.0,59400.0,58500.0,58800.0,9362
202605261230,58800.0,59300.0,58700.0,59200.0,5140
202605261245,59100.0,59300.0,58900.0,59300.0,7061
202605261300,59300.0,59300.0,58900.0,58900.0,8615
202605261315,59000.0,59000.0,58600.0,58700.0,7169
202605261330,58700.0,59300.0,58700.0,59300.0,11322
202605261345,59200.0,59300.0,59000.0,59200.0,4221
202605261400,59100.0,59200.0,58700.0,59100.0,9121
202605261415,59100.0,59100.0,58800.0,58900.0,3511
202605261430,58800.0,59400.0,58600.0,59050.0,11296
202605261445,59100.0,59600.0,59000.0,59100.0,7622
202605261500,59200.0,59300.0,59100.0,59100.0,6513
202605261515,59100.0,59300.0,59100.0,59300.0,5436
202605270900,63900.0,66500.0,62400.0,65700.0,234375
202605270915,65700.0,67800.0,63100.0,63500.0,182717
202605270930,63300.0,63600.0,61500.0,62300.0,67317
202605270945,62300.0,62400.0,61100.0,61200.0,38719
202605271000,61400.0,61700.0,61000.0,61200.0,23974
202605271015,61200.0,62200.0,60800.0,61600.0,31653
202605271030,61600.0,62700.0,61500.0,62100.0,28193
202605271045,62200.0,62700.0,62000.0,62400.0,12607
202605271100,62500.0,62800.0,62400.0,62500.0,9120
202605271115,62600.0,62600.0,62000.0,62100.0,9203
202605271130,62150.0,62400.0,61500.0,61700.0,11177
202605271145,61700.0,62000.0,61500.0,61500.0,10379
202605271200,61500.0,62000.0,61300.0,61400.0,9682
202605271215,61400.0,61700.0,61400.0,61650.0,5330
202605271230,61650.0,62000.0,61600.0,61700.0,5240
202605271245,61700.0,61900.0,61600.0,61600.0,7273
202605271300,61700.0,62600.0,61400.0,61900.0,14736
202605271315,61900.0,61900.0,60100.0,60300.0,36870
202605271330,60100.0,61200.0,60100.0,60900.0,15943
202605271345,60900.0,61000.0,60600.0,60700.0,6694
202605271400,60700.0,60700.0,60000.0,60100.0,19545
202605271415,60100.0,61000.0,60100.0,61000.0,9769
202605271430,61000.0,61200.0,59000.0,60850.0,28809
202605271445,60850.0,61000.0,60100.0,60300.0,11143
202605271500,60300.0,60400.0,60200.0,60300.0,20332
202605271515,60300.0,60500.0,60200.0,60200.0,10954
202605280900,56600.0,58400.0,55400.0,55800.0,76828
202605280915,55900.0,56600.0,55500.0,56100.0,40174
202605280930,56100.0,57400.0,55800.0,56500.0,27164
202605280945,56600.0,56700.0,55700.0,55800.0,28197
202605281000,55900.0,56000.0,54500.0,54700.0,52878
202605281015,54700.0,55100.0,54200.0,54300.0,23883
202605281030,54300.0,54600.0,54100.0,54300.0,20573
202605281045,54400.0,55400.0,54200.0,55400.0,17054
202605281100,55300.0,55400.0,54500.0,54700.0,10924
202605281115,54800.0,55000.0,54500.0,54900.0,9898
202605281130,54900.0,55000.0,54800.0,54800.0,4980
202605281145,54900.0,55200.0,54700.0,54900.0,8923
202605281200,54800.0,55100.0,54700.0,55000.0,4795
202605281215,55100.0,55200.0,54500.0,54600.0,18382
202605281230,54500.0,54500.0,53800.0,54000.0,34032
202605281245,54000.0,54300.0,53900.0,53900.0,10560
202605281300,54000.0,54000.0,53500.0,53500.0,15836
202605281315,53600.0,53600.0,52800.0,53600.0,28546
202605281330,53600.0,53900.0,53300.0,53700.0,7781
202605281345,53600.0,53800.0,53400.0,53600.0,5505
202605281400,53600.0,54300.0,53200.0,54100.0,10306
202605281415,54100.0,54400.0,53800.0,54300.0,10889
202605281430,54200.0,54500.0,53900.0,54000.0,11950
202605281445,54100.0,54600.0,53900.0,54100.0,11931
202605281500,54100.0,54900.0,54100.0,54800.0,14078
202605281515,54900.0,55000.0,54700.0,54900.0,8882
202605290900,55100.0,56600.0,53800.0,53900.0,57852
202605290915,54000.0,54100.0,52500.0,53100.0,38971
202605290930,53100.0,53800.0,52800.0,52900.0,18503
202605290945,52900.0,52900.0,51400.0,52300.0,40383
202605291000,52200.0,52800.0,52000.0,52600.0,12251
202605291015,52600.0,52800.0,52300.0,52300.0,8928
202605291030,52300.0,52800.0,52100.0,52800.0,12444
202605291045,52700.0,52900.0,52200.0,52200.0,8500
202605291100,52400.0,52700.0,52100.0,52200.0,9314
202605291115,52200.0,52900.0,52200.0,52800.0,12104
202605291130,52800.0,53200.0,52600.0,52800.0,9089
202605291145,52800.0,53300.0,52700.0,53300.0,5069
202605291200,53200.0,53400.0,52900.0,53100.0,5795
202605291215,53200.0,56000.0,53200.0,55000.0,43569
202605291230,55000.0,55300.0,54000.0,54300.0,14176
202605291245,54000.0,54400.0,53900.0,53900.0,6669
202605291300,53900.0,54000.0,53600.0,53600.0,7303
202605291315,53700.0,53700.0,53300.0,53400.0,7791
202605291330,53400.0,54300.0,53400.0,53500.0,7464
202605291345,53500.0,53800.0,53300.0,53300.0,5716
202605291400,53300.0,55400.0,53200.0,54400.0,24769
202605291415,54400.0,54800.0,54000.0,54300.0,18527
202605291430,54300.0,54500.0,54100.0,54400.0,16499
202605291445,54300.0,54500.0,54000.0,54400.0,32018
202605291500,54400.0,54400.0,53800.0,53900.0,13012
202605291515,53900.0,54000.0,53800.0,53800.0,16818
202606010900,52500.0,52800.0,50200.0,50500.0,61565
202606010915,50600.0,53100.0,50300.0,53100.0,31971
202606010930,53100.0,53800.0,52000.0,52500.0,17531
202606010945,52500.0,54400.0,52400.0,53700.0,21665
202606011000,53800.0,53900.0,52800.0,53200.0,11910
202606011015,53200.0,53800.0,52800.0,52900.0,10948
202606011030,53000.0,53500.0,52700.0,52800.0,9253
202606011045,52800.0,53200.0,52200.0,52400.0,17860
202606011100,52400.0,52900.0,52200.0,52400.0,9717
202606011115,52300.0,52700.0,52100.0,52200.0,10866
202606011130,52300.0,52600.0,52100.0,52200.0,9462
202606011145,52300.0,52500.0,52100.0,52100.0,8354
202606011200,52100.0,52300.0,51900.0,52000.0,9592
202606011215,52000.0,52200.0,51700.0,51800.0,9556
202606011230,51800.0,52200.0,51400.0,51700.0,13947
202606011245,51700.0,52300.0,51700.0,51800.0,8854
202606011300,51800.0,52000.0,51200.0,51600.0,11862
202606011315,51500.0,51800.0,51200.0,51500.0,11510
202606011330,51500.0,52100.0,51300.0,51900.0,8776
202606011345,51800.0,52000.0,51400.0,51400.0,6758
202606011400,51400.0,52300.0,51300.0,51900.0,9274
202606011415,51900.0,52400.0,51700.0,51800.0,9135
202606011430,51800.0,52000.0,51300.0,51700.0,11947
202606011445,51700.0,53000.0,51600.0,52100.0,21802
202606011500,52000.0,52200.0,51800.0,51900.0,9339
202606011515,51900.0,52100.0,51700.0,51900.0,8698
202606020900,51200.0,51200.0,49500.0,50800.0,49285
202606020915,50600.0,51000.0,49800.0,50300.0,34584
202606020930,50200.0,50400.0,49500.0,49800.0,23720
202606020945,49800.0,50000.0,49000.0,49350.0,19930
202606021000,49300.0,49450.0,48800.0,49200.0,26353
202606021015,49150.0,49350.0,48700.0,49350.0,42914
202606021030,49350.0,49400.0,48500.0,48550.0,26173
202606021045,48550.0,48800.0,48350.0,48600.0,8173
202606021100,48550.0,49000.0,48450.0,48800.0,7638
202606021115,48800.0,49100.0,48550.0,48700.0,6787
202606021130,48700.0,49050.0,48650.0,49000.0,6081
202606021145,48900.0,49100.0,48700.0,48900.0,6673
202606021200,48900.0,48950.0,48300.0,48350.0,11070
202606021215,48350.0,48350.0,47550.0,47600.0,18045
202606021230,47600.0,48000.0,47600.0,47950.0,8195
202606021245,47900.0,48100.0,47700.0,48050.0,6341
202606021300,48050.0,48300.0,47950.0,48100.0,5832
202606021315,48100.0,48250.0,47700.0,47850.0,10211
202606021330,47850.0,48200.0,47800.0,48100.0,4489
202606021345,48200.0,48550.0,48150.0,48400.0,7711
202606021400,48400.0,48550.0,48100.0,48450.0,12651
202606021415,48500.0,49050.0,48450.0,48800.0,12114
202606021430,48750.0,48900.0,48500.0,48750.0,6905
202606021445,48750.0,48850.0,48300.0,48400.0,10639
202606021500,48400.0,48400.0,48100.0,48250.0,11107
202606021515,48200.0,48250.0,48050.0,48200.0,9717
202606040900,49250.0,52900.0,49150.0,52700.0,64122
202606040915,52700.0,55500.0,52500.0,53900.0,75239
202606040930,54000.0,55800.0,52700.0,55800.0,50738
202606040945,55800.0,56400.0,55600.0,55800.0,53298
202606041000,55700.0,57600.0,55600.0,55900.0,45471
202606041015,56000.0,56700.0,55700.0,56400.0,22594
202606041030,56450.0,56750.0,55600.0,55700.0,15244
202606041045,55700.0,56400.0,55500.0,56200.0,15217
202606041100,56200.0,56300.0,55500.0,55500.0,20546
202606041115,55500.0,56000.0,55000.0,55300.0,13806
202606041130,55300.0,55600.0,55000.0,55200.0,9927
202606041145,55200.0,55500.0,54700.0,54700.0,9609
202606041200,54900.0,55700.0,54500.0,55700.0,10303
202606041215,55800.0,56600.0,55700.0,56200.0,20515
202606041230,56300.0,56400.0,55800.0,56300.0,10836
202606041245,56300.0,56400.0,55700.0,56200.0,8760
202606041300,56200.0,56300.0,55700.0,56300.0,9476
202606041315,56300.0,56600.0,55800.0,56000.0,13965
202606041330,56000.0,56200.0,55600.0,55800.0,7012
202606041345,55900.0,55900.0,55500.0,55800.0,6716
202606041400,55700.0,55900.0,55200.0,55700.0,8579
202606041415,55700.0,55900.0,55500.0,55600.0,6237
202606041430,55600.0,55900.0,55400.0,55500.0,6047
202606041445,55500.0,55600.0,54800.0,55500.0,11506
202606041500,55300.0,55400.0,51900.0,51900.0,12318
202606041515,54900.0,55400.0,54700.0,55000.0,10907
202606050900,52800.0,54300.0,52200.0,52800.0,26296
202606050915,52600.0,53200.0,51200.0,51500.0,31637
202606050930,51500.0,52000.0,51000.0,51000.0,16920
202606050945,51000.0,51300.0,50500.0,50800.0,11851
202606051000,50800.0,51200.0,50400.0,51000.0,12899
202606051015,51000.0,51200.0,50600.0,51100.0,8669
202606051030,51100.0,52100.0,51100.0,51900.0,21342
202606051045,51900.0,53100.0,51400.0,52900.0,8397
202606051100,53100.0,54000.0,52800.0,53700.0,9735
202606051115,53900.0,54000.0,53000.0,53900.0,4665
202606051130,53900.0,53900.0,53000.0,53200.0,3127
202606051145,53200.0,53400.0,52700.0,52900.0,4059
202606051200,52900.0,53500.0,52800.0,53300.0,3812
202606051215,53200.0,53400.0,52800.0,52900.0,2515
202606051230,53000.0,53200.0,52600.0,52700.0,2777
202606051245,52800.0,52900.0,52000.0,52300.0,4617
202606051300,52100.0,52400.0,51800.0,52000.0,4155
202606051315,51900.0,52200.0,51800.0,52000.0,1976
202606051330,51900.0,52300.0,51600.0,52000.0,4855
202606051345,51900.0,52500.0,51600.0,52400.0,4987
202606051400,52300.0,52500.0,51800.0,52500.0,5463
202606051415,52300.0,53500.0,52300.0,53000.0,9953
202606051430,53000.0,53100.0,52600.0,52700.0,9706
202606051445,52700.0,52800.0,52000.0,52200.0,14713
202606051500,52100.0,52200.0,51800.0,51900.0,3179
202606051515,51900.0,51900.0,51500.0,51700.0,3717
202606080900,46000.0,47200.0,45750.0,46800.0,15206
202606080915,46750.0,47900.0,46450.0,47700.0,15742
202606080930,47600.0,48500.0,47500.0,47700.0,20092
202606080945,47700.0,48300.0,47350.0,48050.0,14473
202606081000,48050.0,48300.0,46950.0,48000.0,13525
202606081015,48000.0,48150.0,47050.0,47100.0,8447
202606081030,47100.0,47600.0,47000.0,47500.0,7875
202606081045,47500.0,48700.0,47250.0,48450.0,21059
202606081100,48500.0,48650.0,48050.0,48600.0,5448
202606081115,48600.0,49150.0,48000.0,48900.0,11878
202606081130,48950.0,49200.0,48600.0,49100.0,8298
202606081145,49050.0,49200.0,48700.0,49050.0,8084
202606081200,48900.0,49050.0,48600.0,48950.0,6819
202606081215,49000.0,49200.0,48650.0,49050.0,5440
202606081230,49050.0,49150.0,48700.0,48850.0,5296
202606081245,48900.0,49050.0,48550.0,48800.0,6747
202606081300,48800.0,48950.0,48450.0,48600.0,7606
202606081315,48600.0,48800.0,48250.0,48500.0,5260
202606081330,48600.0,48750.0,48250.0,48400.0,4663
202606081345,48300.0,48550.0,47950.0,48200.0,8210
202606081400,48300.0,48350.0,47900.0,47900.0,4393
202606081415,48100.0,48300.0,47650.0,47700.0,7488
202606081430,47750.0,47800.0,47450.0,47650.0,4642
202606081500,47500.0,47950.0,47000.0,47250.0,30680
202606081515,47200.0,47400.0,46900.0,46900.0,11282
202606090900,49900.0,53300.0,49550.0,53100.0,66108
202606090915,53000.0,53500.0,52000.0,53100.0,58380
202606090930,53000.0,54500.0,51900.0,52900.0,26260
202606090945,53000.0,54400.0,52900.0,53100.0,26121
202606091000,53300.0,53500.0,52000.0,52300.0,14047
202606091015,52300.0,52900.0,51600.0,52900.0,14492
202606091030,52900.0,53200.0,52000.0,53000.0,10650
202606091045,53000.0,53500.0,52800.0,53300.0,12329
202606091100,53400.0,53600.0,52900.0,53500.0,9148
202606091115,53400.0,53800.0,53000.0,53200.0,7082
202606091130,53300.0,53400.0,52900.0,53000.0,4144
202606091145,53000.0,53600.0,53000.0,53300.0,7344
202606091200,53300.0,53500.0,53200.0,53400.0,5772
202606091215,53500.0,53800.0,53200.0,53800.0,12077
202606091230,53800.0,53800.0,53400.0,53500.0,6581
202606091245,53400.0,53900.0,53400.0,53600.0,10627
202606091300,53600.0,53900.0,53300.0,53300.0,6331
202606091315,53200.0,53600.0,53100.0,53600.0,4768
202606091330,53600.0,54200.0,53500.0,54000.0,11397
202606091345,53900.0,54100.0,53800.0,54100.0,6299
202606091400,54100.0,54400.0,53500.0,54000.0,8378
202606091415,54000.0,55700.0,53600.0,54600.0,38345
202606091430,54700.0,55900.0,54500.0,54900.0,25191
202606091445,54900.0,55800.0,54500.0,55200.0,26941
202606091500,55300.0,55500.0,54600.0,55200.0,19072
202606091515,55200.0,55500.0,55000.0,55100.0,6291
202606100900,54400.0,56000.0,54000.0,54400.0,26976
202606100915,54400.0,57500.0,54200.0,56500.0,49434
202606100930,56500.0,58000.0,55900.0,57600.0,50161
202606100945,57700.0,58500.0,56800.0,58500.0,41706
202606101000,58800.0,59900.0,58200.0,58900.0,35981
202606101015,58900.0,59400.0,58000.0,59200.0,32564
202606101030,59100.0,59400.0,58600.0,58600.0,12421
202606101045,58600.0,58700.0,57400.0,57700.0,21663
202606101100,57600.0,58000.0,57000.0,57600.0,13301
202606101115,57600.0,58100.0,56800.0,57600.0,18432
202606101130,57800.0,59000.0,57200.0,58100.0,25432
202606101145,58200.0,58900.0,57600.0,58400.0,30016
202606101200,58400.0,59800.0,58000.0,59400.0,24846
202606101215,59500.0,59800.0,58800.0,59400.0,27600
202606101230,59400.0,59900.0,58600.0,59100.0,26473
202606101245,59300.0,59700.0,58400.0,58900.0,26708
202606101300,59100.0,59100.0,57600.0,57900.0,22593
202606101315,57900.0,58200.0,56600.0,56900.0,17320
202606101330,56800.0,57200.0,56200.0,56900.0,18706
202606101345,57000.0,58100.0,56300.0,57500.0,20021
202606101400,57600.0,57700.0,56200.0,56300.0,15069
202606101415,56200.0,57500.0,55500.0,56700.0,17456
202606101430,56800.0,56900.0,55600.0,55900.0,8795
202606101445,55800.0,56500.0,55700.0,56400.0,7982
202606101500,56400.0,57300.0,56200.0,57300.0,12196
202606101515,57300.0,57600.0,56800.0,57600.0,9427
202606110900,55900.0,56000.0,54100.0,54800.0,29958
202606110915,55000.0,56800.0,54900.0,56200.0,24425
202606110930,56100.0,57200.0,55600.0,57000.0,19644
202606110945,57200.0,59000.0,57200.0,58900.0,29911
202606111000,58700.0,61400.0,58600.0,59700.0,65540
202606111015,59700.0,60100.0,58800.0,60000.0,22959
202606111030,60000.0,60000.0,58500.0,59500.0,16828
202606111045,59500.0,59600.0,57900.0,58300.0,13268
202606111100,58200.0,58500.0,57500.0,57800.0,14604
202606111115,57800.0,57800.0,56900.0,57000.0,10568
202606111130,57200.0,57200.0,56200.0,56500.0,18825
202606111145,56500.0,57200.0,56300.0,57000.0,6742
202606111200,57000.0,57700.0,56500.0,56600.0,9498
202606111215,56800.0,57100.0,56500.0,57000.0,4919
202606111230,57100.0,58200.0,57100.0,58100.0,8891
202606111245,58000.0,58400.0,57900.0,58200.0,10083
202606111300,58200.0,58200.0,57300.0,57800.0,8836
202606111315,57800.0,58900.0,57300.0,58800.0,11394
202606111330,58800.0,58900.0,58400.0,58800.0,8953
202606111345,58900.0,59200.0,58600.0,58700.0,15569
202606111400,58700.0,60600.0,58200.0,60000.0,45548
202606111415,60100.0,60600.0,59900.0,60000.0,26701
202606111430,60100.0,61000.0,60000.0,60600.0,46967
202606111445,60600.0,60700.0,59900.0,60000.0,11844
202606111500,59900.0,60300.0,59600.0,60200.0,15693
202606111515,60300.0,60600.0,60000.0,60000.0,8285
202606120900,64200.0,67000.0,62600.0,66700.0,126607
202606120915,66700.0,67500.0,65300.0,66200.0,76370
202606120930,66100.0,67400.0,65800.0,66000.0,52367
202606120945,66100.0,66100.0,65200.0,65500.0,36970
202606121000,65500.0,66000.0,65300.0,65700.0,17236
202606121015,65700.0,65700.0,64000.0,64500.0,20020
202606121030,64500.0,64700.0,63100.0,64400.0,19080
202606121045,64100.0,64800.0,63700.0,64600.0,9135
202606121100,64600.0,65900.0,64200.0,65700.0,25849
202606121115,65900.0,65900.0,65300.0,65700.0,13062
202606121130,65700.0,65900.0,65300.0,65900.0,9173
202606121145,65850.0,66500.0,65700.0,66400.0,28510
202606121200,66400.0,66700.0,66200.0,66500.0,9626
202606121215,66300.0,66500.0,66200.0,66500.0,7792
202606121230,66500.0,66500.0,65800.0,66000.0,6718
202606121245,66000.0,66600.0,65800.0,66400.0,18920
202606121300,66400.0,68200.0,66000.0,68000.0,113221
202606121315,67900.0,68600.0,66900.0,68100.0,58987
202606121330,68000.0,68200.0,67500.0,67700.0,16817
202606121345,67600.0,68300.0,66800.0,67800.0,27085
202606121400,67800.0,68100.0,67000.0,68000.0,22878
202606121415,68000.0,68200.0,67200.0,67400.0,17697
202606121430,67400.0,67400.0,64600.0,65900.0,47544
202606121445,65900.0,65900.0,64200.0,65100.0,31868
202606121500,65100.0,65800.0,64600.0,65400.0,14042
202606121515,65300.0,65400.0,64900.0,64900.0,9813
202606150900,66500.0,66500.0,63500.0,64300.0,58421
202606150915,64200.0,64200.0,62300.0,63900.0,59922
202606150930,63900.0,64400.0,63100.0,63500.0,20794
202606150945,63400.0,64000.0,63300.0,63900.0,9623
202606151000,63900.0,63900.0,63200.0,63200.0,10728
202606151015,63300.0,63900.0,63100.0,63800.0,9433
202606151030,63800.0,63900.0,63200.0,63400.0,7376
202606151045,63400.0,63500.0,62600.0,63100.0,25380
202606151100,63100.0,63800.0,63100.0,63700.0,9039
202606151115,63800.0,64800.0,63700.0,64300.0,15438
202606151130,64400.0,64500.0,64100.0,64300.0,3554
202606151145,64300.0,64400.0,64000.0,64400.0,5517
202606151200,64400.0,64700.0,64300.0,64600.0,4935
202606151215,64600.0,64900.0,64400.0,64400.0,11105
202606151230,64400.0,64800.0,64000.0,64100.0,5822
202606151245,64200.0,64700.0,64100.0,64700.0,3497
202606151300,64800.0,64800.0,64000.0,64300.0,5986
202606151315,64200.0,64700.0,64100.0,64500.0,6768
202606151330,64500.0,64600.0,64000.0,64300.0,5976
202606151345,64300.0,64700.0,64200.0,64300.0,4169
202606151400,64400.0,64700.0,64100.0,64700.0,8827
202606151415,64600.0,64700.0,64100.0,64300.0,9735
202606151430,64300.0,64300.0,63700.0,64200.0,9560
202606151445,64100.0,64300.0,63800.0,63900.0,5689
202606151500,63900.0,64200.0,63800.0,64000.0,7972
202606151515,64000.0,64300.0,63900.0,64300.0,6694
202606160900,63700.0,63800.0,61500.0,62000.0,43234
202606160915,62000.0,62700.0,60800.0,62700.0,32216
202606160930,62700.0,62900.0,59600.0,59800.0,50080
202606160945,59800.0,61000.0,59700.0,60900.0,31739
202606161000,61000.0,61000.0,60000.0,60800.0,12720
202606161015,60800.0,61600.0,60800.0,61300.0,15006
202606161030,61200.0,61300.0,60700.0,60900.0,7285
202606161045,60800.0,61300.0,60800.0,60900.0,6475
202606161100,60900.0,61100.0,60500.0,60800.0,8290
202606161115,61000.0,61200.0,60500.0,60900.0,5322
202606161130,60900.0,61100.0,60700.0,60900.0,4361
202606161145,61100.0,61300.0,60700.0,60800.0,8134
202606161200,60700.0,60800.0,60000.0,60100.0,10178
202606161215,60100.0,60500.0,60000.0,60100.0,13989
202606161230,60200.0,60600.0,60100.0,60400.0,5752
202606161245,60400.0,60600.0,60100.0,60300.0,6596
202606161300,60300.0,60600.0,60000.0,60200.0,9025
202606161315,60100.0,60300.0,59900.0,60200.0,10287
202606161330,60100.0,60200.0,59900.0,60200.0,5135
202606161345,60200.0,60300.0,59900.0,60000.0,5740
202606161400,60000.0,60100.0,59700.0,59900.0,7855
202606161415,59900.0,60200.0,59800.0,60000.0,7089
202606161430,60000.0,60200.0,59600.0,59800.0,9199
202606161445,59700.0,59800.0,59500.0,59700.0,8464
202606161500,59700.0,60200.0,59600.0,59900.0,9335
202606161515,59900.0,59900.0,59700.0,59800.0,9071
202606170900,59500.0,61900.0,59500.0,59900.0,32422
202606170915,59900.0,60500.0,58900.0,60100.0,13058
202606170930,60100.0,60300.0,59300.0,59400.0,8520
202606170945,59400.0,59400.0,58600.0,59200.0,9482
202606171000,59100.0,59200.0,58500.0,58500.0,7805
202606171015,58500.0,58800.0,58300.0,58400.0,9938
202606171030,58400.0,59000.0,58400.0,58900.0,4330
202606171045,58800.0,59400.0,58700.0,59000.0,7653
202606171100,59100.0,59200.0,58500.0,58700.0,4305
202606171115,58700.0,59000.0,58600.0,59000.0,4972
202606171130,58900.0,59100.0,58800.0,59000.0,3531
202606171145,59000.0,59000.0,58700.0,58900.0,3675
202606171200,58900.0,59000.0,58300.0,58400.0,30070
202606171215,58400.0,58500.0,58100.0,58300.0,8577
202606171230,58300.0,58600.0,58100.0,58500.0,6032
202606171245,58500.0,59300.0,57900.0,58000.0,27537
202606171300,58000.0,58300.0,57900.0,58000.0,10623
202606171315,57900.0,58300.0,57800.0,57900.0,6101
202606171330,57900.0,58500.0,57800.0,57800.0,4848
202606171345,57800.0,58000.0,57100.0,57400.0,18392
202606171400,57600.0,58200.0,57600.0,58000.0,5797
202606171415,58000.0,58300.0,57700.0,58200.0,7838
202606171430,58100.0,58700.0,58100.0,58400.0,11251
202606171445,58300.0,58400.0,58000.0,58200.0,6508
202606171500,58200.0,58500.0,58000.0,58500.0,6723
202606171515,58500.0,58900.0,58400.0,58400.0,7495
202606180900,58400.0,58900.0,57500.0,57900.0,13448
202606180915,58000.0,59600.0,58000.0,59600.0,25173
202606180930,59600.0,59900.0,59000.0,59200.0,17012
202606180945,59200.0,59200.0,57400.0,57600.0,14160
202606181000,57600.0,58400.0,57000.0,58300.0,10323
202606181015,58300.0,58400.0,57800.0,58100.0,8410
202606181030,58200.0,58300.0,57700.0,57700.0,3665
202606181045,57700.0,57800.0,57100.0,57400.0,7350
202606181100,57400.0,58800.0,57100.0,58800.0,8541
202606181115,58800.0,58800.0,57800.0,58000.0,15085
202606181130,58000.0,58200.0,57500.0,57500.0,19910
202606181145,57500.0,57600.0,57000.0,57200.0,6621
202606181200,57200.0,57400.0,57000.0,57000.0,6550
202606181215,57100.0,57500.0,57000.0,57300.0,2793
202606181230,57300.0,57600.0,57100.0,57200.0,5003
202606181245,57300.0,57400.0,56800.0,57100.0,6230
202606181300,57100.0,57400.0,56800.0,56900.0,3888
202606181315,56900.0,57100.0,56700.0,57100.0,4469
202606181330,57100.0,57900.0,56900.0,57800.0,21244
202606181345,57800.0,57800.0,56900.0,57600.0,48223
202606181400,57600.0,57600.0,57100.0,57200.0,4897
202606181415,57200.0,57400.0,57100.0,57100.0,5120
202606181430,57200.0,57500.0,56900.0,57300.0,13274
202606181445,57300.0,57800.0,57100.0,57700.0,8933
202606181500,57700.0,58000.0,57300.0,57400.0,8607
202606181515,57500.0,57600.0,57300.0,57500.0,5739
202606190900,57700.0,57800.0,55700.0,56100.0,37070
202606190915,56100.0,57600.0,55700.0,56500.0,15035
202606190930,56500.0,56500.0,54700.0,55400.0,28690
202606190945,55400.0,56200.0,55100.0,55900.0,17044
202606191000,56000.0,57000.0,55800.0,57000.0,13672
202606191015,56700.0,57000.0,56100.0,56500.0,6104
202606191030,56500.0,56600.0,56000.0,56400.0,6159
202606191045,56400.0,56600.0,56000.0,56100.0,5671
202606191100,56100.0,56400.0,55900.0,55900.0,5831
202606191115,55900.0,56500.0,55800.0,56400.0,4699
202606191130,56200.0,56400.0,55900.0,55900.0,4777
202606191145,56100.0,56400.0,55800.0,55900.0,4212
202606191200,55900.0,56400.0,55700.0,55700.0,5472
202606191215,55600.0,56000.0,55000.0,55200.0,12569
202606191230,55200.0,55200.0,54400.0,54400.0,22230
202606191245,54400.0,54700.0,53900.0,54400.0,15216
202606191300,54500.0,54700.0,53500.0,54300.0,15872
202606191315,54300.0,54500.0,53900.0,54000.0,8010
202606191330,54100.0,54100.0,53200.0,53500.0,11566
202606191345,53500.0,54000.0,53300.0,53900.0,9857
202606191400,53900.0,53900.0,53300.0,53400.0,8688
202606191415,53400.0,53800.0,53100.0,53200.0,8352
202606191430,53200.0,53400.0,52700.0,53400.0,16183
202606191445,53400.0,54100.0,53300.0,54000.0,9315
202606191500,54100.0,54700.0,54000.0,54300.0,11514
202606191515,54300.0,54500.0,54300.0,54500.0,5470
202606220900,53500.0,57000.0,53500.0,57000.0,28169
202606220915,57000.0,57200.0,55100.0,56400.0,18272
202606220930,56400.0,57200.0,55800.0,56400.0,12849
202606220945,56300.0,58300.0,56300.0,56800.0,17561
202606221000,56850.0,57000.0,56000.0,56400.0,20738
202606221015,56400.0,56800.0,56100.0,56700.0,9576
202606221030,56700.0,57200.0,56000.0,56500.0,15661
202606221045,56600.0,56600.0,55900.0,56100.0,3727
202606221100,55900.0,56600.0,55900.0,56300.0,3710
202606221115,56200.0,56400.0,55900.0,56100.0,4870
202606221130,56100.0,56300.0,56000.0,56200.0,3559
202606221145,56200.0,56300.0,56000.0,56100.0,2667
202606221200,56100.0,56300.0,55800.0,56100.0,4692
202606221215,56100.0,56600.0,56100.0,56400.0,5005
202606221230,56600.0,56700.0,55800.0,56000.0,12635
202606221245,56000.0,56200.0,55500.0,56100.0,13767
202606221300,56100.0,56200.0,55400.0,55600.0,6633
202606221315,55500.0,55900.0,55100.0,55300.0,5725
202606221330,55300.0,55700.0,54900.0,55100.0,8217
202606221345,55000.0,55900.0,54900.0,55700.0,5054
202606221400,55700.0,56300.0,55400.0,56200.0,4445
202606221415,56200.0,56400.0,55600.0,55700.0,5290
202606221430,55800.0,56100.0,55600.0,56100.0,4880
202606221445,56000.0,56100.0,55700.0,56000.0,5108
202606221500,55900.0,56400.0,55800.0,56200.0,5888
202606221515,56200.0,56300.0,55900.0,56000.0,7576
202606230900,53900.0,55500.0,53500.0,53800.0,18583
202606230915,53900.0,54000.0,52400.0,53000.0,25016
202606230930,53000.0,53600.0,52500.0,53300.0,13866
202606230945,53400.0,53600.0,52800.0,53000.0,6380
202606231000,53000.0,53700.0,52900.0,53300.0,7002
202606231015,53300.0,53500.0,52200.0,52400.0,8332
202606231030,52600.0,52700.0,51600.0,51700.0,16285
202606231045,51900.0,51900.0,50900.0,51500.0,21950
202606231100,51600.0,52200.0,51400.0,52200.0,14099
202606231115,52100.0,52100.0,51600.0,51700.0,6874
202606231130,51700.0,52100.0,51500.0,51900.0,5123
202606231145,51900.0,52200.0,51000.0,51800.0,12898
202606231200,51800.0,51900.0,50500.0,51300.0,38830
202606231215,51300.0,51600.0,51000.0,51200.0,15918
202606231230,51200.0,51200.0,50800.0,51100.0,4957
202606231245,51100.0,51900.0,50800.0,51700.0,9720
202606231300,51700.0,51800.0,51400.0,51500.0,5062
202606231315,51500.0,51600.0,51100.0,51400.0,5552
202606231330,51300.0,51600.0,51100.0,51200.0,6339
202606231345,51200.0,51200.0,50600.0,50700.0,9458
202606231400,50700.0,51500.0,50700.0,50900.0,8276
202606231415,51000.0,51100.0,50600.0,50600.0,8490
202606231430,50600.0,50900.0,50000.0,50500.0,17652
202606231445,50500.0,50500.0,50300.0,50500.0,6117
202606231500,50400.0,50800.0,49750.0,50100.0,24298
202606231515,50200.0,50200.0,49800.0,49800.0,7802
202606240900,50200.0,51200.0,49850.0,50700.0,16911
202606240915,50900.0,51200.0,50000.0,51100.0,10496
202606240930,51100.0,51300.0,50300.0,51200.0,8432
202606240945,51200.0,51200.0,50300.0,50800.0,4975
202606241000,50700.0,51100.0,50200.0,50500.0,8671
202606241015,50600.0,50700.0,50000.0,50500.0,5806
202606241030,50600.0,51000.0,50600.0,50900.0,5316
202606241045,50900.0,51200.0,50600.0,51100.0,3721
202606241100,51100.0,51300.0,51000.0,51300.0,5380
202606241115,51300.0,51400.0,50600.0,50800.0,6470
202606241130,50800.0,51000.0,50000.0,50100.0,5296
202606241145,50000.0,50100.0,48950.0,49000.0,9586
202606241200,49000.0,49200.0,48500.0,48900.0,11425
202606241215,48850.0,49500.0,48500.0,49400.0,8841
202606241230,49400.0,49800.0,49250.0,49500.0,7679
202606241245,49450.0,49650.0,49250.0,49550.0,4960
202606241300,49550.0,49550.0,49100.0,49450.0,4093
202606241315,49450.0,49550.0,48850.0,49300.0,6436
202606241330,49300.0,49700.0,49200.0,49600.0,2829
202606241345,49650.0,49950.0,49550.0,49900.0,4553
202606241400,49900.0,50500.0,49900.0,50400.0,4955
202606241415,50400.0,50500.0,50100.0,50300.0,5074
202606241430,50300.0,50900.0,50000.0,50200.0,7938
202606241445,50200.0,50500.0,49900.0,49950.0,7731
202606241500,49950.0,50700.0,49950.0,50400.0,7418
202606241515,50400.0,50700.0,50400.0,50400.0,3273
202606250900,52400.0,52500.0,51200.0,52300.0,15071
202606250915,52300.0,52700.0,51600.0,51900.0,25479
202606250930,51900.0,51900.0,50300.0,50500.0,14108
202606250945,50500.0,51200.0,50300.0,51200.0,4943
202606251000,51000.0,51400.0,50200.0,50300.0,4394
202606251015,50300.0,50700.0,50200.0,50400.0,3505
202606251030,50300.0,50900.0,50300.0,50700.0,1577
202606251045,50800.0,50900.0,50400.0,50400.0,3794
202606251100,50500.0,51200.0,50000.0,50100.0,7754
202606251115,50050.0,50500.0,50000.0,50300.0,4413
202606251130,50300.0,50400.0,50100.0,50100.0,3015
202606251145,50100.0,50200.0,49900.0,49900.0,4199
202606251200,49900.0,50100.0,49850.0,49900.0,4088
202606251215,49900.0,50200.0,49850.0,49850.0,4368
202606251230,49850.0,49950.0,49250.0,49550.0,5930
202606251245,49550.0,49950.0,49450.0,49700.0,5943
202606251300,49650.0,49800.0,49600.0,49600.0,5188
202606251315,49600.0,49850.0,49550.0,49700.0,5321
202606251330,49750.0,50000.0,49450.0,49900.0,4904
202606251345,49900.0,49950.0,49200.0,49350.0,8263
202606251400,49400.0,49750.0,49400.0,49500.0,4359
202606251415,49550.0,49700.0,48500.0,48950.0,14344
202606251430,48900.0,49800.0,48500.0,49550.0,17415
202606251445,49550.0,49700.0,49100.0,49600.0,26134
202606251500,49400.0,49700.0,49150.0,49550.0,23946
202606251515,49500.0,49600.0,49450.0,49450.0,4316
202606260900,49450.0,49800.0,48000.0,48300.0,14521
202606260915,48300.0,48500.0,47300.0,47300.0,15364
202606260930,47350.0,47500.0,46800.0,47500.0,16657
202606260945,47600.0,47750.0,46800.0,47500.0,8441
202606261000,47300.0,48500.0,46700.0,48400.0,11035
202606261015,48350.0,49400.0,48250.0,48950.0,8068
202606261030,48950.0,49900.0,47450.0,49300.0,12022
202606261045,49250.0,50000.0,47700.0,48300.0,23417
202606261100,48300.0,48750.0,47750.0,48400.0,14785
202606261115,48400.0,48550.0,47500.0,48100.0,16008
202606261130,48000.0,48100.0,47100.0,47400.0,13635
202606261145,47250.0,47450.0,46600.0,46850.0,16212
202606261200,46850.0,47250.0,46650.0,47100.0,11460
202606261215,47100.0,47250.0,46700.0,46900.0,3846
202606261230,46800.0,47000.0,46600.0,46900.0,9851
202606261245,46850.0,47400.0,46300.0,47350.0,11195
202606261300,47250.0,47600.0,47050.0,47600.0,9138
202606261315,47600.0,47850.0,45850.0,47150.0,28909
202606261330,47250.0,47350.0,46450.0,46750.0,9294
202606261345,46750.0,47150.0,46450.0,46700.0,5550
202606261400,46750.0,47150.0,45950.0,46900.0,23225
202606261415,46950.0,47600.0,46750.0,47200.0,10860
202606261430,47200.0,47900.0,46700.0,47000.0,18487
202606261445,47000.0,47500.0,46800.0,47250.0,17984
202606261500,47250.0,47300.0,46650.0,46950.0,7556
202606261515,46950.0,47200.0,46900.0,47200.0,4203
202606290900,49700.0,52900.0,48500.0,52000.0,47352
202606290915,52100.0,52900.0,50100.0,50200.0,34141
202606290930,50200.0,51600.0,49000.0,51200.0,32938
202606290945,51200.0,51500.0,50000.0,51200.0,8257
202606291000,51200.0,52100.0,50300.0,51600.0,11456
202606291015,51600.0,51900.0,50700.0,51300.0,7969
202606291030,51200.0,51800.0,51100.0,51300.0,7749
202606291045,51300.0,51700.0,51000.0,51200.0,4296
202606291100,51200.0,51400.0,50600.0,51000.0,9949
202606291115,51000.0,51800.0,50900.0,51400.0,5420
202606291130,51400.0,51400.0,50500.0,51300.0,5483
202606291145,51300.0,52200.0,50500.0,51500.0,10078
202606291200,51500.0,51800.0,50000.0,50700.0,11142
202606291215,50800.0,51100.0,50200.0,51100.0,3783
202606291230,51000.0,51200.0,50200.0,50600.0,4345
202606291245,50600.0,51200.0,50400.0,51200.0,3274
202606291300,51200.0,51300.0,50400.0,50900.0,4411
202606291315,51000.0,51400.0,50800.0,50850.0,8524
202606291330,50850.0,51100.0,50600.0,50900.0,4244
202606291345,50800.0,51100.0,50700.0,50700.0,5787
202606291400,50700.0,51000.0,50500.0,50800.0,6312
202606291415,50800.0,51000.0,50700.0,50800.0,3813
202606291430,50800.0,51600.0,50600.0,51500.0,7868
202606291445,51500.0,52400.0,51400.0,52100.0,12678
202606291500,52000.0,52200.0,51500.0,51800.0,15993
202606291515,51800.0,51900.0,51700.0,51900.0,6312
202606300900,52700.0,54800.0,51900.0,54100.0,29969
202606300915,54100.0,54900.0,53000.0,53100.0,19123
202606300930,53200.0,53500.0,52500.0,52500.0,9137
202606300945,52700.0,53700.0,52500.0,52900.0,7788
202606301000,53000.0,53000.0,51500.0,52200.0,9095
202606301015,52200.0,54300.0,52200.0,54300.0,13017
202606301030,54300.0,54600.0,53700.0,54100.0,8993
202606301045,54000.0,54400.0,53600.0,54300.0,3614
202606301100,54300.0,54700.0,54100.0,54500.0,11105
202606301115,54400.0,54600.0,54200.0,54400.0,5092
202606301130,54400.0,54800.0,53800.0,54700.0,8390
202606301145,54700.0,55400.0,54500.0,55300.0,17191
202606301200,55300.0,55400.0,54800.0,55000.0,13465
202606301215,55000.0,55400.0,54900.0,55400.0,6440
202606301230,55400.0,55800.0,55400.0,55800.0,7815
202606301245,55800.0,56300.0,55200.0,55300.0,17442
202606301300,55300.0,55700.0,55200.0,55500.0,5254
202606301315,55500.0,55900.0,55200.0,55500.0,9467
202606301330,55500.0,56000.0,55000.0,55600.0,10446
202606301345,55600.0,55900.0,55000.0,55800.0,5990
202606301400,55700.0,55800.0,55300.0,55700.0,4805
202606301415,55600.0,55800.0,55100.0,55400.0,6727
202606301430,55300.0,55500.0,54800.0,55400.0,5253
202606301445,55300.0,56300.0,55300.0,55700.0,8173
202606301500,55800.0,55800.0,55200.0,55400.0,5028
202606301515,55400.0,55500.0,55200.0,55300.0,3924
202607010900,55600.0,56400.0,53000.0,55400.0,30936
202607010915,55400.0,56800.0,55000.0,56400.0,22872
202607010930,56300.0,56900.0,55900.0,56000.0,13263
202607010945,56000.0,56700.0,55900.0,56200.0,13261
202607011000,56100.0,57100.0,55500.0,55700.0,23808
202607011015,55600.0,56400.0,55000.0,56200.0,13501
202607011030,56300.0,57000.0,55100.0,55600.0,16164
202607011045,55600.0,55900.0,55000.0,55200.0,12738
202607011100,55200.0,55500.0,53700.0,54800.0,16968
202607011115,54500.0,55500.0,54400.0,55100.0,5537
202607011130,54800.0,55700.0,54600.0,55400.0,4291
202607011145,55400.0,55500.0,54500.0,54900.0,8833
202607011200,54900.0,55600.0,54800.0,55600.0,4779
202607011215,55400.0,55500.0,54600.0,54800.0,7219
202607011230,54900.0,55500.0,54800.0,55200.0,5978
202607011245,55300.0,55900.0,55200.0,55400.0,5802
202607011300,55400.0,55700.0,55000.0,55100.0,6873
202607011315,55100.0,55600.0,54900.0,55400.0,5060
202607011330,55400.0,56000.0,55300.0,55800.0,7224
202607011345,55800.0,56100.0,55100.0,55200.0,5965
202607011400,55200.0,55600.0,54900.0,55000.0,7942
202607011415,55000.0,55300.0,54400.0,55000.0,10983
202607011430,54900.0,55000.0,54400.0,54400.0,8411
202607011445,54400.0,54700.0,54200.0,54400.0,3881
202607011500,54300.0,54700.0,54100.0,54400.0,4486
202607011515,54400.0,54600.0,54200.0,54300.0,7511
202607020900,50600.0,50600.0,48900.0,48950.0,32891
202607020915,48950.0,49850.0,48600.0,49750.0,15498
202607020930,49750.0,49750.0,48600.0,48700.0,13635
202607020945,48700.0,49250.0,48500.0,48800.0,10329
202607021000,48800.0,49550.0,48450.0,49350.0,6826
202607021015,49350.0,50000.0,49300.0,49900.0,6925
202607021030,49900.0,50200.0,49500.0,49850.0,7521
202607021045,49850.0,50400.0,49850.0,50100.0,4999
202607021100,50000.0,50600.0,49950.0,50400.0,5148
202607021115,50600.0,50900.0,49750.0,49950.0,7112
202607021130,49950.0,50300.0,49800.0,50100.0,2330
202607021145,50100.0,50200.0,49650.0,49850.0,2439
202607021200,49850.0,49850.0,49000.0,49250.0,5842
202607021215,49250.0,49400.0,49050.0,49150.0,2063
202607021230,49150.0,49300.0,49000.0,49200.0,3831
202607021245,49200.0,49400.0,49000.0,49100.0,2681
202607021300,49100.0,49300.0,48800.0,48950.0,3415
202607021315,48850.0,49800.0,48800.0,49800.0,3854
202607021330,49600.0,49800.0,49350.0,49750.0,2762
202607021345,49750.0,49900.0,49350.0,49900.0,5035
202607021400,49850.0,50300.0,49750.0,49950.0,4369
202607021415,49950.0,50000.0,49400.0,49450.0,5106
202607021430,49450.0,49500.0,49150.0,49250.0,4338
202607021445,49400.0,49400.0,48650.0,49000.0,10830
202607021500,49000.0,49000.0,48100.0,48250.0,18596
202607021515,48250.0,48450.0,48150.0,48350.0,9121
202607030900,49100.0,49700.0,48200.0,48600.0,17062
202607030915,48550.0,48600.0,47050.0,47050.0,12012
202607030930,47050.0,47350.0,46350.0,46450.0,17415
202607030945,46450.0,47000.0,45800.0,45950.0,10186
202607031000,46000.0,47450.0,45900.0,47250.0,8610
202607031015,47400.0,48300.0,46750.0,46750.0,18446
202607031030,46700.0,47450.0,46600.0,47250.0,4594
202607031045,47200.0,47550.0,47000.0,47300.0,4051
202607031100,47250.0,48300.0,47150.0,47400.0,4989
202607031115,47400.0,47950.0,47200.0,47800.0,2080
202607031130,47850.0,48000.0,47550.0,47550.0,2752
202607031145,47600.0,48100.0,47550.0,47850.0,2030
202607031200,47800.0,47800.0,47300.0,47400.0,4815
202607031215,47450.0,47950.0,47450.0,47900.0,2621
202607031230,47900.0,48000.0,47400.0,47450.0,2406
202607031245,47500.0,48200.0,47400.0,47950.0,2140
202607031300,47950.0,48400.0,47950.0,48400.0,4093
202607031315,48400.0,48850.0,48400.0,48550.0,4248
202607031330,48550.0,49100.0,48550.0,48950.0,5824
202607031345,48950.0,49350.0,48800.0,49300.0,6051
202607031400,49350.0,49350.0,48650.0,48900.0,4818
202607031415,48900.0,49400.0,48850.0,49300.0,2859
202607031430,49300.0,49650.0,48900.0,49000.0,5116
202607031445,49000.0,49250.0,48700.0,49150.0,2506
202607031500,49150.0,49650.0,49100.0,49550.0,5057
202607031515,49500.0,49550.0,49400.0,49450.0,2590
202607060900,48700.0,49400.0,47700.0,49000.0,11067
202607060915,48800.0,48800.0,46600.0,46950.0,16748
202607060930,46900.0,47500.0,46600.0,47450.0,12455
202607060945,47400.0,47500.0,46850.0,47300.0,5784
202607061000,47200.0,47300.0,46600.0,46700.0,9453
202607061015,46700.0,47000.0,46500.0,46650.0,7078
202607061030,46700.0,46900.0,46000.0,46000.0,13021
202607061045,46000.0,46150.0,45250.0,45750.0,11509
202607061100,45950.0,46300.0,45300.0,45400.0,13428
202607061115,45500.0,45600.0,45200.0,45300.0,8197
202607061130,45300.0,45400.0,45000.0,45000.0,12502
202607061145,45000.0,45300.0,44950.0,45250.0,4424
202607061200,45200.0,45550.0,45100.0,45450.0,3046
202607061215,45450.0,45650.0,45300.0,45600.0,2666
202607061230,45550.0,45850.0,45250.0,45400.0,3159
202607061245,45400.0,45550.0,45250.0,45400.0,2821
202607061300,45450.0,45650.0,45300.0,45650.0,2994
202607061315,45650.0,46300.0,45650.0,46150.0,3317
202607061330,46200.0,46750.0,46200.0,46700.0,6231
202607061345,46700.0,46750.0,46250.0,46450.0,3827
202607061400,46450.0,46700.0,46200.0,46500.0,3230
202607061415,46500.0,46700.0,46350.0,46500.0,5100
202607061430,46450.0,46500.0,46250.0,46500.0,4369
202607061445,46450.0,46950.0,46000.0,46950.0,4823
202607061500,46850.0,47200.0,46700.0,46900.0,5733
202607061515,46900.0,47100.0,46900.0,47000.0,4171
202607070900,46700.0,48200.0,46500.0,46500.0,7580
202607070915,46600.0,47750.0,46350.0,47350.0,5531
202607070930,47350.0,47450.0,46200.0,46200.0,5538
202607070945,46200.0,46500.0,45900.0,46200.0,4102
202607071000,46100.0,46200.0,45750.0,45800.0,3421
202607071015,45800.0,45950.0,45000.0,45000.0,6336
202607071030,45050.0,46000.0,45000.0,46000.0,2265
202607071045,46000.0,46400.0,45550.0,45800.0,2856
202607071100,45700.0,45800.0,45250.0,45450.0,2741
202607071115,45450.0,45450.0,45000.0,45000.0,5945
202607071130,45000.0,45350.0,44900.0,45050.0,3865
202607071145,45050.0,45250.0,44950.0,45100.0,3881
202607071200,45000.0,45200.0,44950.0,45000.0,2116
202607071215,45000.0,45000.0,43800.0,44000.0,10720
202607071230,44100.0,44250.0,43600.0,43850.0,10919
202607071245,43900.0,44100.0,43500.0,44000.0,13811
202607071300,43950.0,44250.0,43600.0,43850.0,9029
202607071315,43850.0,43950.0,43500.0,43850.0,11274
202607071330,43850.0,44000.0,43500.0,43500.0,8339
202607071345,43600.0,43850.0,42850.0,43350.0,10514
202607071400,43400.0,43650.0,43050.0,43150.0,10064
202607071415,43250.0,44050.0,43050.0,43800.0,14815
202607071430,43800.0,44450.0,43700.0,44400.0,6689
202607071445,44400.0,44600.0,44100.0,44550.0,4144
202607071500,44550.0,44650.0,43800.0,43950.0,4314
202607071515,43900.0,44450.0,43800.0,44450.0,4697
202607080900,42700.0,43950.0,42050.0,43700.0,21203
202607080915,43700.0,44450.0,43000.0,44150.0,8500
202607080930,44100.0,44450.0,43250.0,44300.0,11123
202607080945,44300.0,44700.0,44000.0,44650.0,4073
202607081000,44650.0,44650.0,43700.0,44150.0,4546
202607081015,44150.0,44250.0,43450.0,43750.0,2332
202607081030,43750.0,43750.0,43050.0,43300.0,5924
202607081045,43300.0,43400.0,42850.0,42850.0,4969
202607081100,42950.0,43300.0,42550.0,42800.0,6631
202607081115,42800.0,43500.0,42750.0,43400.0,3900
202607081130,43400.0,43400.0,43000.0,43250.0,2518
202607081145,43250.0,43500.0,43000.0,43200.0,2974
202607081200,43200.0,43400.0,43100.0,43400.0,3226
202607081215,43400.0,43650.0,43300.0,43650.0,1543
202607081230,43650.0,43800.0,43250.0,43350.0,2002
202607081245,43350.0,43400.0,43100.0,43100.0,2417
202607081300,43050.0,43050.0,42300.0,42300.0,11141
202607081315,42300.0,42450.0,41700.0,42150.0,8017
202607081330,42150.0,42250.0,41500.0,41700.0,10495
202607081345,41700.0,42150.0,41050.0,42100.0,9214
202607081400,42100.0,42600.0,41750.0,42150.0,6932
202607081415,42200.0,43450.0,42050.0,42500.0,28472
202607081430,42500.0,42600.0,42050.0,42150.0,8497
202607081445,42150.0,42750.0,41800.0,42650.0,6181
202607081500,42650.0,43100.0,42400.0,42650.0,14656
202607081515,42650.0,42750.0,42300.0,42300.0,8279
202607090900,43800.0,44350.0,41500.0,43800.0,24602
202607090915,43800.0,44650.0,43150.0,44650.0,10834
202607090930,44650.0,44950.0,44200.0,44850.0,10059
202607090945,44850.0,45200.0,44100.0,44550.0,9284
202607091000,44550.0,45100.0,44300.0,44700.0,4009
202607091015,44950.0,45300.0,44600.0,44600.0,6791
202607091030,44500.0,44900.0,44300.0,44900.0,2703
202607091045,44850.0,44850.0,43800.0,43850.0,5838
202607091100,43900.0,44450.0,43700.0,43850.0,3646
202607091115,43900.0,44500.0,43750.0,44350.0,2096
202607091130,44400.0,44400.0,43400.0,43500.0,4764
202607091145,43500.0,43700.0,42650.0,42800.0,6163
202607091200,42850.0,43150.0,42150.0,42550.0,4075
202607091215,42350.0,44000.0,42250.0,43900.0,5311
202607091230,43750.0,43950.0,43300.0,43850.0,4395
202607091245,43900.0,44200.0,43600.0,43950.0,2013
202607091300,43950.0,44100.0,43800.0,44000.0,1418
202607091315,43950.0,44000.0,43450.0,43750.0,2547
202607091330,43750.0,44000.0,43650.0,43700.0,2493
202607091345,43750.0,43800.0,43550.0,43650.0,1299
202607091400,43700.0,43750.0,43100.0,43400.0,3101
202607091415,43400.0,43600.0,42750.0,42850.0,2781
202607091430,42800.0,43150.0,42500.0,42800.0,2361
202607091445,42800.0,43450.0,42600.0,43400.0,3136
202607091500,43400.0,43400.0,42800.0,43000.0,4816
202607091515,42850.0,43400.0,42850.0,43300.0,4757
202607100900,45700.0,45950.0,45050.0,45650.0,19442
202607100915,45700.0,46400.0,45050.0,45450.0,13393
202607100930,45450.0,46000.0,45000.0,46000.0,5486
202607100945,46000.0,46350.0,45900.0,46350.0,4149
202607101000,46350.0,47450.0,46300.0,47450.0,13377
202607101015,47450.0,48450.0,46900.0,48300.0,29861
202607101030,48250.0,48550.0,47100.0,48550.0,8259
202607101045,48600.0,49750.0,48350.0,48850.0,15054
202607101100,48850.0,49450.0,48650.0,49250.0,14284
202607101115,49225.0,49500.0,48800.0,49050.0,7973
202607101130,49150.0,49600.0,49150.0,49300.0,6233
202607101145,49300.0,49450.0,48850.0,49050.0,5143
202607101200,48950.0,49250.0,48850.0,49100.0,4028
202607101215,49100.0,49250.0,48650.0,48700.0,3575
202607101230,48650.0,49200.0,48600.0,49100.0,2983
202607101245,49100.0,49250.0,48700.0,48850.0,2950
202607101300,48800.0,49200.0,48750.0,49125.0,4410
202607101315,49125.0,49250.0,49000.0,49250.0,2552
202607101330,49250.0,49550.0,49000.0,49500.0,5360
202607101345,49450.0,49500.0,48800.0,48850.0,5386
202607101400,48800.0,48850.0,48400.0,48850.0,5111
202607101415,48950.0,49000.0,48750.0,48800.0,2148
202607101430,48800.0,49100.0,48700.0,48800.0,8267
202607101445,48800.0,49000.0,48700.0,48850.0,2731
202607101500,48750.0,48850.0,48550.0,48700.0,7211
202607101515,48750.0,48850.0,48550.0,48550.0,4002
202607130900,47750.0,50200.0,47650.0,49950.0,22581
202607130915,49850.0,50500.0,49350.0,49800.0,12429
202607130930,49800.0,49950.0,48900.0,49150.0,9904
202607130945,49200.0,49550.0,48450.0,48600.0,6587
202607131000,48500.0,49100.0,48000.0,48550.0,10799
202607131015,48550.0,48800.0,47650.0,47700.0,4006
202607131030,47650.0,48200.0,47450.0,47450.0,6985
202607131045,47450.0,47500.0,46750.0,46800.0,4878
202607131100,46750.0,47300.0,46700.0,47000.0,3645
202607131115,47100.0,48150.0,47050.0,47500.0,5421
202607131130,47450.0,47700.0,47300.0,47500.0,2149
202607131145,47500.0,47550.0,46950.0,46950.0,3800
202607131200,46950.0,46950.0,46300.0,46300.0,3437
202607131215,46350.0,46650.0,46200.0,46200.0,3203
202607131230,46200.0,46450.0,45950.0,46150.0,3307
202607131245,46200.0,46500.0,46000.0,46100.0,2792
202607131300,46100.0,46100.0,45750.0,45850.0,8976
202607131315,45900.0,46100.0,45650.0,45850.0,2547
202607131330,45900.0,46200.0,45800.0,45850.0,862
202607131345,45900.0,46400.0,45900.0,46000.0,1787
202607131400,46050.0,46700.0,46050.0,46550.0,3573
202607131415,46550.0,46550.0,45500.0,45550.0,1866
202607131430,45500.0,46950.0,45500.0,46350.0,3385
202607131445,46350.0,46650.0,46050.0,46600.0,2451
202607131500,46600.0,46800.0,45850.0,46150.0,3019
202607131515,46000.0,46100.0,45550.0,45550.0,2985
202607140900,45700.0,46100.0,44350.0,45750.0,12034
202607140915,45700.0,46000.0,44750.0,45300.0,6376
202607140930,45300.0,45950.0,44500.0,44700.0,6227
202607140945,44700.0,47600.0,44700.0,47600.0,13817
202607141000,47600.0,47700.0,46750.0,46800.0,8663
202607141015,46800.0,47250.0,46250.0,46550.0,6967
202607141030,46400.0,46400.0,45500.0,45600.0,3463
202607141045,45600.0,45600.0,44800.0,44850.0,5222
202607141100,44850.0,45300.0,44200.0,44500.0,5858
202607141115,44550.0,44650.0,43950.0,44150.0,6418
202607141130,44200.0,44650.0,43650.0,44550.0,5702
202607141145,44450.0,44600.0,43900.0,43900.0,3993
202607141200,43950.0,43950.0,43050.0,43150.0,6469
202607141215,43150.0,43700.0,42800.0,43650.0,9684
202607141230,43650.0,43750.0,43150.0,43300.0,4965
202607141245,43400.0,44250.0,43250.0,44150.0,13746
202607141300,44150.0,44200.0,43650.0,43800.0,7316
202607141315,43800.0,44700.0,43750.0,44350.0,2346
202607141330,44400.0,45000.0,44350.0,44750.0,3336
202607141345,44750.0,45650.0,44750.0,45500.0,5651
202607141400,45550.0,46250.0,45300.0,46075.0,6420
202607141415,46075.0,46600.0,45850.0,46600.0,5119
202607141430,46600.0,46750.0,45650.0,46200.0,6675
202607141445,46200.0,46200.0,45500.0,45850.0,4869
202607141500,45850.0,46150.0,45550.0,46000.0,5247
202607141515,46000.0,46250.0,45950.0,46250.0,3286
202607150900,47850.0,48650.0,47550.0,48550.0,11815
202607150915,48600.0,48700.0,47900.0,48350.0,10407
202607150930,48350.0,48650.0,48100.0,48450.0,6188
202607150945,48450.0,49100.0,48450.0,49000.0,6217
202607151000,49000.0,49050.0,47750.0,48500.0,8694
202607151015,48350.0,48800.0,48200.0,48700.0,3489
202607151030,48600.0,48650.0,47750.0,47900.0,5861
202607151045,47850.0,48200.0,47850.0,48150.0,3286
202607151100,48150.0,48500.0,48100.0,48300.0,2918
202607151115,48250.0,48300.0,47800.0,47900.0,2941
202607151130,47950.0,48200.0,47850.0,48050.0,5049
202607151145,48050.0,48200.0,47850.0,47850.0,3340
202607151200,47900.0,48100.0,47800.0,48050.0,2825
202607151215,48050.0,48200.0,48000.0,48200.0,2175
202607151230,48200.0,48350.0,48150.0,48300.0,2076
202607151245,48300.0,48650.0,48200.0,48650.0,3598
202607151300,48650.0,48700.0,48450.0,48600.0,2928
202607151315,48600.0,48600.0,48400.0,48450.0,4113
202607151330,48450.0,48550.0,48350.0,48450.0,1632
202607151345,48450.0,48500.0,48150.0,48400.0,2518
202607151400,48450.0,48450.0,47850.0,47850.0,7156
202607151415,47850.0,48100.0,47700.0,47750.0,4368
202607151430,47700.0,48200.0,47700.0,47950.0,3429
202607151445,47950.0,48500.0,47950.0,48500.0,4042
202607151500,48500.0,48600.0,48400.0,48400.0,5062
202607151515,48400.0,48400.0,48100.0,48350.0,3580
202607160900,46800.0,46800.0,45900.0,46150.0,5995
202607160915,46150.0,46150.0,45100.0,45150.0,8658
202607160930,45150.0,45550.0,44650.0,44800.0,7809
202607160945,44800.0,45000.0,44550.0,44900.0,2724
202607161000,44850.0,45250.0,44400.0,44650.0,5203
202607161015,44650.0,45150.0,44450.0,44750.0,2572
202607161030,44750.0,45100.0,44550.0,44700.0,1822
202607161045,44700.0,45100.0,44600.0,44650.0,1250
202607161100,44700.0,44700.0,44100.0,44550.0,7321
202607161115,44550.0,45050.0,44300.0,45000.0,1147
202607161130,45000.0,45100.0,44850.0,45050.0,2102
202607161145,45050.0,45300.0,44850.0,44950.0,1405
202607161200,45100.0,45300.0,44850.0,45100.0,694
202607161215,45100.0,45250.0,44800.0,44850.0,1015
202607161230,44850.0,45000.0,44800.0,44850.0,1149
202607161245,44850.0,45150.0,44800.0,45150.0,1070
202607161300,45050.0,45150.0,44850.0,45150.0,1201
202607161315,45100.0,45150.0,44800.0,44800.0,1270
202607161330,44800.0,44900.0,44650.0,44900.0,1736
202607161345,44900.0,44950.0,44750.0,44950.0,1477
202607161400,45000.0,45600.0,44900.0,45500.0,3403
202607161415,45550.0,46050.0,45400.0,46050.0,4719
202607161430,46050.0,46050.0,45100.0,45200.0,2169
202607161445,45200.0,45250.0,45000.0,45100.0,3352
202607161500,45100.0,45200.0,44800.0,44900.0,3212
202607161515,44900.0,45200.0,44800.0,44850.0,5013
202607200900,42850.0,45150.0,42550.0,44800.0,9617
202607200915,44800.0,45200.0,44550.0,44700.0,5298
202607200930,44700.0,45150.0,44050.0,44450.0,6799
202607200945,44500.0,44500.0,43600.0,43800.0,3791
202607201000,43800.0,44250.0,43550.0,43600.0,3326
202607201015,43600.0,43700.0,43000.0,43150.0,10328
202607201030,43300.0,43300.0,42750.0,42900.0,4069
202607201045,42900.0,42900.0,42500.0,42750.0,3539
202607201100,42900.0,43250.0,42800.0,43000.0,2380
202607201115,43000.0,43000.0,42200.0,42200.0,6050
202607201130,42200.0,43300.0,42200.0,43150.0,30264
202607201145,43150.0,43150.0,42850.0,43000.0,1869
202607201200,42950.0,42950.0,42400.0,42700.0,18125
202607201215,42700.0,42950.0,42400.0,42550.0,3551
202607201230,42650.0,42800.0,42450.0,42700.0,1809
202607201245,42800.0,43400.0,42700.0,43000.0,2326
202607201300,43000.0,43150.0,42650.0,42800.0,1815
202607201315,42650.0,43150.0,42600.0,43150.0,3250
202607201330,43150.0,43550.0,43000.0,43500.0,2907
202607201345,43450.0,43700.0,43050.0,43200.0,2258
202607201400,43200.0,43200.0,42650.0,42900.0,2019
202607201415,42800.0,43000.0,42700.0,42800.0,2251
202607201430,42800.0,42900.0,42650.0,42750.0,3356
202607201445,42750.0,43050.0,42700.0,43000.0,4135
202607201500,43000.0,43300.0,42750.0,43250.0,10379
202607201515,43250.0,43450.0,43200.0,43200.0,8042
202607210900,42700.0,43250.0,42200.0,42600.0,5885
202607210915,42550.0,43000.0,41800.0,42250.0,9151
202607210930,42200.0,43050.0,42000.0,42900.0,4121
202607210945,42900.0,43300.0,42400.0,42400.0,2053
202607211000,42400.0,43200.0,42300.0,43000.0,2211
202607211015,43050.0,43050.0,42650.0,43000.0,906
202607211030,43050.0,43550.0,42700.0,42800.0,7337
202607211045,42800.0,42850.0,42450.0,42550.0,3328
202607211100,42450.0,42700.0,42250.0,42350.0,3192
202607211115,42300.0,42550.0,42100.0,42550.0,2232
202607211130,42550.0,42800.0,42450.0,42800.0,697
202607211145,42800.0,42950.0,42700.0,42950.0,1110
202607211200,42950.0,43300.0,42950.0,43250.0,2395
202607211215,43300.0,43400.0,42950.0,43000.0,1817
202607211230,43000.0,43450.0,42950.0,43350.0,2994
202607211245,43350.0,43650.0,43300.0,43650.0,3220
202607211300,43600.0,43750.0,43600.0,43700.0,2249
202607211315,43650.0,43700.0,43550.0,43650.0,2097
202607211330,43650.0,43650.0,43100.0,43250.0,3102
202607211345,43250.0,43350.0,43000.0,43050.0,2820
202607211400,43050.0,43100.0,42750.0,42800.0,2198
202607211415,42800.0,43100.0,42550.0,43100.0,5105
202607211430,43100.0,43400.0,42950.0,43400.0,4122
202607211445,43200.0,43550.0,43200.0,43350.0,2723
202607211500,43350.0,43550.0,43300.0,43350.0,3032
202607211515,43400.0,43450.0,43300.0,43300.0,3279
202607220900,45400.0,46400.0,44650.0,45100.0,9765
202607220915,45100.0,45650.0,44850.0,44850.0,8083
202607220930,44850.0,44950.0,44600.0,44800.0,4360
202607220945,44750.0,44850.0,44150.0,44750.0,3149
202607221000,44650.0,45000.0,44500.0,44850.0,3776
202607221015,44850.0,44900.0,44400.0,44450.0,1983
202607221030,44450.0,44550.0,44200.0,44450.0,2608
202607221045,44450.0,45000.0,44450.0,44600.0,1986
202607221100,44650.0,44650.0,44250.0,44400.0,3652
202607221115,44400.0,44450.0,44200.0,44350.0,3013
202607221130,44400.0,44400.0,44000.0,44000.0,4226
202607221145,43950.0,44200.0,43950.0,43950.0,4628
202607221200,43950.0,44000.0,43450.0,43550.0,5031
202607221215,43500.0,44300.0,43500.0,44300.0,1893
202607221230,44200.0,44250.0,44050.0,44250.0,1413
202607221245,44200.0,44400.0,44000.0,44200.0,1770
202607221300,44200.0,44450.0,44200.0,44400.0,1638
202607221315,44400.0,44750.0,44400.0,44400.0,2251
202607221330,44350.0,44400.0,44200.0,44350.0,2337
202607221345,44350.0,44350.0,43750.0,44150.0,2405
202607221400,44100.0,44100.0,43400.0,43450.0,4732
202607221415,43450.0,43550.0,43350.0,43400.0,2507
202607221430,43400.0,43550.0,42900.0,42950.0,4583
202607221445,42950.0,43250.0,42900.0,43250.0,3590
202607221500,43200.0,43200.0,42600.0,42750.0,4356
202607221515,42700.0,42750.0,42350.0,42350.0,4171
202607230900,43650.0,44000.0,43250.0,43950.0,4916
202607230915,43900.0,44000.0,43450.0,43750.0,5076
202607230930,43700.0,43700.0,43300.0,43550.0,3416
202607230945,43550.0,43850.0,43500.0,43500.0,2592
202607231000,43500.0,43600.0,43350.0,43550.0,2506
202607231015,43500.0,43500.0,42850.0,42900.0,4610
202607231030,42800.0,43100.0,42450.0,42450.0,4931
202607231045,42400.0,42500.0,42150.0,42250.0,5103
202607231100,42200.0,42550.0,41900.0,41950.0,6476
202607231115,42000.0,42100.0,41700.0,41900.0,4549
202607231130,41900.0,42050.0,41650.0,41950.0,2778
202607231145,41900.0,42800.0,41900.0,42400.0,3656
202607231200,42350.0,42400.0,42100.0,42100.0,2223
202607231215,42150.0,42550.0,42000.0,42450.0,2108
202607231230,42500.0,42800.0,42400.0,42700.0,1975
202607231245,42700.0,43100.0,42650.0,42950.0,5649
202607231300,42950.0,43000.0,42600.0,42950.0,3331
202607231315,42950.0,43050.0,42800.0,42950.0,2199
202607231330,43000.0,43150.0,42750.0,42800.0,2573
202607231345,42850.0,43000.0,42750.0,42850.0,2323
202607231400,42800.0,42900.0,42750.0,42750.0,1772
202607231415,42750.0,43100.0,42650.0,42800.0,6318
202607231430,42850.0,43400.0,42650.0,43350.0,4773
202607231445,43350.0,43400.0,43000.0,43350.0,4428
202607231500,43400.0,43650.0,43300.0,43650.0,3967
202607231515,43650.0,43650.0,43450.0,43600.0,5243
202607240900,42450.0,42900.0,41900.0,42100.0,8418
202607240915,42050.0,42450.0,41750.0,41800.0,9718
202607240930,41750.0,41850.0,41350.0,41450.0,7617
202607240945,41450.0,41600.0,41250.0,41450.0,5430
202607241000,41400.0,41950.0,41400.0,41550.0,3938
202607241015,41550.0,41900.0,41350.0,41550.0,4517
202607241030,41550.0,41950.0,41550.0,41700.0,2270
202607241045,41650.0,41650.0,41300.0,41400.0,4565
202607241100,41400.0,41400.0,41200.0,41250.0,4353
202607241115,41250.0,41250.0,41000.0,41050.0,6633
202607241130,41050.0,41100.0,40550.0,40650.0,7445
202607241145,40650.0,40650.0,40400.0,40500.0,4066
202607241200,40400.0,40550.0,40200.0,40300.0,4044
202607241215,40350.0,40600.0,40100.0,40500.0,2538
202607241230,40500.0,40500.0,40150.0,40250.0,2702
202607241245,40250.0,40300.0,40100.0,40150.0,2513
202607241300,40150.0,40300.0,39950.0,40050.0,5886
202607241315,40000.0,40650.0,39950.0,40550.0,3312
202607241330,40550.0,40600.0,40200.0,40200.0,2070
202607241345,40200.0,40650.0,40200.0,40600.0,1973
202607241400,40600.0,41000.0,40400.0,40850.0,4281
202607241415,40850.0,41000.0,40650.0,40750.0,2286
202607241430,40750.0,40950.0,40600.0,40650.0,2167
202607241445,40650.0,40750.0,40350.0,40400.0,5638
202607241500,40400.0,40450.0,40200.0,40450.0,3938
202607241515,40400.0,40400.0,40100.0,40150.0,4098
202607270900,41500.0,41900.0,41000.0,41550.0,14550
202607270915,41550.0,43200.0,41400.0,43150.0,16054
202607270930,43150.0,44050.0,42500.0,44050.0,16495
202607270945,44050.0,45800.0,44050.0,45600.0,29998
202607271000,45750.0,45850.0,44250.0,44400.0,14351
202607271015,44400.0,44450.0,43000.0,44000.0,15282
202607271030,44100.0,44950.0,44000.0,44200.0,12177
202607271045,44100.0,44500.0,43550.0,44000.0,8042
202607271100,44000.0,44150.0,43650.0,44000.0,4306
202607271115,44000.0,44350.0,43700.0,44150.0,6916
202607271130,44050.0,44400.0,43850.0,44150.0,4707
202607271145,44100.0,44350.0,43650.0,43650.0,5343
202607271200,43700.0,44000.0,42900.0,43950.0,6166
202607271215,43850.0,44050.0,43400.0,43400.0,2733
202607271230,43400.0,43750.0,43000.0,43250.0,2337
202607271245,43200.0,43400.0,42900.0,43000.0,2376
202607271300,43000.0,43350.0,43000.0,43250.0,2319
202607271315,43300.0,44050.0,43300.0,43500.0,5957
202607271330,43500.0,43850.0,43300.0,43850.0,4044
202607271345,43800.0,44400.0,43700.0,43700.0,3247
202607271400,43700.0,43950.0,43700.0,43950.0,1767
202607271415,43900.0,44150.0,43700.0,43850.0,3752
202607271430,43850.0,43850.0,43400.0,43700.0,5040
202607271445,43600.0,43750.0,43500.0,43600.0,2637
202607271500,43650.0,44000.0,43550.0,43875.0,4907
202607271515,43875.0,44000.0,43550.0,44000.0,5021
202607280900,40950.0,41250.0,39600.0,40050.0,19079
202607280915,40150.0,40950.0,39550.0,39600.0,9048
202607280930,39650.0,40200.0,39350.0,39600.0,9149
202607280945,39650.0,39850.0,39300.0,39800.0,6478
202607281000,39700.0,39700.0,39200.0,39400.0,7661
202607281015,39400.0,39500.0,39250.0,39450.0,2819
202607281030,39450.0,39550.0,39150.0,39300.0,5293
202607281045,39300.0,39500.0,38650.0,38650.0,10241
202607281100,38600.0,38650.0,38250.0,38300.0,8314
202607281115,38350.0,38700.0,38250.0,38250.0,3299
202607281130,38300.0,38400.0,37850.0,37900.0,7520
202607281145,37900.0,37950.0,37700.0,37750.0,5269
202607281200,37750.0,37750.0,37750.0,37750.0,309
202607281230,37750.0,38150.0,37300.0,38050.0,11883
202607281245,38050.0,38200.0,37950.0,38000.0,4977
202607281300,38000.0,38200.0,37950.0,38100.0,6287
202607281315,38100.0,38250.0,37900.0,37900.0,5216
202607281330,37900.0,38100.0,37850.0,38000.0,3445
202607281345,38000.0,38400.0,38000.0,38350.0,3735
202607281400,38350.0,38550.0,38150.0,38150.0,4316
202607281415,38150.0,38250.0,37950.0,38000.0,4438
202607281430,38000.0,38050.0,37750.0,37900.0,5445
202607281445,37900.0,38300.0,37900.0,38100.0,4731
202607281500,38100.0,38300.0,37850.0,37950.0,9747
202607281515,37950.0,38250.0,37950.0,38200.0,5456
202607290900,39150.0,39600.0,38500.0,39000.0,25623
202607290915,39100.0,39850.0,38100.0,38100.0,13912
202607290930,38150.0,38600.0,37700.0,38600.0,3898
202607290945,38600.0,38600.0,37650.0,37800.0,3800
202607291000,37700.0,38100.0,36700.0,37000.0,13271
202607291015,37050.0,37750.0,36800.0,37350.0,5010
202607291030,37350.0,37550.0,36400.0,36450.0,5633
202607291045,36450.0,36800.0,36000.0,36300.0,11539
202607291100,36150.0,36450.0,35450.0,35825.0,13270
202607291115,35825.0,36050.0,35150.0,36050.0,8946
202607291130,36050.0,36050.0,35050.0,35300.0,5738
202607291145,35300.0,35450.0,34800.0,34900.0,4444
202607291200,34950.0,35400.0,34450.0,34750.0,6846
202607291215,34750.0,34750.0,34600.0,34750.0,486
202607291245,34750.0,35250.0,34300.0,35000.0,9419
202607291300,35100.0,35350.0,34350.0,34400.0,35696
202607291315,34400.0,34400.0,33350.0,33650.0,16531
202607291330,33650.0,34000.0,33050.0,33600.0,7924
202607291345,33750.0,34700.0,33600.0,34700.0,9454
202607291400,34700.0,35300.0,34550.0,35200.0,6881
202607291415,35200.0,35350.0,34550.0,35050.0,7833
202607291430,35100.0,35800.0,35050.0,35500.0,5686
202607291445,35450.0,35850.0,35250.0,35700.0,9046
202607291500,35700.0,35700.0,34850.0,35300.0,14486
202607291515,35350.0,35950.0,35300.0,35950.0,5050
202607300900,36250.0,36750.0,35750.0,36350.0,10178
202607300915,36350.0,36450.0,35800.0,36050.0,5318
202607300930,36050.0,36050.0,34850.0,35200.0,8419
202607300945,35200.0,35400.0,35000.0,35400.0,7455
202607301000,35500.0,36550.0,35350.0,35800.0,5776
202607301015,35750.0,37200.0,35750.0,37150.0,5401
202607301030,37150.0,38100.0,37100.0,37700.0,12127
202607301045,37750.0,38100.0,37000.0,37600.0,5081
202607301100,37550.0,37550.0,36550.0,36650.0,3697
202607301115,36600.0,36700.0,36350.0,36500.0,4533
202607301130,36500.0,36500.0,35950.0,36200.0,4003
202607301145,36200.0,36350.0,35600.0,35850.0,3333
202607301200,35850.0,36300.0,35600.0,35600.0,3344
202607301215,35650.0,35950.0,35600.0,35800.0,3113
202607301230,35800.0,36150.0,35800.0,36100.0,1473
202607301245,36100.0,36250.0,36050.0,36200.0,1333
202607301300,36150.0,36300.0,35850.0,36250.0,4286
202607301315,36200.0,36550.0,36000.0,36450.0,2353
202607301330,36500.0,36600.0,36050.0,36150.0,2441
202607301345,36100.0,36250.0,35950.0,36050.0,1687
202607301400,36050.0,36500.0,36050.0,36350.0,3147
202607301415,36350.0,36600.0,35950.0,36350.0,5235
202607301430,36250.0,36450.0,35950.0,36450.0,11542
202607301445,36300.0,36350.0,35900.0,36050.0,20604
202607301500,35950.0,36100.0,35800.0,35850.0,5162
202607301515,35900.0,36000.0,35800.0,35950.0,5820
202607310900,40300.0,41500.0,40000.0,41350.0,25436
202607310915,41275.0,41550.0,40050.0,41400.0,13126
202607310930,41400.0,41750.0,40900.0,41100.0,11504
202607310945,41100.0,41700.0,40800.0,41000.0,11679
202607311000,41000.0,41500.0,40900.0,40900.0,11119
202607311015,40900.0,41100.0,40500.0,40650.0,11106
202607311030,40600.0,40700.0,40300.0,40350.0,11563
202607311045,40350.0,40450.0,40150.0,40350.0,16202
202607311100,40400.0,40650.0,39850.0,39900.0,9366
202607311115,39900.0,40350.0,39700.0,40300.0,6047
202607311130,40350.0,40450.0,40050.0,40350.0,4908
202607311145,40350.0,40650.0,40300.0,40450.0,4085
202607311200,40450.0,40550.0,40250.0,40300.0,3443
202607311215,40300.0,40800.0,40100.0,40650.0,3874
202607311230,40650.0,40750.0,40400.0,40650.0,3698
202607311245,40650.0,40750.0,40300.0,40550.0,2921
202607311300,40550.0,41700.0,40550.0,41350.0,10875
202607311315,41350.0,41700.0,41200.0,41550.0,6851
202607311330,41550.0,42100.0,41450.0,42050.0,9783
202607311345,42050.0,42200.0,41800.0,42050.0,8340
202607311400,42050.0,42650.0,42000.0,42550.0,13413
202607311415,42550.0,42850.0,42300.0,42850.0,12903
202607311430,42850.0,42950.0,42100.0,42550.0,19070
202607311445,42550.0,42850.0,42250.0,42650.0,8234
202607311500,42700.0,42900.0,42600.0,42800.0,9367
202607311515,42750.0,42850.0,42500.0,42850.0,9942
202608030900,42400.0,44900.0,42250.0,42950.0,13064
202608030915,42950.0,43150.0,42250.0,43100.0,6388
202608030930,43050.0,44300.0,43050.0,44300.0,9285
202608030945,44250.0,44700.0,43850.0,44450.0,6519
202608031000,44500.0,44850.0,44150.0,44200.0,5283
202608031015,44200.0,44500.0,43900.0,44175.0,4324
202608031030,44100.0,44500.0,44100.0,44300.0,3865
202608031045,44350.0,44500.0,44000.0,44250.0,4180
202608031100,44250.0,44950.0,44150.0,44900.0,5704
202608031115,44900.0,44900.0,44250.0,44300.0,3628
202608031130,44300.0,44700.0,44200.0,44300.0,2902
202608031145,44300.0,44350.0,44050.0,44200.0,2657
202608031200,44150.0,44200.0,43950.0,44150.0,2442
202608031215,44200.0,44500.0,43800.0,44050.0,3297
202608031230,44100.0,44450.0,43950.0,44300.0,1795
202608031245,44300.0,44400.0,44000.0,44200.0,1672
202608031300,44000.0,44100.0,43750.0,43950.0,3053
202608031315,43950.0,44100.0,43800.0,43800.0,1488
202608031330,43750.0,44000.0,43700.0,43850.0,2243
202608031345,43800.0,44000.0,43700.0,44000.0,4462
202608031400,44000.0,44050.0,43550.0,43550.0,2033
202608031415,43550.0,44450.0,43500.0,44050.0,3068
202608031430,43950.0,44200.0,43800.0,44150.0,1869
202608031445,43900.0,44000.0,43750.0,43850.0,2550
202608031500,43800.0,43850.0,43600.0,43700.0,2106
202608031515,43750.0,43950.0,43650.0,43950.0,3675
202608040900,44950.0,46500.0,44700.0,46300.0,18387
202608040915,46250.0,46850.0,45600.0,45900.0,20850
202608040930,45900.0,45950.0,44150.0,44550.0,9401
202608040945,44550.0,45000.0,44150.0,44350.0,7085
202608041000,44350.0,45050.0,44200.0,44800.0,3675
202608041015,44800.0,45100.0,44250.0,45100.0,3296
202608041030,45100.0,45500.0,44800.0,45500.0,5283
202608041045,45550.0,45925.0,45300.0,45500.0,2647
202608041100,45500.0,45550.0,44850.0,44900.0,2224
202608041115,44900.0,45200.0,44800.0,45200.0,2233
202608041130,45200.0,45350.0,44850.0,45350.0,1237
202608041145,45200.0,45250.0,44950.0,45100.0,1301
202608041200,45100.0,45200.0,44500.0,44650.0,3212
202608041215,44500.0,45100.0,44400.0,45050.0,1895
202608041230,45100.0,45250.0,44800.0,45000.0,1732
202608041245,44900.0,45150.0,44800.0,45100.0,3085
202608041300,45100.0,45200.0,44750.0,45100.0,1805
202608041315,44850.0,45200.0,44750.0,45200.0,1187
202608041330,45200.0,45200.0,44800.0,45050.0,2532
202608041345,45000.0,45200.0,44850.0,45050.0,1607
202608041400,45050.0,45250.0,44800.0,45150.0,3298
202608041415,45150.0,45600.0,44900.0,45600.0,3274
202608041430,45550.0,45700.0,45350.0,45650.0,5131
202608041445,45600.0,45850.0,45450.0,45800.0,3376
202608041500,45800.0,45850.0,45350.0,45550.0,2344
202608041515,45600.0,45700.0,45600.0,45600.0,2234
202608050900,47250.0,47700.0,46600.0,47100.0,15462
202608050915,47100.0,48350.0,47100.0,48250.0,10975
202608050930,48300.0,48950.0,48150.0,48250.0,13055
202608050945,48250.0,48350.0,47750.0,48250.0,6944
202608051000,48200.0,48300.0,47800.0,47950.0,3399
202608051015,48000.0,48000.0,47300.0,47500.0,4827
202608051030,47550.0,47750.0,47450.0,47750.0,2591
202608051045,47750.0,47950.0,47550.0,47750.0,2930
202608051100,47750.0,47850.0,47300.0,47500.0,4127
202608051115,47500.0,47500.0,47200.0,47300.0,3369
202608051130,47300.0,47550.0,47050.0,47550.0,2393
202608051145,47600.0,47700.0,47400.0,47600.0,1062
202608051200,47600.0,47750.0,47550.0,47550.0,849
202608051215,47600.0,47700.0,47250.0,47400.0,1949
202608051230,47400.0,47550.0,47400.0,47500.0,883
202608051245,47450.0,47650.0,47400.0,47600.0,727
202608051300,47550.0,47650.0,47500.0,47550.0,1676
202608051315,47550.0,47550.0,47200.0,47200.0,1287
202608051330,47200.0,47450.0,46750.0,47000.0,5937
202608051345,47000.0,47250.0,46800.0,47150.0,4959
202608051400,47150.0,47350.0,47100.0,47250.0,3430
202608051415,47250.0,47500.0,47100.0,47350.0,3972
202608051430,47350.0,47400.0,47050.0,47200.0,5218
202608051445,47200.0,47400.0,47100.0,47350.0,5431
202608051500,47350.0,47750.0,47300.0,47700.0,5226
202608051515,47750.0,47750.0,47600.0,47600.0,5071
202608060900,46850.0,47000.0,46150.0,46200.0,6610
202608060915,46200.0,46450.0,45750.0,45950.0,8416
202608060930,46000.0,46500.0,45750.0,46250.0,4068
202608060945,46250.0,46300.0,45700.0,45800.0,3277
202608061000,45800.0,46150.0,45500.0,45900.0,2867
202608061015,45900.0,45900.0,44800.0,44950.0,7593
202608061030,45150.0,45450.0,45000.0,45400.0,1894
202608061045,45350.0,46000.0,45300.0,45650.0,1497
202608061100,45650.0,45950.0,45300.0,45850.0,1479
202608061115,45850.0,46150.0,45800.0,46050.0,1964
202608061130,46100.0,46700.0,46050.0,46700.0,2499
202608061145,46700.0,46700.0,46100.0,46300.0,2040
202608061200,46300.0,46600.0,46150.0,46300.0,2455
202608061215,46250.0,46300.0,45950.0,46100.0,1403
202608061230,46100.0,46250.0,45900.0,46200.0,697
202608061245,46250.0,46400.0,46200.0,46200.0,1431
202608061300,46250.0,46250.0,45900.0,46100.0,1540
202608061315,46100.0,46500.0,46050.0,46500.0,2519
202608061330,46400.0,46450.0,45800.0,45900.0,3982
202608061345,45850.0,46250.0,45850.0,46100.0,3855
202608061400,46100.0,46500.0,46050.0,46250.0,3843
202608061415,46250.0,46400.0,46200.0,46250.0,3140
202608061430,46250.0,46300.0,46100.0,46200.0,4752
202608061445,46200.0,46300.0,45850.0,46050.0,4621
202608061500,46000.0,46250.0,46000.0,46200.0,4092
202608061515,46200.0,46400.0,46000.0,46000.0,2589
202608070900,48050.0,50700.0,47750.0,49850.0,77544
202608070915,49850.0,49900.0,48250.0,48400.0,29748
202608070930,48400.0,49250.0,48200.0,48850.0,22980
202608070945,48850.0,49300.0,48300.0,49050.0,15721
202608071000,48900.0,49400.0,48300.0,48350.0,12154
202608071015,48300.0,48350.0,47500.0,48350.0,18196
202608071030,48350.0,48500.0,47500.0,48050.0,11478
202608071045,48050.0,49000.0,48050.0,48800.0,9514
202608071100,48800.0,49850.0,48300.0,48650.0,19373
202608071115,48650.0,49000.0,48300.0,48350.0,8090
202608071130,48350.0,48800.0,47750.0,47800.0,5582
202608071145,47800.0,47950.0,47600.0,47850.0,3878
202608071200,47850.0,48300.0,47850.0,48000.0,1541
202608071215,47950.0,48000.0,47650.0,47700.0,6183
202608071230,47700.0,47900.0,47500.0,47550.0,3850
202608071245,47550.0,47850.0,47300.0,47300.0,3258
202608071300,47300.0,47800.0,47200.0,47500.0,2371
202608071315,47450.0,48150.0,47400.0,48000.0,4806
202608071330,48050.0,48500.0,48050.0,48350.0,5949
202608071345,48350.0,49050.0,48350.0,48650.0,13156
202608071400,48650.0,48650.0,48250.0,48450.0,6341
202608071415,48500.0,48500.0,48050.0,48300.0,1791
202608071430,48300.0,48500.0,48000.0,48500.0,2890
202608071445,48350.0,48500.0,48000.0,48000.0,3003
202608071500,48000.0,48700.0,47950.0,48700.0,5365
202608071515,48700.0,48750.0,48600.0,48600.0,3626
202608100900,48250.0,50400.0,48250.0,50300.0,19638
202608100915,50250.0,51000.0,49300.0,50600.0,27974
202608100930,50700.0,50800.0,49400.0,49450.0,8527
202608100945,49475.0,50100.0,49450.0,49450.0,7378
202608101000,49475.0,50000.0,49250.0,50000.0,7120
202608101015,50000.0,50100.0,49750.0,49800.0,7278
202608101030,49800.0,49850.0,49200.0,49550.0,5049
202608101045,49600.0,50000.0,49550.0,49550.0,4681
202608101100,49500.0,49650.0,49350.0,49550.0,4110
202608101115,49550.0,49600.0,49350.0,49500.0,2892
202608101130,49500.0,49800.0,49350.0,49800.0,4019
202608101145,49800.0,49800.0,49550.0,49650.0,1878
202608101200,49650.0,49700.0,49450.0,49600.0,1998
202608101215,49600.0,49600.0,49450.0,49450.0,1178
202608101230,49500.0,49700.0,49400.0,49550.0,2987
202608101245,49600.0,49650.0,49550.0,49650.0,1841
202608101300,49650.0,49750.0,49600.0,49650.0,1592
202608101315,49650.0,49650.0,49350.0,49400.0,3117
202608101330,49400.0,49400.0,48700.0,49100.0,8307
202608101345,49100.0,49100.0,48550.0,48900.0,5225
202608101400,48850.0,49350.0,48850.0,49300.0,1892
202608101415,49350.0,49400.0,49250.0,49300.0,1832
202608101430,49300.0,49400.0,49100.0,49100.0,3725
202608101445,49100.0,49550.0,49050.0,49450.0,3443
202608101500,49450.0,49650.0,49350.0,49550.0,7316
202608101515,49600.0,49600.0,49500.0,49500.0,6459
202608110900,48450.0,50200.0,48450.0,49750.0,9514
202608110915,49700.0,50700.0,49300.0,50600.0,13482
202608110930,50600.0,52000.0,50600.0,51300.0,27947
202608110945,51300.0,53400.0,51300.0,52600.0,41042
202608111000,52600.0,52800.0,51500.0,52500.0,16388
202608111015,52400.0,52500.0,51200.0,51700.0,7151
202608111030,51700.0,52400.0,51200.0,51700.0,5434
202608111045,51700.0,51700.0,51200.0,51400.0,2798
202608111100,51400.0,51800.0,51100.0,51500.0,5331
202608111115,51500.0,51800.0,51400.0,51500.0,3899
202608111130,51500.0,51900.0,51500.0,51900.0,2598
202608111145,51800.0,51900.0,51300.0,51500.0,1917
202608111200,51500.0,51600.0,51200.0,51500.0,1250
202608111215,51500.0,51700.0,51300.0,51400.0,3057
202608111230,51400.0,51500.0,51200.0,51300.0,2692
202608111245,51400.0,51500.0,51200.0,51200.0,2284
202608111300,51300.0,51400.0,51100.0,51200.0,1206
202608111315,51200.0,51300.0,51100.0,51300.0,1988
202608111330,51200.0,51300.0,51100.0,51300.0,1036
202608111345,51200.0,51300.0,51000.0,51200.0,1624
202608111400,51100.0,51400.0,50800.0,51000.0,3081
202608111415,50800.0,50900.0,50500.0,50600.0,5969
202608111430,50500.0,50900.0,50400.0,50700.0,4767
202608111445,50700.0,50900.0,50500.0,50600.0,4682
202608111500,50600.0,50900.0,50400.0,50700.0,6376
202608111515,50700.0,50900.0,50500.0,50800.0,2567
202608120900,50500.0,50700.0,49500.0,49900.0,9767
202608120915,49900.0,49950.0,49350.0,49750.0,10766
202608120930,49700.0,49950.0,49500.0,49850.0,3692
202608120945,49850.0,50500.0,49750.0,50100.0,5935
202608121000,50000.0,51100.0,50000.0,51000.0,6766
202608121015,50900.0,51000.0,50500.0,51000.0,2565
202608121030,51000.0,51100.0,50700.0,50900.0,2383
202608121045,50800.0,51000.0,50400.0,50600.0,3524
202608121100,50600.0,50800.0,50300.0,50800.0,3586
202608121115,50800.0,51000.0,50600.0,50900.0,4816
202608121130,50900.0,50900.0,50000.0,50600.0,14236
202608121145,50600.0,50800.0,50400.0,50800.0,2773
202608121200,50800.0,51100.0,50500.0,50700.0,1982
202608121215,50700.0,50800.0,50500.0,50700.0,6618
202608121230,50600.0,50700.0,50200.0,50400.0,5222
202608121245,50400.0,50500.0,50200.0,50400.0,6927
202608121300,50500.0,50700.0,50400.0,50600.0,1508
202608121315,50700.0,50900.0,50600.0,50700.0,4900
202608121330,50700.0,50700.0,50500.0,50500.0,2630
202608121345,50400.0,51200.0,50300.0,51050.0,6209
202608121400,51050.0,51500.0,50900.0,51000.0,8110
202608121415,51000.0,51200.0,50800.0,51100.0,1607
202608121430,51100.0,51500.0,50900.0,51000.0,3786
202608121445,51000.0,51400.0,51000.0,51100.0,3077
202608121500,51100.0,51300.0,50900.0,50900.0,2727
202608121515,51000.0,51100.0,50900.0,50900.0,3454
202608130900,51000.0,52500.0,50700.0,50700.0,12997
202608130915,50700.0,51600.0,50600.0,51000.0,8211
202608130930,51000.0,51200.0,50600.0,50900.0,3938
202608130945,50900.0,51700.0,50900.0,51600.0,5602
202608131000,51600.0,51800.0,51300.0,51400.0,5531
202608131015,51400.0,51400.0,50900.0,51000.0,3534
202608131030,51000.0,51600.0,51000.0,51500.0,2430
202608131045,51500.0,51500.0,51100.0,51200.0,3091
202608131100,51500.0,51500.0,51200.0,51300.0,1997
202608131115,51400.0,51600.0,51200.0,51300.0,3941
202608131130,51300.0,51300.0,50900.0,51300.0,5746
202608131145,51200.0,51400.0,50900.0,51100.0,2318
202608131200,51200.0,51300.0,50400.0,51200.0,5530
202608131215,51200.0,51400.0,50300.0,50900.0,6644
202608131230,51100.0,51100.0,50800.0,51100.0,2512
202608131245,51000.0,51200.0,51000.0,51200.0,2441
202608131300,51100.0,51300.0,51000.0,51100.0,2993
202608131315,51100.0,51200.0,50800.0,50900.0,3565
202608131330,50900.0,51100.0,50700.0,51000.0,4101
202608131345,50800.0,51000.0,50800.0,50900.0,2387
202608131400,50800.0,51000.0,50800.0,50900.0,2441
202608131415,50800.0,50900.0,50500.0,50700.0,4070
202608131430,50500.0,50700.0,50400.0,50600.0,4093
202608131445,50600.0,50900.0,50400.0,50700.0,3462
202608131500,50500.0,50600.0,50200.0,50400.0,7447
202608131515,50400.0,50500.0,50400.0,50500.0,1719
202608140900,50900.0,51300.0,50000.0,50000.0,12263
202608140915,49950.0,50500.0,49500.0,50500.0,9793
202608140930,50500.0,50900.0,50300.0,50300.0,3884
202608140945,50300.0,50300.0,49700.0,49850.0,4352
202608141000,49800.0,49800.0,49000.0,49350.0,9839
202608141015,49300.0,49950.0,49300.0,49950.0,2571
202608141030,49950.0,50000.0,49600.0,50000.0,2243
202608141045,50000.0,50400.0,49950.0,50300.0,1932
202608141100,50300.0,50600.0,50300.0,50600.0,1863
202608141115,50600.0,50600.0,50200.0,50300.0,760
202608141130,50200.0,50300.0,50000.0,50100.0,916
202608141145,50100.0,50200.0,49900.0,49900.0,1759
202608141200,49950.0,50200.0,49950.0,50100.0,833
202608141215,50200.0,50400.0,50200.0,50400.0,484
202608141230,50300.0,50300.0,50000.0,50200.0,923
202608141245,50200.0,50500.0,50200.0,50300.0,1356
202608141300,50300.0,50600.0,50200.0,50600.0,1807
202608141315,50700.0,50700.0,50100.0,50300.0,2274
202608141330,50300.0,50400.0,48250.0,49050.0,23468
202608141345,49000.0,49200.0,48950.0,49150.0,7769
202608141400,49150.0,49350.0,49100.0,49350.0,3660
202608141415,49350.0,49650.0,49300.0,49450.0,4666
202608141430,49450.0,49500.0,49150.0,49200.0,4847
202608141445,49200.0,49400.0,49150.0,49300.0,5097
202608141500,49300.0,49400.0,49150.0,49300.0,7343
202608141515,49300.0,49350.0,49200.0,49300.0,5670
202608180900,49850.0,50100.0,48950.0,49050.0,12301
202608180915,49050.0,49750.0,49000.0,49500.0,12620
202608180930,49500.0,50500.0,49450.0,49900.0,17057
202608180945,49850.0,49850.0,49250.0,49300.0,9060
202608181000,49350.0,50100.0,49250.0,50000.0,6616
202608181015,49950.0,50100.0,49700.0,49950.0,5507
202608181030,49950.0,50000.0,49400.0,49400.0,4988
202608181045,49350.0,49500.0,49100.0,49500.0,5381
202608181100,49500.0,50500.0,49400.0,50200.0,18373
202608181115,50100.0,50500.0,48900.0,48900.0,28368
202608181130,48900.0,49150.0,48400.0,48600.0,9088
202608181145,48600.0,49000.0,48500.0,48750.0,5772
202608181200,48700.0,49100.0,48450.0,49000.0,5833
202608181215,48950.0,48950.0,48250.0,48400.0,7878
202608181230,48250.0,48650.0,48200.0,48450.0,4493
202608181245,48450.0,48600.0,48300.0,48300.0,4343
202608181300,48400.0,48550.0,48250.0,48400.0,6356
202608181315,48400.0,48450.0,48000.0,48250.0,8887
202608181330,48300.0,48350.0,47850.0,47850.0,7081
202608181345,47850.0,48150.0,47700.0,47950.0,7237
202608181400,47950.0,48050.0,47650.0,47700.0,7580
202608181415,47650.0,47800.0,47050.0,47050.0,12988
202608181430,47100.0,47150.0,46750.0,46850.0,12040
202608181445,46950.0,47250.0,46850.0,46900.0,7241
202608181500,46850.0,47200.0,46350.0,46950.0,11143
202608181515,47100.0,47250.0,47000.0,47100.0,4102
202608190900,44750.0,45800.0,44650.0,45200.0,10343
202608190915,45150.0,46000.0,45100.0,45700.0,5637
202608190930,45800.0,47250.0,45600.0,46650.0,9453
202608190945,46700.0,46850.0,46150.0,46150.0,4794
202608191000,46200.0,47300.0,46200.0,47100.0,7410
202608191015,47150.0,47500.0,46600.0,46650.0,8309
202608191030,46650.0,46700.0,46250.0,46400.0,6655
202608191045,46450.0,46500.0,46200.0,46300.0,4468
202608191100,46300.0,46350.0,46050.0,46200.0,4212
202608191115,46200.0,46250.0,46000.0,46050.0,3431
202608191130,46075.0,46350.0,45850.0,45900.0,4501
202608191145,45950.0,46350.0,45950.0,46100.0,3408
202608191200,46250.0,46500.0,46100.0,46400.0,3547
202608191215,46400.0,46650.0,46100.0,46650.0,5743
202608191230,46650.0,46900.0,46450.0,46450.0,5259
202608191245,46500.0,46650.0,46300.0,46300.0,3033
202608191300,46400.0,46500.0,46050.0,46050.0,3888
202608191315,46050.0,46400.0,46050.0,46250.0,3762
202608191330,46250.0,46350.0,46050.0,46050.0,3485
202608191345,46100.0,46200.0,45950.0,46100.0,4051
202608191400,46100.0,46500.0,46000.0,46000.0,3785
202608191415,46000.0,46250.0,45900.0,46100.0,3583
202608191430,46100.0,46200.0,45800.0,45800.0,3239
202608191445,45800.0,45850.0,45550.0,45600.0,3605
202608191500,45600.0,45850.0,45550.0,45650.0,3887
202608191515,45850.0,46250.0,45650.0,45950.0,2324
202608200900,46350.0,46700.0,45700.0,46200.0,7119
202608200915,46250.0,46550.0,45900.0,46200.0,3220
202608200930,46200.0,46850.0,45950.0,46550.0,4590
202608200945,46550.0,46950.0,46450.0,46850.0,3834
202608201000,46700.0,46850.0,46200.0,46600.0,6738
202608201015,46600.0,46750.0,46400.0,46400.0,6339
202608201030,46450.0,46700.0,46350.0,46700.0,2230
202608201045,46700.0,46700.0,46250.0,46300.0,2779
202608201100,46300.0,46550.0,46300.0,46400.0,1844
202608201115,46400.0,46400.0,46050.0,46050.0,2249
202608201130,46050.0,46400.0,46000.0,46100.0,2089
202608201145,46200.0,46200.0,45800.0,46000.0,2651
202608201200,46000.0,46050.0,45750.0,45750.0,2120
202608201215,45800.0,46100.0,45750.0,46000.0,2901
202608201230,45950.0,46000.0,45750.0,45950.0,1849
202608201245,45950.0,46150.0,45850.0,45950.0,1762
202608201300,45900.0,46200.0,45900.0,46200.0,3593
202608201315,46200.0,46300.0,46150.0,46250.0,1693
202608201330,46250.0,46250.0,45900.0,45950.0,2062
202608201345,46000.0,46000.0,45700.0,45800.0,4609
202608201400,45800.0,45800.0,45400.0,45600.0,6471
202608201415,45500.0,45850.0,45500.0,45800.0,1469
202608201430,45800.0,45900.0,45750.0,45850.0,813
202608201445,45850.0,45850.0,45600.0,45650.0,2293
202608201500,45600.0,45850.0,45600.0,45750.0,2632
202608201515,45750.0,45850.0,45750.0,45850.0,1752
202608210900,44400.0,44700.0,44000.0,44000.0,13395
202608210915,43950.0,44050.0,43550.0,43650.0,11453
202608210930,43650.0,44100.0,43600.0,44050.0,3190
202608210945,44050.0,44050.0,43500.0,43550.0,5594
202608211000,43550.0,43550.0,43200.0,43550.0,7076
202608211015,43550.0,43800.0,43250.0,43550.0,3274
202608211030,43550.0,43650.0,43250.0,43650.0,4488
202608211045,43600.0,43800.0,43400.0,43450.0,2121
202608211100,43450.0,43650.0,43375.0,43450.0,1255
202608211115,43500.0,43700.0,43350.0,43550.0,2504
202608211130,43550.0,43700.0,43500.0,43550.0,1441
202608211145,43600.0,43875.0,43550.0,43800.0,1463
202608211200,43800.0,43800.0,43450.0,43450.0,3401
202608211215,43450.0,43500.0,43300.0,43400.0,4680
202608211230,43400.0,43550.0,43400.0,43400.0,2157
202608211245,43400.0,43450.0,43250.0,43250.0,2089
202608211300,43250.0,43300.0,42950.0,43000.0,14735
202608211315,43050.0,43100.0,43000.0,43000.0,2504
202608211330,43000.0,43300.0,42950.0,43200.0,1878
202608211345,43250.0,43400.0,43100.0,43150.0,3020
202608211400,43150.0,43200.0,43050.0,43050.0,2155
202608211415,43050.0,43200.0,43000.0,43150.0,1962
202608211430,43200.0,43350.0,43150.0,43200.0,2152
202608211445,43250.0,43250.0,42900.0,43050.0,5051
202608211500,43050.0,43150.0,42900.0,43050.0,4120
202608211515,43050.0,43100.0,43000.0,43000.0,2616
202608240900,43150.0,44700.0,43100.0,44000.0,15962
202608240915,44000.0,44450.0,43800.0,44050.0,6635
202608240930,44050.0,44350.0,43500.0,44250.0,9616
202608240945,44200.0,44950.0,44150.0,44850.0,9593
202608241000,44850.0,46150.0,44850.0,45750.0,18593
202608241015,45800.0,45900.0,45200.0,45300.0,3042
202608241030,45200.0,45200.0,44750.0,44750.0,3975
202608241045,44750.0,45100.0,44700.0,44800.0,5741
202608241100,44750.0,45400.0,44750.0,45400.0,4087
202608241115,45400.0,45500.0,45250.0,45350.0,4946
202608241130,45400.0,46000.0,45400.0,46000.0,5666
202608241145,45950.0,46200.0,45800.0,45850.0,6912
202608241200,45850.0,45900.0,45000.0,45100.0,3225
202608241215,45150.0,45200.0,44850.0,44850.0,2893
202608241230,44850.0,45200.0,44800.0,45050.0,3855
202608241245,45000.0,45050.0,44400.0,44500.0,4705
202608241300,44450.0,44500.0,44250.0,44350.0,2928
202608241315,44400.0,44500.0,44300.0,44400.0,2756
202608241330,44350.0,44500.0,44100.0,44350.0,3519
202608241345,44300.0,44500.0,44100.0,44200.0,4379
202608241400,44150.0,44500.0,44100.0,44400.0,5492
202608241415,44500.0,44500.0,44250.0,44300.0,4391
202608241430,44300.0,44400.0,44250.0,44250.0,6841
202608241445,44250.0,44450.0,44200.0,44325.0,5464
202608241500,44325.0,44450.0,44150.0,44400.0,3715
202608241515,44400.0,44650.0,44300.0,44650.0,2913
202608250900,43350.0,43350.0,41400.0,41400.0,14834
202608250915,41400.0,42200.0,41100.0,42200.0,10828
202608250930,42250.0,42900.0,42050.0,42650.0,6641
202608250945,42650.0,43300.0,42600.0,42800.0,3916
202608251000,42850.0,42900.0,42600.0,42750.0,3352
202608251015,42750.0,42750.0,42300.0,42700.0,4355
202608251030,42750.0,43300.0,42550.0,43250.0,2649
202608251045,43300.0,43500.0,43050.0,43200.0,6001
202608251100,43250.0,43450.0,43250.0,43400.0,1949
202608251115,43400.0,43750.0,43350.0,43550.0,3632
202608251130,43550.0,43850.0,43550.0,43700.0,3125
202608251145,43700.0,43800.0,43350.0,43550.0,1725
202608251200,43550.0,44200.0,43500.0,44100.0,3125
202608251215,44050.0,44700.0,44050.0,44600.0,5361
202608251230,44700.0,45000.0,44500.0,44850.0,9287
202608251245,44900.0,45000.0,44650.0,45000.0,3895
202608251300,45000.0,45450.0,44950.0,45350.0,4658
202608251315,45350.0,45550.0,45100.0,45100.0,5085
202608251330,45200.0,45500.0,44700.0,44700.0,6436
202608251345,44750.0,44900.0,44350.0,44450.0,7547
202608251400,44450.0,44750.0,44350.0,44650.0,7110
202608251415,44750.0,45150.0,44700.0,44850.0,9407
202608251430,44850.0,45200.0,44700.0,44850.0,6707
202608251445,44850.0,44950.0,44650.0,44750.0,11669
202608251500,44950.0,45050.0,44700.0,44850.0,12533
202608251515,44850.0,45100.0,44850.0,45050.0,4010
202608260900,44400.0,44900.0,44250.0,44800.0,4438
202608260915,44750.0,44950.0,44300.0,44300.0,3929
202608260930,44300.0,44350.0,43800.0,44150.0,3808
202608260945,44050.0,44150.0,43750.0,43850.0,2831
202608261000,43800.0,44050.0,43800.0,44000.0,2520
202608261015,44000.0,44100.0,43650.0,43650.0,2896
202608261030,43650.0,43850.0,43600.0,43750.0,3155
202608261045,43700.0,44050.0,43650.0,43950.0,2648
202608261100,43950.0,44250.0,43900.0,44100.0,2667
202608261115,44200.0,44450.0,44100.0,44350.0,3512
202608261130,44350.0,44850.0,44350.0,44800.0,5167
202608261145,44800.0,44850.0,44400.0,44400.0,3607
202608261200,44450.0,44600.0,44400.0,44450.0,1065
202608261215,44550.0,44700.0,44450.0,44550.0,972
202608261230,44500.0,44600.0,44450.0,44550.0,1047
202608261245,44600.0,44800.0,44550.0,44650.0,1683
202608261300,44650.0,44800.0,44600.0,44600.0,1090
202608261315,44650.0,44700.0,44600.0,44600.0,1134
202608261330,44650.0,44750.0,44600.0,44650.0,2227
202608261345,44650.0,44750.0,44550.0,44550.0,1084
202608261400,44550.0,44650.0,44450.0,44450.0,1568
202608261415,44450.0,44650.0,44350.0,44550.0,2716
202608261430,44500.0,44850.0,44500.0,44800.0,2764
202608261445,44800.0,45050.0,44700.0,44950.0,5438
202608261500,45000.0,45100.0,44950.0,45050.0,2956
202608261515,45050.0,45100.0,44800.0,44800.0,2527
202608270900,45700.0,46050.0,45025.0,45250.0,4330
202608270915,45200.0,45300.0,44700.0,44700.0,5116
202608270930,44750.0,44850.0,44550.0,44650.0,4958
202608270945,44650.0,44650.0,44000.0,44250.0,6248
202608271000,44250.0,44750.0,44150.0,44300.0,3133
202608271015,44300.0,44850.0,44200.0,44600.0,3305
202608271030,44650.0,45050.0,44600.0,44850.0,3540
202608271045,44850.0,45050.0,44750.0,44900.0,3495
202608271100,44900.0,45100.0,44800.0,44950.0,3030
202608271115,45000.0,45100.0,44750.0,44750.0,2878
202608271130,44750.0,44950.0,44650.0,44650.0,2565
202608271145,44700.0,45000.0,44700.0,44900.0,2564
202608271200,44900.0,45150.0,44850.0,44900.0,3324
202608271215,44900.0,45250.0,44900.0,44900.0,4095
202608271230,45000.0,45100.0,44850.0,44900.0,2683
202608271245,44900.0,44900.0,44750.0,44800.0,3055
202608271300,44800.0,44900.0,44700.0,44700.0,2891
202608271315,44750.0,44900.0,44650.0,44750.0,3573
202608271330,44800.0,44800.0,44450.0,44600.0,3514
202608271345,44600.0,44650.0,44500.0,44550.0,2928
202608271400,44600.0,45000.0,44550.0,44800.0,4391
202608271415,44750.0,44800.0,44600.0,44750.0,3346
202608271430,44750.0,45050.0,44650.0,44900.0,4693
202608271445,44900.0,45050.0,44850.0,44950.0,5294
202608271500,45000.0,45050.0,44850.0,44950.0,4246
202608271515,45050.0,45100.0,44900.0,45100.0,2684
202608280900,44700.0,45400.0,44550.0,44650.0,5173
202608280915,44650.0,44700.0,44300.0,44500.0,3654
202608280930,44500.0,44800.0,44300.0,44400.0,2621
202608280945,44400.0,44700.0,44300.0,44400.0,3739
202608281000,44350.0,44550.0,44250.0,44250.0,6755
202608281015,44350.0,44750.0,44250.0,44450.0,6138
202608281030,44450.0,44450.0,44250.0,44250.0,2010
202608281045,44250.0,44500.0,44150.0,44400.0,2690
202608281100,44400.0,44650.0,44400.0,44500.0,1758
202608281115,44550.0,44700.0,44400.0,44600.0,1945
202608281130,44650.0,44800.0,44500.0,44650.0,1929
202608281145,44600.0,44800.0,44450.0,44500.0,2518
202608281200,44600.0,44900.0,44450.0,44800.0,5032
202608281215,44850.0,44950.0,44800.0,44900.0,1101
202608281230,44850.0,44900.0,44600.0,44650.0,546
202608281245,44600.0,44850.0,44600.0,44800.0,961
202608281300,44800.0,44900.0,44700.0,44900.0,1287
202608281315,44850.0,44950.0,44650.0,44875.0,1234
202608281330,44875.0,44900.0,44650.0,44825.0,1148
202608281345,44800.0,44800.0,44700.0,44750.0,524
202608281400,44725.0,44750.0,44450.0,44550.0,2040
202608281415,44500.0,44550.0,44400.0,44450.0,542
202608281430,44475.0,44550.0,44300.0,44300.0,2890
202608281445,44300.0,44450.0,44150.0,44400.0,3482
202608281500,44400.0,44500.0,44350.0,44500.0,1157
202608281515,44500.0,44550.0,44350.0,44350.0,916
202608310900,43150.0,43150.0,42300.0,42750.0,5583
202608310915,42750.0,43000.0,42500.0,42800.0,17581
202608310930,42850.0,43150.0,42750.0,42900.0,3892
202608310945,42900.0,42950.0,42400.0,42450.0,4274
202608311000,42450.0,42450.0,42250.0,42400.0,4895
202608311015,42400.0,42750.0,42350.0,42650.0,2102
202608311030,42700.0,42800.0,42600.0,42750.0,1364
202608311045,42750.0,43000.0,42750.0,42850.0,1889
202608311100,42900.0,43200.0,42850.0,43000.0,1345
202608311115,43000.0,43050.0,42700.0,42950.0,922
202608311130,42900.0,43150.0,42800.0,42950.0,1261
202608311145,43000.0,43200.0,42850.0,43200.0,1546
202608311200,43150.0,43400.0,43000.0,43300.0,2624
202608311215,43300.0,43900.0,43200.0,43450.0,1828
202608311230,43450.0,43550.0,43350.0,43525.0,1385
202608311245,43500.0,43600.0,43400.0,43450.0,943
202608311300,43500.0,43600.0,43400.0,43400.0,1173
202608311315,43400.0,43500.0,43250.0,43300.0,1135
202608311330,43250.0,43700.0,43250.0,43600.0,1702
202608311345,43600.0,44150.0,43500.0,43775.0,2927
202608311400,43800.0,44200.0,43750.0,44100.0,2241
202608311415,44100.0,44350.0,43850.0,43950.0,3210
202608311430,43950.0,44000.0,43700.0,43800.0,6164
202608311445,43800.0,43950.0,43700.0,43850.0,6493
202608311500,43750.0,44050.0,43550.0,44050.0,6624
202608311515,43950.0,44200.0,43950.0,44200.0,2779
202609010900,43700.0,43800.0,43050.0,43100.0,5645
202609010915,43100.0,43300.0,42950.0,43100.0,4254
202609010930,43100.0,43300.0,43000.0,43150.0,2186
202609010945,43150.0,43550.0,43000.0,43550.0,2251
202609011000,43600.0,43700.0,43250.0,43300.0,1771
202609011015,43300.0,43550.0,43150.0,43150.0,1102
202609011030,43150.0,43250.0,43050.0,43250.0,991
202609011045,43300.0,43300.0,42950.0,43025.0,1408
202609011100,43050.0,43050.0,42900.0,43050.0,1471
202609011115,43150.0,43400.0,43000.0,43000.0,1154
202609011130,43000.0,43000.0,42700.0,42900.0,3910
202609011145,42850.0,43050.0,42800.0,43050.0,636
202609011200,43050.0,43150.0,43000.0,43000.0,1134
202609011215,43000.0,43500.0,43000.0,43150.0,1386
202609011230,43150.0,43250.0,43150.0,43200.0,515
202609011245,43150.0,43350.0,43150.0,43350.0,781
202609011300,43350.0,43450.0,43200.0,43450.0,1642
202609011315,43450.0,43450.0,43200.0,43300.0,918
202609011330,43200.0,43300.0,43150.0,43200.0,1270
202609011345,43200.0,43350.0,43050.0,43100.0,3213
202609011400,43050.0,43150.0,43000.0,43050.0,1701
202609011415,43050.0,43150.0,43000.0,43150.0,1474
202609011430,43150.0,43400.0,43100.0,43400.0,1156
202609011445,43400.0,43550.0,43350.0,43550.0,1906
202609011500,43550.0,43600.0,43350.0,43350.0,1015
202609011515,43350.0,43450.0,43350.0,43350.0,1039
202609020900,42450.0,42850.0,41900.0,42850.0,2845
202609020915,42750.0,44800.0,42750.0,44100.0,14505
202609020930,44050.0,44600.0,44000.0,44400.0,6510
202609020945,44400.0,44750.0,43950.0,44650.0,7850
202609021000,44650.0,45000.0,44400.0,44900.0,8691
202609021015,44950.0,45450.0,44600.0,44600.0,11761
202609021030,44650.0,44850.0,44500.0,44650.0,4770
202609021045,44650.0,44900.0,44600.0,44750.0,2839
202609021100,44750.0,45150.0,44700.0,45100.0,6420
202609021115,45100.0,45400.0,45000.0,45000.0,5675
202609021130,45000.0,45150.0,44850.0,45000.0,2697
202609021145,45050.0,45200.0,44950.0,44950.0,2667
202609021200,44950.0,45100.0,44850.0,44850.0,2447
202609021215,44850.0,45100.0,44850.0,44850.0,2608
202609021230,44900.0,45000.0,44700.0,44750.0,2590
202609021245,44800.0,45050.0,44700.0,44850.0,2056
202609021300,44850.0,44900.0,44500.0,44600.0,3069
202609021315,44650.0,44850.0,44500.0,44700.0,3014
202609021330,44750.0,45050.0,44650.0,44800.0,7880
202609021345,44800.0,44850.0,44500.0,44600.0,3428
202609021400,44600.0,44800.0,44500.0,44650.0,2625
202609021415,44700.0,45050.0,44550.0,44700.0,3291
202609021430,44800.0,45200.0,44700.0,45150.0,4756
202609021445,45200.0,45200.0,44700.0,44750.0,1688
202609021500,44750.0,44800.0,44500.0,44700.0,1733
202609021515,44750.0,44750.0,44450.0,44450.0,3408
202609030900,43700.0,44000.0,42650.0,42700.0,12687
202609030915,42850.0,42900.0,42250.0,42350.0,8404
202609030930,42450.0,43000.0,42450.0,42750.0,4293
202609030945,42700.0,42850.0,42500.0,42650.0,2847
202609031000,42650.0,42900.0,42500.0,42700.0,5028
202609031015,42700.0,42700.0,42200.0,42300.0,6721
202609031030,42300.0,42750.0,42250.0,42400.0,2879
202609031045,42400.0,42450.0,42200.0,42300.0,4137
202609031100,42300.0,42450.0,42200.0,42350.0,1539
202609031115,42400.0,42450.0,42200.0,42300.0,3407
202609031130,42300.0,42300.0,42125.0,42200.0,3938
202609031145,42150.0,42250.0,42050.0,42150.0,3599
202609031200,42150.0,42450.0,42100.0,42450.0,2248
202609031215,42450.0,42700.0,42300.0,42700.0,4152
202609031230,42750.0,42750.0,42400.0,42400.0,3378
202609031245,42400.0,42500.0,42300.0,42350.0,1903
202609031300,42350.0,42400.0,42250.0,42400.0,2792
202609031315,42400.0,42500.0,42350.0,42350.0,2270
202609031330,42350.0,42400.0,42150.0,42200.0,5419
202609031345,42150.0,42200.0,42050.0,42050.0,4020
202609031400,42050.0,42150.0,41500.0,41500.0,15248
202609031415,41500.0,41500.0,40800.0,41000.0,11623
202609031430,41000.0,41300.0,40950.0,41000.0,10152
202609031445,41000.0,41500.0,40900.0,41450.0,8610
202609031500,41450.0,41600.0,41250.0,41250.0,5859
202609031515,41200.0,41300.0,41150.0,41150.0,4597
202609040900,42100.0,42550.0,41800.0,42350.0,5404
202609040915,42400.0,42900.0,42300.0,42750.0,9768
202609040930,42750.0,42950.0,42300.0,42450.0,4651
202609040945,42500.0,42550.0,42150.0,42150.0,2071
202609041000,42150.0,42250.0,41850.0,41950.0,8054
202609041015,42000.0,42150.0,41900.0,42050.0,1237
202609041030,42050.0,42200.0,42000.0,42100.0,2263
202609041045,42050.0,42200.0,42000.0,42050.0,3115
202609041100,42100.0,42500.0,42100.0,42400.0,3846
202609041115,42400.0,42400.0,42250.0,42300.0,1136
202609041130,42250.0,42350.0,42000.0,42300.0,3089
202609041145,42250.0,42600.0,42100.0,42450.0,2480
202609041200,42450.0,42600.0,42400.0,42400.0,1770
202609041215,42500.0,42500.0,42400.0,42500.0,1088
202609041230,42400.0,42600.0,42350.0,42500.0,2599
202609041245,42500.0,42750.0,42350.0,42650.0,6614
202609041300,42650.0,42750.0,42500.0,42650.0,1826
202609041315,42650.0,42800.0,42450.0,42800.0,1924
202609041330,42800.0,42900.0,42650.0,42800.0,12542
202609041345,42800.0,42900.0,42700.0,42750.0,7716
202609041400,42750.0,42950.0,42700.0,42900.0,12462
202609041415,42900.0,42950.0,42600.0,42650.0,2351
202609041430,42650.0,42900.0,42650.0,42850.0,2932
202609041445,42850.0,42950.0,42800.0,42850.0,4269
202609041500,42875.0,42950.0,42800.0,42900.0,3268
202609041515,42900.0,43000.0,42850.0,43000.0,2436
202609070900,44550.0,45750.0,44500.0,45350.0,21448
202609070915,45350.0,45550.0,45000.0,45100.0,6127
202609070930,45200.0,45450.0,45200.0,45300.0,4678
202609070945,45300.0,45350.0,45050.0,45050.0,3340
202609071000,45000.0,45050.0,44550.0,44750.0,3317
202609071015,44800.0,45150.0,44800.0,44950.0,4787
202609071030,44950.0,45050.0,44800.0,44900.0,2124
202609071045,44900.0,45000.0,44850.0,44900.0,2193
202609071100,44900.0,44950.0,44550.0,44550.0,3292
202609071115,44550.0,44600.0,44300.0,44450.0,3876
202609071130,44400.0,44550.0,44300.0,44350.0,2490
202609071145,44350.0,44450.0,44250.0,44250.0,3210
202609071200,44300.0,44300.0,44150.0,44150.0,2725
202609071215,44150.0,44250.0,44000.0,44100.0,5485
202609071230,44100.0,44250.0,43900.0,44050.0,3730
202609071245,44050.0,44050.0,43600.0,43800.0,4790
202609071300,43850.0,44050.0,43750.0,43850.0,3538
202609071315,43800.0,44000.0,43750.0,43850.0,3980
202609071330,43850.0,43950.0,43750.0,43900.0,3364
202609071345,43900.0,43950.0,43700.0,43750.0,4467
202609071400,43750.0,43950.0,43600.0,43600.0,4100
202609071415,43600.0,43950.0,43600.0,43900.0,3773
202609071430,43900.0,44000.0,43800.0,43900.0,3280
202609071445,43900.0,44000.0,43700.0,43750.0,6549
202609071500,43750.0,43850.0,43700.0,43700.0,3813
202609071515,43700.0,43850.0,43650.0,43750.0,2175
202609080900,43700.0,44200.0,43650.0,44150.0,6459
202609080915,44150.0,44700.0,43800.0,44650.0,6333
202609080930,44650.0,44650.0,43900.0,44100.0,4389
202609080945,44100.0,44450.0,44050.0,44200.0,1281
202609081000,44200.0,44200.0,44000.0,44050.0,986
202609081015,44050.0,44050.0,43700.0,43700.0,4390
202609081030,43700.0,44000.0,43650.0,43900.0,1702
202609081045,43900.0,44150.0,43850.0,44050.0,2240
202609081100,44000.0,44150.0,44000.0,44100.0,1472
202609081115,44000.0,44100.0,43850.0,44000.0,3220
202609081130,43950.0,44050.0,43900.0,44000.0,1747
202609081145,43950.0,44050.0,43800.0,43800.0,1527
202609081200,43800.0,44000.0,43750.0,43900.0,1611
202609081215,43950.0,43950.0,43800.0,43850.0,1293
202609081230,43800.0,44000.0,43800.0,43900.0,1731
202609081245,43950.0,44000.0,43900.0,44000.0,2388
202609081300,44000.0,44100.0,43950.0,44000.0,1521
202609081315,44050.0,44050.0,43950.0,44050.0,1433
202609081330,44000.0,44050.0,43750.0,43950.0,2388
202609081345,43950.0,43950.0,43700.0,43700.0,3882
202609081400,43700.0,43750.0,43450.0,43600.0,5513
202609081415,43600.0,43750.0,43550.0,43600.0,2247
202609081430,43550.0,43550.0,43400.0,43450.0,2138
202609081445,43450.0,43450.0,43100.0,43100.0,3295
202609081500,43100.0,43150.0,42850.0,42850.0,3385
202609081515,42850.0,42900.0,42750.0,42750.0,3521
202609090900,43250.0,43850.0,43050.0,43650.0,4915
202609090915,43700.0,43850.0,43600.0,43700.0,4517
202609090930,43700.0,43850.0,43400.0,43800.0,3098
202609090945,43850.0,43950.0,43750.0,43850.0,4207
202609091000,43850.0,43950.0,43800.0,43800.0,2660
202609091015,43800.0,44050.0,43800.0,43950.0,2666
202609091030,43900.0,44000.0,43850.0,43900.0,2012
202609091045,43900.0,43950.0,43800.0,43900.0,1490
202609091100,43900.0,44150.0,43850.0,44100.0,5509
202609091115,44150.0,44250.0,44000.0,44200.0,3863
202609091130,44150.0,44150.0,43900.0,43950.0,1465
202609091145,43950.0,44000.0,43800.0,43900.0,3327
202609091200,43900.0,44000.0,43700.0,43700.0,2150
202609091215,43700.0,44050.0,43650.0,43950.0,1052
202609091230,43900.0,44000.0,43750.0,43750.0,1356
202609091245,43700.0,43750.0,43450.0,43650.0,2888
202609091300,43650.0,44000.0,43550.0,43600.0,1559
202609091315,43600.0,43800.0,43500.0,43800.0,1759
202609091330,43800.0,44050.0,43700.0,44050.0,1463
202609091345,44050.0,44050.0,43850.0,43850.0,1173
202609091400,43900.0,44000.0,43750.0,44000.0,971
202609091415,43950.0,44000.0,43600.0,43700.0,2195
202609091430,43650.0,43900.0,43600.0,43650.0,2386
202609091445,43700.0,43850.0,43650.0,43800.0,1745
202609091500,43800.0,43850.0,43600.0,43800.0,1895
202609091515,43800.0,43900.0,43700.0,43700.0,5126
202609100900,43800.0,45250.0,43700.0,44900.0,11431
202609100915,44950.0,45300.0,44550.0,45150.0,9467
202609100930,45150.0,45450.0,44800.0,45000.0,8608
202609100945,44950.0,45200.0,44600.0,44850.0,6149
202609101000,44950.0,45750.0,44950.0,45300.0,16157
202609101015,45300.0,45650.0,45100.0,45550.0,7385
202609101030,45650.0,45850.0,45350.0,45800.0,10524
202609101045,45750.0,45850.0,45600.0,45750.0,4844
202609101100,45800.0,46400.0,45800.0,46200.0,18967
202609101115,46250.0,46350.0,45900.0,45950.0,7176
202609101130,45900.0,46650.0,45800.0,46600.0,10874
202609101145,46500.0,46650.0,46300.0,46600.0,7615
202609101200,46600.0,47650.0,46575.0,47450.0,29494
202609101215,47450.0,47800.0,47200.0,47300.0,11747
202609101230,47400.0,47550.0,47050.0,47200.0,10433
202609101245,47150.0,47450.0,46950.0,47250.0,6703
202609101300,47250.0,47300.0,46800.0,47100.0,6973
202609101315,47100.0,47500.0,46950.0,47200.0,9545
202609101330,47300.0,47300.0,47100.0,47250.0,5348
202609101345,47250.0,47300.0,46850.0,46850.0,6161
202609101400,46950.0,47250.0,46800.0,47100.0,5613
202609101415,47150.0,47200.0,46650.0,46950.0,7792
202609101430,46950.0,47250.0,46850.0,47150.0,6555
202609101445,47250.0,47250.0,46600.0,46950.0,11934
202609101500,47000.0,47100.0,46800.0,47000.0,4719
202609101515,46900.0,47000.0,46850.0,46950.0,4775
202609110900,45000.0,45550.0,44550.0,45350.0,13310
202609110915,45350.0,45500.0,45150.0,45350.0,7066
202609110930,45350.0,45350.0,44800.0,45050.0,6787
202609110945,45050.0,45850.0,44950.0,45800.0,4707
202609111000,45750.0,45800.0,45550.0,45650.0,2790
202609111015,45600.0,45650.0,45350.0,45500.0,4040
202609111030,45550.0,45900.0,45050.0,45800.0,5918
202609111045,45750.0,45950.0,45700.0,45850.0,2106
202609111100,45850.0,46200.0,45800.0,46150.0,2617
202609111115,46150.0,46200.0,45900.0,46050.0,3319
202609111130,46050.0,46200.0,46000.0,46100.0,1965
202609111145,46100.0,46250.0,45950.0,46050.0,3169
202609111200,46000.0,46100.0,45950.0,46000.0,3640
202609111215,46000.0,46200.0,45800.0,45950.0,3925
202609111230,45950.0,46100.0,45900.0,46050.0,1581
202609111245,46100.0,46200.0,45800.0,45850.0,2528
202609111300,45900.0,45900.0,45800.0,45900.0,3515
202609111315,45950.0,45950.0,45800.0,45950.0,2230
202609111330,45950.0,46100.0,45900.0,46100.0,2640
202609111345,46100.0,46100.0,45800.0,45800.0,3733
202609111400,45800.0,45900.0,45700.0,45900.0,3082
202609111415,45900.0,46000.0,45750.0,45850.0,3685
202609111430,45850.0,46100.0,45850.0,46000.0,4054
202609111445,46000.0,46400.0,46000.0,46050.0,4763
202609111500,46050.0,46100.0,45700.0,45700.0,2911
202609111515,45700.0,45900.0,45600.0,45600.0,3117
202609140900,44500.0,45050.0,44150.0,44700.0,4942
202609140915,44850.0,44850.0,44450.0,44650.0,3706
202609140930,44550.0,44950.0,44400.0,44650.0,3020
202609140945,44650.0,44800.0,44450.0,44450.0,3256
202609141000,44450.0,44650.0,44000.0,44050.0,6584
202609141015,44050.0,44050.0,43700.0,43950.0,4739
202609141030,43950.0,44250.0,43850.0,44050.0,2091
202609141045,44050.0,44700.0,44000.0,44400.0,1630
202609141100,44400.0,44700.0,44400.0,44650.0,4119
202609141115,44650.0,44650.0,44300.0,44450.0,1817
202609141130,44400.0,44450.0,44150.0,44250.0,1352
202609141145,44250.0,44400.0,44200.0,44300.0,1211
202609141200,44250.0,44450.0,44250.0,44250.0,1069
202609141215,44250.0,44250.0,44150.0,44150.0,1278
202609141230,44150.0,44250.0,44050.0,44050.0,1869
202609141245,44050.0,44150.0,44000.0,44000.0,1188
202609141300,44000.0,44100.0,44000.0,44050.0,1513
202609141315,44050.0,44100.0,43900.0,43900.0,2901
202609141330,43950.0,43950.0,43850.0,43850.0,1815
202609141345,43900.0,43900.0,43750.0,43850.0,4309
202609141400,43850.0,43950.0,43800.0,43800.0,2658
202609141415,43800.0,43800.0,43650.0,43700.0,3897
202609141430,43700.0,43950.0,43650.0,43800.0,3692
202609141445,43800.0,43850.0,43700.0,43750.0,2984
202609141500,43800.0,43900.0,43600.0,43750.0,5281
202609141515,43650.0,43700.0,43500.0,43700.0,4384
202609150900,43450.0,43450.0,42850.0,43400.0,4046
202609150915,43400.0,44000.0,43300.0,43850.0,5562
202609150930,43850.0,45200.0,43750.0,44550.0,10100
202609150945,44550.0,45000.0,44400.0,45000.0,4331
202609151000,45050.0,45400.0,44900.0,45350.0,4379
202609151015,45350.0,45850.0,45350.0,45500.0,4475
202609151030,45450.0,45700.0,45400.0,45650.0,4313
202609151045,45650.0,46250.0,45550.0,46150.0,9370
202609151100,46150.0,46350.0,46000.0,46150.0,4052
202609151115,46100.0,46450.0,46100.0,46450.0,4359
202609151130,46450.0,46950.0,46300.0,46550.0,8345
202609151145,46600.0,46600.0,46300.0,46500.0,3105
202609151200,46500.0,46550.0,46400.0,46500.0,2048
202609151215,46500.0,46500.0,46150.0,46300.0,3241
202609151230,46300.0,46500.0,46250.0,46350.0,3195
202609151245,46350.0,46500.0,46250.0,46250.0,2763
202609151300,46250.0,46450.0,46150.0,46200.0,3977
202609151315,46250.0,46250.0,45750.0,45800.0,4662
202609151330,45800.0,46200.0,45700.0,46100.0,4756
202609151345,46100.0,46200.0,45800.0,45850.0,3478
202609151400,45900.0,45950.0,45450.0,45450.0,2922
202609151415,45500.0,45850.0,45300.0,45750.0,2431
202609151430,45700.0,46000.0,45650.0,46000.0,2166
202609151445,46000.0,46100.0,45750.0,45850.0,3428
202609151500,45800.0,45850.0,45500.0,45650.0,2006
202609151515,45650.0,45900.0,45600.0,45800.0,1990
202609160900,45150.0,45750.0,44800.0,45000.0,4985
202609160915,45000.0,45200.0,44950.0,45000.0,2064
202609160930,45050.0,45200.0,44750.0,44800.0,3166
202609160945,44800.0,44950.0,44600.0,44950.0,2741
202609161000,44950.0,45150.0,44800.0,45150.0,4473
202609161015,45150.0,45250.0,44850.0,45250.0,1088
202609161030,45200.0,45300.0,44950.0,44950.0,978
202609161045,45000.0,45350.0,44850.0,45300.0,1881
202609161100,45300.0,45600.0,45150.0,45450.0,5189
202609161115,45600.0,46100.0,45600.0,45900.0,2627
202609161130,45950.0,46050.0,45650.0,45700.0,2591
202609161145,45700.0,46000.0,45700.0,45950.0,1897
202609161200,45950.0,46250.0,45950.0,46100.0,3103
202609161215,46100.0,46250.0,46100.0,46200.0,1908
202609161230,46150.0,46200.0,45950.0,46050.0,1813
202609161245,46050.0,46300.0,45900.0,46200.0,1919
202609161300,46200.0,46450.0,46200.0,46400.0,2339
202609161315,46400.0,46400.0,46050.0,46200.0,4146
202609161330,46150.0,46300.0,46050.0,46150.0,1780
202609161345,46150.0,46200.0,45850.0,45850.0,2084
202609161400,45850.0,45950.0,45750.0,45950.0,1851
202609161415,45950.0,46200.0,45850.0,46050.0,1824
202609161430,46100.0,46200.0,45950.0,46200.0,3180
202609161445,46250.0,46400.0,46150.0,46150.0,2195
202609161500,46150.0,46450.0,45950.0,46400.0,5200
202609161515,46400.0,46450.0,46350.0,46400.0,2221
202609170900,46400.0,46800.0,45900.0,46000.0,5854
202609170915,45950.0,46300.0,45750.0,45950.0,2691
202609170930,45950.0,46150.0,45800.0,45850.0,4104
202609170945,45900.0,46000.0,45750.0,45950.0,922
202609171000,45950.0,46550.0,45950.0,46450.0,2327
202609171015,46500.0,46600.0,46350.0,46400.0,1302
202609171030,46350.0,46450.0,46150.0,46450.0,1945
202609171045,46450.0,46450.0,46300.0,46400.0,1422
202609171100,46350.0,46500.0,46300.0,46500.0,810
202609171115,46450.0,46450.0,46200.0,46250.0,1011
202609171130,46300.0,46600.0,46200.0,46500.0,1170
202609171145,46550.0,46750.0,46450.0,46750.0,1147
202609171200,46700.0,46900.0,46700.0,46700.0,2106
202609171215,46700.0,46800.0,46600.0,46700.0,1992
202609171230,46700.0,46800.0,46600.0,46800.0,640
202609171245,46800.0,46950.0,46650.0,46925.0,2486
202609171300,46900.0,47000.0,46850.0,46850.0,2342
202609171315,46850.0,47000.0,46800.0,46850.0,1002
202609171330,46850.0,46950.0,46800.0,46950.0,2686
202609171345,46900.0,47100.0,46900.0,46950.0,3305
202609171400,46950.0,47000.0,46850.0,46900.0,1455
202609171415,46900.0,46900.0,46500.0,46550.0,3453
202609171430,46550.0,46625.0,46450.0,46475.0,1174
202609171445,46475.0,46600.0,46450.0,46500.0,1956
202609171500,46500.0,46600.0,46500.0,46550.0,2033
202609171515,46550.0,46600.0,46500.0,46550.0,1901
202609180900,47300.0,47500.0,47000.0,47050.0,5195
202609180915,47150.0,47200.0,46650.0,46950.0,7080
202609180930,46950.0,46950.0,46350.0,46400.0,4553
202609180945,46400.0,46450.0,46250.0,46300.0,3259
202609181000,46250.0,46450.0,46175.0,46250.0,2655
202609181015,46250.0,46400.0,46100.0,46150.0,3428
202609181030,46150.0,46300.0,46125.0,46200.0,1758
202609181045,46200.0,46200.0,45850.0,45900.0,5776
202609181100,45925.0,46000.0,45850.0,45850.0,2693
202609181115,45900.0,46000.0,45850.0,46000.0,1222
202609181130,46000.0,46200.0,45950.0,46100.0,2357
202609181145,46100.0,46200.0,46100.0,46150.0,1859
202609181200,46150.0,46200.0,46000.0,46100.0,1535
202609181215,46100.0,46100.0,45950.0,46000.0,2767
202609181230,46000.0,46025.0,45900.0,45950.0,1946
202609181245,45950.0,46000.0,45900.0,45900.0,1192
202609181300,45900.0,45950.0,45850.0,45900.0,1458
202609181315,45925.0,46050.0,45900.0,46050.0,1454
202609181330,46000.0,46200.0,46000.0,46100.0,2101
202609181345,46075.0,46250.0,45950.0,46100.0,1381
202609181400,46100.0,46200.0,46000.0,46000.0,1510
202609181415,46000.0,46400.0,46000.0,46300.0,1854
202609181430,46250.0,46350.0,46200.0,46225.0,2945
202609181445,46225.0,46350.0,46100.0,46200.0,1990
202609181500,46200.0,46400.0,46200.0,46400.0,1305
202609181515,46300.0,46400.0,46150.0,46300.0,3764
202609210900,46250.0,46450.0,45900.0,46250.0,2585
202609210915,46250.0,46800.0,46100.0,46700.0,4615
202609210930,46700.0,47150.0,46700.0,47050.0,7029
202609210945,47050.0,47200.0,46925.0,47050.0,2703
202609211000,47050.0,47450.0,46950.0,47150.0,8488
202609211015,47150.0,47300.0,47000.0,47250.0,3570
202609211030,47250.0,47550.0,46900.0,47550.0,6094
202609211045,47550.0,47700.0,47100.0,47300.0,3458
202609211100,47300.0,47500.0,47250.0,47400.0,1496
202609211115,47400.0,47550.0,47300.0,47500.0,2838
202609211130,47500.0,47550.0,47350.0,47350.0,1056
202609211145,47350.0,47400.0,47200.0,47300.0,1656
202609211200,47300.0,47400.0,47200.0,47350.0,1297
202609211215,47300.0,47550.0,47300.0,47450.0,3692
202609211230,47500.0,47700.0,47400.0,47650.0,4439
202609211245,47650.0,47900.0,47600.0,47900.0,5066
202609211300,47850.0,48000.0,47750.0,47850.0,6221
202609211315,47875.0,48000.0,47850.0,47900.0,2381
202609211330,47900.0,48100.0,47850.0,48050.0,4448
202609211345,48050.0,48200.0,47850.0,47900.0,4793
202609211400,47850.0,47900.0,47800.0,47850.0,2405
202609211415,47850.0,47950.0,47750.0,47800.0,2340
202609211430,47800.0,48200.0,47800.0,48150.0,6766
202609211445,48150.0,48300.0,48100.0,48100.0,4736
202609211500,48150.0,48350.0,48150.0,48250.0,3939
202609211515,48250.0,48300.0,48200.0,48300.0,2683
202609220900,48700.0,48850.0,48300.0,48500.0,16264
202609220915,48500.0,48750.0,48350.0,48750.0,6719
202609220930,48750.0,49400.0,48750.0,49000.0,6361
202609220945,49000.0,49050.0,48700.0,48900.0,2841
202609221000,48900.0,49000.0,48650.0,48650.0,2661
202609221015,48800.0,49150.0,48600.0,49150.0,5717
202609221030,49150.0,49350.0,49000.0,49200.0,5897
202609221045,49200.0,49500.0,49150.0,49500.0,8215
202609221100,49450.0,49600.0,49150.0,49200.0,5639
202609221115,49200.0,49400.0,49150.0,49250.0,1482
202609221130,49250.0,49300.0,49100.0,49250.0,2701
202609221145,49300.0,49300.0,49175.0,49250.0,2177
202609221200,49300.0,49300.0,49150.0,49250.0,1737
202609221215,49250.0,49250.0,49150.0,49250.0,1303
202609221230,49200.0,49350.0,49200.0,49350.0,2197
202609221245,49350.0,49350.0,48950.0,49000.0,3360
202609221300,49000.0,49100.0,48800.0,48950.0,2979
202609221315,48950.0,49500.0,48750.0,49400.0,7816
202609221330,49400.0,49800.0,49350.0,49650.0,14992
202609221345,49700.0,49700.0,49200.0,49250.0,7130
202609221400,49250.0,49700.0,49250.0,49450.0,8391
202609221415,49300.0,49500.0,48800.0,49050.0,10459
202609221430,49050.0,49450.0,49000.0,49300.0,6496
202609221445,49250.0,49450.0,49250.0,49400.0,6060
202609221500,49400.0,49500.0,49200.0,49300.0,4759
202609221515,49300.0,49300.0,49050.0,49050.0,3318
202609230900,49900.0,49950.0,49000.0,49600.0,9916
202609230915,49500.0,50000.0,49200.0,50000.0,6176
202609230930,50100.0,50100.0,49250.0,49550.0,7549
202609230945,49550.0,49600.0,49050.0,49050.0,3739
202609231000,49050.0,49300.0,48800.0,49200.0,4399
202609231015,49200.0,49300.0,49100.0,49100.0,1586
202609231030,49150.0,49150.0,48700.0,48700.0,2818
202609231045,48750.0,49000.0,48500.0,48950.0,5626
202609231100,49000.0,49050.0,48700.0,48900.0,2680
202609231115,48850.0,49000.0,48650.0,49000.0,2541
202609231130,49000.0,49050.0,48900.0,49050.0,2136
202609231145,49050.0,49400.0,49000.0,49300.0,2300
202609231200,49300.0,49350.0,49200.0,49300.0,1451
202609231215,49350.0,49550.0,49300.0,49550.0,1940
202609231230,49500.0,49750.0,49500.0,49650.0,1521
202609231245,49600.0,49650.0,49300.0,49300.0,2579
202609231300,49300.0,49550.0,49200.0,49400.0,939
202609231315,49400.0,49500.0,49400.0,49400.0,945
202609231330,49500.0,49600.0,49350.0,49400.0,2361
202609231345,49400.0,49450.0,49250.0,49300.0,1554
202609231400,49300.0,49300.0,49050.0,49300.0,2358
202609231415,49300.0,49350.0,49050.0,49200.0,2001
202609231430,49200.0,49600.0,49150.0,49300.0,3811
202609231445,49300.0,49450.0,49200.0,49300.0,3779
202609231500,49250.0,49350.0,49150.0,49300.0,2962
202609231515,49300.0,49350.0,49200.0,49250.0,2666
202609280900,49800.0,50200.0,49750.0,50000.0,7106
202609280915,49950.0,50300.0,49950.0,50200.0,6447
202609280930,50200.0,50300.0,49950.0,50300.0,4348
202609280945,50300.0,50400.0,49800.0,49850.0,5928
202609281000,49800.0,49850.0,49650.0,49700.0,5137
202609281015,49700.0,49700.0,49350.0,49600.0,4607
202609281030,49650.0,49800.0,49400.0,49400.0,2080
202609281045,49350.0,49550.0,49250.0,49450.0,2296
202609281100,49350.0,49400.0,49250.0,49350.0,1167
202609281115,49350.0,49350.0,49050.0,49050.0,2442
202609281130,49100.0,49150.0,49050.0,49050.0,697
202609281145,49050.0,49100.0,48800.0,48950.0,2709
202609281200,48950.0,49150.0,48850.0,49150.0,2751
202609281215,49150.0,49350.0,49050.0,49350.0,1995
202609281230,49350.0,49350.0,49200.0,49250.0,598
202609281245,49250.0,49400.0,49250.0,49250.0,1609
202609281300,49200.0,49450.0,49150.0,49400.0,1575
202609281315,49450.0,49800.0,49300.0,49800.0,4749
202609281330,49750.0,49900.0,49750.0,49800.0,2058
202609281345,49850.0,49850.0,49700.0,49800.0,1241
202609281400,49800.0,49900.0,49750.0,49900.0,1101
202609281415,49900.0,49950.0,49600.0,49600.0,2179
202609281430,49600.0,49650.0,49250.0,49350.0,3581
202609281445,49300.0,49400.0,49250.0,49400.0,1621
202609281500,49400.0,49450.0,49150.0,49450.0,4583
202609281515,49450.0,49450.0,49200.0,49400.0,2427
202609290900,49200.0,50300.0,49000.0,49450.0,11613
202609290915,49350.0,49975.0,49350.0,49800.0,4506
202609290930,49850.0,50200.0,49300.0,49400.0,5723
202609290945,49400.0,49400.0,49000.0,49200.0,2680
202609291000,49200.0,49700.0,49200.0,49700.0,2033
202609291015,49750.0,50000.0,49500.0,49800.0,4088
202609291030,49800.0,49950.0,49750.0,49950.0,1314
202609291045,49900.0,49950.0,49750.0,49800.0,2518
202609291100,49850.0,49850.0,49450.0,49800.0,1554
202609291115,49800.0,50500.0,49800.0,50200.0,8470
202609291130,50300.0,50300.0,49850.0,49950.0,2353
202609291145,49950.0,50300.0,49800.0,50300.0,1674
202609291200,50200.0,50500.0,49900.0,49950.0,3613
202609291215,49950.0,51600.0,49900.0,51100.0,22897
202609291230,51100.0,51700.0,50800.0,51600.0,14184
202609291245,51600.0,51700.0,51100.0,51600.0,12341
202609291300,51600.0,51900.0,51100.0,51100.0,9135
202609291315,51200.0,52000.0,51000.0,52000.0,13880
202609291330,52000.0,52900.0,51300.0,52700.0,30022
202609291345,52700.0,52900.0,52300.0,52500.0,12400
202609291400,52500.0,52600.0,52100.0,52300.0,11855
202609291415,52400.0,52900.0,52300.0,52900.0,26766
202609291430,52900.0,52900.0,52300.0,52800.0,19464
202609291445,52800.0,53200.0,52700.0,53100.0,16981
202609291500,53000.0,53100.0,52800.0,53000.0,7094
202609291515,53100.0,53200.0,52900.0,52900.0,6165
202609300900,52000.0,53400.0,52000.0,52900.0,27028
202609300915,52900.0,52900.0,52200.0,52400.0,10309
202609300930,52400.0,52700.0,51900.0,52000.0,12564
202609300945,52000.0,52400.0,51400.0,52400.0,12992
202609301000,52400.0,52500.0,52100.0,52200.0,3994
202609301015,52200.0,52400.0,52000.0,52000.0,2863
202609301030,52100.0,52100.0,51700.0,51950.0,4814
202609301045,51950.0,52200.0,51800.0,51950.0,3458
202609301100,51950.0,52500.0,51800.0,51900.0,6432
202609301115,51900.0,51900.0,51600.0,51800.0,3261
202609301130,51700.0,51800.0,51100.0,51300.0,7318
202609301145,51400.0,51600.0,50800.0,51300.0,11698
202609301200,51300.0,51600.0,51200.0,51400.0,3499
202609301215,51500.0,51500.0,51100.0,51300.0,2544
202609301230,51300.0,51300.0,51100.0,51200.0,3289
202609301245,51300.0,51300.0,51000.0,51200.0,4946
202609301300,51200.0,51300.0,51000.0,51300.0,2734
202609301315,51300.0,51300.0,50900.0,50900.0,5066
202609301330,50900.0,51200.0,50900.0,51100.0,3134
202609301345,51200.0,51200.0,50900.0,51000.0,3871
202609301400,51000.0,51100.0,50700.0,50700.0,6323
202609301415,50800.0,50900.0,50600.0,50900.0,3452
202609301430,50800.0,51100.0,50800.0,50900.0,3419
202609301445,50900.0,51100.0,50800.0,50900.0,2690
202609301500,51000.0,51200.0,50900.0,51100.0,3671
202609301515,50900.0,51200.0,50800.0,51000.0,6025
202610010900,50400.0,52000.0,50300.0,51800.0,13134
202610010915,51700.0,52400.0,51500.0,52000.0,19145
202610010930,52000.0,52800.0,51800.0,52700.0,16103
202610010945,52700.0,52800.0,52200.0,52700.0,11688
202610011000,52700.0,53000.0,52600.0,52800.0,11161
202610011015,52900.0,53600.0,52800.0,53500.0,21132
202610011030,53400.0,53500.0,53000.0,53400.0,13625
202610011045,53300.0,53900.0,53200.0,53900.0,17575
202610011100,53900.0,53900.0,53500.0,53600.0,9553
202610011115,53600.0,53800.0,53200.0,53800.0,8793
202610011130,53800.0,54300.0,53700.0,54200.0,20675
202610011145,54200.0,54400.0,54100.0,54300.0,10159
202610011200,54200.0,54500.0,54100.0,54300.0,11017
202610011215,54300.0,54600.0,54300.0,54500.0,9756
202610011230,54500.0,54600.0,54000.0,54300.0,9464
202610011245,54300.0,54800.0,54200.0,54800.0,11769
202610011300,54700.0,54900.0,54500.0,54700.0,10920
202610011315,54800.0,55000.0,54600.0,54800.0,12504
202610011330,54900.0,55000.0,54600.0,54800.0,11744
202610011345,54800.0,54900.0,53700.0,54600.0,17927
202610011400,54800.0,54800.0,54500.0,54700.0,5199
202610011415,54700.0,54900.0,54600.0,54800.0,6099
202610011430,54800.0,55000.0,54700.0,55000.0,6988
202610011445,55000.0,55300.0,54800.0,54900.0,16298
202610011500,54900.0,55200.0,54800.0,54900.0,12419
202610011515,54900.0,55000.0,54700.0,55000.0,7814
202610020900,54200.0,54900.0,53800.0,53800.0,11792
202610020915,53900.0,54500.0,53400.0,54400.0,11002
202610020930,54500.0,54800.0,54000.0,54300.0,14174
202610020945,54300.0,54800.0,54100.0,54400.0,5969
202610021000,54300.0,54400.0,53700.0,54000.0,10831
202610021015,54000.0,54300.0,53600.0,53600.0,8416
202610021030,53600.0,53700.0,53000.0,53500.0,14615
202610021045,53500.0,54000.0,53400.0,53800.0,5395
202610021100,53900.0,54000.0,53300.0,53300.0,7344
202610021115,53300.0,53600.0,53200.0,53200.0,6219
202610021130,53300.0,53300.0,53000.0,53000.0,10391
202610021145,53100.0,53300.0,52800.0,53200.0,7622
202610021200,53200.0,53400.0,53000.0,53200.0,5120
202610021215,53000.0,53300.0,52900.0,53000.0,5159
202610021230,52900.0,53200.0,52800.0,52900.0,6655
202610021245,52900.0,52900.0,52600.0,52600.0,8246
202610021300,52600.0,52900.0,52500.0,52800.0,9436
202610021315,52800.0,53100.0,52700.0,53100.0,5377
202610021330,53000.0,53400.0,52800.0,53300.0,6221
202610021345,53400.0,53700.0,53300.0,53600.0,6601
202610021400,53600.0,53700.0,53300.0,53600.0,12801
202610021415,53600.0,53800.0,53400.0,53400.0,8195
202610021430,53500.0,53700.0,53300.0,53600.0,6975
202610021445,53600.0,53700.0,53400.0,53600.0,5059
202610021500,53500.0,53900.0,53400.0,53800.0,6674
202610021515,53800.0,53900.0,53600.0,53600.0,4600
202610060900,55100.0,55800.0,54500.0,55100.0,18788
202610060915,55200.0,55800.0,55200.0,55600.0,9530
202610060930,55500.0,55600.0,54400.0,54500.0,11327
202610060945,54500.0,55100.0,54500.0,54900.0,11206
202610061000,54900.0,55100.0,54700.0,55000.0,4307
202610061015,54900.0,55300.0,54900.0,55200.0,5484
202610061030,55200.0,55400.0,55100.0,55400.0,5272
202610061045,55400.0,55500.0,54900.0,54900.0,4913
202610061100,55000.0,55500.0,54900.0,55400.0,6972
202610061115,55500.0,55800.0,55200.0,55500.0,5856
202610061130,55400.0,55600.0,55200.0,55400.0,2842
202610061145,55400.0,55600.0,55300.0,55300.0,3066
202610061200,55400.0,55500.0,55300.0,55400.0,1911
202610061215,55400.0,55700.0,55400.0,55600.0,4090
202610061230,55500.0,55700.0,55400.0,55600.0,3348
202610061245,55600.0,55700.0,55500.0,55600.0,2510
202610061300,55500.0,55600.0,55300.0,55500.0,2808
202610061315,55400.0,56900.0,55400.0,56300.0,32930
202610061330,56300.0,56600.0,56000.0,56150.0,8748
202610061345,56150.0,56200.0,55700.0,56200.0,3886
202610061400,56200.0,56400.0,56000.0,56200.0,4949
202610061415,56200.0,56500.0,56000.0,56300.0,7371
202610061430,56350.0,56700.0,56200.0,56300.0,8446
202610061445,56300.0,56500.0,56100.0,56100.0,6738
202610061500,56100.0,56300.0,56000.0,56100.0,3511
202610061515,56200.0,56200.0,56000.0,56000.0,4097
