202601020945,1291.0,1291.0,1285.0,1285.0,21656
202601021000,1287.0,1291.0,1281.0,1285.0,69764
202601021015,1285.0,1289.0,1281.0,1289.0,25007
202601021030,1291.0,1291.0,1285.0,1287.0,8090
202601021045,1287.0,1287.0,1283.0,1287.0,17297
202601021100,1287.0,1287.0,1285.0,1287.0,11389
202601021115,1287.0,1291.0,1285.0,1289.0,15878
202601021130,1289.0,1289.0,1287.0,1287.0,5016
202601021145,1289.0,1291.0,1287.0,1289.0,2072
202601021200,1289.0,1291.0,1287.0,1291.0,11307
202601021215,1291.0,1293.0,1289.0,1291.0,11186
202601021230,1289.0,1293.0,1289.0,1293.0,6216
202601021245,1293.0,1293.0,1289.0,1289.0,5549
202601021300,1291.0,1291.0,1289.0,1291.0,5931
202601021315,1289.0,1291.0,1287.0,1291.0,14530
202601021330,1291.0,1291.0,1287.0,1289.0,8683
202601021345,1289.0,1291.0,1287.0,1289.0,18511
202601021400,1289.0,1289.0,1285.0,1285.0,11798
202601021415,1285.0,1289.0,1285.0,1287.0,24810
202601021430,1287.0,1291.0,1285.0,1289.0,23126
202601021445,1289.0,1291.0,1285.0,1289.0,34348
202601021500,1289.0,1293.0,1289.0,1289.0,22207
202601021515,1291.0,1293.0,1289.0,1289.0,30082
202601050900,1297.0,1321.0,1297.0,1303.0,254661
202601050915,1309.0,1315.0,1303.0,1311.0,81122
202601050930,1311.0,1311.0,1297.0,1303.0,63681
202601050945,1303.0,1303.0,1297.0,1301.0,19942
202601051000,1301.0,1301.0,1297.0,1301.0,20618
202601051015,1301.0,1301.0,1297.0,1297.0,8770
202601051030,1299.0,1301.0,1297.0,1301.0,28072
202601051045,1301.0,1301.0,1297.0,1299.0,9023
202601051100,1299.0,1301.0,1297.0,1299.0,16366
202601051115,1299.0,1301.0,1295.0,1297.0,11342
202601051130,1297.0,1299.0,1295.0,1297.0,18468
202601051145,1299.0,1301.0,1295.0,1297.0,22076
202601051200,1299.0,1301.0,1297.0,1297.0,2509
202601051215,1297.0,1299.0,1297.0,1299.0,5071
202601051230,1299.0,1299.0,1295.0,1295.0,26241
202601051245,1297.0,1297.0,1293.0,1297.0,29114
202601051300,1295.0,1297.0,1293.0,1297.0,6009
202601051315,1297.0,1299.0,1295.0,1297.0,11860
202601051330,1299.0,1299.0,1295.0,1297.0,5785
202601051345,1297.0,1301.0,1295.0,1299.0,12787
202601051400,1297.0,1299.0,1297.0,1299.0,3084
202601051415,1297.0,1299.0,1293.0,1297.0,46598
202601051430,1295.0,1297.0,1293.0,1295.0,1445
202601051445,1295.0,1297.0,1293.0,1297.0,73331
202601051500,1297.0,1299.0,1295.0,1299.0,10922
202601051515,1295.0,1299.0,1295.0,1299.0,16140
202601060900,1301.0,1311.0,1295.0,1303.0,106792
202601060915,1301.0,1319.0,1297.0,1317.0,163983
202601060930,1317.0,1339.0,1315.0,1337.0,293349
202601060945,1337.0,1349.0,1323.0,1329.0,490884
202601061000,1333.0,1337.0,1317.0,1329.0,268368
202601061015,1331.0,1335.0,1329.0,1335.0,48853
202601061030,1335.0,1341.0,1333.0,1339.0,91903
202601061045,1339.0,1361.0,1337.0,1357.0,413236
202601061100,1361.0,1361.0,1347.0,1355.0,84314
202601061115,1351.0,1357.0,1351.0,1355.0,59583
202601061130,1355.0,1361.0,1353.0,1359.0,149483
202601061145,1357.0,1359.0,1355.0,1357.0,29566
202601061200,1357.0,1357.0,1351.0,1355.0,40313
202601061215,1355.0,1357.0,1341.0,1355.0,46394
202601061230,1355.0,1355.0,1341.0,1349.0,30534
202601061245,1349.0,1351.0,1341.0,1351.0,21623
202601061300,1351.0,1365.0,1351.0,1355.0,216550
202601061315,1355.0,1355.0,1347.0,1353.0,47891
202601061330,1353.0,1357.0,1347.0,1353.0,77508
202601061345,1353.0,1359.0,1351.0,1357.0,130828
202601061400,1357.0,1361.0,1351.0,1361.0,99238
202601061415,1361.0,1361.0,1357.0,1361.0,26914
202601061430,1361.0,1361.0,1355.0,1359.0,85851
202601061445,1361.0,1361.0,1357.0,1361.0,71598
202601061500,1361.0,1367.0,1357.0,1363.0,159703
202601061515,1363.0,1367.0,1359.0,1367.0,61420
202601070900,1359.0,1373.0,1355.0,1367.0,120704
202601070915,1367.0,1367.0,1345.0,1349.0,75426
202601070930,1349.0,1349.0,1335.0,1341.0,124055
202601070945,1339.0,1343.0,1335.0,1339.0,26618
202601071000,1339.0,1341.0,1331.0,1335.0,72639
202601071015,1335.0,1343.0,1333.0,1339.0,31529
202601071030,1339.0,1339.0,1333.0,1335.0,53283
202601071045,1335.0,1339.0,1331.0,1335.0,58839
202601071100,1331.0,1337.0,1331.0,1335.0,14842
202601071115,1335.0,1337.0,1327.0,1331.0,59814
202601071130,1329.0,1331.0,1323.0,1327.0,77433
202601071145,1327.0,1331.0,1323.0,1325.0,42705
202601071200,1327.0,1331.0,1325.0,1329.0,16658
202601071215,1329.0,1331.0,1325.0,1327.0,14442
202601071230,1325.0,1329.0,1323.0,1325.0,69146
202601071245,1323.0,1331.0,1317.0,1317.0,125870
202601071300,1317.0,1319.0,1313.0,1315.0,57650
202601071315,1317.0,1321.0,1313.0,1319.0,34729
202601071330,1321.0,1325.0,1315.0,1323.0,42818
202601071345,1321.0,1323.0,1317.0,1321.0,9852
202601071400,1321.0,1327.0,1319.0,1325.0,11416
202601071415,1325.0,1325.0,1321.0,1325.0,12337
202601071430,1325.0,1329.0,1323.0,1327.0,14132
202601071445,1325.0,1327.0,1319.0,1321.0,26226
202601071500,1321.0,1325.0,1317.0,1319.0,50533
202601071515,1319.0,1325.0,1319.0,1323.0,21276
202601080900,1315.0,1319.0,1299.0,1303.0,165511
202601080915,1301.0,1303.0,1295.0,1297.0,106758
202601080930,1297.0,1299.0,1291.0,1295.0,131953
202601080945,1295.0,1301.0,1293.0,1301.0,15107
202601081000,1301.0,1303.0,1297.0,1299.0,42943
202601081015,1299.0,1301.0,1295.0,1297.0,29908
202601081030,1297.0,1301.0,1297.0,1299.0,11148
202601081045,1299.0,1301.0,1295.0,1297.0,51944
202601081100,1297.0,1301.0,1297.0,1299.0,25222
202601081115,1299.0,1301.0,1297.0,1301.0,15958
202601081130,1301.0,1301.0,1297.0,1299.0,39127
202601081145,1297.0,1301.0,1297.0,1297.0,10958
202601081200,1299.0,1299.0,1297.0,1297.0,11816
202601081215,1297.0,1299.0,1297.0,1299.0,12353
202601081230,1299.0,1299.0,1295.0,1295.0,33498
202601081245,1295.0,1297.0,1293.0,1295.0,21297
202601081300,1295.0,1299.0,1295.0,1297.0,7699
202601081315,1299.0,1303.0,1297.0,1303.0,15378
202601081330,1303.0,1303.0,1297.0,1299.0,3693
202601081345,1301.0,1305.0,1299.0,1303.0,10323
202601081400,1303.0,1305.0,1301.0,1303.0,9201
202601081415,1303.0,1307.0,1299.0,1303.0,14964
202601081430,1303.0,1303.0,1299.0,1299.0,27700
202601081445,1299.0,1301.0,1295.0,1297.0,19217
202601081500,1297.0,1297.0,1293.0,1297.0,103394
202601081515,1297.0,1297.0,1293.0,1293.0,41979
202601090900,1301.0,1307.0,1293.0,1297.0,55752
202601090915,1297.0,1297.0,1285.0,1289.0,134334
202601090930,1289.0,1295.0,1285.0,1293.0,30438
202601090945,1295.0,1301.0,1291.0,1301.0,25551
202601091000,1301.0,1301.0,1293.0,1297.0,45744
202601091015,1297.0,1299.0,1291.0,1295.0,41002
202601091030,1295.0,1295.0,1291.0,1295.0,13244
202601091045,1295.0,1297.0,1295.0,1295.0,2442
202601091100,1297.0,1299.0,1291.0,1295.0,39977
202601091115,1295.0,1301.0,1293.0,1301.0,15186
202601091130,1301.0,1301.0,1297.0,1301.0,7412
202601091145,1301.0,1303.0,1299.0,1301.0,9600
202601091200,1301.0,1303.0,1299.0,1301.0,5668
202601091215,1299.0,1301.0,1299.0,1299.0,28119
202601091230,1299.0,1299.0,1295.0,1295.0,69395
202601091245,1295.0,1297.0,1295.0,1295.0,10682
202601091300,1295.0,1297.0,1295.0,1297.0,2518
202601091315,1297.0,1297.0,1293.0,1295.0,22462
202601091330,1295.0,1295.0,1293.0,1295.0,28981
202601091345,1293.0,1295.0,1287.0,1293.0,54005
202601091400,1293.0,1297.0,1291.0,1295.0,7732
202601091415,1295.0,1295.0,1291.0,1293.0,40277
202601091430,1293.0,1295.0,1291.0,1293.0,12020
202601091445,1293.0,1295.0,1291.0,1295.0,8914
202601091500,1295.0,1297.0,1291.0,1291.0,29048
202601091515,1293.0,1293.0,1291.0,1291.0,41306
202601120900,1299.0,1315.0,1295.0,1311.0,156170
202601120915,1311.0,1317.0,1303.0,1317.0,123952
202601120930,1317.0,1321.0,1305.0,1313.0,67365
202601120945,1311.0,1315.0,1303.0,1307.0,57969
202601121000,1305.0,1307.0,1301.0,1305.0,52701
202601121015,1305.0,1305.0,1297.0,1299.0,101201
202601121030,1299.0,1303.0,1297.0,1301.0,34135
202601121045,1303.0,1303.0,1297.0,1303.0,28090
202601121100,1303.0,1303.0,1299.0,1303.0,12338
202601121115,1303.0,1303.0,1299.0,1301.0,10133
202601121130,1301.0,1301.0,1295.0,1297.0,17961
202601121145,1295.0,1301.0,1295.0,1295.0,17891
202601121200,1297.0,1297.0,1295.0,1295.0,20749
202601121215,1295.0,1297.0,1295.0,1297.0,6897
202601121230,1297.0,1301.0,1295.0,1301.0,30037
202601121245,1301.0,1305.0,1299.0,1303.0,28638
202601121300,1303.0,1303.0,1297.0,1299.0,34533
202601121315,1299.0,1301.0,1295.0,1297.0,38446
202601121330,1297.0,1299.0,1295.0,1297.0,10023
202601121345,1297.0,1301.0,1297.0,1301.0,6979
202601121400,1301.0,1301.0,1297.0,1301.0,899
202601121415,1301.0,1303.0,1297.0,1297.0,19689
202601121430,1297.0,1299.0,1295.0,1297.0,19565
202601121445,1295.0,1297.0,1293.0,1295.0,50296
202601121500,1295.0,1297.0,1293.0,1295.0,37111
202601121515,1295.0,1297.0,1293.0,1295.0,56800
202601130900,1305.0,1307.0,1299.0,1307.0,48819
202601130915,1307.0,1307.0,1297.0,1299.0,30678
202601130930,1299.0,1305.0,1299.0,1303.0,85612
202601130945,1303.0,1303.0,1295.0,1297.0,27370
202601131000,1297.0,1299.0,1293.0,1297.0,59984
202601131015,1299.0,1299.0,1295.0,1299.0,43939
202601131030,1299.0,1299.0,1293.0,1295.0,48755
202601131045,1295.0,1299.0,1291.0,1295.0,47466
202601131100,1295.0,1295.0,1291.0,1295.0,32469
202601131115,1295.0,1295.0,1291.0,1293.0,14972
202601131130,1293.0,1295.0,1291.0,1293.0,28855
202601131145,1293.0,1297.0,1291.0,1293.0,16287
202601131200,1295.0,1297.0,1291.0,1293.0,36414
202601131215,1291.0,1295.0,1291.0,1293.0,19502
202601131230,1293.0,1295.0,1291.0,1293.0,9606
202601131245,1293.0,1295.0,1291.0,1293.0,8702
202601131300,1293.0,1295.0,1291.0,1291.0,3507
202601131315,1293.0,1293.0,1291.0,1291.0,27008
202601131330,1293.0,1293.0,1289.0,1291.0,30799
202601131345,1291.0,1293.0,1289.0,1293.0,23417
202601131400,1291.0,1295.0,1291.0,1295.0,6514
202601131415,1295.0,1297.0,1293.0,1297.0,6575
202601131430,1295.0,1295.0,1293.0,1295.0,3450
202601131445,1295.0,1297.0,1295.0,1295.0,29758
202601131500,1295.0,1297.0,1295.0,1295.0,34099
202601131515,1295.0,1299.0,1293.0,1299.0,25381
202601140900,1297.0,1299.0,1291.0,1295.0,73711
202601140915,1295.0,1297.0,1291.0,1293.0,19752
202601140930,1297.0,1297.0,1291.0,1293.0,12809
202601140945,1293.0,1295.0,1291.0,1295.0,20711
202601141000,1295.0,1299.0,1293.0,1299.0,29058
202601141015,1299.0,1301.0,1297.0,1301.0,17948
202601141030,1301.0,1301.0,1297.0,1297.0,23518
202601141045,1297.0,1297.0,1293.0,1293.0,42549
202601141100,1293.0,1295.0,1289.0,1291.0,56737
202601141115,1291.0,1293.0,1291.0,1293.0,29599
202601141130,1293.0,1295.0,1291.0,1291.0,3443
202601141145,1291.0,1297.0,1291.0,1295.0,3490
202601141200,1295.0,1297.0,1293.0,1297.0,9569
202601141215,1295.0,1301.0,1295.0,1301.0,29336
202601141230,1299.0,1303.0,1299.0,1301.0,39361
202601141245,1301.0,1309.0,1299.0,1305.0,96034
202601141300,1305.0,1317.0,1305.0,1313.0,86118
202601141315,1313.0,1315.0,1307.0,1311.0,38384
202601141330,1313.0,1321.0,1311.0,1319.0,111381
202601141345,1319.0,1321.0,1311.0,1315.0,63115
202601141400,1315.0,1317.0,1311.0,1313.0,7757
202601141415,1311.0,1317.0,1311.0,1313.0,10769
202601141430,1313.0,1315.0,1311.0,1313.0,17020
202601141445,1313.0,1313.0,1307.0,1307.0,16426
202601141500,1309.0,1311.0,1307.0,1311.0,4113
202601141515,1311.0,1311.0,1307.0,1307.0,24337
202601150900,1325.0,1347.0,1323.0,1337.0,303614
202601150915,1339.0,1343.0,1321.0,1329.0,124277
202601150930,1329.0,1333.0,1323.0,1329.0,64187
202601150945,1329.0,1331.0,1319.0,1325.0,32391
202601151000,1325.0,1333.0,1325.0,1331.0,47876
202601151015,1331.0,1331.0,1325.0,1325.0,50834
202601151030,1323.0,1325.0,1321.0,1321.0,28652
202601151045,1321.0,1325.0,1317.0,1317.0,26395
202601151100,1317.0,1325.0,1317.0,1319.0,10232
202601151115,1321.0,1323.0,1319.0,1321.0,17100
202601151130,1323.0,1327.0,1319.0,1323.0,45492
202601151145,1323.0,1323.0,1317.0,1317.0,36264
202601151200,1319.0,1321.0,1317.0,1317.0,5982
202601151215,1317.0,1323.0,1317.0,1321.0,11866
202601151230,1321.0,1323.0,1319.0,1321.0,11410
202601151245,1323.0,1325.0,1319.0,1325.0,8033
202601151300,1323.0,1327.0,1323.0,1327.0,7590
202601151315,1327.0,1327.0,1323.0,1323.0,16141
202601151330,1325.0,1327.0,1321.0,1327.0,28743
202601151345,1325.0,1327.0,1323.0,1327.0,7990
202601151400,1325.0,1331.0,1323.0,1329.0,43072
202601151415,1329.0,1333.0,1327.0,1331.0,21994
202601151430,1331.0,1333.0,1325.0,1331.0,48502
202601151445,1329.0,1331.0,1327.0,1329.0,21259
202601151500,1329.0,1333.0,1327.0,1331.0,65798
202601151515,1331.0,1337.0,1329.0,1335.0,89289
202601160900,1345.0,1377.0,1345.0,1361.0,508100
202601160915,1361.0,1379.0,1353.0,1371.0,485933
202601160930,1373.0,1375.0,1363.0,1369.0,206382
202601160945,1371.0,1371.0,1363.0,1371.0,77356
202601161000,1369.0,1371.0,1365.0,1365.0,78827
202601161015,1365.0,1367.0,1359.0,1363.0,80063
202601161030,1363.0,1371.0,1361.0,1369.0,98314
202601161045,1369.0,1371.0,1365.0,1369.0,34822
202601161100,1369.0,1369.0,1365.0,1369.0,51592
202601161115,1369.0,1371.0,1361.0,1361.0,61249
202601161130,1365.0,1367.0,1361.0,1365.0,24931
202601161145,1365.0,1367.0,1361.0,1363.0,26282
202601161200,1363.0,1363.0,1357.0,1359.0,50598
202601161215,1359.0,1361.0,1355.0,1359.0,24740
202601161230,1361.0,1363.0,1357.0,1361.0,11853
202601161245,1361.0,1365.0,1359.0,1361.0,49192
202601161300,1361.0,1363.0,1357.0,1361.0,16902
202601161315,1359.0,1361.0,1355.0,1361.0,80541
202601161330,1361.0,1361.0,1353.0,1355.0,51680
202601161345,1357.0,1363.0,1353.0,1357.0,28539
202601161400,1363.0,1365.0,1357.0,1363.0,20268
202601161415,1361.0,1363.0,1359.0,1363.0,15655
202601161430,1363.0,1367.0,1361.0,1363.0,77841
202601161445,1363.0,1363.0,1361.0,1361.0,31243
202601161500,1363.0,1369.0,1359.0,1365.0,153958
202601161515,1367.0,1367.0,1363.0,1367.0,70683
202601190900,1371.0,1444.0,1371.0,1404.0,1385904
202601190915,1402.0,1406.0,1387.0,1395.0,204474
202601190930,1395.0,1397.0,1379.0,1385.0,138980
202601190945,1385.0,1387.0,1373.0,1375.0,158778
202601191000,1375.0,1383.0,1369.0,1373.0,202807
202601191015,1375.0,1381.0,1371.0,1373.0,120094
202601191030,1373.0,1375.0,1371.0,1375.0,42626
202601191045,1375.0,1381.0,1373.0,1381.0,36987
202601191100,1379.0,1387.0,1377.0,1387.0,111036
202601191115,1387.0,1391.0,1385.0,1387.0,37910
202601191130,1389.0,1389.0,1383.0,1387.0,44193
202601191145,1387.0,1389.0,1385.0,1389.0,50961
202601191200,1389.0,1389.0,1385.0,1385.0,55404
202601191215,1385.0,1393.0,1385.0,1393.0,104469
202601191230,1393.0,1393.0,1387.0,1391.0,55265
202601191245,1391.0,1397.0,1391.0,1393.0,66119
202601191300,1391.0,1397.0,1387.0,1395.0,42998
202601191315,1395.0,1395.0,1389.0,1391.0,35282
202601191330,1391.0,1402.0,1391.0,1402.0,86448
202601191345,1400.0,1402.0,1395.0,1397.0,66999
202601191400,1400.0,1402.0,1393.0,1397.0,73674
202601191415,1397.0,1397.0,1385.0,1389.0,102744
202601191430,1391.0,1397.0,1385.0,1397.0,109491
202601191445,1397.0,1400.0,1393.0,1397.0,63678
202601191500,1397.0,1397.0,1395.0,1397.0,56677
202601191515,1395.0,1397.0,1393.0,1395.0,38369
202601200900,1387.0,1414.0,1387.0,1402.0,153298
202601200915,1402.0,1410.0,1391.0,1404.0,164331
202601200930,1406.0,1436.0,1402.0,1428.0,521208
202601200945,1428.0,1432.0,1424.0,1426.0,152240
202601201000,1426.0,1430.0,1418.0,1422.0,105700
202601201015,1422.0,1424.0,1416.0,1420.0,60141
202601201030,1422.0,1430.0,1418.0,1430.0,159721
202601201045,1430.0,1432.0,1424.0,1426.0,58968
202601201100,1426.0,1428.0,1422.0,1424.0,45115
202601201115,1426.0,1436.0,1426.0,1436.0,260152
202601201130,1434.0,1440.0,1434.0,1438.0,184764
202601201145,1438.0,1448.0,1438.0,1442.0,373344
202601201200,1442.0,1446.0,1442.0,1444.0,89762
202601201215,1444.0,1446.0,1442.0,1446.0,100087
202601201230,1446.0,1448.0,1442.0,1446.0,139686
202601201245,1446.0,1446.0,1438.0,1444.0,134309
202601201300,1444.0,1448.0,1438.0,1448.0,115672
202601201315,1446.0,1460.0,1446.0,1458.0,420874
202601201330,1458.0,1464.0,1456.0,1456.0,395849
202601201345,1458.0,1460.0,1446.0,1450.0,137885
202601201400,1450.0,1456.0,1448.0,1456.0,69623
202601201415,1456.0,1460.0,1452.0,1458.0,127885
202601201430,1458.0,1460.0,1454.0,1454.0,75584
202601201445,1458.0,1460.0,1454.0,1456.0,101414
202601201500,1456.0,1458.0,1448.0,1452.0,126507
202601201515,1452.0,1456.0,1448.0,1452.0,82870
202601210900,1410.0,1442.0,1406.0,1410.0,552877
202601210915,1410.0,1414.0,1393.0,1414.0,394580
202601210930,1412.0,1412.0,1389.0,1389.0,353605
202601210945,1389.0,1402.0,1389.0,1397.0,90306
202601211000,1395.0,1402.0,1395.0,1397.0,88022
202601211015,1402.0,1410.0,1397.0,1404.0,52100
202601211030,1406.0,1410.0,1395.0,1397.0,67922
202601211045,1397.0,1402.0,1387.0,1397.0,123344
202601211100,1391.0,1393.0,1381.0,1381.0,210919
202601211115,1383.0,1383.0,1375.0,1379.0,191360
202601211130,1377.0,1379.0,1369.0,1375.0,147482
202601211145,1377.0,1385.0,1373.0,1383.0,60352
202601211200,1383.0,1387.0,1381.0,1385.0,50186
202601211215,1385.0,1389.0,1383.0,1389.0,20208
202601211230,1389.0,1391.0,1383.0,1385.0,31023
202601211245,1385.0,1389.0,1381.0,1383.0,41192
202601211300,1383.0,1387.0,1381.0,1383.0,40122
202601211315,1383.0,1387.0,1381.0,1385.0,24724
202601211330,1381.0,1389.0,1381.0,1387.0,29078
202601211345,1385.0,1389.0,1381.0,1383.0,29067
202601211400,1383.0,1387.0,1381.0,1383.0,17967
202601211415,1383.0,1385.0,1375.0,1377.0,74513
202601211430,1379.0,1383.0,1375.0,1381.0,40089
202601211445,1379.0,1385.0,1379.0,1381.0,24450
202601211500,1381.0,1383.0,1375.0,1377.0,82322
202601211515,1377.0,1381.0,1375.0,1381.0,85036
202601220900,1418.0,1426.0,1385.0,1387.0,292077
202601220915,1385.0,1395.0,1381.0,1389.0,194064
202601220930,1391.0,1395.0,1373.0,1379.0,131527
202601220945,1379.0,1387.0,1377.0,1381.0,54992
202601221000,1381.0,1385.0,1377.0,1379.0,79249
202601221015,1379.0,1379.0,1371.0,1373.0,110497
202601221030,1373.0,1383.0,1373.0,1381.0,37736
202601221045,1381.0,1383.0,1379.0,1383.0,18651
202601221100,1381.0,1393.0,1381.0,1387.0,43451
202601221115,1387.0,1387.0,1381.0,1385.0,30099
202601221130,1385.0,1387.0,1379.0,1387.0,76915
202601221145,1387.0,1395.0,1383.0,1391.0,52781
202601221200,1391.0,1400.0,1387.0,1397.0,52143
202601221215,1397.0,1400.0,1393.0,1397.0,17515
202601221230,1397.0,1397.0,1381.0,1381.0,56859
202601221245,1383.0,1387.0,1381.0,1383.0,29995
202601221300,1383.0,1385.0,1379.0,1379.0,53491
202601221315,1379.0,1379.0,1375.0,1377.0,37176
202601221330,1377.0,1381.0,1375.0,1379.0,13703
202601221345,1379.0,1381.0,1375.0,1375.0,33668
202601221400,1377.0,1379.0,1375.0,1375.0,30570
202601221415,1377.0,1379.0,1375.0,1377.0,21735
202601221430,1377.0,1377.0,1373.0,1375.0,57878
202601221445,1373.0,1375.0,1371.0,1373.0,45788
202601221500,1371.0,1375.0,1371.0,1373.0,46389
202601221515,1373.0,1375.0,1371.0,1375.0,59513
202601230900,1406.0,1418.0,1395.0,1402.0,449633
202601230915,1402.0,1422.0,1397.0,1420.0,354740
202601230930,1420.0,1442.0,1412.0,1442.0,500758
202601230945,1442.0,1464.0,1442.0,1454.0,838235
202601231000,1454.0,1458.0,1434.0,1436.0,312485
202601231015,1438.0,1442.0,1428.0,1434.0,133616
202601231030,1438.0,1440.0,1408.0,1416.0,218045
202601231045,1418.0,1428.0,1418.0,1424.0,105793
202601231100,1426.0,1436.0,1406.0,1430.0,174543
202601231115,1430.0,1442.0,1428.0,1440.0,120448
202601231130,1440.0,1442.0,1436.0,1440.0,69266
202601231145,1440.0,1456.0,1438.0,1456.0,296274
202601231200,1458.0,1464.0,1454.0,1462.0,540219
202601231215,1462.0,1464.0,1452.0,1458.0,135178
202601231230,1456.0,1462.0,1442.0,1448.0,99325
202601231245,1450.0,1450.0,1438.0,1444.0,100228
202601231300,1444.0,1458.0,1438.0,1448.0,113966
202601231315,1448.0,1448.0,1436.0,1444.0,41756
202601231330,1442.0,1450.0,1442.0,1442.0,53149
202601231345,1442.0,1442.0,1428.0,1432.0,96522
202601231400,1432.0,1442.0,1422.0,1438.0,116180
202601231415,1438.0,1442.0,1436.0,1440.0,25455
202601231430,1440.0,1446.0,1436.0,1446.0,96153
202601231445,1446.0,1448.0,1442.0,1442.0,48413
202601231500,1442.0,1448.0,1438.0,1448.0,89020
202601231515,1448.0,1450.0,1444.0,1450.0,113042
202601260900,1462.0,1472.0,1430.0,1450.0,698230
202601260915,1450.0,1456.0,1434.0,1450.0,275915
202601260930,1452.0,1466.0,1434.0,1436.0,463126
202601260945,1436.0,1446.0,1434.0,1434.0,97866
202601261000,1436.0,1444.0,1434.0,1440.0,117172
202601261015,1440.0,1440.0,1430.0,1432.0,138926
202601261030,1436.0,1436.0,1428.0,1430.0,71351
202601261045,1430.0,1442.0,1428.0,1442.0,80687
202601261100,1442.0,1452.0,1438.0,1446.0,66572
202601261115,1442.0,1452.0,1442.0,1450.0,28502
202601261130,1450.0,1454.0,1446.0,1450.0,50317
202601261145,1448.0,1450.0,1444.0,1448.0,24513
202601261200,1450.0,1452.0,1446.0,1450.0,83022
202601261215,1450.0,1454.0,1446.0,1450.0,64047
202601261230,1452.0,1454.0,1450.0,1450.0,60197
202601261245,1452.0,1454.0,1446.0,1448.0,42350
202601261300,1448.0,1450.0,1446.0,1448.0,16590
202601261315,1446.0,1450.0,1444.0,1448.0,31624
202601261330,1448.0,1450.0,1444.0,1448.0,24513
202601261345,1446.0,1446.0,1430.0,1440.0,63843
202601261400,1440.0,1440.0,1434.0,1436.0,11637
202601261415,1436.0,1440.0,1436.0,1440.0,29604
202601261430,1440.0,1442.0,1436.0,1442.0,27354
202601261445,1440.0,1444.0,1440.0,1444.0,23362
202601261500,1444.0,1448.0,1442.0,1448.0,58764
202601261515,1448.0,1452.0,1446.0,1452.0,53554
202601270900,1395.0,1395.0,1325.0,1327.0,2258818
202601270915,1325.0,1349.0,1323.0,1341.0,908355
202601270930,1341.0,1349.0,1339.0,1345.0,459922
202601270945,1347.0,1359.0,1339.0,1341.0,381290
202601271000,1341.0,1345.0,1335.0,1339.0,561832
202601271015,1341.0,1351.0,1333.0,1337.0,514834
202601271030,1335.0,1337.0,1321.0,1335.0,1129976
202601271045,1335.0,1337.0,1331.0,1333.0,156446
202601271100,1335.0,1335.0,1327.0,1335.0,232546
202601271115,1335.0,1339.0,1331.0,1337.0,179918
202601271130,1337.0,1339.0,1333.0,1335.0,173403
202601271145,1335.0,1335.0,1331.0,1331.0,138757
202601271200,1331.0,1333.0,1327.0,1329.0,192811
202601271215,1329.0,1335.0,1327.0,1335.0,131288
202601271230,1335.0,1337.0,1333.0,1335.0,138452
202601271245,1337.0,1339.0,1333.0,1337.0,119922
202601271300,1337.0,1345.0,1335.0,1343.0,182500
202601271315,1343.0,1351.0,1343.0,1347.0,303278
202601271330,1347.0,1353.0,1345.0,1351.0,134294
202601271345,1351.0,1355.0,1349.0,1355.0,145888
202601271400,1355.0,1357.0,1347.0,1351.0,174338
202601271415,1351.0,1355.0,1349.0,1351.0,94317
202601271430,1353.0,1353.0,1345.0,1353.0,122821
202601271445,1353.0,1357.0,1351.0,1357.0,100013
202601271500,1357.0,1357.0,1353.0,1353.0,129827
202601271515,1357.0,1361.0,1353.0,1361.0,217447
202601280900,1371.0,1395.0,1369.0,1375.0,751777
202601280915,1373.0,1383.0,1353.0,1383.0,385492
202601280930,1383.0,1385.0,1377.0,1381.0,249047
202601280945,1381.0,1410.0,1379.0,1397.0,692715
202601281000,1397.0,1402.0,1387.0,1402.0,208028
202601281015,1402.0,1402.0,1391.0,1395.0,165116
202601281030,1397.0,1400.0,1389.0,1393.0,137949
202601281045,1393.0,1393.0,1387.0,1387.0,51350
202601281100,1389.0,1389.0,1383.0,1385.0,145944
202601281115,1383.0,1385.0,1373.0,1377.0,273313
202601281130,1379.0,1381.0,1375.0,1381.0,60919
202601281145,1379.0,1379.0,1371.0,1371.0,84865
202601281200,1373.0,1375.0,1363.0,1375.0,344513
202601281215,1373.0,1377.0,1369.0,1369.0,48218
202601281230,1369.0,1371.0,1363.0,1369.0,111475
202601281245,1369.0,1373.0,1367.0,1373.0,54154
202601281300,1373.0,1373.0,1367.0,1367.0,101028
202601281315,1367.0,1371.0,1365.0,1367.0,59829
202601281330,1367.0,1379.0,1365.0,1375.0,104483
202601281345,1373.0,1379.0,1373.0,1377.0,68892
202601281400,1373.0,1375.0,1369.0,1373.0,57737
202601281415,1373.0,1375.0,1365.0,1375.0,96266
202601281430,1375.0,1381.0,1371.0,1377.0,45439
202601281445,1377.0,1381.0,1369.0,1377.0,78965
202601281500,1379.0,1381.0,1377.0,1377.0,48782
202601281515,1377.0,1379.0,1375.0,1377.0,49921
202601290900,1395.0,1397.0,1375.0,1387.0,402150
202601290915,1387.0,1387.0,1371.0,1371.0,211395
202601290930,1371.0,1385.0,1353.0,1383.0,297253
202601290945,1383.0,1387.0,1371.0,1377.0,219785
202601291000,1377.0,1385.0,1373.0,1381.0,83739
202601291015,1379.0,1381.0,1361.0,1381.0,106277
202601291030,1379.0,1400.0,1377.0,1395.0,308604
202601291045,1395.0,1416.0,1393.0,1412.0,342352
202601291100,1412.0,1414.0,1404.0,1408.0,109610
202601291115,1410.0,1420.0,1408.0,1418.0,178196
202601291130,1418.0,1426.0,1414.0,1424.0,244953
202601291145,1426.0,1450.0,1424.0,1448.0,479894
202601291200,1446.0,1450.0,1422.0,1448.0,325390
202601291215,1446.0,1478.0,1444.0,1476.0,1004490
202601291230,1476.0,1502.0,1466.0,1498.0,1294809
202601291245,1498.0,1622.0,1494.0,1560.0,6923278
202601291300,1560.0,1620.0,1544.0,1618.0,3802473
202601291315,1618.0,1666.0,1594.0,1660.0,6965024
202601291330,1658.0,1790.0,1654.0,1790.0,11907558
202601291345,1790.0,1790.0,1790.0,1790.0,924238
202601291400,1790.0,1790.0,1790.0,1790.0,333806
202601291415,1790.0,1790.0,1790.0,1790.0,456603
202601291430,1790.0,1790.0,1790.0,1790.0,178652
202601291445,1790.0,1790.0,1790.0,1790.0,105495
202601291500,1790.0,1790.0,1790.0,1790.0,129379
202601291515,1790.0,1790.0,1790.0,1790.0,137991
202601300900,1732.0,1840.0,1660.0,1666.0,12403731
202601300915,1666.0,1794.0,1660.0,1752.0,5183029
202601300930,1748.0,1808.0,1722.0,1798.0,5277333
202601300945,1796.0,1822.0,1740.0,1740.0,5255114
202601301000,1738.0,1828.0,1736.0,1824.0,3491524
202601301015,1820.0,2050.0,1802.0,2048.0,17596127
202601301030,2048.0,2200.0,1992.0,2174.0,28324745
202601301045,2176.0,2198.0,2050.0,2084.0,12875057
202601301100,2082.0,2114.0,2044.0,2062.0,6670281
202601301115,2060.0,2060.0,2002.0,2018.0,6851255
202601301130,2020.0,2082.0,2016.0,2048.0,4317501
202601301145,2046.0,2074.0,2020.0,2038.0,2087443
202601301200,2038.0,2066.0,2034.0,2052.0,1392250
202601301215,2052.0,2056.0,2022.0,2024.0,1594281
202601301230,2026.0,2036.0,2006.0,2020.0,1807521
202601301245,2020.0,2028.0,1992.0,2010.0,2192431
202601301300,2012.0,2028.0,1974.0,2028.0,2624241
202601301315,2028.0,2030.0,1978.0,1990.0,2066028
202601301330,1990.0,1994.0,1932.0,1934.0,2964557
202601301345,1934.0,1952.0,1912.0,1932.0,2557422
202601301400,1930.0,1932.0,1896.0,1922.0,1792956
202601301415,1922.0,1934.0,1888.0,1920.0,1511941
202601301430,1918.0,1938.0,1906.0,1928.0,1392578
202601301445,1932.0,1942.0,1898.0,1912.0,1559309
202601301500,1912.0,1918.0,1898.0,1910.0,1005845
202601301515,1912.0,1914.0,1896.0,1898.0,1029448
202602020900,1918.0,1944.0,1860.0,1898.0,3772917
202602020915,1898.0,1962.0,1880.0,1944.0,2979584
202602020930,1944.0,1972.0,1900.0,1918.0,2816239
202602020945,1916.0,1920.0,1882.0,1888.0,978246
202602021000,1886.0,1890.0,1838.0,1844.0,1934875
202602021015,1844.0,1852.0,1820.0,1828.0,1144410
202602021030,1830.0,1832.0,1802.0,1806.0,1128898
202602021045,1804.0,1834.0,1802.0,1824.0,655133
202602021100,1824.0,1824.0,1804.0,1814.0,453658
202602021115,1812.0,1824.0,1810.0,1814.0,304551
202602021130,1814.0,1820.0,1804.0,1804.0,208184
202602021145,1808.0,1808.0,1784.0,1784.0,630959
202602021200,1786.0,1790.0,1782.0,1784.0,261785
202602021215,1784.0,1786.0,1762.0,1764.0,691868
202602021230,1764.0,1778.0,1750.0,1770.0,604598
202602021245,1772.0,1778.0,1746.0,1752.0,525206
202602021300,1752.0,1776.0,1752.0,1776.0,393965
202602021315,1776.0,1802.0,1772.0,1792.0,638247
202602021330,1792.0,1802.0,1786.0,1790.0,300489
202602021345,1794.0,1794.0,1772.0,1774.0,362540
202602021400,1774.0,1776.0,1754.0,1762.0,271212
202602021415,1764.0,1764.0,1750.0,1754.0,260833
202602021430,1752.0,1758.0,1740.0,1742.0,397351
202602021445,1742.0,1760.0,1738.0,1758.0,502292
202602021500,1758.0,1762.0,1736.0,1738.0,433297
202602021515,1736.0,1746.0,1736.0,1742.0,349790
202602030900,1802.0,1840.0,1776.0,1806.0,3229998
202602030915,1806.0,1848.0,1804.0,1832.0,2077374
202602030930,1832.0,1990.0,1830.0,1990.0,7868801
202602030945,1990.0,2010.0,1906.0,1906.0,8620757
202602031000,1908.0,1994.0,1894.0,1988.0,5191255
202602031015,1986.0,2056.0,1962.0,2012.0,9063851
202602031030,2012.0,2050.0,2006.0,2018.0,5075612
202602031045,2018.0,2018.0,1964.0,1988.0,3728827
202602031100,1988.0,1990.0,1934.0,1940.0,2764798
202602031115,1942.0,1982.0,1928.0,1980.0,1683537
202602031130,1982.0,1988.0,1944.0,1946.0,1324663
202602031145,1944.0,1952.0,1934.0,1934.0,756039
202602031200,1934.0,1942.0,1918.0,1918.0,811016
202602031215,1920.0,1928.0,1906.0,1916.0,950940
202602031230,1914.0,1932.0,1902.0,1902.0,917237
202602031245,1904.0,1912.0,1876.0,1886.0,1390510
202602031300,1888.0,1916.0,1876.0,1908.0,743136
202602031315,1910.0,1914.0,1892.0,1896.0,388892
202602031330,1896.0,1918.0,1896.0,1916.0,435739
202602031345,1918.0,1936.0,1914.0,1928.0,1101655
202602031400,1928.0,1930.0,1898.0,1906.0,592710
202602031415,1906.0,1942.0,1902.0,1942.0,631201
202602031430,1938.0,1942.0,1922.0,1924.0,754446
202602031445,1924.0,1938.0,1918.0,1930.0,750848
202602031500,1930.0,1932.0,1908.0,1916.0,626913
202602031515,1916.0,1916.0,1898.0,1910.0,725579
202602040915,1858.0,1858.0,1858.0,1858.0,918394
202602040945,1838.0,1838.0,1838.0,1838.0,866354
202602041015,1858.0,1858.0,1858.0,1858.0,780543
202602041045,1888.0,1888.0,1888.0,1888.0,412119
202602041115,1898.0,1898.0,1898.0,1898.0,407899
202602041145,1902.0,1902.0,1902.0,1902.0,353437
202602041215,1898.0,1898.0,1898.0,1898.0,231094
202602041245,1894.0,1894.0,1894.0,1894.0,149626
202602041315,1888.0,1888.0,1888.0,1888.0,204705
202602041345,1886.0,1886.0,1886.0,1886.0,166679
202602041415,1884.0,1884.0,1884.0,1884.0,212207
202602041445,1884.0,1884.0,1884.0,1884.0,307296
202602041515,1888.0,1888.0,1888.0,1888.0,361109
202602050915,1822.0,1822.0,1822.0,1822.0,353004
202602050945,1822.0,1822.0,1822.0,1822.0,552716
202602051015,1824.0,1824.0,1824.0,1824.0,234014
202602051045,1828.0,1828.0,1828.0,1828.0,164759
202602051115,1822.0,1822.0,1822.0,1822.0,352230
202602051145,1822.0,1822.0,1822.0,1822.0,269362
202602051215,1818.0,1818.0,1818.0,1818.0,155059
202602051245,1812.0,1812.0,1812.0,1812.0,149939
202602051315,1802.0,1802.0,1802.0,1802.0,195392
202602051345,1802.0,1802.0,1802.0,1802.0,141588
202602051415,1804.0,1804.0,1804.0,1804.0,141661
202602051445,1802.0,1802.0,1802.0,1802.0,229870
202602051515,1802.0,1802.0,1802.0,1802.0,126219
202602060915,1696.0,1696.0,1696.0,1696.0,382646
202602060945,1702.0,1702.0,1702.0,1702.0,444627
202602061015,1696.0,1696.0,1696.0,1696.0,297322
202602061045,1702.0,1702.0,1702.0,1702.0,292854
202602061115,1722.0,1722.0,1722.0,1722.0,253241
202602061145,1738.0,1738.0,1738.0,1738.0,163777
202602061215,1738.0,1738.0,1738.0,1738.0,187750
202602061245,1744.0,1744.0,1744.0,1744.0,118288
202602061315,1744.0,1744.0,1744.0,1744.0,151263
202602061345,1722.0,1722.0,1722.0,1722.0,183884
202602061415,1704.0,1704.0,1704.0,1704.0,133279
202602061445,1712.0,1712.0,1712.0,1712.0,180480
202602061515,1716.0,1716.0,1716.0,1716.0,241511
202602090900,1824.0,1840.0,1762.0,1790.0,2111087
202602090915,1790.0,1846.0,1790.0,1814.0,1728939
202602090930,1814.0,1826.0,1796.0,1802.0,577831
202602090945,1802.0,1812.0,1786.0,1788.0,582381
202602091000,1792.0,1860.0,1786.0,1798.0,1376200
202602091015,1798.0,1826.0,1794.0,1800.0,482414
202602091030,1800.0,1830.0,1792.0,1804.0,396748
202602091045,1804.0,1842.0,1798.0,1832.0,463752
202602091100,1830.0,1962.0,1816.0,1894.0,6024584
202602091115,1892.0,1918.0,1852.0,1858.0,1503807
202602091130,1860.0,1884.0,1844.0,1852.0,679155
202602091145,1854.0,1854.0,1826.0,1840.0,626773
202602091200,1840.0,1846.0,1832.0,1832.0,252911
202602091215,1832.0,1844.0,1832.0,1836.0,272354
202602091230,1838.0,1838.0,1824.0,1826.0,298028
202602091245,1822.0,1832.0,1812.0,1822.0,337574
202602091300,1822.0,1834.0,1818.0,1830.0,139625
202602091315,1830.0,1840.0,1822.0,1822.0,154265
202602091330,1824.0,1824.0,1814.0,1820.0,201228
202602091345,1820.0,1820.0,1806.0,1818.0,244913
202602091400,1818.0,1822.0,1806.0,1810.0,221680
202602091415,1814.0,1818.0,1804.0,1806.0,249138
202602091430,1806.0,1810.0,1798.0,1800.0,304406
202602091445,1800.0,1812.0,1796.0,1806.0,188625
202602091500,1806.0,1812.0,1800.0,1808.0,260750
202602091515,1808.0,1810.0,1804.0,1808.0,148218
202602100900,1810.0,1862.0,1808.0,1842.0,1153264
202602100915,1844.0,1868.0,1828.0,1868.0,771585
202602100930,1868.0,1882.0,1844.0,1862.0,1235110
202602100945,1862.0,1934.0,1860.0,1900.0,2579321
202602101000,1900.0,1936.0,1896.0,1922.0,1279479
202602101015,1922.0,1924.0,1862.0,1868.0,933085
202602101030,1866.0,1874.0,1852.0,1862.0,521372
202602101045,1864.0,1866.0,1852.0,1858.0,417014
202602101100,1856.0,1872.0,1842.0,1860.0,719926
202602101115,1862.0,1880.0,1854.0,1870.0,397305
202602101130,1870.0,1872.0,1854.0,1858.0,285138
202602101145,1860.0,1866.0,1854.0,1858.0,90031
202602101200,1858.0,1862.0,1852.0,1854.0,128524
202602101215,1852.0,1858.0,1838.0,1838.0,374979
202602101230,1838.0,1846.0,1836.0,1842.0,188822
202602101245,1844.0,1860.0,1840.0,1852.0,196442
202602101300,1854.0,1854.0,1838.0,1850.0,138352
202602101315,1850.0,1862.0,1846.0,1862.0,136048
202602101330,1862.0,1876.0,1858.0,1874.0,254218
202602101345,1874.0,1876.0,1868.0,1876.0,175447
202602101400,1876.0,1880.0,1866.0,1872.0,236226
202602101415,1868.0,1876.0,1866.0,1872.0,185051
202602101430,1874.0,1890.0,1872.0,1880.0,376848
202602101445,1880.0,1884.0,1872.0,1882.0,231902
202602101500,1882.0,1882.0,1872.0,1878.0,389790
202602101515,1878.0,1882.0,1874.0,1874.0,234313
202602110900,1842.0,1856.0,1804.0,1808.0,1248665
202602110915,1804.0,1820.0,1798.0,1816.0,671957
202602110930,1816.0,1822.0,1806.0,1816.0,293330
202602110945,1816.0,1820.0,1808.0,1816.0,248273
202602111000,1816.0,1830.0,1812.0,1826.0,294633
202602111015,1826.0,1828.0,1814.0,1818.0,191086
202602111030,1820.0,1824.0,1816.0,1820.0,98685
202602111045,1820.0,1824.0,1816.0,1818.0,134425
202602111100,1820.0,1824.0,1812.0,1816.0,154380
202602111115,1816.0,1816.0,1808.0,1814.0,203347
202602111130,1814.0,1814.0,1806.0,1808.0,134516
202602111145,1808.0,1810.0,1802.0,1806.0,283938
202602111200,1808.0,1808.0,1802.0,1808.0,108707
202602111215,1808.0,1810.0,1806.0,1808.0,79508
202602111230,1808.0,1810.0,1802.0,1804.0,202369
202602111245,1804.0,1810.0,1800.0,1808.0,396023
202602111300,1810.0,1822.0,1808.0,1808.0,224504
202602111315,1810.0,1816.0,1806.0,1808.0,109580
202602111330,1808.0,1816.0,1808.0,1812.0,73180
202602111345,1810.0,1816.0,1808.0,1814.0,107528
202602111400,1814.0,1822.0,1812.0,1818.0,130412
202602111415,1818.0,1820.0,1810.0,1814.0,100062
202602111430,1812.0,1818.0,1808.0,1810.0,141716
202602111445,1812.0,1814.0,1806.0,1808.0,211146
202602111500,1806.0,1810.0,1806.0,1806.0,153246
202602111515,1806.0,1812.0,1806.0,1812.0,106260
202602120900,1862.0,1878.0,1822.0,1860.0,990521
202602120915,1858.0,1868.0,1818.0,1858.0,795076
202602120930,1858.0,1866.0,1834.0,1840.0,545408
202602120945,1840.0,1860.0,1834.0,1844.0,408090
202602121000,1844.0,1882.0,1840.0,1858.0,1046528
202602121015,1854.0,1858.0,1834.0,1838.0,327195
202602121030,1838.0,1838.0,1830.0,1838.0,227801
202602121045,1838.0,1842.0,1834.0,1836.0,136853
202602121100,1836.0,1840.0,1822.0,1824.0,295219
202602121115,1824.0,1838.0,1822.0,1836.0,231403
202602121130,1836.0,1850.0,1834.0,1846.0,274629
202602121145,1846.0,1858.0,1840.0,1848.0,235258
202602121200,1848.0,1858.0,1832.0,1856.0,216944
202602121215,1856.0,1858.0,1844.0,1854.0,172336
202602121230,1852.0,1856.0,1844.0,1854.0,175694
202602121245,1854.0,1856.0,1844.0,1846.0,87221
202602121300,1848.0,1860.0,1844.0,1848.0,162918
202602121315,1852.0,1858.0,1846.0,1854.0,133225
202602121330,1854.0,1880.0,1852.0,1880.0,613586
202602121345,1880.0,1886.0,1870.0,1882.0,625552
202602121400,1882.0,1884.0,1860.0,1876.0,346453
202602121415,1876.0,1898.0,1876.0,1880.0,687800
202602121430,1880.0,1892.0,1880.0,1892.0,238816
202602121445,1890.0,1894.0,1876.0,1878.0,352102
202602121500,1878.0,1890.0,1866.0,1878.0,457522
202602121515,1878.0,1880.0,1868.0,1872.0,345112
202602130900,2002.0,2192.0,1964.0,2154.0,19190660
202602130915,2154.0,2395.0,2142.0,2314.0,23787685
202602130930,2312.0,2316.0,2214.0,2296.0,14734897
202602130945,2294.0,2363.0,2280.0,2322.0,9028652
202602131000,2318.0,2433.0,2306.0,2379.0,16810474
202602131015,2381.0,2433.0,2373.0,2433.0,19634338
202602131030,2433.0,2433.0,2403.0,2433.0,6611747
202602131045,2433.0,2433.0,2333.0,2375.0,16577515
202602131100,2375.0,2411.0,2365.0,2395.0,5027414
202602131115,2397.0,2431.0,2395.0,2425.0,4840228
202602131130,2425.0,2433.0,2399.0,2421.0,6396254
202602131145,2421.0,2433.0,2403.0,2433.0,2579590
202602131200,2433.0,2433.0,2433.0,2433.0,381458
202602131215,2433.0,2433.0,2433.0,2433.0,186087
202602131230,2433.0,2433.0,2433.0,2433.0,138940
202602131245,2433.0,2433.0,2433.0,2433.0,208487
202602131300,2433.0,2433.0,2433.0,2433.0,115806
202602131315,2433.0,2433.0,2433.0,2433.0,200280
202602131330,2433.0,2433.0,2433.0,2433.0,113408
202602131345,2433.0,2433.0,2433.0,2433.0,107149
202602131400,2433.0,2433.0,2433.0,2433.0,111098
202602131415,2433.0,2433.0,2433.0,2433.0,56932
202602131430,2433.0,2433.0,2433.0,2433.0,149505
202602131445,2433.0,2433.0,2433.0,2433.0,81612
202602131500,2433.0,2433.0,2433.0,2433.0,98496
202602131515,2433.0,2433.0,2433.0,2433.0,225617
202602190900,2899.0,3161.0,2873.0,3161.0,26846021
202602190915,3161.0,3161.0,3161.0,3161.0,488454
202602190930,3161.0,3161.0,3161.0,3161.0,160053
202602190945,3161.0,3161.0,3161.0,3161.0,115173
202602191000,3161.0,3161.0,3161.0,3161.0,110456
202602191015,3161.0,3161.0,3161.0,3161.0,133774
202602191030,3161.0,3161.0,3161.0,3161.0,175363
202602191045,3161.0,3161.0,3161.0,3161.0,53514
202602191100,3161.0,3161.0,3161.0,3161.0,36546
202602191115,3161.0,3161.0,3161.0,3161.0,41168
202602191130,3161.0,3161.0,3161.0,3161.0,28592
202602191145,3161.0,3161.0,3161.0,3161.0,15539
202602191200,3161.0,3161.0,3161.0,3161.0,22151
202602191215,3161.0,3161.0,3161.0,3161.0,22488
202602191230,3161.0,3161.0,3161.0,3161.0,27044
202602191245,3161.0,3161.0,3161.0,3161.0,13723
202602191300,3161.0,3161.0,3161.0,3161.0,17839
202602191315,3161.0,3161.0,3161.0,3161.0,19218
202602191330,3161.0,3161.0,3161.0,3161.0,37521
202602191345,3161.0,3161.0,3161.0,3161.0,33079
202602191400,3161.0,3161.0,3161.0,3161.0,10528
202602191415,3161.0,3161.0,3161.0,3161.0,10377
202602191430,3161.0,3161.0,3161.0,3161.0,30600
202602191445,3161.0,3161.0,3161.0,3161.0,19229
202602191500,3161.0,3161.0,3161.0,3161.0,15725
202602191515,3161.0,3161.0,3161.0,3161.0,23089
202602200900,4084.0,4094.0,3558.0,3558.0,42202694
202602200915,3574.0,3872.0,3504.0,3758.0,25020025
202602200930,3758.0,3930.0,3702.0,3894.0,13071256
202602200945,3896.0,3964.0,3788.0,3908.0,9725288
202602201000,3906.0,3964.0,3866.0,3872.0,6539657
202602201015,3872.0,3890.0,3766.0,3796.0,6099948
202602201030,3796.0,3838.0,3724.0,3776.0,3886729
202602201045,3776.0,3816.0,3716.0,3746.0,2883742
202602201100,3746.0,3794.0,3714.0,3774.0,2277317
202602201115,3772.0,3792.0,3730.0,3784.0,1695085
202602201130,3784.0,3828.0,3784.0,3814.0,1830776
202602201145,3812.0,3814.0,3748.0,3754.0,1367181
202602201200,3754.0,3798.0,3744.0,3798.0,1087834
202602201215,3798.0,3814.0,3768.0,3812.0,1472873
202602201230,3812.0,3888.0,3798.0,3850.0,3430561
202602201245,3848.0,3922.0,3848.0,3922.0,3847458
202602201300,3920.0,3992.0,3854.0,3888.0,7528747
202602201315,3888.0,3940.0,3884.0,3894.0,2799457
202602201330,3898.0,3904.0,3854.0,3866.0,2025012
202602201345,3864.0,3888.0,3806.0,3864.0,2393927
202602201400,3864.0,3864.0,3758.0,3802.0,3123165
202602201415,3800.0,3864.0,3788.0,3804.0,2135087
202602201430,3804.0,3816.0,3704.0,3722.0,2632831
202602201445,3720.0,3804.0,3638.0,3760.0,4444646
202602201500,3760.0,3834.0,3752.0,3778.0,3285032
202602201515,3776.0,3790.0,3742.0,3742.0,1842668
202602230915,3736.0,3736.0,3736.0,3736.0,2088189
202602230945,3382.0,3382.0,3382.0,3382.0,1749206
202602231015,3328.0,3328.0,3328.0,3328.0,2814735
202602231045,3328.0,3328.0,3328.0,3328.0,1756809
202602231115,3304.0,3304.0,3304.0,3304.0,1027737
202602231145,3328.0,3328.0,3328.0,3328.0,1241617
202602231215,3308.0,3308.0,3308.0,3308.0,866663
202602231245,3306.0,3306.0,3306.0,3306.0,503609
202602231315,3308.0,3308.0,3308.0,3308.0,636884
202602231345,3316.0,3316.0,3316.0,3316.0,511706
202602231415,3310.0,3310.0,3310.0,3310.0,584742
202602231445,3308.0,3308.0,3308.0,3308.0,532603
202602231515,3318.0,3318.0,3318.0,3318.0,594570
202602240915,3183.0,3183.0,3183.0,3183.0,1629041
202602240945,3185.0,3185.0,3185.0,3185.0,2127404
202602241015,3241.0,3241.0,3241.0,3241.0,998486
202602241045,3243.0,3243.0,3243.0,3243.0,1145399
202602241115,3284.0,3284.0,3284.0,3284.0,411238
202602241145,3306.0,3306.0,3306.0,3306.0,473311
202602241215,3338.0,3338.0,3338.0,3338.0,459710
202602241245,3444.0,3444.0,3444.0,3444.0,858742
202602241315,3490.0,3490.0,3490.0,3490.0,1223785
202602241345,3524.0,3524.0,3524.0,3524.0,1234696
202602241415,3562.0,3562.0,3562.0,3562.0,833354
202602241445,3628.0,3628.0,3628.0,3628.0,1017565
202602241515,3628.0,3628.0,3628.0,3628.0,1262521
202602250915,3604.0,3604.0,3604.0,3604.0,1390609
202602250945,3482.0,3482.0,3482.0,3482.0,1000425
202602251015,3532.0,3532.0,3532.0,3532.0,1164895
202602251045,3504.0,3504.0,3504.0,3504.0,755645
202602251115,3532.0,3532.0,3532.0,3532.0,606390
202602251145,3670.0,3670.0,3670.0,3670.0,656924
202602251215,3628.0,3628.0,3628.0,3628.0,732667
202602251245,3736.0,3736.0,3736.0,3736.0,1103743
202602251315,3714.0,3714.0,3714.0,3714.0,1036562
202602251345,3694.0,3694.0,3694.0,3694.0,535007
202602251415,3664.0,3664.0,3664.0,3664.0,433950
202602251445,3630.0,3630.0,3630.0,3630.0,544037
202602251515,3618.0,3618.0,3618.0,3618.0,877280
202602260900,3550.0,4004.0,3532.0,3826.0,20675080
202602260915,3836.0,4074.0,3808.0,3976.0,17967187
202602260930,3980.0,4555.0,3870.0,4515.0,25651197
202602260945,4505.0,4695.0,4435.0,4695.0,30725892
202602261000,4695.0,4695.0,4695.0,4695.0,1048016
202602261015,4695.0,4695.0,4445.0,4525.0,15432996
202602261030,4535.0,4635.0,4405.0,4585.0,10395827
202602261045,4585.0,4605.0,4535.0,4565.0,3808739
202602261100,4565.0,4575.0,4475.0,4505.0,3152448
202602261115,4495.0,4535.0,4355.0,4465.0,5575621
202602261130,4455.0,4515.0,4395.0,4515.0,2582237
202602261145,4515.0,4555.0,4455.0,4495.0,2278027
202602261200,4495.0,4575.0,4465.0,4545.0,1776903
202602261215,4545.0,4555.0,4485.0,4525.0,1118180
202602261230,4525.0,4585.0,4505.0,4585.0,1785020
202602261245,4585.0,4645.0,4495.0,4515.0,3974405
202602261300,4515.0,4535.0,4385.0,4435.0,4224849
202602261315,4435.0,4495.0,4405.0,4405.0,1730839
202602261330,4405.0,4435.0,4295.0,4355.0,3855476
202602261345,4365.0,4545.0,4355.0,4525.0,2417858
202602261400,4525.0,4525.0,4425.0,4475.0,1432522
202602261415,4475.0,4485.0,4365.0,4395.0,1746003
202602261430,4385.0,4425.0,4265.0,4395.0,3359067
202602261445,4405.0,4445.0,4305.0,4315.0,1991086
202602261500,4315.0,4335.0,4164.0,4295.0,4439443
202602261515,4295.0,4315.0,4285.0,4305.0,1805242
202602270900,3966.0,4305.0,3924.0,4255.0,6845306
202602270915,4255.0,4725.0,4215.0,4445.0,19506090
202602270930,4455.0,4505.0,4245.0,4305.0,7704118
202602270945,4325.0,4465.0,4295.0,4405.0,2746884
202602271000,4395.0,4555.0,4365.0,4505.0,4927922
202602271015,4515.0,4575.0,4405.0,4415.0,4278493
202602271030,4425.0,4435.0,4315.0,4355.0,2246685
202602271045,4355.0,4375.0,4315.0,4325.0,1106788
202602271100,4325.0,4365.0,4305.0,4365.0,974495
202602271115,4365.0,4365.0,4305.0,4315.0,674661
202602271130,4315.0,4315.0,4174.0,4184.0,2041866
202602271145,4184.0,4245.0,4164.0,4205.0,1358369
202602271200,4205.0,4275.0,4184.0,4245.0,570229
202602271215,4255.0,4285.0,4215.0,4275.0,495418
202602271230,4275.0,4275.0,4205.0,4215.0,530665
202602271245,4215.0,4225.0,4164.0,4194.0,835238
202602271300,4194.0,4205.0,4144.0,4154.0,782760
202602271315,4154.0,4205.0,4144.0,4194.0,514927
202602271330,4194.0,4265.0,4154.0,4205.0,901911
202602271345,4205.0,4245.0,4184.0,4209.0,458054
202602271400,4209.0,4225.0,4184.0,4215.0,409557
202602271415,4215.0,4255.0,4194.0,4245.0,433878
202602271430,4255.0,4345.0,4239.0,4315.0,1467181
202602271445,4305.0,4315.0,4245.0,4245.0,772149
202602271500,4255.0,4285.0,4235.0,4255.0,700447
202602271515,4255.0,4265.0,4235.0,4255.0,437188
202603030900,4034.0,4104.0,3924.0,4002.0,5188253
202603030915,4014.0,4044.0,3928.0,3990.0,2142794
202603030930,3990.0,4094.0,3986.0,3990.0,1745756
202603030945,3990.0,4154.0,3990.0,4134.0,1517355
202603031000,4144.0,4154.0,4054.0,4074.0,1108095
202603031015,4074.0,4084.0,4024.0,4034.0,680638
202603031030,4034.0,4044.0,4004.0,4004.0,544444
202603031045,4004.0,4024.0,3988.0,3992.0,909973
202603031100,3992.0,3998.0,3948.0,3950.0,983909
202603031115,3950.0,3994.0,3924.0,3994.0,923528
202603031130,3994.0,4000.0,3934.0,3936.0,555845
202603031145,3936.0,3942.0,3888.0,3900.0,1342817
202603031200,3900.0,3900.0,3830.0,3868.0,1244196
202603031215,3866.0,3924.0,3804.0,3822.0,1286849
202603031230,3820.0,3878.0,3804.0,3858.0,850616
202603031245,3860.0,3880.0,3842.0,3876.0,399285
202603031300,3880.0,3880.0,3828.0,3830.0,440988
202603031315,3830.0,3850.0,3784.0,3806.0,763796
202603031330,3812.0,3816.0,3770.0,3778.0,655907
202603031345,3778.0,3778.0,3704.0,3740.0,1421929
202603031400,3742.0,3828.0,3724.0,3810.0,796207
202603031415,3808.0,3812.0,3764.0,3802.0,472019
202603031430,3790.0,3800.0,3724.0,3724.0,549339
202603031445,3732.0,3744.0,3694.0,3714.0,804752
202603031500,3714.0,3724.0,3672.0,3674.0,876009
202603031515,3674.0,3676.0,3644.0,3644.0,685518
202603040900,3243.0,3504.0,3011.0,3456.0,5587999
202603040915,3450.0,3590.0,3416.0,3448.0,3092611
202603040930,3452.0,3464.0,3215.0,3310.0,2025927
202603040945,3310.0,3452.0,3306.0,3410.0,1277230
202603041000,3414.0,3414.0,3274.0,3298.0,1241287
202603041015,3298.0,3310.0,3207.0,3211.0,865795
202603041030,3211.0,3326.0,3173.0,3296.0,1147350
202603041045,3296.0,3300.0,3213.0,3243.0,651303
202603041100,3243.0,3251.0,3143.0,3147.0,1073561
202603041115,3147.0,3147.0,3123.0,3127.0,128706
202603041145,3127.0,3183.0,3017.0,3055.0,1609642
202603041200,3053.0,3095.0,2963.0,2987.0,1638455
202603041215,2987.0,3031.0,2917.0,2931.0,1299238
202603041230,2923.0,3101.0,2897.0,3073.0,1374916
202603041245,3075.0,3213.0,3063.0,3181.0,1341223
202603041300,3175.0,3197.0,3131.0,3159.0,663909
202603041315,3159.0,3163.0,3065.0,3065.0,617300
202603041330,3067.0,3095.0,3011.0,3081.0,639171
202603041345,3083.0,3117.0,3045.0,3099.0,428765
202603041400,3083.0,3109.0,3021.0,3037.0,454330
202603041415,3053.0,3077.0,2973.0,2979.0,763259
202603041430,2979.0,3033.0,2957.0,3033.0,760301
202603041445,3031.0,3117.0,3021.0,3025.0,807423
202603041500,3023.0,3049.0,2985.0,2989.0,824052
202603041515,2987.0,2991.0,2973.0,2973.0,457922
202603050900,3706.0,3724.0,3524.0,3724.0,10568580
202603050915,3724.0,3804.0,3674.0,3704.0,6990258
202603050930,3702.0,3744.0,3608.0,3672.0,3769663
202603050945,3670.0,3700.0,3614.0,3630.0,2137134
202603051000,3632.0,3654.0,3584.0,3584.0,2526175
202603051015,3586.0,3594.0,3512.0,3520.0,2286021
202603051030,3518.0,3536.0,3436.0,3442.0,2489843
202603051045,3442.0,3482.0,3388.0,3478.0,2222918
202603051100,3478.0,3502.0,3446.0,3458.0,1275401
202603051115,3458.0,3474.0,3414.0,3416.0,1113511
202603051130,3416.0,3476.0,3414.0,3464.0,814599
202603051145,3460.0,3486.0,3434.0,3446.0,1125950
202603051200,3448.0,3488.0,3446.0,3462.0,663957
202603051215,3462.0,3464.0,3412.0,3420.0,994967
202603051230,3420.0,3450.0,3390.0,3422.0,1075878
202603051245,3422.0,3456.0,3404.0,3442.0,598233
202603051300,3440.0,3440.0,3380.0,3418.0,901511
202603051315,3416.0,3432.0,3414.0,3418.0,437517
202603051330,3418.0,3474.0,3414.0,3468.0,753118
202603051345,3466.0,3470.0,3438.0,3444.0,554208
202603051400,3444.0,3480.0,3442.0,3464.0,773594
202603051415,3462.0,3472.0,3438.0,3470.0,616392
202603051430,3470.0,3482.0,3454.0,3480.0,580892
202603051445,3480.0,3532.0,3474.0,3492.0,1431604
202603051500,3492.0,3520.0,3470.0,3498.0,1063501
202603051515,3496.0,3498.0,3484.0,3490.0,585373
202603060900,3508.0,3770.0,3444.0,3606.0,6715401
202603060915,3606.0,4064.0,3598.0,3906.0,14198737
202603060930,3906.0,4064.0,3854.0,4054.0,9277135
202603060945,4044.0,4064.0,3780.0,3786.0,7454186
202603061000,3784.0,3798.0,3658.0,3698.0,4101087
202603061015,3698.0,3700.0,3514.0,3612.0,4192905
202603061030,3610.0,3684.0,3574.0,3634.0,3108982
202603061045,3628.0,3636.0,3584.0,3614.0,1140017
202603061100,3614.0,3676.0,3602.0,3660.0,1429197
202603061115,3660.0,3700.0,3642.0,3642.0,1252172
202603061130,3644.0,3674.0,3604.0,3658.0,759814
202603061145,3658.0,3664.0,3630.0,3664.0,346104
202603061200,3662.0,3730.0,3650.0,3654.0,1841447
202603061215,3654.0,3698.0,3638.0,3682.0,611633
202603061230,3682.0,3684.0,3644.0,3668.0,421852
202603061245,3668.0,3722.0,3666.0,3706.0,732891
202603061300,3708.0,3894.0,3706.0,3824.0,6411278
202603061315,3824.0,3932.0,3784.0,3808.0,5358370
202603061330,3808.0,3944.0,3804.0,3888.0,3772884
202603061345,3890.0,3904.0,3804.0,3826.0,2193608
202603061400,3826.0,3922.0,3824.0,3872.0,2061026
202603061415,3870.0,3904.0,3830.0,3878.0,1498682
202603061430,3878.0,3902.0,3844.0,3872.0,1296567
202603061445,3872.0,3884.0,3858.0,3876.0,664098
202603061500,3876.0,3902.0,3868.0,3876.0,1336445
202603061515,3876.0,3880.0,3854.0,3866.0,1103381
202603090900,3590.0,3782.0,3508.0,3578.0,3798435
202603090915,3584.0,3584.0,3466.0,3484.0,2932615
202603090930,3488.0,3538.0,3464.0,3506.0,1403627
202603090945,3506.0,3510.0,3458.0,3462.0,1163971
202603091000,3460.0,3484.0,3404.0,3448.0,1134432
202603091015,3448.0,3458.0,3386.0,3392.0,744582
202603091030,3390.0,3392.0,3386.0,3390.0,26228
202603091100,3386.0,3464.0,3306.0,3412.0,1357337
202603091115,3406.0,3412.0,3344.0,3370.0,726512
202603091130,3370.0,3436.0,3352.0,3416.0,407959
202603091145,3418.0,3440.0,3382.0,3382.0,606952
202603091200,3384.0,3384.0,3352.0,3364.0,495085
202603091215,3364.0,3398.0,3364.0,3366.0,299281
202603091230,3366.0,3396.0,3344.0,3346.0,470658
202603091245,3346.0,3360.0,3334.0,3334.0,373132
202603091300,3334.0,3372.0,3328.0,3338.0,379422
202603091315,3332.0,3356.0,3330.0,3340.0,225998
202603091330,3340.0,3344.0,3312.0,3326.0,499622
202603091345,3324.0,3340.0,3314.0,3318.0,348724
202603091400,3318.0,3388.0,3314.0,3368.0,413801
202603091415,3364.0,3442.0,3346.0,3438.0,683650
202603091430,3438.0,3456.0,3408.0,3408.0,795634
202603091445,3408.0,3434.0,3390.0,3420.0,499976
202603091500,3418.0,3428.0,3396.0,3418.0,423329
202603091515,3418.0,3426.0,3412.0,3422.0,441962
202603100900,3734.0,3734.0,3564.0,3604.0,4217720
202603100915,3608.0,3644.0,3568.0,3602.0,1771028
202603100930,3602.0,3606.0,3574.0,3598.0,878483
202603100945,3598.0,3598.0,3550.0,3564.0,925648
202603101000,3564.0,3570.0,3540.0,3544.0,840082
202603101015,3544.0,3590.0,3540.0,3588.0,637154
202603101030,3588.0,3634.0,3586.0,3604.0,1043075
202603101045,3606.0,3618.0,3590.0,3590.0,519349
202603101100,3592.0,3620.0,3584.0,3618.0,497868
202603101115,3620.0,3780.0,3618.0,3710.0,5936808
202603101130,3708.0,3758.0,3606.0,3616.0,2699652
202603101145,3616.0,3620.0,3574.0,3592.0,1349399
202603101200,3592.0,3606.0,3586.0,3594.0,387604
202603101215,3596.0,3604.0,3584.0,3586.0,337254
202603101230,3584.0,3586.0,3544.0,3546.0,858652
202603101245,3546.0,3580.0,3526.0,3556.0,609281
202603101300,3558.0,3562.0,3524.0,3548.0,398726
202603101315,3548.0,3564.0,3544.0,3554.0,283407
202603101330,3554.0,3564.0,3550.0,3558.0,215248
202603101345,3558.0,3594.0,3544.0,3580.0,406025
202603101400,3580.0,3588.0,3564.0,3582.0,502586
202603101415,3584.0,3588.0,3562.0,3564.0,364404
202603101430,3564.0,3568.0,3548.0,3566.0,260371
202603101445,3566.0,3580.0,3560.0,3572.0,293715
202603101500,3572.0,3612.0,3570.0,3602.0,855215
202603101515,3602.0,3608.0,3584.0,3584.0,453069
202603110900,3940.0,4134.0,3882.0,4034.0,17694253
202603110915,4034.0,4044.0,3816.0,3866.0,7037983
202603110930,3866.0,3922.0,3826.0,3904.0,3285832
202603110945,3906.0,3926.0,3830.0,3862.0,2499597
202603111000,3862.0,3904.0,3846.0,3884.0,1810760
202603111015,3884.0,3954.0,3864.0,3882.0,2892592
202603111030,3884.0,3924.0,3854.0,3870.0,1760501
202603111045,3868.0,3872.0,3844.0,3850.0,1135405
202603111100,3850.0,3856.0,3830.0,3850.0,1073624
202603111115,3850.0,3850.0,3808.0,3810.0,1159422
202603111130,3810.0,3852.0,3784.0,3850.0,1425086
202603111145,3848.0,3852.0,3810.0,3826.0,759254
202603111200,3826.0,3842.0,3818.0,3838.0,446919
202603111215,3840.0,3840.0,3818.0,3824.0,352651
202603111230,3824.0,3836.0,3822.0,3836.0,351811
202603111245,3836.0,3838.0,3820.0,3830.0,416192
202603111300,3830.0,3850.0,3820.0,3848.0,560992
202603111315,3850.0,3894.0,3840.0,3848.0,1370568
202603111330,3850.0,3862.0,3836.0,3836.0,471476
202603111345,3838.0,3838.0,3824.0,3832.0,428518
202603111400,3832.0,3838.0,3806.0,3812.0,697192
202603111415,3810.0,3812.0,3792.0,3798.0,886956
202603111430,3798.0,3800.0,3724.0,3724.0,1236286
202603111445,3726.0,3744.0,3640.0,3644.0,1741638
202603111500,3642.0,3736.0,3618.0,3710.0,1853727
202603111515,3710.0,3718.0,3704.0,3704.0,621579
202603120900,3688.0,3808.0,3600.0,3630.0,3316863
202603120915,3630.0,3670.0,3610.0,3656.0,1061926
202603120930,3658.0,3678.0,3624.0,3648.0,801587
202603120945,3648.0,3656.0,3608.0,3616.0,701022
202603121000,3616.0,3630.0,3608.0,3616.0,533919
202603121015,3618.0,3634.0,3610.0,3612.0,363251
202603121030,3610.0,3634.0,3608.0,3628.0,325968
202603121045,3628.0,3630.0,3610.0,3612.0,193421
202603121100,3614.0,3624.0,3608.0,3610.0,239783
202603121115,3608.0,3610.0,3570.0,3580.0,940179
202603121130,3578.0,3580.0,3544.0,3552.0,609320
202603121145,3552.0,3576.0,3536.0,3572.0,372546
202603121200,3572.0,3574.0,3558.0,3558.0,188266
202603121215,3558.0,3576.0,3558.0,3572.0,151628
202603121230,3572.0,3576.0,3556.0,3560.0,166881
202603121245,3560.0,3578.0,3556.0,3572.0,178996
202603121300,3572.0,3584.0,3564.0,3570.0,193367
202603121315,3570.0,3602.0,3570.0,3600.0,208353
202603121330,3600.0,3600.0,3572.0,3584.0,149426
202603121345,3584.0,3586.0,3572.0,3580.0,145562
202603121400,3578.0,3592.0,3576.0,3592.0,143468
202603121415,3592.0,3592.0,3584.0,3586.0,155826
202603121430,3586.0,3588.0,3578.0,3584.0,161555
202603121445,3584.0,3600.0,3580.0,3598.0,212981
202603121500,3598.0,3614.0,3596.0,3608.0,368866
202603121515,3608.0,3620.0,3608.0,3614.0,281393
202603130900,3518.0,3532.0,3424.0,3508.0,1461398
202603130915,3506.0,3562.0,3488.0,3510.0,744016
202603130930,3512.0,3532.0,3476.0,3486.0,605649
202603130945,3486.0,3504.0,3464.0,3500.0,512186
202603131000,3500.0,3550.0,3494.0,3544.0,466693
202603131015,3546.0,3598.0,3536.0,3566.0,838436
202603131030,3566.0,3602.0,3556.0,3572.0,493374
202603131045,3572.0,3574.0,3546.0,3566.0,303927
202603131100,3566.0,3602.0,3556.0,3558.0,560158
202603131115,3558.0,3564.0,3544.0,3564.0,243625
202603131130,3564.0,3564.0,3526.0,3530.0,333120
202603131145,3532.0,3550.0,3532.0,3546.0,109709
202603131200,3546.0,3554.0,3540.0,3542.0,147362
202603131215,3544.0,3546.0,3524.0,3524.0,212943
202603131230,3524.0,3538.0,3516.0,3528.0,179514
202603131245,3526.0,3552.0,3526.0,3536.0,102931
202603131300,3536.0,3550.0,3518.0,3530.0,225561
202603131315,3530.0,3536.0,3518.0,3522.0,173016
202603131330,3522.0,3534.0,3504.0,3532.0,268399
202603131345,3532.0,3540.0,3518.0,3526.0,142452
202603131400,3526.0,3536.0,3514.0,3524.0,147234
202603131415,3524.0,3552.0,3522.0,3534.0,193802
202603131430,3534.0,3564.0,3530.0,3542.0,287545
202603131445,3540.0,3548.0,3530.0,3546.0,211777
202603131500,3546.0,3556.0,3540.0,3556.0,308820
202603131515,3554.0,3568.0,3552.0,3566.0,329332
202603160900,3558.0,3614.0,3482.0,3612.0,1578376
202603160915,3604.0,3674.0,3520.0,3532.0,1491485
202603160930,3534.0,3558.0,3512.0,3520.0,507075
202603160945,3518.0,3526.0,3494.0,3496.0,545964
202603161000,3496.0,3502.0,3484.0,3484.0,635864
202603161015,3484.0,3498.0,3446.0,3448.0,579518
202603161030,3448.0,3466.0,3422.0,3438.0,519106
202603161045,3434.0,3454.0,3432.0,3448.0,215597
202603161100,3448.0,3450.0,3434.0,3438.0,217424
202603161115,3438.0,3438.0,3404.0,3414.0,453192
202603161130,3412.0,3420.0,3404.0,3406.0,274597
202603161145,3406.0,3442.0,3386.0,3440.0,521276
202603161200,3442.0,3444.0,3422.0,3422.0,163969
202603161215,3422.0,3426.0,3404.0,3426.0,171103
202603161230,3426.0,3442.0,3424.0,3436.0,131616
202603161245,3436.0,3442.0,3424.0,3426.0,177183
202603161300,3426.0,3438.0,3422.0,3434.0,128357
202603161315,3434.0,3442.0,3428.0,3436.0,177627
202603161330,3434.0,3440.0,3410.0,3412.0,193771
202603161345,3412.0,3440.0,3410.0,3426.0,184260
202603161400,3426.0,3430.0,3416.0,3416.0,132269
202603161415,3418.0,3430.0,3416.0,3426.0,123003
202603161430,3424.0,3428.0,3418.0,3424.0,166425
202603161445,3424.0,3458.0,3424.0,3452.0,309725
202603161500,3452.0,3464.0,3448.0,3454.0,286269
202603161515,3454.0,3460.0,3450.0,3458.0,172881
202603170900,3724.0,3724.0,3526.0,3546.0,3999804
202603170915,3544.0,3612.0,3526.0,3540.0,1648355
202603170930,3540.0,3540.0,3510.0,3512.0,760875
202603170945,3512.0,3524.0,3506.0,3512.0,421230
202603171000,3510.0,3516.0,3486.0,3510.0,608258
202603171015,3512.0,3514.0,3490.0,3496.0,253862
202603171030,3498.0,3514.0,3490.0,3492.0,270382
202603171045,3492.0,3494.0,3486.0,3488.0,290414
202603171100,3488.0,3504.0,3488.0,3494.0,218583
202603171115,3496.0,3516.0,3496.0,3508.0,175753
202603171130,3508.0,3514.0,3506.0,3508.0,83476
202603171145,3508.0,3508.0,3494.0,3498.0,130015
202603171200,3496.0,3522.0,3490.0,3494.0,184050
202603171215,3492.0,3500.0,3492.0,3496.0,129983
202603171230,3494.0,3504.0,3494.0,3500.0,88816
202603171245,3500.0,3502.0,3496.0,3496.0,106700
202603171300,3496.0,3500.0,3494.0,3498.0,141195
202603171315,3496.0,3498.0,3492.0,3492.0,117591
202603171330,3492.0,3498.0,3488.0,3498.0,127815
202603171345,3498.0,3504.0,3494.0,3502.0,129594
202603171400,3502.0,3510.0,3502.0,3508.0,149248
202603171415,3508.0,3510.0,3498.0,3500.0,108491
202603171430,3498.0,3504.0,3496.0,3500.0,154328
202603171445,3500.0,3502.0,3494.0,3496.0,197384
202603171500,3496.0,3498.0,3474.0,3478.0,433879
202603171515,3478.0,3482.0,3464.0,3464.0,311753
202603180900,3588.0,3674.0,3516.0,3592.0,4658688
202603180915,3592.0,3734.0,3584.0,3632.0,5812729
202603180930,3630.0,3744.0,3624.0,3732.0,3985230
202603180945,3734.0,3894.0,3686.0,3880.0,12486470
202603181000,3880.0,3974.0,3844.0,3850.0,14007565
202603181015,3854.0,3854.0,3734.0,3744.0,6638616
202603181030,3744.0,3846.0,3742.0,3830.0,3892631
202603181045,3830.0,3836.0,3768.0,3778.0,1943037
202603181100,3778.0,3788.0,3744.0,3762.0,1358505
202603181115,3764.0,3818.0,3762.0,3798.0,1527977
202603181130,3798.0,3806.0,3754.0,3766.0,870793
202603181145,3764.0,3798.0,3754.0,3798.0,1009472
202603181200,3796.0,3798.0,3758.0,3762.0,693865
202603181215,3762.0,3772.0,3744.0,3744.0,595317
202603181230,3744.0,3764.0,3730.0,3760.0,1014975
202603181245,3760.0,3760.0,3714.0,3724.0,835644
202603181300,3724.0,3732.0,3714.0,3730.0,568135
202603181315,3732.0,3740.0,3690.0,3690.0,836270
202603181330,3690.0,3694.0,3664.0,3676.0,1165598
202603181345,3676.0,3702.0,3668.0,3696.0,516075
202603181400,3696.0,3696.0,3678.0,3680.0,316179
202603181415,3680.0,3698.0,3674.0,3696.0,439939
202603181430,3698.0,3724.0,3696.0,3724.0,720680
202603181445,3724.0,3762.0,3720.0,3754.0,1058427
202603181500,3754.0,3792.0,3748.0,3754.0,1747842
202603181515,3756.0,3764.0,3750.0,3764.0,594921
202603190900,3656.0,3802.0,3612.0,3802.0,3064077
202603190915,3798.0,4084.0,3780.0,3944.0,15268306
202603190930,3946.0,3992.0,3894.0,3928.0,4733919
202603190945,3928.0,4144.0,3928.0,4134.0,13036914
202603191000,4134.0,4275.0,4024.0,4144.0,16075697
202603191015,4144.0,4315.0,4124.0,4305.0,10516327
202603191030,4305.0,4475.0,4295.0,4315.0,16797502
202603191045,4315.0,4585.0,4295.0,4515.0,15855124
202603191100,4525.0,4535.0,4385.0,4445.0,10930846
202603191115,4455.0,4455.0,4305.0,4315.0,7370875
202603191130,4315.0,4405.0,4315.0,4365.0,3883901
202603191145,4365.0,4515.0,4365.0,4465.0,8116769
202603191200,4459.0,4595.0,4455.0,4545.0,10904796
202603191215,4545.0,4565.0,4415.0,4445.0,6166534
202603191230,4445.0,4455.0,4345.0,4425.0,5866694
202603191245,4435.0,4445.0,4365.0,4395.0,3108385
202603191300,4395.0,4415.0,4325.0,4385.0,2417429
202603191315,4385.0,4395.0,4305.0,4335.0,2471821
202603191330,4335.0,4435.0,4325.0,4395.0,3244300
202603191345,4395.0,4485.0,4365.0,4485.0,3370579
202603191400,4475.0,4485.0,4355.0,4385.0,3298765
202603191415,4395.0,4405.0,4325.0,4335.0,2098288
202603191430,4345.0,4345.0,4265.0,4315.0,4308259
202603191445,4319.0,4335.0,4285.0,4305.0,1805515
202603191500,4305.0,4355.0,4295.0,4355.0,2379577
202603191515,4355.0,4385.0,4335.0,4365.0,2973318
202603200900,4445.0,4525.0,4255.0,4375.0,11264784
202603200915,4385.0,4465.0,4295.0,4455.0,4817149
202603200930,4445.0,4865.0,4425.0,4775.0,29777312
202603200945,4775.0,4785.0,4605.0,4735.0,14383242
202603201000,4745.0,4755.0,4605.0,4705.0,6740993
202603201015,4705.0,4915.0,4665.0,4915.0,10637814
202603201030,4955.0,5115.0,4925.0,5065.0,20824402
202603201045,5065.0,5115.0,4955.0,5005.0,12386121
202603201100,5005.0,5045.0,4935.0,4975.0,4764774
202603201115,4985.0,5035.0,4875.0,5035.0,5650454
202603201130,5035.0,5206.0,5015.0,5085.0,13368511
202603201145,5095.0,5256.0,5055.0,5186.0,9099482
202603201200,5176.0,5346.0,5176.0,5276.0,9572139
202603201215,5266.0,5376.0,5226.0,5336.0,7287223
202603201230,5336.0,5446.0,5276.0,5426.0,7705557
202603201245,5436.0,5596.0,5396.0,5530.0,10871768
202603201300,5536.0,5560.0,5436.0,5476.0,6243060
202603201315,5486.0,5496.0,5256.0,5306.0,9578454
202603201330,5306.0,5366.0,5206.0,5206.0,6214415
202603201345,5216.0,5286.0,5176.0,5246.0,4861933
202603201400,5246.0,5276.0,5115.0,5246.0,5050143
202603201415,5246.0,5346.0,5216.0,5236.0,3721797
202603201430,5236.0,5256.0,5105.0,5115.0,3722127
202603201445,5115.0,5266.0,5105.0,5206.0,3500422
202603201500,5226.0,5296.0,5186.0,5266.0,3532780
202603201515,5256.0,5266.0,5176.0,5176.0,3561894
202603230900,5266.0,5436.0,5055.0,5396.0,16111583
202603230915,5396.0,5656.0,5085.0,5085.0,22487223
202603230930,5105.0,5246.0,4905.0,5206.0,12550353
202603230945,5206.0,5216.0,4955.0,5015.0,4430235
202603231000,5015.0,5095.0,4935.0,4945.0,2369171
202603231015,4945.0,5025.0,4845.0,4885.0,3466951
202603231030,4885.0,4975.0,4845.0,4945.0,1900599
202603231045,4939.0,5045.0,4895.0,4905.0,1661113
202603231100,4899.0,4915.0,4785.0,4815.0,2575904
202603231115,4805.0,4925.0,4765.0,4865.0,2225132
202603231130,4855.0,4885.0,4815.0,4835.0,603145
202603231145,4835.0,4865.0,4805.0,4865.0,505538
202603231200,4865.0,4865.0,4805.0,4805.0,388473
202603231215,4815.0,4945.0,4805.0,4925.0,1121525
202603231230,4925.0,4935.0,4845.0,4875.0,622818
202603231245,4865.0,4895.0,4845.0,4865.0,448601
202603231300,4855.0,4885.0,4805.0,4875.0,859587
202603231315,4875.0,4965.0,4865.0,4865.0,1067687
202603231330,4885.0,4885.0,4845.0,4865.0,489629
202603231345,4855.0,4875.0,4815.0,4855.0,568973
202603231400,4845.0,4895.0,4825.0,4835.0,542430
202603231415,4835.0,4855.0,4775.0,4815.0,973367
202603231430,4805.0,4835.0,4785.0,4795.0,441634
202603231445,4795.0,4845.0,4765.0,4845.0,911289
202603231500,4845.0,4855.0,4745.0,4785.0,1470173
202603231515,4785.0,4795.0,4725.0,4755.0,858417
202603240900,5125.0,5166.0,4875.0,5136.0,10883107
202603240915,5136.0,5306.0,5055.0,5236.0,13086658
202603240930,5236.0,5256.0,5005.0,5015.0,6648347
202603240945,5015.0,5075.0,4905.0,4975.0,4136350
202603241000,4965.0,4975.0,4825.0,4875.0,3258685
202603241015,4885.0,4935.0,4795.0,4875.0,2594255
202603241030,4875.0,4875.0,4775.0,4795.0,1510862
202603241045,4795.0,4825.0,4745.0,4775.0,1764507
202603241100,4775.0,4875.0,4755.0,4795.0,1452629
202603241115,4785.0,4845.0,4765.0,4805.0,772852
202603241130,4805.0,4835.0,4705.0,4715.0,1340347
202603241145,4715.0,4755.0,4675.0,4705.0,1284233
202603241200,4705.0,4825.0,4655.0,4795.0,1480839
202603241215,4795.0,4945.0,4785.0,4895.0,2298289
202603241230,4885.0,5035.0,4795.0,4965.0,2794841
202603241245,4965.0,5105.0,4925.0,5035.0,5447785
202603241300,5035.0,5035.0,4875.0,4895.0,1951210
202603241315,4895.0,4905.0,4845.0,4895.0,851815
202603241330,4895.0,4935.0,4865.0,4885.0,583732
202603241345,4885.0,4915.0,4865.0,4865.0,412999
202603241400,4865.0,4875.0,4775.0,4775.0,1507252
202603241415,4775.0,4845.0,4745.0,4765.0,884398
202603241430,4765.0,4785.0,4725.0,4755.0,873674
202603241445,4765.0,4815.0,4765.0,4785.0,652640
202603241500,4785.0,4785.0,4745.0,4775.0,835450
202603241515,4769.0,4775.0,4745.0,4775.0,651363
202603250900,4899.0,5005.0,4805.0,4855.0,5219573
202603250915,4855.0,4855.0,4635.0,4715.0,4325159
202603250930,4715.0,4755.0,4575.0,4605.0,3775991
202603250945,4605.0,4745.0,4585.0,4595.0,2026426
202603251000,4605.0,4625.0,4565.0,4585.0,1687350
202603251015,4575.0,4625.0,4555.0,4575.0,1166034
202603251030,4585.0,4605.0,4575.0,4595.0,729240
202603251045,4595.0,4595.0,4515.0,4515.0,1543743
202603251100,4525.0,4565.0,4505.0,4565.0,1295050
202603251115,4565.0,4625.0,4535.0,4575.0,1092181
202603251130,4579.0,4585.0,4525.0,4535.0,619516
202603251145,4525.0,4535.0,4455.0,4455.0,1775246
202603251200,4455.0,4509.0,4415.0,4435.0,1802626
202603251215,4435.0,4465.0,4405.0,4455.0,993850
202603251230,4465.0,4485.0,4425.0,4455.0,643180
202603251245,4465.0,4525.0,4445.0,4495.0,792768
202603251300,4485.0,4495.0,4445.0,4465.0,545521
202603251315,4465.0,4485.0,4445.0,4455.0,517815
202603251330,4455.0,4465.0,4405.0,4435.0,1094617
202603251345,4435.0,4445.0,4395.0,4425.0,1016023
202603251400,4435.0,4439.0,4375.0,4395.0,923260
202603251415,4395.0,4455.0,4395.0,4415.0,801897
202603251430,4415.0,4415.0,4375.0,4375.0,833601
202603251445,4385.0,4405.0,4365.0,4385.0,699168
202603251500,4385.0,4415.0,4375.0,4405.0,921653
202603251515,4405.0,4415.0,4395.0,4415.0,603866
202603260900,4375.0,4475.0,4154.0,4164.0,5643183
202603260915,4164.0,4295.0,4164.0,4285.0,2467525
202603260930,4285.0,4325.0,4245.0,4265.0,1395502
202603260945,4265.0,4485.0,4255.0,4485.0,3172125
202603261000,4485.0,4695.0,4375.0,4685.0,11352881
202603261015,4675.0,4825.0,4535.0,4605.0,11653421
202603261030,4605.0,4625.0,4465.0,4475.0,3848371
202603261045,4485.0,4509.0,4425.0,4485.0,1926479
202603261100,4485.0,4545.0,4405.0,4405.0,2020149
202603261115,4405.0,4415.0,4295.0,4295.0,3072815
202603261130,4305.0,4325.0,4255.0,4285.0,1377904
202603261145,4285.0,4305.0,4194.0,4225.0,1529502
202603261200,4225.0,4285.0,4205.0,4255.0,746677
202603261215,4255.0,4255.0,4205.0,4255.0,576593
202603261230,4255.0,4275.0,4225.0,4245.0,542251
202603261245,4245.0,4255.0,4205.0,4215.0,560135
202603261300,4225.0,4285.0,4215.0,4255.0,408634
202603261315,4255.0,4295.0,4225.0,4285.0,524345
202603261330,4285.0,4295.0,4225.0,4235.0,529419
202603261345,4235.0,4255.0,4225.0,4235.0,210389
202603261400,4235.0,4235.0,4164.0,4205.0,1025969
202603261415,4205.0,4205.0,4144.0,4164.0,892008
202603261430,4154.0,4184.0,4144.0,4174.0,506602
202603261445,4174.0,4174.0,4134.0,4154.0,639538
202603261500,4154.0,4184.0,4144.0,4184.0,525320
202603261515,4184.0,4194.0,4174.0,4184.0,381564
202603270900,4144.0,4205.0,4004.0,4014.0,2895239
202603270915,4014.0,4144.0,3984.0,4144.0,2211959
202603270930,4134.0,4154.0,4004.0,4034.0,1058065
202603270945,4024.0,4034.0,3988.0,4004.0,1680811
202603271000,4004.0,4114.0,4004.0,4098.0,1242965
202603271015,4098.0,4104.0,4044.0,4094.0,484968
202603271030,4094.0,4144.0,4074.0,4114.0,867446
202603271045,4114.0,4184.0,4074.0,4174.0,1413515
202603271100,4174.0,4184.0,4074.0,4104.0,748834
202603271115,4104.0,4104.0,4054.0,4074.0,385114
202603271130,4074.0,4104.0,4054.0,4084.0,272039
202603271145,4084.0,4104.0,4074.0,4094.0,157710
202603271200,4094.0,4124.0,4074.0,4084.0,317350
202603271215,4074.0,4094.0,4064.0,4084.0,270511
202603271230,4088.0,4124.0,4084.0,4104.0,261091
202603271245,4104.0,4245.0,4094.0,4194.0,1298199
202603271300,4205.0,4205.0,4114.0,4124.0,1001076
202603271315,4124.0,4194.0,4124.0,4154.0,488951
202603271330,4154.0,4215.0,4124.0,4184.0,624360
202603271345,4184.0,4194.0,4134.0,4154.0,565741
202603271400,4154.0,4215.0,4144.0,4205.0,737407
202603271415,4194.0,4215.0,4134.0,4154.0,664618
202603271430,4144.0,4164.0,4134.0,4144.0,390441
202603271445,4134.0,4154.0,4104.0,4114.0,498924
202603271500,4124.0,4154.0,4098.0,4144.0,697905
202603271515,4144.0,4154.0,4134.0,4144.0,469243
202603300900,3932.0,4024.0,3906.0,3908.0,2580717
202603300915,3908.0,3950.0,3878.0,3918.0,1387751
202603300930,3918.0,3982.0,3894.0,3954.0,1201553
202603300945,3958.0,3958.0,3888.0,3940.0,970724
202603301000,3940.0,3960.0,3904.0,3912.0,511141
202603301015,3910.0,3928.0,3894.0,3926.0,474897
202603301030,3926.0,3994.0,3904.0,3992.0,828734
202603301045,3992.0,4024.0,3962.0,3978.0,1029487
202603301100,3980.0,4014.0,3952.0,4002.0,358927
202603301115,4002.0,4054.0,4000.0,4014.0,758893
202603301130,4004.0,4044.0,3986.0,4034.0,333059
202603301145,4034.0,4064.0,4004.0,4034.0,342848
202603301200,4014.0,4064.0,4004.0,4034.0,250915
202603301215,4034.0,4064.0,4024.0,4044.0,270246
202603301230,4044.0,4044.0,4004.0,4034.0,373103
202603301245,4034.0,4034.0,4004.0,4014.0,246464
202603301300,4014.0,4034.0,4004.0,4024.0,182676
202603301315,4024.0,4024.0,4002.0,4014.0,294119
202603301330,4004.0,4014.0,3978.0,3980.0,460875
202603301345,3980.0,4014.0,3978.0,4014.0,150191
202603301400,4014.0,4014.0,3990.0,4002.0,143631
202603301415,4000.0,4014.0,3996.0,4014.0,161779
202603301430,4014.0,4034.0,4000.0,4000.0,214531
202603301445,4002.0,4002.0,3990.0,3992.0,259850
202603301500,3992.0,4014.0,3990.0,3994.0,285899
202603301515,3992.0,4002.0,3988.0,4002.0,368530
202603310900,3946.0,4024.0,3828.0,3852.0,2309946
202603310915,3856.0,3858.0,3810.0,3818.0,1461000
202603310930,3822.0,3826.0,3744.0,3820.0,1767485
202603310945,3820.0,3828.0,3768.0,3774.0,769116
202603311000,3774.0,3800.0,3748.0,3782.0,695343
202603311015,3782.0,3812.0,3772.0,3808.0,588325
202603311030,3808.0,3880.0,3804.0,3866.0,791969
202603311045,3870.0,3874.0,3832.0,3846.0,393580
202603311100,3848.0,3858.0,3818.0,3828.0,366111
202603311115,3828.0,3888.0,3816.0,3818.0,725695
202603311130,3818.0,3842.0,3804.0,3808.0,314336
202603311145,3808.0,3860.0,3806.0,3824.0,448365
202603311200,3824.0,3876.0,3820.0,3864.0,299818
202603311215,3864.0,4044.0,3838.0,3852.0,5252120
202603311230,3856.0,3864.0,3806.0,3812.0,1592737
202603311245,3812.0,3828.0,3758.0,3774.0,1096216
202603311300,3774.0,3796.0,3748.0,3748.0,623654
202603311315,3750.0,3778.0,3746.0,3754.0,479505
202603311330,3754.0,3776.0,3724.0,3748.0,748767
202603311345,3748.0,3748.0,3692.0,3722.0,810686
202603311400,3722.0,3726.0,3688.0,3688.0,511593
202603311415,3690.0,3744.0,3686.0,3730.0,491938
202603311430,3732.0,3742.0,3706.0,3728.0,299196
202603311445,3724.0,3758.0,3724.0,3726.0,431001
202603311500,3726.0,3744.0,3686.0,3690.0,810134
202603311515,3690.0,3708.0,3684.0,3684.0,492549
202604010900,3968.0,4094.0,3908.0,4094.0,8374320
202604010915,4094.0,4094.0,3972.0,4014.0,2755412
202604010930,4014.0,4164.0,3976.0,4104.0,5022640
202604010945,4094.0,4144.0,4024.0,4044.0,2355426
202604011000,4044.0,4084.0,3992.0,4084.0,2307952
202604011015,4084.0,4295.0,4074.0,4225.0,7414792
202604011030,4225.0,4335.0,4194.0,4225.0,5019010
202604011045,4225.0,4225.0,4164.0,4184.0,1934486
202604011100,4174.0,4235.0,4164.0,4205.0,1319189
202604011115,4194.0,4325.0,4194.0,4295.0,3006280
202604011130,4289.0,4375.0,4235.0,4355.0,3387908
202604011145,4365.0,4395.0,4325.0,4365.0,2616571
202604011200,4355.0,4385.0,4305.0,4335.0,1716356
202604011215,4325.0,4345.0,4285.0,4305.0,1260623
202604011230,4295.0,4385.0,4275.0,4325.0,2085068
202604011245,4335.0,4335.0,4305.0,4325.0,861398
202604011300,4325.0,4325.0,4265.0,4285.0,1081272
202604011315,4295.0,4315.0,4265.0,4295.0,617475
202604011330,4305.0,4325.0,4275.0,4295.0,676409
202604011345,4295.0,4315.0,4275.0,4305.0,629045
202604011400,4305.0,4315.0,4235.0,4265.0,956973
202604011415,4255.0,4305.0,4245.0,4275.0,637101
202604011430,4275.0,4295.0,4245.0,4255.0,628390
202604011445,4255.0,4285.0,4245.0,4275.0,921195
202604011500,4275.0,4315.0,4255.0,4315.0,1193191
202604011515,4315.0,4325.0,4285.0,4295.0,1099286
202604020900,4275.0,4305.0,4094.0,4144.0,3840737
202604020915,4144.0,4194.0,4054.0,4094.0,1581563
202604020930,4084.0,4104.0,4024.0,4084.0,1295097
202604020945,4084.0,4144.0,4084.0,4124.0,867223
202604021000,4124.0,4124.0,4014.0,4058.0,1266423
202604021015,4054.0,4064.0,3944.0,3948.0,2717077
202604021030,3948.0,3986.0,3918.0,3920.0,1456943
202604021045,3920.0,3968.0,3880.0,3928.0,1180456
202604021100,3928.0,3934.0,3848.0,3874.0,1331720
202604021115,3872.0,3880.0,3822.0,3832.0,814041
202604021130,3834.0,3854.0,3806.0,3844.0,669687
202604021145,3844.0,3864.0,3828.0,3848.0,496743
202604021200,3850.0,3850.0,3814.0,3834.0,399725
202604021215,3832.0,3834.0,3806.0,3816.0,469948
202604021230,3814.0,3820.0,3776.0,3796.0,841394
202604021245,3794.0,3800.0,3764.0,3796.0,556176
202604021300,3796.0,3824.0,3770.0,3820.0,497472
202604021315,3818.0,3838.0,3802.0,3804.0,308852
202604021330,3804.0,3824.0,3804.0,3820.0,269466
202604021345,3820.0,3844.0,3806.0,3824.0,265410
202604021400,3824.0,3854.0,3806.0,3808.0,320586
202604021415,3808.0,3814.0,3784.0,3798.0,527563
202604021430,3796.0,3796.0,3770.0,3780.0,427256
202604021445,3780.0,3792.0,3774.0,3778.0,498607
202604021500,3778.0,3840.0,3776.0,3834.0,607340
202604021515,3834.0,3840.0,3814.0,3828.0,438003
202604030900,4014.0,4174.0,3974.0,4054.0,5581132
202604030915,4064.0,4094.0,4014.0,4034.0,1554699
202604030930,4044.0,4064.0,4000.0,4064.0,1198036
202604030945,4064.0,4164.0,4044.0,4064.0,2798794
202604031000,4064.0,4114.0,4054.0,4114.0,799242
202604031015,4114.0,4114.0,4064.0,4094.0,544017
202604031030,4094.0,4104.0,4064.0,4084.0,572363
202604031045,4084.0,4084.0,4024.0,4034.0,539324
202604031100,4044.0,4054.0,4024.0,4054.0,494459
202604031115,4054.0,4084.0,4044.0,4044.0,421643
202604031130,4054.0,4054.0,4004.0,4018.0,739303
202604031145,4018.0,4054.0,4014.0,4024.0,374417
202604031200,4034.0,4034.0,4014.0,4014.0,181514
202604031215,4014.0,4044.0,4014.0,4024.0,259236
202604031230,4024.0,4024.0,4004.0,4024.0,242446
202604031245,4024.0,4024.0,4014.0,4024.0,171234
202604031300,4024.0,4034.0,4014.0,4014.0,262766
202604031315,4014.0,4024.0,3964.0,3968.0,1259708
202604031330,3968.0,3998.0,3958.0,3964.0,689760
202604031345,3964.0,3976.0,3926.0,3972.0,771163
202604031400,3974.0,3994.0,3958.0,3960.0,560628
202604031415,3960.0,3968.0,3934.0,3966.0,427337
202604031430,3966.0,3968.0,3944.0,3958.0,490965
202604031445,3956.0,3974.0,3946.0,3964.0,453973
202604031500,3966.0,3974.0,3954.0,3956.0,557914
202604031515,3956.0,3964.0,3954.0,3958.0,439710
202604060900,3940.0,4024.0,3904.0,3942.0,2073058
202604060915,3942.0,3942.0,3846.0,3856.0,2109484
202604060930,3858.0,3874.0,3814.0,3844.0,1090002
202604060945,3844.0,3864.0,3824.0,3830.0,724928
202604061000,3830.0,3832.0,3784.0,3786.0,1150017
202604061015,3788.0,3800.0,3764.0,3784.0,1358429
202604061030,3782.0,3790.0,3758.0,3776.0,674675
202604061045,3776.0,3776.0,3746.0,3752.0,754958
202604061100,3752.0,3792.0,3748.0,3786.0,510067
202604061115,3786.0,3800.0,3782.0,3786.0,356192
202604061130,3786.0,3790.0,3756.0,3766.0,399101
202604061145,3768.0,3768.0,3744.0,3746.0,388362
202604061200,3748.0,3756.0,3734.0,3740.0,474542
202604061215,3740.0,3744.0,3734.0,3740.0,318188
202604061230,3740.0,3742.0,3706.0,3706.0,612594
202604061245,3706.0,3718.0,3684.0,3706.0,691994
202604061300,3704.0,3742.0,3702.0,3734.0,345234
202604061315,3734.0,3736.0,3710.0,3720.0,346205
202604061330,3720.0,3744.0,3718.0,3742.0,357737
202604061345,3740.0,3742.0,3720.0,3720.0,233799
202604061400,3718.0,3756.0,3718.0,3742.0,391971
202604061415,3742.0,3774.0,3738.0,3772.0,285255
202604061430,3770.0,3770.0,3744.0,3750.0,290606
202604061445,3748.0,3754.0,3732.0,3744.0,439243
202604061500,3744.0,3754.0,3738.0,3750.0,700293
202604061515,3748.0,3750.0,3730.0,3730.0,761226
202604270900,4440.0,4515.0,4250.0,4405.0,12508999
202604270915,4400.0,4405.0,4290.0,4290.0,3268595
202604270930,4295.0,4295.0,4155.0,4240.0,3431525
202604270945,4235.0,4350.0,4210.0,4320.0,2401908
202604271000,4325.0,4340.0,4280.0,4310.0,1003669
202604271015,4310.0,4315.0,4240.0,4290.0,899717
202604271030,4285.0,4315.0,4275.0,4290.0,619693
202604271045,4285.0,4300.0,4280.0,4300.0,413873
202604271100,4300.0,4385.0,4290.0,4350.0,1326146
202604271115,4350.0,4460.0,4330.0,4455.0,1909182
202604271130,4455.0,4660.0,4445.0,4650.0,8619202
202604271145,4650.0,4845.0,4650.0,4845.0,17659352
202604271200,4845.0,4845.0,4845.0,4845.0,1540550
202604271215,4845.0,4845.0,4845.0,4845.0,429466
202604271230,4845.0,4845.0,4845.0,4845.0,289708
202604271245,4845.0,4845.0,4845.0,4845.0,145542
202604271300,4845.0,4845.0,4845.0,4845.0,274941
202604271315,4845.0,4845.0,4845.0,4845.0,98180
202604271330,4845.0,4845.0,4845.0,4845.0,76677
202604271345,4845.0,4845.0,4845.0,4845.0,87249
202604271400,4845.0,4845.0,4845.0,4845.0,206242
202604271415,4845.0,4845.0,4845.0,4845.0,61507
202604271430,4845.0,4845.0,4845.0,4845.0,119996
202604271445,4845.0,4845.0,4845.0,4845.0,104359
202604271500,4845.0,4845.0,4845.0,4845.0,41802
202604271515,4845.0,4845.0,4845.0,4845.0,61058
202604280900,5120.0,6130.0,4965.0,5910.0,39767977
202604280915,5900.0,6000.0,5630.0,5890.0,17309247
202604280930,5900.0,5980.0,5770.0,5880.0,6811994
202604280945,5870.0,5900.0,5650.0,5670.0,6155379
202604281000,5660.0,5930.0,5650.0,5880.0,5493416
202604281015,5890.0,6050.0,5840.0,5915.0,8320772
202604281030,5910.0,5960.0,5860.0,5890.0,2718176
202604281045,5890.0,5920.0,5840.0,5890.0,1591639
202604281100,5890.0,6080.0,5820.0,6070.0,4431638
202604281115,6060.0,6170.0,6020.0,6060.0,8203459
202604281130,6060.0,6110.0,6020.0,6090.0,2552676
202604281145,6090.0,6150.0,6060.0,6145.0,2520325
202604281200,6140.0,6190.0,5940.0,5990.0,4130653
202604281215,5980.0,6030.0,5900.0,5920.0,2368302
202604281230,5920.0,5980.0,5870.0,5970.0,2093769
202604281245,5960.0,5970.0,5900.0,5910.0,1004576
202604281300,5905.0,5990.0,5870.0,5970.0,1377696
202604281315,5970.0,6050.0,5920.0,5940.0,1539791
202604281330,5950.0,5950.0,5780.0,5810.0,2803790
202604281345,5810.0,5830.0,5710.0,5710.0,2980174
202604281400,5710.0,5720.0,5600.0,5630.0,4830772
202604281415,5630.0,5740.0,5530.0,5590.0,3718045
202604281430,5580.0,5600.0,5330.0,5360.0,6927059
202604281445,5360.0,5710.0,5320.0,5690.0,6096307
202604281500,5670.0,5700.0,5500.0,5570.0,5160720
202604281515,5565.0,5580.0,5510.0,5510.0,1395037
202604290900,5220.0,5670.0,5190.0,5260.0,8417668
202604290915,5270.0,5370.0,5120.0,5120.0,3911479
202604290930,5120.0,5340.0,5120.0,5300.0,2390035
202604290945,5290.0,5410.0,5290.0,5290.0,1814670
202604291000,5290.0,5310.0,5195.0,5280.0,1520810
202604291015,5280.0,5300.0,5220.0,5230.0,674641
202604291030,5230.0,5270.0,5210.0,5240.0,497827
202604291045,5250.0,5270.0,5230.0,5240.0,457392
202604291100,5240.0,5270.0,5180.0,5200.0,891015
202604291115,5200.0,5220.0,5180.0,5180.0,533516
202604291130,5180.0,5210.0,5170.0,5185.0,552857
202604291145,5185.0,5200.0,5170.0,5180.0,470352
202604291200,5170.0,5200.0,5160.0,5160.0,411849
202604291215,5160.0,5200.0,5160.0,5190.0,388419
202604291230,5200.0,5210.0,5180.0,5180.0,308015
202604291245,5190.0,5230.0,5180.0,5210.0,429734
202604291300,5210.0,5270.0,5200.0,5260.0,342916
202604291315,5260.0,5320.0,5230.0,5230.0,910874
202604291330,5230.0,5260.0,5200.0,5230.0,437782
202604291345,5230.0,5260.0,5210.0,5240.0,316716
202604291400,5255.0,5300.0,5220.0,5260.0,570335
202604291415,5260.0,5270.0,5230.0,5250.0,241121
202604291430,5240.0,5270.0,5240.0,5260.0,305781
202604291445,5260.0,5330.0,5250.0,5330.0,682928
202604291500,5330.0,5330.0,5260.0,5260.0,786115
202604291515,5260.0,5320.0,5250.0,5320.0,545344
202604300900,5580.0,5830.0,5340.0,5620.0,12391163
202604300915,5620.0,5640.0,5420.0,5540.0,4813863
202604300930,5540.0,5580.0,5450.0,5500.0,1762979
202604300945,5500.0,5500.0,5420.0,5430.0,1188016
202604301000,5420.0,5430.0,5360.0,5410.0,1605700
202604301015,5410.0,5490.0,5400.0,5450.0,963044
202604301030,5440.0,5640.0,5430.0,5500.0,3032431
202604301045,5500.0,5520.0,5470.0,5490.0,646421
202604301100,5500.0,5520.0,5450.0,5455.0,473365
202604301115,5455.0,5490.0,5400.0,5400.0,850256
202604301130,5410.0,5420.0,5380.0,5380.0,518125
202604301145,5380.0,5390.0,5360.0,5360.0,431461
202604301200,5360.0,5400.0,5360.0,5370.0,379149
202604301215,5370.0,5380.0,5340.0,5380.0,417337
202604301230,5370.0,5410.0,5350.0,5360.0,322446
202604301245,5360.0,5370.0,5270.0,5295.0,955192
202604301300,5295.0,5330.0,5250.0,5250.0,595687
202604301315,5250.0,5250.0,5200.0,5210.0,813847
202604301330,5210.0,5220.0,5160.0,5190.0,761072
202604301345,5190.0,5220.0,5180.0,5190.0,311897
202604301400,5180.0,5260.0,5180.0,5260.0,328186
202604301415,5250.0,5310.0,5230.0,5290.0,524743
202604301430,5290.0,5340.0,5250.0,5250.0,499086
202604301445,5260.0,5260.0,5220.0,5220.0,331694
202604301500,5220.0,5250.0,5210.0,5230.0,378112
202604301515,5240.0,5280.0,5230.0,5230.0,426739
202605040900,5420.0,5440.0,5020.0,5100.0,4080738
202605040915,5090.0,5100.0,4950.0,4975.0,3325668
202605040930,4980.0,5030.0,4940.0,4955.0,1909995
202605040945,4960.0,5045.0,4935.0,5000.0,1063303
202605041000,5000.0,5010.0,4950.0,4965.0,764747
202605041015,4965.0,4970.0,4910.0,4915.0,1088389
202605041030,4915.0,4915.0,4845.0,4900.0,1974568
202605041045,4900.0,4955.0,4850.0,4860.0,1876438
202605041100,4860.0,5050.0,4860.0,5030.0,2938049
202605041115,5020.0,5530.0,4975.0,5440.0,12367786
202605041130,5440.0,5670.0,5320.0,5550.0,15147238
202605041145,5550.0,5620.0,5360.0,5460.0,7399670
202605041200,5460.0,5490.0,5240.0,5270.0,3881962
202605041215,5280.0,5390.0,5270.0,5310.0,2278691
202605041230,5330.0,5400.0,5290.0,5360.0,1488212
202605041245,5350.0,5480.0,5350.0,5470.0,2949879
202605041300,5480.0,5480.0,5380.0,5430.0,1921850
202605041315,5430.0,5450.0,5350.0,5430.0,1883414
202605041330,5420.0,5430.0,5310.0,5310.0,1207614
202605041345,5320.0,5350.0,5270.0,5340.0,1209213
202605041400,5340.0,5340.0,5230.0,5260.0,1062327
202605041415,5260.0,5285.0,5200.0,5250.0,1159263
202605041430,5250.0,5270.0,5210.0,5210.0,682413
202605041445,5210.0,5220.0,5150.0,5190.0,1338780
202605041500,5200.0,5220.0,5160.0,5170.0,887567
202605041515,5160.0,5200.0,5160.0,5190.0,612973
202605060900,5590.0,5700.0,5350.0,5430.0,9756386
202605060915,5430.0,5640.0,5390.0,5560.0,7038805
202605060930,5560.0,5570.0,5430.0,5550.0,3232864
202605060945,5550.0,5550.0,5420.0,5430.0,2183398
202605061000,5430.0,5650.0,5410.0,5590.0,5379564
202605061015,5590.0,5600.0,5470.0,5530.0,2293154
202605061030,5530.0,5850.0,5520.0,5700.0,15331766
202605061045,5700.0,5820.0,5610.0,5810.0,5229624
202605061100,5820.0,5930.0,5730.0,5880.0,10322866
202605061115,5870.0,6000.0,5810.0,5860.0,12575429
202605061130,5860.0,5870.0,5720.0,5780.0,5018175
202605061145,5770.0,5790.0,5650.0,5700.0,3753764
202605061200,5710.0,5750.0,5630.0,5740.0,2354382
202605061215,5730.0,5750.0,5640.0,5700.0,2320525
202605061230,5700.0,5700.0,5580.0,5680.0,2770918
202605061245,5680.0,5700.0,5570.0,5600.0,2392601
202605061300,5600.0,5720.0,5600.0,5690.0,1725778
202605061315,5690.0,5700.0,5580.0,5610.0,1682873
202605061330,5600.0,5630.0,5540.0,5550.0,1496712
202605061345,5550.0,5590.0,5530.0,5560.0,1350444
202605061400,5560.0,5570.0,5530.0,5550.0,746309
202605061415,5540.0,5620.0,5540.0,5600.0,719840
202605061430,5600.0,5690.0,5600.0,5680.0,1726282
202605061445,5680.0,5690.0,5630.0,5670.0,990929
202605061500,5670.0,5690.0,5620.0,5685.0,1671141
202605061515,5685.0,5685.0,5640.0,5640.0,1170198
202605070900,5500.0,5680.0,5350.0,5380.0,5520095
202605070915,5380.0,5420.0,5260.0,5290.0,2752860
202605070930,5280.0,5390.0,5280.0,5370.0,1110297
202605070945,5370.0,5400.0,5260.0,5280.0,1211585
202605071000,5270.0,5280.0,5210.0,5250.0,1127404
202605071015,5260.0,5270.0,5210.0,5240.0,774842
202605071030,5230.0,5300.0,5220.0,5290.0,520309
202605071045,5290.0,5330.0,5270.0,5300.0,464949
202605071100,5310.0,5330.0,5270.0,5280.0,485242
202605071115,5280.0,5300.0,5240.0,5280.0,374870
202605071130,5280.0,5315.0,5250.0,5260.0,316607
202605071145,5260.0,5280.0,5250.0,5270.0,210892
202605071200,5260.0,5270.0,5240.0,5250.0,237276
202605071215,5250.0,5290.0,5240.0,5270.0,218243
202605071230,5280.0,5300.0,5270.0,5290.0,181911
202605071245,5280.0,5290.0,5250.0,5260.0,260611
202605071300,5260.0,5270.0,5250.0,5250.0,152041
202605071315,5260.0,5260.0,5250.0,5250.0,150700
202605071330,5260.0,5260.0,5240.0,5260.0,223619
202605071345,5260.0,5260.0,5240.0,5255.0,185883
202605071400,5250.0,5270.0,5250.0,5260.0,147511
202605071415,5260.0,5260.0,5240.0,5260.0,238876
202605071430,5250.0,5290.0,5240.0,5260.0,484098
202605071445,5260.0,5270.0,5250.0,5270.0,232301
202605071500,5260.0,5280.0,5250.0,5260.0,441987
202605071515,5260.0,5280.0,5250.0,5270.0,448451
202605080900,5130.0,5410.0,5120.0,5200.0,2567433
202605080915,5190.0,5340.0,5160.0,5310.0,1230494
202605080930,5310.0,5350.0,5270.0,5280.0,1331028
202605080945,5280.0,5300.0,5160.0,5240.0,1040708
202605081000,5240.0,5310.0,5210.0,5260.0,846926
202605081015,5270.0,5280.0,5190.0,5210.0,659750
202605081030,5200.0,5220.0,5130.0,5150.0,866863
202605081045,5150.0,5150.0,5100.0,5120.0,538410
202605081100,5120.0,5130.0,5100.0,5120.0,430662
202605081115,5120.0,5130.0,5060.0,5110.0,631924
202605081130,5120.0,5120.0,5060.0,5100.0,270814
202605081145,5100.0,5130.0,5090.0,5125.0,148170
202605081200,5125.0,5150.0,5120.0,5140.0,104941
202605081215,5145.0,5150.0,5100.0,5100.0,144204
202605081230,5110.0,5140.0,5110.0,5130.0,164571
202605081245,5140.0,5150.0,5130.0,5145.0,130522
202605081300,5140.0,5160.0,5130.0,5140.0,141861
202605081315,5140.0,5150.0,5120.0,5120.0,126803
202605081330,5130.0,5130.0,5100.0,5110.0,176789
202605081345,5100.0,5150.0,5100.0,5130.0,169006
202605081400,5130.0,5130.0,5100.0,5125.0,155907
202605081415,5120.0,5140.0,5120.0,5130.0,165898
202605081430,5130.0,5160.0,5120.0,5160.0,302470
202605081445,5150.0,5160.0,5140.0,5140.0,151126
202605081500,5145.0,5150.0,5140.0,5150.0,276276
202605081515,5150.0,5150.0,5120.0,5130.0,388342
202605110900,5370.0,5440.0,5260.0,5310.0,3797785
202605110915,5310.0,5360.0,5210.0,5240.0,1471020
202605110930,5240.0,5260.0,5140.0,5190.0,1415734
202605110945,5190.0,5210.0,5100.0,5120.0,1110045
202605111000,5110.0,5170.0,5070.0,5150.0,852972
202605111015,5150.0,5170.0,5130.0,5140.0,419439
202605111030,5130.0,5160.0,5100.0,5120.0,433156
202605111045,5120.0,5140.0,5110.0,5110.0,290284
202605111100,5120.0,5120.0,5110.0,5110.0,277274
202605111115,5115.0,5170.0,5100.0,5160.0,533112
202605111130,5150.0,5160.0,5130.0,5140.0,231228
202605111145,5140.0,5150.0,5125.0,5140.0,215849
202605111200,5140.0,5150.0,5130.0,5130.0,139556
202605111215,5140.0,5140.0,5110.0,5110.0,265876
202605111230,5110.0,5130.0,5110.0,5130.0,170752
202605111245,5130.0,5130.0,5080.0,5120.0,636259
202605111300,5115.0,5120.0,5100.0,5100.0,217489
202605111315,5100.0,5120.0,5090.0,5100.0,261554
202605111330,5100.0,5100.0,5090.0,5090.0,204800
202605111345,5090.0,5100.0,5080.0,5100.0,244578
202605111400,5100.0,5100.0,5080.0,5090.0,219410
202605111415,5090.0,5090.0,5070.0,5070.0,359123
202605111430,5080.0,5080.0,5030.0,5030.0,663335
202605111445,5040.0,5070.0,5020.0,5060.0,322461
202605111500,5060.0,5070.0,5030.0,5040.0,504178
202605111515,5040.0,5050.0,5030.0,5040.0,248960
202605120900,5130.0,5230.0,4960.0,4975.0,2735612
202605120915,4970.0,4975.0,4855.0,4865.0,2408913
202605120930,4870.0,4895.0,4850.0,4860.0,1268543
202605120945,4860.0,4880.0,4850.0,4875.0,774517
202605121000,4875.0,4905.0,4840.0,4845.0,844080
202605121015,4845.0,4845.0,4700.0,4735.0,1882349
202605121030,4730.0,4735.0,4485.0,4640.0,1874614
202605121045,4645.0,4720.0,4615.0,4635.0,920249
202605121100,4630.0,4725.0,4625.0,4680.0,647622
202605121115,4680.0,4720.0,4675.0,4705.0,394793
202605121130,4702.0,4710.0,4675.0,4710.0,357980
202605121145,4710.0,4745.0,4705.0,4725.0,279982
202605121200,4730.0,4730.0,4700.0,4715.0,230657
202605121215,4715.0,4715.0,4680.0,4685.0,277694
202605121230,4690.0,4710.0,4685.0,4700.0,164803
202605121245,4700.0,4700.0,4650.0,4655.0,377626
202605121300,4655.0,4680.0,4635.0,4645.0,283413
202605121315,4640.0,4650.0,4625.0,4640.0,292702
202605121330,4640.0,4640.0,4625.0,4635.0,165018
202605121345,4635.0,4635.0,4600.0,4620.0,286169
202605121400,4620.0,4655.0,4610.0,4620.0,221244
202605121415,4620.0,4690.0,4605.0,4685.0,253431
202605121430,4680.0,4695.0,4675.0,4680.0,211684
202605121445,4680.0,4725.0,4675.0,4715.0,294816
202605121500,4715.0,4765.0,4675.0,4755.0,379198
202605121515,4760.0,4775.0,4755.0,4775.0,245616
202605130900,4610.0,4740.0,4500.0,4505.0,1607766
202605130915,4510.0,4545.0,4490.0,4530.0,947777
202605130930,4530.0,4530.0,4485.0,4505.0,630757
202605130945,4505.0,4510.0,4460.0,4465.0,576481
202605131000,4470.0,4520.0,4460.0,4515.0,546333
202605131015,4515.0,4780.0,4510.0,4597.0,1048564
202605131030,4600.0,4605.0,4560.0,4565.0,522485
202605131045,4565.0,4570.0,4505.0,4525.0,409066
202605131100,4525.0,4525.0,4500.0,4505.0,406010
202605131115,4505.0,4515.0,4490.0,4510.0,344179
202605131130,4510.0,4515.0,4485.0,4485.0,287754
202605131145,4485.0,4490.0,4475.0,4485.0,262552
202605131200,4490.0,4495.0,4480.0,4490.0,182860
202605131215,4495.0,4520.0,4490.0,4515.0,204086
202605131230,4515.0,4520.0,4500.0,4500.0,215817
202605131245,4500.0,4510.0,4490.0,4500.0,237338
202605131300,4500.0,4515.0,4490.0,4505.0,248870
202605131315,4505.0,4505.0,4490.0,4495.0,201346
202605131330,4495.0,4495.0,4485.0,4485.0,166187
202605131345,4485.0,4500.0,4485.0,4500.0,203188
202605131400,4495.0,4500.0,4485.0,4490.0,148968
202605131415,4490.0,4500.0,4485.0,4495.0,171129
202605131430,4495.0,4505.0,4470.0,4475.0,539784
202605131445,4470.0,4485.0,4470.0,4475.0,287683
202605131500,4480.0,4495.0,4470.0,4490.0,283328
202605131515,4490.0,4490.0,4470.0,4475.0,275961
202605140900,4505.0,4635.0,4465.0,4515.0,1337975
202605140915,4515.0,4520.0,4330.0,4385.0,1477164
202605140930,4385.0,4455.0,4335.0,4420.0,876237
202605140945,4420.0,4430.0,4360.0,4410.0,627981
202605141000,4415.0,4450.0,4355.0,4375.0,498772
202605141015,4375.0,4375.0,4340.0,4370.0,468962
202605141030,4365.0,4420.0,4360.0,4395.0,337347
202605141045,4395.0,4395.0,4370.0,4370.0,308496
202605141100,4370.0,4405.0,4355.0,4395.0,264251
202605141115,4395.0,4455.0,4390.0,4425.0,323752
202605141130,4425.0,4430.0,4390.0,4395.0,170289
202605141145,4395.0,4400.0,4365.0,4385.0,190293
202605141200,4375.0,4425.0,4375.0,4410.0,134361
202605141215,4415.0,4415.0,4375.0,4380.0,182506
202605141230,4380.0,4395.0,4375.0,4390.0,76215
202605141245,4390.0,4390.0,4370.0,4380.0,119547
202605141300,4375.0,4380.0,4370.0,4375.0,114560
202605141315,4380.0,4420.0,4375.0,4410.0,198593
202605141330,4415.0,4450.0,4410.0,4415.0,188237
202605141345,4415.0,4435.0,4410.0,4430.0,125186
202605141400,4430.0,4435.0,4405.0,4405.0,209583
202605141415,4405.0,4420.0,4390.0,4415.0,233587
202605141430,4415.0,4425.0,4390.0,4410.0,158407
202605141445,4410.0,4435.0,4400.0,4430.0,220548
202605141500,4430.0,4460.0,4425.0,4450.0,330398
202605141515,4445.0,4475.0,4445.0,4475.0,245519
202605150900,4690.0,4750.0,4450.0,4505.0,3320506
202605150915,4505.0,4550.0,4455.0,4520.0,1143104
202605150930,4520.0,4530.0,4370.0,4395.0,1105007
202605150945,4395.0,4395.0,4335.0,4360.0,575926
202605151000,4360.0,4365.0,4325.0,4340.0,407654
202605151015,4340.0,4365.0,4320.0,4330.0,314152
202605151030,4325.0,4355.0,4315.0,4330.0,342552
202605151045,4330.0,4335.0,4265.0,4280.0,659595
202605151100,4285.0,4290.0,4200.0,4225.0,545054
202605151115,4240.0,4280.0,4200.0,4215.0,462173
202605151130,4215.0,4250.0,4205.0,4245.0,307597
202605151145,4250.0,4255.0,4210.0,4222.0,216014
202605151200,4222.0,4225.0,4205.0,4220.0,148466
202605151215,4220.0,4220.0,4185.0,4195.0,411993
202605151230,4195.0,4230.0,4190.0,4220.0,142119
202605151245,4220.0,4230.0,4200.0,4200.0,163369
202605151300,4200.0,4205.0,4185.0,4190.0,164951
202605151315,4190.0,4190.0,4150.0,4155.0,379027
202605151330,4157.0,4200.0,4150.0,4160.0,263709
202605151345,4157.0,4255.0,4120.0,4150.0,385224
202605151400,4145.0,4260.0,4120.0,4190.0,567228
202605151415,4190.0,4200.0,4115.0,4130.0,349813
202605151430,4130.0,4150.0,4105.0,4110.0,374450
202605151445,4110.0,4125.0,4060.0,4065.0,689231
202605151500,4070.0,4130.0,4065.0,4100.0,476640
202605151515,4100.0,4160.0,4100.0,4160.0,273702
202605180900,4130.0,4190.0,3895.0,3910.0,1294740
202605180915,3910.0,3965.0,3850.0,3955.0,867405
202605180930,3955.0,3965.0,3890.0,3895.0,500307
202605180945,3890.0,4010.0,3890.0,4005.0,489533
202605181000,4000.0,4005.0,3945.0,3960.0,276068
202605181015,3965.0,3990.0,3920.0,3980.0,240470
202605181030,3980.0,3985.0,3925.0,3950.0,289297
202605181045,3950.0,3980.0,3935.0,3950.0,294063
202605181100,3950.0,4035.0,3940.0,4020.0,325272
202605181115,4020.0,4040.0,4000.0,4010.0,275913
202605181130,4010.0,4020.0,3970.0,4005.0,268642
202605181145,4005.0,4015.0,3960.0,3990.0,202398
202605181200,3995.0,3995.0,3970.0,3985.0,179751
202605181215,3985.0,4000.0,3910.0,3995.0,279054
202605181230,3990.0,4005.0,3975.0,3995.0,198552
202605181245,4000.0,4005.0,3975.0,3990.0,145661
202605181300,3990.0,4000.0,3965.0,3995.0,183871
202605181315,3995.0,3995.0,3960.0,3965.0,173742
202605181330,3965.0,4010.0,3960.0,4005.0,193244
202605181345,4000.0,4015.0,3985.0,4010.0,92967
202605181400,4010.0,4010.0,3980.0,4000.0,115996
202605181415,4000.0,4010.0,3960.0,3995.0,228254
202605181430,3995.0,4005.0,3985.0,3985.0,226403
202605181445,3990.0,4020.0,3990.0,4005.0,255378
202605181500,4005.0,4025.0,4000.0,4025.0,192595
202605181515,4025.0,4025.0,4010.0,4010.0,149090
202605190900,3960.0,4050.0,3900.0,3920.0,536908
202605190915,3920.0,4025.0,3910.0,3960.0,348106
202605190930,3960.0,3960.0,3900.0,3915.0,370225
202605190945,3915.0,3915.0,3845.0,3855.0,450899
202605191000,3860.0,3865.0,3825.0,3845.0,340739
202605191015,3840.0,3860.0,3815.0,3835.0,268312
202605191030,3835.0,3845.0,3800.0,3815.0,265147
202605191045,3810.0,3840.0,3775.0,3790.0,281788
202605191100,3785.0,3800.0,3755.0,3785.0,228440
202605191115,3790.0,3820.0,3780.0,3800.0,218146
202605191130,3800.0,3825.0,3780.0,3815.0,108265
202605191145,3815.0,3825.0,3785.0,3792.0,124487
202605191200,3792.0,3815.0,3785.0,3815.0,63016
202605191215,3815.0,3835.0,3805.0,3835.0,103013
202605191230,3835.0,3840.0,3810.0,3825.0,59970
202605191245,3820.0,3840.0,3815.0,3840.0,76676
202605191300,3840.0,3840.0,3810.0,3815.0,66894
202605191315,3815.0,3820.0,3790.0,3800.0,119837
202605191330,3800.0,3810.0,3785.0,3795.0,69639
202605191345,3800.0,3810.0,3785.0,3810.0,97285
202605191400,3805.0,3810.0,3785.0,3795.0,70966
202605191415,3795.0,3820.0,3780.0,3820.0,228887
202605191430,3820.0,3825.0,3810.0,3820.0,76393
202605191445,3820.0,3820.0,3800.0,3815.0,146320
202605191500,3820.0,3825.0,3800.0,3810.0,209730
202605191515,3810.0,3820.0,3805.0,3820.0,147602
202605200900,3815.0,3850.0,3725.0,3725.0,710470
202605200915,3725.0,3745.0,3670.0,3745.0,699410
202605200930,3745.0,3800.0,3700.0,3700.0,312989
202605200945,3695.0,3740.0,3695.0,3710.0,174479
202605201000,3705.0,3765.0,3685.0,3760.0,280340
202605201015,3765.0,3765.0,3705.0,3710.0,109736
202605201030,3705.0,3710.0,3672.0,3705.0,247334
202605201045,3705.0,3735.0,3690.0,3720.0,150093
202605201100,3720.0,3720.0,3700.0,3715.0,107430
202605201115,3715.0,3735.0,3675.0,3675.0,162202
202605201130,3675.0,3700.0,3645.0,3660.0,434803
202605201145,3660.0,3670.0,3645.0,3650.0,127122
202605201200,3650.0,3665.0,3635.0,3640.0,143630
202605201215,3640.0,3655.0,3630.0,3630.0,176436
202605201230,3630.0,3645.0,3620.0,3630.0,166990
202605201245,3632.0,3660.0,3630.0,3655.0,166114
202605201300,3655.0,3670.0,3640.0,3665.0,121376
202605201315,3665.0,3670.0,3655.0,3665.0,61920
202605201330,3670.0,3675.0,3645.0,3650.0,112842
202605201345,3650.0,3665.0,3645.0,3660.0,64422
202605201400,3660.0,3675.0,3645.0,3655.0,167228
202605201415,3645.0,3670.0,3645.0,3665.0,88209
202605201430,3670.0,3685.0,3660.0,3670.0,124625
202605201445,3670.0,3685.0,3655.0,3685.0,122446
202605201500,3685.0,3695.0,3680.0,3690.0,161610
202605201515,3690.0,3715.0,3690.0,3715.0,185843
202605210900,3875.0,4010.0,3825.0,3950.0,1938678
202605210915,3950.0,4010.0,3850.0,3905.0,804988
202605210930,3905.0,3960.0,3885.0,3915.0,395039
202605210945,3915.0,3965.0,3905.0,3935.0,245354
202605211000,3935.0,3940.0,3900.0,3915.0,263088
202605211015,3910.0,3930.0,3890.0,3905.0,262907
202605211030,3905.0,3925.0,3885.0,3885.0,290508
202605211045,3890.0,3895.0,3850.0,3885.0,319134
202605211100,3885.0,3930.0,3880.0,3920.0,217213
202605211115,3920.0,3940.0,3915.0,3935.0,154008
202605211130,3925.0,3965.0,3925.0,3925.0,258485
202605211145,3930.0,3930.0,3895.0,3905.0,146936
202605211200,3905.0,3905.0,3880.0,3885.0,147390
202605211215,3885.0,3900.0,3880.0,3900.0,89942
202605211230,3900.0,3910.0,3890.0,3900.0,124876
202605211245,3900.0,3920.0,3895.0,3905.0,116841
202605211300,3900.0,3905.0,3890.0,3900.0,139946
202605211315,3900.0,3930.0,3900.0,3925.0,125089
202605211330,3920.0,3930.0,3915.0,3930.0,157318
202605211345,3930.0,3930.0,3905.0,3915.0,119742
202605211400,3920.0,3920.0,3905.0,3915.0,132606
202605211415,3915.0,3935.0,3910.0,3930.0,181468
202605211430,3930.0,4035.0,3925.0,3945.0,1069586
202605211445,3950.0,3950.0,3915.0,3930.0,210626
202605211500,3920.0,3940.0,3910.0,3925.0,228150
202605211515,3927.0,3940.0,3925.0,3925.0,306644
202605220900,4025.0,4055.0,3925.0,3960.0,1006344
202605220915,3955.0,3980.0,3925.0,3930.0,438450
202605220930,3925.0,3940.0,3890.0,3930.0,479878
202605220945,3935.0,3935.0,3895.0,3907.0,369248
202605221000,3910.0,3920.0,3865.0,3915.0,371311
202605221015,3915.0,3965.0,3905.0,3950.0,242010
202605221030,3950.0,3955.0,3905.0,3910.0,219851
202605221045,3910.0,3920.0,3875.0,3880.0,321824
202605221100,3880.0,3885.0,3855.0,3860.0,307643
202605221115,3860.0,3865.0,3845.0,3845.0,186417
202605221130,3850.0,3855.0,3840.0,3850.0,255177
202605221145,3852.0,3855.0,3830.0,3840.0,166716
202605221200,3835.0,3840.0,3830.0,3840.0,109237
202605221215,3840.0,3845.0,3825.0,3825.0,187191
202605221230,3825.0,3830.0,3810.0,3820.0,256042
202605221245,3817.0,3845.0,3815.0,3840.0,136600
202605221300,3840.0,3850.0,3830.0,3835.0,76660
202605221315,3840.0,3855.0,3830.0,3845.0,128343
202605221330,3845.0,3845.0,3835.0,3835.0,82329
202605221345,3835.0,3840.0,3830.0,3835.0,99391
202605221400,3835.0,3845.0,3830.0,3840.0,116156
202605221415,3845.0,3860.0,3840.0,3860.0,192820
202605221430,3860.0,3870.0,3855.0,3855.0,84922
202605221445,3855.0,3865.0,3845.0,3845.0,119124
202605221500,3850.0,3855.0,3840.0,3850.0,147840
202605221515,3850.0,3855.0,3842.0,3850.0,145953
202605260900,3995.0,4190.0,3985.0,4015.0,3109961
202605260915,4015.0,4035.0,3995.0,4005.0,657626
202605260930,4005.0,4020.0,3950.0,3960.0,824042
202605260945,3960.0,3990.0,3955.0,3960.0,347323
202605261000,3965.0,3970.0,3900.0,3925.0,628439
202605261015,3925.0,3930.0,3900.0,3910.0,315467
202605261030,3910.0,3915.0,3870.0,3890.0,442228
202605261045,3890.0,3930.0,3885.0,3910.0,212372
202605261100,3910.0,3940.0,3900.0,3910.0,223281
202605261115,3910.0,3915.0,3895.0,3905.0,165182
202605261130,3905.0,3920.0,3895.0,3905.0,139731
202605261145,3905.0,3910.0,3900.0,3905.0,65636
202605261200,3905.0,3910.0,3900.0,3910.0,76266
202605261215,3910.0,3925.0,3905.0,3905.0,175431
202605261230,3910.0,3910.0,3900.0,3905.0,91345
202605261245,3905.0,3970.0,3900.0,3965.0,261788
202605261300,3965.0,4145.0,3960.0,4000.0,3855899
202605261315,4000.0,4045.0,3975.0,3995.0,927142
202605261330,3985.0,4030.0,3980.0,4000.0,381773
202605261345,3990.0,3995.0,3945.0,3955.0,431487
202605261400,3955.0,3975.0,3945.0,3975.0,203708
202605261415,3975.0,4010.0,3960.0,3980.0,229410
202605261430,3980.0,3995.0,3970.0,3980.0,114290
202605261445,3980.0,3985.0,3955.0,3980.0,189616
202605261500,3975.0,3990.0,3965.0,3990.0,267117
202605261515,3990.0,3995.0,3975.0,3990.0,229959
202605270900,4090.0,4100.0,3790.0,3790.0,1918377
202605270915,3795.0,3820.0,3770.0,3815.0,733755
202605270930,3815.0,3820.0,3745.0,3750.0,777265
202605270945,3750.0,3750.0,3720.0,3745.0,548399
202605271000,3750.0,3770.0,3735.0,3770.0,284862
202605271015,3770.0,3770.0,3740.0,3740.0,200695
202605271030,3745.0,3755.0,3740.0,3750.0,169613
202605271045,3745.0,3750.0,3725.0,3735.0,252260
202605271100,3740.0,3745.0,3735.0,3745.0,92017
202605271115,3740.0,3745.0,3720.0,3730.0,189418
202605271130,3735.0,3735.0,3705.0,3710.0,278790
202605271145,3710.0,3715.0,3700.0,3700.0,292512
202605271200,3697.0,3720.0,3695.0,3715.0,155149
202605271215,3720.0,3725.0,3710.0,3710.0,82274
202605271230,3710.0,3715.0,3690.0,3690.0,199481
202605271245,3695.0,3700.0,3685.0,3695.0,172384
202605271300,3695.0,3710.0,3695.0,3700.0,122512
202605271315,3695.0,3700.0,3665.0,3670.0,302566
202605271330,3665.0,3680.0,3630.0,3655.0,491964
202605271345,3652.0,3665.0,3645.0,3645.0,156127
202605271400,3640.0,3645.0,3630.0,3630.0,146577
202605271415,3630.0,3670.0,3625.0,3660.0,217931
202605271430,3660.0,3665.0,3645.0,3665.0,112735
202605271445,3660.0,3670.0,3640.0,3645.0,136404
202605271500,3640.0,3645.0,3630.0,3640.0,234177
202605271515,3637.0,3650.0,3637.0,3650.0,157460
202605280900,3605.0,3660.0,3555.0,3570.0,872149
202605280915,3575.0,3595.0,3540.0,3555.0,583924
202605280930,3555.0,3560.0,3510.0,3520.0,487222
202605280945,3520.0,3520.0,3460.0,3465.0,661139
202605281000,3465.0,3495.0,3450.0,3470.0,424396
202605281015,3470.0,3485.0,3455.0,3460.0,273298
202605281030,3460.0,3465.0,3430.0,3455.0,292760
202605281045,3455.0,3485.0,3430.0,3480.0,397548
202605281100,3475.0,3480.0,3440.0,3450.0,101600
202605281115,3445.0,3450.0,3420.0,3435.0,195671
202605281130,3435.0,3435.0,3425.0,3430.0,134233
202605281145,3435.0,3435.0,3420.0,3420.0,119719
202605281200,3420.0,3425.0,3410.0,3415.0,122255
202605281215,3415.0,3415.0,3375.0,3375.0,388227
202605281230,3375.0,3380.0,3350.0,3367.0,282769
202605281245,3370.0,3380.0,3355.0,3360.0,220737
202605281300,3360.0,3385.0,3345.0,3355.0,513823
202605281315,3360.0,3375.0,3320.0,3375.0,320845
202605281330,3375.0,3405.0,3360.0,3390.0,200415
202605281345,3390.0,3395.0,3345.0,3385.0,192338
202605281400,3385.0,3400.0,3360.0,3395.0,152261
202605281415,3395.0,3410.0,3355.0,3405.0,217911
202605281430,3405.0,3420.0,3390.0,3420.0,221616
202605281445,3425.0,3445.0,3410.0,3435.0,201412
202605281500,3435.0,3470.0,3430.0,3460.0,312614
202605281515,3455.0,3460.0,3445.0,3450.0,258177
202605290900,3455.0,3465.0,3250.0,3320.0,1329543
202605290915,3320.0,3345.0,3255.0,3275.0,851508
202605290930,3285.0,3285.0,3255.0,3260.0,351575
202605290945,3260.0,3280.0,3245.0,3280.0,484789
202605291000,3280.0,3295.0,3255.0,3275.0,190659
202605291015,3275.0,3295.0,3270.0,3275.0,237171
202605291030,3270.0,3280.0,3250.0,3260.0,230310
202605291045,3260.0,3270.0,3240.0,3255.0,214754
202605291100,3250.0,3260.0,3240.0,3245.0,145521
202605291115,3240.0,3260.0,3240.0,3245.0,200708
202605291130,3245.0,3270.0,3240.0,3260.0,130355
202605291145,3260.0,3270.0,3245.0,3260.0,225161
202605291200,3255.0,3265.0,3245.0,3250.0,159309
202605291215,3250.0,3250.0,3235.0,3245.0,257535
202605291230,3245.0,3260.0,3235.0,3250.0,193338
202605291245,3250.0,3270.0,3240.0,3250.0,154037
202605291300,3250.0,3265.0,3225.0,3260.0,474811
202605291315,3260.0,3265.0,3235.0,3235.0,169013
202605291330,3240.0,3250.0,3235.0,3245.0,113751
202605291345,3245.0,3260.0,3235.0,3245.0,164195
202605291400,3255.0,3270.0,3245.0,3260.0,170576
202605291415,3260.0,3265.0,3250.0,3250.0,136288
202605291430,3255.0,3255.0,3240.0,3245.0,245207
202605291445,3245.0,3250.0,3240.0,3245.0,198022
202605291500,3245.0,3260.0,3240.0,3255.0,194869
202605291515,3255.0,3260.0,3245.0,3250.0,252833
202606010900,3170.0,3340.0,3140.0,3305.0,1718897
202606010915,3305.0,3450.0,3275.0,3450.0,1448260
202606010930,3450.0,3600.0,3450.0,3485.0,2484747
202606010945,3485.0,3600.0,3480.0,3500.0,1435410
202606011000,3500.0,3510.0,3370.0,3380.0,1380172
202606011015,3380.0,3400.0,3345.0,3355.0,659589
202606011030,3355.0,3395.0,3330.0,3370.0,415785
202606011045,3365.0,3370.0,3305.0,3335.0,329400
202606011100,3340.0,3370.0,3300.0,3355.0,329174
202606011115,3355.0,3415.0,3350.0,3400.0,398108
202606011130,3400.0,3410.0,3350.0,3395.0,189677
202606011145,3395.0,3420.0,3375.0,3395.0,183425
202606011200,3385.0,3395.0,3360.0,3365.0,176581
202606011215,3370.0,3375.0,3325.0,3340.0,194910
202606011230,3335.0,3350.0,3325.0,3350.0,150563
202606011245,3350.0,3415.0,3340.0,3405.0,287109
202606011300,3405.0,3410.0,3375.0,3390.0,250241
202606011315,3390.0,3390.0,3350.0,3375.0,202861
202606011330,3375.0,3385.0,3360.0,3380.0,136305
202606011345,3380.0,3380.0,3345.0,3350.0,161597
202606011400,3350.0,3355.0,3325.0,3335.0,227111
202606011415,3335.0,3365.0,3325.0,3355.0,187825
202606011430,3350.0,3365.0,3335.0,3365.0,120749
202606011445,3360.0,3365.0,3345.0,3350.0,138417
202606011500,3355.0,3370.0,3340.0,3355.0,210901
202606011515,3360.0,3360.0,3345.0,3350.0,159113
202606020900,3280.0,3300.0,3110.0,3145.0,1214885
202606020915,3145.0,3175.0,3115.0,3135.0,568286
202606020930,3135.0,3165.0,3110.0,3125.0,439753
202606020945,3130.0,3145.0,3100.0,3115.0,453313
202606021000,3125.0,3160.0,3115.0,3135.0,221605
202606021015,3135.0,3160.0,3125.0,3160.0,246826
202606021030,3160.0,3160.0,3125.0,3130.0,114721
202606021045,3135.0,3135.0,3115.0,3125.0,155873
202606021100,3125.0,3140.0,3105.0,3135.0,170934
202606021115,3135.0,3175.0,3125.0,3170.0,246341
202606021130,3170.0,3195.0,3155.0,3190.0,202217
202606021145,3195.0,3195.0,3170.0,3180.0,64672
202606021200,3185.0,3185.0,3170.0,3175.0,92073
202606021215,3175.0,3190.0,3165.0,3175.0,157918
202606021230,3170.0,3185.0,3165.0,3175.0,102847
202606021245,3175.0,3175.0,3165.0,3170.0,68171
202606021300,3170.0,3190.0,3165.0,3185.0,78504
202606021315,3185.0,3190.0,3175.0,3185.0,61122
202606021330,3190.0,3200.0,3180.0,3200.0,71155
202606021345,3200.0,3205.0,3185.0,3195.0,96785
202606021400,3195.0,3200.0,3180.0,3200.0,98797
202606021415,3200.0,3225.0,3195.0,3220.0,126194
202606021430,3215.0,3220.0,3200.0,3220.0,121163
202606021445,3215.0,3220.0,3195.0,3200.0,172458
202606021500,3200.0,3205.0,3190.0,3197.0,250719
202606021515,3197.0,3200.0,3190.0,3190.0,200401
202606040900,3140.0,3365.0,3130.0,3355.0,825446
202606040915,3355.0,3355.0,3220.0,3230.0,479117
202606040930,3230.0,3235.0,3185.0,3205.0,237541
202606040945,3205.0,3235.0,3170.0,3210.0,212698
202606041000,3210.0,3290.0,3210.0,3270.0,198848
202606041015,3270.0,3305.0,3240.0,3250.0,242614
202606041030,3250.0,3280.0,3235.0,3240.0,127311
202606041045,3245.0,3250.0,3210.0,3235.0,100908
202606041100,3230.0,3255.0,3195.0,3200.0,141456
202606041115,3210.0,3225.0,3200.0,3205.0,64441
202606041130,3205.0,3225.0,3205.0,3210.0,58051
202606041145,3210.0,3215.0,3200.0,3210.0,42204
202606041200,3205.0,3215.0,3190.0,3195.0,99015
202606041215,3200.0,3205.0,3170.0,3200.0,155746
202606041230,3200.0,3210.0,3195.0,3205.0,56046
202606041245,3210.0,3220.0,3200.0,3210.0,60373
202606041300,3210.0,3235.0,3205.0,3210.0,63405
202606041315,3215.0,3220.0,3205.0,3215.0,57681
202606041330,3215.0,3220.0,3210.0,3210.0,49869
202606041345,3215.0,3220.0,3210.0,3215.0,69512
202606041400,3215.0,3220.0,3185.0,3190.0,266494
202606041415,3190.0,3205.0,3185.0,3205.0,33803
202606041430,3200.0,3205.0,3190.0,3195.0,93431
202606041445,3195.0,3200.0,3180.0,3185.0,76946
202606041500,3185.0,3190.0,3175.0,3185.0,174586
202606041515,3185.0,3200.0,3180.0,3200.0,97038
202606050900,3195.0,3630.0,3150.0,3575.0,4705562
202606050915,3570.0,3820.0,3440.0,3680.0,11452521
202606050930,3685.0,3720.0,3470.0,3505.0,6353741
202606050945,3500.0,3600.0,3475.0,3480.0,3521845
202606051000,3480.0,3530.0,3365.0,3465.0,4462672
202606051015,3470.0,3550.0,3435.0,3475.0,2142477
202606051030,3475.0,3475.0,3265.0,3280.0,2928851
202606051045,3280.0,3345.0,3265.0,3345.0,1369869
202606051100,3340.0,3440.0,3340.0,3420.0,1244600
202606051115,3415.0,3420.0,3350.0,3360.0,664790
202606051130,3360.0,3385.0,3325.0,3350.0,549148
202606051145,3350.0,3365.0,3330.0,3337.0,229231
202606051200,3337.0,3340.0,3315.0,3335.0,255947
202606051215,3330.0,3345.0,3300.0,3300.0,326549
202606051230,3300.0,3320.0,3280.0,3295.0,344968
202606051245,3295.0,3295.0,3205.0,3245.0,766293
202606051300,3245.0,3300.0,3235.0,3265.0,283810
202606051315,3260.0,3285.0,3250.0,3260.0,150921
202606051330,3255.0,3280.0,3245.0,3260.0,248358
202606051345,3260.0,3270.0,3220.0,3230.0,368418
202606051400,3230.0,3230.0,3185.0,3215.0,537372
202606051415,3215.0,3240.0,3205.0,3240.0,205966
202606051430,3240.0,3250.0,3230.0,3230.0,246116
202606051445,3235.0,3235.0,3205.0,3205.0,238178
202606051500,3205.0,3245.0,3205.0,3235.0,265633
202606051515,3240.0,3240.0,3205.0,3205.0,246505
202606080900,2990.0,2995.0,2885.0,2890.0,459020
202606080930,2890.0,3055.0,2890.0,2935.0,847624
202606080945,2940.0,2955.0,2900.0,2940.0,467663
202606081000,2940.0,2965.0,2895.0,2910.0,447772
202606081015,2910.0,2910.0,2880.0,2885.0,370939
202606081030,2885.0,2915.0,2880.0,2910.0,182708
202606081045,2905.0,2920.0,2900.0,2905.0,164129
202606081100,2910.0,2935.0,2895.0,2935.0,168398
202606081115,2935.0,2955.0,2905.0,2940.0,218758
202606081130,2940.0,2970.0,2930.0,2960.0,196362
202606081145,2960.0,2965.0,2935.0,2940.0,140088
202606081200,2945.0,2950.0,2925.0,2940.0,93241
202606081215,2937.0,2950.0,2925.0,2950.0,82595
202606081230,2950.0,2955.0,2935.0,2940.0,114365
202606081245,2940.0,2955.0,2940.0,2950.0,111163
202606081300,2950.0,2960.0,2945.0,2950.0,51808
202606081315,2950.0,2960.0,2935.0,2945.0,116163
202606081330,2945.0,2945.0,2920.0,2930.0,171925
202606081345,2925.0,2935.0,2910.0,2915.0,132257
202606081400,2915.0,2935.0,2905.0,2910.0,135492
202606081415,2910.0,2915.0,2900.0,2910.0,147476
202606081430,2910.0,2910.0,2840.0,2855.0,456664
202606081445,2855.0,2875.0,2850.0,2870.0,221308
202606081500,2870.0,2875.0,2850.0,2870.0,301538
202606081515,2865.0,2875.0,2855.0,2855.0,331828
202606090900,2980.0,3040.0,2800.0,2810.0,1005037
202606090915,2810.0,2885.0,2755.0,2850.0,646362
202606090930,2850.0,2930.0,2835.0,2920.0,444162
202606090945,2920.0,2935.0,2875.0,2900.0,318692
202606091000,2895.0,2895.0,2830.0,2835.0,249503
202606091015,2835.0,2880.0,2815.0,2865.0,235080
202606091030,2865.0,2880.0,2840.0,2855.0,234561
202606091045,2855.0,2885.0,2840.0,2875.0,173924
202606091100,2875.0,2900.0,2865.0,2895.0,103232
202606091115,2895.0,2895.0,2840.0,2875.0,145379
202606091130,2875.0,2890.0,2870.0,2885.0,88999
202606091145,2885.0,2900.0,2855.0,2900.0,151019
202606091200,2895.0,2900.0,2880.0,2885.0,61421
202606091215,2890.0,2905.0,2885.0,2905.0,65899
202606091230,2905.0,2905.0,2885.0,2885.0,91821
202606091245,2895.0,2980.0,2885.0,2905.0,460207
202606091300,2905.0,2955.0,2895.0,2940.0,304186
202606091315,2940.0,2965.0,2930.0,2960.0,243413
202606091330,2960.0,2975.0,2955.0,2955.0,114244
202606091345,2960.0,2980.0,2955.0,2965.0,160986
202606091400,2965.0,2975.0,2960.0,2975.0,126925
202606091415,2970.0,2970.0,2950.0,2955.0,108204
202606091430,2955.0,2965.0,2950.0,2965.0,116346
202606091445,2965.0,2970.0,2950.0,2960.0,127391
202606091500,2960.0,2970.0,2955.0,2970.0,213813
202606091515,2970.0,2985.0,2960.0,2985.0,242833
202606100900,2940.0,3020.0,2890.0,2910.0,525291
202606100915,2910.0,2915.0,2885.0,2895.0,187161
202606100930,2895.0,2945.0,2880.0,2885.0,219911
202606100945,2885.0,2905.0,2860.0,2905.0,161875
202606101000,2905.0,2920.0,2885.0,2910.0,163615
202606101015,2910.0,2930.0,2905.0,2910.0,67619
202606101030,2910.0,2945.0,2905.0,2925.0,114572
202606101045,2925.0,2940.0,2910.0,2915.0,45944
202606101100,2915.0,2915.0,2885.0,2885.0,128097
202606101115,2885.0,2890.0,2870.0,2890.0,87164
202606101130,2890.0,2895.0,2875.0,2880.0,47651
202606101145,2885.0,2895.0,2875.0,2882.0,91308
202606101200,2880.0,2895.0,2875.0,2890.0,47240
202606101215,2900.0,2910.0,2890.0,2895.0,70856
202606101230,2895.0,2900.0,2875.0,2877.0,77092
202606101245,2880.0,2885.0,2865.0,2870.0,75530
202606101300,2870.0,2885.0,2860.0,2875.0,107543
202606101315,2875.0,2890.0,2840.0,2845.0,200821
202606101330,2845.0,2850.0,2815.0,2815.0,135227
202606101345,2815.0,2835.0,2805.0,2805.0,173458
202606101400,2815.0,2825.0,2800.0,2815.0,103209
202606101415,2810.0,2840.0,2780.0,2835.0,226641
202606101430,2835.0,2835.0,2790.0,2800.0,116399
202606101445,2800.0,2820.0,2785.0,2815.0,107145
202606101500,2810.0,2860.0,2805.0,2860.0,156730
202606101515,2860.0,2875.0,2855.0,2870.0,170652
202606110900,2780.0,2830.0,2730.0,2830.0,622179
202606110915,2830.0,2870.0,2785.0,2810.0,337930
202606110930,2810.0,2820.0,2770.0,2795.0,209894
202606110945,2795.0,2870.0,2780.0,2840.0,367980
202606111000,2830.0,2865.0,2825.0,2850.0,184891
202606111015,2845.0,2850.0,2815.0,2840.0,141405
202606111030,2840.0,2845.0,2810.0,2817.0,100531
202606111045,2820.0,2825.0,2800.0,2825.0,266603
202606111100,2825.0,2830.0,2800.0,2805.0,95993
202606111115,2810.0,2810.0,2780.0,2790.0,98672
202606111130,2790.0,2795.0,2780.0,2785.0,64283
202606111145,2790.0,2810.0,2785.0,2805.0,50732
202606111200,2810.0,2825.0,2800.0,2815.0,69113
202606111215,2815.0,2830.0,2800.0,2820.0,50236
202606111230,2820.0,2845.0,2815.0,2845.0,79284
202606111245,2840.0,2850.0,2835.0,2840.0,102506
202606111300,2840.0,2895.0,2840.0,2885.0,245449
202606111315,2890.0,2895.0,2880.0,2895.0,131749
202606111330,2890.0,2900.0,2890.0,2895.0,133421
202606111345,2895.0,2905.0,2875.0,2880.0,219148
202606111400,2880.0,2890.0,2865.0,2875.0,83858
202606111415,2875.0,2875.0,2855.0,2860.0,113826
202606111430,2860.0,2875.0,2850.0,2865.0,103332
202606111445,2865.0,2870.0,2855.0,2870.0,80858
202606111500,2865.0,2885.0,2860.0,2875.0,102469
202606111515,2875.0,2890.0,2875.0,2880.0,98574
202606120900,3085.0,3130.0,2950.0,3040.0,1183015
202606120915,3040.0,3115.0,3015.0,3065.0,472385
202606120930,3070.0,3075.0,3030.0,3045.0,259684
202606120945,3040.0,3055.0,3035.0,3045.0,160364
202606121000,3050.0,3055.0,3030.0,3035.0,165252
202606121015,3035.0,3040.0,3005.0,3015.0,198582
202606121030,3020.0,3085.0,3015.0,3065.0,285515
202606121045,3065.0,3110.0,3060.0,3095.0,217996
202606121100,3095.0,3100.0,3085.0,3095.0,83027
202606121115,3095.0,3160.0,3090.0,3125.0,415054
202606121130,3120.0,3265.0,3120.0,3245.0,963038
202606121145,3245.0,3285.0,3215.0,3275.0,806927
202606121200,3275.0,3315.0,3245.0,3275.0,674629
202606121215,3280.0,3285.0,3235.0,3265.0,380551
202606121230,3265.0,3290.0,3240.0,3255.0,270606
202606121245,3255.0,3260.0,3240.0,3245.0,188142
202606121300,3255.0,3275.0,3235.0,3265.0,210967
202606121315,3265.0,3270.0,3210.0,3220.0,226638
202606121330,3220.0,3245.0,3210.0,3235.0,202882
202606121345,3235.0,3335.0,3235.0,3310.0,875727
202606121400,3315.0,3320.0,3270.0,3290.0,317174
202606121415,3290.0,3305.0,3250.0,3250.0,250444
202606121430,3250.0,3260.0,3190.0,3195.0,541272
202606121445,3195.0,3220.0,3165.0,3195.0,307356
202606121500,3200.0,3215.0,3180.0,3205.0,223299
202606121515,3215.0,3235.0,3205.0,3230.0,77838
202606150900,3455.0,3460.0,3200.0,3255.0,1284385
202606150915,3255.0,3515.0,3250.0,3310.0,813613
202606150930,3310.0,3345.0,3285.0,3290.0,274633
202606150945,3290.0,3300.0,3275.0,3295.0,198569
202606151000,3295.0,3325.0,3280.0,3320.0,246435
202606151015,3320.0,3320.0,3295.0,3305.0,115158
202606151030,3305.0,3305.0,3260.0,3265.0,113791
202606151045,3260.0,3265.0,3245.0,3250.0,180354
202606151100,3250.0,3250.0,3240.0,3245.0,94362
202606151115,3245.0,3255.0,3240.0,3250.0,103878
202606151130,3255.0,3270.0,3250.0,3265.0,58037
202606151145,3260.0,3270.0,3260.0,3270.0,44482
202606151200,3270.0,3275.0,3260.0,3265.0,100009
202606151215,3270.0,3275.0,3265.0,3275.0,56139
202606151230,3265.0,3275.0,3260.0,3265.0,52905
202606151245,3265.0,3265.0,3260.0,3260.0,65485
202606151300,3265.0,3265.0,3240.0,3245.0,193264
202606151315,3250.0,3250.0,3245.0,3250.0,46138
202606151330,3250.0,3250.0,3235.0,3240.0,116241
202606151345,3240.0,3245.0,3230.0,3240.0,95930
202606151400,3235.0,3240.0,3225.0,3230.0,85317
202606151415,3230.0,3230.0,3225.0,3225.0,58186
202606151430,3225.0,3240.0,3210.0,3215.0,172509
202606151445,3215.0,3230.0,3210.0,3220.0,80573
202606151500,3225.0,3230.0,3215.0,3220.0,120198
202606151515,3220.0,3225.0,3215.0,3225.0,112841
202606160900,3245.0,3315.0,3195.0,3305.0,516344
202606160915,3310.0,3400.0,3290.0,3370.0,925903
202606160930,3367.0,3405.0,3330.0,3335.0,739323
202606160945,3340.0,3345.0,3280.0,3305.0,350879
202606161000,3310.0,3315.0,3260.0,3265.0,300845
202606161015,3265.0,3290.0,3255.0,3265.0,183492
202606161030,3265.0,3280.0,3255.0,3265.0,124707
202606161045,3265.0,3280.0,3255.0,3275.0,83672
202606161100,3277.0,3285.0,3270.0,3275.0,127411
202606161115,3275.0,3280.0,3260.0,3265.0,74876
202606161130,3265.0,3275.0,3255.0,3270.0,58034
202606161145,3265.0,3270.0,3235.0,3235.0,132639
202606161200,3240.0,3240.0,3230.0,3235.0,73795
202606161215,3230.0,3260.0,3230.0,3255.0,77103
202606161230,3255.0,3260.0,3240.0,3260.0,44317
202606161245,3260.0,3265.0,3220.0,3225.0,126770
202606161300,3225.0,3240.0,3215.0,3235.0,96662
202606161315,3235.0,3240.0,3225.0,3230.0,57608
202606161330,3225.0,3245.0,3225.0,3245.0,51589
202606161345,3245.0,3245.0,3220.0,3225.0,71949
202606161400,3230.0,3235.0,3220.0,3232.0,51310
202606161415,3232.0,3235.0,3210.0,3210.0,94132
202606161430,3215.0,3220.0,3200.0,3205.0,134376
202606161445,3210.0,3210.0,3185.0,3200.0,198417
202606161500,3195.0,3215.0,3190.0,3205.0,172761
202606161515,3205.0,3210.0,3200.0,3200.0,122997
202606170900,3175.0,3235.0,3110.0,3120.0,400150
202606170915,3115.0,3130.0,3095.0,3125.0,244144
202606170930,3125.0,3125.0,3100.0,3115.0,202240
202606170945,3115.0,3115.0,3095.0,3115.0,144269
202606171000,3110.0,3145.0,3100.0,3145.0,89363
202606171015,3145.0,3175.0,3135.0,3160.0,103243
202606171030,3155.0,3170.0,3135.0,3165.0,84936
202606171045,3160.0,3200.0,3160.0,3195.0,138388
202606171100,3195.0,3210.0,3160.0,3180.0,111467
202606171115,3180.0,3180.0,3170.0,3175.0,66828
202606171130,3175.0,3195.0,3165.0,3180.0,63299
202606171145,3190.0,3195.0,3175.0,3185.0,39640
202606171200,3180.0,3185.0,3165.0,3170.0,74726
202606171215,3165.0,3170.0,3160.0,3160.0,50906
202606171230,3165.0,3170.0,3160.0,3165.0,38912
202606171245,3167.0,3175.0,3165.0,3170.0,53200
202606171300,3175.0,3175.0,3160.0,3165.0,90735
202606171315,3165.0,3170.0,3155.0,3170.0,54207
202606171330,3165.0,3170.0,3150.0,3165.0,46238
202606171345,3165.0,3170.0,3140.0,3150.0,78399
202606171400,3155.0,3160.0,3145.0,3160.0,52359
202606171415,3160.0,3165.0,3135.0,3140.0,76608
202606171430,3140.0,3150.0,3135.0,3135.0,88181
202606171445,3135.0,3150.0,3135.0,3145.0,55317
202606171500,3145.0,3155.0,3135.0,3155.0,127672
202606171515,3155.0,3170.0,3150.0,3160.0,94761
202606180900,3180.0,3190.0,3060.0,3090.0,378861
202606180915,3090.0,3100.0,3060.0,3075.0,302326
202606180930,3075.0,3075.0,3050.0,3060.0,175284
202606180945,3060.0,3065.0,3030.0,3035.0,161758
202606181000,3040.0,3065.0,3035.0,3060.0,145513
202606181015,3060.0,3060.0,3035.0,3040.0,57379
202606181030,3040.0,3045.0,3030.0,3035.0,79258
202606181045,3035.0,3035.0,3015.0,3030.0,189723
202606181100,3030.0,3045.0,3025.0,3040.0,62210
202606181115,3040.0,3040.0,3020.0,3025.0,38345
202606181130,3025.0,3025.0,3010.0,3015.0,72133
202606181145,3015.0,3025.0,3010.0,3015.0,71214
202606181200,3015.0,3015.0,3005.0,3010.0,74453
202606181215,3010.0,3020.0,3005.0,3005.0,71640
202606181230,3010.0,3015.0,3005.0,3010.0,143205
202606181245,3010.0,3015.0,3000.0,3000.0,102585
202606181300,3002.0,3010.0,2970.0,2985.0,316895
202606181315,2985.0,2990.0,2970.0,2985.0,104927
202606181330,2985.0,3000.0,2980.0,2995.0,82782
202606181345,3000.0,3020.0,2995.0,3010.0,88575
202606181400,3015.0,3015.0,3005.0,3010.0,59529
202606181415,3005.0,3015.0,2995.0,3000.0,77845
202606181430,3000.0,3000.0,2990.0,2995.0,59458
202606181445,2995.0,3010.0,2990.0,3005.0,167219
202606181500,3000.0,3005.0,2995.0,3005.0,88891
202606181515,2995.0,3000.0,2990.0,2995.0,118852
202606190900,2980.0,2985.0,2920.0,2960.0,406274
202606190915,2960.0,2975.0,2910.0,2910.0,187175
202606190930,2915.0,2935.0,2905.0,2920.0,228092
202606190945,2925.0,2945.0,2910.0,2935.0,140898
202606191000,2935.0,2940.0,2915.0,2930.0,98910
202606191015,2930.0,2935.0,2905.0,2920.0,106033
202606191030,2915.0,2915.0,2900.0,2900.0,117968
202606191045,2900.0,2915.0,2890.0,2900.0,140108
202606191100,2900.0,2920.0,2895.0,2905.0,53220
202606191115,2905.0,2905.0,2890.0,2905.0,74568
202606191130,2905.0,2915.0,2900.0,2910.0,30962
202606191145,2910.0,2910.0,2890.0,2900.0,127127
202606191200,2895.0,2900.0,2895.0,2900.0,37845
202606191215,2895.0,2900.0,2875.0,2880.0,160348
202606191230,2880.0,2880.0,2850.0,2855.0,167497
202606191245,2855.0,2865.0,2850.0,2855.0,119785
202606191300,2855.0,2870.0,2835.0,2860.0,159975
202606191315,2855.0,2860.0,2845.0,2850.0,58128
202606191330,2850.0,2850.0,2830.0,2840.0,80878
202606191345,2840.0,2845.0,2835.0,2845.0,74753
202606191400,2845.0,2855.0,2825.0,2825.0,123436
202606191415,2825.0,2840.0,2815.0,2815.0,94403
202606191430,2815.0,2830.0,2800.0,2820.0,132788
202606191445,2820.0,2860.0,2820.0,2850.0,99630
202606191500,2850.0,2875.0,2845.0,2870.0,86818
202606191515,2865.0,2870.0,2855.0,2860.0,404160
202606220900,2805.0,2870.0,2650.0,2795.0,500008
202606220915,2790.0,2830.0,2790.0,2807.0,131762
202606220930,2807.0,2830.0,2790.0,2805.0,195411
202606220945,2805.0,2820.0,2785.0,2790.0,119478
202606221000,2790.0,2795.0,2750.0,2755.0,209067
202606221015,2755.0,2770.0,2730.0,2745.0,178430
202606221030,2750.0,2760.0,2705.0,2740.0,185710
202606221045,2740.0,2740.0,2705.0,2730.0,108613
202606221100,2730.0,2740.0,2720.0,2725.0,98419
202606221115,2725.0,2745.0,2720.0,2730.0,98134
202606221130,2730.0,2745.0,2725.0,2725.0,56692
202606221145,2730.0,2740.0,2720.0,2730.0,54897
202606221200,2730.0,2740.0,2720.0,2740.0,73711
202606221215,2735.0,2740.0,2725.0,2725.0,46586
202606221230,2730.0,2730.0,2715.0,2720.0,88530
202606221245,2720.0,2730.0,2715.0,2725.0,82773
202606221300,2725.0,2735.0,2715.0,2725.0,82810
202606221315,2730.0,2735.0,2715.0,2725.0,55803
202606221330,2720.0,2735.0,2720.0,2720.0,102735
202606221345,2725.0,2755.0,2720.0,2745.0,128232
202606221400,2745.0,2780.0,2745.0,2780.0,111836
202606221415,2775.0,2780.0,2765.0,2765.0,64634
202606221430,2770.0,2770.0,2755.0,2770.0,56150
202606221445,2770.0,2770.0,2760.0,2770.0,57017
202606221500,2770.0,2785.0,2770.0,2770.0,85668
202606221515,2780.0,2780.0,2770.0,2780.0,104356
202606230900,2730.0,2800.0,2705.0,2745.0,372622
202606230915,2745.0,2745.0,2680.0,2720.0,406285
202606230930,2725.0,2735.0,2680.0,2690.0,179588
202606230945,2690.0,2695.0,2670.0,2670.0,123222
202606231000,2670.0,2695.0,2670.0,2690.0,94186
202606231015,2690.0,2705.0,2670.0,2700.0,101158
202606231030,2700.0,2700.0,2670.0,2675.0,84726
202606231045,2670.0,2675.0,2645.0,2655.0,235425
202606231100,2655.0,2655.0,2635.0,2655.0,142023
202606231115,2655.0,2665.0,2645.0,2655.0,91790
202606231130,2655.0,2670.0,2645.0,2655.0,56149
202606231145,2655.0,2660.0,2640.0,2650.0,92004
202606231200,2650.0,2650.0,2630.0,2635.0,99597
202606231215,2635.0,2635.0,2615.0,2620.0,164862
202606231230,2620.0,2620.0,2600.0,2610.0,171301
202606231245,2610.0,2655.0,2600.0,2655.0,189302
202606231300,2650.0,2655.0,2630.0,2635.0,63643
202606231315,2635.0,2635.0,2620.0,2625.0,73291
202606231330,2625.0,2630.0,2605.0,2620.0,125773
202606231345,2620.0,2630.0,2615.0,2615.0,66875
202606231400,2620.0,2625.0,2590.0,2595.0,234823
202606231415,2595.0,2600.0,2575.0,2580.0,116901
202606231430,2585.0,2585.0,2575.0,2575.0,32344
202606231500,2575.0,2585.0,2505.0,2560.0,435331
202606231515,2555.0,2565.0,2535.0,2535.0,128242
202606240900,2530.0,2625.0,2510.0,2610.0,375763
202606240915,2615.0,2630.0,2545.0,2580.0,258749
202606240930,2580.0,2590.0,2550.0,2575.0,171073
202606240945,2575.0,2615.0,2555.0,2580.0,145437
202606241000,2580.0,2580.0,2550.0,2550.0,113091
202606241015,2555.0,2565.0,2535.0,2560.0,141286
202606241030,2555.0,2585.0,2550.0,2585.0,100870
202606241045,2585.0,2600.0,2565.0,2590.0,64554
202606241100,2590.0,2610.0,2585.0,2610.0,61693
202606241115,2610.0,2615.0,2585.0,2600.0,64723
202606241130,2597.0,2600.0,2555.0,2565.0,75348
202606241145,2565.0,2565.0,2520.0,2525.0,112606
202606241200,2525.0,2540.0,2505.0,2515.0,206861
202606241215,2515.0,2530.0,2490.0,2530.0,130794
202606241230,2530.0,2545.0,2520.0,2535.0,49124
202606241245,2535.0,2545.0,2520.0,2545.0,46472
202606241300,2540.0,2540.0,2515.0,2530.0,57251
202606241315,2525.0,2535.0,2510.0,2525.0,92617
202606241330,2525.0,2545.0,2515.0,2540.0,41952
202606241345,2540.0,2560.0,2540.0,2550.0,90694
202606241400,2550.0,2590.0,2545.0,2590.0,90964
202606241415,2590.0,2610.0,2585.0,2595.0,103955
202606241430,2590.0,2595.0,2562.0,2565.0,118030
202606241445,2565.0,2580.0,2540.0,2550.0,121785
202606241500,2550.0,2565.0,2550.0,2565.0,146734
202606241515,2560.0,2565.0,2540.0,2565.0,139232
202606250900,2650.0,2680.0,2575.0,2675.0,422620
202606250915,2675.0,2720.0,2670.0,2705.0,514035
202606250930,2705.0,2715.0,2630.0,2655.0,217537
202606250945,2655.0,2665.0,2600.0,2615.0,186836
202606251000,2615.0,2635.0,2605.0,2630.0,91592
202606251015,2630.0,2630.0,2590.0,2600.0,112321
202606251030,2600.0,2640.0,2600.0,2625.0,90021
202606251045,2620.0,2640.0,2615.0,2615.0,64121
202606251100,2615.0,2630.0,2600.0,2605.0,76270
202606251115,2602.0,2630.0,2590.0,2615.0,64841
202606251130,2615.0,2635.0,2610.0,2625.0,47857
202606251145,2625.0,2625.0,2610.0,2615.0,33874
202606251200,2615.0,2620.0,2605.0,2605.0,37706
202606251215,2610.0,2620.0,2605.0,2605.0,80431
202606251230,2610.0,2620.0,2600.0,2600.0,73070
202606251245,2600.0,2625.0,2585.0,2615.0,111968
202606251300,2615.0,2620.0,2590.0,2600.0,49872
202606251315,2600.0,2615.0,2565.0,2600.0,114919
202606251330,2600.0,2605.0,2590.0,2605.0,40911
202606251345,2600.0,2610.0,2580.0,2585.0,60172
202606251400,2585.0,2605.0,2570.0,2595.0,74642
202606251415,2600.0,2600.0,2555.0,2555.0,153419
202606251430,2555.0,2575.0,2550.0,2560.0,122115
202606251445,2555.0,2580.0,2555.0,2570.0,67949
202606251500,2570.0,2580.0,2565.0,2570.0,91288
202606251515,2570.0,2585.0,2560.0,2565.0,109502
202606260900,2510.0,2540.0,2415.0,2440.0,465387
202606260915,2440.0,2460.0,2420.0,2445.0,227303
202606260930,2445.0,2465.0,2430.0,2455.0,178530
202606260945,2455.0,2470.0,2430.0,2440.0,93724
202606261000,2445.0,2470.0,2435.0,2470.0,140146
202606261015,2470.0,2475.0,2445.0,2450.0,67530
202606261030,2450.0,2465.0,2435.0,2465.0,60045
202606261045,2460.0,2475.0,2440.0,2450.0,66177
202606261100,2450.0,2450.0,2425.0,2430.0,80603
202606261115,2430.0,2435.0,2400.0,2420.0,138562
202606261130,2420.0,2420.0,2370.0,2385.0,174880
202606261145,2390.0,2390.0,2350.0,2360.0,250750
202606261200,2360.0,2370.0,2355.0,2360.0,63251
202606261230,2355.0,2365.0,2325.0,2345.0,182617
202606261245,2350.0,2385.0,2340.0,2370.0,173472
202606261300,2370.0,2395.0,2365.0,2390.0,75657
202606261315,2390.0,2395.0,2370.0,2380.0,76159
202606261330,2380.0,2380.0,2355.0,2365.0,70455
202606261345,2360.0,2370.0,2340.0,2370.0,94238
202606261400,2370.0,2395.0,2355.0,2395.0,125697
202606261415,2395.0,2410.0,2380.0,2410.0,68733
202606261430,2400.0,2415.0,2385.0,2385.0,69344
202606261445,2390.0,2400.0,2385.0,2395.0,40085
202606261500,2395.0,2405.0,2380.0,2395.0,111679
202606261515,2395.0,2400.0,2390.0,2395.0,68730
202606290900,2395.0,2455.0,2345.0,2430.0,258785
202606290915,2430.0,2475.0,2430.0,2455.0,226241
202606290930,2455.0,2510.0,2425.0,2495.0,230952
202606290945,2500.0,2520.0,2470.0,2500.0,297465
202606291000,2500.0,2500.0,2470.0,2500.0,131639
202606291015,2497.0,2510.0,2485.0,2510.0,126483
202606291030,2510.0,2520.0,2475.0,2495.0,221164
202606291045,2490.0,2510.0,2485.0,2485.0,105379
202606291100,2485.0,2495.0,2465.0,2475.0,99912
202606291115,2475.0,2490.0,2465.0,2490.0,62573
202606291130,2495.0,2510.0,2480.0,2505.0,64493
202606291145,2505.0,2520.0,2500.0,2520.0,102189
202606291200,2520.0,2530.0,2500.0,2500.0,151434
202606291215,2505.0,2520.0,2500.0,2510.0,30820
202606291230,2515.0,2515.0,2495.0,2500.0,34993
202606291245,2500.0,2530.0,2490.0,2520.0,98783
202606291300,2525.0,2545.0,2520.0,2525.0,58835
202606291315,2525.0,2535.0,2515.0,2515.0,55193
202606291330,2515.0,2525.0,2505.0,2505.0,63371
202606291345,2510.0,2545.0,2500.0,2525.0,162474
202606291400,2525.0,2545.0,2515.0,2540.0,55159
202606291415,2545.0,2550.0,2535.0,2535.0,82413
202606291430,2535.0,2560.0,2535.0,2555.0,104976
202606291445,2555.0,2575.0,2550.0,2570.0,112840
202606291500,2575.0,2575.0,2545.0,2545.0,115099
202606291515,2545.0,2565.0,2545.0,2565.0,95033
202606300900,2525.0,2565.0,2485.0,2560.0,287953
202606300915,2565.0,2565.0,2515.0,2525.0,109079
202606300930,2525.0,2535.0,2490.0,2490.0,109052
202606300945,2490.0,2520.0,2480.0,2520.0,148476
202606301000,2520.0,2520.0,2485.0,2495.0,72595
202606301015,2495.0,2510.0,2490.0,2510.0,74994
202606301030,2510.0,2525.0,2500.0,2500.0,44768
202606301045,2505.0,2520.0,2490.0,2515.0,56861
202606301100,2515.0,2520.0,2485.0,2490.0,82731
202606301115,2490.0,2500.0,2480.0,2490.0,46024
202606301130,2490.0,2500.0,2485.0,2495.0,61951
202606301145,2490.0,2505.0,2490.0,2500.0,35254
202606301200,2500.0,2500.0,2485.0,2495.0,54060
202606301215,2495.0,2505.0,2490.0,2500.0,31587
202606301230,2495.0,2505.0,2490.0,2500.0,26039
202606301245,2500.0,2505.0,2490.0,2500.0,36026
202606301300,2495.0,2500.0,2490.0,2495.0,20576
202606301315,2500.0,2500.0,2490.0,2495.0,25902
202606301330,2495.0,2515.0,2490.0,2505.0,59033
202606301345,2500.0,2525.0,2500.0,2525.0,54801
202606301400,2525.0,2525.0,2500.0,2515.0,66434
202606301415,2510.0,2525.0,2495.0,2510.0,69378
202606301430,2505.0,2515.0,2500.0,2515.0,32684
202606301445,2515.0,2515.0,2495.0,2497.0,61522
202606301500,2497.0,2497.0,2480.0,2495.0,139165
202606301515,2495.0,2505.0,2490.0,2505.0,96006
202607010900,2545.0,2605.0,2520.0,2595.0,347773
202607010915,2595.0,2635.0,2570.0,2630.0,415181
202607010930,2630.0,2690.0,2625.0,2680.0,446247
202607010945,2680.0,2700.0,2635.0,2645.0,339263
202607011000,2645.0,2650.0,2620.0,2630.0,219187
202607011015,2630.0,2670.0,2620.0,2670.0,142747
202607011030,2670.0,2670.0,2610.0,2620.0,121952
202607011045,2610.0,2625.0,2595.0,2600.0,123242
202607011100,2600.0,2600.0,2560.0,2570.0,147940
202607011115,2565.0,2585.0,2560.0,2575.0,63116
202607011130,2575.0,2595.0,2560.0,2595.0,63003
202607011145,2595.0,2600.0,2580.0,2585.0,36579
202607011200,2590.0,2595.0,2580.0,2595.0,53316
202607011215,2595.0,2595.0,2585.0,2585.0,71698
202607011230,2590.0,2610.0,2585.0,2595.0,49022
202607011245,2595.0,2610.0,2590.0,2595.0,58511
202607011300,2595.0,2600.0,2580.0,2580.0,39139
202607011315,2580.0,2585.0,2570.0,2580.0,34152
202607011330,2580.0,2580.0,2555.0,2565.0,68111
202607011345,2565.0,2585.0,2560.0,2575.0,43833
202607011400,2575.0,2585.0,2560.0,2575.0,31971
202607011415,2575.0,2580.0,2565.0,2575.0,36605
202607011430,2570.0,2575.0,2555.0,2565.0,69491
202607011445,2565.0,2575.0,2555.0,2575.0,70344
202607011500,2575.0,2575.0,2560.0,2570.0,57619
202607011515,2575.0,2575.0,2560.0,2575.0,101910
202607020900,2545.0,2560.0,2440.0,2450.0,537616
202607020915,2450.0,2460.0,2420.0,2440.0,309725
202607020930,2440.0,2455.0,2410.0,2420.0,239020
202607020945,2425.0,2435.0,2410.0,2425.0,102723
202607021000,2420.0,2480.0,2420.0,2475.0,165200
202607021015,2470.0,2480.0,2460.0,2475.0,121592
202607021030,2475.0,2505.0,2470.0,2492.0,121797
202607021045,2492.0,2515.0,2485.0,2500.0,92247
202607021100,2500.0,2545.0,2500.0,2525.0,92145
202607021115,2525.0,2525.0,2485.0,2485.0,71039
202607021130,2485.0,2510.0,2485.0,2505.0,47275
202607021145,2505.0,2505.0,2475.0,2495.0,41101
202607021200,2495.0,2500.0,2485.0,2490.0,21997
202607021215,2490.0,2490.0,2475.0,2475.0,28346
202607021230,2480.0,2485.0,2470.0,2470.0,60655
202607021245,2470.0,2475.0,2455.0,2465.0,50324
202607021300,2470.0,2470.0,2450.0,2450.0,64153
202607021315,2450.0,2470.0,2445.0,2465.0,110710
202607021330,2465.0,2465.0,2430.0,2435.0,44424
202607021345,2435.0,2470.0,2430.0,2465.0,45314
202607021400,2465.0,2465.0,2445.0,2450.0,50114
202607021415,2450.0,2455.0,2440.0,2445.0,35221
202607021430,2445.0,2445.0,2425.0,2435.0,82013
202607021445,2435.0,2435.0,2415.0,2430.0,161648
202607021500,2430.0,2430.0,2400.0,2405.0,142936
202607021515,2405.0,2415.0,2395.0,2400.0,115778
202607030900,2450.0,2455.0,2360.0,2395.0,208804
202607030915,2395.0,2395.0,2315.0,2335.0,170841
202607030930,2325.0,2395.0,2320.0,2360.0,150900
202607030945,2360.0,2370.0,2335.0,2340.0,123102
202607031000,2340.0,2460.0,2330.0,2450.0,289429
202607031015,2450.0,2495.0,2425.0,2460.0,360260
202607031030,2465.0,2495.0,2460.0,2485.0,136378
202607031045,2485.0,2500.0,2455.0,2465.0,173585
202607031100,2465.0,2495.0,2450.0,2480.0,112749
202607031115,2475.0,2500.0,2470.0,2490.0,89690
202607031130,2490.0,2495.0,2467.0,2490.0,80592
202607031145,2490.0,2515.0,2485.0,2500.0,152326
202607031200,2500.0,2500.0,2465.0,2470.0,100548
202607031215,2470.0,2500.0,2470.0,2500.0,79708
202607031230,2500.0,2515.0,2465.0,2470.0,97745
202607031245,2480.0,2505.0,2470.0,2495.0,50363
202607031300,2495.0,2515.0,2480.0,2515.0,62119
202607031315,2515.0,2525.0,2505.0,2520.0,119665
202607031330,2520.0,2540.0,2510.0,2540.0,128794
202607031345,2540.0,2550.0,2515.0,2545.0,124876
202607031400,2545.0,2565.0,2525.0,2545.0,130383
202607031415,2545.0,2555.0,2535.0,2550.0,85093
202607031430,2555.0,2585.0,2555.0,2560.0,183128
202607031445,2560.0,2565.0,2540.0,2555.0,90245
202607031500,2560.0,2585.0,2555.0,2585.0,130474
202607031515,2580.0,2580.0,2570.0,2580.0,93912
202607060900,2600.0,2695.0,2540.0,2680.0,625754
202607060915,2680.0,2720.0,2630.0,2655.0,570426
202607060930,2655.0,2720.0,2645.0,2720.0,386603
202607060945,2715.0,2715.0,2640.0,2655.0,196636
202607061000,2655.0,2670.0,2640.0,2655.0,98167
202607061015,2655.0,2660.0,2605.0,2625.0,173456
202607061030,2630.0,2640.0,2615.0,2625.0,66561
202607061045,2620.0,2630.0,2590.0,2620.0,174990
202607061100,2620.0,2635.0,2580.0,2595.0,105136
202607061115,2600.0,2600.0,2560.0,2560.0,76617
202607061130,2560.0,2565.0,2520.0,2530.0,95223
202607061145,2530.0,2555.0,2525.0,2550.0,54956
202607061200,2550.0,2580.0,2540.0,2565.0,51799
202607061215,2565.0,2585.0,2550.0,2575.0,37656
202607061230,2580.0,2590.0,2565.0,2570.0,64658
202607061245,2570.0,2575.0,2555.0,2565.0,42781
202607061300,2570.0,2570.0,2555.0,2560.0,23235
202607061315,2560.0,2585.0,2555.0,2580.0,37087
202607061330,2580.0,2595.0,2580.0,2590.0,44917
202607061345,2590.0,2600.0,2575.0,2590.0,65739
202607061400,2595.0,2595.0,2575.0,2585.0,53403
202607061415,2585.0,2590.0,2555.0,2565.0,31343
202607061430,2560.0,2565.0,2545.0,2560.0,37836
202607061445,2555.0,2580.0,2550.0,2575.0,42833
202607061500,2575.0,2585.0,2565.0,2585.0,69781
202607061515,2585.0,2590.0,2565.0,2585.0,83977
202607070900,2530.0,2535.0,2475.0,2495.0,216803
202607070915,2495.0,2520.0,2475.0,2515.0,175696
202607070930,2515.0,2520.0,2470.0,2490.0,115546
202607070945,2490.0,2500.0,2470.0,2475.0,72029
202607071000,2475.0,2500.0,2475.0,2480.0,41936
202607071015,2485.0,2485.0,2450.0,2455.0,150846
202607071030,2455.0,2485.0,2445.0,2485.0,91653
202607071045,2485.0,2505.0,2470.0,2475.0,81655
202607071100,2475.0,2485.0,2460.0,2460.0,36208
202607071115,2460.0,2470.0,2440.0,2445.0,50152
202607071130,2445.0,2445.0,2415.0,2430.0,113590
202607071145,2425.0,2430.0,2410.0,2420.0,61852
202607071200,2425.0,2430.0,2415.0,2425.0,31548
202607071215,2425.0,2425.0,2395.0,2400.0,106251
202607071230,2400.0,2410.0,2385.0,2390.0,65551
202607071245,2390.0,2395.0,2375.0,2395.0,56479
202607071300,2395.0,2410.0,2385.0,2390.0,32255
202607071315,2395.0,2400.0,2370.0,2380.0,48437
202607071330,2380.0,2390.0,2370.0,2370.0,52263
202607071345,2375.0,2380.0,2365.0,2370.0,37456
202607071415,2370.0,2390.0,2350.0,2390.0,116218
202607071430,2385.0,2405.0,2360.0,2405.0,78736
202607071445,2405.0,2425.0,2390.0,2425.0,121118
202607071500,2425.0,2430.0,2400.0,2410.0,60908
202607071515,2410.0,2415.0,2395.0,2415.0,61781
202607080900,2355.0,2355.0,2270.0,2350.0,301032
202607080915,2347.0,2375.0,2330.0,2360.0,116136
202607080930,2365.0,2435.0,2335.0,2425.0,142161
202607080945,2430.0,2440.0,2420.0,2430.0,129409
202607081000,2430.0,2435.0,2400.0,2425.0,98205
202607081015,2420.0,2430.0,2390.0,2400.0,77478
202607081030,2400.0,2405.0,2375.0,2390.0,37806
202607081045,2390.0,2390.0,2370.0,2375.0,44701
202607081100,2370.0,2375.0,2350.0,2355.0,81495
202607081115,2355.0,2390.0,2350.0,2370.0,62559
202607081130,2375.0,2375.0,2350.0,2365.0,21851
202607081145,2365.0,2375.0,2350.0,2360.0,22812
202607081200,2360.0,2380.0,2355.0,2380.0,30508
202607081215,2380.0,2390.0,2370.0,2385.0,23255
202607081230,2385.0,2390.0,2350.0,2360.0,41593
202607081245,2362.0,2365.0,2345.0,2355.0,45729
202607081300,2350.0,2350.0,2315.0,2320.0,55460
202607081315,2325.0,2325.0,2300.0,2305.0,69389
202607081330,2310.0,2320.0,2290.0,2295.0,114976
202607081345,2295.0,2325.0,2285.0,2320.0,79106
202607081400,2320.0,2330.0,2295.0,2315.0,79891
202607081415,2315.0,2320.0,2290.0,2290.0,70146
202607081430,2290.0,2315.0,2285.0,2295.0,76130
202607081445,2295.0,2310.0,2290.0,2305.0,70736
202607081500,2300.0,2315.0,2280.0,2290.0,85548
202607081515,2290.0,2300.0,2285.0,2290.0,95627
202607090900,2315.0,2330.0,2270.0,2275.0,179692
202607090915,2275.0,2305.0,2265.0,2295.0,128596
202607090930,2295.0,2335.0,2285.0,2330.0,120144
202607090945,2330.0,2350.0,2315.0,2335.0,109564
202607091000,2335.0,2355.0,2325.0,2350.0,103021
202607091015,2350.0,2380.0,2347.0,2365.0,122601
202607091030,2355.0,2365.0,2335.0,2355.0,109302
202607091045,2360.0,2365.0,2315.0,2325.0,67728
202607091100,2320.0,2340.0,2300.0,2305.0,112352
202607091115,2305.0,2330.0,2290.0,2310.0,56970
202607091130,2310.0,2315.0,2270.0,2270.0,90195
202607091145,2270.0,2280.0,2230.0,2230.0,168448
202607091200,2230.0,2245.0,2210.0,2230.0,69424
202607091215,2230.0,2260.0,2215.0,2260.0,76477
202607091230,2260.0,2275.0,2240.0,2265.0,63534
202607091245,2265.0,2280.0,2260.0,2265.0,22654
202607091300,2265.0,2275.0,2255.0,2265.0,27831
202607091315,2265.0,2275.0,2245.0,2260.0,40935
202607091330,2260.0,2270.0,2255.0,2265.0,35648
202607091345,2265.0,2265.0,2245.0,2265.0,28462
202607091400,2265.0,2275.0,2245.0,2260.0,61674
202607091415,2260.0,2265.0,2240.0,2240.0,47151
202607091430,2235.0,2260.0,2232.0,2257.0,60492
202607091445,2257.0,2295.0,2255.0,2290.0,40893
202607091500,2290.0,2290.0,2260.0,2265.0,63311
202607091515,2265.0,2280.0,2260.0,2265.0,45696
202607100900,2340.0,2410.0,2340.0,2405.0,369627
202607100915,2405.0,2440.0,2370.0,2435.0,332253
202607100930,2435.0,2465.0,2400.0,2455.0,250116
202607100945,2455.0,2465.0,2430.0,2435.0,140295
202607101000,2435.0,2465.0,2425.0,2460.0,121660
202607101015,2460.0,2500.0,2455.0,2500.0,253453
202607101030,2500.0,2500.0,2485.0,2500.0,175761
202607101045,2495.0,2520.0,2480.0,2485.0,159187
202607101100,2485.0,2495.0,2455.0,2485.0,177608
202607101115,2485.0,2510.0,2475.0,2500.0,129584
202607101130,2500.0,2515.0,2485.0,2500.0,100538
202607101145,2500.0,2507.0,2480.0,2500.0,54285
202607101200,2505.0,2515.0,2500.0,2510.0,46456
202607101215,2510.0,2515.0,2495.0,2495.0,33030
202607101230,2495.0,2525.0,2490.0,2505.0,82116
202607101245,2505.0,2510.0,2495.0,2505.0,29247
202607101300,2507.0,2525.0,2495.0,2510.0,59987
202607101315,2510.0,2515.0,2500.0,2505.0,47132
202607101330,2505.0,2510.0,2485.0,2495.0,55871
202607101345,2495.0,2495.0,2465.0,2470.0,47322
202607101400,2470.0,2495.0,2460.0,2485.0,61984
202607101415,2485.0,2490.0,2465.0,2475.0,29277
202607101430,2475.0,2485.0,2465.0,2475.0,39221
202607101445,2475.0,2490.0,2475.0,2475.0,143250
202607101500,2480.0,2480.0,2455.0,2460.0,55766
202607101515,2460.0,2470.0,2450.0,2460.0,97676
202607130900,2430.0,2525.0,2420.0,2525.0,327810
202607130915,2520.0,2525.0,2480.0,2500.0,155843
202607130930,2500.0,2505.0,2460.0,2485.0,113614
202607130945,2485.0,2485.0,2445.0,2450.0,145143
202607131000,2450.0,2455.0,2410.0,2440.0,231705
202607131015,2440.0,2445.0,2390.0,2400.0,99906
202607131030,2400.0,2420.0,2380.0,2385.0,144422
202607131045,2380.0,2385.0,2340.0,2345.0,143854
202607131100,2345.0,2375.0,2335.0,2360.0,80274
202607131115,2360.0,2385.0,2350.0,2370.0,45346
202607131130,2370.0,2375.0,2355.0,2360.0,32702
202607131145,2360.0,2370.0,2345.0,2350.0,45991
202607131200,2350.0,2350.0,2300.0,2315.0,133104
202607131215,2315.0,2330.0,2300.0,2315.0,79956
202607131230,2310.0,2325.0,2300.0,2310.0,89061
202607131245,2310.0,2320.0,2300.0,2315.0,56846
202607131300,2315.0,2315.0,2290.0,2300.0,63233
202607131315,2295.0,2310.0,2290.0,2295.0,67774
202607131345,2300.0,2305.0,2275.0,2290.0,90518
202607131400,2285.0,2315.0,2285.0,2315.0,80841
202607131415,2310.0,2315.0,2270.0,2275.0,95894
202607131430,2275.0,2320.0,2275.0,2320.0,63624
202607131445,2320.0,2330.0,2300.0,2315.0,67183
202607131500,2320.0,2325.0,2285.0,2295.0,98023
202607131515,2290.0,2295.0,2275.0,2275.0,140268
202607140900,2275.0,2285.0,2220.0,2250.0,262427
202607140915,2250.0,2250.0,2220.0,2250.0,179733
202607140930,2250.0,2270.0,2225.0,2235.0,77540
202607140945,2232.0,2285.0,2230.0,2275.0,79804
202607141000,2275.0,2285.0,2235.0,2245.0,136669
202607141015,2245.0,2265.0,2235.0,2250.0,53063
202607141030,2245.0,2250.0,2220.0,2235.0,87475
202607141045,2235.0,2235.0,2190.0,2190.0,176624
202607141100,2200.0,2220.0,2190.0,2195.0,68991
202607141115,2190.0,2200.0,2170.0,2180.0,85167
202607141130,2180.0,2205.0,2160.0,2195.0,93160
202607141145,2195.0,2210.0,2170.0,2180.0,49046
202607141200,2180.0,2185.0,2145.0,2150.0,98571
202607141215,2147.0,2170.0,2135.0,2160.0,97494
202607141230,2160.0,2175.0,2150.0,2170.0,43730
202607141245,2170.0,2205.0,2155.0,2195.0,70046
202607141300,2195.0,2200.0,2165.0,2180.0,28776
202607141315,2180.0,2195.0,2165.0,2190.0,85079
202607141330,2190.0,2210.0,2190.0,2205.0,47390
202607141345,2205.0,2225.0,2205.0,2225.0,76924
202607141400,2225.0,2230.0,2210.0,2230.0,46531
202607141415,2230.0,2235.0,2220.0,2230.0,46781
202607141430,2230.0,2235.0,2205.0,2215.0,89302
202607141445,2215.0,2220.0,2205.0,2215.0,39856
202607141500,2215.0,2235.0,2200.0,2235.0,51355
202607141515,2230.0,2245.0,2220.0,2240.0,58874
202607150900,2345.0,2385.0,2325.0,2350.0,345492
202607150915,2360.0,2380.0,2350.0,2380.0,264571
202607150930,2380.0,2390.0,2350.0,2350.0,287829
202607150945,2350.0,2375.0,2335.0,2340.0,146720
202607151000,2345.0,2345.0,2300.0,2320.0,181321
202607151015,2315.0,2335.0,2315.0,2335.0,91360
202607151030,2335.0,2355.0,2325.0,2340.0,77553
202607151045,2340.0,2370.0,2335.0,2370.0,60918
202607151100,2370.0,2380.0,2350.0,2370.0,94583
202607151115,2365.0,2370.0,2340.0,2345.0,54654
202607151130,2345.0,2345.0,2325.0,2340.0,59517
202607151145,2340.0,2340.0,2320.0,2325.0,34452
202607151200,2320.0,2330.0,2320.0,2320.0,60476
202607151215,2320.0,2335.0,2320.0,2335.0,60645
202607151230,2330.0,2335.0,2315.0,2330.0,86695
202607151245,2330.0,2340.0,2325.0,2340.0,34736
202607151300,2340.0,2340.0,2325.0,2335.0,32663
202607151315,2335.0,2335.0,2325.0,2330.0,28889
202607151330,2330.0,2335.0,2325.0,2335.0,36586
202607151345,2335.0,2340.0,2330.0,2340.0,34592
202607151400,2340.0,2340.0,2325.0,2325.0,52331
202607151415,2325.0,2335.0,2315.0,2315.0,58027
202607151430,2315.0,2335.0,2310.0,2320.0,72193
202607151445,2320.0,2355.0,2320.0,2350.0,112651
202607151500,2345.0,2355.0,2340.0,2345.0,84780
202607151515,2345.0,2345.0,2320.0,2340.0,77425
202607160900,2270.0,2325.0,2255.0,2285.0,177958
202607160915,2275.0,2280.0,2250.0,2275.0,107415
202607160930,2275.0,2285.0,2255.0,2270.0,81775
202607160945,2270.0,2280.0,2260.0,2270.0,69346
202607161000,2270.0,2280.0,2250.0,2260.0,98404
202607161015,2255.0,2265.0,2230.0,2260.0,130823
202607161030,2255.0,2265.0,2240.0,2265.0,123946
202607161045,2265.0,2275.0,2250.0,2260.0,73214
202607161100,2255.0,2260.0,2230.0,2255.0,91680
202607161115,2255.0,2265.0,2240.0,2265.0,44869
202607161130,2255.0,2265.0,2255.0,2260.0,13912
202607161145,2260.0,2275.0,2260.0,2270.0,43532
202607161200,2275.0,2280.0,2265.0,2270.0,25987
202607161215,2270.0,2275.0,2250.0,2250.0,77415
202607161230,2260.0,2270.0,2250.0,2255.0,18934
202607161245,2265.0,2270.0,2255.0,2270.0,27234
202607161300,2265.0,2285.0,2260.0,2285.0,47777
202607161315,2280.0,2280.0,2260.0,2270.0,36519
202607161330,2265.0,2275.0,2260.0,2270.0,21170
202607161345,2270.0,2280.0,2265.0,2280.0,58431
202607161400,2275.0,2305.0,2270.0,2300.0,68773
202607161415,2300.0,2310.0,2290.0,2305.0,50973
202607161430,2305.0,2305.0,2265.0,2275.0,68162
202607161445,2275.0,2275.0,2260.0,2275.0,49949
202607161500,2275.0,2275.0,2250.0,2255.0,71845
202607161515,2255.0,2275.0,2250.0,2260.0,49900
202607200900,2167.0,2205.0,2155.0,2195.0,166246
202607200915,2195.0,2220.0,2190.0,2195.0,73281
202607200930,2195.0,2220.0,2185.0,2205.0,88126
202607200945,2210.0,2210.0,2185.0,2195.0,40167
202607201000,2195.0,2205.0,2180.0,2195.0,47369
202607201015,2185.0,2200.0,2180.0,2185.0,33532
202607201030,2185.0,2185.0,2155.0,2155.0,128187
202607201045,2160.0,2160.0,2140.0,2155.0,102816
202607201100,2160.0,2175.0,2150.0,2160.0,34489
202607201115,2160.0,2160.0,2135.0,2140.0,57160
202607201130,2140.0,2150.0,2130.0,2150.0,62728
202607201145,2150.0,2155.0,2145.0,2150.0,23866
202607201200,2150.0,2155.0,2140.0,2155.0,38929
202607201215,2155.0,2155.0,2135.0,2140.0,23182
202607201230,2140.0,2145.0,2135.0,2140.0,33449
202607201245,2140.0,2155.0,2135.0,2145.0,28865
202607201300,2145.0,2145.0,2135.0,2135.0,34416
202607201315,2135.0,2145.0,2125.0,2145.0,60233
202607201330,2145.0,2160.0,2140.0,2155.0,34700
202607201345,2155.0,2160.0,2145.0,2145.0,20756
202607201400,2145.0,2145.0,2125.0,2135.0,38818
202607201415,2135.0,2145.0,2130.0,2130.0,34779
202607201430,2135.0,2135.0,2110.0,2125.0,90325
202607201445,2125.0,2135.0,2115.0,2135.0,65236
202607201500,2130.0,2135.0,2120.0,2135.0,29046
202607201515,2130.0,2140.0,2130.0,2135.0,30642
202607210900,2130.0,2130.0,2060.0,2060.0,213128
202607210915,2065.0,2095.0,2055.0,2080.0,118808
202607210930,2080.0,2100.0,2070.0,2100.0,79964
202607210945,2095.0,2105.0,2090.0,2090.0,52940
202607211000,2095.0,2150.0,2090.0,2130.0,152600
202607211015,2130.0,2130.0,2100.0,2130.0,76709
202607211030,2130.0,2145.0,2115.0,2120.0,66771
202607211045,2120.0,2120.0,2100.0,2105.0,78388
202607211100,2105.0,2120.0,2095.0,2105.0,55920
202607211115,2105.0,2110.0,2095.0,2105.0,45012
202607211130,2105.0,2115.0,2105.0,2110.0,18306
202607211145,2110.0,2120.0,2100.0,2115.0,44036
202607211200,2115.0,2130.0,2115.0,2130.0,39598
202607211215,2130.0,2140.0,2120.0,2120.0,74968
202607211230,2125.0,2145.0,2120.0,2130.0,41705
202607211245,2130.0,2150.0,2130.0,2150.0,106704
202607211300,2150.0,2155.0,2140.0,2150.0,150539
202607211315,2150.0,2160.0,2140.0,2155.0,69963
202607211330,2155.0,2155.0,2140.0,2145.0,59020
202607211345,2145.0,2145.0,2120.0,2130.0,69975
202607211400,2130.0,2135.0,2115.0,2115.0,37555
202607211415,2115.0,2125.0,2100.0,2125.0,52253
202607211430,2125.0,2140.0,2115.0,2137.0,34014
202607211445,2135.0,2145.0,2120.0,2125.0,37735
202607211500,2130.0,2140.0,2130.0,2140.0,35476
202607211515,2135.0,2140.0,2130.0,2135.0,41851
202607220900,2215.0,2250.0,2205.0,2225.0,371646
202607220915,2225.0,2240.0,2220.0,2230.0,144467
202607220930,2230.0,2230.0,2195.0,2200.0,182325
202607220945,2200.0,2200.0,2180.0,2195.0,91210
202607221000,2197.0,2225.0,2195.0,2225.0,92296
202607221015,2225.0,2230.0,2215.0,2220.0,44916
202607221030,2215.0,2225.0,2210.0,2225.0,29107
202607221045,2225.0,2240.0,2220.0,2230.0,64013
202607221100,2230.0,2230.0,2215.0,2225.0,53101
202607221115,2225.0,2225.0,2220.0,2225.0,24780
202607221130,2225.0,2225.0,2210.0,2215.0,37696
202607221145,2215.0,2215.0,2210.0,2215.0,14550
202607221200,2215.0,2215.0,2205.0,2210.0,56232
202607221215,2210.0,2225.0,2200.0,2220.0,35212
202607221230,2220.0,2225.0,2205.0,2225.0,27986
202607221245,2220.0,2235.0,2220.0,2230.0,30450
202607221300,2230.0,2235.0,2225.0,2230.0,25396
202607221315,2230.0,2235.0,2225.0,2230.0,38069
202607221330,2230.0,2235.0,2215.0,2217.0,29067
202607221345,2215.0,2217.0,2200.0,2210.0,37967
202607221400,2210.0,2215.0,2190.0,2195.0,65283
202607221415,2195.0,2195.0,2170.0,2180.0,99028
202607221430,2175.0,2190.0,2160.0,2165.0,55813
202607221445,2165.0,2180.0,2155.0,2160.0,94350
202607221500,2155.0,2160.0,2140.0,2145.0,117028
202607221515,2145.0,2150.0,2140.0,2140.0,59550
202607230900,2180.0,2180.0,2150.0,2160.0,130624
202607230915,2155.0,2200.0,2155.0,2190.0,210441
202607230930,2190.0,2205.0,2180.0,2200.0,82194
202607230945,2205.0,2210.0,2195.0,2200.0,83169
202607231000,2200.0,2215.0,2195.0,2200.0,48172
202607231015,2205.0,2205.0,2170.0,2175.0,94810
202607231030,2180.0,2185.0,2160.0,2165.0,142950
202607231045,2165.0,2170.0,2145.0,2160.0,174317
202607231100,2160.0,2170.0,2150.0,2160.0,85605
202607231115,2160.0,2160.0,2140.0,2150.0,97167
202607231130,2150.0,2160.0,2145.0,2155.0,62445
202607231145,2155.0,2175.0,2155.0,2175.0,46643
202607231200,2170.0,2180.0,2155.0,2180.0,63802
202607231215,2175.0,2195.0,2170.0,2190.0,56516
202607231230,2195.0,2195.0,2180.0,2190.0,51602
202607231245,2190.0,2200.0,2180.0,2195.0,85349
202607231300,2195.0,2200.0,2185.0,2200.0,66062
202607231315,2200.0,2215.0,2175.0,2205.0,134863
202607231330,2205.0,2205.0,2185.0,2200.0,40270
202607231345,2185.0,2210.0,2185.0,2200.0,85626
202607231400,2200.0,2205.0,2190.0,2195.0,34703
202607231415,2190.0,2215.0,2185.0,2210.0,71115
202607231430,2210.0,2220.0,2210.0,2215.0,97620
202607231445,2215.0,2280.0,2210.0,2255.0,355924
202607231500,2260.0,2270.0,2235.0,2260.0,251004
202607231515,2260.0,2270.0,2250.0,2250.0,213259
202607240900,2210.0,2230.0,2175.0,2180.0,206156
202607240915,2180.0,2210.0,2175.0,2190.0,147722
202607240930,2190.0,2195.0,2175.0,2190.0,66624
202607240945,2190.0,2195.0,2175.0,2190.0,64583
202607241000,2190.0,2210.0,2180.0,2190.0,95770
202607241015,2190.0,2200.0,2180.0,2195.0,28106
202607241030,2195.0,2205.0,2185.0,2195.0,26956
202607241045,2190.0,2195.0,2170.0,2170.0,82014
202607241100,2175.0,2190.0,2170.0,2180.0,29299
202607241115,2180.0,2185.0,2165.0,2170.0,32290
202607241130,2165.0,2170.0,2140.0,2145.0,124818
202607241145,2145.0,2150.0,2125.0,2125.0,93757
202607241200,2130.0,2145.0,2125.0,2135.0,40419
202607241215,2135.0,2140.0,2125.0,2135.0,40636
202607241230,2135.0,2145.0,2130.0,2135.0,26245
202607241245,2140.0,2145.0,2125.0,2130.0,65507
202607241300,2130.0,2140.0,2125.0,2140.0,35162
202607241315,2135.0,2150.0,2130.0,2145.0,50987
202607241330,2150.0,2150.0,2135.0,2140.0,14854
202607241345,2140.0,2150.0,2130.0,2150.0,42159
202607241400,2145.0,2165.0,2140.0,2160.0,36609
202607241415,2160.0,2160.0,2145.0,2150.0,18126
202607241430,2150.0,2155.0,2135.0,2140.0,90621
202607241445,2140.0,2140.0,2120.0,2130.0,72074
202607241500,2130.0,2135.0,2120.0,2125.0,83801
202607241515,2125.0,2125.0,2120.0,2120.0,54153
202607270900,2170.0,2185.0,2135.0,2180.0,159636
202607270915,2185.0,2205.0,2175.0,2205.0,180229
202607270930,2205.0,2205.0,2180.0,2195.0,83433
202607270945,2195.0,2200.0,2170.0,2180.0,122232
202607271000,2180.0,2180.0,2150.0,2160.0,59031
202607271015,2160.0,2160.0,2130.0,2140.0,60165
202607271030,2135.0,2165.0,2135.0,2140.0,72420
202607271045,2135.0,2155.0,2130.0,2150.0,57634
202607271100,2145.0,2145.0,2125.0,2135.0,39153
202607271115,2135.0,2145.0,2125.0,2130.0,41093
202607271130,2135.0,2140.0,2130.0,2140.0,18692
202607271145,2140.0,2140.0,2120.0,2125.0,38947
202607271200,2125.0,2140.0,2115.0,2140.0,44930
202607271215,2140.0,2155.0,2130.0,2145.0,38911
202607271230,2135.0,2145.0,2130.0,2140.0,13953
202607271245,2135.0,2135.0,2120.0,2130.0,20268
202607271300,2125.0,2140.0,2125.0,2140.0,36720
202607271315,2140.0,2150.0,2135.0,2140.0,29790
202607271330,2140.0,2150.0,2130.0,2150.0,20885
202607271345,2150.0,2150.0,2140.0,2145.0,16639
202607271400,2145.0,2160.0,2140.0,2160.0,24151
202607271415,2160.0,2165.0,2145.0,2160.0,57759
202607271430,2160.0,2160.0,2145.0,2155.0,35575
202607271445,2150.0,2155.0,2140.0,2140.0,38011
202607271500,2140.0,2150.0,2140.0,2150.0,52609
202607271515,2150.0,2155.0,2145.0,2155.0,51534
202607280900,2055.0,2090.0,2040.0,2050.0,191081
202607280915,2050.0,2050.0,2015.0,2020.0,171101
202607280930,2020.0,2035.0,2005.0,2005.0,117228
202607280945,2010.0,2010.0,1993.0,1997.0,198825
202607281000,1997.0,2005.0,1993.0,1996.0,85485
202607281030,1996.0,1998.0,1987.0,1987.0,157784
202607281045,1988.0,2000.0,1982.0,1987.0,109536
202607281100,1987.0,1988.0,1972.0,1981.0,93164
202607281115,1981.0,1994.0,1971.0,1973.0,64416
202607281130,1972.0,1974.0,1962.0,1962.0,87827
202607281145,1962.0,1963.0,1951.0,1951.0,106585
202607281200,1952.0,1953.0,1937.0,1942.0,91085
202607281215,1942.0,1957.0,1940.0,1948.0,45748
202607281230,1948.0,1961.0,1940.0,1961.0,113909
202607281245,1961.0,1967.0,1957.0,1963.0,70881
202607281300,1963.0,1963.0,1950.0,1951.0,39734
202607281315,1951.0,1954.0,1942.0,1943.0,49403
202607281330,1943.0,1948.0,1939.0,1947.0,35558
202607281345,1947.0,1954.0,1944.0,1949.0,31143
202607281400,1949.0,1953.0,1946.0,1949.0,38349
202607281415,1949.0,1949.0,1936.0,1936.0,100943
202607281430,1938.0,1938.0,1926.0,1930.0,111998
202607281445,1931.0,1938.0,1920.0,1927.0,122900
202607281500,1928.0,1933.0,1921.0,1933.0,121549
202607281515,1933.0,1946.0,1929.0,1930.0,110968
202607290900,1967.0,1981.0,1954.0,1969.0,150168
202607290915,1969.0,1988.0,1952.0,1957.0,106259
202607290930,1957.0,1964.0,1941.0,1956.0,102823
202607290945,1953.0,1958.0,1931.0,1932.0,85175
202607291000,1932.0,1948.0,1910.0,1912.0,112551
202607291015,1913.0,1927.0,1902.0,1917.0,78791
202607291030,1916.0,1920.0,1880.0,1882.0,96852
202607291045,1881.0,1882.0,1801.0,1832.0,221195
202607291100,1832.0,1840.0,1800.0,1815.0,156657
202607291115,1815.0,1822.0,1800.0,1821.0,139303
202607291130,1819.0,1824.0,1762.0,1795.0,169821
202607291145,1794.0,1794.0,1769.0,1769.0,111516
202607291200,1768.0,1796.0,1760.0,1791.0,174914
202607291215,1776.0,1780.0,1765.0,1768.0,67002
202607291230,1769.0,1769.0,1766.0,1766.0,9139
202607291300,1763.0,1775.0,1740.0,1744.0,163476
202607291315,1745.0,1765.0,1729.0,1740.0,135729
202607291330,1731.0,1769.0,1727.0,1745.0,136411
202607291345,1744.0,1776.0,1744.0,1774.0,139111
202607291400,1774.0,1799.0,1772.0,1797.0,81240
202607291415,1800.0,1809.0,1777.0,1797.0,70680
202607291430,1797.0,1815.0,1793.0,1800.0,60617
202607291445,1801.0,1803.0,1789.0,1796.0,38700
202607291500,1796.0,1796.0,1781.0,1790.0,98282
202607291515,1790.0,1820.0,1789.0,1820.0,72106
202607300900,1780.0,1855.0,1765.0,1855.0,260049
202607300915,1854.0,1875.0,1839.0,1860.0,191449
202607300930,1861.0,1868.0,1810.0,1820.0,199499
202607300945,1820.0,1822.0,1782.0,1801.0,120357
202607301000,1802.0,1830.0,1793.0,1807.0,113843
202607301015,1806.0,1840.0,1805.0,1840.0,61487
202607301030,1841.0,1877.0,1839.0,1867.0,135305
202607301045,1867.0,1881.0,1859.0,1865.0,107282
202607301100,1865.0,1877.0,1842.0,1848.0,110178
202607301115,1842.0,1850.0,1830.0,1831.0,58692
202607301130,1832.0,1834.0,1817.0,1823.0,102944
202607301145,1824.0,1826.0,1799.0,1800.0,76935
202607301200,1799.0,1814.0,1794.0,1804.0,79228
202607301215,1802.0,1802.0,1790.0,1795.0,33687
202607301230,1795.0,1805.0,1785.0,1798.0,101406
202607301245,1799.0,1813.0,1791.0,1796.0,38547
202607301300,1796.0,1805.0,1786.0,1790.0,119002
202607301315,1788.0,1808.0,1784.0,1808.0,61921
202607301330,1808.0,1808.0,1788.0,1794.0,50132
202607301345,1792.0,1800.0,1790.0,1791.0,30171
202607301400,1791.0,1796.0,1780.0,1790.0,77543
202607301415,1790.0,1803.0,1781.0,1786.0,55132
202607301430,1786.0,1792.0,1773.0,1792.0,66910
202607301445,1792.0,1795.0,1766.0,1770.0,69243
202607301500,1769.0,1777.0,1762.0,1763.0,68749
202607301515,1763.0,1768.0,1761.0,1765.0,60831
202607310900,1877.0,1890.0,1832.0,1887.0,429270
202607310915,1887.0,1945.0,1885.0,1945.0,501999
202607310930,1945.0,1947.0,1910.0,1939.0,274809
202607310945,1939.0,1940.0,1921.0,1925.0,108956
202607311000,1925.0,1971.0,1923.0,1963.0,326203
202607311015,1963.0,1974.0,1935.0,1943.0,210933
202607311030,1940.0,1955.0,1937.0,1941.0,99016
202607311045,1941.0,1947.0,1934.0,1941.0,47272
202607311100,1944.0,1945.0,1923.0,1923.0,70667
202607311115,1925.0,1946.0,1918.0,1946.0,60050
202607311130,1947.0,1958.0,1945.0,1948.0,57111
202607311145,1946.0,1953.0,1938.0,1947.0,40773
202607311200,1947.0,1956.0,1940.0,1940.0,43191
202607311215,1944.0,1959.0,1942.0,1952.0,69072
202607311230,1953.0,1953.0,1945.0,1949.0,32948
202607311245,1949.0,1956.0,1946.0,1950.0,42667
202607311300,1950.0,1956.0,1948.0,1954.0,40116
202607311315,1954.0,1970.0,1951.0,1968.0,59129
202607311330,1968.0,1974.0,1965.0,1974.0,39366
202607311345,1974.0,1981.0,1965.0,1977.0,71462
202607311400,1977.0,1983.0,1971.0,1976.0,74839
202607311415,1977.0,2035.0,1977.0,2010.0,296342
202607311430,2010.0,2015.0,1982.0,2005.0,155208
202607311445,2005.0,2025.0,1999.0,2015.0,77062
202607311500,2015.0,2030.0,2005.0,2025.0,161038
202607311515,2025.0,2030.0,2015.0,2015.0,143476
202608030900,1950.0,1999.0,1945.0,1961.0,285621
202608030915,1970.0,1977.0,1951.0,1969.0,61661
202608030930,1963.0,1998.0,1960.0,1997.0,90713
202608030945,1997.0,2050.0,1996.0,2040.0,217418
202608031000,2040.0,2055.0,2020.0,2035.0,77864
202608031015,2035.0,2055.0,2030.0,2050.0,100509
202608031030,2050.0,2070.0,2030.0,2070.0,69240
202608031045,2070.0,2080.0,2050.0,2075.0,106216
202608031100,2075.0,2115.0,2060.0,2095.0,194088
202608031115,2095.0,2105.0,2080.0,2080.0,70536
202608031130,2085.0,2130.0,2072.0,2120.0,92460
202608031145,2120.0,2120.0,2090.0,2100.0,96944
202608031200,2095.0,2105.0,2085.0,2095.0,30093
202608031215,2095.0,2100.0,2070.0,2085.0,76469
202608031230,2090.0,2100.0,2075.0,2090.0,13974
202608031245,2090.0,2090.0,2065.0,2075.0,12889
202608031300,2075.0,2080.0,2060.0,2070.0,45918
202608031315,2070.0,2075.0,2055.0,2060.0,30351
202608031330,2065.0,2070.0,2045.0,2055.0,36783
202608031345,2050.0,2055.0,2035.0,2040.0,55289
202608031400,2050.0,2055.0,2040.0,2050.0,20691
202608031415,2050.0,2050.0,2035.0,2045.0,15470
202608031430,2045.0,2045.0,2030.0,2030.0,15381
202608031445,2035.0,2035.0,2020.0,2020.0,36997
202608031500,2025.0,2040.0,2015.0,2035.0,45480
202608031515,2035.0,2040.0,2025.0,2030.0,34223
202608040900,2110.0,2140.0,2085.0,2095.0,290306
202608040915,2090.0,2110.0,2065.0,2090.0,107347
202608040930,2095.0,2095.0,2050.0,2080.0,244147
202608040945,2080.0,2085.0,2010.0,2040.0,283807
202608041000,2040.0,2060.0,2020.0,2060.0,177650
202608041015,2050.0,2080.0,2040.0,2080.0,76131
202608041030,2080.0,2090.0,2065.0,2085.0,66757
202608041045,2085.0,2105.0,2080.0,2090.0,73061
202608041100,2090.0,2090.0,2060.0,2075.0,92010
202608041115,2070.0,2085.0,2065.0,2080.0,40717
202608041130,2085.0,2090.0,2077.0,2085.0,29624
202608041145,2085.0,2090.0,2075.0,2080.0,26531
202608041200,2075.0,2085.0,2060.0,2060.0,33289
202608041215,2060.0,2080.0,2055.0,2065.0,31020
202608041230,2065.0,2080.0,2060.0,2065.0,26114
202608041245,2065.0,2080.0,2065.0,2075.0,18122
202608041300,2070.0,2080.0,2060.0,2070.0,23716
202608041315,2070.0,2080.0,2065.0,2070.0,19260
202608041330,2070.0,2075.0,2060.0,2070.0,20586
202608041345,2070.0,2080.0,2065.0,2075.0,40284
202608041400,2080.0,2080.0,2065.0,2070.0,58060
202608041415,2070.0,2085.0,2070.0,2085.0,48234
202608041430,2085.0,2095.0,2080.0,2085.0,41539
202608041445,2090.0,2105.0,2080.0,2100.0,53084
202608041500,2100.0,2110.0,2090.0,2105.0,71648
202608041515,2105.0,2115.0,2095.0,2105.0,53166
202608050900,2175.0,2210.0,2150.0,2200.0,423897
202608050915,2200.0,2220.0,2190.0,2210.0,164792
202608050930,2210.0,2245.0,2200.0,2210.0,226825
202608050945,2215.0,2230.0,2200.0,2220.0,160225
202608051000,2225.0,2245.0,2210.0,2240.0,172236
202608051015,2235.0,2240.0,2195.0,2210.0,169065
202608051030,2210.0,2230.0,2205.0,2230.0,46318
202608051045,2225.0,2245.0,2220.0,2230.0,140006
202608051100,2235.0,2240.0,2225.0,2230.0,35399
202608051115,2230.0,2235.0,2215.0,2220.0,52895
202608051130,2220.0,2235.0,2215.0,2235.0,61968
202608051145,2235.0,2240.0,2220.0,2235.0,54967
202608051200,2235.0,2240.0,2230.0,2235.0,33376
202608051215,2230.0,2235.0,2215.0,2220.0,54433
202608051230,2230.0,2230.0,2215.0,2225.0,21776
202608051245,2225.0,2230.0,2215.0,2220.0,23155
202608051300,2225.0,2230.0,2220.0,2230.0,35890
202608051315,2220.0,2230.0,2210.0,2215.0,112808
202608051330,2215.0,2245.0,2215.0,2230.0,118907
202608051345,2230.0,2235.0,2220.0,2230.0,20483
202608051400,2230.0,2240.0,2225.0,2230.0,38141
202608051415,2230.0,2235.0,2220.0,2225.0,34890
202608051430,2225.0,2230.0,2215.0,2220.0,43458
202608051445,2225.0,2235.0,2220.0,2230.0,62989
202608051500,2225.0,2240.0,2225.0,2235.0,76347
202608051515,2235.0,2240.0,2230.0,2230.0,68355
202608060900,2205.0,2230.0,2180.0,2200.0,164042
202608060915,2200.0,2210.0,2170.0,2190.0,170415
202608060930,2180.0,2255.0,2160.0,2245.0,182446
202608060945,2245.0,2305.0,2215.0,2230.0,406831
202608061000,2225.0,2305.0,2215.0,2230.0,260598
202608061015,2235.0,2235.0,2190.0,2205.0,154399
202608061030,2205.0,2220.0,2195.0,2220.0,55458
202608061045,2220.0,2225.0,2210.0,2210.0,45708
202608061100,2210.0,2215.0,2170.0,2180.0,120871
202608061115,2180.0,2215.0,2175.0,2215.0,120796
202608061130,2215.0,2235.0,2195.0,2230.0,129500
202608061145,2232.0,2235.0,2220.0,2225.0,33170
202608061200,2225.0,2240.0,2225.0,2240.0,79850
202608061215,2235.0,2240.0,2215.0,2220.0,28942
202608061230,2220.0,2225.0,2205.0,2220.0,26447
202608061245,2220.0,2225.0,2215.0,2220.0,21260
202608061300,2220.0,2220.0,2210.0,2220.0,34902
202608061315,2220.0,2240.0,2215.0,2240.0,54876
202608061330,2235.0,2240.0,2220.0,2220.0,40970
202608061345,2220.0,2245.0,2220.0,2235.0,61949
202608061400,2235.0,2255.0,2230.0,2230.0,81326
202608061415,2240.0,2245.0,2230.0,2235.0,42257
202608061430,2235.0,2240.0,2225.0,2235.0,36052
202608061445,2235.0,2235.0,2210.0,2220.0,58599
202608061500,2230.0,2230.0,2215.0,2220.0,60025
202608061515,2220.0,2225.0,2210.0,2225.0,33629
202608070900,2240.0,2315.0,2240.0,2275.0,340891
202608070915,2275.0,2275.0,2230.0,2245.0,206012
202608070930,2245.0,2270.0,2225.0,2235.0,166164
202608070945,2235.0,2265.0,2210.0,2265.0,116066
202608071000,2265.0,2265.0,2235.0,2240.0,76671
202608071015,2240.0,2245.0,2215.0,2235.0,131011
202608071030,2235.0,2235.0,2190.0,2200.0,113590
202608071045,2195.0,2210.0,2190.0,2205.0,59426
202608071100,2205.0,2205.0,2190.0,2195.0,34563
202608071115,2190.0,2200.0,2185.0,2190.0,43239
202608071130,2190.0,2190.0,2180.0,2185.0,36024
202608071145,2185.0,2195.0,2185.0,2195.0,21411
202608071200,2195.0,2200.0,2190.0,2195.0,9616
202608071215,2190.0,2190.0,2180.0,2190.0,60297
202608071230,2187.0,2190.0,2180.0,2180.0,14059
202608071245,2185.0,2185.0,2170.0,2170.0,31830
202608071300,2170.0,2195.0,2165.0,2185.0,44446
202608071315,2185.0,2195.0,2175.0,2195.0,21345
202608071330,2195.0,2195.0,2180.0,2190.0,21164
202608071345,2185.0,2190.0,2180.0,2190.0,16149
202608071400,2190.0,2210.0,2190.0,2200.0,24570
202608071415,2200.0,2205.0,2190.0,2200.0,21568
202608071430,2195.0,2200.0,2185.0,2190.0,37078
202608071445,2195.0,2200.0,2185.0,2195.0,37693
202608071500,2195.0,2210.0,2180.0,2210.0,38880
202608071515,2205.0,2215.0,2205.0,2215.0,33140
202608100900,2245.0,2310.0,2245.0,2250.0,276575
202608100915,2250.0,2265.0,2235.0,2265.0,164755
202608100930,2265.0,2270.0,2225.0,2235.0,157334
202608100945,2230.0,2270.0,2230.0,2260.0,64425
202608101000,2260.0,2260.0,2245.0,2260.0,55051
202608101015,2260.0,2270.0,2250.0,2270.0,68518
202608101030,2265.0,2275.0,2255.0,2270.0,62065
202608101045,2265.0,2285.0,2265.0,2275.0,61211
202608101100,2270.0,2290.0,2265.0,2290.0,38398
202608101115,2290.0,2300.0,2280.0,2297.0,88168
202608101130,2295.0,2305.0,2295.0,2305.0,145797
202608101145,2305.0,2310.0,2285.0,2295.0,76222
202608101200,2290.0,2300.0,2275.0,2300.0,38965
202608101215,2300.0,2300.0,2290.0,2300.0,39538
202608101230,2295.0,2315.0,2280.0,2315.0,101569
202608101245,2315.0,2315.0,2300.0,2305.0,38240
202608101300,2305.0,2310.0,2300.0,2305.0,69854
202608101315,2305.0,2310.0,2295.0,2305.0,103449
202608101330,2300.0,2305.0,2290.0,2295.0,23098
202608101345,2295.0,2295.0,2275.0,2280.0,34313
202608101400,2285.0,2300.0,2280.0,2290.0,27055
202608101415,2295.0,2310.0,2290.0,2300.0,54464
202608101430,2300.0,2300.0,2285.0,2285.0,11355
202608101445,2290.0,2300.0,2280.0,2300.0,24167
202608101500,2297.0,2310.0,2295.0,2305.0,38967
202608101515,2305.0,2305.0,2295.0,2300.0,39481
202608110900,2280.0,2280.0,2250.0,2265.0,105741
202608110915,2267.0,2285.0,2255.0,2285.0,105804
202608110930,2285.0,2320.0,2275.0,2315.0,141381
202608110945,2315.0,2350.0,2315.0,2335.0,193681
202608111000,2335.0,2335.0,2315.0,2330.0,89511
202608111015,2330.0,2335.0,2290.0,2305.0,90185
202608111030,2300.0,2325.0,2300.0,2310.0,32625
202608111045,2305.0,2315.0,2290.0,2290.0,23466
202608111100,2295.0,2305.0,2290.0,2305.0,55505
202608111115,2305.0,2310.0,2300.0,2305.0,16445
202608111130,2310.0,2310.0,2295.0,2305.0,40930
202608111145,2305.0,2310.0,2295.0,2295.0,30859
202608111200,2295.0,2305.0,2290.0,2300.0,37257
202608111215,2300.0,2335.0,2300.0,2335.0,43299
202608111230,2335.0,2335.0,2320.0,2320.0,70750
202608111245,2325.0,2325.0,2315.0,2320.0,23527
202608111300,2320.0,2335.0,2315.0,2330.0,44413
202608111315,2327.0,2330.0,2320.0,2325.0,15074
202608111330,2320.0,2330.0,2320.0,2325.0,51254
202608111345,2325.0,2330.0,2320.0,2320.0,20208
202608111400,2325.0,2330.0,2320.0,2325.0,16825
202608111415,2325.0,2330.0,2320.0,2320.0,46188
202608111430,2315.0,2330.0,2315.0,2325.0,26575
202608111445,2325.0,2325.0,2320.0,2325.0,24541
202608111500,2325.0,2330.0,2315.0,2330.0,61137
202608111515,2330.0,2330.0,2320.0,2320.0,42127
202608120900,2335.0,2420.0,2325.0,2340.0,293641
202608120915,2340.0,2355.0,2325.0,2330.0,94371
202608120930,2335.0,2355.0,2330.0,2345.0,88264
202608120945,2345.0,2365.0,2340.0,2365.0,74257
202608121000,2360.0,2365.0,2350.0,2355.0,77458
202608121015,2360.0,2370.0,2345.0,2365.0,97686
202608121030,2365.0,2365.0,2355.0,2365.0,36147
202608121045,2360.0,2370.0,2350.0,2355.0,63673
202608121100,2355.0,2360.0,2350.0,2355.0,29031
202608121115,2355.0,2360.0,2345.0,2355.0,94095
202608121130,2360.0,2370.0,2355.0,2370.0,68839
202608121145,2370.0,2370.0,2365.0,2370.0,25267
202608121200,2370.0,2380.0,2365.0,2380.0,42428
202608121215,2380.0,2390.0,2375.0,2390.0,57997
202608121230,2390.0,2390.0,2370.0,2375.0,38570
202608121245,2375.0,2395.0,2375.0,2380.0,71974
202608121300,2380.0,2395.0,2375.0,2395.0,67132
202608121315,2395.0,2400.0,2385.0,2390.0,82122
202608121330,2390.0,2390.0,2370.0,2370.0,38833
202608121345,2365.0,2380.0,2365.0,2375.0,22497
202608121400,2375.0,2380.0,2360.0,2360.0,47412
202608121415,2370.0,2370.0,2360.0,2370.0,24179
202608121430,2370.0,2390.0,2365.0,2375.0,57520
202608121445,2380.0,2390.0,2375.0,2380.0,44264
202608121500,2380.0,2390.0,2375.0,2385.0,37315
202608121515,2385.0,2390.0,2380.0,2390.0,68676
202608130900,2440.0,2565.0,2435.0,2455.0,772478
202608130915,2455.0,2465.0,2425.0,2435.0,227257
202608130930,2435.0,2465.0,2430.0,2460.0,188521
202608130945,2460.0,2475.0,2450.0,2455.0,116132
202608131000,2455.0,2460.0,2425.0,2430.0,115797
202608131015,2430.0,2440.0,2410.0,2415.0,195390
202608131030,2425.0,2430.0,2415.0,2430.0,42656
202608131045,2430.0,2430.0,2415.0,2430.0,76340
202608131100,2430.0,2435.0,2410.0,2415.0,111885
202608131115,2415.0,2420.0,2400.0,2410.0,117082
202608131130,2410.0,2410.0,2395.0,2400.0,84062
202608131145,2405.0,2410.0,2395.0,2405.0,48016
202608131200,2410.0,2415.0,2395.0,2405.0,47380
202608131215,2400.0,2405.0,2390.0,2395.0,76966
202608131230,2395.0,2400.0,2390.0,2400.0,73524
202608131245,2405.0,2405.0,2380.0,2385.0,58935
202608131300,2385.0,2390.0,2370.0,2370.0,94216
202608131315,2370.0,2375.0,2365.0,2370.0,33192
202608131330,2370.0,2375.0,2360.0,2370.0,37126
202608131345,2370.0,2375.0,2360.0,2365.0,42843
202608131400,2365.0,2375.0,2360.0,2370.0,50252
202608131415,2370.0,2385.0,2365.0,2380.0,35423
202608131430,2380.0,2385.0,2360.0,2360.0,62709
202608131445,2360.0,2370.0,2355.0,2365.0,37262
202608131500,2365.0,2370.0,2350.0,2370.0,100987
202608131515,2370.0,2370.0,2360.0,2370.0,35799
202608140900,2425.0,2430.0,2380.0,2385.0,162702
202608140915,2387.0,2415.0,2365.0,2415.0,149839
202608140930,2415.0,2420.0,2395.0,2405.0,83815
202608140945,2400.0,2405.0,2370.0,2375.0,105425
202608141000,2375.0,2375.0,2345.0,2345.0,132260
202608141015,2350.0,2370.0,2345.0,2365.0,45570
202608141030,2365.0,2370.0,2355.0,2370.0,42204
202608141045,2370.0,2375.0,2360.0,2375.0,25201
202608141100,2370.0,2380.0,2370.0,2375.0,12754
202608141115,2375.0,2380.0,2355.0,2365.0,91146
202608141130,2360.0,2365.0,2350.0,2360.0,31891
202608141145,2355.0,2360.0,2350.0,2355.0,31427
202608141200,2350.0,2360.0,2350.0,2360.0,19922
202608141215,2355.0,2365.0,2355.0,2365.0,15254
202608141230,2365.0,2375.0,2360.0,2360.0,33001
202608141245,2365.0,2375.0,2360.0,2365.0,20024
202608141300,2365.0,2390.0,2365.0,2385.0,46366
202608141315,2385.0,2390.0,2380.0,2380.0,24121
202608141330,2380.0,2385.0,2370.0,2380.0,31817
202608141345,2380.0,2385.0,2375.0,2380.0,34434
202608141400,2382.0,2390.0,2370.0,2385.0,47577
202608141415,2385.0,2495.0,2375.0,2405.0,994174
202608141430,2400.0,2415.0,2390.0,2410.0,76865
202608141445,2405.0,2410.0,2395.0,2410.0,60860
202608141500,2410.0,2415.0,2395.0,2405.0,87881
202608141515,2400.0,2415.0,2395.0,2415.0,73261
202608180900,2405.0,2415.0,2325.0,2335.0,295788
202608180915,2335.0,2350.0,2325.0,2340.0,175686
202608180930,2340.0,2365.0,2340.0,2365.0,57395
202608180945,2365.0,2370.0,2355.0,2365.0,130963
202608181000,2365.0,2370.0,2350.0,2360.0,35294
202608181015,2365.0,2370.0,2355.0,2360.0,19301
202608181030,2360.0,2360.0,2335.0,2340.0,70399
202608181045,2340.0,2340.0,2320.0,2325.0,90900
202608181100,2330.0,2340.0,2325.0,2330.0,36115
202608181115,2330.0,2330.0,2290.0,2297.0,188102
202608181130,2297.0,2310.0,2290.0,2295.0,61885
202608181145,2295.0,2305.0,2290.0,2300.0,40442
202608181200,2300.0,2315.0,2300.0,2305.0,29248
202608181215,2305.0,2305.0,2285.0,2290.0,50825
202608181230,2290.0,2305.0,2280.0,2300.0,81119
202608181245,2300.0,2300.0,2280.0,2290.0,84393
202608181300,2295.0,2300.0,2285.0,2290.0,25948
202608181315,2295.0,2300.0,2285.0,2300.0,28567
202608181330,2300.0,2310.0,2295.0,2295.0,21809
202608181345,2295.0,2310.0,2290.0,2310.0,21541
202608181400,2305.0,2310.0,2290.0,2295.0,15482
202608181415,2295.0,2300.0,2280.0,2280.0,53062
202608181430,2280.0,2285.0,2270.0,2275.0,35562
202608181445,2275.0,2275.0,2260.0,2265.0,80650
202608181500,2265.0,2270.0,2240.0,2265.0,161504
202608181515,2265.0,2275.0,2260.0,2265.0,73110
202608190900,2175.0,2205.0,2145.0,2165.0,176130
202608190915,2155.0,2195.0,2140.0,2195.0,138694
202608190930,2195.0,2210.0,2185.0,2210.0,92420
202608190945,2210.0,2220.0,2200.0,2210.0,51125
202608191000,2210.0,2245.0,2200.0,2220.0,72312
202608191015,2225.0,2240.0,2220.0,2235.0,35440
202608191030,2230.0,2240.0,2205.0,2210.0,50022
202608191045,2210.0,2210.0,2190.0,2190.0,43621
202608191100,2190.0,2200.0,2180.0,2190.0,45273
202608191115,2190.0,2195.0,2180.0,2195.0,74948
202608191130,2195.0,2205.0,2185.0,2195.0,21952
202608191145,2195.0,2200.0,2185.0,2195.0,19253
202608191200,2195.0,2205.0,2190.0,2200.0,16340
202608191215,2200.0,2200.0,2190.0,2195.0,26525
202608191230,2200.0,2200.0,2185.0,2185.0,34850
202608191245,2185.0,2195.0,2175.0,2180.0,21014
202608191300,2180.0,2180.0,2170.0,2175.0,31509
202608191315,2170.0,2185.0,2165.0,2180.0,38177
202608191330,2180.0,2185.0,2175.0,2177.0,30107
202608191345,2180.0,2180.0,2170.0,2175.0,39732
202608191400,2175.0,2190.0,2160.0,2180.0,79861
202608191415,2175.0,2185.0,2160.0,2185.0,146102
202608191430,2185.0,2185.0,2155.0,2165.0,101836
202608191445,2165.0,2170.0,2155.0,2160.0,48837
202608191500,2160.0,2165.0,2150.0,2160.0,66154
202608191515,2165.0,2175.0,2155.0,2165.0,72365
202608200900,2470.0,2535.0,2360.0,2385.0,4021727
202608200915,2390.0,2810.0,2380.0,2810.0,5481671
202608200930,2810.0,2810.0,2810.0,2810.0,351375
202608200945,2810.0,2810.0,2810.0,2810.0,189129
202608201000,2810.0,2810.0,2810.0,2810.0,71409
202608201015,2810.0,2810.0,2810.0,2810.0,134314
202608201030,2810.0,2810.0,2810.0,2810.0,71845
202608201045,2810.0,2810.0,2810.0,2810.0,41301
202608201100,2810.0,2810.0,2810.0,2810.0,65360
202608201115,2810.0,2810.0,2810.0,2810.0,85845
202608201130,2810.0,2810.0,2810.0,2810.0,77238
202608201145,2810.0,2810.0,2810.0,2810.0,52762
202608201200,2810.0,2810.0,2810.0,2810.0,26469
202608201215,2810.0,2810.0,2810.0,2810.0,17400
202608201230,2810.0,2810.0,2810.0,2810.0,22193
202608201245,2810.0,2810.0,2810.0,2810.0,28288
202608201300,2810.0,2810.0,2810.0,2810.0,44859
202608201315,2810.0,2810.0,2810.0,2810.0,37489
202608201330,2810.0,2810.0,2810.0,2810.0,25498
202608201345,2810.0,2810.0,2810.0,2810.0,15723
202608201400,2810.0,2810.0,2810.0,2810.0,20631
202608201415,2810.0,2810.0,2810.0,2810.0,14472
202608201430,2810.0,2810.0,2810.0,2810.0,13391
202608201445,2810.0,2810.0,2810.0,2810.0,16828
202608201500,2810.0,2810.0,2810.0,2810.0,52984
202608201515,2810.0,2810.0,2810.0,2810.0,71696
202608210900,3025.0,3555.0,3000.0,3305.0,24590069
202608210915,3310.0,3345.0,3215.0,3235.0,7738764
202608210930,3230.0,3335.0,3215.0,3325.0,6364377
202608210945,3320.0,3345.0,3180.0,3185.0,5239946
202608211000,3180.0,3185.0,3115.0,3160.0,3882805
202608211015,3155.0,3190.0,3070.0,3100.0,3116632
202608211030,3100.0,3110.0,3045.0,3050.0,2284643
202608211045,3050.0,3090.0,3000.0,3010.0,2434891
202608211100,3005.0,3040.0,2965.0,3010.0,2506945
202608211115,3010.0,3035.0,2990.0,3005.0,935868
202608211130,3005.0,3015.0,2980.0,3000.0,865777
202608211145,2995.0,3040.0,2965.0,3035.0,1156900
202608211200,3030.0,3075.0,3020.0,3045.0,1752719
202608211215,3045.0,3055.0,3010.0,3050.0,927166
202608211230,3050.0,3075.0,3015.0,3020.0,1204872
202608211245,3020.0,3030.0,2970.0,2980.0,1299612
202608211300,2980.0,3020.0,2965.0,2980.0,935595
202608211315,2975.0,2995.0,2960.0,2960.0,951347
202608211330,2960.0,2965.0,2900.0,2905.0,1654936
202608211345,2905.0,2930.0,2865.0,2925.0,1630029
202608211400,2925.0,2940.0,2845.0,2850.0,1333672
202608211415,2855.0,2865.0,2820.0,2850.0,1328940
202608211430,2845.0,2900.0,2825.0,2895.0,962866
202608211445,2895.0,2935.0,2870.0,2935.0,1156243
202608211500,2935.0,2945.0,2900.0,2910.0,1187740
202608211515,2910.0,2955.0,2905.0,2955.0,1356091
202608240900,2880.0,2960.0,2825.0,2835.0,3096774
202608240915,2840.0,2880.0,2745.0,2750.0,2221251
202608240930,2755.0,2795.0,2745.0,2770.0,1058995
202608240945,2765.0,2785.0,2750.0,2770.0,576092
202608241000,2770.0,2785.0,2725.0,2755.0,763364
202608241015,2755.0,2765.0,2740.0,2745.0,299095
202608241030,2745.0,2750.0,2710.0,2725.0,549313
202608241045,2725.0,2730.0,2690.0,2695.0,668578
202608241100,2695.0,2700.0,2670.0,2680.0,683764
202608241115,2682.0,2700.0,2680.0,2695.0,234986
202608241130,2695.0,2725.0,2690.0,2725.0,324407
202608241145,2725.0,2725.0,2705.0,2720.0,199244
202608241200,2720.0,2725.0,2700.0,2710.0,181097
202608241215,2710.0,2710.0,2680.0,2685.0,234935
202608241230,2685.0,2685.0,2675.0,2680.0,200420
202608241245,2680.0,2695.0,2635.0,2635.0,1191132
202608241300,2635.0,2680.0,2630.0,2675.0,424535
202608241315,2675.0,2680.0,2645.0,2655.0,304069
202608241330,2650.0,2700.0,2650.0,2700.0,386582
202608241345,2690.0,2710.0,2680.0,2695.0,275705
202608241400,2695.0,2700.0,2685.0,2695.0,189921
202608241415,2695.0,2695.0,2685.0,2690.0,225983
202608241430,2685.0,2690.0,2672.0,2685.0,591589
202608241445,2680.0,2690.0,2675.0,2680.0,277322
202608241500,2680.0,2685.0,2675.0,2675.0,373083
202608241515,2675.0,2690.0,2670.0,2670.0,532212
202608250900,2585.0,2605.0,2515.0,2520.0,1615299
202608250915,2520.0,2630.0,2510.0,2605.0,1041394
202608250930,2605.0,2605.0,2550.0,2555.0,779809
202608250945,2555.0,2585.0,2540.0,2570.0,335436
202608251000,2565.0,2585.0,2555.0,2585.0,216892
202608251015,2585.0,2585.0,2565.0,2575.0,164862
202608251030,2580.0,2605.0,2570.0,2600.0,218779
202608251045,2597.0,2615.0,2585.0,2600.0,215363
202608251100,2605.0,2665.0,2600.0,2605.0,687501
202608251115,2607.0,2645.0,2605.0,2622.0,201434
202608251130,2622.0,2640.0,2610.0,2610.0,172122
202608251145,2610.0,2615.0,2580.0,2610.0,166881
202608251200,2615.0,2615.0,2600.0,2600.0,63741
202608251215,2600.0,2630.0,2600.0,2630.0,132392
202608251230,2630.0,2635.0,2605.0,2610.0,134566
202608251245,2610.0,2630.0,2600.0,2610.0,207049
202608251300,2610.0,2650.0,2610.0,2635.0,176838
202608251315,2635.0,2645.0,2630.0,2630.0,217433
202608251330,2630.0,2645.0,2620.0,2640.0,121673
202608251345,2640.0,2645.0,2620.0,2630.0,194156
202608251400,2630.0,2640.0,2620.0,2630.0,195917
202608251415,2630.0,2645.0,2625.0,2645.0,280262
202608251430,2645.0,2665.0,2640.0,2655.0,442966
202608251445,2650.0,2680.0,2650.0,2660.0,562775
202608251500,2660.0,2670.0,2645.0,2650.0,505102
202608251515,2650.0,2650.0,2630.0,2645.0,478255
202608260900,2650.0,2665.0,2600.0,2640.0,1342642
202608260915,2640.0,2720.0,2635.0,2660.0,1798463
202608260930,2650.0,2670.0,2620.0,2635.0,536147
202608260945,2635.0,2650.0,2595.0,2620.0,440549
202608261000,2620.0,2640.0,2610.0,2635.0,215797
202608261015,2635.0,2655.0,2630.0,2640.0,178307
202608261030,2640.0,2655.0,2625.0,2645.0,126563
202608261045,2645.0,2685.0,2625.0,2670.0,359909
202608261100,2670.0,2675.0,2650.0,2665.0,155261
202608261115,2670.0,2690.0,2665.0,2690.0,202046
202608261130,2690.0,2780.0,2675.0,2765.0,2479200
202608261145,2770.0,2785.0,2715.0,2725.0,2698578
202608261200,2725.0,2750.0,2705.0,2735.0,756251
202608261215,2740.0,2785.0,2715.0,2715.0,1361921
202608261230,2715.0,2720.0,2685.0,2695.0,859474
202608261245,2695.0,2715.0,2690.0,2690.0,479350
202608261300,2692.0,2695.0,2670.0,2690.0,360340
202608261315,2695.0,2705.0,2685.0,2690.0,162327
202608261330,2690.0,2695.0,2665.0,2670.0,253734
202608261345,2670.0,2685.0,2660.0,2670.0,266109
202608261400,2670.0,2675.0,2640.0,2645.0,403154
202608261415,2645.0,2650.0,2630.0,2650.0,300525
202608261430,2650.0,2675.0,2645.0,2670.0,217478
202608261445,2670.0,2675.0,2645.0,2655.0,299305
202608261500,2655.0,2665.0,2635.0,2640.0,293423
202608261515,2640.0,2650.0,2625.0,2625.0,483275
202608270900,2775.0,2775.0,2625.0,2635.0,2222245
202608270915,2630.0,2665.0,2625.0,2655.0,493700
202608270930,2655.0,2685.0,2645.0,2680.0,529211
202608270945,2680.0,2695.0,2635.0,2645.0,367663
202608271000,2650.0,2670.0,2635.0,2660.0,199773
202608271015,2655.0,2680.0,2645.0,2675.0,157172
202608271030,2675.0,2675.0,2645.0,2655.0,79409
202608271045,2655.0,2665.0,2640.0,2645.0,144818
202608271100,2650.0,2670.0,2645.0,2665.0,89913
202608271115,2665.0,2670.0,2645.0,2655.0,111344
202608271130,2650.0,2660.0,2645.0,2645.0,60378
202608271145,2650.0,2665.0,2645.0,2655.0,73037
202608271200,2655.0,2660.0,2645.0,2645.0,51089
202608271215,2650.0,2665.0,2645.0,2660.0,82423
202608271230,2660.0,2670.0,2655.0,2655.0,57843
202608271245,2665.0,2665.0,2650.0,2650.0,80883
202608271300,2655.0,2660.0,2645.0,2645.0,95368
202608271315,2645.0,2650.0,2640.0,2645.0,125020
202608271330,2645.0,2645.0,2625.0,2630.0,203768
202608271345,2630.0,2630.0,2610.0,2620.0,220836
202608271400,2615.0,2625.0,2610.0,2622.0,97172
202608271415,2622.0,2630.0,2615.0,2620.0,110636
202608271430,2615.0,2635.0,2610.0,2630.0,190555
202608271445,2630.0,2635.0,2620.0,2620.0,109530
202608271500,2620.0,2620.0,2605.0,2615.0,293487
202608271515,2615.0,2625.0,2610.0,2615.0,178586
202608280900,2620.0,2625.0,2595.0,2605.0,370264
202608280915,2610.0,2610.0,2570.0,2580.0,479935
202608280930,2580.0,2590.0,2575.0,2585.0,175282
202608280945,2585.0,2595.0,2565.0,2565.0,221699
202608281000,2565.0,2575.0,2560.0,2570.0,169103
202608281015,2570.0,2590.0,2570.0,2575.0,114716
202608281030,2575.0,2580.0,2560.0,2575.0,80892
202608281045,2575.0,2580.0,2560.0,2580.0,68780
202608281100,2580.0,2615.0,2575.0,2615.0,126418
202608281115,2615.0,2615.0,2597.0,2600.0,96625
202608281130,2600.0,2605.0,2585.0,2590.0,61152
202608281145,2590.0,2595.0,2580.0,2595.0,52599
202608281200,2595.0,2605.0,2590.0,2600.0,56316
202608281215,2600.0,2600.0,2590.0,2590.0,47166
202608281230,2590.0,2600.0,2585.0,2590.0,46020
202608281245,2590.0,2600.0,2580.0,2585.0,138540
202608281300,2585.0,2590.0,2585.0,2590.0,31552
202608281315,2590.0,2590.0,2570.0,2570.0,110863
202608281330,2575.0,2580.0,2570.0,2570.0,163325
202608281345,2570.0,2580.0,2570.0,2570.0,41841
202608281400,2575.0,2580.0,2570.0,2575.0,71946
202608281415,2575.0,2575.0,2565.0,2570.0,109763
202608281430,2570.0,2575.0,2560.0,2565.0,111376
202608281445,2565.0,2570.0,2555.0,2565.0,150676
202608281500,2565.0,2580.0,2560.0,2580.0,155579
202608281515,2580.0,2585.0,2570.0,2575.0,186556
202608310900,2490.0,2495.0,2435.0,2475.0,595813
202608310915,2475.0,2510.0,2465.0,2510.0,232199
202608310930,2510.0,2530.0,2495.0,2500.0,155525
202608310945,2500.0,2510.0,2480.0,2480.0,156169
202608311000,2480.0,2490.0,2465.0,2485.0,148700
202608311015,2485.0,2485.0,2470.0,2485.0,54934
202608311030,2485.0,2490.0,2475.0,2485.0,35886
202608311045,2485.0,2495.0,2480.0,2495.0,45931
202608311100,2495.0,2500.0,2490.0,2495.0,37020
202608311115,2495.0,2500.0,2480.0,2495.0,76394
202608311130,2495.0,2500.0,2490.0,2500.0,44744
202608311145,2500.0,2505.0,2495.0,2505.0,43745
202608311200,2500.0,2525.0,2500.0,2525.0,43617
202608311215,2520.0,2525.0,2510.0,2520.0,66648
202608311230,2520.0,2525.0,2510.0,2515.0,49734
202608311245,2515.0,2520.0,2510.0,2515.0,26689
202608311300,2515.0,2515.0,2505.0,2515.0,47786
202608311315,2515.0,2525.0,2510.0,2515.0,38717
202608311330,2515.0,2530.0,2510.0,2520.0,92822
202608311345,2520.0,2550.0,2520.0,2545.0,130549
202608311400,2545.0,2550.0,2535.0,2545.0,92545
202608311415,2550.0,2555.0,2545.0,2550.0,117321
202608311430,2545.0,2550.0,2530.0,2545.0,81789
202608311445,2550.0,2555.0,2545.0,2545.0,73343
202608311500,2545.0,2555.0,2540.0,2555.0,126608
202608311515,2550.0,2565.0,2550.0,2555.0,113986
202609010900,2525.0,2525.0,2485.0,2505.0,293039
202609010915,2505.0,2540.0,2500.0,2520.0,158046
202609010930,2530.0,2570.0,2525.0,2565.0,230122
202609010945,2565.0,2575.0,2535.0,2550.0,207656
202609011000,2550.0,2570.0,2545.0,2552.0,185976
202609011015,2555.0,2560.0,2530.0,2535.0,78050
202609011030,2535.0,2550.0,2520.0,2545.0,63029
202609011045,2545.0,2545.0,2525.0,2525.0,71521
202609011100,2525.0,2530.0,2520.0,2520.0,42809
202609011115,2525.0,2535.0,2520.0,2520.0,58476
202609011130,2520.0,2520.0,2505.0,2510.0,86593
202609011145,2510.0,2525.0,2505.0,2525.0,68591
202609011200,2525.0,2525.0,2515.0,2515.0,19673
202609011215,2517.0,2525.0,2505.0,2520.0,95768
202609011230,2515.0,2535.0,2515.0,2535.0,52517
202609011245,2535.0,2535.0,2525.0,2530.0,20518
202609011300,2530.0,2530.0,2510.0,2520.0,56785
202609011315,2520.0,2520.0,2510.0,2520.0,62218
202609011330,2515.0,2530.0,2515.0,2525.0,24477
202609011345,2525.0,2530.0,2520.0,2522.0,40220
202609011400,2520.0,2525.0,2505.0,2515.0,128133
202609011415,2520.0,2530.0,2515.0,2530.0,58907
202609011430,2525.0,2545.0,2525.0,2545.0,74998
202609011445,2545.0,2555.0,2540.0,2550.0,133987
202609011500,2550.0,2555.0,2535.0,2540.0,143332
202609011515,2535.0,2545.0,2535.0,2535.0,82103
202609020900,2465.0,2475.0,2445.0,2465.0,338723
202609020915,2470.0,2522.0,2460.0,2500.0,179100
202609020930,2505.0,2515.0,2480.0,2490.0,91936
202609020945,2495.0,2495.0,2475.0,2485.0,95530
202609021000,2485.0,2495.0,2480.0,2490.0,86850
202609021015,2490.0,2600.0,2485.0,2500.0,251653
202609021030,2500.0,2505.0,2475.0,2475.0,52028
202609021045,2480.0,2490.0,2465.0,2480.0,109250
202609021100,2480.0,2485.0,2465.0,2485.0,63152
202609021115,2480.0,2490.0,2470.0,2475.0,45940
202609021130,2470.0,2480.0,2465.0,2480.0,51933
202609021145,2475.0,2480.0,2465.0,2470.0,32873
202609021200,2470.0,2480.0,2460.0,2475.0,59241
202609021215,2475.0,2480.0,2470.0,2470.0,18200
202609021230,2470.0,2480.0,2465.0,2475.0,47142
202609021245,2475.0,2475.0,2460.0,2465.0,55850
202609021300,2465.0,2465.0,2445.0,2450.0,178878
202609021315,2455.0,2462.0,2445.0,2455.0,61442
202609021330,2455.0,2460.0,2450.0,2450.0,34194
202609021345,2450.0,2455.0,2445.0,2450.0,51312
202609021400,2455.0,2455.0,2445.0,2455.0,48627
202609021415,2455.0,2470.0,2450.0,2470.0,90375
202609021430,2470.0,2470.0,2460.0,2465.0,33234
202609021445,2465.0,2465.0,2455.0,2460.0,49742
202609021500,2460.0,2460.0,2435.0,2440.0,211626
202609021515,2445.0,2445.0,2430.0,2430.0,118191
202609030900,2455.0,2465.0,2385.0,2400.0,355771
202609030915,2405.0,2425.0,2380.0,2405.0,213892
202609030930,2405.0,2435.0,2400.0,2430.0,86527
202609030945,2430.0,2445.0,2420.0,2440.0,91670
202609031000,2435.0,2455.0,2435.0,2440.0,102250
202609031015,2440.0,2455.0,2430.0,2435.0,97874
202609031030,2435.0,2455.0,2430.0,2445.0,78056
202609031045,2447.0,2450.0,2430.0,2445.0,142371
202609031100,2450.0,2450.0,2435.0,2445.0,67023
202609031115,2445.0,2465.0,2440.0,2460.0,127645
202609031130,2460.0,2460.0,2435.0,2435.0,42235
202609031145,2440.0,2450.0,2430.0,2450.0,59966
202609031200,2450.0,2460.0,2435.0,2455.0,68493
202609031215,2450.0,2470.0,2450.0,2465.0,99932
202609031230,2460.0,2470.0,2455.0,2460.0,35790
202609031245,2460.0,2460.0,2445.0,2455.0,43822
202609031300,2455.0,2465.0,2450.0,2465.0,42808
202609031315,2465.0,2465.0,2450.0,2455.0,46547
202609031330,2455.0,2455.0,2445.0,2450.0,27894
202609031345,2450.0,2455.0,2440.0,2445.0,42533
202609031400,2445.0,2445.0,2410.0,2415.0,197680
202609031415,2415.0,2415.0,2360.0,2390.0,529386
202609031430,2390.0,2405.0,2385.0,2395.0,89008
202609031445,2395.0,2420.0,2390.0,2420.0,142298
202609031500,2420.0,2420.0,2410.0,2420.0,58834
202609031515,2420.0,2420.0,2400.0,2400.0,104846
202609040900,2440.0,2480.0,2435.0,2440.0,309293
202609040915,2440.0,2465.0,2440.0,2465.0,117505
202609040930,2465.0,2470.0,2435.0,2435.0,108707
202609040945,2435.0,2445.0,2420.0,2425.0,113099
202609041000,2425.0,2435.0,2415.0,2425.0,86534
202609041015,2425.0,2430.0,2405.0,2410.0,158049
202609041030,2405.0,2430.0,2405.0,2430.0,62310
202609041045,2430.0,2440.0,2420.0,2440.0,70981
202609041100,2440.0,2455.0,2435.0,2445.0,100842
202609041115,2445.0,2447.0,2430.0,2440.0,46102
202609041130,2435.0,2445.0,2430.0,2440.0,43499
202609041145,2440.0,2450.0,2430.0,2435.0,77986
202609041200,2435.0,2445.0,2430.0,2430.0,15337
202609041215,2430.0,2440.0,2430.0,2430.0,34396
202609041230,2430.0,2445.0,2430.0,2440.0,50834
202609041245,2440.0,2445.0,2435.0,2435.0,23173
202609041300,2435.0,2445.0,2430.0,2440.0,27944
202609041315,2440.0,2440.0,2415.0,2425.0,72669
202609041330,2425.0,2440.0,2420.0,2430.0,42183
202609041345,2430.0,2430.0,2415.0,2425.0,51585
202609041400,2430.0,2430.0,2420.0,2420.0,41457
202609041415,2425.0,2435.0,2420.0,2425.0,69800
202609041430,2425.0,2435.0,2425.0,2425.0,39703
202609041445,2430.0,2435.0,2420.0,2430.0,60344
202609041500,2425.0,2435.0,2420.0,2430.0,70857
202609041515,2430.0,2435.0,2420.0,2430.0,62394
202609070900,2465.0,2495.0,2455.0,2490.0,409284
202609070915,2490.0,2515.0,2470.0,2470.0,432015
202609070930,2470.0,2485.0,2465.0,2480.0,145392
202609070945,2480.0,2485.0,2470.0,2475.0,78517
202609071000,2480.0,2480.0,2465.0,2470.0,113507
202609071015,2470.0,2480.0,2465.0,2480.0,43744
202609071030,2480.0,2480.0,2465.0,2470.0,50958
202609071045,2470.0,2475.0,2465.0,2475.0,54659
202609071100,2475.0,2475.0,2465.0,2470.0,30502
202609071115,2465.0,2470.0,2460.0,2470.0,51880
202609071130,2470.0,2480.0,2470.0,2475.0,29335
202609071145,2475.0,2480.0,2470.0,2475.0,36346
202609071200,2475.0,2475.0,2470.0,2475.0,26219
202609071215,2475.0,2480.0,2475.0,2480.0,32215
202609071230,2480.0,2480.0,2470.0,2475.0,25518
202609071245,2475.0,2475.0,2470.0,2475.0,23353
202609071300,2475.0,2475.0,2465.0,2470.0,46944
202609071315,2470.0,2475.0,2465.0,2475.0,42334
202609071330,2475.0,2480.0,2465.0,2470.0,53871
202609071345,2470.0,2480.0,2465.0,2480.0,95788
202609071400,2480.0,2480.0,2465.0,2470.0,65649
202609071415,2470.0,2470.0,2460.0,2465.0,58960
202609071430,2465.0,2470.0,2460.0,2470.0,89427
202609071445,2470.0,2470.0,2460.0,2465.0,51438
202609071500,2465.0,2465.0,2450.0,2455.0,156519
202609071515,2455.0,2460.0,2450.0,2460.0,141288
202609080900,2440.0,2460.0,2430.0,2435.0,395893
202609080915,2435.0,2445.0,2425.0,2435.0,252200
202609080930,2435.0,2435.0,2415.0,2415.0,273317
202609080945,2420.0,2440.0,2415.0,2440.0,187142
202609081000,2440.0,2465.0,2435.0,2455.0,170453
202609081015,2455.0,2455.0,2440.0,2455.0,100688
202609081030,2455.0,2485.0,2450.0,2480.0,222022
202609081045,2475.0,2480.0,2465.0,2480.0,152646
202609081100,2480.0,2480.0,2470.0,2475.0,72955
202609081115,2475.0,2490.0,2470.0,2480.0,151213
202609081130,2485.0,2485.0,2475.0,2485.0,122691
202609081145,2480.0,2485.0,2470.0,2475.0,74732
202609081200,2475.0,2485.0,2470.0,2475.0,52058
202609081215,2480.0,2485.0,2475.0,2485.0,43739
202609081230,2480.0,2485.0,2475.0,2480.0,88829
202609081245,2480.0,2490.0,2475.0,2480.0,78601
202609081300,2485.0,2490.0,2470.0,2485.0,123604
202609081315,2490.0,2500.0,2485.0,2500.0,158349
202609081330,2497.0,2505.0,2490.0,2495.0,180440
202609081345,2495.0,2500.0,2490.0,2490.0,55826
202609081400,2490.0,2495.0,2475.0,2475.0,104124
202609081415,2475.0,2500.0,2475.0,2485.0,97583
202609081430,2490.0,2510.0,2485.0,2495.0,350173
202609081445,2495.0,2505.0,2470.0,2470.0,207993
202609081500,2475.0,2480.0,2450.0,2460.0,211588
202609081515,2465.0,2465.0,2455.0,2460.0,74603
202609090900,2460.0,2495.0,2460.0,2490.0,254439
202609090915,2490.0,2510.0,2480.0,2495.0,239686
202609090930,2490.0,2510.0,2490.0,2505.0,196606
202609090945,2505.0,2535.0,2500.0,2535.0,397659
202609091000,2535.0,2540.0,2510.0,2510.0,229278
202609091015,2510.0,2520.0,2505.0,2510.0,147620
202609091030,2505.0,2520.0,2500.0,2520.0,96426
202609091045,2515.0,2520.0,2500.0,2515.0,90457
202609091100,2515.0,2515.0,2500.0,2515.0,42800
202609091115,2515.0,2515.0,2495.0,2510.0,84646
202609091130,2510.0,2515.0,2505.0,2515.0,71718
202609091145,2515.0,2520.0,2510.0,2510.0,48189
202609091200,2510.0,2515.0,2485.0,2490.0,118923
202609091215,2490.0,2495.0,2480.0,2490.0,74538
202609091230,2495.0,2505.0,2490.0,2500.0,60388
202609091245,2500.0,2500.0,2480.0,2485.0,63306
202609091300,2485.0,2500.0,2480.0,2500.0,54773
202609091315,2500.0,2510.0,2490.0,2510.0,55264
202609091330,2505.0,2510.0,2485.0,2510.0,69567
202609091345,2505.0,2510.0,2500.0,2510.0,37551
202609091400,2505.0,2515.0,2495.0,2510.0,60382
202609091415,2510.0,2510.0,2490.0,2505.0,73326
202609091430,2505.0,2510.0,2500.0,2510.0,65942
202609091445,2510.0,2515.0,2500.0,2510.0,75782
202609091500,2510.0,2515.0,2500.0,2505.0,67740
202609091515,2510.0,2515.0,2505.0,2515.0,57964
202609100900,2510.0,2510.0,2455.0,2465.0,247903
202609100915,2475.0,2490.0,2460.0,2470.0,96550
202609100930,2470.0,2475.0,2435.0,2440.0,189892
202609100945,2440.0,2450.0,2420.0,2435.0,219902
202609101000,2435.0,2435.0,2410.0,2420.0,184226
202609101015,2420.0,2445.0,2410.0,2425.0,118585
202609101030,2425.0,2430.0,2390.0,2395.0,308614
202609101045,2395.0,2405.0,2370.0,2395.0,387492
202609101100,2395.0,2400.0,2385.0,2390.0,186829
202609101115,2385.0,2395.0,2380.0,2390.0,221596
202609101130,2395.0,2410.0,2390.0,2405.0,212429
202609101145,2410.0,2420.0,2400.0,2415.0,245087
202609101200,2415.0,2435.0,2415.0,2425.0,250846
202609101215,2425.0,2425.0,2415.0,2425.0,134151
202609101230,2420.0,2420.0,2405.0,2415.0,177788
202609101245,2415.0,2430.0,2405.0,2415.0,290776
202609101300,2415.0,2415.0,2400.0,2400.0,134157
202609101315,2405.0,2430.0,2400.0,2430.0,248674
202609101330,2430.0,2435.0,2415.0,2425.0,197229
202609101345,2425.0,2435.0,2420.0,2430.0,177965
202609101400,2430.0,2435.0,2425.0,2430.0,202366
202609101415,2425.0,2440.0,2425.0,2435.0,219113
202609101430,2435.0,2460.0,2435.0,2460.0,325019
202609101445,2455.0,2470.0,2450.0,2465.0,320086
202609101500,2465.0,2470.0,2450.0,2460.0,244489
202609101515,2460.0,2470.0,2455.0,2460.0,855507
202609110900,2410.0,2470.0,2400.0,2430.0,278754
202609110915,2435.0,2450.0,2410.0,2440.0,80919
202609110930,2440.0,2445.0,2410.0,2415.0,74704
202609110945,2415.0,2430.0,2410.0,2420.0,61043
202609111000,2415.0,2435.0,2410.0,2425.0,48962
202609111015,2430.0,2430.0,2420.0,2425.0,43416
202609111030,2425.0,2435.0,2420.0,2432.0,48728
202609111045,2430.0,2432.0,2415.0,2430.0,73764
202609111100,2430.0,2440.0,2425.0,2430.0,44984
202609111115,2435.0,2440.0,2425.0,2435.0,25765
202609111130,2430.0,2435.0,2420.0,2420.0,41952
202609111145,2425.0,2430.0,2420.0,2425.0,23495
202609111200,2425.0,2425.0,2410.0,2415.0,70787
202609111215,2410.0,2420.0,2405.0,2405.0,100401
202609111230,2410.0,2415.0,2405.0,2415.0,46888
202609111245,2415.0,2415.0,2410.0,2415.0,27903
202609111300,2415.0,2420.0,2410.0,2415.0,26724
202609111315,2415.0,2420.0,2410.0,2420.0,46838
202609111330,2415.0,2420.0,2410.0,2415.0,16977
202609111345,2415.0,2420.0,2410.0,2415.0,29051
202609111400,2412.0,2415.0,2405.0,2405.0,67491
202609111415,2410.0,2410.0,2400.0,2400.0,73637
202609111430,2405.0,2415.0,2400.0,2405.0,20932
202609111445,2410.0,2420.0,2405.0,2420.0,46025
202609111500,2415.0,2420.0,2405.0,2415.0,85423
202609111515,2415.0,2420.0,2405.0,2405.0,89581
202609140900,2350.0,2400.0,2340.0,2380.0,141775
202609140915,2390.0,2395.0,2370.0,2375.0,88248
202609140930,2375.0,2385.0,2350.0,2375.0,86107
202609140945,2380.0,2380.0,2360.0,2370.0,40503
202609141000,2370.0,2370.0,2350.0,2350.0,76365
202609141015,2350.0,2355.0,2340.0,2355.0,108824
202609141030,2355.0,2360.0,2350.0,2360.0,56561
202609141045,2360.0,2375.0,2350.0,2370.0,53731
202609141100,2375.0,2380.0,2365.0,2375.0,58855
202609141115,2375.0,2380.0,2370.0,2375.0,27353
202609141130,2375.0,2385.0,2370.0,2385.0,67529
202609141145,2385.0,2400.0,2385.0,2392.0,49677
202609141200,2392.0,2395.0,2385.0,2385.0,17778
202609141215,2395.0,2395.0,2380.0,2390.0,23919
202609141230,2395.0,2395.0,2380.0,2385.0,27430
202609141245,2390.0,2395.0,2380.0,2385.0,24083
202609141300,2390.0,2410.0,2380.0,2405.0,84264
202609141315,2405.0,2410.0,2390.0,2405.0,39368
202609141330,2405.0,2405.0,2390.0,2390.0,24528
202609141345,2395.0,2405.0,2390.0,2405.0,42825
202609141400,2405.0,2405.0,2380.0,2387.0,43578
202609141415,2385.0,2385.0,2380.0,2385.0,30040
202609141430,2380.0,2395.0,2375.0,2395.0,68631
202609141445,2390.0,2395.0,2375.0,2385.0,86737
202609141500,2385.0,2400.0,2380.0,2392.0,59844
202609141515,2390.0,2395.0,2380.0,2385.0,38243
202609150900,2385.0,2390.0,2360.0,2375.0,93559
202609150915,2370.0,2405.0,2370.0,2385.0,95021
202609150930,2385.0,2400.0,2375.0,2395.0,43478
202609150945,2390.0,2395.0,2380.0,2385.0,21910
202609151000,2385.0,2400.0,2380.0,2400.0,44182
202609151015,2400.0,2400.0,2390.0,2390.0,35241
202609151030,2390.0,2400.0,2380.0,2385.0,33197
202609151045,2385.0,2385.0,2380.0,2385.0,36458
202609151100,2385.0,2395.0,2380.0,2390.0,34035
202609151115,2385.0,2400.0,2385.0,2400.0,20333
202609151130,2400.0,2400.0,2390.0,2400.0,22782
202609151145,2395.0,2400.0,2390.0,2395.0,38127
202609151200,2395.0,2395.0,2385.0,2390.0,10643
202609151215,2390.0,2395.0,2385.0,2385.0,13493
202609151230,2385.0,2395.0,2385.0,2385.0,6696
202609151245,2390.0,2390.0,2380.0,2380.0,14264
202609151300,2385.0,2385.0,2370.0,2375.0,67445
202609151315,2375.0,2380.0,2340.0,2355.0,155123
202609151330,2350.0,2360.0,2340.0,2355.0,40590
202609151345,2355.0,2355.0,2340.0,2345.0,46736
202609151400,2345.0,2345.0,2335.0,2340.0,46581
202609151415,2340.0,2340.0,2330.0,2340.0,38912
202609151430,2340.0,2355.0,2335.0,2355.0,51439
202609151445,2355.0,2365.0,2350.0,2355.0,28140
202609151500,2355.0,2355.0,2345.0,2350.0,22035
202609151515,2350.0,2350.0,2345.0,2350.0,41240
202609160900,2340.0,2375.0,2315.0,2340.0,146171
202609160915,2340.0,2345.0,2325.0,2345.0,56471
202609160930,2345.0,2345.0,2330.0,2335.0,34686
202609160945,2335.0,2340.0,2310.0,2325.0,112794
202609161000,2320.0,2325.0,2305.0,2320.0,143917
202609161015,2320.0,2330.0,2305.0,2330.0,30626
202609161030,2330.0,2335.0,2315.0,2325.0,34011
202609161045,2325.0,2325.0,2315.0,2320.0,26074
202609161100,2320.0,2335.0,2315.0,2325.0,47304
202609161115,2325.0,2335.0,2320.0,2330.0,10880
202609161130,2330.0,2335.0,2325.0,2330.0,10811
202609161145,2325.0,2330.0,2310.0,2325.0,89976
202609161200,2325.0,2335.0,2320.0,2335.0,56422
202609161215,2335.0,2335.0,2325.0,2335.0,19272
202609161230,2335.0,2340.0,2320.0,2340.0,40209
202609161245,2335.0,2355.0,2335.0,2345.0,37375
202609161300,2345.0,2350.0,2335.0,2342.0,26112
202609161315,2342.0,2350.0,2340.0,2340.0,16415
202609161330,2340.0,2350.0,2335.0,2340.0,12376
202609161345,2340.0,2345.0,2325.0,2330.0,28971
202609161400,2330.0,2340.0,2325.0,2325.0,15965
202609161415,2325.0,2335.0,2320.0,2325.0,34676
202609161430,2330.0,2340.0,2325.0,2325.0,23709
202609161445,2325.0,2340.0,2320.0,2325.0,51196
202609161500,2325.0,2335.0,2320.0,2330.0,57589
202609161515,2330.0,2345.0,2325.0,2335.0,55021
202609170900,2330.0,2375.0,2330.0,2350.0,217818
202609170915,2350.0,2355.0,2340.0,2355.0,69995
202609170930,2355.0,2355.0,2345.0,2350.0,47789
202609170945,2355.0,2355.0,2345.0,2345.0,61588
202609171000,2350.0,2370.0,2345.0,2370.0,103224
202609171015,2370.0,2370.0,2360.0,2365.0,27279
202609171030,2365.0,2370.0,2360.0,2370.0,46977
202609171045,2365.0,2370.0,2360.0,2365.0,35826
202609171100,2365.0,2370.0,2355.0,2360.0,72062
202609171115,2365.0,2365.0,2360.0,2365.0,29434
202609171130,2365.0,2370.0,2360.0,2365.0,67196
202609171145,2370.0,2370.0,2365.0,2370.0,5993
202609171200,2370.0,2375.0,2365.0,2375.0,78929
202609171215,2375.0,2375.0,2370.0,2370.0,13115
202609171230,2370.0,2380.0,2365.0,2375.0,83815
202609171245,2375.0,2385.0,2375.0,2385.0,82024
202609171300,2385.0,2390.0,2385.0,2385.0,44181
202609171315,2390.0,2395.0,2385.0,2385.0,62666
202609171330,2390.0,2390.0,2375.0,2380.0,27306
202609171345,2380.0,2385.0,2375.0,2380.0,17940
202609171400,2380.0,2380.0,2365.0,2367.0,31106
202609171415,2367.0,2370.0,2360.0,2365.0,42114
202609171430,2365.0,2365.0,2350.0,2355.0,36601
202609171445,2355.0,2355.0,2340.0,2345.0,47926
202609171500,2350.0,2355.0,2340.0,2340.0,95711
202609171515,2340.0,2345.0,2335.0,2340.0,53528
202609180900,2395.0,2400.0,2360.0,2370.0,174330
202609180915,2370.0,2380.0,2360.0,2370.0,83000
202609180930,2370.0,2380.0,2365.0,2370.0,45945
202609180945,2365.0,2375.0,2350.0,2355.0,141143
202609181000,2355.0,2360.0,2350.0,2355.0,26873
202609181015,2350.0,2360.0,2350.0,2355.0,53798
202609181030,2360.0,2370.0,2350.0,2370.0,51031
202609181045,2370.0,2370.0,2360.0,2365.0,14187
202609181100,2365.0,2370.0,2360.0,2370.0,8645
202609181115,2365.0,2370.0,2365.0,2365.0,40840
202609181130,2370.0,2380.0,2365.0,2375.0,45743
202609181145,2375.0,2375.0,2365.0,2370.0,12602
202609181200,2370.0,2375.0,2365.0,2365.0,19318
202609181215,2365.0,2375.0,2365.0,2370.0,45437
202609181230,2370.0,2375.0,2365.0,2370.0,38874
202609181245,2370.0,2375.0,2360.0,2365.0,32091
202609181300,2365.0,2375.0,2360.0,2365.0,31199
202609181315,2365.0,2370.0,2360.0,2370.0,21938
202609181330,2370.0,2370.0,2365.0,2370.0,25086
202609181345,2370.0,2375.0,2365.0,2370.0,27112
202609181400,2370.0,2375.0,2365.0,2370.0,34800
202609181415,2370.0,2375.0,2365.0,2370.0,19955
202609181430,2370.0,2370.0,2360.0,2365.0,54834
202609181445,2365.0,2365.0,2355.0,2360.0,53283
202609181500,2360.0,2360.0,2350.0,2350.0,80126
202609181515,2350.0,2355.0,2340.0,2350.0,125888
202609210900,2340.0,2355.0,2330.0,2340.0,113232
202609210915,2340.0,2345.0,2335.0,2345.0,67477
202609210930,2345.0,2355.0,2340.0,2355.0,77785
202609210945,2355.0,2365.0,2355.0,2360.0,104861
202609211000,2360.0,2395.0,2355.0,2390.0,132470
202609211015,2390.0,2395.0,2370.0,2380.0,72271
202609211030,2382.0,2400.0,2380.0,2395.0,139710
202609211045,2395.0,2400.0,2385.0,2390.0,94132
202609211100,2390.0,2400.0,2385.0,2395.0,60920
202609211115,2395.0,2400.0,2390.0,2400.0,46616
202609211130,2400.0,2410.0,2385.0,2395.0,115574
202609211145,2395.0,2400.0,2390.0,2397.0,34381
202609211200,2395.0,2400.0,2390.0,2390.0,43186
202609211215,2390.0,2400.0,2390.0,2400.0,25713
202609211230,2400.0,2405.0,2390.0,2400.0,70121
202609211245,2402.0,2405.0,2395.0,2400.0,31586
202609211300,2400.0,2405.0,2395.0,2400.0,34538
202609211315,2400.0,2400.0,2390.0,2395.0,32010
202609211330,2395.0,2395.0,2385.0,2385.0,22278
202609211345,2385.0,2390.0,2380.0,2380.0,51546
202609211400,2380.0,2385.0,2380.0,2380.0,10642
202609211415,2380.0,2385.0,2365.0,2375.0,40462
202609211430,2375.0,2380.0,2365.0,2375.0,32445
202609211445,2370.0,2380.0,2365.0,2380.0,22456
202609211500,2375.0,2385.0,2375.0,2380.0,39263
202609211515,2385.0,2390.0,2380.0,2380.0,32484
202609220900,2455.0,2485.0,2410.0,2420.0,625870
202609220915,2420.0,2435.0,2405.0,2430.0,191947
202609220930,2430.0,2430.0,2405.0,2410.0,111580
202609220945,2405.0,2415.0,2405.0,2410.0,109130
202609221000,2405.0,2410.0,2395.0,2410.0,124746
202609221015,2400.0,2410.0,2380.0,2390.0,150046
202609221030,2390.0,2395.0,2380.0,2395.0,50750
202609221045,2395.0,2395.0,2375.0,2385.0,155073
202609221100,2385.0,2395.0,2370.0,2380.0,215972
202609221115,2375.0,2380.0,2370.0,2375.0,65870
202609221130,2375.0,2380.0,2370.0,2380.0,50416
202609221145,2380.0,2380.0,2365.0,2370.0,93816
202609221200,2370.0,2370.0,2360.0,2365.0,59896
202609221215,2365.0,2380.0,2365.0,2375.0,66425
202609221230,2375.0,2375.0,2365.0,2370.0,50566
202609221245,2372.0,2375.0,2345.0,2350.0,257154
202609221300,2350.0,2360.0,2345.0,2345.0,75697
202609221315,2350.0,2350.0,2340.0,2350.0,70104
202609221330,2350.0,2350.0,2335.0,2340.0,64828
202609221345,2340.0,2340.0,2327.0,2327.0,125843
202609221400,2327.0,2340.0,2315.0,2335.0,50601
202609221415,2335.0,2340.0,2325.0,2330.0,37228
202609221430,2325.0,2335.0,2320.0,2330.0,88893
202609221445,2330.0,2340.0,2325.0,2330.0,92128
202609221500,2335.0,2335.0,2330.0,2335.0,104165
202609221515,2335.0,2335.0,2330.0,2335.0,54097
202609230900,2350.0,2365.0,2335.0,2365.0,263304
202609230915,2365.0,2375.0,2355.0,2370.0,110217
202609230930,2370.0,2375.0,2360.0,2362.0,39236
202609230945,2360.0,2365.0,2350.0,2355.0,85120
202609231000,2355.0,2355.0,2340.0,2355.0,69006
202609231015,2355.0,2360.0,2340.0,2350.0,29319
202609231030,2350.0,2350.0,2335.0,2340.0,18493
202609231045,2340.0,2340.0,2330.0,2340.0,56361
202609231100,2340.0,2345.0,2335.0,2340.0,33347
202609231115,2340.0,2340.0,2330.0,2340.0,20943
202609231130,2340.0,2340.0,2330.0,2335.0,23715
202609231145,2335.0,2335.0,2330.0,2330.0,8881
202609231200,2330.0,2335.0,2330.0,2335.0,25734
202609231215,2335.0,2335.0,2325.0,2330.0,55363
202609231230,2330.0,2335.0,2330.0,2335.0,17028
202609231245,2335.0,2340.0,2330.0,2335.0,29225
202609231300,2335.0,2337.0,2330.0,2335.0,14093
202609231315,2335.0,2335.0,2325.0,2330.0,35675
202609231330,2330.0,2330.0,2325.0,2330.0,19248
202609231345,2330.0,2335.0,2325.0,2327.0,19395
202609231400,2330.0,2330.0,2325.0,2325.0,19970
202609231415,2330.0,2330.0,2320.0,2325.0,48392
202609231430,2325.0,2325.0,2320.0,2325.0,48855
202609231445,2325.0,2325.0,2320.0,2325.0,28633
202609231500,2325.0,2325.0,2315.0,2320.0,86777
202609231515,2317.0,2320.0,2315.0,2320.0,36908
202609280900,2280.0,2315.0,2280.0,2310.0,231918
202609280915,2310.0,2335.0,2300.0,2325.0,116795
202609280930,2330.0,2340.0,2320.0,2330.0,58608
202609280945,2330.0,2335.0,2320.0,2330.0,61305
202609281000,2330.0,2335.0,2325.0,2330.0,40229
202609281015,2330.0,2330.0,2320.0,2325.0,30886
202609281030,2330.0,2330.0,2320.0,2325.0,23570
202609281045,2325.0,2325.0,2310.0,2310.0,45891
202609281100,2315.0,2315.0,2305.0,2310.0,45900
202609281115,2315.0,2315.0,2305.0,2310.0,20549
202609281130,2315.0,2315.0,2300.0,2310.0,58334
202609281145,2310.0,2310.0,2305.0,2310.0,19062
202609281200,2305.0,2320.0,2305.0,2315.0,31690
202609281215,2315.0,2315.0,2305.0,2315.0,14777
202609281230,2310.0,2315.0,2305.0,2310.0,14050
202609281245,2310.0,2310.0,2305.0,2310.0,18854
202609281300,2310.0,2320.0,2305.0,2315.0,46953
202609281315,2315.0,2325.0,2315.0,2315.0,39425
202609281330,2320.0,2325.0,2315.0,2325.0,10613
202609281345,2325.0,2325.0,2310.0,2315.0,15769
202609281400,2315.0,2315.0,2310.0,2315.0,18195
202609281415,2315.0,2320.0,2305.0,2310.0,40796
202609281430,2310.0,2315.0,2295.0,2300.0,63197
202609281445,2295.0,2300.0,2295.0,2300.0,41748
202609281500,2300.0,2300.0,2290.0,2295.0,103649
202609281515,2295.0,2305.0,2290.0,2305.0,28868
202609290900,2275.0,2285.0,2260.0,2270.0,146840
202609290915,2270.0,2275.0,2260.0,2265.0,159578
202609290930,2265.0,2270.0,2255.0,2260.0,51007
202609290945,2260.0,2265.0,2240.0,2245.0,149247
202609291000,2245.0,2255.0,2245.0,2250.0,49475
202609291015,2250.0,2255.0,2245.0,2255.0,35407
202609291030,2250.0,2265.0,2250.0,2260.0,52714
202609291045,2265.0,2265.0,2260.0,2265.0,28667
202609291100,2260.0,2265.0,2255.0,2260.0,24032
202609291115,2260.0,2260.0,2255.0,2260.0,9152
202609291130,2260.0,2260.0,2250.0,2250.0,25036
202609291145,2255.0,2260.0,2255.0,2255.0,6800
202609291200,2260.0,2260.0,2250.0,2250.0,24659
202609291215,2255.0,2265.0,2250.0,2260.0,79549
202609291230,2255.0,2265.0,2255.0,2265.0,16782
202609291245,2265.0,2265.0,2260.0,2265.0,41253
202609291300,2265.0,2265.0,2250.0,2250.0,51886
202609291315,2250.0,2260.0,2245.0,2250.0,25518
202609291330,2250.0,2255.0,2245.0,2255.0,21732
202609291345,2255.0,2255.0,2250.0,2255.0,17742
202609291400,2255.0,2255.0,2250.0,2255.0,27049
202609291415,2255.0,2255.0,2250.0,2255.0,21659
202609291430,2255.0,2255.0,2240.0,2250.0,77954
202609291445,2250.0,2250.0,2240.0,2250.0,26332
202609291500,2250.0,2270.0,2245.0,2260.0,119917
202609291515,2265.0,2275.0,2260.0,2265.0,33794
202609300900,2285.0,2290.0,2275.0,2280.0,136545
202609300915,2280.0,2285.0,2275.0,2280.0,68299
202609300930,2280.0,2305.0,2280.0,2300.0,199304
202609300945,2305.0,2305.0,2290.0,2300.0,60827
202609301000,2300.0,2300.0,2280.0,2290.0,29392
202609301015,2290.0,2300.0,2285.0,2295.0,38975
202609301030,2290.0,2300.0,2290.0,2290.0,44749
202609301045,2285.0,2300.0,2285.0,2300.0,62836
202609301100,2300.0,2300.0,2285.0,2290.0,39338
202609301115,2290.0,2290.0,2275.0,2290.0,30890
202609301130,2285.0,2290.0,2270.0,2275.0,25293
202609301145,2275.0,2290.0,2275.0,2285.0,15617
202609301200,2280.0,2285.0,2275.0,2285.0,9972
202609301215,2280.0,2285.0,2270.0,2280.0,13546
202609301230,2280.0,2285.0,2275.0,2280.0,15249
202609301245,2280.0,2285.0,2275.0,2280.0,14034
202609301300,2275.0,2285.0,2270.0,2285.0,14740
202609301315,2285.0,2285.0,2275.0,2285.0,39763
202609301330,2285.0,2285.0,2275.0,2280.0,10597
202609301345,2280.0,2285.0,2275.0,2280.0,17368
202609301400,2280.0,2280.0,2265.0,2270.0,40478
202609301415,2267.0,2267.0,2255.0,2265.0,58385
202609301430,2260.0,2265.0,2255.0,2260.0,36817
202609301445,2260.0,2270.0,2255.0,2265.0,45639
202609301500,2265.0,2270.0,2260.0,2270.0,20211
202609301515,2270.0,2270.0,2260.0,2270.0,35618
202610010900,2265.0,2265.0,2200.0,2250.0,195917
202610010915,2245.0,2250.0,2235.0,2240.0,69543
202610010930,2245.0,2250.0,2235.0,2250.0,40015
202610010945,2250.0,2250.0,2235.0,2245.0,43206
202610011000,2245.0,2260.0,2240.0,2255.0,54952
202610011015,2255.0,2260.0,2250.0,2255.0,21792
202610011030,2260.0,2260.0,2250.0,2255.0,28679
202610011045,2255.0,2265.0,2250.0,2265.0,65670
202610011100,2265.0,2280.0,2265.0,2275.0,89087
202610011115,2275.0,2280.0,2270.0,2275.0,12110
202610011130,2275.0,2280.0,2270.0,2270.0,31362
202610011145,2270.0,2275.0,2270.0,2275.0,17072
202610011200,2275.0,2275.0,2270.0,2275.0,16578
202610011215,2270.0,2280.0,2270.0,2275.0,22128
202610011230,2280.0,2280.0,2270.0,2280.0,25785
202610011245,2275.0,2285.0,2275.0,2285.0,55639
202610011300,2280.0,2290.0,2280.0,2285.0,57086
202610011315,2285.0,2290.0,2280.0,2285.0,28578
202610011330,2285.0,2295.0,2285.0,2290.0,36626
202610011345,2290.0,2300.0,2285.0,2295.0,59540
202610011400,2295.0,2320.0,2290.0,2320.0,179268
202610011415,2315.0,2320.0,2300.0,2315.0,53506
202610011430,2315.0,2320.0,2310.0,2320.0,74733
202610011445,2320.0,2325.0,2315.0,2320.0,48477
202610011500,2320.0,2335.0,2320.0,2330.0,99528
202610011515,2330.0,2335.0,2325.0,2330.0,53506
202610020900,2315.0,2360.0,2315.0,2350.0,177072
202610020915,2340.0,2350.0,2335.0,2350.0,65236
202610020930,2350.0,2365.0,2335.0,2365.0,130356
202610020945,2360.0,2380.0,2360.0,2380.0,156729
202610021000,2380.0,2380.0,2355.0,2365.0,77240
202610021015,2365.0,2365.0,2320.0,2350.0,168633
202610021030,2350.0,2350.0,2325.0,2345.0,65512
202610021045,2345.0,2350.0,2335.0,2345.0,49959
202610021100,2345.0,2350.0,2340.0,2345.0,20107
202610021115,2345.0,2350.0,2340.0,2350.0,27859
202610021130,2350.0,2350.0,2345.0,2350.0,17308
202610021145,2350.0,2360.0,2345.0,2355.0,32947
202610021200,2360.0,2360.0,2345.0,2345.0,48980
202610021215,2345.0,2345.0,2335.0,2340.0,30112
202610021230,2335.0,2345.0,2335.0,2335.0,15342
202610021245,2335.0,2340.0,2330.0,2340.0,45122
202610021300,2340.0,2345.0,2330.0,2335.0,29767
202610021315,2335.0,2340.0,2330.0,2335.0,15882
202610021330,2340.0,2350.0,2340.0,2350.0,34510
202610021345,2350.0,2350.0,2340.0,2350.0,16966
202610021400,2350.0,2360.0,2345.0,2350.0,43170
202610021415,2350.0,2365.0,2350.0,2360.0,38577
202610021430,2360.0,2365.0,2355.0,2360.0,24827
202610021445,2355.0,2365.0,2345.0,2365.0,68740
202610021500,2365.0,2370.0,2355.0,2365.0,50702
202610021515,2365.0,2365.0,2360.0,2365.0,32227
